ID	GeneSymbol
139282	GAP43
131316	GPHN
108888	KIF21A
178946	CD1A
115338	CTNNA1
206927	SLA
139705	CASP14
223159	TSGA10IP
705915	MGC52000
135547	SLMAP
185825	HN1
202838	ZNF32
161158	FLJ23554
157905	RNF40
161075	F9
167465	POLR3A
105421	PIP3-E
168099	GALNT6
144248	CRTAC1
207283	HFE
235132	ZNF319
160223	MGC20460
188632	TIMELESS
232497	NOS3AS
208657	HTRA3
133973	SULT1C1
174485	LOC339745
148963	NR0B1
190555	CTSO
216971	FLJ90709
114607	LOC129285
103475	FLJ10979
198499	PTK2B
201953	GSN
139135	CSPG3
224053	TCEAL8
153552	RTTN
118556	SORCS2
144980	CLK4
195916	LILRA2
106765	OR52J3
178041	TMIE
112612	RBP2
102836	GPR133
128500	SERF1A,SERF1B
160378	ADPRH
100244	MPP6
120271	PTCD1
189490	NR3C2
152479	IDI2
141854	CA11
130884	NCAM1
182021	PAK3
162476	MGC40179
207250	FLJ10326
214951	ELA3B
152588	RPS3A
126665	RBMS2
226129	MRGX3
212011	RUTBC1
175262	XRN2
142147	FLJ39501
127816	EMCN
175877	EPHA7
111857	ZBTB10
118874	IFITM1
134482	LOC51236
183912	DGKE
191050	MAPKBP1
224390	RPS15
170092	KIAA0892
133475	KRTAP3-1
214357	DSCR4
193078	FAM36A
127546	PSME2
203496	ATRNL1
201771	C16orf46
205920	WDR26
206345	ANAPC11
100552	ATP5F1
106723	PCMT1
183516	HERPUD1
117284	FTHL16
159794	ANGPT4
199772	FAM20C
168643	SLC28A3
206102	LOC220070
158756	RNPC2
186923	PAPSS1
125249	HRBL
146543	ROBO4
236580	GPR125
106688	POLE
122985	INPP5F
153167	MID1IP1
149158	RRAD
164224	MGC4606
141183	TCEB1
130288	WDR7
179709	MGC61716
104099	FLJ14640
160263	HIST1H2BH
167690	KIAA0582
150703	EPS8L3
121011	ASNA1
202439	DC-UbP
141960	SSNA1
228111	KIAA2018
162103	RPS18
156250	ADORA3
166166	SARG
188235	MOG
131688	LSM7
206942	MID2
128790	GTF2H2
129934	MGC20255
200001	RAP1GDS1
188270	ITPK1
218997	MGC33887
221892	SIM2
133312	CDKL1
187815	BCAP31
192110	MGC26690
208199	DNAJC5
158554	FLJ23342
165585	NDUFS2
193278	RB1
174460	MORF4L2
190761	SPG3A
141916	RAB37
122155	SLA/LP
106378	P2RX5
104157	PEMT
183871	DKFZP564F0522
130789	CLEC3A
155263	FLJ40873
122550	ANKRA2
171678	OR8J3
179837	DCP2
223990	NEUROG2
206193	WDFY3
10687190	TAS2R49
138411	MRPL16
204019	ASTL
653518	OR2M2
169987	NXF2
120362	SCNN1B
107339	GFER
173362	AKAP8L
109505	CCR4
184788	C16orf9
165425	CENPE
232035	KIAA1729
125335	na,C1D
191854	FUT3
151697	KRTHB5
147148	HT017
222023	USP10
108274	CNTN4
216981	TAS2R7
124129	ZNF230
188291	PLCG2
128985	C6orf93
201484	PARP16
147920	CPEB1
112591	GPR97
189689	FGF17
102521	CR1,CR1L
164714	SELENBP1
106022	GTF3A
115418	LZTS2
162611	CD59
142089	TMOD4
185066	ITGB4BP
123375	GNMT
174392	THBS4
146527	ENDOG
186744	S100G
167436	DDX20
121242	PARN
105900	LOC51315
228198	OR1J2
125397	GSTM5
211410	ZNF573
147521	TPI1
105064	PEX12
141498	GLIS1
122466	CA13
194433	SLC22A11
177496	ZNF559
202801	NDP
119288	ZNFN1A4
139183	FAM49B
202598	CADPS
158269	TP53
155712	SHC3
489842	EIF4B
155137	C1orf36
190980	NR1H2
169639	DCTN6
107117	GLA
110453	IL4I1
197713	TEAD3
109122	SAMHD1
153865	FMO3
214094	RPL23A
124799	PRKCB1
206714	FLJ14442
158699	STAT4
177880	NR5A2
102709	BLMH
226421	ZNF439
184463	ZNF467
112193	MGC45780
145360	KCNJ6
199042	na,GGTL4,GGT2,GGT1
205035	STIM2
103239	PPP2R2B
208538	SCN4A
200193	NDUFA8
224478	ARHGEF7
164685	DDX51
208153	AMY2B
133431	TFE3
101754	TM9SF4
168386	FLJ45273
223149	KIAA0774
170467	SNAPAP
106362	SMAD9
217804	FLJ38377
201125	REPIN1
182329	SSBP2
160791	FER
203566	ANKRD17
118255	AYP1
150817	C16orf34
175499	ACY1L2
125930	CRI2
702228	SAMD7
177655	MGST3
109718	ZNF596
213878	HEL308
180472	LOC128153
142657	GDI1
106202	UXS1
201523	CAST
173482	SALL2
169116	KLK2
150785	PRKACG
153082	LHX1
138121	C1D
187395	MIST
105346	HIST1H2BO
197351	CXorf53
202177	HADHB
117856	TSTA3
192337	AMACR
204743	ID1
194856	FLJ40365
111918	SFTPB
167077	GABPA
166505	PF6
132194	ITGA6
181732	TNFSF4
117048	MRPL11
199502	KIAA1826
195445	DPT
159805	TIAM1
107802	C9orf116
113113	TCF7L2
234273	OR13A1
139386	KIAA0934
130826	CXorf36
184855	EXOC7
121345	FLJ39660
162961	MYO10
213439	WDR11
128620	MTF1
168565	CARF
172568	L3MBTL4
104207	PHF20
190517	GRINL1A
132348	FLJ10385
210498	CGN
138098	FLJ14627
156792	MELK
203360	GBGT1
174376	MAP1LC3A
129851	MGC52498
172734	AKR1CL1
156790	COL2A1
100890	OSBPL10
164929	RTKN
220747	IHPK2
115385	D21S2056E
152936	SLC43A1
210334	PPP1R13L
158321	CSNK2A1
407873	CSPG4
201099	USP14
195542	C14orf21
194177	FLJ21159
182307	FLJ20259
188773	na,RPL17
104707	FLJ33708
180305	KLPH
166592	FGD4
129694	KIAA1040
138703	OXSR1
115847	MS4A1
108230	HPRP8BP
210971	MAGEB4
235488	na,ENPP7
152002	GPR26
122823	TGDS
188609	GTF2E2
120662	TCTA
129829	RND3
125216	TMC7
105743	KIAA1008
107398	DOCK10
160673	VDP
176799	PSMAL,FOLH1
145487	GPAM
155780	ANK2
157342	NPD014
189271	LNX
137521	ITGAE
124107	RAB35
172008	FLJ32112
133511	CEBPE
182125	USP48
212042	RPS19
183982	FLJ20297
235154	GPR155
234266	IBRDC2
689720	KRTAP11-1
203038	GABRR1
215776	PBP
115926	DHCR24
158722	PIPOX
109859	C9orf98
202509	IGFBP1
148396	MGC5306
114299	ADAMTS19
199719	METTL2,FLJ12760
119049	RPL3
150454	ARVCF
203320	HIST1H1D
139011	RDH10
158297	TRAR3
171172	GNAQ
154578	C20orf52
671771	UPF3A
223959	FLJ32742
119323	BAT2
224271	WDR40B
190674	EIF3S8
206072	SELO
216437	HORMAD1
192662	OR52N4
145754	IL27RA
231372	na,ZA20D2
199798	C13orf11
164435	MYD88
145919	MMP7
695307	HPSE
124956	THAP6
207856	TRIM37
203663	STAT2
104760	BSPRY
204868	C11orf11
166400	NSUN5
223987	CILP2
125202	APITD1
175860	C6orf25
142887	KRTAP4-2
172292	CD37
159602	S100A12
120935	QSCN6
174203	ABAT
214753	na,RPS26
218380	HOXB6
178164	FLJ34633
134530	SKP1A
192529	KRTAP4-5
102213	SRD5A2L2
169878	TZFP
179164	TNFSF18
175473	CXorf41
144266	ACTR6
205644	PTE2B
233145	C14orf43
113868	LOC124491
117590	SMAP-1
210314	TBC1D4
208387	ARHGEF17
192539	SRGAP1
227652	PDE8B
204606	ARP3BETA
204141	SENP3
102718	MAPKAP1
151669	SLC13A5
208420	NRXN2
204651	UNG
122996	C11orf33
206251	ZBTB5
220588	FLJ14503
215784	C9orf26
165381	RHBDL2
157083	C6orf32
105582	ATP8B4
202346	KARS
123838	MSX1
190945	PTGES
193899	PPP1R13B
120399	na,PSG8,PSG1
125729	TSAP6
135701	ADAMTS17
221503	GBP3
194821	APAF1
222497	OVCA2,DPH2L1
187161	C10orf45
106160	PIGR
163166	MLF2
183881	PCDH11X
124377	SCIRP10
187430	ARMC2
174889	CEP1
196635	NPHS2
221769	LOC124842
210363	PPP1R3B
214502	KIF3A
134677	KIAA1407
181127	na,CES1
104119	FJX1
191595	AKAP6
235963	HSPA4L
260885	TORC3
217539	CNOT4
185207	CARD15
178658	KIAA1787
218140	PGBD3
168859	HDAC4
108672	HBD
159511	GNG3
115752	PDCD5
214774	UQCRFS1
225769	SLC29A3
196695	IER3
188703	ARHGAP5
154326	S100A6
174192	CRYGC
118592	FOXL2
172716	CLCN4
102491	SLC35E2
131021	ZNF262
228631	CKLFSF6
161914	FLJ36812
149674	TMEM16G
106094	BAZ2B
214331	HDHD2
152777	LENG5
144559	KIAA0082
142526	ADH4
112458	JAK2
206443	GNB1
172361	ZNF167
188400	ST8SIA2
180347	C13orf8
119968	ADAM29
172558	CPSF1
203109	DUSP12
144373	BG1
204179	SLC35A3
152328	GSS
123584	TOMM20
187925	ZNF354B
110402	FLJ13197
184278	PNKP
149817	SLC1A7
146514	PDLIM2
114133	DCBLD2
167559	IRF2
161642	SPATS2
163596	WNT8A
147853	PACRG
197694	CCDC10
193395	LOC55831
306070	ZMYND17
151549	CCT5
152140	FBXO2
210404	TNMD
148010	DNAJC3
216398	KCNK17
153663	FBXO9
204440	ACVR1
176172	FLJ11535
176362	MYST3
204200	SLC25A14
131054	TPT1
117382	FLJ11021
143319	PCSK1N
135966	C21orf124
170362	ZNF598
115708	KIF2
158079	LTB4R2
209180	MUC7
204939	KIAA0195
107651	SDR-O
161443	TFCP2
142210	RIN1
134236	GNL1
157605	CPNE6
141029	EIF4B
106038	REG4
215656	ITSN2
168268	KCTD3
205087	KIAA1622
213205	SNAP91
215679	LOC493856
119508	RBAF600
128960	PTPDC1
143857	FLJ46061
209146	KIAA0523
174051	NR0B2
181728	ALDH1A2
203347	ENAM
114098	RBP4
214930	AKAP13
126427	C21orf99
209820	CD86
178186	LOC113655
128819	TMEM10
177051	YEATS4
108418	HCNGP
157596	UNC13B
171335	FLJ31810
160743	ZFP36L1
207223	LOC286148
218266	KCNIP2
113643	IQCF2
194266	SMUG1
104627	C10orf84
447116	LCE2A
197624	METRNL
132917	MRPL4
124225	FDX1
116349	C19orf12
144600	TFPI2
169478	EXOC8
115764	NELL1
164384	DMRT3
122934	QPCTL
162240	DNASE1
143553	PPP1R15A
206840	SF3B2
137738	UCP1
157162	MGC45562
211052	EFHD2
154892	KCNAB3
121063	C20orf85
198949	FIGF
197783	C20orf51
226479	ANKH
152515	TBRG4
149612	HIST1H1E
114017	HNRPH3
213603	SLC22A15
100572	GPR74
211963	NAPE-PLD
122697	TP53INP2
204811	NRXN1
197030	ZNF659
166527	SMN2,SMN1
101722	GUCY2C
201107	COL15A1
180242	FABP6
136245	DJ328E19.C1.1
205301	FANCC
151778	TAP1
126536	FLJ14936
178063	SUCNR1
708293	KRTAP19-7
101929	EGR2
184006	KLHL3
162393	ZAR1
218595	VN1R5
207120	NCK2
196303	GOLGA1
175815	WBSCR17
148417	ADAM33
195525	PRDM4
182474	CA5A
128695	VPS26
104504	SERPINA1
124733	AMSH-LP
195997	C3AR1
118048	NT5C2L1
207495	KDELR1
121505	LOC150763
155621	CACNG6
115649	HRIHFB2122
150062	WHSC1
160104	HRMT1L4
151768	C18orf45
188493	ATP2B4
200598	USP1
104131	GRP58
200736	PDK1
120503	KIAA0274
226225	SPRR4
149301	C21orf13
174754	PAPOLA
172676	MAGEE1
168543	FLJ25143
163213	STAB1
194621	MAL2
118930	TXNIP
106063	LOC374920
175882	PDE6G
162405	ARGBP2
101042	VPS13A
105409	LAMA1
205382	ALPK3
135487	EPB41L4A
125964	C6orf201
197724	MGC32871
118912	ME3
225918	DLAT
140876	CNNM1
114348	THAP9
178306	FLJ21736
170927	CACNA1I
195577	IFITM3
222129	HAS3
174320	76P
178735	COH1
210482	RBMX
162336	PTPRD
187829	MAP2K5
129086	ARHGAP21
208710	STAC
148114	TRIT1
108400	LOC93349
203798	MRPS34
151060	FAM40A
185195	CYP46A1
160343	RNF128
154446	HCRT
222897	PNMA5
225550	NR4A1
210807	MGC35169
186385	WDR19
145797	C19orf24
124801	RRH
222558	Lin10
224619	C9orf72
122543	C14orf124
147962	LACE1
122847	SLC9A7
251773	OR8B4
219737	MGC21518
113151	PAGE-5
177764	TBPIP
190669	MGC20419
141984	HOXC10
165349	MGC14595
145675	KRT5
181976	COL5A3
194660	NALP12
189081	TUSC2
168077	FXR2
176007	ORC4L
114000	NCBP1
121271	DOK2
134586	CYP3A7
132060	FLJ20507
179748	CXorf38
145940	ASMT
123693	KIAA0804
156829	ACYP2
158446	BRDG1
143619	LOC51337
201989	TMEM39A
162702	PIGH
707818	DCN
176117	ZNF491
214000	TLK2
147091	OR52N2
209786	CTNND2
118632	ZNF35
169970	LOC136263
139587	MGC5987
164326	BRF1
100935	INSL4
197238	GZMB
157702	NDUFV3
158336	WNT9B
120001	NASP
135356	MLLT1
167368	PROL1
155980	SH3RF2
103918	C14orf161
123744	PTX3
180149	NLGN2
120597	YARS
152957	CLDN1
144771	C1orf37
188659	SIRPB1
137978	PLXDC2
131407	UTS2R
115103	PUM2
143517	LOC168850
169601	CHPPR
202656	PPP1R12B
170968	JMJD2C
157883	NAPG
219778	OR10H2
134443	AKAP14
198592	FOXN1
106604	PROS1
138137	HPCL2
124409	SLC35B2
112076	LRRIQ2
181246	PRCP
149494	LOC283849
168208	MAP4K3
116725	DKFZP564J0863
203840	FLJ30473
200828	MGC15416
227041	RAB4A
606095	CDY1B,CDY1
189299	HIST1H2BB
218538	MAPK14
121482	TOP3B
224249	TDRD5
698022	TAS2R50
216841	IL23R
150292	C10orf70
161027	ETS2
121307	HGNT-IV-H
211060	ATP1B3
128722	ZNF433
177538	IDS
190073	HIST1H2BK
687928	RNF13
199263	SELE
116212	NPC2
146250	FABP3
171824	VPS4B
180947	SLC17A6
201200	LOC120379
158198	na,DKFZp434N2030
139519	SEMA6B
147557	APOL4
198956	na,OR2AE1
203532	BTG3
212126	GNGT2
154858	MLL5
199623	ZNF222
173235	IMAA
127042	na,DKFZp434I1117,FAM22A
217082	NUDC
156211	TNFRSF10D
209385	SDCBP2
205153	XPO1
125821	EGFL8
103793	FAHD1
138016	PQLC1
101060	PDK4
208024	IGBP1
190932	COL21A1
209315	MTO1
210968	FLJ20605
120229	CIB1
193099	OR52E2
201090	ALX3
151665	FLJ33674
134706	BNC2
118354	CLC
132528	PDE10A
205607	FABP5
136315	BGLAP
137704	PARD6G
128108	COX6A1
181474	CEBPZ
197513	DNMT1
118307	ZNF11B
155892	DDEF1
191611	UBE2E2
190218	PPT2
127919	UNQ846
151149	ZNF317
134052	CTPS
133487	EMID2
172828	LOC388962
119332	MCOLN3
188735	RUVBL1
221568	PTPRE
120166	OR8B8
147492	NCOA2
105863	HIST1H1B
197613	HIST2H4
120080	STAB2
134154	KIAA1604
181150	SSR2
192265	BIK
206839	SLC4A10
175469	THY28
198384	PLEKHF1
131799	SYNJ2
181605	LOC115098
117532	SDHA
211361	LOC146562
214534	ZNF407
127056	ZBTB17
100645	KM-HN-1
153584	FLJ31952,FLJ34922
225603	HPS4
142815	NDUFS7
702434	OR2W3
131671	DRD5
100543	C9orf89
158904	RPS21
106304	FLJ10213
214878	CYP4F2
143012	MEF2B
183957	WBSCR16
211291	LTBR
211837	UNQ6411
204484	EDG7
135162	MRPL33
200014	IL10RB
178007	ATP5L
136927	NOVA1
100591	C14orf9
221908	FRAS1
141969	JAM2
179656	LOC255743
199931	PANX1
211983	TTC16
130238	RAD51L1
146721	KIAA1160
109221	HRH3
214792	FLJ14681
159507	ZBTB12
169440	SPEN
116577	LHX4
113674	NEUROD1
118673	MLSTD2
146578	CAMTA2
147040	TCF19
223252	KIAA1387
189418	THY28
210353	FLJ21019
215809	TUBAL3
103913	CAMTA1
132046	CISH
129698	MGAM
123461	NDRG4
191430	VCIP135
207708	ELAVL2
173895	SNX16
170031	MGC40157
177749	TOP1MT
153102	NTSR2
179076	PRODH2
119008	HSPB1
197488	ORM1
185914	DTNA
194320	RAPGEF3
224481	CYGB
118177	TAF5L
205623	RPA4
187967	KIAA0592,LOC387680
152354	HPX
127270	CHRNA5
225926	ANKHD1
209398	MAT2B
102988	FANCL
114289	PALMD
159965	USP26
153821	COASY
146841	KBTBD4
211573	NPTX2
157665	RNF12
197824	TEX14
168129	PBX3
209578	DKFZP434K1421
214483	FLJ21148
130259	HCCS
143403	GEMIN5
229642	FBXL22
123176	PFDN4
166769	DKFZp434O0213
173366	HSPC023
198147	POLR2I
227162	YWHAB
223073	ZNF547
227303	FLJ40224
137654	HT007
146111	PACSIN1
184582	R3HDML
220578	GNAO1
117918	ITM2C
129095	CGI-49
152569	RBED1
175864	C2orf18
102334	BANK1
107607	GUCA1B
102623	KLHL6
167460	H63
202754	WBSCR28
154961	ZNF434
212994	TUBA6
220065	FLJ40504
151439	LIMK2
118129	SNAPC3
184815	KREMEN1
200440	KRT6E
132572	PTER
167473	YT521
227513	C7orf6
224906	BTNL9
140486	ITLN2
160573	COQ6
194763	LOC90522
141143	GALE
143205	FKBP4
135233	SUPV3L1
137937	CSTF2
159991	IGF1R
224255	MGC33889
177349	GPR77
168572	DNAI2
226996	MRPL50
125937	DHRS3
208790	LRRTM3
160938	TGM1
141965	FLJ20694
112524	CHST6
111384	OR2A14
159630	EGFL6
218631	MGC16703
130335	KIF13B
181639	ASAH3L
137923	LASS2
151341	COMMD10
113536	PPIF
184102	ARF3
104634	MGC26610
171778	IGLL1
203648	SORD
102753	FAM18B
126337	KIAA1189
115397	RTN4R
213145	C21orf45
162656	DLGAP4
114999	FLJ43980
205480	CSF2RB
159576	STX3A
150161	RCE1
150919	SLC2A10
213652	LETMD1
222840	C10orf47
216566	ITPR3
192798	SUCLG2
150353	IGFBP6
142421	LOC112869
222226	FLJ46156
215946	PIM3
695977	DUX2
102229	TCFL5
167201	VPS13A
160545	CCDC12
108206	MALT1
115497	CSMD1
145203	NT5C3
123145	ABCA7
105150	SSX2,SSX7,SSX4
131198	PDE6A
183616	PTPNS1
171968	PPP1R3F
153788	LPIN1
126449	CAPG
168970	PTPRN
200118	DUSP19
206391	INSRR
125134	DBP
189918	PQLC2
207590	CLEC3B
134009	CDH12
193194	C6orf84
213172	GNE
230370	LOC255189
190878	MNDA
135343	BDKRB2
226080	C21orf90
170327	C20orf3
224989	DNAJA5
103211	ARMC6
215844	OR2J2
173001	BAT3
134780	BLOC1S1
164529	MGC2744
113221	SRP46
214492	USP32
187283	PLUNC
210908	na,LOC65121
102972	LIN7B
173993	BBP
182859	TRUB1
110475	C6orf15
10708944	CUTL2
206073	SCYL1
183780	FBXO3
165653	KCNJ8
178585	VEPH1
146430	TMED5
105119	TK1
216999	C20orf100
190596	ACAS2L
233392	OR1K1
177367	TGFB1I4
142638	SIN3A
224749	WDR36
179468	GTPBP3
142257	IL2RG
148541	RAB3C
143151	NF2
101566	MGC45474
124485	FBXO27
158219	C21orf25
196852	NPHP4
132165	IFNA13
125301	ATE1
166727	SLC34A2
126413	MPP5
146652	KIAA0703
107362	RAB5C
168815	USP20
183157	EFNA1
172276	TFF2
152147	CGI-69
206705	SIRPB2
204657	OR52M1
157377	GOSR1
128553	FMO4
104942	BIVM
183067	NALP5
150045	EP300
150310	PHTF1
211589	ZNF300
114452	ANUBL1
198813	ACACA
129811	ASH2L
162380	CDH18
235322	MGC50722
235100	OTOA
180208	NF2
146373	NLGN4X
196815	FBXO39
112622	KIAA1229
204565	RPRM
223980	BCOR
100939	HABP4
144041	C14orf173
207726	HOXB9
107957	DKFZP586A0522
165464	IL1F6
111645	C7orf25
143589	ARHGDIB
119026	CROT
171056	CRTAP
181315	MAGEA10
208200	IFNA21
165064	MTCH2
116812	MYL3
210648	PRNP
185142	CRMP1
131551	SLC3A2
178105	C10orf10
180064	BCL2
214284	C6orf211
210417	IL1RAP
145509	KRTAP3-2
138737	PLXNA1
306773	OR2T33,OR2T12
216175	BRAP
173713	KRTAP9-4
129947	ANKRD30A
180410	TTC8
138873	HPS3
174536	HIST1H3I
167511	GAL
159086	ZNF212
154754	FRAS1
222873	SPOCK2
210556	SIP1
135507	CLOCK
112548	KIAA1280
164265	EVL
132901	GGA2
129575	PPP1R12B
200353	na,LOC136242
115317	LOC57117
149869	C1QTNF7
159727	HERC5
224737	IQCE
169776	OPHN1
180328	C9orf93
187019	AKR1B10
175602	QDPR
122705	LIAS
154091	MYL1
136902	STCH
162138	SMARCA5
170096	HCA112
219201	WHSC1
221776	MGC39581
162178	BCAT2
177416	MS4A5
150510	ILKAP
143310	C10orf26
176573	MGC12981
117683	TECTB
154643	DACH2
137911	WDFY3
126775	KCNG4
151390	PRKG1
139007	HDCMA18P
190614	RBPMS
147250	TRADD
135806	ZNF183
116777	LOC58486
158876	TMEM4
157246	NAV1
161937	MGC29875
151054	P15RS
121641	MGC2752
173455	LOC85865
167403	SYN2
200292	ZCCHC14
148800	TNT
106732	ABCA1
184968	FIBCD1
199193	MGC33948
123143	AREG
203969	KLF16
130046	REGL
220277	NCOR2
182939	OFD1
184221	HRH1
143717	TAPBP
161620	SULT1C3
194271	TMPRSS2
115969	UBE4B
206258	OR3A4
672540	KRTAP19-4
160319	ERG
107675	SERPINC1
141595	TREML2
215534	FREM1
186022	CLTB
127517	KIAA1536
225420	PROSC
181097	TAGAP
191760	TANC
217084	BCL2L13
103786	ISLR
214794	PRRG4
112257	ATP6V1G3
190566	GPR161
409931	DISP2
173188	COG6
188463	GABRD
217390	SMUG1
160171	FLJ20534
148547	TBC1D14
149998	MKL2
139289	WFDC10B
141589	IRF8
105869	THAP1
212057	MAGEA6
137630	NDUFB3
111934	ZNF513
210624	RORC
150230	SCARF2
202795	LOC51334
133924	DNMT3B
112846	VMD2
161404	ASF1B
113091	CNNM4
194171	COH1
220910	DKFZp686H1423
189814	VAMP5
153888	BHLHB9
144503	MAPK8IP3
212771	C6orf47
115455	RAB28
221811	GIOT-1
138222	LYZL2,LYZL1
158597	AMPH
127094	KIAA1363
122135	PLIN
207484	ZBTB24
183190	KIFC2
114736	ABCC11
701848	NOMO2,NOMO3
715318	KCNK18
104566	FLJ11806
137044	VNN1
147423	TAS2R1
125224	LOC374946
101506	MGC42105
225035	ZNF568
198392	MUC2
229263	LOC201243
120322	STK4
203282	CREB3L4
211511	TNFRSF1B
177080	ADSSL1
184732	PTD012
157895	SH3BGRL
167836	SF3B1
159897	C15orf29
205333	MGC29463
120135	PTPRH
111139	FIBL-6
218764	GANAB
174354	HSPC049
211001	OR52B2
170365	NFAM1
119963	MED6
155352	MRGX4
219285	SSTR1
181402	GIPR
212091	ZNF227
190958	ACCN3
216927	DCC1
145387	MGC17301
141003	GPR88
185745	ZNF206
109967	ISYNA1
149402	C14orf111
161198	FAH
184881	GK
196826	HGFAC
223856	MT1E
210323	STMN2
176228	NDRG2
160510	TCN2
184267	KIAA0961
147314	EIF3S6IP
104782	ADSL
153339	MGC4266
152791	C14orf1
101365	RPS23
210845	DKFZp434M0331
197413	RGS18
103958	MGC13168
222351	PCSK6
103457	KIAA0323
108301	PDGFD
145696	DCLRE1A
104742	CHAF1A
200114	C5R1
180211	DDX42
113795	CCL13
141080	POLDIP3
164901	LOC128439
132134	TNFRSF13C
147879	HNF4A
107312	SPOCK3
159351	KDELR2
158259	CRB3
216091	C20orf81
152339	KIAA1946
197396	ADCY1
128141	RFPL2,RFPL3
203421	C11orf13
138294	ATP6V1E2
118147	DDX1
142626	TSNAX
114866	ORC6L
128624	PTK2
111380	OR5AU1
223273	ARMC7
152085	CD5
140355	OTOP3
225775	FLJ34503
220814	ADD2
117183	FKBP5
227866	FLJ38705
103627	MAGEB6
125374	MGC72075
128130	NOTCH2,NOTCH2NL
10695642	SCHIP1
157216	DECR1
124046	SERPINB1
215923	USP28
119340	SUHW3
162809	RBKS
217724	KRT25B
162212	MFAP2
202631	GDAP1
197431	AMPD1
125000	GTF3C3
122858	AGPS
133132	NS3TP1
192902	CBX1
134187	MS4A3
164835	CA2
219615	FLJ25414
221236	CDH23
141019	LBX1
200160	RPL24
188170	ARL11
182584	TDRD9
130690	C20orf139
135171	ATAD2
168047	FLJ40869
181735	EVI5L
133703	UNQ9366
208358	POLR3B
126138	GTF3C5
128988	MGC16943
157389	TJP2
172307	HIST2H2AB
119281	C9orf111
163663	F5
126299	PAK6
157563	FLJ32934
194369	PARD6A
109757	ATP6V1G1
125794	TSCOT
163372	MGC87315,RSAFD1
173918	GPR10
130858	ZNF574
205613	HUNK
102776	TRAM1L1
192350	CEACAM5
177142	GRK1
138691	OR5AK2
126802	C6orf213
123119	NCOA6IP
210241	TRERF1
202965	DIRAS2
107518	BMS1L
148743	C1QTNF4
152470	FLJ35119
102700	NSE1
206539	BCL9
150031	ITGAL
224865	C2orf33
127163	PSMF1
175556	UPP2
153533	MGC9084
162475	C6orf1
204626	FLJ38944
201847	MAPRE3
134746	PTH
131401	SIL
179706	PIK4CB
219722	T1A-2
105377	CTH
172982	PTGIR
166712	DICER1
154587	ODF3
134130	MRPL35
175122	K-ALPHA-1
184534	C14orf155
222684	DPF3
157759	MGC47816
179149	HMOX2
213609	CDV1
143615	NRGN
191530	RALB
153651	CLDN15
184844	SFRS14
173887	LZTS1
150479	FLJ11783
187286	CHGB
159875	ZFHX1B
112225	C20orf11
106596	TACC2
147906	ARX
159687	AIF1
209022	ZNF449
106981	DOCK8
201058	G6PC2
210929	RND2
103641	PWP2H
162112	BTN2A3
205820	GAD2
144901	MRX85
130122	CTDSPL
197119	C9orf97
126840	MGC15523
174121	C10orf125
149125	HSD17B7
115323	CHEK2
100060	ZMYND12
182688	ARFGAP3
205221	ZDHHC5
156092	RPL3L
185583	SUSD1
173381	UNC119
165055	ADORA1
147793	IL20
170870	CDC37
110512	FLJ12592
164611	WNT7A
161340	PAFAH1B2
194067	PCBP3
112696	DPF1
179914	ADPRHL2
221059	LOC90637
114904	ZD52F10
225512	FLJ32771
174760	PFDN2
219032	CDC14A
162941	LOC254359
178046	GLRA3
154410	MYBL2
153280	PRKCD
168822	HS6ST1,HS6ST1P
123880	STAT5B
103877	C6orf69
145991	ZNF3
139228	TIMM9
422268	TESSP2
165944	PPP5C
140845	AER61
230079	FLJ32499
214067	PDLIM1
197179	MAPRE2
209473	RTN1
179108	NRIP2
222850	HE9
123823	NARG1
199241	FLJ14566
164920	CROCC
154251	LOC220074
117823	C18orf23
127989	RWDD3
176828	GCKR
137981	RPS6KA1
162911	THBS1
205420	MGC10993
102257	HNRPC
189905	ADAT1
130995	PHKB
144935	UCP3
134168	RPS14
180254	ZNF140
193461	OMG
188831	UMP-CMPK
106426	ARHGEF3
110677	FKBP6
114842	CTCF
139060	SCGB1D1
116932	FLJ21816
209986	MX1
212465	SATB1
140226	VASP
217057	C2orf24
169185	MTNR1B
195326	CPZ
175047	FKBP8
134260	PCBP4
190191	FLJ32786
121040	MEIS1
180655	PCOLCE
227856	NR1D2
109240	RPIP8
211773	ENO3
194575	IMPG1
166215	FOXR1
206638	EPB41
153018	K6HF
115487	RAD54B
159319	LRP8
168026	ZNF530
213845	KCNA4
184746	SSTR4
156017	FLJ38792
223116	FAM24B
225337	ZCCHC9
215541	ZC3HAV1
171314	NUP153
187002	EBAG9
136109	C14orf143
119301	KRTHB1,KRTHB6
125903	C6orf48
201587	ST3GAL4
214543	UBXD2
223446	GPR141
119646	CKB
137191	ATP10A
196658	PNLDC1
194097	CG018
113895	SYNPO2L
170685	TCTE3
543820	FLJ35487
128261	C7orf19
206883	SMAD5
207800	HRB
137528	DCTD
222726	CDH26
112560	GGN
210517	OAS3
510139	MGC20806
157845	MRPL47
216623	DKFZp547B1713
186127	KU-MEL-3
206825	NDUFC1
111529	CLUAP1
170503	ASCL2
131346	FLJ14803
226098	ZNF585B
181218	CDC42SE1
140786	CHST7
205685	COPB2
210812	PADI4
111334	LAMC3
205006	LOC161247
116895	DHRS9
180626	PRC1
121737	SRPK2
188666	OSGEPL1
111478	KLP1
137362	CANX
147458	TAT
207524	CSPG2
137001	LRIG3
162303	ZPBP
226808	PCDH10
218115	PCDHA9
123595	FCN1
181563	MGC10986
234630	ARID1B
194721	ZNF552
124368	EPB41L2
182208	CTAG1A,CTAG1B
100295	CRABP1
205678	FLJ33590
133766	P2RY8
197406	TBC1D19
212274	ARC
161668	KHDRBS2
166170	FLCN
219040	PARG1
191058	OR7D2
172364	SBF1
103690	ABCF2
141313	FANCB
139053	AIP
166111	CD248
193647	ITGAX
205961	CLK1
231658	OR13C8
224885	FLJ31842
137431	DMD
171440	ZW10
127068	WRB
146058	MMP2
225764	TXNDC6
145891	HIPK4
140124	EEF1G
200856	QKI
139521	CHDH
184015	PRKCZ
107741	CSE-C
119357	PF4
155523	CTSK
139973	GAPDS
189160	CPOX
140593	GRSF1
187750	ISOC2
152850	LHX6
155406	FLJ10408
122912	KLF9
215395	LOC51233
135643	RPS27L
115595	MGC20410
215343	MYADM
194410	FLJ45235
147486	ZNF34
190434	MECT1
145587	ACTL6A
138744	C14orf100
171381	C3orf15
169848	SIPA1L2
119586	YTHDF2
130500	SVH
214057	GPR155
160000	CHR3SYT
188018	TDRD7
225520	SAMD4
170468	VILL
103851	C9orf80
205653	CETN3
156269	PHYHD1
143556	HSF4
199067	ASB12
141609	TMSB4X
105447	AVPR1A
224221	FLJ33008
158962	OR5K1
193873	TEX15
222068	C10orf28
164589	NCR1
152323	TLX3
102904	DIAPH1
174254	PYCARD
198082	TNFAIP9
138172	C9orf3
118612	PRRX2
208958	RAB3-GAP150
106382	ZFP64
171693	RAD51L3
183596	AP4E1
216885	TAS2R8
124232	ERBP
169875	FSCN1
166387	CDCA2
224799	FLJ32800
212517	CARD12
162453	FN3K
164436	RPL5
222408	SLC35D3
107924	BCCIP
160621	HKR3
106967	FLJ46257
140995	ZNF263
149439	ST8SIA5
107658	CA3
177043	ALG9
130956	FLJ10597
208837	C4orf15
208619	BAG4
132199	FY
142663	DLG5
126165	CENTA1
163064	FCAR
155673	MYOCD
180885	KIAA0240
125806	SLC12A9
200278	SMAD6
200693	RPP14
135957	SLC6A18
165369	MAPK8IP2
198293	SH3GL3
167669	CA1
111739	ADMP
224611	ATP6V0A2
218348	PCDHGA2
165236	LSP1
151931	SEMA4G
147125	ATP5S
221023	C9orf25
120648	PDZK6
169123	ACTN4
114875	PCNXL2
119208	CCL15,CCL14
205024	LOC90826
168081	PCDHA4
255226	LOC126731
163234	STAP2
131123	SLC2A5
165607	SLC11A1
167743	C20orf102
142204	ZPBP2
174015	na,HS322B1A
146400	ENTPD5
173342	RASSF5
145498	CXorf45
146996	HAPLN3
135105	SPTBN5
201466	HSPA8
149260	PLA2G6
114623	ILVBL
156761	RAB18
186437	C6orf54
167138	UBE2G2
113933	IL23A
167899	TMX2
118211	NDUFB7
147290	MET
173584	ARL10A
118642	DKFZp686L1814
123894	MKI67IP
125296	GPR147
167576	GLTSCR1
111239	TES
174841	RUVBL2
139782	PRSS21
188708	DYRK3
160595	LOC114984
142463	ORM2
167168	CXCR6
196735	ProSAPiP1
167195	FLJ25422
140363	SYNPR
174186	na,FAM13A1
122800	DSCR3
197253	LEPRE1
212544	RNF157
179712	LOC349236
184286	C13orf3
127632	FLJ25476
147289	POLR3F
113324	EDD
137496	OR4B1
143228	MTMR6
114618	IGSF8
178372	FLJ44216
110460	SESTD1
207688	SFRS15
199291	ADCY6
185440	PDCD6
482241	na,SVH
163968	FLJ25818
109189	JRK
224771	LLGL1
145214	C10orf53
133468	GOLPH3
218145	BCL2L11
117994	RSN
106282	LOC112869
156133	GPR32
107434	KAL1
163698	FLJ16636
111636	PPIC
201359	CFHL5
156986	PIGA
211796	NAGS
103153	BRSK2
136076	CAPN11
197491	CIRH1A
179147	HIST1H2AM
189985	CBR4
119684	BTBD3
202506	ABCB11
224343	LOC441046
131059	PLEKHF2
125715	SLC7A7
185345	NF2
102204	FLJ42117
170584	C21orf63
222813	KIAA0998
176590	BAT5
167859	TLL2
142485	NEUGRIN
199364	DDX28
121471	NDST2
135973	SH3TC1
189219	LOC64744
133990	DKFZP586M1120
10693399	MGC42493
145263	TSN
135848	DCI
102848	MFHAS1
159556	SPAM1
141780	WDR10
128082	ASB16
175564	ARCN1
143997	SGNE1
131650	FLJ21511
163014	na,LOC389541
109891	LOC130940
204385	TNRC15
138186	SLC25A10
129030	KIAA1914
104186	C14orf152
170165	GUCY1A3
161646	C14orf119
137724	ATP10D
182022	CLDN15
133658	TTBK1
115588	MGC16309
116303	SULF2
139466	APRT
198265	APOF
164449	KIAA1279
199513	CLTC
111980	C20orf103
188265	DDO
169363	ATOX1
189094	TPX2
112725	RANBP3
109922	ADRA1A
162415	GPC1
174533	MGC3731
135116	PACS2
134565	PPP2R5A
153143	TRIO
178301	PCTK2
200985	CNOT8
134248	KIAA0217
210666	FLJ45235
147112	GPS2
192027	PRPSAP1
187844	ECG2
164756	CMYA4
135443	TCEAL1
129808	PPRC1
118172	LY6D
157572	PSPN
543648	ZNF600
115613	RNASE3L
148494	ADRA2C
218326	GPR142
135605	TTYH1
214360	MPPE1
137875	TROAP
213926	ZMYND10
227186	RGS19IP1
206143	AMHR2
136625	TM4SF10
156964	MAC30
173782	LAIR1
144866	KCNK7
212635	WNT8B
118361	FCGBP
208499	RASSF3
114645	EN2
208663	SUI1
173025	RGS16
197200	HSD3B1
219524	C21orf128
140044	TRIM44
162845	CYP8B1
196466	PLA2G3
163292	MKL2
104260	MRP63
168292	FUT6
111787	ARHGAP24
162244	COMMD5
202356	ZBTB37
169392	RB1CC1
173654	LOC93082
174118	LIPL1
122528	FGD1
112661	SPTAN1
144829	TF
157008	MGC15429
229637	ZNF471
214049	LOC137392
129580	CNTN6
219243	FALZ
212928	GPR116
108112	RPS7
156893	GPR173
163198	UPK3A
117537	SASH1
216440	MDS006
221132	SCO2
163964	CL640
192488	SELL
211311	TNFSF12
125848	TUBA1
115087	C21orf7
575026	BACH1
121216	ACY3
122488	LDHAL6B
184572	SF3B14
101711	C21orf59
185301	SB145
556946	KRTAP23-1
139484	DTX1
102205	CLIPR-59
220091	FLJ32063
105130	CYP2S1
151484	CTAG1A,CTAG1B,CTAG2
106517	NGB
456527	KRTAP19-2
133551	FLJ39155
179996	RPS4Y2
202882	BCAT1
110709	FREB
139004	TMEM14B
161510	KIAA0073
159341	EN1
114699	ARL6IP6
100037	UBE2I
122040	FLJ10618
136661	SLC39A5
139296	CAGE1
101403	KCNJ1
202678	MTAP
210742	CAPN2
194941	PCDHA8
109113	GNAZ
196700	FLJ10260
710818	na,GOR
121977	RPUSD4
176248	HARS
148352	ZCCHC6
142936	HSBP1
119386	PLEKHB1
112111	MLANA
135310	C20orf144
193090	MANBAL
227956	MT1J
136165	USHBP1
158402	MMRP19
130490	DHX32
164779	CD300A
185475	KRTHB3
135930	SMOC2
189197	ARPC1A
210740	HSPA1A
227520	HIATL2
189611	NOL5A
116083	GABRG2
183928	MAGEA8
186731	NDUFB9
184544	YPEL1
211110	OPRD1
215545	NLGN4Y
233814	USH2A
199360	YWHAB
217170	POLE2
130812	SMARCA2
140879	C9orf46
225875	ST7L
144428	GNRHR2
118915	NUBP1
176158	SEPT1
105334	FARSLA
216640	MS4A6A
175805	SLC2A12
154399	ABR
160544	TREX1
120339	MGC4308
172536	TERF1
122617	C13orf6
103931	ADNP
111008	ACO1
127530	APOD
132469	STEAP
223476	PCGF3
137449	TM4SF6
143642	BAZ2A
119523	PYCRL
114892	CDAN1
130794	KATNAL2
191847	MGST3
120784	MGC20470
115652	IL5
181955	DHH
209793	DCAMKL2
198781	ZNF30
169935	CYP11B1
178226	PRM3
159831	PFDN1
212795	LRMP
106775	FBXO15
219588	IL11RA
211130	FLJ23588
141844	THEG
120345	ATP5J2
196233	MARK4
700714	TAS2R44
146475	DEGS1
167335	TNNT1
102572	NY-REN-58
219784	ZNF595
194601	AMOT
162141	TFDP2
172798	KIAA1542
110722	VSNL1
195332	PSORS1C2
149099	SVIL
196557	COLEC10
160985	MCLC
211931	HIP2
172117	MAP17
183743	RHOA
199984	FLJ30294
169754	FAM45B,FAM45A
164487	HIVEP3
168773	HOXC9
231698	IDH3A
195469	KIAA1754L
166714	PTPN11
198332	CYP3A43
184123	ZCWCC1
224289	FLJ38753
142444	SLAMF6
225301	HSD-40
202975	IL15
156073	NCOA3
234756	TAGLN2
150303	FLJ22353
160111	B2M
117989	IMPDH2
130779	DNCL2B
218420	MGC26989
109378	USP41,USP18
106473	FLJ22761
504648	ZNF608
152749	KCNQ4
210535	KIAA2010
137323	CCNB3
136206	CSF3R
219071	MLLT10
136002	STAT1
206319	SHANK1
185676	MGC10233
156746	CHST10
137105	CNTNAP4
187510	DNALI1
199473	C22orf1
131658	CYP2E1
178243	GRCC9
130297	CDCA8
190751	KIAA0276
138366	SERPINA12
171433	SLC5A2
101958	SLCO3A1
159400	BRDT
132086	C14orf115
158678	CREB3L3
126382	FLJ36754
196316	SULT2A1
223920	LOC284434
115975	ALCAM
154728	NDST4
185410	SHFM1
112090	CERKL
154443	GUCA1C
153541	OR2T11
173693	MGC13379
201398	MGC50104
125818	MGC14798
179010	HOXA5
158935	OSBPL2
131459	C9orf18
152820	SLAMF7
103613	MUC20
115345	DACT1
166823	JMJD1B
102661	COL9A2
127379	LOC84661
151192	CCNI
136548	DNCL2A
173175	TCF1
108044	KIAA0406
152440	na,OR2A2
167637	PCGF4
145171	GTPBP6
150090	GPX5
207848	WDR39
213187	XRCC5
227025	FLJ13231
145309	ZFYVE9
105686	LOC113444
103021	MYCBP2
185311	METAP1
213018	RPL18A
113697	C16orf28
154044	XPO7
143208	DCTN4
114680	STAC3
133972	FTLL1
210225	PHGDH
182557	RNMT
105258	COL6A2
183531	RHCE
178580	RPL31
161959	PTPRS
165658	KIAA1333
196864	LETM1
180247	PDIP,ARHGDIG
147930	MKNK2
104936	HRC
175353	RTN3
114040	NQO3A2
120122	FOLR1
201068	SMILE
172288	SUSD2
124878	TMC5
169257	ATOH1
123818	ABCA9
185757	TRIM28
148730	REM1
220934	DGKB
200907	BAG1
202561	PRO1580
210687	M96
226883	MGC2610
223433	SKP1A
104785	PAPPA2
164174	FLJ90430
188543	POFUT1
172487	DCC
197608	SOD3
110009	ZA20D2
680523	FAM26A
130322	IL1B
187360	PIGH
106993	FSTL4
105355	CDKL5
151724	BCL6
143322	CDC42EP5
205234	RASGRP4
127105	C1GALT1C1
137986	IL13RA1
153898	C18orf17
183058	CTNNA2
222317	ADHFE1
166865	FLJ20716
172281	SCARF1
143297	KCNE3
198554	SHD1
193122	HMGCS1
222377	MGC50372
189298	NOLA3
193288	SPRED1
197063	CRELD1
103558	THPO
101395	KLHL
160973	HMBS
205859	AQP3
216394	HERC1
219663	LOC338645
200991	KIAA0565,FLJ36492
118377	FZD8
227835	PDE4DIP
138479	ABI1
199059	CXCL16
204392	LOC286075
157943	VEGF
111681	BACH
189535	PSIP1
121646	ACIN1
206492	ZNF498
157602	COMMD9
150179	JDP2
159380	MTBP
138481	CNN3
144688	MOSPD1
149672	NOL3
112214	HSF1
211211	SACS
202078	PORIMIN
135333	SLAMF7
207500	SH2D3C
181752	CHRNB1
164558	ASMTL
168804	LOC197336
137834	MYO5C
123925	ALLC
119865	P2RY6
106328	OR10T2
213881	PSD2
148590	C1QL2
176148	CDH19
143946	CGI-41
111374	ARRB1
166079	TRPV3
161427	KIF1B
101979	CRYZ
186955	SDF2
157517	CTDSP1
200851	CS
166587	DIRAS3
175790	KCTD17
130135	SIAH1
117257	ZFP37
173075	GRIN2D
229617	ENAH
215767	CIDEA
143181	FLJ11795
143546	CHGA
215396	POLR3D
109887	SIAHBP1
234681	VIL1
167621	ZNF281
178123	RAG2
179796	TXN2
214084	na,PGM5
211129	PCNA
154117	LRRC15
177241	VSIG2
158620	HNRPDL
226136	FLJ90166
226273	SP7
112886	CDON
124431	PAEP
154632	FLJ22222
116868	WDR53
148473	PTPN22
151108	ASNS
107132	CLTA
144229	GPR35
180122	RARG
104711	LOC90799
112831	ELA2A
186517	LIPH
178313	ETV4
211776	TRIM50C
146428	FLJ21106
173356	CLCN1
207570	VPS13C
130055	TCEAL7
167820	AKAP11
207390	SLC22A8
214787	PRKCE
197808	AMAC1
173505	PWWP2
140222	C8orf17
106985	C1QTNF1
185264	KCNN1
125590	OTOP1
225586	VGCNL1
160842	FLOT1
107442	KIAA0586
173004	ADAMTS13
140197	LOC283130
227151	SGOL1
101331	PCDH12
194808	CACNB3
184337	PSCD2
165817	HSPB8
227473	C11orf9
196533	LAMP1
114257	BSG
176824	TRPM3
180741	STYK1
191992	KCNK15
132367	KCNH1
159544	GP1BA
194013	PACAP
216961	KNSL8
113600	MTRF1L
123495	CHKB
192633	RUFY2
144716	IPF1
105165	PSMD3
203645	ACTR1A
143748	IL9
189284	TBCC
105279	BAGE3,BAGE2
185855	PHLDA2
204115	ATP11A
148609	POLE3
214374	IL4R
200187	VPS54
106601	FGFR1OP2
168169	LRRC28
171712	TNNC2
198363	LOC221442
223738	NUDCD2
217273	C20orf17
124116	USP15
159761	DLL4
168436	CD74
209017	IFNK
197731	ZBTB7
122129	GNAI1
217099	LIN7C
174290	FLJ30707
191797	INSM1
186375	RBM6
192583	HOXC4
128800	RGS10
138526	na,RPL7
109537	FLJ13273
118485	KIAA1018
127498	EFHC2
233079	KIAA1889
186288	LRRC2
171290	BLNK
225160	P2RX2
673253	DKFZp761P211
118143	DCTN1
196401	HOXB4
114304	HOXC13
217932	SON
223842	NPHP1
117648	SMAD3
172192	TMED1
173042	DHX37
523189	FOXD4L1,FOXD4L3,FOXD4L2,FOXD4b
203695	CTSD
116243	LOC352909
118863	FUT7
150789	C7orf16
128967	GARS
105816	RPS12
115353	DUSP6
204412	PACS1
136112	PTD008
188014	CDH26
149582	VPS13C
171438	LOC374395
178077	NAP1L2
208879	CDC25B
148171	POLR2G
132049	RHBDL6
145980	NS3TP2
172029	B3GAT3
165404	MT
182320	P2RXL1
100989	CPA3
212291	ILF2
158143	CUGBP1
136748	SPRR3
105368	CD200
163201	CCM1
144454	HBZ
105554	ACMSD
216450	FGF5
128305	PFKP
162270	MATN1
119764	PKDREJ
183449	CKM
148133	GPR68
122413	KLF8
169620	NOB1P
197857	CROP
193017	PTCHD1
159579	SSX1
212457	GATA5
182825	NFATC2IP
173087	GDF7
187009	RASSF1
513718	EMX1
155094	DKFZP434P0316
231873	C10orf62
121943	RPS15A
138543	HSPC121
170235	AKR1A1
190074	SLC4A1AP
115526	THRA
138355	BSND
120498	FOXQ1
158798	FLJ23657
150385	WFDC6
200243	THRAP1
110236	LOC285636
157207	LOC154761,FLJ40722
488616	FLJ37183
232327	ASB6
170843	NEK8
212054	CCDC3
174790	TMSB4Y
221089	DKFZp547G0215
163112	WBP2
209814	CDKL3
201354	ST3GAL2
176622	MGC7036
205966	PVRL3
172934	AIM1L
100925	KIAA1772
185723	OR2F2
192123	DEFA4
135384	SALF,ALF
176623	LAMB3
219146	SLC6A18
125268	PTGES
175867	RPS17
201937	IDS
119475	FLJ16331
204195	TTC12
105105	FLJ12903
105380	NETO2
160397	C14orf140
160113	PRKCD
146330	RNPS1
227356	FLJ23074
190380	SEC61A2
126360	CPE
141065	FLJ13215
124591	C9orf82
141471	EDA
211439	GOT1
147632	FBXL20
142665	MPP3
139262	LOC51123
226995	C10orf91
159127	DAP
135738	GABRP
148152	SOX1
107739	PLDN
177442	IFNA2
180028	NDUFA7
170984	FLJ38984
125486	HSD11B2
142209	IRF1
226790	ANXA5
164604	OPA3
215010	DIAPH2
113904	MGC33212
209306	UBPH
148271	GABRA5
151005	CA9
176584	MMP20
122945	GAN
206306	OGG1
217900	TRA1
126843	INSL5
202067	ZBTB8
176107	BAI1
180740	ACSL5
197404	CCK
135256	RUNX2
125313	TADA3L
191296	MI-ER1
196494	S100A8
129354	TXNDC5
183112	TLL1
184739	MGC5178
165779	INPP5E
141737	LRRC16
206794	NIP
111164	C9orf90
234785	PLEKHH1
112793	OTX1
218459	SLC9A11
114236	MSH5
134692	TIMP1
216724	TDRD3
119870	STXBP2
187980	FLJ22490
112680	AAA1
181366	ADD2
185703	GKN1
124954	CCNK
166136	RAB2B
131965	LOC284361
231133	IMP-1
189465	TNFRSF10B
138595	RIP
189919	WFIKKN1
223453	ATAD3B
183434	SLC7A2
163558	CABP1
579970	STARD13
164038	SEZ6L
105555	MGC13186
195867	SLC17A3
710378	LOC133308
121144	KIAA1414
103396	MAML2
229198	FLJ40244,MGC51025
177290	HSPC117
191157	FLJ38159
141720	VCP
221451	ARHGEF18
100120	PGD
207176	KIAA0133
119543	RBL1
205538	CPLX2
176989	E2F7
129845	SLC36A3
102551	ZNF207
135420	MMP11
102727	APG12L
174727	VIT
180013	ANKRD35
139359	ZRANB3
161752	QPRT
144014	RNF44
216281	OR4C13
183841	SCGB1C1
139072	NONO
222541	C21orf94
106551	CNGB1
184709	NKX6-2
119525	FKBP7
145091	SPDY1
146012	C6orf62
224748	LOC133619
183203	LRCH3
217850	HSPC105
187251	RNF38
187235	GBA2
141862	PPIG
105095	FLJ10996
124059	TERF1
139177	LOC81691
149181	FLJ10374
213060	LCK
112547	MFAP5
177467	ZBTB26
174907	CDC27
159477	CHR3SYT
192424	C6orf206
101598	CYP7B1
715191	MRGPRD
215831	FRAS1
697351	LOC284018
147295	SUMF1
219388	MGC35118
214897	CTNNB1
174881	DKFZP434C171
158352	EDN3
211100	CAT
127041	CARD14
144726	ATXN1
148364	GPRC5B
101012	RNF144
137796	BCKDK
135603	SLC35E4
121831	AKT2
203381	FOXP1
203573	TM4SF9
119730	FAM38A
227056	FLJ46419
181651	FAM38A
113129	HNRNPG-T
197543	ZNF101
135625	SFI1
218004	TUSC5
151475	PCDHA4
147106	PDRG1
131715	LOC159090
218300	ZRANB1
205962	LGALS14
192407	GPR153
108255	OR52N5
128268	FLJ21144
107437	DDX39
211785	EME1
210079	NPR2
180862	PEG3,ZIM2
102335	FAS
198659	CPNE5
117228	FXR1
146990	SLC2A1
178047	C22orf13
185851	KIAA0174
108787	C1R
154699	RCN3
180280	MGC15912
135524	BRSK1
161026	FAM3A
128309	LOC284948
176499	SNPH
126873	MGC35212
160430	SFXN1
163670	AK7
112923	MAP2K2
151770	TSLP
164341	KHK
657433	GPR148
173925	C10orf27
104651	WIRE
127312	C20orf39
206290	C10orf57
135005	FGF21
125564	RP11-163M2.4
100966	KIAA1641
108110	CCKAR
201627	LAMC2
166370	FLJ25680
183965	ADAM9
119693	DPP3
166204	ZFYVE20
138620	APOBEC3B
201668	SBBI54
120264	CILP
175442	TMEM14C
141983	EPLIN
110931	POLR3E
180957	NEU1
226713	GPR103
167735	MGC29891
235714	MGC39900
206479	NEDD4
103043	FLJ12735
224882	ALDH4A1
190690	LOC124773
183988	ZNF550
229885	TEAD1
167858	DAZ1,DAZ3,DAZ2,DAZ4
487485	FOXD4L1,FOXD4L3,FOXD4L2,FOXD4
102207	STX18
172455	DLD
118662	ART3
176810	ENPP6
147917	FLJ38608
139826	FLJ32954
177453	FLJ21827
202311	DLEU2
197381	C4orf8
115670	FAM9A
160902	TBX5
202359	TBC1D7
226931	USP12
154609	ZNF135
197496	IRX3
152856	TMEM45B
226282	FLJ46299
184147	NINJ2
222128	PELI1
127383	C20orf32
110569	DCD
125908	TYRP1
224918	GPR115
100547	MOSPD2
222604	ZNF570
119326	ANXA7
114621	MKNK1
114583	CPN1
114224	PDAP1
123331	SSH2
180380	BIRC6
144495	FLJ00012
150891	CKIP-1
208596	NUP155
182574	MAP3K14
203147	FLJ22746
225798	C19orf34
138499	CSHL1,CSH1
207008	ZNF234
124833	NOS2A
220492	TRIM60
219067	ZNF645
105226	DNPEP
168210	THADA
202380	na,HS3ST6
154237	FLJ39369
186645	KIAA1613
109394	FLJ20291
548807	NHLRC1
210854	HIVEP2
123080	GLP1R
104213	ZNF274
186453	CHCHD2
198148	OLFML2A
171602	USHBP1
200271	FAM50B
134149	C3F
165471	PAPSS2
132143	FLJ14345
122391	MGC21416
137251	GFOD1
151652	UBQLN3
183158	PHF15
195131	RASA2
185187	LIX1
210580	MGC13024
112658	KCNH7
165636	LIFR
121824	RBM8A
178613	CACNG7
130369	CHSY1
191539	RAF1
212151	DHFRL1
199586	ATP1B1
196417	VAMP1
140054	SRPX2
213906	GPRC5D
144715	TTC1
150130	DLL1
104220	RPH3AL
185644	S100A14
220514	C14orf126,BBS5
145550	S100A11
116510	MAGEC3
217488	GADD45GIP1
207428	SEMA4D
140100	KIAA1972
137428	MAML1
116971	MGC26979
207678	ZNF436
198250	TFAP2C
204208	TBCA
176580	CGGBP1
160632	SRP68
155041	FGF8
118750	MARK2
109048	UPK3B
136580	LMO6
112107	C19orf22
197013	SDF2L1
163375	CGA
106465	CNP
227096	IFT20
199679	BAGE3,MLL3,BAGE5
129085	A4GNT
107464	USP38
107517	HMGCL
124823	POLB
202542	FLJ31438
128398	ANAPC4
123063	ZMAT1
185776	CACNG4
110772	COL19A1
119183	PLCXD1
145520	RAB11A
117851	GTF2A1
205244	MAP3K10
190165	FRMPD1
218609	PDCD2
115905	UGCGL1
210569	LOC151194
164250	C6orf106
175800	SPN
212219	CXorf17
213826	RQCD1
156918	CBARA1
119269	PRKAR1A
165796	MRPS14
137815	MGC15668
229702	FLJ42289
149127	HOXD1
161807	DPYSL4
185792	WFDC3
210935	ELF1
210297	LYPLAL1
114277	HLA-DPA1
179975	SLC39A7
113714	C18orf1
126107	PACRG
123648	ASXL2
125736	C20orf149
102937	PNRC1
151186	TSKS
138553	ATRX
163393	LOC440712
106534	DHRS2
184272	CNN1
200144	FLJ13291
112577	na,RPS28
128708	ZNF124
155740	APOE
215030	NYD-SP21
170989	ZNF217
217165	MSL3L1
136648	LOXL2
115895	MAGEA2B,MAGEA2
131149	IFI30
149342	DHX29
140541	ART5
142840	NCDN
203620	ZC3HDC7
198421	TOB1
136300	MGC87315,RSAFD1
132658	E2IG5
130862	RCP9
133206	BRPF3
184142	C19orf6
171301	MAP2K3
109743	LOC338328
106960	DYX1C1
119787	ACOX1
212885	CA14
121430	DHDDS
160252	M6PRBP1
221958	KIAA0663
221712	LOC90806
210933	SEC61A1
201442	ACD
207664	SIM2
110926	FBXO33
162368	NFIX
140007	FLJ21156
171103	GALNT3
141676	FLJ12750
123533	WEE1
152735	MPP2
155781	SLC17A1
212385	TCEB3B
110763	MPHOSPH10
155355	THSD2
123724	RAB17
216615	FLJ14297
221123	PCDHAC2
169872	CCT4
210229	RASAL2
183742	SLC24A3
171206	MYO1F
102241	ITGBL1
138911	PCDHB6
119060	CCR9
187225	SLC12A7
209446	SEC24B
194709	GPR40
136207	SERPINF1
125364	KIAA1586
117700	PF6
216337	FEZ1
172396	FAM19A4
108492	CPEB3
143288	CSF3
102632	FTSJ2
192916	KHSRP
213612	CD34
155029	LPPR2
157941	C3orf18
149997	NXF3
181922	SNX15
177144	IMPA2
149150	TMEM16G
174757	C10orf79
207156	DKFZP564C186
195040	HRH4
193795	ATP1A2
133193	IFIH1
203033	PLSCR2
212253	TNNC1
146076	FLVCR
186773	PTGDS
176984	KIF7
209348	FAM3C
106014	TBC1D17
206720	FAM43A
146663	ANKRD15
407234	KRTAP10-4
137396	OCM
178695	KIAA1328
104723	BCL2L12
181162	FLJ31547
114747	CGI-119
166313	G6PC3
151138	FZD5
152027	IQCA
223896	WDR33
170654	XAGE1
198375	PTGIS
111793	NEGR1
135458	CITED2
118529	HLF
205882	NPFF
161470	TWSG1
183527	CAPG
225030	CNOT6L
162696	TIGD5
201678	CYP2R1
135810	LRCH4
118386	GPR18
193629	AHI1
133376	ZNF576
211426	RWDD3
685815	H1T2
179094	GDF9
165973	HLA-DRA
213004	NDUFA6
193893	EPSTI1
208696	DZIP3
194679	C15orf25
110809	NLGN1
134224	ST6GALNAC2
496276	FLJ33360
186800	FLJ32785
186554	WNT10B
131242	PCDHGA1
159394	CX3CL1
166246	FADS1
114939	SLC8A3
175914	MGC4728
181086	HAL
164911	RAC2
219920	ZNF658
206565	TIRAP
184747	RPS29
219831	CES4
180354	ABHD8
682998	PMCHL1
197686	PVRL1
183936	GFAP
172752	FBXO34
143862	SLC35B3
174810	ESM1
130657	DPPA2
200414	ITGB5
156730	RHEBL1
206733	LZTFL1
103441	C6orf64
101603	FLJ10747
113393	MGC5395
144020	FLJ20618
153188	ULK1
112778	SLC23A1
188640	MINPP1
207908	FLCN
158216	PLAG1
152164	TAF11
224821	KCNG4
204760	PSMD13
234625	MGC27466
108457	TSP-NY
154827	FDFT1
190367	PLXNB3
154486	ARPC3
153988	ARCH
115462	NYD-SP14
184053	ANXA11
164668	FLJ38725
151843	NCOR1
190752	NPAS2
174993	SEMA3E
211331	CD4
200983	HSF2BP
219223	CEACAM1
155234	CSF2
165396	DOCK1
162870	LOC339789
200163	CHD4
140040	LOC201164
131901	RPS20
115039	SNX27
142890	TTN
127895	HECW1
147448	CEBPA
208939	BOC
110551	C9orf138
216429	TRIM58
144577	C9orf24
138129	PLOD3
186062	CLUL1
206338	FLJ22269
180333	MGST2
174697	WDR49
137374	DOLPP1
183284	USP49
186150	BIRC4
118825	DKFZp761B107
125666	ASAH1
194779	KIAA0913
193991	ASAH2
226588	FLJ35728
208292	C9orf114
110562	POP4
206371	MPZL1
100365	DKFZP564I0422
116205	ERCC1
188922	TRIB2
203610	ABP1
215928	RBJ
216296	SSH1
212936	SIRT3
132546	MTMR8
214731	SCNN1G
175413	SLC9A5
187987	RSU1
106983	THUMPD1
108045	MYST1
172419	HH114
227312	FLJ39616
202634	KIAA0423
125471	GIPC3
114207	RPS29
111556	PSIP1
122603	ADAM8
200660	DHTKD1
150078	DKFZP434B168
222315	NOX1
205587	FLJ31295
165552	CNGA3
127423	DOCK7
136571	FLJ21919
106529	SMO
129347	OR2K2
182816	SH3KBP1
132568	POLR2C
225854	PHEMX
180993	FLJ13855
140410	SPPL2B
128289	FLJ22679
183248	ZNF238
164776	CXYorf2
199170	DC2
160439	UBR2
158239	TRPC1
130350	EDA
117043	SAMD6
125526	TRIM2
113628	STARD7
187081	C14orf94
109539	REL
117163	DOC-1R
220380	FAM49A
197815	NYD-SP26
208118	RPP38
194517	OSBP
119119	ZIM3
149300	FLJ43806
225165	MGC35558
205375	RDHE2
133133	SLK
134522	ALDH3B2
115298	NR2C1
154111	HDAC10
109289	GRPEL1
154777	GPR12
166399	MGC14817
132195	C3orf14
115114	DNAJD1
138018	MAPK1
159670	CD53
200418	ATXN2L
167728	na,EIF3S5
167128	ARHGEF12
188418	DMGDH
208491	na,RPS3A
128961	TFPT
151914	RPS6KC1
222234	PAPPA
151080	APH1A
191750	FLJ25692
144941	HOXA4
101835	CHES1
183313	FLJ10379
113585	FILIP1
152561	KCNN4
110172	SLC6A19
141235	FLJ20397
106161	SYP
139142	ZNF232
102338	H-plk
151187	TAS1R1
137828	SPFH2
174713	ITPR2
181677	OR6K6
121541	SLC25A21
198091	GUCY1B2
121857	SMAD2
179403	TIMD4
134280	SPRY3
102875	PX19
109767	ABCC3
190870	DENR
199799	SFRS10
163800	C22orf15
155319	FASTK
186794	MGC34725
187973	TMF1
216486	LOC221955
158739	GOLGA4
151027	CHI3L2
103430	CLEC4G
224575	WDR4
180427	GHITM
119143	HMGA1
219627	ASAM
127029	GIMAP4
134683	ETV3
171313	FLRT2
155361	RUFY1
199747	RNF14
107931	SH3YL1
199228	KRTAP13-2
167875	UNQ2541
166946	ATF4
162170	WWP2
222659	PCDHA2
193186	ADRA1A
150036	GRK5
196699	CUL1
105979	MGC13138
188901	KCNJ9
144265	HIST1H2AL
110767	LOC57821
103666	NRAS
105744	AIP1
204118	WFDC9
136743	NCOA1
105724	RHCG
157937	IL2RB
152666	LOC143903
102732	LRPAP1
106787	NT5C3
120692	CYP51A1
409639	PLEC1
179527	SIPA1L1
182635	ESRRG
154577	FLJ10099
181322	ZNF71
134218	MRE11A
192968	CBX8
109770	RPUSD3
188684	PPP2CA
195860	GALNT14
111441	PCDHGA8
191524	ATP2B2
141429	PRKRIP1
172984	MGC99813
135086	CYP1A1
229558	FLJ16124
127034	HARSL
121081	TNFRSF21
135074	FOXE1
696907	FLJ40296
111880	FLJ10211
187458	PSMA5
190011	MAP1B
212448	COX6B2
101072	MEFV
119072	RASSF6
157699	ALS2CR12
170835	NYX
112194	PCK1
233074	HS6ST3
109437	KIAA1404
110310	TRIM56
154428	CRYAA
174130	CECR6
158322	FLJ23588
166428	RAP80
141539	OR12D2
197801	TM4SF14
226088	PCDHGA12
202112	MGC33370
138895	SGPP2
159559	na,HMGN2
164104	RXRA
206909	H3F3B
131072	ELP3
167203	NDUFS6
200111	KIAA0100
198202	SMARCC1
146582	NSUN2
156497	RALBP1
215246	COG8
150318	KNDC1
148054	PHLDA1
232937	OR4D2
125897	MGC20983
151417	SPG20
216696	MYO10
108289	XPOT
165886	UHRF1
146916	F3
122937	LOC284058
197782	SSTR5
122698	PITPNB
220413	HNRPA1
124706	GOT2
114635	LOC338773
110323	SIM1
131820	DDX27
149469	OPN4
123186	SAMD1
168721	LOC151963
183666	MPG
189240	RING1
171047	LOC340204
143111	GPT2
202075	MRPL34
164385	CGI-38
143449	SEMA3F
200770	CCNE1
124165	PLCB2
152949	B3GNT4
221404	MGC40107
224243	ZDHHC19
185567	LOC494143
154839	APBB1
186640	OR52W1
221051	SLC29A4
168863	TXK
126570	SAMD12
120260	FLJ23221
119173	LRRC20
235953	LOC492311
172451	DISC1
175688	HT036
215615	UCKL1
182279	ABCB1
124290	FLJ33979
216083	ZC3HDC6
234174	C6orf205
212064	TMPRSS6
164887	ZNF258
205410	OR2H1
180197	SUSD3
144168	BNIP3L
187290	C9orf3
183564	KRTAP1-5
210834	na,FLJ11800
145553	CBR3
200834	IL7R
158472	HIST1H4A
145624	TSGA2
114814	OR51B2
145851	BTAF1
109737	GNA12
167953	MOSPD3
109147	POLRMT
108419	SFPQ
146323	SECTM1
187195	HSPC182
204458	MARCO
185558	LOC348094
163681	SRI
139312	FLJ90575
132261	ZNF259
186364	ARHGEF1
134602	LRG1
110867	NUPL2
143047	CANT1
189388	LOC146845
208689	BTBD14A
232352	OR5C1
169086	PEX11A
122124	MGC24381
194211	FLJ20972
160779	STAT3
106979	MAP1LC3B
122713	FLJ14107
166985	TRIP6
196925	NCKIPSD
197538	BHLHB2
125872	HIST1H2BA
174472	PDYN
123565	TNRC4
177198	PTMAP8,PTMA
218974	LOC148823
214820	C14orf130
104539	CLEC1A
120497	WDR21
694422	FAM55B
152539	PSEN1
138156	CPN2
199683	RHOC
126700	ZNF382
181758	APG3L
206535	CR2
169629	TEKT3
180976	UGT8
173982	SEC6L1
206417	CHN1
179460	ISOC1
181845	LCMT1
210643	LOC169355
225147	VPS28
125454	FOXJ2
141586	SLICK
136715	PDIP
121963	OR10G2
154787	DGCR8
10700437	SH2D4B
116039	CDC40
226027	RPL35
143996	PSCDBP
117566	FLJ10081
193667	CRYGA
224098	ALS2CR13
119103	GOLGA5
130401	FGF18
204888	GEMIN4
171336	PRKRIR
103225	FUCA2
195754	ZNF606
129445	SFRS3
106320	C1QDC1
148266	C15orf27
170611	EFNA2
196962	CDK5RAP3
117142	PITPNC1
211828	MAN1C1
166860	IQCB1
188936	TIMM17A
115354	KIF4A
190023	MGC33962
114692	PROK1
200896	CATSPER2
112126	POLR2L
209671	SSB
109447	MGC34648
159909	C1RL
144937	FLJ23049
142525	ATP2A2
113421	LEPROT
122227	CDH5
150567	DAB2
203190	TMEM33
227647	ARPP-21
175134	DNM3
111014	STK36
223228	PCSK6
186112	ANKS1
147888	CDH7
223777	MGC16635
234743	CHR3SYT
141280	ATXN2
103164	IL12A
171258	DIA1
216727	GLRA1
164115	PP2447
134017	MCC
184039	DMBX1
137843	DKFZp434I099
129308	HPRP8BP
125994	CLIC6
213523	ZNF655
195838	MAPK8IP1
199478	SORCS1
221580	TRIM50A
189097	GAS7
196543	OR4K17
143062	C6orf216
146289	DDX3X
105056	HMGN1
140961	TM4SF5
202484	DJ167A19.1
172320	HRAS
209362	LY75
113757	RHOT1
150219	MGC61598
199363	PCDHB15
183256	LOC283232
160259	IFNA4
115770	MLF1
207614	NR1H4
340127	XRG5a
137968	OCRL
217565	SPANXB2,SPANXB1
176886	INPP5D
110431	SMCY
645197	KRTAP21-2
118873	DHCR7
180932	SLC25A26
209605	RDH13
103235	PLEKHH2
156775	OAZ3
151155	PRND
188497	ADSS
193857	KIAA1539
213676	TGM2
130312	GRPEL2
217663	FLJ21439
204795	SLC16A4
158936	FAM12B
121203	STAC2
135851	REN
175018	CACNA2D2
162516	AKR1B1
105544	AF5Q31
175461	MYOZ1
108029	DKFZp313N0621
171931	CHRNB2
154404	FLJ32252
153528	NALP4
191842	P8
165838	TFCP2
172112	FXN
188477	DTX3L
166386	ANGPTL1
176788	CDADC1
111052	DVL2
196031	MGC61550
207085	MAP3K9
217473	TA-LRRP
181170	SLA2
134886	MGC14327
110359	ZNF555
119528	FLJ25078
129690	BMP15
138962	BST1
105763	APOA4
133496	ARL10B
132007	TNP1
183236	PLEKHC1
174494	KCTD5
101068	FLJ20257
162087	GCH1
176743	GYG2
234908	C19orf15
203952	HMG20B
209753	COL16A1
117055	C10orf80
221562	RAC1
203545	USP32
158787	C1orf24
141706	MGC59937
149707	SLC19A1
103111	C22orf23
206947	SMAD7
174001	TCL6
124917	FLJ33008
113975	UTP14A
164958	ZA20D1
698451	ZNF623
134895	RGPR
161306	TPARL
183045	TPR
172786	NOVA2
183211	PHYH
103896	ZNF239
139075	PLEKHE1
167477	KIAA1804
180896	KIAA0286
149988	POMC
163073	PSG9
208404	PRKCQ
220032	GAD1
168904	TRNT1
151014	NUDT13
137488	NMD3
212739	BIRC1
142242	GPR45
177633	GPSM3
169657	DALRD3
226830	MAK
162854	FLJ14213
184897	SFXN2
160220	KRT24
209190	WDR24
149902	LOC389458
211708	SSX3
233280	MGC41945
173294	Lrp2bp
215376	PTPRB
109132	MAG
182686	ADH6
115999	MAPK13
112189	KCNA6
124154	LOC127253
158237	GPX6
198893	OR7G2
182941	MICAL3
200942	DUSP13
123057	KIAA1799
151550	KIAA0196
108448	DHX35
207068	OCIAD1
197020	GPATC4
150184	C20orf28
185733	ELA1
205403	LOC221143
111179	ADRM1
122540	NDUFA11
541978	CYP2D6,LOC440832,CYP2D7P1
157221	AD031
123515	PDIR
122477	NETO1
204784	PPM1A
110990	ANAPC10
218138	KRT17
199094	C6orf108
120059	OR1E1
180407	FLJ10292
192081	MGC4238
125688	C6orf157
132403	FLJ20010
189438	LYPLA1
178907	CENTB5
182212	GRIPAP1
140613	ARID5A
144166	LSM10
141544	MGC2654
147312	FRBZ1
137709	HDAC5
176652	PDZRN4
168735	HB-1
168270	MGC12966
223635	GPR112
161540	ZMYND11
109542	VIM
467477	MGC5178
134760	FGFRL1
195205	GCM2
215115	PIGF
192103	PYM
119453	STC1
209472	CYP2B6
200456	FSBP
163204	DUOX2
147118	RALGPS2
153694	HCLS1
173247	ROD1
211671	SCGB1D2
113560	FLJ10036
195457	EMR1
186522	IQGAP3
199205	AKAP10
137970	LOC343702
206122	FLJ12666
156331	LAF4
191355	PLEKHB2
196452	FLJ20581
108072	SNX14
102926	SERPINE1
188846	CTBS
212618	FLJ32830
156297	AGPAT4
185885	PIM2
153544	NAPA
216786	PTOV1
190148	PLEKHM1
122665	RSNL2
207186	KYNU
158421	FAM14B
112673	FLJ11535
112557	CGB7
118760	SMARCA4
112640	MMP9
177585	RIN3
189688	CLEC2D
145990	TGFB1I1
190056	CTSC
115186	SLC2A13
185802	COCH
222587	RPL22
153747	SCN2A2
204028	FBXW5
110254	MARK1
158637	ARP10
161534	PSD4
156950	PRPF8
133759	GSTM2
199310	SHFM3
104648	SLC10A1
196657	TMLHE
151734	FLJ30435
114534	LPP
173387	SSTR1
189375	TGM6
107292	SESN2
206682	HNRPC
128473	ZA20D3
195937	GPRC6A
101368	FLJ39441
214959	BLP2
223796	C9orf66
100181	AIM2
104743	GIT2
139374	EDIL3
138869	FLJ22104
156432	C15orf20
222031	C14orf48
141572	ZP3
206913	INE1
105602	NDUFB4
179610	SSA2
221685	FAM47A
179534	WBSCR22
202924	C1orf38
107497	FLJ25471
157547	FZD2
140364	FSTL1
162345	AIRE
213472	LOC114926
102177	C18orf14
209528	APG9L1
177811	E2F5
182977	CYB5R2
157627	TOLLIP
120638	ACCN4
160295	LOC221711
105984	NDUFB1
137555	C19orf2
155417	KIAA1277
199900	RBM7
144134	FTHL17
115295	DZIP1
216584	VPS13C
149134	LMNB2
129651	MARCH6
159594	FLJ11259
182538	INPP1
112112	NUP43
219074	ILF3
224096	HSPC268
182036	RNF168
109532	MGC11324
223052	MGC20255
198399	DKFZP434K1172
190128	ZNF205
208304	DCK
148034	PROP1
115384	ENOSF1
224543	PTD015
164963	KIAA1503
230804	ZNF445
199050	NCAM2
234436	MGC9850
144634	GTPBP2
159912	ZNF265
232718	MGC48915
165866	HBB
168498	DAPK3
215448	ALAS1
145269	CDW92
122671	FLJ12476
144172	CXCL9
211376	PRO0149
193617	C7orf9
223958	POFUT1
148804	SOX21
170630	SRGAP3
114220	VMD2L2
189636	AP1S2
148620	C6orf29
695840	OR8D4
149504	C1orf48
637621	TTBK1
124112	BRCA1
199789	SNRP70
118403	FLJ10330
206951	MAP4K4
189609	P53AIP1
211696	C6orf55
176036	PARP10
112516	SNAPC4
191944	SLC14A1
213386	CIAPIN1
145053	FBXO40
200004	STAT1
166536	SNAPC5
145458	ANXA9
170515	OR6Y1
198317	SH2D4A
159381	SLC25A15
166145	FLJ12442
224381	HIST1H2AG
148686	LOC126208
121123	BANF1
100840	BLVRA
154897	SLC2A4RG
147058	KCNIP4
195731	FLJ38507
157194	BUB1
105173	GIMAP7
206783	na,SMR3A,SMR3B
221266	RGS3
101441	EIF3S6
713500	FLJ25056
199705	C17orf39
153369	SOX3
188164	FLJ11046
206256	CRYBB2
166271	RPL3
201573	Cep72
123731	ZG16
153763	TEX11
160071	CXorf15
189281	SPATA9
133510	USP54
117340	DDB2
196981	KIAA1924
154179	DKFZP434H132
168429	RIBC1
159842	LRRFIP2
118999	RASGRP2
167600	CXorf1
102218	ACLY
166549	CNDP2
183128	C2orf29
123804	LTA4H
109816	BMP3
193975	MGC15730
205672	FLJ12760
146568	VAX2
139868	IL1F8
151107	LRBA
196692	WDR32
105689	RPS9
176429	CD163
124430	TAF2
151042	CHRNA10
207399	OPN1LW
127447	CPO
190883	FLJ20294
200570	CALR3
236829	na,FLJ42953
129664	na,C6orf68
181692	BAIAP2L2
201030	RNASE3
201265	CNTF,ZFP91
145778	RAB14
215842	na,KIAA0663
152463	PLCL2
145829	ERMAP
118348	TRIM21
120269	FLJ45651
144919	VGLL4
175029	HDAC7A
109888	SLC22A13
182680	GABRB2
161890	ERN1
199861	FLJ22301
161333	IFI16
126432	MGC33414
232860	KIAA1328
177868	Shax3
649805	KIAA0125
172291	BANP
141034	SMPX
157734	LOC348094
185698	CIC
101555	FLJ25692
130394	C20orf29
222573	TPM3
114839	PLA2G4B
105627	ERBB2
157636	SLC35F3
194412	FLJ13576
124416	FBN2
134230	GTF2H4
185811	C21orf91
154605	MGC20481
215909	PGEA1
210977	PEX11B
182917	ZFYVE1
134208	CDH4
202054	GRM8
144256	ATIC
182254	KIAA0980
704863	na,MGC75556
189077	B3GALNT2
204044	PTTG1
176626	LOC196549
133209	RAP2C
100259	FLJ21839
109118	PKD2L2
112767	GPR7
125382	OR5AP2
124360	GENX-3414
196867	TBC1D21
224678	MRPL20
214309	ITPKB
204834	MGC33214
112462	BLOC1S2
113059	EHD3
130014	PRKCA
127252	BCL7C
186829	BICD1
216657	MGC3130
144446	USP2
195515	FN5
228112	LOC401431
100460	DDX24
120663	DST
174680	HNRPD
192479	KIAA0528
171927	MMP19
208484	GPR172B
108521	TSARG6
115761	ARL1
101059	LAMA4
191693	SLC41A2
182824	TCL1B
223759	SYNGR1
121764	SLC6A14
213833	EEF1B2
168350	PGBD1
207914	CCNJ
212027	NAGA
169679	C20orf38
200912	AP1G2
193167	FLJ22938
169616	DOCK2
225065	MSCP
188686	MRPS15
219107	GJB4
181595	OR10A2
147522	TBXA2R
107463	COX7B2
126719	RIOK2
148379	ZAP70
104309	ERK8
200335	CASP9
203656	GPR132
193324	PSMB3
193848	DNAJC13
140544	CPVL
203363	FREQ
196171	KPNA1
172942	C10orf33
100405	KIAA0562
195820	RAB7L1
176231	LIR9
174139	UGT2B11
143136	CALN1
121151	HSFY2,HSFY1
563689	HS3ST4
223977	KIR3DL3
178033	STK25
174850	MYO18B
194823	ARHGAP22
160408	SYT12
192976	PYHIN1
103404	ABCC2
141298	SEC31L1
195756	DKFZp434H2215
187070	TOMM7
190170	DERP6
169663	TMEM16C
192804	DRPLA
106827	SRrp35
173987	P2RY2
127861	SLIT1
127298	HTN1
187792	ACPP
198405	AP1G1
205124	CP
173237	ACVR1C
148242	HSPA1B
140284	B7-H4
227629	MGC34821
148113	GART
230194	CEAL1
161986	EB-1
194086	MGC16044
109498	CRH
143290	BCLP
202832	DGKH
153072	STIP1
165359	DNCH1
152068	DCHS2
133013	CHST4
149758	SSBP4
135186	ATP11C
167891	GALNT2
145312	CRBN
106309	CHRM2
187691	APG16L
114661	HNRPA0
135293	CCL8
157165	HINT3
208712	TDRD1
134501	FLJ10307
178605	LOC257106
143100	LOH11CR2A
205746	DKFZP564G2022
138185	PCK2
149253	PAMCI
205314	LYNX1
223165	PURB
179855	KIAA0117
195562	DHFR
133761	FLJ23186
164651	MPHOSPH9
132668	ADD3
221973	SLC9A1
132577	IL15RA
203087	MGC26818
122167	ELOVL3
174774	RNF139
144979	RAM2
111340	C6orf81
132620	FGR
199389	MAP3K7IP2
142269	EIF1AX
142218	OR52L1
191745	EDN2
102503	LSM3
135001	CATSPER1
125575	DPAGT1
203342	MYO9B
205187	KIAA0773
207928	LHFPL3
227109	EYA1
194142	CRSP8
116936	FAM13A1
134128	MYH11
205498	PHF10
197832	SLC39A8
156100	KIAA0828
167147	PITX2
100093	GLI3
209738	RPL36AL
189546	SGTA
103883	FLJ33814
208761	SFRS2IP
118237	TAF6L
111929	EDAR
106893	LPL
130485	MSP
202969	SOX11
123781	GABRA4
134828	MGC2474
154860	TM4SF13
187621	MTCH1
162651	DT1P1A10
202987	ARHGAP1
157771	GBX2
104615	PIK3AP1
177753	REA
123078	C9orf117
134551	SERPINI1
187441	CDH12
124784	MRPL43
159938	COX4I1
212132	FBLN5
203947	SYN3
140651	KCNA7
169984	SEPP1
103975	NKX2-2
172069	CES2
209090	NTRK3
138374	UROC1
178078	TDGF1
221906	FBXO28
211134	ARHGDIA
162982	BMP2K
197061	CASP4
160701	WDR6
492344	XAGE1
167585	LRRC8
186058	OR1D4
151983	ACE
175938	UBE2Q
173555	HMGN2
157406	KCNB1
102267	SS18L2
209883	C14orf160
183246	HNRPC
217786	MGC14276
143799	RERE
157985	AICDA
101862	NID67
183511	PTP4A2
101446	CST1
134305	ARPC1B
171651	C4BPB
179099	CDX4
170461	ZNF533
100689	WDR9
132549	CANP
139645	PDZK1
214273	IL21R
146906	ADH1B
144531	C6orf59
151197	F12
212817	CAPN10
170246	BRUNOL6
214987	TUFM
211980	BBC3
147956	CRYGN
188614	B7
158303	FLJ40089
119717	VBP1
146593	ACADVL
185042	GYG
138688	MAMDC1
213819	VRK3
194498	DLG7
118924	IFNA7
200586	LOC199920
102116	MTERF
131675	PDE4B
105011	DEPDC6
141635	SOSTDC1
219345	FLJ31882
105507	MNAT1
113396	SLB
167052	RNGTT
190465	MGC39715
339143	FLJ46026
209809	BAZ1A
175766	MGC10198
147186	USH1G
112908	DOM3Z
189793	UQCRFS1
231060	TIP39
212174	POMT1
157896	FRAS1
120159	KCNJ3
109949	MGRN1
188867	ABHD7
153595	HCRTR1
199487	SV2B
110140	MGC57827
166193	FOXP2
197907	PLSCR4
135544	GAS2L1
153434	PIAS4
203726	PABPC5
113742	ABCC13
206178	SYT14L
112910	TRIP10
159964	MGC41945
191970	PCBP2
165119	CLDN18
127188	ELOVL1
180792	C6orf153
107897	PABPC4
157725	PPP1R3C
201257	RNF26
162643	GARP
122909	FLJ20130
225537	MGC57211
189070	EEF1G
192842	FGFR3
218201	PLSCR1
143651	UBE2C
121075	STK16
156029	C20orf36
120876	MYO15A
207179	ZNF46
196972	ARHGEF15
120013	MRPS5
225970	PPT2
159800	EEF2
118049	KRT4
149133	SOD2
212880	LRRTM2
210326	TSK
158604	SORT1
127002	STK17B
170191	SOD1
100336	CYP4Z1
215602	PSORS1C1
709890	MGC70924
119574	CD79B
130710	SLC25A29
131962	HPS4
219483	TLK1
134842	MRPL48
132155	MYL7
117895	SCG2
179253	OR52R1
182449	HSPA5BP1
144959	SRR
128418	PFAS
217907	PCDHGB6
205247	ALOX12B
103554	CLDN12
234536	AP4S1
152864	KIAA0804
179061	FETUB
157361	DEPDC2
156448	BUB1B
105914	ZNF326
122010	NXPH4
196613	MGC45866
192570	EVE1
215653	MGC17986
174330	ZNF488
211713	SLC39A14
212648	STAF42
123743	PDE3A
126482	OR4X1
279899	LOC255313
195028	FLJ32871
186227	KRT12
112574	TACR1
189774	FLJ13955
179607	MAK10
101231	GLULD1
200103	ASB18
217150	CBLN4
192152	HHLA1
149591	RHOB
103928	MGC45871
160637	PITPNA
111933	FLJ20584
192556	FLJ20729
227227	LOC144983
160911	EPS8L1
184838	TIPARP
211513	PCDHA10
196590	TDG
151002	UNC93B1
174927	CKLFSF8
208654	FBXL8
203613	AFMID
132812	ZNF165
111805	POU3F4
144438	C20orf20
234594	BOMB
172779	na,SORD
222462	LEPR
139600	USP9Y
197227	KRTHA4
202411	SLC4A1
174658	FOXG1B
225039	FLJ32934
218912	IQCE
220255	IXL
208048	ACVR2B
175573	APOC1
145525	GPR87
166928	NISCH
169947	ZNRF2
150137	FABP4
160697	MBD2
194112	RSHL2
136008	ARID4A
126994	CAP2
227891	SPAP1
225617	HIST1H3H
127233	SEC22L1
178360	EPAS1
167695	MYO1D
123666	SCRN3
179287	FLJ35725
413036	FLJ36144
178244	THAP4
142678	RBM4
183774	TNFRSF17
108084	LOC441438,LOC375719,LOC441432
149070	UTF1
168774	GPR110
169331	FLJ10884
171420	KLHL21
234770	ZNF452
195222	ADAM12
159195	EIF4G2
112058	RAB8B
190099	FLJ10719
179628	EPX
212855	LILRA1
202584	KDELC1
232873	ARMCX6
171663	MYL4
133316	SLC25A27
215960	SPAG6
147764	OGG1
105457	SKD3
220312	FLJ31952
116964	PES1
183747	DCTN3
131928	MLL4
105288	C21orf70
137165	CSRP2
159025	CCL15,CCL14
169183	APC
223339	MGC33371
148260	TLE6
103587	KSP37
141188	COH1
701860	ZNF615
176952	WDR18
106901	UBQLN4P,UBQLN4
116373	FLJ32206
207167	DKFZP564O123
110350	SELI
165438	ZNF540
135509	GPR84
216855	C14orf4
119958	HPS5
147346	DEFA3
225360	DEFB119
179781	NOD3
202451	DHRS9
146548	SMARCB1
178868	BCL6B
115013	GPR65
224173	ATAD3B
106228	SNX12
204000	GPX2
102063	C6orf130
217610	MGC46496
127521	SLC35B4
190571	RAB2
140797	C12orf8
135234	CRIP1
200482	NGLY1
191086	RABIF
109690	PRPF4
110721	PLXDC1
202499	CRYBA1
186192	CAPN3,GANC
185991	C15orf16
134095	SLCO2B1
109450	FIP1L1
179908	MRPL44
128833	SOAT
151133	NRBF2
207629	ZCCHC13
198456	SPACA1
204346	ADAMTS3
166044	MRGX2
198982	SRD5A2
135437	COLQ
104293	UBN1
199896	PKHD1L1
216030	AGMAT
115964	ARR3
158467	CSF1R
209756	SCML1
114945	STARS
176416	PPP2R5E
129437	SAP30L
100426	ARSH
129144	PKP4
177599	KIAA0377
154743	LOC199964
226738	ENTPD4
224977	LOC284123
178588	TNFSF13,TNFSF12-TNFSF13
126602	RABGAP1L
160054	KIR2DL3
183184	TA-PP2C
183023	C1orf41
150528	DLX4
114356	ACSL3
138702	PTPN11
175486	ST8SIA3
179029	BCOR
213530	SLC26A7
183103	CECR1
208751	ARMC4
145049	BAIAP2L1
182360	OTOS
189538	PDGFC
211942	BRP44L
149764	EGLN2
181586	OR2A5
167151	HOXB2
112620	FBP2
218023	LOC387914
197522	UPF3B
218017	TSLP
188108	GATA4
162674	B3Gn-T6
188590	ZCCHC12
146795	KRTHA5
203326	na,BMPR1A
199121	MCOLN1
130761	FLJ35681
197090	HOXC8
199580	CPA6
139697	CX36
221741	HCMOGT-1
143719	C20orf165
185071	NR2F6
103520	HRMT1L3
108201	PHC3
145370	DATF1
206925	FLJ12270
101655	TAF1A
161671	PTPN21
190300	C1orf51
129766	KIF22
203860	NR2E1
113335	APEX1
178980	C20orf55
195002	CA8
221184	FLJ20433
170669	PPP1CB
118872	ZBP1
184730	BACE2
192117	PIK3R4
228774	TDG
202183	MGAT2
153870	RAB38
157982	FLJ20225
211734	KIN
207719	RIPK4
151695	HNRPH1
203479	na,LOC400509
164703	SAMD11
124506	ADH5
167659	CLCA2
151907	WFIKKN2
122355	PTPRJ
227165	FRAS1
183204	XPA
209666	KRTAP9-2
209706	C7orf25
218675	FLJ39058
146332	BRD4
206865	DEPDC1B
113729	ANXA1
166212	ZDHHC11
169215	FTMT
202862	CLPX
184941	TYRO3
202070	ZC3HC1
111587	SPATA11
163281	SPG4
111019	NDUFA5
218511	MFAP3L
132592	TARS
114281	KCNE1
166777	MGC26598
100596	CEBPG
207298	KRT7
186846	GAS2
180125	CCL25
169462	PPFIA1
197846	LOC113251
148634	FLJ11838
133539	PGBD5
139480	AGXT2
167358	C7orf11
130113	C13orf10
180879	ILVBL
165164	OR6X1
114799	EBF2
216993	EEIG1
235327	MAST2
164334	TNFRSF14
116030	GNA13
171463	PLA2G4C
223045	PAPPA2
212859	MGC13159
211912	FMNL2
221107	RREB1
147271	LST-3
201213	SERPINA6
219378	HIPK1
140793	COL10A1
125540	MGC4796
205529	na,HSPE1
101800	BARX2
164817	CHCHD5
205183	KIAA1115
207413	KIT
218599	MGC26744
185100	TGIF2LY
191964	KRTAP1-1
155555	ACTRT1
112803	ZNF25
100857	PCF11
156149	GCK
114367	KIAA1128
184005	C15orf24
118653	LPIN2
129116	LGMN
193181	DAB1
220101	LOC51234
216809	KIAA1720
203587	NOXA1
146110	PSMA1
186760	RTEL1
117314	CNOT7
189870	ORC5L
102878	PDE7B
108231	AHSA2
137184	ZFPM2
147078	LARGE
166293	ITIH4
179985	RTN2
121895	TOM1L1
184349	GAL3ST4
116820	RAB7B
220362	FLJ46299
195751	FLJ10700
221081	BSCL2
102477	URP
189141	UNQ9372
177441	MRPS27
200923	FLJ30313
206104	SLC28A2
182832	SUMO1
158523	PAFAH1B1
213615	JTV1
163807	ZNF342
235006	BAIAP2L2
235913	TTN
144601	DDAH1
133333	PRG1
167244	RNF166
207419	FLJ20604
160329	ILK
102731	SPTBN1
141301	CRSP2
107416	SLCO1A2
148770	MGLL
170057	DKFZP434H0115
109051	HGD
134294	LOC196463
225392	EPHA10
153055	NUP205
142747	EIF3S9
107652	UQCRB
163165	C22orf16
136803	ONECUT1
144084	KAB
167799	ANXA8
117428	OGFRL1
198348	ARHGAP25
129046	MGC70870
182096	ZNF395
163733	SLC4A7
106376	NOTCH2NL
149416	ZFP64
167507	CKLFSF5
183003	ZNF346
222189	MGC19764
178526	TXNDC7
212112	TMSB10
197739	FLJ35757
114701	RAB28
107565	RPL26L1
141699	MGC22773
143495	ZNF426
126166	FXYD3
113861	CRISPLD1
134376	PEF
174022	SMP3
208388	PTGS2
179573	CCT2
203661	NOS3AS
178729	NDEL1
227904	CXorf20
161022	SCRN2
161702	RCOR3
143127	RY1
714012	CBWD1,CBWD2,LOC220869
219027	FLJ25378
141874	TMSNB
193364	C7orf36
147612	SEC15L1
210097	PDHA1
105391	NTHL1
142863	RCD-8
160979	KLK3
126179	TGFBR2
121544	DMP1
157795	CD109
195508	ARAF
173449	CLTB
107112	TTK
110171	FXYD7
205506	KLHL11
121094	RPS24
218932	FLJ43859,FLJ44082
103010	RCHY1
220282	FLJ32214
158770	LOC157378
136952	EGFR
106564	HIG2
182284	GMIP
172495	GIT2
128824	LOC113386
131694	MGC2803
166581	FLT3LG
196777	DKFZP434I2117
181876	LOC80298
151733	XRN1
143828	SURF5
177381	RGS6
131033	DDX58
183458	MANEA
173056	LAG3
123518	FLJ10094
107201	CORO1C
123810	GABRB3
124914	LAMB4
171170	ECEL1
166377	MGC51082
114806	LRP12
226560	CALU
182075	BARD1
120716	RAPGEF4
165297	RGSL2
147560	SCYL2
210518	UGT2B28
170869	BRD4
131913	MXD3
714676	T2R55
130955	TNK2
264760	CAPON
168915	TUBB2
230760	C9orf105
211456	SFXN5
111502	PHF14
120652	GPR25
151148	SUV39H2
235834	RPL4
126594	BLP1
145340	SLC6A5
114423	GCNT1
112304	GLRB
140129	RICS
225859	GPR154
150029	LOC81558
168789	ZNF174
154409	POU6F2
187403	FLJ12806
163456	FLJ34870
168086	DKFZP434P1750
138045	MDFI
183778	SLC25A25
168176	GNRH1
110587	EPB41L3
114559	ARL6IP5
112383	PSMD4
109732	HPCA
194422	SIGLEC11
178683	TUBG1
106712	PREB
114843	ATP6V0A2
152727	SLC35A2
107784	LOC51059
206087	na,RPL13
204877	TM4SF8
124630	WDR8
117093	C6orf142
115387	COL23A1
167667	GRASP
157957	GNAI3
133424	ENTPD8
136536	AZGP1
189992	MGC5297
103677	SOLH
144451	CYP26C1
199570	PLA2G7
227247	BCORL1
168061	TP53I5
122812	CSAG1
173785	MGC16471
152134	FLJ22635
133241	KIF2B
118091	MYOM1
171006	PSAP
190964	TNFSF9
150336	MDGA1
182693	LOC375748
169279	ARID3A
158064	ENC2
210372	DNAH5
112355	DPYD
125597	VKORC1
182340	RBM14
179018	MYST4
234456	SBNO1
159934	PSMA2
444483	TAS2R38
181993	FLJ10665
111408	FLJ14827
199840	CAV3
110461	ZNF502
114764	KIAA1627
192658	USF1
168505	SMPDL3A
159402	GPR83
139453	MGC45438
209380	LRRTM4
180851	CYP2C19
202116	GPC5
203275	ZADH1
165177	LYST
149073	LOC146853
112432	CXXC6
119710	IL1F10
210393	KCNAB1
202348	MXD1
211558	ALDH1L1
230564	FADS6
348501	LOC388152,FLJ22795
131567	CETN2
116550	SPAG11
205295	FCRH1
124375	PRSS33
155008	PTGER3
198904	TRHR
191984	SLC6A16
155376	FLJ33817
125615	GRCA
116198	HSPA9B
189413	PHACTR1
146376	MT3
168667	PEX6
197208	LMO3
296275	UQCRFS1
202672	GFRA1
171575	SLC24A2
123460	MtFMT
128690	LOC400966,ANAPC1
150147	ABCG8
186725	ALDH3A1
10692164	na,RAB43
132742	MFI2
177141	KIAA0427
143852	PDCD6IP
115022	SLC30A1
206970	MGC12458
172882	GALR3
192466	GSG1
206444	H2AFX
211978	MDS028
141575	LOXL4
150503	CLN3
172324	FBXO7
191407	FUT10
107691	RNF13
110807	ATP6V1E1
126803	C9orf68
158562	RAGE
145388	ELA3A
188332	DRE1
202606	HFE2
200862	PAH
173295	LOC149837
138631	DHX15
120215	ZNF519
203101	SYNE2
144998	PSMA7
158227	BRAF
155879	PXMP4
216851	KIAA2022
121062	GTP
157050	SLC22A7
165748	LMX1B
105029	CALCRL
150259	SYT3
175105	STOML3
224876	HECTD2
191640	TIMM13
212437	AUP1
116169	GFRA4
189549	LOC65122
155654	EYA3
150264	SLC16A11
215977	TIGD3
158894	RRAGB
159411	SYT10
217127	MUM1
131009	FLJ16641
178323	ASB2
144345	SALL4
156437	GRB2
219531	ESSPL
165806	SERPINA3
166030	UBE2D2
141970	UNC5D
146754	FLJ30655
143457	MARCKSL1
212418	EEF1B2
109789	SESTD1
174497	ADRB3
201814	EIF2B5
159115	GCET2
173994	HAO1
185493	ECGF1
128766	EIF2S2
167986	LDHB
147050	MOBKL1A
204245	FLJ37970
159940	DGAT2L6
198054	FAM51A1
191977	CDGAP
188996	MYOZ2
199655	EPS15L1
107283	C10orf86
129975	OLFM4
165022	MDAC1
204884	KCNH8
119241	LOC90557
212610	KLF14
164643	ANKRD12
156016	UNC5B
167300	ROBO1
189756	CUTL1
160258	ZNF31
179681	FLJ12700
158656	CDS2
203777	na,NOX4
151904	CERK
125368	WDHD1
117752	CDC42EP2
129072	RP11-19J3.3
159839	FRAS1
224125	PASD1
157242	UXT
143271	IRX4
142146	GAS1
137199	NUP62
208496	LR8
171053	C17orf32
181035	RAP140
182054	KIDINS220
541266	C10orf114
223161	MGC39821
189121	SLC2A6
152747	ELA2B
202435	CPEB2
106128	IFIT1
123054	PI4K2B
204838	FLJ10307
197044	ATOH8
111085	KCNIP2
202017	FLJ14054
202643	LOC56181
172124	CACNG7
118050	LOC116236
157540	PRKAB1
191410	BHMT2
210485	TAF4
165166	MHC2TA
103921	PRG-3
213879	EFHC2
165531	MRPL21
224142	FLJ40288
108125	SPESP1
169608	KIAA1463
135899	HOXC11
141686	FLJ10901
175533	ELF5
149211	PC
178056	HIST1H4G
202137	FHL2
153697	MPRA
186894	SDCCAG33
101020	ANP32D
234767	FLG
181957	CHCHD7
136440	RHBG
179273	HCST
174056	APOL6
167298	F8
155242	PAF53
126729	SMURF2
202937	IFIT3
139170	EYA1
175587	ZNF337
205249	LCN6
236609	HYDIN
146556	KIAA1862
426464	LCE5A
216749	UMOD
127285	APLP2
126351	RND1
703558	DLG2
149730	C1QTNF2
130937	RPS15A
133594	SCOC
225894	FLJ38359
109150	MAEA
101887	N4BP1
214011	GAGE1
163899	HS6ST3
170808	PTGIR
104547	MGC3123
112606	EIF3S7
138876	ZNF185
184975	TSPYL6
206185	TRHDE
132870	C13orf12
135865	ATP2B3
172356	CUL3
121468	DLL3
150819	RPL7A
210903	HORMAD2
215616	IDI1
186487	RODH-4
191915	DOC2A
150924	LY86
152193	LIPC
111689	KIAA1344
147300	CSNK1G3
102581	MTRF1
133491	KLK13
185319	COPZ2
135952	FBXL6
161216	BAIAP2
140492	ADAM7
212772	KLHL2
152077	OR1D4
163460	YKT6
119925	MGC42174
175380	CA6
108010	ESR2
126367	ORAOV1
164230	STAT6
182995	CMYA4
142009	TESK1
174404	SCNM1
199305	HSGT1
201841	LOC55908
154357	ZNF133
181392	RAI16
156849	SAE1
131917	SF3A3
202455	PRDX1
193798	IQGAP1
108511	GCDH
203183	FER1L3
142237	MMP12
144309	RPL8
225050	RASL10B
119375	C16orf35
177719	PGS1
180108	NAG6
148252	TFAP2A
164486	KIAA0152
138451	DPP8
213218	SH2D1A
174493	FPRL1
158015	SLC22A9
132559	DAPK1
117044	GSDMDC1
145677	SOAT2
167321	CALM3
104708	ARMC4
215326	GPM6A
186233	FLJ31139
200565	FBXO22
148029	NSDHL
145100	CACNG2
147395	BZRAP1
145761	FLJ20436
228618	C6orf122
141457	MSH4
146084	EXOSC6
157963	CSPG4
165679	SAMD3
104353	C20orf10
170823	IFITM3
200626	SLC5A11
193431	CDIPT
202512	TBC1D1
215867	PWWP1
153789	DNMT3A
134472	ZBTB9
104427	e(y)2
144561	RBM17
209123	ZNF148
118299	PARP14
106466	DRG2
195865	XLKD1
186705	CD80
117667	GPR78
126829	TRIM17
122881	RLN1
156433	SDPR
189180	SEZ6
173085	BBS2
212680	TIMP2
236928	POTE15
197839	SH3BP5
230842	LOC155435
166481	CD2BP2
162862	C11orf24
149151	C1QTNF8
204002	ENTPD2
188240	RPL38
158749	UGT2A1
220033	ITSN2
186024	FLJ10980
193265	FLJ30851
218186	KRT3
193067	TESK2
166903	GP2
157528	GP5
105497	RRAGA
214655	INHBC
156570	PPAT
179911	FLJ30046
144110	SGCG
135336	CYP2C19
204476	PPIH
118104	NEK3
206959	PDCD7
128637	FUT5
186921	RDH14
135689	C10orf72
106015	FLJ20014
135861	MGC11102
170408	TMEM27
170532	CD226
147526	RBM24
136557	ZNRD1
130624	Spc25
186085	YWHAE
112284	LRRC25
176815	FEN1
151487	C7orf13
166846	MRPL30
139431	SLCO1B1
149130	HNRPM
117513	TRIM54
111974	MS4A10
219934	ARMCX6
101973	GNG11
167947	RPS6KL1
224753	SLC4A5
192552	TXNL1
104254	PTDSS1
106777	NIF3L1BP1
126764	THRB
152145	na,RPSA
173915	C13orf17
110525	FLJ12439
137407	USP3
136898	FLJ14753
108016	ZNF124
211161	ZNF619
152817	OLR1
112106	CCRL2
188737	ANKRD20A,LOC441430,LOC441425
163993	XAGE2
184458	UBE2J2
203034	DCX
194423	C1orf2
212896	FLJ33167
160158	CCL5
118584	MAP4K5
212552	ZNF546
126378	FLJ45455
165415	ATP5I
183866	DDB1
169367	AER61
223584	IL29
115163	FLJ38663
174214	CLST11240
218403	ADPRHL1
154019	SEC14L4
198663	TPH2
163315	AP2S1
172753	SKIP
112668	HIST1H4D
193576	LLGL2
133903	UBE2L3
184380	RNF4
211852	CPS1
155568	KIAA0350
179003	EPRS
106142	CD200R1
116456	FLJ38281
110662	LYPDC2
221630	FERD3L
170849	GNAT1
108839	ZNF336
133553	LRRC17
227182	MSL3L1
155047	MEST
210316	NOX4
101011	MGC14816
201831	PP1201
209773	AP3B2
205367	BTBD7
183806	HIG1
207292	CCNT2
144280	HSPB7
112730	CXCL14
125840	UBP1
103604	PRKD2
235311	na,ATP11A
206934	NEU4
158049	KIAA0564
205600	C20orf27
181628	DRCTNNB1A
159948	OR3A2
194035	SHMT2
199786	RAB33A
105989	ZNF80
208303	HSPC150
159434	VIPR1
189411	DNM2
192791	COPS8
185131	KLRC1
138742	UROD
188871	PTPN13
167664	SNAPC1
145693	DIO3
134119	OR10H1
109788	PRPS1
165227	TNFAIP6
147061	HS3ST4
223897	OLFM1
173502	SP2
120944	C20orf158
164172	FKBPL
110417	PDPK1
206427	GYS1
128976	OR5J2
180185	LOC51249
197486	ABCF3
190109	HOXA13
126953	SIGLEC12
212603	CPNE8
166226	FBXL5
166695	XYLB
215770	HLA-DMB
128434	GPC2
198544	MCOLN2
182080	ET
209013	UCK1
201066	SEMA6A
180173	POP5
115636	HOOK3
138609	AGTRL1
126349	VHL
194605	SLC26A6
151095	SLITRK3
139154	MGC35048
180992	SF3A1
160438	ZFP276
201385	NMT2
141743	ADCK1
191960	CD8A
215650	INSIG1
159870	SLC37A2
159877	DKFZp667M2411,LOC114659
217105	CDK5
135769	PITX3
211479	DCBLD1
210786	ZNF237
198391	TGFBR3
185888	SPAG5
216847	CRA
134363	FLJ35838
222981	SSX7,SSX9
115368	AP2A1
199358	ELOVL4
156320	DEAF1
190050	EXT1
108540	NYD-SP18
132878	CD22
219348	CGI-96
117649	UBE1DC1
150251	CLEC4F
151308	MRPS9
110900	KCNJ15
145753	PPAN
157404	MTHFS
202118	CD72
123195	LOC116238
187672	HBXAP
141843	PSTPIP2
168775	WSB1
144730	CT120
132162	HIST1H4B
210924	FLJ23191
199741	LRRN6A
122305	B3GALT3
119175	N-PAC
172937	P4HA1
206786	TMPIT
209040	ZNF10
127732	LAS1L
129189	SNX13
165338	JUND
194641	PRRG2
175040	ATP5G1
163690	C6orf194
105151	TNFRSF11A
147046	NARS
177738	KIAA0553
145078	STARD8
175759	TRPM2
212391	NNAT
103888	CYP3A4
105793	PNN
193082	OKL38
123867	KIAA0408
111900	LOC162427
103395	CTAGE1
108367	RBM4
211955	TRA16
109099	LOC148213
191146	MGC33365
214322	HYPB
690568	OLIG3
112799	MGC34713
222823	SN
138753	FLJ32752
182608	F11R
155100	MAN2B1
121179	MYH10
233507	PRKCA
218680	FBXO32
115601	L3MBTL
150079	WDR51A
233390	KCTD16
167343	C10orf11
145632	GCLM
150022	SPATC1
222936	RAI1
214131	ATP6V0A1
210657	CEL
183568	MDC1
169496	MGC3207
161015	PDCD1
226457	FSIP2
106306	FLJ45909
154112	NCR2
130379	CSN3
154423	ERCC3
204408	BMF
143507	CPM
199757	CAV1
179526	FLJ10781
213940	C2orf25
173162	GLT25D2
169301	TRIM36
207059	PDCL2
153830	PKD1L1
152627	PYGB
199394	PBOV1
140443	RTN4RL1
142722	TAC3
134295	LOC153222
198595	HTR3A
183231	RPL36
126560	RGS17
205667	C9orf41
169689	MB
143078	LOC286257
216319	CXorf34
185958	WNT4
212501	DOCK6
208373	EAP30
106311	ZNF639
176962	CALB2
141176	PERP
105418	IGSF3
117681	GRB14
169880	ZZANK1
192853	WASL
217125	DKK4
212992	UBB
183711	DNCI2
183381	KIAA0143
174593	YY1AP1
104490	TCF4
217558	PML
168914	HSMPP8
150087	QDPR
142892	KIRREL
211181	SURF6
194352	UBXD1
155313	PRSS22
192649	TSG101
216646	MNT
199643	SFRS7
154935	MGC15677
108284	CXADR
139818	YIF1
172727	ANXA3
174573	IGF2R
217271	CMIP
157327	C14orf133
134150	ADCK4
181652	IVD
140429	CAV2
214499	KIAA1573
196539	PRIM2A
124674	IL1RL2
129701	LOC115294
120654	MYNN
114240	ELAVL3
160853	CYP2A7
136010	DEFB126
114480	DHFR
110611	FLJ39155
171385	ARFGEF2
212454	CYP17A1
136879	WDR23
103843	ARID1B
138381	TRAF5
161753	TBL1X
136844	EIF5B
135438	ZNF584
192656	MGAT5
225677	FCN2
136229	PIGO
186377	SSB3
146532	BATF
133219	RAD51L1
194554	DKFZP586L0724
129936	LOC387680
159537	BFSP1
106552	TPP2
139091	RBMX2
222117	C10orf80
200619	LIPG
115411	HERC6
168229	MUSK
204851	HBP1
156192	FARS2
200184	MYB
174714	NDUFB2
213876	MGC20460
184118	HYAL1
163526	ZFYVE27
119689	FLJ31818
156539	OSBPL3
214843	SAGE1
147967	PIK3C2G
142986	PKMYT1
192857	na,C9orf36
136978	ADAMTS5
169972	FLJ10246
226390	C19orf19
223550	RBM9
140760	FCHO1
194923	SCGB1A1
188744	FLJ25770
161967	CD8B1
139804	TCRIM
123100	SSP411
119090	SLC25A19
182550	SP192
201758	C19orf18
170281	PSMB7
134903	CTBP2
181880	PTCRA
191186	PEO1
161710	CRYM
114691	EMILIN3
116404	RASA1
153586	CLEC12A
102302	FLJ43855
184148	STC2
160304	RAB40A
193656	C7orf21
116963	TFAP2E
182239	ARPC4
129019	RAG1
208758	STX7
183771	FOXF1
204690	MAGEA12
189980	OR2T6
139103	RNASE1
225356	FLJ10006
201601	MYBPHL
103659	PRES
113118	CRNKL1
201868	JMJD1C
163365	TPO
133722	USP34
167294	ERCC4
164847	IGSF11
173863	SLC17A5
215769	FOXA3
117141	MOCS2
144618	DRD2
173179	LY6H
165963	C1orf25
134672	LAT
220107	SEPX1
183171	ETHE1
143103	RABGGTA
114890	IL17RD
185658	KIF3B
165824	TNFSF11
175715	SLC39A1
130163	MPI
106273	CD84
214359	PGDS
212382	LENG4
203123	CLEC2B
194871	PAFAH1B3
164917	LOC113828
163121	Pfs2
213038	ZNF267
129097	BICC1
138013	FLJ22028
172316	LPO
113816	ASB13
106806	CLCA3
110243	LAP3
186835	ZZZ3
103720	TRIP12
178419	FRMD1
144379	FBXO18
216528	ANKRD10
173006	FLJ42875
188689	ARID1A
108876	KLC2
171503	ZDHHC16
168127	PTGS1
712742	ARID3B
209501	TCEAL4
137763	MGC20262
123470	ARMC1
143298	MRPS12
115883	ABCC2
208688	LOC283337
220901	MGC34824
134065	STAG2
189441	KIAA0922
191423	CRYBA2
118599	ZNF512
194077	DKFZp761L1417
127640	ERO1L
106683	ATP8B1
191555	VAMP2
166688	MGC14288
224359	ADAMTS2
152213	FLJ10415
113948	THADA
169828	OLIG1
129254	CATSPER3
156123	OR10K1
154773	CACNA1F
188007	T3JAM
134877	MRPL52
101759	SRC
139889	NYD-SP17
121025	SPIN-2
205995	FAM13C1
138764	PAPLN
132214	STARD3
189249	ZNF214
206232	HIST1H1C
222380	FLJ90036
131558	FAT
118375	DKFZP586H2123
147272	HTR1D
113380	PX19
234867	FAM45A
199099	OSBPL5
198714	PFKFB3
100344	POLS
111545	GZMM
191799	DRD3
116074	OR51I1
246707	PTF1A
196992	B3GALT4
441605	LCE3B
178995	MRPS7
172454	FLJ21168
139315	CPXM2
165243	PSD
137837	GAS2L3
224244	TRIM10
194441	FMO5
128502	PMS2L3
180086	ZDHHC11
208747	CHRNG
224955	C9orf19
164267	TUBB4
159616	MOBKL2A
151130	PLEC1
139501	EIF4G1
144207	INSR
194729	GRIN2C
147121	LOR
204383	GTPBP4
205269	CHD5
169646	ZDHHC6
170352	CYP4F3
159222	NKIRAS1
224705	WFDC11
179608	MAK3
212787	GNPAT
120204	ALS2CR15
203530	SLC17A7
181573	MAB21L2
201290	VPS39
198709	ACAD8
150094	YTHDF3
175705	MGC21654
147079	TCIRG1
198568	MRC1L1,MRC1
142364	IRF3
168384	IL8RA
169945	NDRG1
135510	CREB3L2
210059	MCP
137159	KRTAP3-3
153678	TRPS1
224676	SLCO4C1
208732	PPGB
214298	KCNH4
119246	SLC12A5
130560	CIAS1
115704	CKAP1
209483	TMED7
209185	SIX5
152498	GTF2H5
208763	PCNT1
157038	TETRAN
162550	MPN
103105	RHOBTB3
127331	C18orf34
138851	CNOT2
103562	ACRV1
157248	SCRT2
204684	OTX2
175133	FBL
151939	FLJ13710
200042	SLC30A10
135455	FLJ20422
233094	SLC10A5
157859	UQCRH
102244	TAX1BP1
170864	HAND1
124622	ZC3HDC1
103080	C9orf96
158432	ZNF17
126010	BFSP2
202689	OR5A2
207828	SLC16A7
222687	SBF2
158959	UGT2B17
155598	NDUFV2
150535	C10orf63
200143	PTPRF
171070	SH3GLB1
125061	MGC17330
164569	NR2F1
134244	C1orf16
162989	CCL28
152186	RFC2
184177	OSBPL6
144028	CIDEC
197185	HSPCB
112237	MCFD2
222779	FLJ38973
204006	CDKN2B
124817	CGI-90
215646	TM9SF1
122515	BDH
175188	MGC5509
120556	RCL1
105080	STX6
164225	PPP1R12C
170767	POLD1
225816	FLJ35709
224645	MDM1
179616	RPE65
168751	C13orf7
129341	PML
162713	LHX5
211514	KBTBD2
148844	DYM
214862	ICEBERG
170858	PAX2
234089	LRRC10
119283	PYCR1
204620	RABGGTB
217182	FLJ14281
180432	C7orf10
224176	KCNQ2
162251	ATBF1
156019	DUOX1
169781	NCOR2
709647	KRTAP12-4
201415	MAP3K5
199618	SPRR1B
101955	SLC35F5
140495	PRLR
150616	FLJ10300
139505	C10orf132
125972	GLT28D1
149339	CUEDC1
180961	DKFZp434L142
219316	C21orf70
264394	na,FLJ25222,DKFZp434K1323
126663	IBSP
168722	BCL2L11
226789	SLC6A15
100570	ST7
198729	MAP1D
200679	OR5L1
215187	CXCL10
210574	GABRA1
119268	DDX19L
107701	ZNF307
120355	FLJ13231
106740	C20orf65
162273	CCBE1
117439	MGC11061
209449	GRM6
147171	SF4
151651	CTSH
149090	LOC157697
106570	MICAL-L1
205047	C20orf86
196306	TIGD4
119673	CPA2
138722	EPHA8
139069	PHACTR2
177183	C9orf76
220484	DRF1
230401	COL13A1
203878	C14orf32
132315	TPSD1
133906	TGFBI
196463	ENPP1
113231	PODXL2
126626	ATP2B4
146742	MGC52282
120444	PDK3
139438	SIGLEC7
174796	ZNF75A
197032	DMRTC2
199368	PLXNB1
140920	NYD-SP28
173909	EMP2
110557	FXYD6
218205	FLJ46247
233373	THAP9
116254	RPL37
227230	FGFR2
127854	C9orf55
201275	SOX4
224290	FUSIP1
210003	SCFD1
193986	STRA6
132159	DDHD1
157688	FAM48A
207211	C14orf151
195671	ARL5
127694	PLEKHH2
113820	SERTAD3
191837	SLC6A7
100340	KIAA1033
185938	CHAD
194135	GLT6D1
194978	UCHL5
217121	SLC22A6
222249	FLJ35728
218710	C6orf78
126317	CYP2C18
116310	FLJ21687
132890	FLJ46156
114868	FNBP4
207163	ITLN1
162431	GPR6
125497	FLJ11155
145042	LOC348262
107212	SNX9
173408	CXCL2
189065	ADAM17
132642	LSM1
205292	GCA
133921	GGTL3
182184	ARIH1
214412	MID1
111916	AKR1C4
188605	SNAP23
147933	GLIS2
183828	LIN7A
156662	C7orf20
137143	FLJ00332
138307	SPRED2
195976	LOC388962
169614	CPD
183727	FBXL11
171625	PGM2
197703	GPR128
178622	CTEN
195544	CD2AP
188607	PIGN
223131	NARF
162667	STAG1
141995	GSDM1
150368	IL28RA
143032	DGAT1
192382	RNF130
100892	ADK
104701	TEX12
135135	PIK3C2A
170422	CEP2
117727	CSRP3
204648	TRAR5
190525	DMRT1
120014	POU3F2
143538	TPM3
199584	ALDH4A1
179802	NUDT6
166559	DIPA
232057	FLJ39075
214504	AMPD3
167035	PRPF18
109909	OTOP2
208110	FLJ90013
214056	CGI-12
218546	FDPS
156731	HAS1
191589	GRM3
231921	LRRC15
149785	CRB3
186251	Ufc1
106096	SEC24D
105587	C14orf139
201912	DHX38
173450	TRAP1
107082	C21orf55
117619	MYF6
158499	RIBC2
181551	BRWD3
147826	FGF9
196901	EHMT1
180557	GLB1L
107690	CCNT1
152081	SPTBN4
183670	PDC
134303	CARD4
167268	SIX6
159180	FBXL17
192403	TM4SF16
114822	BDKRB1
195519	MEP1A
208490	MPZL1
174153	GOLT1A
209237	MAGEE2
188050	KDR
159119	FTS
190771	FLJ30851
195036	RPL30
141616	ASB3
225498	FLJ38335
144135	OAS2
154452	GPR145
203502	LOC152519
159718	POLR2D
176542	VPS52
131603	SH3RF2
194980	PNPO
126933	C14orf122
207050	DDX3Y
183485	METTL1
160620	HPR
178856	TPSB2,TPSAB1
223051	C6orf128
113657	TPK1
144834	H3/o,HIST2H3C
153529	CROC4
213262	USP4
212110	OR1Q1
134223	GPRC5C
116347	GNG10
110071	CCR2
186944	THBS3
226167	TXNDC10
112240	RNASEL
126605	FRMD4A
149404	KLHL12
159155	PPHLN1
198319	SEPT5
131594	FGD5
119812	PLEK
173923	FANK1
157486	FLJ20013
103206	DDX17
116277	PSMC3
168871	HLCS
189953	SMC6L1
204986	SLC27A1
210992	GEMIN6
122709	POGZ
216485	ZNF563
235532	HS2ST1
126768	FBXO4
221153	ZAN
222250	FLJ37131
144268	LOC143458
139755	KCTD1
182950	SUZ12
179145	IL17RC
185846	CORO1B
146364	SLC14A2
170264	PGLYRP3
114136	CASP7
187236	PSCD1
176705	PLAC2
182294	CACNA1C
129633	LAP1B
101781	SNX5
193683	GPR3
119058	TREH
147109	NOL7
189261	FLJ32734
200794	SLC6A11
103431	CDC26
154797	RAB15
151476	TAZ
182163	HYAL2
227120	FLJ44186
133035	COPS7B
142262	CD79A
141523	OCM
213763	IFRD2
147510	GR6
159658	GTF2A2
188724	FLJ12484
162588	DKFZp761L1518
191510	DKFZp761A078
115148	KCNJ2
176592	KIAA0232
197890	PAX4
166116	CPT1C
190804	FLJ21616
134635	CDKL4
191167	CLSTN2
204604	ZNF518
183641	RaLP
115766	FLJ35093
217268	ACTR2
112994	OXGR1
155488	BAMBI
136224	GLS2
156577	ALPK2
114510	FTS
122260	EPHA3
164731	RABEP2
216284	GLRX2
156951	DKFZP566K0524
108801	SEC8L1
170951	SMOX
192638	USP13
153160	FLJ23878
110932	MGC29729
204955	SPATA13
173432	METTL4
160486	ITGB3BP
118833	FLJ37440
119156	MYLIP
215863	PACSIN2
139741	PARVB
142065	CRLF2
210420	STX1A
157022	PLAC8
205237	NR2E3
130493	ENTH
234928	C8orf15
182123	CLTCL1
187443	GNRHR
166412	DNAJC10
178225	WBSCR23
184350	CABYR
157799	ZNF625
212322	CKMT2
117582	DAP
105982	ZSWIM3
167313	ANK3
132240	ABHD10
145353	PHYHIPL
694234	ALG10
114206	SLC9A3R1
212944	CDC91L1
189433	GPRASP2
100664	LOC51321
122309	PRODH
119416	LOC387646
103806	FLJ46354
182582	PNOC
193661	E2F6
158766	SCGB2A2
230174	BPIL2
132033	EIF3S3
151970	ZFYVE26
165976	C12orf5
131332	KIAA0738
173051	CUL2
112568	FLJ11151
183473	C18orf25
182573	CNNM3
203036	H2AFV
163638	ATXN7L4
196827	TCEB2
172299	FSTL3
173063	GNA12
141071	TJP4
235646	TLN2
142116	C12orf22
210869	PSMD14
216900	FLJ20758
219494	FLT1
205716	LOC147991
158115	CSTF3
139841	KIAA1443
156372	MERTK
196765	KIAA0063
162501	WDR44
191363	KCTD2
542151	LOC144347
192284	ZNF542
187625	ITGB1
146130	TINF2
225271	JARID1B
105376	CARKL
191285	COL4A6
144177	ZMAT2
129133	HIST1H2BI
200588	TYK2
191898	ABCA12
168754	OSBPL1A
135648	SYT14L
157786	CLEC11A
111527	KIAA0676
184009	PRX
148916	TRIM35
102384	ADAM28
185313	FRMPD2
203594	FLJ22318
116530	EIF2B3
168213	HLA-DRB1
198420	OR52E6
194502	SLCO3A1
104454	MYH13
120318	USP32
186980	LOC112869
204067	KIAA1374
198929	KIAA0352
217302	NUP98
114096	RPP30
166580	DKFZp547D2210
169314	RPA2
193172	HIST1H3G
165611	na,LOC400509
224883	AP1GBP1
215171	TM4SF12
219882	SLC25A24
156763	STAG3
157387	EGLN3
101693	DDX23
219405	RAB6IP2
177613	SSRP1
150701	CASP5
208861	PNR
219699	FAM26C
171467	NUDT8
211694	SOAT1
136156	SERPINF2
226281	VGCNL1
211567	OR51E1
149486	GRIN1
178216	MYCN
134716	RBM23
134061	DCDC2
200759	FLJ10891
212661	C10orf56
193717	ATRN
218739	PIP5K3
227752	NBEAL1
202139	PCTP
210816	IMPA1
106192	MAP3K8
169990	ZDHHC7
211965	DSC1
104059	ELAC2
176280	LOC92689
185378	HPCAL4
148637	MYO1C
109444	EWSR1
102788	SRM
221632	CAMK2B
121803	RPL26L1
190888	MBTD1
109196	TBL1Y
166216	TBC1D13
182363	COPE
103769	RANBP6
123496	PCDHA13,PCDHA12,PCDHA2,PCDHA11,PCDHA9,PCDHAC2,PCDHA10,PCDHA1,PCDHA8,PCDHAC1,PCDHA7,PCDHA5,PCDHA6,PCDHA4,PCDHA3
163795	NTAN1
169562	EDG5
200917	ORC3L
228723	FBI4
164357	TK1
155797	MGC88387
103458	SOX7
157917	STK6
111550	HIST1H4K
123185	TNXB
196999	SAS
163342	PRM2
209621	APEX2
116635	PFKM
207506	FBXO30
108702	HBQ1
122143	RPE
202376	PPIL2
219174	TAOK2
165434	FLJ23754
192168	PLRG1
104245	PSMC5
115837	NSUN6
114924	GLDC
207286	KIAA0157
715605	Spc24
100302	ALMS1
105959	BZRP
196301	ALK
205200	PIK3CB
176083	TDE2L
196157	ARG1
101670	CRTAP
204912	OR1S1
146814	CCL3L1,MGC12815
225983	PGAM2
112476	RRAGD
504825	RP11-529L18.1
150921	POLD2
139025	UNQ9356
154691	CLSPN
161441	BRD3
131156	ADM2
187247	RG9MTD3
185443	UTY
116785	DAB2IP
185974	GPR92
153554	BTNL8
131693	E4F1
162223	GSK3A
195310	GZMK
121480	AKAP4
205123	WDTC1
169171	KIAA1212
180485	FLJ16517
199702	TRAF2
189505	SMR3B
208820	REG3A
164822	NUDT15
107614	PERLD1
121512	IQCD
149353	DEPDC5
109958	BRMS1L
167863	FLJ32569
202877	MGC33370
176014	ACCN1
110063	FUT9
156602	TBL1XR1
160273	ZADH2
181759	MGC42415
108451	EIF3S6
153070	C6orf148
148827	FGF22
120429	ESX1L
186935	KLK6
117726	RBM16
176899	IL8
235021	TSAP6
125804	LOC91942
189365	MTHFD1
105731	MC5R
159841	BCAR1
152311	COPS6
148957	OSBP2
153718	DTYMK
128667	RPL31
204262	ATF5
115438	SPCS2
179084	ALPK1
182404	GDF15
115422	ARL6
101648	SLPI
181746	HLA-DQB1
176550	SMCX
110227	PAX7
158655	ECRG4
142817	NICN1
107396	ADCY8
114650	SERPINB5
112732	PEX11G
133236	SRISNF2L
204370	PRG2
119955	PRKAR2A
216001	OR51V1
154654	MGC33630
145349	NCF2
121751	C7orf23
118109	Cep290
183495	UBE1L
121331	ETV6
196397	RNF32
111748	PRSS11
139014	ADIPOR2
135983	REC14
100159	GAB3
234736	SEPT7
158661	JMJD2B
208668	BYSL
222912	DDI1
180479	RPL13A
165034	IL22RA1
203126	PYCR2
163648	LOC57228
217443	TUBA3
113751	RCOR2
478754	LOC348645
213370	INPP5B
186435	FPR1
208963	C14orf45
216535	TLOC1
182864	NMNAT3
167635	ASS
206612	RASIP1
161532	FLJ12681
131617	APLP1
161567	PAPOLG
202427	MGC33648
206833	UBE3C
147923	C19orf10
200665	MGC11324
198510	PRKAA1
113676	HOXB6
230045	FLJ25323
190934	STK11IP
105895	CHRND
198106	ENAH
202880	HRMT1L1
160490	HSPCA
104771	IL18RAP
224565	SERHL,dJ222E13.1
160832	A1BG
214267	IGF2
125051	N4BP2
104200	TRAPPC2
209629	E2F2
185969	NEBL
176153	NET-5
189195	ADAMTS7
123464	SPTA1
114663	LCP2
183976	EME1
210319	DJ122O8.2
137690	IL3
133979	FLJ43374
177026	APH1A
114670	P2RY14
170090	DSP
153421	CREB3L1
105837	MAGEL2
207431	NY-SAR-48
170405	KCTD11
597050	FLJ23703
166782	SCN9A
179073	HNRPLL
179328	RUVBL1
163709	ZNF193
143169	MAP4K2
138847	DKFZp686L21136,ZNF44
219026	MGC22001
105619	FLJ46154
103341	DKFZP564O243
175296	BCL2L2
190014	SFRP2
142316	HSD11B1
164069	RNF184
115184	P29
187272	C21orf82
226327	CABP5
103152	CXorf43
304298	HIST1H3B
226744	P2RX2
205068	TBX6
211224	LOC196541
177346	EDG1
191994	GPC4
164725	FAP
137281	CAPZA1
121017	TARSL1
233955	KRTAP12-2
109321	LOC387882
162286	LOC130617
162998	CUTC
199838	TMEM16D
156213	EPN3
135812	HOXD11
163290	SERHL,dJ222E13.1
111836	FAM3C
208277	ADFP
110076	LOC90693
148128	CD7
111389	NOX1
216499	C6orf11
155309	APXL2
184933	CD99
159777	EPO
105614	FBXO11
206703	C9orf16
111487	C9orf103
214141	LOC388730
163223	FLJ39378
196253	GPR160
175789	FLJ44670
114369	HOXA9
101083	OPLAH
101044	ZNF454
104996	Gup1
125592	NFX1
188340	ZBED4
158887	SLC27A3
179869	SLC6A3
129326	CGI-09
122757	AP1S3
187677	KIAA1274
317027	APRG1
175901	TBXAS1
103976	FLJ25037
236125	VTI1B
109860	OR6N2
153609	CLDN5
198352	TUBA4
222346	TUBB
223562	MARVELD2
127770	TIRAP
137559	AGL
104384	F13A1
197652	YPEL1
210049	H2AFY
213169	C6orf97
162153	SAFB
159032	ATP7A
216940	FLJ32978
112323	CNTNAP2
190995	CSN1S1
218928	TWIST2
145059	KCNB2
171551	KCNC3
130951	PTBP2
128174	CLU
141393	CREM
211326	C18orf21
102596	ASAH1
234138	THAP3
120955	PINK1
215843	CLN6
235347	BMS1L
180302	GLS
118478	MGC4399
227140	PXT1
119273	ALOXE3
108887	SET8
184778	SFRP5
102236	FLJ20558
196687	NCOA7
150667	MAGED1
120515	COMMD1
102161	RHOF
142092	SLC14A2
118205	PADI2
183414	RNASE4
209436	PP591
176646	MGC35140
153748	MCPH1
161072	FLJ37874
197167	ODZ1
132811	OR51B4
136663	ABC1
122895	PTPRZ1
202169	OR52N1
207565	FZD1
180617	PTCH
195134	FKSG14
107290	DHX36
111605	KCTD6
131931	ICAM3
235123	LOC401431
110654	MGC13272
227921	TDRD5
202971	CYP21A2
179428	UNC13D
175637	FOXP3
209815	TCEA1
162407	SMARCC2
138549	KLF12
132937	PHF8
156051	KRTCAP3
115831	PPIL6
159112	LBR
165173	BAI2
101108	PRKD3
120424	FLJ14249
128505	MRPL1
200629	C6orf145
173173	ARS2
179746	DKFZP434L0117
147436	MAP2
107710	HNRPC
100691	FLJ10826
178162	IL1RAPL1
219782	GDAP2
161819	EXOSC7
139546	ZIC1
226948	HIST1H4I
186340	DKFZp566O084
203931	CFHL3
171023	ESRRBL1
224282	NFRKB
235500	CACNA1A
137873	MGC40222
207854	ALG2
224128	TCF2
716632	OR4M1
182225	B4GALT7
176191	PRAP1
122670	ZNF545
116215	ITGA10
144993	POLR2A
180202	CYP27A1
113291	MAGEB1
212496	MAF1
138995	PKM2
135724	MEGF11
126548	SOX18
199062	DKFZp762K222
101140	ChGn
126995	LIM2
105298	SF3B4
206021	MGC4172
128846	ALKBH
122491	TBP
132205	FMNL3
115251	TTC6
169718	RDBP
105700	KIAA1950
220131	LPAL2
105861	TRIM3
119665	TAX1BP3
107034	C1orf8
193064	INHBA
178238	LMO4
158702	CA5B
143961	P2RY4
175816	RNP
143873	RPS12
130396	MBL2
129222	LOC116211
164563	CENPJ
175848	SLD5
112052	AP1M2
171202	SIVA
111501	PTPRT
168727	ZNF187
188013	PRRG3
670822	KRTAP6-1
151877	CSEN
117299	TNFRSF19L
158651	RAD51
224186	FLJ32096
203779	IFP38
130287	GABRE
112586	LGALS2
234020	KIAA1698
105091	CSTL1
206485	FLJ22301
114855	C9orf67
110046	UTP14C
136522	TMEM18
174605	GGH
215764	UVRAG
202734	FLJ36119
105010	RFC3
165057	GPR107
134984	MRPL19
168402	LACTB2
117625	IPLA2(GAMMA)
167385	SOX15
148685	PSTPIP1
208347	MT1H
155649	CDH20
161779	BMP4
151150	COG4
225083	C21orf93
104945	THRAP3
116818	ICAM5
166470	CNOT10
118517	SLC30A6
198576	FLJ10276
150010	ENTPD1
207722	CD96
178823	MGC13102
113651	na,RPS15
177490	CPSF3
193721	UBE2A
184614	ACBD3
155462	MMRN2
106336	NUBPL
119217	VPS28
173878	RAP1GA1
166519	CKMT1
143984	OR4D1
166071	PERQ1
183782	MED12L
150776	LUC7L2
174206	LOC56901
201079	DLST
143287	AQP8
129778	B3GNT5
126642	DBR1
143640	FLJ11193
206812	USP34
132554	INSIG2
153157	KCNK4
143036	ZNF408
185942	ZBTB11
140210	ZBED3
190612	KIAA1049
204438	FLJ38736
163955	APEH
113261	SCUBE3
168717	TMPRSS4
181785	ACHE
214295	H1FX
100575	TRIM55
189520	KCMF1
137438	HBG2
178125	CKLFSF2
227066	ZNF624
111292	HSA9761
208231	CABP7
182715	KIAA1199
128474	TSGA10
219661	KHDRBS1
184486	NDUFB6
113338	JARID2
130538	TAF12
211587	C20orf58
109808	LIPA
163732	MTHFD1L
231052	RAB37
189684	RFPL1
187115	FGD3
210349	FLJ20449
189580	ACTR3
149912	C6orf82
209114	MASA
189719	Cep70
192835	RRN3
115643	COL6A3
218033	UNQ9217
133443	KIAA0889
171388	FLJ34512
210913	ACAA2
108266	CLIC5
186215	DNAJC7
108706	EIF1AY
128440	LOC131368
172674	VAC14
154419	GABARAP
162053	E2IG2
171977	LASS1,GDF1
135963	LETM2
125747	INHA
208356	GIF
164803	MGC11266
115901	FLJ38288
168731	ZNF26
210046	PMPCB
234901	CLASP2
112415	C6orf125
191646	EEF1E1
130575	PTTG2
140341	PANK3
120480	GYPE
148769	VAT1
135414	PF6
152852	FOXM1
170551	FLJ21125
147960	APPBP1
170038	HEBP2
188783	KLRC4
148435	F2RL1
118340	P2RX2
115590	ZSCAN1
171254	CDC25A
204921	C7orf33
215374	NBEA
213445	IL18R1
197676	IMP5
171426	SYTL1
191140	XRCC2
183317	CHCHD1
107815	IFI44L
165643	FLJ12788
159466	DEF6
111542	CXorf9
119996	CXYorf2
126058	TCF15
191545	STAF65(gamma)
235829	FLJ25421
110205	SNRPF
168173	TRAM2
203365	LYNX1
197378	CAMKK2
216489	PTK6
155900	ALS2CL
140943	HTR6
227696	GIT2
209244	FLJ12875
110411	GALNACT-2
171807	SLC13A4
229526	LOC285636
189964	TLR9
154522	COX11
204490	NCKIPSD
179124	ATXN3
106502	PRF1
100819	MTMR9
168835	PCDH11Y,PCDH11X
115431	RASD1
162363	SPON1
210130	HNRPH2
148792	GPR51
130053	ACN9
166813	TNNI2
192975	GAJ
129530	HSPA5
179179	BAIAP3
122302	FKRP
165257	ch-TOG
162174	SH3GL1
160892	CTTNBP2
144569	MT1F
189312	FLJ45645
207412	P2RY10
180244	ETV7
184433	PATE
108339	BUB3
226193	LOC90353
605037	LOC253012
111447	BCAN
142616	MAP2K1IP1
118810	LOC400258
125487	FGD3
201352	FGB
100100	EXOSC10
201970	DKK2
167726	ELYS
126265	JRKL
192734	L3MBTL3
112482	EIF4G3
716516	FLJ33706
101173	ARHGAP21
139692	LOC91137
114296	HNT
126039	FLJ21415
135639	QARS
198666	GCG
176665	ARMCX5
158846	GPR171
182827	OAZ1
118962	SCN10A
177615	C10orf86
116825	PKIG
221960	FLJ43826
106856	SLC22A16
185031	LOC201158
133305	ILT10
165414	RASAL1
134498	C14orf156
221017	LRP8
158281	Cep192
122846	FLJ14050
116937	C14orf8
101269	HSD17B3
150191	PTPN9
178385	GPR19
159107	PCIA1
175966	SMOC1
217047	MPHOSPH6
173846	GPRASP1
197267	na,RPL27A
166101	ITGB7
178671	BMSC-UbP
105120	CLK3
191728	MTRR
103810	SLC15A4
105562	FLJ20272
118490	LOC201725
125120	TSHB
702479	GDF6
226692	SLC5A8
230540	FLJ36268
716464	MMP19
202871	OR1M1
102117	MS4A6E
186965	ZNF75
167471	SLC22A1LS
201146	TTC21B
142230	PUSL1
131648	KCNQ5
113660	SRP14
142028	LOC150159
182654	USP44
171937	EEF1A1
196884	THEDC1
130598	C20orf161
161054	IQWD1
118630	MLZE
113130	PB1
107304	C18orf24
150696	DKFZP564B167
159208	CGI-94
133558	C14orf171
235163	C9orf52
138904	SLC15A3
188337	TACR3
203137	BPY2IP1
207231	SPRY2
173836	DSCR8
203785	BHLHB5
140569	CETP
110477	RAFTLIN
201517	B4GALT6
198055	LIPF
112069	KNG1
109833	SLBP
180596	WBSCR14
118487	IL4
165836	AOAH
196741	FLJ46266
202437	GLRA2
158397	ST6GALNAC5
159546	OTOA
141979	RGS3
179860	RG9MTD1
173378	GNL3L
164784	EEF1D
159629	ZNF334
212298	ZNF9
214481	C21orf6
132605	THBD
211133	SSTR2
208713	MGC4549
163843	SMAP
115921	CGI-143
108582	SCAND2
223041	OXER1
133640	FLJ13391
163441	TPM2
147749	CRP
106626	EPC1
171134	USP9X
142695	MYOZ3
201256	SETMAR
117637	HSPC176
117435	EP400
162210	LOC94105,THY1
208158	NFE2L2
183150	OXA1L
165901	SEMA5A
212836	LUZP4
217806	RPLP1
165200	UCP2
233377	NFASC
157178	ZNF134
143461	SLC39A3
124249	CCRL1
139683	IQSEC2
102483	CYCS
100410	LOC339483
172664	CBX4
196612	ENPP4
187088	RAB24
212953	ANP32C
196668	C7orf35
112463	BRDG1
213602	SNTB2
155235	RBAF600
180726	TLR6
185138	DMRTC1
207781	ANKRD7
210940	EPDR1
124095	GLO1
156167	CSDA
177137	OBP2B
116607	NMBR
147339	SHQ1
200384	ANXA13
116913	TPD52
206569	SNRPC
105772	IL12RB1
185847	KIAA1727
117425	LYZ
190059	PRY,PRY2
144023	FLJ22655
205619	PKN2
139212	SYT4
149372	PPP4R1L
169981	IGSF9
161864	POLA2
173310	GBP4
131996	FGF20
187564	NR2C2
134657	PRSS15
137164	IBRDC3
147976	TMPRSS3
144116	IL1RAPL2
177990	PARG
187757	FLJ20035
109390	SETDB1
145623	BPI
186988	CECR5
109057	FLJ40427
194318	FLJ10569
202190	PIAS1
121286	CUGBP2
117334	PHLDA3
102348	FLJ23451
225893	PDE7A
186748	MRPL15
179921	FLJ23550
121412	CTAG2
140780	OPN3
144668	KIAA1875
170099	FLJ22173
139640	FLJ10786
116209	na,FAM47B
100812	FXYD1
163084	DKFZP564K0822
140258	FCN3
156527	XBP1
198197	SPAG11
133743	ODC-p
191932	LOC339834
126227	OR13G1
191526	TEP1
149386	MGC11257
107557	ADMR
101194	FLJ20558
126065	TALDO1
149525	TMEM1
164386	HIRIP3
133014	SCARA3
110362	C10orf82
204218	EIF5A2
138203	RGS20
185982	NPM3
217824	NFIA
127096	VRK2
187278	LASS6
128625	E2-230K
137363	C18orf37
107949	STK31
100419	FLJ90579
155423	P2RY11
108454	ALDH1B1
118522	ATP5O
233380	DKFZp666G057
212213	BCL7A
183867	ATF4
107137	KCTD13
191856	KIAA1600
139945	FLJ36180
121832	RUTBC3
185065	XYLT1
147595	ZNF614
109212	FHL5
136922	NOX3
182792	MSI2
127964	RPL7
154269	OR5D18
186334	GCN1L1
195499	FOXC1
231146	FLJ38359,LOC440894
146224	OR6N1
167391	FLJ12057
211157	EPM2AIP1
174313	DFNA5
154782	POU1F1
138689	RANBP17
217518	FLJ20211
168389	FCHO2
100884	INPP5A
216472	PDPR
176420	SUPT3H
195226	SLITRK1
204307	UGT1A10
101703	LOC91526
204895	HDCMA18P
182110	ZNF496
211808	PLCG1
107128	SLIT3
129764	ACADS
153182	LOC389734,CNTNAP3
208495	HSPC072
217345	C6orf195
180213	SLC23A2
188077	ALS4
161252	FGF19
145197	ADCY4
190637	RAI1
207491	na,DKFZp564J157
100089	C14orf114
221860	NPB
166395	LOC130502
136386	FN1
109651	INSM2
216840	CHR2SYT
108944	KIAA0404
214597	TRH
135900	na,HBLD2
163849	GRM5
186158	VTI1A
135833	na,RPL6
110210	SPIB
118423	ATP6V1C1
169853	NKX3-1
220935	NDRG3
161349	COL24A1
162722	ATP5S
184793	CD9
194689	GABARAPL2
132380	FLJ10241
213487	APG7L
147928	PP1665
179037	ZNF473
155794	FLJ25555
125040	KCNA3
153282	TNFSF10
204280	PTPRR
131082	CNOT4
173614	DGCR6,DGCR6L
158666	D4ST1
164015	BTK
165435	FLJ22794
193429	TBC1D1
124318	STAU
181505	MATP
149738	FLJ20321
165411	COMMD2
179683	PSMA6
224202	na,LOC400966,RANBP2L1,RANBP2
123825	UGDH
182776	ABCA8
199770	FBXW5
214946	ZDHHC17
133610	G1P2
152127	QPCT
190246	RNF135
181293	SLC7A13
173633	APC2
105575	RAI17
148222	RPL41
192912	MAPT
177238	LAPTM5
194299	C9orf88
234787	WDFY3
168951	MAP3K3
139178	KIAA0753
130781	PMCH
659208	KRTAP21-1
130009	PKD2
126207	CD160
112941	ENG
202633	FLJ30668
177035	CCT3
194654	TRIM23
100671	FBXO32
208261	TRIF
112609	GNB1L
197578	SLC27A5
187699	SEMA3C
151011	CRYBB1
166402	CASC1
184532	LMAN2L
148027	NOC4
226440	MICA
132491	CNTFR
105260	SRPK1
229375	SPATA12
140727	USP48
171934	GUCY2D
171090	PIWIL2
194437	ACTL7A
103476	HYPB
194447	ZFP91
221068	PSAT1
176402	HNRPAB
103829	C6orf65
120054	OR1L1
131216	BID
121085	C10orf79
186779	C17orf37
187145	APBA2
186406	FZR1
101893	NRD1
130720	WFDC5
151779	ANP32A
217636	HK2
174742	EFTUD1
155477	RAB3B
146701	CDH16
156421	RDH11
179970	DNAJB2
180090	SLC35E4
144335	ZNF593
205054	GPATC1
159693	COH1
226307	FLJ32440
148103	ACTL6B
161804	DMAP1
163399	PAK1
207792	DLC1
134436	EDG3
226728	na,GABPA
128588	PARP9
168843	TM7SF4
143792	CDSN
161150	CDC20
190360	KPNA6
410824	ABCE1
144499	FLJ31528
183856	OASL
101680	FKBP1A
174556	KLF2
217758	GRB2
199676	MGC26816
212207	KIAA1715
123368	DDEFL1
213577	BHLHB3
149811	MRPL49
145150	MESDC1
214739	CCR1
196944	KNDC1
106764	LOC284611
190176	DKFZP434B0335
208272	CDC45L
107191	na,ARHGEF5
159653	C20orf7
111213	PDE1C
125294	NAGPA
135454	CD52
132590	THHL1
138870	ELMOD1
106454	PDZRN3
125566	LY6G6D
194282	PDZK4
183261	OTOR
207222	OR10H4
173269	ZNF418
128299	PCDHGA8
178415	PDLIM3
113190	LILRB3
147708	HCRTR2
226523	PPP1R12B
202402	YRDC
211044	ARHGEF18
169230	DNAL4
175878	ANXA8
115673	NDUFA2
158378	TMEPAI
125887	RBPSUHL
123211	MGC15882
169472	BMP10
159972	FLJ36198
177860	APOM
184769	MGC16384
114885	NPTXR
119539	FLJ20245
160314	DBNL
213843	S100A10
108223	AMD1
199369	HIST1H4C
181009	RPL7A
127208	IL7
187170	FSHPRH1
101641	APG5L
153698	KIAA1393
197645	MGC15631
110857	LRP12
211877	C12orf11
208823	BAIAP2
130502	MBP
146446	CASP6
179658	FLJ11016
148571	DKFZP566M1046
195742	TRIM42
168845	IL17R
10697131	LOC155435
115485	FAHD2A
169538	GPR20
119580	BRCA2
108602	DNAJB2
234972	RPGRIP1
107402	DAP3
186929	HEY2
150670	CD1C
129596	AP3B1
123636	COX7B
151660	MGC34830
145914	NUDT12
109186	RAD51C
191606	LRRC7
109242	IRTA1
225735	TPM1
158950	SGK
183062	TPM4
181792	DMBT1
116407	HNRPK
131361	SH3GLB2
135763	ZNF425
182185	EZH2
108246	FBXW8
117132	TGFB1I4
120404	LMOD1
142527	TCF2
191723	LRCH2
129835	ABCA13
216668	COPG2
194955	ABCA4
223118	NUP160
175988	RPS2
168024	PRKRA
118758	NOD9
158718	PGR
217813	CTNND1
211174	UNC84B
117730	SBF2
186186	SIGIRR
216992	CTPS2
184625	LOC220032
211058	ALPL
213781	Cab45
234894	SMCR8
267421	ZNF468
160416	PIWIL3
192391	RAB27A
126438	AKNA
152076	MMP14
125266	MUM1
185108	MGC1136
109992	KLRC2
148241	HSPC133
220773	FLJ31659
223400	ATPAF2
196578	PAK7
157520	MAN2C1
150360	MPDU1
161445	GTF2IRD2B,GTF2IRD2
143439	PUS3
195753	C16orf48
209669	PLCZ1
214773	MAOB
208313	MUC20
195192	ORM1,ORM2
148428	EFNA3
156020	RARRES2
135238	RELB
205393	MBD4
192726	SKP1A
207761	PI15
103297	TULP2
143413	FAM54A
153960	PSMC2
137233	SNRK
225047	C9orf125
208701	FLJ43654
145835	NUDT16L1
104166	CDC42SE2
197691	ADORA2A
107155	TCEA3
102125	DNTTIP1
120553	GPR172A
204329	CLDN3
144497	APBA3
184098	PHF21A
183997	C20orf13
157195	KRT1
151068	MGC27466
167868	MAD2L1BP
201581	OAS1
124600	B3GAT1
104139	C6orf57
104697	DPM2
222108	KIAA0992
105172	SPRR2B,SPRR2A
193295	VprBP
226936	SERPINI2
154694	IF
102133	MDS010
167738	SS18
154469	DPEP3
125200	STATH
185088	STRN3
211183	ZFHX4
213263	PDCD1LG2
188454	TRMT1
121335	SLC25A13
206278	AAMP
218005	G10
207278	FLJ20512
229995	FLJ20433
165626	SNX2
114833	IFNA5
118957	KRTAP4-10
135004	GPR27
108298	IREB2
211722	LOC163223
186817	FLJ10407
175425	ARRDC2
130602	ANKRD27
131125	HIBADH
149880	TPMT
183323	CFTR
231296	PCSK9
209336	MGC15763
102286	GALNT5
109245	CAP350
186608	MIZF
118640	OR1D2
191565	C19orf13
197830	WDR48
141898	C14orf24
115267	RNF17
175863	ZNF77
199390	ASB17
135285	ITM1
163024	HIF3A
182181	MGC3101
123012	JAG1
189366	PTPLB
206676	CIP29
147282	NP
148362	OGN
110609	CYBB
142397	BNC1
194837	FLJ20366
198067	PPIL5
195726	SHC1
143788	RFP2
141890	WFDC8
221213	MGC35308
121580	POLK
107867	CDH11
148166	CDCA2
171151	ZEC
205568	RABAC1
176714	K5B
216266	ELMOD2
188754	FAT4
183815	C10orf97
209452	C3orf20
138890	PPL
166562	GUCY2F
202365	FNDC5
203586	KCNC4
173301	PODN
217451	C21orf86
102465	HBLD1
157027	PLA1A
113211	SAH
129402	PHF15
125210	HDLBP
143608	SH3GL2
216719	MDM4
170466	CDK5R2
178656	POU2F2
137204	KIAA1904
170722	EXOSC8
187742	PITPNM3
119192	RetSat
203260	CHRNA3
223157	APLP2
202697	FLJ20125
186044	M160
218814	ENDOGL1
161035	EMR2
157338	RARRES1
108977	TESK2
139074	PSG7
109836	TRIM29
166681	M11S1
193666	ARL7
106380	CXXC6
146949	LOC399947
145338	EHHADH
152934	MGC45386
171265	HMGN2
102723	NUP37
138602	MXI1
128266	NUFIP1
156585	MGC27169
188189	DSG1
129646	BCLAF1
148928	PECR
148677	NKD2
111097	C20orf186
224855	ASB4
198084	FLJ12517
158784	RUNDC1
119063	PON2
210668	SLC36A4
174731	HMGCR
127704	ATOX1
208606	BCL2L11
146438	INADL
198651	TXNL5
161851	NAP1L4
167701	CDK9
133986	MEIS2
102610	NMNAT1
127713	SEPT6
196297	PKD1
201530	ASCC3L1
133565	H6PD
212910	C1orf52
114376	FLJ20772
147546	TEC
140350	FLJ12886
219835	DMRT2
228696	FLJ34443
182833	PAI-RBP1
142603	SNAI2
106573	AOX1
111844	HIST1H2AK
186003	CHRM1
131677	C1orf40
166201	ZNF366
143783	MGC33637
201350	DCLRE1B
213244	PHOX2B
141761	SQRDL
218527	UBE2G2
171124	ITM2A
182672	HDHD1A
148771	RENBP
190672	TUBGCP5
145107	ADAMTS6
152221	POU4F2
111476	SYT2
112208	LGR8
135060	SLC35D1
167731	MAML2
223731	UMODL1
130160	SMU1
126877	SKIP
192243	DNAH9
132053	RNF121
126331	C6orf111
144833	CABC1
117568	EAP30
174233	UXT
185312	ARK5
116867	MTCBP-1
235378	FLJ43339
126759	TFPI
124489	HNRPF
125217	DKFZp547A023
123115	ST6GALNAC4
100736	PLCB4
192970	ALS2CR8
181685	ASPM
134562	ShrmL
116316	WBSCR16
217279	RPL26
130505	CDH1
142644	SAT
100845	C18orf8
130854	DCLRE1C
705226	COX6A1
197371	MTMR7
173000	FLJ13841
101070	PTPN2
141241	SI
193665	MED18
108560	FLJ13479
182508	UBE2H
107705	NDUFB11
169068	C20orf155
180489	STK22D
127646	HIST1H4E
226452	ZNF226
177222	ZNF324
195167	VMP1
160966	LOC147991
105811	SMCR7
194964	ZNF532
131030	SMARCD2
106345	CENTB1
142200	UPK1A
129456	TRIM22
198718	RNF11
217339	C6orf69
148040	VCX3A,VCX,VCX-C,VCX2
110170	BTNL3
152660	CD6
142923	OR1L8
192617	PPP2CB
169414	SULF1
109033	CIT
158320	GALC
178003	FLJ45436
127400	SLC16A2
196482	MGC4293
100781	PCDH20
189687	AHCY
203472	FLJ33387
196744	SCML4
143113	SYK
194820	TM4SF4
182519	DPF3
207467	MGC4659
206625	CLEC1B
215744	OTUB1
118346	SNAPC2
206116	RNU3IP2
183517	C3orf1
211496	LYZL4
106226	CASP8AP2
175373	STARD6
110188	LOC55924
378990	KAB
183627	SNX1
203291	XAGE3
192716	CSNK1A1L
139029	GPR15
106491	ALDH5A1
158664	XAB2
117689	GLIPR1
139136	LOC338761
124769	RAD52
142124	GOLGA3
138830	TNFRSF10C
162095	PRR3
227033	DMXL1
201205	C9orf52
120306	SLC35A5
101860	USH1C
223413	FAM47B
104062	BIRC5
164531	APOL3
164875	TBC1D22B
208428	LOC349136
187155	SNRPE
122354	PDZK1
183365	CXorf42
167469	WFDC2
193936	VPS18
176706	C10orf95
200839	DNAJB6
198139	CPB2
180728	NUP88
212943	ALS2CR2
113583	TUBGCP3
207236	C6orf114
184667	SCGN
184507	AADAT
113428	UBD
173095	C20orf172
112488	NRIP1
113952	CHIC2
172180	CENPB
176510	DOK3
107356	MMP17
168230	FSD1
214486	CD3G
224154	ZNF161
216903	C8orf20
285085	DUX1
108361	PKHD1
216252	TTC19
142266	PLAGL2
218515	TTC17
159303	na,RPS27
179451	TNFRSF19
148144	TM7SF2
131915	CCL3
123997	CASP10
188616	UQCRH
123438	FLJ14154
218472	PCDHB2
195072	COL25A1
104562	VPS4A
200155	COL4A5
121984	GFI1
193735	ANKRD25
696597	LOC163782
143730	PIP5K1A
154297	NTF5
144812	KIAA1185
177090	RNF111
191627	NCOA4
216520	FOSL1
118482	HRMT1L6
197751	GRB10
204101	C13orf22
165573	DKFZP434C212
613296	GSTM1,GSTM2
104128	HOMER1
194321	MGC15407
151827	KIAA1754
234906	NAV3
171525	BGN
151218	MGC26647
207317	ShrmL
212354	MVP
120052	MECP2
226673	AKR7A2
101145	UBE2R2
169670	TCEB3C
109765	HA-1
201287	EME2
165684	BTN1A1
112712	SLC1A6
136288	RANBP10
165668	NPL
165286	TEAD4
539197	MGC14126
160610	PRG3
161913	EPHA10
135572	AFG3L1
180417	SPRY1
179728	TOP1
194286	TRIM6-TRIM34,TRIM34
138197	MGC5352
100710	MBNL1
102888	WBP4
118398	WASF1
119884	KLF3
192628	UCHL1
181160	LOC283922,PDPR
211274	TOE1
202789	CYP1B1
173988	MGC13057
209263	DNTT
199590	RGS8
201072	SNAP25
220276	SLC41A1
138852	DKFZP564O0823
199726	LOC200383
164828	SEC23B
164292	WWTR1
110043	RECK
172725	KCTD18
145155	CDC7
706648	RBM11
182988	RFX2
130916	MS4A12
194339	FLJ10986
197118	KIAA1772
201013	MAX
157388	RAPGEF1
192507	GEM
166896	FLJ11184
177130	PARP11
170733	DFNB31
162164	IL5RA
102622	LRRC14
148116	PLXNA3
169158	LHX9
119822	SLC19A2
173352	SCP2
143239	IL32
132027	IL18
230119	MG29
196248	FLJ00060
145429	MRPL46
196933	PLCXD2
186960	SLCO1C1
221661	DKFZp451J0118
133100	CCL20
183186	NDUFV1
224001	REST
137737	CGI-63
167802	C9orf43
102907	FLJ20530
142113	CARD6
166561	EIF4ENIF1
117732	USP16
214165	ABCE1
173234	COX7A1
119359	NKAP
103003	MYO1A
136272	CCDC7
123821	LOC153364
118987	NDUFAF1
120143	PPAP2C
107007	USH3A
206372	KIAA1036
117883	CH25H
119513	ENO1
115598	LOC127540
113939	PYHIN1
190705	MGC11242
172553	na,PHKA1
222503	SBF2
169051	RKHD3
217040	HOXD8
134659	C6orf102
223124	EML5
159861	ST14
144571	ZDHHC8
125982	PF4V1
114319	LDOC1L
147978	NSE2
212217	NFATC1
179965	ACBD4
198096	APCS
160257	DDIT4
124921	TAF1B
210281	TFG
163001	MSCP
195994	CCL25
133592	POLR2H
165568	DHX57
213407	C6orf203
145438	SSH3
132104	LOC129138
200308	NME2
217844	FGFR1
171026	C20orf30
211767	SULT1A3
147343	OR51I2
193279	VTN
177382	ARF5
179329	TYROBP
213788	C20orf79
202780	ADM
207251	CRHBP
123150	ATP8A2
141002	NPAS1
217383	ANG
135856	LOC283849
103919	PIK3CD
128076	TUBB
120622	TPPP
150425	PSEN2
149986	UAP1L1
214636	TBC1D8
185077	SLC4A8
174499	DSCR5
141972	CGREF1
123641	IRAK1
214952	FLJ38628
208406	DEFB1
173549	ZNFN1A5
187707	MAD1L1
160454	SMC4L1
171985	PPP1R7
189554	HYAL4
426964	LOC285498
128021	SPCS1
152680	LRRN6D
237079	TIGD1
173650	ASXL1
127439	C20orf96
142447	MANBA
102664	FLJ14075
190667	HSC20
121620	SUMF2
192246	TCOF1
164152	C2orf17
183456	SFRS4
182475	TRIM7
193055	C9
199865	KATNB1
134027	RASGEF1C
191262	ITGB1
210529	HCN4
209689	DUSP11
185731	CALD1
122052	OAZ2
112276	CPXCR1
138122	MGC24047
160222	TA-KRP
158426	GAB1
129518	RFT1
224642	CSNK1A1
112342	PIG8
118978	IL17F
139199	CDC23
145823	TRPV4
198968	RHOH
181062	MAN1A2
139550	DLGAP1
208031	OVTN
103516	FLJ13725
151855	PPA2
156435	PHC1
168544	SPIN3
110104	HMGCS2
136330	HSPA2
102001	LOC400986
108836	RP1
157348	FLJ35954
143270	KIAA0664
135202	RPL4
196689	SIDT1
162637	FTS
171828	DFFB
175193	SLC24A5
118495	GFM1
176832	SOX6
178909	KPTN
141049	FLJ12519
104158	DSC3
182480	PTCD2
172519	SNCG
183970	AP1S2
149051	NKX6-1
130306	MGC39827
196942	CA4
112158	ANTXR1
203163	AURKB
151061	SMAP-5
154655	CNFN
160921	MGC90512
162887	WDR41
224218	USH2A
170863	MCART1
208060	PLAUR
124900	C14orf35
195306	JMJD2C
211369	ABTB2
174638	SLC6A20
144215	SNFT
124857	UTX
135492	MLX
123477	OR7C2
203686	C2
104469	BCNP1
196595	GPX3
110695	ADAM12
178010	HK1
117842	NEUROD4
334703	FLJ44290
217567	CAMK2B
115055	C2orf26
191100	INCENP
203729	FSTL5
197078	AKAP8
225135	GJC1
186996	WDFY2
190775	KCTD4
143147	ADCYAP1
157398	LOC130951
224334	C1orf8
182466	ADCY9
123014	IMMP2L
126617	TRPM5
145682	CDH15
193585	ITGB2
112718	WDR1
177717	FLJ11838
116140	NALP1
154912	MRPL38
163252	PPBP
120574	LAIR1
132203	ALDH18A1
103461	HIST1H2BF
185983	MGC29875
103752	AMOTL2
101120	ACAD9
193550	TMEM17
131092	CDK3
207727	HYOU1
117570	PGLYRP2
178355	CD8B1
143690	GADD45G
212210	ZBTB33
187598	HM13
193314	RABL3
123232	SLC6A1
207782	ZBED2
153110	CEI
129740	RBP7
172084	FLJ32745
146756	FLJ31434
209110	LOC90529
202279	TMEM41A
213069	TRIM63
105566	IL10
109821	SYN2
225681	FLJ40172
223944	ZAK
161743	C6orf66
105864	PRO2730
193511	XDH
129926	SDAD1
195690	MDS009
197231	C10orf32
169770	OR52A4
113837	KIR2DL4
105271	NME4
169298	EEA1
158728	PSMD12
211118	GPR37
135387	GADD45GIP1
156343	TCL1A
202771	ACSL6
194328	KRTHA3A
184936	FADS2
212674	TAS2R5
202007	AKR1D1
211010	OIP5
101511	ARHGAP15
206763	MAOA
104641	PAN3
192008	SERP1
122854	WDR37
193419	RPS6KB1
153856	SPINK5
228477	ADCY1
191357	FLJ10874
167495	DNM1
112727	FLJ11535
143874	HRASLS3
197341	PLK1
135302	TOP2A
187518	RBM22
225020	MGC3794
176645	CETN1
169525	H2AFY
165002	PRKX
132381	LOC284723
163884	MRPS11
177184	GPR44
202412	RBBP8
177000	GSTO2
140884	ZNF213
194477	LAMP3
112880	ZNF384
177147	ZNF184
210149	DDEF2
144235	EHD1
204167	CLCA1
129423	ZNF403
211777	KCTD14
214799	OR5B21
135597	KCNK3
162593	GARNL1
170658	FLJ11171
219216	FLJ36754
183498	C6orf106
190588	ASTN2
213717	ADRBK2
188149	KNSL7
205100	RAB33B
217622	MASP1
194434	384D8-2
184157	SLC22A18
203455	SEC24C
112379	FLJ41131
189973	OR1F1
210662	ABCG1
158312	LEPROTL1
155905	SLC29A1
202036	na,DUB3
136765	MMP16
175904	TRIM47
174393	U2AF1L3
134601	DKFZP566N034
163215	CHRNB4
203733	C6orf33
199169	FRG1
153745	FLJ26175
115270	CHC1L
149750	PVR
160860	SLC25A3
227194	UTRN
231095	BPIL2
105450	PIR
217779	PCDHGB3
123469	ETS1
121419	XPNPEP2
112248	CLEC10A
209470	RIN3
129541	ORC2L
204786	SMPD2
131540	APCDD1
211048	MGC26963
127778	OR51D1
173060	ATP2A1
133862	C6orf31
118088	UGCGL2
163676	PRO1853
136889	CSNK1G1
195215	SLC38A5
129345	KLRC3
135191	C14orf131
177879	H2BFS
214137	USP18
210840	DHX9
216120	CCNB1
135372	COX7A2
198262	ICA1
210392	SLC2A2
209482	CHL1
201179	DKFZP566E144
156576	ZNF509
220615	SYN1
116877	KIF17
114409	ATCAY
166999	CDH13
150557	FAAH
204394	MAP2K7
122459	GPR62
193615	FAM46A
213870	UGT2B7
116986	FLJ21945
134287	TMPRSS5
154407	C9orf60
133732	AFTIPHILIN
102841	SRP9
122168	MGC29816
214031	CHRNA6
140228	C11orf16
181829	PLEC1
104745	INPP4B
168882	WNT9A
640464	OR52E8
213863	ECHDC1
169499	ANLN
143436	PTPN18
204511	SCARB1
187160	SART2
114585	C14orf166B
112169	TMCC1
119695	eIF2A
180191	TRIM23
201805	UBE2J1
170585	DMRTB1
153215	LRRC29
211881	LOC348840
112545	ASH1L
148308	PLA2G12B
136063	RDH8
216153	DLGAP2
128803	MAK10
104499	KRT9
186593	WDR31
135778	BOK
138336	FLJ32685
182454	FBXO31
129100	TLR1
220869	FAM26C
135316	VDR
144621	MARS2
113482	ABCG4
154100	SPATA2
175154	LOC440131
174597	HSPC135
106393	DKFZp547H025
135867	FBXW10
173824	MMP24
107968	SGCZ
197361	C20orf71
199941	ARFGAP1
160917	IGFL2
118954	ISG20
202618	B3GNT6
122775	SEPT6
107656	OSRF
174725	CIZ1
210760	ZNF345
207478	B7H3
182657	CTRL
117067	PRRX1
189624	GTF2IRD1
208728	TRAPPC1
212524	ADAMTS4
176449	C10orf49
214187	SGK2
219911	PSMAL
101821	MGC40579
118384	HGS
219563	ALDH7A1
109865	KIAA1524
503940	FLJ35424
226138	PCDHGC3
101863	OR9A2
194041	TCF12
220392	B3GNT7
111796	URB
129131	MGC50721
174939	FLJ21062
179991	AQP6
178508	DEDD
107430	RPS6KA6
206656	DPPA3
207563	KCNK2
123083	C16orf7
172064	PHPT1
212502	OR51G2
186264	C10orf92
191084	CTHRC1
215574	CYP3A5
221421	ATXN7L4
116692	PART1
184288	CALU
191942	FLJ12270
191801	C8orf21
207609	RELN
217924	BOMB
105956	PLA2G2F
163975	RARRES3
211819	RPL15
164408	BCL9L
220761	FLJ21128
163269	IMMP2L
123127	SLC30A9
160600	HSPC016
137907	SMARCC2
111955	NR2F2
171160	GNAI2
105539	KRT8
102183	FLJ22390
185527	CDY,CDY2
118802	KCNK4
162236	HSPB2
121862	KNS2
148049	C9orf7
192079	ARHGEF7
203712	TST
198428	ANKRD13
230652	FLJ21767,RASA4
211632	KRTAP10-12
135288	GBP6
194567	na,FLJ10052
209226	HTR2C
234884	CACNA2D4
166876	VCL
126848	FLJ12056
155747	CYP11B2
228470	LOC253012
189487	GPR58
189708	SRY
109238	RBBP4
199635	M6PR
193653	MPO
112075	HT001
124033	NT5C2
160608	PLEKHH2
150893	SNX16
185381	FLJ31978
134897	PCYT1B
177393	SP3
176555	RTEL1,TNFRSF6B
112997	CDKN2C
143554	TTR
122393	AGER
147056	MYBPC2
208776	LOC374955
145581	ALG3
117422	IVL
113598	CPB1
104215	CAPN6
181594	FLJ14816
178135	FLJ33977
212551	ATP1B2
212375	TOP1MT
143102	DUSP16
185102	CYP2C8
124730	SART3
113157	SNN
171604	FLJ23129
118329	OSTM1
206048	TIFA
180829	PMM1
152410	SSSCA1
203920	B1
135397	MGC4677
157862	TAP2
124957	CGI-62
213152	PRKAA2
116538	AP3D1
178425	TCP10L
191463	TPCN2
214696	FLJ11767
145164	Dlc2
170374	TNK2
108716	SUPT5H
189818	BRD9
203258	SLC6A13
128395	SLC7A6
203232	NDUFB5
711032	CAMSAP1
182048	MGC72075
129653	FCAR
235141	MYOM3
227890	FLJ39370
152841	ACRBP
153575	PPP3CC
102233	MGC5508
207916	HOP
148762	CPNE7
712541	TAS2R43
188546	NAALADL2
135929	ALG8
222301	FLJ43860
177710	GCGR
196072	CDT1
202313	GPR126
128153	COX5B
190663	FLJ13220
133933	ARPM2
123970	FAM9B
187238	CEACAM3
150578	PKD2L1
144848	PAX3
169477	STATIP1
196008	MUF1
220575	ATM
214795	RPS6
179811	SLC13A3
168607	EPHA5
133604	CD44
204612	FCGR2B
213801	C4BPA
135091	USP2
188439	LIMD1
209662	FGL1
219636	ADD2
234478	SYNE1
128176	WAC
126186	SPINL
128513	CLCN2
180026	FLJ39873
179836	GALIG,LGALS3
112291	KLK14
225505	DST
181098	HIBCH
190750	TEX101
111733	FOXF2
194080	CHD9
124383	PROX1
111424	FASTK
227270	ARHGAP8
131619	MYL2
128406	ZNF354C
216544	BCAS4
183963	LILRB1
189781	PRCC
118839	DRP2
168425	TLN1
132276	APOBEC3G
158501	MMP8
130769	MYO3B
128812	MTMR1
122577	CBX5
205836	NFE2
123950	CPNE2
156348	LOC150383
233998	OR1L3
221525	GMFB
122861	RHEB
207482	CAP1
119084	PTGER2
179237	EIF5A
117149	FLJ23436
212763	RAB6A
150673	HARS2
114126	DKFZp667B0210
178334	NUDT5
127583	C11orf9
218136	AKAP11
176026	LOC91807
163994	RBM10
212088	TMEM16A
139986	MBNL3
204137	CGI-115
205339	CXorf21
209780	TTC13
206767	FLJ13909
220444	ZNF367
162727	CEECAM1
127963	C14orf112
160141	PHC1
105408	PDE9A
106649	WDR17
227509	HNMT
131259	HLA-DQA1
173777	CTNNBL1
196095	C17orf25
102592	C11orf23
166315	RSHL1
134262	CCIN
102060	LILRA3
210591	C20orf30
114901	DMN
211684	CREB5
120250	C6orf49
190320	PKN3
224298	WWOX
111003	CAS1
161477	SCRG1
122848	FAM19A1
226806	DKFZp434H2226
227688	MLR2
149999	MGC34032
120299	CDC42BPG
221359	PTP4A3
202274	POU4F1
185083	ANXA6
148901	SLIC1
169261	FLJ10769
129739	TMLHE
125760	CRSP3
145447	EPHB4
106932	PCDHB4
143454	PTHLH
122265	NDUFA9
193402	CRI1
178232	RECQL4
158124	MYCPBP
117702	GALNT13
218991	RSU1
138127	SCUBE2
100765	FUNDC1
195464	ASRGL1
126204	GNPDA1
116560	NIPSNAP3B
194952	DEFA6
106891	TRAF6
198548	BET1L
133195	ADAM2
202870	GDAP2
231707	PGAP1
211223	FLJ35630
212097	CNOT6
232347	FLJ20582
223442	ITGA2
198791	LOC389677
100694	PHTF2
202436	INHBE
166285	C10orf6
166489	ZNF587
218387	KIAA1618
202549	NIPSNAP1
181238	MXD4
146661	ADD1
103227	CACH-1
211432	ARIH2
123363	MEP1B
179734	MGC21675
196111	NALP2
206176	EYA2
104594	RPS3A
157302	ZDHHC14
185250	C21orf2
135421	GRN
234861	LOC389199
188807	CXCL5
192035	NACA
174653	BTBD8
207610	MSH2
132525	WDR49
144113	FOSB
203792	EIF2AK1
126845	HAGHL
195450	L3MBTL2
174755	FAM53C
160563	TMEM2
162160	NDUFS8
231856	TUSC1
188736	VN1R1
133488	na,HBLD2
123864	H17
190575	LOC126295
221382	ULBP2
182179	EFS
234608	MKL1
226128	NETO1
126168	NIPA1
105266	SYNJ2BP
119181	ITGA3
152476	FUBP1
192239	PPARG
161042	GALNT9
188925	BMPR1B
225713	CD302
180764	H2AFY2
180300	DSCR5
122650	RAB1A
176195	BOP1
217439	NBEAL1
221164	GNAS
125679	SLC41A3
209418	LMO7
212244	PRKCG
171037	ALDH3A2
183220	MSMB
200435	PIGK
102450	IGSF4D
178744	STK23
191394	BBS2
168826	SYT7
222724	CAST
205626	GLB1L
183198	RGS14
147703	NOS1
211519	ZNF24
132483	CDY,CDY2
227870	KIAA1033
188528	POSTN
200640	ATP1A3
702855	CNIH2
201478	MCCC2
169954	SNX6
105030	XPO1
198846	IL28A
153147	KIAA0556
131680	HOXB5
113244	CCL1
206935	MRPL23
102437	CSTA
127867	THOP1
209534	FHIT
202197	ANP32E
227666	BIRC5
207587	PHC2
208740	ABCB4
168534	PRKCABP
120228	FCN2
128420	FLJ20344
140988	SLC25A22
183097	KCTD15
217612	DAND5
356063	OR51A4
114758	182-FIP
231383	APG4D
172950	CCR10
107361	AMBP
191116	EIF4A2
164001	ZFP106
145606	MBD6
175514	UNQ689
202023	C20orf45
161406	TPD52L2
209377	SCD
198355	CHRNA3
129188	MSN
163944	RPS16
191872	MEF2A
108824	C10orf118
114800	KLK1
225384	na,MGC88118,MGC27005
121478	SCN2B
146019	PAM
112934	SMPD3
216339	ELOVL6
162817	CPAMD8
169895	DPCR1
202981	COL8A2
163725	TRIM11
189839	LOC92346
129856	NXPH2
710945	WDR6
216761	BCDO2
169455	SURF4
138407	TSRC1
167394	TUBB4Q
127856	ADRB2
201765	TMEM39B
182253	CST6
132057	HIST1H2AC
204046	LOC284837
219728	ADAMTS20
164097	MGC34732
117740	LAMB1
123625	P2RY12
114322	PITPNM2
173119	CYSLTR1
173015	MGC14289
229633	PRKG1
127161	KIAA0961
108974	FUBP1
625855	KRTAP19-5
172562	FLJ37357
112312	MYCBP
192258	GADD45A
147592	C3orf6
146761	MGC14376
110560	SLC4A3
127127	CACNA1D
173844	MIF
211333	SLC39A13
127354	FTH1
153297	FCER1G
187694	NES
137055	MAP6
177491	METAP2
121386	MRRF
186585	LPA
215943	PTPN2
185040	KLHDC5
175696	HEBP1
124780	NPM2
126675	ATP6V1D
100057	LOC493861
151294	HHAT
154711	GEMIN7
159277	HOXD12
200194	ZNF350
185353	IMPA3
202353	SEC14L3
124516	C14orf138
117902	TERF2
180218	DRIM
158641	CKLFSF7
220353	PEA15
236263	OR1L4
205242	TGM7
201675	PTHR1
201714	FLJ39553
191703	COH1
211319	LOC119710
183404	EIF2S1
147634	AKAP9
210669	ARHGAP20
129351	PSMA8
122192	TBX21
145807	CRSP7
102137	RSC1A1
223717	PSCD4
165933	FLJ22405
183675	CHORDC1
216937	BTG2
177517	TBX22
145225	SLC30A7
211309	SCAMP3
199279	FLJ12994
226336	MAFB
155269	ATP5B
121117	FCGRT
120719	GBAP,GBA
10693022	RP1L1
163535	GPR50
223768	NEK7
194463	PTPN23
112755	SERPIND1
141774	PPEF2
217468	VprBP
209614	TFCP2L3
104925	KIAA0513
142827	DUSP8
222523	MARCH8
234511	HIP1R
106989	NBEAL1
183603	KIAA0649
193963	SS18L1
200022	FLJ32028
137657	ARP3BETA
109946	C6orf83
208570	C6orf60
199603	CENTD3
196373	MYL6
151575	FLJ36748
198970	FBXL4
131641	LAMA3
168153	SPO11
131758	RANGAP1
190329	RARSL
235846	NFAM1
122288	SRD5A1
210619	NUDT2
122061	RAMP3
197714	BMP8A
186318	HHIP
200708	IL2RA
126251	PARP3
195004	DLEU2
187775	FLJ16008
235779	CDK6
198878	PRKACB
114175	DKFZP434O047
166558	SR-A1
207717	RTN4RL2
181938	RASGRF2
173997	MASP1
186405	MGAT4B
174286	KIAA1012
141684	WDR13
120690	MGC48625
183337	C11orf1
122019	PME-1
111148	FLJ32549
129728	C20orf18
157846	C10orf13
160776	ARPC5L
139900	F13B
227836	CNOT7
134233	CHRNA4
186130	NALP11
543830	FLJ32833,MGC48637
183441	MSI2
102036	SLC9A6
177207	CCS
133200	DEPDC2
220077	GPR158
216424	SC5DL
199960	DDX46
102916	FLJ45880
205197	DNAJA1
157569	UNQ6122
183353	SERPINB2
188840	PAIP1
175300	ACYP1
143499	CPA5
154089	MUC13
173212	GSTA4
177272	ADAM23
166478	PSKH1
155785	SH3BP4
189480	HMG2L1
167997	ZNF195
110914	SLC25A11
131364	LOC65122
216991	FLJ37478
225704	KRAS
109511	HCFC2
190302	CYP2D6,CYP2D7P1
206394	GEFT
110909	BAIAP1
180498	MGC13017
216343	ZNF221
162118	SHPRH
133302	CBLB
156126	MGC52110
105301	BRS3
205454	ETFA
107057	TLR10
163287	MOXD1
186571	MGC3036
200724	DAG1
158812	NRM
215766	MYO6
121821	GPR111
124981	CG018
105365	DUSP24
158765	RAD9A
164701	DLG3
137034	BEX1
162382	HIST1H2AB
143414	MGC27019
114566	ACOXL
177011	OR2V2
166635	F2
118128	CYP4F11
122412	SMC5L1
213295	RINT-1
688820	FLJ25715
181457	na,RPSA,LOC388524
118157	CAMK4
149351	AMIGO
616213	OR4K13
163199	C9orf140
194168	PRH2
204213	OSTF1
150489	SIRT4
126441	CPNE1
184007	RPS19
165911	SLC40A1
126484	PCCA
181860	PRKY
154695	ZIC2
125929	MEGF10
108742	FLJ11267
196671	EPHA2
197987	SPARCL1
204107	SUCLG1
143238	CSE1L
103617	AZI2
191270	FUNDC2
224058	NMNAT2
198553	AMN
141545	SLC2A14
130747	RPL29
255377	FLJ31875
215065	RNPC1
160381	CUL7
170288	BCORL2
155853	CLDN11
189524	ZNF161
204050	ADAMTSL2
115370	BNIPL
112942	FLJ23091
218218	SMPDL3B
125094	TACC2
120129	ETAA16
164088	SMAD3
209031	FLT3
109356	KRT23
152567	IFI27
125629	TINF2
167324	ACRC
400283	KIAA0376
141406	BLR1
127067	DAPP1
103585	CXX1
204482	na,DUX4
189588	MCCC1
105728	HMGA2
101987	KLHL20
187365	MACF1
161995	RP42
204159	ATP5E
216108	C21orf33
139725	NRXN3
153981	PKD1-like
212262	LGI3
159371	C22orf19
162261	CTGLF1
182853	KIAA0431
214099	RNF123
125187	TNNT2
139494	WNT5A
105746	PANX2
186362	na,ZNF66
231669	FLJ45187
167173	GNL2
113575	BCR
118123	DDX25
170332	DKFZp762A217
171338	CTRC
110594	CXorf32
198232	TP53BP1
193869	TUB
141190	HOXB13
189327	PCDHB9
122707	GABRA2
220838	SMAF1
129186	RAB22A
170844	GNLY
148905	TNFSF7
149395	UBE2L6
198728	C10orf3
129290	SLC2A11
105722	C10orf65
177287	LENEP
128491	LOC283385
100036	ZNF532
543903	na,PX19
178575	APOA1BP
123910	CRSP6
122902	EIF4EBP2
116246	TAF7
184432	ZNF289
191434	CLEC7A
215248	TXNDC
157617	RAB34
150820	OR7A5
156380	ADAM19
155869	LYPLA3
198143	VNN3
203999	NOXO1
158891	GRIA4
216568	PLEKHK1
158289	FLJ36180
139068	CENTD1
210546	FLJ22595
145287	ORC1L
201428	DTX3
179110	CHC1
212518	C14orf43
101811	na,MGC70863
207598	SLC39A10
195764	DOT1L
180066	TNNI1
149647	HIST2H2AA,HIST2H2AC
113921	TH1L
165198	CDK5R1
146973	C20orf35
136201	CCR2
221544	RASEF
148761	BAPX1
196588	SNX8
156446	SLC12A8
187464	FLJ39237
161973	MGC2463
220060	TCF8
207462	MKL1
142594	FLJ20331
161020	TTLL3
155891	PPT1
194805	CDA08
143109	FLJ10458
181903	SLITRK2
135915	FOXA2
146533	YPEL2
216348	PSMD5
169622	ZZEF1
134508	PDE1A
145357	RPP40
221243	C17orf38
174782	MLN
156579	LOXL1
126761	VWF
203513	FLJ38736
173499	KIAA0433
184298	GJA8
143621	NIT1
141734	CHD3
138798	ZNF644
107385	SLC31A1
127745	PODXL2
137322	SEZ6L2
153005	JMY
163567	LTA
127457	CXorf37
203728	BZW1
163850	PTPLA
120114	HSPC128
217147	SDC4
130161	ATP2C1
182884	ZNF223
195743	ALDOC
206233	POU4F3
218524	PCDHGA11
146114	LNX2
164780	CST2
206577	TRIM26
145705	ZDHHC23
132892	HIPK3
143216	MYOZ3
219444	TRIM9
218607	PRKCH
157828	SLC6A17
125714	SLC30A2
149825	LEF1
200925	PSMA3
215580	COL6A1
182922	ICMT
106211	C20orf4
114499	THRAP6
119516	GCM1
235719	EIF2C4
122028	ETF1
196536	MGC18079
183836	GPC6
185294	CALML4
193842	NCR3
150470	AGT
138432	TMEFF1
106172	C11orf2
169282	UBAP1
218419	FBXO38
225390	SLC39A14
102388	SDHAL2,SDHA
216962	RBBP9
179199	HES5
174894	KCNK16
144669	C11orf15
133968	FKSG24
177872	YES1
156119	PSMB10
115799	RSBN1L
159760	PIP5K2B
117584	NOG
221772	MGC16385
209485	LOC401152
196263	KNTC1
155226	POLL
101027	MGC13183
166277	FBXO24
171533	FLJ20508
202921	CCDC2
155112	DKC1
227306	GALNT12
218494	NALP14
159154	ARSD
182612	VDAC1
147772	HAPLN4
161757	ABO
115500	SLITRK5
152522	KRT15
149251	SLC6A2
175030	LOC51035
697581	na,ZNF658
111639	HOXC4
156215	THOC4
205899	RPGRIP1
138036	hSyn
708248	KRTAP6-2
189694	COCH
114335	EFHD1
204403	FAM11A
170749	TGFB1
206853	LASS5
214151	LOC163590
213046	HSD17B8
200033	FLJ23518
185369	COL4A1
165885	ESD
110235	PRKAA1
126726	SPIN
177512	RAB4B
115454	PSG11
111907	CDH6
105886	OR51F2
121776	SENP7
141963	CACNA2D4
139042	UBE2N
609783	KRTAP12-3
195995	SLC16A9
118971	TBPL2
152725	PLAT
120675	SCAP1
207381	SLC30A4
124534	C10orf118
169469	SLC1A1
177525	NUMB
221853	SRP72
235680	C7orf28A,C7orf28B
101798	S100A9
109339	COL9A1
160498	ZBTB12
174531	FANCA
114210	MLNR
123273	JUN
140900	PRAM-1
107450	LOC283232
125032	ETV5
203331	IL1F9
214513	PB1
136477	FLJ32642
177472	KUB3
115582	PDGFB
191241	MSRA
163142	C1QBP
125845	TGIF2
172773	ARRDC3
119656	TCTE1L
143899	RGMA
119487	MGC4251
118093	SLC12A8
183726	CENPF
102403	PHF16
159288	MIP
100801	PAX3
206211	PNMT
157002	DDX47
203406	UNQ9438
206077	CACNB1
137567	ZNF443
191917	HIRIP5
194736	GPR89
208001	CGI-37
186240	TAF1L
206818	POFUT2
200377	STXBP5
213521	ARNTL2
134864	KIAA0446
175436	SFTPD
157408	KCNV2
150965	FLJ20277
126791	CD3E
214197	LHCGR
716436	LOC157657
199107	KIF11
304659	na,SLC16A6
186303	SPHK2
151033	STX10
125377	MCM2
130196	FLJ21986
154411	SBP1
173391	DNAJB12
210989	LMNA
126919	PPIL4
177405	SLAMF9
192311	ASK
107359	C10orf110
186871	CLNS1A
116423	GARNL3
199338	PARK2
127369	FLJ35775
173154	SEC23IP
151168	MTX1
225433	LOC374969
227737	LOC54499
116466	ZNF398
205146	KIAA0971
100628	NPY1R
100288	AFM
214414	MTMR2
136996	MARS
143209	OR51A7
10700172	OR2T1
127737	GSTO1
189867	C3orf4
189722	ASL
183028	RSAD1
184635	MGC33367
199852	CCNL1
136965	CACNB2
169191	FLJ37562
129396	EMD
109628	ATP5D
190915	ATAD1
187671	ELN
180458	SYNE1
177061	TIMM50
179391	DNAH8
104447	FOLH1
110889	PACSIN3
118163	MARCH4
121099	MGC31967
234151	LOC205251
120763	ANTXR1
154444	JAK3
712587	DEFA1,DEFA3
108756	MI-ER1
143257	DDOST
204473	HNRPR
148374	MAP1LC3C
174269	SFRS6
163360	TEKT1
210956	FARP2
103640	TAS2R40
150106	STEAP
103999	LITAF
115499	MGC39518
153650	CACNA1B
165469	B3GALT1
156009	CDH8
176188	GOLGA2
211649	PSG4
113696	SERPINB9
116145	POLR1D
216766	NDUFA4
151191	FLJ11305
187031	XRCC4
102667	FLJ32009
502035	KRTAP10-4,KRTAP10-6,KRTAP10-7,KRTAP10-12
163543	PLEKHG3
104741	GALNT2
166429	PLSCR3
214250	SEC61B
128692	GMPPA
122030	RIC3
101686	C6orf166
130314	LOC115509
115919	PPP1R8
152891	GCNT1
116331	EPIM
233125	OR1C1
107589	RAB40B
158923	RTP1
151336	FANCD2
160271	CEBPB
102344	PANK4
155197	MYRIP
159094	PZP
222506	FLJ46247
199459	ANAPC2
152803	C1QTNF5
174576	GLB1
138929	STK39
199525	RIPX
232980	NDST1
180577	BIN3
194528	TRIM5
188471	FGFR1
157436	CLCN7
229854	KIAA1853
121998	HEY1
134585	BAGE
143400	PNPLA1
162851	FLJ10504
108532	ZNF225
209963	MAPK6
154903	KIF1A
171689	ALPPL2
126119	APOL2
156018	CCNG1
187287	TP53AP1
211839	SET7
134467	CKAP4
211827	XRCC3
173910	SUHW4
125108	ANKRD11
131513	IL1RL1
218639	FOXK2
235590	DHX40
210459	RASGRP3
163034	SPAG16
120209	EIF4E2
148065	GLRX
132221	YPEL5
109706	ZFYVE21
129583	ARHGEF4
166843	DCP2
214068	DRD1IP
132369	GDI2
128827	PI3
204734	TAF6
183885	ZNF136
132401	DDX4
115606	LOC402176
162313	ILDR1
144670	LRRC3
129980	IHPK1
167237	FAM19A5
211698	FAM18B
158067	TP53BP2
131543	NAB1
150463	FLJ32191
222534	PCDHGB4
204886	SCPEP1
106125	EXT2
134084	BACH2
197008	FLJ12610
183855	LOC222967
159454	ECE1
165344	ADAM15
168952	MGC39325
161674	UST
200811	CRYGB
216702	ELF3
204317	ZNF499
108279	C11orf8
119370	PNPLA4
150241	NCK1
547281	HSF4
192722	NTF3
158938	SCNN1A
103279	FLJ40125
182081	CYP26B1
118101	DNAJC4
117527	C7orf32
178275	LOC197322
163194	NCF4
146324	SPANXC
174797	na,GTSE1
227398	LAMP2
146055	PPP2R5B
149473	FAM50A
179935	MAFF
147399	CLEC4D
221744	GNB5
195021	RAB31
197319	RRBP1
147307	pp9099
202532	SEC23A
150003	GBA
159012	LOC92345
113538	na,DOCK9
109205	PRSS2
112871	IL26
101482	SUNC1
151125	PKLR
132629	MFAP3
108594	PGRMC2
219853	FLJ38716
119609	PODXL
100214	RAP2A
204379	LOC152185
135077	C20orf151
206580	PSMB8
107305	FXR1
128475	MYF5
135754	C10orf107
108488	FLJ10514
122416	SEC3L1
217917	BCL2L14
223455	C19orf23
215382	TRIM51
185821	TRAF1
145856	KCNK13
158398	CRK7
100762	C6orf152
161352	DUSP3
171900	KAZALD1
118602	FLJ14981
146893	GPD1L
114013	ARSD
155172	RILP
129217	MGC34079
158513	PRDX2
158590	SYBL1
157638	ATP6V0B
139679	ZNF415
197942	TOMM40
144392	RASL12
174034	GGA1
228707	LOC283932
160382	C21orf106
234454	PKD1L1
177019	ITGAM
199001	ZFP67
123166	NJMU-R1
163373	RPL21
130367	TBR1
122980	MGC40178
165950	TTF1
187114	ADRB1
127943	PRKCSH
192167	FLJ34969
185495	KLF11
199511	SOCS7
146101	G3BP
192931	SNRPN,SNURF
206550	TBX2
144581	EEF1A2
155630	ANKMY1
136242	DDT
112676	CEACAM4
218945	LOC128977
208588	C13orf24
221307	IL18BP
199760	ERAL1
139888	LOC389852
182343	HMGB3
213622	RAB3GAP
207397	EGF
199955	KCND1
189583	GMEB1
141151	MMP3
142068	GH1
215508	PRL
130642	FLJ40137
174956	MACF1
214870	MGC33926
182648	BCL2L1
181809	MGC8407
195142	PARK2
231489	MYADML
226280	MGC34034
130706	CLPP
173899	SLC35D2
190898	FBXO11
173797	FLJ35827
147451	MST1R
117789	BAT4
160405	SIGLEC5
172165	FLJ20457
181718	NINJ1
123139	SYNE1
224362	FLJ31568
188387	BMPER
205021	SERPINB12
159844	IL11
129040	NDN
124110	DLX1
222091	PALM2
104372	IK
180853	NKX2-3
141661	C20orf132
100635	C14orf150
220348	SULT1A3
146511	C16orf3
101663	VMD2L3
184090	RAD18
205189	OLFM1
234638	DST
146098	PTTG1IP
194196	PIP5K2C
142323	C20orf116
167384	SRRM2
182728	GNG13
124626	SLC3A1
180515	PTGES2
123733	PPIL3
164042	ZNF410
175316	GTPBP1
220154	FLJ46358
138148	MGAM
124968	PC4
208543	13CDNA73
114851	SFTPA2
167316	MATN2
168375	C9orf12
207769	KCTD10
155145	VPS33B
162161	EBF
215995	LOH12CR1
209257	MMS19L
170211	IGFBP5
111859	LOC116123
181273	SARA1
159810	FLJ25477
127467	TMEM20
159820	MGC32020
137591	KCNA1
135228	SPI1
155387	TNFRSF8
173076	EDG8
202905	PIK4CA
184079	MGC17337
142053	RABGEF1
213889	SFRS8
177240	HTATSF1
153742	GRIK1
227112	LOC348174,MGC34761,LOC497190
209661	ANKRD1
173504	RSHL3
210224	GRM5
210863	RTN4
126527	ITCH
116962	GOSR2
181789	FLJ22688
154759	LRP5
163054	CYP2J2
123981	RPS23
213460	RBX1
116304	FASLG
151071	ZNF406
119569	CG018
172468	C1orf38
185956	FLJ43980
200352	KIAA1764
152511	SLC7A5
227601	MTHFD2L,FLJ13105
156493	SOCS3
158873	PIP3-E
186869	FLJ23235
102789	C15orf26
214525	RBMX
108723	MGC35555
144551	C9orf93
163829	CLDN17
128179	LOC200030
170830	C14orf70
102899	RABEP1
193337	KIAA1961
166068	SMBP
207528	BRMS1
197221	MTHFD2
211759	FRAG1
194924	ROR1
163040	LECT1
153454	GTF2F2
168106	BCKDHB
148230	C6orf96
156956	CACYBP
157126	ZNF261
158966	DO
160209	TFEB
232514	LCE1B
203916	CAPNS1
181391	C2orf22
116009	PRDX5
104861	UFD1L
189275	KIAA0494
161429	OR7D4
224147	ABCA13
192034	CENTG2
185286	BNIP1
187717	DKFZp564K142
211699	TP53RK
191731	IL31RA
165343	ABCD1
115178	TRAF4
208672	PLAU
184360	RETNLB
209529	CYBASC3
194807	SMARCA2
167948	DKFZP564D172
221030	KLHDC1
111927	STS
113737	TRIB3
136652	RAB11FIP4
150849	IFNA14
113902	SERPINB6
170756	WNK4
130435	DYRK2
187953	LOC146542
219955	SEPHS1
118714	CDC25C
174137	CGI-128
147130	NAV1
176352	SLC26A6
162995	DYRK1B
193016	BRIP1
172462	COL11A1
157073	CHRNB3
147524	SCN11A
114063	AMFR
214580	MAP2K6
106774	RAC1
111483	STOM
105415	PCDHA12
220708	C1orf24
156649	RPIB9
115763	OSBPL11
148051	PELI2
212075	CP110
217533	DDX31
104610	PYGM
161055	KBTBD10
169864	MGC5356
148650	PLOD1
100451	ZNF132
111749	ZNF297
131064	ZNF429
162764	IRX5
139875	SYMPK
195281	FLJ13611
162296	KIAA1229
138178	OR4S1
193621	UBASH3A
204952	PSMA4
114492	PAIP2
231187	FLJ32770
156729	AP4B1
133394	BXMAS2-10
113090	C11orf10
115729	ALAS2
182993	SSBP1
137785	SP140
178031	TMEM40
218657	NXPH1
127630	C13orf21
147893	REPS1
223234	FLJ32894
140095	CGB8,CGB5
135249	PFDN5
108523	ZNF430
179223	NTRK3
166388	Tenr
135048	ALS2CR2
140559	HBE1
155084	FBXO6
161183	PTGFRN
203857	GANAB
458204	KIR3DL2
126816	BAZ2B
142828	PRPH
190420	LOC340156
206002	ORF1-FL49
214206	AGXT2L1
134134	MYOG
217976	CNOT6L
168478	C1orf35
111807	ASF1A
102783	HTATIP2
149805	FRZB
189401	C14orf108
197327	HCFC1
124049	KIAA0141
100709	MTIF3
172414	LOC164153
232987	OR4K15
142534	WHSC1
146922	CASP1
200511	NBL1
214989	ASB1
142470	NGEF
166191	OR10H3
164570	BCAS1
170355	FZD7
160290	SYNE1
223030	FLJ35894
164927	RPL18
169248	PPFIA2
147729	GKAP1
104341	FAU
166671	MGC16385
125668	C21orf63
137265	FLJ42117
120859	SNX26
158134	SUV420H2
151128	STAU2
190437	CLIC1
205975	POGK
147381	AOC2
209213	DKFZP434F0318
158596	E2F4
112373	NUP214
133413	PEPD
193356	ZNF419
114744	HIRA
196199	AFP
145412	CPSF6
155718	SH3MD1
216073	LRRC5
118258	FLRT3
192551	THUMPD3
124849	na,HNRPA1
162470	NDUFC2
158072	OR52K1
145947	ADCK2
204989	DOK1
101946	COMMD7
150693	MPP4
202796	INHBB
202982	NDUFS1
138686	ATP8A1
185996	C1orf21
208764	FLJ11273
129788	ALG5
164692	B4GalNac-T3
158112	APG4A
100777	GSPT1
206016	ATXN10
182523	MMP26
117180	MAN2A2
191834	HECTD1
124912	DNM1L
206410	LASP1
161550	NSF
133131	PGLYRP1
100837	GLT8D2
107026	PP
191248	PRKAG3
198370	CDH10
183403	IRS1
149553	PPP1R9B
107050	ZNF256
208454	CRTAM
149934	HTF9C
125050	MGC14595
147463	CYBA
137101	FLJ90396
191295	NUT
132453	RAI14
168383	CTSG
135323	C6orf190
139378	SOCS5
232730	C8orf21
120248	MFRP
130373	ADAM32
152363	RPS6KA5
158262	F2R
154821	APOBEC1
192573	RALA
164821	DHX9
137725	CSTB
104764	LOC93343
200703	PYC1
157928	MICAL1
128156	DKFZp434B1231
134430	ATPIF1
132706	PPOX
141828	MYST2
545168	FLJ44968
122674	DISP1
105053	MNAT1
109215	CCNG2
180903	ADAM22
193695	MAN2A1
144879	APG12L
171586	PTPRG
206144	MLLT2
164849	KIAA0863
207078	FLJ90834
168452	MGC17299
152836	KRTAP4-7
164545	FGF3
162128	HMGN3
163758	EVER2
138839	MGC8721
111079	VSIG4
225929	C2orf15
123560	ZNF339
206430	ZCSL2
131538	na,DNAJB6
125916	RFC5
169837	CRYGD
111427	OVGP1
166415	IL1RN
104762	LENG1
163861	FGD6
206836	LIMS3
223078	GFAP
187438	MGC26856
114539	EPB41
133936	FLJ14146
109758	MICA
210150	CCNDBP1
148186	STMN3
162366	HES4
197333	CASP8
162227	CYLD
180648	PRKAB2
215140	ACVR1B
117855	TAS2R10
204077	CFDP1
153942	PIGQ
110570	COL5A1
157032	FLJ10560
188358	MGC21830
169243	DHRS7
195786	ACSL6
113680	SENP2
162944	C11orf17
182774	NME1
151530	FCMD
182131	MARCKS
126260	PTPN12
183094	NOV
193261	FLJ33915
133129	CALCR
184179	MGC14161
115927	ARPM1
101520	PSG5
215143	WWP1
235303	KIAA1920
143383	TAF10
144837	FLJ34283
195587	RNF41
206533	dJ39G22.2
124058	PH-4
200401	CALM1
210785	CLPS
210893	FLJ37964
141394	ICOS
157685	UBE1C
195622	SH2B
146709	FLJ10808
156311	INS
176192	CDC26
108145	KIAA1143
217187	EPHB2
175270	SPATC1
203198	ZFP28
214065	ODF1
204758	RXRB
195966	EIF4E
128603	PHF2
158495	DDR2
156226	FLJ10404
202019	IDE
183763	UNC93A
227955	FLJ25328
144405	AZI1
183842	PLS3
140842	KIAA1202
175788	SCAM-1
179906	MSR1
203794	NEFH
224438	FLJ35773
170320	PUNC
210461	LAPTM4A
214956	UNQ1912
143286	LTC4S
131318	KIAA1411
204023	RHPN2
120682	C20orf6
144244	HAN11
183393	IGSF10
154482	CYYR1
163612	IER2
199673	ZNF642
188301	WRN
189009	FLJ10233
108749	ING5
192289	MGC14156
154453	LOC81569
106526	F11
132506	CAPZB
136297	PCDHA11
704151	na,GAGE8,GAGE6,GAGE7B,GAGE2,GAGE4,GAGE5
100594	LY6K
228328	LOC153684
100442	KLF13
201500	SFRS12
225771	ZCCHC5
161157	GLTSCR2
126163	FYN
179054	PRDX3
221462	NALP9
210028	RDX
207029	MLH1
206191	C21orf69
173780	S100A1
164075	ZNF42
109046	UBE2D4
128922	E2F3
126466	SYCP1
142438	POLDIP2
137372	OR56B1
194114	FOXO3A
161767	EDA2R
187311	C18orf10
107513	SYNJ1
123896	ABCD3
158439	TCF20
208652	ACP1
209462	PSMC1
149542	DVL1
214713	SNRPD1
218577	FLJ37549
136595	XTP3TPA
169512	MGC14141
143938	SLC13A2
171118	CHPF
209035	ZNF311
190260	ZZEF1
142688	MGC13096
140906	HIPK2
209132	C13orf1
128198	NFKBIL1
145045	PREX1
164940	C20orf135
164182	MYEF2
592613	LOC339476
108883	SOCS4
112812	SPATA8
137136	GULP1
134713	PLA2G2A
204201	HSFY2,HSFY1
170769	LOC220929
119554	CLEC4A
198422	PDP2
105946	HTR5A
194612	C20orf114
174420	NOL1
212461	FLJ44060
187082	GATA3
193422	PAXIP1L
115807	ECHS1
200569	B3GNT1
156186	ARRDC4
193199	HBXAP
166056	HOXD10
148503	NAB2
148824	MOGAT3
703181	IFNE1
135453	AVPR1B
232228	CREB5
201838	RIMS4
116941	NSFL1C
215025	ZMYND15
184175	MGC27434
169515	ZNF529
711271	KRTAP6-3
195045	MLL
197499	C14orf68
202961	WISP3
157464	HSD17B1
123062	FLJ20485
112201	ADH1C
126340	MC2R
142416	SLC38A6
125028	KLF10
108830	GPHA2
150497	CBFA2T3
197776	OR2Y1
174455	HAVCR2
134831	KIAA1822
115555	C17orf35
179008	RPL15
456592	LOC112714
209447	PEX14
178131	PCOLN3
219755	FLJ39599
111700	HCAP-G
183223	UGT2B4
234760	XG
181105	DPM2
179484	NEK6
216382	TMEFF2
191516	IMP-1
707408	TAS2R48
212085	AK3
135512	LOC283377
120238	R29124_1
124662	CLYBL
217154	KRTHA2
200670	TADA2L
174654	FLJ20859
129462	HAO2
272105	TP53TG3
179739	ANKRD5
190778	EPHB2
145191	STMN3
177757	EXOSC2
184645	PLVAP
120350	ZNF537
223348	RTTN
129247	FLJ34922
129972	PXMP2
186776	MGC33894
160195	DHRS6
210521	ASTN
144878	C20orf175
536185	RPS6KB1
111525	KIAA1977
164195	HLA-G
204773	MT1A
180649	MGC2494
210245	TOR2A
232652	DALRD3
157169	GPR1
143688	ZNF312
103034	API5
118292	PROK2
153800	TRIM14
208765	CENTA2
205542	ADAM30
114902	NTE
142105	DPH2L1
178167	TENS1
162878	ARRDC1
126184	NTRK2
124380	OMD
140913	MRPS30
182980	SPTLC1
155110	MGC9712
216123	MED12
209676	SDC2
200711	TARBP2
205128	FOS
224105	NOL6
225150	FLJ30277
123534	MCTS1
184795	TIMP4
191571	KLHDC3
223006	FLJ38564
163516	GSTT1
185798	GABRB2
165789	NUDT9
208674	RBM15
141342	ST13
193865	KIR2DS2
163400	FBXO17
141136	ARHGEF2
106012	SLC25A20
168414	BF
167444	PRR4
218178	SPG7
166394	CABP4
108456	KIAA1967
171580	VAMP3
169760	TAOK1
147942	EDG6
136473	TIMM8A
142719	SNCB
225902	BCL11B
182445	RAB5B
151867	SSRP1
144351	MARVELD1
116206	HNRPU
225533	FLJ34154
200608	ZNF208
173022	CD151
144542	TCF7L2
134225	LOC124220
102347	MIA2
166020	CYR61
105692	MGC12466
177814	SCN4B
174740	TRIM2
223539	TNRC6A
217841	LOC148137
198198	LPGAT1
165395	SCNN1D
205160	RFC1
200516	ZF
130116	CEP2
187521	MYO7B
205290	ASCC1
235457	KIAA1049
129713	C9orf39
168683	CCDC13
158533	MDS1
208748	CNAP1
141639	KRT16
209321	B3GALT2
159220	FLJ10156
105567	GYPA
104189	NNT
143083	CARHSP1
152367	PCDHB13
204279	C3F
152041	GALNS
217502	FLJ31166
234314	FLJ38736
158210	HSPC121
213376	MLH3
198329	OR2J2
113095	CHCHD6
113162	MGC39520
154377	CST8
223546	RPL12
115171	C21orf66
193628	APG3L
192720	PNRC2
141980	LYAR
138101	C7orf29
135111	PDCD10
118774	ODC1
161007	COX17
185760	HSU79303
105909	KIAA1559
132093	ACAD9
205337	PKIA
211534	FABP7
159617	ARMC7
207998	ERO1LB
518960	na,FLJ35785
190308	FLJ40629
172303	ATP6V0C
204942	KLRD1
155638	NAT1
171589	ZFX
162818	EDEM1
114689	PPP2R3A
176304	PNMA3
199058	MGC42718
170266	PDLIM4
123258	DBH
112914	TBC1D22A
111931	FLJ13213
187193	SLC24A4
115200	PEX5
178408	PPP1R3D
209531	PEX19
127779	PAI-RBP1
149355	MBD3L2,na
128903	GNL3
138669	OR8G2
103392	TTRAP
211883	DGKG
169205	MGC42174
133942	C20orf98
196461	NIF3L1
196722	STK22C
212486	ZNF343
219111	DERL1
218065	MTMR1
158257	SFRS1
220381	EYA2
101192	FLJ32065
134523	SPINT1
175418	RP11-19J3.3
129422	NOL8
178655	IL17RC
161744	SRPR
127566	LDHD
226334	C6orf146
193094	CNR2
219866	C9orf84
162146	KRTHA1
195707	HSD17B2
230234	LHX2
114141	SCGB3A2
112918	RABL4
184781	GRK1
119757	FKBP2
111712	p44S10
144399	HRASLS3
190719	CAPN7
125499	CACNA2D1
184158	PSMB9
202037	GALNT10
144595	PET112L
111306	COL4A2
164074	INDO
194079	PPIE
261063	GJB7
153620	LSM2
108491	NID2
130495	FAM19A2
181999	PPP1CA
225961	ZNF258
146508	SMYD5
172172	MOCS1
138281	RXRG
145390	FLJ32955
207077	RAD21
181636	STK17A
167114	RALGPS2
221988	WWOX
107842	COIL
177223	KIAA1609
202845	IL4
168788	MGC2494
153630	C16orf5
193383	KRTHB1
140411	HSPB3
180876	FLJ36888
211923	C16orf33
196411	RYR2
227100	LOC126731
206893	HERC3
138914	BECN1
156494	CDK10
176287	MADD
118650	FZD6
112102	C9orf43
181287	OR3A3
102174	CSAD
159563	NPHP3
177291	HKE2
219147	STAT3
105589	UGT1A8,UGT1A7,UGT1A4,UGT1A6,UGT1A3,UGT1A5,UGT1A1,UGT1A10,UGT1A9
129457	NUDT16
196345	SLC12A1
135801	RAB9A
183854	C18orf4
197767	ZDHHC15
109548	GPR21
196792	ENTPD5
122087	MOV10
188969	WFDC1
211289	BTBD4
215824	MRPL2
213246	KCNMB1
141381	FAIM2
219856	PSMC5
184710	MYH14
193334	ENPEP
170985	MMP10
196286	GML
107316	PTEN
119654	AGTRAP
141908	PECI
187988	FUT8
127184	MGC50811
180500	DGCR14
204148	ZNF482
117437	TFB1M
167958	LW-1
190174	MFNG
214524	RAPGEF6
207416	CDCA7
156072	ILT7
201094	LMNB1
169324	GRIN2A
137608	FLJ38482
171110	KEAP1
200919	PPP4R2
177289	GDAP1L1
162321	SCARB2
147693	RPL23
124802	C1orf14
168033	LPHN3
171123	SEC5L1
215452	ARNT
147885	HLA-DRB3
199775	APG4B
156580	BRF2
225012	Cep192
197485	TRPC5
136723	PCSK4
158090	TGFB2
207006	ZNF197
198749	EFNA4
110692	FLJ44691
226827	TTC21A
139799	MAP2K1
194568	ZZEF1
186061	PNPLA5
151062	MRPL42
196622	LUM
148153	DUSP4
132622	MASS1
235077	SOX2
146773	USP29
131372	GUCY1B3
114627	CORO7
202429	GJA4
137377	ESX1L
100503	SDHD
147105	CAPN13
167234	NRK
162225	HLA-DOA
192178	GRTP1
107053	SNF7DC2
127879	LRRC4
100385	ZFR
102711	MGC5391
163051	APOB48R
120870	EIF4EBP3,MASK-BP3
102598	MGC11335
137145	RS1
215685	LYCAT
219630	C10orf111
138803	MRPS26
208813	PLA2G5
186788	IKBKG
184453	AMH
153482	HRH2
151472	OXCT1
166663	GNPDA2
209590	PHGDHL1
149431	FOXJ3
125512	CYTL1
193811	FTL
129448	FLJ22639
147178	KIAA1117
157198	MGC43690
194101	DPYS
207014	CENTD2
172174	HPS1
216576	ACTN1
164530	KIAA1623
114433	SLC27A6
139743	C1orf43
109181	C9orf65
183410	FLJ35696
165436	FLJ42117
172944	FLJ11000
215306	FLJ13456
187603	PCGF4
183798	EIF3S1
192374	LRPPRC
154792	GALM
198609	HSPC016
141421	PCDHB1
149740	PYGO2
127830	SLC38A1
157102	PLAC8
212324	CAMLG
104276	CLEC4E
122916	MGC33530
131706	CRKL
199219	SPHK1
155177	KIF12
165546	TSSC1
103002	na,FLNC
150628	ATXN3
126554	LOC148213
222693	MYOM3
103451	CHMP1.5
134014	ST3GAL3
130755	SULT1C2
215347	C10orf58
217487	RFXDC1
172690	ANKH
203438	IPP
146597	KIAA0103
106323	KLK10
193551	CNDP1
196110	CSNK1E
125853	FLJ31204
178759	NRTN
125250	DUSP15
150790	S100A16
179545	AES
161300	AACS
179302	F2RL3
110852	ELP4
114584	ATAD2
119546	TMEM22
155671	ARSE
145949	NFAT5
108383	WTAP
137699	FLJ20211
199239	IL13RA2
225045	TGIF
152734	YWHAZ
191272	ZNF548
161798	GPSM2
194890	RIPK5
193226	LOC89894
107393	AUH
150769	GYPE
119443	TAIP-2
167033	DNASE1L1
131856	RANGNRF
119620	MYH1
233540	FLJ32252
102914	GABRD
142499	JUB
172479	C20orf42
213805	NARFL
119230	MAFA
213722	RAB21
207681	SLC34A1
110527	OR6S1
163587	FLNB
127294	HAPLN1
107789	na,GRINL1A
172824	THG-1
160758	CASQ2
140413	MGC15875
132844	SLCO4A1
178534	PSMD8
212822	SYT11
234896	FLJ90650
117674	LGICZ
211461	KCNG1
193177	SUPT4H1
208863	KCNC2
190183	IFNGR1
152997	RAB8A
149508	DNAH7
206226	C21orf18
197325	SOST
127009	RBP3
234977	FUT11
117300	RPL14
123808	C1QL1
133347	GSTK1
159066	KENAE
207809	MCEE
198252	RNF133
138204	MOPT
216366	EEF1B2
122538	NSD1
199514	NAG8
119211	SCTR
199821	S100A3
196409	RNH
214695	FREM2
211692	TNFRSF1A
215759	C5orf4
149389	ABAT
200088	IFIT5
203117	ZNF175
181581	DUSP19
137897	TNFRSF12A
114014	CHST11
141689	CCND1
174197	PCGF3
224302	FLJ13149
692566	FLJ40343
145266	IQCC
214046	DOK6
159448	PSARL
201106	SOX9
112781	KCTD8
701566	RESP18
112968	HHLA2
189353	TMEM35
129598	ATP1A4
103185	HNRPUL1
714848	FLJ35530
199005	LTK
228105	UNQ541
204042	AP1S1
141605	TIGA1
117790	C9orf156
173500	PHF13
212790	CDC16
173078	VEST1
211621	TIGD7
116549	MFN2
202363	NFKB1
118831	PDF
182292	NAALADL1
155708	GMNN
162743	C20orf24
207837	KCNJ14
170705	FLJ45910
151219	PRDM13
168370	GOLPH4
180376	FMR1
120185	SEP15
179862	FLJ12949
187172	PGAM1
187138	HOMER2
235296	FLJ25818
103694	HMGB1
186170	STAR
144614	USF2
171166	MGC14151
128464	DAZL
169560	HIST1H2BE
171414	GIT1
136075	CBWD2,LOC220869
104054	CDC42EP3
100963	FAF1
195693	CUEDC2
192124	SLC35B1
181204	SDCCAG10
208646	PLA2G10
165155	AIPL1
109646	PTDSR
139821	GCC1
208640	NET-5
181959	ANGPTL4
206424	ELK4
161219	MPP1
164637	ZNF76
130362	TDG
151082	BCKDHA
180560	LAPTM4B
116787	TMED6
201198	HSD17B7
117816	SYT1
155970	LOC201895
169119	FZD4
112181	NUP133
104351	PRIM2A
112861	TITF1
216239	FCER1A
104280	GMEB2
207155	MRPL24
136576	FSHB
131475	PRSS8
141815	RPL24
134875	FLJ90119
182089	TJP3
178755	VRK1
206544	SLC22A9
174579	EVI2A
159775	SLC17A4
104013	SGPL1
219614	SAMD8
119826	HACE1
209797	CASC3
140702	RIPK3
113124	TARSL2
165844	TBN
149065	FLJ10661
202485	ESR2
226018	IMPDH1
177128	C21orf55
226063	IL12RB1
112773	PCYT1A
123221	CCL19
104123	C10orf12
209246	WDR40A
163917	FLNA
144487	SNRPD2
231141	KAAG1
150307	LYK5
123751	GYPA
177951	LOC93081
217174	TRA1
110240	TRIM31
166043	FLJ39155
198005	LPPR4
204241	EIF2B2
208239	CRABP2
173605	PARC
229669	HILS1
181268	KCND2
147124	VGLL1
199477	PCDHB3
160893	CSPG6
116804	PTPRA
180198	FLJ13096
215303	MARCH7
195416	SDBCAG84
215041	TP53I3
203313	ASPSCR1
172196	MGC70857
105197	AGTR1
115917	SON
201537	PLB1
196893	HMGA1
100681	LOC203427
162975	GLI4
223019	SCD4
130092	LGALS7
10685079	TP53TG3
110732	NRG4
199244	FLJ14525
188191	na,FLJ45445
211294	TRIM6
112044	NCLN
109744	ARPC4
158490	LOC222967
190997	CGRRF1
195465	BCL10
198737	HIST1H2BL
141649	FLJ12584
128211	RPLP2
179123	DZIP1L
171928	SPIRE2
221314	MTVR1
104360	SH2D2A
214252	WDR5
129886	FLJ22313
132795	RIPK1
189125	STS-1
201029	LOC284013
130933	RHOU
141824	FLJ20647
110353	TIE1
140373	DKFZP566M114
176164	HIST1H4J,HIST1H4K
126636	MOS
115349	ZNF277
216353	ADAMTS1
178818	RRS1
123197	GLE1L
112217	IL17E
173260	ZNF278
166052	APLN
137355	RPIB9
170559	CRYL1
128456	TIZ
155968	SRF
130678	PA2G4
122023	ITR
148258	CPT1A
191290	na,FAM35A
140620	AMICA1
143831	TNC
217593	PP784
151469	GPR114
180205	na,CTRB1
195779	ADRA1B
168194	KRT20
133397	MGC17839
188502	FLJ23514
189372	CNGA1
180243	LCE3E
119344	FLJ46154
231238	KLF13
188486	ABCC10
210016	BMP6
175960	MGC42090
136293	Sharpin
177190	NRAP
193480	ZNF157
145556	TAP2
157407	PELP1
155665	PDXK
156960	FKSG83
156170	RYR1
188269	LOC253012
117765	PSCA
207384	MGC27085
199118	PBX4
191919	DRB1
210706	T
146897	PRKCDBP
118791	ZNF253
706837	KRT6B
170069	ALOX5AP
122069	ADCY3
154370	CRLF1
177316	C20orf179
171671	WNT3A
105435	C20orf22
139124	OR5A1
153602	FBXL18
145751	ARHGAP9
155303	SLC27A4
186213	ASCC2
188263	BAZ1B
100510	JAM3
137096	FLJ12975
117496	MYO9A
136444	BRSK2
224078	FLJ44112
134286	RRM2
129034	SPTBN2
135934	ADAMTS12
207953	ARID4B
194205	C9orf127
108545	DCPS
221879	PPP1R12A
157110	IQCF1
172951	CARM1
210798	CARS
108823	GREM2
185732	C10orf118
157608	RPS25
199968	LGI2
112721	BCMO1
208081	LOC167127
129187	MEPE
114958	HTR7
122351	C3orf19
194327	RAB6C
207461	NRAP
136586	FLJ10925
182840	FLJ10378
200021	LOC90321
113462	GIMAP2
192082	TAS2R3
110995	LZTR1
119936	ZNF536
186752	RHD,RHCE
159694	LRCH1
190682	RPS4X
160517	DKFZp434N062
158708	FLJ20551
170781	TKT
10651773	OR5K1
109524	PPP2R5D
111783	CCDC9
180797	LUC7L
119754	FLJ37953
131889	ASB11
120637	C12orf14
112131	ZNF322B,ZNF322A
216585	SULT4A1
121778	HSPA12B
200855	CXorf44
170759	CNTN2
104511	MGC23937
117541	FLJ20718
186379	ZNF511
142098	DKFZP564D172
111774	DEC1
201407	OR6F1
187207	ELAVL4
157770	MAP3K15
169526	SPON2
111908	PRKD1
131320	KCNMB3
219069	CDH24
164213	PDHA2
152261	FLJ21075
110058	OR2Y1
111229	MMP27
204761	C20orf43
109417	TTC11
150758	MGC4093
149095	KRTAP8-1
163842	TBX19
189108	ISOC2
176789	OR4X2
105885	SFRS16
207329	ZNF526
165334	RBAK
216187	MPN2
140087	PI4KII
171579	FLJ45850
100431	PEX13
203338	CAPN9
187480	TSNAXIP1
132987	RLN2
111620	DIO1
160358	CHRNA7
204405	FIGNL1
178093	SEMA3D
105249	CCR8
149721	MDS025
173526	C6orf109
140209	RP4-622L5
208980	MBD1
157556	EXOSC5
205030	TSPYL5
193100	SLC5A5
112734	ZGPAT
105603	SPOCK2
101597	C5orf19
199204	AIG1
126682	RCN1
166780	COPS2
138864	FRAS1
208526	C22orf9
173430	FLJ32001
164838	MGC35043
169590	TBX20
170202	TTC15
136049	MGC25181
187979	PCCB
184696	GSC
132362	na,TRIM51
219633	C2orf3
115141	COG7
198762	CD1D
217145	MIG-6
178790	TNFRSF4
100566	RNF8
200110	GRM4
201047	ZNF605
150377	OR2B11
185299	C10orf117
185021	LOC116143
176291	CSRP2BP
129509	NOLC1
176736	SPATA3
119300	FSCN2
120394	KIAA1530
152007	ZNF271
161318	MPDZ
174632	OCA2
119769	LTBP1
154923	COL7A1
155534	ZDHHC13
200235	PDCL
185460	CDC42BPB
196537	SDK1
152620	C21orf58
217936	BUB3
227204	MGC45800
127701	MGC29937
154597	C10orf25
190013	ZNF586
129930	OR2A12
182118	FHOD1
108322	GPX5
193459	XRCC4
184567	LRRN3
143529	ZNF431
142201	LRP1
203632	SND1
177286	SCN7A
109533	ALDH1A3
122471	FLJ20406
182989	CRIM1
167377	GPR22
175376	SSR4
109768	HBS1L
179125	MUCDHL
122174	CBLN2
191816	LOC283537
183314	KCNQ1
160182	DKFZp761D221
703319	FLJ35816
141447	RPS9
189042	MAGEA9
154498	HIS1
120765	TIP120A
106171	PPIB
707986	FLJ46154
148728	C6orf25
190304	SLC27A2
214476	SEC11L1
205229	SMPD1
161618	CDX2
208017	OR12D3
169540	C21orf77
202951	GDNF
111032	P2RY13
165294	MGC8974
144620	LOC152195
129951	PHACTR4
174388	D4S234E
159364	na,HYDIN
105812	NAT2
139877	GALGT2
181312	QTRTD1
222416	PIPPIN
125898	EPB41L5
158147	IPO4
218059	FLJ25168
148644	CHRNA1
186354	ZNF85
116275	KRTHB6
697045	ODF3L1
139130	NEXN
184655	TLR8
130410	NSBP1
122088	KIF13A
147539	PPARGC1A
198470	TEX13A
128863	EIF2B1
177445	IER5
104096	WBSCR18
177586	SEMG2
202781	ITGB1BP1
198427	UCN2
150608	FLJ33069
174671	OR51L1
121332	FCHSD1
170701	ARSA
223391	GNA12
203659	RERE
135015	ADAMTS10
176266	CLCNKB
134383	CHD1
227174	FBLP-1
104287	ZNF100
225818	TAC4
150037	LYZL6
143895	CCNF
162841	KIAA0882
220854	PPP4R1L
221542	C20orf75
199972	MPV17
226997	FLJ33860
218126	COMMD6
127828	ARMC5
106355	SSFA2
148149	STK11
150381	C1QG
140974	CYB561D2
180365	RRAS
201682	KCNK1
192715	DONSON
131117	KIAA0256
104115	VPS4B
154319	SLC22A14
184159	NPPA
205179	HSPC196
148791	TOB2
174614	ZNF569
267496	ZNF660
235190	VAC14
177098	SELT
176454	TSPY1,TSPY2
166567	RNASEH1
175560	LRRC18
170177	BARX1
181717	EPHB3
137801	PSMB1
212738	GALNT4
146066	C9orf95
200382	FLJ20255
152491	SLU7
214864	ELAVL1
108077	LOC389119
135433	MARVELD3
163568	STAT5A
118986	STARD3NL
105351	EIF2AK3
221188	LOC389199
214188	BRUNOL4
110971	SLAMF8
133654	TP73
211234	CEP1
219161	CSMD2
188449	HAX1
191279	JTB
135080	WWOX
175902	RAB40C
121972	MKKS
127600	FNBP1
210525	KCNJ16
108969	FLJ33318
184488	MAN1B1
155682	FAM31C
119823	FLJ37970
173735	PP3856
198558	MARCH5
189523	ICK
102013	ST8SIA1
150174	UNQ2446
182166	TCEA2
162796	C22orf3
135656	NPDC1
169041	KPNA3
104683	SFRS3
199557	BLM
150942	CORO6
152232	SLC24A6
116034	PTPRM
192654	SSBP3
163099	RYR3
107414	USP11
206398	DJ462O23.2
170287	RNASET2
104346	PINX1
171509	PDHB
178952	UPF2
167218	CDKAL1
193118	MGC20235
110781	ATP13A1
166341	PDILT
150647	PPARA
148630	AGT
180445	OPRL1
196961	PPP1R14C
114529	XAGE3
223043	PDE8A
170231	TRIM52
142757	GALK1
182278	GPR146
100352	LOC51333
170108	COAS2
155257	TRIM46
214857	HSU79274
149282	FLJ22662
234570	NAGA
214241	PXK
119292	ACTL7B
118180	SYT13
111378	KIR3DL1
213234	C20orf19
150521	CTBP1
112281	C20orf98
226775	WFDC2
147353	EGR1
151156	CHFR
227694	LCMT2
189947	PMFBP1
227646	C3orf15
116126	TBCD
136133	ARHGAP26
697257	GATS
177533	LOC387601
102234	CASR
183415	ZFP95
185906	TDRD4
110449	LOC152015
160124	FGF10
158624	SCGB3A1
142524	SP4
143174	OR52B6
121741	USP6
113262	COL3A1
138193	P2RX7
139693	LIPT1
173071	NRG1
128361	GDDR
129324	OR5D16
100955	FTSJ1
202929	ZNF614
140215	WBP11
201693	CHPT1
177089	VDAC2
109200	C6orf74
216954	SLC24A1
155941	HIC1
143043	FLJ10647
136199	FLJ40342
142379	C12orf10
170667	IGSF1
189529	HAT
212904	PLAGL1
155372	WISP1
162387	LGI1
170508	ABCC6
194873	HDC
128086	CBS
198629	OLFM2
203132	FLJ20273
166572	LASS3
224007	na,MGC24125
185816	GRIK2
163649	WDR50
101293	VPS35
172755	TRIP3
182661	FLJ10404
148053	MTCBP-1
194945	EXTL2
221950	GTDC1
157503	JMJD2A
167292	CHUK
114469	C9orf77
212181	FLJ12671
112290	MCM3AP
147437	SYNGR3
114882	KIAA0907
137501	FBXO21
102108	NMU
106848	SHCBP1
203903	MGC13040
126079	CIRBP
183932	MYLK2
155937	FKSG27
213008	MFAP1
199106	C14orf101
127893	HSPC072
135157	MAPKAPK3
123379	WDR51B
165541	S100P
140616	DUSP23
162813	FGF6
118892	MRPL22
133393	DMC1
164008	CLDN14
165362	EMILIN1
106600	GADD45B
224778	SENP1
152831	OXCT2
116433	PSENEN
200197	FLJ21742
216799	EZH1
185984	KIAA0261
111362	MGC10986
134550	ZNF287
130673	PCDH9
232872	AK5
113701	RGC32
183705	FCHSD2
142225	DPYSL5
111806	MGC35338
124025	PREP
123473	WHSC2
179098	LOC129530
135945	C8orf13
181713	COL13A1
180071	C9orf3
173312	PDE4DIP
200589	TAB3
136478	PC-LKC
213834	LIX1L
152091	C2orf11
202011	MAPK8IP2
190142	FLJ12716
197925	C15orf2
225103	C21orf81
104431	MRPS18B
120791	NOSTRIN
117896	TDRD1
209224	TUBGCP2
144742	C21orf106
174088	OR51B5
173149	LOC127540
117196	FLJ11200
134910	CAMP
209577	ATP8B4
188654	MTSS1
167566	LHFPL5
151302	GPR52
171576	EPS15
166278	AHR
183245	ALG1
114457	POLE4
206831	OR2A7,OR2A4
162965	LTBP4
180535	ADH1B
129911	MGC10485
216597	P2RX4
106245	FLJ31153
188381	HMP19
184744	FBXO36
187969	SAP30
177435	PLEKHH1
108003	TRAR1
173749	GNG5
159141	MGC61571
211422	PNLIPRP2
180215	RAE1
128414	C14orf132
128129	DKFZP564O1664
137081	BTN3A2
145859	PLA2G1B
137546	WNT16
200493	ZZZ3
367655	NFKBIB
186208	GPD2
168924	RHOJ
112800	TGM3
157271	FMO2
175038	ZHX2
194565	WDR5B
141858	FMN2
121817	COTL1
102973	KCNN2
205161	NMES1
117167	AHSA1
150934	LOC90624
176241	MYOD1
127696	ELF2
116629	CST9L
145230	VARS2
121267	Rgr
148806	SRCAP
181200	DIRC2
167073	CBLL1
609846	TMEM28
199582	ARV1
140323	OR8B12
140785	GPR54
154154	MRPL28
166305	ARPC2
157922	SST
195584	na,SMR3A
102924	ALOX12
163702	LAD1
130652	MRPL3
203507	TTYH3
166596	C6orf33
184851	LOC440590
120173	HLA-F
111499	EPS8L2
103564	WNT1
147778	LOC494115
143742	SF1
123711	HACE1
118834	KIAA0998
168588	MADP-1
187260	PTPRN2
177558	DKFZP564K1964
207913	NAG
125986	FLJ23584
115498	CDK5RAP1
187661	GMRP-1
132644	RHBDL4
146959	FLJ21963
210466	STARD5
154829	IMPACT
156325	na,FLJ25037,MGC16733
114474	HEPH
175937	RCV1
191122	TAF5
204492	MAP4
221844	TRY1
211204	HELLS
192845	P11
176213	MGC40499
187744	NTRK1
197684	DHX8
177404	HMGB2
183394	FLJ37659
181736	MGC50844
156236	KIAA0409
179446	BNIP2
164607	CPXM
130921	FEZ1
170793	RPS25
232016	SH3MD1
157410	RKHD1
116915	LRRN1
129012	SLC25A28
157336	NHLRC2
151841	PIP5KL1
704559	GZMH
202160	PPP3CB
130722	NAPB
208655	GUCA2B
140015	FRMD3
142557	GALNT8
149354	SPAG4L
193606	MGC40397
222729	TRIM4
195390	CCL4
132482	BCL11A
225251	TP73L
108955	OCLN
143121	DRAP1
206172	AQP5
359013	FLJ36980
184076	GMPR2
142563	MAPK3
210261	GFM2
176404	ALS2CR12
161154	CXorf2
188698	C7orf10
187321	CDH2
122151	MGC52010
224647	TIM14
161046	WNT3
113683	C4orf16
181007	SERF2
179697	PKP1
199461	ZNF553
186670	PFN1
706801	AGRN
179133	PON1
234533	ZNF543
179750	TDRKH
208862	F7
212389	MBTPS1
139162	TIMM8A
126778	PPP1R12B
186598	MRPL17
187463	RAB7
181879	MCF2L
189404	DCTN1
696328	HOXD8
212255	TFF1
172625	MGC34923
226910	KIAA1001
162119	G0S2
106937	EAT2
665519	ZNF248
185464	NPAS2
136318	CHST8
182794	FLJ23263
133849	PYY
127121	OS-9
175887	PLTP
210249	ANAPC5
143246	NVL
106876	FLJ31340
169202	na,CXorf48
162569	MGAT5B
155479	RTN3
226726	CAMKK1
172746	NUDT4P1,NUDT4
165865	BRI3BP
145056	C20orf133
108623	C8orf4
169952	BBS7
178858	GNB2
224965	B3GALT6
205027	CACNA1S
181362	RKHD2
188838	FLJ40773
175841	CNKSR1
220763	RAB7B
102563	ZCCHC9
190904	FLJ40629
176187	GP6
231214	FLJ46247
395793	TMAP1
189841	NYD-SP20
119998	FLJ23467
154456	ZCCHC2
219582	UPP1
198574	AOC3
235865	GPR158
220527	LOC92691
131512	MGC10744
185136	NANOG
166975	MCM5
149497	FLJ11773
122318	TRAM1
170354	MRPS18A
161783	SLC43A2
126632	DBCCR1L
166535	HSF2
138026	KIR3DL1
118421	TNNI3K
163865	RNF125
206403	FLJ14904
705413	FLJ35767
152794	KIR2DL3
137071	CUTL2
205924	THRSP
152319	FLJ22684
132521	NME7
117813	VCY,VCY1B
182595	BTBD6
143548	NEIL1
152994	KCNG2
146625	FEV
188472	FLJ14825
131500	ELMO1
187586	OR5L2
181231	FLJ20323
200058	PABPN1
137452	FLJ20699
109451	KIR2DL5
164566	SERTAD2
138321	CCL21
208332	TNR
104377	MTA1
128044	ZNF183L1
131781	MEN1
213016	PTDSS2
159790	C1orf27
226803	NIPSNAP3A
196014	GRIK5
144984	UBL5
173470	THUMPD2
204518	ITGA2B
162584	C5orf16
126310	RHBDL7
179668	C11orf30
151118	CCL16
181397	NDP52
149461	GNB2L1
202628	SEMA6D
181670	FLJ23356
177570	PRAC
222664	USP48
150432	LOC124402
141053	MAGED4
207247	CPLX4
196262	UBQLN4
145871	CCND3
164416	PHLDB3
102135	SIX4
149216	DAO
126205	CABYR
210222	MGC4618
204932	MARCH3
215788	CRYZL1
217627	na,DDX11
229492	FLJ32110
155945	TIMM23
220311	MGC24039
167226	DNASE1L3
161254	NIPBL
178639	LRP10
177871	MFI2
122148	EXOSC9
201103	TRIM49
132242	WDR47
112025	C9orf23
207548	TRIM59
157745	DQX1
141331	GPA33
177410	SYT5
132913	MRPL17
224195	MGC35154
143920	IPO8
150142	LY6G5C
209188	ZAK
186550	DHODH
160965	PDZK10
145721	PARVA
111199	KIF5B
209519	RAB3IL1
155786	RNASET2
175485	PJA1
218783	KIAA1212
197182	RER1
149438	BIN1
116799	DKFZp434P055
107593	ABCA3
137076	MGC49942
179599	OXCT2
139039	PP35
112470	MGC4734
159739	FLJ20481
213464	FLJ12331
203228	P2RY1
103746	ZNF79
184287	FLJ20619
113083	CKLFSF4
130061	CCT6B
120493	FLJ37300
198318	BASP1
206923	ABTB1
134700	TMOD2
173579	FBS1
128091	LSAMP
219437	POLR1B
132753	SSBP3
227700	FAM31B
119667	GPR23
135918	RBM25
157193	RAB10
197833	ADIPOQ
216425	CLSTN1
121280	ZNF43
211562	FLJ21439
125618	FMOD
154973	SPTBN1
171339	ATXN7L2
110576	RYBP
137850	C3orf3
118072	PNLIP
170593	ELMO3
153476	NDRG2
146264	INPPL1
215983	PRKRA
167529	ICA1
205566	FLJ13111
201644	CDKL2
146510	BAX
227774	EVC2
102915	BLK
169650	SLC15A1
207804	ZNF3
184425	CDKN1C
102824	MINK1
132489	EPHX2
110798	TGFBR1
208858	SLC12A3
184926	PWP1
135034	RARA
154101	FRAS1
191447	PRSS35
167003	SFRS2
204948	HNRPA2B1
202835	PAICS
215613	WASPIP
124647	FLJ38451
143393	C2orf10
129434	FLJ13910
131863	IL17D
117554	ACP2
169176	MGC33887
221425	ZNF434
113154	CHORDC1
177055	TAF1
128869	TMEM23
170127	PPM1E
103586	MGC26594
110855	ADCY2
150074	CAMKK1
174805	DAP13
183176	SPAG9
118278	FBXO44
135630	MGC4707
146137	HUMPPA
137150	C14orf92
153516	HT014
126621	DNMT2
178067	FNDC3A
152873	BAT1
205711	EIF3S10
145146	PIK3R5
195528	NEURL2
114557	PCDHB12
232722	KCTD2
212558	PCDHB10
160507	MYH7
126461	APOA2
179190	C9orf55
162469	ADCK4
204369	PML
234970	CRIPT
147327	TNFRSF25
165746	OR56B4
223968	SFTPA1,SFTPA2
186815	CFHL4
169106	APOL1
207124	RBM5
151049	AF1Q
179368	PGGT1B
201429	EPHX1
211950	SALL1
193716	MGC2408
136854	EMID1
132282	FGFBP1
416454	TPSB2
176440	OGFR
133995	FLJ23790
140397	FLJ21628
142901	DIAPH2
212378	PTPN6
171071	NY-REN-58
106864	FLJ46247
10687064	FLJ35695
127007	FCGR2A,FCGR2C
121903	ZNF37A
105321	GPR133
137388	PPM1D
113962	RPGR
202211	PUS1
110983	C19orf28
107417	ATPAF2
108484	EHD2
211073	VSX1
123381	IGF1
217336	FIBL-6
114675	GNB4
195821	NCB5OR
138177	PGM2L1
104531	CDR1
101611	MGC14560
112185	NT5C
122759	na,G22P1
211789	PPP1R15B
143128	OR52K2
207893	GSK3B
209426	CD83
193191	LOC493869
141957	ZNF343
204556	KBTBD5
217259	RHOQ
233111	OR5H1
121150	FKBP14
150371	FLJ21865
161234	STK32A
125600	AGA
152636	NXPH3
131044	PRH1
148734	MESP1
110143	MYOZ3
119727	HCP5
226732	SCAP2
100969	DKFZP434K046
206302	FALZ
161974	COPl
182264	GPR101
126241	ADIPOR1
128167	F2RL2
141520	C19orf36
201940	LOC342897
231087	HIC2
107328	RODH
118713	HSD17B4
142716	CYP2W1
187916	SMAD4
125725	C5orf15
221810	C3orf10
123084	CYP4X1
184729	PIGV
184373	ERP70
146234	BAT8
171126	SCAMP4
202371	GDPD1
174242	FLJ20487
183700	PCDHAC1
161857	PIGC
201374	SF3A2
179159	IRX1
111253	MLLT7
114593	LOC388817,PPIA
227710	MGC12518,ZNF273
113574	BTNL2
144148	PDCD4
219985	ZNF121
174347	C8A
168682	LRAP
117474	CLK2
134853	PURG
151098	ARL2
152780	IL13
146037	C4orf7
125813	RANGNRF
146947	CEECAM1
220579	IKBKB
178569	GNG5
114374	LOC285908
208474	APG10L
164460	TSC
103678	SSTR3
174000	SNX24
147604	POLD3
165480	FLJ31164
150301	SRCRB4D
198911	YTHDF1
206651	C14orf135
204707	HDAC6
147548	LOC388817,PPIA
108785	MELL1
217453	MGC39681
205400	KIAA0153
145987	C18orf34
189547	DCNP1
129045	PIGL
193902	ZDHHC3
174416	MYOC
193786	LDOC1
215317	AK2
193950	MGC40368
197470	HIST1H3J
162356	MGC16664
113079	MAN2B2
183321	PHF3
216089	PIK3R3
195064	GPR73L1
175415	LOC339168
116838	FLJ34283
127524	DNAH3
180319	FLJ12748
157822	FLJ30596
214768	MEOX1
123455	C5orf18
194368	WDR12
222165	LOC124245
149882	KRTHA7
180055	LAMC1
164733	CAMKK2
178917	STMN1
171139	DERPC
191377	CDO1
154165	DNAPTP6
196795	NR5A1
219180	MGC39545
142256	CXorf6
184666	PRSS7
174895	RIOK3
130269	WT1
201134	SNRPB
205129	UBA2
118620	JMJD1A
106164	ARD1
211793	RAB11FIP3
217771	C21orf100
148672	SNRPA
192512	OR4K14
153002	RPS10
188213	FLJ13089
186136	ABCG5
158279	MAN1A1
181617	CREBL2
190949	SPATA5L1
184553	MGC40069
186057	OR1D5
129507	FLJ13491
139930	FLJ20294
164190	NODAL
159560	C21orf42
183453	FRAS1
195766	ETFDH
177348	SERPINA4
101126	FBXW7
153780	SNRPD3
195776	ZNF137
116001	KIAA0565,FLJ36492,MGC87631
164286	NARF
220377	ZFP64
216611	MED9
126951	DSG3
131337	GRINA
143008	FXYD7
210058	FLJ13448
188051	CDH3
165987	CACNB4
218648	LOC202459
112698	na,BCR
208372	PNPT1
214337	SLC16A13
216216	ABCB4
227246	ARV1
115882	CHP
179538	TIMP3
194547	TMEM9
210747	SCG3
158409	LOC51326
113356	RPAP1
169898	RNF2
157225	PCNT2
124711	NBS1
211638	RNF36
143959	SYNGR1
131148	POLR3H
187312	RetSat
134611	ZD52F10
204454	MNS1
164471	FLJ20203
227600	PCDHGB7
138012	C7orf30
223193	PDLIM3
154628	HS3ST1
125981	PIAS2
209488	FLJ20241
157769	POU5F1
136601	MARCH9
198483	INA
137563	ACAT2
10715781	MAP6
208308	FLJ25955
198301	CREM
207433	BICD2
185779	CKLF
105093	SKIL
148227	WDR45L
700840	FLJ42986
115165	FLJ12644
137172	CYHR1
223910	HOXA10
185881	SEPT7
131792	LOC388886
100569	UGT2B15
210129	FLOT2
143456	FOXP4
117233	RAB30
179559	MBD3
178796	CALML5
208529	LGR5
150233	PXMP3
107070	FLJ10815
202914	CD58
117210	MGC10067
184722	DPF2
199571	CDH4
122554	HIST1H2AJ
215967	DEK
105835	TRIM41
224541	PCDHGA6
116600	GSTA3
171706	DKFZp434K2435
155276	SGTB
225159	TRIM14
109841	SDFR1
164523	FHL3
234955	SDK1
123490	FLJ11029
195828	MLLT4
184495	TNFSF14
183335	C6orf139
204746	GFRA3
158610	TIF1
133041	PSKH2
129200	GNPNAT1
217088	FOXE3
113678	CAD
170412	COMTD1
218882	ANKK1
694558	KRT6A,KRT6C
192063	SLC18A2
205246	LOC339123
127881	IHPK2
178353	MAGEA11
130579	C9orf9
102421	NEUROD6
183687	ROPN1L
227861	FLJ37538
235563	LOC149830
216730	TLR4
192307	PRSS23
207955	SMP1
131434	C6orf165
130234	GGA3
155485	KCNIP2
139326	ITGA4
181994	SYAP1
232153	IDH2
218495	GMCL1L
149994	LAMA2
170653	CTNNBIP1
198314	MGC10911
174935	DKFZp313G1735
186169	ZNF364
111149	RPS11
112804	NET1
201130	DKFZp586M1819
201248	CAPZA3
136461	PFKFB4
127936	CREB3
219553	PBEF1
124216	UHRF2
665879	OR4C13
214330	ASAH2
154932	GRN
208601	MC1R
169383	SERAC1
168030	PLEKHA8
154907	CTGF
136701	MASP2
106895	UBR1
169001	FSHR
147936	SLC7A1
189316	ALPI
114993	TMSL3,TMSB4X
183791	C9orf28
114398	NGL-1
142769	G6PD
203447	PSME3
167342	HRK
128895	E2F1
710051	PPYR1
123640	KIAA1196
232233	C10orf71
191090	MGC21688
706030	MGC33867
223427	C14orf161
161565	TYR
141900	FLJ25416
160951	PARP1
114285	KLHDC4
133756	TSGA13
142752	SIX3
110329	SYNC1
196957	YAP1
105530	PCBP1
118877	BMP1
139128	HTR1A
114604	FBXW2
131480	HNRPLL
189991	KIAA1598
128651	C10orf59
153406	C21orf62
108026	DKFZP564O0523
124405	EVI5
217692	MGC29649
207499	HT007
159274	ACVR1B
128383	GRLF1
206835	UNQ6469
178869	GPR135
210406	SLC33A1
216513	FLJ20557
207294	RP4-622L5
166190	TNS
159736	ARL6IP
121509	LEP
125035	C14orf87
207275	HIP1R
212752	CAMK2G
198488	NRBP2
147356	SNAPC3
200548	DNAJB8
194298	FGF23
118492	STARD13
215957	UBE2V2
103273	FLJ13912
120762	PDE6B
211838	WDR45
134083	UGCG
104294	SLC1A2
163096	LARS
223908	ARF3
138425	TRPV5
116850	MAPRE1
157425	SNTG2
162353	MRPL14
137683	URG4
151402	FLJ32332
120923	AQP9
222533	PCDHGB5
132930	NME5
141988	CREG1
183383	PRDM9
181258	KMO
195871	KLF15
105079	KIAA1608
139192	CMKOR1
121600	HIST1H1T
158653	MATR3
138923	PIAS2
159723	na,ST13,FAM10A6
195159	TRPM8
227381	EEF1G
161587	TPBG
167258	LOC136306
175513	MED8
144197	SKI
202991	SPACA3
207869	AURKC
131445	LY6E
167055	KIAA1468
230365	FLJ39421
150486	MGC20781
618721	VN1R4
157990	IFNAR2
129300	TXNL4B
121371	MGC3047
157979	FLJ31951
158427	MED31
185249	ERCC5
154434	AMIGO2
105973	RPL27A
111987	DNAJB9
157622	LMX1A
131628	Ells1
190444	RNF126
120930	GOLGIN-67
121876	C17orf28
136269	AD-003
116176	MYH3
152700	KCND3
133710	CUL4A
179489	C9orf58
125598	STRBP
229319	SYNPO2
120513	SMTN
216112	SNX3
182783	SDCBP
214297	ALS2CR4
222934	COL8A1
159013	AP2B1
121257	RPL7
160834	SFRS16
144182	CST3
202425	PSMC6
153241	WINS1
110083	CTNS
102820	C6
182143	FLJ10439
164984	TRIM40
421950	DKFZP761H1710
208992	FLJ13265
123213	FLJ10350
115568	ZBTB16
129922	LOC492304
149642	NCL
101654	NRL
147767	VARS2L
212285	C17orf31
112626	MAP7
124545	PRMT7
121773	CD36
154230	TREM1
176792	COL9A3
179822	ZDHHC12
158386	EPN2
153560	DDX49
215195	MGC52423
145157	AMMECR1
198822	TSP50
231342	IDH1
227501	PMF1
189938	YWHAZ
130534	FN5
191350	LIMK1
164480	PCYT2
207509	LGALS4
151662	OR51E2
210438	NGFRAP1
146656	PUM1
219095	TANK
125800	PLCD1
178998	TMEM45A
178783	FLJ20105
125621	AAA1
212907	ZNF198
205561	TPST1
174868	ZNF653
174470	OPRS1
545928	CFC1
201863	ZNF406
108704	RNF166
170831	FLJ14490
148299	MGC4645
163808	PTD004
188107	TMEM14A
115931	ELSPBP1
101588	RNF7
218810	IL1RAP
183013	PQBP1
186091	PLA2G2E
145324	ZNF16
205633	OR2C3
141533	TRIM38
135809	LTB4R
175492	ATXN7
120483	LRP16
128760	ARF6
197584	PLCB1
178804	PNPLA2
167606	XPO4
181263	PAICS
203394	SAA1
209660	FYTTD1
124522	TRAD
153383	CPNE4
124938	UBAP2L
182312	ARSF
155792	MPST
183319	AP3S2
186068	KCNK12
107876	WDR4
205731	HIF1AN
134667	CNOT10
171504	DDX3X
187427	SP3
176456	SUFU
173477	PSG2
105208	NAT5
182297	ARF1
131735	IL22RA2
106409	MRVI1
153119	SDHA
221751	LSS
118372	PGA5
215150	CHES1
193658	BRUNOL5
211237	ZNF92
206867	SORBS1
224354	MGC34805
211949	CST7
125181	OR10AD1
153036	PPP2R2D
210276	PHF21A
229624	POLN
144241	GNPTG
192223	NOP5/NOP58
161271	HEXA
114355	SPCS3
106373	MGC2198
152816	GRK6
208076	TNPO3
163412	na,RPL23A
185340	TNFRSF7
181154	DKFZp761O0113
159863	CSMD3
173420	GPR61
208035	GALNT7
132709	UMPS
142495	HOXA1
225640	LOC51136
133326	USP36
183241	GIP
233403	FLJ40083
128369	PVRL2
158627	TYSND1
151600	MGC5987
192359	RSBN1
208563	APXL
222445	HIST1H4H
203606	TRIM15
151050	OR5BF1
212478	C6orf167
136906	CNO
185669	LOC147991,MGC35440
143501	ZNF397
177412	PHLDB2
214624	C14orf142
152031	ESRRB
129685	CRR9
713054	TNT
205804	ZNF254,ZNF539
212410	UPF3A
139869	KBTBD7
223890	KRTAP5-9
226516	FLJ37543
215128	SEC22L2
184216	SULT1E1
214325	TBL2
124500	CENPH
178825	SGSH
178600	DNAJC14
157527	HSXIAPAF1
123437	SPARC
122049	ABCF1
210838	SPP2
214812	KA36
197126	SERPINB8
102627	PEX7
152537	LCN9
221904	FLJ35802
124811	GAS2L2
173891	ESPN
121045	EFHA1
195132	CAMK2D
194202	LHFP
101509	MTIF2
119660	LSM4
197265	ITGAX
168819	RDX
146706	OXR1
223940	THEA
128190	C14orf11
188388	RPUSD2
164291	CXXC1
217072	ITK
224504	PCSK9
101802	ZNF480
156745	ZNF304
182630	PRDM11
136311	MRPL37
209258	CDCA4
220825	KIAA0179
112528	SLC39A12
182434	ARL8
121855	NAALAD2
199064	ALPP
116540	OR1N2
142748	MAT1A
216795	BAHD1
197765	CDYL2
157796	NUBP2
195957	KIAA0922
200998	ZDHHC4
165337	GHRHR
174906	IPO13
169378	PDZK2
134496	PCNX
168162	C19orf14
157543	SLC25A23
107347	SNTB1
202952	GPT
136614	ACTA1
204116	MRO
198473	HLA-G
136515	FLJ42486
101196	ADAR
194752	HRLP5
134044	CRISP2
157921	PAOX
144694	CACNG1
141122	CCBL1
184691	MGC17791
163244	SARA2
107302	ZNF189
134321	LHFPL2
111923	VPS29
105655	PCDH19
127594	FGL2
183733	ODAG
191135	FLJ20156
176410	MGC2749
168561	NR2E3
702157	MGC42630
218598	MGC19604
173244	CRHR1
169680	GABRA3
165769	TCEAL3
150324	GNA15
138519	KIAA0372
145275	GNPDA1
110548	FGFR2
110988	C20orf9
150981	C14orf140
215619	GTDC1
205341	FLJ22349
130169	SH2D3A
103109	HOOK2
176417	TSPYL3
214769	COMMD3
141482	ZNF142
201519	BENE
171827	FUT9
109306	KLRB1
216480	PDXK
119147	LOC441476
113197	PELI1
708958	NFE2L3
156722	PNMA1
288188	DEFB106
215207	SACS
137640	PKNOX1
101413	ECM2
104484	FLJ38426
101855	C9orf40
166683	KATNAL1
146467	SOS1
167755	COPA
204066	SPAG11
194925	IMAGE3451454
153433	TM4SF17
155832	GJA7
120722	VPS33A
194394	IRTA2
206512	MGC3020
173099	SFRS5
174625	LOC388272
214845	DLEU1
203700	RPL14,RPL14L
443557	OR8U1
134845	NAV2
126518	MGC35194
592168	RNPS1
157865	SYT14
162176	BLVRB
522449	C9orf10OS
111838	PPP1R10
165289	AGTR2
180093	CDX1
111503	PAX9
129943	NEU2
100102	FLJ23598
103288	OR52H1
110066	RABL5
430835	MMP23B,MMP23A
214232	CLCN6
195853	SHANK2
105390	FOSB
203662	ADRBK1
134135	FLJ36445
134379	PLA2R1
234915	KRT1B
202865	GPX4
192679	RHD,RHCE
195432	FLJ44299
196770	FOXD2
124532	PPHLN1
166994	SNF7DC2
193379	BBS1
176329	FLJ38991
160885	MAGEC2
154524	PRSS3
156604	CHIA
216836	SSBP4
129260	ID2
121321	ZNF543
103618	DNAJB4
210317	RP2
152289	SLC30A3
118830	KIF20A
171246	LOC200205
121861	SLC35C2
173337	MAGI1
175233	TIMM17B
186281	WNK2
223268	FLJ25421
176265	S100A5
205721	ARHGEF9
181304	H2AFJ
198123	FLJ13236
152631	PRDM2
165620	MOGAT1
223108	NRG1
112567	PTAFR
193689	BMP2
150811	PFDN1
218044	SEPT10
223152	MXD4
171568	PISD
206071	MAPK12
149236	POLR1C
195505	TPSG1
174684	FLJ13855
196523	OAT
181329	KLHL17
190673	RPF1
106963	C6orf151
141760	C1orf50
105417	C14orf93
118434	C7orf2
146550	SRMS
127718	LPHN1
125779	FLJ23420
221618	FLJ32796
142723	TRIM48
229166	DKFZp762C2414
141785	IL11RA
168075	EMX2
142039	PARP6
100747	CRB1
196221	ARFRP2
153845	FLJ20313
212692	DR1
164277	COX4I2
224112	PKD1L3
126954	FLJ14966
119151	HIST1H4F
149932	PPM1F
176933	DSCR1L1
178037	SIDT2
162777	EGFL9
143175	DKFZp761I2123
194399	STK38
172081	C9orf10
129498	BAG5
173319	OR5I1
109525	BAP1
188816	ZNF485
139236	GOSR2
116397	FKBP10
144645	ZNF521
188843	CDK8
175721	SCGB2A1
224627	LOC339834
182828	UBXD4
178187	KIAA0090
134790	PTGER3
136502	NSUN4
214749	POLA
122437	ATP6AP1
211282	PGCP
134869	AGPAT3
135095	EPHB1
223755	RPL36A
121617	MGP
125509	FLJ32363
163551	MR-1
187258	CACNA1C
148933	ABHD1
100524	FAM29A
180589	PFKL
208898	KIAA0711
156543	OR2T10
185712	GPR55
144389	BLCAP
194109	HOXD9
183788	LOC130576
214501	S100Z
126373	STARD4
124598	GRK7
484021	FCGR3A,FCGR3B
148163	PPP1R16A
127658	AKAP5
108119	ADAM19
215836	NT5C1A
208360	IFNA10
169900	FLJ12571
149435	PHYHIP
213865	ZNF510
160733	CYP2A6
187182	TM6SF2
198607	RECQL5
154864	PCSK6
180733	C20orf31
141333	CHI3L1
207471	CACNA1H
188457	C10orf83
160942	IL8RB
219112	FLJ32949
199662	KCNJ10
140136	KIAA0720
107444	NAP1L1
116105	NMT1
193875	ANGPT2
207649	TM4SF11
189705	ANGPTL2
192630	FCGR2B
184605	LOC51066
170876	PHF5A
199180	PRSS16
171944	PER2
209550	XRCC2
133876	BACH
185016	LOC388335
146451	GPR73
228249	NAALADL2
213048	NKIRAS2
169245	CART
201761	PHOSPHO1
113042	FGF2
204936	CLDN23
214841	IL1F5
144791	PGBD2
187636	TGM4
204650	HS3ST2
237053	MGC12965
112443	GP9
209734	HOXA6
202737	ASIP
107095	C6orf10
135791	RLBP1
159756	LCN1
178008	FAM11A
189139	FLJ10803
121071	FLJ20489
154286	FASN
198419	DRG1
143438	JM11
124015	FLJ25333
107824	BOLL
128231	B3GNT3
114664	R-spondin
139659	ADAMTS15
170664	ANGPTL6
133721	ZNF643
208704	C9orf75
125057	KLK5
167219	RFXAP
216065	CKS2
185501	SDSL
194416	RNPEPL1
200000	USMG5
111365	PRSS1
149331	IL27
172975	GRID2
194633	ARMC8
180809	LENG8
189252	MGC27016
171488	ODF2
206570	IL3RA
140597	ENSA
449953	LCE1D
129120	CTAGE1
208381	LGTN
109998	RAD17
212636	RASGRF1
224279	ATAD3B
106342	GPATC2
190034	HSPC142
104984	TMEM26
704691	KRTAP13-4
222126	MMPL1
154978	OR2H2
129769	TNIP3
199615	TMEM42
190661	RPL17
129797	PLP1
131873	APBB2
204366	SDS
174358	HSPC152
212516	FBXL2
113815	PHF21B
225982	MMAA
214033	C14orf10
176032	TM4SF1
113110	TCERG1
145025	EDARADD
116672	CRY2
177231	RAB3D
126776	MICB
110571	SPRR2B
127581	MITF
203079	GATA2
117476	HOXB1
197989	MRPL18
130913	GCNT3
126517	NOTCH1
189556	FLJ39630
172334	STXBP6
181901	TEGT
106462	NRCAM
188504	ELA2
188138	KIAA1193
222062	MRPS21
169421	ZNF541
111812	WHSC1L1
153907	GPD2
177127	UBB
145483	PTGER1
194440	ZNF557
171132	GARNL4
147567	GLCE
225333	FLJ25801
220495	na,FAM35A
123631	AKT1S1
131521	FMO1
151759	SCD
208945	OTC
162005	PANX3
223242	CPT1C
133819	RPL19
137919	IRAK2
142993	MEIS3
113230	KRTCAP2
165440	MTA2
129590	AMID
179021	MEF2C
141227	CXorf40
151216	OR9G4
141093	DPP7
187924	POLG
122787	TPTE
186825	SPP1
195455	ASAHL
197962	MGC3162
211867	TEX13B
112049	C1GALT1
213499	C17orf31
117559	PRKAR2B
213600	CLCA4
101559	RAD9B
205933	PCTK3
154852	SHANK2
143558	IFNAR1
187298	DNCI1
124732	XPMC2H
213291	PDZK11
211523	TARDBP
169345	NUDCD3
109862	UQCRC2
168925	FLJ25449
200574	LZIC
103310	DNER
200203	TTC21B
233183	FLJ13231
109319	PCP4
106505	KIAA1576
199007	KRTAP13-1
168741	TNFAIP3
145583	GYPC
191554	C6orf107
162492	FLJ10597
145918	FLJ22531
114082	CYP1A2
217838	CHML
123450	NR4A2
196674	PIB5PA
202471	OR6A2
153274	FGF11
215866	HERC4
122467	TAF9
193596	ARG2
180287	PRPF39
191676	WWP1
130643	PROCR
189816	ABLIM1
183590	RGAG1
172360	TMED8
126102	SHOX2
222577	RGS5
177864	FAM14A
226603	KARCA1
193655	SURF2
194489	RUNX3
204048	LOC161931
144981	CAMK1D
192698	RHAG
130525	SPRY4
223522	PRIMA1
223790	PCDHGA4
200678	KIAA1815
162558	RRM1
209401	URP
128501	IMMT
110819	MARCH2
185593	FGD2
171578	BSN
161323	ATP6V1A
171224	C9orf10
120075	AP3M2
197073	PFKFB2
205379	CARD9
159721	KCNA10
169382	APOBEC3A
152376	EMP3
162479	ROM1
147224	VSIG1
113803	ZNF177
110033	CES1
165862	ARHGEF11
183721	na,C6orf68
223860	KCNH2
156571	PGM5
173692	FLJ20160
105403	ASB15
117958	ITGAV
214416	MDH1
105152	WNT2
179834	PVRL3
129885	MTA3
212469	EBPL
114500	HLC-8
211070	C12orf14
110876	GUCA1A
206772	SIRT6
180545	C17orf38
181192	MBC2
142100	RHOQ
202580	ITGB8
132485	PPP2R2C
134437	TAF1C
187873	SMAD1
192594	LOX
126403	BTBD9
205628	HPSE2
124388	CAPNS2
115339	FLJ20580
104709	GJB1
154673	RABGAP1L
189408	MIPEP
117960	CMAS
225873	RPL18
106948	CSAG2
134846	LOC159091
157060	SERTAD4
116420	LOC51149
235127	EYA1
111742	LOC132321
175201	BAALC
103474	MGC4655
449613	CSS3
124681	RBM15B
150955	FNTB
107988	EXT2
223345	DAAM1
145294	IFNW1
116821	LOC90313
186454	CCR7
176066	IFI44
177950	C20orf141
202815	TRIM3
130291	GPR174
214144	C15orf15
155606	LASS4
127249	LOC51233
201249	LAMA5
120803	COX6B1
164029	ENTPD6
180115	CYP7A1
143933	TMCC3
179065	TIMM8B
167604	SLC25A5
180800	PTPRCAP
303570	UNQ739
203863	NFIL3
210469	ZFP36L2
132641	SHOC2
178364	SCT
174461	CNIH
115993	TBX3
142475	HADH2
150591	FLJ20308
103382	LDLR
135922	OSBPL7
186922	RNF19
202220	MAGEH1
177086	TSPYL2
206958	SERPINB10
160297	IL1R1
205220	MPHOSPH1
193266	CXXC4
213342	MANSC1
118424	MGC33302
221656	ASPH
153166	TNFRSF13B
213647	OR4C11
149049	FBLN1
207352	STARD9
175604	A4GALT
186433	RFXANK
103481	FLJ10534
143283	NEURL
194365	PER3
181667	MYT1
213374	MLLT6
547009	AGRN
125971	ITPKC
195207	FLJ39576
123361	KIAA0101
134277	ZCCHC3
122106	CKAP2
178229	RANBP2
155508	TIMM10
106722	UBE4A
187937	RNF20
212532	DSG2
170540	GCL
185494	SPAG16
167549	C6orf209
120796	RAET1L
189107	C6orf182
195643	GABBR1
201203	KIAA1706
131595	PTN
110689	PSMD7
150749	TRIB1
137695	KIAA1598
116237	MKLN1
194782	F8A1
224842	SUMO2
161841	HAMP
153152	C10orf94
201538	LOC51255
186054	KCNE2
151531	DBN1
134531	RORA
152087	TFR2
176437	PRM1
124744	EGR3
125674	PDK2
116367	CYB561D1
187128	PAX6
181855	MAGEB3
120176	TOPBP1
207510	FAM55C
143630	TBC1D20
153410	RHOV
153208	RPS9
186316	C7
125084	KIAA1238
168454	MGC2731
118634	STRN
141131	PRB4
117922	ANGPTL7
168032	CHRNA2
210495	ST5
154341	HOXC6
199423	RAPGEFL1
160035	POLR3GL
171212	XCR1
213854	FLJ13840
180998	SLC2A3
157237	ELL2
148511	SFN
109114	PAG
117877	UPB1
715304	OR2G3
126246	GDEP
101193	HIST1H3A
121518	FLJ13154
175657	KIAA1893
211806	NTN2L
108940	NDRG3
111338	QSCN6L1
138287	HIST1H2BJ
189518	DKFZP434B168
102040	KLF7
160518	EIF5
169988	FLJ11011
127609	HIST3H3
120972	RBMY1A1,RBMY1E,RBMY1F,RBMY1D,RBMY1J,RBMY1B
127684	TAF9L
104878	PGK2
200394	KRTAP4-4
107938	ZNF650
191332	EFHA2
183958	DSCR9
141592	ASTN
139819	RAB25
102688	IQSEC1
207757	CYP24A1
137659	ABHD6
213481	HCK
113855	C18orf11
227201	DKFZp434G0625
205070	HIF3A
128061	MS4A4A
139280	PIP3AP
217674	MLX
197166	SBF2
163294	SMURF1
153599	OR8K5
164922	AOF2
191318	C6orf75
120822	URP2
172470	CNOT1
107893	RAD50
209157	CASP3
166197	MTAC2D1
110496	DYSF
188608	SLC25A10
129035	EVA1
210540	NCOA6
134309	FLJ11749
216473	XLHSRF-1
196469	ETNK1
199658	AGRP
205168	FLJ12735
192193	APPBP2
216793	ATF7IP2
154955	FLJ31196
212423	C6orf199
200852	NLN
193005	NFASC
152119	LRRC31
224305	PD2
120739	LDHA
161408	HSPH1
133096	ZNF335
154663	BIRC3
147403	ZNF583
184290	MMP15
173538	PCDHGC5
215925	IDH3G
134408	ERBB2IP
203708	LAIR2
189681	C2orf30
207656	TRPV2
204874	MRPS18C
176798	TREM2
193132	GLI1
230617	CAST
141059	SSB4
174516	MGC39633
223304	TTL
188209	CCPG1
148430	MGC33692
173146	DLX5
193701	LOC387758
177515	SEMA4F
107720	LRAT
172020	NRBF2
118256	DDX5
213740	CABLES2
186981	DDX50
237059	XCL1,XCL2
107073	PPP1R1B
112645	KCTD8
214124	VDAC3
310649	KIR2DS5,KIR2DS3
166732	HERC2
191705	CDC2L6
714612	CTRB1
216320	MAP4
101114	CXorf33
201259	PGC
188877	CCNE2
169723	PBK
163408	SIAH2
142791	CNTNAP1
220649	BDP1
196004	FLJ11017
207788	na,RPL7
107205	PTRF
216174	HADHA
146786	TU12B1-TY
140507	FLJ30934
200666	GRPR
184429	TLX1
187766	ABHD5
159638	C21orf88
182050	C20orf44
142957	NRG2
115680	PSME1
139922	CALCB
146311	IFITM2
152058	MKNK2
157780	SLC26A2
149145	WDR34
143936	DKFZp761N1114
118944	NRG1
160927	NMNAT2
185028	FLJ13868
147073	ZNF562
191105	UNC50
152393	RIF1
113100	PRR6
127904	HDGF2
219451	FKBP1A
143521	OR2AG1
126191	TAS2R9
119762	MAB21L1
194003	COL1A1
172928	CDC42EP4
181539	MUTYH
162277	ZBTB8
184694	SNCB
189926	ACADL
146963	RNF127
127597	PTX1
165400	LOC118430
545513	IGFL1
114200	DZIP1L
214214	ANXA5
223985	FAM33A
169750	STAMBP
148943	GAMT
176591	MGC5242
107386	RPL34
149010	NME3
121548	PDLIM7
129331	DESC1
182438	TERT
108283	ROR2
207454	p66alpha
124482	C5
199605	CHD9
168002	RPL10A
188450	C4orf14
210503	TFDP2
114317	RALA
107354	MGC16186
126577	IREM2
173089	SLC5A6
180503	CCR5
188985	RRM2B
157755	OSMR
233838	NHS
181683	C14orf162
213037	MAPK14
132610	KLHL9
214201	C14orf132
134617	GPR126
157489	POLD4
127035	RPIA
145935	FLJ20200
139703	SPRR1A
214434	SAA4
186134	PBX2
199817	EFHB
171762	APH1B
145983	TACC1
176322	NOTCH2NL
109549	KITLG
150457	WNT10A
145013	ARFRP1
158083	PCNP
234386	FLJ12529
158589	OR6V1
115402	MSC
108579	LOC56920
160822	PFKFB1
105550	APTX
168434	UNQ5782
173038	na,C14orf174
181608	CORIN
171228	VKORC1
200965	C20orf121
180389	AQP10
112188	C18orf19
180761	SLC16A8
178298	MCFD2
214846	LOC151835
135368	LOC134548
100771	EEF1A1
163741	CACNA1A
208343	FUS
112499	FLJ13946
173333	FLJ90805
146112	ABCD2
132032	ACTG2
150024	HDAC1
158091	SELS
198298	NFATC3
158406	CKS1B
107406	KNTC2
185322	CYFIP1
190581	PPP6C
179226	SET
154962	NFYC
172499	SART1
166747	C20orf111
234418	PDCD8
226800	CENTB5
139001	HADHSC
146598	FLJ23447
164787	CSPG5
224730	FLJ39647
172250	IDUA
200293	RNF170
180063	CESK1
102597	KCNF1
154339	IGFALS
102314	CD209
194165	ATP4A
180419	GIPC2
130328	DHX33
101019	SH3BGR
234450	MAP2K3
160373	C10orf94
163129	DELGEF
132190	AP3S1
126836	CD320
157644	MMP21
208074	TRPA1
170458	TA-NFKBH
227740	CLTCL1
175527	JAK1
319692	HKR2
186241	RAD51AP1
219618	MGC22793
205525	ZNF277
178411	PAX1
114008	CREBBP
225805	FLJ11193
186009	IL1R2
206593	RAB32
180269	DGKI
207948	DNAJC6
169563	C16orf35
128508	GLUD2
103693	FLJ22555
116410	CDYL
226589	DCHS2
179827	ZFP36
102959	KHDRBS3
186356	ZNF610
103524	ZNF560
144040	PCGF2
167993	TIMM23
107237	TLR2
100983	NAALADL2
209051	SMARCD1
149250	FLJ23506
198928	FANCG
121681	FLJ20345
212890	FRAT2
172051	MATN4
132735	UBQLN1
213786	FLJ45273
206374	na,NOS3AS
220229	ASGR1
149768	FLJ25660
106991	KIAA1280
207890	PAPD5
157593	LMAN2
138245	OR4F15
141923	C18orf2
132949	ZXDA,ZXDB
138880	MRPL39
178184	RAB26
154770	GHRL
174338	PDE1B
127065	TEK
101039	CHCHD4
209318	DNAJB7
152215	MED25
175324	GAPD
175042	SIPA1
192493	WDSAM1
131252	MAPK4
184665	C6orf141
136270	SMARCE1
130576	GSDML
177482	na,DUX4
173267	FAM45B
153472	MYBPH
123235	SOX5
122158	AKR1C2
157201	FOXI1
202567	SLA/LP
119428	EIF2B4
212988	ADAM10
133590	GSTT2
485593	THSD6
175009	PPFIBP1
154779	C1orf19
184220	PSMD1
155439	HOMER3
205983	EMILIN2
107159	TG
144212	C21orf56
105014	AF15Q14
176334	ZNF599
199932	FLJ21103
189482	SLC5A3
214185	YWHAQ
143739	PLK3
703675	AMY1B,AMY1C,AMY1A,AMY2A
144547	CFL1
104387	PAK2
198621	OR51G1
174178	LSS
199831	SELL
197753	ABCC5
204520	ETFB
199492	FUT4
101721	FLJ16237
108463	DDX26B
105822	SWAP70
126008	CCNH
166773	EFNB1
176460	DTNB
210086	HNMT
172218	TBX1
202673	STK24
129201	FLJ12787
199251	SORCS3
204913	FIS
221994	CDC14B
214807	GSTP1
214568	UNC5C
154562	HYPK
106095	NOLA2
103415	EXOSC1
169845	TIMM22
186940	MGC13170
170748	ABCB5
158223	SRR
123436	BMX
172547	GHRH
221550	FUT11
162248	ALDH1A1
177687	ARL2BP
119212	HCG9
215166	ZNF383
138160	PIK3CG
136853	CHRM3
187471	OMA1
131534	LY64
172285	C14orf173
145359	NEBL
175097	AKAP1
165148	SPAG8
230993	na,OR8G1P
190569	SOX8
227322	WDR35
205923	MGC23244
163509	DDIT3
223710	IQGAP3
215861	CARD8
190926	CHIT1
144329	SLD5
176596	DNMT3L
150761	ABHD11
127616	G1P3
121365	C6orf136
164568	KEL
152811	OR10H5
196168	MYO5A
190782	HLA-DMA
200743	FLJ22875
127230	EIF2AK2
132805	PHEMX
201818	PRSS12
209182	PCDHGB4,PCDHGA10,PCDHGA5,PCDHGA4,PCDHGA11,PCDHGB3,PCDHGC3,PCDHGA3,PCDHGA7,PCDHGC4,PCDHGB2,PCDHGA12,PCDHGA6,PCDHGB1,PCDHGA1,PCDHGC5,PCDHGB7,PCDHGA8,PCDHGB6,PCDHGA9,PCDHGA2,PCDHGB5
172273	WARP
191973	PLK4
184548	ITGB4
193239	RPL39L
108038	CDR2
178176	MAPKAPK2
154445	LISCH7
168546	PPP2R5C
210481	GGA2
166034	PPP1R16B
186998	C14orf31
147309	COL22A1
218206	TRIM25
120474	FLJ14668
223011	CASP8
163241	IL6
182482	P4HA2
205038	DKFZp761H039
180057	WFDC10A
175000	TM9SF2
130443	HINT1
144994	FYB
176259	HYPE
178300	FSIP1
124734	SNX4
204583	CSK
159327	TMEM32
225137	NAV2
148527	ESCO1
189090	KLF4
201114	DUSP18
180927	MGC34799
103754	IGSF6
110726	ARMCX4
150104	FGF7
204036	HDHD3
212759	GPI
162701	SH3BP1
163028	HIST1H3C
196256	HSHIN1
126992	FLJ13798
182714	ANGPTL3
185137	NTN4
166132	RBM13
194628	NEK11
207194	PPAP2A
107936	SPAG4
138606	DKFZp761A052
177547	ALDH2
181979	FLJ32312
178813	PITX1
137238	KCNH2
184301	KDELC2
131358	CDKN2B
159269	FLJ23323
196310	SLC25A4
167369	SEC14L2
179919	COQ4
136033	MCTP1
130451	KIAA1712
170538	CRISPLD2
170063	FLJ36070
182464	FLJ20298
104322	TRIP11
124859	RIT2
126087	GFRA2
134444	GOLPH2
148704	HBA2,HBA1
140496	ARL4A
170093	IGFBP7
165754	CYP4F8
225058	CASKIN2
172227	ZDHHC18
185002	SYNGR4
196950	VENTX2
149347	PDIK1L
203772	FAM20B
213919	OR5T2
164226	CDH22
117547	MAPK7
110418	AVIL
119245	HS6ST3
141887	TTC18
194691	LOC93622
104081	IHPK3
100646	CLGN
227896	FLJ39653
134359	LGALS12
219669	POM121
209687	MOV10L1
182071	CENTB2
155915	ABCA7
156007	DOCK7
140324	COX8C
117099	POP1
104557	ARSB
154657	HOXB8
148981	CPLX1
206617	KIF1C
224644	CDK5RAP3
159122	CNGB3
118266	FLJ21749
198965	LILRB4
114086	C19orf35
148997	GPX7
193436	FLJ12985
157311	KIAA0467
162498	EFNB2
224164	ZNF579
180670	MTHFR
156869	DYRK1A
113147	MAGEC1
187121	na,IL9R
155893	ABCB9
141062	GPR133
177407	TIA1
213163	FLJ20309
105954	TRIAD3
228981	GJE1
225269	FLJ34790
198328	PPP1R3A
115522	GMPS
169275	MGC33600
202407	FLJ31606
145041	GBP1
143539	C14orf35
157004	NEK4
120136	ZNF313
186415	FLJ20628
210882	LTB4DH
120963	LOC55954
412092	NCF1
223130	OAS2
117418	SEMA4C
120546	MAP3K11
212832	OR5AT1
190896	TPTE2
234406	AP3M2
218925	FLJ35721
165230	ZBTB4
104218	CHX10
107061	PLG
145831	LOC339768
133788	NPR3
165654	ZNF611
128435	NUSAP1
231093	DVL1
138818	CXXC6
203525	GBF1
101499	SIGLEC9
218711	KRT25D
199871	CYP39A1
152158	EGFL7
122893	SYT9
137620	UBTF
170126	VAMP4
127735	C10orf137
103703	PHKA1
140235	RGS12
212606	FLJ10490
129038	MORC
136939	DLNB14
199490	SRRM1
178673	LOC92305
103463	PEX16
154060	ZNFN1A2
197447	TUFT1
124109	BCMP11
123688	LOC92912
213495	TOM1
154143	MGC23985
223365	MGC16733
109673	MGC13045
128314	MRPL41
148741	DNASE1L2
197260	FLJ14001
108718	STK38L
115543	HELB
109425	RAB27B
110198	NAT6
149192	CXCL1
112723	MAN2A2
224388	CBX3
180186	MIS12
194024	PIAS3
148356	SH3MD2
196899	LASS1,GDF1
203145	PEPP-2
115948	TFCP2L2
708526	P4HA3
149945	UCP3
201158	FLJ10156
150159	CDKN2D
215808	MMP1
343450	SNRPE
133679	ASAH3
118178	FLJ45909
153336	ZZEF1
138102	LOC200420
143569	ASGR2
171701	DNAJB6
207709	QIL1
483534	FLJ42461
114768	TUBD1
154387	MLLT6
235857	EVC2
116930	TOP2B
194512	RPA3
201431	C8G
193488	CACNA1E
197993	SLC10A3
211578	DKFZp761C169
150564	FLJ20625
124927	FLJ10324
151830	OR10G3
145660	NIP30
221631	SLC1A7
179213	NLGN3
163920	UHRF2
192006	RALBP1
166408	AGPAT4
136928	TIGD6
233123	FLJ40194
190847	TRIP4
116432	HUS1
211972	DDX18
129999	PIK3C2B
181353	WDR20
197299	MGAT4A
174543	SSB1
151000	CEBPD
108736	CYLC2
171687	NUP35
177149	AKR1CL2
127723	DERA
203105	MN1
199105	ROS1
176377	MYH7B
169429	FBXO25
176541	FLJ10853
225189	SCOTIN
165515	DST
160407	IER3IP1
206886	RNF167
215439	KRTAP9-3
202328	DSCR6
218530	JPH1
209342	ZCCHC10
123088	SDK2
145611	LUZP1
210813	HECA
221158	FBXL14
216250	SLC37A3
224715	RPL36AL
188227	MMRP19
215129	GTL3
225933	DUT
107534	TMEM7
107747	CCT4
185114	TEAD2
148862	BHLHB4
207919	C10orf88
109566	MGC42174
192985	RFWD2
133742	PPAP2B
181169	OR2C1
143991	ABL2
108931	CD3Z
177907	NALP7
196281	SNX10
187380	BCAS3
123246	RPS4Y1
164133	KIAA1688
226935	TIM14
160021	GNAS
196088	VDAC1
163797	MYOHD1
158963	SGCA
142523	HAVCR1
186099	NEO1
124628	ZNF302
188404	NEDD1
111860	SLC25A2
189503	DNAJC5B
184143	PS1D
182510	KIAA1622
220770	MGC29649
100058	MGC2963
209663	FLJ23598
205686	FIBP
155157	RARS
141446	PCDHB11
161831	GALR1
183227	SEC14L1
156901	ALS2
178805	LRFN2
211033	ABCC12
224600	MUM1L1
179041	ZNF306
111265	PHTF2
188097	MGC23908
181500	IPO7
202209	PCYOX1
207687	SPG21
213958	UQCRC1
199270	ASB6
124735	FARSLB
137286	RENT1
137527	FLJ11292
110614	K6IRS3
164886	FNDC4
113619	FLJ35867
102967	ATP2B1
192036	FGFR1OP
211140	CHEK1
177666	IMP4
136211	ADCYAP1R1
148768	TRAF3
108606	TSHR
178491	FLJ35976
105643	MRPL40
171757	C14orf79
127174	FLJ10006
215100	DDX19
107806	UGT1A3
193349	SENP5
156268	PCDHB16
193021	PRB3
152152	PRG4
154988	ASCC3
182569	ARG99
171508	FAM38B
162757	AVPR2
137530	CER1
158652	CD81
188749	ZCCHC8
121186	MGC13114
124326	IQCA
164468	COPS7A
217706	UBA52
141903	PCOLCE2
103950	FCER2
130989	TOR1A
109227	ZNF419,MGC4728
152023	EBI3
100659	LOC51760
210819	LOC55974
108558	OSR1
174706	ST6GALNAC1
194493	FAIM
192702	SLCO1A2
220638	KCTD9
179268	USP18
139972	HIST1H3E
160795	SLC9A3R2
112005	LY6G6C
216718	ITPKA
175369	SDK1
179819	AKR7A3
141288	FLJ33534
175741	SELPLG
231484	AUTS2
212411	HUMMLC2B
171959	CYP2D7P1
150963	DF
161543	DSCAM
139522	PLA2G2D
100658	CYP4B1
219592	PTPNS1
205406	OSM
136295	FLJ36046
234978	STN2
143443	GNG7
221515	RPL10
178720	IGFBPL1
168192	DNAJB11
142541	LIG4
234277	MKLN1
116259	RPL3
206064	KCNK6
201663	LIN28
176124	MLL2
137437	SNCAIP
203477	FLJ11004
212543	SPTLC2
167428	RPL28
133794	LOC51204
184281	HIST1H3D
10355470	ZNF468
115605	CYLN2
105515	EGFL3
167627	MGC35274
107094	SLC22A4
109373	MYL7
184103	ADCY7
200460	GALNTL5
194710	UPK2
192078	JPH3
185528	CLDN8
140314	TTC3
167329	ZCWCC3
193830	LSM11
128207	MMD2
177212	VPREB3
202528	TAS2R14
118754	C19orf26
118961	WASF3
116706	MATN3
198926	MTMR4
129649	C20orf152
162222	PRIC285
146270	CENTG3
186765	C9orf74
173434	ALDOB
105802	TNPO2
152070	GPR64
227494	TCF21
141564	C6orf208
125148	C9orf100
230643	CASC2
211600	AEBP1
172296	TAGLN2
161166	PROZ
132306	RAB39
126712	MGC14839
112648	THRAP4
113067	SAMD10
175426	BCORL1
105239	COPS4
128999	C1QTNF6
144333	PRM2
184735	ADCK5
118862	KCTD17
109070	ICAM1
131734	FLJ33008
121614	LOC401498
162866	NDUFB11
103418	na,PMS2
134526	TRIM33
186930	RBBP6
120624	FOXO1A
218843	CXCL12
133662	FLJ22573
236969	WNT7B
204151	HK2
196828	GCLC
129668	PPP4R1
197970	HSHIN6
186912	DTX2
161347	ACE2
197310	IFRD1
108259	OPCML
107178	FLJ12998
187446	RALBP1
107433	ZNF544
108804	FLJ21657
104955	SPAG7
154517	ATP5G3
108329	LOC375108
198606	EMP1
107703	CD28
192905	COG5
186297	DLG4
215284	BDNF
134696	PRTFDC1
196485	ACACB
101347	IQCG
147139	MCL1
164497	CREB1
226707	TLR7
125519	IFNA6
117064	GNS
204460	ELAVL3
431174	FOXD4L1
218047	SBLF
225278	PSPH
174798	VIL2
119696	PCBD1
131477	CSAG2
188434	FA2H
180650	RHBDL1
115922	C13orf23
192781	SOCS6
217358	PRKCBP1
224628	ANKHD1
133221	ESAM
124267	PSMC4
133501	SLAC2-B
132432	MGC1203
199794	DGAT2L4
113038	DOCK11
184716	TRPM6
204609	TRPM7
136226	ACATE2
201000	USP47
140242	HKR1
213064	FSHPRH1
184285	HES6
117368	CARD10
201337	GRIK3
205014	CHD7
200285	PCM1
225462	FLJ40249
206561	C1orf22
213723	ZNF451
208195	MKRN1
146065	PSD3
176286	LOC253982
151113	FLJ11301
137498	FBXL3
149878	HAPLN2
145241	HTR2A
112377	FLJ10287
167013	ZWINT
195702	EGR4
153570	GADL1
195553	ZNF318
167030	NFS1
113125	KIAA0669
121160	FLJ38819
147102	HS3ST3B1
127872	SENP8
161734	CLIC4
140473	DKFZP547N043
132301	BC-2
203385	ST8SIA4
180824	THAP8
222562	CXorf22
133387	C19orf30
164694	NOLA1
222407	LYPLA1
127685	GDF11
150052	GALNT1
207117	ITGB4BP
112368	KIAA0683
101594	FLJ90652
138257	HCN3
123878	KIAA1961
215251	ATF1
202798	FBXO5
185998	FLJ23311
137086	ANAPC13
218175	AGC1
156333	FGF13
187667	FLJ36674
222905	DCHS2
210617	SOX12
178043	PSPC1
127488	C10orf81
180157	PIK3R1
218062	FLJ30058
167807	A2M
174312	OGDH
200664	MFTC
187044	C10orf93
231849	TACC2
224294	CSF1
223097	SAV1
189906	ZNF7
187921	IRF4
179876	ZSCAN4
219397	C14orf50
214401	OR2F1
131002	CHD8
114728	FUT10
144881	ZFPM1
176067	ASB5
186989	DTX2
158140	IL22
135619	CREBL1
160935	FLJ20920
212426	SUGT1
192343	KLHDC2
226659	NFX1
122630	DKFZP586P0123
167440	HSPA6
128154	MRLC2
101738	PDGFRL
127899	POU2AF1
105711	MAPK8
138157	APOBEC2
184923	RBM19
167744	FLJ35220
179056	NAGK
150996	GRIM19
114188	S100B
152202	C7orf26
195340	MRPS24
533743	na,WBSCR19
105950	GRAP2
155422	FNTA
169212	NLK
131410	CRX
207410	PDHX
165502	LOC255104
160541	SSX6
160030	SRD5A2L
208456	SCRN1
658299	LCE3A
102559	PSME4
139490	DPP9
162874	CLASP1
143732	PPP1R1A
112045	BMP8B
208504	FLJ13842
228081	PAN3
107350	CDK5RAP2
182330	HABP2
226359	PPARA
206912	ABHD9
111111	ITPR1
147154	NESG1
208572	EXOSC4
209839	C8orf1
141012	COL18A1
215924	MRPS16
158258	TLN2
203461	ARHGAP28
182873	LOC148418
183942	LOC127262
109913	DACH2
175900	PGLS
107655	TOR3A
200710	ROBO3
100945	CLCN3
115249	SFRS5
142965	PTPN1
110649	TM7SF1
193759	TNKS1BP1
146711	TMEM8
203481	OR8G2
116150	TM4SF3
182585	C6orf118
112774	MCM8
153627	SCEL
168872	BST2
109839	ZCCHC11
156600	LOC138046
146920	POGZ
203065	CSRP1
221096	COL22A1
121786	C6orf157
113377	CHN2
166684	T1
384551	FLJ40448
118382	C6orf113
119206	SCARB2
215519	PCSK2
111735	MAP3K6
167552	HIST1H2AH
162909	MMP13
137261	SLC22A5
156837	MGC4268
210350	DMTF1
132542	C19orf21
177308	C1orf26
141668	WISP2
134740	FKBP1B
144660	TM4SF7
122176	KIAA1002
211020	KRTAP4-14
125792	PRKACA
190274	CRYAB
164925	MGC15476
223683	TLE6
105274	TAPBPL
195568	MIXL1
168202	SQSTM1
185973	UBTD1
130465	CDC6
190978	ANKRD11
202663	BARHL1
209464	LRP1B
125957	GNG4
137540	RAB39B
119187	BET1L
121636	FAM3B
715140	LOC285192,AQP12
154353	IMPG2
165738	FLJ13639
177253	FLJ11280
102396	FLJ14775
156010	KIAA1904
109699	KYNU
195704	SARS
213184	BXDC1
143219	CGB,CGB8,CGB1,CGB5
133372	ASCL3
124473	AQP7
162832	FLJ10324
145670	C10orf30
190161	GGCX
175356	RRAGC
101487	CHST5
130048	ZNF576
235697	MGC46496
213230	CTMP
205264	CD3D
210196	FLJ12650
158557	C20orf35
165750	DKFZP564J102
170892	BANF1
222670	C21orf29
203298	PRDM8
222105	THSD1
120910	FLJ10178
127291	ANKRD32
161267	CDH24
183209	CDK2
158174	ZNF514
213915	NUP50
152906	MGC35138
132312	MCSP
177046	RAET1G
183196	SUZ12
130750	FLJ11588
179831	FLJ90586
155851	HOXD13
171995	SLC4A9
197519	GRCC10
189457	C10orf68
198848	KIAA0460
212012	na,APOC3
139446	ALOX15
216975	PRPF4B
111473	DAPK2
108577	SRPX
211357	MGC14141
215791	ULK2
131260	ADD1
135130	CDCA5
203961	TESSP1
107865	HHCM
103682	AP1M1
224708	MIA2
198707	SIGLEC7
150576	NSF
516344	KRTAP22-1
176827	ATP1A1
195090	DJ167A19.1
153684	NAT8
119729	AQP1
175153	GJA3
132173	DIRC1
201903	GATA1
168093	KLHL7
198852	ATP7B
138389	PIK3R2
193263	USH2A
145548	MGC5576
109358	MGC26885
183052	PAQR6
190921	BCAS2
113484	SP110
511899	KRTAP10-5
205438	FLJ22471
152882	CTF1
210464	GNG10
141201	C3orf21
178029	CMA1
179318	KCNE4
129985	MCFP
124456	KIAA1102
150170	SLC25A1
137732	FBXL19
138964	PGK1
190770	DKFZp434C184
124633	SENP6
202514	EEF2K
112224	KSR2
135104	B3GNTL1,LOC146712
136465	OR8A1
113556	FLJ23577
173286	MRPS33
174510	SIN3B
121835	MGC16824
185875	LOC90167
164123	NAV2
220606	PIGB
176980	GORASP1
235554	PKD1L1
104456	RPS8
210137	IDH3B
159271	KLK15
147355	SOX13
211414	MGC12197
178179	SEMA4B
122830	RUNX1T1
146818	PCSK7
140721	SP100
168361	C14orf172
209725	SLC30A5
118511	LACRT
192498	ASB14
173428	HDHD4
143296	PYGO1
201736	U2AF1
101526	MAST2
184396	C2F
128843	TNFAIP8
162444	COPS5
162098	IQGAP2
209499	POLM
180403	MGC11134
107543	ENPP5
205357	NSMAF
220523	C9orf128
195177	RCOR1
133261	RFX5
214622	FBXL21
158867	TPP1
222201	DKFZp761P1121
196304	HOZFP
173221	LAMA1
100312	SERPINA5
105988	IRF2BP1
205325	SERPINA7
215667	NARG2
203973	PTPRU
184768	ZIC3
200830	FLJ21127
160580	NEFL
173551	C20orf132
127506	GTF3C2
156536	PHB
132880	NUP98
210723	EIF2S3
200962	SARDH
192880	ANKRD26
201218	RHOG
136273	FLJ20516
178416	GLUD1
101878	MYBPC1
168289	SLC16A10
106637	HSPC111
193545	HTN3
138342	FLJ20345
146938	TP53INP1
140819	TAOK2
173663	MGC40405
108245	C9orf102
166744	DHX40
179370	TSPAN2
146299	SIRT5
173748	BCHE
109729	RNF141
190925	FLJ12735
180804	LIG1
168570	DKFZP434I216
168130	LALBA
186360	KIAA1181
211045	MGC15887
100826	ANXA2
129321	CTNNAL1
212989	MGC39662
156754	SLC10A2
216608	ADPGK
208243	LONP
107242	TAS2R13
107068	FLJ21908
108513	MGC29891
193232	FLJ35834
139471	VPS24
174717	C14orf105
137059	AFG3L2
101185	ABHD3
112710	BTC
147278	LRRC21
209502	TPT1
183300	NT5M
214798	TATDN1
196556	FRS3
181524	LOC91661
122933	BBX
163418	ALDH7A1
147420	COPG
155168	SEMA5B
205662	CDC37L1
108691	HSPC133
142235	ENO2
215308	ATP6V0A4
187003	KA35
134212	PRICKLE2
168681	ATP12A
135570	TMEM44
221579	DIRAS1
142198	CACNG5
163367	C9orf64
109029	NYD-SP29
160315	DLEU2
215072	TRPM6
124132	PDE6C
103097	RPL39
148434	FZD9
176147	SAC
148249	FGA
140187	CCRN4L
149270	JMJD2D
114863	FLJ40201
10370245	DKFZp761P211
223870	CCL3L1
159231	TAGAP
159590	MAGEA4
107813	AASDH
104564	UBE2V1,Kua-UEV
183425	SLC26A10
189745	PHF6
225210	RFP2,KCNRG
116562	CABP2
140625	DPEP1
129054	ABCB7
205172	CREB3L3
546216	CTXN1
151792	TACSTD1
157534	THAP11
191349	U5-116KD
148565	NDUFB8
182417	DUSP1
231883	FLJ39779
101980	HAT1
105773	IL31RA
197423	MUT
125653	MGC59937
171352	GUSB
109383	DSPP
212839	FLJ23861
173374	APPL
192584	SLC9A2
151989	EVX1
103970	C9orf54
128992	CFH
169311	IPMK
170102	PMVK
190155	FECH
161999	PENK
210377	PFN2
137311	TULP1
143978	CASK
120616	PTK7
148167	SLC1A3
191520	FBXO38
186790	YY2
171150	NCE2
149827	TGOLN2
121173	DOC2B
139881	HIST2H2AA
127877	MAP2K3
144230	CSNK1G2
204688	DGAT2
218479	APEG1
146115	LNPEP
171774	TUBA8
133148	NDUFS5
126129	NFATC2
200990	HSPC132
175359	IFRG28
103813	OLFML3
192318	MAGEB10
211182	GLIS3
176290	C10orf80
131581	PPARBP
190354	STYX
200947	PCDH15
222417	STIM1
102305	C14orf126
216006	WAS
203644	DKK3
222870	MGC43122
167716	IFNGR2
131347	HIST2H2BE
225237	CROP
214375	RNF6
147692	APG4C
213914	ARHGEF6
105748	PROCA1
109911	GALR2
110176	SPPL3
183146	CHRM4
142268	PTCH2
200186	ZNF638
156377	TREX1
149020	MTNR1A
141679	TUBG2
191246	GPR113
160774	SAP18
130400	TDE1
171300	OR2S2
119765	OR11A1
188801	KLRG1
120590	ALDOA
100641	QP-C
137623	LOC51136
180917	FLJ30469
227011	MGC45840
220663	OFCC1
179962	PABPN1
193947	HIST1H2BM
117485	ARHGAP11A
148940	HIST1H2BD
196141	CD14
135917	SEPT4
118125	PRSS25
172762	FLJ12438
176321	MGC33486
217044	NRF1
193805	SF3B3
164773	C1orf42
113212	C14orf159
104379	IFNA17
173592	TNFRSF18
137904	MGC10854
183904	KRTHA3B
211503	C5orf5
149581	SLC22A1
162386	AKAP13
440862	UNQ473
326309	C6orf214
198628	SLC6A9
191821	CXCR4
195769	IL19
157206	CSNK1D
212055	CUBN
222230	LOC198437
175225	NFKBIE
226267	FLJ36601
113573	MVK
200105	DISP2
146586	DSIPI
125479	DBC1
187454	PTPRK
191504	AP2B1
207448	MRPS31
143968	LOC284434
157350	K6IRS2
157337	BCAP29
151221	JAGN1
201983	TCERG1L
216188	KIAA0672
174068	LOC387778
129099	MAP4K1
122433	TIAL1
195304	DKFZp762I137
173855	OR13J1
193586	LOC63920
269469	FLJ36046
181481	CIR
169792	USP54
205997	SERPINB4
10452548	BTLA
142119	LOC90139
203828	SEPHS2
168908	HS6ST2
141001	TRAPPC3
170018	CCL18
163804	LCN7
176856	FLJ40432
148058	RECQL
165076	UNR
100513	EDG2
215855	PIP5K1B
221257	C14orf148
184497	LOC199920
199201	MGC35097
134949	SPATA16
199044	ABCG2
222639	FLJ30313
171686	C7orf27
127645	RUNX1
183258	SLC35F2
214199	CA7
176969	CART1
154937	TMEM38A
224660	AGGF1
212199	LOC123169
114948	NUP50
130286	FLJ14397
219925	na,MGC57359
185850	CIB2
199401	HUMCYT2A
134997	RELA
119772	HIP1
170784	FAM9C
216334	C20orf67
541942	DUX1,DUX5,DUX3
233624	PAQR9
206606	AVPI1
217575	DAOA
180845	LDB1
193530	TNFAIP1
100160	GJB6
102828	PPP2R1A
107357	RLF
211630	MGC33951
201689	ACTA2
201009	KCNK10
347936	PIN4
179968	ZNF577
130985	LHX8
164636	OR1E2
105615	SMARCAL1
175170	TOSO
215565	OR2M4
172684	TNFRSF9
182070	STAT3
111518	STX17
146180	C14orf149
198165	KCNE1L
152262	ATP6V1F
130833	DEFA5
172191	KIAA1533
135309	C1QTNF3
168020	DAZ1,DAZ3,DAZ4
104033	OLFM3
118274	FZD3
225953	C14orf49
131425	WFDC12
171425	EHD4
164750	FLJ20519
151349	MDGA1
126130	CXorf23
105616	TNFRSF11B
177661	OPRK1
108064	MYCPBP
140632	MEF2D
201388	STRC
149780	PP3111
202457	LY6G5B
200892	PPP3R1
160577	KIF23
226719	EDNRB
131321	TEAD1
101157	MUC4
190211	CBX3
156345	CHERP
148146	FLJ20186
112464	ARL9
108934	SOCS2
159218	CUZD1
167946	HAS3
141803	RPS5
205132	SLC25A16
174526	FAM20A
206449	GBAS
140272	C19orf33
156304	PSMB2
211421	RGS9
674393	DKFZp434I1020
175672	DGCR6L
168879	BZW2
111794	GPR103
209765	PCDH11Y,PCDH11X
123271	LOC57146
187881	ERH
122525	PGRMC1
110408	FLJ14007
135473	CCDC11
169039	ARFIP1
217324	WHSC1L1
146727	GPR
149874	ADAMTS6
200515	LRRC3B
111511	FLJ32130
134344	YBX2
115653	EDF1
234387	RAD23B
213714	VAV3
121217	KRT2A
212650	MRPS21
223965	NEK9
155570	FLJ10204
160876	ADAMTS9
133237	AF15Q14
224445	UBE2D3
143564	MGC34799
136474	UNC5CL
101917	CXCL11
133923	PBXIP1
215628	TMED3
331519	FLJ36874
202480	TXNDC4
104271	OR5AY1
160645	FLJ30726
199242	KRTHA8
199474	PCDH18
207020	SLC30A5
204274	SMC2L1
122946	UBE2D1
161511	ERCC6
212557	MEP50
210923	CHCHD3
109780	ECM1
139295	MARK3
103579	KIAA0776
196317	RBP5
101867	SNRPEL1,SNRPE
129212	COG3
146666	SAA2
201193	EPPB9
154071	IARS
174875	BCL2A1
135494	IL12RB2
137092	PLAA
183714	MDH1B
213055	KLRK1
219787	FLJ90650
113259	CRYGS
129361	SLC16A3
118159	FLJ33915
147966	SHPRH
199728	PLD2
170547	SERPINB7
172513	PALM
152541	TULP3
156039	OR10X1
132281	PAGE4
122520	PCDH1
124691	CYB5-M
131899	DACH1
199535	ELK1
215702	EML2
716041	KIAA0514
205942	GTF2H1
187590	SHKBP1
149921	RBP1
181292	RIF1
201620	DLG1
206171	DXS9879E
195929	GSR
186443	MGC23280
100952	RTBDN
111056	TNP2
184543	PCDHA7
546752	KRTAP10-6,KRTAP10-10
128785	CD1B
106427	CGNL1
200951	LOC92162
203450	FLJ35821
185199	COG2
130541	KIAA0992
192782	ITGB3
158687	PCBP2
112235	RNF39
146329	WASF2
127474	SNX17
111356	NFKBIA
167100	HTPAP
201224	BAI3
128885	KIAA0355
231699	MAN1A2
103022	PTGFR
190833	HSPBAP1
152387	CAB39L
204452	SCN1B
105434	MGC20481
173074	BCL9L
118024	TSC1
171964	UCN
170943	BTBD2
143643	DEFB4
179141	SKIP
147263	PVRL4
125960	CRIP2
223624	LRRC1
172671	PCDHB14
174409	TMEM5
224571	FKHL18
157571	SPINLW1
121301	C18orf22
226262	FLJ36779
227782	TMEM31
128671	EPPB9
115502	DC13
134951	PCDH17
199254	TU3A
174089	DNAH11
133385	RAB9B
201966	HSD3B2
177242	FLJ32356
165720	RPS6KA3
168842	ICT1
137942	MGST1
176965	GALNTL4
178857	PDZK7
171198	SCHIP1
158721	FLJ90805
167225	PLCL3
158949	FLJ14624
156864	KLF5
219473	C9orf126
178957	SPACA4
148221	MAGOH
121647	JUP
137259	TAF7L
110133	MOCOS
166108	SAS10
160161	C6orf210
189412	ALDH9A1
217237	GTF2H3
168087	FLJ37266
180575	KRTHB2
136572	ATF6
145760	PRKAR2A
189728	ST6GALNAC3
181193	ZNF330
132653	NPEPPS
194586	GK2
157942	C11orf17,SNARK
123514	COX15
123149	OR2B2
152809	PPEF1
121840	EDN1
230690	FLJ31222
219457	EFNB3
104774	MRS2L
194940	NPY5R
172963	DAZAP2
149429	SFMBT1
200644	COQ7
206326	DDX54
202974	C13orf18
163619	CLDN7
197533	DMPK
228292	LOC400831
115004	NEK2
122241	SNRPF
151863	CHST1
118417	NHP2L1
203869	CCNB1IP1
205575	DGCR8
105251	FLJ21924
159555	MIDN
146302	P2RX5
208509	AMT
148987	GDF5
158810	DGCR2
188699	NPY2R
144117	GLT25D1
143242	C20orf20
131659	GABRR2
192564	ZNF621
198872	ZIC5
204569	FLT4
225002	MBD5
192045	RNPEP
118564	SMAP1
194526	ZNF305
150548	LOC88523
106084	RASA3
216019	C12orf4
139242	PPP1R11
135832	ILDR1
139589	MTX1
202024	DCHS1
194600	UEV3
129877	SLC39A2
212202	MAN1B1
161462	IFNA1
210801	JAZF1
185730	HINT2
106341	TXNDC2
108775	LHPP
120770	MIR16
171223	ATP13A2
228845	C10orf71
115527	ACBD5
153155	LOC144097
153753	ELOVL5
100485	ZCCHC6
159729	POLR2B
215361	DAZAP1
154022	MGC10820
150872	SMARCAD1
179693	U1SNRNPBP
216917	HMMR
119977	ADA
128495	DKFZp762E1312
136308	ABCD4
202002	CAMK2A
210253	BTN3A3
120164	ASPA
105430	ZNF294
208063	PDCD1LG1
149399	MGC29898
156659	ARF4
125012	GCC2
112601	MGC2655
132926	APOBEC3C
178328	MGC33510
213688	HSPC129
181161	DDA3
172111	CITED4
166256	ACTR10
172369	RERG
158425	C20orf77
154064	MYH4
129450	NONO
122277	SCRL
104777	ATP6V1C2
154243	FRMD3
179645	TWISTNB
124333	VN1R2
165949	C18orf20
187532	COMMD6
120943	AKR1C1
132006	TRA2A
202415	TBL3
171570	YME1L1
135435	DMXL2
157432	ITGA9
104402	KLF10
194902	CCL22
153243	GC20
168696	SEN2L
170495	MGC15619
220662	ZSWIM2
132657	MRAP
209684	RNF175
172527	GRK4
225588	RHOBTB1
158400	EPC2
205155	PRDM14
141194	RABGAP1L
210455	MGC35361
102560	FLJ40298
708402	ZNF286
410937	C10orf99
181950	AD023
224773	ASPH
152190	SLC6A12
183680	CML2
178112	SCAMP5
168813	OGDHL
194900	KIAA1838
132438	PICALM
198439	FLJ13195
167437	CCL7
113353	BAG2
128580	SETDB2
125440	TRIM9
167105	MYPN
130681	NDST3
123015	MNT
128509	MMRN1
128244	UNQ3045
159450	MTL5
212758	CTSB
160102	NPY
198888	C14orf80
183759	ITGAM
191841	DKFZP564O0463
221798	BPIL3
110661	PAX8
205150	NKIR
153341	LECT2
111895	MGC4825
101589	ZNF141
121304	SDF2
208143	PEX10
131093	LOC123722
114429	KLHL4
122620	INPP4A
186460	OR52A1
182763	FLJ23375
139854	MAWBP
180651	HEM1
141826	DKFZp547K1113
136578	SUMO3
190880	DCT
155390	FBXL10
182651	FIGN
153407	FOXH1
194623	CEACAM7
104588	NUDT14
208440	CENPC1
120344	FLJ20254
156641	DIXDC1
220759	FBXO47
128630	IL6R
156013	RWDD1
118062	PRDM12
220556	SLC11A2
170961	HBS1L
151529	FLJ14451
190410	GAS8
127614	TCAP
216588	AP3M1
119535	GAS
167492	POLI
235728	BCNP1
128049	CCL24
157574	LHB
149230	NOTCH3
101144	TRPC6
213825	IAPP
223992	FLJ35880
120814	TEKT2
194115	MLKL
144932	DNAI1
129176	SYNCRIP
195022	TUSC3
113959	MDS018
143273	MAL
156807	RABGAP1
162896	CD38
153302	EOMES
124441	C20orf160
144477	HSA272196
226913	PCDHGA7
201589	ZNF581
179700	SLC1A4
226876	HFE
712469	KRTAP13-3
224983	SEPT11
223004	ZNF561
172181	RTP2
107546	KDELR3
115464	KATNA1
197340	UBC
191402	ZNF471
103440	SAC
149187	CDC2L1,CDC2L2
130870	C20orf185
174406	OCSP
172219	ZNF333
132671	GYPB
216867	PDE6D
219353	PAPOLB
173111	MTP18
203893	LEMD2
182017	SC65
204117	LRRK1
113717	FREM1
211497	KIAA1853
107531	CELSR2
167308	CRY1
129897	NCBP1
125308	SPZ1
157276	TAL2
117096	LIF
154300	PRY,PRY2
172885	NEUROG3
114911	MGC33584
166474	SKP2
115008	TXNDC11
187407	EDNRA
149653	KIFC3
180834	CALCA
173815	ZSWIM1
102263	IL17RB
169075	ARMCX2
197232	FLJ32915
115053	BET1
118549	MOBP
171965	LTC4S
212369	LOC403313
184937	GLMN
109622	ZNF589
135386	CSMD2
128949	DDX48
212857	BFAR
189850	LOC89944
136764	GCN5L2
139999	MEA
101965	SLC25A17
120888	OR2D2
132288	SLC20A2
177741	BRRN1
102523	FOXJ1
190021	PPFIBP2
135517	ADARB1
202676	TXNDC3
108761	HTR1F
142122	PDZK3
193960	FLJ11712
197896	CEACAM8
188155	UNQ470
214579	OR6C68
209095	C10orf78
209625	ATP6AP2
107922	ASZ1
128477	CXCL13
507727	KRTAP20-2
235090	ATP8B3
111224	FLJ23584
168709	PXN
155256	HSH2D
234733	BAZ1B
189680	SYNJ2BP
162282	GK001
182614	FUT2
183693	HNRPA3
217645	R29124_1
216243	ALAD
207439	DKFZp667M2411
138808	C10orf35
144826	ZNF23
195114	ZMYM1
203216	ERF
202031	EAF1
118352	QTRT1
162451	NR1I3
216699	AGTPBP1
123680	C20orf70
117763	ADAM20
148983	GDF10
127019	GMPR
176675	C9orf86
191061	RBM3
142790	TGFB3
222269	NALP10
149303	CCDC8
224870	MYO1D
128315	TM4SF1
129855	OR5P3
166787	CDC42BPA
119847	KLHL13
197632	LOC91689
171555	CALML3
205642	TRAF3IP1
112249	MTR
103547	GPC3
205794	Cep152
181731	PPY
168448	AP2M1
199168	KCNQ1DN
191456	VIL1
105672	FLJ37927
223933	GPLD1
157137	LANCL2
203734	HOXB7
165129	TRIM10
187860	ZFOC1
170883	BC002942
214626	NBEAL1
136442	DDX56
193415	CD1E
180426	FGF1
198981	TNIP2
112981	PTS
139299	PDE2A
191158	ZDHHC21
140953	DDC
148526	TMPRSS9
225955	OR2L13
634029	ZNF445
207403	SLC35C1
187825	FLJ35843
212170	ALOX5
191909	PPM1K
195659	CHKB,CPT1B
171812	DPM1
154662	LOC129531
178523	SLC22A12
189977	PBX1
229882	LOC283687
232673	LOC283487
192173	DVL3
183937	CSF2RA
192109	LPHN1
106461	TSPAN1
132666	MYC
169676	UBE3A
104791	ZNF21
145205	MGC21654
141516	ABCC8
114422	COLEC12
200853	SERPINB13
115390	APOC2
198023	SE57-1
198586	MK2S4
177588	NR2C1
133861	LOC92154
203833	CD97
163744	NRP2
138406	SOX30
210715	ISL1
161077	FLJ20399
150810	FLJ11196
197109	TRIM4
227078	TTBK2
116321	LOC144233
146331	RPP21
10706425	LILRB2
117353	AGGF1
158792	SPIRE1
212484	OSGEP
158772	HCCA2
175622	CA10
197251	SLC1A5
192606	HSDL1
208122	ANAC
141167	DC12
101985	CCT6A
164716	BCL3
142874	RHOBTB2
199323	C9orf24
185831	CARD11
231835	DKFZp564N2472
217892	FLJ40457
149440	IGSF4B
125738	SEMA6C
133823	SALL3
150855	ALDH8A1
220345	APOL4
173757	Ufm1
224339	KIAA1217
189533	LYPLA2
155965	TDRD6
176436	CD5L
199897	SLC13A1
195696	EMR3
193196	SIRT7
227435	PTPNS1L2
117158	PHYHD1
202626	ACAA1
103113	MDS032
150602	KRT1B
199974	LOC56931
189995	GPR82
226488	TSNAX
126350	DES
170242	TBK1
151835	LGALS1
174230	TNF
103301	RHBDF1
120392	MPRG
129441	OPTN
131957	FLJ10945
187418	HBXIP
219645	YWHAG
184501	LRDD
217525	FLJ32000
115495	LOC375759
159300	EBI2
216725	AASS
211835	ITIH5
192874	KCNK5
225789	na,CXADR
184693	DNCL2A
150558	EDNRB
215690	PNLIPRP1
138515	CD74
154870	MLC1
221686	HOXA7
157244	C18orf26
164721	RPS6KB2
147845	OTOF
182561	HOM-TES-103
207468	LOC157567
353388	CCRL1
124838	SLC4A11
218514	UHMK1
209451	DPP4
133574	FRAT1
129238	ZNF582
202611	GLYAT
177196	ZAP128
113126	PMP2
216824	PRKRIR
200778	ARL10C
123914	CDS1
163302	ZNF224
106846	SHH
233077	YES1
140708	ACAT1
331511	LCE3C
221237	FGFR1
300613	C13orf25
133626	AATF
108218	AASDH
218614	ICOSLG
162718	OBSCN
107996	PER1
128178	ZNFN1A3
194243	ATP5A1
132773	DAXX
120591	FLJ13052
106227	DUSP14
131028	CDC14B
196745	GBL
234426	na,RPL13A
206624	CLCN2
101570	SCAMP1
146237	NOR1
203635	C4B,C4A
147731	ABLIM2
155126	FLJ36090
196532	MAGED2
193817	CBFA2T2
176233	VPS11
222653	UBE2B
132291	ATP1B4
139373	PLEKHA1
114179	C6orf150
155160	CALB1
119172	TBX10
178518	BIN1
149852	AKT1
156146	DKFZp761E198
131473	RASGEF1B
156116	EI24
151941	TRIM68
134942	P2RX1
142455	GAL3ST3
144845	BCL11B
100145	FLJ34658
127990	COMMD8
196121	MGC13034
137888	SLC32A1
200083	NKRF
120783	SCUBE1
154506	MYH9
216208	FLJ11336
145959	ST6GAL1
110810	CRISP1
136287	OSCAR
126777	LOC90268
151816	TULP4
173676	GORASP2
208497	TLE3
134901	SYCP2
129683	MTM1
129480	PHOX2A
674803	KRT6A,KRT6C
201071	PRV1
114180	ASPH
205308	SELB
154168	MGC8902,LOC200030
223344	KIAA0152
118175	MGC20398
115257	KIAA0329
119290	PFC
123231	SYTL5
172335	KIAA0746
123927	SAFB2
179254	SNX11
148877	HIST4H4
186418	ECHDC2
187111	ZFP62
125771	RFX1
144160	PAFAH2
164335	PDE4C
178121	GDA
184174	ALDH6A1
135660	SLC12A4
211650	C14orf153
197243	GPR81
212459	HSA9761
130209	GC
226472	DEFB123
116603	LOC143241
173700	CCNC
206519	LOC63928
144765	ARMET
107823	PTK9
209982	MGC34728
168794	SLC26A11
190224	BCL2L10
129149	UROS
194092	HSA277841
111849	FLJ20641
188530	SEC61G
171273	KIAA1434
185755	RASEF
114576	PRIM1
227273	HNRPK
176624	DERL1
111269	PCANAP6
119853	TECTA
160922	C21orf51
422080	WBSCR20C,WBSCR20B
196630	MBNL2
107158	ATP6V0D1
132906	LIMS2
128709	FLJ20344
232120	OLFML2A
205706	TLE4
213501	BPHL
114371	SELP
136271	SARG
715322	FUT1
154437	LRP6
168708	STUB1
128470	ZNF503
152650	LOC338692
195130	IL21
145714	SNX22
201036	TACSTD2
210330	TDE2
104331	RUNDC2A
147646	IMP-2
115809	SCML2
168473	IFI35
191055	MGC24665
117731	MRPS17
139874	HBEGF
224422	C18orf16
212372	PYY2
180481	UCKL1
562311	GSTA1
105353	TMC4
227692	RPL24
131599	CDH23
179966	RAMP1
194488	VAPB
142587	SMARCD3
215092	PA2G4
180636	FLJ38964
180882	CLEC4M
190306	GHR
214243	FLJ20531
143207	MRPS6
184324	DNASE2
159978	ProSAPiP2
112624	FLJ23749
215796	SGOL2
136504	MGC2477
175521	TBCE
150424	GLTP
198472	SF3B5
172834	C10orf39
102140	GPR17
109792	FDXR
111724	PNMA6A
108241	LDHAL6A
196102	CRK
100537	CPT2
123960	SERPINB11
179020	WDR54
136196	LARS2
151722	ITM2B
125175	ATAD3A
167353	L1CAM
200349	SLC6A4
148562	PMS2
102896	NRIP3
187105	EXTL3
146370	NPPC
211502	AGPAT1
176314	RAPSN
191144	HAP1
10548782	LOC375616
116907	ZNF236
164271	MCM7
135410	DIP13B
177216	LOC223075
172619	HLA-DOB
138108	LHX3
169385	XPO5
214990	LOH3CR2A
100151	KCNIP1
142370	TREM5
119024	SATB2
189068	FLJ39582
120170	BAT2D1
197774	ADPN
128514	NKIR
149425	MGC29729
152842	OR51T1
135704	CSNK2B
163514	FLJ38723
201448	POPDC2
213132	CORO2B
174652	VNN2
129209	PFTK1
161212	GPNMB
105018	CXorf12
194103	SLC26A4
115998	STARD10
155607	Bles03
189700	MRPL51
210243	RAD23A
156938	SETBP1
107679	C6orf192
132931	PDZK8
135850	NTN1
191766	HDAC8
203444	LOC51234
190506	DREV1
107253	TTID
144985	ETV2
151139	TERE1
213558	FLJ22789
107516	MGC48595
182525	DBI
121238	MRPL9
179360	C9orf37
131667	C9orf48
180058	PDGFRB
163961	F25965
205946	LCE3D
186589	MAF
172392	C7orf31
172274	FAM46C
145738	TFAP4
187746	MGC40168
177465	PJA2
185853	LGALS3BP
143243	PROM2
160562	NTS
151497	CGB,CGB8
187337	NPTX1
112057	UBE2B
191893	SLC25A26
181558	GPR4
100942	FRAP1
192770	ATP6V0D2
173339	NRBP
126390	CHR3SYT
158330	GSTZ1
165587	FLJ12443
156794	SYPL
200980	NID
112571	AMPD2
187064	MYLC2PL
136013	MAP3K2
183413	MGC50559
179835	GPR89
154619	GTF3C4
698883	PMCHL2
141391	CABYR
134385	PPM1L
166339	WIPI-2
172733	ENC1
164857	TXNRD1
233188	FLJ42528
158076	KLK4
198670	FLJ20280
159379	ACR,bA395L14.13
197056	CNGA2
102451	TMOD1
196885	SNTA1
141108	KIAA0182
708291	STRA13
226943	VAMP8
180378	MGC10433
156030	TLP19
166314	PRP19
192809	NMUR1
184846	IRAK3
155071	PRLH
212226	FLJ37078
190820	HES7
146073	ZMPSTE24
228590	PAN3
133071	ZNF585A
180671	LTB
142436	HMOX1
104988	COPS3
198244	NFKBIL2
213482	PLAC1
140439	POP7
141973	FBS1
171603	DOK4
179555	SLC2A8
146218	OR1G1
197666	NTSR1
187149	USP30
127238	FEM1C
111016	FLJ11848
161476	MC3R
109609	THTPA
219421	KLHL18
142909	PILRA
150476	MYCBPAP
148980	OR2M5
113258	FKSG2
125412	RG9MTD2
157269	SLC5A10
220928	DEFB125
196290	MBIP
127187	RPS25
152616	MMP25
180118	PRKCBP1
136006	SHBG
161838	FLJ34283
108862	KLF1
216614	SLC10A4
115924	SESN1
176306	C20orf166
161342	KIAA0555
186701	PTPN4
117229	RNF17
221416	RPL37A
125447	FLJ20232
150554	SMYD3
180602	CRYBB3
201258	FXYD3
114784	COL5A2
183249	RANBP5
186148	CSTF1
154374	SEMA3A
191222	SLC11A2
141428	EIF2C4
221230	FGFR2
147704	GALNTL5
140566	ABCA2
133411	ADAM11
209837	HRMT1L2
187281	C4orf17
170215	NRG2
208289	CA12
225564	ANKRD9
175404	raptor
163754	KIAA1078
201766	RPN1
213081	PEX3
227484	SELV
10713880	LIN9
115185	SCC-112
164313	SLC4A2
157775	UTS2
211988	ZNF462
106874	LEMD3
120320	SH3BP2
213368	DLEC1
173416	NPPB
229460	CST9
128890	C9orf91
178718	GIMAP6
109943	IL16
204825	EFCBP1
206170	KLK12
131924	SP8
170116	C9orf121
188430	LOC90355
113404	PRDM5
183582	CTNNA3
115244	C6orf170
103866	CAPN5
100079	HSPD1
134034	MAGEB2
199633	EBP
214202	FLII
212468	RBMS3
105398	MDM2
150410	COL17A1
238052	FLJ38348
141999	IGLL1
130734	BIRC7
209686	PTP4A1
201608	GZMA
182898	DNASE2B
215126	ROCK2
194072	TRIM65
155153	PTK9L
170046	GPHB5
153737	RASL11B
107048	BMP5
212854	RAB3IP
693916	EGFL11
194314	ABCC4
175256	STX5A
195456	AGR2
234605	PRDM16
169985	FLJ14800
156523	SYT8
224297	LOC126248
134981	TSPYL4
197081	MAP3K12
175675	MAPKAPK5
169187	WSB2
111278	EED
152345	RPN2
189875	ACADSB
206471	TRDN
128987	RUSC2
107124	SPIC
197996	KIAA0999
137656	MKI67
130349	UBL3
132783	ZBTB3
104926	KNDC1
189513	ZNF180
180334	ELMO2
158538	PHIP
147296	MGC17943
122478	PCNA
176279	PPP1R14A
120804	H41
110237	ALS2CR11
211412	KLF6
549664	FLJ25530
139377	ALB
174998	NDNL2
151844	ATP6V1B2
112888	IFIT1L
132884	DHDH
215471	GPS1
154513	KBTBD3
169125	FLJ30990
157174	TBC1D3,MGC44903,LOC414059
191441	RSAD2
226468	MGC23909
186512	GATA6
109879	TANK
129974	ADAMDEC1
115399	ZNF395
123343	DKFZp451M2119
166638	C6orf71
128205	MCTP2
134259	LOC123872
178191	NUMA1
140675	WINS1
179765	DRF1
204879	TCP11
108059	SORL1
10708154	LOC340069
150358	MAFK
213079	WARS2
140664	SUV39H1
201323	GNAT2
115725	LOC163782
100172	HD
222435	RPL11
170566	C1orf32
208536	CACNA2D3
184086	dJ341D10.1
112467	SPPL2A
153464	CABLES1
171918	VGLL2
163177	NEU3
129350	MLLT3
128011	FLI1
210561	PANK2
101034	SCIN
128546	PLEK2
164912	WIT-1
126259	C13orf7
231094	na,MGC43036
157727	EXTL1
206914	CCBP2
177244	OR1A2
210055	PACE-1
213519	SLC12A2
117604	DKFZP564K2062
124752	TRIM43
105808	TLE1
137556	NARG1L
131287	KIAA1465
195105	HSHIN1
150305	GYLTL1B
125577	MDM1
213724	PHF11
133345	SLC39A7
216936	PIGM
186803	AHSG
132186	CHRDL1
102211	PMS1
131985	RTCD1
143671	COX6B2
198610	COX10
222459	SCN5A
159604	SPATA4
116441	LTBP2
702561	S100A7L1
178728	KCNJ4
130606	GGPS1
156511	ME1
156607	SLC19A3
173960	ZHX3
176727	TNPO1
179438	RoXaN
131365	PCGF1
218069	C21orf121
101266	FUSIP1
216453	SH2BP1
101260	FLJ40142
168144	TMEM34
202522	HOOK1
133690	OSR2
130644	MOBK1B
128287	C6orf155
189545	C14orf20
142889	NPHP1
122004	GNG8
207047	HESX1
182823	CYP2A13
145190	MRPL32
115034	USP25
152243	MGC2747
174184	DMD
223241	MT4
114731	FLJ10871
224940	DUSP3
202592	CLEC14A
119694	PSMD10
120823	FLJ32926
235042	MARLIN1
139923	SYNE1
163657	SYNGAP1
210401	CDK7
140401	IL17B
172909	CTSE
111057	GABRQ
131642	IRAK1BP1
192935	RGS5
207012	SCAMP2
148721	CWF19L1
118644	MLKL
167763	MGC33370
123286	MAP3K7IP1
203075	C5orf13
142487	B4GALT1
191065	RGS7
137795	FBXO34
155848	C2orf7
202878	CPEB4
129629	USP52
138735	IRF6
110154	IFNA8
152928	CLIC3
156109	OR10C1
206274	WNT11
191962	FKBP11
219683	RNF148
102438	VAV1
104079	DPH2L2
202162	TRIM32
166957	B3GALT5
156496	KLHDC4
144908	ACO2
142051	HSPB1
192675	NAG
192950	WDR9
200966	CYP26A1
197668	PDE4A
701325	MGC34646
213562	PCDH8
208071	FMR2
708133	MMP19
182844	GOLPH3L
104870	KIAA0251
129105	SUCLA2
208839	PDXP
192967	ACCN5
106911	CALB2
192614	RBBP6
221242	DEDD2
120058	FKBP3
212025	CTSF
161897	na,APOA1
213947	FEZ2
139356	MRPS23
167773	ACVR2
151955	FLJ11078
160229	RAMP2
145499	ETNK2
219499	FLJ33768
152057	NUP93
157868	ST18
165302	EIF4EBP1
118443	ALS2CR11
210872	CPNE3
110537	ZNF623
106187	CDC20
112686	ZNF650
185721	TCEB3BP1
120950	LOC134147
102862	TEX9
178497	IL1F7
114765	HBS1L
224433	TIGD2
164510	MGC19780
185568	PLA2G4A
171786	RIOK1
100455	BM039
141978	RBBP7
215573	SIRT1
176679	LAMB2
124958	PCDHA5
121218	CPSF2
156161	MUC17
207683	C14orf2
218523	MGC40170
143052	ZNF423
141383	YAF2
113710	SIX1
214684	DNCL1
223459	HIST1H2BG
148513	PRELP
161051	PHF20L1
127216	RPL21
196187	CCRK
129107	ZNF501
124454	ARMC8
224032	TPM3
149248	HAGH
160050	OTP
196641	ALS2CR7
126893	GSPT2
105680	OR5V1
108808	KCNV1
197622	MKRN3
219323	SFRS7
172800	FLJ23322
156921	POLG2
183659	FLJ14299
128756	PTGDR
122923	ATP6V1H
226932	FLJ32447
181112	ALDH16A1
206149	TXNL6
169995	UNG2
155724	KRTHB1
182141	SLC7A8
147806	CDCA1
173642	KIAA1024
230734	FLJ25590
183980	OR3A1
206584	KELCHL
182019	FLJ10357
145910	IL1RAPL2
147385	C21orf119
143096	C2orf3
225518	NAP1L5
117320	IMMP2L
114895	UCK2
180938	CCT7
159446	DEPC-1
165998	NCSTN
119905	NDFIP1
157046	KPNA2
210342	SERPINE2
116588	DHRS10
178828	LU
171791	PPAN
186662	MOAP1
127059	PRKAG1
157737	FLJ32884
108674	IL12B
145066	MOBKL2B
128634	GDF2
221052	FLJ45455
212975	LACTB
100297	DKFZp313N0621
200910	SLC23A3
163168	C2orf33
112027	CAPN10
190185	POPDC3
211028	CASP2
198312	GIMAP8
179045	FLJ21062
145132	PPP1CC
158825	KIF3C
175443	KIAA0859
131428	MBD3L1
212146	PSG3
181244	FLJ13646
224040	C21orf59
121962	CHP
117717	LPXN
181405	B4GALT4
119012	PRDM7
156811	SLC37A4
162201	LOC339456
184017	7A5
100184	KIAA0652
118696	MGC30208
193823	GJB2
217853	MMP16
172546	NEIL3
141563	BARHL2
211371	LOC138255
215560	TOMM22
166918	DPEP2
102441	RP1-223H12.3
542862	RAC3
189943	DOCK3
105114	MGC21382
163821	EPB49
135567	KIAA0436
100415	LOC134145
119102	FLJ11752
204367	SKIIP
144371	KRT14
174547	CDCP1
127201	LOC124411
170381	FLJ31413
211925	PRKCH
191265	NGFB
195026	ZNF264
142559	CASKIN1
162334	GLP2R
215875	PPP3CA
227323	VEGFB
185838	CLDN6
182237	RGS13
169226	THBS2
136918	STX4A
199302	FLJ41238
133244	ABCF2
163671	LOC134285
162002	XYLT2
125855	SLC26A8
111202	HMG20A
166514	CABIN1
137200	GPR103
134269	DPM3
121370	LOC55565
124164	NBR1
224366	MGC44328
122394	RAB23
173753	GJA5
140962	CRYZL1
128232	PITPNM1
226689	PPP3R2
166442	EPHA10
167208	DAF
119627	TWIST1
152779	IRS2
192255	MAS1
173291	KIAA0963
168426	ODF4
135224	DGKQ
116411	POLR3G
146650	SCRN3
120877	APOBEC3D
159398	NPAS3
179647	ZNF597
167305	SLC39A11
122737	RPS6KA4
159770	DGKA
117014	C10orf79
171709	HR
105868	TOMM34
151072	RPP30
167499	C4orf9
152483	EXOSC3
162719	SCAND1
174799	C17orf27
707077	DKFZp434I1610
134055	COX7C
163630	CLDN16
166010	na,PRKAR1B
123272	TSSC4
173920	TBC1D10
225657	MGMT
227197	FLJ37118
147739	DGKB
168470	ZYX
153004	MGC24975
217984	NR4A3
208351	ZNF551
100039	ANAPC7
128717	MTPN
110014	VLDLR
208981	ADAM21
123559	ST3GAL6
218745	DHX37
220768	FLJ43965
101998	OR11L1
104778	ARMCX4
185007	MGC17624
145415	CALML6
127619	CAPN13
129093	CHD2
226576	RPSA,LOC388524
147869	LOC401531
177176	CD200R1
210054	ZNF490
172993	ACOX2
680473	MGC72104
216314	OCIAD2
172976	SLC18A3
144138	VIP
212326	MTB
178379	GLB1
192681	GRID1
207626	ANXA2
126513	HEMK1
182305	MT1A
195655	RRAS2
178900	HOXC5
166544	CUGBP1
110597	FLJ32421
117279	ALPK1
103159	CYSLTR2
160280	CCL17
100356	RANBP1
151864	TDP1
186957	BMPR2
160741	RFX4
173930	BTBD14B
185920	CLDN2
132989	THSD3
196376	CAPS
178904	FLJ44968
199112	FGFR4
192795	LOC91614
207375	DHRS1
118520	RBM28
177823	KLK8
181477	KIAA1530
165005	TUSC4
192342	ECT2
121231	SUPT6H
165279	C20orf72
194697	STMN4
170247	PDE3B
707864	NPIP
180695	CGI-51
183615	SERTAD1
220875	PML
204665	ACADM
170167	TNFSF8
137371	PRKDC
197958	FLJ20364
100629	TCTEL1
167654	ATP5C1
177581	C1S
194541	USP8
105040	VPS16
138615	SEC61A2
175569	EVER1
110433	IL20RA
221463	AMACO
317479	GPR119
581850	na,TUBB
170337	VEGFC
147730	RBM19
206800	FADS6
122607	FRAG1
138065	INMT
121462	TMOD3
143768	EFCBP2
105195	ASCL1
160975	MGC14801
190918	NIFUN
135127	KIAA1441
184636	TTC10
176382	MRPL10
204787	F3
166261	KRTAP4-12
193582	LMCD1
619257	GPR120
139126	HRSP12
147584	NTNG2
114985	C9orf59
126979	FLJ39822
165776	FLJ13614
180184	GMFG
101026	KIAA0685
217773	MACF1
123956	ZBTB2
194325	SSR1
181412	KIAA1409
166248	AR
135936	SLC22A2
141044	KIAA1456
179687	ZNF442
149252	ZNFN1A3
193039	KLRA1
212620	SLC2A4
184164	DAD1
114291	TIMM44
150009	SRP19
165842	GPAA1
127738	REG1B
205042	ZNF266
118140	STOML2
195875	FLJ20315
125626	GDF8
112771	FXYD5
145554	GALT
224429	FXYD4
116214	NELL2
169402	PCDHB5
205363	RHO
145597	NPL4
163728	HCA66
146482	APS
135914	FOXC2
203866	ATP6V0E
184033	MAP3K7
171045	PHOSPHO2
144711	MRPL27
127276	OR4F6
100052	CAMK1G
108075	HSPA1L
227605	KRT25B,KRT25A
197906	FLJ11336
109689	FLJ10439
108175	OTUB2
103100	PDLIM5
206352	ATP8B3
193063	SLC7A4
185876	SKIV2L
152802	TCERG1L
115381	UBE2S
180465	KLHL8
173964	ELF2
192143	HOXA3
138473	FPGT
223672	RAD51C
227023	WFDC13
122331	DIO2
234567	OBSCN
147679	NPC1L1
151391	LGALS8
196591	C10orf61
139445	CDC34
157577	SC4MOL
199498	ZNF323
163966	C6orf105
121941	EML4
194946	DGKD
214609	ZNF354A
120578	AZGP1
146753	FLJ38968
169003	SFRP4
128595	ARRB2
151268	PSAT1
113518	TTN
120911	IKBKE
109063	FES
173113	DPYSL2
219486	HGF
215353	NFATC4
211715	AGXT
152970	FLJ42953
111904	GATM
123154	CD48
142934	RAB11FIP2
136848	PARK7
181691	CBFB
212649	CYP2C9
217101	MKRN2
104475	WIF1
169607	LYRIC
120201	MAPK9
170661	LCN6
224214	AP4S1
120740	ANXA10
191292	STRAP
162314	MAGEA5
145937	LOC400451
119590	AP4M1
192723	FARP1
173229	APOB
206161	SFXN4
214268	HYAL3
100289	DEFB103A
153112	RAD54L
135075	PADI1
148419	MYBPC3
177450	C6orf168
133450	LATS1
158404	C6orf27
132030	CMKLR1
164864	THEA
104900	C14orf104
102387	AMY2A,AMY2B
192129	FLJ32825
118174	EIF3S5
162511	CLMN
207810	DKKL1
144565	RIS1
209085	POF1B
117528	ABCC1
199961	RALGPS1
156772	CHRNA9
137078	MGC3113
183235	KIAA0931
162748	GPR126
120786	SAT2
163480	HP
185900	U2AF1L2
105525	TMEM43
166802	ASNS
167280	GLMN
168271	KLHL1
152848	APOC4
200201	PABPC1
158811	APBB3
116584	FLJ23834
228094	MGC88118
164746	LGALS13
207382	CNR1
195683	ZNF571
116187	CDC5L
125119	REPS2
151858	RBM21
153496	MYOM2
185859	ITGA7
179592	NHLH1
105493	COL1A2
140897	C20orf161
159900	MGC26988
116192	CYBRD1
199879	SEH1L
228170	C6orf190
119643	NGFR
122271	FAM8A1
144404	SERPING1
118561	FAM46B
141493	SPAG8
216256	FLJ36878
170410	ZFPL1
150611	DHRS8
119736	KCNJ12
155553	PPP1R2
188733	CCR3
109627	GPR24
103306	COMP
210751	OR5U1
225814	TENC1
203030	MGC8685
186722	C14orf44
213536	RIMS2
149808	LST1
219901	ELL
207692	SECP43
179899	CD47
155330	LOC388882
217860	KLC2L
122347	EPB41L1
196889	SUHW1
201723	MOBKL2C
194644	PGR1
134341	ADAMTS7
210479	GNPNAT1
184100	DSCR2
137292	CDKN1A
215914	FLJ22671
205422	DKFZP586B1621
142072	KIAA1737
195535	PLXNA2
110915	IL17C
134108	LOXL3
102910	DNAJB12
188991	MGC24133
174832	FBXL13
218173	DP58
197479	LOC388394
167996	RPUSD1
162007	INSL6
144221	TAF15
106497	ITGB1BP3
202315	AEBP2
165820	OR13C9
181754	PSMB6
202463	PRR7
167093	IRF5
103254	IRS4
170285	SNCA
196472	GFI1B
202001	CELSR3
102081	NR4A3
156671	BCL2
119820	FVT1
171293	CHTF18
125139	KAT3
123432	CYP27B1
155205	PTMS
115147	IL32
194861	KIAA1160
158856	HSPC047
234856	ADAMTS16
175795	SSH2
213598	MTUS1
141257	TRIM45
178637	FBXL7
150387	PYGL
128098	HIVEP1
181937	DJ971N18.2
106796	ARPC5
217859	C21orf84
121921	ZNF528
143989	EXO1
134377	RCBTB1
170997	LEPREL2
147505	DYRK4
190941	C16orf44
121515	ALS2CR3
213170	FPRL2
186519	PTPN14
214441	SLC35E3
110791	AARS
117261	FST
114284	CORO1A
101333	ZNF435
223554	PLEKHB2
143143	BTN3A1
217726	DGUOK
178424	STK32B
194927	HSPC051
172458	GPRC5C
109310	LOC123722
208911	AIP1
114228	MST1
152507	NOTCH4
234390	FLJ26175
176143	FLJ34960
192751	COL11A2
221500	TREM4
102090	BOMB
137503	DFFA
209840	FBXW11
145326	DKFZp762I137
116902	CWF19L2
132888	NEF3
159867	CX62
189269	P2RY5
205705	LOC348094
139346	ISL2
177707	GRAP
152050	HSPC065
206866	NECAP1
173211	DDR1
186114	SLC38A3
132329	GTF2I
132227	BRD7
187977	LOC346673
122418	HS3ST3A1
113464	FLJ23231
670499	ROCK1
225922	AKAP9
150962	C20orf26
177808	PHKG2
123750	CALM2
201836	NDUFAB1
224690	KSR2
226600	C21orf66
165594	FLJ32452
108049	HSPC163
153385	DKFZp727A071
220783	USH2A
184443	FLJ90661
191236	TNK1
173703	ODF2
215288	ZNF257
188391	C9orf112
183102	GTF2E1
140649	GAA
196135	ZNF235
126530	DDX21
176729	XKRY,XKRY2
125088	FLJ33790
160249	CHRAC1
173733	ATP5H
114791	ZNF652
129077	MGC21644
205818	C10orf119
150545	ZNF28
161127	FLJ14768
196891	CTL2
225275	MORF4L1
158803	ALOX15B
176681	TEX264
183134	STX16
142759	IRF7
157439	MGC16028
114538	POLR1B
114009	DCP1B
159865	SLC37A1
116068	CMYA1
113912	SLCO1B3
224966	AQP11
214913	TFDP3
139901	ZCWCC2
117685	MGC34079
213585	ZNF347
132929	CAPN1
105559	na,TERF1
199024	DDIT4L
138696	LRIG1
122644	FLJ25402
173037	MGC34647
105801	FGF14
140425	GPR30
193540	UNQ5783
103625	KHDRBS1
191668	CPSF4
204590	CD300C
145376	PAK4
137887	MGC35033
107702	FGG
191514	KCNS1
178079	DET1
156083	GABRG3
133364	OSAP
112123	NUP210
207463	MMAB
130675	HT008
118845	PRPSAP2
152718	ACTN3
161539	CLC
203948	ZNF319
174432	SPATA6
186857	C19orf32
192287	C6orf4
180073	HTR3B
145784	MS4A7
193808	SPIN-2
149856	FOXN4
176097	SLC25A12
235799	IL28B
215247	TCF7
201217	SMG1
169211	LOC51252
695441	LHFPL1
196924	HAAO
190390	HSPG2
102355	TMEM29
170833	LRRC27
127023	OR4A15
126252	C9orf115
207896	HELZ
179130	RBBP5
118122	SITPEC
102730	GALP
151167	GPR37L1
208833	STX1B2
203046	DKFZP564M082
107810	HPRT1
216838	ACOX3
179150	TNIP1
147922	CDC2L1,CDC2L2
141449	FLJ22457
221668	na,MGC14156
204410	S100A7
131440	OR8D2
188411	ANKRD11
114713	DLG2
229692	BIRC1
141243	C14orf54
181893	OR52E4
207315	MSI1
159731	TUBB6
195578	C21orf67
156535	ZNRF1
201829	FTL
114849	C2orf4
105463	CAB39
182432	TBX4
155350	LIMR
209537	IKBKAP
206647	ALG10
120734	FADD
133386	FBXL12
176937	ZNF215
224831	SCLY
174040	LGP1
109858	DAF
158191	FKBP1C
104549	7h3
209781	KIAA1055
218083	MAFG
183707	CX3CR1
176730	OR52I1
152149	CACNG3
144696	GAL3ST1
176841	SLC9A4
110179	DCP1A
173591	EVER2
129890	TUBA2
165786	NAGLU
186572	C20orf23
203836	MGC11256
224159	KLHL14
160679	ATF2
170804	LOC375323
136294	TXNRD2
101339	SLC35A4
107384	LYG2
191818	C10orf42
213674	CACNB2
168006	ZNF549
100111	KLK7
126365	FLJ22494
213822	NXT2
108472	ZNF291
156490	HOXA1
129918	CLDN10
120502	CCHCR1
137468	FLJ25439
115181	CES1
160478	FLJ22170
183478	CCT8
138799	BIN2
199720	HOXB3
215956	NEDD4L
222899	FLJ25169
110488	ETEA
121850	DBT
195908	IGF2AS
195561	TACR2
126000	ZNF533
217934	RALGPS1
149826	METTL3
178520	NPHP3
104921	ATP6V1G2
154223	GBE1
203098	BACH1
144273	ATP2A1
201271	EIF3S2
162807	GMPPB
156507	FAM44B
147316	POU2F3
105805	RNASE11
179485	C9orf45
128529	HTATIP
225940	GPM6B
216072	CRADD
200491	EPN1
139495	DKFZp564I1922
146772	ENPP2
169278	DNAJA3
127051	C7orf28B
137314	FLJ36031
118764	USP21
190902	ARFGEF1
105348	CWF19L2
118257	MGC2560
130124	DKFZp434N035
235932	GLIS3
166062	NPR1
124803	na,LOC400966,ANAPC1
140661	BHMT
168564	ASB8
124848	HAS2
180293	GPCR5A
198223	PRDM16
108921	PHF8
196412	PLEKHJ1
120440	ITPA
178677	SELK
192684	RAPGEF6
153543	PLEKHA6
193909	C6orf162
171248	KIAA1841
210073	IMP-3
102558	ANPEP
230064	TREML4
178421	H17
117219	NMI
202051	CELSR1
203377	KLRF1
193930	LYPDC1
115241	C18orf54
145678	PRB1
188172	SLC5A1
217785	FLJ12994
173107	GRB7
148325	SLC7A9
171075	C11orf31
278115	EB-1
162663	PVALB
160712	C22orf18
197326	ARF4L
210589	PCDHA6
197639	MGC20579
192269	TCFL1
196876	FLJ10634
130497	OR4A47
168393	FLRT1
173120	DNAJA2
201482	NPAT
110863	CCNA2
199949	STX12
142705	ABCB6
162936	RPA1
165331	MYCPBP
147950	KCNQ2
169184	FLJ14834
158607	GABARAPL1
185093	RNASET2
188678	FLJ32115
101397	DDX26
139737	AS3MT
430390	RLN3R2
113317	FLJ22490
165397	GOLGB1
122820	FLJ22800
150907	OR2B3
195885	ANKRD29
165360	CLPTM1
141829	SGKL
114391	ZNF6
185612	MCM6
120967	DHX16
146885	POMT2
109421	AKAP12
190621	C20orf14
159391	GPR42,GPR41
138685	MAD2L1
101974	RNPC2
134459	RAB20
101242	HECTD2
211113	DRD4
121390	C6orf134
170657	SLC30A8
188552	KDELR3
223498	ZNF613
235686	MAP2K4
202946	ARL3
162617	RPL6
223460	SLC43A3
162525	REG1A
191337	CNIH3
174386	AK1
200785	SAMD12
174314	TH
151173	SIGLEC6
121583	MGC29814
133054	ELL3
128445	APRIN
157820	C10orf76
166920	FLJ32416
193967	CAPZA1
176222	PLP2
184207	LOC387601
211364	MSX2
154928	C19orf20
231889	CACNA1I
102506	OR8H2
154086	NUMBL
158272	SGEF
213028	BCL7B
177455	KIF18A
129420	PDCL3
167910	MUC15
204780	SAMSN1
112227	MRGPRF
178393	ZFYVE28
176882	TPH1
203064	C20orf178
171539	MT1G
216925	ARMCX3
164837	TRIM39
235736	RPL7A
135425	IGHMBP2
211614	ATP8B2
148139	RPS17
165215	GAL3ST2
151426	VPS41
138781	CDH17
144872	FN3KRP
139850	FABP2
150299	NDUFB10
107791	TTYH2
107964	VANGL1
109165	BNIP3
128481	HRMT1L1
157712	CAMK1
212742	SPINT2
196021	AMELX
136673	ZNF100
125732	NPEPL1
204031	UBL4
140724	LGR7
148161	HCG3
162554	FLJ13273
175647	SLC20A1
100062	APOBEC3F
190556	AKT3
130180	ZNF22
123657	SLCO5A1
139844	LXN
128921	ST7L
201464	SLC25A31
209131	RIMS3
175969	PLCB3
111744	RIN2
128914	SPHAR
130052	TRPC4AP
159987	CLDN20
143427	POU3F3
149917	OAS1
204252	SQLE
192563	CFL2
111370	FOXB1
703771	KRTAP15-1
223477	ARHGAP6
202846	GAK
136254	SOC
108501	PLCD4
164053	PDE4D
118400	KIAA1287
206347	EPS8
172636	RASSF2
122104	SHMT1
171400	LAPTM4B
219719	PAPD4
162105	RPL9
156873	NIFIE14
178845	PRV1
110675	BRIX
141154	SPTB
100215	ZNF160
179730	DIABLO
224172	FMNL2
200584	ACTBL1,POTE14
214602	TRIM8
123809	CAPZA2
108432	FGF16
123897	SERPINI2
173518	CTDSP2
201225	VMD2L1
216775	TNFAIP2
175289	COMT
186772	C18orf55
116372	PLEKHA7
225870	TCL6
202172	STAM
210120	BZW1
192039	IL1A
213739	RNF150
182266	KRT6L
148072	FLJ10349
191921	SCD4
155565	ACCN2
171014	STIM1
170548	SLC39A4
103444	IL17RC
208190	ANXA4
105933	UBE2G1
105646	TRPM4
164457	NXF1
205442	DDX12,DDX11
162741	EBPL
117028	FOSL2
212387	NR1I2
174351	CHAF1B
145920	RPL41
187514	SOCS1
140316	RAN
170419	PIGQ
122027	LANCL1
128689	GPATC3
209116	CADPS2
120208	SLC9A3
639631	CNOT1
138971	MDN1
217873	KRT25C
158556	TAL1
140981	FSCN3
142102	DKFZP564J0123
155850	S100A4
171943	AK5
234535	DST
170697	DDX41
185743	KIAA0251
149705	HSCARG
142471	DNAJC8
203874	DLK1
154844	TRIM16
111702	GPSN2
153653	PTPN5
185297	EPB41L4B
101210	EFEMP1
217186	FLJ32859
166915	C20orf173
199880	HEXB
200358	UBQLN2
224303	PCDHGA5
178221	KCNS2
101353	C10orf64
201621	TM6SF1
115928	NIN
154454	XRCC1
204537	HDAC9
145655	ZNF654
212848	CDK4
136298	FLJ32658
179303	POLA
219763	ZNF564
202776	DCAMKL1
137614	MGC3234
110269	GRIA2
103651	GOPC
173497	PTPN22
116222	OBFC1
174199	CAPN12
121028	H1F0
139980	FAM40B
217334	SETMAR
176162	FLJ44670
148696	JUNB
123908	VCAM1
221055	HRIHFB2122
130304	NT5C2L1
110458	C10orf130
702839	LCN12
223807	IKIP
167768	ALDRL6
100825	C15orf17
183592	ZP2
125581	UBOX5
223198	LDB3
200507	SELM
178503	BPGM
151962	DEFB118
105874	RASD2
195150	GALGT
178330	FOXA1
212750	FLJ90231
187061	PLEKHA9
124552	TK2
144302	AMAC1L2
123035	BPESC1
214605	SPAP1
165870	UTS2
199182	MGC2941
178062	C10orf77
163877	SNX25
546837	LOC388882
174035	SLC17A2
162185	CDC42EP1
217257	DPPA3,STELLAR
146810	FLJ14721
191074	C10orf46
150652	ARTN
131972	MGC13125
109552	STOML1
205747	LOC401494
197133	ANKRD22
206563	RPP25
144528	CSMD2
209002	POLH
114012	TFEC
235326	ATP8B3
107542	ZNF84
128610	PRES
103492	SNX7
203807	NQO1
101574	MYLK
154130	APIN
178884	PCSK5
203202	TRUB2
192252	KIAA0590
144128	HDGF
162467	RPL27
222761	MRPS10
215483	HIAT1
139449	PL6
176620	ZNF2
133736	PR48
155660	SFRS9
184050	PMPCA
128290	CD207
142906	NOTCH2
101527	FLJ36492
156474	EPHB6
157802	SEC31L2
162548	EFEMP2
112180	MADCAM1
185374	TRIM46
211417	HP,HPR
206304	ZNF622
221850	FLJ32831
108144	MRPL13
110602	GALNAC4S-6ST
156300	DPP6
222744	NAG
217858	RNF152
151793	B3GAT2
202062	TLR3
138921	ACTB
113681	PIN1
205523	SEPT3
143827	RAB11FIP5
192325	TMED9
165379	TOR1B
179815	LOC440607,FCGR1A
173916	LOC122258
104572	KIF27
207881	RIPK2
215752	SAMD9
175735	FLJ23033
154826	NOX5
224373	ZNF278
119690	EML1
192524	DRD3
172164	WNT5B
144903	SLC16A14
204709	ZBTB20
171756	CHKA
110349	HOXA11
190096	FLJ31846
105242	PMS2L3
202382	FHL1
141868	BVES
147912	DSCR1L2
117076	ZNF272
121348	COPB
169642	BIRC8
103532	LOC132671
108167	TDO2
208589	HDGFRP3
201294	EFHC1
136025	C21orf37
183205	FUT1
171063	SYTL3
163148	GNAL
163094	FAM3D
127311	STK3
121141	ABCB10
167608	DNAJC12
146512	PARP4
116796	NKD1
144171	STXBP3
223648	DEFB119
106325	SLC11A1
216600	NR4A1
201319	DSC2
183167	XPO6
102693	FATE1
183356	BBOX1
216458	MGC40214
199956	na,FLJ33979
193904	EBSP
214465	na,DKFZp434N035
699185	KRTAP19-6
146890	LOC126147
211103	C14orf37
222079	TMX2
133608	CHST9
141302	SAG
150245	VAV2
165482	DKK1
105520	SEL1L
144005	DUSP2
232271	SH3MD1
137024	THEM2
144419	ZNRF4
148500	BRD8
215985	SSR3
189303	FLJ20054
196342	LOC56964
203917	RNF24
199070	CST4
161608	IGFBP2
115751	FLJ23861
173972	NUDT3
136651	DPP10
118804	TTC7A
101391	CBLN1
214947	FLJ22965
155962	FOLR3
207149	KIAA0895
155957	NR1H3
109311	APOL5
137317	SCFD2
103401	ZNF154
235435	FLJ32001
110469	DNAJA4
202586	ENTPD3
123989	GABRA6
117788	TMC1
174201	DOCK9
120707	ECH1
165787	HNF4G
125158	FBP1
210378	LLGL1
175957	KIAA0922
213177	PCSK1
148151	BBS5
205115	HS747E2A
102786	RTEL1
204640	FLJ45459
136178	FAM51A1
155754	SEMA4A
190298	ABI2
203445	GRIK4
198705	PTBP1
132621	DKFZP434L1717
118503	C20orf112
191536	SRP54
166122	CAM-KIIN
209010	ESPL1
194000	C1orf33
129748	GDPD2
144408	ZNHIT2
166432	NMNAT2
209308	SLC7A11
129272	PSMD11
110153	SLC35E1
208374	FLJ23441
155169	SPDEF
182375	YME1L1
164404	MCTP2
158058	MFSD1
146599	PCQAP
671910	OLFML1
206130	PLD1
227846	FLJ35801
120602	DKFZp547C195
209739	SCMH1
107835	FUCA1
163583	MGC3121
211996	FLJ11286
205026	REG3G
114366	EB-1
139707	RAP1A
165557	SNAG1
160328	CENTG1
198424	AFAP
204670	GRM1
174256	C15orf5
137541	na,H3F3A
170987	SGPP1
146843	GSTM3
142459	ROPN1
181661	RPL32
170049	GTF2F1
192367	STK35
121618	KCNMB4
136220	MRPL12
131604	FLJ10378
185870	RGR
191963	PHF1
198598	ZNF441
155675	LGR4
154938	MGC52057
118001	RTDR1
178133	SDCCAG1
134316	RAET1E
128263	SGCB
169221	VDAC3
137064	CGI-14
521559	KRTAP20-1
177832	STMN3
118651	ARHGAP4
476805	LAMA3
147532	GOLGA7
161632	ME2
225858	USH2A
166233	FLJ37464
130067	OR4C3
164765	FLJ20184
156190	IFNG
163104	MYO7A
158771	MGC31963
160118	FLJ25179
194638	PCDHA1
124274	FRK
195785	OR6K3
150112	EHD1
196856	TRIM37
169302	KPNA5
190443	CHRNE
150213	KIAA1970
180359	CALR
146894	RIT1
128609	ANK1
214045	FLJ25059
201327	PIGX
103775	MGC2603
179870	SFXN3
105160	DKFZp434O0527
103792	OR13H1
202418	ILF3
223951	GREB1
183555	C6orf149
114444	KIAA1456
124411	COPl
157545	SREBF2
129182	NKG7
136517	AEGP
146832	OLIG2
235293	APEG1
184848	MPL
143817	LTBR
105113	DOCK5
205981	PHKA2
149837	MYBBP1A
188682	ZNF575
140979	PLS1
186684	PKIB
204744	TTC5
104638	SMS
116946	AZU1
133346	CYC1
124119	NDST1
193083	ADRA2B
201858	MGC35206
188379	YWHAH
186897	C14orf169
104225	HSD17B12
111345	FLNC
126746	PHACTR3
147610	FLJ14129
198093	SFRS11
173946	NKPD1
193374	C9orf79
130411	FAM53B
195955	P66beta
167254	PHACTR1
195541	FBXW9
541230	LOC284837
118234	SLITRK4
204297	FCA/MR
170848	SDS3
228676	BC37295_3
134821	PPP4C
169168	LYL1
138794	SLC38A2
121944	FAM26B
119131	CSTF2T
124589	FLJ12448
196002	MORF4
179788	ZNF566
212292	MSI2
151956	AXUD1
162683	SLC8A2
123852	RHD,RHCE
102571	C21orf57
215490	PLXNA1
175728	CYP4F12
147075	MSLN
116682	C10orf104
100384	CYB5
217282	EIF4E
129465	FLJ21820
137680	RPL39
134265	LYZL1
167759	ARNTL
227459	ZNF393
159636	ZNF211
117386	DMD
135746	RACGAP1
116020	ITGB1BP2
148604	TSC2
129587	SLC25A18
159382	SMARCA3
111662	MYL5
165825	OGT
151189	FEM1A
109385	HLA-B
186504	ARL2L1
205425	SNRPG
175144	C2orf22
118816	CITED1
219372	CD8B1
193670	HK3
182935	OPRM1
207417	HDAC2
155411	IL17
169779	GPR8
168224	KIRREL3
158561	OAZIN
122445	SAP130
101370	RNASEH2A
211995	UNKL
171165	WDR1
170034	TOX
164401	TMEPAI
214130	C14orf29
192893	EPHA4
148731	KIAA1324
136860	TCEAL2
113534	MYCT1
186353	MGC4504
158230	ARHGAP6
166383	HTR4
211675	CORT
116958	SLC5A4
159046	LGALS9
146796	SCRIB
196081	COX8A
167505	GNG2
187975	PCDHA3
201377	MGC24132
154789	TUBGCP6
218154	ATP1B3
108769	FEM1B
197249	LOC114659
210780	SLC22A3
131190	WBSCR5
167987	FLJ21918
194249	PAX5
199386	PPP1R14D
162898	BAAT
120643	FLJ40243
104116	WIG1
189981	OR8D1
178104	PMP22
147273	RAB1B
149818	CACNG8
148619	ARHGEF10
151419	C19orf25
121126	HIST1H4L
192719	RUSC1
134175	FLJ90024
103589	CXCR3
140076	PTE1
141279	WNT6
184699	FH
124305	HTRA4
218853	SLC9A10
127141	AP1B1
181504	MAGEF1
113257	ZDHHC1
140440	SPINK2
159460	GNRH2
227948	MRGX1
153619	SLC5A9
196404	MMP23B
100719	C18orf45
175211	ATP5J
105931	YEATS2
166515	RTN4IP1
154033	LBP
158761	ICAM4
111671	MGC15716
141023	SMYD2
112092	FNDC3B
225790	GAMT
171691	RASSF4
224502	SMCR8
107327	RCN2
196129	LOC284001
120798	CRLF3
207901	TAS2R39
112746	FLJ38628
151708	COLM
145923	SLURP1
206344	PIK3CA
179574	COX7A2L
167389	CTLA4
225552	HEMK1
168148	ASK
117705	C6orf102
127860	TAF5L
135268	KIAA1271
104824	IPO11
121491	MGC5309
211171	PAQR4
124882	ZNF558
121350	GBP5
131020	RAB6B
184579	LOC150368
187410	IRX6
117083	HIST1H2AA
205780	C18orf24
199722	FLJ40083
203927	ATP4B
215548	ANKRD16
167233	MLSTD1
108964	DKFZp762O076
168160	C13orf9
132109	U2AF2
245665	C10orf37,C6orf182
525615	DEFB105
140183	LY6G6E
158606	ABT1
134753	GSG2
126457	MATK
171197	DKFZP566K0524
107235	PITPNB
158869	GA17
155118	MGC10561
147222	FLJ40126
166213	2'-PDE
596405	ANGPTL5
202286	CRSP9
160503	BFSP1
175663	STK22B
216860	TRPC3
224732	SALF,ALF
169704	TRPM3
210299	SLC26A3
152396	KIAA0759
227829	CAMK2B
162604	ISGF3G
120125	PHLDB1
136426	CORO2A
202785	APBB1IP
189092	EIF4A1
177856	TEX27
167095	NUP210L
174250	ORMDL1
102684	MGC34732
109325	PUM2
152148	DNAJB5
145867	ZNF592
127407	CPA1
165409	MCAM
186841	ANP32B
114896	PNCK
168861	HSPC171
163547	SERPINB3
126926	LOC317671
191139	OR2L2
178219	FLJ11127
110615	DLX3
150896	TARDBP
134237	SBDS
138344	DKFZP434H2010
182277	NANS
174874	LKAP
183538	SYCP3
125730	SPOCK
232966	FLJ40321
187011	DUSP10
176146	CDC14A
195075	ARMCX1
150620	SNAP29
117345	NEB
145379	TBC1D5
216889	HMGB2
203170	CD68
128935	ZNF268
166651	SHD
105533	MDM1
102010	NOL4
171464	KIAA0690
186366	MNAB
106261	SPANXA2,SPANXA1,SPANXC,SPANXE
101676	FLJ10587
175200	MGC35521
191620	TMEM38B
214054	C10orf79
141688	ADAMTS16
167047	BGR
152281	CTTN
170475	FBXL19
113467	EPB42
109918	TRAR4
190831	VKORC1L1
162197	C1QB
144001	BAX
120519	KIF9
190448	SCRT1
108880	GPR124
210399	TMC2
198222	CLSTN3
127242	PMAIP1
163151	SULT1A2
196037	ACF
213789	HP1-BP74
177129	CYP2F1
200592	CYFIP2
111981	FAT2
221643	MSX2
157804	RBM30
153178	STRN4
199449	GPR31
110953	LRSAM1
114219	PSG6
528432	P518
127652	ARTS-1
230482	KAB
194346	KPNB1
165131	SMC1L1
230718	LOC148898
155581	AZI1
186446	BM88
209912	MGC34837
120629	FLJ22955
162733	ERCC2
204547	C22orf8
104142	EIF2C1
154668	TMEM19
212834	PIK3C3
195986	ATP6V1B1
109684	SSX2IP
200734	LOC113174
123048	CST11
149212	LSM6
226977	GPR156
180672	POU3F1
233554	DKFZp451A211
198967	KLK11
137543	HYDIN
100479	MGC13053
166048	ENTPD7
149943	REV1L
212267	COX6B1
182902	PIP5K1C
176598	THRAP5
203319	RNF122
112354	GRM2
124831	SMYD3
236852	PAI-RBP1
121504	YPEL4
164860	NR1D1
188631	RASGRP1
194214	MPP7
177639	GP1BB
149419	OCLM
104424	TRPC4
136897	SNIP1
209364	FLJ11506
191455	ARL6IP2
218635	MORF4L1
150569	PLEKHA3
127721	TFCP2L1
145236	CRISP3
209677	PGPEP1
203775	AMELY
327672	TAS2R46
107975	PTPRC
183390	ULK3
236795	OR1L6
217865	CDV1
158073	ACY1
170734	NQO2
109802	ASB9
100436	ITGB6
180925	TEX261
145893	UBE3B
120205	OBP2B
151912	LMTK2
179931	STX8
160844	DGUOK
112056	UGP2
142376	MGAT3
226228	UBXD3
193430	KL
190721	LMO1
195337	PIP5K2A
126980	TXNL2
127260	MLPH
137958	FLJ31461
123385	PAPD1
189561	AHCYL1
127523	CDKN2A
158276	XPC
187369	SEC11L3
154543	DKFZP566D1346
132011	FLJ31795
199267	ART1
136439	TRIM67
124281	TNRC5
180233	POLR2K
222538	FLJ36701
110573	SPATA7
213175	PLXND1
120705	ZNF146
218792	MGC23401
141557	NFIB
542107	IRX2
137383	ZCWPW1
209122	ADAM18
172677	DSCAML1
169647	ZNFN1A1
149391	NHLH2
697129	RAPH1
194026	C9orf150
174492	YY1
105687	FLJ20542
228968	OR6C74
209219	EYA4
209721	ZNF396
138213	DSTN
106198	CENPA
112130	CLN8
162396	ZMYND19
113797	GFPT2
115545	IL6ST
202039	AASDHPPT
210985	LOC56902
180395	TGFA
188037	ABLIM3
184060	PPP2R4
113632	MVD
124403	BCL2L14
219817	HOXD4
214093	MAP4K4
186736	PEX26
104259	NIPA2
198630	TGM5
137154	TCBA1
144327	NFYA
107454	PARG1
211836	CCM2
212537	ABCA6
145018	LOC126669
104428	ZNF237
217322	P15RS
125617	HAPIP
205036	PRDM1
110905	TBRG1
192558	TNFSF15
154949	ASB4
141574	CKLFSF3
209761	C21orf63
150727	LCE2B
107737	KCNN3
208026	GUCY1A2
211893	MYH8
122684	LIPE
189140	NDUFA1
198858	SUHW2
157587	OVOL1
121829	ZNFN1A2
169395	OXR1
702648	SMA3,SMA4,LOC153561
136724	TMEM16E
126066	LGI4
118996	RDH5
143740	PGF
197936	OR9G1
124537	OR2D3
117668	MAGEA1
219556	PCDHGB1
217778	CREG2
163388	GIMAP1
215425	PRDX6
127011	MGC3262
130483	CLEC5A
120632	ING2
223196	BTRC
111177	RORB
141060	KLHL10
464223	DLEU2
101518	C1orf49
166085	KRTHA6
215327	GCHFR
128389	C1QR1
110074	GM2A
153542	LGR6
118391	MRC2
221162	CXorf26
124513	LOC128344
132733	na,RPS7
128222	KIAA1181
141460	CAPN3
163691	OR5P2
156219	FLJ30656
181249	CYP4A22,CYP4A11
104009	GABPB2
107045	SPFH1
139485	KCNMA1
146183	FAM46D
114919	LRP2
126930	COL4A3BP
116147	CNOT3
168787	FANCE
204089	NOSIP
163513	GBP2
165061	SP6
203443	EAF2
114154	TTLL1
211166	C11ORF4
173769	SOX14
129322	Cep164
226740	RBM12
220899	NURIT
155495	ASB7
168068	ACP6
233452	ARSB
197586	PSMB5
130462	HSPA14
181242	OSBPL9
180424	MGC27121
233445	OR10A3
222487	ZNF117
110415	PON3
208523	RNP24
102759	DRD1
103403	ADRA1D
223497	PDE7A
130150	C6orf89
167121	ASCC3,DJ467N11.1
141711	KLF8
227249	ACAS2L
114785	SH3BGRL2
128714	RNF34
233060	FLJ16353
196334	C4.4A
222253	ZNF285
216283	LSM8
201572	ARL6IP6
215497	FLJ36004
150999	OR8J1
179081	KIAA1919
126024	ZIC4
106536	THOC2
211255	GFPT1
161379	HIG1
140734	LEAP-2
207807	CKLFSF6
116695	DNAJC1
198464	DEADC1
169809	GSTA5
123778	FANCF
125513	SIGLEC10
136497	P2RX3
226221	SSTK-IP
203834	ABHD4
134636	PROC
187253	ITIH2
207178	DXYS155E
175422	SKB1
145559	ERCC8
130164	COX6C
218952	FLJ25006
220093	FLJ25371
150053	KIAA1161
222692	INCA
123395	EPOR
125359	NUDT11
127725	ACTR2
146745	PATE
205868	SFTPC
190984	AQP4
158350	MAT2A
186383	GRIA1
122957	EIF3S4
216555	na,MGC40405
191543	ANTXR2
109180	B4GALT3
215062	SDHB
234133	C20orf132
153450	GGTLA4,GGT1
179146	LOC90525
159358	ANKRD23
122278	KCNH3
185794	PHEX
192900	OR2W1
194378	C10orf87
236031	C8orf22
125539	PILRB
122523	GAB2
197242	HLX1
206207	LEFTY1
179882	ZNF179
165347	FLJ32675
164526	ELK3
102175	ACTR5
209238	ECM1
154895	CPA4
136788	ALX4
102971	SLC29A2
198750	OR5AR1
141444	ZNF155
206894	PLCL1
145763	FLJ10922
109671	IGSF2
173876	OACT2
225067	SLC26A7
207022	ADRA2A
108510	TRPC7
158990	EXOSC10
168596	LRFN4
103910	C9orf78
135382	RNMTL1
149434	STXBP1
128186	DKFZP586D0919
101742	GRIN2B
223728	SNX24
172240	ZCCHC7
178564	B3GTL
235306	PC4
193007	MRPL53
214599	SLC25A24
138581	TMCC2
169133	C6orf117
146472	NUP107
193677	EVC
114238	KLKB1
197593	HOXD3
234875	GBE1
204015	SECISBP2
135647	FLJ35808
102085	DIAPH3
234783	EXOSC2
100583	ACTN2
200918	PKP2
129496	GNA14
126588	ZNF493
205906	LOC150678
659197	WBSCR20C
142595	RAP2B
183378	FOLR2
187604	MGC10992
159695	C2orf28
106965	CRHR2
194124	AARSL
133664	SP5
119157	PTPRN
193764	NYD-SP25
134964	MSH3
119872	NALP6
110462	TNFRSF14
160660	LOC389429
153864	C14orf175
107539	USP37
106212	C20orf108
212915	LRFN5
168528	ATR
105790	CTSS
200130	MRPS18C
231000	ZNF70
131975	ING1
180037	AIF1
165632	PPARD
161888	FLJ22709
210514	GPR34
172083	RAD52B
184863	C10orf89
180278	IBTK
148924	YPEL3
190207	MTP
143528	TUBB1
168584	RFFL
216190	SLC9A9
206670	TLR5
114130	PHGDHL1
145481	RNF10
107193	DDX6
109540	KIAA0701
174241	PPIL1
212887	SYTL4
143560	MAP3K13
184519	ZNF38
216448	FLJ45445
186647	GDF3
190889	PPP2R2A
124073	ADARB2
171149	MLC1SA
130399	CKS1B
159644	GBA3
164356	WNK1
201108	UBE2E3
119127	BRPF1
147144	CSGlcA-T
192455	KIF25
217913	ZNF341
204389	LOC284680
112555	WDFY1
138497	XRG9
139188	CCAR1
233842	SPINK6
202449	ARHGAP18
139830	ERV3
170351	NEIL2
153977	DPCD
222543	PCDHA13
213541	G3BP2
193906	SHANK2
189150	RAMP
176082	PLOD2
133317	KLK9
118743	SUOX
152492	RANBP3
120934	F10
208810	OR4D5
103870	SLC12A6
107148	PTGER4
162394	LDHC
103764	C11orf30
208079	MED28
126964	SEPT11
124737	PAWR
155063	PGM1
106266	RNF182
114406	KIF1A
227899	ZNF626
114097	HEAB
226022	FLJ35424
160403	NXF5
189650	NDUFA3
128471	LSM5
200995	SEPT2
197186	FANCD2
130672	BRD1
160193	NXN
127269	TNKS
154607	FXYD5
198277	NKTR
200205	OXTR
223962	RGR
100639	THOC1
166173	MGC11308
148843	ULBP3
173580	FLJ20244
203758	TCEB3
208160	CGI-04
178083	PDE6H
144362	RLN3R1
204737	RPS7
128262	C14orf147
139967	ZFYVE19
227196	NOV1
209973	MCM3
143158	RNASE3L
112081	POLQ
150516	C5orf14
195806	ZNF483
188464	ELF4
130047	ZNF394
135526	SPATA1
205457	PDCD8
223249	C6orf188
100687	HRASLS2
189732	EIF2C3
186473	SLC16A1
182644	ADAMTSL1
192761	BPY2,BPY2C,BPY2B
115827	AXL
100195	DNCLI1
190032	C3
358586	DDX53
200647	TEX10
116454	na,ZNF15L1
105265	ZNF554
181479	EMCN
135007	KCNJ5
117679	TPRT
153207	LRFN3
103717	CTSZ
234890	NEUROG2
190068	ZNF45
230648	LOC339457
184915	DECR2
173384	PLK2
199946	PFAAP5
101645	LOC93349
202377	LANCL3
189055	AKAP3
179286	SIX2
161435	SCN3A
214264	HLA-DRB4
206386	CD19
110933	LOXL2
176466	ZNF219
210403	RAB13
132241	FLJ45273
207755	IGFBP4
199617	C20orf129
142327	LRRIQ1
234529	KIAA1600
217505	KLK3
113746	MS4A8B
225984	COX15
173072	MT1X
153812	COMMD4
713764	GAGE6,GAGE7B,GAGE7,GAGE4,GAGE5
236849	LOC91661
116793	RGS2
126400	APBA1
227945	FLJ37396
223650	FLJ25791
546721	TRIF
105455	DKFZp727G131
151627	HSPC159
196116	ID3
171815	FKSG44
116834	SMPDL3B
10692932	FLJ34690
164845	PCDH1
134015	ZNF565
179548	RFX3
112265	C9orf27
198948	KCNA2
211485	HSPC138
226439	PPARA
186603	SRPRB
181277	MGC50273,C2orf27
173979	na,GOLGA6
209099	ARHGAP8
128345	PSPH
145319	ADAMTS2
114837	SLC5A7
104690	SMNDC1
155373	AKAP7
164732	SCN3B
149716	DGKZ
169568	LCAT
104621	RNF146
216204	NDUFS3
173970	R3HDM
131307	VGLL4
188826	SDCCAG8
168798	SPAM1
189428	PALM2-AKAP2
114458	AGPAT5
105371	ASPN
104328	SMARCA1
159147	CCND2
223883	LSP1
184034	AMOTL1
166260	FLJ37587
212703	CAPS2
136430	SEPW1
173701	POLR2E
170501	GUK1
105991	SHREW1
109204	PRSS3
193467	DKFZp434K1815
156640	RPS2
165204	OR2Z1
154265	DLC1
126969	NFAT5
201905	RBM9
220310	EEF1D
200756	FCRH3
139859	LOC339448
177535	ACTN1
184798	PKNOX2
105903	RNUT1
211597	FBXO31
113302	PCTK1
154356	RALY
150494	C14orf49
132747	GCSH
152911	FAM40B
174119	MT1B
115423	DLX2
168946	DERL2
159966	HEMGN
128888	C2orf13
164622	LOC400120
164555	ATOH7
178866	LRRC19
193425	OR7A17
179609	ICF45
168091	ORMDL3
112182	MAP2K4
131936	MGC10540
123411	ZFY
129812	DARS
10690941	EIF4E
114070	ACSL4
152069	THAP7
160014	RNF138
175817	SUPT16H
154909	LOC254531
108465	PCDH7
165852	ZSCAN5
103885	FLJ32685
166717	DNAJB1
204731	CBX7
158569	C16orf30
208216	STAP2
117828	POR
192182	RAD1
124334	HOXA2
133925	PSCD3
209983	LOC151835
196274	PCDHB7
218686	ATPAF1
113725	KIAA0252
237104	C10orf67
101116	NUP54
182906	SPAG1
175060	C10orf120
173125	OR1J4
103350	DCXR
185595	IGJ
206994	ZNF567
176165	ZNF202
195982	MGC10946
167862	USP7
122570	RHD
123506	GABRB1
156554	CGI-121
173690	MGC33839
104577	CYP4V2
170890	TLX2
130590	FLJ45651
170428	LY9
183429	FLJ22175
130677	IFIT2
124299	ADH1A
158453	SLC35A1
108394	RAI2
111458	CX40.1
162520	MGC4171
139052	VAPA
163377	na,LOC147111
125978	KIAA0789
177566	RAB5A
196309	ACPL2
194658	TRIP13
151514	SYVN1
223885	PGBD4
152585	FLJ32384
133365	GPR43
128778	WNT2B
132237	RHPN2
145956	MGC15937
202003	VPS37C
220840	C20orf35
107040	NSUN3
122343	FABP5
125309	LOC116441
212462	SPA17
231599	PLA2G4D
177578	OR2M3
137616	GMDS
135904	MTCP1
222602	LMOD3
216791	ETV1
189406	MGAT1
190678	C14orf123
154981	KIAA0802
148829	SHOX
198356	ECHDC3
112798	ALG12
124816	MGC35130
189762	FLJ23790
131673	PRAF2
111685	KPNA4
179964	ADH7
192362	FLJ13984
107075	PAGE1
156895	C21orf4
205041	RANBP9
166195	TM4SF15
131265	HSPE1
191159	KIAA1900
155212	ICAM2
126425	EHF
165983	TACC3
120855	LOC51058
224179	MGC39497
164735	HLA-DQB2
129229	RAB11B
162589	RRP22
184754	PIWIL1
145879	C7orf34
155302	HDAC3
117508	LEREPO4
147491	PIGS
188604	FLJ14888
183719	GJA1
113222	NCKAP1
124061	POU2F1
138269	POLR2F
106522	MULK
122601	PRPF3
172735	CTSL
197614	NOS3
172171	EPPK1
113716	TNFRSF25
200360	PARP2
149414	RPLP0
173514	RPS6KA2
208102	ARHGAP10
175491	BRD2
127385	MLYCD
226785	ANK1
202508	SH3YL1
208084	DTNBP1
149759	NAPSA
209101	UBE2G2
206236	FTSJ3
156267	RGN
159953	KIAA1285
138642	POLR1A
175266	DSU
139787	TFDP1
147770	PGLYRP4
115556	LMLN
187739	SULT2B1
107722	CUL5
179398	CD69
187818	FLJ22386
134614	LOC133957
122333	FLJ21901
109856	TM7SF3
209119	TFCP2L4
104721	KIAA0408,C6orf174
183940	BTD
111257	MDK
137305	TAGLN3
125392	PANK1
194134	LYN
151259	PDGFRA
104510	FLJ41238
217672	FLJ34047
207573	C14orf154
150867	CCKBR
220471	CATSPER2
185343	C20orf46
128329	HPCAL1
182382	PPP2CZ
177973	DOC1
177389	CXCL3
161081	KIRREL2
234621	RPL26
108497	CLCN5
141422	EDF1
177744	MGC13204
114535	PHF7
140765	FLJ13941
122943	ZNF12
163518	CESK1
157555	TRIP
165979	SPINK4
122628	HEL308
172153	HMGA1L4
203093	TRPV1
107729	GRIN3A
116108	LOC90580
146580	NKX2-5
171526	SNF1LK
101444	NFKB2
180070	CDCA3
148600	EGLN1
159795	TAS2R4
213922	WTAP
109636	SACM1L
146521	FLJ33718
130007	CNNM2
166933	ZNF385
105423	H2AFZ
154991	MGC45441
225566	PTPRC
158532	WDR42A
162279	SPOCD1
196849	ZNF143
159936	NELF
136671	FYCO1
147573	B4GALT5
111134	THOC3
147628	ESR1
223538	CAMTA2
203429	ARFIP2
113570	SCYE1
186697	PLSCR1
704222	FLJ39531
103567	GHSR
108930	ZNF169
126939	TINAG
219367	INCA
169761	IL18BP
105061	COBLL1
146768	FLJ21128
154301	GOLT1B
158737	CDC2L5
200038	PRDX4
186250	MAMDC2
213113	AADAC
129768	LTBP3
194975	CNTN1
220637	FLJ46154
144661	LRP3
106034	ZC3HDC3
215721	TMEM43
117466	COVA1
167438	FLJ38822
171680	CSN2
635630	INSL3
189157	CYP20A1
227638	BTF3
171974	GAS6
174568	OSTalpha
197127	WARS
133919	KRTHB4
194637	HMGN4
135413	DEFB129
101678	MCMDC1
107874	CD164
117267	CYP11A1
199555	GPR39
211546	P4HB
103552	HECW2
107135	FER
165534	CD40
103013	LRIG2
178610	FLJ40089
196639	NCALD
177981	GIMAP5
132208	KIAA0265
194068	TUBB2
185509	FLJ35681
162389	PHKG1
184227	GOLGA7
205412	NIT2
100027	ZNF192
180331	LOC223075
207660	TOP3A
104890	C10orf22
155218	SUV420H1
190948	FLJ21934
179404	BCAR3
192503	MGC2714
221992	CRAT
127370	SLC18A1
223334	PCDHGA9
222821	PHF19
153019	COBRA1
148303	DHX30
171513	FLJ22833
137648	PIM1
170016	C1QA
109692	RARB
189521	TBL1XR1
116776	ARHGEF19
163352	MYCL1
180142	TMEM16G
167575	ABI3
158366	VEZATIN
163503	K6IRS4
167512	HIST1H3F
178824	ZNF226
202354	KIFAP3
187656	NDUFS4
135020	MGC2574
129015	IRAK4
153914	OXT
170380	DKFZP434G1415
112410	RAB9P40
177094	DMRTA1
192115	TNIK
127667	LDB2
199592	TGFBRAP1
150320	KIAA1704
122492	DDX43
179632	LMAN1
160925	PTPN3
207537	PPM1B
154366	LEFTY2
219376	MIPOL1
197463	ABCB8
103867	ZNF83
205730	ARNT2
171427	KCNA5
216340	APOH
199751	C6orf35
178284	SLCO2A1
125999	CNTNAP5
197453	FLJ32949
143388	PLD3
211509	MMD
115966	PRO1855
177302	SARS2
213590	CHST12
225804	ZFYVE9
170196	SCYL2
187413	SLC39A9
142233	SLC6A8
112810	SREBF1
171874	ZNF651
108331	TAC1
163416	ATP5H
184244	OR10R2
133891	RHOT2
109660	DCTN2
205175	FDPS
111979	DKFZP434I116
154689	OR4E2
195179	PURA
196650	MTMR3
156417	C20orf54
159465	CCL27
192450	AQR
120596	RAB3A
115910	FLJ12806
172247	PEX5L
104932	FLJ40235
103522	KIAA0040
343506	WNK3
190785	TFRC
203300	PCSK9
707754	KRTAP10-8
204681	CCNL2
123845	MRPS28
108203	FOXD1
211586	DUSP21
225120	PRDM2
210285	LIP8
216014	D8S2298E
172287	WDR3
118324	KCNQ3
123924	SLC26A9
115220	ZDHHC2
104172	ADAMTS13
111573	COPZ1
119033	PLEKHG2
209361	JARID1A
101569	KRTAP1-3
196405	CXXC5
183635	RAB6IP1
162231	CDK5RAP3
125805	SEMA7A
101381	CINP
199290	ANTXR2
174672	FPGS
107428	XPNPEP1
218600	MAWBP
136111	KRTAP17-1
113888	KRT19
115585	HPN
205890	SILV
159573	KIAA0853
167968	A2BP1
130268	NOTCH2
112346	BCS1L
208148	PRPS2
713561	MGC45806
165731	FLJ27505
222846	TCF7L1
169292	NAP1L3
227738	ZNF524
201039	TM4SF4
134387	OLFML2B
201611	ZNF578
169064	SURB7
142958	MAFG
197364	FLJ38507
100103	GNGT1
157095	OR10J1
165073	TRAF7
207132	ULBP1
158845	SAV1
197798	NEK1
192518	RAB24
103778	MAGEA6,MAGEA3
164243	VIPR2
121901	SIRT2
186797	SOX17
109937	FHOD3
105591	FLJ38101
171154	NEUROG1
172712	RLN3
201615	TNNT3
205999	CLN5
133142	MAD2L2
161729	BTN2A1
146435	HSPBP1
131968	LOC285989
118127	NME6
149944	FLJ22578
187660	ACP5
156822	CHST13
176658	MGEA5
100458	FLJ10847
104948	NPHS1
172275	GPR56
111068	CSF1
227711	ZNF85
150246	FLJ20626
159545	ZNF250
209427	MCM10
195958	RNASE2
222296	LOC153328
150607	DNAJC11
192974	ERBB4
197886	RPS6
162100	THAP5
158142	WFS1
124931	LNK
174663	PRUNE
216870	ST6GAL2
543133	BASE
185324	CCDC6
171168	MGC2650
159207	PHF20L1
153395	POT1
184069	PPARGC1B
103318	FLJ12505
171247	TM4SF2
181072	TJP1
132198	RPS27A
166888	NCOA5
171131	KCNH6
146003	GLYCTK
119429	ZNF228
141237	PPP2R1B
112896	LOC401565
180819	PLXNC1
196096	KCNS3
154837	C5orf13
211000	RBMS1
208125	LOC57168
127329	XAGE5
115237	OR1A1
214482	LOC91431
173288	ABCC9
128904	C2orf32
190520	PREI3
114301	OATL1
147495	ST3GAL5
128131	PTPN7
108648	KCNK9
106167	HSPC148
209946	TBC1D15
100064	EREG
137403	GRM7
182524	NRN1
174008	PKP3
148971	FLJ10706
542460	B3GALT7
137980	SAE1
134100	ONECUT2
138352	TD-60
192759	VAMP1
205190	HRPT2
151056	MFAP4
153852	C18orf17
156379	SLC39A6
171779	CD8A
178481	GPR144
130267	EIF3S1
192528	CXCL6
163293	BTG4
152931	ARHGAP27
157646	ZNHIT1
184984	JAG2
204961	AZI2
110829	PPM1G
210766	TMP21
202431	DKFZp566C0424
121015	SLAMF1
101912	SERPINA10
187062	MGC39581
176430	MRPL46
193190	JPH2
115154	TCN1
188082	C14orf166
177355	DKFZP564B1023
199018	CNTN4
112440	WIPI49
124710	GPR63
133505	C9orf61
150309	C10orf7
166102	DDX10
203562	SEC22L3
184681	PIGM
155366	GABRG1
196388	FOXL1
168407	C19orf4
701435	MUC17
141263	TLE2
138633	RHOD
101251	RAX
112430	ZNF358
136187	LENG9
100430	MSH6
170799	SCO1
216985	GREB1
198784	HLA-DQA2
183606	FLJ22624
189835	AD-020
188171	FLJ33387
212952	ERAF
176649	KIAA1377
132618	TEBP
119685	MT1X
242068	DEFB104
171707	MGC33556
164771	SEPT9
104770	BEX2
123465	NDFIP2
167908	DNAJC9
198809	SLC28A1
182462	ZFP42
151718	DEFB127
169674	PSMD9
203670	USP33
103563	LOC340351
137759	TUBE1
141796	APOA5
133807	MYH6
124270	COL12A1
113852	KIAA0831
144873	TFAP2B
220056	PCDHGB2
464116	XAGE1
225106	ZSCAN2
227864	MYT1L
211278	NT5E
206328	ZKSCAN1
151483	KIAA1191
109598	SLIT2
206502	FLJ12606
185863	LOC221091
139305	TERF2IP
116571	CASQ1
169575	TRPV6
163115	UNQ9391
139736	RGL2
213127	STK33
205753	NUCB2
164935	FTCD
182741	GRP
208328	PMM2
121402	C10orf116
145160	FGIF
157450	KLK7
187241	FLJ10748
184468	KIAA0565,FLJ36492,MGC87631
105004	KCTD12
166163	HLA-E
120321	SPR
114037	CDKL3
157188	FLJ20152
118119	OPTC
211114	SMYD4
209395	CHURC1
169529	MRPS25
107457	LCN2
120636	ZFYVE26
156660	ITIH1
159423	FLJ20171
175654	C20orf12
156705	SLC15A2
104667	UBE2E1
163473	ITIH3
180843	RGL1
193251	FLJ23577
118813	Magmas
375919	DUX3
205369	TRAPPC4
173320	JMJD1C
127803	PLEKHA5
204892	RNF31
130326	RBL2
151377	RNF103
218208	MGC42157
113510	HS2ST1
213890	NRP1
118571	FLJ39827
102603	OR6B2
128201	FXC1
124173	GAD1
143563	CSNK2A2
117215	ZNF19
184959	MOCS3
203782	NOPE
177734	MGC32065
164634	C12orf2
173568	MGC4368
117232	MYH2
195581	BPIL1
120568	DDAH2
112110	HYPB
215335	XAB1
144058	AKIP
235716	na,MYST2
208524	na,LIMS1
165456	TXNDC9
138768	STX11
174278	IFNB1
226748	C15orf21
107499	KIAA0870
197272	FLJ46156
128411	CENPA
136761	PRTN3
144894	CTSW
160128	RPS6KL1
205104	DKFZP564D0478
121953	ANKRD2
115632	CACNA1G
191162	GJB5
236458	RPS7
207747	SEC13L1
102845	APTX
170786	VPREB1
103705	UCHL3
235419	C10orf81
115111	ATM
145228	ITGA5
193619	NDUFA10
204296	MX2
138789	HIF1A
112357	FLJ10579
139158	EVI2B
182241	AGPAT2
159149	RPL35A
168063	ING3
156212	ZC3HDC8
158062	CCDC14
155410	HMGN1
217046	ARHGAP12
162287	HPS6
107176	RBM18
215232	HIST1H1A
175091	LCP1
162446	FABP1
166306	PRKCI
169078	TRIM62
217080	SLC38A4
139455	LCT
121114	LOC146325
118733	IGSF4
198882	SP1
103344	TAF1L
125400	NNMT
114782	TSGA14
205937	PGM3
216357	LTF
159962	EPHA1
127917	NCALD
105499	LRRN5
202674	ZNF295
145500	C10orf79
220762	RNASE8
151688	RWDD2
208066	MGC33407
131163	TRIM34
226856	BAIAP2
153949	MDH2
208402	MAP3K4
134330	SEMA3B
110884	NR3C1
168840	HPGD
119003	C14orf58
178873	MGC33846
206520	COL4A4
190701	CNTN5
206405	3'HEXO
133657	PAK6
169951	RPS18
220963	MMP28
193821	PARVG
568541	na,NY-REN-7
136035	PHACS
187456	HRASLS
118420	SYNE1
164503	MED19
195478	LOC400966,ANAPC1
106353	LOC91801
186758	LOC196394
126662	C2GNT3
133352	TFG
159365	PABPC3
187470	KIAA0247
197651	ID4
146341	FXYD2
107275	MGC47869
130950	WNT7B
117549	PPFIA3
138654	MR1
190382	SLITRK6
203873	RAD17
211325	ZNF650
125733	NYD-SP25
153090	CKLFSF1
111095	DAAM2
235830	ARSD
220847	HOXC12
197531	CHRNA1
147065	NUDT1
181510	YTHDC2
164232	NF1
119320	HIST1H2AE
116678	FBXO9
138947	TNFSF5IP1
126971	SYNGR2
142562	TRIM31
116882	NFE2L1
203773	STN2
304688	BNC2
172673	GLI2
127767	MAPK10
182997	TOMM70A
219351	TCP1
181935	HPD
179932	MRPS22
161818	WBSCR1,LOC401316
708365	TAS2R45
120472	C1orf10
184569	OMP
130284	MINA
208324	CD63
224975	BLK
158654	MGC32124
162891	C15orf12
212214	SCYL1
172572	TAGLN
169815	TARBP1
121792	LEPREL1
172114	KCNC1
227679	WTAP
197520	GPR109A
196599	FAD158
143065	HSPB6
146722	GUCA2A
157258	SLC6A17
203523	DHPS
103069	CTNND1
128883	EBNA1BP2
188927	UNQ9217
145872	THRAP2
179941	SIGLEC8
132356	SLN
123400	CDC2
194409	ACAS2
149755	ST6GALNAC6
116122	MYO3A
156350	AUTS2
137237	C14orf103
123679	CTSL2
131665	SLC25A30
192545	AXIN2
200835	ABCA5
182100	GPD1
169049	HEYL
137924	FRAS1
185687	ATF3
185573	LOC91120
130759	MAP1A
162758	CENTB5
159786	C10orf6
177636	BMP7
134023	GTF2B
203213	PCDH21
197727	OTEX
110897	DNAJC5G
216519	FLJ10970
174321	GPR139
131983	CLEC4C
102162	FLJ10661
141701	RETN
241445	FOXR2
180201	FLJ25067
131479	PLEKHA7
213550	PRKG2
224127	LOC222171
211758	FLJ12118
221896	PCDHGA3
141912	C9orf42
166760	ABL1
111606	TBX15
188118	SEC10L1
232363	FLJ39575
220138	ARTS-1
129544	TNFRSF10A
122449	GSCL
117100	MGC11271
203398	CGI-116
152384	TSRC1
231862	ACADSB
187998	SMAP-1
145069	BIRC2
192802	LBH
193851	PORCN
170455	ACVRL1
120701	PPID
101762	PRAME
178974	FLJ12973
142916	MYO1E
169842	ANKRD19
112509	AD026
177334	PTPN11
208892	PRKAG2
204646	GCS1
217004	EPM2A
148282	GREM1
187725	ITIH5L
193657	FADS3
103696	HSPA4L
113764	IFRG15
111479	MCF2
169234	FLJ12436
217832	MGC45491
111342	METRN
136570	COL4A3
148952	CCDC5
187978	FLJ25084
198575	NFKBIZ
139206	SNRPB2
195536	USP5
178784	CDK5RAP1
100278	MCART1,MCART2
103423	UQCR
216032	VMP
187682	AAAS
101300	NIN
107578	FLJ32065
110703	LAMP2
157732	C19orf27
133543	ATP2A3
219085	FLJ13639
101845	THAP10
196076	SLC36A1
162429	SPINK1
185641	PFN4
183983	ADAMTSL1
202027	BAD
156541	ADAMTS14
103802	DKFZp686H1423
149974	WRNIP1
173838	GGTLA1
132722	ECE2
198434	ATP5G2
207943	NEDD8
130323	LAX
112769	NDE1
235193	ZNF652
175669	TOPORS
109229	ZNF440
198350	UBAP2
218091	C17orf28
171548	CHST2
144218	PIGT
137894	DUSP9
199780	ERAS
108789	DSG4
113407	FLJ30834
201032	FLJ11331
191714	DKFZp586C1924
159273	PNLIPRP3
150768	NUP133
173927	PCLO
540868	PMCHL2,PMCHL1
131855	GPR75
183799	LILRB5
128864	AMBN
179986	LIG3
201513	ALDH3B1
192867	UGT1A8
213465	YWHAZ
108082	SLC1A6
140969	AMIGO3
209784	C21orf129
176301	TTPA
103875	C21orf127
149059	SCGB1D4
191305	CDKN3
207685	LMO2
211565	XK
137435	MRPS10
112921	BJ-TSA-9
122149	BAG3
181167	RIC8
157518	COX5A
173892	H1FOO
233541	LOC284912
118740	CXCL12
205761	C14orf118
203208	EIF3S12
154682	CD244
145818	TOMM40
197699	DSPG3
175839	LOC55974
189501	PKHD1
207762	FKBP9L,FKBP9
108526	C16orf45
183645	ACTC
150705	PRDM10
212190	LPHN2
186266	PGM5
166396	RPS6KC1
117712	POLR3C
235791	ALS4
122102	NUCB1
144588	MFGE8
206419	ZBTB1
133600	ZNF331
227134	MGC20741
155575	RGS7
226686	FLJ45686
119887	ZNF200
216205	KIAA1166
135807	na,ANAPC1
149512	OR6B3
179143	MCRS1
196521	UNQ467
112531	MICAL-L2
129834	SEMG1
147822	LATS2
205009	EBF
105404	FLJ10774
157279	ZNF14
321434	na,POLR2J2
185166	ACSL1
211861	CCL11
126148	PDE11A
126905	SLC31A2
170041	NPC1
140996	HOOK3
207679	HCC-8
206254	HTR1E
196577	C8B
186730	KREMEN2
225697	TMEM16D
169473	TBX6
200178	GALK2
132137	CST5
231036	FBXW12
215220	FMNL1
177413	DPYSL3
192373	S100A2
135840	ELL
141891	GALNTL2
192534	IFNA16
221072	HDAC9
175472	NMNAT3
120099	C10orf48
118635	BTBD1
103406	BTN2A2
215678	SCP2
172176	DUSP4
138183	SLC26A1
169799	PCDHB8
127636	WBP5
148927	PHAX
138738	C18orf9
162894	MGC3040
182638	PTPRO
157084	ERBB3
160538	C14orf168
145093	RAP1B
121659	RGS11
116883	IVNS1ABP
161892	COX6A2
203011	UBE1
185486	BTBD11
209632	SGCE
100529	PROM1
204144	QRSL1
198155	D2LIC
134357	FBXO8
120405	POLR3K
132744	IL24
192105	PDE5A
147293	EDG4
230074	SPAS1
218233	MAPK11
147846	ANKRD2
109711	TPD52L1
232691	FLJ90757
542667	ANKRD21
143854	NUTF2
174736	VGF
144261	bA9F11.1
217696	DSCR10
144537	INO80
116092	PCDH10
166456	GPR175
202808	RDH12
162024	MGC16169
167463	TAOK3
174085	MYO1G
130712	GRHPR
146229	VPS45A
210239	ZMAT1
168215	HHLA3
125572	CYP19A1
149623	C20orf128
125201	USP39
163083	DEPDC2
126100	TMEM15
450423	SLC34A3
137522	OR52A5
161261	HHEX
208844	SCN8A
118893	FOXD3
407885	LCE4A
156624	C2orf23
168356	RABL2A,RABL2B
203374	GPR143
122872	CIB3
171021	DEXI
114812	KRT18
200120	ACBD6
215168	PTH
130487	RAB11FIP4
160299	LOC147808
112763	SLC9A7
188455	C6orf72
176284	OR52I2
113507	MGC4562
407434	C6orf110
228762	NANOS1
177616	GPI7
194597	TSFM
132230	MAZ
126099	ACAA1
198650	COLEC11
107436	LOC57149
124953	DSCR1
219915	LOC146174
109956	ANGPT1
187409	LPPR4
106574	CDK6
208695	AK3L1
101213	ATPAF1
128731	RNF4
115907	ELF1
163309	C10orf4
191935	HIC
200692	ATP9B
115589	MCM4
178139	RGS19
138575	ACPT
168589	RP9
144258	MGC52057
201353	CHRM5
214556	CBR1
206281	GCNT2
150399	IL10RA
192962	MYCPBP
195288	ADORA2B
174552	C9orf5
142800	KCNH5
120390	ARSJ
163714	CHAT
185701	MFN1
190504	ACTG1
116916	SHB
146560	SURF1
147107	KERA
170227	HRBL
198099	ARPP-19
195631	FLJ12586
196426	REV3L
139073	MPZ
112066	TXNL4A
123868	PPIL4
235086	THADA
217742	FLJ40852
207926	RDBP
200133	INVS
193676	GTF2I
118110	BACE1
148045	FLJ25410
121612	DUSP5
168022	FLN29
164884	CHODL
161637	C9orf94
161850	C18orf10
155604	ADAMTS18
134950	KIAA0241
184367	NAV1
176983	HES1
191770	LGP2
194045	B4GALT2
127182	NPM1
194563	CAST
114804	PTK9
223192	AK2
223217	TBPL1
173585	PCDHA5
116132	PLN
116621	C6orf80
201279	KBTBD6
135139	RNF25
163210	FLJ39502
209615	C14orf106
116049	PARD3
192701	RFP
100313	CPSF5
158974	ZNF282
164270	MRPS2
173308	MAS1L
208235	PRSS3
142473	SURF5
121760	PIN4
105383	BRE
104750	LRRFIP1
111127	TAS2R16
168048	MGC10731
126057	PNAS-4
144049	BTG1
109981	NCBP2
173781	C9orf98
173256	FLJ20533
125525	SLC9A1
197915	PIP
122582	MUTED
115313	LRRC1
143887	DAB2IP
167079	CDA
137302	SCAP
139666	MUS81
181294	FLJ10652
103644	C14orf129
149984	ZBED1
459844	LOC284296
218581	HSPA4
223528	RGMB
175386	KIAA0020
150254	MSRB2
170220	PCDHA1
141341	STK4
199888	CHRD
104458	ELAC1
182643	MS4A2
152508	SPATS1
116499	ASB10
210268	SMC1L2
140378	KCNG3
139791	RNASE6
192339	HRG
227426	HUS1B
143998	SFRP1
193752	LOC92558
114678	C19orf14
196296	MMP28
119289	ACE
198642	OR10J3
172367	FLJ12895
165678	FLJ20989
143089	FBXL16
196654	FLJ13848
161303	MGC11349
144802	KRTAP2-4,KRTAP2-2
172784	C9orf20
177138	OBP2A
172736	LOC205251
230936	FLJ44635
220644	SLC26A1
215830	TMEM30A
106809	RPS6KB1
106384	CBL
129301	G6PC
104196	PSME2
143773	MYO18A,TIAF1
176378	MIST
203995	R30953_1
213895	CRYBA4
215161	CTDP1
211637	HDAC11
115888	PEX1
101255	RNF149
136923	THSD2
219879	ZNF627
209909	GNAO1
135102	HYPB
167571	USP46
225900	GARNL4
116559	PLEKHA4
121449	GYS2
147135	MLF1IP
142768	IGSF4C
121695	CDKN1B
203941	KLF13
164177	MBTPS2
137266	PI16
199113	MRPL36
116800	GSH-2
151579	ST3GAL1
216857	C14orf39
157143	UBADC1
175147	GLUL
136865	KIBRA
207111	GMFB
153995	MGC10471
222961	THRB
202913	ZFYVE16
142710	DKFZP434J0113
217037	PIGF
107216	MSR1
195267	SIL1
230683	LOC200261
197113	PCBD2
228967	LOC149134
188075	SARM1
235170	KIF9
172158	FLJ14011
194094	REC8L1
212421	ZNF20
105117	TEF
140257	NFIC
211315	SLC8A1
215870	RASEF
174974	SOX30
122196	MRPS35
210665	ZP4
125267	GPKOW
146904	ARH
114707	SEC63
121683	KRT6IRS
151849	NCB5OR
219220	SESN3
193284	RFK
130634	ALG6
197282	PLCD3
170995	ADAMTS8
136646	ANTXR1
203549	NXT1
141777	SLC16A5
129428	OSBPL8
100943	BSCL2
197353	MME
155357	SSPN
149793	TPST2
113128	VPS13D
132648	TCP10
167468	TFB2M
174945	CD40LG
159281	CCNA1
112598	BBS4
126637	PRRG1
113558	SLC7A10
170489	MDN1
177780	SCDR9
185571	TRPM1
179926	SIT
142580	KIAA0635
221577	FLJ25444
225916	GSTM4
218015	USH2A
188207	SYT15
171718	RRAS2
135972	DOK5
215215	C6orf79
223270	MGC23908
214002	MRPL45
129761	AQP2
191405	UPK1B
170411	CFLAR
175160	C1orf9
230343	RRN3
167847	HCFC1R1
169783	ZDHHC9
114581	LMAN1L
208310	APG7L
177543	TNFSF13B
114265	LOC440955
208556	FLJ13231
227684	FMR1NB
115073	FLJ11806
205205	FURIN
221004	FLJ46321
140250	RHPN1
150207	OPN1SW
111899	SLC25A6
120144	GTF3C1
165955	RGS4
182113	COG1
147578	CLIC2
148882	TRRAP
166046	DNAJB1
191596	PCOLCE2
163939	ANKFY1
186092	APP
107266	PGS1
135784	PSCD4
160762	FBN3
133117	MGC35295
126200	SLC17A8
155506	MAN2B1
101125	FLJ10154
203738	AVEN
154915	MGC3248
159298	GLT8D1
224499	VPS16
186426	SDC1
187144	HTLF
164561	AANAT
100137	PSMB4
147379	TTF2
211059	NEGR1
179036	CLDN9
195097	ZNF74
106407	ALS2CR19
200675	NY-REN-41
162340	SSTK
164016	SLC4A4
179795	CBS
217568	PHF17
159901	CCL2
154238	TFAM
186076	RDS
130316	SLC16A6
198178	Bit1
221732	KCNQ2
141204	SNAI1
118968	SDHC
103612	DNCLI2
188934	NMB
100454	PAK1IP1
110160	C20orf125
152593	FAM19A3
174555	CEPT1
127120	XLHSRF-1
152406	HSPB9
105916	HIST1H2AD,HIST1H3D
163396	CAMKK2
180782	MGC4170
209858	NYREN18
177900	MTX2
106597	IGFL3
131399	XPR1
143249	A2BP1
106369	ZNF556
198841	SOX10
118410	SYTL2
125442	TMPO
170533	NBR2
208632	IBRDC1
180135	GNB3
152222	TTLL2
110790	ARHGAP17
181886	NT5C1B
178803	PDLIM7
200889	ITGA11
159482	LY96
167166	LOC63929
135546	KCNJ11
188103	MGST1
176204	FLJ13150
205519	CD2
188436	CPB2
140114	SLC22A17
127150	C7orf24
204094	HTR1B
106334	FLJ10420
126212	Cep63
196277	PADI3
175806	ARHGEF16
149340	PKN1
102454	PPP4R2
147111	FBN1
177926	ZNF233
106067	KIAA1797
194496	ATF7IP
169571	CCNB2
142433	FAM32A
101377	CIDEB
190825	ASE-1
176640	EVPL
116891	FGF4
226124	LOC113179
128565	ANKMY2
193526	MC4R
167693	PCDHGC4
169949	MAPBPIP
162054	KIAA1446
