GeneSymbol,Direction,PValue,FDR,FoldChange,EntrezID
RPS23,up,2.001186e-07,0.003042524,23.29139,6228.0
RPS15A,up,3.239818e-07,0.003042524,27.3195724,6210.0
COMMD9,up,5.208201e-07,0.003042524,28.3426327,29099.0
GDF5,up,7.901646e-07,0.003042524,86.0918979,8200.0
TMEM115,up,9.107129e-07,0.003042524,17.2645381,11070.0
PTCH2,up,1.1285294e-06,0.003042524,15.9924382,8643.0
RPL3,up,1.3046293e-06,0.003042524,22.636819,6122.0
LSM2,up,1.3252281e-06,0.003042524,23.1314634,57819.0
ELK4,up,1.3660426e-06,0.003042524,3.9824166,2005.0
PLA2G10,up,1.5600687e-06,0.003042524,9.5216104,8399.0
FZD7,up,1.7894888e-06,0.003042524,11.9968397,8324.0
RPS27A,up,1.9393065e-06,0.003042524,11.4116961,6233.0
SKP1,up,1.9590317e-06,0.003042524,18.0901024,6500.0
RPL15,up,2.0957116e-06,0.003042524,8.3960495,6138.0
PHYHD1,down,2.6343923e-06,0.003550394,45.3285676,254295.0
CLDN22,up,2.7948982e-06,0.003550394,14.709881,53842.0
ALG8,up,3.2184338e-06,0.003680587,12.5859967,79053.0
STOML1,up,3.4958243e-06,0.003680587,4.4255658,9399.0
NPC2,up,3.5458922e-06,0.003680587,8.4007715,10577.0
NKX2-5,down,3.621734e-06,0.003680587,91.4912689,1482.0
HIST3H2A,up,3.8830613e-06,0.003758249,6.7836099,92815.0
FKBP5,down,4.640838e-06,0.004287501,48.0350761,2289.0
SDHC,down,5.0348177e-06,0.004449247,39.6236717,6391.0
GPC4,up,6.2374485e-06,0.005282339,11.3342278,2239.0
PHF7,down,6.6422755e-06,0.005357961,37.0040618,51533.0
CYP11A1,up,6.8539726e-06,0.005357961,20.2468318,1583.0
ERI3,up,7.7183403e-06,0.005810195,13.2846747,79033.0
EP400,down,8.5906017e-06,0.005889457,2.8532681,57634.0
KRTAP6-3,down,8.644268e-06,0.005889457,126.3566252,337968.0
KDELR1,up,8.6929254e-06,0.005889457,27.2790299,10945.0
FAM117A,down,9.3664609e-06,0.005950633,11.6024435,81558.0
CIB2,up,9.4201981e-06,0.005950633,7.2630395,10518.0
DAD1,up,9.6615445e-06,0.005950633,3.7990596,1603.0
RPL7A,up,1.04478326e-05,0.006245653,17.1511808,6130.0
IGIP,up,1.10334391e-05,0.006373321,2.7892592,492311.0
IL18BP,up,1.14098166e-05,0.006373321,13.5228969,10068.0
TMEM47,up,1.1602109e-05,0.006373321,5.6067085,83604.0
ARPC3,up,1.2922464e-05,0.006646652,17.2123276,10094.0
ERH,up,1.2987654e-05,0.006646652,11.5484794,2079.0
RGPD8,up,1.32212355e-05,0.006646652,4.7627301,727851.0
STEAP2,up,1.37179738e-05,0.006646652,5.7628222,261729.0
UNG,up,1.37347785e-05,0.006646652,8.8564734,7374.0
LEPREL1,up,1.4895484e-05,0.007040714,3.4243153,55214.0
EIF1,up,1.53118164e-05,0.007059881,3.4707345,10209.0
RBM12B,up,1.56307337e-05,0.007059881,10.5555145,389677.0
METTL10,up,1.60435071e-05,0.007088789,3.9956069,399818.0
PABPC4,up,1.72204692e-05,0.007093208,5.1939995,8761.0
TMEM91,up,1.72559585e-05,0.007093208,2.3406326,641649.0
EIF4E3,up,1.74992401e-05,0.007093208,4.1554933,317649.0
MGST3,up,1.75802546e-05,0.007093208,10.019586,4259.0
ZNF391,up,1.84340404e-05,0.007093208,2.4526473,346157.0
C8orf58,up,1.85149135e-05,0.007093208,6.6799075,541565.0
ACTR2,down,1.86899173e-05,0.007093208,6.8854705,10097.0
LY96,up,1.91288386e-05,0.007093208,5.86743,23643.0
GSG1L,down,1.91944134e-05,0.007093208,2.6159816,146395.0
GLI3,up,1.99560058e-05,0.007242961,7.862212,2737.0
GAB3,up,2.07573987e-05,0.007401651,31.9936939,139716.0
RPL39,up,2.22784956e-05,0.007570017,20.9872733,6170.0
NT5DC2,up,2.24986933e-05,0.007570017,3.8508829,64943.0
RPL9,up,2.25768956e-05,0.007570017,6.1984292,6133.0
EXOSC2,up,2.27978962e-05,0.007570017,5.4654552,23404.0
TOR1AIP1,up,2.32467528e-05,0.007570017,3.4927329,26092.0
LIMS3L,up,2.34642597e-05,0.007570017,5.3339219,100288695.0
CUTA,up,2.39664402e-05,0.007611217,5.5495766,51596.0
AXL,up,2.47478949e-05,0.007616007,5.512382,558.0
TMEM176B,up,2.48224978e-05,0.007616007,11.2410134,28959.0
PHF5A,up,2.53408232e-05,0.007616007,6.7465031,84844.0
NIPA1,up,2.5480367e-05,0.007616007,3.7065489,123606.0
COPS4,up,2.64300459e-05,0.007667464,2.1261288,51138.0
ARL13B,down,2.71878549e-05,0.007667464,4.5910998,200894.0
NRIP1,down,2.81826231e-05,0.007667464,4.9244058,8204.0
CACNA1S,up,2.83404148e-05,0.007667464,5.692381,779.0
SRSF7,up,2.88258538e-05,0.007667464,3.2013058,6432.0
ATXN2L,up,2.91845566e-05,0.007667464,6.0362505,11273.0
PTBP1,up,2.93312916e-05,0.007667464,8.1293246,5725.0
RPS8,up,2.93729135e-05,0.007667464,8.2518218,6202.0
TBC1D19,up,2.95111407e-05,0.007667464,3.7607993,55296.0
CD37,up,2.97219198e-05,0.007667464,5.0511585,951.0
FAM21B,up,2.98021973e-05,0.007667464,2.0332609,55747.0
ZNF281,down,3.01797702e-05,0.007667548,5.2624479,23528.0
KRTCAP2,up,3.10914961e-05,0.007688736,18.7793228,200185.0
RNF10,up,3.12094435e-05,0.007688736,6.604024,9921.0
CXCR2,up,3.13980354e-05,0.007688736,2.544679,3579.0
SORCS2,up,3.31561804e-05,0.007731504,4.796624,57537.0
RBP7,up,3.3793465e-05,0.007731504,5.9487897,116362.0
SLA2,up,3.39138121e-05,0.007731504,3.7170203,84174.0
RGS10,up,3.39529167e-05,0.007731504,16.4800034,6001.0
HGD,down,3.40098633e-05,0.007731504,76.0524947,3081.0
FEZ1,up,3.41765513e-05,0.007731504,4.1311088,9638.0
PEX26,down,3.45384712e-05,0.007731504,323.3320552,55670.0
RPLP2,up,3.57037602e-05,0.007731504,26.7129796,6181.0
SAE1,up,3.58033491e-05,0.007731504,2.6910148,10055.0
ZNF385C,up,3.60575643e-05,0.007731504,5.2941069,201181.0
C2orf69,down,3.62582941e-05,0.007731504,2.6052362,205327.0
ZNF673,up,3.65212465e-05,0.007731504,4.8156864,55634.0
PAOX,up,3.73720018e-05,0.007731504,6.642708,196743.0
CNBP,up,3.75045187e-05,0.007731504,4.521509,7555.0
DDX39B,up,3.84619719e-05,0.007731504,29.582964,7919.0
PRDX3,up,3.8570795e-05,0.007731504,19.9418,10935.0
JMJD1C,down,3.88307915e-05,0.007731504,3.9342372,221037.0
MTHFD1L,down,3.94847797e-05,0.007731504,73.8938897,25902.0
GNG3,up,3.95798278e-05,0.007731504,20.7943829,2785.0
GPD1,up,3.9765799e-05,0.007731504,3.6078153,2819.0
HLA-DPA1,up,4.02269997e-05,0.007731504,23.152311,3113.0
FNBP1,down,4.04032081e-05,0.007731504,2.9160117,23048.0
KRTAP10-2,up,4.10825303e-05,0.007731504,3.5781652,386679.0
TM9SF1,up,4.17847228e-05,0.007791509,6.3558184,10548.0
USH1G,up,4.24313106e-05,0.007840149,3.8238186,124590.0
MFSD4,up,4.48201991e-05,0.008206942,4.7571111,148808.0
HTR2A,up,4.58574037e-05,0.008262911,4.6654612,3356.0
LRCH1,down,4.59389402e-05,0.008262911,27.8429532,23143.0
GPR161,up,4.71282362e-05,0.008333909,4.2034493,23432.0
RPL22L1,up,4.7971495e-05,0.008333909,17.9947635,200916.0
ANAPC16,up,4.81570508e-05,0.008333909,4.7773348,119504.0
SLC5A6,up,4.82586362e-05,0.008333909,6.3893659,8884.0
NTRK2,down,4.84223838e-05,0.008333909,3.2648122,4915.0
MAP2K5,up,4.90434017e-05,0.008333909,4.8945024,5607.0
SSR3,up,4.92038907e-05,0.008333909,3.2034903,6747.0
SCIN,up,5.01158486e-05,0.008402509,6.6403194,85477.0
FLJ44635,up,5.08402771e-05,0.008402509,18.4125176,392490.0
ATG2A,up,5.16982389e-05,0.008402509,8.2631775,23130.0
GRAMD1A,up,5.22889726e-05,0.008402509,18.560876,57655.0
UBASH3A,down,5.25553152e-05,0.008402509,167.1840996,53347.0
LIMS1,down,5.25992756e-05,0.008402509,5.097418,3987.0
FJX1,up,5.26534428e-05,0.008402509,7.22211,24147.0
ALOX15B,up,5.31332962e-05,0.008402509,14.1996523,247.0
PKP4,up,5.33295761e-05,0.008402509,3.9342083,8502.0
CASP5,down,5.49591752e-05,0.008457925,5.8100428,838.0
BEAN1,up,5.50461079e-05,0.008457925,3.26243,146227.0
CLEC4A,up,5.5122293e-05,0.008457925,4.064977,50856.0
PCDHB3,up,5.70920103e-05,0.008457925,3.9880896,56132.0
TSPAN17,down,5.74349431e-05,0.008457925,2.652472,26262.0
MKNK2,up,5.75759943e-05,0.008457925,6.9738419,2872.0
SEPW1,up,5.80302231e-05,0.008457925,6.6513983,6415.0
MARCH6,down,5.87975091e-05,0.008457925,4.3678035,10299.0
ZXDA,up,5.98847339e-05,0.008457925,11.5381179,7789.0
FAM208B,down,5.99608286e-05,0.008457925,4.5206884,54906.0
C11orf10,up,6.01932455e-05,0.008457925,2.0215642,746.0
RFC3,up,6.04540447e-05,0.008457925,2.8281803,5983.0
ABCC5,up,6.09785083e-05,0.008457925,19.7078146,10057.0
CELF2,down,6.09961848e-05,0.008457925,8.1807478,10659.0
EMR2,up,6.22354053e-05,0.008457925,2.4793712,30817.0
RPL39L,up,6.24022163e-05,0.008457925,7.522558,116832.0
CD209,down,6.24307702e-05,0.008457925,3.9312185,30835.0
RGR,down,6.25262985e-05,0.008457925,125.4020683,5995.0
SLC47A2,down,6.27621678e-05,0.008457925,3.0797584,146802.0
SECTM1,up,6.31128705e-05,0.008457925,11.4541119,6398.0
PCBP2,up,6.3114444e-05,0.008457925,7.0722243,5094.0
AP2A1,up,6.34596042e-05,0.008457925,15.4385216,160.0
TMEM235,up,6.40306739e-05,0.008457925,4.4177431,283999.0
NANS,down,6.42468605e-05,0.008457925,4.2371695,54187.0
TPT1,up,6.51367317e-05,0.008457925,9.3833083,7178.0
RPL37A,up,6.51930695e-05,0.008457925,2.9279373,6168.0
MOCS2,up,6.53011657e-05,0.008457925,21.0521577,4338.0
KRTAP10-7,up,6.54801987e-05,0.008457925,2.4837738,386675.0
ADAM8,up,6.57491796e-05,0.008457925,3.1960006,101.0
NEU2,up,6.7121037e-05,0.00847263,6.0774857,4759.0
ROBO1,down,6.71866156e-05,0.00847263,2.3924001,6091.0
GOLGA8A,up,6.72523796e-05,0.00847263,2.862834,23015.0
KEL,up,6.75309228e-05,0.00847263,4.913382,3792.0
SEC61B,up,6.81976197e-05,0.008503783,12.469667,10952.0
SLC2A9,up,6.88317294e-05,0.008525511,4.6492975,56606.0
MEPCE,up,6.92107924e-05,0.008525511,8.1003868,56257.0
KRT80,up,7.07438979e-05,0.008588561,3.6570314,144501.0
LTF,up,7.11955942e-05,0.008588561,2.2895225,4057.0
NGRN,up,7.22838045e-05,0.008588561,3.6336391,51335.0
ATP8B2,up,7.2318755e-05,0.008588561,40.7120802,57198.0
S100A4,up,7.25892093e-05,0.008588561,11.2920981,6275.0
DGCR8,up,7.26805635e-05,0.008588561,3.2749321,54487.0
MAP3K3,down,7.31535544e-05,0.008594486,7.112814,4215.0
PCED1B,up,7.54047707e-05,0.008640759,6.4394894,91523.0
KCNS3,up,7.60405325e-05,0.008640759,2.160298,3790.0
POM121L12,down,7.67889767e-05,0.008640759,220.9735425,285877.0
APH1B,up,7.68270066e-05,0.008640759,9.4565759,83464.0
MRPS23,up,7.7621467e-05,0.008640759,7.8669459,51649.0
RPS6,down,7.77907292e-05,0.008640759,2.2741845,6194.0
MRFAP1,up,7.8239242e-05,0.008640759,37.6879417,93621.0
GRM8,up,7.85888881e-05,0.008640759,4.2383804,2918.0
ISYNA1,up,7.89428447e-05,0.008640759,7.5211413,51477.0
ARMCX1,up,7.91661895e-05,0.008640759,2.5718857,51309.0
ABCC6,up,7.93159441e-05,0.008640759,6.094039,368.0
AMICA1,up,7.94992323e-05,0.008640759,6.9409367,120425.0
SH3TC2,up,8.10970143e-05,0.008767536,5.4955134,79628.0
TMSB15A,up,8.23336109e-05,0.008810231,3.7422006,11013.0
SPOCD1,down,8.23588613e-05,0.008810231,8.7948583,90853.0
NRXN3,down,8.29449066e-05,0.008824526,4.0325756,9369.0
ZXDB,up,8.33608405e-05,0.008824526,3.8965568,158586.0
CAMKK2,up,8.44142985e-05,0.0088729,4.460359,10645.0
S1PR3,up,8.46908997e-05,0.0088729,15.4930534,1903.0
LZTFL1,up,8.5172823e-05,0.008877629,12.5411039,54585.0
CCL15,up,8.69794667e-05,0.008992091,10.3555877,6359.0
TSEN54,up,8.79880403e-05,0.008992091,22.2648677,283989.0
PDDC1,up,8.80406477e-05,0.008992091,5.28213,347862.0
VASH2,down,8.86656049e-05,0.009010642,9.9999377,79805.0
BIRC2,up,8.95333955e-05,0.009041378,5.707115,329.0
KLK3,down,8.98577305e-05,0.009041378,4.3568436,354.0
IL1F10,up,9.15692568e-05,0.009168203,11.945062,84639.0
DACH1,up,9.29237556e-05,0.009208711,2.3557174,1602.0
SLC50A1,up,9.29307954e-05,0.009208711,9.4725904,55974.0
AKAP17A,up,9.33330582e-05,0.009208711,3.448924,8227.0
F3,up,9.41785915e-05,0.00921979,13.0792049,2152.0
UGCG,down,9.57619056e-05,0.009244351,12.9660925,7357.0
WWTR1,up,9.64487804e-05,0.009244351,2.7405764,25937.0
AANAT,down,9.65789954e-05,0.009244351,94.4003999,15.0
SHBG,up,9.67107217e-05,0.009244351,11.6384151,6462.0
PIAS3,up,9.68780696e-05,0.009244351,7.1732412,10401.0
FBXO38,up,9.79669861e-05,0.009279284,6.1208753,81545.0
HNRNPH3,down,9.81572504e-05,0.009279284,5.2172877,3189.0
RBM15,up,9.94456602e-05,0.00935756,5.8409944,64783.0
CDC42,up,9.99876548e-05,0.009365203,8.5507439,998.0
EID1,up,0.0001005424549,0.00937397,14.9368038,23741.0
RSPO3,down,0.0001010289107,0.009376313,4.6924763,84870.0
ARHGAP24,up,0.0001019921732,0.009422686,4.1161539,83478.0
SCN2B,up,0.0001040144923,0.009566039,14.9548783,6327.0
FXN,down,0.0001059615503,0.009649965,2.8496349,2395.0
EEF1B2,up,0.0001084237758,0.009649965,5.240531,1933.0
RAB3IP,up,0.0001084358051,0.009649965,10.65211,117177.0
CABS1,up,0.0001091875226,0.009649965,6.183542,85438.0
VARS,up,0.0001092560938,0.009649965,6.5317625,7407.0
ZKSCAN1,down,0.0001099244704,0.009649965,2.4610685,7586.0
YARS2,down,0.0001102061608,0.009649965,12.9862535,51067.0
CD1E,up,0.0001121479612,0.009649965,7.8637998,913.0
FAM65A,down,0.0001123203538,0.009649965,2.4005925,79567.0
KLF7,down,0.0001123653479,0.009649965,6.5111737,8609.0
YAF2,down,0.0001135604057,0.009649965,79.1128789,10138.0
CLEC10A,up,0.000115039084,0.009649965,5.7557442,10462.0
ISCU,up,0.0001152722052,0.009649965,2.8423834,23479.0
FOXA3,up,0.0001160236052,0.009649965,4.8765013,3171.0
NRN1,up,0.0001161058475,0.009649965,22.7234896,51299.0
NR1I3,up,0.0001161597968,0.009649965,3.9736233,9970.0
SPESP1,up,0.0001161737268,0.009649965,4.2044158,246777.0
TTC34,up,0.0001171252001,0.009649965,2.1264493,100287898.0
HOXA9,up,0.0001175328247,0.009649965,2.7135531,3205.0
MOAP1,up,0.000118577275,0.009649965,4.8980726,64112.0
TACR1,up,0.0001187264263,0.009649965,5.735379,6869.0
INPP5E,up,0.0001188165128,0.009649965,10.4640759,56623.0
ANXA11,up,0.0001192332732,0.009649965,4.0859631,311.0
ATP5E,up,0.0001199947602,0.009649965,19.217703,514.0
HNRNPM,down,0.0001207150541,0.009649965,2.9120991,4670.0
RESP18,up,0.0001209210187,0.009649965,3.0367028,389075.0
RPS16,up,0.0001228718897,0.009649965,11.8592059,6217.0
COMMD6,up,0.0001231650626,0.009649965,4.0189287,170622.0
PPIC,up,0.0001232270296,0.009649965,3.6756031,5480.0
CAMK2G,up,0.0001235039518,0.009649965,14.1093918,818.0
ACE,up,0.0001239756644,0.009649965,3.038885,1636.0
ZNF721,down,0.0001244643242,0.009649965,3.2281091,170960.0
KIF21A,down,0.0001249895261,0.009649965,10.4832531,55605.0
SALL4,down,0.0001253027955,0.009649965,52.2976784,57167.0
SMARCAL1,up,0.0001257390695,0.009649965,7.8214667,50485.0
FOXS1,up,0.0001259187589,0.009649965,6.5230258,2307.0
ILF3,up,0.0001260052287,0.009649965,21.9337796,3609.0
SAMD13,up,0.0001264819806,0.009649965,4.2398418,148418.0
TMEM218,up,0.0001270119634,0.009649965,3.8319215,219854.0
ADHFE1,up,0.0001272163909,0.009649965,15.2383554,137872.0
RETN,up,0.0001272692486,0.009649965,4.8658932,56729.0
PSMB5,up,0.0001275546147,0.009649965,11.8711876,5693.0
RPS5,up,0.0001279894632,0.009649965,2.6249489,6193.0
C3orf33,up,0.0001289365898,0.009649965,3.0470502,285315.0
ODF3B,down,0.0001293084512,0.009649965,2.6424132,440836.0
LALBA,up,0.0001299274787,0.009649965,3.6078054,3906.0
SLC35D1,up,0.0001302244032,0.009649965,10.7077528,23169.0
CHD5,up,0.0001304410846,0.009649965,4.4835029,26038.0
P2RX6,up,0.0001304898282,0.009649965,2.4281004,9127.0
CLSTN3,down,0.0001308626282,0.009649965,3.0840086,9746.0
TBC1D7,up,0.0001312493592,0.009649965,6.3839127,51256.0
PATZ1,up,0.0001326738577,0.009649965,4.1188883,23598.0
SERF1B,down,0.0001327624722,0.009649965,3.7757214,728492.0
NFKB2,up,0.0001329522034,0.009649965,10.839122,4791.0
H2AFV,up,0.0001330023884,0.009649965,3.4138543,94239.0
TSPAN13,up,0.0001330265794,0.009649965,6.8332436,27075.0
KIAA1456,up,0.0001330594776,0.009649965,74.4839735,57604.0
TELO2,up,0.0001334140349,0.009649965,6.8183157,9894.0
SNX7,up,0.0001339025546,0.009650955,3.476216,51375.0
C15orf57,up,0.0001349294931,0.009658359,5.1950398,90416.0
DNAJB11,down,0.0001352620813,0.009658359,2.2543966,51726.0
EPB49,up,0.0001363858917,0.009692459,5.4193305,2039.0
BTN3A1,up,0.0001382169301,0.009788359,4.9284719,11119.0
RAI14,up,0.0001394293536,0.009839936,2.7820944,26064.0
MANEAL,down,0.0001411145238,0.009896025,24.9100648,149175.0
RPL14,up,0.0001416847842,0.009896025,32.9597258,9045.0
IL2RG,up,0.0001435771363,0.009901192,11.4948054,3561.0
CCR2,up,0.0001438460675,0.009901192,6.098694,729230.0
SCRIB,up,0.0001443643492,0.009901192,5.3976697,23513.0
MCEE,up,0.0001453280674,0.009901192,11.4162743,84693.0
BMP3,up,0.0001453440545,0.009901192,27.7067899,651.0
KANSL2,up,0.0001454372514,0.009901192,8.7219708,54934.0
SPHAR,up,0.0001456058772,0.009901192,4.3169558,10638.0
PDLIM1,up,0.0001457668892,0.009901192,4.6175135,9124.0
FOXN1,up,0.0001467442234,0.009901192,3.913334,8456.0
MAGEE1,up,0.0001472000013,0.009901192,5.6617459,57692.0
RTN1,up,0.0001473266975,0.009901192,10.9282183,6252.0
TMEM230,up,0.0001479728973,0.009901192,5.0484896,29058.0
FAM63B,down,0.0001485358611,0.009901192,11.7771931,54629.0
DNMBP,up,0.0001485787775,0.009901192,18.0393323,23268.0
TEX264,up,0.0001516737413,0.009999072,6.9345707,51368.0
ZP3,up,0.0001518755279,0.009999072,4.0959256,7784.0
AGFG1,up,0.0001528279193,0.009999072,8.2228452,3267.0
SH3RF3,up,0.0001529993265,0.009999072,27.2256156,344558.0
COX7A2,up,0.0001542595475,0.01004912,5.2595241,1347.0
C14orf80,down,0.0001558227924,0.010089153,134.6249439,283643.0
PPIL2,up,0.0001571333731,0.010089153,2.80535,23759.0
WFS1,up,0.0001571975061,0.010089153,5.5667309,7466.0
SEMA4A,up,0.0001572588974,0.010089153,4.3071106,64218.0
MAGEC3,up,0.0001576805755,0.010089153,6.7144764,139081.0
SRPX2,down,0.0001581211202,0.010089153,3.4396602,27286.0
ZFX,down,0.0001586445049,0.010089153,2.1832177,7543.0
IAH1,up,0.0001588452114,0.010089153,4.5573265,285148.0
WDR81,up,0.0001608588354,0.010156075,3.3154169,124997.0
PAIP1,up,0.0001608982084,0.010156075,6.0943941,10605.0
COLEC10,down,0.0001619094173,0.010188263,3.7192564,10584.0
KDM1B,up,0.0001635277042,0.010258335,23.2265311,221656.0
ABL2,down,0.000164702374,0.010300233,6.4704351,27.0
FAM83G,down,0.0001654732694,0.0103167,11.5207258,644815.0
TEPP,up,0.0001669547945,0.010354773,4.3396439,374739.0
RAE1,up,0.0001678354768,0.010354773,16.9980385,8480.0
TH,up,0.0001678626466,0.010354773,5.3117541,7054.0
PLSCR3,up,0.0001685440816,0.010354773,11.1382808,57048.0
CREBRF,down,0.0001692441327,0.010354773,7.54843,153222.0
SPINK4,up,0.0001694428485,0.010354773,3.2420002,27290.0
C17orf99,down,0.0001698338135,0.010354773,2.0609462,100141515.0
BIN1,up,0.0001701596224,0.010354773,5.8236945,274.0
SRSF6,up,0.0001719561583,0.010374729,2.7376316,6431.0
FGA,up,0.0001721915182,0.010374729,7.9969881,2243.0
PIGV,up,0.0001729124862,0.010374729,16.17022,55650.0
SH2B2,up,0.000173084141,0.010374729,8.6302975,10603.0
CGRRF1,up,0.0001735502076,0.010374729,4.606947,10668.0
SLC22A1,up,0.000174443186,0.01039753,43.4985026,6580.0
TMEM216,up,0.0001755245046,0.010431391,3.7538056,51259.0
IDH3B,up,0.0001762080654,0.010441484,2.4968518,3420.0
SENP8,up,0.0001803577494,0.010639614,4.4949816,123228.0
HIST1H2AC,up,0.0001813238886,0.010639614,17.4886667,8334.0
PGAP2,up,0.0001820114354,0.010639614,3.7321991,27315.0
GNLY,up,0.0001821690327,0.010639614,3.9174119,10578.0
SAPCD2,up,0.0001845968246,0.010742913,10.4758398,89958.0
RAB34,up,0.0001849948043,0.010742913,12.3495971,83871.0
NEIL2,down,0.0001861178752,0.010777338,3.8320879,252969.0
GNAS,up,0.0001866485858,0.010777365,2.4722001,2778.0
PAMR1,up,0.0001898094709,0.010848522,3.9277325,25891.0
FAM110B,down,0.0001906463977,0.010848522,78.1235535,90362.0
CD99,up,0.0001918499017,0.010848522,14.2417073,4267.0
C12orf74,down,0.0001921349161,0.010848522,6.0493444,338809.0
FAM86C1,up,0.0001923768661,0.010848522,4.9104469,55199.0
ART4,up,0.0001934183557,0.010848522,7.1816541,420.0
SLC38A6,up,0.0001939634639,0.010848522,3.6043859,145389.0
YBX2,up,0.0001943979531,0.010848522,3.3378358,51087.0
SLC10A3,up,0.00019451836,0.010848522,2.0602697,8273.0
TAF6,up,0.0001949220656,0.010848522,9.6619597,6878.0
ACADL,up,0.0001950428745,0.010848522,2.6333861,33.0
CCL23,up,0.0001969184931,0.010848522,16.8970556,6368.0
TMBIM4,up,0.0001974378853,0.010848522,9.0111194,51643.0
C7orf26,up,0.0001979183732,0.010848522,4.6407164,79034.0
SEMA4D,up,0.0001981353809,0.010848522,3.6921658,10507.0
IL17RE,up,0.0001989665232,0.010848522,4.1642017,132014.0
MAP4,down,0.0001989692925,0.010848522,37.1047505,4134.0
HLA-F,down,0.0001992706875,0.010848522,72.7192963,3134.0
TACC1,down,0.0002005258686,0.010848522,5.131537,6867.0
TAF1L,up,0.0002007559476,0.010848522,3.1867375,138474.0
CDK5RAP3,down,0.0002007792041,0.010848522,5.0595735,80279.0
NUDT6,up,0.0002016036047,0.010848522,5.832352,11162.0
CACYBP,up,0.0002018644733,0.010848522,3.4517414,27101.0
MRPL47,up,0.0002023405834,0.010848522,15.3813863,57129.0
TMEM248,up,0.0002033031378,0.010848522,5.1876878,55069.0
SPP1,down,0.000203388453,0.010848522,11.7100408,6696.0
PEX19,up,0.0002038596574,0.010848522,3.2328967,5824.0
SYDE1,down,0.0002040103875,0.010848522,2.1553702,85360.0
BMP4,up,0.0002051606937,0.010848522,4.3885723,652.0
CD52,up,0.0002053815099,0.010848522,7.5790164,1043.0
TMEM35,up,0.000205928135,0.010848522,7.9035354,59353.0
ZNF232,up,0.0002060283982,0.010848522,3.0621412,7775.0
TMEM14C,up,0.0002060285026,0.010848522,2.2742607,51522.0
GPRASP2,up,0.0002066203964,0.010851575,5.2504849,114928.0
CHRNA7,up,0.0002081424328,0.010903337,3.9425077,1139.0
STC2,up,0.0002101425576,0.010969378,5.7931082,8614.0
TREM2,up,0.0002104825391,0.010969378,6.8381933,54209.0
KDM4C,up,0.0002123350407,0.011011864,5.9395997,23081.0
GATAD2B,down,0.0002123813435,0.011011864,2.7618356,57459.0
CDCA7L,up,0.0002138815983,0.011061434,20.5506241,55536.0
MIF4GD,up,0.0002152213513,0.011102472,4.4093193,57409.0
RPS18,up,0.0002179314533,0.011123687,18.8204254,6222.0
MYBPHL,down,0.0002180571979,0.011123687,10.7508863,343263.0
SEC61A2,up,0.0002180585275,0.011123687,3.9595267,55176.0
REM1,up,0.0002183269777,0.011123687,3.1473452,28954.0
NDNL2,up,0.0002197579579,0.011123687,3.334687,56160.0
BANF1,up,0.0002199059114,0.011123687,11.8287124,8815.0
AGAP3,up,0.0002201919645,0.011123687,6.7952144,116988.0
DUSP15,up,0.0002209119938,0.011123687,4.3858601,128853.0
RPL22,up,0.0002211123265,0.011123687,63.6053597,6146.0
TAF5L,down,0.0002215772569,0.011123687,3.7710019,27097.0
GPR6,up,0.0002220471045,0.011123687,3.2029614,2830.0
IGFL2,up,0.0002228803543,0.011123687,2.9920775,147920.0
CCDC19,up,0.0002231784039,0.011123687,2.8447715,25790.0
APEX1,up,0.0002232946799,0.011123687,2.1525108,328.0
RPS12,down,0.0002240020962,0.011131568,2.2684117,6206.0
SLC38A3,up,0.0002245482282,0.011131568,3.3523779,10991.0
ARMC10,up,0.0002254768753,0.011150408,2.2037675,83787.0
VAMP1,up,0.0002285496006,0.011263068,14.0557481,6843.0
FAM82B,up,0.0002291633329,0.011263068,6.3663283,51115.0
SCN8A,down,0.0002318480554,0.011292812,3.0542559,6334.0
RTN4,up,0.0002320991259,0.011292812,3.3148461,57142.0
RASGRP4,up,0.0002325384268,0.011292812,3.1900361,115727.0
CACNA1C,up,0.0002327112638,0.011292812,3.7559512,775.0
GPNMB,up,0.0002345003257,0.011292812,3.2261318,10457.0
PRKRA,up,0.000234928939,0.011292812,4.1749881,8575.0
NFAT5,down,0.0002354030803,0.011292812,3.3890924,10725.0
SMYD5,up,0.000235468595,0.011292812,4.1159277,10322.0
SLC38A7,up,0.000235483254,0.011292812,7.6147531,55238.0
EDDM3B,up,0.0002355794531,0.011292812,7.1705774,64184.0
C3orf20,up,0.0002383287971,0.011369822,4.6873015,84077.0
GPR182,down,0.0002383342462,0.011369822,3.854417,11318.0
FAM98C,up,0.0002393109833,0.011369822,4.1258171,147965.0
RNF217,up,0.0002394235499,0.011369822,3.3969667,154214.0
ADRA1D,up,0.0002403271714,0.011384056,7.7258753,146.0
EMD,up,0.0002411766159,0.011384056,13.9877751,2010.0
PIM3,up,0.0002415029867,0.011384056,7.6529874,415116.0
TRIM55,up,0.0002419636891,0.011384056,6.4933773,84675.0
WNK2,up,0.0002440292252,0.01140554,5.8381725,65268.0
NDUFAB1,up,0.0002443842764,0.01140554,8.3343953,4706.0
S1PR1,up,0.0002446649748,0.01140554,6.6720523,1901.0
TUSC1,up,0.000245751083,0.011429956,4.097425,286319.0
KCNMB3,up,0.0002467267868,0.011449137,3.5612853,27094.0
APH1A,down,0.0002478589503,0.011473938,13.4628163,51107.0
CBLL1,up,0.0002483902881,0.011473938,7.3078374,79872.0
TMEM14B,up,0.0002504783293,0.011525562,2.5524476,81853.0
MAB21L1,up,0.0002506419836,0.011525562,27.7746893,4081.0
PEX11B,up,0.000251650654,0.011545823,8.6014638,8799.0
MAGEA10,down,0.0002530488116,0.011564303,6.5186675,4109.0
PPM1A,up,0.0002532759576,0.011564303,5.5196276,5494.0
DRAM2,up,0.0002539884132,0.011564303,9.380926,128338.0
MCMDC2,up,0.0002567276653,0.011612785,3.5575412,157777.0
SLC38A10,up,0.0002571096205,0.011612785,2.775264,124565.0
MBIP,up,0.0002586642445,0.011626958,6.6590029,51562.0
CD33,up,0.0002595919427,0.011626958,38.1263857,945.0
ETNK1,up,0.0002598634569,0.011626958,2.2053434,55500.0
NEUROD2,down,0.000260263917,0.011626958,40.0616055,4761.0
FGD2,up,0.0002602836939,0.011626958,18.8646984,221472.0
MEF2C,down,0.0002630938223,0.011652851,4.5732366,4208.0
MSC,up,0.0002642550228,0.011652851,3.0838277,9242.0
RARRES3,up,0.0002645819696,0.011652851,6.5732242,5920.0
PLCE1,up,0.0002647131195,0.011652851,2.1571347,51196.0
SDF2L1,down,0.0002656057894,0.011652851,3.2558581,23753.0
BANP,up,0.0002659413688,0.011652851,3.8753773,54971.0
AKR1B1,up,0.0002671082741,0.011652851,3.5292179,231.0
C2orf76,up,0.0002672794079,0.011652851,7.5732866,130355.0
VPS72,up,0.0002673524741,0.011652851,3.7016727,6944.0
ALDOB,up,0.0002678776983,0.011652851,11.2193685,229.0
MRPL43,up,0.0002683165732,0.011652851,2.6155216,84545.0
NFU1,up,0.0002696020319,0.011663983,3.8131131,27247.0
IZUMO4,down,0.000270494769,0.011663983,2.1059011,113177.0
CACFD1,down,0.0002707887858,0.011663983,8.3584189,11094.0
KCNIP2,up,0.0002718498926,0.011663983,4.8797596,30819.0
ZMAT4,down,0.0002718614311,0.011663983,365.9546499,79698.0
OPALIN,up,0.0002720161378,0.011663983,6.0624427,93377.0
OR1D5,up,0.0002729249651,0.011678316,4.5816362,8386.0
ATPAF1,down,0.0002740733373,0.011691348,13.2879668,64756.0
NRD1,up,0.0002753579876,0.011691348,2.1444399,4898.0
RNF208,up,0.0002759914705,0.011691348,6.0625371,727800.0
NDOR1,up,0.0002763131548,0.011691348,2.4925961,27158.0
SEC63,down,0.000276815049,0.011691348,4.5758095,11231.0
ARL17B,up,0.0002778547863,0.011691348,3.7452742,100506084.0
EARS2,up,0.0002785096271,0.011691348,5.6486532,124454.0
NFATC4,down,0.0002785529709,0.011691348,5.2463686,4776.0
MMP10,up,0.0002801026359,0.011691348,7.7499133,4319.0
ZFP64,up,0.0002805141123,0.011691348,3.751317,55734.0
CCL21,up,0.0002810334356,0.011691348,8.6969711,6366.0
AGL,up,0.0002815581835,0.011691348,5.8617838,178.0
HEATR2,up,0.000281905418,0.011691348,4.6407345,54919.0
MYOF,down,0.0002821404132,0.011691348,3.0928728,26509.0
C5orf25,up,0.0002824431002,0.011691348,3.4874558,375484.0
CASP8,up,0.0002826150177,0.011691348,5.9769953,841.0
LAT,up,0.0002838875291,0.011691348,2.2028216,27040.0
FGF17,down,0.0002862507256,0.011691348,230.4300141,8822.0
PLEKHG1,up,0.0002872554483,0.011691348,3.5276579,57480.0
IL15,up,0.0002873575123,0.011691348,9.0898232,3600.0
EMID1,up,0.0002877619392,0.011691348,9.9198202,129080.0
SF3A1,up,0.0002885047707,0.011691348,2.2118499,10291.0
ERVMER34-1,up,0.0002890588229,0.011691348,8.6669591,100288413.0
IL32,up,0.0002901936316,0.011691348,17.6404962,9235.0
HCST,up,0.0002918124643,0.011691348,7.5718848,10870.0
PYROXD2,down,0.00029202679,0.011691348,72.6456245,84795.0
DCAF5,down,0.0002925721512,0.011691348,2.8227486,8816.0
MYLK2,down,0.0002926819029,0.011691348,109.4119772,85366.0
IGFLR1,up,0.0002928615357,0.011691348,4.5176363,79713.0
ERAP1,up,0.0002941278953,0.011691348,3.4109311,51752.0
C18orf8,up,0.0002944863446,0.011691348,4.8237362,29919.0
ELAVL4,up,0.0002945410853,0.011691348,7.8354772,1996.0
PARP2,down,0.0002945419213,0.011691348,8.2702503,10038.0
GABARAPL1,up,0.0002952813413,0.011691348,5.7567221,23710.0
FAXC,up,0.0002956327668,0.011691348,4.7848249,84553.0
ANKAR,up,0.0002957586742,0.011691348,3.2703768,150709.0
TXNDC12,up,0.0002962383311,0.011691348,2.9279429,51060.0
APCDD1,up,0.000297145595,0.011704427,5.9430546,147495.0
MUL1,up,0.0002985308952,0.011717649,6.1364898,79594.0
HMGN1,down,0.0002986343001,0.011717649,11.2284042,3150.0
ZNF580,up,0.0002992392648,0.011718763,8.2430295,51157.0
CDHR5,up,0.000300050717,0.011727944,5.0710336,53841.0
BBS1,up,0.0003027060161,0.011809021,3.397608,582.0
LAMP2,up,0.0003034705028,0.011816165,4.6411693,3920.0
CHPT1,up,0.0003091706817,0.011945802,2.5936767,56994.0
PURA,down,0.0003095940207,0.011945802,18.8297695,5813.0
GFRA4,down,0.0003101227167,0.011945802,8.5925202,64096.0
VCAM1,up,0.0003121069483,0.011945802,12.1583145,7412.0
N6AMT2,up,0.0003123942604,0.011945802,9.2727965,221143.0
SCMH1,down,0.0003125920903,0.011945802,3.8868469,22955.0
BTF3L4,up,0.0003129764748,0.011945802,3.8830762,91408.0
AGPAT2,up,0.0003130404176,0.011945802,3.129722,10555.0
MATK,up,0.0003131692355,0.011945802,8.6744182,4145.0
FAM110D,up,0.0003142456048,0.011945802,5.3121977,79927.0
RC3H2,down,0.0003148708259,0.011945802,2.475678,54542.0
EPHX1,up,0.0003155028087,0.011945802,21.4821939,2052.0
SPEN,down,0.0003170198884,0.011945802,4.324973,23013.0
EEF1D,up,0.000318818257,0.011945802,18.5038623,1936.0
NEURL,up,0.0003188375906,0.011945802,5.4431042,9148.0
LMNA,down,0.0003190419135,0.011945802,4.4925732,4000.0
DCUN1D5,up,0.000319620272,0.011945802,2.8203975,84259.0
DPAGT1,up,0.0003199904388,0.011945802,11.7873423,1798.0
NXF1,up,0.0003200191364,0.011945802,2.5634903,10482.0
SAP18,up,0.0003201110038,0.011945802,8.0488874,10284.0
CCDC115,up,0.0003201124415,0.011945802,13.0374809,84317.0
CYFIP2,down,0.0003208949876,0.011945802,8.1696764,26999.0
SLC6A8,up,0.0003209056875,0.011945802,26.6832089,6535.0
ZBTB5,up,0.0003246473986,0.012062995,8.8435887,9925.0
NOL6,up,0.0003267642294,0.012119494,3.8265523,65083.0
ESYT3,up,0.0003283259282,0.012128806,2.7040794,83850.0
FAM111B,down,0.0003288055255,0.012128806,2.6924861,374393.0
AGAP6,up,0.0003309764962,0.012135201,14.3778179,414189.0
ACSL5,up,0.0003310525451,0.012135201,11.8123543,51703.0
TMEM222,up,0.0003312158735,0.012135201,7.4074994,84065.0
DNAJB12,up,0.0003313671162,0.012135201,5.6968094,54788.0
PCDHB13,up,0.0003322432165,0.012145402,6.4679562,56123.0
SCN1B,up,0.0003340584872,0.012189836,4.3770078,6324.0
PLA2G16,up,0.0003385371085,0.012299046,3.1580452,11145.0
ABCB8,up,0.0003388260917,0.012299046,6.7276614,11194.0
PSMG4,up,0.0003395392153,0.012299046,4.8103044,389362.0
CYB561D1,up,0.0003399816164,0.012299046,3.0614338,284613.0
PON3,up,0.0003410397509,0.012299046,3.6678542,5446.0
CLK3,down,0.0003419667678,0.012299046,3.9650376,1198.0
RGMA,down,0.0003421187446,0.012299046,4.4511178,56963.0
TMEM133,up,0.0003429900436,0.012299046,4.0427173,83935.0
CYP2D6,up,0.0003434664335,0.012299046,3.7333903,1565.0
PPIA,up,0.0003435836472,0.012299046,21.07478,5478.0
PLAT,down,0.0003437076474,0.012299046,3.6346681,5327.0
ENSA,down,0.0003455882406,0.012344606,4.4384447,2029.0
MPP2,up,0.0003467896247,0.012365788,4.1680558,4355.0
C20orf85,up,0.000351700824,0.012396028,13.3036991,128602.0
UBE2D4,up,0.0003520644809,0.012396028,5.96512,51619.0
SELK,down,0.0003522152527,0.012396028,3.3468734,58515.0
TMEM27,up,0.0003528094498,0.012396028,2.4556805,57393.0
C2orf54,down,0.0003530711723,0.012396028,2.7958206,79919.0
IRF2BPL,up,0.0003536545462,0.012396028,2.2241177,64207.0
MRPL33,up,0.0003543352796,0.012396028,2.0299448,9553.0
LCP2,up,0.000355523084,0.012396028,11.4689732,3937.0
HM13,up,0.0003560241425,0.012396028,4.1723177,81502.0
RBFOX2,down,0.0003566643095,0.012396028,64.7329718,23543.0
RPS29,up,0.000357001303,0.012396028,2.5623538,6235.0
CNPY4,up,0.0003578069508,0.012396028,7.7812475,245812.0
EHBP1L1,down,0.0003585199128,0.012396028,8.2818693,254102.0
BOLL,up,0.0003589161689,0.012396028,15.913408,66037.0
RHOT1,up,0.0003591505215,0.012396028,5.3566444,55288.0
MFF,up,0.0003592256028,0.012396028,3.1176761,56947.0
FABP4,up,0.0003620644183,0.01244653,5.3888164,2167.0
PNMA5,up,0.0003630436834,0.01244653,6.0483407,114824.0
TMED5,down,0.0003631386033,0.01244653,3.2375879,50999.0
SEC61G,up,0.0003649642397,0.012484654,9.117534,23480.0
C9orf50,down,0.0003654794117,0.012484654,4.6216796,375759.0
COQ4,down,0.0003668124179,0.012504172,45.4504498,51117.0
ASIC3,up,0.0003675895375,0.012504172,7.4009647,9311.0
INHBA,down,0.0003686812316,0.012504172,3.1602101,3624.0
TMEM211,up,0.0003697520589,0.012504172,3.1746152,255349.0
LPXN,up,0.0003697772369,0.012504172,5.1571276,9404.0
DUT,up,0.0003698073017,0.012504172,2.6126635,1854.0
MBD1,up,0.0003711306293,0.012504172,6.1410624,4152.0
SLC2A5,up,0.0003714085109,0.012504172,2.7157206,6518.0
SEMA6C,up,0.0003715876964,0.012504172,4.1434428,10500.0
PRR19,down,0.0003731021631,0.012511279,179.1355463,284338.0
HOXB7,up,0.000373120161,0.012511279,4.181755,3217.0
FBLN2,up,0.000373645585,0.012511279,6.0536045,2199.0
TMEM237,up,0.0003751094367,0.012539637,3.3637252,65062.0
KRTAP22-1,up,0.0003789260644,0.01263022,27.5293511,337979.0
CMTM4,up,0.000379061955,0.01263022,9.6268246,146223.0
ZACN,up,0.0003798103497,0.012634444,2.5576283,353174.0
C8orf46,down,0.0003823689599,0.012673585,3.1238879,254778.0
AADAC,up,0.0003828576284,0.012673585,13.01888,13.0
FLYWCH1,up,0.0003835705959,0.01267654,3.3049122,84256.0
ZMAT3,up,0.0003849631429,0.012701909,2.832811,64393.0
PCDHGB6,up,0.0003862202208,0.012722733,6.1540031,56100.0
ARF1,up,0.0003907142969,0.012807403,2.9228526,375.0
NKD1,up,0.0003907417831,0.012807403,4.2720573,85407.0
TMEM229A,up,0.0003913110467,0.012807403,4.7134392,730130.0
FXYD3,up,0.0003925912024,0.012809761,12.3816385,5349.0
C16orf13,up,0.0003926436101,0.012809761,3.2223239,84326.0
TMX2,up,0.0003937468675,0.012825168,5.074326,51075.0
MTO1,up,0.0003958071941,0.01287165,5.6620852,25821.0
C18orf21,up,0.000396877668,0.012873545,2.4465056,83608.0
ATP6AP1L,up,0.0003972456241,0.012873545,3.6132122,92270.0
PEX6,up,0.0003980311669,0.012873545,10.1295946,5190.0
MTERFD1,up,0.0003989206513,0.012873545,3.4518292,51001.0
TAF7,up,0.0003991649626,0.012873545,5.0613838,6879.0
CSPG4,up,0.0003996657796,0.012873545,5.0519646,1464.0
STOX2,down,0.0004004073655,0.012877025,256.2057422,56977.0
SPAG8,down,0.0004040441864,0.012947249,2.9595493,26206.0
KBTBD13,up,0.0004048316039,0.012947249,3.4825352,390594.0
DAGLA,up,0.0004054183347,0.012947249,5.554417,747.0
ANKS1A,down,0.0004056290296,0.012947249,4.1067037,23294.0
PIGG,up,0.0004057760234,0.012947249,2.3887894,54872.0
LINS,up,0.0004075469297,0.012967647,7.2911981,55180.0
C16orf5,up,0.0004076913463,0.012967647,4.8713164,29965.0
HNRNPC,up,0.0004091018424,0.012969171,2.4331009,3183.0
NFIA,up,0.0004092199524,0.012969171,7.8111847,4774.0
LRRC3,up,0.0004109496127,0.012969171,4.765023,81543.0
ZC2HC1A,down,0.0004117211029,0.012969171,2.1195534,51101.0
ATP1B4,up,0.0004119455256,0.012969171,4.8232017,23439.0
ZNF880,down,0.000412128464,0.012969171,3.5302668,400713.0
OPRM1,up,0.0004122058644,0.012969171,3.7721475,4988.0
GPR116,down,0.0004143722366,0.01301718,3.5838565,221395.0
SLC41A3,up,0.0004173933483,0.013071679,2.8156021,54946.0
UNC93B1,up,0.0004221965132,0.013160474,3.2409135,81622.0
ADORA2A,down,0.0004225242132,0.013160474,89.3034661,135.0
DYTN,up,0.0004229950944,0.013160474,3.0769816,391475.0
EMILIN3,up,0.0004243189645,0.013160474,2.5162151,90187.0
SLC35G2,up,0.000425547866,0.013160474,40.3027814,80723.0
RDH5,up,0.0004256785943,0.013160474,5.8551526,5959.0
GPX1,up,0.0004268393571,0.013160474,24.5564845,2876.0
SUCLG2,up,0.0004274731796,0.013160474,4.6797268,8801.0
PPP2R5B,up,0.0004277760955,0.013160474,8.0228082,5526.0
KIAA1429,up,0.0004279986778,0.013160474,7.049621,25962.0
TPTE,up,0.0004295918191,0.01318099,42.6577589,7179.0
C17orf58,up,0.0004299629238,0.01318099,4.2657532,284018.0
SPTBN4,up,0.0004326622737,0.013243766,12.9818432,57731.0
FBRS,down,0.0004352237826,0.01330214,9.210281,64319.0
TM2D3,up,0.0004361485844,0.013302873,5.1029086,80213.0
NF2,up,0.0004365567593,0.013302873,9.0449553,4771.0
MEX3D,down,0.0004384894024,0.013341762,2.0044085,399664.0
HADHB,up,0.0004411070045,0.013401345,4.7714343,3032.0
RAB31,down,0.0004427420133,0.013430804,9.5948716,11031.0
FRAT2,up,0.0004433982691,0.013430804,6.162625,23401.0
TP53RK,up,0.0004445107871,0.013441663,6.1710455,112858.0
GAS7,up,0.0004462052467,0.013441663,5.1289975,8522.0
TBL1Y,down,0.0004470612853,0.013441663,7.4661397,90665.0
BABAM1,down,0.0004470634453,0.013441663,4.0608458,29086.0
TSSK3,up,0.0004495190973,0.013460698,3.1961183,81629.0
TNKS1BP1,up,0.0004503169867,0.013460698,14.6974809,85456.0
SF1,up,0.0004534804671,0.013460698,25.5527041,7536.0
SLC46A3,up,0.0004545737165,0.013460698,5.5675435,283537.0
SPATC1,down,0.0004545851859,0.013460698,2.2646767,375686.0
HIST1H4H,up,0.000454867115,0.013460698,2.5982154,8365.0
TMPRSS2,up,0.0004552774006,0.013460698,10.627053,7113.0
PDLIM3,up,0.0004561057567,0.013460698,7.2568226,27295.0
SLC27A2,up,0.0004581798112,0.013460698,7.6205854,11001.0
HLA-A,down,0.0004587185271,0.013460698,3.5469967,3105.0
PNLDC1,up,0.0004609645197,0.013460698,2.6956214,154197.0
SYT6,up,0.0004613089987,0.013460698,2.7108182,148281.0
CUEDC1,down,0.000461961854,0.013460698,5.7227897,404093.0
LY6H,up,0.0004632422571,0.013460698,3.2350921,4062.0
MGLL,up,0.000463271933,0.013460698,2.2527102,11343.0
UBB,up,0.0004643222854,0.013460698,3.0112745,7314.0
DAZAP2,up,0.0004656610545,0.013460698,9.7031578,9802.0
PTGER3,up,0.0004663307791,0.013460698,4.0473485,5733.0
MBNL3,up,0.0004663798191,0.013460698,3.2697845,55796.0
KIAA0040,down,0.0004667619542,0.013460698,13.5026203,9674.0
LPCAT3,up,0.0004669750433,0.013460698,3.6113074,10162.0
ZRANB2,up,0.0004678748909,0.013460698,3.1221341,9406.0
IHH,down,0.0004681882738,0.013460698,14.6994625,3549.0
TMEM9B,up,0.000468983996,0.013460698,19.7496685,56674.0
GNG10,up,0.000469193463,0.013460698,2.9668116,2790.0
JKAMP,up,0.0004698580171,0.013460698,30.4213907,51528.0
GYG1,up,0.0004702607626,0.013460698,5.2594291,2992.0
SIRPG,up,0.0004703564741,0.013460698,6.7565308,55423.0
GIMAP7,up,0.0004705486454,0.013460698,20.0740828,168537.0
PHOX2A,down,0.0004713546352,0.013460698,3.1585976,401.0
C9orf3,up,0.000471635087,0.013460698,2.9975036,84909.0
SNX17,up,0.0004726351586,0.013460698,4.2362379,9784.0
LEF1,up,0.0004727669349,0.013460698,2.3824222,51176.0
BMPR2,down,0.0004733129392,0.013460698,3.100953,659.0
ASB6,up,0.0004737290314,0.013460698,6.9589746,140459.0
GPR160,up,0.0004738836148,0.013460698,3.3596968,26996.0
PHF21B,up,0.0004741874269,0.013460698,8.5732071,112885.0
POTED,down,0.000477686239,0.013541106,9.7388969,317754.0
BDNF,up,0.0004789707303,0.013558607,6.5027263,627.0
DGCR14,up,0.0004801308877,0.013572546,5.0871231,8220.0
ADORA1,up,0.0004818496759,0.013602215,5.305083,134.0
CCR7,down,0.0004871742071,0.013694195,3.5018603,1236.0
TM6SF1,up,0.0004893261416,0.013694195,5.8451248,53346.0
ASCL2,up,0.0004897525949,0.013694195,7.4291144,430.0
PRB4,up,0.0004898081213,0.013694195,8.4387827,5545.0
C5orf4,down,0.0004903538989,0.013694195,3.3098717,10826.0
SYNPO2,up,0.0004912238117,0.013694195,13.5320327,171024.0
SHANK3,up,0.000491771632,0.013694195,9.2686715,85358.0
PHF8,up,0.0004927397234,0.013694195,3.9450071,23133.0
ZNF639,up,0.0004928057602,0.013694195,6.4148061,51193.0
FAM109B,up,0.0004931540826,0.013694195,8.38433,150368.0
HIST4H4,up,0.0004938428471,0.013694195,35.2031755,121504.0
DDX56,up,0.0004938669004,0.013694195,5.0811156,54606.0
HBS1L,up,0.0004966475692,0.013752537,6.7156392,10767.0
UBA52,up,0.0005000417831,0.013775646,2.6252042,7311.0
PCDHB8,up,0.0005000903094,0.013775646,5.4653841,56128.0
NOX4,up,0.0005001931939,0.013775646,3.4490197,50507.0
VAPA,up,0.0005012730466,0.013786705,8.9654757,9218.0
HNRNPA0,up,0.0005020556886,0.01378957,2.6898978,10949.0
THSD1,up,0.0005054862644,0.013865058,3.0210599,55901.0
TRIM54,down,0.0005076137797,0.013892964,3.4144236,57159.0
MSS51,up,0.0005080076833,0.013892964,8.1892663,118490.0
KDM2B,up,0.0005091299598,0.013892964,5.0937165,84678.0
FAM83C,down,0.0005096142456,0.013892964,5.6033997,128876.0
NUP98,up,0.000511208787,0.013892964,2.2534959,4928.0
TLE2,up,0.0005115056189,0.013892964,6.3726918,7089.0
MRRF,up,0.0005123824899,0.013892964,8.9486029,92399.0
SERGEF,up,0.0005124648609,0.013892964,6.0386654,26297.0
C9orf153,down,0.0005146683575,0.013892964,5.3449091,389766.0
TMEM25,up,0.0005149352108,0.013892964,5.4338026,84866.0
RRN3,up,0.0005153386293,0.013892964,7.1946247,54700.0
AGR2,down,0.000515617076,0.013892964,4.6712954,10551.0
SLC33A1,up,0.0005172436821,0.013892964,22.1234805,9197.0
SLC6A16,up,0.0005188754913,0.013892964,5.2893018,28968.0
CHCHD8,up,0.0005192364021,0.013892964,3.0067453,51287.0
LARP4,down,0.0005197583613,0.013892964,2.8721362,113251.0
USP40,up,0.0005198101073,0.013892964,3.1658608,55230.0
AIMP2,up,0.0005212121266,0.013892964,11.1210266,7965.0
TOMM7,up,0.0005217557453,0.013892964,2.6456245,54543.0
TMEM206,up,0.000522810988,0.013892964,4.0427864,55248.0
ZBED3,up,0.0005238727344,0.013892964,4.6273125,84327.0
JPH2,up,0.0005241196115,0.013892964,3.656751,57158.0
ITM2B,up,0.000524474526,0.013892964,4.3739928,9445.0
CRYL1,up,0.0005245012584,0.013892964,10.2670582,51084.0
KLHDC7A,up,0.0005247779259,0.013892964,2.9099212,127707.0
RTN3,up,0.0005267879294,0.013892964,10.6546237,10313.0
RPLP1,up,0.0005270566935,0.013892964,4.7654804,6176.0
ST5,up,0.0005275770374,0.013892964,3.4442217,6764.0
THG1L,down,0.0005276731109,0.013892964,113.8763752,54974.0
ALG10B,up,0.0005286757412,0.013892964,10.0939462,144245.0
RUNX1,down,0.000528789709,0.013892964,13.2706417,861.0
ASB1,up,0.0005290604586,0.013892964,3.8847857,51665.0
ZC3H12C,down,0.0005324912601,0.013910581,3.7256741,85463.0
AKAP13,down,0.0005329321975,0.013910581,4.0655557,11214.0
KIAA0240,down,0.0005331533882,0.013910581,246.6267253,23506.0
RPL19,up,0.0005342106596,0.013920297,42.1089841,6143.0
ZFP2,up,0.0005349636885,0.01392207,3.6570325,80108.0
PFN1,up,0.0005371289228,0.013940919,6.1992284,5216.0
TMED7-TICAM2,up,0.0005380601455,0.013940919,4.1923177,100302736.0
ZNF347,down,0.0005384315473,0.013940919,4.6497546,84671.0
KLHL29,up,0.0005452831527,0.014006547,2.571536,114818.0
SLC2A6,up,0.0005468333757,0.014006547,2.8982082,11182.0
DYNC1LI2,down,0.0005469003961,0.014006547,9.5728809,1783.0
C18orf32,up,0.0005474940586,0.014006547,2.5614585,497661.0
TROVE2,down,0.000547709117,0.014006547,3.5711267,6738.0
SNX15,up,0.0005486023152,0.014006547,5.0252941,29907.0
CGGBP1,up,0.0005493770757,0.014006547,3.3255744,8545.0
C7orf25,up,0.0005499793027,0.014006547,7.1420927,79020.0
LIF,up,0.0005500077076,0.014006547,4.4338655,3976.0
APOL3,up,0.000550133377,0.014006547,3.8143973,80833.0
DERL2,up,0.0005508022236,0.014006547,4.8180562,51009.0
PODN,up,0.0005518153354,0.014006547,14.0094411,127435.0
CTNNBL1,up,0.0005525919338,0.014006547,3.8179077,56259.0
GNG5,up,0.0005526814614,0.014006547,3.4750611,2787.0
CYBRD1,up,0.0005535560964,0.014011242,3.2568955,79901.0
B3GNT6,up,0.000555473412,0.014032287,4.7279846,192134.0
TATDN3,up,0.0005569866783,0.014032287,10.3999551,128387.0
PFDN5,up,0.000557091857,0.014032287,14.6005668,5204.0
ARL6,up,0.000557657006,0.014032287,6.8175882,84100.0
PACRG,up,0.0005592107742,0.014032287,3.3883106,135138.0
C4orf48,up,0.0005594903213,0.014032287,5.4463197,401115.0
CCDC154,up,0.0005599106932,0.014032287,6.5360067,645811.0
NSUN5,up,0.0005624423354,0.014061058,6.9861853,55695.0
PIGY,up,0.0005637296682,0.014075928,2.4012223,84992.0
CREG1,up,0.000565271917,0.014084705,6.1123565,8804.0
PPP6R3,up,0.0005658988301,0.014084705,5.7969571,55291.0
TMEM31,up,0.0005664471097,0.014084705,6.4899169,203562.0
RPS17,up,0.0005680494081,0.014084705,4.3482679,6218.0
C14orf118,down,0.0005695934169,0.014084705,12.5162748,55668.0
ARHGAP33,up,0.0005698726807,0.014084705,3.8584872,115703.0
SYNGR4,up,0.000570869428,0.014084705,15.9128499,23546.0
RPL10A,up,0.0005718162494,0.014084705,2.5759356,4736.0
HOXA13,up,0.0005725016721,0.014084705,3.1198284,3209.0
KRTAP19-8,up,0.0005725886544,0.014084705,22.7054271,728299.0
GPR50,up,0.0005729262305,0.014084705,4.9663792,9248.0
TXN,up,0.000573089861,0.014084705,6.6712156,7295.0
XRRA1,up,0.0005749723609,0.014113905,15.9724933,143570.0
FOSL2,down,0.0005761810269,0.014126513,2.1268647,2355.0
BACE1,up,0.00057831813,0.014146,3.5530074,23621.0
KIF9,up,0.0005783678324,0.014146,2.1282353,64147.0
ZDHHC9,up,0.0005798261129,0.014164622,3.1242317,51114.0
STRADA,up,0.000580968968,0.014175503,5.9546103,92335.0
URGCP,down,0.0005822542381,0.014177346,53.3235109,55665.0
FGF11,up,0.000583355495,0.014177346,2.0767007,2256.0
CCNB1IP1,up,0.0005839473361,0.014177346,4.5479035,57820.0
SLC35C2,up,0.0005845674016,0.014177346,5.4798121,51006.0
SLC25A38,up,0.0005856469173,0.014177346,4.241582,54977.0
GOLGA8B,up,0.000586185728,0.014177346,2.1409657,440270.0
GUSB,up,0.0005882562376,0.014177346,2.7037005,2990.0
CPT1A,up,0.000588313027,0.014177346,3.5435229,1374.0
C14orf2,up,0.0005888618903,0.014177346,32.0245065,9556.0
ZDHHC2,up,0.0005902533721,0.014177346,4.1343681,51201.0
CYP2F1,up,0.0005917922206,0.014177346,3.8121356,1572.0
GRWD1,up,0.0005918820505,0.014177346,2.2768409,83743.0
CDC16,up,0.0005921314652,0.014177346,3.1866352,8881.0
S100A6,up,0.0005925555384,0.014177346,8.6125383,6277.0
GPR37,up,0.0005926398385,0.014177346,4.1837795,2861.0
FAM154B,up,0.0005942145853,0.014177346,3.7152376,283726.0
HNRNPA1,down,0.0005946028494,0.014177346,3.0876449,3178.0
AGTRAP,up,0.0005946828309,0.014177346,3.1011823,57085.0
PTPRR,up,0.0005954130407,0.014177346,13.795484,5801.0
TAZ,up,0.0005956926511,0.014177346,3.9696207,6901.0
HLA-DQA1,up,0.0005970292321,0.014192537,2.0557507,3117.0
ASNSD1,up,0.0005987714847,0.014217325,2.9590628,54529.0
RNASE2,down,0.0005997757989,0.014224554,5.5795143,6036.0
C6orf162,up,0.0006006798519,0.014229392,2.3575734,57150.0
NPIP,up,0.00060276001,0.014262046,3.5709147,9284.0
SLC1A5,up,0.0006045209772,0.014271123,15.5309194,6510.0
EFCAB2,down,0.0006047556041,0.014271123,2.0724965,84288.0
ACSF2,up,0.0006056235102,0.014271123,5.7003829,80221.0
TNFRSF25,up,0.0006060151041,0.014271123,2.4241839,8718.0
TRMT112,up,0.0006070841512,0.014271123,3.2224188,51504.0
PRIMA1,up,0.000607583341,0.014271123,4.8237464,145270.0
CAPZA1,down,0.0006080586795,0.014271123,2.3370342,829.0
INS,up,0.0006091517646,0.014280288,3.7751524,3630.0
NECAB1,down,0.0006115192906,0.0142899,8.4213247,64168.0
CCL20,down,0.000611901611,0.0142899,96.7155482,6364.0
CDC20,up,0.0006134063495,0.0142899,4.4574975,991.0
PBX2,up,0.0006135540861,0.0142899,21.9483807,5089.0
LAPTM4A,up,0.0006136505071,0.0142899,7.3714836,9741.0
SLC35A1,up,0.0006146259261,0.0142899,4.9463793,10559.0
PRICKLE3,down,0.0006154833645,0.0142899,3.8148075,4007.0
FOXJ1,down,0.0006160456482,0.0142899,40.663302,2302.0
PRRX1,up,0.0006160977811,0.0142899,5.1887709,5396.0
GNRH1,up,0.0006171094585,0.0142899,3.3364362,2796.0
TAPBPL,down,0.0006172955671,0.0142899,2.3316369,55080.0
TMCO3,up,0.0006192502589,0.014302406,3.7886577,55002.0
GIT1,down,0.0006198811407,0.014302406,5.3621604,28964.0
BUD13,up,0.0006199468383,0.014302406,4.9184474,84811.0
CHI3L1,up,0.000621022593,0.01431098,4.0437404,1116.0
TNFRSF10A,down,0.0006242328163,0.01431858,3.4726198,8797.0
MFSD2A,up,0.0006247226658,0.01431858,2.0896568,84879.0
CXXC5,down,0.0006254086123,0.01431858,2.4613477,51523.0
SH3BP5,down,0.0006254883663,0.01431858,5.3103676,9467.0
YIF1A,down,0.000626411389,0.01431858,2.4081184,10897.0
METTL22,up,0.0006267109762,0.01431858,7.9079088,79091.0
CDC42EP4,down,0.0006275321252,0.01431858,379.1452487,23580.0
KCNK9,up,0.0006277297282,0.01431858,2.9474931,51305.0
TMEM143,down,0.0006277632056,0.01431858,3.6048945,55260.0
MTMR11,up,0.000628397211,0.01431858,4.6929985,10903.0
ST3GAL5,up,0.0006355981055,0.014437516,6.9690239,8869.0
MRPS6,up,0.0006357479337,0.014437516,6.3152556,64968.0
PTGES3,up,0.0006377218032,0.014438014,8.2670761,10728.0
AKR7A2,down,0.0006396582252,0.014438014,48.1003449,8574.0
LRRC41,up,0.0006399982563,0.014438014,21.6452161,10489.0
NEURL2,up,0.0006405836165,0.014438014,6.8907646,140825.0
SPG21,up,0.0006409326417,0.014438014,19.3953477,51324.0
ABHD6,up,0.0006412045653,0.014438014,5.4626791,57406.0
PTK7,up,0.000641452738,0.014438014,4.2128004,5754.0
CSNK2B,up,0.0006426567546,0.014449113,4.7753777,1460.0
CHST12,up,0.0006442558081,0.01446906,2.7340166,55501.0
CCDC89,up,0.0006461518964,0.014495626,8.9825065,220388.0
PRG4,up,0.0006472184863,0.014503545,2.5106912,10216.0
FDXACB1,up,0.0006488777181,0.014517162,3.8993212,91893.0
ICAM2,up,0.0006501313167,0.014517162,6.6475507,3384.0
PARS2,up,0.0006506831196,0.014517162,2.4470165,25973.0
NOP10,up,0.0006523418737,0.014530191,3.1996971,55505.0
MS4A6A,up,0.0006526969034,0.014530191,10.1438237,64231.0
DECR1,up,0.0006537952904,0.014538719,20.4110067,1666.0
GABARAPL2,up,0.0006550725889,0.014551203,3.4829071,11345.0
PAPD5,down,0.0006568501905,0.01457476,3.7909131,64282.0
MGST1,up,0.000659552219,0.014580208,3.7843853,4257.0
KLRD1,up,0.0006599914235,0.014580208,4.7203842,3824.0
C10orf122,down,0.0006605558782,0.014580208,3.2082339,387718.0
SLC25A22,down,0.0006606824836,0.014580208,52.9248193,79751.0
DNAJC11,up,0.0006618096383,0.014589242,2.4422884,55735.0
TCF12,down,0.0006654228267,0.014624837,4.1090475,6938.0
MYH9,down,0.0006655772015,0.014624837,3.7609591,4627.0
NFX1,down,0.0006655829888,0.014624837,9.8288128,4799.0
DEAF1,up,0.0006663405152,0.014625671,2.6220009,10522.0
TSPAN14,up,0.0006712386472,0.014709259,3.4462751,81619.0
MEFV,down,0.000671596184,0.014709259,5.4476955,4210.0
RHOQ,up,0.0006759379427,0.014772515,6.3309487,23433.0
GTF2IRD2B,down,0.0006774352338,0.014789335,37.0402586,389524.0
FAM129A,down,0.0006783747807,0.014791756,4.149253,116496.0
FAM178B,down,0.0006798089279,0.014791756,7.0619092,51252.0
AMBN,up,0.0006804931004,0.014791756,4.1211536,258.0
STAG2,down,0.0006811849067,0.014791756,4.4020996,10735.0
C14orf159,up,0.0006827536019,0.014809997,3.5298054,80017.0
FRG2B,down,0.0006864269691,0.014833851,2.9407176,441581.0
RSL24D1,up,0.0006869178757,0.014833851,14.2149856,51187.0
SPR,up,0.000687628235,0.014833851,2.1073858,6697.0
IFI6,down,0.0006889266082,0.014833851,5.3821617,2537.0
DDT,up,0.0006905751646,0.014852847,4.8452384,1652.0
CSDA,down,0.0006918420678,0.014864366,16.6714891,8531.0
VAMP3,up,0.0006932780838,0.014869445,24.9960934,9341.0
PJA1,up,0.0006935416627,0.014869445,2.2851888,64219.0
VIT,up,0.0006956588343,0.014899121,4.1891181,5212.0
RPL8,up,0.000697294195,0.014906083,22.780692,6132.0
SMPD1,up,0.0006976615925,0.014906083,6.7800654,6609.0
SEC14L1,down,0.000698829343,0.014906083,4.4165403,6397.0
HYAL1,up,0.0006989174392,0.014906083,2.959327,3373.0
HLA-DQB1,up,0.0007016984554,0.014949708,4.1843388,3119.0
NDUFB1,up,0.0007027948931,0.014954675,5.3922411,4707.0
DPH2,up,0.0007034031426,0.014954675,6.2065788,1802.0
PLA2G4E,down,0.0007049850424,0.014958901,107.9904407,123745.0
TMEM185B,up,0.0007051673532,0.014958901,3.1752078,79134.0
GZMA,up,0.0007058099016,0.014958901,3.321664,3001.0
WNT5A,up,0.0007071105862,0.014970857,10.1397523,7474.0
ADO,up,0.000708553223,0.014984169,4.3023404,84890.0
FKTN,up,0.0007092137895,0.014984169,3.5327887,2218.0
RAP1A,down,0.0007100766284,0.01498682,2.2201708,5906.0
C20orf26,up,0.0007127625106,0.015027903,2.6954616,26074.0
CD97,up,0.000715760607,0.015075476,5.8158311,976.0
TPST2,up,0.0007190772114,0.015129653,3.1759826,8459.0
CYR61,down,0.0007207491707,0.015149149,66.2536409,3491.0
NRARP,up,0.0007228625761,0.01516221,8.2502433,441478.0
PGM1,up,0.0007242410524,0.015169039,4.3682461,5236.0
TMEM99,up,0.0007248993741,0.015169039,8.2465099,147184.0
ANAPC2,up,0.0007254270839,0.015169039,6.4127964,29882.0
MUC1,up,0.0007289113152,0.015188094,3.3326424,4582.0
KIF13A,down,0.0007293989497,0.015188094,4.6299171,63971.0
ELMO1,down,0.0007303230544,0.015188094,2.8563198,9844.0
MCL1,up,0.0007303816316,0.015188094,5.4018216,4170.0
KLF6,down,0.0007309682768,0.015188094,9.1809302,1316.0
MICU1,up,0.0007322769175,0.015188094,11.5989703,10367.0
ELN,down,0.000732316479,0.015188094,13.9333507,2006.0
PRKCE,down,0.0007342878123,0.015200465,5.8689747,5581.0
CSN3,up,0.0007360936178,0.015200465,3.7400422,1448.0
CYP26A1,up,0.0007367221805,0.015200465,5.554795,1592.0
CIB4,up,0.0007368591752,0.015200465,40.1301942,130106.0
HTATSF1,up,0.000737772453,0.015200465,2.4564806,27336.0
PTPRO,up,0.0007382196222,0.015200465,2.6522355,5800.0
CAMKMT,up,0.0007394990526,0.015200465,5.2614384,79823.0
OTUD5,down,0.0007396437963,0.015200465,2.7228876,55593.0
SYK,down,0.0007419709778,0.015232889,49.8500023,6850.0
RIC8A,up,0.0007460149318,0.015285034,3.7890745,60626.0
KCNQ1,up,0.0007471633414,0.015287188,2.88934,3784.0
DEDD2,up,0.0007481740625,0.015287188,6.5406378,162989.0
EIF2AK1,up,0.0007486831072,0.015287188,8.2874184,27102.0
FAM122A,up,0.0007509702776,0.015305789,5.8287348,116224.0
CD164,up,0.000751546236,0.015305789,5.7437546,8763.0
AP3S2,down,0.00075272108,0.015312661,89.2914706,10239.0
CLU,up,0.0007533904392,0.015312661,5.6920167,1191.0
CAPZA3,up,0.00075637854,0.015348468,6.8057645,93661.0
KLHL13,up,0.0007566624599,0.015348468,5.1114547,90293.0
SEC23IP,down,0.0007582228824,0.015350277,7.759378,11196.0
SORBS1,down,0.0007582621573,0.015350277,3.0503839,10580.0
MYH14,up,0.0007592946099,0.015355884,7.6477368,79784.0
MFSD1,up,0.0007602776493,0.01536048,16.102928,64747.0
VPS4A,up,0.0007621101402,0.015382213,7.2042694,27183.0
DOK7,down,0.0007633028809,0.015386528,3.5382976,285489.0
GNA11,down,0.0007638967079,0.015386528,3.1393515,2767.0
PHKA1,up,0.0007645949873,0.015386528,5.2228878,5255.0
EPHB4,up,0.0007655729827,0.01539097,5.9370378,2050.0
PPP1R9A,down,0.0007667752781,0.015399909,219.700661,55607.0
FAU,up,0.0007701292185,0.015423922,4.9086722,2197.0
EFNB2,down,0.000771006384,0.015423922,6.8976048,1948.0
DRP2,up,0.000772564093,0.015439887,4.4189916,1821.0
ART1,up,0.0007740900438,0.015455187,3.2980524,417.0
MED9,up,0.0007778961254,0.015495623,3.5605316,55090.0
RUNX3,up,0.0007783752792,0.015495623,10.5452496,864.0
ARHGEF1,up,0.0007784025177,0.015495623,6.3281304,9138.0
SUPT4H1,up,0.0007802622786,0.015503372,7.8200811,6827.0
OMP,up,0.0007809757717,0.015503372,9.7174618,4975.0
SIX5,down,0.000781080082,0.015503372,3.2690475,147912.0
DENND2A,up,0.0007885653688,0.015636674,4.9170485,27147.0
TSPYL4,up,0.0007903643098,0.015652469,2.085594,23270.0
FAM54B,up,0.0007918874324,0.015652469,7.0067928,56181.0
CTNS,up,0.0007924432533,0.015652469,3.5863482,1497.0
TAS2R10,down,0.0007932390889,0.015652469,3.4299493,50839.0
KLHL23,down,0.0007935949089,0.015652469,14.3053441,151230.0
TBCK,up,0.0007955989373,0.015669136,8.7503915,93627.0
CEACAM19,up,0.0007968728324,0.015675066,2.8823606,56971.0
ZHX2,up,0.0007974424529,0.015675066,14.528955,22882.0
CCNI,up,0.0007993285611,0.015696959,2.1805129,10983.0
SKAP1,up,0.0008016129813,0.015709347,3.5876221,8631.0
TLE1,down,0.0008031315421,0.015709347,2.1395373,7088.0
SLC25A36,down,0.0008037547024,0.015709347,5.1712904,55186.0
CRYGD,down,0.0008041816731,0.015709347,2.2303735,1421.0
IGSF1,down,0.0008043176985,0.015709347,2.3269579,3547.0
VAMP2,up,0.0008045968162,0.015709347,2.4895897,6844.0
CLTA,down,0.0008059714959,0.015721085,8.6592015,1211.0
SH2D5,up,0.0008072794565,0.015723746,5.3150748,400745.0
TYSND1,up,0.0008076551676,0.015723746,5.0338212,219743.0
ROCK1,down,0.0008106517735,0.015766983,5.5884544,6093.0
TBC1D5,down,0.0008123593004,0.015785089,4.1435096,9779.0
SIRPB1,up,0.0008136557289,0.015795179,3.5454281,10326.0
CALD1,down,0.0008168575311,0.015824528,3.0124233,800.0
PCDHB15,up,0.0008178721565,0.015824528,4.5784835,56121.0
DDOST,up,0.000819495932,0.015824528,3.7985838,1650.0
BANF2,down,0.0008195309446,0.015824528,186.863938,140836.0
ST3GAL3,up,0.0008204515583,0.015824528,2.7733834,6487.0
RABL5,up,0.0008214451583,0.015824528,2.6110019,64792.0
SLC10A5,up,0.0008243803149,0.015824528,3.1442914,347051.0
HMGN3,up,0.0008244850164,0.015824528,3.0205889,9324.0
FAM110A,up,0.0008254800201,0.01582819,12.906323,83541.0
RASL10B,down,0.0008267183366,0.015836994,3.6920797,91608.0
ADAM29,up,0.00083002682,0.0158854,3.3369495,11086.0
NRN1L,up,0.0008312964688,0.015894733,3.2694437,123904.0
LIPT2,up,0.000836345817,0.015976249,5.9758771,387787.0
C12orf68,up,0.0008379416736,0.015991704,3.256963,387856.0
ZNF621,up,0.0008399229574,0.016014479,2.7667714,285268.0
GALNT9,up,0.0008471796696,0.016120779,2.0774312,50614.0
ACTG1,up,0.0008478776272,0.016120779,21.129774,71.0
BEST1,up,0.0008524425529,0.016166624,40.4076515,7439.0
STIP1,up,0.000852675089,0.016166624,2.3680146,10963.0
TMEM88,up,0.0008572996018,0.016224036,4.0455142,92162.0
CMPK1,up,0.0008583826054,0.016228936,11.6741483,51727.0
MBP,up,0.0008591554628,0.016228936,3.8006289,4155.0
BPTF,down,0.0008620499497,0.016241942,7.1025402,2186.0
BAX,up,0.0008623463165,0.016241942,7.7332052,581.0
FUCA2,up,0.0008630404494,0.016241942,2.3171125,2519.0
CAND2,up,0.0008651618568,0.016266804,4.8652529,23066.0
PLAC8L1,up,0.0008660745171,0.016268914,2.8409704,153770.0
KCNC4,down,0.0008680274091,0.016290542,5.4271972,3749.0
OR2H2,up,0.0008754607296,0.016414889,3.8987594,7932.0
UQCRB,up,0.0008810207159,0.016503913,32.991391,7381.0
ADARB2,up,0.0008828575001,0.016520927,2.6401944,105.0
IKZF3,down,0.0008835675952,0.016520927,8.7936481,22806.0
PRICKLE4,up,0.0008851831424,0.016520927,2.6288044,29964.0
TEX261,up,0.0008855028658,0.016520927,2.813329,113419.0
ZNF185,up,0.000886805974,0.016520927,3.9429101,7739.0
THAP1,up,0.0008882917587,0.016531881,16.3951281,55145.0
GOLGA6L9,down,0.0008900987915,0.016536799,5.6822045,440295.0
ZCCHC14,down,0.0008926293872,0.016554425,2.3849106,23174.0
AAAS,up,0.0008967168317,0.016571609,4.0681499,8086.0
IFNGR2,up,0.0008971137591,0.016571609,5.4449394,3460.0
ZC3HAV1L,up,0.000897155522,0.016571609,2.5922214,92092.0
C7orf31,up,0.0008976797652,0.016571609,3.2044166,136895.0
C15orf41,up,0.0009008946642,0.016590907,2.4484615,84529.0
ADH7,up,0.0009010378893,0.016590907,22.4721331,131.0
JTB,up,0.0009011740012,0.016590907,3.2430764,10899.0
NFKBIA,down,0.0009030377309,0.016608174,8.2320343,4792.0
USP13,down,0.000903746138,0.016608174,3.0651296,8975.0
DEFA4,up,0.0009057243492,0.016629492,2.363256,1669.0
AMELY,up,0.000908001921,0.016655241,2.574745,266.0
RNASEH2C,up,0.0009087656739,0.016655241,3.308989,84153.0
PREPL,up,0.0009113093999,0.016686814,9.59644,9581.0
CRAMP1L,up,0.0009173252944,0.016781851,8.7243173,57585.0
ALOXE3,up,0.0009214078176,0.016816386,6.3899315,59344.0
PABPC1,up,0.0009215931563,0.016816386,11.0372498,26986.0
NUMBL,up,0.0009252551991,0.01685109,4.2601178,9253.0
ANK2,down,0.0009254884063,0.01685109,25.271569,287.0
G6PC3,up,0.000926084483,0.01685109,11.142488,92579.0
C17orf97,up,0.0009308959465,0.016901207,7.3162674,400566.0
ALG1L,up,0.0009310621316,0.016901207,3.6371655,200810.0
NFIC,down,0.0009313334036,0.016901207,2.4143202,4782.0
HOXA10,up,0.0009330183825,0.01691668,2.8975435,3206.0
C2orf42,up,0.0009362317324,0.016947054,3.2574342,54980.0
PURB,up,0.0009364496951,0.016947054,4.1095569,5814.0
FBXO10,up,0.0009376658983,0.016947054,2.8669517,26267.0
ATAT1,up,0.0009396964067,0.016947054,4.3044702,79969.0
COASY,down,0.0009423056729,0.016979045,4.8715922,80347.0
RARB,up,0.0009439469288,0.016993553,6.9805408,5915.0
C6orf108,up,0.0009487784019,0.017037496,3.8322013,10591.0
SPTBN2,down,0.000949604155,0.017037496,58.4574449,6712.0
DZIP3,up,0.0009514277582,0.017037496,3.1226767,9666.0
ATP2A1,up,0.0009544882512,0.017037496,13.1273754,487.0
NLRP7,up,0.0009546394856,0.017037496,15.6620288,199713.0
TMEM179B,up,0.0009552190873,0.017037496,7.0646891,374395.0
HNRNPAB,down,0.0009552597234,0.017037496,3.0034646,3182.0
RFK,up,0.0009564389038,0.017037496,6.3923345,55312.0
CDIPT,up,0.0009574576085,0.017037496,7.9358207,10423.0
ZNF200,up,0.0009575976111,0.017037496,2.897716,7752.0
GNB2L1,up,0.0009584477834,0.017037496,2.4141037,10399.0
CACNA1B,up,0.0009599671495,0.017037496,4.5840261,774.0
CIRBP,up,0.0009600354959,0.017037496,4.1502071,1153.0
TFF1,up,0.0009601763847,0.017037496,16.0085966,7031.0
MPDZ,up,0.0009605615259,0.017037496,2.5130914,8777.0
RTN2,up,0.0009627402081,0.017055303,6.0864584,6253.0
MTRNR2L8,down,0.000963320409,0.017055303,4.391458,100463486.0
HRH1,up,0.0009676012777,0.01710849,2.7408839,3269.0
ERCC3,up,0.0009689217835,0.01710849,3.9821423,2071.0
FAM209A,up,0.0009702350349,0.01710849,3.5915762,200232.0
C12orf66,up,0.000970326,0.01710849,4.8134551,144577.0
CLRN1,down,0.0009722441706,0.01710849,3.4615512,7401.0
TNFRSF21,up,0.000972378779,0.01710849,2.5961184,27242.0
IGSF9,up,0.0009736047186,0.01710849,3.5779756,57549.0
TPBG,up,0.0009741298004,0.01710849,2.2015826,7162.0
FAM150B,up,0.0009749265232,0.01710849,7.5458635,285016.0
ZFYVE27,down,0.0009757856326,0.01710849,5.1237762,118813.0
MELK,up,0.0009764255145,0.01710849,3.7396455,9833.0
ECI2,up,0.0009789211424,0.017118437,2.6075236,10455.0
SERPINB6,up,0.0009795090208,0.017118437,2.4578266,5269.0
LYSMD2,up,0.0009802359888,0.017118437,3.0772298,256586.0
LCMT2,up,0.0009812790152,0.017118437,2.4969281,9836.0
THOC2,down,0.0009816434231,0.017118437,7.5049226,57187.0
UBE2E3,up,0.0009820466349,0.017118437,18.7763404,10477.0
KLHDC9,up,0.0009863294197,0.017178359,4.6709267,126823.0
RWDD2A,up,0.00098922289,0.017214003,7.5932052,112611.0
DHRS1,up,0.0009910708064,0.017219731,10.3883225,115817.0
IKBKG,up,0.0009912465246,0.017219731,2.2329894,8517.0
LMBR1,up,0.0009928283055,0.017227448,10.823453,64327.0
LRRC42,up,0.0009951227259,0.017227448,7.8270408,115353.0
SAP30,down,0.0009958679936,0.017227448,2.5671128,8819.0
CYHR1,up,0.0009991398642,0.017227448,5.043102,50626.0
S100A11,up,0.0009992900739,0.017227448,4.2546629,6282.0
NRM,up,0.0009992996482,0.017227448,5.8440357,11270.0
THBD,down,0.0009996991866,0.017227448,2.1139519,7056.0
SPG11,up,0.0010001280995,0.017227448,2.0779731,80208.0
ZNF295,down,0.0010001667211,0.017227448,4.6556074,49854.0
GSPT2,up,0.0010020409639,0.017227784,3.8729328,23708.0
SPRED3,down,0.0010026591519,0.017227784,92.9656535,399473.0
FTL,up,0.0010027290762,0.017227784,14.1548347,2512.0
IL12RB2,up,0.0010053802433,0.017253465,3.5998861,3595.0
SIPA1,up,0.0010059215548,0.017253465,6.1229176,6494.0
SSR4,up,0.0010073748255,0.017263822,11.1827812,6748.0
RPS24,up,0.0010121547495,0.017285383,16.1997952,6229.0
CPNE5,down,0.001012339476,0.017285383,2.5973977,57699.0
HIP1R,up,0.0010124428623,0.017285383,5.6238025,9026.0
CACNA1A,up,0.0010131956449,0.017285383,20.787514,773.0
LRRC25,up,0.0010142397247,0.017285383,2.8589691,126364.0
HDLBP,down,0.0010153265322,0.017285383,4.5444747,3069.0
CD302,up,0.0010154365152,0.017285383,13.6577166,9936.0
NDFIP1,up,0.0010171886237,0.017298681,6.2727315,80762.0
CRISP3,up,0.0010191191859,0.017304593,71.1619612,10321.0
TMEM65,up,0.0010248445865,0.017372783,4.4917967,157378.0
CNTLN,down,0.0010315435214,0.017421079,2.1873473,54875.0
SLC12A8,down,0.0010317065865,0.017421079,171.272312,84561.0
ETS1,up,0.0010325468987,0.017421079,6.3217309,2113.0
SH3BP1,up,0.0010346247933,0.017431233,8.5284073,23616.0
PPARGC1B,down,0.001040769821,0.017487739,2.5890867,133522.0
EFCAB4A,down,0.0010410905049,0.017487739,7.3428341,283229.0
GPR144,up,0.0010440591379,0.017523123,2.4903353,347088.0
UBXN8,up,0.0010463582319,0.01754722,18.9373108,7993.0
IFT52,up,0.001058428658,0.017713441,4.2982028,51098.0
FAM153B,down,0.001059517428,0.017713441,4.7276535,202134.0
MBL2,up,0.0010597561607,0.017713441,8.071461,4153.0
REPIN1,up,0.0010622600545,0.017740703,5.0807147,29803.0
EXD2,down,0.0010666185028,0.017798868,5.3222679,55218.0
GPR143,down,0.0010691467226,0.017826421,9.264474,4935.0
CARD8,up,0.0010707123947,0.017837893,3.8752176,22900.0
PLEKHG4,down,0.0010745840782,0.017839597,9.5961114,25894.0
ACOT11,up,0.0010747115486,0.017839597,2.7546789,26027.0
SLC39A13,up,0.0010757564787,0.017839597,5.1849583,91252.0
MED28,up,0.0010765630174,0.017839597,3.5586353,80306.0
TAC3,up,0.0010769597597,0.017839597,2.1162705,6866.0
SLITRK5,up,0.0010774843412,0.017839597,5.5701363,26050.0
DNAI2,up,0.0010793512837,0.017839597,3.0740996,64446.0
RANGRF,up,0.0010800565803,0.017839597,2.2795446,29098.0
TBC1D2B,up,0.001081738099,0.017839597,3.1896306,23102.0
MEIG1,up,0.0010818871093,0.017839597,2.6613701,644890.0
PPTC7,down,0.001082225,0.017839597,3.5160979,160760.0
DIABLO,up,0.0010869727529,0.017878338,6.2887393,56616.0
CHAMP1,up,0.0010872140539,0.017878338,6.8624687,283489.0
KCNN2,up,0.0010890924955,0.017894749,3.5448369,3781.0
YPEL5,up,0.0010920181981,0.017921948,6.7443274,51646.0
SFRP2,up,0.0010927435653,0.017921948,5.3558727,6423.0
RBM24,down,0.0010933931082,0.017921948,2.8975415,221662.0
FEZF1,up,0.0010949184882,0.017932489,4.5156724,389549.0
PTPN7,down,0.0010993422551,0.017977907,3.2870858,5778.0
S100G,down,0.0010994607092,0.017977907,3.3224635,795.0
LOC100507003,up,0.0011030564471,0.018007729,6.4992602,100507003.0
CD300LG,up,0.0011054687846,0.018032627,4.3828822,146894.0
HPS3,up,0.0011078785848,0.018045732,5.3934081,84343.0
SPRY4,up,0.0011080478895,0.018045732,4.0178492,81848.0
A4GALT,up,0.0011092966863,0.018051605,2.5883774,53947.0
COX7A2L,up,0.0011114063622,0.018067014,2.7573957,9167.0
KIAA1462,up,0.0011121332329,0.018067014,4.4941736,57608.0
SRSF3,up,0.0011133059972,0.018067014,2.7006899,6428.0
KCNK3,down,0.0011137992203,0.018067014,16.2247803,3777.0
FAM134B,up,0.0011174006767,0.018106359,6.9017539,54463.0
LTK,down,0.0011188681067,0.018106359,2.2576582,4058.0
RNF126,up,0.0011193627344,0.018106359,8.8272176,55658.0
MRPL49,up,0.0011202372157,0.018106359,3.3353613,740.0
IL5RA,up,0.0011209868754,0.018106359,3.0468451,3568.0
STK17B,down,0.0011215697843,0.018106359,2.3287344,9262.0
CELSR1,down,0.0011238461585,0.018114332,347.2495144,9620.0
PCYT2,up,0.0011248482771,0.018116118,2.7832876,5833.0
NSA2,up,0.0011282786594,0.018144058,4.9069781,10412.0
MYOM1,down,0.0011311235631,0.018173981,8.066196,8736.0
GCH1,up,0.0011342540533,0.018202201,10.7119174,2643.0
BMP8A,up,0.0011364151003,0.018202201,3.1299657,353500.0
SH3BGRL,up,0.001136462158,0.018202201,6.5601085,6451.0
ERLIN1,up,0.0011376587724,0.018207019,8.4380463,10613.0
SEC13,up,0.0011398603867,0.018216547,2.6232938,6396.0
GPX4,up,0.0011400466094,0.018216547,7.0666177,2879.0
HIST1H2BK,up,0.0011442501192,0.018247403,6.5728965,85236.0
TRABD,down,0.0011443286768,0.018247403,3.1379126,80305.0
CHML,up,0.0011446710641,0.018247403,2.6721753,1122.0
KIFC1,up,0.0011510607801,0.018310481,7.7330432,3833.0
APIP,up,0.0011520488984,0.018310481,3.5547918,51074.0
PEX12,up,0.001152231512,0.018310481,7.8094822,5193.0
RP11-144F15.1,up,0.0011544799874,0.018319685,11.1061168,
KLK15,down,0.0011546133635,0.018319685,120.6012179,55554.0
SNRPA,up,0.0011580270488,0.018332989,2.6695536,6626.0
SPATA21,up,0.0011617765769,0.018356794,3.4771247,374955.0
SPEG,up,0.0011634400151,0.018356794,3.6773199,10290.0
RPA2,up,0.001163531822,0.018356794,6.2664048,6118.0
ADAMTS2,up,0.0011663331803,0.018356794,3.6435338,9509.0
TMEM66,up,0.0011667560285,0.018356794,5.2841784,51669.0
CRY2,down,0.0011673751943,0.018356794,2.604929,1408.0
ECE1,down,0.001168615025,0.018356794,8.3047891,1889.0
NOTCH4,down,0.0011686932893,0.018356794,2.6092467,4855.0
MRPS14,up,0.0011726870685,0.018405301,31.3309237,63931.0
UBE2D1,up,0.0011757417467,0.018439005,5.0111125,7321.0
EPHA5,up,0.0011795181185,0.018442998,3.5644948,2044.0
PARP9,down,0.00118047733,0.018442998,72.0135092,83666.0
KIAA1919,up,0.0011807035262,0.018442998,4.5116003,91749.0
ANKRD10,up,0.0011815748614,0.018442998,2.1416885,55608.0
BSND,up,0.0011815971803,0.018442998,2.4506708,7809.0
SDSL,down,0.0011829204129,0.018442998,12.4901864,113675.0
PDE6G,up,0.0011832925837,0.018442998,2.8942442,5148.0
TDRD1,down,0.0011841629678,0.018442998,4.9622428,56165.0
HAND1,up,0.0011915763666,0.018510757,3.4156876,9421.0
C2CD4B,down,0.0011927143612,0.018510757,5.4185634,388125.0
CPM,up,0.0011928776878,0.018510757,2.7427503,1368.0
SPAG9,down,0.0011930672262,0.018510757,4.3364661,9043.0
NDRG3,up,0.0011984883454,0.018566521,8.6637671,57446.0
EIF3M,up,0.0011998916424,0.018574103,3.5631478,10480.0
CLEC7A,down,0.0012039237421,0.018604125,63.9478537,64581.0
PRCP,up,0.0012043491474,0.018604125,17.7202043,5547.0
MINK1,down,0.0012052327756,0.018604125,6.4685795,50488.0
C2orf27B,up,0.0012070619085,0.018614213,2.9708628,408029.0
KCNIP1,up,0.0012094956325,0.018624036,4.2926589,30820.0
AZI2,up,0.0012095541296,0.018624036,3.3256371,64343.0
FAHD2B,up,0.0012104478098,0.018624036,4.1678723,151313.0
CENPE,down,0.0012140003245,0.01864387,4.2653915,1062.0
TCIRG1,up,0.0012144887432,0.01864387,4.1995913,10312.0
C1orf88,up,0.0012172262646,0.018668736,4.5745695,128344.0
CSTF2T,up,0.0012179455979,0.018668736,6.5530521,23283.0
ANAPC13,up,0.0012224397932,0.018709404,2.5468324,25847.0
RSPRY1,down,0.0012284264667,0.01876487,4.0253816,89970.0
ATF5,up,0.0012285329689,0.01876487,4.8925292,22809.0
JOSD1,up,0.001230051449,0.01876487,2.9948774,9929.0
ASTN1,up,0.0012302193351,0.01876487,5.8462577,460.0
RYBP,down,0.0012351321576,0.018790465,12.7619419,23429.0
MOV10L1,up,0.0012365604668,0.018798124,3.903276,54456.0
FOXP2,up,0.0012382710345,0.018810059,5.0006193,93986.0
ME2,up,0.0012397585256,0.01881859,2.1903408,4200.0
AMPD2,up,0.0012422965203,0.018831914,2.6066135,271.0
UTP14C,down,0.0012434159183,0.018831914,3.1158248,9724.0
ORC2,up,0.0012513118928,0.018906274,7.7582409,4999.0
ATRN,down,0.0012526014625,0.018906274,38.2950425,8455.0
AGPAT4,up,0.0012529876519,0.018906274,2.7925389,56895.0
PAQR8,up,0.0012534855883,0.018906274,4.7318027,85315.0
UBE2J2,down,0.001253906886,0.018906274,2.0259249,118424.0
CORO7,up,0.0012560840342,0.018912381,3.4260511,79585.0
GLA,down,0.001256172889,0.018912381,3.3354614,2717.0
EIF4A2,up,0.0012574641016,0.018917807,3.7718209,1974.0
LPCAT4,up,0.0012592980016,0.018931385,4.4971029,254531.0
SLA,down,0.001260462049,0.018934879,3.9260448,6503.0
KIF2A,up,0.0012630282127,0.018944901,8.4970359,3796.0
FARP1,up,0.0012650541138,0.018944901,7.8396892,10160.0
SEMA3D,up,0.0012665636058,0.018944901,3.3959567,223117.0
BET1,up,0.0012688398063,0.018944901,5.3400065,10282.0
HMSD,up,0.0012690696357,0.018944901,3.632469,284293.0
GLRX2,up,0.0012692455849,0.018944901,3.9652647,51022.0
FCER1G,up,0.0012702006737,0.018944901,3.596992,2207.0
FBXO46,up,0.0012719851579,0.018944901,2.1183517,23403.0
CCRN4L,down,0.0012720845198,0.018944901,7.5733512,25819.0
MDFI,up,0.0012722254909,0.018944901,2.2604761,4188.0
ANKFY1,down,0.0012733965456,0.018944901,34.9378946,51479.0
GORAB,up,0.0012741077905,0.018944901,5.735801,92344.0
ACTR3B,up,0.0012757044061,0.018944901,2.4892445,57180.0
SLC11A2,up,0.0012760428045,0.018944901,4.0558542,4891.0
RAB3C,up,0.0012797216158,0.018967473,5.3495584,115827.0
ZNF276,down,0.0012806314907,0.018967473,169.3546825,92822.0
B3GALNT1,up,0.0012809029092,0.018967473,2.534849,8706.0
BLVRA,up,0.0012812959883,0.018967473,4.826394,644.0
BCAM,up,0.0012848948645,0.018990912,4.127684,4059.0
MSL3,up,0.0012849802228,0.018990912,6.0180281,10943.0
PER2,down,0.0012858637382,0.018990912,2.4946146,8864.0
TCTN3,up,0.001286803029,0.018990912,2.4421727,26123.0
CXorf36,up,0.0012875511078,0.018990912,2.9848299,79742.0
TOR2A,up,0.0012917164856,0.019024737,6.3964071,27433.0
LCN15,down,0.0012940028138,0.019038693,6.5076583,389812.0
PABPC4L,up,0.0012952802922,0.019038693,4.5908038,132430.0
TMTC4,down,0.0012954741466,0.019038693,2.3875369,84899.0
ZDHHC21,up,0.0012966782972,0.01904262,14.068443,340481.0
SLC30A5,up,0.0012986353642,0.019044574,5.9914243,64924.0
PDLIM5,down,0.0012986853603,0.019044574,2.519849,10611.0
LRRC19,down,0.0013021198945,0.019057903,2.9864944,64922.0
HMBOX1,down,0.0013029224127,0.019057903,4.4056753,79618.0
TOR3A,up,0.0013036801876,0.019057903,2.7461324,64222.0
RPL34,up,0.0013038524646,0.019057903,3.1827665,6164.0
MPLKIP,up,0.001304282595,0.019057903,3.3148467,136647.0
DMRT2,up,0.0013070514275,0.019084305,3.8942052,10655.0
RHOA,up,0.0013079673812,0.019084305,2.1289799,387.0
KBTBD7,up,0.0013110365355,0.019115364,3.569799,84078.0
FEZ2,up,0.0013157892741,0.019156682,4.0232551,9637.0
BOD1L2,up,0.0013186737461,0.019156682,4.7299596,284257.0
SLMO1,down,0.001318929784,0.019156682,4.4161735,10650.0
PCGF1,up,0.0013200988338,0.019156682,10.3985036,84759.0
NOD1,up,0.0013204679719,0.019156682,7.4389857,10392.0
FAM196B,up,0.001323129859,0.019167433,2.5394495,100131897.0
NNAT,up,0.0013242493348,0.019167433,2.6323354,4826.0
ANKRD12,down,0.0013242919185,0.019167433,6.5993468,23253.0
TFPI,up,0.001324981192,0.019167433,8.2918066,7035.0
METTL13,up,0.0013280982168,0.019193126,3.4326101,51603.0
C2CD2,up,0.0013291470976,0.019193126,5.3988539,25966.0
WDR19,up,0.0013295902302,0.019193126,2.2191569,57728.0
RWDD3,up,0.0013311888836,0.019202565,5.2796306,25950.0
ERCC1,down,0.0013334074618,0.01920784,19.2828091,2067.0
MT1F,up,0.0013334446129,0.01920784,3.6828803,4494.0
ARHGEF5,up,0.0013381945372,0.019262609,2.4656247,7984.0
SLC34A3,up,0.001342339167,0.019297027,2.2562868,142680.0
ATRNL1,down,0.0013434338486,0.019297027,3.6517222,26033.0
KHDC1L,up,0.0013472840683,0.019324654,2.6663977,100129128.0
RECK,up,0.001348796869,0.019324654,2.848611,8434.0
FAM53A,up,0.0013490811332,0.019324654,2.5334072,152877.0
TXNIP,up,0.0013501241036,0.019324654,23.0109137,10628.0
ALG9,up,0.0013505027935,0.019324654,4.488206,79796.0
FURIN,down,0.0013535128371,0.019324654,3.2137535,5045.0
THEMIS,up,0.0013539053359,0.019324654,2.990977,387357.0
COPA,down,0.0013545349184,0.019324654,4.014937,1314.0
FCRL1,down,0.00135548165,0.019324654,3.3663725,115350.0
AP5Z1,up,0.0013558158327,0.019324654,3.5436581,9907.0
CREB1,down,0.0013601908462,0.019337558,4.6079367,1385.0
FCER1A,up,0.0013614782694,0.019337558,9.4454258,2205.0
FAM110C,down,0.0013625048422,0.019338625,2.8967223,642273.0
VPS51,up,0.0013670462743,0.019381045,10.9310653,738.0
SLC26A4,up,0.0013676168542,0.019381045,2.5563262,5172.0
CCDC57,up,0.0013683542378,0.019381045,3.0099068,284001.0
MAGEA1,up,0.0013715975003,0.019386453,2.5299983,4100.0
SAA1,down,0.0013741818532,0.019409483,14.6335849,6288.0
BRPF3,up,0.0013754751396,0.019414258,6.1535554,27154.0
CYP1B1,down,0.0013804968835,0.019471616,5.0387576,1545.0
SELM,up,0.0013826221867,0.019488069,10.4891895,140606.0
COL21A1,down,0.0013871341112,0.019524585,3.9210967,81578.0
SRBD1,down,0.0013884398387,0.019529439,23.2538948,55133.0
KDELR2,up,0.0013916696811,0.019547814,4.6425164,11014.0
SIGMAR1,up,0.0013930544965,0.019551858,4.538886,10280.0
PDE9A,up,0.0013938815707,0.019551858,2.3470482,5152.0
KLHDC8B,up,0.0013957307596,0.019564295,6.9996688,200942.0
CHD2,down,0.0014007709626,0.019600173,3.6080803,1106.0
CRBN,up,0.0014011313501,0.019600173,2.2427078,51185.0
DGUOK,up,0.0014011833086,0.019600173,2.3159868,1716.0
IFIT1,up,0.0014053461981,0.019644884,5.8025062,3434.0
CIB3,up,0.001408391647,0.019670024,3.3056782,117286.0
PPM1B,down,0.0014090802055,0.019670024,11.4861919,5495.0
ANKHD1,up,0.0014101197795,0.019671026,4.0149982,54882.0
FAM104B,up,0.0014130440586,0.019685651,7.1525301,90736.0
ATP2A2,up,0.0014131052468,0.019685651,11.0932657,488.0
LONRF1,down,0.001417757672,0.019711193,11.9336996,91694.0
DUSP13,up,0.0014213182913,0.019711193,3.0989744,51207.0
CCL14,up,0.0014214665996,0.019711193,3.2874539,6358.0
SERINC4,up,0.0014221511274,0.019711193,2.8123227,619189.0
CDK2,up,0.0014227080765,0.019711193,5.422738,1017.0
WDR52,down,0.0014227294184,0.019711193,5.0897873,55779.0
SH2D3C,down,0.0014227870783,0.019711193,2.0288375,10044.0
CELF6,up,0.0014238440105,0.019711193,2.0033258,60677.0
MINA,up,0.0014266571458,0.019725719,7.6065068,84864.0
UBD,up,0.0014277308054,0.019727144,5.5966734,10537.0
DENND4A,down,0.001428858007,0.019729306,2.7481546,10260.0
KCNK16,up,0.0014323015348,0.019756409,3.7101444,83795.0
PRRT4,down,0.001435536023,0.019777131,4.618613,401399.0
GAS1,up,0.0014371868184,0.019777131,2.534009,2619.0
PSG4,up,0.001438381847,0.019780183,2.769304,5672.0
SLC25A26,up,0.0014468424183,0.01985233,5.2176097,115286.0
TSHR,up,0.0014470934109,0.01985233,3.6414868,7253.0
MRPS27,up,0.0014480433066,0.01985233,4.9657873,23107.0
SCAMP3,up,0.0014490137573,0.01985233,4.6019341,10067.0
DCP1A,up,0.0014491990406,0.01985233,2.4426959,55802.0
NDUFB4,up,0.0014494886871,0.01985233,7.8524994,4710.0
GRIN1,down,0.0014534705627,0.019875586,3.91101,2902.0
KDM5A,down,0.0014538521169,0.019875586,4.7184685,5927.0
KIR2DL3,down,0.0014541203943,0.019875586,14.6629556,3804.0
RPL41,up,0.0014685668072,0.02005524,5.9074131,6171.0
YY1AP1,up,0.0014709893253,0.02005524,3.7562078,55249.0
CAPN14,down,0.0014720561466,0.02005524,5.8983878,440854.0
ASB2,up,0.0014721977061,0.02005524,8.2908292,51676.0
GRP,up,0.0014774531426,0.020110841,2.995124,2922.0
ZNF581,up,0.0014782581039,0.020110841,2.850801,51545.0
CRTAP,up,0.0014834810048,0.020144838,5.573623,10491.0
TRAM1L1,up,0.0014835640695,0.020144838,6.2341065,133022.0
IGBP1,up,0.00148483803,0.020144838,2.7883932,3476.0
C19orf81,up,0.0014853188095,0.020144838,3.8507143,342918.0
C7orf10,up,0.0014863569552,0.020144838,3.3949261,79783.0
MGAT2,up,0.001486703888,0.020144838,2.3006529,4247.0
COL4A3BP,down,0.0014903622809,0.020180955,2.4929881,10087.0
GALNT10,up,0.0014918737835,0.020187972,3.3930209,55568.0
ARL17A,up,0.0014943772466,0.020208395,4.2407212,51326.0
UCP3,up,0.0014986514173,0.020225823,5.3776432,7352.0
WDR46,up,0.0015063028396,0.020302125,3.3393804,9277.0
FOXJ3,down,0.0015082465718,0.020314852,4.7694484,22887.0
PVRIG,up,0.0015097858979,0.020322118,4.4606842,79037.0
CLDN8,up,0.0015156069504,0.02038158,23.684959,9073.0
HESX1,up,0.0015162090217,0.02038158,9.5811567,8820.0
TERF2IP,up,0.0015208270584,0.020430145,2.5760967,54386.0
HOXD8,up,0.0015242383037,0.020462446,4.4578313,3234.0
RAB26,up,0.0015266584554,0.020473086,4.1449308,25837.0
PIK3C2A,down,0.0015287787715,0.020473086,4.5092903,5286.0
ARHGEF3,up,0.0015304573423,0.020473086,4.1953335,50650.0
P4HTM,up,0.0015318141805,0.020473086,2.2176234,54681.0
MEI1,up,0.0015322549975,0.020473086,7.3672786,150365.0
MPPE1,up,0.0015341753463,0.020473086,2.8804326,65258.0
EIF1B,up,0.0015342276401,0.020473086,2.4449811,10289.0
COA1,up,0.001536065585,0.020473086,10.5947921,55744.0
MCRS1,up,0.0015361110347,0.020473086,5.9881192,10445.0
ORC4,up,0.0015385336463,0.020481932,4.6681483,5000.0
GPR137,up,0.0015398551631,0.020482694,6.6899032,56834.0
PLA2G15,up,0.0015459573496,0.020549674,3.1910994,23659.0
PUSL1,up,0.0015486346209,0.020549674,4.56008,126789.0
ST7L,up,0.0015488668724,0.020549674,4.2418297,54879.0
TGFB1I1,up,0.0015489348012,0.020549674,3.1774153,7041.0
C14orf183,up,0.0015504832244,0.020556798,8.3316194,196913.0
TAS2R40,up,0.0015552412702,0.02060644,18.4766696,259286.0
SEP15,up,0.0015579116069,0.020613175,4.1679125,9403.0
MRPL18,up,0.0015586534919,0.020613175,3.7676937,29074.0
FICD,down,0.0015587921177,0.020613175,3.9510584,11153.0
LPPR2,up,0.0015609419144,0.020626095,2.8322416,64748.0
ZMYM6NB,up,0.0015617987546,0.020626095,2.4850628,100506144.0
ATG16L1,up,0.0015648022517,0.020652341,2.4125133,55054.0
SBF1,up,0.0015701140637,0.02069557,2.451859,6305.0
RND1,down,0.0015739016849,0.020732049,3.4837538,27289.0
ATP13A2,up,0.0015761659993,0.020748429,6.4249582,23400.0
TGIF1,up,0.0015783388916,0.020758869,3.8138701,7050.0
PCBP3,up,0.0015790017683,0.020758869,3.0870228,54039.0
MST1R,down,0.0015813548297,0.020764518,13.452979,4486.0
FOXD3,up,0.0015840031184,0.020764518,24.9913102,27022.0
AUP1,up,0.0015840279596,0.020764518,3.2710058,550.0
ZNF674,up,0.0015842554219,0.020764518,3.3346252,641339.0
MYO9B,up,0.0015845396113,0.020764518,2.8943532,4650.0
EBF4,up,0.0015885216805,0.020768521,3.1578058,57593.0
CST11,down,0.0015913622117,0.020768521,4.2664573,140880.0
UVRAG,up,0.0015921751322,0.020768521,2.4587545,7405.0
OTUD7A,down,0.0015924048528,0.020768521,4.4756931,161725.0
AKR1D1,down,0.0015925956141,0.020768521,4.9318718,6718.0
C17orf61,up,0.0015932317986,0.020768521,3.9173988,254863.0
HGFAC,up,0.0015938740586,0.020768521,3.9502506,3083.0
ZNF678,down,0.0015944153994,0.020768521,140.171843,339500.0
ARSA,up,0.0015944307136,0.020768521,4.9023335,410.0
CORT,down,0.0015950632556,0.020768521,2.558114,1325.0
C4orf33,up,0.0015981154674,0.020787602,12.1639774,132321.0
ERBB2,down,0.0015995806627,0.020787602,22.9025817,2064.0
CD300LB,up,0.0015999678552,0.020787602,2.7791706,124599.0
TSPAN8,up,0.0016006197615,0.020787602,10.9284703,7103.0
IRF2BP2,up,0.0016078844608,0.020857406,2.1565072,359948.0
SNRNP35,up,0.0016081827518,0.020857406,14.3918894,11066.0
ETV3,down,0.0016090731668,0.020857406,3.1338433,2117.0
OR52I1,up,0.0016106841917,0.020864982,2.2068424,390037.0
KHDRBS1,down,0.0016149492969,0.020877679,5.0324433,10657.0
ZBTB9,up,0.001615611961,0.020877679,4.8109061,221504.0
APBB2,up,0.0016159040704,0.020877679,2.7605321,323.0
MRPL52,up,0.0016166469481,0.020877679,2.7422321,122704.0
ALAS1,down,0.0016176325641,0.020877679,3.2396045,211.0
MYEOV,up,0.0016186736757,0.020877679,2.4871089,26579.0
SLC24A1,up,0.0016188547073,0.020877679,2.9757891,9187.0
ANTXR1,down,0.0016229122208,0.020915082,3.7357463,84168.0
WDR44,up,0.0016238463718,0.020915082,9.3744126,54521.0
MTRNR2L2,up,0.0016252025283,0.020915082,9.3418827,100462981.0
ACD,up,0.0016279094808,0.020915082,2.466369,65057.0
NR2C1,up,0.0016279291301,0.020915082,9.8465969,7181.0
AMY1A,up,0.0016310482886,0.020930517,2.8366169,276.0
PARL,down,0.001631901439,0.020930517,4.6677835,55486.0
MFSD7,up,0.0016322198875,0.020930517,2.3304032,84179.0
GRAMD1B,up,0.0016350904589,0.020949431,2.4430462,57476.0
RNF166,up,0.0016359064853,0.020949431,4.050866,115992.0
DBI,up,0.0016389582139,0.020949431,3.3206874,1622.0
VWA5B1,up,0.0016395411633,0.020949431,2.1839431,127731.0
IGLL1,up,0.0016396623365,0.020949431,5.4432247,3543.0
MYO9A,down,0.001642817977,0.020973791,9.7500014,4649.0
NDUFV1,up,0.0016470557971,0.020980356,4.1393167,4723.0
ZNF680,up,0.0016474611784,0.020980356,2.5358286,340252.0
EGFL8,up,0.0016493178539,0.020990849,6.6464469,80864.0
NDRG2,down,0.0016537385684,0.02103394,2.5332535,57447.0
TMEM8B,up,0.0016583550016,0.021079466,3.554905,51754.0
ME1,up,0.0016594255618,0.02107989,13.7805984,4199.0
ZBTB49,up,0.0016611072406,0.02108785,3.7919141,166793.0
ZGPAT,up,0.0016621272193,0.02108785,3.3492495,84619.0
TMEM171,up,0.0016661313403,0.021125464,2.845203,134285.0
ZNF330,down,0.0016718675618,0.02118498,2.3747459,27309.0
NRG1,up,0.0016748463142,0.021196296,2.3927331,3084.0
SF3B2,up,0.0016797009789,0.02123156,3.4374765,10992.0
WWOX,down,0.0016797219201,0.02123156,2.9161481,51741.0
CDCA5,up,0.0016819776548,0.021246859,11.5996344,113130.0
TMC4,up,0.0016868434089,0.021295088,5.7896287,147798.0
SLC25A31,down,0.0016937045961,0.021366487,2.4806316,83447.0
EI24,up,0.0016946015808,0.021366487,2.4123145,9538.0
SCML4,up,0.0016964803812,0.021376915,3.7031637,256380.0
PIP5K1C,down,0.001697786746,0.021380121,2.5470844,23396.0
SIPA1L1,down,0.001701426569,0.021385783,14.4035135,26037.0
XRCC3,up,0.001701777607,0.021385783,5.9251594,7517.0
GSTM3,up,0.0017026327302,0.021385783,3.8270551,2947.0
GALK2,up,0.0017083028526,0.021415085,3.4880543,2585.0
SLC3A2,up,0.0017093821514,0.021415085,5.0948884,6520.0
TMPRSS4,up,0.0017104908357,0.021415085,4.026979,56649.0
BTBD7,down,0.001711213388,0.021415085,3.3665716,55727.0
PPP6C,up,0.0017112932041,0.021415085,33.5918055,5537.0
TNFSF4,up,0.0017121531906,0.021415085,4.5170795,7292.0
ZNF415,down,0.0017135822684,0.021419778,62.534344,55786.0
CARS,up,0.0017195148033,0.02146753,4.3228478,833.0
ATXN3L,down,0.001721028391,0.021473236,10.153479,92552.0
UTP6,up,0.001722781885,0.021481927,2.9911149,55813.0
OSBPL1A,down,0.0017280026191,0.021533816,8.4256277,114876.0
SCYL3,up,0.0017304863104,0.021546637,7.7974952,57147.0
PPP1R36,up,0.0017311517203,0.021546637,3.2359082,145376.0
PPP4C,up,0.0017338262579,0.021559142,8.5051273,5531.0
SYNPO,up,0.0017342778516,0.021559142,2.9804902,11346.0
E2F5,up,0.0017382045489,0.021594748,3.8905081,1875.0
BEX1,down,0.0017435620191,0.021634858,4.6778326,55859.0
HEPACAM,up,0.001745554934,0.021646372,3.2635446,220296.0
CSTA,up,0.0017509471548,0.021700001,189.111825,1475.0
ZDHHC12,up,0.0017527730857,0.021709392,9.3460121,84885.0
IRF9,up,0.0017573605867,0.021736478,7.1312587,10379.0
MEF2D,down,0.0017576113121,0.021736478,93.8630911,4209.0
PSMA1,up,0.0017639488426,0.021736478,4.3444629,5682.0
SLC35B2,up,0.0017646259707,0.021736478,2.8516007,347734.0
MYO18B,up,0.0017646610693,0.021736478,4.3305812,84700.0
KCTD13,up,0.001765608274,0.021736478,5.6828668,253980.0
PAICS,up,0.0017656546469,0.021736478,7.5352889,10606.0
MCCD1,up,0.0017667238597,0.021736478,6.8133164,401250.0
BDKRB1,up,0.0017700078722,0.021745511,4.4567592,623.0
PRKACG,down,0.0017704035413,0.021745511,4.0007958,5568.0
CTAGE5,up,0.0017706676458,0.021745511,2.6004391,4253.0
RGPD2,up,0.0017756481202,0.021785702,3.1882054,729857.0
PRRT2,up,0.0017760840337,0.021785702,4.459525,112476.0
ASMT,up,0.0017850473059,0.02186925,4.4749454,438.0
TSPAN15,up,0.0017889214,0.021903511,16.8935583,23555.0
C5orf45,up,0.001795456861,0.021969592,6.3954396,51149.0
CPEB2,up,0.0017964802564,0.021969592,3.1612029,132864.0
PDZD9,down,0.0018027311563,0.021976596,3.9747224,255762.0
HSD11B2,up,0.001802981662,0.021976596,3.4124147,3291.0
LYRM2,up,0.0018032325149,0.021976596,2.5579758,57226.0
SLC29A1,up,0.0018036967276,0.021976596,8.3048691,2030.0
FSD1,up,0.001803713246,0.021976596,3.0051733,79187.0
TMEM106B,up,0.0018048848275,0.021976596,5.0811646,54664.0
RPAIN,up,0.0018067843764,0.021976596,2.2654877,84268.0
TIAL1,up,0.0018088954078,0.021989114,7.9337575,7073.0
PHACTR4,down,0.0018104969395,0.021995428,3.6033557,65979.0
PHF12,up,0.0018117253093,0.021997202,5.8786145,57649.0
EFS,down,0.0018129131528,0.021998483,2.0657218,10278.0
EEF1E1,down,0.001814657476,0.022002856,97.6333187,9521.0
COG1,up,0.0018164132174,0.022002856,2.0384746,9382.0
INF2,up,0.0018165211545,0.022002856,2.8772678,64423.0
NRG4,up,0.0018178773362,0.022006168,5.0358434,145957.0
CYP2W1,down,0.0018217867428,0.022040366,9.3108615,54905.0
C2orf43,up,0.0018256950621,0.022057334,4.6796377,60526.0
SLC19A1,up,0.0018262222646,0.022057334,3.7422315,6573.0
RIPK1,up,0.0018264449026,0.022057334,3.2080671,8737.0
PURG,up,0.0018283585261,0.022063043,8.0633876,29942.0
GPBAR1,up,0.0018296845056,0.022063043,3.6234258,151306.0
POGZ,down,0.0018312039625,0.022063043,5.9608741,23126.0
PHC2,up,0.0018379813996,0.022117805,19.0659917,1912.0
XKRY2,up,0.0018394432222,0.022122298,8.0925232,353515.0
PAX1,down,0.0018412113813,0.022130468,2.9177719,5075.0
C9orf69,down,0.0018429464747,0.022138231,56.8161578,90120.0
SIAH1,up,0.0018446765214,0.022145925,3.0155423,6477.0
DDX21,down,0.0018465393818,0.022155202,8.5980039,9188.0
NOX5,up,0.0018490500812,0.022172238,5.9472709,79400.0
VOPP1,up,0.001853049636,0.022180939,2.4653848,81552.0
PBXIP1,up,0.0018544229809,0.022184313,3.2798468,57326.0
C2orf18,up,0.0018595092541,0.022219004,2.3693882,54978.0
OR10A4,up,0.0018628939127,0.022227079,2.5307506,283297.0
ZBTB38,down,0.0018633036332,0.022227079,9.6483996,253461.0
BTNL9,down,0.0018650850805,0.022227079,4.1182893,153579.0
C17orf72,up,0.0018658138446,0.022227079,7.0266888,92340.0
KCNC3,up,0.0018675312557,0.022227079,6.175212,3748.0
TMEM219,up,0.0018691913736,0.022230143,17.7908615,124446.0
MLC1,up,0.0018726847497,0.022258665,4.7126456,23209.0
TM2D2,up,0.0018840724393,0.022380931,4.7942298,83877.0
TMEFF2,up,0.0018859427692,0.022381536,3.46533,23671.0
C17orf89,down,0.0018863257305,0.022381536,5.0274111,284184.0
CHEK2,up,0.0018879007763,0.022387155,2.6758377,11200.0
AKNAD1,up,0.0018913645151,0.022415151,4.3133324,254268.0
SRM,up,0.0018950891878,0.022435103,2.6073074,6723.0
NUP133,up,0.0018952556909,0.022435103,4.2181789,55746.0
IFITM1,down,0.0018972667649,0.022445836,3.559904,8519.0
LRRC3B,down,0.0019037795614,0.022509785,19.2183708,116135.0
CCNL2,up,0.0019107999735,0.022575139,7.553684,81669.0
ARAF,up,0.0019115284171,0.022575139,4.637516,369.0
RNF144A,up,0.0019141368541,0.022592817,2.0325262,9781.0
LDHA,up,0.0019185209045,0.02263142,9.8772585,3939.0
C10orf71,up,0.0019230872113,0.022662538,4.354039,118461.0
NCAM1,down,0.0019255571822,0.022662538,4.2380136,4684.0
CCT3,up,0.0019256743532,0.022662538,6.8292376,7203.0
SPEF2,down,0.0019404020526,0.02278375,5.3494612,79925.0
AQP10,down,0.001950712863,0.022850981,9.3736483,89872.0
CARD9,down,0.0019514328545,0.022850981,3.6607792,64170.0
PGAP3,up,0.0019520862869,0.022850981,3.0285205,93210.0
DYSF,up,0.0019523256423,0.022850981,4.1360298,8291.0
DNAJC15,up,0.0019523932105,0.022850981,2.3641054,29103.0
RAD9A,up,0.0019538898961,0.022850981,2.8080216,5883.0
ZBTB16,down,0.0019547820191,0.022850981,16.8946173,7704.0
TMEM107,up,0.0019555581741,0.022850981,3.8474632,84314.0
CDHR2,up,0.0019565362841,0.022850981,5.4036575,54825.0
IL17RC,up,0.0019602471528,0.022850981,3.250168,84818.0
TRIM32,up,0.0019614263856,0.022850981,7.8033065,22954.0
CLCN6,up,0.0019626732768,0.022850981,3.0007614,1185.0
TMEM39B,up,0.0019634040148,0.022850981,3.084699,55116.0
FAHD2A,up,0.0019649901344,0.022850981,5.8998722,51011.0
BUB1,up,0.0019652405931,0.022850981,2.1058587,699.0
CYP2C8,up,0.0019677753139,0.022867372,5.9915933,1558.0
CBX1,down,0.0019696304315,0.022875851,9.6346737,10951.0
RALGAPA2,down,0.0019709851571,0.022878511,7.8933167,57186.0
SUPT3H,up,0.0019726116716,0.022884322,2.4372594,8464.0
CCDC116,down,0.0019748686318,0.022888841,2.5571747,164592.0
TXLNG,down,0.0019752535289,0.022888841,7.0517743,55787.0
UBE2V2,up,0.0019767223037,0.02289281,7.9383793,7336.0
DUSP23,up,0.0019800060751,0.022900617,2.3971327,54935.0
MED22,down,0.0019806700319,0.022900617,6.0492851,6837.0
ZC3HC1,up,0.0019811853958,0.022900617,2.7375225,51530.0
NOL7,down,0.0019819033431,0.022900617,2.6693587,51406.0
MDH2,up,0.0019836686748,0.022907667,2.0072011,4191.0
MYO1D,down,0.0019869284913,0.022919592,27.97369,4642.0
TNNT1,up,0.0019933120696,0.022972335,2.4189082,7138.0
GCNT4,down,0.0019937613451,0.022972335,3.2185276,51301.0
AADACL3,up,0.0019949191548,0.022972653,9.2649329,126767.0
HRASLS5,up,0.0019994154659,0.023011393,3.7810798,117245.0
AAMP,up,0.0020037295652,0.023036126,4.0700598,14.0
GOPC,down,0.002005339575,0.023036126,8.4807902,57120.0
ANGPT4,down,0.0020071058706,0.023036126,2.3952908,51378.0
OSTC,up,0.0020083648414,0.023036126,4.5714862,58505.0
CCDC104,up,0.0020140640674,0.023050564,4.8313649,112942.0
COMMD4,up,0.0020159942209,0.023050564,5.7946175,54939.0
MAGI3,up,0.0020162056243,0.023050564,2.7114091,260425.0
CTBP1,up,0.0020171919176,0.023050564,4.0448725,1487.0
ZNF644,down,0.0020176035787,0.023050564,3.0638041,84146.0
STMN2,down,0.0020180481602,0.023050564,2.5293147,11075.0
TTC30A,up,0.0020181538754,0.023050564,5.4639469,92104.0
PPT2,down,0.0020214927217,0.023050564,58.8955557,9374.0
SP1,down,0.0020242098751,0.023050564,2.6120943,6667.0
AMN1,up,0.0020245307574,0.023050564,10.3144741,196394.0
PNO1,up,0.0020263402948,0.023050564,2.2311206,56902.0
XRCC6,up,0.0020273947603,0.023050564,8.5062939,2547.0
TEAD3,down,0.0020278172699,0.023050564,3.578851,7005.0
FAF1,up,0.0020280526483,0.023050564,3.1830954,11124.0
SNX9,down,0.0020280800798,0.023050564,5.0544692,51429.0
TFDP2,down,0.0020289032946,0.023050564,3.5650785,7029.0
EID2B,up,0.0020317866623,0.023070427,6.3066796,126272.0
MYL12B,up,0.0020379175452,0.023106188,6.3175011,103910.0
DTX4,down,0.0020391327529,0.023106188,10.4778129,23220.0
WASF3,down,0.002039483497,0.023106188,115.7714011,10810.0
GSS,up,0.0020413827811,0.02310914,5.0471424,2937.0
JAKMIP1,up,0.0020420179435,0.02310914,2.7764459,152789.0
BRE,up,0.0020435860593,0.023114016,2.3386014,9577.0
MPHOSPH8,up,0.0020525712114,0.023195786,2.5297179,54737.0
ABCB11,up,0.0020530980731,0.023195786,4.4441339,8647.0
TULP3,up,0.0020629243314,0.023269228,2.9404256,7289.0
IL8,down,0.0020630331838,0.023269228,58.6366184,3576.0
TBATA,up,0.0020661901069,0.023275912,2.9926124,219793.0
FST,up,0.0020680348239,0.023275912,2.1213603,10468.0
DAB2IP,down,0.0020682064686,0.023275912,9.1799449,153090.0
GDE1,up,0.0020717674102,0.023283663,4.7745338,51573.0
PSMG2,up,0.0020722518031,0.023283663,7.4783525,56984.0
TGFBR2,down,0.0020734570179,0.023283663,8.5334889,7048.0
LCOR,up,0.0020734774661,0.023283663,2.5811512,84458.0
C10orf128,up,0.0020761539809,0.023294644,3.0066531,170371.0
POC1A,up,0.0020767475805,0.023294644,2.7077824,25886.0
MGAT1,up,0.0020803499714,0.02332218,3.1094024,4245.0
FAM157A,down,0.0020855913788,0.023358149,4.5816933,728262.0
LYN,down,0.0020865245186,0.023358149,2.6106562,4067.0
CACUL1,down,0.0020872949116,0.023358149,8.3052945,143384.0
SRSF11,down,0.0020890216745,0.023358149,3.8492463,9295.0
ITGAX,down,0.0020893045098,0.023358149,3.6521334,3687.0
GRIK3,down,0.0020913607986,0.023368284,4.2796162,2899.0
AXIN1,up,0.0020955391665,0.023402106,3.016645,8312.0
ZDHHC16,up,0.0020977656707,0.023411872,4.3186088,84287.0
LPCAT2,up,0.0020987173636,0.023411872,3.9091009,54947.0
E2F4,up,0.0021021486951,0.023425123,4.0470194,1874.0
GCFC1,up,0.0021024717713,0.023425123,8.2756047,94104.0
TARSL2,down,0.0021086746353,0.023460839,2.3262979,123283.0
LOC100505679,up,0.0021088784062,0.023460839,2.9346578,100505679.0
BTN3A2,down,0.0021124083745,0.023487254,3.6061831,11118.0
CLDN15,up,0.0021136094902,0.02348776,2.7424389,24146.0
NOS3,down,0.0021178067943,0.023489118,174.7000366,4846.0
KIF3A,down,0.0021194457429,0.023489118,72.1433144,11127.0
SATL1,up,0.0021195000514,0.023489118,4.7247543,340562.0
TGS1,up,0.0021195651372,0.023489118,2.600148,96764.0
MED6,up,0.0021208406078,0.023489118,4.6515014,10001.0
DRAP1,down,0.0021218214037,0.023489118,3.1300629,10589.0
FCGR3A,down,0.0021237959229,0.023492486,3.805434,2214.0
CXCL6,up,0.0021248058779,0.023492486,3.0981663,6372.0
CNTNAP3B,up,0.0021274642581,0.023492486,3.3805632,728577.0
GPR35,down,0.0021287247158,0.023492486,3.3563792,2859.0
VCAN,down,0.0021290033938,0.023492486,8.016867,1462.0
RNF185,up,0.0021324615086,0.023507365,12.5227601,91445.0
PQLC3,up,0.0021332984786,0.023507365,3.2071311,130814.0
EPAS1,down,0.002133878906,0.023507365,6.9689432,2034.0
LYVE1,up,0.0021362870223,0.02350841,11.6996973,10894.0
MEMO1,down,0.0021442481577,0.023557753,7.0450276,51072.0
FAM156B,up,0.0021496572039,0.023604421,3.489648,727866.0
RPP30,up,0.0021531468222,0.023629973,9.0480151,10556.0
CTSS,down,0.0021566116299,0.023655225,2.6421704,1520.0
ZNHIT1,up,0.0021608195175,0.023688596,5.8674557,10467.0
HSD11B1L,up,0.0021647258304,0.023718627,6.8761679,374875.0
CEP44,up,0.0021670927266,0.023727556,3.5743752,80817.0
UROS,down,0.0021689349826,0.023727556,2.5247826,7390.0
ITGB1,down,0.0021690430258,0.023727556,5.0475905,3688.0
TMEM30B,down,0.0021717015546,0.023729905,66.6714716,161291.0
TRIM41,up,0.0021727602628,0.023729905,7.4339925,90933.0
CADM1,down,0.0021750581666,0.023742243,2.4784397,23705.0
LOC100288966,down,0.0021781141847,0.02376284,4.4484257,100288966.0
MRPL1,up,0.0021826746382,0.023792955,4.0679506,65008.0
ANKS6,up,0.0021834504162,0.023792955,2.3226198,203286.0
TMEM130,up,0.0021872632726,0.023792955,3.2577318,222865.0
NFATC1,down,0.0021875922315,0.023792955,4.3209751,4772.0
HOXB4,up,0.0021893587612,0.023792955,10.513957,3214.0
DNAJB6,up,0.002189647411,0.023792955,4.1848938,10049.0
TRPM6,down,0.0021902395695,0.023792955,2.6141457,140803.0
CIDEA,up,0.002193387691,0.023809894,3.9569618,1149.0
TOR1B,up,0.0021946816458,0.023809894,4.7455974,27348.0
LMX1B,down,0.0021953132617,0.023809894,4.2524035,4010.0
RNF19B,up,0.0022015375999,0.023858205,3.4522321,127544.0
SWAP70,down,0.002202115211,0.023858205,6.9739172,23075.0
TFAP4,up,0.0022054668911,0.023881787,10.1814444,7023.0
LRRC6,down,0.0022159655426,0.023982694,3.7398822,23639.0
KRT79,down,0.0022207957511,0.024005976,2.6342557,338785.0
ZBP1,up,0.0022228134327,0.024005976,7.5341695,81030.0
TAF11,up,0.0022228472493,0.024005976,2.8705167,6882.0
LEMD2,up,0.0022242493272,0.024005976,2.3200933,221496.0
CEP97,up,0.0022255464249,0.024005976,3.3404546,79598.0
ZNF468,down,0.0022265534764,0.024005976,280.1376988,90333.0
MARCH1,down,0.0022265934436,0.024005976,13.4332682,55016.0
GSTA4,up,0.0022275656117,0.024005976,9.3799749,2941.0
RSF1,down,0.0022312142097,0.024032554,3.1479139,51773.0
HSPBAP1,up,0.002239010239,0.024096929,3.2662161,79663.0
TMEM191C,down,0.0022395620968,0.024096929,3.5028303,645426.0
DRAM1,up,0.0022419802915,0.024110185,3.1173457,55332.0
SPRN,up,0.0022514161586,0.024181071,2.7633481,503542.0
LSM5,up,0.0022518291402,0.024181071,7.3075012,23658.0
CD55,up,0.0022521410833,0.024181071,2.2779346,1604.0
GAGE1,up,0.0022540922604,0.024185814,3.7976176,2543.0
HPR,up,0.0022558983063,0.024185814,2.9926717,3250.0
SLAMF8,up,0.0022585229903,0.024185814,2.7000389,56833.0
GAB2,down,0.0022585326199,0.024185814,4.8967901,9846.0
ZFY,down,0.0022637204563,0.024215852,10.1695293,7544.0
KCTD8,up,0.0022656271431,0.024223499,3.2171507,386617.0
PAAF1,up,0.0022685595724,0.0242421,3.3552302,80227.0
ZNF498,down,0.0022741186911,0.024288735,5.0264464,221785.0
CSMD2,up,0.0022768741178,0.024293639,6.1145512,114784.0
TRUB2,up,0.0022781173319,0.024293639,7.2850067,26995.0
C10orf120,up,0.0022793961873,0.024293639,6.943341,399814.0
CXorf40A,up,0.0022808173021,0.024293639,2.1712802,91966.0
ITGA10,up,0.0022824978192,0.024293639,4.8720438,8515.0
KCNE2,down,0.002283337745,0.024293639,2.6400514,9992.0
OR1J4,up,0.0022845454162,0.024293639,2.5664287,26219.0
SLCO4A1,up,0.0022853351675,0.024293639,2.4746732,28231.0
RHOC,up,0.002288375375,0.024313241,2.7421535,389.0
KRT8,up,0.0022919119906,0.024338094,3.308723,3856.0
SLC34A1,up,0.002297960298,0.024384506,4.2769373,6569.0
CDK3,up,0.0022986821274,0.024384506,2.7604551,1018.0
AQP5,down,0.002300173159,0.024387595,8.3853475,362.0
DIRAS2,up,0.0023027174649,0.024394629,2.9833814,54769.0
HIC1,up,0.0023032370659,0.024394629,3.0664009,3090.0
ITPRIPL1,up,0.0023053247117,0.024397739,2.5484618,150771.0
CYP11B2,down,0.0023059314197,0.024397739,2.8629021,1585.0
HOPX,up,0.0023121872832,0.0244512,2.7275819,84525.0
SERPINA9,up,0.0023142582967,0.024453165,3.1434078,327657.0
ACVR1B,up,0.0023147792629,0.024453165,3.4091345,91.0
IL27,up,0.0023172366822,0.024466408,3.4427095,246778.0
SLC22A18,up,0.0023200631196,0.024478185,2.3930356,5002.0
GTF2I,down,0.0023207607594,0.024478185,2.914922,2969.0
FAM216A,down,0.0023244549183,0.024504433,2.1114728,29902.0
HSF4,up,0.0023263651529,0.024511857,3.6394254,3299.0
GFM2,up,0.0023282793806,0.024519315,2.4208718,84340.0
RBBP4,up,0.0023381440857,0.024563544,3.2572121,5928.0
IFT122,down,0.0023395175785,0.024563544,109.713395,55764.0
SLC22A23,down,0.0023406967569,0.024563544,2.177719,63027.0
NCOA1,down,0.0023407963639,0.024563544,10.9829441,8648.0
MCM4,down,0.0023420858688,0.024563544,3.4049189,4173.0
PAF1,down,0.0023428557676,0.024563544,3.6034354,54623.0
RPL21,up,0.002344576278,0.024563544,7.4382874,6144.0
XXYLT1,down,0.0023448282598,0.024563544,2.6562328,152002.0
PPP1R14D,up,0.0023450623767,0.024563544,10.6796853,54866.0
SCP2,up,0.0023476088195,0.024563544,2.6469067,6342.0
COQ10A,up,0.0023478785211,0.024563544,2.8320873,93058.0
ESR1,down,0.0023493740024,0.024563544,2.6349388,2099.0
CHD6,down,0.0023493987739,0.024563544,17.9557358,84181.0
IP6K2,up,0.0023526863351,0.02458527,4.3929191,51447.0
PNPO,up,0.0023556491699,0.024597401,2.6281164,55163.0
SERPINB7,up,0.0023564157546,0.024597401,3.2637792,8710.0
NCAN,up,0.0023591086375,0.024597401,3.2969424,1463.0
ADH1A,up,0.0023597104046,0.024597401,11.1748237,124.0
DCN,up,0.0023598982921,0.024597401,2.7501087,1634.0
B3GNT1,up,0.0023661325301,0.024636329,4.228834,11041.0
RPS3,up,0.0023669887717,0.024636329,2.9931695,6188.0
IGFBP3,up,0.0023672693656,0.024636329,5.7971428,3486.0
ARSJ,up,0.0023697567199,0.02463755,4.0744341,79642.0
NAE1,up,0.0023718119243,0.02463755,2.40598,8883.0
ACADVL,up,0.002373201533,0.02463755,3.925292,37.0
CTR9,down,0.0023738845826,0.02463755,2.7719649,9646.0
C19orf42,up,0.0023746598378,0.02463755,7.089985,79086.0
CCDC127,up,0.0023771201282,0.024637649,2.9157854,133957.0
THAP11,up,0.0023772718436,0.024637649,2.959841,57215.0
PYGO1,down,0.0023784147018,0.024637649,3.9161635,26108.0
GINS3,up,0.0023795180719,0.024637649,5.2030514,64785.0
CELF1,down,0.0023807505224,0.024637859,4.058257,10658.0
PDE4DIP,down,0.002388023738,0.024691588,2.883445,9659.0
GOLGA6D,up,0.0023883720173,0.024691588,4.0288888,653643.0
RHBDF1,up,0.0023899006959,0.024694831,3.0096765,64285.0
CLDN19,up,0.0023970054274,0.024755658,2.5879953,149461.0
FAM13C,up,0.002402467734,0.024786882,3.5835537,220965.0
ZCCHC7,up,0.0024065725459,0.024816635,4.5028956,84186.0
RELT,down,0.0024088774965,0.024827807,2.8592916,84957.0
TAOK2,up,0.0024155348858,0.024838651,3.4715146,9344.0
POU2F1,down,0.0024160560474,0.024838651,3.0817709,5451.0
MED12L,down,0.002417083209,0.024838651,4.0660922,116931.0
AGAP1,down,0.0024176885267,0.024838651,5.4374545,116987.0
PLXNB3,up,0.002418025113,0.024838651,3.2875826,5365.0
PACS2,down,0.0024246511208,0.024876847,5.4226356,23241.0
KIAA1683,down,0.0024395198409,0.024978963,2.3067942,80726.0
CFL1,up,0.002440882419,0.02498033,3.7293452,1072.0
F2RL3,up,0.0024426050027,0.024985378,2.5870991,9002.0
GCA,up,0.00244758221,0.02499282,3.5131179,25801.0
NME2,up,0.0024479438522,0.02499282,6.6781955,4831.0
VAMP5,down,0.0024480467232,0.02499282,2.4182687,10791.0
PYY,up,0.0024488707847,0.02499282,3.4874455,5697.0
ACOT7,up,0.0024558549189,0.025035651,6.7634093,11332.0
DIP2A,up,0.0024561420592,0.025035651,3.920277,23181.0
ARHGAP42,down,0.0024584735187,0.025042645,10.3985233,143872.0
AGBL1,down,0.0024603565271,0.025042645,65.1611277,123624.0
AP5B1,up,0.0024605245826,0.025042645,2.9095141,91056.0
COX11,up,0.0024635124846,0.025060506,2.5282077,1353.0
LRRC8B,up,0.0024698749494,0.025088955,5.1435154,23507.0
ZNF300,up,0.00246992997,0.025088955,7.90434,91975.0
RPLP0,up,0.0024800580403,0.02513415,4.6815902,6175.0
CDK16,down,0.0024802911663,0.02513415,2.4526319,5127.0
C11orf68,up,0.002480644775,0.02513415,4.314766,83638.0
ZNFX1,down,0.0024860305695,0.025160898,8.4430684,57169.0
KLRC2,up,0.0024877423615,0.025160898,2.2049829,3822.0
MRGPRG,up,0.0024882364529,0.025160898,3.9650998,386746.0
RPS7,up,0.0024913066986,0.025179418,31.8356923,6201.0
AGTPBP1,up,0.0024950048224,0.02519174,4.4467707,23287.0
PRDX1,up,0.0025032062737,0.025248808,16.1432185,5052.0
CHID1,up,0.0025035875361,0.025248808,2.0586844,66005.0
SH3D21,down,0.0025043835836,0.025248808,3.4790601,79729.0
CLDN18,up,0.0025063376354,0.02525598,3.0521806,51208.0
IRX6,up,0.0025117232883,0.025297709,4.4529093,79190.0
CELF4,up,0.0025140378788,0.02530562,4.0790223,56853.0
MTHFD2,up,0.0025149988503,0.02530562,10.1969145,10797.0
COMMD10,up,0.0025176772273,0.025320034,2.737249,51397.0
KLK9,up,0.0025260302657,0.02537338,2.9087014,284366.0
PPM1M,up,0.0025267267511,0.02537338,3.8400891,132160.0
BMP6,up,0.002532926494,0.025386265,5.5374362,654.0
DPF3,up,0.0025329924425,0.025386265,3.8080573,8110.0
MTCP1NB,up,0.0025330058854,0.025386265,2.7491729,100272147.0
KRT20,up,0.0025343381817,0.025387099,4.5583378,54474.0
SGTA,up,0.0025364466811,0.025392382,2.3887538,6449.0
KRTAP12-1,up,0.0025373642544,0.025392382,2.9986033,353332.0
LOXL4,up,0.0025408270578,0.025413066,4.1955768,84171.0
C1orf43,up,0.0025466212299,0.025436521,2.0631826,25912.0
MACF1,down,0.0025472240577,0.025436521,2.9857107,23499.0
ZNF397,down,0.0025489166214,0.025436521,3.536473,84307.0
PLB1,up,0.0025497470264,0.025436521,2.4248313,151056.0
SLC38A8,up,0.0025524160322,0.025436521,2.9246054,146167.0
TPSAB1,up,0.0025525283189,0.025436521,4.9667518,7177.0
RELA,up,0.0025538470565,0.025436521,5.1984598,5970.0
GABRG2,up,0.0025542897359,0.025436521,3.0483751,2566.0
E2F1,down,0.0025603002194,0.025483889,3.1034237,1869.0
MDP1,up,0.0025632933783,0.025501193,2.2045003,145553.0
MED15,up,0.0025662631665,0.025504981,10.9948397,51586.0
SPIN4,up,0.002566539635,0.025504981,9.6324914,139886.0
STOX1,up,0.0025674386591,0.025504981,2.8458713,219736.0
PROL1,down,0.0025763073951,0.025572093,2.9333973,58503.0
SPSB4,up,0.0025767107347,0.025572093,4.5156782,92369.0
FTSJ1,up,0.002581045311,0.025602609,2.421399,24140.0
IL12RB1,up,0.0025852357601,0.025631667,4.9395862,3594.0
NUCB1,down,0.0025914076325,0.025680332,48.7500119,4924.0
EEF1A1,up,0.0025930692427,0.025684275,5.7860515,1915.0
CTH,up,0.0026025386385,0.025750701,4.0580349,1491.0
CHTF8,up,0.0026052273399,0.025750701,3.4879121,54921.0
DNAJA4,down,0.0026054414698,0.025750701,2.4039677,55466.0
GOSR1,down,0.0026063354896,0.025750701,2.1139457,9527.0
CDSN,up,0.0026079156736,0.025750701,2.8350014,1041.0
VMA21,up,0.0026092977464,0.025750701,7.3355261,203547.0
ARHGAP27,up,0.0026099111383,0.025750701,4.1696548,201176.0
PHACTR2,down,0.0026123481078,0.025762239,4.6564908,9749.0
FAM105A,up,0.0026140810567,0.025765275,2.1776319,54491.0
CENPA,up,0.0026157911568,0.025765275,5.0311591,1058.0
BBX,down,0.0026177265715,0.025765275,8.2699859,56987.0
ZNF772,up,0.0026212503188,0.02578747,3.2965467,400720.0
STAT6,down,0.0026226732046,0.025788985,2.2409547,6778.0
SLCO2B1,down,0.0026284746048,0.025833533,3.9662377,11309.0
ASAP3,down,0.0026313744272,0.025849534,3.1759005,55616.0
CBL,down,0.0026384993698,0.025885364,4.4442654,867.0
EML4,down,0.0026396680665,0.025885364,4.7057266,27436.0
LAMA3,down,0.0026405369129,0.025885364,2.9111334,3909.0
GDAP2,up,0.0026425555126,0.025885364,2.4590834,54834.0
MYCBP2,up,0.0026426632811,0.025885364,3.0558243,23077.0
SYTL1,up,0.0026453184815,0.025898891,3.7887387,84958.0
ZNF365,up,0.0026474581279,0.025900353,2.4531515,22891.0
ATP1B3,up,0.0026480164225,0.025900353,8.8204743,483.0
THAP2,up,0.0026516711129,0.025923625,4.5690487,83591.0
WHAMM,up,0.0026553651922,0.025936402,6.5898171,123720.0
SRPK2,up,0.0026555302613,0.025936402,2.5822202,6733.0
SNX6,up,0.0026577962095,0.025946065,3.5915585,58533.0
FYTTD1,down,0.0026591954768,0.025947263,9.2282612,84248.0
INTS6,down,0.002666844597,0.026002424,3.2025473,26512.0
WDR83,up,0.0026687007271,0.026002424,2.2357689,84292.0
SPATA5,up,0.0026692361897,0.026002424,3.9371537,166378.0
LCN6,down,0.0026704883598,0.026002424,3.419577,158062.0
CNKSR3,down,0.0026730688655,0.026002424,3.4331987,154043.0
SEPN1,down,0.0026735063936,0.026002424,3.1530393,57190.0
KLHDC3,up,0.0026742065217,0.026002424,5.1867321,116138.0
DCUN1D4,up,0.002675083364,0.026002424,5.8641256,23142.0
SPINT1,up,0.0026789372273,0.026013909,2.7958042,6692.0
HMGB3,up,0.0026800995498,0.026013909,4.9000953,3149.0
CATSPERB,down,0.0026801045524,0.026013909,6.7315458,79820.0
PIGM,up,0.0026860966497,0.026059625,3.3893866,93183.0
SLC25A20,up,0.0026887066982,0.026072502,4.2838499,788.0
CDK5R1,up,0.0026918213648,0.026090257,3.7467805,8851.0
KRTAP16-1,down,0.002697394493,0.026121309,3.3845151,100505753.0
C19orf53,up,0.0026980116926,0.026121309,2.9974908,28974.0
EIF5A,down,0.0027055552868,0.026142941,3.1536424,1984.0
HTR2B,up,0.0027069513671,0.026142941,3.284315,3357.0
ATG14,down,0.0027079554882,0.026142941,4.0350732,22863.0
HERPUD1,up,0.0027123211869,0.026151769,2.0825642,9709.0
C8orf73,down,0.0027166166608,0.026180765,2.3116256,642475.0
CHRM1,up,0.0027221918619,0.02620964,4.3020496,1128.0
HLX,up,0.0027253042744,0.02621477,4.4918901,3142.0
YPEL2,down,0.0027287823155,0.026235809,5.2132822,388403.0
CCND3,down,0.0027401055463,0.02633222,222.8223338,896.0
LUC7L2,up,0.0027426214005,0.026339908,5.2168949,51631.0
EXOC7,up,0.0027434974552,0.026339908,2.3004423,23265.0
CCDC152,down,0.0027463982559,0.026342871,5.9001409,100129792.0
HTR5A,down,0.0027477334034,0.026343246,293.839289,3361.0
SLC39A7,up,0.0027514878106,0.026357925,3.1132544,7922.0
PLTP,up,0.0027518581789,0.026357925,7.6586938,5360.0
RANBP2,down,0.0027548859425,0.026374497,5.346987,5903.0
MSRA,up,0.0027608753176,0.026418961,3.1488778,4482.0
GAB4,down,0.002762603239,0.026418961,4.2080215,128954.0
GYLTL1B,down,0.0027634298203,0.026418961,25.8067501,120071.0
TBP,up,0.0027675853877,0.026419068,2.798143,6908.0
KRTAP5-9,up,0.0027685716817,0.026419068,8.7465756,3846.0
LY6G6C,up,0.0027699229744,0.026419068,10.6742184,80740.0
FOXL1,up,0.0027699401947,0.026419068,7.4184916,2300.0
TMEM168,up,0.0027713186951,0.026419818,7.998914,64418.0
JMJD7-PLA2G4B,up,0.0027729343132,0.026422827,4.4870316,8681.0
TBCEL,down,0.0027764005796,0.026423202,2.5231412,219899.0
LPAR3,up,0.0027775417885,0.026423202,3.4868515,23566.0
OR2L13,up,0.0027787734074,0.026423202,2.7934787,284521.0
KCNAB2,down,0.0027801319595,0.026423202,4.766564,8514.0
ZBTB8B,up,0.0027811640218,0.026423202,3.4351695,728116.0
OR2V1,up,0.0027826392443,0.026423202,2.5548533,26693.0
SUGP2,up,0.0027860268616,0.026423202,2.9556177,10147.0
SLC1A4,up,0.0027866870124,0.026423202,3.0769736,6509.0
BMP2K,up,0.0027872020368,0.026423202,4.6592149,55589.0
LARP1B,up,0.0027923788167,0.02644978,4.4883428,55132.0
ELAVL1,up,0.0027926803028,0.02644978,2.2424496,1994.0
PCBP1,up,0.0027942764093,0.026450363,3.0443263,5093.0
PRR5-ARHGAP8,up,0.0027953446061,0.026450363,4.0768514,553158.0
VIM,up,0.0027984418703,0.026455412,3.282241,7431.0
PPAPDC1B,down,0.0027985176944,0.026455412,2.2862257,84513.0
FAM149B1,up,0.0027997830597,0.026455412,2.1700395,317662.0
MARVELD3,down,0.0028019916918,0.026463978,2.991462,91862.0
ADIPOR1,up,0.002806480116,0.026479724,10.9312176,51094.0
PANK2,up,0.0028070462824,0.026479724,6.0629076,80025.0
MAP9,down,0.0028088915039,0.026479724,2.85922,79884.0
SORBS2,down,0.0028094255667,0.026479724,2.3220886,8470.0
ETV5,down,0.0028101728857,0.026479724,5.1331827,2119.0
SLC22A6,up,0.0028142341459,0.026493784,2.4814521,9356.0
IDUA,up,0.0028159248942,0.026493784,5.5889411,3425.0
EPN2,up,0.0028174941247,0.026493784,3.3047094,22905.0
GPR174,up,0.002817523226,0.026493784,4.7209156,84636.0
MAP3K7,up,0.0028181826278,0.026493784,4.1053349,6885.0
CYBASC3,up,0.0028195871776,0.026494734,3.6433242,220002.0
AIMP1,up,0.0028320786373,0.026587553,5.8749762,9255.0
ZDHHC4,up,0.0028332091861,0.026587553,3.3439575,55146.0
SNX11,up,0.0028356844708,0.026587553,4.1248122,29916.0
ELL2,up,0.0028366572418,0.026587553,2.3272088,22936.0
TUBA1C,up,0.002838374968,0.026587553,4.9583359,84790.0
LHFP,up,0.0028384381913,0.026587553,7.8786244,10186.0
MLLT6,down,0.002838621889,0.026587553,4.1058613,4302.0
IBTK,down,0.0028448452068,0.02660751,5.2447815,25998.0
DUSP10,up,0.0028458391872,0.02660751,2.5357387,11221.0
DNM1L,down,0.0028459889919,0.02660751,2.4892851,10059.0
SECISBP2L,down,0.0028482238286,0.026616161,6.9534968,9728.0
FAM176A,down,0.0028585810841,0.026698433,3.4399619,84141.0
GCLM,up,0.0028632290098,0.026705066,5.4496185,2730.0
MLEC,down,0.0028666960346,0.026705066,9.9269395,9761.0
RPP14,up,0.0028685972596,0.026705066,4.5851555,11102.0
CCL27,down,0.0028698088339,0.026705066,2.5458708,10850.0
TAF9B,down,0.00287191806,0.026705066,143.3809752,51616.0
FAM133B,down,0.0028771216775,0.026705066,2.2936472,257415.0
EHMT2,up,0.002878240573,0.026705066,2.9332367,10919.0
SVIL,down,0.002878269026,0.026705066,2.2145628,6840.0
RBM14,up,0.0028788360872,0.026705066,3.1180571,10432.0
ASB9,up,0.0028798063443,0.026705066,2.3585696,140462.0
MCMBP,down,0.0028803639876,0.026705066,2.7245985,79892.0
NME1,down,0.0028826380615,0.026705066,3.2486763,4830.0
PAX2,up,0.0028869722427,0.026705066,2.8433292,5076.0
MYB,down,0.0028870526864,0.026705066,2.0603797,4602.0
SLC41A1,up,0.0028874843454,0.026705066,2.0431417,254428.0
COG5,up,0.0028900638893,0.026705066,3.3880995,10466.0
B4GALT3,up,0.00289056889,0.026705066,4.885123,8703.0
MLLT1,down,0.0028907871029,0.026705066,6.1957607,4298.0
MINPP1,up,0.0028918925225,0.026705066,9.7068639,9562.0
C19orf76,up,0.0028918991,0.026705066,2.6460018,199800.0
ATP5J,up,0.0028972215389,0.026732189,4.720494,522.0
TBL1X,down,0.0028974667576,0.026732189,4.9050623,6907.0
GPC3,up,0.0029060404582,0.026782991,7.0042244,2719.0
SLC25A5,up,0.0029063682283,0.026782991,7.1622241,292.0
RTEL1,up,0.0029073904239,0.026782991,4.4432079,51750.0
GPR75-ASB3,down,0.0029082441043,0.026782991,16.2941057,100302652.0
ARID1A,up,0.0029103087501,0.026787991,5.0472271,8289.0
MMP23B,up,0.0029140589127,0.026787991,2.2081686,8510.0
GEMIN4,up,0.0029155271367,0.026789371,2.8498068,50628.0
C9orf66,up,0.0029198655011,0.026797353,9.3376952,157983.0
TMED4,down,0.002923132169,0.026797353,3.5024274,222068.0
TCF3,up,0.002923433199,0.026797353,2.3418724,6929.0
ZEB1,down,0.0029239260354,0.026797353,9.9018679,6935.0
HPCA,down,0.0029245422131,0.026797353,2.1129227,3208.0
PLGLB2,up,0.0029262904321,0.026797353,2.3568314,5342.0
ATOH7,up,0.0029269433777,0.026797353,6.4987013,220202.0
RPGR,down,0.0029295813038,0.026809428,2.8845966,6103.0
MTMR14,up,0.0029326034184,0.026825007,11.7662041,64419.0
USH1C,down,0.0029344672694,0.026829981,3.1322344,10083.0
NUDT9,up,0.0029366559135,0.026837919,2.3161926,53343.0
CLN3,up,0.0029395790402,0.026852559,2.7303779,1201.0
PUS1,down,0.0029437279627,0.026878379,5.1061325,80324.0
NECAP1,up,0.0029458534723,0.026885708,5.2677478,25977.0
TNIK,down,0.0029495372653,0.026894472,3.6421318,23043.0
FBLIM1,down,0.0029499360282,0.026894472,5.1257811,54751.0
CHST1,down,0.0029507833763,0.026894472,5.1065495,8534.0
POLR2M,down,0.0029523730077,0.026896899,2.4203432,81488.0
KAT5,down,0.0029558908502,0.026909491,2.3081757,10524.0
STAT5A,down,0.0029586971446,0.026914982,7.0563946,6776.0
GAPDH,up,0.0029601898645,0.026914982,4.535671,2597.0
ATP5C1,up,0.0029609791191,0.026914982,2.4827546,509.0
AFAP1,down,0.0029644113209,0.026934135,217.1602039,60312.0
FZD8,down,0.0029699031784,0.026960531,5.4559707,8325.0
PAQR4,up,0.0029699694686,0.026960531,3.1949683,124222.0
RCL1,up,0.0029747055279,0.02697031,5.3667605,10171.0
SLC52A2,up,0.0029753166433,0.02697031,3.007148,79581.0
SDHD,up,0.0029755555448,0.02697031,3.9511638,6392.0
ZFC3H1,up,0.0029775564132,0.02697031,5.5270546,196441.0
PTEN,up,0.0029777295203,0.02697031,2.7638685,5728.0
SREK1,down,0.0029790084094,0.02697031,3.4621937,140890.0
UPP1,down,0.0029821302188,0.026974542,2.5351387,7378.0
MRM1,up,0.0029873191626,0.026998133,3.1672056,79922.0
PTPN11,down,0.002995044694,0.027036859,4.4374862,5781.0
RNPEP,up,0.0029956707219,0.027036859,8.8105302,6051.0
CDC14A,down,0.0029972544502,0.027039146,5.2746251,8556.0
DESI2,down,0.0029993062571,0.027045652,6.9672479,51029.0
UACA,down,0.0030025070999,0.027061516,3.8801963,55075.0
HINT1,up,0.0030061571672,0.027061516,5.2676135,3094.0
MDH1,up,0.0030072811918,0.027061516,7.9004668,4190.0
NIPSNAP3B,up,0.0030077227329,0.027061516,3.2243397,55335.0
DYNLL1,up,0.0030105989265,0.027075408,7.1683413,8655.0
PROZ,down,0.0030160145527,0.02710434,13.7701325,8858.0
RPL12,up,0.0030164830442,0.02710434,6.6042878,6136.0
RPL36,up,0.0030196169601,0.027111013,8.8683313,25873.0
ATP6V1H,up,0.0030206952195,0.027111013,11.8482195,51606.0
HFE,up,0.0030223389794,0.027111013,3.9065782,3077.0
GPM6B,up,0.0030234172227,0.027111013,14.1786523,2824.0
PCDHB14,up,0.0030248365238,0.027111013,7.746618,56122.0
TAGLN2,up,0.0030278299365,0.027122364,5.7581279,8407.0
SMAD3,down,0.0030295323425,0.027125659,2.545368,4088.0
OPHN1,down,0.0030384921697,0.027193903,2.7336912,4983.0
LYRM1,up,0.0030435640899,0.027227306,2.5250797,57149.0
TMEM246,up,0.0030477538738,0.027252793,8.4036684,84302.0
SLC44A3,up,0.0030515623292,0.027274848,2.4078386,126969.0
KCTD18,up,0.003054986812,0.027290755,5.6607299,130535.0
GRIN2C,up,0.0030567816127,0.027290755,8.2485317,2905.0
CEND1,down,0.0030573701891,0.027290755,3.9205586,51286.0
OR51B6,up,0.0030608551811,0.027309869,4.9579353,390058.0
PDE8A,down,0.0030683118801,0.027364387,4.4495389,5151.0
SRGAP2,up,0.0030722791416,0.027365781,3.729217,23380.0
TTYH2,up,0.0030726984785,0.027365781,2.4348843,94015.0
TOMM6,up,0.0030747914655,0.027365781,3.3758466,100188893.0
FAM211B,up,0.0030768741633,0.027368695,3.4348602,388886.0
SCUBE1,down,0.0030789551616,0.027375225,4.1294945,80274.0
VPS13C,down,0.0030830030885,0.027387183,3.6720888,54832.0
C14orf1,up,0.0030889871217,0.02740448,9.1979894,11161.0
CHD1,down,0.0030945285884,0.027441664,10.4180334,1105.0
TSPAN6,up,0.0030966918997,0.027448872,6.8420548,7105.0
MRPS22,up,0.0030998309246,0.027464718,5.8922387,56945.0
SERPINE2,up,0.0031050818772,0.02748847,6.1778747,5270.0
CDPF1,up,0.0031052166291,0.02748847,2.5655523,150383.0
GPR113,up,0.0031106781959,0.027516489,2.7818802,165082.0
MPV17L,up,0.0031128838682,0.027518251,4.5851189,255027.0
SNRPB,up,0.0031169360255,0.027518251,2.2633782,6628.0
RNF125,up,0.0031169443695,0.027518251,2.1561087,54941.0
LRIG1,up,0.0031213301279,0.027518251,3.4262236,26018.0
DMRTC2,up,0.0031218022999,0.027518251,2.1813413,63946.0
PLAC8,up,0.0031221199459,0.027518251,2.3813298,51316.0
DLX5,up,0.0031353290886,0.027540187,14.6958656,1749.0
ISL1,up,0.0031405732352,0.027540187,5.9603035,3670.0
PDLIM4,up,0.0031427198966,0.027540187,2.656735,8572.0
GBA,up,0.0031458991364,0.027540187,3.0620431,2629.0
DNASE2,up,0.0031461523172,0.027540187,3.133958,1777.0
TENC1,up,0.0031462018562,0.027540187,6.5486939,23371.0
KLK11,up,0.003147343715,0.027540187,4.0083806,11012.0
TSC22D1,up,0.0031476614755,0.027540187,2.02882,8848.0
PFN2,up,0.003148532364,0.027540187,5.1634818,5217.0
POM121C,up,0.0031489984805,0.027540187,2.0310062,100101267.0
RORA,up,0.0031508759329,0.027544754,5.8620043,6095.0
SOWAHA,up,0.0031537667886,0.027558173,6.9438859,134548.0
PDIA6,up,0.0031570347946,0.027574874,4.580519,10130.0
SLAIN2,down,0.0031628905473,0.027580905,8.8407085,57606.0
VPS28,up,0.0031674896925,0.027580905,2.1684841,51160.0
NAV1,up,0.0031715989717,0.027580905,3.2072709,89796.0
ANGPTL3,down,0.0031720591652,0.027580905,8.7416891,27329.0
NLRP1,up,0.0031731038092,0.027580905,5.6325869,22861.0
GSPT1,up,0.0031753535717,0.027580905,4.9426851,2935.0
MS4A7,down,0.0031771044357,0.027580905,5.3148819,58475.0
ZNF626,up,0.0031776780568,0.027580905,7.5585622,199777.0
ANKS1B,up,0.0031804455339,0.027580905,4.1288136,56899.0
ANXA2,up,0.00318388746,0.027580905,8.0167992,302.0
UPF3A,down,0.0031844214203,0.027580905,2.3402233,65110.0
SF3B1,up,0.0031845766503,0.027580905,5.1072511,23451.0
ATRX,down,0.0031860968331,0.027580905,4.5735989,546.0
ATP6V0B,up,0.0031970610912,0.027651177,3.8368561,533.0
ATP8B1,down,0.0032042237333,0.027664069,3.6679341,5205.0
C10orf57,up,0.0032044091725,0.027664069,14.4231292,80195.0
RNF135,up,0.0032046698297,0.027664069,5.0294065,84282.0
FAM98B,down,0.0032059854746,0.027664069,3.0911576,283742.0
LIME1,up,0.0032067181486,0.027664069,2.2995916,54923.0
YY1,down,0.0032104862375,0.027677932,3.7389146,7528.0
HSPD1,up,0.0032123820472,0.027677932,8.5728825,3329.0
M6PR,down,0.0032124104566,0.027677932,2.7327712,4074.0
POLDIP3,down,0.0032210403168,0.027740527,2.4903579,84271.0
IFITM10,up,0.0032279111854,0.027776162,6.9415184,402778.0
RHEB,up,0.0032419810576,0.027873632,2.3677895,6009.0
SYCE1,down,0.003244713954,0.027885332,3.115101,93426.0
AMY2A,down,0.003255041858,0.027962268,2.342577,279.0
ADAT3,up,0.0032596278208,0.027973826,2.4107204,113179.0
PIGZ,up,0.0032605162716,0.027973826,2.1484775,80235.0
SDK2,down,0.0032732245034,0.028071008,7.1702499,54549.0
AMPD1,up,0.00327556381,0.028072148,2.9207554,270.0
PLCB1,up,0.0032781253861,0.028072148,3.583631,23236.0
PIGC,up,0.0032830084777,0.028095641,4.6643352,5279.0
SNF8,down,0.0032875850448,0.028122966,4.367956,11267.0
BST2,up,0.0032920775343,0.028149548,4.0998325,684.0
SLC26A6,down,0.0032950508004,0.028163123,2.2008332,65010.0
MEA1,down,0.0032997900249,0.028191775,3.2034382,4201.0
IL9,down,0.0033074903386,0.028233827,4.4970608,3578.0
SSX3,up,0.0033119181057,0.028259755,3.3805532,10214.0
PROX2,up,0.0033174810697,0.028295343,4.1405662,283571.0
ANKRD65,down,0.0033204918305,0.028299208,2.9469876,441869.0
FBLN5,up,0.0033230525644,0.028299208,11.2841601,10516.0
CRYBA2,up,0.0033237737978,0.028299208,4.4597342,1412.0
REG3A,up,0.0033255424111,0.028299208,4.3857634,5068.0
THBS4,down,0.0033260702607,0.028299208,2.5383298,7060.0
SV2B,down,0.0033279694854,0.028299208,3.5465455,9899.0
RALGPS1,up,0.0033287412502,0.028299208,4.3895383,9649.0
POU5F1,up,0.0033301822461,0.028299208,2.5550246,5460.0
TSC22D2,down,0.0033314519619,0.028299208,6.4440646,9819.0
CAPRIN1,up,0.0033347323249,0.028299208,6.3303092,4076.0
ZNF268,up,0.0033356168529,0.028299208,2.1473982,10795.0
PPP1R11,up,0.0033374268549,0.028299208,4.4742861,6992.0
FANCL,up,0.003339335074,0.02830358,2.5235318,55120.0
TNK2,up,0.0033440180937,0.028309266,4.4123545,10188.0
TSPYL5,up,0.0033441843651,0.028309266,2.8290591,85453.0
DAP3,up,0.0033457348767,0.0283106,3.0810561,7818.0
C16orf80,up,0.0033476714539,0.028315199,2.0186256,29105.0
MT1X,up,0.0033491334816,0.028315781,5.9583671,4501.0
RBM6,down,0.0033522316094,0.028326831,5.3241979,10180.0
FAM19A3,up,0.0033568024721,0.028326831,3.5857598,284467.0
PREB,up,0.0033572972781,0.028326831,5.3705291,10113.0
ZNF665,down,0.0033584391805,0.028326831,115.4846025,79788.0
RBPMS,down,0.0033588026321,0.028326831,6.5383501,11030.0
SIRT2,up,0.003360990839,0.028327936,8.6399674,22933.0
PIPOX,up,0.0033653260341,0.028334818,2.6098044,51268.0
PLA2R1,up,0.0033761322522,0.028414032,4.2125547,22925.0
CDC25C,down,0.0033794809701,0.028430443,2.9495408,995.0
SHISA7,down,0.0033889204459,0.028448701,3.8629418,729956.0
PRAMEF10,up,0.0033897322201,0.028448701,7.2544791,343071.0
DYM,up,0.0033899057375,0.028448701,2.9107555,54808.0
C20orf43,up,0.0033905888526,0.028448701,3.3841973,51507.0
FCAR,up,0.003391449095,0.028448701,2.4156115,2204.0
RBM42,up,0.0033936271904,0.028455228,2.5487231,79171.0
UBE2E2,up,0.0033981542431,0.028480691,2.7503491,7325.0
MACC1,down,0.0034012081838,0.028480691,6.1648503,346389.0
CLDN6,up,0.0034022689869,0.028480691,2.9554934,9074.0
TSPAN3,up,0.0034077253758,0.028514623,2.9895141,10099.0
DHRS12,up,0.0034135173782,0.028524778,4.0699831,79758.0
UGT1A6,up,0.0034146143894,0.028524778,7.469018,54578.0
XRCC2,up,0.0034160652933,0.028524778,3.7978735,7516.0
OAT,up,0.003417903967,0.028524778,15.0032797,4942.0
EPHA10,down,0.0034183508602,0.028524778,3.0045036,284656.0
SDF2,up,0.0034192133772,0.028524778,7.4052123,6388.0
ANG,up,0.0034211575682,0.028524778,6.0646799,283.0
POU5F1B,down,0.0034215698952,0.028524778,2.975089,5462.0
SPINK8,up,0.0034298607089,0.028582173,6.4885903,646424.0
MRAS,down,0.0034339184152,0.028604259,8.0394628,22808.0
GOLT1B,up,0.0034362877034,0.028605083,16.0545724,51026.0
BOD1L1,down,0.003436832158,0.028605083,5.7325382,259282.0
FMO4,up,0.0034439513003,0.028634713,3.5270789,2329.0
PA2G4,up,0.0034460273979,0.028634713,4.058285,5036.0
ADH1C,up,0.0034528309159,0.028672513,10.188066,126.0
WDFY3,down,0.0034533979126,0.028672513,4.8666071,23001.0
MLXIPL,down,0.0034583990417,0.02868632,7.8621504,51085.0
CACNA1I,up,0.0034596133169,0.02868632,3.0289596,8911.0
SPTY2D1,down,0.0034618709305,0.02868632,2.6540525,144108.0
ANAPC10,up,0.0034621177778,0.02868632,3.5364422,10393.0
PSMC5,up,0.0034648488741,0.028686565,7.8955194,5705.0
GTF2H2C,down,0.003468196596,0.028686565,7.6795954,728340.0
PPP1R21,up,0.0034685187411,0.028686565,2.5211024,129285.0
SORD,up,0.0034688971851,0.028686565,2.4221582,6652.0
SLC39A1,up,0.0034699713679,0.028686565,2.5546217,27173.0
ALS2CL,up,0.0034845725796,0.028776551,4.1421348,259173.0
NAT1,up,0.0034881178084,0.028776551,5.0251814,9.0
GATAD1,down,0.0034895010701,0.028776551,2.4060268,57798.0
LGALS12,up,0.0034912870928,0.028776551,2.533232,85329.0
FAM218A,up,0.0034954797517,0.028776551,4.0829784,152756.0
SULT1A1,up,0.003496581067,0.028776551,3.7208867,6817.0
NHS,up,0.003498239154,0.028776551,6.127414,4810.0
DNAJC28,up,0.0034984807851,0.028776551,3.6751698,54943.0
FAM50A,down,0.0034998565212,0.028776551,2.7686551,9130.0
RPS6KA5,up,0.0035001128905,0.028776551,3.2856053,9252.0
DLL1,up,0.0035001352209,0.028776551,4.6145649,28514.0
RBM4B,up,0.0035013240731,0.028776551,2.4793664,83759.0
IER5,up,0.0035086606594,0.028813547,2.0154528,51278.0
SLC39A4,up,0.0035149786335,0.028844867,2.7839821,55630.0
HAVCR2,up,0.003518089059,0.028855997,14.7715775,84868.0
PLXNA3,up,0.0035238817703,0.02889185,2.6428979,55558.0
CRYZ,up,0.0035306468998,0.028935644,6.5917497,1429.0
TRAPPC2L,up,0.0035324267574,0.028938563,3.4559558,51693.0
LAMB4,up,0.0035372338726,0.028939895,4.0222805,22798.0
SPNS1,up,0.0035373556176,0.028939895,3.9415752,83985.0
RFFL,up,0.0035389381974,0.028939895,3.1031818,117584.0
ACSM3,up,0.0035395043428,0.028939895,3.2802517,6296.0
CLIC2,up,0.0035399872095,0.028939895,2.5486731,1193.0
KIAA0513,down,0.0035411325322,0.028939895,263.9823079,9764.0
PHACTR1,down,0.0035441428559,0.028952855,4.0843904,221692.0
KLRG2,up,0.0035474767706,0.028968447,2.9927503,346689.0
UGT1A7,up,0.0035528575487,0.028995506,19.1315484,54577.0
SLC4A1,down,0.0035536435757,0.028995506,8.5622166,6521.0
METTL23,up,0.0035564160333,0.029006483,3.1523432,124512.0
DBC1,down,0.0035611177489,0.02902719,74.3249234,1620.0
CX3CR1,down,0.0035618111563,0.02902719,2.7101392,1524.0
ZBTB37,down,0.0035662797189,0.029051958,6.5440084,84614.0
CBLB,up,0.0035694755047,0.029065518,2.4131685,868.0
SERHL2,up,0.0035708043426,0.029065518,3.4264657,253190.0
FAM122B,up,0.003574069238,0.029080447,6.0005146,159090.0
WFIKKN2,up,0.0035782454127,0.029102776,3.646139,124857.0
TUBB,up,0.0035816845108,0.029119095,2.4978924,203068.0
TMEM80,down,0.0035847383308,0.02913227,5.2522664,283232.0
TERF2,up,0.0035895269401,0.029159526,7.4731644,7014.0
SIRT4,up,0.0035941300626,0.029171708,3.1336243,23409.0
MTA1,up,0.0035963558097,0.029171708,2.3998932,9112.0
TSPAN31,up,0.0035996759379,0.029171708,3.2048982,6302.0
AKR1E2,up,0.0036004202415,0.029171708,2.1839421,83592.0
DTX1,up,0.0036006483624,0.029171708,3.0879574,1840.0
RBPMS2,down,0.0036010732654,0.029171708,104.1713013,348093.0
SLC25A44,down,0.0036141804654,0.029254567,178.099633,9673.0
PRPF4,up,0.0036185293899,0.029278109,4.8318058,9128.0
TMEM106C,down,0.003620615604,0.029283332,30.8477993,79022.0
RTF1,down,0.0036226158094,0.029283474,2.5867327,23168.0
TNFRSF19,up,0.0036235146848,0.029283474,2.9417961,55504.0
PSME1,down,0.0036296468667,0.029307769,3.2047973,5720.0
NKTR,down,0.0036318127668,0.029307769,6.7804229,4820.0
THEG,up,0.0036320622891,0.029307769,8.663344,51298.0
OPN3,up,0.0036337307334,0.029307769,4.1629136,23596.0
KLF8,up,0.0036407093048,0.029352406,3.5364735,11279.0
RGS13,up,0.0036438126175,0.029365778,7.844848,6003.0
RHCE,up,0.0036467159317,0.029365888,2.6682799,6006.0
GFAP,down,0.0036529557227,0.029404485,2.5881358,2670.0
TGFB1,up,0.0036587152386,0.029406494,3.7242822,7040.0
DHODH,down,0.0036622130514,0.02941724,2.0144281,1723.0
CTSA,up,0.0036641774645,0.02941724,2.1843377,5476.0
SIRT5,up,0.003664671714,0.02941724,3.9736806,23408.0
CDX2,up,0.0036703193448,0.029450944,2.9222977,1045.0
LETMD1,up,0.0036717985144,0.029451186,3.7367834,25875.0
GTF2H5,up,0.0036839472086,0.029525326,7.8345181,404672.0
MITF,down,0.0036867349107,0.029529728,4.5882848,4286.0
NBPF10,down,0.0036896933927,0.029529728,8.0309204,100132406.0
ATG4A,up,0.0036921920917,0.029529728,4.0249467,115201.0
BTBD19,down,0.0036944197229,0.029529728,2.9645102,149478.0
CSTF1,up,0.0036953320357,0.029529728,10.1417499,1477.0
TMPRSS13,up,0.0036956876505,0.029529728,2.9046916,84000.0
CHADL,up,0.0036978486743,0.029529728,3.9765872,150356.0
EPHB3,up,0.00369902523,0.029529728,3.0705441,2049.0
FAM120A,down,0.0037052644511,0.029567413,4.0949198,23196.0
AMY1C,down,0.0037066552652,0.029567413,2.3976693,278.0
CCDC68,down,0.003709149472,0.029575701,2.892714,80323.0
AP5M1,up,0.0037176975043,0.029606459,7.4216119,55745.0
SLC7A4,up,0.0037192051006,0.029606459,3.4202342,6545.0
NFE2L1,up,0.0037210295122,0.029606459,4.1549338,4779.0
ITGA11,down,0.0037211718639,0.029606459,3.9660548,22801.0
GTF2H1,down,0.003724877028,0.029609766,4.089608,2965.0
DLK2,down,0.0037255487239,0.029609766,42.8610266,65989.0
SLC31A2,up,0.0037279897219,0.029609766,3.0754689,1318.0
PRKACA,down,0.0037309763052,0.029621911,3.2339224,5566.0
GPR98,up,0.003735620261,0.029647201,3.8770305,84059.0
TLR4,down,0.0037401416724,0.029657172,3.0929521,7099.0
ARHGEF28,up,0.0037405286728,0.029657172,15.3085199,64283.0
ENDOV,down,0.0037436655387,0.029664718,4.0938983,284131.0
KIAA1109,up,0.0037516208269,0.029681736,3.8420585,84162.0
HSF2,up,0.003761810751,0.029744704,2.6711047,3298.0
LURAP1L,up,0.0037625404718,0.029744704,5.3303954,286343.0
HLA-DRB1,up,0.0037671825823,0.029766637,2.1037929,3123.0
CREM,up,0.0037705101309,0.029772968,2.1171733,1390.0
PPFIBP2,down,0.0037856960194,0.029881271,9.44076,8495.0
IL1B,down,0.0037920047736,0.029919448,2.5422279,3553.0
OR10G2,up,0.0037968579506,0.029939893,4.0778435,26534.0
UBAP1,down,0.0037975420992,0.029939893,2.594394,51271.0
NUMB,up,0.0038006120047,0.029952477,3.7343526,8650.0
FUZ,up,0.0038050496464,0.029972677,3.7663023,80199.0
NOP16,down,0.0038075991234,0.029972677,3.0339634,51491.0
SLFN11,up,0.00381787947,0.030041967,3.286017,91607.0
SYT13,up,0.0038201499117,0.030048199,2.9917737,57586.0
ZNF692,up,0.003825251243,0.030076685,3.8304434,55657.0
TMUB2,up,0.0038307482918,0.030092653,4.425056,79089.0
TMEM18,up,0.0038312856059,0.030092653,2.5967549,129787.0
IL2RB,up,0.003831723796,0.030092653,2.1149325,3560.0
KRTAP10-6,up,0.0038340397789,0.030099211,17.5026537,386674.0
FAM22D,up,0.0038358464354,0.030101768,2.0540433,728130.0
PRMT8,up,0.0038495886197,0.0301863,2.7954083,56341.0
CYP17A1,down,0.0038554112757,0.030200044,3.4145581,1586.0
GIT2,down,0.0038577219797,0.030200044,2.1544332,9815.0
SLPI,up,0.003866282398,0.030242004,8.0177652,6590.0
MLX,up,0.0038671078946,0.030242004,5.4958406,6945.0
MAPK10,down,0.0038692429782,0.030247063,2.0491342,5602.0
ANGPTL7,up,0.0038708196608,0.030247755,2.6286679,10218.0
FNDC3B,down,0.0038763965706,0.030265603,6.2751328,64778.0
ING5,up,0.0038796437891,0.030265603,2.7686196,84289.0
HIPK2,down,0.0038801077377,0.030265603,6.6887338,28996.0
METTL9,up,0.003880545512,0.030265603,2.5865693,51108.0
DSN1,up,0.0038805491354,0.030265603,9.1092828,79980.0
PSG3,up,0.0038836916042,0.030278493,3.3139034,5671.0
BLOC1S4,up,0.0038859972077,0.030284852,3.9652182,55330.0
SNX1,down,0.0038875116877,0.030285042,2.4323351,6642.0
OST4,up,0.0038905314702,0.030289756,2.1148734,100128731.0
PAX8,up,0.0038910973357,0.030289756,3.5024903,7849.0
VN1R2,up,0.0038943297454,0.030303312,2.8807992,317701.0
TEF,up,0.0038981000721,0.030321042,3.9061825,7008.0
RPS4Y1,down,0.0039023484953,0.030342476,4.3701114,6192.0
IL6ST,down,0.003916331592,0.03041229,13.9345805,3572.0
COX6C,up,0.0039170009662,0.03041229,4.6716564,1345.0
MOV10,up,0.0039171008861,0.03041229,2.6368875,4343.0
HLA-DMB,up,0.0039178339232,0.03041229,2.689707,3109.0
GLG1,down,0.0039194905284,0.03041229,5.7198139,2734.0
OCA2,up,0.0039203049756,0.03041229,6.9359987,4948.0
CNTN2,down,0.0039252496477,0.030429346,2.1889951,6900.0
LYAR,down,0.0039408520142,0.030522953,2.8321971,55646.0
MYO1A,up,0.0039423133533,0.030522953,4.6143988,4640.0
OR2F1,up,0.0039427496811,0.030522953,2.8593431,26211.0
LPPR4,up,0.0039435805747,0.030522953,2.464712,9890.0
PPP1R12A,down,0.0039467329495,0.030530902,10.4727748,4659.0
ATF4,up,0.0039476118592,0.030530902,7.2506892,468.0
CLN5,up,0.0039576404745,0.030573562,2.1132061,1203.0
MCFD2,up,0.003960379813,0.0305831,3.5764276,90411.0
ZNF547,up,0.0039626890056,0.030584209,2.6900252,284306.0
INSM1,up,0.0039643083524,0.030584209,14.4835879,3642.0
AUTS2,up,0.0039664511734,0.030584209,2.7666469,26053.0
ZNF446,down,0.0039693699113,0.030593123,78.6907362,55663.0
ALG10,up,0.0039722644876,0.030593123,7.8484785,84920.0
ERAP2,up,0.0039737192751,0.030593123,21.7410473,64167.0
USP24,down,0.0039757016426,0.030596795,4.0639041,23358.0
TTC16,up,0.0039796080951,0.03060938,2.5327189,158248.0
NACA2,up,0.003980348904,0.03060938,4.4606955,342538.0
RAET1L,up,0.0039862764486,0.030624297,2.8476839,154064.0
ASB3,up,0.0039882961623,0.030624297,3.2359734,51130.0
TFPI2,down,0.0039883156138,0.030624297,3.0350671,7980.0
DEFB132,down,0.0039908253213,0.030631996,3.8493103,400830.0
DCTN1,up,0.0039924512518,0.030632907,2.5063918,1639.0
FAM13B,up,0.0039959304138,0.030635841,2.0265114,51306.0
ANKRD63,down,0.0039989162722,0.030635841,2.5331264,100131244.0
GPR137B,up,0.0039990611176,0.030635841,4.409781,7107.0
BEX4,down,0.0040084071257,0.030635841,2.0480255,56271.0
HSP90AA1,down,0.004008471201,0.030635841,2.0809366,3320.0
EIF2C1,up,0.0040103316014,0.030635841,2.7686502,26523.0
CSNK1A1,down,0.0040104070018,0.030635841,2.5795567,1452.0
C2orf29,up,0.0040113701313,0.030635841,2.5424913,55571.0
SLC18A1,up,0.0040136896371,0.030635841,2.9040204,6570.0
PKMYT1,up,0.004014074254,0.030635841,2.3546158,9088.0
SLC1A6,down,0.0040145708501,0.030635841,7.5387958,6511.0
PSMB11,up,0.0040146457407,0.030635841,12.566116,122706.0
ZBED4,up,0.0040150380839,0.030635841,3.9654365,9889.0
EIF5AL1,up,0.0040175336362,0.030635841,6.1784573,143244.0
FBF1,up,0.0040207163356,0.030641567,3.7255075,85302.0
FRRS1L,down,0.0040256155336,0.030664867,14.6695468,23732.0
SEH1L,up,0.0040276605643,0.030664867,6.5227681,81929.0
IMPDH1,up,0.0040305644084,0.030670618,2.3868882,3614.0
UCP2,up,0.0040370688314,0.030690702,4.7358487,7351.0
PSMB2,up,0.0040389474201,0.030690702,6.4240809,5690.0
PAQR7,down,0.0040392436924,0.030690702,2.2809233,164091.0
DEFB131,down,0.0040531325145,0.030773715,2.0039754,644414.0
OAS2,up,0.0040589740946,0.030802081,5.5416097,4939.0
CHST10,up,0.0040599643173,0.030802081,3.295998,9486.0
MSX2,down,0.00407585269,0.030878384,2.2334748,4488.0
DBNDD2,up,0.0040794518155,0.030878384,3.6259425,55861.0
TXNDC5,up,0.0040811297862,0.030878384,5.2295746,81567.0
PRR22,down,0.0040857318683,0.030878384,2.9430392,163154.0
DIRC2,up,0.0040864321337,0.030878384,8.50825,84925.0
SNX2,up,0.0040886239126,0.030878384,5.6359399,6643.0
DCTN3,down,0.004089261377,0.030878384,2.4223881,11258.0
ZNF142,down,0.0040893542417,0.030878384,3.1785113,7701.0
CXorf56,down,0.004091385947,0.030878384,2.7618592,63932.0
FBXL18,up,0.0040917549456,0.030878384,3.6182211,80028.0
TAC4,down,0.0040995940784,0.030906621,2.1933472,255061.0
RASGRP3,down,0.0041064572864,0.03092898,4.325221,25780.0
AFMID,down,0.0041074034211,0.03092898,2.8730209,125061.0
EPSTI1,down,0.0041086467238,0.03092898,2.2299456,94240.0
ASAP1,down,0.0041135524836,0.030954444,5.0125786,50807.0
SLC37A4,up,0.0041156340896,0.030958647,3.2287004,2542.0
SLC6A9,down,0.0041183688074,0.030967757,2.7015255,6536.0
IQGAP2,down,0.0041209326432,0.030975575,9.3938538,10788.0
SNAPC2,up,0.0041277202236,0.031015125,3.37708,6618.0
ITGB3,down,0.004129768169,0.031019046,5.4620514,3690.0
FKBP1A,up,0.0041326986628,0.031019521,4.3501148,2280.0
OVCA2,up,0.0041328837454,0.031019521,6.2759521,124641.0
C3orf62,up,0.0041355573736,0.03102813,2.3308156,375341.0
NUPL2,up,0.0041378734526,0.031034051,7.0848783,11097.0
HIPK1,down,0.0041412516063,0.03104793,2.6096925,204851.0
DNA2,up,0.0041471276276,0.031070787,12.5715663,1763.0
C1orf95,down,0.0041473577396,0.031070787,6.328901,375057.0
INPP4A,up,0.0041514261771,0.031089807,3.4961824,3631.0
TAGLN,up,0.004158149664,0.031128689,13.3140938,6876.0
SMG7,down,0.0041599203012,0.031130479,4.4173039,9887.0
ITGB1BP1,up,0.0041648077744,0.03114412,2.6365238,9270.0
KRTAP1-5,up,0.0041686815072,0.031161623,2.1319439,83895.0
KIFC2,up,0.0041707916815,0.031165934,4.8765424,90990.0
ADRBK1,down,0.0041750674911,0.031186419,3.2701369,156.0
CBY1,up,0.0041853873415,0.03125202,4.1910236,25776.0
DLGAP4,up,0.0041920444016,0.031290232,3.7052045,22839.0
FHL3,up,0.0041956933435,0.031305972,3.633634,2275.0
FCHSD2,down,0.0042038474135,0.031331794,2.6561944,9873.0
TMEM212,up,0.0042087114259,0.031336425,3.5289523,389177.0
ASH1L,down,0.0042090253647,0.031336425,6.8403857,55870.0
TPP1,up,0.0042136671598,0.031354428,2.5890589,1200.0
RALGAPA1,down,0.0042145287961,0.031354428,6.9306009,253959.0
SLC12A6,down,0.0042197706857,0.031372146,3.6230207,9990.0
SRF,down,0.004230812498,0.031441047,2.9152947,6722.0
SALL1,up,0.0042353109415,0.031452648,4.2449381,6299.0
RRAGB,up,0.0042364149727,0.031452648,2.1732218,10325.0
MCF2L,down,0.0042427168399,0.031467514,2.5325345,23263.0
TADA1,up,0.0042430828958,0.031467514,4.7278796,117143.0
RAB11FIP2,down,0.0042436632626,0.031467514,3.4436885,22841.0
PLIN3,up,0.0042476989932,0.031485953,5.0522268,10226.0
TMEM120A,up,0.0042525252182,0.031510235,2.698725,83862.0
DCAF6,up,0.0042600201214,0.031554267,2.7297364,55827.0
ASNS,up,0.0042659370237,0.031579686,10.3665818,440.0
MMP16,up,0.0042681129693,0.031579686,11.1401483,4325.0
PLBD2,down,0.004273998319,0.031587337,4.8925151,196463.0
F8A1,up,0.0042753635591,0.031587337,3.4148219,8263.0
NDUFAF2,up,0.0042786815715,0.031591394,8.327431,91942.0
TEDDM1,down,0.0042790213256,0.031591394,2.6039537,127670.0
CRISPLD1,down,0.0042838014356,0.031603726,5.1525495,83690.0
TRIM4,up,0.0042858482428,0.031607353,5.795601,89122.0
GJC3,up,0.0042914478238,0.031633121,2.4171701,349149.0
QRFPR,down,0.0042937905366,0.031633121,3.830246,84109.0
RGPD5,up,0.0042952850766,0.031633121,2.0167925,84220.0
CD8A,up,0.0042955677629,0.031633121,3.1953894,925.0
RLF,down,0.0042983786576,0.031642356,2.8032169,6018.0
LRRC38,up,0.004305553198,0.031683175,3.5012223,126755.0
FAM18B2,up,0.004309206919,0.031683175,3.2940417,201158.0
EIF4G1,down,0.004309471506,0.031683175,2.972002,1981.0
CRLS1,up,0.0043147338758,0.031705338,4.7724796,54675.0
DKK3,down,0.0043205417633,0.031731854,5.3510377,27122.0
LIX1L,up,0.004321464766,0.031731854,2.0196261,128077.0
AADACL2,up,0.0043231050417,0.031732434,5.7132878,344752.0
ZNF467,up,0.0043275056053,0.031733238,6.7073333,168544.0
SMPD4,down,0.0043339313701,0.031750441,4.3460456,55627.0
ZFHX3,down,0.0043355410229,0.031750441,2.6717066,463.0
SCRT1,down,0.004336331966,0.031750441,3.4721842,83482.0
SLC25A42,up,0.0043369032841,0.031750441,5.6937745,284439.0
TRMT13,up,0.004338055395,0.031750441,5.4668619,54482.0
PAK4,down,0.0043438025804,0.031775463,3.5410523,10298.0
BRPF1,up,0.0043459736654,0.031775463,2.5073722,7862.0
CCL19,down,0.0043461641605,0.031775463,7.9706135,6363.0
TMEM62,up,0.0043516119909,0.031803852,4.7850928,80021.0
EIF3A,down,0.004358073979,0.031839631,4.9747573,8661.0
FAM221A,up,0.0043616841319,0.031843114,4.5885225,340277.0
DDX26B,up,0.0043690021306,0.031854494,2.1072921,203522.0
ZNF385D,down,0.0043690313863,0.031854494,3.1933819,79750.0
TMEM213,up,0.0043694066784,0.031854494,2.9109727,155006.0
EPHA4,down,0.0043695118389,0.031854494,8.7680304,2043.0
C16orf87,up,0.0043785993894,0.031909298,3.6697646,388272.0
TMEM87B,up,0.0043912066908,0.031966789,12.7585558,84910.0
GLO1,up,0.0043954009278,0.031983089,6.1368613,2739.0
RPL28,up,0.0043965929379,0.031983089,3.2002978,6158.0
RAPGEF6,up,0.0044047836411,0.032001568,3.915455,51735.0
POPDC3,up,0.0044049553682,0.032001568,2.1644673,64208.0
RFESD,up,0.0044054311441,0.032001568,3.555178,317671.0
RABL2B,up,0.0044089487007,0.032007482,12.9138938,11158.0
N4BP2L1,up,0.0044093948369,0.032007482,2.3777454,90634.0
APP,down,0.0044122462769,0.032016746,2.3181161,351.0
CSGALNACT1,up,0.0044177132633,0.032034651,4.2021725,55790.0
SLC6A12,up,0.00442089293,0.032034651,2.9783162,6539.0
SESN3,up,0.0044210183009,0.032034651,4.1119892,143686.0
TMEM19,up,0.0044241182208,0.032045689,5.0399625,55266.0
KHK,up,0.00442576541,0.032046199,2.5929717,3795.0
INPP5K,up,0.0044319371562,0.032070354,18.3738893,51763.0
METTL21A,down,0.0044382143181,0.032097759,2.126846,151194.0
CRYAB,up,0.0044395820151,0.032097759,2.0053059,1410.0
RPL35,up,0.0044429632291,0.032100394,5.5102432,11224.0
CCL13,up,0.0044443055324,0.032100394,6.7119441,6357.0
ALG12,up,0.0044479161663,0.032115061,3.8775594,79087.0
ATP7B,down,0.0044512865175,0.032127982,5.8233912,540.0
CDY1B,up,0.0044535239139,0.03213272,3.2675342,253175.0
PPP2R2B,up,0.0044582782402,0.032148782,2.2457464,5521.0
CBFA2T3,up,0.0044589134392,0.032148782,2.763005,863.0
CDC42SE2,up,0.0044607448354,0.032150581,3.4217528,56990.0
SDAD1,down,0.0044670328897,0.032160545,3.9455638,55153.0
ZNF322,down,0.0044673429481,0.032160545,4.565828,79692.0
GRIK1,down,0.0044694851657,0.032160545,3.8249228,2897.0
WDR49,up,0.0044709686771,0.032160545,3.5267899,151790.0
BARHL1,down,0.004471138683,0.032160545,4.3269908,56751.0
FZD2,up,0.0044823169886,0.032214672,2.7085843,2535.0
ACTR1A,up,0.0044867205991,0.032234923,5.2543183,10121.0
FAM220A,up,0.0044938849636,0.032255694,4.8847779,84792.0
EFEMP2,up,0.0044940899386,0.032255694,5.1691982,30008.0
POMT1,down,0.0044948295977,0.032255694,2.5392297,10585.0
PRH2,down,0.0044959597295,0.032255694,5.8794015,5555.0
DOC2A,down,0.0045035940915,0.032299065,6.3107927,8448.0
PTMA,up,0.0045154151241,0.032361006,2.1221344,5757.0
SLC15A2,up,0.0045219662064,0.032378745,3.3256022,6565.0
MYLIP,down,0.0045226694454,0.032378745,3.0976966,29116.0
ATP5B,up,0.0045279622483,0.032397523,4.2618477,506.0
IL31RA,up,0.004528480267,0.032397523,4.5230059,133396.0
IL1RAP,down,0.0045301020068,0.032397721,10.807768,3556.0
FAM48A,up,0.0045357556745,0.032415343,4.1512152,55578.0
USP19,up,0.0045475051334,0.032469304,5.9667128,10869.0
FASTKD3,up,0.0045478625619,0.032469304,6.2302695,79072.0
IL4R,down,0.0045480987647,0.032469304,240.433009,3566.0
TFRC,down,0.0045521020384,0.032486473,2.5044952,7037.0
FAM190A,up,0.0045542729214,0.032490529,3.6247028,401145.0
CD84,up,0.0045597128222,0.032497302,2.7521514,8832.0
WDR60,down,0.0045600149604,0.032497302,4.5322197,55112.0
N4BP1,up,0.004563032769,0.032499285,3.8361091,9683.0
FOLR3,up,0.0045668891207,0.032501026,2.1394903,2352.0
ARID4B,down,0.0045669338785,0.032501026,6.9851389,51742.0
SH2D1A,up,0.0045718301952,0.032506267,3.5303721,4068.0
UROD,up,0.0045724652632,0.032506267,3.4716741,7389.0
FRMD1,up,0.0045724682432,0.032506267,3.3325079,79981.0
MARCH4,down,0.0045789990232,0.032532396,3.1647866,57574.0
ACER1,up,0.0045809455196,0.032532396,3.5469451,125981.0
DCTN4,up,0.0045828002642,0.0325342,5.1644988,51164.0
USP5,up,0.004593671318,0.032547333,3.6574371,8078.0
CDC37,down,0.0045946698993,0.032547333,2.0606098,11140.0
KCNMB4,down,0.0045947073828,0.032547333,2.008622,27345.0
RHBDF2,down,0.0045960723123,0.032547333,2.8355532,79651.0
TCOF1,up,0.0045964008909,0.032547333,3.6839096,6949.0
ADAMTS12,down,0.0045974608631,0.032547333,3.5355092,81792.0
TMEM63B,up,0.0045994308863,0.032549458,4.2728004,55362.0
HNRNPH1,down,0.004602297601,0.032549458,5.3015606,3187.0
ZBED5,up,0.0046046878582,0.032549458,5.3053503,58486.0
CHM,down,0.0046057683653,0.032549458,8.7462733,1121.0
PKN3,up,0.0046131630809,0.032582774,2.1019617,29941.0
RPL27A,up,0.0046148126254,0.032582774,15.6832009,6157.0
WDR36,up,0.0046167060691,0.032582774,2.7877722,134430.0
CCNT1,down,0.0046268080737,0.032630074,5.3623725,904.0
FAM118B,up,0.0046339695412,0.032669244,6.7797719,79607.0
GAGE12J,up,0.0046365925041,0.032671416,3.9991914,729396.0
CELA3B,up,0.0046408413535,0.032671416,4.211532,23436.0
DOCK5,down,0.0046408967562,0.032671416,3.1346541,80005.0
HIPK3,down,0.0046470596598,0.032682176,3.2089212,10114.0
CTAGE1,up,0.0046493404945,0.032686906,10.0109848,64693.0
ZNF420,down,0.0046540552721,0.032708739,2.9918476,147923.0
PRDM2,up,0.0046667660778,0.032777688,4.0016358,7799.0
BSG,up,0.0046676007484,0.032777688,4.2641573,682.0
SYN2,up,0.0046703166171,0.032777688,3.4671157,6854.0
DUSP26,down,0.0046832687699,0.03283318,17.537139,78986.0
THPO,down,0.0046846849599,0.03283318,4.3630677,7066.0
RNF128,up,0.0047015827373,0.032937411,2.5241222,79589.0
SRPK1,up,0.0047049620553,0.032941217,2.0122704,6732.0
ALOX12B,up,0.0047074709434,0.032947434,5.2791426,242.0
GMPR,up,0.0047132755759,0.032952793,3.2082118,2766.0
DGKZ,up,0.0047145220205,0.032952793,7.4904064,8525.0
ZNF747,up,0.0047147219329,0.032952793,2.3274921,65988.0
IQCF5,up,0.0047191294578,0.032967468,4.6918262,389124.0
XPOT,up,0.0047226750307,0.032967468,3.6892447,11260.0
SIGLEC10,down,0.0047233095341,0.032967468,2.805339,89790.0
SIRT3,up,0.0047267535248,0.03298018,4.5191528,23410.0
DHCR7,up,0.0047304081337,0.032983034,8.3208578,1717.0
AZGP1,up,0.0047325287105,0.032986504,3.3168655,563.0
TMEM33,up,0.0047347954954,0.03299099,4.543897,55161.0
HSP90B1,down,0.0047393893776,0.032991042,7.6919764,7184.0
GEMIN2,up,0.0047417510661,0.032991042,3.9439383,8487.0
PILRA,up,0.0047422308012,0.032991042,11.418835,29992.0
NR2C2,down,0.0047472855268,0.03299883,3.4400312,7182.0
NAA16,down,0.0047501310376,0.033006715,4.3297755,79612.0
RELL1,down,0.0047516677808,0.033006715,2.4403157,768211.0
GOT1,up,0.004762914175,0.03305251,9.7428575,2805.0
MED23,up,0.0047680464696,0.03305251,2.653827,9439.0
FSTL3,up,0.0047687398124,0.03305251,2.3425202,10272.0
TMEM87A,up,0.0047705713767,0.03305251,10.8296044,25963.0
AMACR,up,0.0047724106523,0.03305251,2.2518712,23600.0
SBF2,down,0.0047727678217,0.03305251,3.669302,81846.0
BIRC6,down,0.0047802244403,0.033091983,3.0900507,57448.0
ISCA1,up,0.004783159782,0.033101029,2.3512512,81689.0
RPL26,up,0.0047890581059,0.033128416,12.6353437,6154.0
TIMM9,up,0.0047903771028,0.033128416,4.5700217,26520.0
ZBTB6,up,0.0048001857542,0.033175381,3.8621072,10773.0
B4GALNT2,up,0.0048004328089,0.033175381,4.4720451,124872.0
ABCA6,up,0.0048056000804,0.033199803,2.6540391,23460.0
BAZ1A,down,0.0048072707357,0.03320006,7.5608952,11177.0
KPTN,up,0.0048160060841,0.033239665,2.2493667,11133.0
PCSK5,down,0.0048162762236,0.033239665,2.3937979,5125.0
ZFAND6,up,0.0048195350814,0.033250866,2.8550173,54469.0
DPM3,down,0.0048224149708,0.033259445,3.5909664,54344.0
ALKBH4,up,0.0048307466779,0.033303906,3.3285771,54784.0
CALN1,up,0.004833410829,0.033303906,2.0132152,83698.0
BRIX1,up,0.0048337771908,0.033303906,2.0818258,55299.0
TMEM173,up,0.0048391796228,0.03332606,7.2495442,340061.0
C5orf54,up,0.0048470539375,0.033352031,3.4220798,63920.0
MKRN2,up,0.0048473259928,0.033352031,4.3966595,23609.0
WT1,up,0.0048642303293,0.033432096,2.8862861,7490.0
GPR34,up,0.0048646964564,0.033432096,3.9851272,2857.0
WDR85,up,0.0048655419305,0.033432096,2.6516319,92715.0
MTMR3,up,0.0048690882605,0.033433915,2.0645258,8897.0
TPD52L2,up,0.004870033318,0.033433915,2.9223896,7165.0
ATXN10,up,0.0048723301081,0.033433915,3.2843302,25814.0
RB1,up,0.0048723864858,0.033433915,2.0881719,5925.0
HERC4,up,0.0048743432748,0.033436054,5.138348,26091.0
RSC1A1,up,0.0048799272682,0.033463064,4.9476909,6248.0
CDKN2A,down,0.0048896428613,0.033518378,5.6848075,1029.0
MAD2L1BP,down,0.0048977347689,0.03355664,3.2533086,9587.0
PRR21,up,0.0049015390686,0.033565964,6.8330183,643905.0
CHORDC1,down,0.0049043499174,0.033568599,2.5956894,26973.0
ARL6IP1,down,0.0049065355615,0.033568599,3.3671282,23204.0
MTG1,up,0.0049076717811,0.033568599,5.7157052,92170.0
UBXN11,up,0.0049085302194,0.033568599,3.169067,91544.0
C1QTNF1,up,0.0049111212519,0.033575022,2.5576383,114897.0
ST7,up,0.0049129222783,0.033576041,2.3412938,7982.0
MS4A5,up,0.0049216787867,0.033582063,2.4303325,64232.0
DSTN,up,0.0049219126092,0.033582063,3.4749459,11034.0
PAPD4,up,0.0049224140945,0.033582063,4.3456459,167153.0
MFAP3L,down,0.0049233878578,0.033582063,3.327308,9848.0
BCL6B,down,0.0049247217432,0.033582063,4.2034943,255877.0
TBCA,up,0.0049370582045,0.033650472,2.7138224,6902.0
PEX2,up,0.0049512169548,0.033724358,5.0543035,5828.0
MBLAC2,up,0.0049638995218,0.033786086,2.4662617,153364.0
PPP1R13B,down,0.0049652663932,0.033786086,4.4332812,23368.0
FBXO8,up,0.0049703464745,0.033796098,3.1251682,26269.0
PDPN,up,0.0049704939196,0.033796098,3.6208615,10630.0
LCN8,up,0.0049732451887,0.033796098,2.7657057,138307.0
CUL4B,up,0.0049744662808,0.033796098,2.3042958,8450.0
CCNA1,down,0.004975051655,0.033796098,3.3789596,8900.0
TEX30,up,0.0049909377828,0.033847159,5.3439848,93081.0
SPATA24,down,0.0049919253387,0.033847159,2.579895,202051.0
CDR2L,down,0.0049932143745,0.033847159,3.4473697,30850.0
STX4,down,0.0049937697576,0.033847159,4.3626105,6810.0
NAGPA,down,0.0049987342558,0.033866425,135.9802013,51172.0
COMMD7,up,0.0050091504168,0.033914384,2.1636167,149951.0
PHLPP1,down,0.0050129657746,0.033928914,12.5094504,23239.0
TOP2B,down,0.0050159804316,0.03393748,5.9938858,7155.0
DPH3,up,0.0050175708812,0.03393748,2.0880036,285381.0
MAP7D3,down,0.0050195192723,0.033939364,3.5977176,79649.0
SIX4,down,0.0050230761695,0.033952119,7.7013002,51804.0
FUT7,up,0.0050258869436,0.033959825,2.2158123,2529.0
POC1B,up,0.0050309957766,0.033970813,4.5351092,282809.0
SPTBN1,down,0.0050338995467,0.033970813,3.6173445,6711.0
C10orf54,down,0.0050379624704,0.033973652,2.8088875,64115.0
CNNM3,up,0.0050451866471,0.0340014,2.8426158,26505.0
GNAL,up,0.005051585905,0.034031264,2.8181874,2774.0
CCDC102B,down,0.005070705906,0.03411502,6.3304889,79839.0
DDX47,up,0.0050713653758,0.03411502,5.1797508,51202.0
FAM3C,down,0.0050744517125,0.03411502,4.3561381,10447.0
LOC100505549,up,0.0050761257681,0.03411502,4.7679781,100505549.0
H2AFB1,up,0.0050773562788,0.03411502,4.9974654,474382.0
SLC7A7,up,0.0050786285606,0.03411502,7.5382017,9056.0
ZAP70,down,0.0050790677228,0.03411502,4.3963197,7535.0
MNX1,up,0.0050832610716,0.034127534,2.2209588,3110.0
PSMA5,up,0.0050864077359,0.034127534,3.813667,5686.0
ECD,up,0.0050893261722,0.034127534,2.1055391,11319.0
ZSCAN2,up,0.0050947058826,0.034134436,3.8792204,54993.0
TMED7,up,0.005095393828,0.034134436,4.4178276,51014.0
LRPAP1,up,0.0051026628195,0.034171869,3.0219724,4043.0
ACOT9,up,0.0051113741041,0.034218932,2.4041173,23597.0
OMA1,up,0.0051186899359,0.034256626,3.8408794,115209.0
SNTB2,down,0.0051310786047,0.034317046,2.2606116,6645.0
PABPC3,up,0.0051325444777,0.034317046,5.0760213,5042.0
KDSR,up,0.00513655959,0.034317046,3.0034582,2531.0
GALT,up,0.0051395368588,0.034317046,2.0778519,2592.0
TMED1,down,0.005146244212,0.034350263,2.5909041,11018.0
PCDHGA3,up,0.0051494673056,0.034350263,4.4267815,56112.0
SCOC,up,0.0051499473636,0.034350263,6.4136266,60592.0
PICK1,up,0.0051528047204,0.034350263,2.8976534,9463.0
RAC1,up,0.0051534879144,0.034350263,4.2494683,5879.0
TANC2,down,0.0051571700598,0.034350263,3.838739,26115.0
P4HA3,up,0.0051610812488,0.034351323,2.7671771,283208.0
MED17,up,0.0051615714766,0.034351323,3.952549,9440.0
SYNE2,up,0.0051667694012,0.034360955,3.7599475,23224.0
UGDH,up,0.0051692923328,0.034360955,5.6970911,7358.0
CHRDL1,down,0.0051697811452,0.034360955,4.546145,91851.0
KIF14,down,0.0051736937574,0.034375719,4.8987251,9928.0
CHST2,up,0.0051820877603,0.034408995,4.8943412,9435.0
KRTAP1-3,up,0.0051940897791,0.034477425,6.5326588,81850.0
CMC2,up,0.0052022388178,0.034516147,2.3649276,56942.0
TBL1XR1,down,0.0052033197855,0.034516147,3.9881259,79718.0
SEPT9,down,0.0052075591714,0.034532998,2.5241989,10801.0
EGFR,down,0.005211367636,0.034546982,5.5298828,1956.0
NINJ2,up,0.0052262192986,0.03463414,2.3449361,4815.0
WRNIP1,up,0.0052293412662,0.034643534,4.6086723,56897.0
ADCK5,up,0.0052385608404,0.034682003,3.1527922,203054.0
FAM25A,up,0.0052467188684,0.034719318,8.3823309,643161.0
EFHC1,up,0.0052476135743,0.034719318,14.2393932,114327.0
CELF5,up,0.0052495371884,0.034720743,2.336173,60680.0
GBP3,down,0.0052532250293,0.034722745,2.0598922,2635.0
FLNA,down,0.005253256592,0.034722745,4.6457654,2316.0
C17orf51,up,0.0052552518818,0.034724641,3.993949,339263.0
KIF12,up,0.0052595696903,0.034741876,2.1673124,113220.0
RGP1,up,0.0052648406899,0.034755052,2.2625202,9827.0
IRF2,up,0.0052649842743,0.034755052,4.7822635,3660.0
TICAM2,up,0.0052700732353,0.03477735,3.088164,353376.0
GUCY1A3,down,0.0052718488763,0.034777776,4.5451524,2982.0
NUP35,up,0.0052736753531,0.034778537,3.8792712,129401.0
FBXO15,up,0.005278409184,0.034798465,4.3883192,201456.0
CLYBL,up,0.0052836681922,0.034809548,2.4040442,171425.0
GATA3,down,0.0052849119895,0.034809548,7.8719279,2625.0
RRBP1,down,0.0052869409262,0.034809548,10.2368438,6238.0
HNRNPR,down,0.0052890706921,0.034811112,2.5164562,10236.0
CDK18,up,0.005293835597,0.034821103,2.5158777,5129.0
OR2A7,up,0.0052993238777,0.034845926,3.6967358,401427.0
SORCS1,down,0.0053122962505,0.034919929,4.922674,114815.0
C16orf52,down,0.0053209125459,0.03496137,6.0075102,730094.0
CEPT1,up,0.0053278841302,0.034977146,4.1254831,10390.0
NF1,down,0.0053310419673,0.034986577,201.049727,4763.0
RUNX1T1,down,0.0053335586143,0.034991794,6.2678477,862.0
MDN1,down,0.00533866768,0.035004678,4.2569246,23195.0
NFKBID,up,0.0053424114288,0.035004678,2.1357732,84807.0
PTPRF,down,0.0053715793987,0.035139154,3.9230111,5792.0
TET2,up,0.0053828536639,0.035156568,2.1511038,54790.0
ITFG3,up,0.0053830268322,0.035156568,2.8482151,83986.0
AREG,down,0.0053855233833,0.035156568,4.48086,374.0
ERP29,up,0.0053881888117,0.035156568,3.3078944,10961.0
BCL2L12,up,0.0053919952271,0.035156568,2.8221142,83596.0
MAMSTR,up,0.0053926446627,0.035156568,2.3479579,284358.0
ANKHD1-EIF4EBP3,up,0.0053948948633,0.035156568,3.3721199,404734.0
SLC2A13,up,0.005395274577,0.035156568,2.9417421,114134.0
ANXA8,down,0.0053967277519,0.035156568,2.6257521,653145.0
SPATA7,up,0.0053987877025,0.035158718,4.3318386,55812.0
PDIA2,down,0.0054019616242,0.035163103,3.0980876,64714.0
ESD,up,0.0054150664725,0.035208326,2.2946456,2098.0
RSPH9,up,0.0054190714765,0.035218424,3.2718392,221421.0
TRAPPC1,up,0.0054200851889,0.035218424,4.0730404,58485.0
SLC4A4,up,0.0054223443578,0.035219407,4.6886012,8671.0
ARFGAP2,up,0.0054239056401,0.035219407,2.7519877,84364.0
ZNF24,down,0.0054352014966,0.035257562,6.2313633,7572.0
MLL3,down,0.0054365166397,0.035257562,11.8254436,58508.0
RPS28,up,0.0054434640404,0.03527198,6.7144955,6234.0
PSORS1C2,up,0.0054454728568,0.03527198,2.5292533,170680.0
ITGB5,up,0.0054456813636,0.03527198,2.5816605,3693.0
HTT,up,0.0054522586091,0.035283852,2.3525736,3064.0
STXBP3,up,0.0054527272276,0.035283852,3.519979,6814.0
YIPF1,up,0.0054547024832,0.035283852,5.4316054,54432.0
CYP2E1,up,0.0054572669683,0.035283852,2.1768817,1571.0
KHDC1,up,0.0054580736033,0.035283852,2.9275475,80759.0
MEF2BNB-MEF2B,down,0.0054597096308,0.035283852,5.9095188,4207.0
BTBD18,down,0.005461402076,0.035283852,5.6180404,643376.0
BMP2,up,0.0054642649627,0.03529113,3.2945206,650.0
GPR125,up,0.0054664596239,0.035294089,6.4558066,166647.0
PRR24,down,0.005470696186,0.035310225,7.5742038,255783.0
ANKRD36,down,0.0054769429453,0.035339322,6.7775988,375248.0
ZG16B,up,0.0054847295153,0.035364997,2.9256408,124220.0
G2E3,down,0.0054847906668,0.035364997,2.7992552,55632.0
COG6,down,0.0054899044041,0.03537803,7.249505,57511.0
ZCCHC11,up,0.0054948111656,0.035387915,3.1108766,23318.0
EFNA4,up,0.0054949205022,0.035387915,2.019518,1945.0
SCG5,up,0.0054978818443,0.035395771,2.6714333,6447.0
ATIC,up,0.0055090136317,0.035439757,4.4896469,471.0
IGSF23,up,0.0055099449709,0.035439757,3.6077524,147710.0
TMEM109,up,0.0055210912987,0.035477768,2.2284326,79073.0
METAP2,down,0.0055264468194,0.035500958,2.1270685,10988.0
SOAT2,up,0.0055341408845,0.035522989,3.1614068,8435.0
SLC22A15,up,0.0055352831288,0.035522989,3.0788143,55356.0
ASCL4,up,0.005536867422,0.035522989,5.4222406,121549.0
PARD3B,down,0.0055443162131,0.035559554,5.0806654,117583.0
BSDC1,up,0.0055509339957,0.035587312,2.9504064,55108.0
CT47A7,up,0.0055539060585,0.035587312,2.3936317,653282.0
MAP3K4,up,0.0055540986451,0.035587312,2.6688188,4216.0
USP36,down,0.005555647722,0.035587312,3.5032511,57602.0
NR3C1,up,0.0055640135271,0.035629671,4.6783792,2908.0
GPSM1,up,0.0055746918014,0.035661018,2.6657735,26086.0
UFSP2,up,0.0055768139429,0.035661018,2.9911318,55325.0
ARHGAP44,up,0.0055803025725,0.035661018,3.2314671,9912.0
ANKFN1,up,0.0055819616544,0.035661018,2.2461993,162282.0
EGFL7,down,0.0055825419223,0.035661018,2.5337364,51162.0
RNASE1,up,0.0055828176216,0.035661018,5.268685,6035.0
MSL2,up,0.0055860728515,0.035661018,25.489732,55167.0
ZNF763,up,0.0055871827797,0.035661018,2.0490939,284390.0
FAM71F1,up,0.0055882087284,0.035661018,3.6657454,84691.0
DKK1,up,0.0055981933307,0.035702315,4.4579781,22943.0
FBXO3,up,0.0056033361276,0.035723904,5.4690369,26273.0
GBE1,up,0.0056110024795,0.035761563,5.9525688,2632.0
PDGFA,down,0.005618234738,0.035774528,4.4897428,5154.0
PRMT2,down,0.005624065766,0.035774528,2.1366763,3275.0
LPP,down,0.0056250701145,0.035774528,2.6244175,4026.0
ZFAND2A,up,0.0056252265243,0.035774528,2.1899248,90637.0
PPP1R2,up,0.0056253575927,0.035774528,3.6658447,5504.0
CMTM6,up,0.0056357296737,0.03582254,5.0298747,54918.0
NME3,up,0.0056384355903,0.03582254,5.2514623,4832.0
GTF2H3,up,0.0056423414269,0.03582254,6.8323305,2967.0
UBAP1L,up,0.0056437518412,0.03582254,3.1042129,390595.0
AP4B1,up,0.0056448476172,0.03582254,3.6500624,10717.0
UBXN7,down,0.0056452446233,0.03582254,3.4066964,26043.0
OMG,down,0.0056534053121,0.035863128,3.3793697,4974.0
CLEC4F,up,0.005662489595,0.035909548,9.9065343,165530.0
FBXO11,down,0.005665009609,0.035914323,4.7904695,80204.0
GPR64,up,0.0056680999457,0.03592271,2.7124208,10149.0
CKAP5,up,0.0056756931268,0.035934282,8.4949524,9793.0
TNFRSF1A,up,0.00567571589,0.035934282,3.0203729,7132.0
PIGO,up,0.0056758572735,0.035934282,3.9680077,84720.0
RAB37,up,0.0056769977337,0.035934282,2.4340847,326624.0
CRYGC,down,0.0056847695379,0.035961077,3.8070856,1420.0
VDAC1,up,0.0056893950563,0.035976512,12.529288,7416.0
SRSF1,up,0.0056907495472,0.035976512,4.4948403,6426.0
EXOC8,up,0.0056935817104,0.035977327,5.2151274,149371.0
C18orf34,down,0.0056944188045,0.035977327,5.8623276,374864.0
CEP85L,down,0.0057056158617,0.03602369,2.9298472,387119.0
SLC12A5,up,0.0057060015998,0.03602369,3.7595147,57468.0
FAM155A,up,0.0057186560554,0.03605738,4.112311,728215.0
COPS3,up,0.00571950759,0.03605738,4.85423,8533.0
PANX2,down,0.0057229162385,0.036067681,7.5282773,56666.0
FAM127C,up,0.0057269545885,0.036075065,4.262469,441518.0
ZSCAN18,down,0.0057276376886,0.036075065,2.553309,65982.0
PCSK2,down,0.0057342665584,0.036094447,161.0826536,5126.0
ITIH1,down,0.0057362223678,0.036095579,3.9102108,3697.0
GNA14,up,0.0057383787778,0.036097972,2.6615462,9630.0
CA5B,up,0.0057440964303,0.03612276,3.1869353,11238.0
CYB5R1,up,0.0057473374,0.036131962,3.1179288,51706.0
PPCS,up,0.0057494634872,0.036134151,4.8525651,79717.0
IFI30,up,0.0057551009172,0.036151427,2.4173893,10437.0
AHI1,up,0.0057564627755,0.036151427,2.3445019,54806.0
SEC11A,up,0.0057581818499,0.036151427,2.4802915,23478.0
HEATR5B,up,0.0057610887479,0.036151427,8.3142798,54497.0
AQP1,up,0.0057611056343,0.036151427,5.4240065,358.0
MED30,up,0.0057693771849,0.03616902,9.4213195,90390.0
TUBD1,up,0.0057733045685,0.03616902,2.8883854,51174.0
OR6T1,up,0.0057738663972,0.03616902,7.2366968,219874.0
UQCR11,up,0.0057741187524,0.03616902,3.2338913,10975.0
SUMF2,down,0.0057745864638,0.03616902,2.1054422,25870.0
ORC1,down,0.0057950791109,0.036266265,2.4109702,4998.0
FAM108B1,up,0.0058017770534,0.036294589,2.017175,51104.0
HMGCL,up,0.0058049958277,0.036303551,5.6552531,3155.0
CNOT4,up,0.0058134888853,0.036325921,3.1571207,4850.0
LHPP,down,0.0058151750657,0.036325921,2.7711359,64077.0
TBC1D26,up,0.0058157219447,0.036325921,2.9854574,353149.0
TOP1,down,0.0058368594373,0.03644322,2.4411248,7150.0
HUS1B,up,0.0058380873505,0.03644322,2.9924473,135458.0
GTPBP3,up,0.005846957555,0.036487385,4.5742007,84705.0
TMEM225,down,0.0058494469044,0.036491715,3.002066,338661.0
KIAA0947,up,0.0058528543171,0.036501769,2.1188133,23379.0
REEP1,up,0.0058606449924,0.036539144,2.8286381,65055.0
RRP1B,down,0.0058633231704,0.036544632,5.4080879,23076.0
MAGEL2,up,0.0058747817592,0.036584862,2.3168917,54551.0
SNRPB2,up,0.0058749526821,0.036584862,2.2299105,6629.0
SOX5,down,0.0058751777955,0.036584862,3.677138,6660.0
TRIM6-TRIM34,down,0.0058827319993,0.03660947,2.1730672,445372.0
THAP4,up,0.0058895795998,0.036640865,8.1948221,51078.0
TMEM223,up,0.0059001686233,0.036676062,3.3134923,79064.0
KRT24,up,0.005913374713,0.036739058,4.3216685,192666.0
SH2B1,up,0.005916208392,0.036739058,3.4706634,25970.0
SYBU,down,0.0059203565189,0.036753588,9.0880775,55638.0
ACSM2B,up,0.0059238731956,0.036754367,2.7371097,348158.0
NABP1,down,0.0059240987077,0.036754367,3.5034771,64859.0
PPIAL4B,up,0.0059305029294,0.036780012,3.0610077,653505.0
TCTE3,down,0.0059318513748,0.036780012,3.4443665,6991.0
STARD3,up,0.0059385057381,0.036810042,3.9678119,10948.0
EXD3,down,0.005941517574,0.036817483,2.8459998,54932.0
C9orf170,up,0.0059475249318,0.036843476,3.5667979,401535.0
MORF4L2,up,0.0059562136903,0.036868752,3.3292183,9643.0
IARS2,up,0.0059617613147,0.036868752,9.1746153,55699.0
VNN2,up,0.0059627329729,0.036868752,3.970461,8875.0
PAK2,down,0.0059628964732,0.036868752,6.0596346,5062.0
C5orf15,up,0.0059634631111,0.036868752,6.5721989,56951.0
ZNF574,up,0.0059643028804,0.036868752,5.8152615,64763.0
ZNF280D,up,0.0059757970833,0.036886941,4.6427939,54816.0
CD44,down,0.0059763196834,0.036886941,3.162614,960.0
TANK,up,0.0059812857082,0.036899006,2.3753405,10010.0
CCM2,down,0.0059892411561,0.036933048,4.1897218,83605.0
ZNF729,down,0.0059944434806,0.036953917,4.6920672,100287226.0
CSF1R,down,0.0060105029989,0.037019234,2.6589726,1436.0
INTS12,up,0.0060159884701,0.037041795,2.5560172,57117.0
USHBP1,up,0.0060258657134,0.037083276,2.2088885,83878.0
MRAP,down,0.0060263744781,0.037083276,3.2029899,56246.0
MTMR1,up,0.0060428255075,0.037157773,10.3265313,8776.0
ODZ1,up,0.0060437164298,0.037157773,3.4145093,10178.0
IL17REL,up,0.0060452134218,0.037157773,2.4201646,400935.0
GCN1L1,down,0.0060515359144,0.037181621,3.6188017,10985.0
LRFN3,up,0.006053332556,0.037181621,8.8459014,79414.0
SCAMP2,up,0.0060569622515,0.037192676,2.0017378,10066.0
EFCAB1,up,0.0060718410024,0.037250277,2.3572645,79645.0
RSPO4,up,0.0060744576133,0.037255085,2.1759856,343637.0
STIM2,up,0.0060916174517,0.037333113,3.0741153,57620.0
PHF20,down,0.0060947656863,0.037333113,2.1984064,51230.0
PRKCB,up,0.0060961651614,0.037333113,3.4983467,5579.0
AQP3,up,0.0060992006742,0.037333113,39.8809314,360.0
MMS22L,up,0.0060995536452,0.037333113,3.6648694,253714.0
ALG6,up,0.0061146979856,0.037391458,5.7820255,29929.0
LRRFIP1,down,0.0061154618413,0.037391458,7.6796337,9208.0
FAM100A,down,0.006122447527,0.037413934,2.1397092,124402.0
LPAR6,up,0.0061289467551,0.037442393,13.6325896,10161.0
SLC28A1,up,0.0061565384281,0.03757707,4.8000981,9154.0
DNAJC8,down,0.0061587150388,0.03757907,2.5008699,22826.0
IFITM3,down,0.0061666383505,0.037604838,7.3424669,10410.0
RNF139,up,0.0061712801239,0.037613728,7.2416176,11236.0
RB1CC1,up,0.0061747352561,0.037613728,3.5742801,9821.0
QSER1,down,0.0061790330046,0.037613728,6.2648393,79832.0
SCN5A,up,0.0061839382738,0.037613728,2.0183754,6331.0
PANK1,up,0.0061851131304,0.037613728,4.8143458,53354.0
PHF1,up,0.0061854387686,0.037613728,4.6750219,5252.0
MPPED2,up,0.0061857217354,0.037613728,2.4438641,744.0
LAMP1,up,0.0061870575401,0.037613728,2.7645406,3916.0
XAGE1A,up,0.0061871768116,0.037613728,8.0085608,653219.0
HIST1H1E,down,0.0061884529286,0.037613728,3.9460663,3008.0
OR51T1,down,0.0061917835516,0.037618617,5.4334245,401665.0
TNFAIP8,up,0.0061937635261,0.037618617,4.2984179,25816.0
VWA5A,up,0.0061948098524,0.037618617,6.4033954,4013.0
CENPB,up,0.0061997169903,0.037637171,2.3422023,1059.0
ABCB6,up,0.0062034478511,0.037648575,4.9721505,10058.0
PPARD,down,0.0062102415462,0.037656877,3.1689906,5467.0
INS-IGF2,up,0.0062115599422,0.037656877,2.7224304,723961.0
USP51,down,0.0062135954698,0.037656877,2.843767,158880.0
UCN,up,0.006219922265,0.037681049,3.5506674,7349.0
AMZ2,up,0.0062253597126,0.037702752,2.1169654,51321.0
PRSS45,down,0.0062340803338,0.037722882,5.0213545,377047.0
GGA3,down,0.0062379028559,0.037722882,67.7440187,23163.0
L3MBTL3,down,0.0062387772011,0.037722882,2.413571,84456.0
MEOX1,up,0.0062396419286,0.037722882,3.0537214,4222.0
ZNF79,up,0.00624158809,0.037722882,2.4845754,7633.0
CRCP,down,0.0062427413118,0.037722882,2.572194,27297.0
RIOK1,down,0.0062430203973,0.037722882,2.8388968,83732.0
GARS,up,0.0062453267594,0.037722882,4.3778002,2617.0
HHLA3,up,0.006250893625,0.037735492,3.7407709,11147.0
ID3,up,0.006252587572,0.037735492,4.6839488,3399.0
CAAP1,up,0.0062559689993,0.037741932,3.1957746,79886.0
ITGA2,up,0.0062638009155,0.037777968,2.1732871,3673.0
LOC100506388,up,0.0062690646995,0.037798499,4.41542,100506388.0
LRRN2,up,0.0062743504725,0.03781915,6.992439,10446.0
RGPD4,up,0.0062773476413,0.037825184,2.6397282,285190.0
KCNJ11,down,0.0062836459824,0.037833769,4.4602177,3767.0
ALS2,up,0.0062842215926,0.037833769,8.2503617,57679.0
PTPN14,down,0.0062884947194,0.037840806,3.4353357,5784.0
WNK1,down,0.0063011826199,0.037858793,4.7427375,65125.0
MRPL10,up,0.0063032726257,0.037858793,2.2904632,124995.0
ASB8,up,0.0063046932243,0.037858793,2.6136115,140461.0
UBA1,down,0.0063098350899,0.037858793,4.1231493,7317.0
KLC1,down,0.0063099894331,0.037858793,2.6591896,3831.0
RNF175,up,0.006312590767,0.037858793,5.7645298,285533.0
ALDH3B1,down,0.0063140157207,0.037858793,3.0832597,221.0
ZAR1,up,0.0063158972845,0.037858793,3.1488606,326340.0
CABIN1,down,0.0063168525983,0.037858793,3.0228489,23523.0
C16orf86,up,0.006320936971,0.037858793,2.6826999,388284.0
KIAA0825,up,0.0063210076481,0.037858793,4.3599204,285600.0
EIF3J,down,0.0063216541413,0.037858793,3.9820068,8669.0
VEPH1,up,0.0063271966662,0.037858793,63.3327199,79674.0
GRAPL,up,0.006327494214,0.037858793,3.241249,400581.0
TRMT11,up,0.0063336160466,0.037884269,2.1800743,60487.0
FRMD6,down,0.0063382925544,0.037894487,2.8366278,122786.0
KRTAP10-8,down,0.0063395200928,0.037894487,2.2442432,386681.0
PLAA,up,0.00634511696,0.037894487,7.103414,9373.0
HS3ST3B1,up,0.0063453743219,0.037894487,3.5697439,9953.0
PKD1L2,up,0.0063467301399,0.037894487,3.535976,114780.0
C10orf118,down,0.0063517243138,0.037894487,3.5823128,55088.0
STON2,up,0.0063538054408,0.037894487,2.4802755,85439.0
PLP1,up,0.0063538818151,0.037894487,4.2275425,5354.0
BTC,down,0.0063570010811,0.037894487,4.9912667,685.0
PXDN,up,0.0063636083829,0.037894487,2.1633287,7837.0
BICD2,down,0.0063643322291,0.037894487,3.3889269,23299.0
IQGAP1,down,0.0063643617438,0.037894487,4.2914334,8826.0
DCBLD1,up,0.0063646223516,0.037894487,2.9420985,285761.0
GLE1,up,0.0063656638003,0.037894487,6.2801853,2733.0
TLR9,down,0.0063751567608,0.037923501,5.9878137,54106.0
CYTIP,down,0.0063756262111,0.037923501,3.4611825,9595.0
WDR1,up,0.0063907508728,0.037986075,2.4629384,9948.0
NTN5,up,0.0063917628616,0.037986075,8.05517,126147.0
MOB3B,up,0.0063968336415,0.037986075,2.6860857,79817.0
TP53BP1,down,0.006397359645,0.037986075,5.0314113,7158.0
HIBADH,up,0.0064045015726,0.038006574,2.4166522,11112.0
SLAMF7,down,0.0064078312464,0.038007309,9.0018276,57823.0
KCTD3,up,0.0064096524719,0.038007309,4.2469149,51133.0
RUNDC3A,down,0.0064134799987,0.038007309,12.5802934,10900.0
GGA2,up,0.0064141530559,0.038007309,3.7384126,23062.0
PTDSS1,up,0.0064158956189,0.038007309,5.411593,9791.0
CPVL,up,0.0064301013779,0.038080364,2.6762196,54504.0
BIRC7,down,0.0064539309584,0.038210354,5.6183849,79444.0
FBXW9,down,0.0064559985118,0.038211465,3.1663231,84261.0
SPRED2,down,0.0064604095803,0.038226441,3.0092436,200734.0
PCDH7,up,0.0064668741549,0.03824521,3.3836476,5099.0
ZNF226,up,0.0064846194256,0.038314384,2.6159921,7769.0
PRKDC,up,0.0064846977164,0.038314384,3.4569886,5591.0
RGS7,up,0.0064873094231,0.038318676,3.262693,6000.0
RPN2,up,0.0064903987075,0.038325786,7.9950458,6185.0
TRAF7,up,0.0064948968432,0.038325907,5.6932935,84231.0
SEPP1,up,0.0064964601148,0.038325907,8.5593197,6414.0
KIAA1143,up,0.0064995126871,0.038325907,5.6811928,57456.0
TAS2R20,up,0.0065010450818,0.038325907,4.313663,259295.0
USMG5,up,0.0065017331491,0.038325907,4.4789053,84833.0
NMT2,down,0.0065040107386,0.038328216,2.1044036,9397.0
NDUFA9,up,0.0065223015156,0.038424863,2.6416122,4704.0
SLC51B,down,0.0065320520002,0.03845097,4.5401526,123264.0
OR51B5,up,0.0065330334211,0.03845097,3.0753941,282763.0
LRCH3,down,0.0065356261345,0.03845097,2.2243702,84859.0
CNIH,up,0.0065420104896,0.038462934,2.5397034,10175.0
RINT1,up,0.0065465210219,0.038478323,6.0243791,60561.0
TAF1A,up,0.0065535186459,0.038508316,3.2349881,9015.0
TAF6L,up,0.0065685113206,0.038548051,4.6157418,10629.0
RHBDD1,up,0.0065694972216,0.038548051,3.0853859,84236.0
VPS54,down,0.0065697637424,0.038548051,2.1921459,51542.0
KRTAP4-12,up,0.0065721983231,0.038551207,5.5728959,83755.0
KRT28,up,0.0065794502563,0.03858261,2.8193414,162605.0
SGCA,up,0.0065864278693,0.038601738,2.8695219,6442.0
TUBB3,up,0.0065865105576,0.038601738,4.9676529,10381.0
NIPSNAP3A,up,0.0065942153288,0.03861887,2.8791461,25934.0
SCYL1,up,0.0065951339271,0.03861887,3.3772633,57410.0
HMOX2,down,0.0065981223074,0.038625241,4.6526691,3163.0
BAI2,up,0.0066073140049,0.038667912,2.5370958,576.0
SHISA2,up,0.0066093813852,0.038668876,5.7695849,387914.0
CXCL1,down,0.0066114497737,0.038669847,6.2681291,2919.0
NKAIN1,up,0.0066163781907,0.038687539,2.6404312,79570.0
WNT3A,down,0.0066222607523,0.038701784,27.5131604,89780.0
C9orf64,up,0.0066264309778,0.038701784,3.247824,84267.0
COL15A1,up,0.0066312387693,0.038718738,22.4112617,1306.0
SET,down,0.0066502738751,0.038796446,7.701971,6418.0
FBP1,down,0.0066550011328,0.038802769,3.0606723,2203.0
KLRB1,up,0.0066554795145,0.038802769,3.5588354,3820.0
GIPR,up,0.0066570852239,0.038802769,5.6966789,2696.0
HDGFRP3,down,0.0066654199262,0.038811316,3.1073107,50810.0
PNMA1,up,0.0066666781172,0.038811316,3.3417207,9240.0
SRP54,up,0.0066668196581,0.038811316,8.8879701,6729.0
SMAD5,down,0.0066676633607,0.038811316,4.3262669,4090.0
CSF2RB,down,0.0066720835537,0.038811316,3.4012991,1439.0
PVRL1,down,0.0066739111337,0.038811316,8.5151897,5818.0
RBMY1B,up,0.0066757372344,0.038811316,5.8616932,378948.0
F11R,up,0.0066831018397,0.038843021,4.5825079,50848.0
ANKRD26,down,0.0066874563346,0.038855493,8.0059342,22852.0
COX16,up,0.00669194183,0.038855493,3.4058152,51241.0
TP53TG3B,up,0.0066940364348,0.038855493,8.2045706,729355.0
MB,down,0.0066948062599,0.038855493,3.9534301,4151.0
CASD1,up,0.0067032453656,0.038893366,6.2394189,64921.0
MIER1,up,0.0067207517028,0.038971592,3.8963266,57708.0
IRF2BP1,up,0.0067252520239,0.038971592,3.4820836,26145.0
OVOL1,down,0.0067260369669,0.038971592,270.0566006,5017.0
CARHSP1,up,0.0067304047761,0.038978311,7.1720639,23589.0
HS2ST1,up,0.0067313098141,0.038978311,4.0816204,9653.0
C1orf74,up,0.0067357712243,0.038993036,4.4841124,148304.0
GLUL,down,0.0067383342891,0.038996767,3.6307808,2752.0
DAG1,down,0.006741269715,0.039002649,6.484592,1605.0
EPRS,up,0.0067531567461,0.039060305,2.5132021,2058.0
SLC9A9,up,0.0067738824776,0.039125202,7.2422675,285195.0
MR1,down,0.0067756749861,0.039125202,2.141345,3140.0
CYP27A1,up,0.0067759267092,0.039125202,3.2859936,1593.0
CLDN12,up,0.0067792841021,0.03913347,3.8283008,9069.0
D2HGDH,up,0.0067908974187,0.039155517,4.8669146,728294.0
FAM8A1,up,0.0067915575566,0.039155517,3.6167615,51439.0
TIMD4,down,0.0067920101184,0.039155517,2.5717619,91937.0
TKTL1,down,0.0067927356894,0.039155517,3.0930083,8277.0
EFHB,up,0.0067997865422,0.039185047,13.0118332,151651.0
IFI44L,up,0.006805019417,0.039192978,4.9390072,10964.0
NR2F2,up,0.006814245843,0.039226957,7.0481388,7026.0
PGK1,up,0.006814779124,0.039226957,12.0359482,5230.0
FREM1,up,0.0068168788479,0.039227934,2.4148256,158326.0
NFYC,up,0.0068220375744,0.039246508,6.36219,4802.0
MRPS24,up,0.006835470841,0.039293815,3.8187554,64951.0
SPTB,up,0.0068360604995,0.039293815,2.1995651,6710.0
NEMF,down,0.0068484526272,0.039348491,6.0435826,9147.0
OGG1,up,0.0068494445841,0.039348491,2.2532196,4968.0
RASSF1,up,0.0068759710025,0.039456271,2.0549472,11186.0
GOLGA2,up,0.0068808598535,0.039465797,6.1766803,2801.0
ACHE,down,0.006881514669,0.039465797,2.4081507,43.0
MRPL30,up,0.0069009331153,0.039543977,11.9972765,51263.0
KRT72,down,0.0069039757499,0.039543977,2.6961221,140807.0
TRIO,down,0.0069042805317,0.039543977,5.6451835,7204.0
UBE2A,up,0.0069048745704,0.039543977,3.5794088,7319.0
CAMK2B,down,0.0069112353252,0.039569256,2.5540807,816.0
ACAD10,up,0.0069201566085,0.039605385,6.1601619,80724.0
ESCO2,up,0.00692144285,0.039605385,3.536267,157570.0
GPX8,up,0.0069412562081,0.039696408,7.4292275,493869.0
PAX7,up,0.0069555251483,0.039751343,2.582852,5081.0
ZC4H2,up,0.0069567295134,0.039751343,2.1808337,55906.0
TTI1,up,0.0069631289829,0.039755347,3.8113289,9675.0
EMC8,up,0.0069651652344,0.039755347,2.0354111,10328.0
GTF2F1,down,0.0069670237795,0.039755347,4.8792238,2962.0
GGCX,up,0.006971649772,0.039755347,4.6109818,2677.0
IDI2,up,0.0069719120881,0.039755347,6.1660302,91734.0
SH3BGR,up,0.0069723335464,0.039755347,4.1395298,6450.0
BICC1,down,0.0069735048428,0.039755347,3.5781286,80114.0
PIWIL1,up,0.006977254915,0.039755347,2.1036667,9271.0
CTSB,up,0.0069796643059,0.039755347,6.6952938,1508.0
METTL12,up,0.0069797691532,0.039755347,2.176915,751071.0
TIE1,up,0.0069809019943,0.039755347,3.2371154,7075.0
MAN1A1,down,0.0069921285533,0.039796979,2.1150591,4121.0
TFR2,down,0.0070079334374,0.039853455,3.3069135,7036.0
NEXN,down,0.0070307051191,0.039965102,5.0203951,91624.0
NPC1L1,up,0.0070314983399,0.039965102,3.7985782,29881.0
RRM2B,up,0.0070343181998,0.039969952,6.2901592,50484.0
NUCKS1,down,0.0070389040099,0.039984831,4.2875,64710.0
SLC25A21,up,0.0070448256522,0.040000077,2.393863,89874.0
AAR2,up,0.0070455240685,0.040000077,3.1477192,25980.0
LILRB5,up,0.007067294775,0.040112473,2.6177452,10990.0
DAZAP1,up,0.0070794749778,0.040159176,13.3200482,26528.0
TTC17,up,0.0070846241481,0.040177061,2.5056012,55761.0
DEGS2,up,0.0070865812502,0.040177061,2.0922092,123099.0
AGK,up,0.0070982553554,0.040209599,3.2650755,55750.0
PALLD,down,0.0071036475337,0.040228932,2.9955266,23022.0
CEACAM20,up,0.007110979737,0.040254996,5.1316822,125931.0
MOG,up,0.0071122111208,0.040254996,2.7941265,4340.0
CTNND1,up,0.0071344465684,0.040358371,3.7533267,1500.0
GNG11,up,0.0071491461853,0.040406483,2.4534723,2791.0
SRPK3,up,0.0071493530028,0.040406483,3.1816449,26576.0
KIAA0895L,up,0.0071529847783,0.040407008,5.978573,653319.0
SERBP1,up,0.0071701970621,0.040481738,2.5705297,26135.0
LRP11,up,0.0071832275011,0.040540427,4.272202,84918.0
TK2,up,0.0071845813991,0.040540427,2.9331353,7084.0
OXCT1,up,0.0071892956642,0.040544399,3.2354861,5019.0
PPP1CA,up,0.0071954628751,0.040544399,5.518235,5499.0
ABCC11,down,0.0071956746884,0.040544399,4.0000708,85320.0
CDC42BPA,down,0.007197103038,0.040544399,2.9722128,8476.0
FNDC3A,down,0.0071988821853,0.040544399,8.9171303,22862.0
LGI4,up,0.007200815901,0.040544399,8.4213559,163175.0
C22orf29,up,0.0072012437543,0.040544399,4.9129791,79680.0
VIP,up,0.0072050457608,0.040550535,2.808435,7432.0
ENTPD1,up,0.0072063238951,0.040550535,3.5049306,953.0
SPATA9,down,0.0072106829655,0.040557646,3.9868108,83890.0
LRRC15,up,0.0072115785084,0.040557646,3.7760529,131578.0
RECQL5,down,0.0072159931781,0.040569757,2.8578933,9400.0
PABPN1,down,0.0072206785413,0.040575143,3.9064482,8106.0
GPR25,up,0.0072350377429,0.040633363,2.3574716,2848.0
NPLOC4,down,0.0072388911581,0.040643774,5.2380954,55666.0
SNX25,up,0.0072416376063,0.040647966,2.5867638,83891.0
IQCK,up,0.007253088288,0.040679577,3.4986201,124152.0
PPAPDC1A,up,0.0072555724676,0.040679577,2.9876861,196051.0
TGM3,up,0.0072612480634,0.040679577,5.5885684,7053.0
FAM59A,up,0.0072612794115,0.040679577,3.5651126,64762.0
TRMT10C,up,0.0072703022145,0.040684277,2.7134303,54931.0
BRD3,down,0.0072705569342,0.040684277,4.0161907,8019.0
DEK,down,0.0072724500592,0.040684277,4.7073007,7913.0
ZADH2,up,0.0072727514524,0.040684277,5.0339268,284273.0
TPM4,up,0.0072817895241,0.040715921,2.3633683,7171.0
CASP2,up,0.0072861515203,0.040729106,2.3147325,835.0
SBSPON,up,0.0072917462881,0.040749173,5.2545015,157869.0
KCNRG,up,0.0072967074142,0.040765689,10.9517203,283518.0
EVI2B,up,0.0073062394931,0.040807727,8.7632649,2124.0
CNTRL,down,0.0073097587556,0.040816167,16.152694,11064.0
SEC24D,down,0.0073189840663,0.040853038,7.5795581,9871.0
CYP7B1,up,0.0073203820656,0.040853038,3.6813214,9420.0
MAGEF1,up,0.0073227851239,0.040855231,2.7895395,64110.0
DPM2,down,0.0073274695883,0.040861995,2.6532884,8818.0
CD9,up,0.0073280183328,0.040861995,4.9397065,928.0
LEAP2,down,0.007338093191,0.040906951,2.0001359,116842.0
IL1RL1,down,0.0073462247834,0.040941053,13.1392143,9173.0
DERL3,up,0.0073519093184,0.040950276,3.732238,91319.0
AFAP1L2,up,0.0073659345232,0.041017156,4.3589158,84632.0
A1CF,up,0.0073765786826,0.041053933,2.2805609,29974.0
HBG2,up,0.0073821998042,0.041063233,7.987654,3048.0
ZDHHC13,up,0.007382290531,0.041063233,3.6900951,54503.0
MRPS16,up,0.0073908039301,0.041088571,4.5628561,51021.0
THOC6,up,0.007390888843,0.041088571,3.3743577,79228.0
CNPY3,up,0.0073965647335,0.041097643,5.0421848,10695.0
DMD,up,0.0074048101698,0.041132213,2.165147,1756.0
RASSF7,up,0.0074138308809,0.041159823,4.6184203,8045.0
TMEM64,up,0.0074274471792,0.041207883,7.3871892,169200.0
ENTPD7,up,0.0074302854566,0.041207883,3.1230478,57089.0
WDR83OS,up,0.0074415370792,0.041239207,2.083406,51398.0
MPDU1,up,0.0074423327385,0.041239207,3.0982683,9526.0
RHOJ,up,0.0074462950631,0.041249917,3.9175461,57381.0
KCTD6,up,0.0074493995647,0.041255871,5.8180952,200845.0
B3GALT6,up,0.0074520710218,0.041259423,3.1207317,126792.0
SCG2,up,0.0074558143224,0.041261484,3.3441741,7857.0
TMEM38B,up,0.0074585063268,0.041261484,4.4620905,55151.0
LRRC27,down,0.007462146101,0.041261484,8.293865,80313.0
ATOX1,up,0.0074624467422,0.041261484,3.7580649,475.0
PGM2,up,0.0074625936076,0.041261484,5.7061243,55276.0
PLA2G3,down,0.0074696166007,0.041289083,2.3337003,50487.0
RBBP6,down,0.0074727437571,0.041295138,3.508252,5930.0
AK4,up,0.0074807891979,0.041317131,2.8864579,205.0
LCTL,down,0.0074946207816,0.041371039,4.6368656,197021.0
BAG3,up,0.0075004707868,0.04139209,3.2531658,9531.0
SQLE,up,0.0075051822892,0.041406849,14.1605536,6713.0
NQO1,up,0.0075131382394,0.041410246,4.3159483,1728.0
C11orf86,up,0.0075158819777,0.041410246,3.4073703,254439.0
TMEM43,up,0.0075200600037,0.041410246,2.8719656,79188.0
SLC25A11,up,0.0075543113427,0.041505419,2.5788682,8402.0
ZC3H10,up,0.0075543979599,0.041505419,2.4252541,84872.0
ZNF19,up,0.0075557220206,0.041505419,5.4830951,7567.0
UFM1,up,0.0075579161959,0.041506254,3.4472884,51569.0
PLA2G12A,up,0.0075684324468,0.041541558,2.4231169,81579.0
CD247,up,0.0075731750708,0.041556214,2.6217993,919.0
CCT6A,up,0.0075760861491,0.041556214,4.7938574,908.0
LOC283710,down,0.0075772364062,0.041556214,154.9926365,283710.0
PNP,up,0.0075800258965,0.041560298,2.5029746,4860.0
TSSK4,up,0.0075826237704,0.04156333,2.7983921,283629.0
SLTM,down,0.0075885255212,0.041584465,9.3885756,79811.0
IQCF6,down,0.0075950825759,0.041605458,5.0185245,440956.0
C2CD4D,down,0.0075964503624,0.041605458,4.8626761,100191040.0
ANKRD6,up,0.0076025427192,0.041627608,2.7644109,22881.0
FAM22G,up,0.0076048439518,0.041628994,5.0795126,441457.0
SARDH,up,0.0076096004719,0.041643815,5.278186,1757.0
PDP2,up,0.007612976945,0.041644163,2.5735659,57546.0
KCNK17,up,0.0076137619059,0.041644163,5.4964208,89822.0
SLC5A2,down,0.0076270581731,0.041686489,2.1901424,6524.0
TSN,up,0.0076276532472,0.041686489,13.4966108,7247.0
USP22,up,0.0076582439111,0.041842421,2.2747405,23326.0
XPNPEP1,up,0.0076611492464,0.041847046,5.1745017,7511.0
XPR1,up,0.0076809235653,0.04192126,2.0236772,9213.0
SLC24A3,up,0.0076830032605,0.041921353,3.5580787,57419.0
SMR3B,up,0.007686316609,0.041928176,4.9720449,10879.0
FYB,down,0.0076892737161,0.041933053,9.1987458,2533.0
AGAP9,down,0.0077125855,0.042017849,4.4637802,642517.0
CACNA1H,up,0.007713367892,0.042017849,3.4277198,8912.0
TCEANC,up,0.0077151593499,0.042017849,2.8305807,170082.0
LRRC59,down,0.0077182255365,0.042023288,2.3803393,55379.0
ZNF267,down,0.0077399694102,0.042105299,2.8657017,10308.0
CCNG1,up,0.0077426481271,0.042105299,6.923602,900.0
CDH1,down,0.0077433176939,0.042105299,2.237999,999.0
ASB12,down,0.0077441351259,0.042105299,60.4129948,142689.0
CSH2,up,0.0077457177755,0.042105299,2.1915404,1443.0
OR2T12,down,0.0077488007183,0.042108594,3.749781,127064.0
ZNF202,down,0.0077504674856,0.042108594,2.5371487,7753.0
C12orf69,up,0.0077691484615,0.042187535,5.3125862,440087.0
PLXND1,down,0.0077738151088,0.0422016,3.1235447,23129.0
MDM1,up,0.0077764283929,0.042204515,4.7310446,56890.0
CAPN12,down,0.0077798905837,0.042212033,28.2547751,147968.0
FOXD4,up,0.0077930586433,0.042251387,5.9831131,2298.0
EBPL,up,0.0077984114035,0.04226739,8.6320018,84650.0
CXCR7,up,0.0078060949593,0.042297755,2.3550683,57007.0
NSUN4,up,0.0078106876294,0.04230304,3.9335306,387338.0
ASIC4,up,0.0078112329354,0.04230304,3.3563699,55515.0
LMBR1L,down,0.0078261641387,0.042361328,2.2727375,55716.0
UNC13B,up,0.0078512574669,0.042463251,3.4174776,10497.0
ING3,down,0.0078529270187,0.042463251,3.7046087,54556.0
HDAC1,up,0.0078533510385,0.042463251,2.9734559,3065.0
SEPT10,up,0.0078587853647,0.042470038,4.9819566,151011.0
RHOB,up,0.0078625773191,0.042479236,10.2453545,388.0
GOLGA7,up,0.0078761885761,0.042523774,3.6754802,51125.0
PIGT,up,0.0078762192759,0.042523774,4.6139973,51604.0
C1orf68,up,0.0078791897609,0.042523774,3.7498082,100129271.0
NKX1-2,down,0.0078829214645,0.04253262,69.8286834,390010.0
SPG7,up,0.0078889932194,0.042542793,2.4029099,6687.0
QRICH1,down,0.0078928594273,0.042552352,2.7145666,54870.0
MRTO4,down,0.0079069244416,0.042607052,3.4319138,51154.0
TMEM180,up,0.0079120183152,0.042621726,2.2890209,79847.0
INPP5A,up,0.0079203167407,0.042655124,5.586683,3632.0
EIF3H,up,0.0079277401271,0.042672489,2.7113584,8667.0
APOO,up,0.0079456004103,0.042745984,3.2650226,79135.0
ZNF18,up,0.0079672671747,0.042835649,4.4876008,7566.0
FAM76A,down,0.0079723970309,0.042835649,2.2595422,199870.0
SLC4A3,up,0.0079728250174,0.042835649,2.8842975,6508.0
ATP5SL,up,0.0079730398011,0.042835649,5.0027095,55101.0
SUCO,down,0.0079753929217,0.042835649,3.7860759,51430.0
C1orf194,down,0.0079757954854,0.042835649,5.1428592,127003.0
NCK1,up,0.0079770199651,0.042835649,3.5543605,4690.0
SLC9A3R1,up,0.0079822647489,0.042851529,10.2918676,9368.0
MARCH2,up,0.0079874307888,0.042851529,7.1792344,51257.0
NME1-NME2,up,0.0079932818804,0.042851529,8.4522507,654364.0
MFNG,down,0.0079976423535,0.042851529,3.7974214,4242.0
SRP9,up,0.0079977664474,0.042851529,3.1401569,6726.0
KRTAP4-11,down,0.0079978460237,0.042851529,7.0053366,653240.0
FAM18A,up,0.0079989520423,0.042851529,3.1382622,780776.0
CASS4,up,0.0080154230705,0.042917143,3.8707198,57091.0
KHDRBS3,up,0.0080176302714,0.042917655,2.4689082,10656.0
PHOSPHO2,up,0.0080220623966,0.042930073,2.3547194,493911.0
GAGE12C,up,0.0080262036496,0.042940929,2.9362907,729422.0
CTSL2,up,0.008030424072,0.042952202,6.1584959,1515.0
ARF6,up,0.0080445318216,0.043005026,3.074618,382.0
NFYA,down,0.0080504101759,0.043025135,8.4360113,4800.0
HADH,up,0.0080537701151,0.043025855,4.5883495,3033.0
DPYD,up,0.0080597307197,0.043025855,5.0592036,1806.0
RNFT1,up,0.0080619349467,0.043025855,6.4651745,51136.0
SCAPER,up,0.0080632464229,0.043025855,2.6094883,49855.0
PCDHB10,up,0.0080719111941,0.043049487,2.717243,56126.0
ANKRD33,up,0.0080798506004,0.043056458,2.6192397,341405.0
ADCY9,up,0.0080805840501,0.043056458,2.4677971,115.0
PLAUR,down,0.0080815058222,0.043056458,3.8725083,5329.0
ZNF638,up,0.0080816918815,0.043056458,2.423256,27332.0
PSMB3,up,0.0080887021233,0.043082513,2.3034655,5691.0
ZNF609,down,0.0080937644778,0.043098183,4.0041982,23060.0
CDC23,up,0.0080979135657,0.04310892,5.9514887,8697.0
LPHN2,up,0.0081191986487,0.043188357,3.9657099,23266.0
TMEM44,down,0.0081329170849,0.043237345,38.3518695,93109.0
SEC61A1,up,0.0081341153515,0.043237345,2.3161885,29927.0
TCTEX1D4,up,0.0081347900962,0.043237345,2.0003589,343521.0
CSF2RA,down,0.0081389170937,0.043247971,2.2877216,1438.0
DHX34,up,0.0081471474884,0.04328039,2.7810782,9704.0
MAZ,down,0.0081515798067,0.043292621,2.0786996,4150.0
FKBP9,up,0.0081564225219,0.043307024,3.2350871,11328.0
RNF24,up,0.0081649388857,0.043332487,2.3643798,11237.0
PLIN5,up,0.0081676030498,0.043332487,2.9864594,440503.0
PIGP,up,0.0081676142098,0.043332487,2.7668955,51227.0
CRYBB2,up,0.0081761366589,0.043355484,3.0803227,1415.0
POP7,up,0.008206064829,0.043462357,2.8828621,10248.0
DUSP14,up,0.0082091998777,0.043462357,4.3806954,11072.0
APOBEC3H,up,0.0082279009031,0.043536111,2.9419454,164668.0
C19orf35,down,0.0082411874028,0.043586296,80.1366724,374872.0
ING4,up,0.0082447314118,0.043593449,9.4075753,51147.0
HUWE1,down,0.0082468294964,0.043593449,3.2598805,10075.0
RRAS2,up,0.0082563654123,0.04360983,3.1130682,22800.0
CCDC96,up,0.0082590081555,0.043610483,3.6215936,257236.0
KCNB1,up,0.0082607803764,0.043610483,2.4315221,3745.0
ELP3,up,0.0082769529959,0.043684516,5.9586946,55140.0
PHF20L1,up,0.0082868801317,0.043696574,2.6277527,51105.0
FLT1,down,0.0082874186152,0.043696574,3.6576691,2321.0
IL12A,up,0.0082884557498,0.043696574,4.4974474,3592.0
USP10,up,0.0082898493219,0.043696574,4.6738167,9100.0
FLRT1,up,0.0082899872341,0.043696574,2.4394158,23769.0
TM4SF18,up,0.0082923237975,0.043697558,7.2481352,116441.0
LMAN1L,down,0.008297760821,0.043701946,2.8756864,79748.0
YIPF4,up,0.0082979624789,0.043701946,3.8479908,84272.0
ELP2,up,0.0082996070254,0.043701946,7.4628747,55250.0
MRPS12,up,0.0083093744796,0.043730719,2.7168832,6183.0
LST1,up,0.0083237064472,0.043794805,2.4944795,7940.0
METTL1,up,0.0083395046204,0.043866571,2.1023858,4234.0
HNRPDL,down,0.0083512746895,0.043897705,2.1923478,9987.0
LGALS3BP,up,0.0083557245477,0.043897705,3.7088496,3959.0
GTSF1,up,0.0083595782016,0.043897705,3.3357374,121355.0
THYN1,up,0.0083614791424,0.043897705,3.3162301,29087.0
SIL1,up,0.0083627247847,0.043897705,2.0886268,64374.0
UNC80,down,0.0083634241696,0.043897705,5.5313725,285175.0
PTPN20A,up,0.0083670212955,0.043897705,5.1420897,653129.0
CD34,up,0.0083718507582,0.043900378,7.1651407,947.0
ZNF438,up,0.0083882383376,0.043974966,2.1790532,220929.0
B3GALNT2,down,0.0083921476855,0.043979429,2.8890705,148789.0
FOXO3,down,0.0083952940029,0.043979429,5.5833741,2309.0
CA13,down,0.0083955810819,0.043979429,15.4845963,377677.0
SCNN1D,down,0.0084028621697,0.043999241,5.4649197,6339.0
KAAG1,up,0.0084051651705,0.043999241,2.6850335,353219.0
TDRD12,up,0.0084070637695,0.043999241,4.4734778,91646.0
COX7C,up,0.0084080222668,0.043999241,2.448967,1350.0
CASZ1,down,0.0084188435641,0.044044529,2.6176917,54897.0
AGBL5,up,0.0084229955141,0.044048102,3.1135573,60509.0
ZNF770,up,0.0084252042367,0.044048102,11.7807882,54989.0
MPV17,up,0.0084260280463,0.044048102,2.2867992,4358.0
ZNF548,up,0.0084302119416,0.044049414,2.0086427,147694.0
PPP1R12B,down,0.0084306307055,0.044049414,9.707184,4660.0
ABCC4,up,0.0084427554222,0.044090186,3.0210747,10257.0
GPR171,up,0.0084548255611,0.044124789,2.2342475,29909.0
PPP1R9B,down,0.0084612954234,0.044132198,3.5356297,84687.0
UBOX5,up,0.0084629057983,0.044132198,2.2005997,22888.0
ZNF169,up,0.0084638282312,0.044132198,3.652548,169841.0
CHAF1B,up,0.008466111538,0.044132782,2.690371,8208.0
PPP1R14B,up,0.0084732332185,0.044145656,2.4786714,26472.0
MT1B,up,0.0084738922807,0.044145656,3.499234,4490.0
SRRT,down,0.0084751065091,0.044145656,2.4118582,51593.0
PCGF6,down,0.008487122145,0.04417433,4.5366169,84108.0
CFB,down,0.0084925055871,0.044179723,2.8475033,629.0
HIST1H3H,up,0.0084976926342,0.044184089,4.2675202,8357.0
RAB13,down,0.0085102880359,0.044238262,3.9058485,5872.0
WFDC13,up,0.0085228315399,0.044292138,2.1669252,164237.0
C11orf58,up,0.0085253545608,0.044293924,2.002093,10944.0
FRMD4A,up,0.0085293261955,0.044293993,2.1005225,55691.0
ANKRD13C,up,0.0085297263192,0.044293993,3.3351786,81573.0
PNISR,down,0.0085341037999,0.04430503,4.5372542,25957.0
GMPR2,up,0.0085362114151,0.04430503,7.8225772,51292.0
FAM157B,up,0.0085433229799,0.044308758,3.2797102,
ING1,down,0.0085444828014,0.044308758,2.6805798,3621.0
AKIRIN2,up,0.0085501735927,0.044308758,2.3096926,55122.0
PKD2L2,down,0.0085521898778,0.044308758,2.7693121,27039.0
NAA25,up,0.0085565836962,0.044313472,3.290115,80018.0
GAL3ST4,up,0.0085575023556,0.044313472,2.5760186,79690.0
ERG,down,0.0085596404065,0.044313472,2.3265614,2078.0
SOX13,down,0.0085730637138,0.044349076,2.8502316,9580.0
CCDC117,down,0.0085755971,0.044350893,2.2536136,150275.0
UHRF2,up,0.0085802210401,0.044352236,3.6678631,115426.0
FIZ1,down,0.00858694372,0.044375701,5.0043633,84922.0
SEPT8,down,0.0086030298126,0.044441795,3.3205073,23176.0
WDR82,up,0.00861251018,0.044466012,3.3433619,80335.0
CBX2,up,0.008615467207,0.044466012,6.1741768,84733.0
NLRP14,down,0.0086408861263,0.044529922,7.4836423,338323.0
DCST2,down,0.0086436128515,0.044532682,2.2062527,127579.0
SNX27,down,0.0086491570621,0.044538667,8.152643,81609.0
NPSR1,down,0.0086517797603,0.044540887,2.9496383,387129.0
UBE4A,down,0.0086653679045,0.044588254,3.2052568,9354.0
TMEM14A,up,0.0086850764568,0.044667049,6.0783749,28978.0
CHCHD2,up,0.0086913775999,0.044670144,2.2045945,51142.0
TRIM36,down,0.0086925004809,0.044670144,2.240774,55521.0
CENPV,up,0.0086925748672,0.044670144,3.2737543,201161.0
C1orf198,up,0.00869750826,0.044670144,2.7374193,84886.0
CD244,up,0.0087259390112,0.044769183,2.2435508,51744.0
NELF,down,0.0087282244753,0.044769183,4.3205465,26012.0
SSSCA1,up,0.0087291647741,0.044769183,3.42031,10534.0
BTNL8,up,0.0087347357928,0.044775343,2.8425909,79908.0
MOSPD3,up,0.0087398886273,0.044775343,15.0757587,64598.0
ABLIM1,down,0.0087400974729,0.044775343,6.9602422,3983.0
C20orf152,up,0.0087413805608,0.044775343,2.165528,140894.0
TGFBR1,up,0.0087597779448,0.044858273,2.3717131,7046.0
FBXO7,up,0.0087662964018,0.044869347,3.9363792,25793.0
KLHL34,down,0.008766355536,0.044869347,4.4484336,257240.0
EPT1,up,0.0087695673075,0.044874485,5.8863688,85465.0
PHIP,down,0.0087799156526,0.04491613,2.0856738,55023.0
MAP2K1,down,0.0087822052964,0.044916538,2.2549933,5604.0
CNGA4,down,0.0087887806266,0.044925764,2.1188445,1262.0
EXOG,up,0.0087906401852,0.044925764,3.7441885,9941.0
BET1L,down,0.0087985206065,0.044943436,2.4355235,51272.0
TMEM71,up,0.0088039518638,0.044950571,3.0442607,137835.0
HMX1,up,0.0088235999841,0.044980783,5.7067273,3166.0
NRAP,down,0.0088259757731,0.044980783,3.6138514,4892.0
PEX3,up,0.0088616432167,0.045129767,5.6250269,8504.0
CD14,up,0.0088695959273,0.045147643,3.0698631,929.0
CYP4V2,up,0.0088754126614,0.045156973,2.2454755,285440.0
UBE2G1,up,0.0088764775466,0.045156973,4.2771472,7326.0
PARP3,down,0.0088798327829,0.045156973,3.7088641,10039.0
NLRC5,up,0.0088803158314,0.045156973,2.1052099,84166.0
TSNAX,up,0.008883513741,0.045161935,2.2613344,7257.0
APBB1IP,up,0.0088945741286,0.045190313,3.5083159,54518.0
CNNM1,down,0.0088975693279,0.045190313,500.8657323,26507.0
TEK,down,0.0088979892919,0.045190313,3.4779678,7010.0
GIPC2,up,0.0089006712725,0.045192641,4.363518,54810.0
CFL2,down,0.0089053040519,0.045195473,3.6060682,1073.0
OR5K3,up,0.0089137439438,0.045202798,2.2730527,403277.0
UCKL1,down,0.008913791521,0.045202798,2.6587735,54963.0
UQCRFS1,up,0.0089241889783,0.045244236,7.1403939,7386.0
BCAP31,up,0.0089350221182,0.045287861,9.0657451,10134.0
DHX29,up,0.0089822185221,0.045447745,4.0271113,54505.0
MBD3L2,up,0.0089868775216,0.045460001,3.2862317,125997.0
GRB2,down,0.0090007666536,0.04549629,4.5929045,2885.0
APC2,down,0.0090035026948,0.045498805,2.37417,10297.0
MAP7D2,up,0.0090113450328,0.045515802,4.2508693,256714.0
RFX7,up,0.0090244468496,0.045548021,5.8444403,64864.0
MFGE8,up,0.0090285018629,0.045557175,4.7585212,4240.0
SCCPDH,up,0.0090315039626,0.045561012,2.1721562,51097.0
HOXC6,up,0.0090394713121,0.045589889,2.552174,3223.0
AQP7,up,0.009046552908,0.045614286,2.3523417,364.0
TSHZ3,up,0.0090655883562,0.045678609,35.2958926,57616.0
F8A2,up,0.00906679307,0.045678609,2.8731623,474383.0
CAB39L,up,0.009068299443,0.045678609,4.4554858,81617.0
KIAA1217,down,0.0090726196763,0.045689047,4.6785374,56243.0
C2orf53,up,0.0090754591999,0.045692026,3.028723,339779.0
ATP5H,up,0.0091082032213,0.045817914,3.9472289,10476.0
AGXT2L2,down,0.0091089861052,0.045817914,3.1231497,85007.0
STAT3,down,0.0091094805459,0.045817914,6.6101606,6774.0
ECSIT,up,0.0091118415358,0.045818451,3.6036493,51295.0
ATP5O,up,0.0091245848435,0.045871182,2.5411664,539.0
C5orf44,up,0.009130406371,0.045889097,4.7015447,80006.0
TBCC,down,0.0091384429282,0.045912957,5.9462888,6903.0
SLC25A39,up,0.0091476521375,0.045941693,4.5023377,51629.0
ABHD10,up,0.0091502188553,0.045943231,3.9859166,55347.0
DUSP11,up,0.0091556493259,0.045959144,5.024912,8446.0
BCS1L,up,0.0091601309247,0.045968455,2.3714481,617.0
GH1,up,0.0091620275188,0.045968455,4.1264952,2688.0
TMEM196,up,0.0091822016785,0.046038576,2.1703772,256130.0
SHISA8,down,0.0091873290289,0.046038576,4.9166623,440829.0
DNALI1,up,0.0091917512908,0.046049383,2.7692551,7802.0
OTX2,up,0.0091945508073,0.046052056,2.6270514,5015.0
C10orf10,up,0.0092090481975,0.046113305,2.0606065,11067.0
HK1,down,0.009214722317,0.046118249,23.4834809,3098.0
PRR5,up,0.0092153612595,0.046118249,3.7240739,55615.0
WDR92,down,0.00922289402,0.046118251,5.341346,116143.0
ZFPL1,up,0.0092230318614,0.046118251,5.185248,7542.0
LRRC45,down,0.0092236501019,0.046118251,105.9749028,201255.0
CALCOCO2,up,0.009227536272,0.046126334,3.4370451,10241.0
INTS8,up,0.0092410246495,0.046171049,6.7472666,55656.0
PTPRE,down,0.0092520201048,0.046214625,6.377373,5791.0
SGK110,down,0.0092696592246,0.046279986,3.3300479,100130827.0
TMEM159,down,0.0092766181477,0.046303356,2.0631543,57146.0
CXCL2,down,0.0092926836111,0.046370619,31.6402362,2920.0
USP33,up,0.0092946569368,0.046370619,6.2062518,23032.0
USP53,down,0.0093112298179,0.046430507,2.5114116,54532.0
GPR162,up,0.0093267398542,0.046485039,2.7047597,27239.0
PDE7B,down,0.0093343235348,0.046510181,4.3308198,27115.0
PCBP4,up,0.0093363610605,0.046510181,2.6730651,57060.0
LOC100127983,up,0.0093429273858,0.046528763,3.9426399,100127983.0
ZNF440,down,0.0093446696172,0.046528763,2.0157476,126070.0
CD200R1,up,0.0093502138359,0.046531724,2.0374154,131450.0
UTS2,up,0.009351784104,0.046531724,9.5385165,10911.0
PANX1,down,0.0093521323777,0.046531724,2.0049012,24145.0
PEA15,down,0.009381499804,0.046655,3.1020007,8682.0
USP8,up,0.0093862391262,0.046655737,8.5400785,9101.0
TMEM184C,up,0.0094342576499,0.046871495,4.8342785,55751.0
SYS1,up,0.0094573687398,0.046949994,4.3255459,90196.0
MAP3K12,up,0.0094589483011,0.046949994,2.1332657,7786.0
PENK,up,0.0094606023082,0.046949994,4.7516368,5179.0
CHIA,up,0.0094661364251,0.046949994,2.2147231,27159.0
FGFR1,down,0.0094887650556,0.047018803,7.2691699,2260.0
NCAPH,down,0.0094930372985,0.047018803,4.9387354,23397.0
NODAL,up,0.0094956446818,0.047018803,2.2578735,4838.0
EIF4H,up,0.0094985167518,0.047018803,3.1663667,7458.0
C5orf65,up,0.0094986078763,0.047018803,4.2305487,389333.0
ELK1,up,0.0095070382371,0.047034826,2.3969729,2002.0
ADRM1,up,0.0095087872016,0.047034826,3.6285699,11047.0
CALU,down,0.0095168450427,0.04706323,3.1216642,813.0
CEACAM21,up,0.0095244091981,0.047075989,33.2578223,90273.0
ZBTB20,down,0.0095263736475,0.047075989,4.3228177,26137.0
HNRNPL,up,0.0095334875126,0.047099692,3.2251889,3191.0
CEP350,down,0.0095435407089,0.047131987,6.1918701,9857.0
RNF183,down,0.009554013829,0.047166707,86.1207413,138065.0
INSC,down,0.0095644355025,0.047206691,2.5473153,387755.0
GSDMB,up,0.0095676249179,0.047210968,9.131297,55876.0
SRSF5,up,0.0095719755338,0.04721263,4.7464192,6430.0
VAT1L,down,0.0095758890406,0.047217357,2.7130791,57687.0
SCML2,up,0.009593538091,0.047279605,2.3841996,10389.0
ZIC2,up,0.0095943969093,0.047279605,3.5879978,7546.0
NHEJ1,up,0.0095954918522,0.047279605,6.29624,79840.0
TMEM53,up,0.0096077777417,0.047317732,3.0162949,79639.0
DBR1,up,0.0096078858676,0.047317732,3.1434269,51163.0
WDR33,up,0.0096116601225,0.047317942,9.8840719,55339.0
ABHD14B,down,0.0096330096211,0.047385371,8.1888608,84836.0
STMN3,down,0.009633192345,0.047385371,3.0481974,50861.0
UBE2F,down,0.0096418071373,0.047388768,2.3205584,140739.0
C6orf211,up,0.009644189036,0.047388768,6.1937767,79624.0
LRRC28,up,0.0096452813733,0.047388768,6.1009226,123355.0
LDLRAD1,up,0.0096459569349,0.047388768,2.7234178,388633.0
PDE12,up,0.0096491992753,0.047388768,5.6767693,201626.0
PRICKLE2,down,0.0096535638109,0.047388768,3.4900822,166336.0
NR1I2,down,0.0096542777062,0.047388768,9.1886026,8856.0
TIFA,up,0.0096549514731,0.047388768,3.4297665,92610.0
ALG14,up,0.0096673897642,0.047438362,5.9410197,199857.0
RAB9A,up,0.0096725341799,0.047449429,4.4466094,9367.0
SLC35F5,up,0.0096743140703,0.047449429,6.9346859,80255.0
OSBPL3,down,0.0096820395226,0.047475863,3.7635917,26031.0
RAPGEF3,up,0.009688218292,0.047479439,3.5473246,10411.0
C16orf46,up,0.0096897768189,0.047479439,2.9306464,123775.0
ZNF354B,up,0.0096985294829,0.047500613,2.5231879,117608.0
WDPCP,up,0.0097070540747,0.04751817,2.6759241,51057.0
OXA1L,down,0.0097106006706,0.04751817,3.988873,5018.0
RPAP3,up,0.0097141891873,0.04751817,2.6835207,79657.0
CD79B,down,0.0097153614545,0.04751817,2.077796,974.0
MAGEA6,up,0.0097210604138,0.04751817,2.0915849,4105.0
POLE2,up,0.0097248668877,0.047525347,6.4743645,5427.0
SSX1,down,0.0097314426659,0.047546051,2.7069986,6756.0
FAM208A,down,0.0097378373905,0.04756586,5.1424551,23272.0
TMEM150A,up,0.0097433021421,0.047581119,3.2681273,129303.0
VDAC2,up,0.0097671310417,0.047686029,4.8939035,7417.0
GNG8,up,0.0097782296247,0.047720652,2.5187526,94235.0
LSR,down,0.0097792729918,0.047720652,2.8017266,51599.0
TMEM244,up,0.0097863996711,0.04772365,2.6476863,253582.0
ST8SIA1,up,0.0097916606839,0.04772365,6.3053283,6489.0
SLC25A35,up,0.0097917117711,0.04772365,5.0300986,399512.0
GALNTL6,down,0.0097950486406,0.04772365,3.5345758,442117.0
PIGK,up,0.0098014523501,0.04772365,4.0031391,10026.0
PRM1,down,0.0098017318527,0.04772365,3.8151951,5619.0
ACTR3C,up,0.0098028976431,0.04772365,2.6910123,653857.0
CRTC3,up,0.009803013019,0.04772365,2.5319435,64784.0
GP2,down,0.0098145684126,0.047768463,3.0598919,2813.0
SZRD1,down,0.0098221078445,0.047785037,4.327438,26099.0
BTD,up,0.0098387004777,0.047848136,6.6775239,686.0
TDRD10,up,0.0098403546204,0.047848136,3.7787572,126668.0
ARL5B,up,0.0098454889083,0.047861651,2.5126535,221079.0
C3orf38,up,0.0098479300634,0.04786207,3.3980134,285237.0
C8orf59,up,0.0098530612792,0.047875561,6.7760006,401466.0
RNLS,up,0.0098698648636,0.047921456,4.1956452,55328.0
SUDS3,down,0.0098703479761,0.047921456,2.2405719,64426.0
ZNRD1,up,0.0098711848348,0.047921456,4.1972479,30834.0
ATP6V1E1,up,0.0098768508219,0.047929067,4.4519179,529.0
AASDHPPT,up,0.0098788421255,0.047929067,4.8468195,60496.0
TP73,up,0.0098805800499,0.047929067,2.9003234,7161.0
SCRN1,up,0.0098915034099,0.047945352,3.7041498,9805.0
CCT7,down,0.0098918408127,0.047945352,2.0165204,10574.0
IL36A,down,0.009892374798,0.047945352,12.9770321,27179.0
SUN1,up,0.0098965447249,0.04794929,3.0012937,23353.0
GNPDA2,up,0.0099020896629,0.047964722,3.5949166,132789.0
FAM214B,up,0.0099144395877,0.047971784,8.6948821,80256.0
LAMTOR1,up,0.00991968414,0.047971784,3.6808251,55004.0
PTPRC,down,0.0099202547189,0.047971784,2.8512834,5788.0
C12orf51,down,0.0099234400394,0.047971784,11.091505,283450.0
CRK,up,0.0099258066386,0.047971784,3.4642978,1398.0
NDUFA5,up,0.0099262292845,0.047971784,4.482537,4698.0
KIAA0182,up,0.0099269783601,0.047971784,2.8957344,23199.0
FCGR2B,up,0.0099373649106,0.048009732,2.7379491,2213.0
RFPL2,up,0.0099631053901,0.048105758,3.0042367,10739.0
LDB3,down,0.0099681487758,0.04811271,25.9864844,11155.0
CHMP5,up,0.0099795120557,0.048156121,2.3018854,51510.0
RASSF8,down,0.0100015214219,0.048204007,2.6031385,11228.0
ZNF526,up,0.0100048019316,0.048204007,2.1429933,116115.0
GABRG3,up,0.0100070449841,0.048204007,3.111205,2567.0
PIK3R1,down,0.0100093200037,0.048204007,2.1662867,5295.0
SLC25A43,up,0.0100101621667,0.048204007,6.4934139,203427.0
TJP1,down,0.0100107804068,0.048204007,8.9590608,7082.0
SSH3,down,0.0100146579214,0.048211256,4.8846865,54961.0
FFAR2,down,0.0100393001851,0.048295568,2.230475,2867.0
TMEM98,up,0.0100530952932,0.048350488,3.2188978,26022.0
GGNBP2,up,0.0100644552858,0.048393673,2.3759948,79893.0
UTP11L,up,0.0100672243055,0.048395538,2.1888443,51118.0
CT45A6,down,0.0100881473112,0.04847319,88.4478601,541465.0
EXOSC3,up,0.0100963182896,0.048490974,3.2506209,51010.0
PTGR1,up,0.0101175706437,0.048556158,4.5204985,22949.0
MSANTD4,up,0.0101194593971,0.048556158,2.7929202,84437.0
C18orf63,up,0.0101197482865,0.048556158,2.1093634,644041.0
KLHL20,down,0.0101271484713,0.048578939,2.6344266,27252.0
ALDH1L1,up,0.0101319648968,0.04858037,2.5668292,10840.0
BRMS1L,down,0.0101378602137,0.048585713,2.8322985,84312.0
FOXJ2,down,0.0101428837734,0.048598268,5.2030822,55810.0
HAUS4,up,0.0101452619894,0.048598268,5.2905236,54930.0
SP110,up,0.0101501380591,0.048604247,2.840789,3431.0
CADPS2,up,0.0101512929096,0.048604247,2.7099217,93664.0
SERF2,down,0.0101640585804,0.048639642,2.141262,10169.0
NAT2,up,0.0101768122703,0.048665162,2.8656206,10.0
C9orf129,down,0.0101771746219,0.048665162,2.6060021,445577.0
C15orf44,up,0.0101783815783,0.048665162,7.2008543,81556.0
IPPK,up,0.0101917522163,0.04871763,5.2587579,64768.0
ERC1,down,0.0102090160946,0.04877721,6.2712173,23085.0
ZMYND15,up,0.0102196902118,0.048816734,3.9968984,84225.0
B3GNT5,up,0.0102376788591,0.048889685,4.3022801,84002.0
SLC25A48,up,0.0102397730609,0.048889685,2.3417223,153328.0
UCN3,down,0.0102475609598,0.048904047,7.6253786,114131.0
NARS,up,0.010250729418,0.048904047,3.2776701,4677.0
QSOX1,up,0.0102516266459,0.048904047,2.6654405,5768.0
ITPKB,down,0.0102592198719,0.048925069,69.1244456,3707.0
ZDHHC19,up,0.0102662698553,0.048947205,2.1363814,131540.0
ASPSCR1,up,0.010273617262,0.048970748,2.9078239,79058.0
PTPRS,down,0.0102763230949,0.048972161,2.6013797,5802.0
SLC39A8,up,0.0102797743232,0.048976755,5.6520836,64116.0
C11orf49,up,0.0102821065078,0.048976755,2.5758768,79096.0
COL17A1,up,0.0103001204697,0.049026745,2.7965404,1308.0
C1QTNF7,up,0.0103020793262,0.049026745,3.9011046,114905.0
CEACAM1,down,0.0103033526425,0.049026745,5.1697768,634.0
KCNH1,up,0.0103091568432,0.049036652,2.3224812,3756.0
FOXP3,down,0.0103173644617,0.049041261,3.3063364,50943.0
CDCA7,up,0.01032714872,0.049076291,5.3481126,83879.0
ZFP36L1,down,0.0103322449065,0.049081686,3.383478,677.0
BTN2A1,up,0.0103417950499,0.049099973,2.7222399,11120.0
C9orf11,down,0.0103511909356,0.049133105,2.5983631,54586.0
CAPN2,up,0.0103566375528,0.04914748,2.5557182,824.0
FCN3,down,0.0103590721571,0.049147559,2.7158548,8547.0
RCBTB1,up,0.0103727248154,0.049193594,7.2565325,55213.0
RSU1,up,0.010373615975,0.049193594,2.9449562,6251.0
TTC39B,up,0.0103761343152,0.049194059,5.7964433,158219.0
ZEB2,down,0.0103880329013,0.049238305,5.793257,9839.0
C21orf56,down,0.0103903118535,0.049238305,7.0879373,84221.0
CRIPAK,up,0.0104016110498,0.049274973,2.8052957,285464.0
MPP1,up,0.0104072467539,0.049274973,2.6201688,4354.0
LINGO3,up,0.0104091141138,0.049274973,4.9530259,645191.0
MYOC,down,0.010412595817,0.049274973,4.8563443,4653.0
MAGIX,down,0.0104365646881,0.049353927,11.0265309,79917.0
C14orf101,down,0.0104543107245,0.049414852,2.5479681,54916.0
IFI16,down,0.0104708052505,0.049469809,3.1493913,3428.0
SUMO4,down,0.0104753507279,0.049479283,2.1752357,387082.0
C2orf56,up,0.0104776794502,0.049479283,2.3922517,55471.0
PDPK1,down,0.0104943024839,0.049522481,3.6094024,5170.0
WTAP,down,0.0104962439464,0.049522481,2.3974839,9589.0
PARP4,up,0.0104993076176,0.049522481,4.9702198,143.0
ADPRM,up,0.0105009311162,0.049522481,2.7251759,56985.0
MKLN1,up,0.0105015751772,0.049522481,3.8713475,4289.0
PHF14,down,0.0105078644261,0.049522481,3.6922921,9678.0
VMO1,down,0.010508755649,0.049522481,2.8959711,284013.0
OR52N4,up,0.0105142841757,0.049537048,3.0441603,390072.0
HCFC1R1,down,0.0105213537969,0.049558868,4.2415215,54985.0
IL1RN,up,0.0105271225908,0.049574552,3.8979334,3557.0
DNAJC14,up,0.0105299062536,0.049576174,3.3074116,85406.0
C18orf1,down,0.0105393624616,0.049609204,3.3788915,753.0
PRRC2C,down,0.0105441557618,0.049620275,9.2150862,23215.0
KIAA1549,up,0.0105631874733,0.049686828,3.9859713,57670.0
NUDT15,up,0.0105679069892,0.049696472,2.9182391,55270.0
NCOR1,down,0.0105705067061,0.049696472,3.7793751,9611.0
MRPS2,up,0.0105768853833,0.049696472,7.02317,51116.0
SUN5,down,0.0105773890879,0.049696472,4.0611592,140732.0
TNNT3,down,0.0105784057744,0.049696472,2.4080426,7140.0
HES1,up,0.0105865061912,0.049715975,2.627464,3280.0
ELF1,down,0.0105908702512,0.04972498,5.7977854,1997.0
TUFT1,down,0.0106023911465,0.049756084,6.2412979,7286.0
AVPR2,up,0.0106110027885,0.049785003,2.8260112,554.0
NOMO3,down,0.0106237330277,0.049833227,7.0671637,408050.0
CDK10,up,0.0106266972147,0.04983563,2.8199558,8558.0
COX15,up,0.0106460187416,0.049892096,3.014668,1355.0
CD109,up,0.0106514329219,0.049892096,4.9510269,135228.0
RABGAP1,down,0.010651680901,0.049892096,30.5164478,23637.0
CRISP2,up,0.0106522194322,0.049892096,7.7744833,7180.0
RNASE4,up,0.010657513134,0.049892096,3.3151171,6038.0
MUC22,up,0.0106583291695,0.049892096,2.1858223,100507679.0
TUBE1,up,0.0106588969118,0.049892096,3.0623921,51175.0
WDR89,up,0.0106627785777,0.049892096,7.2874368,112840.0
OR5C1,down,0.0106661046984,0.049893804,5.7692614,392391.0
STYK1,up,0.0106757583492,0.049915985,4.0871643,55359.0
SERPINA10,up,0.0106836161247,0.049941237,2.8537178,51156.0
MTX3,down,0.0106917490975,0.049967763,20.9909793,345778.0
DUSP22,up,0.0107070788153,0.050004492,3.9141327,56940.0
RNPC3,up,0.0107080843008,0.050004492,5.4551782,55599.0
DCAF17,up,0.0107092623901,0.050004492,2.9462251,80067.0
NPL,up,0.0107094491442,0.050004492,4.1961293,80896.0
ACIN1,down,0.0107223552889,0.050043565,2.9882603,22985.0
CREB3L2,down,0.0107227417639,0.050043565,2.6119558,64764.0
PIN1,down,0.0107277765171,0.05004408,2.8590648,5300.0
CLK1,down,0.0107350500938,0.050057175,2.2692819,1195.0
POT1,up,0.0107379721423,0.050057175,3.6403567,25913.0
RBMX2,up,0.0107470247103,0.050087887,3.3614296,51634.0
FAM122C,up,0.0107536972716,0.050107496,2.9862684,159091.0
LMO2,up,0.0107581995146,0.050115843,3.0990978,4005.0
VPS16,up,0.0107798200164,0.050194695,2.7476293,64601.0
CLDN5,up,0.0107877322415,0.050196094,2.1853634,7122.0
MEX3C,up,0.0107899991822,0.050196094,2.9475248,51320.0
AK3,up,0.0108051158074,0.050254915,3.6128806,50808.0
HTR3D,up,0.0108088676202,0.050260864,3.07551,200909.0
ZNF75D,up,0.0108143695657,0.050274945,2.9226484,7626.0
TXNL1,up,0.010817042892,0.050275874,2.0112187,9352.0
DOHH,down,0.0108257753866,0.050302714,4.155504,83475.0
L1CAM,down,0.0108277675041,0.050302714,2.0338788,3897.0
PTGS2,down,0.0108433639794,0.050340652,2.4062452,5743.0
L3MBTL4,up,0.0108485009139,0.050342507,2.1404097,91133.0
SLC17A4,up,0.0108571551016,0.050370161,5.7732863,10050.0
C9orf86,down,0.0108693933667,0.050415431,3.1941233,55684.0
CTRB2,up,0.0108735780175,0.050423334,2.3824853,440387.0
PBRM1,down,0.010890349453,0.050487107,6.8793558,55193.0
TMEM121,down,0.0108926282981,0.050487107,2.6579571,80757.0
RPS6KA1,up,0.0108976128447,0.050488712,4.4473041,6195.0
FBXL6,up,0.0109059668291,0.050515902,3.6102103,26233.0
C9orf123,up,0.0109121462716,0.050525348,9.9489325,90871.0
TMPRSS9,up,0.0109210232793,0.050527822,2.8436918,360200.0
SPINT3,up,0.010923456253,0.050527822,4.0371617,10816.0
DNAJC19,up,0.0109344262705,0.050562061,2.8993091,131118.0
VARS2,up,0.0109431157253,0.050563591,2.7378942,57176.0
RASGEF1B,up,0.0109437288448,0.050563591,2.0444341,153020.0
ZCCHC17,down,0.0109467387287,0.050563591,4.904968,51538.0
FABP6,down,0.0109486034548,0.050563591,24.8182405,2172.0
POFUT2,up,0.0109711654117,0.050642007,2.8312188,23275.0
CDC42EP2,down,0.0109730578141,0.050642007,2.4517955,10435.0
NCOR2,up,0.010977065372,0.050649002,3.7006669,9612.0
PDP1,down,0.0109833576008,0.050666533,2.0629035,54704.0
SLC25A2,up,0.0109877566388,0.050675324,2.1026987,83884.0
ANKRD13B,down,0.011009684739,0.050757634,4.1574297,124930.0
TEX19,up,0.0110105980902,0.050757634,2.4963101,400629.0
HPX,up,0.0110403152076,0.050883085,3.2201011,3263.0
TFCP2L1,down,0.0110535225035,0.050909324,3.933111,29842.0
ZMAT5,up,0.0110611059352,0.050932709,2.963987,55954.0
TREM1,down,0.0110715327782,0.050945252,19.0636047,54210.0
RIPPLY1,up,0.0110726906092,0.050945252,2.9294531,92129.0
HOGA1,up,0.0110734687688,0.050945252,3.1267299,112817.0
IFFO2,up,0.0110763624964,0.050945252,3.0519625,126917.0
MRVI1,up,0.0110809411723,0.05095478,2.1055081,10335.0
EYA1,down,0.0110903736816,0.050974493,3.9053258,2138.0
ASMTL,up,0.0110961015151,0.050974493,2.1417818,8623.0
C6orf118,down,0.0110961636867,0.050974493,4.9573086,168090.0
SDR42E1,up,0.0110996759216,0.050974493,4.2072943,93517.0
CCNJ,up,0.0111041005477,0.050980538,2.3855148,54619.0
APC,down,0.0111267002563,0.05107276,7.6684523,324.0
CD5,up,0.0111328083045,0.051084434,2.7118805,921.0
ABCA2,up,0.0111438378387,0.051110107,2.840388,20.0
MTF2,down,0.0111467881701,0.051110107,3.5979809,22823.0
SLIT2,down,0.0111476129216,0.051110107,2.40422,9353.0
SNRPC,up,0.0111564708518,0.051110107,2.8362755,6631.0
LMLN,down,0.0111596190219,0.051110107,2.42161,89782.0
LPIN3,down,0.0111633765485,0.051110107,2.2972996,64900.0
CASKIN2,down,0.0111648791794,0.051110107,2.7284988,57513.0
SPATA18,up,0.0111724198324,0.0511325,3.2190509,132671.0
PGP,down,0.0112090664767,0.051265589,2.1185067,283871.0
CHST15,down,0.0112142790419,0.051272758,4.6192993,51363.0
STRN,down,0.0112175299151,0.051272758,7.3058957,6801.0
KIAA0494,down,0.0112182019012,0.051272758,3.4383941,9813.0
ELF3,up,0.0112219975761,0.051278575,3.5440108,1999.0
AFG3L2,up,0.0112331217137,0.051317869,2.9047126,10939.0
KCNB2,up,0.0112488723498,0.051366787,3.0097381,9312.0
ATG9A,down,0.0112488840482,0.051366787,4.502426,79065.0
KIAA0754,down,0.0112562887395,0.051389054,2.3537926,643314.0
P2RY10,up,0.0112802661818,0.051472648,3.2958958,27334.0
FOLH1,up,0.0112831852221,0.051472648,6.0917209,2346.0
XRCC4,up,0.011284628044,0.051472648,8.4730448,7518.0
VPS13A,down,0.0112931906239,0.051499686,4.9624366,23230.0
APBB3,up,0.0113313847255,0.051650683,2.9858337,10307.0
SLC17A6,down,0.0113384936468,0.051671499,3.4292805,57084.0
HMGA1,down,0.0113569578006,0.051727897,5.6734154,3159.0
DEFB112,down,0.0113656119351,0.05174867,5.9713602,245915.0
ZBED1,up,0.0113705520769,0.051752579,2.6677457,9189.0
MRPL21,up,0.0113733681294,0.051752579,2.8301558,219927.0
ST6GAL2,down,0.011379386881,0.051752579,3.747765,84620.0
BRCA1,down,0.0113817479877,0.051752579,4.0129242,672.0
AGPHD1,up,0.0114094959492,0.051843954,4.9257089,123688.0
IDO2,down,0.0114339964689,0.051918483,2.5947678,169355.0
ACVRL1,up,0.011435534219,0.051918483,2.6211946,94.0
FAM82A1,up,0.0114378165632,0.051918483,2.710436,151393.0
CXorf58,up,0.0114434221605,0.051918483,2.1060902,254158.0
CERS5,down,0.0114484721778,0.051918483,2.1063806,91012.0
DMKN,up,0.0114485309913,0.051918483,2.2099586,93099.0
CYP19A1,up,0.0114530345437,0.051918483,5.6338455,1588.0
NR4A3,up,0.0114537402492,0.051918483,3.4844729,8013.0
CGB2,down,0.0114539964742,0.051918483,5.3609694,114336.0
SUV420H1,down,0.0114703723384,0.051981119,2.3487183,51111.0
AFF1,down,0.0114809340592,0.05200798,6.4128638,4299.0
FOXD4L1,up,0.0114814173677,0.05200798,7.019748,200350.0
GIMAP1,down,0.0114896318015,0.052033593,2.6411672,170575.0
ZNF805,up,0.0115001622314,0.052058084,2.1314224,390980.0
SGSM3,up,0.0115036638145,0.05206234,2.2128852,27352.0
HOXD11,up,0.0115183784997,0.052108242,2.8053966,3237.0
PDZD3,up,0.0115189338825,0.052108242,2.0916685,79849.0
ARFIP2,down,0.0115289285096,0.052139574,2.0000579,23647.0
MGAT5,down,0.0115329174239,0.052139574,11.4111651,4249.0
CRHR1,up,0.0115402942994,0.052144819,2.1379271,1394.0
DNAAF2,up,0.0115418721952,0.052144819,3.9489281,55172.0
MAP1B,down,0.0115470656154,0.052144819,9.3453727,4131.0
NFIB,down,0.0115477185014,0.052144819,2.2040241,4781.0
DEDD,up,0.0115494735631,0.052144819,3.1919894,9191.0
ATR,down,0.0115507283488,0.052144819,2.9907374,545.0
OCLN,up,0.0115746393832,0.052220765,5.5338134,100506658.0
FAM83A,down,0.0115772287012,0.052220855,2.3985705,84985.0
SNRK,down,0.0116116712453,0.052364592,4.3418212,54861.0
MCU,up,0.0116277203986,0.052418786,2.7417988,90550.0
DHRS3,down,0.0116288465406,0.052418786,2.7065743,9249.0
FBXO33,up,0.0116403779118,0.052447502,2.9863104,254170.0
UXT,up,0.0116477873428,0.052459948,3.4464458,8409.0
C5orf28,up,0.0116483023592,0.052459948,3.3223162,64417.0
LYPLA1,up,0.011657642221,0.052484212,3.4046606,10434.0
CCDC113,down,0.0116623966031,0.052484212,5.9967884,29070.0
TMED10,up,0.0116640188964,0.052484212,3.1095025,10972.0
IKZF1,down,0.011666725376,0.052484771,4.3248758,10320.0
UPK2,down,0.0116835850925,0.052548986,3.3292749,7379.0
CD276,up,0.0116873021742,0.052554074,3.3626586,80381.0
RASGRF2,up,0.0116923379447,0.052565089,2.2729923,5924.0
CRTAC1,up,0.0116980065228,0.052570469,5.8217821,55118.0
MCTS1,up,0.0117009996378,0.052570469,4.8653992,28985.0
NFATC2,down,0.0117012940024,0.052570469,6.5008261,4773.0
NEK4,down,0.0117099716254,0.052597828,3.2096198,6787.0
LRGUK,down,0.0117171324259,0.052618364,2.7712771,136332.0
FBXW2,up,0.0117288874509,0.052659518,4.1086248,26190.0
GDF6,down,0.0117527657312,0.05273178,3.2169631,392255.0
AP4M1,up,0.0117589165948,0.052747733,5.3533543,9179.0
ABL1,up,0.0117673599075,0.052762712,3.1974923,25.0
KCNIP4,down,0.011767447695,0.052762712,143.3769006,80333.0
TMC5,down,0.0117716299463,0.052769823,2.4058851,79838.0
C16orf73,up,0.0117834643582,0.052807081,4.1646041,254528.0
DUS3L,up,0.0117949952027,0.052816558,2.4583362,56931.0
USP46,up,0.0117961293814,0.052816558,3.0808277,64854.0
CCDC27,up,0.0118141017599,0.052864762,4.177364,148870.0
HERC6,up,0.0118153543716,0.052864762,4.9461042,55008.0
EED,up,0.0118284170187,0.05289972,4.8978548,8726.0
KLHL17,up,0.0118292361749,0.05289972,2.211742,339451.0
PPIP5K1,up,0.0118393788199,0.05293343,2.0225262,9677.0
GYS2,up,0.0118490025181,0.052950888,3.0652704,2998.0
SPTAN1,down,0.0118505392106,0.052950888,3.5920174,6709.0
DPP7,down,0.0118510992193,0.052950888,2.4064109,29952.0
AOC2,down,0.0118726769764,0.053012337,3.6472133,314.0
CEP128,up,0.0118866075548,0.053062881,3.7842653,145508.0
PDE4B,down,0.0118966243719,0.053095936,7.8892008,5142.0
GAGE2D,up,0.0119160616656,0.053166075,4.1480645,729408.0
LEPR,up,0.0119175712927,0.053166075,3.3247138,3953.0
RNF214,down,0.0119223590197,0.053175762,2.0418968,257160.0
ZFYVE19,up,0.0119257580886,0.053179253,2.8059535,84936.0
KIAA1598,up,0.0119391650809,0.053192356,6.5724119,57698.0
UROC1,up,0.0119516812423,0.053223576,2.1266541,131669.0
KRTAP4-8,down,0.0119540282495,0.053223576,7.4054284,728224.0
VPS37A,up,0.0119765617296,0.05328101,2.2773749,137492.0
DACT2,down,0.0119902182845,0.053326299,4.9937052,168002.0
BNIP1,up,0.0119995887578,0.053344629,2.7547577,662.0
ASB13,up,0.0120046302513,0.053346336,2.9979867,79754.0
SEL1L,down,0.0120257616508,0.053409446,2.2956538,6400.0
SLC18B1,up,0.012028531342,0.053409446,4.8292466,116843.0
PTPLB,up,0.0120299357342,0.053409446,2.2452447,201562.0
CEP78,up,0.0120327918319,0.053410459,3.3366929,84131.0
FZD1,up,0.0120581925001,0.053476492,3.0144818,8321.0
SMAGP,up,0.0120679225839,0.053486362,6.1192606,57228.0
OSBPL8,down,0.0120703380086,0.053486362,2.4977392,114882.0
HTRA2,up,0.0120709443018,0.053486362,2.2017084,27429.0
MRPS34,up,0.0120875968438,0.053537914,10.369352,65993.0
ZNF707,up,0.0120878469406,0.053537914,2.739379,286075.0
SPATA13,down,0.0121004848255,0.0535814,4.6186706,221178.0
MPZ,up,0.0121044176886,0.0535814,4.6687985,4359.0
MRPS31,up,0.0121065239338,0.0535814,5.1939858,10240.0
TMEM176A,up,0.0121188401715,0.053612544,3.2036825,55365.0
ATP6V1B1,up,0.0121231613072,0.053612544,6.8096831,525.0
DNAJB4,up,0.0121334810133,0.05361505,5.8684221,11080.0
LRRC4,up,0.0121342794681,0.05361505,3.308786,64101.0
REXO4,up,0.0121464304951,0.053645415,2.4075563,57109.0
PPP2CA,up,0.0121568570578,0.0536798,2.4086123,5515.0
MEOX2,up,0.0121597592718,0.053680241,3.5890999,4223.0
WBSCR28,up,0.0121622390399,0.053680241,4.3300796,135886.0
NBPF15,down,0.0121757118439,0.053707421,2.2100808,284565.0
AMT,up,0.0121787677018,0.053707421,2.1279498,275.0
ORAI3,up,0.0121819887068,0.053707421,5.9042326,93129.0
ZNF117,down,0.0121842518094,0.053707421,2.7783416,51351.0
C11orf94,up,0.01220145943,0.053759953,3.8320588,143678.0
ZDHHC15,up,0.0122055389711,0.053766272,7.8124324,158866.0
ERMN,down,0.0122264931366,0.053846906,4.7516132,57471.0
HBZ,down,0.0122470740934,0.053918974,2.2733246,3050.0
FBXL16,down,0.0122651258358,0.05397222,10.2705521,146330.0
LTBR,up,0.0122684676979,0.05397222,3.0375647,4055.0
MAF,down,0.0122748852482,0.05397222,3.0819335,4094.0
LRTOMT,up,0.0122773523104,0.05397222,3.4973959,220074.0
SAMM50,up,0.0123193415142,0.054103418,3.1151579,25813.0
PMFBP1,down,0.0123229205425,0.054107444,7.5585865,83449.0
TIGD1,up,0.0123384603012,0.054152279,2.8987776,200765.0
ARAP1,up,0.012349173906,0.054187599,3.8606281,116985.0
ARHGAP35,down,0.0123626268832,0.054234922,5.6760458,2909.0
CDC27,down,0.0124075806929,0.05438518,2.414272,996.0
GTPBP1,down,0.012412686335,0.054395828,2.132853,9567.0
PSIP1,down,0.0124239438896,0.054421694,3.0857321,11168.0
TRPC4AP,up,0.012436297495,0.054452337,2.0513814,26133.0
C11orf93,up,0.0124472534445,0.054488569,3.2973574,120376.0
FIBIN,up,0.0124630512933,0.054518995,6.1904868,387758.0
DESI1,up,0.0124649844057,0.054518995,3.6088286,27351.0
G3BP1,up,0.0124765394531,0.054534551,5.2230532,10146.0
CTNNA1,down,0.0124945443446,0.054589771,3.3538481,1495.0
KIAA1244,down,0.0124996413467,0.054600303,3.8923637,57221.0
PTBP2,up,0.0125064578499,0.054611739,4.2053245,58155.0
LIN54,down,0.0125078110239,0.054611739,2.6707357,132660.0
C3orf55,down,0.0125130071489,0.054611739,5.4422217,152078.0
TSSC4,down,0.0125229082983,0.054634213,3.2439309,10078.0
PGLYRP2,down,0.0125235324485,0.054634213,4.1755864,114770.0
RABEP1,up,0.0125274718522,0.054639671,5.3985647,9135.0
SUMF1,up,0.0125390454788,0.054663381,3.2213999,285362.0
FCGR2A,up,0.012540976451,0.054663381,2.146871,2212.0
C11orf54,up,0.0125523782026,0.054701348,2.4599851,28970.0
USP42,up,0.0125606105926,0.054713582,2.5545808,84132.0
CXCL9,up,0.0125625595103,0.054713582,6.8323147,4283.0
HIGD2A,up,0.0125732035681,0.054721705,2.5362726,192286.0
MRPL44,up,0.0125832099329,0.054753531,7.8523499,65080.0
DDX19B,up,0.0125967915414,0.054777447,3.1827505,11269.0
MYL4,down,0.012607197725,0.054804138,4.485814,4635.0
C15orf39,up,0.0126083222861,0.054804138,5.7468204,56905.0
BCL2L11,down,0.0126290010813,0.054875008,4.0878818,10018.0
DCDC2,down,0.0126317925897,0.054875008,2.1151347,51473.0
CD164L2,up,0.0126384548839,0.054876794,2.3253002,388611.0
NFXL1,up,0.0126388421235,0.054876794,2.4901813,152518.0
ICAM3,up,0.0126412372588,0.054876794,2.1839887,3385.0
TBC1D1,up,0.0126464695525,0.054887784,3.6535384,23216.0
RALYL,up,0.0126532193712,0.054905355,2.0923405,138046.0
SMCHD1,down,0.0126599402521,0.054916475,8.7702103,23347.0
LOC147646,up,0.0126669036345,0.054929553,2.8902145,147646.0
PLEKHB2,down,0.0126855927075,0.054968767,2.3612635,55041.0
PLEKHG2,up,0.0126870222793,0.054968767,2.1223296,64857.0
UQCRQ,up,0.0126886698078,0.054968767,3.371446,27089.0
ZNF285,up,0.012692198942,0.054968767,2.94151,26974.0
PLEKHF2,up,0.0126935554158,0.054968767,6.3037017,79666.0
VSTM1,down,0.0126984313042,0.054972442,3.9856425,284415.0
FLOT1,down,0.0127031967271,0.054981361,2.1293326,10211.0
RAB40B,down,0.0127096420971,0.054997546,3.7958907,10966.0
LRP10,up,0.0127399744146,0.055105337,2.3533189,26020.0
ABLIM2,down,0.0127480349151,0.055126778,4.8850428,84448.0
GNB4,up,0.0127503558312,0.055126778,3.1470704,59345.0
NUDCD1,up,0.0127615997542,0.055153681,3.6134626,84955.0
EDEM2,up,0.0127620053877,0.055153681,4.1206853,55741.0
SFTPA2,up,0.0127718849591,0.055178299,2.0257526,729238.0
FZD6,up,0.0127731313862,0.055178299,3.8746164,8323.0
TMPRSS11A,up,0.0127812709786,0.055201728,28.512548,339967.0
RNF144B,down,0.012786048558,0.05521063,2.9497249,255488.0
FILIP1L,down,0.0128035751452,0.055274568,2.4342938,11259.0
H1F0,up,0.0128286310174,0.055302009,3.6249313,3005.0
CENPI,up,0.0128286953293,0.055302009,3.39156,2491.0
CA11,up,0.0128293685655,0.055302009,4.6172682,770.0
CCDC111,up,0.0128316986871,0.055302009,2.3149439,201973.0
CD86,up,0.0128440776655,0.055343625,2.6967978,942.0
NFATC3,up,0.0128518595664,0.055348685,2.0311724,4775.0
ISG20L2,down,0.0128534214721,0.055348685,2.1087445,81875.0
PHGR1,up,0.0128609059263,0.055369183,2.6741257,644844.0
THY1,down,0.0128735792211,0.055411966,3.3595561,7070.0
ZNF331,down,0.0128831275042,0.055411966,9.8058969,55422.0
LOC100128071,up,0.01288447491,0.055411966,2.6063958,100128071.0
ACTR6,up,0.0128938641443,0.055440202,3.8349216,64431.0
PDZD11,up,0.0129025279913,0.055440202,3.8626263,51248.0
MED21,up,0.012906084849,0.055440202,5.3502473,9412.0
NPM2,down,0.0129070541932,0.055440202,2.6819623,10361.0
RNF149,up,0.0129082135672,0.055440202,2.5330151,284996.0
GBF1,down,0.0129101340569,0.055440202,2.603972,8729.0
EYA4,down,0.0129159884484,0.055441915,2.0775534,2070.0
CABP2,down,0.0129304167239,0.055464599,4.660893,51475.0
LEPROTL1,up,0.0129321885994,0.055464599,3.061193,23484.0
CNTFR,up,0.0129419337908,0.055494684,2.2549613,1271.0
KLHL2,down,0.0129583191671,0.055553224,2.3387961,11275.0
PTGDR2,down,0.0129642258544,0.055566826,2.0117141,11251.0
FOXE3,up,0.0129705083446,0.055582033,2.4203416,2301.0
GLB1L,up,0.0129884877977,0.055635619,3.015492,79411.0
G3BP2,up,0.0129987063143,0.055666608,2.0111698,9908.0
KLRC4,up,0.013001884596,0.055666608,2.2963606,8302.0
CD74,up,0.0130039387539,0.055666608,2.074511,972.0
GPR83,down,0.0130299349332,0.055748499,3.7599652,10888.0
UBA7,up,0.0130321029568,0.055748499,2.5465041,7318.0
BRWD1,up,0.0130344488312,0.055748499,4.7067373,54014.0
MKKS,up,0.013036873141,0.055748499,2.1514292,8195.0
ANO3,down,0.013043920972,0.055755561,2.6719793,63982.0
C1orf87,up,0.0130521541675,0.055774645,2.0604379,127795.0
ASUN,up,0.0130794896592,0.05583298,6.3693368,55726.0
SNRNP40,up,0.0130826350417,0.05583298,3.6750701,9410.0
HHEX,up,0.0130867560051,0.05583298,3.4082476,3087.0
SIT1,up,0.0130954030058,0.055858146,4.8368632,27240.0
TNFSF9,up,0.0131017238624,0.055862541,5.1384076,8744.0
SLC25A16,up,0.0131019303941,0.055862541,3.4015794,8034.0
SLC22A12,down,0.0131163130681,0.055870215,2.5544602,116085.0
COCH,up,0.0131167457652,0.055870215,2.4510267,1690.0
MAP4K3,down,0.0131167686703,0.055870215,3.235625,8491.0
TAF15,down,0.0131202232945,0.055870215,4.3024743,8148.0
H3F3B,up,0.0131243233679,0.055875968,2.0227077,3021.0
NCKAP1L,up,0.0131287470952,0.055883096,2.271971,3071.0
CLEC1B,up,0.0131359696261,0.05589043,5.1335411,51266.0
TNFRSF18,up,0.0131569405309,0.055956229,2.8439888,8784.0
ZNF627,up,0.0131669544181,0.055976644,4.6757642,199692.0
NDUFC1,up,0.0131675764243,0.055976644,3.0796242,4717.0
CCDC132,up,0.0131892644343,0.056011659,3.6056602,55610.0
APTX,up,0.0132055674879,0.056067172,3.5858159,54840.0
HIST2H2BE,up,0.0132105369486,0.056067172,3.4379352,8349.0
TAB2,up,0.0132106118419,0.056067172,3.592686,23118.0
HIBCH,up,0.0132251713573,0.056117246,3.7914766,26275.0
SPON2,down,0.0132355352195,0.056146615,29.3198673,10417.0
SGK1,up,0.0132376177283,0.056146615,3.0563616,6446.0
SCTR,up,0.0132603969162,0.056219768,2.7518774,6344.0
EAF1,down,0.0132797607945,0.056290123,2.0571499,85403.0
IFT27,up,0.0132878742219,0.056301031,2.3890089,11020.0
CCL18,up,0.0132954073891,0.056321208,3.8595404,6362.0
KCNJ4,down,0.0133056056886,0.056352664,125.649925,3761.0
TRMT61B,up,0.0133144650868,0.056359435,3.4322033,55006.0
DTWD2,up,0.0133210688283,0.056359435,2.1341202,285605.0
HEXB,up,0.013341584279,0.056426695,2.4267368,3074.0
PLAC1,down,0.0133538199866,0.05646274,3.3447731,10761.0
KIAA0664,up,0.01339463145,0.056599976,3.1985667,23277.0
TIGD7,up,0.013406217382,0.056633917,2.00741,91151.0
RNF151,up,0.0134082365791,0.056633917,2.5046411,146310.0
RDM1,down,0.0134191208902,0.056668114,6.3632451,201299.0
C15orf63,down,0.0134254131222,0.056682909,2.6122875,25764.0
SFXN4,up,0.0134288676834,0.056685719,4.0331784,119559.0
BCAS3,down,0.0134326653473,0.056689976,4.6577006,54828.0
PCDH8,down,0.0134465476484,0.056711613,3.07606,5100.0
DCTN6,up,0.0134502136401,0.056711613,7.1392115,10671.0
TMEM42,up,0.0134517434963,0.056711613,4.0405453,131616.0
TRIP11,down,0.0134584101402,0.05671619,5.5052423,9321.0
C20orf194,up,0.0134705099942,0.056755414,2.8621406,25943.0
SIVA1,up,0.0134845891372,0.056796335,2.1864505,10572.0
C11orf87,up,0.0134887137248,0.056796594,2.4239974,399947.0
TNP2,up,0.0134914614624,0.056796594,2.7710878,7142.0
EXOC6,down,0.0135059479797,0.056845805,2.0741764,54536.0
C1orf94,down,0.0135252464095,0.056878381,5.1511016,84970.0
CCDC90A,up,0.0135428971271,0.056930586,3.5327333,63933.0
SHPRH,up,0.0135516091643,0.056955429,6.1552422,257218.0
LANCL2,down,0.0135576307389,0.056957064,2.1116752,55915.0
ZNF649,down,0.013560404976,0.056957064,7.4999709,65251.0
KDELC1,up,0.0135675521334,0.056971825,2.0244652,79070.0
ARRDC3,down,0.0135695253878,0.056971825,4.4807845,57561.0
ICA1L,down,0.0135747023395,0.05698179,36.169874,130026.0
NDUFA13,down,0.0135828840604,0.057004361,2.3767533,51079.0
FAM70B,up,0.0135981161258,0.057008522,4.9726658,348013.0
MRPS18B,down,0.0136053017387,0.057008522,2.4490415,28973.0
SMIM1,up,0.0136056958513,0.057008522,2.345771,388588.0
RNF212,up,0.0136074621747,0.057008522,2.3260046,285498.0
FAM89B,up,0.0136079216238,0.057008522,3.6823444,23625.0
OTUD1,up,0.0136091120415,0.057008522,5.232202,220213.0
C14orf119,up,0.0136110714683,0.057008522,2.5174121,55017.0
TMEM61,up,0.0136119240851,0.057008522,2.7332683,199964.0
SKAP2,up,0.0136230227072,0.057031501,2.6703015,8935.0
LOR,up,0.0136366007308,0.057076588,2.5113156,4014.0
PLAGL2,up,0.0136693351223,0.057201819,4.0852433,5326.0
VPS39,down,0.0137023486462,0.057304575,2.5066787,23339.0
SH3RF1,down,0.0137062884563,0.05730926,6.0010114,57630.0
EPG5,up,0.0137160340055,0.057338213,4.5722497,57724.0
KIAA0284,down,0.0137394191598,0.057392945,7.41506,283638.0
BPIFB4,down,0.0137445703401,0.057392945,2.7961116,149954.0
KRTAP17-1,up,0.0137486258296,0.057392945,4.3636571,83902.0
IL20RB,up,0.0137499666423,0.057392945,10.3425015,53833.0
KLF10,up,0.0137533516807,0.057392945,4.4651242,7071.0
ETV2,up,0.0137537822548,0.057392945,2.9412543,2116.0
RIMBP3C,up,0.0137649446442,0.057424569,5.5026808,150221.0
JUND,up,0.0137764884882,0.05743736,2.7157305,3727.0
MESP2,down,0.0137803660277,0.057441743,87.4710152,145873.0
VN1R4,up,0.0137882689353,0.057449074,3.3703298,317703.0
MYO3B,down,0.0137890081554,0.057449074,3.8160052,140469.0
FASTKD1,up,0.013790604395,0.057449074,4.9352993,79675.0
SUPT5H,down,0.0138242277423,0.057534367,3.5647912,6829.0
WEE1,down,0.0138243990468,0.057534367,5.0749835,7465.0
KCNH2,up,0.0138257022769,0.057534367,2.7723508,3757.0
VIL1,down,0.0138293325916,0.057534367,2.158993,7429.0
TTC21B,down,0.0138308937379,0.057534367,2.3731774,79809.0
HAGH,up,0.0138526814292,0.057613209,6.6487732,3029.0
CC2D2A,down,0.0138601588097,0.057624719,2.5877231,57545.0
SCAF8,up,0.0138611192808,0.057624719,3.691775,22828.0
LIMD2,up,0.0138803375489,0.057662404,2.6380848,80774.0
CCNT2,up,0.0138817650978,0.057662404,2.7227808,905.0
EFHA2,down,0.0138862917611,0.057662404,2.6532691,286097.0
MSH5,up,0.0138866079278,0.057662404,3.8836827,4439.0
CDK5RAP1,up,0.0138872062935,0.057662404,2.4673779,51654.0
LUM,up,0.0138905533793,0.057664522,10.1760529,4060.0
TPH1,down,0.0139001895978,0.057683595,5.0795277,7166.0
AURKB,up,0.0139012208275,0.057683595,3.2621124,9212.0
NOA1,up,0.0139036620544,0.057683595,2.5986161,84273.0
CC2D1B,up,0.0139082889843,0.057691015,3.2841352,200014.0
ELF2,down,0.0139209652326,0.057720036,4.1646827,1998.0
L3MBTL1,up,0.0139498528807,0.057804436,8.0480015,26013.0
ZDHHC6,up,0.0139542284789,0.057810781,3.8696069,64429.0
JAM2,up,0.0139655123467,0.057845738,2.9182972,58494.0
C2orf44,up,0.0139949193071,0.057905244,4.6937729,80304.0
ABCB10,up,0.0139969145033,0.057905244,3.4279915,23456.0
SAFB2,down,0.0140229218853,0.057998146,8.9974503,9667.0
BEX2,down,0.0140296894402,0.057998146,2.401603,84707.0
ZNF493,down,0.0140324999012,0.057998146,2.456839,284443.0
PEX1,down,0.0140338824747,0.057998146,2.6534468,5189.0
TMEM69,up,0.0140365499674,0.057998146,8.0992531,51249.0
RASGRF1,up,0.0140443344111,0.058018516,2.4236368,5923.0
LRRC20,down,0.0140571562339,0.058051212,2.7056394,55222.0
ZNF473,down,0.0140782628282,0.058108077,6.3901534,25888.0
MYCL1,up,0.0140803090196,0.058108077,2.5785653,4610.0
FUS,down,0.0140858516845,0.058119151,3.1562482,2521.0
CCNB3,down,0.0140909439029,0.058128361,3.8209487,85417.0
C3orf35,up,0.0140967884536,0.058139505,2.9954736,339883.0
LHX9,up,0.0140999730277,0.058139505,2.9218027,56956.0
NAIF1,down,0.014109291007,0.058139505,5.2289515,203245.0
SCAF4,up,0.0141139852222,0.058140809,2.1872363,57466.0
MUC20,down,0.0141173228805,0.058142774,3.0074142,200958.0
CFC1B,up,0.0141295964626,0.058161003,2.7564516,653275.0
MAPK14,up,0.0141303337094,0.058161003,2.625986,1432.0
WHSC1,up,0.0141451181973,0.058184049,2.184124,7468.0
ZFP91,down,0.0141455308416,0.058184049,4.0338839,80829.0
DONSON,up,0.0141473834973,0.058184049,2.0451577,29980.0
LCLAT1,down,0.014164407572,0.058219005,3.5548432,253558.0
NPIPL3,down,0.0141652316517,0.058219005,3.7007726,23117.0
ELOVL7,up,0.0141682302952,0.058219005,5.2619551,79993.0
GUCA1B,down,0.0141721874695,0.058219005,4.5935407,2979.0
CREB3,up,0.0141757654504,0.058219005,2.2190137,10488.0
FLT3,up,0.0141761952311,0.058219005,3.1373935,2322.0
PFDN6,down,0.0141786199486,0.058219005,2.2470678,10471.0
TRIP10,up,0.0141794232928,0.058219005,3.8755293,9322.0
SMG1,down,0.0141816625705,0.058219005,2.6732543,23049.0
ALG13,up,0.0141938319988,0.058257196,2.3982441,79868.0
BARD1,down,0.0142141160594,0.058316897,7.4201508,580.0
PCDHB5,up,0.0142422545825,0.058396979,7.5609602,26167.0
DNMT1,down,0.0142458298584,0.058399438,2.9229553,1786.0
CCDC120,up,0.0142494279837,0.058399438,2.6470759,90060.0
ATAD2B,down,0.0142514742052,0.058399438,3.245988,54454.0
MTRNR2L10,down,0.0142929486561,0.058555455,2.331359,100463488.0
ATAD5,up,0.0143270921747,0.058650181,4.1684473,79915.0
OR2B6,up,0.0143427768764,0.058691643,2.9934842,26212.0
PTCRA,up,0.0143429959713,0.058691643,2.9571132,171558.0
HSD17B2,down,0.0143490701977,0.05870468,2.7686312,3294.0
INIP,up,0.0143744292884,0.058785223,4.4895305,58493.0
ART5,up,0.0143766534209,0.058785223,3.5428125,116969.0
RHBDD2,up,0.0143801072501,0.058785223,3.9714903,57414.0
ROBO2,down,0.0143905032266,0.058791394,4.2869783,6092.0
TRIM24,down,0.0143913545342,0.058791394,5.960206,8805.0
GSTT1,up,0.0143916233083,0.058791394,2.3447115,2952.0
HDGF,down,0.0144009635185,0.058801343,3.1514281,3068.0
GUCY1B3,up,0.0144026735335,0.058801343,5.4259156,2983.0
CACNA1G,down,0.0144045209776,0.058801343,3.4206514,8913.0
PIGS,up,0.0144114816001,0.058817944,3.3885008,94005.0
CAMTA2,up,0.0144171134471,0.058829117,3.4164437,23125.0
FAF2,down,0.0144302195459,0.058839867,2.5578156,23197.0
LATS1,down,0.0144335218744,0.058839867,2.5089179,9113.0
MFN1,up,0.0144343827273,0.058839867,5.6701804,55669.0
PINX1,down,0.0144407579542,0.058839867,4.9403761,54984.0
CHD4,down,0.0144429075976,0.058839867,3.0430481,1108.0
TOB2,down,0.0144466153441,0.058843178,5.0069173,10766.0
ATP5G2,up,0.0144532100393,0.058858244,4.9456352,517.0
CDK12,up,0.0144589151062,0.058869681,3.2385047,51755.0
OSCP1,down,0.0144695253746,0.058896796,2.5284294,127700.0
ATL2,up,0.0144715039575,0.058896796,3.3830036,64225.0
OS9,up,0.0144781475439,0.05890079,4.6313847,10956.0
SLC30A6,up,0.0144867122257,0.05892384,4.8073371,55676.0
CDH23,up,0.0145194380095,0.059021924,2.6507207,64072.0
TBC1D9B,down,0.0145195385266,0.059021924,4.3015905,23061.0
HSD17B13,up,0.0145292625373,0.059049642,7.646575,345275.0
SPHK1,down,0.0145351215189,0.059058582,22.0408064,8877.0
SLC22A20,down,0.0145577875146,0.05909912,3.1616516,440044.0
BACE2,up,0.0145582885282,0.05909912,3.0050428,25825.0
WDSUB1,up,0.0145586926331,0.05909912,4.3983311,151525.0
LYRM4,up,0.0145653098563,0.059113403,2.2009651,57128.0
CCDC74B,up,0.0145724358647,0.059124356,2.2257027,91409.0
TNFSF11,up,0.014599028485,0.059214778,2.8230157,8600.0
CRTC2,down,0.0146180064587,0.059268099,4.4105616,200186.0
TCEAL2,down,0.0146243909704,0.059282159,2.5816516,140597.0
UTS2R,down,0.0146304953017,0.059292095,4.4505817,2837.0
ZNF521,up,0.0146581708615,0.059359897,3.4005404,25925.0
GIMAP4,up,0.0146655604057,0.059377991,2.6607479,55303.0
CYP21A2,up,0.014688274031,0.059444079,2.7532248,1589.0
KREMEN1,up,0.0146926461146,0.059444079,2.3263501,83999.0
LRRC32,up,0.014693791934,0.059444079,2.0709022,2615.0
PLXDC1,up,0.014697797644,0.059444079,2.110763,57125.0
H1FNT,up,0.0147102754867,0.059465161,3.4063233,341567.0
CDKL2,up,0.0147104958759,0.059465161,2.5777769,8999.0
C6orf25,down,0.0147192529533,0.059488729,2.5852158,80739.0
ACTL6A,up,0.0147287650033,0.059511304,2.6858536,86.0
GAD1,up,0.0147306947164,0.059511304,2.5115668,2571.0
NSUN3,up,0.0147544134754,0.059595281,3.3834035,63899.0
MAGEB6,down,0.014758917504,0.059601629,2.5017446,158809.0
BRF2,up,0.0147748581484,0.059635005,2.3204176,55290.0
RAB6C,up,0.0147759844592,0.059635005,2.8981927,84084.0
RBPJ,up,0.0147945122393,0.059697928,7.6559156,3516.0
RBBP5,down,0.0148030510171,0.059716518,3.380763,5929.0
SHC3,down,0.0148049954915,0.059716518,2.1443055,53358.0
ARHGAP26,down,0.0148135767674,0.059727525,2.3449735,23092.0
PITX3,up,0.0148175489013,0.059731591,3.1027358,5309.0
ZMYM3,down,0.0148284316973,0.059763608,2.0130628,9203.0
NDUFA11,up,0.0148419760564,0.059789184,5.0780372,126328.0
WAPAL,down,0.0148436025178,0.059789184,2.6882304,23063.0
SLC35A3,up,0.0148540439254,0.059819386,3.4435476,23443.0
IFRD1,up,0.014868185398,0.059834104,3.664611,3475.0
UBE2J1,down,0.0148700738348,0.059834104,2.0578847,51465.0
KDM3B,down,0.0148709071452,0.059834104,2.3787885,51780.0
C17orf79,up,0.0148724178139,0.059834104,2.7391435,55352.0
FRA10AC1,up,0.0148930896418,0.05989142,2.939078,118924.0
BEND2,down,0.0148945400307,0.05989142,5.8475745,139105.0
MIB2,down,0.0148955045712,0.05989142,2.6802657,142678.0
ATP6V0C,up,0.0149167948009,0.059957528,8.8255707,527.0
EPM2AIP1,up,0.0149262505773,0.059969387,7.9963072,9852.0
ORC3,up,0.0149697123264,0.060094688,3.6945529,23595.0
KLRG1,up,0.0149780426199,0.060110842,5.1813566,10219.0
HIATL1,up,0.0149796514614,0.060110842,4.7229808,84641.0
GPATCH4,down,0.0149903850979,0.06014204,3.6329663,54865.0
MED31,down,0.0150083208545,0.060167356,20.5990848,51003.0
PCDH11X,up,0.0150120913354,0.060167356,2.6108173,27328.0
KBTBD4,up,0.0150135833858,0.060167356,4.4432122,55709.0
CCL25,up,0.0150174168309,0.060167356,4.4621081,6370.0
GAK,down,0.0150676268366,0.060332844,6.7577104,2580.0
C9orf72,up,0.0150725983364,0.060334551,3.2372749,203228.0
NAPSA,up,0.015076958554,0.060334551,6.4326482,9476.0
RTN4R,down,0.0150901378592,0.060355906,2.6487256,65078.0
PRDX6,up,0.0150941369915,0.060355906,3.3476805,9588.0
TTC38,up,0.0150983484718,0.060360726,2.1135519,55020.0
FRAS1,up,0.0151075511428,0.060364506,3.1809244,80144.0
SMURF2,down,0.0151344016521,0.060445414,4.2420317,64750.0
TRPV4,up,0.0151567304201,0.060513654,2.125157,59341.0
DUX4L4,up,0.0151574420808,0.060513654,2.3225031,441056.0
GPBP1L1,up,0.015164546553,0.060530127,3.3614655,60313.0
ATP6V0E2,down,0.0151801670886,0.06058058,2.304432,155066.0
AKTIP,up,0.0152335408021,0.060745873,3.0600142,64400.0
PVR,down,0.0152554494948,0.060803452,3.5892884,5817.0
ZFP161,up,0.0152569548652,0.060803452,3.5589914,7541.0
FBLN1,up,0.015287884695,0.060914773,5.2003462,2192.0
OTOP2,up,0.0152922911759,0.060920388,2.2471964,92736.0
S1PR2,down,0.0152998936601,0.060936058,4.2977987,9294.0
TTC14,down,0.0153105665019,0.060948533,3.4223191,151613.0
C7orf63,down,0.0153130324072,0.060948533,2.9189072,79846.0
SPHK2,down,0.0153329674895,0.060989429,3.2652215,56848.0
FMNL1,up,0.0153341287882,0.060989429,3.8038963,752.0
IL4I1,down,0.0153499641713,0.061022134,4.2014561,259307.0
AKR1C2,up,0.0153508570506,0.061022134,5.6372003,1646.0
BCAP29,up,0.0153662244888,0.061071277,2.1977484,55973.0
CCNDBP1,up,0.0153866466368,0.061128537,2.3574303,23582.0
THRAP3,down,0.0153935952348,0.061144191,2.9714238,9967.0
C4orf3,up,0.015397267985,0.061146829,3.0979736,401152.0
CDH12,down,0.0154008732201,0.061149199,3.3437929,1010.0
C2CD3,up,0.01541883857,0.061184673,2.3032933,26005.0
TRIM13,up,0.0154422600265,0.061252691,4.2837719,10206.0
IQCE,down,0.0154437718751,0.061252691,2.5967988,23288.0
CRB1,up,0.0154480340903,0.061252691,3.0192541,23418.0
ANKRD27,up,0.015452347431,0.061257843,2.1515204,84079.0
ARSI,up,0.0154637919899,0.061268513,3.9973144,340075.0
DHX36,down,0.0154640822585,0.061268513,2.4379829,170506.0
SLC39A14,up,0.0154678382964,0.061271451,3.5917549,23516.0
MCHR1,up,0.0154718631179,0.061273588,12.4577757,2847.0
FOXB1,down,0.0154744072355,0.061273588,3.456012,27023.0
C1QTNF9B-AS1,down,0.0154812291227,0.061276725,3.2101733,
POLRMT,up,0.0154893310669,0.061284924,4.0980569,5442.0
ID1,up,0.0155077544013,0.061322005,4.1913326,3397.0
TRIM9,down,0.0155148240102,0.061337982,2.3867243,114088.0
GTF3C5,up,0.0155252387671,0.061337982,5.4024105,9328.0
UBAC2,down,0.0155297591464,0.061337982,5.6412517,337867.0
ZBTB1,up,0.0155325885945,0.061337982,2.1812153,22890.0
LDLR,down,0.0155355584808,0.061337982,7.1845221,3949.0
HLA-DQA2,up,0.0155383656683,0.061337982,6.1996414,3118.0
NARG2,up,0.015538955555,0.061337982,3.9489787,79664.0
SCRN3,up,0.0155480631595,0.061362016,3.4310213,79634.0
EGFL6,up,0.0155703260803,0.061431736,3.3710496,25975.0
TNFRSF11A,down,0.0155727463381,0.061431736,2.170715,8792.0
TRIOBP,up,0.0155747963819,0.061431736,2.0173625,11078.0
RFC1,up,0.0155944867964,0.061485537,3.2948595,5981.0
ITPKC,down,0.0155985312689,0.061489555,2.1265033,80271.0
ZNF624,down,0.0156347191324,0.061620257,7.246994,57547.0
ARHGEF10L,down,0.0156423648062,0.061637291,4.5825127,55160.0
TRIB2,down,0.0156485124554,0.061637291,2.2266044,28951.0
NSUN6,down,0.0156505729661,0.061637291,2.1082657,221078.0
MSMO1,up,0.0156528965855,0.061637291,16.2483952,6307.0
ALDH18A1,up,0.0156594070254,0.061643861,2.024998,5832.0
ROPN1,down,0.0156639339652,0.061643861,4.6715267,54763.0
PTRF,down,0.0156649714116,0.061643861,2.0789872,284119.0
MFAP3,up,0.0156843015503,0.061705734,2.6235372,4238.0
SAMD5,down,0.0157083550698,0.061759339,3.0868244,389432.0
PLEKHN1,down,0.0157095094956,0.061759339,3.0817582,84069.0
SCGB1A1,up,0.0157704798586,0.061963078,4.5325319,7356.0
FAM120AOS,down,0.0157870328827,0.062004144,2.3028838,158293.0
MAN2C1,up,0.0157998430266,0.062038312,2.5309812,4123.0
CDK2AP2,up,0.0158018371118,0.062038312,2.8080572,10263.0
NEFM,down,0.0158166569921,0.062060532,8.6942063,4741.0
CNEP1R1,up,0.0158291770388,0.062097669,3.6253803,255919.0
SMYD3,up,0.0158499655427,0.062149996,2.5786118,64754.0
DCK,up,0.0158657008618,0.062181451,5.8891592,1633.0
C16orf82,up,0.0158658305504,0.062181451,2.6174461,162083.0
TMEM186,up,0.0158822363798,0.062229838,2.1250275,25880.0
NMRAL1,up,0.0158843000836,0.062229838,4.8604032,57407.0
JAK3,up,0.0158990770902,0.062274776,3.08117,3718.0
PKIB,up,0.0159018984293,0.062274776,2.9399364,5570.0
TRIM39,down,0.0159073952207,0.062276154,6.0737169,56658.0
CDCA4,up,0.0159196736376,0.06230837,4.6927034,55038.0
CSF3,up,0.0159248695241,0.062316706,2.6116297,1440.0
TAF9,up,0.0159447909932,0.062371462,2.7550147,6880.0
METTL24,down,0.0159687189608,0.062451215,7.3210976,728464.0
CXCL12,up,0.0159746060414,0.062451215,5.4782688,6387.0
CABP4,up,0.0159818360617,0.062467465,2.6421463,57010.0
OR51F1,down,0.0160043293517,0.062534181,2.5856499,256892.0
FLJ27352,up,0.016046287256,0.062635066,4.2437625,145788.0
MTRF1L,down,0.0160566068622,0.062644028,2.2984748,54516.0
GABPB1,up,0.0160618442828,0.062644028,3.2844744,2553.0
UTP3,up,0.0160650648627,0.062644028,2.0259501,57050.0
LIMK1,down,0.0160660608098,0.062644028,3.1982649,3984.0
PML,down,0.0160677759001,0.062644028,2.2467141,5371.0
SYPL2,up,0.0160683289728,0.062644028,4.2500005,284612.0
MFSD11,up,0.0160931838043,0.062721757,2.5156038,79157.0
ENPP4,up,0.0161252568908,0.06283471,3.4324241,22875.0
BIVM,down,0.016137013238,0.062861773,2.0859868,54841.0
DYRK1A,up,0.0161541799201,0.062888801,2.010774,1859.0
KCNA7,up,0.0161546089881,0.062888801,2.8941496,3743.0
OSBP,down,0.0161716783648,0.062914259,5.6588369,5007.0
TSEN2,up,0.0161737270773,0.062914259,2.0102773,80746.0
GBP2,up,0.0161766257667,0.062914259,2.7154679,2634.0
TRIM21,up,0.0161887459579,0.062940265,3.9071338,6737.0
SLC10A1,down,0.0161895056812,0.062940265,7.6917752,6554.0
RPS9,up,0.0162029549456,0.06297716,2.758384,6203.0
SERINC3,up,0.0162177629559,0.063013961,3.4269568,10955.0
AP1B1,up,0.0162315997156,0.063029396,4.9740357,162.0
BNC2,down,0.0162516177844,0.063085205,7.2377277,54796.0
ACVR1C,down,0.016267461162,0.063134647,7.5404042,130399.0
B2M,up,0.0162774924129,0.063161518,12.1096212,567.0
SLC39A5,up,0.0162885294198,0.063175496,2.8744552,283375.0
PTBP3,up,0.0162904193565,0.063175496,2.4605257,9991.0
GRPEL2,up,0.0162968543811,0.063177999,2.813119,134266.0
PLAC9,up,0.0162986907531,0.063177999,3.4947791,219348.0
RXRB,up,0.0163003900253,0.063177999,4.7201664,6257.0
PRB1,down,0.0163097238669,0.06318876,4.6465841,5542.0
LRRC4C,down,0.0163120863184,0.06318876,2.1560817,57689.0
CTC1,down,0.0163299131556,0.063224959,2.7785844,80169.0
ATP1A2,up,0.0163311702554,0.063224959,2.1044818,477.0
TRAPPC9,down,0.0163429607426,0.063258556,3.2606157,83696.0
WISP1,down,0.0163542221604,0.063286556,5.4278037,8840.0
TMEM41B,up,0.0163564220611,0.063286556,2.6848268,440026.0
PIP5K1A,up,0.016364767593,0.063306795,3.7469976,8394.0
ATP5G3,up,0.0163689268408,0.063310835,3.2258261,518.0
GDPD2,up,0.0163926135009,0.063378328,5.3603568,54857.0
TP53AIP1,up,0.0164131347755,0.063421476,5.3692466,63970.0
TRABD2B,up,0.0164198805432,0.063435482,2.6922754,388630.0
PTPN21,down,0.016431508208,0.06346834,3.0657452,11099.0
SPPL3,up,0.0164406139626,0.063477648,6.4584612,121665.0
RBM15B,up,0.0164423762831,0.063477648,3.28737,29890.0
SETD4,up,0.0164432874091,0.063477648,3.319659,54093.0
AKR1A1,up,0.0164504555888,0.063493261,2.4623751,10327.0
DCAF12L1,up,0.0164782296995,0.063588384,2.2537403,139170.0
SRSF8,up,0.016482957274,0.063594553,5.2237678,10929.0
C11orf48,down,0.016492859569,0.063608991,5.9351783,79081.0
RASA2,down,0.0164929585646,0.063608991,3.9769309,5922.0
ATP1B1,down,0.0165143598319,0.063667368,7.4375586,481.0
SPARCL1,up,0.0165218912022,0.063684324,5.8204999,8404.0
POP4,up,0.0165345798135,0.063709068,3.1501761,10775.0
TTLL1,up,0.0165486676117,0.063751264,3.1254133,25809.0
COX5B,up,0.0165551508238,0.063753993,5.9746635,1329.0
RPS20,up,0.0165790523109,0.063832021,2.6017677,6224.0
GPRASP1,up,0.0165895434156,0.063848224,2.872326,9737.0
SMARCC1,down,0.0166012217524,0.063859237,9.6330056,6599.0
CRNN,up,0.0166019731548,0.063859237,44.3793921,49860.0
FDFT1,up,0.0166032837584,0.063859237,3.2528269,2222.0
UGT1A9,down,0.0166049726507,0.063859237,6.2748298,54600.0
ZMYM2,down,0.0166120101756,0.063874216,3.6904745,7750.0
LRRC70,up,0.0166258378483,0.063915257,8.0018205,100130733.0
DDX24,up,0.016628973079,0.063915257,2.1937985,57062.0
EPHX3,up,0.0166570908745,0.063999125,2.837911,79852.0
LRRC16A,down,0.0166706481182,0.064039108,7.677272,55604.0
KIF5C,down,0.0166834606576,0.064068,4.8883033,3800.0
TAF1C,up,0.0166844735264,0.064068,2.7728035,9013.0
RFWD2,up,0.016698705901,0.064091798,3.7339736,64326.0
TWISTNB,down,0.0166992455854,0.064091798,3.3948818,221830.0
OAZ2,up,0.0167001310732,0.064091798,2.1765704,4947.0
SCARF1,up,0.0167248302695,0.064174471,2.9245569,8578.0
SBDS,up,0.0167302532071,0.064183163,2.0394003,51119.0
STRA6,up,0.0167379185783,0.064196352,2.8625251,64220.0
CABLES1,down,0.0167400081132,0.064196352,3.4257327,91768.0
MPG,up,0.0167459373731,0.064206975,4.2735062,4350.0
SLC35A2,up,0.0167612976693,0.064237966,5.5652265,7355.0
TNRC6B,down,0.0167851986796,0.064308985,2.0238913,23112.0
PGAP1,up,0.0167968907383,0.064329528,3.0194765,80055.0
KRTAP5-8,up,0.0168108480643,0.064338613,2.5172453,57830.0
MCPH1,up,0.0168112344631,0.064338613,2.6983744,79648.0
C20orf94,down,0.0168114089357,0.064338613,7.1640796,128710.0
SAMD9L,down,0.0168119248928,0.064338613,9.2477316,219285.0
SYNJ2BP,down,0.0168222968084,0.064366186,2.0249973,55333.0
MLH1,up,0.0168311083887,0.064387781,4.7292916,4292.0
SLC4A8,down,0.0168415292397,0.064415522,3.0618418,9498.0
WAC,down,0.016855880175,0.064458281,2.5964556,51322.0
C3orf32,up,0.0168692270795,0.064479018,3.6177996,51066.0
ZNF540,up,0.016883218205,0.064514271,3.4236052,163255.0
SLC25A37,down,0.0168935595338,0.064541654,5.3669559,51312.0
ZNF584,down,0.0169017233436,0.064560708,2.5188879,201514.0
PROS1,up,0.0169064627943,0.064566677,8.4070934,5627.0
C17orf62,up,0.016925254851,0.064614163,2.3236195,79415.0
TEAD1,up,0.0169383702952,0.064620188,2.0775505,7003.0
ESAM,up,0.0169475407538,0.064634779,2.0650889,90952.0
SH3KBP1,down,0.0169774681571,0.064671442,3.4705131,30011.0
CCNC,up,0.0169864899473,0.064689977,4.9767087,892.0
PCF11,up,0.0170102620882,0.064768373,3.7024707,51585.0
SYNRG,up,0.0170313313909,0.064800039,3.9826059,11276.0
C1orf27,down,0.0170429648769,0.064800741,4.5266535,54953.0
MORC3,down,0.0170453721073,0.064800741,9.7030921,23515.0
ATG7,up,0.0170474570478,0.064800741,3.5453351,10533.0
TMEM203,up,0.0170597593266,0.064835379,2.9309621,94107.0
BIRC3,down,0.0170905044026,0.064940083,3.2397586,330.0
TTLL6,down,0.0171135109665,0.065015348,6.3367523,284076.0
STX6,down,0.017121248369,0.065026358,2.7642383,10228.0
AP4S1,up,0.0171380889804,0.065060078,2.2925131,11154.0
CCDC88A,up,0.0171470186572,0.065080659,3.0655393,55704.0
EEF1G,up,0.0171519947419,0.065080659,2.56519,1937.0
RBM25,up,0.0171531163881,0.065080659,2.2621862,58517.0
HYLS1,up,0.0171752891109,0.065137678,6.9271048,219844.0
C2orf47,up,0.0171796927031,0.065137678,3.5854445,79568.0
FAM188A,up,0.0171829256515,0.065137678,3.3652186,80013.0
NDUFA2,up,0.0171841688018,0.065137678,3.3056,4695.0
ENTPD4,up,0.0172018185163,0.065180269,2.7532754,9583.0
C19orf26,down,0.0172077663353,0.065190653,4.9168027,255057.0
FAM127B,up,0.0172186994702,0.065204382,2.2776146,26071.0
DHRS4L2,up,0.0172199504102,0.065204382,5.148318,317749.0
TLE3,down,0.0172617006328,0.065346259,6.7957206,7090.0
KIAA1614,up,0.0172664515992,0.065352072,8.9525913,57710.0
ALG1L2,up,0.0172872885495,0.065383638,4.628961,644974.0
NCOA6,up,0.0173039394906,0.06541419,2.049187,23054.0
WWC1,up,0.0173053922285,0.06541419,2.1988954,23286.0
CAPN3,up,0.017310778982,0.065422384,2.1384565,825.0
CUX1,up,0.0173234435417,0.065458076,2.6309899,1523.0
PNLIPRP3,up,0.0173757978584,0.065619358,3.4902819,119548.0
MCOLN1,down,0.0173758121882,0.065619358,2.6095067,57192.0
FAM43B,down,0.0173897030554,0.065647421,3.2450785,163933.0
OSBPL9,up,0.0173931407529,0.065648205,4.0478855,114883.0
TMEM9,up,0.0173970803393,0.065650883,4.6312688,252839.0
BTN2A2,down,0.0174072033969,0.06567689,2.1837716,10385.0
OSR2,up,0.0174168013254,0.065688715,3.9701468,116039.0
TCEAL3,down,0.0174229226697,0.065699611,2.9795408,85012.0
GATM,up,0.0174362054458,0.065737502,10.9582638,2628.0
ZMPSTE24,up,0.0174473770239,0.065767422,7.5857306,10269.0
SPTA1,down,0.0174541942466,0.065780919,5.7690979,6708.0
MRPL15,up,0.017484388062,0.065862942,7.3105754,29088.0
ITIH5,up,0.0174856795683,0.065862942,3.0962253,80760.0
HSD17B4,up,0.0175018632514,0.065911686,4.1489581,3295.0
KRTAP6-1,down,0.0175293434163,0.065978501,2.049849,337966.0
CLEC18C,down,0.0175357094691,0.065990242,2.7330475,283971.0
SPSB3,up,0.0175403301649,0.065991367,5.2912349,90864.0
EDEM3,down,0.0175425022333,0.065991367,3.6004724,80267.0
KLHL36,up,0.0175520961307,0.065996409,3.0719589,79786.0
CDC37L1,up,0.0175545683509,0.065996409,2.200954,55664.0
LIPT1,up,0.0175547803095,0.065996409,5.0204545,51601.0
DEFB110,down,0.0175568307312,0.065996409,5.5457321,245913.0
FNIP2,up,0.0175619736137,0.066003534,3.3814688,57600.0
RAD51D,up,0.0175915125996,0.066102328,2.9318202,5892.0
TMCO6,up,0.0175984313844,0.066116103,4.5246883,55374.0
CASC1,down,0.0176065206025,0.066117603,3.1613877,55259.0
SOX30,down,0.0176075598923,0.066117603,2.6455583,11063.0
APOC4,down,0.0176085896014,0.066117603,2.5068815,346.0
ATPIF1,down,0.0176138851566,0.066125271,4.1225495,93974.0
SLC13A2,up,0.0176279301575,0.066150408,2.9852346,9058.0
EXT2,up,0.0176303274898,0.066150408,2.1664655,2132.0
FBXW11,down,0.0176778228446,0.066291836,5.2270953,23291.0
ZNF451,up,0.0176915330506,0.066331011,4.2163356,26036.0
RYK,up,0.017715467816,0.066384012,3.7232698,6259.0
PRAMEF15,down,0.0177221858134,0.066384708,5.0920852,653619.0
STARD3NL,up,0.0177404647555,0.066440934,2.9754097,83930.0
BBS2,up,0.0177518917592,0.066459237,2.8463261,583.0
RAD17,up,0.017772938783,0.06651353,2.0593571,5884.0
MYL7,down,0.0177828064047,0.06652596,2.2171505,58498.0
BMP1,up,0.0177944406079,0.06653683,3.5886468,649.0
LMBRD1,up,0.0177951299129,0.06653683,7.7976857,55788.0
ANXA3,up,0.0177955328493,0.06653683,6.2424239,306.0
CKS2,up,0.0178248009658,0.066609502,9.0313415,1164.0
HOXA11,up,0.0178374499072,0.066644516,3.0792504,3207.0
ZNF714,down,0.0178476158534,0.066657992,3.3019126,148206.0
MPP4,down,0.0178540001379,0.066669585,4.3030865,58538.0
FIP1L1,up,0.0178721145382,0.066712714,3.3045881,81608.0
ARMC5,up,0.0178758463865,0.066714392,3.6071766,79798.0
HCRTR1,down,0.0178792913217,0.066714998,3.2111217,3061.0
PHLDB3,up,0.0178893809946,0.066724395,2.1356585,653583.0
C17orf96,down,0.0178898003008,0.066724395,3.663451,100170841.0
ZNF317,down,0.0178916581747,0.066724395,2.4207998,57693.0
PI4KA,down,0.0179003514736,0.066744569,4.2944819,5297.0
ENOX2,down,0.0179445593732,0.066872602,2.1226546,10495.0
CNOT7,up,0.0179761485673,0.066965766,2.8157802,29883.0
PIP4K2A,down,0.0179915750274,0.067006343,2.5102145,5305.0
ACAN,down,0.0180114833961,0.067048242,8.1407471,176.0
PPP2R2A,up,0.0180243644661,0.067067222,7.5521719,5520.0
CCDC106,up,0.0180267681509,0.067067222,2.4559473,29903.0
GRAMD3,up,0.0180272724136,0.067067222,2.7600212,65983.0
OLA1,up,0.0180297811851,0.067067222,2.571774,29789.0
CXCL3,down,0.0180484122865,0.067111961,7.8759748,2921.0
TMEM5,up,0.018059092804,0.067139393,3.1068069,10329.0
TOMM20,up,0.0180730225878,0.067170335,2.3403514,9804.0
PNRC1,down,0.0181051845458,0.067248222,4.205739,10957.0
ZNF182,up,0.0181193743764,0.067277363,2.2982999,7569.0
MLL5,down,0.0181371048054,0.067330896,2.0707349,55904.0
AHCY,up,0.0181669351146,0.067427183,3.6315824,191.0
MRPL28,up,0.0181879382793,0.06748263,3.8285231,10573.0
TLR5,up,0.0182070403486,0.067528849,18.2053722,7100.0
C9orf24,up,0.0182251818365,0.06755915,2.4349007,84688.0
MARCH11,down,0.0182346318153,0.067572721,3.7466499,441061.0
DZIP1,down,0.0182354920839,0.067572721,5.9544613,22873.0
ZC3H15,down,0.0182477725961,0.067598229,3.5638065,55854.0
NBEAL2,down,0.0182531834723,0.067600312,3.4228042,23218.0
ADAM33,up,0.0182593466219,0.067600312,2.5680708,80332.0
SEZ6L2,up,0.0182595677052,0.067600312,3.5391478,26470.0
EMC6,up,0.0182774042999,0.067641705,6.0688165,83460.0
HSDL1,up,0.0182916054328,0.067681937,3.9978817,83693.0
KCTD14,up,0.0183898052371,0.06800815,2.7024414,65987.0
CCBL2,up,0.0184111013179,0.068062138,4.755134,56267.0
FGFR2,up,0.0184218229753,0.068084696,2.1793938,2263.0
IST1,up,0.018451485432,0.068140777,2.4093077,9798.0
PMPCB,up,0.0184524889193,0.068140777,2.39604,9512.0
BCAS2,up,0.0184596106061,0.068149925,4.9399953,10286.0
LTBP4,down,0.018472643908,0.068178044,2.1168071,8425.0
REC8,up,0.0184763656934,0.0681794,4.1415075,9985.0
RUVBL2,down,0.0184954903733,0.068225198,2.9608382,10856.0
PDE6B,up,0.0185160800275,0.06827255,3.0460269,5158.0
AIPL1,down,0.0185221859254,0.06827255,4.8671309,23746.0
PSMD1,down,0.0185280739316,0.06827255,3.616419,5707.0
NCOA3,down,0.0185285079248,0.06827255,3.3151294,8202.0
RAB2A,down,0.0185468315365,0.068282824,2.5008138,5862.0
UGT2A1,down,0.0185480674687,0.068282824,4.7742452,10941.0
MAP3K1,down,0.0185551230946,0.068291197,4.4853777,4214.0
PHF11,up,0.0185604084817,0.068291197,2.9815092,51131.0
NOVA1,up,0.0185604216611,0.068291197,2.2605139,4857.0
JAKMIP3,down,0.01859290693,0.068398341,6.1888798,282973.0
PP2D1,down,0.0185970676053,0.068401267,3.5799027,151649.0
KLRC3,up,0.0186291648585,0.068495232,3.8001319,3823.0
DIXDC1,down,0.0186316752324,0.068495232,10.5306131,85458.0
MYLK,up,0.0186818774564,0.068630796,6.3345333,4638.0
FAM127A,up,0.018686485972,0.068630796,6.9969553,8933.0
KDM4B,down,0.0186947084501,0.068648591,4.9054525,23030.0
NR2C2AP,up,0.0187169150553,0.06871772,5.2797674,126382.0
FAM124B,up,0.0187431362253,0.06879665,3.3754908,79843.0
ASZ1,down,0.0187512789099,0.068806598,3.3915699,136991.0
C4orf34,up,0.018765150501,0.068845069,2.4310182,201895.0
C6orf226,up,0.0187745106299,0.068866979,2.6738163,441150.0
NAPA,up,0.0187879266441,0.068900839,4.6606047,8775.0
ZC3H4,down,0.0187905215438,0.068900839,5.806031,23211.0
MAGEA2,down,0.0187978997219,0.068902296,2.6248877,4101.0
FBXL15,up,0.0188050144904,0.068902296,3.9174866,79176.0
TACC2,down,0.0188077666393,0.068902296,2.4758218,10579.0
CIZ1,up,0.0188127778502,0.068902296,3.5191279,25792.0
C19orf24,up,0.0188186230659,0.068902296,3.7963339,55009.0
SYT3,down,0.0188214290136,0.068902296,4.4683991,84258.0
IRX5,up,0.0188496789024,0.068972508,10.1295663,10265.0
ELP4,up,0.0188534740221,0.068972508,3.9079539,26610.0
AFF3,down,0.0188756513465,0.06903862,6.7447425,3899.0
CHD3,up,0.0188850326633,0.069056043,2.5194945,1107.0
SGSM2,down,0.0188943602809,0.069061428,2.9303508,9905.0
C16orf62,up,0.0189102296315,0.069102916,2.9656028,57020.0
HNRNPCL1,up,0.0189207678519,0.069122181,3.498021,343069.0
TMEM60,up,0.0189223033323,0.069122181,3.4574291,85025.0
LY75,up,0.0189291135768,0.06912779,5.5877682,4065.0
CYP20A1,up,0.0189306410377,0.06912779,2.5573137,57404.0
CPN1,up,0.0189366292907,0.069137236,5.2571413,1369.0
NUDT21,up,0.0189573060439,0.06918787,7.0537121,11051.0
FGFBP2,up,0.0189858478922,0.069267162,2.1007226,83888.0
ZNF148,down,0.0189959297399,0.069282678,9.1610073,7707.0
LY6G6F,up,0.018996918404,0.069282678,2.0636073,259215.0
ZMYND8,down,0.0190007193704,0.069284109,4.8646185,23613.0
ATF3,up,0.0190183325011,0.069323459,2.2017773,467.0
LRRC49,up,0.0190728893429,0.069460039,3.5082567,54839.0
NPTXR,up,0.0190903046636,0.069511007,3.0953124,23467.0
ZNF658,down,0.0191033747674,0.069541651,2.9936477,26149.0
LCN12,up,0.0191055635207,0.069541651,6.0488902,286256.0
DLEC1,down,0.0191132123612,0.069557035,30.1344236,9940.0
MEIS1,down,0.0191271936427,0.069560961,2.3367721,4211.0
PCK2,up,0.0191279808781,0.069560961,4.5369812,5106.0
UNC119,down,0.0191455013473,0.069587324,2.0882976,9094.0
CXorf66,down,0.0191747110406,0.069668574,6.3554372,347487.0
OTX1,down,0.0191836019929,0.069674154,4.7299104,5013.0
CREBBP,down,0.0191865307985,0.069674154,6.2977319,1387.0
HEATR4,down,0.0191932372543,0.069686057,6.5422931,399671.0
C6orf62,up,0.0191996434668,0.069691973,3.1526354,81688.0
AQR,up,0.0192109402213,0.069712973,3.9432128,9716.0
RABGAP1L,up,0.0192368868919,0.069782211,2.2260702,9910.0
TAF13,down,0.0192616731578,0.069822277,4.0691711,6884.0
MGST2,up,0.0192927194283,0.069922347,4.31445,4258.0
ATP5A1,up,0.0193030001584,0.069941541,3.0072303,498.0
WDR7,down,0.0193050970443,0.069941541,2.0009957,23335.0
CYP2C19,down,0.0193083389487,0.069941541,3.2388702,1557.0
ZNF254,up,0.0193270451921,0.069996827,4.098347,9534.0
CD93,down,0.0193373921497,0.070021824,2.287996,22918.0
MSANTD2,up,0.019350040997,0.070048308,2.477442,79684.0
ANKRD17,down,0.0193515990184,0.070048308,3.6963649,26057.0
KCNE4,up,0.0193621071908,0.070053974,3.1453951,23704.0
MMRN1,up,0.0193635042841,0.070053974,4.6807607,22915.0
TTLL4,up,0.0193884235866,0.070094221,2.3075146,9654.0
DDA1,up,0.0193998094816,0.070108112,3.0440261,79016.0
LILRB4,up,0.0194056609469,0.070108112,2.5076752,11006.0
FUBP3,down,0.019408526367,0.070108112,4.937516,8939.0
SETD2,down,0.0194095127414,0.070108112,5.4393513,29072.0
ZNF124,down,0.0194329480815,0.0701429,2.7386938,7678.0
LAMP5,up,0.0194820809284,0.0702828,2.2165535,24141.0
S100A13,down,0.0194890956847,0.070295629,2.3063961,6284.0
NISCH,down,0.0195183467475,0.070376157,4.5909748,11188.0
ATXN7L3B,up,0.0195365549829,0.070429315,2.2042981,552889.0
CORO1B,up,0.0195560469529,0.070462091,3.2473685,57175.0
PSMB4,up,0.0195701197367,0.070500298,2.4004674,5692.0
USP16,down,0.0195999572852,0.070582815,4.2477592,10600.0
TRO,down,0.0195999707555,0.070582815,2.2388089,7216.0
FCF1,up,0.0196122625118,0.070606996,2.7999842,51077.0
SIM1,down,0.0196147812704,0.070606996,3.3777135,6492.0
ISM1,down,0.0196206622159,0.070607287,2.682541,140862.0
SSH1,down,0.0196431429097,0.070675674,2.7073156,54434.0
SNRPG,up,0.0196632481573,0.070713979,3.0703228,6637.0
CCL24,down,0.0196642267712,0.070713979,4.3546978,6369.0
CALCA,down,0.0196732351076,0.070724244,3.0393398,796.0
SLC5A8,up,0.0196740406531,0.070724244,2.5929409,160728.0
C6orf223,down,0.0196894536812,0.07076386,5.0616799,221416.0
UTRN,down,0.0196971994451,0.070767394,2.4830892,7402.0
KRTAP2-4,down,0.0197023209558,0.070767394,5.9436721,85294.0
ZNF735,down,0.0197034530508,0.070767394,3.2902803,730291.0
FAM192A,up,0.0197233069096,0.070813675,3.1280061,80011.0
HPS5,down,0.019727945849,0.07081782,4.4277563,11234.0
SIRPB2,down,0.019740845866,0.070832303,2.9694978,284759.0
RELN,up,0.0197410786213,0.070832303,3.2003758,5649.0
ZNF586,down,0.0197466571407,0.070832303,12.9418414,54807.0
BRSK2,down,0.0197474893114,0.070832303,5.278007,9024.0
GABRA5,up,0.0197494051254,0.070832303,2.0361284,2558.0
ADAR,down,0.019753646259,0.070832457,2.5005674,103.0
MAD2L2,down,0.0197564181109,0.070832457,2.0643942,10459.0
CADM3,down,0.0197675173877,0.070847618,5.408125,57863.0
MECR,up,0.0197676182363,0.070847618,3.5316498,51102.0
GABBR1,down,0.0197764029375,0.070860878,3.8379411,2550.0
KCTD15,up,0.0197805189467,0.070860878,3.2588851,79047.0
OSGIN2,up,0.0197875320286,0.070860878,2.5729239,734.0
OASL,up,0.0197887499656,0.070860878,3.2992249,8638.0
SRSF4,down,0.019803633252,0.070888633,3.0774022,6429.0
DDX60L,up,0.0198093281017,0.070888633,2.3699569,91351.0
MTERF,up,0.0198131691367,0.070888633,2.415547,7978.0
COQ5,up,0.019813939777,0.070888633,2.85246,84274.0
TPTE2,down,0.019872581384,0.071073415,7.1759351,93492.0
C20orf27,up,0.0198913939985,0.071128181,6.0851069,54976.0
PCSK6,up,0.0199068734414,0.071162522,4.464993,5046.0
MRPL32,up,0.0199091448858,0.071162522,2.9156717,64983.0
LXN,up,0.0199115013239,0.071162522,2.2278493,56925.0
TSFM,up,0.0199219152768,0.071187224,2.2945931,10102.0
CES4A,down,0.019943134664,0.071237999,3.0662703,283848.0
FKBP6,up,0.0199607412815,0.071275837,5.0058537,8468.0
DNAL4,up,0.0199656538452,0.071280856,4.6408172,10126.0
XPNPEP2,up,0.0200094046277,0.071424508,3.9628881,7512.0
SURF6,down,0.0200213246915,0.071431068,4.663726,6838.0
TMEM37,up,0.020055383348,0.071525823,2.2070092,140738.0
ZNF394,down,0.020069750239,0.071564504,2.0364391,84124.0
RGS9,up,0.0200855195983,0.071600917,3.9917711,8787.0
GRAP2,up,0.0201114980381,0.071675644,2.5352428,9402.0
ZNF431,up,0.020129604403,0.071703876,3.4347153,170959.0
ANKRD13D,down,0.0201300031743,0.071703876,7.3207248,338692.0
CPZ,up,0.0201343375087,0.071706748,2.2446478,8532.0
ATP6V1G3,down,0.0201583749296,0.071760609,4.7428876,127124.0
IRGQ,up,0.0201600529594,0.071760609,3.7739549,126298.0
ZNF174,up,0.0201644908285,0.071763838,6.5034439,7727.0
CAPRIN2,up,0.0201731667858,0.071777085,2.4259236,65981.0
GHDC,up,0.0201894575015,0.071814967,2.6238738,84514.0
MEF2BNB,up,0.0202145647203,0.071864873,3.0981185,729991.0
SCG3,down,0.020217630661,0.071864873,3.1316735,29106.0
MTNR1B,up,0.0202305213101,0.07189812,2.6497931,4544.0
DERL1,up,0.0202344933202,0.071899664,3.6024837,79139.0
RNF5,up,0.0202452620519,0.071925354,4.6917513,6048.0
OGFRL1,up,0.020278866697,0.072006982,3.6569983,79627.0
GCC2,down,0.0202834924278,0.072010827,2.7112259,9648.0
ZNF419,up,0.0202927591653,0.072018283,2.634771,79744.0
UNC79,down,0.0202984730832,0.072018283,5.1004238,57578.0
SCD5,down,0.0202994297398,0.072018283,4.5903267,79966.0
ANKLE2,up,0.0202997659685,0.072018283,2.5070939,23141.0
ATP2A3,up,0.0203090412059,0.072035039,2.2319611,489.0
SOX21,up,0.0203196707856,0.07205117,52.0067159,11166.0
UQCC,up,0.0203598147836,0.072168335,2.6913261,55245.0
LCE1D,down,0.0203637901596,0.07216984,8.5937233,353134.0
MRPS35,up,0.0203796269749,0.072212756,2.8511495,60488.0
SNAPC5,up,0.0203830052776,0.072212756,2.6452167,10302.0
R3HCC1L,up,0.0203984450141,0.072254861,2.00912,27291.0
PLRG1,up,0.02042205278,0.072313279,4.0395278,5356.0
FAM101A,up,0.0204352912081,0.072347552,3.3497691,144347.0
DUSP19,up,0.0204399270847,0.072351362,2.0335515,142679.0
KIFAP3,down,0.0204617535541,0.072401524,5.7911261,22920.0
SMC4,down,0.020463293198,0.072401524,2.348352,10051.0
SETDB2,up,0.0204965479049,0.072488661,4.184758,83852.0
PAM16,up,0.020525821365,0.072561907,4.2799143,51025.0
ABRACL,up,0.0205295504716,0.072561907,5.4422617,58527.0
C16orf91,down,0.0205362835769,0.072561907,5.7431688,283951.0
RILPL2,down,0.0205423180334,0.072561907,2.3143069,196383.0
CDC25B,down,0.0205466609823,0.072561907,5.1501467,994.0
TMCC3,down,0.0205470869169,0.072561907,5.6334324,57458.0
KRT73,up,0.0205509350661,0.072561907,2.9247,319101.0
TRPS1,down,0.0205529594616,0.072561907,5.065397,7227.0
SCN3B,down,0.0205624442347,0.072570674,2.8308082,55800.0
VAV3,up,0.0205652560444,0.072570674,6.4677954,10451.0
CACTIN,down,0.020567577202,0.072570674,4.8953237,58509.0
NEIL3,up,0.0205760111181,0.072580254,5.0986252,55247.0
ZNF404,up,0.0206018340288,0.072633526,3.8987252,342908.0
SAP30L,up,0.0206243206018,0.072685434,2.5528772,79685.0
UBL3,up,0.0206509633828,0.072748471,3.7556392,5412.0
PTGES3L-AARSD1,up,0.020686035575,0.072841939,3.0211087,100885850.0
IGFBP2,up,0.0206956122876,0.072863038,3.6047854,3485.0
MXD4,down,0.020704830342,0.072882867,2.4431701,10608.0
FAM108C1,up,0.0207315705502,0.072921134,7.9934895,58489.0
ASIC2,down,0.0207471732432,0.072956107,8.9990298,40.0
SASS6,down,0.0207758219715,0.073031578,3.0472114,163786.0
CHMP4A,down,0.0207811336491,0.073037617,2.7669668,29082.0
IPP,up,0.0207912920753,0.073060687,3.0583213,3652.0
RPL13A,up,0.0207965474817,0.073066208,3.3030706,23521.0
NOSTRIN,down,0.0208000532121,0.073066208,2.6075186,115677.0
C1orf122,down,0.0208089133794,0.073082999,2.5970902,127687.0
DYX1C1,up,0.0208192713974,0.073094258,3.0928084,161582.0
ING2,down,0.0208318047853,0.07310348,2.4000337,3622.0
DENND1A,down,0.0208322438333,0.07310348,3.4790617,57706.0
C12orf75,down,0.0208657838092,0.073138,3.7338418,387882.0
CCL5,down,0.0208678635062,0.073138,4.254899,6352.0
LIMK2,up,0.0208689361897,0.073138,2.0710238,3985.0
RAPGEF4,down,0.0208698352593,0.073138,2.6669264,11069.0
PARP8,up,0.0208708683465,0.073138,2.8118026,79668.0
BRI3BP,down,0.0208770461247,0.073147037,2.742965,140707.0
C22orf43,up,0.0208857212344,0.07316482,2.7964716,51233.0
ATAD1,up,0.0208983237959,0.073196352,4.586751,84896.0
PPP1R8,up,0.0209116378606,0.07321775,4.1360731,5511.0
SMOX,up,0.0209272468565,0.073247166,2.9278535,54498.0
TSPAN2,up,0.0209590556824,0.073321115,3.5787596,10100.0
NDUFAF3,up,0.0209799524702,0.073354493,2.2702381,25915.0
HOMEZ,up,0.0209831745681,0.073354493,2.0214922,57594.0
C8orf48,up,0.0210126600625,0.073427884,4.3856485,157773.0
METAP1D,up,0.0210130523753,0.073427884,2.8492246,254042.0
LSM4,up,0.0210150062953,0.073427884,2.8745462,25804.0
LYPD1,up,0.0210456625797,0.07349815,2.4044296,116372.0
BBS10,up,0.0210488972342,0.07349815,5.0357272,79738.0
CCBL1,down,0.0210513790129,0.07349815,2.4107413,883.0
ZFP90,down,0.0210527483263,0.07349815,3.4360009,146198.0
MRC1,down,0.0210606960551,0.073504361,4.0184264,4360.0
SSPN,down,0.0210658094149,0.073504361,5.2816368,8082.0
CLPSL2,down,0.0210658255356,0.073504361,3.4435573,389383.0
GBAS,up,0.0210713929096,0.073511167,2.3369121,2631.0
ANKRD49,up,0.0210930046454,0.073561311,3.6932454,54851.0
ERBB4,up,0.0210999472229,0.073572899,2.5332458,2066.0
PIH1D1,up,0.021112786537,0.073605041,4.6422328,55011.0
TCTN1,up,0.0211208255926,0.073620439,2.1941097,79600.0
SH2D7,up,0.0211280811107,0.073633102,2.097485,646892.0
CDK11A,down,0.0211332759876,0.07363858,4.8321213,728642.0
ULK4,up,0.0211473915658,0.073675134,2.2304245,54986.0
NAA20,down,0.0211525971239,0.07368064,10.5315392,51126.0
SIGLEC14,down,0.0211875251107,0.07374853,4.1048103,100049587.0
C11orf31,up,0.0211898495929,0.07374853,4.2697275,280636.0
HOXC12,up,0.021190229671,0.07374853,2.2216047,3228.0
PFKFB2,down,0.0212090360009,0.073788712,2.921056,5208.0
MAG,up,0.0212580017811,0.073934619,2.5542456,4099.0
NACAD,up,0.0212582491303,0.073934619,2.5132148,23148.0
CLDN23,down,0.0212714282288,0.073950503,3.7558253,137075.0
CERS4,up,0.0212722329209,0.073950503,3.1186959,79603.0
ZC3H7A,up,0.0212737314777,0.073950503,2.8521978,29066.0
EIF5B,down,0.021286961447,0.07397119,3.2892812,9669.0
SPATA25,up,0.0212994887385,0.073995713,2.7560021,128497.0
DERA,up,0.0213012996415,0.073995713,3.2326504,51071.0
MARCKS,down,0.0213121098971,0.074000808,5.492181,4082.0
AIDA,down,0.0213136891288,0.074000808,3.7438151,64853.0
NOL10,up,0.0213228233083,0.074018449,3.0585523,79954.0
YPEL3,up,0.0213260534786,0.074018449,2.0677236,83719.0
MAPT,down,0.0213372196439,0.074035717,3.9479716,4137.0
CD207,up,0.0213500656031,0.07405089,3.3988654,50489.0
ZNF236,up,0.0213513471244,0.07405089,2.0333462,7776.0
SMC6,up,0.0213725933711,0.074091414,2.2942122,79677.0
CASP4,up,0.0213980368455,0.074166968,4.9976817,837.0
GID8,up,0.0214193963012,0.074225547,7.1343042,54994.0
ART3,up,0.0214222413851,0.074225547,2.5767993,419.0
PLK1S1,up,0.0214328031223,0.074249484,3.0501189,55857.0
KCNA4,up,0.0214469295845,0.074285761,2.3318422,3739.0
SCML1,down,0.0214590785201,0.074315177,2.9516091,6322.0
YTHDC1,up,0.0214698370771,0.074325479,2.6598307,91746.0
U2AF2,up,0.0214750403425,0.074325479,2.0206829,11338.0
KCND3,down,0.0214895574628,0.074357381,8.0017149,3752.0
LOC81691,up,0.0214945981297,0.074362163,3.7462489,81691.0
AKAP12,down,0.0215267433868,0.074437842,6.2338961,9590.0
STARD7,up,0.0216429037574,0.07471578,3.3272146,56910.0
CEACAM16,down,0.0216441250377,0.07471578,8.4383871,388551.0
STYXL1,up,0.0216450212106,0.07471578,3.7777087,51657.0
COL11A2,down,0.0216458484606,0.07471578,2.2746173,1302.0
SNX14,up,0.0216482768626,0.07471578,9.0663098,57231.0
DLL3,down,0.0216657197915,0.074750595,96.0397139,10683.0
FAM115C,up,0.0216790334213,0.074783835,6.2851983,285966.0
CYSLTR2,up,0.0217070727271,0.07485515,2.0079974,57105.0
KDM2A,down,0.0217117445087,0.074858559,8.9791841,22992.0
HNF4A,down,0.0217259578717,0.07489486,3.8556423,3172.0
ASAH1,up,0.0217373178412,0.074921313,2.2515419,427.0
PEX7,up,0.0217482925857,0.07494643,3.9635587,5191.0
MT1G,up,0.0217578148244,0.074953828,12.9464651,4495.0
BCAR1,down,0.0217623068893,0.074956598,3.4671373,9564.0
C20orf151,down,0.0217901209254,0.075034772,3.964579,140893.0
METTL21B,up,0.0218036843389,0.075048245,2.3078844,25895.0
ITGB4,up,0.0218715623929,0.075253516,2.0532752,3691.0
PKIA,up,0.0218735944768,0.075253516,4.194785,5569.0
ZNF490,down,0.0218781317546,0.075253516,3.8560136,57474.0
TRAM1,up,0.0219223863798,0.075378732,2.369583,23471.0
MTHFSD,down,0.0219301854217,0.075378732,2.7283747,64779.0
IFNAR1,down,0.021935018078,0.075378732,2.1692415,3454.0
PRELP,down,0.0219532502151,0.075409804,2.3196936,5549.0
ST3GAL1,down,0.021964588777,0.075425208,5.2443879,6482.0
C4orf26,down,0.0219984305074,0.075498469,12.2780207,152816.0
NIPA2,up,0.0220103613709,0.075516643,2.8185319,81614.0
TRAT1,down,0.0220161065032,0.075523606,3.3823912,50852.0
REPS1,up,0.0220471629045,0.075617379,3.9268382,85021.0
NEO1,down,0.0220747673337,0.075665251,3.5165984,4756.0
SPIN1,down,0.0220760117601,0.075665251,2.2294265,10927.0
CR1,down,0.0221098318979,0.075681504,5.9792658,1378.0
VEZF1,down,0.0221104067086,0.075681504,3.6379032,7716.0
RUNX2,up,0.0221117328891,0.075681504,2.2031117,860.0
AIFM1,down,0.0221139244529,0.075681504,4.2106336,9131.0
VEGFA,up,0.0221166345976,0.075681504,2.336778,7422.0
NTM,down,0.0221171487505,0.075681504,10.3104238,50863.0
SNAI2,up,0.0221179892812,0.075681504,4.6036483,6591.0
H2AFY2,up,0.0221468145107,0.07576738,2.6622001,55506.0
HOXB2,up,0.0221569778641,0.075789393,4.7874323,3212.0
SOCS6,up,0.0221624854459,0.075791209,3.5017509,9306.0
TCEB1,up,0.0221713470546,0.075793438,2.0898919,6921.0
UXS1,up,0.0221730765448,0.075793438,2.1170377,80146.0
STYX,up,0.0221819470777,0.075805639,2.9348643,6815.0
UBE3D,up,0.0222212152348,0.075846082,3.5422673,90025.0
TWIST1,up,0.0222311010899,0.075846082,2.4345946,7291.0
NFKB1,down,0.0222328742316,0.075846082,2.0345206,4790.0
RPS6KC1,down,0.022233046232,0.075846082,2.5450852,26750.0
TMEM139,down,0.0222334254766,0.075846082,2.1869604,135932.0
HDAC11,down,0.0222422101802,0.075846082,4.7969439,79885.0
AKR1C4,up,0.0222481840665,0.075846082,5.9925508,1109.0
OLFML1,up,0.0222653215556,0.07589028,2.4120277,283298.0
ABCA9,up,0.0222686165484,0.07589028,2.7945253,10350.0
ADM,up,0.0222757570133,0.075901888,5.0464342,133.0
COQ2,up,0.0223129831969,0.076003248,3.6824587,27235.0
FAM26F,up,0.0223222791022,0.076022172,2.7447471,441168.0
FMOD,down,0.0223359503767,0.076055988,5.3620382,2331.0
CPT1B,down,0.0223681090621,0.076086029,6.9124883,1375.0
SPRR4,down,0.0223706289512,0.076086029,9.8359652,163778.0
ALDH3A2,up,0.0223709770996,0.076086029,8.3467545,224.0
CC2D2B,up,0.0223849763889,0.076118173,3.4727675,387707.0
SYNE3,up,0.022387918273,0.076118173,3.0137138,161176.0
LPL,down,0.0224142663628,0.07619501,3.4921362,4023.0
OPCML,down,0.0224344935244,0.076251017,5.3566369,4978.0
ARMC1,up,0.0224654377246,0.076330662,2.3256914,55156.0
EPHB2,down,0.0224782348468,0.07633586,2.9706875,2048.0
FGFR3,down,0.0224924079131,0.076358475,3.4771539,2261.0
EIF3E,up,0.0225033114946,0.076382733,3.6656695,3646.0
CSNK1G3,up,0.0225126612106,0.07639792,4.0845166,1456.0
CTBP2,up,0.0225248125701,0.076406748,2.2050444,1488.0
ISG20,down,0.0225279412377,0.076406748,3.2991639,3669.0
CCDC64B,down,0.0225317604555,0.076406748,2.1116608,146439.0
RWDD2B,up,0.0225329419323,0.076406748,2.1533378,10069.0
FOXK2,up,0.0225636080298,0.076485212,2.0872109,3607.0
FGFR1OP2,up,0.0226118683766,0.076598677,3.8323716,26127.0
LYZ,up,0.0226262912449,0.076633789,20.0242773,4069.0
AMTN,down,0.0226493506615,0.076660791,2.1727164,401138.0
GSR,down,0.0226640817741,0.076662883,2.6597426,2936.0
SEMG2,down,0.0226650559382,0.076662883,3.2506334,6407.0
MAPK3,up,0.0226950881203,0.076751692,2.2400994,5595.0
VWC2L,up,0.0227043831675,0.076770352,2.3025873,402117.0
SAA2,down,0.022709681428,0.076775495,6.0327217,6289.0
LACTB2,down,0.0227207738509,0.076800221,3.2100636,51110.0
PKD1L1,down,0.0227422825863,0.076850217,7.2046033,168507.0
EPS15,down,0.0227432568026,0.076850217,2.3091406,2060.0
PPP1R26,up,0.0227469080338,0.076850217,2.6281991,9858.0
DEFB1,up,0.0227614394621,0.076872863,16.0327893,1672.0
SOD3,up,0.0227649574871,0.076872863,2.6246457,6649.0
CMTM1,down,0.0227734691893,0.076888831,8.0719977,113540.0
IGJ,up,0.0227833942207,0.076905916,20.1402339,3512.0
DIAPH2,down,0.0228096043455,0.076946923,3.4030487,1730.0
NRBP1,up,0.0228171071778,0.07695946,2.2892108,29959.0
C11orf75,down,0.0228218042649,0.076962531,6.9485839,56935.0
PHAX,up,0.022860895226,0.077064692,3.3684935,51808.0
ZNF383,down,0.02286895533,0.077070389,2.2195568,163087.0
CDH22,up,0.0228819645731,0.077088667,3.3377606,64405.0
ANGEL1,down,0.0228924969391,0.077111369,15.2840919,23357.0
ANAPC5,up,0.0229072947806,0.077126255,2.4404772,51433.0
SSX7,down,0.0229083001321,0.077126255,3.1678898,280658.0
ATXN7L1,up,0.0229210786592,0.077156496,5.3482416,222255.0
VGLL4,down,0.0229340214274,0.077170286,6.9761487,9686.0
SCGB3A2,up,0.0229365656578,0.077170286,2.4268433,117156.0
BCAN,up,0.0229427224708,0.077178225,3.2184634,63827.0
GCOM1,up,0.0229753622699,0.077241428,2.1213379,145781.0
BCL2A1,down,0.0229763148346,0.077241428,2.0688538,597.0
MPO,down,0.0229767119691,0.077241428,7.7462575,4353.0
CHST14,up,0.0229912052561,0.077273883,3.4933365,113189.0
SRPRB,up,0.0229939701481,0.077273883,2.9542158,58477.0
TMC7,up,0.0230048763199,0.077297754,2.1211709,79905.0
ELOVL4,up,0.0230177694775,0.077328292,9.7832009,6785.0
RNF165,up,0.0230390573196,0.07737423,2.1644543,494470.0
SLC6A1,up,0.0230609596558,0.077422201,3.4193464,6529.0
MDGA2,down,0.0230668182985,0.07742908,4.8755989,161357.0
TMEM187,up,0.0231308464341,0.077609329,4.7771609,8269.0
SLC6A13,up,0.0231319710822,0.077609329,3.4789312,6540.0
THAP10,down,0.0231380914091,0.07761705,27.2920659,56906.0
BTAF1,down,0.0231559767058,0.077651415,9.3446174,9044.0
CEBPZ,up,0.0231653099143,0.077657088,3.3037448,10153.0
C6orf120,down,0.0231905506459,0.077697688,3.9894541,387263.0
DMBT1,down,0.023195424236,0.077697688,6.9071392,1755.0
COG7,up,0.0231965348559,0.077697688,3.0790536,91949.0
TECPR1,down,0.0232307758445,0.077786741,3.4365056,25851.0
FAM111A,down,0.0232450777322,0.077809527,4.779068,63901.0
GALNT5,down,0.0232452374,0.077809527,2.4756216,11227.0
TUBGCP4,up,0.023250277151,0.077813582,4.9504449,27229.0
ZSCAN21,down,0.0232755513128,0.077859707,3.8402845,7589.0
NIT1,up,0.0232930090267,0.077905284,3.6572832,4817.0
ANO2,down,0.0233071044881,0.077913964,2.2139838,57101.0
FAM129C,up,0.0233164594875,0.077932419,3.3428128,199786.0
MRPS33,up,0.0233422041643,0.07800564,2.886849,51650.0
EHD1,down,0.0233478114865,0.078011552,4.4055826,10938.0
STPG1,up,0.0233627964025,0.078037844,4.3563844,90529.0
SCGB1C1,down,0.0233658685878,0.078037844,4.7121623,147199.0
USP28,up,0.023367198889,0.078037844,4.7564629,57646.0
MYNN,up,0.0234016619227,0.078127335,2.1767801,55892.0
C19orf12,down,0.0234107792625,0.078144866,2.129559,83636.0
PTAFR,down,0.0234148800515,0.07814572,8.9464558,5724.0
IPO4,up,0.0234234481879,0.078161482,2.1796697,79711.0
IDE,up,0.0234321955215,0.0781724,4.1382936,3416.0
SLC30A7,down,0.0234651528249,0.078249259,3.9346875,148867.0
C1QL1,up,0.0234746410541,0.0782514,3.3562517,10882.0
PIK3CA,up,0.0234770099505,0.0782514,4.4916747,5290.0
ALPL,down,0.0234776307885,0.0782514,6.3816655,249.0
DENND1C,up,0.0234811951487,0.0782514,2.5064652,79958.0
GALNT14,down,0.0235126672834,0.078343436,9.3085425,79623.0
UBR5,down,0.023521009499,0.078358387,2.9546294,51366.0
TMUB1,down,0.0235450144493,0.078425503,2.9488819,83590.0
RNASEL,up,0.0235654998177,0.078480876,2.440266,6041.0
HFM1,up,0.0235741920938,0.078496962,2.6692875,164045.0
TBC1D3G,up,0.023585128904,0.078520515,5.3607733,654341.0
EXOC4,down,0.0236129265411,0.078599264,4.7670655,60412.0
MTFR1,up,0.0236170771723,0.078599264,4.8832824,9650.0
C21orf58,up,0.023620383939,0.078599264,3.1933809,54058.0
TLR6,up,0.0236395245699,0.078624339,2.438109,10333.0
CLIP2,down,0.0236454848733,0.078629753,2.0398881,7461.0
AFAP1L1,down,0.0236520113995,0.078629753,5.7654498,134265.0
FOPNL,up,0.0236540640764,0.078629753,7.0765033,123811.0
SLC16A11,up,0.0236566268626,0.078629753,5.5823637,162515.0
CARNS1,down,0.0236679422603,0.078654501,4.5719264,57571.0
DHX33,down,0.0236771520359,0.078672244,2.3830282,56919.0
ARID2,down,0.0236879664778,0.078674128,2.5320574,196528.0
ABCG1,up,0.0237368969505,0.078788286,3.4652773,9619.0
DUS1L,up,0.0237392110229,0.078788286,3.0674232,64118.0
NOB1,up,0.023802499596,0.078972544,2.3814085,28987.0
DNMT3A,down,0.0238412595455,0.079075326,2.7403394,1788.0
PAH,up,0.0238640314752,0.079123139,2.5019563,5053.0
LRRTM4,down,0.0238645721116,0.079123139,6.1660942,80059.0
PHTF1,up,0.0238673536585,0.079123139,3.3952042,10745.0
IMMT,up,0.0238894876011,0.079161044,2.7407305,10989.0
PPP2R5A,up,0.0238904721554,0.079161044,5.5431666,5525.0
EDEM1,down,0.0239021638125,0.079186875,3.6036236,9695.0
HARS2,up,0.0239093990116,0.079197936,3.4922195,23438.0
ABCF1,down,0.0239145402985,0.079202058,9.4709294,23.0
FAM168B,down,0.0239185593374,0.079202463,2.2412299,130074.0
SLC19A3,down,0.0239290062434,0.079224149,3.0433046,80704.0
BRD9,up,0.0239545512425,0.079295807,2.6193404,65980.0
PDCD7,down,0.0240086900793,0.079421108,6.9464583,10081.0
GMPPB,down,0.0240132293395,0.079421108,2.8626762,29925.0
NAF1,up,0.024015304915,0.079421108,3.0173973,92345.0
JOSD2,up,0.0240157432374,0.079421108,2.2385468,126119.0
RASGEF1C,down,0.0240232865147,0.07943278,2.0513815,255426.0
MAN1B1,up,0.0240320184143,0.079433154,2.3614509,11253.0
SHC1,down,0.0240351240417,0.079433154,22.3140157,6464.0
TMEM116,up,0.0240643595637,0.079516844,2.3222372,89894.0
SRP72,down,0.024087692434,0.079568072,11.9675561,6731.0
FOXD1,up,0.024103270798,0.079606594,3.0644553,2297.0
COMMD3,up,0.0241257187367,0.079660643,2.4466872,23412.0
TTC33,up,0.0241274744815,0.079660643,2.5761914,23548.0
FAM75A5,down,0.0241342986523,0.079670232,7.7651594,727905.0
DSCAML1,up,0.0241419051974,0.079682401,2.2355949,57453.0
SLC16A8,down,0.0241724950826,0.079763315,3.2389785,23539.0
SRSF9,up,0.0241742690764,0.079763315,2.4391523,8683.0
SPAST,down,0.0241795245169,0.079767706,2.2097095,6683.0
IRX4,down,0.0241851852929,0.079773433,4.541902,50805.0
C2orf40,up,0.0241894254386,0.079774472,2.3458666,84417.0
WDR76,down,0.0241979528254,0.07977945,2.0531718,79968.0
RERE,down,0.0242027102762,0.07977945,2.8274362,473.0
COX4I2,up,0.0242364130818,0.079838423,3.1937081,84701.0
SIAE,up,0.0242461225176,0.079838423,2.9548258,54414.0
CNOT1,up,0.0242475904426,0.079838423,7.763453,23019.0
KCNV1,up,0.0242545344985,0.079838423,2.2008217,27012.0
C18orf56,down,0.0242567340236,0.079838423,4.0022155,494514.0
CISH,down,0.0242598819876,0.079838423,2.2138887,1154.0
GSTM2,up,0.0242726872243,0.07984785,2.4329738,2946.0
DNASE1L1,up,0.0243245331811,0.079999375,2.7070965,1774.0
HIF1A,up,0.0243298186661,0.080003812,2.976025,3091.0
UPF3B,down,0.0243600212645,0.080064268,7.563542,65109.0
DTNA,up,0.0243919147383,0.080151095,2.2266003,1837.0
CCR4,down,0.0243943258582,0.080151095,8.8381993,1233.0
GK,up,0.024406907814,0.08016518,3.8103341,2710.0
RPH3AL,up,0.0244071482378,0.08016518,2.0190461,9501.0
SPRY2,up,0.024410445182,0.08016518,3.3002424,10253.0
SLC6A3,up,0.0244244934183,0.080185403,2.8690496,6531.0
BET3L,down,0.0244298148918,0.08018992,5.0671055,100128327.0
PSTPIP2,down,0.0244455725001,0.080228687,10.6880459,9050.0
HMGCS1,up,0.0244979987086,0.080352993,4.2401664,3157.0
NFATC2IP,down,0.024503215372,0.080352993,5.3192695,84901.0
MAGEA3,up,0.0245185865631,0.080390429,2.001044,4102.0
PCDH19,down,0.0245298085942,0.080414252,2.5649623,57526.0
SHC2,up,0.0245347139431,0.080417362,3.2658672,25759.0
TOP3B,down,0.0245400969131,0.080422036,7.1910551,8940.0
PPAP2B,down,0.0245701387244,0.080507508,5.977267,8613.0
ABCF2,up,0.0245801006435,0.080520482,2.3428086,10061.0
DPH5,up,0.024587125538,0.080520482,2.3556754,51611.0
MAPK11,up,0.02458939706,0.080520482,2.601475,5600.0
MED19,down,0.024593701871,0.080520482,4.8514502,219541.0
MT1H,up,0.0245939067456,0.080520482,2.4048752,4496.0
NOL9,up,0.0246181529605,0.080586883,2.4397831,79707.0
RARRES1,down,0.0246423134098,0.080650247,2.7586331,5918.0
DTD1,down,0.0247128717902,0.080799087,2.21212,92675.0
ZNF260,up,0.0247147809045,0.080799087,3.6441028,339324.0
ANKRD28,down,0.0247266628342,0.080811935,2.514742,23243.0
TIRAP,up,0.0247309848195,0.080813065,3.0833328,114609.0
XAGE2,down,0.0247915056445,0.080941881,8.4826563,9502.0
ANKRD20A3,down,0.02479716752,0.080941881,7.1695861,441425.0
HECTD1,down,0.0248030024568,0.080941881,2.7511508,25831.0
ATP2B2,down,0.0248062474583,0.080941881,6.0704943,491.0
WDR75,up,0.0248160107591,0.080960741,3.1791162,84128.0
RIMS3,down,0.0248212484369,0.080964833,5.3654611,9783.0
SPTLC1,up,0.0248818347214,0.081121429,2.2994224,10558.0
RAB3GAP2,up,0.024885220762,0.081121429,2.9130098,25782.0
ATG4D,up,0.0248900253662,0.08112408,4.1302604,84971.0
COX6A1,up,0.0249025024984,0.081151734,9.369147,1337.0
BCLAF1,down,0.0249343622695,0.08122951,3.476439,9774.0
NPVF,down,0.0249421560031,0.081241878,2.981231,64111.0
CERS6,up,0.0249624590061,0.081281958,2.1901847,253782.0
CPE,up,0.0250018896703,0.08137489,2.5239506,1363.0
NFE2L2,up,0.0250033880875,0.08137489,4.0363128,4780.0
C12orf5,up,0.0250070140703,0.08137489,4.9211705,57103.0
POLB,up,0.0250293817176,0.081395549,2.0787487,5423.0
RGPD6,up,0.0250342031446,0.081398205,2.7135772,729540.0
PHEX,up,0.0250527813403,0.081445582,2.3874641,5251.0
LYNX1,down,0.0250574370183,0.08144769,8.3922307,66004.0
DGKI,down,0.0250707205365,0.081477837,2.7374326,9162.0
KLHL28,down,0.0251032973924,0.081570667,3.8749206,54813.0
XCR1,down,0.0251158011739,0.081598251,2.6562439,2829.0
ZNF292,down,0.0251279761198,0.081624759,3.025212,23036.0
GPR183,down,0.0251761312637,0.081741992,5.9314963,1880.0
PLCXD2,up,0.0251831154226,0.081751609,6.8604156,257068.0
LRPPRC,up,0.0252517676162,0.08191929,2.4924225,10128.0
NCR1,down,0.0252549211309,0.08191929,3.4261108,9437.0
ZNF385A,down,0.0252798284227,0.081975994,2.4796187,25946.0
IQCB1,up,0.0252823979749,0.081975994,2.0315126,9657.0
RIMBP3B,down,0.0252887301384,0.081976625,2.7352736,440804.0
ZMYM1,up,0.0252983672634,0.081981715,5.4367211,79830.0
TESPA1,down,0.0253121069897,0.082012181,2.6373386,9840.0
TBK1,up,0.0253279417113,0.082029666,2.3210158,29110.0
KCNJ6,down,0.0253293079507,0.082029666,5.2061011,3763.0
MED7,up,0.0253388023903,0.082047341,5.6779513,9443.0
WDR66,up,0.0253457590792,0.082056794,5.0757654,144406.0
TRIQK,up,0.0254068981628,0.082224163,2.8569878,286144.0
MON1B,up,0.025409592578,0.082224163,4.8039523,22879.0
TPRA1,up,0.0254180826266,0.082238543,2.1912478,131601.0
BCAT2,up,0.0254292505433,0.082261582,4.266272,587.0
GATS,up,0.0254334089335,0.082261941,2.6739145,352954.0
RFXAP,down,0.0254392085344,0.082267608,2.1391149,5994.0
RNF180,up,0.0254566732048,0.08231099,2.0914977,285671.0
C10orf11,down,0.0254715798431,0.082346089,5.5359455,83938.0
RAB14,down,0.0255035897083,0.082434524,4.1108778,51552.0
SYT10,down,0.0255151581809,0.082434524,5.2012605,341359.0
TSPO,up,0.0255244598885,0.082441336,2.8481022,706.0
CYB561D2,up,0.0255294351451,0.082441336,3.4344012,11068.0
MMP7,down,0.0255408408681,0.082459785,11.4414202,4316.0
FDCSP,up,0.0255446885097,0.082459785,3.13717,260436.0
ARHGAP25,up,0.0255657313911,0.082506112,2.0409266,9938.0
KCNV2,down,0.0255713808412,0.082511242,3.3974879,169522.0
FAM103A1,up,0.0255934435734,0.08255622,3.8992774,83640.0
ALDH5A1,up,0.0256010405444,0.082560963,4.0288469,7915.0
C7orf73,up,0.0256030381639,0.082560963,6.3500686,647087.0
SSBP2,down,0.0256332726922,0.082645347,3.7831256,23635.0
VPS18,down,0.0256704877622,0.082725965,8.6191137,57617.0
CDC42BPG,down,0.0257014061061,0.082786225,4.6177856,55561.0
LRRN3,down,0.0257109361848,0.082793983,7.0683545,54674.0
NADK,up,0.0257119617153,0.082793983,2.0900858,65220.0
RAP1GAP,down,0.0257249862595,0.082822801,5.5985596,5909.0
DSG4,down,0.0257812443421,0.082964501,4.7789381,147409.0
RHOV,up,0.0258168029547,0.083065778,8.9352036,171177.0
TCL1A,down,0.0258326332362,0.08309716,6.8742758,8115.0
ASXL1,down,0.0258347333713,0.08309716,4.7722887,171023.0
NDUFB3,up,0.0258438836201,0.083104103,3.6904379,4709.0
HMGB2,up,0.0258450694543,0.083104103,3.9966591,3148.0
TSPAN32,up,0.0258493995277,0.083104879,2.118353,10077.0
C2orf68,down,0.0258955167262,0.083198821,5.7818103,388969.0
ELOVL5,up,0.0258990868045,0.083198821,4.8508196,60481.0
NMNAT3,up,0.0259426425871,0.083299243,2.1115547,349565.0
CLVS1,up,0.025956799428,0.083311703,4.4861674,157807.0
SEPT7,up,0.0259621170216,0.083311703,2.9494142,989.0
PLD4,up,0.0259629189768,0.083311703,2.3272931,122618.0
TUBA4A,up,0.0259752120081,0.083323423,3.1951392,7277.0
NEDD9,down,0.0260203472535,0.083443288,3.0351438,4739.0
PSD,up,0.0260370507039,0.083470513,3.0567735,5662.0
BZW1,up,0.0260488860922,0.083482121,2.6631205,9689.0
GPR89C,up,0.0260562499857,0.083492556,2.0939886,728932.0
TRPV2,up,0.0260813900729,0.083527156,3.042381,51393.0
C21orf91,up,0.0260834862233,0.083527156,3.1171651,54149.0
HOXB6,down,0.0260880340692,0.083528559,19.8616549,3216.0
LIMCH1,down,0.0261027183532,0.083562411,3.1267594,22998.0
TMOD4,up,0.0261340930821,0.083636505,3.5663337,29765.0
LMO4,up,0.0261408726652,0.083645031,4.9709444,8543.0
HHATL,down,0.026155077147,0.083671495,2.938026,57467.0
MORC4,up,0.0261573765165,0.083671495,2.9548877,79710.0
PACS1,down,0.0261762283284,0.083710813,11.1840042,55690.0
TMEM125,down,0.0261956041252,0.083731789,2.8189862,128218.0
BLM,down,0.0262009435564,0.083731789,2.8677283,641.0
AKIRIN1,up,0.0262291905029,0.083773392,2.0192205,79647.0
LILRA3,up,0.0262299296887,0.083773392,5.6942643,11026.0
PKP2,up,0.0262345702822,0.083773392,3.6593367,5318.0
GATA1,up,0.0262733172412,0.083883942,4.4154345,2623.0
CBX3,down,0.0262891630616,0.083921351,4.1158759,11335.0
C1GALT1,up,0.0263495452329,0.084080437,3.2306689,56913.0
TCP11L1,up,0.0263514087791,0.084080437,2.4508367,55346.0
ATL3,up,0.0263666187677,0.084102562,3.1799797,25923.0
ZNF138,up,0.0263816165188,0.084123997,2.654156,7697.0
ZBTB3,up,0.0264027490038,0.084172314,3.9236783,79842.0
TNS1,down,0.0264076637758,0.084172314,2.2896057,7145.0
PDF,up,0.0264091929497,0.084172314,2.2106432,64146.0
SNRPF,up,0.026421806637,0.084199313,2.3776505,6636.0
LGR6,down,0.0264640094028,0.084300712,2.9707092,59352.0
DCAF4,up,0.026466092787,0.084300712,3.4879092,26094.0
KCNQ4,up,0.0264789366845,0.084306751,3.1528685,9132.0
SIX3,down,0.026480408275,0.084306751,2.5053336,6496.0
RGS4,up,0.0265077368698,0.084362171,2.9362429,5999.0
TSPY4,down,0.0265102675599,0.084362171,3.0273084,728395.0
ASCC1,up,0.0265228337005,0.08437582,5.3531504,51008.0
INCA1,down,0.0265228593471,0.08437582,3.3354211,388324.0
GRK4,up,0.0265324719416,0.084393191,2.2289995,2868.0
SERPINB11,up,0.0265509666984,0.084438804,7.0101715,89778.0
PTTG2,up,0.0265719311117,0.084452628,2.9893082,10744.0
SLC25A1,up,0.0265808714524,0.084467826,4.7236881,6576.0
C16orf59,up,0.0265962074843,0.084491484,3.1916025,80178.0
ATP6V0D1,up,0.0265991425661,0.084491484,3.102506,9114.0
TEAD2,up,0.026600787414,0.084491484,2.9281031,8463.0
LCE1C,down,0.026626426455,0.084527641,2.2794078,353133.0
SLN,up,0.0266686650811,0.084603219,2.9394753,6588.0
AJUBA,up,0.0266747916901,0.084603219,5.775935,84962.0
YBEY,up,0.0266768857055,0.084603219,2.6569505,54059.0
AQP12A,up,0.0266831798065,0.084603219,2.604786,375318.0
F11,down,0.0266845058628,0.084603219,4.9654691,2160.0
PIAS4,down,0.0267024111388,0.084642312,2.665864,51588.0
GUF1,up,0.0267386387562,0.084743932,4.8462001,60558.0
COPS5,up,0.0267741741035,0.084816878,3.5624658,10987.0
YME1L1,up,0.0267811732483,0.084825829,3.2085488,10730.0
DDX46,down,0.0267967011682,0.084861787,10.8435131,9879.0
UBA6,up,0.0268142219659,0.08489082,3.5005472,55236.0
NEDD4L,down,0.0268413924563,0.084950374,3.173325,23327.0
TMEM26,up,0.0268596706638,0.084994988,3.6657781,219623.0
MAP4K5,down,0.0268767557841,0.085025043,2.3692385,11183.0
TMEM151B,down,0.0268842534287,0.085033061,8.733682,441151.0
SH2D2A,down,0.0268943671287,0.085038583,3.4016163,9047.0
INA,up,0.0269200639111,0.085093359,4.896248,9118.0
CNOT6,down,0.0269302715246,0.085111303,2.8749584,57472.0
ZNF783,down,0.026934601648,0.085111303,5.1869897,100289678.0
CPNE2,down,0.0269482097095,0.085129369,2.8278965,221184.0
SERAC1,up,0.0269553464385,0.085138682,2.4846596,84947.0
LILRA2,down,0.0269934046923,0.085245642,5.4533467,11027.0
HOXA1,down,0.0270078342172,0.085264714,2.1126004,3198.0
CLHC1,up,0.0270188304764,0.085276858,2.6402868,130162.0
F2RL1,up,0.0270205984717,0.085276858,5.4341859,2150.0
ANP32A,down,0.027024267663,0.085276858,2.4800158,8125.0
BAHD1,down,0.027031299521,0.085285806,2.2687581,22893.0
MYD88,up,0.0270539723128,0.085319822,5.8969252,4615.0
KIR3DL2,down,0.0270619839169,0.085319822,2.8769075,3812.0
PSPH,up,0.0270620734483,0.085319822,3.8409406,5723.0
RERGL,up,0.0270749911003,0.085319822,2.9982661,79785.0
HDGFRP2,down,0.0270821435272,0.085319822,2.8144883,84717.0
PDCD6IP,down,0.0270891292718,0.085319822,2.2753815,10015.0
SLC22A17,up,0.0270901588815,0.085319822,2.9612194,51310.0
ARHGAP12,up,0.027099094548,0.085319822,4.2735843,94134.0
PKN2,down,0.0271008497624,0.085319822,3.6508709,5586.0
FAM134A,up,0.0271096101927,0.085334184,2.169931,79137.0
NTPCR,up,0.0271233557778,0.085353071,2.2005928,84284.0
GLYR1,down,0.027131826867,0.085353071,2.8994016,84656.0
ITM2A,up,0.0271324515341,0.085353071,2.3915702,9452.0
METTL17,up,0.0271358271507,0.085353071,3.8621736,64745.0
FRAT1,up,0.0271411667693,0.085353071,3.6647481,10023.0
PQBP1,down,0.0271452982474,0.085353071,2.2337295,10084.0
GPR62,down,0.0271492054963,0.085353071,2.86917,118442.0
GDI2,up,0.027153916344,0.085354678,3.4607299,2665.0
ZRANB1,up,0.0271623475013,0.085367978,2.1789964,54764.0
EIF6,up,0.0271901148134,0.085428827,3.1221844,3692.0
IL2RA,down,0.0271958285504,0.085433573,3.1378494,3559.0
CTBS,up,0.0272221746666,0.085475442,2.2045008,1486.0
OR5AS1,down,0.0272459475883,0.085515359,3.4731201,219447.0
IDI1,up,0.0272615407411,0.085515359,5.6874383,3422.0
PTCHD1,down,0.0272665243228,0.085515359,2.1160779,139411.0
WSB1,down,0.0272681446588,0.085515359,2.171478,26118.0
SYN3,down,0.0273219540355,0.085670891,6.1559672,8224.0
FOXF2,down,0.0273787277257,0.085816394,2.6436066,2295.0
WBP4,down,0.0273810242119,0.085816394,2.7801987,11193.0
SEC22A,up,0.0274042843925,0.085862815,2.7183617,26984.0
NFASC,down,0.0274169624562,0.085889297,5.4402557,23114.0
RGS3,down,0.027465146184,0.086005867,4.3505241,5998.0
STARD13,down,0.0274668968119,0.086005867,3.2146359,90627.0
C1orf158,down,0.0274715053937,0.086005867,2.7798835,93190.0
ACP1,up,0.0274763875226,0.086005867,3.5666505,52.0
ABI3BP,down,0.0274795621404,0.086005867,11.8854185,25890.0
CNPPD1,up,0.0274920510106,0.086028241,12.5968627,27013.0
NT5DC3,down,0.0274986440434,0.086028241,5.6802344,51559.0
FRS3,down,0.0274994086537,0.086028241,3.7368541,10817.0
FAM18B1,up,0.0275120322279,0.086050379,2.6274989,51030.0
AIFM2,down,0.0275274747743,0.086063056,2.3752075,84883.0
BBS9,up,0.0275328470824,0.086066613,2.1641754,27241.0
ALPK1,down,0.0275403480591,0.086076822,6.6865074,80216.0
CTRB1,up,0.0275505454668,0.086082219,3.0199451,1504.0
MGRN1,down,0.0275698970651,0.086106334,2.6155065,23295.0
VWA7,down,0.0275885038293,0.086134614,4.6132943,80737.0
HIAT1,up,0.0276034277566,0.086164036,6.2716131,64645.0
GPN1,up,0.0276064059919,0.086164036,3.3515348,11321.0
DENND2D,up,0.0276139552493,0.08616571,4.7119095,79961.0
GZMK,up,0.0276154210207,0.08616571,3.2469138,3003.0
DPP9,up,0.0276247630039,0.086168427,4.5067078,91039.0
LAMB2,up,0.0276300509937,0.086171672,2.4594226,3913.0
ARFIP1,down,0.0276420047336,0.086182504,5.4580448,27236.0
BOP1,down,0.027661425456,0.086229827,5.4925616,23246.0
SMCR7,down,0.0276690763726,0.08624045,2.3506215,125170.0
ZNF443,up,0.0276974221724,0.086315564,5.7804652,10224.0
CCDC85C,down,0.027707544729,0.086321863,3.811124,317762.0
MOGAT3,up,0.0277080408704,0.086321863,3.08853,346606.0
OR9Q1,down,0.0277164318397,0.086321863,8.8410027,219956.0
ZNF576,up,0.0277300477119,0.086338334,2.2607129,79177.0
NOTCH2,down,0.0277302163016,0.086338334,2.8139447,4853.0
AHDC1,up,0.027750173292,0.086362673,2.8955541,27245.0
SFR1,up,0.0277537509899,0.086362673,4.6802236,119392.0
GFRA3,up,0.0277617777258,0.086362673,2.9703676,2676.0
CAMK1D,up,0.0277635278872,0.086362673,2.3561269,57118.0
PCSK1N,down,0.0277828198994,0.086387155,6.2637295,27344.0
ATP6V0A1,down,0.0277887651077,0.086387155,5.7698963,535.0
PSMD6,up,0.0277969000222,0.086387155,3.849036,9861.0
LOC389831,up,0.0278031906106,0.086387897,4.1166867,389831.0
MUSTN1,up,0.0278098898247,0.086387897,4.9434147,389125.0
APOLD1,down,0.0278174877121,0.086398294,5.4847006,81575.0
CASP8AP2,down,0.0278657836818,0.086535073,2.9072176,9994.0
TNFSF13,up,0.0278758718601,0.086553177,2.0198686,8741.0
SLC4A10,down,0.027893968219,0.086582911,4.9884911,57282.0
ILK,up,0.0279102132269,0.086609642,2.4053434,3611.0
C9orf171,up,0.0279466401028,0.086666991,3.2762532,389799.0
FUK,up,0.0279642874823,0.086708489,2.3093244,197258.0
ZDHHC24,up,0.0279756447577,0.086730473,4.5096846,254359.0
COBRA1,up,0.0279842501733,0.086730693,3.2359689,25920.0
ARHGEF10,up,0.0279963825392,0.086755066,3.4048757,9639.0
ITFG1,up,0.0280090302812,0.086771879,3.1574111,81533.0
EID2,up,0.028010346766,0.086771879,2.3322194,163126.0
TMEM45A,up,0.0280306471387,0.08679508,2.5277437,55076.0
SLC6A19,down,0.0280573483496,0.08683807,9.7032531,340024.0
VBP1,up,0.0280882873206,0.086894131,2.7283609,7411.0
DDX18,down,0.0281071606563,0.086926056,2.0482966,8886.0
KCNJ13,down,0.0281221883823,0.0869593,2.7169772,3769.0
ZNF687,up,0.0281361836348,0.086976111,2.3795337,57592.0
FOXN4,down,0.0281533586902,0.086987323,9.7874898,121643.0
AMHR2,down,0.0281543175093,0.086987323,5.4699337,269.0
ROMO1,up,0.0281566240418,0.086987323,2.2892955,140823.0
PPDPF,up,0.0281569298742,0.086987323,2.4816061,79144.0
PTGDR,down,0.0281646903158,0.086998075,2.6979682,5729.0
RAB12,down,0.0282236870809,0.087147841,2.2621607,201475.0
BRAP,up,0.0282346646432,0.087150389,2.7778523,8315.0
SLX1A,up,0.0282354398266,0.087150389,2.790005,548593.0
ZNF430,up,0.0282549130115,0.087184015,2.7608812,80264.0
KCNH7,down,0.0282650157358,0.08720195,4.3614322,90134.0
TBRG4,up,0.0283157569714,0.087331982,3.2252163,9238.0
MRPL37,up,0.0283310677298,0.087365946,2.9024033,51253.0
CHMP6,up,0.028345339119,0.087396696,3.2723355,79643.0
ZNF384,down,0.0283716185284,0.087439939,2.6223369,171017.0
TRAPPC3,up,0.0283722704473,0.087439939,3.4380938,27095.0
REV1,up,0.028378799573,0.087446801,2.4638071,51455.0
BAG4,down,0.0284231819232,0.08752062,7.9672671,9530.0
EPB41L4B,up,0.0284242861073,0.08752062,7.2935639,54566.0
SDCBP,up,0.0284621678546,0.087595241,5.5169759,6386.0
BBS7,up,0.0284657597266,0.087595241,2.3289313,55212.0
NGLY1,up,0.0284798550032,0.087625349,3.1301504,55768.0
IK,down,0.0284927269718,0.087651684,2.8597182,3550.0
BMP5,down,0.028498404195,0.087655882,4.4693564,653.0
SPDYA,up,0.0285279752644,0.087720287,2.1240307,245711.0
NACA,down,0.0285515359694,0.087778382,2.0254978,4666.0
GEM,down,0.0285555060111,0.087778382,4.9706067,2669.0
LMBRD2,up,0.028567997644,0.087803501,3.7151028,92255.0
ADCYAP1,up,0.0285777500554,0.087820195,3.8811941,116.0
MEN1,up,0.0285886530288,0.087840419,3.0932619,4221.0
UBA5,down,0.0286291774565,0.087925058,4.6261492,79876.0
ZBTB40,down,0.0286881710727,0.088053017,4.1723569,9923.0
GRIK5,up,0.0287153762267,0.088096607,2.113099,2901.0
ZNF311,down,0.0287793856263,0.088279658,6.2214561,282890.0
ALDH1A3,up,0.0288019932852,0.088322347,2.3246439,220.0
NDE1,down,0.0288247148328,0.088378689,2.9469226,54820.0
UNKL,down,0.0288548183517,0.088444304,3.0777166,64718.0
TSNARE1,down,0.0288644852032,0.088447258,9.3036569,203062.0
LUZP6,down,0.0288762280809,0.088469903,4.9274435,767558.0
GRB7,up,0.0288869433618,0.088489393,5.4912255,2886.0
ATAD3A,down,0.0289250812529,0.088592869,4.4641508,55210.0
CPSF6,down,0.0289325206811,0.088602303,5.7780653,11052.0
IFT80,up,0.0289442256477,0.088624795,2.4658926,57560.0
CMIP,down,0.0289585509475,0.088634735,3.4901135,80790.0
STRADB,up,0.0289616114112,0.088634735,6.500952,55437.0
SPDYE3,down,0.0289631955987,0.088634735,4.0543832,441272.0
DPY19L4,up,0.0289739762501,0.088649114,2.5139479,286148.0
OR5AC2,down,0.0289822589557,0.088658366,3.3915223,81050.0
ECE2,up,0.028990086199,0.088658366,3.6867148,9718.0
RBPJL,down,0.0290060694066,0.08868056,4.4525574,11317.0
OR2A4,up,0.0290315431891,0.088745092,3.5897491,79541.0
RUSC1-AS1,down,0.0290512509383,0.08878743,2.6160019,284618.0
TK1,up,0.0290624232176,0.088799422,4.1662741,7083.0
FGF7,down,0.0290751565252,0.088816063,3.7484814,2252.0
C5orf60,down,0.0290799951767,0.088816063,14.4162803,285679.0
GLUD2,up,0.029092604686,0.088824875,4.5508268,2747.0
ARHGAP30,down,0.0291380863021,0.08893374,5.4374814,257106.0
RANBP9,up,0.0291413879348,0.08893374,2.169956,10048.0
PDE1B,down,0.029150306676,0.088947603,2.9693264,5153.0
PARD6B,down,0.0292004716861,0.089073929,2.5982674,84612.0
MON1A,down,0.0292349490467,0.089152339,3.9829468,84315.0
SLC15A4,up,0.0292927487527,0.089301803,2.6682392,121260.0
JSRP1,down,0.0293084867667,0.089322986,2.6385286,126306.0
SON,up,0.0293219188405,0.089350525,2.312828,6651.0
LRRC8A,down,0.0293381245232,0.089386506,7.1164121,56262.0
ANKRD46,up,0.0294534732094,0.089697609,3.2911316,157567.0
MAP4K4,up,0.0294584357082,0.089699282,4.3671607,9448.0
RNASEH2B,up,0.0294681328591,0.089706982,2.2095476,79621.0
ZNF696,up,0.0294697918882,0.089706982,6.2692234,79943.0
FAM117B,down,0.0294838209549,0.089714627,2.6116636,150864.0
ANKRD54,down,0.0294855452704,0.089714627,2.6019067,129138.0
ABCC9,up,0.0294944189813,0.089714766,4.2082517,10060.0
MAP2K6,up,0.0294989536952,0.089715133,3.3428155,5608.0
KLK5,up,0.0295357352988,0.089800123,2.7357669,25818.0
VPREB1,up,0.029646018813,0.090071643,2.6512744,7441.0
TRPC4,up,0.0296516291414,0.090071643,2.3778343,7223.0
DDX3X,down,0.0296900872372,0.090148046,3.9511751,1654.0
FAM84A,down,0.0296991703212,0.090162156,7.8127097,151354.0
PPP1R3G,up,0.0297142848886,0.09018971,5.6725439,648791.0
WDR37,down,0.0297171210808,0.09018971,2.2144956,22884.0
CRYAA,down,0.029746571279,0.090234595,3.9254115,1409.0
PPP2R5C,up,0.0297496688619,0.090234595,3.0217358,5527.0
EVI5L,down,0.0297734709984,0.090269279,3.5516876,115704.0
ORAI1,up,0.0297744280004,0.090269279,3.5503572,84876.0
NPM3,up,0.0298101825595,0.09031724,3.6844708,10360.0
HSPB11,up,0.0298171332913,0.090317919,2.4228896,51668.0
ACLY,down,0.0298297602455,0.090342703,3.8011106,47.0
CASP6,up,0.0298444922363,0.090373854,3.6040022,839.0
SLC12A9,down,0.0298876088949,0.090477458,7.5801343,56996.0
DEFB119,up,0.0300540233342,0.090864859,2.2846366,245932.0
GPR150,up,0.0300748136061,0.090908773,5.5199065,285601.0
PCDHB4,up,0.0300930324886,0.090950318,7.5960907,56131.0
TRIM43,down,0.0301241367047,0.091003727,2.3588276,129868.0
KIAA2013,up,0.0301333259478,0.091010311,2.0139309,90231.0
IL17F,down,0.0301397102378,0.091010311,3.6003006,112744.0
HLA-DMA,up,0.0301397492114,0.091010311,2.6456062,3108.0
SLC25A3,up,0.0301586882266,0.091053972,6.8012046,5250.0
ARHGEF4,down,0.0301694463003,0.091072924,3.3286109,50649.0
MYCT1,up,0.0301820147468,0.091097334,4.3054087,80177.0
LANCL1,up,0.0301934414208,0.091118292,2.6450584,10314.0
AKAP14,down,0.030203362425,0.0911347,6.5049347,158798.0
ZNF554,up,0.0302255809316,0.091146882,2.3838308,115196.0
ARHGAP6,down,0.0302270422389,0.091146882,9.2262893,395.0
UTY,up,0.0302473179208,0.091186107,2.9535176,7404.0
NUBPL,down,0.0302973280429,0.091310955,3.1055599,80224.0
C1orf61,up,0.0302977161141,0.091310955,2.433494,10485.0
INO80C,up,0.0303040553282,0.09131652,2.0565937,125476.0
PAM,down,0.0303517682923,0.091422646,6.2293948,5066.0
IPO13,up,0.0303527682801,0.091422646,2.1136824,9670.0
OR6C76,down,0.0303578497291,0.091424403,3.6521099,390326.0
SNURF,up,0.0303912676977,0.091487846,2.9102749,8926.0
GNGT2,up,0.0303945204423,0.091487846,5.0190411,2793.0
TMEM201,down,0.0303969889126,0.091487846,3.6809637,199953.0
LIN52,up,0.0304057309886,0.091487846,2.3765573,91750.0
ZNF766,down,0.0304059238743,0.091487846,5.1641271,90321.0
TRIM48,down,0.0304187833696,0.091503077,16.3317608,79097.0
SMARCA4,down,0.0304199896794,0.091503077,2.469564,6597.0
KIAA1009,down,0.0304418087985,0.091555159,3.9617948,22832.0
GDPD3,up,0.0304520586965,0.091572436,12.5579033,79153.0
RFX2,down,0.0304692281984,0.091596962,4.3296731,5990.0
C4orf52,up,0.0304799734339,0.091599515,2.2344773,389203.0
RBM38,down,0.030483597564,0.091599515,10.8219474,55544.0
AKNA,down,0.0304997549983,0.091631359,3.3184347,80709.0
FBXO9,down,0.0305211764983,0.091671777,4.3228529,26268.0
SGCD,down,0.0305369317307,0.091698765,5.7622824,6444.0
SLC3A1,up,0.030539185345,0.091698765,3.2065047,6519.0
FAT2,down,0.0305731263688,0.091764497,10.8163947,2196.0
GCNT2,down,0.0305746210816,0.091764497,4.1190661,2651.0
NCKIPSD,down,0.0305860925784,0.091785373,3.2566288,51517.0
STXBP1,down,0.0306153025708,0.091818803,7.081532,6812.0
PLN,up,0.0306322597074,0.091832884,4.9442866,5350.0
NDUFB5,up,0.0306425890088,0.091832884,3.3899979,4711.0
PIKFYVE,down,0.0306510499263,0.091837363,2.7705558,200576.0
PRDM1,down,0.0306531203279,0.091837363,5.296707,639.0
TRMT5,up,0.0306928323518,0.091942788,3.6560488,57570.0
CEP170,down,0.0307091798319,0.091978202,3.4646122,9859.0
TCF4,down,0.0307496829361,0.092044706,4.5206897,6925.0
ATP6V0A4,down,0.0307901082146,0.092125563,9.0983725,50617.0
TIMP3,down,0.0308559036123,0.092295253,2.8804336,7078.0
ZNF474,down,0.0308958808755,0.092401233,2.0155581,133923.0
KRR1,down,0.0309198367481,0.092446351,2.0015616,11103.0
GLOD5,down,0.0309274571128,0.092454856,3.2349336,392465.0
HBA2,up,0.0309475438381,0.092501298,2.9632431,3040.0
MARCKSL1,up,0.0309913580814,0.092605021,3.8230159,65108.0
PTHLH,up,0.0310180703613,0.092671216,5.6995124,5744.0
ALS2CR11,down,0.0310262628668,0.092682068,4.9552911,151254.0
PI4K2B,down,0.0310393362137,0.092701832,54.6861238,55300.0
STON1,down,0.0310420007664,0.092701832,2.1253523,11037.0
GAMT,down,0.031048760662,0.092706096,2.2244827,2593.0
ANKRD11,up,0.0310525510611,0.092706096,3.430547,29123.0
HYI,down,0.0310859849897,0.092775969,2.341091,81888.0
IRAK3,down,0.0310896493166,0.092775969,2.5863106,11213.0
SUN2,down,0.031096133986,0.092781697,4.039013,25777.0
STX16,up,0.0311039307775,0.092791339,2.1050672,8675.0
ALDH4A1,up,0.0311131192787,0.092805129,2.2726355,8659.0
LCE2C,down,0.0311378686106,0.092851699,2.5648652,353140.0
HBEGF,down,0.0311557076732,0.092891266,6.6749719,1839.0
FPGT,up,0.031161981713,0.092896345,4.8345255,8790.0
ECH1,down,0.031240741925,0.093117147,2.180134,1891.0
TMEM89,down,0.0312597443524,0.093146797,9.6637603,440955.0
VAV1,down,0.0312662273089,0.093152458,2.2885134,7409.0
PCIF1,up,0.0312872471504,0.093201421,3.1691218,63935.0
MMS19,up,0.0312931264794,0.093205275,2.2004577,64210.0
CAT,up,0.031309184894,0.093239441,3.997292,847.0
CPSF7,down,0.0313421193881,0.093310177,2.5501806,79869.0
PNPLA5,down,0.0313627884033,0.093358037,5.0742878,150379.0
MXD3,down,0.031385167709,0.093410973,5.4380772,83463.0
TMEM101,up,0.0313982378882,0.093421302,3.981952,84336.0
IER5L,up,0.0314038474351,0.093421302,3.4557575,389792.0
KANSL3,up,0.0314070236977,0.093421302,2.9171271,55683.0
RHD,up,0.0314126293883,0.093424304,2.2761972,6007.0
IFIT5,up,0.0314431180147,0.09348762,4.2319555,24138.0
MICAL1,up,0.0315078441048,0.093625282,2.2432808,64780.0
KCNN1,down,0.0315314301262,0.093649103,4.9492697,3780.0
PDIA5,up,0.0315319880101,0.093649103,2.5215108,10954.0
FOXF1,down,0.0315403848883,0.093649103,4.3523705,2294.0
CST1,down,0.0315408096054,0.093649103,2.146504,1469.0
NAPEPLD,up,0.0315681604185,0.093708611,2.0026362,222236.0
ZNF619,up,0.0316166411251,0.093825118,2.1227399,285267.0
CDRT15L2,up,0.0316236052017,0.093832084,5.8130865,256223.0
OLFML3,up,0.0316895242232,0.094013951,4.1187307,56944.0
MAGEB16,down,0.0317072427437,0.094052789,4.455257,139604.0
NUDT4,up,0.0317352154145,0.094120219,2.5231584,11163.0
THEMIS2,down,0.0317392703834,0.094120219,2.9434099,9473.0
RUSC1,up,0.0317556626551,0.094141459,2.2516652,23623.0
FAM200B,up,0.0317705172574,0.094144301,2.0784656,285550.0
ST20,up,0.0317828031252,0.094153254,2.6747935,400410.0
HNRNPUL2,down,0.0318000134101,0.094190509,2.09735,221092.0
FANCF,up,0.0318885914471,0.09435662,5.3485604,2188.0
TCEAL1,down,0.0319120514916,0.094384815,2.036258,9338.0
AMOTL2,down,0.031924033192,0.094385194,6.6934291,51421.0
CTF1,down,0.0319256964419,0.094385194,5.1279749,1489.0
LMX1A,down,0.0319466633098,0.094432218,2.152722,4009.0
OR2AT4,down,0.0319699717424,0.094474312,6.9374263,341152.0
EXT1,up,0.0319795087256,0.094474348,3.1958848,2131.0
MTRNR2L4,down,0.0320218175887,0.09458149,9.2256835,100463285.0
PRR25,down,0.0320379361075,0.094605703,3.098971,388199.0
INTS9,up,0.0320511235115,0.094622635,3.0154018,55756.0
JMJD4,down,0.032057359918,0.094622635,4.2329894,65094.0
ARHGEF26,up,0.032076122736,0.094663452,2.3787265,26084.0
UGT2B7,down,0.0321010689067,0.094692862,3.4079605,7364.0
GPBP1,up,0.0321017671017,0.094692862,2.1369136,65056.0
TMEM131,down,0.0321047237289,0.094692862,2.652734,23505.0
AEBP2,up,0.0321095288477,0.094693293,4.0183014,121536.0
HEMK1,up,0.0321252980141,0.094726053,3.4724196,51409.0
MRPL45,up,0.0321646507752,0.094828333,2.1180647,84311.0
GM2A,up,0.0321867158017,0.094868382,5.1756045,2760.0
IMPA1,up,0.0321875701912,0.094868382,3.6289596,3612.0
ZNF750,up,0.0322132081353,0.094930181,4.5558282,79755.0
COL13A1,down,0.0322244272343,0.094943335,5.1256376,1305.0
CD40,up,0.0322508273417,0.094958433,2.3827401,958.0
ZKSCAN3,down,0.032287613576,0.09503921,3.0816887,80317.0
ANP32E,down,0.0322940953333,0.095044525,3.0261532,81611.0
EFCAB5,down,0.0322995562277,0.095046834,3.9178291,374786.0
GTSF1L,down,0.0323071862745,0.095047192,2.0556925,149699.0
PPT1,up,0.0323090306736,0.095047192,2.1966112,5538.0
ZNF506,up,0.0323242210828,0.095078118,2.1313945,440515.0
FAM109A,up,0.0323344190457,0.095088291,2.0655374,144717.0
OR51E2,down,0.0323370364617,0.095088291,10.8706422,81285.0
SOCS1,up,0.032364176063,0.095140567,3.7266145,8651.0
MPP6,down,0.0323946590258,0.095202638,2.7099288,51678.0
FAM57A,up,0.0324039987018,0.095216318,5.4510684,79850.0
CYTH4,up,0.0324504653022,0.095315843,4.2143634,27128.0
GSTK1,up,0.032475949805,0.095358601,2.3436584,373156.0
FAM170A,up,0.0324805704024,0.095358601,2.1347522,340069.0
FAM26E,up,0.0324881988054,0.095367221,2.5019394,254228.0
SLC25A14,up,0.0325057191178,0.095404872,3.1786424,9016.0
IL37,up,0.0325723427166,0.095545225,2.4197574,27178.0
HSD17B1,up,0.032605426106,0.095600878,3.2607923,3292.0
GORASP2,up,0.0326115166277,0.095603462,4.9010344,26003.0
MYO7A,up,0.0326157150715,0.095603462,2.7080897,4647.0
BNIP3,up,0.0326392930592,0.095643063,5.9984566,664.0
MCM9,up,0.0326433422132,0.095643063,3.1301247,254394.0
E2F7,down,0.0326541269287,0.095645038,4.9069526,144455.0
TOPBP1,up,0.0326575947165,0.095645038,3.1071527,11073.0
MRS2,up,0.0326710442696,0.095645038,4.4324658,57380.0
GADD45G,down,0.0326721510854,0.095645038,2.9491903,10912.0
SPNS2,up,0.0326804752025,0.095645038,2.8802841,124976.0
UHRF1,up,0.0327110814821,0.095662263,2.5265236,29128.0
CCT4,up,0.0327402202448,0.095706374,2.3634344,10575.0
COPZ2,up,0.0327548297851,0.095735104,2.2053264,51226.0
KIAA0922,up,0.0327894221641,0.095822431,2.8238435,23240.0
FSTL1,up,0.0328276480789,0.095882683,2.0661708,11167.0
ZFYVE28,up,0.0328330274424,0.095882683,2.4508321,57732.0
MAST2,down,0.0328336273308,0.095882683,3.0161271,23139.0
OAS1,down,0.032849814372,0.095913152,3.7200715,4938.0
ATAD2,down,0.0328534988219,0.095913152,5.8351695,29028.0
OR2T6,down,0.0328931490253,0.096001329,3.2958325,254879.0
DDX11,up,0.032952016941,0.096159332,2.2690787,1663.0
CYP51A1,up,0.0329710283724,0.09618719,3.2358596,1595.0
EMILIN2,down,0.0329963241759,0.096246419,23.3117316,84034.0
PTPN4,up,0.0330008018047,0.096246419,2.9168178,5775.0
C3orf23,up,0.0330495496373,0.096360938,2.9817517,285343.0
BATF2,down,0.0330918948829,0.096442897,2.4250774,116071.0
THAP9,up,0.0331201107535,0.096494216,2.3623113,79725.0
TCN2,up,0.0331417099678,0.096532711,2.013948,6948.0
T,up,0.0331816249489,0.096567644,2.5944165,6862.0
COX6B1,up,0.0331828205279,0.096567644,5.7301769,1340.0
CETN2,up,0.0331833922356,0.096567644,2.6327478,1069.0
ALDH16A1,up,0.0331869614678,0.096567644,6.4506984,126133.0
C16orf58,up,0.0331972630322,0.096583792,2.118308,64755.0
NOL3,up,0.0332095840914,0.09660581,2.1472654,8996.0
SHISA9,down,0.0332404936497,0.096668055,3.4035928,729993.0
FGL2,down,0.0332582383434,0.096692375,4.1534029,10875.0
STOM,up,0.0332583713084,0.096692375,3.9992882,2040.0
ILDR2,down,0.0333232592747,0.096839469,2.8780636,387597.0
CRIM1,down,0.0333327562991,0.096845079,3.701784,51232.0
ALDH9A1,up,0.033338854257,0.096845079,4.2016496,223.0
CENPT,up,0.0333406731119,0.096845079,2.6580409,80152.0
ASB14,up,0.0333484530625,0.096845079,2.0098538,142686.0
ATP6AP2,up,0.033353738848,0.096845079,2.1377967,10159.0
ADAM12,down,0.0333907492823,0.096916162,5.5185476,8038.0
CACNG1,down,0.0334652154772,0.097071572,4.7182587,786.0
SLC12A4,down,0.0334819568369,0.097106275,8.8725377,6560.0
NR1H3,up,0.0335039845226,0.097142437,2.0687321,10062.0
FNDC4,down,0.033519429354,0.097163681,3.8819584,64838.0
EFEMP1,up,0.0335281743466,0.097170989,2.4921026,2202.0
MTX2,up,0.0336167998323,0.097372304,3.5472597,10651.0
RIMBP3,up,0.0336224990427,0.097374935,3.9338177,85376.0
LIPN,up,0.0336383402813,0.09739774,3.9723706,643418.0
LILRA6,down,0.0336399572914,0.09739774,5.6634777,79168.0
ARF4,up,0.0336618133244,0.097447138,2.3725517,378.0
C12orf49,up,0.0336708165714,0.09745932,4.2574182,79794.0
ABCE1,up,0.0337238805862,0.097571227,6.8667523,6059.0
KRTAP5-5,down,0.0337332174381,0.09758435,3.754394,439915.0
MRPL55,up,0.0337440346649,0.097587863,2.0958261,128308.0
SUSD4,up,0.0337604481868,0.097593672,5.6066102,55061.0
CPNE8,down,0.0338029222232,0.097647015,3.3693994,144402.0
RRM1,up,0.0338647238604,0.097797743,5.878317,6240.0
SLFN12,up,0.0338879659868,0.097838234,2.3936595,55106.0
EBLN1,down,0.0339233049301,0.097911271,6.2959064,340900.0
SLC9A1,down,0.0339299240585,0.097916471,2.6786538,6548.0
BTG2,down,0.0339569219473,0.097980471,5.4892715,7832.0
TSNAXIP1,down,0.0339961087563,0.098065698,3.2495853,55815.0
TMED9,up,0.0340081844047,0.098072777,2.431781,54732.0
WDR3,up,0.0340418443503,0.098155836,2.6868737,10885.0
GJA1,up,0.0340662802997,0.098212361,3.0166875,2697.0
GRHPR,up,0.0340892211478,0.098264561,2.3704699,9380.0
ACN9,up,0.0341163777929,0.098301488,2.3286498,57001.0
XPO4,down,0.0341263515505,0.098301488,5.6765921,64328.0
SPOCK2,down,0.0341488182868,0.098315326,2.8702838,9806.0
IRAK2,down,0.0341503667307,0.098315326,6.7158424,3656.0
LARP6,up,0.0342652471575,0.098576242,2.2095952,55323.0
PTP4A1,up,0.0343431961448,0.098754134,2.4654284,7803.0
SLC22A8,down,0.0343465176644,0.098754134,4.8646967,9376.0
PDE11A,down,0.0343629273788,0.098787341,2.4227443,50940.0
SMURF1,up,0.0343954041903,0.098811068,2.0959654,57154.0
NOS1AP,down,0.0343977068804,0.098811068,4.3465083,9722.0
EOMES,up,0.0344130021882,0.098833442,2.4182256,8320.0
TREX1,up,0.0344195582766,0.098838305,6.3259983,11277.0
BCR,up,0.034426485369,0.098844232,3.9610966,613.0
TBC1D10B,up,0.034471350199,0.09894503,4.5903962,26000.0
ZC3H18,down,0.0344761969992,0.09894503,8.9173868,124245.0
SMARCC2,up,0.0345168463786,0.099023396,2.0465995,6601.0
FOXQ1,up,0.0345416798349,0.099063023,30.2073279,94234.0
C4B,down,0.0346289712538,0.099245944,4.3062741,721.0
SLC44A1,up,0.0346303895265,0.099245944,3.3161862,23446.0
IP6K1,down,0.0346305170066,0.099245944,2.0979226,9807.0
CCDC84,up,0.034655786504,0.099264214,2.9777248,338657.0
CENPBD1,up,0.0346748535303,0.099290842,3.4692061,92806.0
SLC24A4,down,0.0346950557667,0.099295226,7.8151244,123041.0
MRPS28,up,0.0346980760996,0.099295226,3.6040375,28957.0
UPF2,down,0.0347005687017,0.099295226,6.4886853,26019.0
SLC1A7,down,0.0347378792892,0.099347842,3.7925609,6512.0
DMTF1,up,0.0347396048257,0.099347842,2.1398945,9988.0
POLDIP2,up,0.0347632520898,0.099375963,3.425204,26073.0
COX5A,up,0.034788770557,0.099404297,3.080459,9377.0
IRS2,up,0.0348061042334,0.099428395,3.8944464,8660.0
LAG3,up,0.0348109450887,0.099428395,2.1942875,3902.0
INO80E,up,0.0348357315253,0.099475303,3.6208365,283899.0
CTHRC1,down,0.0348425283651,0.099475303,2.3139293,115908.0
C12orf56,up,0.0348469451662,0.099475303,7.4369953,115749.0
KIAA0930,up,0.0349327616377,0.099681585,3.0774666,23313.0
NBPF16,down,0.0349339203601,0.099681585,2.2563909,728936.0
FBXO5,up,0.0349808526369,0.099773482,4.4216959,26271.0
YTHDF1,up,0.0350017757616,0.099819151,3.1524786,54915.0
TRAF6,up,0.0350342090047,0.099897629,2.8865001,7189.0
CDH13,up,0.0350449928468,0.099911598,2.965541,1012.0
AKT3,down,0.0350538552681,0.099911598,2.4914802,10000.0
PELI1,up,0.0350613005184,0.099918807,5.3111181,57162.0
NGFRAP1,down,0.0350720196466,0.099935343,2.6257168,27018.0
EIF2B4,up,0.0350803206783,0.099935866,2.1472194,8890.0
PSRC1,up,0.0350869540878,0.099935866,2.1878555,84722.0
HLA-DRA,up,0.0351447122368,0.100072328,2.1669863,3122.0
CNGA3,down,0.0351933899113,0.100182864,10.2607655,1261.0
PDXP,down,0.0352621466532,0.100364533,2.2246155,57026.0
PLEKHM1,down,0.0353171326806,0.100455029,4.6565462,9842.0
MZF1,up,0.035324214298,0.100455029,2.9909213,7593.0
MORC1,down,0.035328538727,0.100455029,5.8351934,27136.0
PCOLCE2,up,0.0353368307467,0.100464552,5.1702942,26577.0
ZBTB11,down,0.0353512559741,0.100491507,4.7775627,27107.0
CD8B,up,0.0353865906064,0.100577885,3.1763308,926.0
RBM45,up,0.0353956072357,0.10058588,2.5105132,129831.0
FAM160A1,down,0.0353999358193,0.10058588,5.7734234,729830.0
OXSM,up,0.0354042500922,0.10058588,6.9800727,54995.0
SCNN1A,down,0.0354288291982,0.100613519,2.0405935,6337.0
KANK2,down,0.0354377287874,0.10062126,4.040886,25959.0
RORC,down,0.0354617549987,0.100645799,3.367073,6097.0
ADAMTS4,down,0.0354891123554,0.100662013,9.6490203,9507.0
SGOL1,down,0.0355033115303,0.10068436,3.6712565,151648.0
ABLIM3,down,0.0355229997951,0.10072614,11.848099,22885.0
URB1,up,0.0355327086324,0.100739615,2.3527167,9875.0
THAP5,down,0.0356081245007,0.100911665,4.0493867,168451.0
TBCE,up,0.0356082882253,0.100911665,2.6976115,6905.0
C19orf21,down,0.0356434333425,0.100997181,5.6986361,126353.0
OR4K17,down,0.0356812429628,0.10107901,8.6304846,390436.0
DPF1,down,0.035712765064,0.101151331,7.2989021,8193.0
DEFB106B,down,0.0357322540288,0.101170183,2.4027996,503841.0
TSPAN10,down,0.0357343539415,0.101170183,2.3206188,83882.0
TRAF3IP2,up,0.0358106728121,0.101326938,2.8781228,10758.0
SOGA3,down,0.0358146480561,0.101326938,4.4079977,387104.0
ST14,down,0.0359023809934,0.101508665,18.6642375,6768.0
VSTM4,down,0.0359434580632,0.101604494,5.1955846,196740.0
APEX2,up,0.0359477448996,0.101604494,2.4895187,27301.0
ATP6V1G2,down,0.0359872870173,0.101659709,2.3442403,534.0
PYHIN1,down,0.0360276355597,0.101739967,4.4338796,149628.0
ZNF181,up,0.0360410243295,0.101739967,2.4398362,339318.0
GRIK2,down,0.0360484021651,0.101739967,21.952614,2898.0
ZNF76,up,0.0360512014632,0.101739967,3.9281645,7629.0
LOC643669,down,0.0360597276593,0.101739967,3.8966162,643669.0
ARPC5,up,0.0360607490857,0.101739967,2.874321,10092.0
TTLL13,down,0.0361074196459,0.101843367,2.2292919,440307.0
ARL2BP,up,0.0361375928453,0.101898335,2.4048674,23568.0
SHQ1,up,0.036144508542,0.101898335,4.9549403,55164.0
TMCC1,down,0.0361469615722,0.101898335,2.6647547,23023.0
PTGFR,up,0.0361641889095,0.101932761,6.7440469,5737.0
CAMSAP3,up,0.0361742506626,0.101943339,2.5373618,57662.0
BLK,down,0.0361873071579,0.101943339,4.0949672,640.0
MAPK6,up,0.0361880045845,0.101943339,2.9532081,5597.0
SNED1,up,0.0362358457851,0.102049822,2.5097676,25992.0
MLF2,up,0.0362598839728,0.102090915,2.5930479,8079.0
AGPAT9,up,0.0362604829772,0.102090915,4.1882409,84803.0
CLEC4E,down,0.0363714478477,0.102318294,26.3444009,26253.0
FREM2,down,0.03639350644,0.10233299,5.5200894,341640.0
CHMP3,down,0.0363952954857,0.10233299,3.2482958,51652.0
SNCG,down,0.0364032175072,0.10233299,4.0629415,6623.0
KCTD2,down,0.0364049886191,0.10233299,3.4896908,23510.0
PPFIBP1,down,0.0364092442489,0.10233299,2.012328,8496.0
QPRT,down,0.0364503453101,0.102402001,3.1353874,23475.0
TMEM104,up,0.0364515855901,0.102402001,2.0484891,54868.0
TUBB2A,up,0.0364706154624,0.102441302,2.5092925,7280.0
LETM2,down,0.0364836709583,0.102463813,3.1797188,137994.0
UBXN4,down,0.0364941199321,0.102466854,6.2306967,23190.0
CDKL3,up,0.036522123636,0.102472349,2.1732408,51265.0
KIAA0196,up,0.0365299862323,0.102472349,2.0186335,9897.0
HS6ST1,up,0.0365430430657,0.1024748,2.6296944,9394.0
FOXD4L3,up,0.0365757634827,0.102548734,3.765084,286380.0
CYB5B,up,0.0365845447427,0.102548734,2.5707102,80777.0
OR10H3,up,0.0365975156023,0.102570947,3.0421779,26532.0
LAS1L,up,0.0366258690502,0.10262211,4.0451407,81887.0
UBXN10,up,0.036660808554,0.102652662,2.5969624,127733.0
MTMR2,up,0.0366713461928,0.102652662,4.1069278,8898.0
NLRP13,up,0.0366721267782,0.102652662,2.2825153,126204.0
RRNAD1,up,0.0366960038326,0.102687188,2.5622399,51093.0
ARHGEF11,down,0.0367301470272,0.102758464,4.29913,9826.0
NUP37,up,0.0367358259931,0.102760207,4.9916954,79023.0
MS4A4A,up,0.0367667097496,0.10279964,2.5529242,51338.0
CNTD2,up,0.0367757847182,0.10279964,2.8889335,79935.0
GPR126,down,0.0367758166323,0.10279964,10.6810926,57211.0
NADSYN1,up,0.0367807683039,0.10279964,3.4724532,55191.0
ATP11C,down,0.0367853274158,0.10279964,3.9608781,286410.0
COPS8,up,0.0368131636929,0.102849148,2.7120893,10920.0
TMEM86B,up,0.0369216955756,0.103071473,2.8197115,255043.0
SELT,up,0.03692316829,0.103071473,3.016357,51714.0
MOGS,down,0.0369532948361,0.103121319,2.0681653,7841.0
CLIP3,down,0.0369723944681,0.103123908,2.0323267,25999.0
SERPIND1,down,0.0370131115387,0.103193044,3.0471626,3053.0
ASB11,down,0.037017489814,0.103193044,11.847908,140456.0
CSTL1,up,0.0370245248356,0.103198501,3.0991726,128817.0
DDR1,down,0.0370553602374,0.103270286,9.381579,780.0
AKAP7,down,0.0370915364898,0.103345439,3.2095598,9465.0
SCO1,up,0.0371920806085,0.103594496,2.6043742,6341.0
SIGLEC5,down,0.0371994559591,0.103600842,9.1701674,8778.0
CD6,down,0.0372452047439,0.103699834,5.2745615,923.0
FAM54A,up,0.0372708510693,0.103734045,3.6840695,113115.0
TRIM67,up,0.037298891658,0.103764026,3.3571709,440730.0
PRAME,up,0.0373298433878,0.103821711,2.9585443,23532.0
MORF4L1,down,0.0373401106515,0.103824511,3.1221269,10933.0
PTPRU,up,0.0373410663947,0.103824511,2.5094025,10076.0
UBE2D3,down,0.0373736909599,0.103872592,4.0324547,7323.0
XRN2,down,0.0373842968933,0.103887864,2.6082932,22803.0
STAC3,down,0.037401926077,0.103921692,5.3806188,246329.0
CAND1,up,0.0374338160198,0.10393114,4.9617579,55832.0
TAPBP,up,0.0374613466361,0.103974037,3.1221849,6892.0
SGMS1,up,0.0374718301137,0.10398237,2.5776514,259230.0
PARP14,up,0.0374745810413,0.10398237,2.0624358,54625.0
FLJ43860,down,0.0374929785165,0.104019218,2.7186723,389690.0
SLC39A3,down,0.0375631045753,0.104171115,2.1866343,29985.0
YWHAZ,up,0.0375879742956,0.104225863,6.8913221,7534.0
C14orf129,up,0.0376020230385,0.104226674,4.5453572,51527.0
UMPS,up,0.0376026398021,0.104226674,6.986715,7372.0
SBK2,down,0.0376036506707,0.104226674,2.6977693,646643.0
CNFN,up,0.0376146375463,0.10423739,26.7722391,84518.0
TGFBI,up,0.0376335172896,0.104252588,3.3811158,7045.0
VWA5B2,down,0.0376711798702,0.104314269,2.3090565,90113.0
ADRB2,up,0.0377060208023,0.104368088,2.3498771,154.0
UBE3B,down,0.0378044527812,0.104569339,2.5438141,89910.0
PDCD2,down,0.037809721115,0.10456968,2.2091828,5134.0
STK24,up,0.0378278613687,0.104591387,2.5914584,8428.0
SIGLEC6,down,0.0378583418548,0.104661425,2.4974896,946.0
CWH43,up,0.037881338724,0.104710759,7.0904404,80157.0
SAP30BP,up,0.0379099767478,0.104762687,2.26368,29115.0
SH3BP5L,down,0.0379104334242,0.104762687,3.5209887,80851.0
LDOC1L,down,0.0379215250882,0.104779092,5.4607178,84247.0
MED20,up,0.0379990438728,0.104964741,2.4319609,9477.0
PRSS57,down,0.0380117552586,0.104985586,9.6974641,400668.0
RNF8,up,0.0380390656196,0.105022951,3.2559564,9025.0
SFSWAP,up,0.0380463297302,0.105022951,2.2529627,6433.0
ARHGAP5,down,0.0380511199977,0.105022951,5.2857528,394.0
CEP72,down,0.0381227838887,0.105150702,11.5599303,55722.0
RNF34,down,0.0381579929852,0.105195905,4.0064498,80196.0
TRAF3IP1,down,0.0381751900907,0.105209501,4.4027059,26146.0
ATP8B4,down,0.0381798040386,0.105209501,4.5772211,79895.0
CD46,up,0.038180825434,0.105209501,4.0598144,4179.0
CHST9,down,0.0381895639855,0.105219315,5.2566853,83539.0
RD3,down,0.0383204377169,0.105446495,6.4149929,343035.0
EDA,down,0.038321069573,0.105446495,15.9535682,1896.0
PTPN1,down,0.0383295953535,0.105447892,8.7402305,5770.0
ANKRA2,up,0.0383696406601,0.105543774,2.0664718,57763.0
ARFGEF2,down,0.038407619766,0.105619655,4.453613,10564.0
SHISA6,down,0.0385050323885,0.105830261,5.0380529,388336.0
OSGIN1,up,0.0385386753213,0.105908407,2.7416457,29948.0
FAM210A,up,0.0385630382752,0.105961032,2.7863418,125228.0
OPN1SW,down,0.0385778662128,0.105980008,5.8429273,611.0
AIM1L,down,0.0385803730131,0.105980008,3.0672788,55057.0
ZNF569,up,0.0386075716737,0.106033809,3.0228794,148266.0
TRPM7,down,0.0386103921575,0.106033809,3.1576311,54822.0
USP27X,down,0.0386332389688,0.106058416,4.8117635,389856.0
ACOXL,down,0.0386396625026,0.106058416,7.3068192,55289.0
HEATR7A,up,0.0386402249563,0.106058416,2.2328803,727957.0
PSG6,up,0.0386651221224,0.106098097,3.508636,5675.0
APLP2,down,0.0386966751511,0.106170346,2.7794587,334.0
PHF21A,down,0.0387264353028,0.106208986,2.0706505,51317.0
RGPD3,down,0.0387424958323,0.106224366,6.8602444,653489.0
TM9SF3,up,0.038769076843,0.106268575,3.7346723,56889.0
RPE,up,0.0388141817691,0.106339093,2.0617258,6120.0
BASP1,down,0.0388429838803,0.106399413,5.8556228,10409.0
PPIH,up,0.0389009846206,0.106521922,4.1528867,10465.0
WWP2,down,0.0389138665398,0.106521922,10.5259186,11060.0
CNKSR2,up,0.0389145854825,0.106521922,3.5996981,22866.0
SLC39A6,up,0.0389191534298,0.106521922,2.1833678,25800.0
SLFN14,down,0.0389428604521,0.106543766,4.9422045,342618.0
EHD2,down,0.0389791114379,0.106628592,4.6396539,30846.0
MYBPH,down,0.0389926047085,0.106651149,7.2418022,4608.0
CXorf61,down,0.0390003343334,0.106657938,3.3158709,203413.0
C16orf93,up,0.0390081809938,0.106662081,3.3401759,90835.0
GNL1,down,0.0390175928275,0.106662081,4.2411789,2794.0
VWA3B,down,0.0390609405142,0.106751864,3.3536478,200403.0
CSH1,down,0.0390901487606,0.106799758,4.1813929,1442.0
ITGAV,down,0.0390954981421,0.106799758,2.4442688,3685.0
BRD4,up,0.0391099926746,0.106799758,2.2929498,23476.0
CPXM2,down,0.039121936089,0.106818021,2.5604724,119587.0
PRDM10,up,0.0391407703736,0.106834878,2.0959703,56980.0
KIAA1549L,down,0.0391475996033,0.106834878,5.8653804,25758.0
TM9SF2,up,0.0391491351772,0.106834878,2.365024,9375.0
XPO7,down,0.0391702718134,0.10684952,2.7219732,23039.0
LYST,down,0.0391769668125,0.106853442,9.7243633,1130.0
CACNB4,down,0.0391981708438,0.10689693,12.2105513,785.0
FLT4,up,0.0392159151424,0.106930973,2.1103721,2324.0
CNOT8,up,0.0392215045221,0.106931868,2.0787515,9337.0
ABI1,down,0.0392336141677,0.106950538,7.9164418,10006.0
WDR91,down,0.039256241231,0.106997868,4.846077,29062.0
SSBP4,up,0.0392727950418,0.107028635,2.737884,170463.0
C10orf137,down,0.0393093404415,0.10709951,7.9198366,26098.0
ANK1,down,0.0393309973862,0.107142933,3.4775665,286.0
PCDHGA8,up,0.0393358213397,0.107142933,2.1997467,9708.0
SULT1C2,up,0.0393557948113,0.107168613,3.4098865,6819.0
RAC2,down,0.0393816919039,0.107224767,2.0265251,5880.0
ZRSR2,down,0.039414351226,0.107299315,2.7345091,8233.0
AKAP2,down,0.0394639881823,0.107420056,2.1493228,11217.0
GBP6,up,0.0395058607669,0.107505238,8.3799792,163351.0
MYH11,down,0.0395129566874,0.107510153,6.8139718,4629.0
PLP2,up,0.0395333196688,0.107536767,3.5576436,5355.0
FHL2,down,0.0395416783162,0.107545111,4.7226719,2274.0
ST6GALNAC2,up,0.0395523401049,0.107559715,12.473956,10610.0
BPIFC,up,0.0395760376104,0.107595367,3.0900642,254240.0
RAB11FIP1,down,0.0395931245642,0.107606071,2.7700845,80223.0
ZNF655,up,0.0395954055099,0.107606071,4.2498232,79027.0
MUC7,down,0.0395958576145,0.107606071,3.922961,4589.0
FERMT1,down,0.039602693264,0.107606669,12.4376366,55612.0
IRF8,down,0.0396066660967,0.107606669,5.8675202,3394.0
CD2AP,down,0.039633450064,0.107650658,4.1583212,23607.0
IFLTD1,down,0.0396478346726,0.107652178,4.0052867,160492.0
PASK,up,0.039656529455,0.107652178,4.5000456,23178.0
ZNF528,up,0.0396587097391,0.107652178,2.1499062,84436.0
PPP1R37,down,0.0396597082316,0.107652178,4.3220239,284352.0
NEUROG3,down,0.0396604923195,0.107652178,2.2021967,50674.0
TLR1,up,0.0396751443524,0.107677568,2.7408249,7096.0
POLR3H,up,0.0396820360413,0.107681894,2.4326428,171568.0
CLTC,up,0.0397498743283,0.107808406,7.1107924,1213.0
NTF3,up,0.0397802155724,0.10784648,4.6596135,4908.0
F2,down,0.0397851370221,0.10784648,3.8604427,2147.0
TGIF2,up,0.0398131974044,0.107908153,3.3668087,60436.0
PLA2G4B,up,0.0398333498362,0.107933987,2.2920839,100137049.0
PAX9,down,0.039848727251,0.107961261,31.4115936,5083.0
RNASE6,up,0.039866919892,0.10797782,3.4310085,6039.0
SAMD4B,down,0.0398707768547,0.10797782,5.313114,55095.0
SMEK1,up,0.0398791292703,0.107986051,6.1933374,55671.0
MRPS36,up,0.0398923016164,0.108007331,2.6306429,92259.0
THBS2,up,0.0399226787341,0.108075179,2.5614724,7058.0
RARA,down,0.039951274293,0.108138188,4.839091,5914.0
CPNE3,up,0.0399742810048,0.10817165,4.4962672,8895.0
PGRMC2,up,0.040002371099,0.108190046,2.1971857,10424.0
ALG3,up,0.0400441940051,0.108236824,3.8039121,10195.0
IDS,up,0.0400506141375,0.108236824,3.1729541,3423.0
WFDC9,down,0.0400524405532,0.108236824,4.3694934,259240.0
MTERFD2,down,0.0400629428266,0.108236824,2.5402463,130916.0
ADSL,up,0.0400637677431,0.108236824,2.2119038,158.0
MOK,down,0.04006896314,0.108236824,2.0683742,5891.0
B4GALNT1,down,0.0400727488793,0.108236824,3.2473975,2583.0
RAB3A,up,0.0400782454113,0.108236824,2.1473648,5864.0
SCNN1G,down,0.0400983726024,0.108276793,3.0286059,6340.0
PSENEN,up,0.0401073972905,0.108286776,2.2989896,55851.0
CD36,up,0.0401191607535,0.108298887,9.8789976,948.0
CTAGE15P,up,0.0401275464504,0.108298887,3.4893218,441294.0
YWHAE,up,0.0401331458565,0.108298887,4.6698541,7531.0
DTNB,down,0.0402156792084,0.108449473,3.6845719,1838.0
DNASE2B,up,0.0402429116376,0.108494121,3.9014718,58511.0
HSPBP1,up,0.0402610270812,0.108498982,3.354281,23640.0
GNRH2,down,0.0402724227254,0.108498982,4.865635,2797.0
IGF1,down,0.0403326102922,0.108616321,8.9889618,3479.0
FN1,down,0.0403564671238,0.108616321,4.1422082,2335.0
ASB7,down,0.0403631731864,0.108616321,3.8687062,140460.0
C19orf18,down,0.0403644983921,0.108616321,5.0092394,147685.0
RNF219,up,0.0403932693715,0.108661615,3.9273546,79596.0
PCDH15,down,0.0403959244746,0.108661615,6.1417343,65217.0
TRAPPC11,up,0.0404027223602,0.10866552,2.1364788,60684.0
UNC45B,down,0.0404344912329,0.108736575,2.4339399,146862.0
CWF19L1,up,0.0404437810512,0.108747169,3.9291612,55280.0
GNG4,down,0.0404747267714,0.10880159,2.4471526,2786.0
PSME3,down,0.0405114468235,0.108857107,2.0658698,10197.0
GNE,down,0.0405292027795,0.108890423,3.083897,10020.0
ESM1,down,0.0405429314813,0.108911305,3.6607133,11082.0
MAMLD1,down,0.0405725710895,0.108911305,3.1330252,10046.0
KRTAP10-10,up,0.0405741149388,0.108911305,2.4829654,353333.0
DYNC2LI1,up,0.040579635529,0.108911305,2.4164323,51626.0
GPSM2,up,0.040583537855,0.108911305,3.0640879,29899.0
C3orf26,down,0.0405857471119,0.108911305,3.7282441,84319.0
SLC35G5,down,0.040587053159,0.108911305,4.2106041,83650.0
MCM3,up,0.0405921004504,0.108911305,3.692161,4172.0
NUDCD3,down,0.0405959185408,0.108911305,2.4919048,23386.0
PARP6,up,0.0406131603399,0.108928805,2.6482586,56965.0
LENEP,down,0.0406745571505,0.109064693,6.3760849,55891.0
RPS6KB2,up,0.0407207173069,0.109148006,3.2999161,6199.0
CRISP1,down,0.0407217382795,0.109148006,4.2768464,167.0
GRK5,up,0.0407446946493,0.109195137,3.3367507,2869.0
MRPL50,up,0.0407615152274,0.109217449,3.2156794,54534.0
CDO1,up,0.0407708847163,0.109217449,3.7365657,1036.0
KLRK1,up,0.040772940619,0.109217449,4.6334757,22914.0
C12orf52,down,0.0407825116701,0.109224476,3.635078,84934.0
YSK4,down,0.0408016997571,0.109244007,2.6703839,80122.0
UBE2U,down,0.040804378208,0.109244007,10.6003584,148581.0
LCA5,down,0.0408466485153,0.109324221,4.925308,167691.0
DUS2L,down,0.0408809817859,0.109401706,8.6885253,54920.0
DYRK3,down,0.0408870115552,0.10940311,9.2724021,8444.0
PALM3,down,0.0408922718837,0.10940311,14.8435291,342979.0
PYGM,down,0.0409092141997,0.109418405,2.3831281,5837.0
C14orf182,up,0.0409893479935,0.109576285,3.4108734,283551.0
ENPP7,down,0.0410131750459,0.109625563,8.6256011,339221.0
ATN1,up,0.0410446818739,0.109695353,2.8565396,1822.0
CD58,up,0.0410656683181,0.109737011,3.357252,965.0
GATA2,down,0.0410802912348,0.109761656,11.0235905,2624.0
HS6ST2,down,0.041108420877,0.109799508,6.2861227,90161.0
GNAO1,down,0.0411317441597,0.109799508,4.702046,2775.0
ZNF280C,up,0.0411485941213,0.109799508,4.0365004,55609.0
PPP2R3A,down,0.0411548393049,0.109799508,4.7675122,5523.0
C5orf24,down,0.0411650797889,0.109799508,2.1457691,134553.0
UTS2D,down,0.0411736169599,0.109799508,7.1155625,257313.0
FAM48B1,up,0.0411802448246,0.109799508,2.4267851,100130302.0
APCDD1L,down,0.0411831011713,0.109799508,3.4103624,164284.0
OSTM1,up,0.0411840579335,0.109799508,2.6780769,28962.0
TMEM221,up,0.0412018370278,0.109799508,2.166265,100130519.0
NOTCH1,down,0.0412077361868,0.109799508,5.6939415,4851.0
LGALS14,down,0.0412104938214,0.109799508,5.1796291,56891.0
CES3,up,0.0412732363919,0.10991595,2.9270243,23491.0
ZDHHC8,down,0.041298551902,0.109968959,11.0273495,29801.0
PFN4,up,0.0413187667928,0.109993967,2.4340806,375189.0
CROT,up,0.0413375540025,0.110029569,6.739949,54677.0
CLIP1,down,0.0413516381858,0.110052645,4.2549638,6249.0
GPR85,up,0.0414038359472,0.110148294,4.9969512,54329.0
MED18,up,0.0414346134018,0.110215746,2.8857635,54797.0
PNPLA4,up,0.0414659319409,0.11025184,6.0368064,8228.0
GHRH,up,0.04146988027,0.11025184,2.1048114,2691.0
CCDC81,down,0.0415206563283,0.110329107,2.5193926,60494.0
ABCD1,down,0.0415742531709,0.110428214,5.1937181,215.0
RAB3GAP1,up,0.0416095342506,0.110478613,2.2566604,22930.0
SMN1,down,0.0416405768182,0.110546594,25.7764366,6606.0
IL34,up,0.0416522499532,0.110563142,3.0054737,146433.0
USF2,up,0.041674205842,0.110606978,2.5384163,7392.0
DLST,down,0.0416944799331,0.110646338,6.1268605,1743.0
CYP39A1,up,0.0417225245841,0.110650263,3.695386,51302.0
COIL,up,0.0417231173926,0.110650263,2.1352428,8161.0
GOLGA6A,up,0.0417231791612,0.110650263,2.8161022,342096.0
SGK2,down,0.0417450012203,0.110676266,4.0520791,10110.0
GNA12,up,0.0417541937164,0.110676266,2.6788751,2768.0
CCZ1,up,0.0417549279112,0.110676266,2.3026524,51622.0
PGBD4,up,0.0417568096349,0.110676266,2.9599559,161779.0
RGL4,down,0.041771101556,0.110676266,7.867538,266747.0
NGF,up,0.0418146745601,0.110777276,3.2947242,4803.0
CCNY,up,0.0418417095396,0.110834452,2.1924205,219771.0
C9,down,0.041890574371,0.110920522,5.783031,735.0
SHROOM1,down,0.0419103173174,0.110943892,5.5311469,134549.0
FOXM1,down,0.041951026608,0.110979385,4.3094357,2305.0
NCBP1,up,0.041999884322,0.111094176,3.1216904,4686.0
WASH1,up,0.0420300608111,0.111145067,2.154933,100287171.0
C1orf63,down,0.0420860157738,0.111239986,2.2097972,57035.0
HIVEP2,down,0.0420878469639,0.111239986,7.8808042,3097.0
GPR31,up,0.0420963279615,0.111247935,2.7147063,2853.0
TMIE,down,0.0421180582763,0.111276425,5.1066785,259236.0
THOC7,down,0.0421297985931,0.111289456,11.6455564,80145.0
ANKRD33B,down,0.0421499861569,0.111317369,2.8043494,651746.0
OPRD1,down,0.0422344224629,0.111511384,8.3114241,4985.0
MBNL2,up,0.0422531734825,0.111531916,2.5266755,10150.0
DUSP18,up,0.0422592938919,0.111533586,3.0797985,150290.0
DNAH9,down,0.0422748933958,0.111560271,7.8862303,1770.0
ARHGEF7,up,0.0423422573334,0.111723534,3.1102697,8874.0
KLHL25,down,0.0424046971068,0.111824831,2.1311621,64410.0
TRAK1,down,0.0424133340717,0.111824831,3.0302152,22906.0
FES,down,0.0424136592352,0.111824831,7.8018926,2242.0
OSBPL11,down,0.0424266058301,0.111842266,3.7237856,114885.0
S100A10,up,0.0424387740263,0.111842266,2.6249513,6281.0
CORIN,up,0.0424400458177,0.111842266,4.9616148,10699.0
MRGPRX3,up,0.0424585315303,0.11185608,3.189354,117195.0
ALKBH1,up,0.0425144083114,0.111974258,2.1781787,8846.0
RNASEH1,down,0.0425630033484,0.112073202,2.1356807,246243.0
WDHD1,down,0.0426912543355,0.112381783,3.2562276,11169.0
FAM49B,up,0.0427045375741,0.112402192,3.4818984,51571.0
ALOX12,up,0.0427237794115,0.1124366,8.306445,239.0
VIPR1,down,0.0427286740283,0.1124366,2.5188215,7433.0
S100A2,up,0.0427467210898,0.112454971,9.5490938,6273.0
ZFHX4,up,0.0427570172295,0.112458113,2.5677261,79776.0
LHX2,down,0.042776254718,0.112471932,3.2234576,9355.0
CDK8,up,0.042778039119,0.112471932,4.1206388,1024.0
KIAA1377,down,0.0428025205255,0.112493536,6.6826834,57562.0
NOV,down,0.0428079382235,0.112493536,4.1791876,4856.0
C19orf66,up,0.0428111930424,0.112493536,2.0405137,55337.0
POU2F2,down,0.0428513158817,0.112555311,3.4081811,5452.0
TMCO1,up,0.0428678105966,0.112584087,2.8369433,54499.0
PTPN9,up,0.0429304964285,0.11270503,2.1299846,5780.0
LRRFIP2,down,0.0429465591004,0.112720926,3.4658053,9209.0
EPS8L3,down,0.0429724240885,0.112747164,9.0009402,79574.0
METTL21D,up,0.0429742817555,0.112747164,2.0873099,79609.0
CACNB2,down,0.0430294727061,0.112848262,29.7836866,783.0
ATF2,up,0.0430425884429,0.112855365,3.5924042,1386.0
OR7D2,up,0.0430458306067,0.112855365,5.1492175,162998.0
CECR5,down,0.0430488384493,0.112855365,2.6393101,27440.0
ASF1A,up,0.0430951684577,0.112947685,2.8279367,25842.0
BCL7B,down,0.0431033746101,0.112954627,2.3202253,9275.0
SLC9A4,down,0.0431356345344,0.113018766,2.7841766,389015.0
ANKRD7,down,0.0431411541815,0.113018766,2.6863456,56311.0
THEM6,up,0.0431445316338,0.113018766,2.2079946,51337.0
PLEKHA3,up,0.0431587385791,0.113041413,3.595507,65977.0
AP5S1,up,0.0432054430157,0.11314916,2.8814215,55317.0
REL,down,0.0432199603887,0.113151198,29.2075876,5966.0
NMNAT2,down,0.0432203036092,0.113151198,3.7017304,23057.0
WDR11,up,0.0432284896845,0.113151198,3.7365821,55717.0
CCNYL1,down,0.043251700939,0.113168231,2.2822584,151195.0
BOLA3,up,0.0432790024377,0.113210518,2.4860141,388962.0
RIC8B,up,0.0433102219591,0.11323389,2.0148348,55188.0
HVCN1,up,0.0433359538975,0.113261,2.3083743,84329.0
LOC100132247,down,0.0433373087076,0.113261,2.5048739,100132247.0
ICA1,down,0.0433517012329,0.113284048,5.5065474,3382.0
PPP1R3C,up,0.0434318334912,0.113420534,11.4615692,5507.0
CLIC6,up,0.0434377665087,0.113421455,4.0833226,54102.0
CADPS,down,0.0434493208777,0.113437052,10.3593446,8618.0
CCDC126,down,0.0434898138418,0.113528187,4.085632,90693.0
EVPL,down,0.0435287998283,0.113586193,3.5554456,2125.0
CDKN2AIP,down,0.0435415877827,0.113604977,2.4252905,55602.0
POC5,up,0.0435629113143,0.113644982,3.9942752,134359.0
ZMAT2,up,0.0436028978752,0.113685975,5.8053423,153527.0
DARC,up,0.0436061925822,0.113685975,3.6036023,2532.0
PEX10,up,0.0436608455293,0.113784676,2.3185548,5192.0
GREM1,down,0.0436692051811,0.113791871,2.3240924,26585.0
FMO5,up,0.0437108756002,0.113885854,2.0507764,2330.0
ORMDL3,down,0.0437347124941,0.113933354,2.5402476,94103.0
HCK,down,0.0437512181072,0.113957195,2.8654844,3055.0
C16orf88,up,0.0437686189997,0.113977858,2.6510167,400506.0
TRIM38,down,0.0437871449126,0.113990329,8.7533652,10475.0
AKAP11,up,0.0438521125127,0.114131281,3.2822459,11215.0
ZNF785,down,0.0439046714734,0.114237423,18.2426907,146540.0
DEFB128,down,0.0439260313446,0.114241406,6.9523562,245939.0
WIF1,down,0.0439716313914,0.11434537,3.8782986,11197.0
FAM60A,down,0.0440311473328,0.114456205,2.5271652,58516.0
SGPP1,up,0.0440863814786,0.114570477,3.0932236,81537.0
ZNF519,down,0.0441218477725,0.114633332,45.2155675,162655.0
ARMC7,up,0.0441385315465,0.114662021,2.1313441,79637.0
THTPA,up,0.0442350792658,0.114824775,3.7806229,79178.0
BTG3,up,0.0442436281973,0.1148323,2.0979859,10950.0
KAT6B,down,0.0442753158503,0.114855877,2.1394172,23522.0
ABHD11,up,0.0442839674215,0.11486366,3.4612153,83451.0
CYP11B1,down,0.0443588170622,0.115043123,2.4773349,1584.0
ATG10,down,0.0444260113416,0.115162641,2.4663105,83734.0
FAM178A,up,0.0444278636353,0.115162641,4.0467964,55719.0
AURKC,up,0.0444383206178,0.115162641,2.6531207,6795.0
CD99L2,down,0.0444409421612,0.115162641,10.3229907,83692.0
TTC22,down,0.0444451942807,0.115162641,3.3650811,55001.0
ABCC3,down,0.0444458319064,0.115162641,7.3430674,8714.0
NETO2,up,0.0444718622791,0.115162641,5.3012648,81831.0
ZNF3,up,0.044472561701,0.115162641,4.3543126,7551.0
WNT2,up,0.0444989779213,0.115187829,2.549783,7472.0
E2F3,down,0.0445062393829,0.115190286,2.2705577,1871.0
DNAJB14,down,0.0445855004937,0.115302979,2.077455,79982.0
HEPN1,down,0.0446228752089,0.115374626,8.2827371,641654.0
STK16,up,0.0446396608468,0.115403346,2.1246399,8576.0
LRRC58,down,0.044686712268,0.115466238,2.1784591,116064.0
TM4SF19,up,0.0447119523023,0.11551677,9.5358059,116211.0
MCF2L2,up,0.0447387813118,0.115547622,3.5492572,23101.0
PITPNM1,up,0.0447786770479,0.115615746,2.8122392,9600.0
CA2,up,0.0447843824115,0.115615746,2.6128951,760.0
SOWAHD,up,0.044784392043,0.115615746,2.206528,347454.0
RBM27,up,0.0448076149766,0.115661008,2.1768206,54439.0
C12orf50,down,0.0449168821073,0.115898899,2.1178931,160419.0
MTMR9,up,0.0449367213358,0.115935372,2.1780167,66036.0
ZDHHC7,up,0.044956778048,0.11596337,3.9340313,55625.0
C12orf61,up,0.0449836632558,0.116008019,4.5873296,283416.0
ZNF706,up,0.045014338583,0.116008019,3.5817699,51123.0
SLC41A2,down,0.0450152125715,0.116008019,6.5915172,84102.0
POLG2,up,0.0450173125911,0.116008019,2.1818153,11232.0
CBS,down,0.0450276636233,0.116008019,12.254215,875.0
DEPDC1B,up,0.0450470928041,0.116043366,6.9203896,55789.0
PKNOX1,down,0.0450914788247,0.116133779,5.2559267,5316.0
JMJD6,down,0.0450936178264,0.116133779,2.0514235,23210.0
SLC9A3,up,0.0451044142459,0.116146867,3.1673936,6550.0
DLGAP5,up,0.0451139382496,0.116156675,4.4312091,9787.0
B4GALT5,down,0.0451492852911,0.116232961,12.1147148,9334.0
FBXL5,up,0.0451551857949,0.116233428,5.4568618,26234.0
PTPN18,up,0.0451807820695,0.116269865,3.0219361,26469.0
CXorf49,down,0.0452865172378,0.116443741,3.0196644,100130361.0
BATF3,down,0.0452937876132,0.116443741,2.0690445,55509.0
PITX2,down,0.0452941803663,0.116443741,4.0180117,5308.0
MAPK8IP2,up,0.0453093593077,0.116468032,2.0347244,23542.0
OXGR1,up,0.0453836156818,0.116644156,4.22864,27199.0
GAL3ST1,up,0.0453937883083,0.11665555,2.7952754,9514.0
SLC47A1,up,0.0454181235706,0.116673832,2.4148642,55244.0
TSC22D4,down,0.0454363049626,0.116705788,11.5730554,81628.0
MUTYH,down,0.0454676747239,0.116756853,4.237274,4595.0
DPYSL3,down,0.0454749447253,0.11676077,4.3343425,1809.0
LRRN1,up,0.0455174077098,0.116855035,6.5102092,57633.0
POLQ,down,0.0455736353089,0.116984609,5.4273844,10721.0
AFTPH,down,0.0455888473987,0.11700888,2.4396604,54812.0
LRP1,down,0.0456174821504,0.117057002,4.3752968,4035.0
PAX3,down,0.0456191150474,0.117057002,4.0151195,5077.0
SCN4A,down,0.0456571790697,0.117129281,4.6542621,6329.0
BAG2,up,0.0456588089052,0.117129281,3.8174829,9532.0
SOST,down,0.0457346851683,0.117253319,2.0768498,50964.0
HAUS2,up,0.0457385224214,0.117253319,2.1726271,55142.0
PRKAR1A,down,0.0457417744609,0.117253319,3.5556559,5573.0
LIPK,up,0.0457932413018,0.117370445,6.9221551,643414.0
KRTAP5-11,down,0.045807823657,0.117393017,4.8992628,440051.0
GTF2IRD1,up,0.0458210298969,0.117412057,5.6346365,9569.0
CCRL2,up,0.0458481871601,0.117466835,2.067166,9034.0
IL25,down,0.0459201196733,0.117621479,3.4115736,64806.0
FAM75A3,down,0.0459268552403,0.117623908,2.5587992,727830.0
SNX13,up,0.0459976567894,0.117775557,2.0640499,23161.0
PLD2,up,0.0460704656522,0.117932269,2.8916103,5338.0
CYBA,up,0.0460841030552,0.117942781,2.8347217,1535.0
UBQLNL,down,0.0461026606183,0.117970109,9.3849312,143630.0
C5orf38,up,0.046136571044,0.11801762,3.5962591,153571.0
LY6K,down,0.046143175496,0.11801762,9.272517,54742.0
SCO2,down,0.0461718223851,0.118029094,3.3923723,9997.0
MMP27,up,0.0461721687644,0.118029094,2.7371756,64066.0
NUDT22,up,0.0462040410858,0.11809012,2.1452458,84304.0
CCR6,up,0.0462141726866,0.11809012,2.2487678,1235.0
P2RY12,up,0.046216073649,0.11809012,2.9567106,64805.0
GMFB,up,0.0462220021841,0.11809012,2.533961,2764.0
IRAK4,up,0.0462250919139,0.11809012,3.3116421,51135.0
OLIG1,down,0.0462369500227,0.118105569,9.6226038,116448.0
ELMO2,down,0.0462562415443,0.118139999,6.2444011,63916.0
SH3YL1,up,0.0462673765269,0.118148477,3.6478287,26751.0
TMEM183A,up,0.0463041638205,0.118193906,2.2719121,92703.0
FAM70A,up,0.0463297694141,0.118210208,2.271499,55026.0
RAI1,up,0.0463360750013,0.118210208,2.3680422,10743.0
TNFRSF10C,down,0.0463585337022,0.118237821,2.5517824,8794.0
PARK2,down,0.0463924801943,0.118302333,2.8664818,5071.0
SDR39U1,down,0.0463954683466,0.118302333,10.823252,56948.0
WDR5,up,0.0464158439101,0.118324599,2.6853076,11091.0
ZNF728,up,0.0464688495488,0.118444867,2.114376,388523.0
PODXL,down,0.0465177116492,0.11853968,8.3228111,5420.0
GATSL3,up,0.0465359566715,0.118571307,3.0708109,652968.0
CTPS1,up,0.0465552972127,0.118605718,3.1887246,1503.0
RAPSN,down,0.0465686182517,0.118609921,4.9592974,5913.0
PDCD10,up,0.0466127093337,0.118693832,2.841494,11235.0
FABP1,up,0.0466132433418,0.118693832,2.0850639,2168.0
MAPK1,up,0.0466203883092,0.118697156,3.9364678,5594.0
ZHX1,up,0.0466460820434,0.118731489,3.6430644,11244.0
RPL13,up,0.0466477259617,0.118731489,2.3071519,6137.0
OR2A14,down,0.0466513984935,0.118731489,3.2914372,135941.0
PRKCH,down,0.04667483017,0.118776252,2.2880309,5583.0
UBAP2,down,0.0467297445855,0.118862429,5.2151585,55833.0
ZXDC,up,0.0467320869185,0.118862429,2.4757768,79364.0
WDR96,down,0.0468144215041,0.119042051,2.5155819,80217.0
TRIM62,down,0.0469180760494,0.119245243,5.1924022,55223.0
KIAA0146,down,0.0469318922936,0.119245243,2.5819688,23514.0
LARP7,down,0.0469353971447,0.119245243,3.5531712,51574.0
RNASE9,down,0.0469420337795,0.119247199,11.1527903,390443.0
C12orf60,up,0.0469488864948,0.119249702,2.34541,144608.0
CSMD3,down,0.0470166614922,0.119377095,5.2114398,114788.0
SCAP,down,0.0470367418953,0.119403565,2.7947209,22937.0
TAB1,down,0.0470388360179,0.119403565,9.1495919,10454.0
UBE2K,down,0.0470497241046,0.119416289,3.7324481,3093.0
HLA-DOA,down,0.047059724407,0.119426757,6.594189,3111.0
FAM98A,down,0.0470668267221,0.119429869,10.2889998,25940.0
ALYREF,down,0.0471109694919,0.11949446,2.1809976,10189.0
TTC5,down,0.0471157984392,0.11949446,2.5120862,91875.0
ZNF141,down,0.0471252362653,0.119503484,2.2652122,7700.0
ALDH3B2,up,0.0471618666923,0.119551626,6.3862603,222.0
VWA3A,down,0.0471931031384,0.119600975,2.9749924,146177.0
MET,up,0.047220941864,0.119656607,2.3676983,4233.0
CCT8,up,0.0472948870465,0.119814107,2.1752711,10694.0
SNX16,up,0.0473310373498,0.119860869,3.8307908,64089.0
SLC24A5,up,0.0474096918281,0.120030143,3.664743,283652.0
ZNF571,up,0.0474680762613,0.120103156,3.0290476,51276.0
TAGAP,up,0.0475077767016,0.120158731,2.2846376,117289.0
FBXO21,down,0.0475395587311,0.120202651,2.1696759,23014.0
AMOT,down,0.0475428837976,0.120202651,2.1094696,154796.0
KNCN,up,0.0475821967931,0.120257169,3.2068598,148930.0
SLC25A23,up,0.0476367015082,0.120350026,2.0208008,79085.0
ZNF514,up,0.0476543028286,0.120359428,2.62475,84874.0
ST3GAL4,up,0.0476641099266,0.120359428,3.3938703,6484.0
RIMBP2,down,0.0478004212813,0.120670509,3.4037469,23504.0
CHRNA2,up,0.0478051138823,0.120670509,2.2249065,1135.0
FOSL1,down,0.0478145649109,0.12067905,4.6843379,8061.0
PSMA3,up,0.0478244698856,0.12067905,2.0003593,5684.0
CHRM5,up,0.0478263100489,0.12067905,3.16008,1133.0
MANSC1,up,0.0478516937433,0.120720946,2.9164512,54682.0
HTATIP2,up,0.0478984158897,0.120786018,10.5319271,10553.0
ASPH,down,0.0479707664103,0.120938455,2.3179658,444.0
RBBP8,up,0.0479808227868,0.120948806,2.4652882,5932.0
AP1G2,up,0.0480318875765,0.121010451,5.9322859,8906.0
DNAJB5,down,0.0480350465142,0.121010451,2.1808215,25822.0
CLCN3,up,0.0480578479404,0.121052889,4.3177944,1182.0
ODF3,up,0.0480881403968,0.121084174,2.7025656,113746.0
AKAP9,down,0.0481240047477,0.121159469,2.0661435,10142.0
TNFSF14,down,0.0481754323648,0.121243891,2.7484699,8740.0
HGF,down,0.0481931846669,0.121273552,3.4231521,3082.0
GJB4,down,0.048200310408,0.121276468,5.8099631,127534.0
ZNF708,up,0.0482541996499,0.121382006,2.4633543,7562.0
SNAI1,up,0.0482695848283,0.12139066,2.4481971,6615.0
TMEM68,up,0.0482881675702,0.121407349,3.5047736,137695.0
LGALS4,down,0.0483453102816,0.121508325,3.0028237,3960.0
PLA2G7,up,0.0483462644171,0.121508325,2.101534,7941.0
TTC18,down,0.0484259721611,0.121678562,9.4828008,118491.0
CCDC69,down,0.0484464834725,0.121715053,6.2446625,26112.0
GFRA2,up,0.0484560844926,0.121724128,2.5493541,2675.0
ECHDC3,up,0.0484770320861,0.1217617,3.6175605,79746.0
EHD4,up,0.0485225743089,0.121861031,2.3882285,30844.0
PTPRH,down,0.0485614044434,0.121898301,9.7182605,5794.0
AURKA,up,0.0485892741857,0.121953198,3.9222269,6790.0
BPHL,down,0.0485953676622,0.121953432,2.3856621,670.0
NHLRC3,up,0.0486174648604,0.121978765,3.2172943,387921.0
OSBPL7,down,0.048643397999,0.122024404,7.1136714,114881.0
CCDC43,down,0.0486490239848,0.122024404,4.4511239,124808.0
HIST2H2BF,down,0.0487192652314,0.122173851,7.4424394,440689.0
FAM227B,down,0.0487783038005,0.122291964,2.4173226,196951.0
IPO7,down,0.0487783985279,0.122291964,2.2555506,10527.0
FIG4,up,0.0488006120525,0.122326293,2.9398552,9896.0
RBP4,down,0.048804128447,0.122326293,2.0380541,5950.0
TMEM202,down,0.0489145284724,0.122557667,8.2144869,338949.0
NIPBL,down,0.0489530972143,0.122571414,2.8218859,25836.0
AMELX,up,0.0489861130286,0.122616537,3.1109088,265.0
EMR3,down,0.0490619896689,0.122790905,5.2343425,84658.0
KRT76,up,0.0491763310414,0.122955951,2.2154801,51350.0
TERT,down,0.0491842853773,0.122960713,2.282932,7015.0
USP21,up,0.0492012432192,0.12298798,2.3038126,27005.0
PHF23,down,0.049242577805,0.123061035,3.1399835,79142.0
TTF1,up,0.0492518529315,0.123069082,2.8576651,7270.0
NR0B2,down,0.0492664620292,0.123090454,14.4530079,8431.0
SCUBE2,up,0.0492747167289,0.123095271,2.2527319,57758.0
HIST1H2BC,down,0.049280502924,0.123095271,12.2180355,8347.0
CABYR,down,0.0493711432851,0.123247599,8.1397727,26256.0
ANXA7,up,0.0494511363234,0.123400165,2.1815673,310.0
WARS2,up,0.0494611934883,0.12341011,2.4191931,10352.0
PHACTR3,up,0.0494877508006,0.123429297,2.1781606,116154.0
NCAPD3,down,0.0494931745852,0.123429297,2.0246475,23310.0
POR,up,0.0495067232776,0.123433808,2.3468271,5447.0
HSD3B7,down,0.0495071294777,0.123433808,4.7630286,80270.0
SYNE4,down,0.0495372487267,0.123493754,3.0271867,163183.0
TDRD3,down,0.049556432184,0.123511279,2.0895318,81550.0
CCL1,up,0.049569699631,0.123529199,5.4944957,6346.0
ATG13,up,0.0496080609656,0.123609641,2.2814669,9776.0
ENG,down,0.0496500753079,0.123699164,52.3238938,2022.0
SNRPD3,down,0.0497130609031,0.123825731,2.2254959,6634.0
RAB3IL1,down,0.0497802583701,0.12391739,3.1131643,5866.0
MARK2,down,0.0497852307437,0.12391739,5.1838973,2011.0
PCDHGC5,down,0.0497936512694,0.12391739,3.4028402,56097.0
TMIGD2,down,0.0497968139092,0.12391739,5.3740482,126259.0
C16orf95,up,0.049797806391,0.12391739,3.2079584,100506581.0
GAS2,up,0.0498036484211,0.12391739,2.3965795,2620.0
TXNDC2,down,0.0498048276023,0.12391739,2.9299527,84203.0
C8orf31,down,0.0498323866178,0.123925518,4.0352942,286122.0
ADAT2,down,0.0498455385129,0.12394306,2.7884293,134637.0
COL1A2,down,0.0498571318705,0.123947975,2.8441676,1278.0
MYO18A,up,0.0498747123218,0.123970102,2.7222622,399687.0
HPCAL1,down,0.0498817985767,0.123972555,2.5220936,3241.0
PANK3,up,0.0498951755019,0.123973727,2.9077779,79646.0
PSG1,down,0.0499005686167,0.123973727,3.7401703,5669.0
SNAP25,up,0.0499286159238,0.124008,2.0583297,6616.0
EMP2,up,0.0499442101505,0.124021511,4.470078,2013.0
ANKH,up,0.0499670961601,0.124037719,3.9046474,56172.0
CDHR1,down,0.0499690450621,0.124037719,2.2933343,92211.0
