#node1	node2	node1_string_id	node2_string_id	neighborhood_on_chromosome	gene_fusion	phylogenetic_cooccurrence	homology	coexpression	experimentally_determined_interaction	database_annotated	automated_textmining	combined_score
ACADVL	NDUFA9	9606.ENSP00000438689	9606.ENSP00000266544	0	0	0	0	0.161	0	0.182	0.278	0.462
ACADVL	HADHB	9606.ENSP00000438689	9606.ENSP00000325136	0.054	0	0	0	0.391	0.099	0.918	0.763	0.988
ACADVL	ALDH3A2	9606.ENSP00000438689	9606.ENSP00000345774	0.042	0	0	0	0.160	0	0.182	0.239	0.433
ACADVL	ALDH9A1	9606.ENSP00000438689	9606.ENSP00000346827	0.042	0	0	0	0.145	0	0.182	0.233	0.418
ACADVL	NDUFAB1	9606.ENSP00000438689	9606.ENSP00000458770	0.057	0	0	0	0.083	0	0.265	0.185	0.413
ACADVL	NDUFV1	9606.ENSP00000438689	9606.ENSP00000497587	0	0	0	0	0.377	0	0	0.349	0.577
ACTG1	ITGB4	9606.ENSP00000458162	9606.ENSP00000200181	0	0	0	0	0.042	0.070	0.900	0.163	0.915
ACTG1	MYH9	9606.ENSP00000458162	9606.ENSP00000216181	0	0	0	0	0.177	0.337	0.900	0.645	0.978
ACTG1	PFN1	9606.ENSP00000458162	9606.ENSP00000225655	0	0	0	0	0.252	0.301	0.900	0.871	0.992
ACTG1	ARPC3	9606.ENSP00000458162	9606.ENSP00000228825	0	0	0	0	0.201	0.405	0.900	0.339	0.964
ACTG1	IQGAP1	9606.ENSP00000458162	9606.ENSP00000268182	0	0	0	0	0.067	0.247	0.900	0.292	0.943
ACTG1	ARPC5	9606.ENSP00000458162	9606.ENSP00000294742	0	0	0	0	0.072	0.386	0.900	0.282	0.953
ACTG1	ITGA2	9606.ENSP00000458162	9606.ENSP00000296585	0	0	0	0	0.047	0	0.650	0.430	0.793
ACTG1	SCIN	9606.ENSP00000458162	9606.ENSP00000297029	0	0	0	0	0.053	0.237	0	0.667	0.738
ACTG1	CFL2	9606.ENSP00000458162	9606.ENSP00000298159	0	0	0	0	0.089	0.854	0.900	0.779	0.996
ACTG1	PPP1CA	9606.ENSP00000458162	9606.ENSP00000326031	0	0	0.279	0	0.176	0.095	0	0.154	0.484
ACTG1	ITGA11	9606.ENSP00000458162	9606.ENSP00000327290	0	0	0	0	0	0	0.650	0.092	0.668
ACTG1	WASF3	9606.ENSP00000458162	9606.ENSP00000335055	0	0	0	0	0	0.202	0.900	0.107	0.922
ACTG1	FN1	9606.ENSP00000458162	9606.ENSP00000346839	0	0	0	0	0.049	0.067	0	0.760	0.768
ACTG1	TJP1	9606.ENSP00000458162	9606.ENSP00000348416	0	0	0	0	0.047	0.045	0.900	0.158	0.913
ACTG1	RAC1	9606.ENSP00000458162	9606.ENSP00000348461	0	0	0	0	0.126	0.070	0.500	0.197	0.630
ACTG1	PIP5K1A	9606.ENSP00000458162	9606.ENSP00000357883	0	0	0	0	0.048	0.058	0.900	0.076	0.906
ACTG1	FLNA	9606.ENSP00000458162	9606.ENSP00000358866	0	0	0	0	0.110	0.194	0	0.652	0.729
ACTG1	ITGB1	9606.ENSP00000458162	9606.ENSP00000379350	0	0	0	0	0.102	0.077	0.900	0.530	0.955
ACTG1	MYH11	9606.ENSP00000458162	9606.ENSP00000379616	0	0	0	0	0.086	0.238	0.900	0.269	0.942
ACTG1	CTNND1	9606.ENSP00000458162	9606.ENSP00000382004	0	0	0	0	0.048	0.292	0	0.520	0.648
ACTG1	RHOA	9606.ENSP00000458162	9606.ENSP00000400175	0	0	0	0	0.171	0.070	0.900	0.359	0.944
ACTG1	NCK1	9606.ENSP00000458162	9606.ENSP00000417273	0	0	0	0	0.064	0.042	0.500	0.123	0.554
ACTG1	CFL1	9606.ENSP00000458162	9606.ENSP00000432660	0	0	0	0	0.521	0.840	0.900	0.790	0.998
ACTG1	ITGB3	9606.ENSP00000458162	9606.ENSP00000452786	0	0	0	0	0.043	0.070	0.900	0.141	0.913
ACTG1	IKBKG	9606.ENSP00000458162	9606.ENSP00000483825	0	0	0	0	0.042	0.420	0	0.061	0.432
ACTG1	CYFIP2	9606.ENSP00000458162	9606.ENSP00000479719	0	0	0	0	0.049	0.226	0.500	0.139	0.641
ACTG1	PIP5K1C	9606.ENSP00000458162	9606.ENSP00000466363	0	0	0	0	0.048	0.058	0.900	0.130	0.911
ACTG1	MYL12B	9606.ENSP00000458162	9606.ENSP00000463559	0	0	0	0	0.166	0.126	0.900	0.303	0.942
ACTG1	CDC42	9606.ENSP00000458162	9606.ENSP00000497733	0	0	0	0	0.118	0.070	0.900	0.537	0.957
ACTG1	MYH14	9606.ENSP00000458162	9606.ENSP00000493594	0	0	0	0	0.042	0.903	0.900	0.284	0.992
ADH7	ALDH3A2	9606.ENSP00000420269	9606.ENSP00000345774	0.048	0	0	0	0.135	0	0.706	0.554	0.878
ADH7	ALDH9A1	9606.ENSP00000420269	9606.ENSP00000346827	0.048	0	0	0	0.107	0	0.706	0.538	0.869
ADH7	GSTM3	9606.ENSP00000420269	9606.ENSP00000354357	0	0	0	0	0.086	0.070	0.650	0.182	0.724
ADH7	MGST3	9606.ENSP00000420269	9606.ENSP00000356864	0	0	0	0	0	0	0.650	0.115	0.677
ADH7	GSTA4	9606.ENSP00000420269	9606.ENSP00000360002	0	0	0	0	0.058	0.070	0.650	0.167	0.710
ADH7	MGST2	9606.ENSP00000420269	9606.ENSP00000482639	0	0	0	0	0.042	0	0.650	0.091	0.668
AKT3	MAPK14	9606.ENSP00000500582	9606.ENSP00000229795	0	0	0.115	0.632	0.048	0.110	0.900	0.162	0.925
AKT3	PPP2R5A	9606.ENSP00000500582	9606.ENSP00000261461	0	0	0	0	0	0.154	0.650	0.169	0.732
AKT3	MAPK3	9606.ENSP00000500582	9606.ENSP00000263025	0	0	0	0.595	0.099	0.110	0.900	0.215	0.928
AKT3	RPS6KB2	9606.ENSP00000500582	9606.ENSP00000308413	0	0	0.072	0.853	0.083	0.095	0.900	0.335	0.939
AKT3	CREB3L2	9606.ENSP00000500582	9606.ENSP00000329140	0	0	0	0	0.049	0	0.650	0.108	0.677
AKT3	ATF4	9606.ENSP00000500582	9606.ENSP00000336790	0	0	0	0	0	0	0.650	0.113	0.676
AKT3	FOXO3	9606.ENSP00000500582	9606.ENSP00000339527	0	0	0	0	0	0.312	0.900	0.546	0.966
AKT3	STAT5A	9606.ENSP00000500582	9606.ENSP00000341208	0	0	0	0	0.104	0.096	0	0.541	0.596
AKT3	CREB3	9606.ENSP00000500582	9606.ENSP00000342136	0	0	0	0	0.067	0	0.650	0.166	0.703
AKT3	RAC1	9606.ENSP00000500582	9606.ENSP00000348461	0	0	0	0	0.074	0.110	0.500	0.188	0.620
AKT3	CREB1	9606.ENSP00000500582	9606.ENSP00000387699	0	0	0	0	0.083	0	0.650	0.326	0.765
AKT3	PPP2CA	9606.ENSP00000500582	9606.ENSP00000418447	0	0	0	0	0	0.330	0.650	0.167	0.787
AKT3	PIK3R1	9606.ENSP00000500582	9606.ENSP00000428056	0	0	0	0	0.071	0.093	0.900	0.768	0.977
AKT3	LYN	9606.ENSP00000500582	9606.ENSP00000428924	0	0	0.169	0.569	0.058	0.045	0.500	0.105	0.604
AKT3	IKBKG	9606.ENSP00000500582	9606.ENSP00000483825	0	0	0	0	0	0.072	0.900	0.193	0.918
AKT3	CDC42	9606.ENSP00000500582	9606.ENSP00000497733	0	0	0	0	0.106	0.110	0	0.306	0.400
ALDH3A2	HADHB	9606.ENSP00000345774	9606.ENSP00000325136	0	0	0	0	0.161	0	0.214	0.336	0.524
ALDH9A1	NDUFA2	9606.ENSP00000346827	9606.ENSP00000252102	0	0	0	0	0.101	0	0	0.389	0.427
ALDH9A1	HADHB	9606.ENSP00000346827	9606.ENSP00000325136	0	0	0	0	0.234	0.087	0.214	0.541	0.714
APC	SKP1	9606.ENSP00000257430	9606.ENSP00000231487	0	0	0	0	0.048	0	0.900	0.466	0.944
APC	WIF1	9606.ENSP00000257430	9606.ENSP00000286574	0	0	0	0	0.055	0	0	0.418	0.426
APC	WNT5A	9606.ENSP00000257430	9606.ENSP00000264634	0	0	0	0	0	0.058	0	0.448	0.458
APC	FRAT2	9606.ENSP00000257430	9606.ENSP00000360058	0	0	0	0	0	0	0.400	0.139	0.461
APC	DKK1	9606.ENSP00000257430	9606.ENSP00000363081	0	0	0	0	0	0	0	0.507	0.507
APC	CSNK2B	9606.ENSP00000257430	9606.ENSP00000365042	0	0	0	0	0	0.292	0	0.390	0.550
APC	PPP2CA	9606.ENSP00000257430	9606.ENSP00000418447	0	0	0	0	0.110	0.052	0.500	0.118	0.578
APC	HDAC1	9606.ENSP00000257430	9606.ENSP00000362649	0	0	0	0	0.057	0.068	0.500	0.174	0.588
APC	PPP2R5A	9606.ENSP00000257430	9606.ENSP00000261461	0	0	0	0	0.042	0.226	0.500	0.125	0.632
APC	WNT2	9606.ENSP00000257430	9606.ENSP00000265441	0	0	0	0	0	0.058	0.540	0.326	0.682
APC	IQGAP1	9606.ENSP00000257430	9606.ENSP00000268182	0	0	0	0	0.042	0	0	0.731	0.731
APC	CTNND1	9606.ENSP00000257430	9606.ENSP00000382004	0	0	0	0	0.056	0.087	0.720	0.202	0.781
APC	CDC42	9606.ENSP00000257430	9606.ENSP00000497733	0	0	0	0	0.043	0.628	0	0.648	0.864
APC	TBL1XR1	9606.ENSP00000257430	9606.ENSP00000405574	0	0	0	0	0.049	0.060	0.900	0.043	0.903
APC	TBL1X	9606.ENSP00000257430	9606.ENSP00000495556	0	0	0	0	0.049	0.060	0.900	0.096	0.908
APC	ASAP1	9606.ENSP00000257430	9606.ENSP00000429900	0	0	0	0	0.055	0.964	0	0	0.964
APC	CTBP1	9606.ENSP00000257430	9606.ENSP00000290921	0	0	0	0	0	0.789	0.800	0.257	0.965
APC	AXIN1	9606.ENSP00000257430	9606.ENSP00000262320	0	0	0	0	0.054	0.994	0.900	0.996	0.999
ARAF	PPP2R5A	9606.ENSP00000290277	9606.ENSP00000261461	0	0	0	0	0.074	0.095	0.400	0.092	0.482
ARAF	MAPK3	9606.ENSP00000290277	9606.ENSP00000263025	0	0	0	0.592	0.118	0.110	0.500	0.265	0.673
ARAF	IQGAP1	9606.ENSP00000290277	9606.ENSP00000268182	0	0	0	0	0.044	0	0.500	0.175	0.571
ARAF	FLT1	9606.ENSP00000290277	9606.ENSP00000282397	0	0	0	0.571	0.086	0.074	0	0.418	0.465
ARAF	MRAS	9606.ENSP00000290277	9606.ENSP00000289104	0	0	0	0	0.074	0.284	0.900	0.366	0.952
ARAF	PTPN11	9606.ENSP00000290277	9606.ENSP00000489597	0	0	0	0	0.042	0.098	0	0.419	0.454
ARAF	GAB2	9606.ENSP00000290277	9606.ENSP00000354952	0	0	0	0	0	0	0	0.486	0.485
ARAF	PPP2CA	9606.ENSP00000290277	9606.ENSP00000418447	0	0	0	0	0.049	0.097	0.400	0.146	0.501
ARAF	ITGB3	9606.ENSP00000290277	9606.ENSP00000452786	0	0	0	0	0	0.052	0.500	0.047	0.508
ARAF	ATG7	9606.ENSP00000290277	9606.ENSP00000346437	0	0	0	0	0.122	0.065	0.400	0.168	0.535
ARAF	FN1	9606.ENSP00000290277	9606.ENSP00000346839	0	0	0	0	0.055	0	0.500	0.117	0.546
ARAF	RELA	9606.ENSP00000290277	9606.ENSP00000384273	0	0	0	0	0.304	0.098	0	0.467	0.636
ARAF	PRKCE	9606.ENSP00000290277	9606.ENSP00000306124	0	0	0	0.567	0	0.087	0.650	0.071	0.677
ARAF	PRKCH	9606.ENSP00000290277	9606.ENSP00000329127	0	0	0	0.565	0.049	0.087	0.650	0.071	0.680
ARAF	CSNK2B	9606.ENSP00000290277	9606.ENSP00000365042	0	0	0	0	0.095	0.470	0	0.461	0.719
ARAF	PIK3R1	9606.ENSP00000290277	9606.ENSP00000428056	0	0	0	0	0.042	0.536	0	0.576	0.795
ARAF	PRKACA	9606.ENSP00000290277	9606.ENSP00000309591	0	0	0	0.587	0.072	0.088	0.900	0.123	0.915
ARAF	RAP1A	9606.ENSP00000290277	9606.ENSP00000358723	0	0	0	0	0.092	0.284	0.900	0.255	0.945
ARF6	HGF	9606.ENSP00000298316	9606.ENSP00000222390	0	0	0	0	0	0.064	0.500	0.305	0.646
ARF6	PFN1	9606.ENSP00000298316	9606.ENSP00000225655	0	0	0	0	0.150	0.101	0	0.294	0.414
ARF6	PLD2	9606.ENSP00000298316	9606.ENSP00000263088	0	0	0	0	0	0.071	0.900	0.836	0.983
ARF6	PIKFYVE	9606.ENSP00000298316	9606.ENSP00000264380	0	0	0	0	0.047	0.050	0	0.855	0.857
ARF6	ZAP70	9606.ENSP00000298316	9606.ENSP00000264972	0	0.002	0	0	0.074	0.110	0	0.424	0.484
ARF6	IQGAP1	9606.ENSP00000298316	9606.ENSP00000268182	0	0	0	0	0.062	0.226	0	0.727	0.785
ARF6	CFL2	9606.ENSP00000298316	9606.ENSP00000298159	0	0	0	0	0.067	0.045	0	0.444	0.461
ARF6	ROCK1	9606.ENSP00000298316	9606.ENSP00000382697	0	0	0	0	0.099	0.154	0	0.299	0.419
ARF6	CFL1	9606.ENSP00000298316	9606.ENSP00000432660	0	0	0	0	0.110	0.045	0	0.446	0.488
ARF6	FLNA	9606.ENSP00000298316	9606.ENSP00000358866	0	0	0	0	0.060	0.048	0	0.538	0.551
ARF6	RAC1	9606.ENSP00000298316	9606.ENSP00000348461	0	0	0	0	0.080	0.068	0	0.598	0.625
ARF6	CRK	9606.ENSP00000298316	9606.ENSP00000300574	0	0	0	0	0.124	0	0.500	0.334	0.683
ARF6	RHOA	9606.ENSP00000298316	9606.ENSP00000400175	0	0	0	0	0.096	0.058	0	0.696	0.719
ARF6	MET	9606.ENSP00000298316	9606.ENSP00000317272	0	0	0	0	0.074	0.274	0.500	0.288	0.728
ARF6	CDC42	9606.ENSP00000298316	9606.ENSP00000497733	0	0	0	0	0.105	0.068	0	0.713	0.740
ARF6	IKBKG	9606.ENSP00000298316	9606.ENSP00000483825	0	0	0	0	0.044	0.292	0	0.851	0.890
ARF6	PIP5K1A	9606.ENSP00000298316	9606.ENSP00000357883	0	0	0	0	0.047	0.160	0.900	0.614	0.964
ARF6	PIP5K1C	9606.ENSP00000298316	9606.ENSP00000466363	0	0	0	0	0	0.531	0.900	0.507	0.974
ARF6	ASAP1	9606.ENSP00000298316	9606.ENSP00000429900	0	0	0	0	0.042	0.535	0.900	0.827	0.991
ARHGAP5	RAC1	9606.ENSP00000371897	9606.ENSP00000348461	0	0	0	0	0	0.177	0.400	0.144	0.541
ARHGAP5	ROCK1	9606.ENSP00000371897	9606.ENSP00000382697	0	0	0	0	0.121	0.066	0	0.354	0.423
ARHGAP5	ITGB1	9606.ENSP00000371897	9606.ENSP00000379350	0	0	0	0	0.049	0.071	0	0.423	0.446
ARHGAP5	CTNND1	9606.ENSP00000371897	9606.ENSP00000382004	0	0	0	0	0.088	0	0	0.733	0.746
ARHGAP5	CDC42	9606.ENSP00000371897	9606.ENSP00000497733	0	0	0	0	0	0.214	0.400	0.552	0.770
ARHGAP5	RHOA	9606.ENSP00000371897	9606.ENSP00000400175	0	0	0	0	0	0.708	0.900	0.757	0.992
ARHGEF1	AXIN1	9606.ENSP00000337261	9606.ENSP00000262320	0	0	0	0	0.062	0	0	0.425	0.437
ARHGEF1	CFL2	9606.ENSP00000337261	9606.ENSP00000298159	0	0	0	0	0.047	0	0	0.570	0.573
ARHGEF1	PPP1R12A	9606.ENSP00000337261	9606.ENSP00000389168	0	0	0	0	0.078	0	0	0.409	0.432
ARHGEF1	VAV3	9606.ENSP00000337261	9606.ENSP00000359073	0	0	0	0.554	0	0	0.400	0.131	0.456
ARHGEF1	RAP1A	9606.ENSP00000337261	9606.ENSP00000358723	0	0	0	0	0.042	0.360	0	0.205	0.470
ARHGEF1	VAV1	9606.ENSP00000337261	9606.ENSP00000472929	0	0	0	0.556	0.084	0	0.400	0.187	0.514
ARHGEF1	FN1	9606.ENSP00000337261	9606.ENSP00000346839	0	0	0	0	0	0.072	0	0.508	0.523
ARHGEF1	RAC1	9606.ENSP00000337261	9606.ENSP00000348461	0	0	0	0	0.086	0.134	0.400	0.172	0.554
ARHGEF1	CFL1	9606.ENSP00000337261	9606.ENSP00000432660	0	0	0	0	0.060	0	0	0.568	0.577
ARHGEF1	ROCK1	9606.ENSP00000337261	9606.ENSP00000382697	0	0	0	0	0.074	0.068	0.500	0.581	0.795
ARHGEF1	ARHGEF11	9606.ENSP00000337261	9606.ENSP00000357177	0	0	0	0.790	0.050	0	0.900	0.278	0.925
ARHGEF1	CDC42	9606.ENSP00000337261	9606.ENSP00000497733	0	0	0	0	0.088	0.134	0.900	0.556	0.960
ARHGEF1	RHOA	9606.ENSP00000337261	9606.ENSP00000400175	0	0	0	0	0.100	0.760	0.900	0.906	0.997
ARHGEF11	TJP1	9606.ENSP00000357177	9606.ENSP00000348416	0	0	0	0	0.042	0.057	0	0.790	0.793
ARHGEF11	RAC1	9606.ENSP00000357177	9606.ENSP00000348461	0	0	0	0	0.086	0.234	0.400	0.157	0.598
ARHGEF11	CFL1	9606.ENSP00000357177	9606.ENSP00000432660	0	0	0	0	0.047	0	0	0.398	0.402
ARHGEF11	PPP1R12A	9606.ENSP00000357177	9606.ENSP00000389168	0	0	0	0	0.053	0	0	0.417	0.425
ARHGEF11	ROCK1	9606.ENSP00000357177	9606.ENSP00000382697	0	0	0	0	0.058	0.068	0.500	0.412	0.707
ARHGEF11	CDC42	9606.ENSP00000357177	9606.ENSP00000497733	0	0	0	0	0.086	0.648	0.400	0.518	0.894
ARHGEF11	RHOA	9606.ENSP00000357177	9606.ENSP00000400175	0	0	0	0	0.093	0.983	0.900	0.963	0.999
ARPC3	MYH9	9606.ENSP00000228825	9606.ENSP00000216181	0	0	0	0	0.106	0.167	0.500	0.158	0.645
ARPC3	PFN1	9606.ENSP00000228825	9606.ENSP00000225655	0	0	0	0	0.240	0	0	0.458	0.571
ARPC3	RHOA	9606.ENSP00000228825	9606.ENSP00000400175	0	0	0	0	0.187	0.045	0	0.325	0.430
ARPC3	PAK2	9606.ENSP00000228825	9606.ENSP00000314067	0	0	0	0	0.049	0.065	0	0.464	0.481
ARPC3	CFL2	9606.ENSP00000228825	9606.ENSP00000298159	0	0	0	0	0.076	0	0	0.472	0.492
ARPC3	FCGR3A	9606.ENSP00000228825	9606.ENSP00000356946	0	0	0	0	0.056	0	0.500	0	0.507
ARPC3	CFL1	9606.ENSP00000228825	9606.ENSP00000432660	0	0	0	0	0.132	0	0	0.472	0.522
ARPC3	RAC1	9606.ENSP00000228825	9606.ENSP00000348461	0	0	0	0	0.095	0.045	0.500	0.135	0.576
ARPC3	IQGAP1	9606.ENSP00000228825	9606.ENSP00000268182	0	0	0	0	0.074	0.162	0	0.515	0.590
ARPC3	NCK1	9606.ENSP00000228825	9606.ENSP00000417273	0	0	0	0	0.063	0	0.500	0.293	0.640
ARPC3	WASF3	9606.ENSP00000228825	9606.ENSP00000335055	0	0	0	0	0	0.100	0.650	0.332	0.771
ARPC3	CYFIP2	9606.ENSP00000228825	9606.ENSP00000479719	0	0	0	0	0.083	0	0.650	0.344	0.771
ARPC3	CDC42	9606.ENSP00000228825	9606.ENSP00000497733	0	0	0	0	0.446	0.166	0.500	0.396	0.841
ARPC3	ARPC5	9606.ENSP00000228825	9606.ENSP00000294742	0	0	0	0	0.803	0.997	0.900	0.999	0.999
ARPC5	MYH9	9606.ENSP00000294742	9606.ENSP00000216181	0	0	0	0	0.138	0.049	0.500	0.188	0.622
ARPC5	PFN1	9606.ENSP00000294742	9606.ENSP00000225655	0	0	0	0	0.187	0	0	0.457	0.540
ARPC5	CFL2	9606.ENSP00000294742	9606.ENSP00000298159	0	0	0	0	0.106	0	0	0.415	0.455
ARPC5	RHOA	9606.ENSP00000294742	9606.ENSP00000400175	0	0	0	0	0.426	0	0	0.214	0.530
ARPC5	FCGR3A	9606.ENSP00000294742	9606.ENSP00000356946	0	0	0	0	0.108	0	0.500	0	0.534
ARPC5	RAC1	9606.ENSP00000294742	9606.ENSP00000348461	0	0	0	0	0.088	0	0.500	0.109	0.558
ARPC5	CFL1	9606.ENSP00000294742	9606.ENSP00000432660	0	0	0	0	0.304	0	0	0.420	0.579
ARPC5	NCK1	9606.ENSP00000294742	9606.ENSP00000417273	0	0	0	0	0.073	0	0.500	0.184	0.589
ARPC5	WASF3	9606.ENSP00000294742	9606.ENSP00000335055	0	0	0	0	0	0	0.650	0.240	0.722
ARPC5	CYFIP2	9606.ENSP00000294742	9606.ENSP00000479719	0	0	0	0	0.093	0	0.650	0.296	0.757
ARPC5	CDC42	9606.ENSP00000294742	9606.ENSP00000497733	0	0	0	0	0.265	0.315	0.500	0.317	0.805
ASAP1	CBL	9606.ENSP00000429900	9606.ENSP00000264033	0	0	0	0	0.128	0.297	0	0.240	0.494
ASAP1	CRK	9606.ENSP00000429900	9606.ENSP00000300574	0	0	0	0	0.050	0.748	0	0.711	0.924
ASAP1	HCK	9606.ENSP00000429900	9606.ENSP00000365012	0	0	0	0	0.084	0.416	0	0.125	0.491
ASAP1	NCK1	9606.ENSP00000429900	9606.ENSP00000417273	0	0	0	0	0.044	0.332	0	0.149	0.410
ASAP1	IKBKG	9606.ENSP00000429900	9606.ENSP00000483825	0	0	0	0	0.042	0	0	0.970	0.970
ATF4	CREBBP	9606.ENSP00000336790	9606.ENSP00000262367	0	0	0	0	0.042	0.783	0.900	0.478	0.987
ATF4	MAPK3	9606.ENSP00000336790	9606.ENSP00000263025	0	0	0	0	0	0	0.650	0.317	0.750
ATF4	PRKACA	9606.ENSP00000336790	9606.ENSP00000309591	0	0	0	0	0	0	0.900	0.291	0.926
ATF4	PPP1CA	9606.ENSP00000336790	9606.ENSP00000326031	0	0	0	0	0.048	0	0.650	0.138	0.687
ATF4	CREB3L2	9606.ENSP00000336790	9606.ENSP00000329140	0	0	0	0	0	0	0.900	0.303	0.927
ATF4	ATG7	9606.ENSP00000336790	9606.ENSP00000346437	0	0	0	0	0	0	0	0.428	0.428
ATF4	GCLM	9606.ENSP00000336790	9606.ENSP00000359258	0	0	0	0	0	0	0	0.660	0.660
ATF4	CREB3	9606.ENSP00000336790	9606.ENSP00000342136	0	0	0	0	0.048	0.133	0.900	0.360	0.940
ATF4	CREB1	9606.ENSP00000336790	9606.ENSP00000387699	0	0	0	0	0	0.095	0.900	0.591	0.959
ATG4A	ATG4D	9606.ENSP00000361306	9606.ENSP00000311318	0	0	0	0.796	0.049	0	0	0.491	0.495
ATG4A	ATG7	9606.ENSP00000361306	9606.ENSP00000346437	0	0	0	0	0.119	0.163	0	0.872	0.897
ATG4D	ATG7	9606.ENSP00000311318	9606.ENSP00000346437	0	0	0	0	0.107	0.139	0	0.899	0.916
ATG7	MAPK3	9606.ENSP00000346437	9606.ENSP00000263025	0	0	0	0	0.123	0.045	0	0.434	0.485
ATG7	RPS6KB2	9606.ENSP00000346437	9606.ENSP00000308413	0	0	0	0	0.062	0	0	0.416	0.429
ATG7	FOXO3	9606.ENSP00000346437	9606.ENSP00000339527	0	0	0	0	0.060	0.059	0	0.781	0.790
ATG7	HDAC1	9606.ENSP00000346437	9606.ENSP00000362649	0	0	0	0	0.074	0.045	0	0.538	0.556
ATP6V0B	COX6A1	9606.ENSP00000434729	9606.ENSP00000229379	0	0	0	0	0.236	0.068	0	0.316	0.470
ATP6V0B	ATP6V1E1	9606.ENSP00000434729	9606.ENSP00000253413	0.086	0	0	0	0.651	0.967	0.820	0.716	0.999
ATP6V0B	ATP6V0D1	9606.ENSP00000434729	9606.ENSP00000290949	0.086	0	0	0	0.718	0.967	0.935	0.847	0.999
ATP6V0B	ATP6V1G2	9606.ENSP00000434729	9606.ENSP00000302194	0	0	0	0	0.139	0.941	0.720	0.708	0.995
ATP6V0B	UQCRFS1	9606.ENSP00000434729	9606.ENSP00000306397	0	0	0	0	0.418	0	0	0.303	0.577
ATP6V0B	COX5A	9606.ENSP00000434729	9606.ENSP00000317780	0	0	0	0	0.316	0.112	0	0.280	0.525
ATP6V0B	ATP6V0C	9606.ENSP00000434729	9606.ENSP00000329757	0	0	0	0.803	0.826	0.991	0.967	0.718	0.999
ATP6V0B	UQCRQ	9606.ENSP00000434729	9606.ENSP00000367939	0	0	0	0	0.321	0	0	0.290	0.498
ATP6V0B	ATP6V0E2	9606.ENSP00000434729	9606.ENSP00000411672	0	0	0	0	0.115	0.841	0.720	0.799	0.991
ATP6V0B	NDUFAB1	9606.ENSP00000434729	9606.ENSP00000458770	0.055	0	0	0	0.283	0	0	0.256	0.452
ATP6V0C	COX6A1	9606.ENSP00000329757	9606.ENSP00000229379	0	0	0	0	0.204	0.076	0	0.335	0.469
ATP6V0C	ATP6V1E1	9606.ENSP00000329757	9606.ENSP00000253413	0.086	0	0	0	0.596	0.967	0.820	0.830	0.999
ATP6V0C	ATP6V0D1	9606.ENSP00000329757	9606.ENSP00000290949	0.086	0	0	0	0.676	0.992	0.935	0.842	0.999
ATP6V0C	ATP6V1G2	9606.ENSP00000329757	9606.ENSP00000302194	0	0	0	0	0.111	0.906	0.720	0.630	0.990
ATP6V0C	UQCRFS1	9606.ENSP00000329757	9606.ENSP00000306397	0	0	0	0	0.418	0	0	0.334	0.596
ATP6V0C	COX5A	9606.ENSP00000329757	9606.ENSP00000317780	0	0	0	0	0.325	0.112	0	0.216	0.489
ATP6V0C	NDUFAB1	9606.ENSP00000329757	9606.ENSP00000458770	0.055	0	0	0	0.253	0	0	0.234	0.412
ATP6V0C	UQCRQ	9606.ENSP00000329757	9606.ENSP00000367939	0	0	0	0	0.305	0	0	0.259	0.463
ATP6V0C	ATP6V0E2	9606.ENSP00000329757	9606.ENSP00000411672	0	0	0	0	0.140	0.841	0.720	0.491	0.977
ATP6V0D1	COX6A1	9606.ENSP00000290949	9606.ENSP00000229379	0	0	0	0	0.083	0	0	0.501	0.523
ATP6V0D1	ATP6V1E1	9606.ENSP00000290949	9606.ENSP00000253413	0.111	0	0	0	0.731	0.969	0.956	0.831	0.999
ATP6V0D1	NDUFC1	9606.ENSP00000290949	9606.ENSP00000441126	0	0	0	0	0.042	0	0	0.478	0.479
ATP6V0D1	ATP6V0E2	9606.ENSP00000290949	9606.ENSP00000411672	0	0	0	0	0.084	0.748	0.720	0.292	0.948
ATP6V0D1	ATP6V1G2	9606.ENSP00000290949	9606.ENSP00000302194	0	0	0	0	0.111	0.764	0.720	0.710	0.980
ATP6V0E2	ATP6V1E1	9606.ENSP00000411672	9606.ENSP00000253413	0	0	0	0	0.142	0.748	0.720	0.448	0.962
ATP6V0E2	ATP6V1G2	9606.ENSP00000411672	9606.ENSP00000302194	0	0	0	0	0.192	0.788	0.720	0.470	0.971
ATP6V1E1	COX7A2	9606.ENSP00000253413	9606.ENSP00000359098	0	0	0	0	0.272	0	0	0.266	0.444
ATP6V1E1	NDUFB5	9606.ENSP00000253413	9606.ENSP00000259037	0	0	0	0	0.195	0	0	0.339	0.446
ATP6V1E1	COX5A	9606.ENSP00000253413	9606.ENSP00000317780	0	0	0	0	0.314	0	0	0.271	0.478
ATP6V1E1	ATP6V1G2	9606.ENSP00000253413	9606.ENSP00000302194	0	0	0	0	0.204	0.953	0.720	0.837	0.998
ATP6V1G2	UQCRQ	9606.ENSP00000302194	9606.ENSP00000367939	0	0	0	0	0.240	0	0	0.286	0.434
AXIN1	SKP1	9606.ENSP00000262320	9606.ENSP00000231487	0	0	0	0	0	0	0.500	0.588	0.785
AXIN1	PPP2R5A	9606.ENSP00000262320	9606.ENSP00000261461	0	0	0	0	0.067	0.606	0.500	0.290	0.852
AXIN1	PRKACA	9606.ENSP00000262320	9606.ENSP00000309591	0	0	0	0	0.060	0	0	0.390	0.402
AXIN1	FOXO3	9606.ENSP00000262320	9606.ENSP00000339527	0	0	0	0	0.060	0	0	0.402	0.414
AXIN1	PRICKLE2	9606.ENSP00000262320	9606.ENSP00000492363	0	0	0	0	0.066	0.049	0	0.397	0.418
AXIN1	MET	9606.ENSP00000262320	9606.ENSP00000317272	0	0	0	0	0.051	0.127	0	0.368	0.430
AXIN1	TGFBR2	9606.ENSP00000262320	9606.ENSP00000351905	0	0	0	0	0.051	0.127	0	0.372	0.434
AXIN1	CALD1	9606.ENSP00000262320	9606.ENSP00000354826	0	0	0	0	0	0.134	0	0.384	0.444
AXIN1	CTBP1	9606.ENSP00000262320	9606.ENSP00000290921	0	0	0	0	0.103	0	0	0.408	0.446
AXIN1	CREBBP	9606.ENSP00000262320	9606.ENSP00000262367	0	0	0	0	0.067	0	0	0.446	0.461
AXIN1	TBL1X	9606.ENSP00000262320	9606.ENSP00000495556	0	0	0	0	0.060	0.046	0	0.478	0.491
AXIN1	FZD6	9606.ENSP00000262320	9606.ENSP00000351605	0	0	0	0	0.053	0	0	0.494	0.501
AXIN1	CTNND1	9606.ENSP00000262320	9606.ENSP00000382004	0	0	0	0	0	0.051	0	0.542	0.547
AXIN1	FZD8	9606.ENSP00000262320	9606.ENSP00000363826	0	0	0	0	0.053	0	0	0.551	0.556
AXIN1	CREB1	9606.ENSP00000262320	9606.ENSP00000387699	0	0	0	0	0.049	0	0	0.562	0.565
AXIN1	FRAT2	9606.ENSP00000262320	9606.ENSP00000360058	0	0	0	0	0.080	0	0.400	0.298	0.578
AXIN1	MAPK3	9606.ENSP00000262320	9606.ENSP00000263025	0	0	0	0	0.155	0.363	0	0.380	0.637
AXIN1	RHOA	9606.ENSP00000262320	9606.ENSP00000400175	0	0	0	0	0	0	0	0.661	0.661
AXIN1	WIF1	9606.ENSP00000262320	9606.ENSP00000286574	0	0	0	0	0	0	0	0.680	0.680
AXIN1	WNT5A	9606.ENSP00000262320	9606.ENSP00000264634	0	0	0	0	0.053	0.092	0	0.690	0.710
AXIN1	FZD7	9606.ENSP00000262320	9606.ENSP00000286201	0	0	0	0	0.053	0	0	0.722	0.725
AXIN1	WNT2	9606.ENSP00000262320	9606.ENSP00000265441	0	0	0	0	0.053	0.092	0.360	0.581	0.738
AXIN1	DKK1	9606.ENSP00000262320	9606.ENSP00000363081	0	0	0	0	0	0	0	0.831	0.831
AXIN1	PPP2CA	9606.ENSP00000262320	9606.ENSP00000418447	0	0	0	0	0.063	0.746	0.500	0.276	0.902
BCR	FLT3	9606.ENSP00000303507	9606.ENSP00000241453	0	0	0	0	0	0	0	0.418	0.418
BCR	RARA	9606.ENSP00000303507	9606.ENSP00000254066	0	0	0	0	0.050	0	0	0.759	0.761
BCR	CBL	9606.ENSP00000303507	9606.ENSP00000264033	0	0	0	0	0.067	0.683	0.900	0.142	0.971
BCR	IQGAP1	9606.ENSP00000303507	9606.ENSP00000268182	0	0	0	0	0.047	0	0.400	0.050	0.409
BCR	CRK	9606.ENSP00000303507	9606.ENSP00000300574	0	0	0	0	0.049	0.395	0.900	0.158	0.945
BCR	FGF17	9606.ENSP00000303507	9606.ENSP00000352414	0	0	0	0	0	0	0.400	0	0.400
BCR	MYH11	9606.ENSP00000303507	9606.ENSP00000379616	0	0	0	0	0.042	0.246	0	0.318	0.465
BCR	ROCK1	9606.ENSP00000303507	9606.ENSP00000382697	0	0	0	0	0.042	0.051	0.400	0.141	0.468
BCR	HCK	9606.ENSP00000303507	9606.ENSP00000365012	0	0	0	0	0.044	0.515	0	0.176	0.584
BCR	RAC1	9606.ENSP00000303507	9606.ENSP00000348461	0	0	0	0	0.062	0.427	0.400	0.175	0.699
BCR	CDC42	9606.ENSP00000303507	9606.ENSP00000497733	0	0	0	0	0.055	0.362	0.400	0.307	0.716
BCR	RHOA	9606.ENSP00000303507	9606.ENSP00000400175	0	0	0	0	0.042	0.433	0.400	0.237	0.718
BCR	GAB2	9606.ENSP00000303507	9606.ENSP00000354952	0	0	0	0	0.049	0.292	0.500	0.313	0.737
BCR	PIK3R1	9606.ENSP00000303507	9606.ENSP00000428056	0	0	0	0.553	0.049	0.480	0.500	0.088	0.744
BCR	SHC3	9606.ENSP00000303507	9606.ENSP00000364995	0	0	0	0	0	0	0.900	0.054	0.901
BCR	STAT5A	9606.ENSP00000303507	9606.ENSP00000341208	0	0	0	0	0	0	0.900	0.273	0.924
BDKRB1	MAPK3	9606.ENSP00000216629	9606.ENSP00000263025	0	0	0	0	0	0	0	0.509	0.509
BIRC3	CD14	9606.ENSP00000263464	9606.ENSP00000385519	0	0	0	0	0.056	0	0.400	0	0.409
BIRC3	ZAP70	9606.ENSP00000263464	9606.ENSP00000264972	0	0	0	0	0.081	0.092	0	0.366	0.425
BIRC3	CDK2	9606.ENSP00000263464	9606.ENSP00000266970	0	0	0	0	0.208	0.069	0	0.296	0.436
BIRC3	RELA	9606.ENSP00000263464	9606.ENSP00000384273	0	0	0	0	0.049	0.636	0	0.695	0.885
BIRC3	IKBKG	9606.ENSP00000263464	9606.ENSP00000483825	0	0	0	0	0	0.453	0.500	0.787	0.936
BTC	CBL	9606.ENSP00000379092	9606.ENSP00000264033	0	0	0	0	0	0	0.500	0.311	0.640
BTC	FGF7	9606.ENSP00000379092	9606.ENSP00000267843	0	0	0	0	0.059	0	0	0.415	0.426
BTC	NRG1	9606.ENSP00000379092	9606.ENSP00000287842	0	0	0	0	0	0	0.400	0.854	0.909
BTC	NRG4	9606.ENSP00000379092	9606.ENSP00000378367	0	0	0	0	0.047	0	0.400	0.643	0.778
BTC	PIK3R1	9606.ENSP00000379092	9606.ENSP00000428056	0	0	0	0	0.047	0	0.400	0	0.403
BTC	PTPN11	9606.ENSP00000379092	9606.ENSP00000489597	0	0	0	0	0	0	0.400	0.137	0.460
BTC	RHOA	9606.ENSP00000379092	9606.ENSP00000400175	0	0	0	0	0	0	0.500	0.094	0.527
BTC	CDC42	9606.ENSP00000379092	9606.ENSP00000497733	0	0	0	0	0	0	0.500	0.118	0.540
CALD1	ITGB4	9606.ENSP00000354826	9606.ENSP00000200181	0	0	0	0	0.438	0	0	0.104	0.474
CALD1	MYH9	9606.ENSP00000354826	9606.ENSP00000216181	0	0	0	0	0.269	0.188	0	0.552	0.711
CALD1	MAPK3	9606.ENSP00000354826	9606.ENSP00000263025	0	0	0	0	0.042	0.096	0.900	0.249	0.926
CALD1	SCIN	9606.ENSP00000354826	9606.ENSP00000297029	0	0	0	0	0.045	0.071	0	0.607	0.620
CALD1	CFL2	9606.ENSP00000354826	9606.ENSP00000298159	0	0	0	0	0.075	0	0	0.544	0.560
CALD1	FN1	9606.ENSP00000354826	9606.ENSP00000346839	0	0	0	0	0.214	0.049	0	0.348	0.470
CALD1	PPP1R12A	9606.ENSP00000354826	9606.ENSP00000389168	0	0	0	0	0.072	0.222	0	0.325	0.470
CALD1	CFL1	9606.ENSP00000354826	9606.ENSP00000432660	0	0	0	0	0.042	0	0	0.540	0.540
CALD1	FLNA	9606.ENSP00000354826	9606.ENSP00000358866	0	0	0	0	0.155	0.199	0	0.447	0.593
CALD1	SORBS1	9606.ENSP00000354826	9606.ENSP00000360293	0	0	0	0	0.131	0	0.500	0.178	0.611
CALD1	MYL12B	9606.ENSP00000354826	9606.ENSP00000463559	0	0	0	0	0.163	0.125	0.500	0.300	0.709
CALD1	MYH11	9606.ENSP00000354826	9606.ENSP00000379616	0	0	0	0	0.159	0.100	0.800	0.686	0.946
CAPN2	ITGB1	9606.ENSP00000295006	9606.ENSP00000379350	0	0	0	0	0.248	0.057	0	0.221	0.400
CAPN2	FLNA	9606.ENSP00000295006	9606.ENSP00000358866	0	0	0	0	0.093	0	0	0.372	0.407
CBL	MYH9	9606.ENSP00000264033	9606.ENSP00000216181	0	0	0	0	0.104	0.404	0	0.118	0.488
CBL	HGF	9606.ENSP00000264033	9606.ENSP00000222390	0	0	0	0	0	0	0.500	0.370	0.671
CBL	MAPK14	9606.ENSP00000264033	9606.ENSP00000229795	0	0	0	0	0.074	0.510	0	0.210	0.610
CBL	FLT3	9606.ENSP00000264033	9606.ENSP00000241453	0	0	0	0	0	0.332	0.500	0.594	0.852
CBL	MAPK3	9606.ENSP00000264033	9606.ENSP00000263025	0	0	0	0	0.049	0	0	0.452	0.456
CBL	PTPRC	9606.ENSP00000264033	9606.ENSP00000411355	0	0	0	0	0.048	0.187	0	0.293	0.405
CBL	PRKACA	9606.ENSP00000264033	9606.ENSP00000309591	0	0	0	0	0.049	0	0	0.438	0.442
CBL	IQGAP1	9606.ENSP00000264033	9606.ENSP00000268182	0	0	0	0	0.245	0.188	0	0.180	0.453
CBL	IKBKG	9606.ENSP00000264033	9606.ENSP00000483825	0	0	0	0	0.054	0	0	0.530	0.536
CBL	PPP2CA	9606.ENSP00000264033	9606.ENSP00000418447	0	0	0	0	0.058	0	0.500	0.097	0.537
CBL	FGF17	9606.ENSP00000264033	9606.ENSP00000352414	0	0	0	0	0	0	0.500	0.224	0.595
CBL	FGF7	9606.ENSP00000264033	9606.ENSP00000267843	0	0	0	0	0	0	0.500	0.261	0.614
CBL	FLT1	9606.ENSP00000264033	9606.ENSP00000282397	0	0	0	0	0	0.633	0	0.186	0.689
CBL	GAB2	9606.ENSP00000264033	9606.ENSP00000354952	0	0	0	0	0.060	0	0.500	0.500	0.744
CBL	STAT5A	9606.ENSP00000264033	9606.ENSP00000341208	0	0	0	0	0.049	0.613	0	0.388	0.755
CBL	FGFR2	9606.ENSP00000264033	9606.ENSP00000410294	0	0	0	0	0	0.318	0.650	0.272	0.811
CBL	CDC42	9606.ENSP00000264033	9606.ENSP00000497733	0	0	0	0	0.044	0.512	0.500	0.669	0.912
CBL	HCK	9606.ENSP00000264033	9606.ENSP00000365012	0	0	0	0	0.060	0.659	0.500	0.615	0.930
CBL	FN1	9606.ENSP00000264033	9606.ENSP00000346839	0	0	0	0	0	0.900	0	0.472	0.944
CBL	PTPN11	9606.ENSP00000264033	9606.ENSP00000489597	0	0	0	0	0.067	0.644	0.500	0.741	0.951
CBL	NCK1	9606.ENSP00000264033	9606.ENSP00000417273	0	0	0	0	0.047	0.864	0	0.705	0.958
CBL	TGFBR2	9606.ENSP00000264033	9606.ENSP00000351905	0	0	0	0	0.056	0.555	0.900	0.174	0.960
CBL	LYN	9606.ENSP00000264033	9606.ENSP00000428924	0	0	0	0	0.063	0.852	0.500	0.847	0.987
CBL	SORBS1	9606.ENSP00000264033	9606.ENSP00000360293	0	0	0	0	0	0.687	0.540	0.930	0.989
CBL	VAV1	9606.ENSP00000264033	9606.ENSP00000472929	0	0	0	0	0.055	0.833	0.900	0.876	0.997
CBL	MET	9606.ENSP00000264033	9606.ENSP00000317272	0	0	0	0	0.043	0.941	0.900	0.873	0.999
CBL	ZAP70	9606.ENSP00000264033	9606.ENSP00000264972	0	0	0	0	0	0.988	0	0.975	0.999
CBL	CRK	9606.ENSP00000264033	9606.ENSP00000300574	0	0	0	0	0.055	0.930	0.800	0.991	0.999
CBL	PIK3R1	9606.ENSP00000264033	9606.ENSP00000428056	0	0	0	0	0.042	0.994	0.650	0.545	0.999
CD14	FCGR3A	9606.ENSP00000385519	9606.ENSP00000356946	0	0	0	0	0.430	0	0	0.362	0.620
CD14	HCK	9606.ENSP00000385519	9606.ENSP00000365012	0	0	0	0	0.471	0	0	0	0.471
CD14	PTPN11	9606.ENSP00000385519	9606.ENSP00000489597	0	0	0	0	0.070	0	0.400	0.058	0.428
CD14	PTPRC	9606.ENSP00000385519	9606.ENSP00000411355	0	0	0	0	0.206	0	0	0.319	0.437
CD14	IKBKG	9606.ENSP00000385519	9606.ENSP00000483825	0	0	0	0	0.122	0	0.500	0.058	0.550
CD79B	CREBBP	9606.ENSP00000376544	9606.ENSP00000262367	0	0	0	0	0	0	0	0.639	0.639
CD79B	ZAP70	9606.ENSP00000376544	9606.ENSP00000264972	0	0	0	0	0.279	0	0	0.731	0.798
CD79B	FCGR2B	9606.ENSP00000376544	9606.ENSP00000351497	0	0	0	0	0.142	0	0	0.614	0.654
CD79B	FCGR3A	9606.ENSP00000376544	9606.ENSP00000356946	0	0	0	0	0.084	0	0	0.373	0.401
CD79B	NCK1	9606.ENSP00000376544	9606.ENSP00000417273	0	0	0	0	0	0	0.400	0.183	0.488
CD79B	TBL1XR1	9606.ENSP00000376544	9606.ENSP00000405574	0	0	0	0	0	0	0	0.489	0.489
CD79B	VAV1	9606.ENSP00000376544	9606.ENSP00000472929	0	0	0	0	0.198	0	0.400	0.436	0.704
CD79B	PIK3R1	9606.ENSP00000376544	9606.ENSP00000428056	0	0	0	0	0.044	0	0.500	0.459	0.718
CD79B	PTPRC	9606.ENSP00000376544	9606.ENSP00000411355	0	0	0	0	0.231	0.292	0	0.543	0.729
CD79B	LYN	9606.ENSP00000376544	9606.ENSP00000428924	0	0	0	0	0.108	0	0.900	0.975	0.997
CDC42	ITGB4	9606.ENSP00000497733	9606.ENSP00000200181	0	0	0	0	0.074	0.045	0	0.435	0.458
CDC42	MYH9	9606.ENSP00000497733	9606.ENSP00000216181	0	0	0	0	0.056	0.095	0.500	0.375	0.697
CDC42	HGF	9606.ENSP00000497733	9606.ENSP00000222390	0	0	0	0	0	0.064	0	0.446	0.459
CDC42	PFN1	9606.ENSP00000497733	9606.ENSP00000225655	0	0	0	0	0.324	0.098	0.500	0.617	0.868
CDC42	MAPK14	9606.ENSP00000497733	9606.ENSP00000229795	0	0	0	0	0.092	0.125	0.900	0.649	0.968
CDC42	SKP1	9606.ENSP00000497733	9606.ENSP00000231487	0	0	0	0	0.146	0	0	0.438	0.500
CDC42	RARA	9606.ENSP00000497733	9606.ENSP00000254066	0	0	0	0	0.044	0.073	0	0.429	0.449
CDC42	MAPK3	9606.ENSP00000497733	9606.ENSP00000263025	0	0	0	0	0.093	0.125	0	0.724	0.762
CDC42	PLD2	9606.ENSP00000497733	9606.ENSP00000263088	0	0	0	0	0	0.071	0.400	0.369	0.618
CDC42	PIKFYVE	9606.ENSP00000497733	9606.ENSP00000264380	0	0	0	0	0.043	0.050	0	0.626	0.630
CDC42	WNT5A	9606.ENSP00000497733	9606.ENSP00000264634	0	0	0	0	0	0.068	0	0.460	0.475
CDC42	ZAP70	9606.ENSP00000497733	9606.ENSP00000264972	0	0	0	0	0.077	0.110	0	0.407	0.471
CDC42	CDK2	9606.ENSP00000497733	9606.ENSP00000266970	0	0	0	0	0.084	0.085	0	0.394	0.448
CDC42	IQGAP1	9606.ENSP00000497733	9606.ENSP00000268182	0	0	0	0	0.094	0.913	0.900	0.997	0.999
CDC42	NRG1	9606.ENSP00000497733	9606.ENSP00000287842	0	0	0	0	0.060	0.095	0	0.411	0.456
CDC42	MRAS	9606.ENSP00000497733	9606.ENSP00000289104	0	0	0	0.713	0	0.144	0	0.372	0.440
CDC42	SCIN	9606.ENSP00000497733	9606.ENSP00000297029	0	0	0	0	0	0.177	0	0.521	0.589
CDC42	CFL2	9606.ENSP00000497733	9606.ENSP00000298159	0	0	0	0	0.113	0.165	0	0.919	0.935
CDC42	CRK	9606.ENSP00000497733	9606.ENSP00000300574	0	0	0	0	0.072	0	0	0.745	0.754
CDC42	PRKACA	9606.ENSP00000497733	9606.ENSP00000309591	0	0	0	0	0.150	0.217	0	0.518	0.651
CDC42	PAK2	9606.ENSP00000497733	9606.ENSP00000314067	0	0	0	0	0.094	0.873	0.900	0.848	0.998
CDC42	MET	9606.ENSP00000497733	9606.ENSP00000317272	0	0	0	0	0.074	0.274	0	0.445	0.594
CDC42	DIAPH2	9606.ENSP00000497733	9606.ENSP00000321348	0	0	0	0	0.074	0.548	0	0.573	0.806
CDC42	PPP1CA	9606.ENSP00000497733	9606.ENSP00000326031	0	0	0	0	0.199	0.126	0	0.220	0.407
CDC42	WASF3	9606.ENSP00000497733	9606.ENSP00000335055	0	0	0	0	0	0.071	0.400	0.777	0.864
CDC42	LIMK2	9606.ENSP00000497733	9606.ENSP00000339916	0	0	0	0	0.081	0.110	0	0.475	0.533
CDC42	FN1	9606.ENSP00000497733	9606.ENSP00000346839	0	0	0	0	0	0	0	0.743	0.743
CDC42	TJP1	9606.ENSP00000497733	9606.ENSP00000348416	0	0	0	0	0.042	0.165	0	0.813	0.837
CDC42	RAC1	9606.ENSP00000497733	9606.ENSP00000348461	0	0	0.055	0.969	0.108	0.207	0.700	0.462	0.872
CDC42	TGFBR2	9606.ENSP00000497733	9606.ENSP00000351905	0	0	0	0	0.101	0.342	0	0.326	0.567
CDC42	RAP1A	9606.ENSP00000497733	9606.ENSP00000358723	0	0	0	0.730	0.131	0.541	0	0.186	0.647
CDC42	FLNA	9606.ENSP00000497733	9606.ENSP00000358866	0	0	0	0	0.047	0.048	0.500	0.954	0.976
CDC42	VAV3	9606.ENSP00000497733	9606.ENSP00000359073	0	0	0	0	0.088	0.171	0.900	0.725	0.976
CDC42	HCK	9606.ENSP00000497733	9606.ENSP00000365012	0	0	0	0	0.093	0.110	0	0.387	0.462
CDC42	PPP1R12B	9606.ENSP00000497733	9606.ENSP00000375821	0	0	0	0	0.068	0.102	0.500	0.086	0.566
CDC42	ITGB1	9606.ENSP00000497733	9606.ENSP00000379350	0	0	0	0	0.113	0.166	0.400	0.541	0.769
CDC42	MYH11	9606.ENSP00000497733	9606.ENSP00000379616	0	0	0	0	0	0.095	0.500	0.170	0.591
CDC42	CTNND1	9606.ENSP00000497733	9606.ENSP00000382004	0	0	0	0	0.042	0.196	0.900	0.598	0.964
CDC42	ROCK1	9606.ENSP00000497733	9606.ENSP00000382697	0	0	0	0	0.092	0.259	0	0.756	0.822
CDC42	RELA	9606.ENSP00000497733	9606.ENSP00000384273	0	0	0	0	0.074	0.078	0	0.427	0.468
CDC42	CREB1	9606.ENSP00000497733	9606.ENSP00000387699	0	0	0	0	0.110	0.063	0	0.406	0.462
CDC42	PPP1R12A	9606.ENSP00000497733	9606.ENSP00000389168	0	0	0	0	0.075	0.246	0.500	0.445	0.780
CDC42	RHOA	9606.ENSP00000497733	9606.ENSP00000400175	0	0	0.062	0.948	0.361	0.295	0.900	0.103	0.955
CDC42	FGFR2	9606.ENSP00000497733	9606.ENSP00000410294	0	0	0	0	0	0.071	0	0.503	0.518
CDC42	PTPRC	9606.ENSP00000497733	9606.ENSP00000411355	0	0	0	0	0.169	0.087	0	0.311	0.432
CDC42	NCK1	9606.ENSP00000497733	9606.ENSP00000417273	0	0	0	0	0.067	0.047	0.400	0.956	0.973
CDC42	PIK3R1	9606.ENSP00000497733	9606.ENSP00000428056	0	0	0	0	0.074	0.683	0.900	0.768	0.992
CDC42	LYN	9606.ENSP00000497733	9606.ENSP00000428924	0	0	0	0	0.089	0.223	0	0.650	0.731
CDC42	CFL1	9606.ENSP00000497733	9606.ENSP00000432660	0	0	0	0	0.162	0.045	0	0.919	0.930
CDC42	ITGB3	9606.ENSP00000497733	9606.ENSP00000452786	0	0	0	0	0.074	0.045	0	0.378	0.402
CDC42	MYL12B	9606.ENSP00000497733	9606.ENSP00000463559	0	0	0	0	0.135	0.097	0.500	0.418	0.742
CDC42	VAV1	9606.ENSP00000497733	9606.ENSP00000472929	0	0	0	0	0.106	0.698	0.900	0.977	0.999
CDC42	MARCKS	9606.ENSP00000497733	9606.ENSP00000478061	0	0	0	0	0.068	0.206	0	0.348	0.476
CDC42	CYFIP2	9606.ENSP00000497733	9606.ENSP00000479719	0	0	0	0	0.102	0.093	0.400	0.576	0.765
CDC42	PTPN11	9606.ENSP00000497733	9606.ENSP00000489597	0	0.001	0	0	0.129	0.122	0	0.395	0.497
CDC42	MYH14	9606.ENSP00000497733	9606.ENSP00000493594	0	0	0	0	0.044	0.070	0.500	0.087	0.540
CDK2	MAPK14	9606.ENSP00000266970	9606.ENSP00000229795	0	0	0.082	0.852	0.062	0.131	0	0.462	0.543
CDK2	SKP1	9606.ENSP00000266970	9606.ENSP00000231487	0	0	0	0	0.049	0.960	0.900	0.958	0.999
CDK2	CREBBP	9606.ENSP00000266970	9606.ENSP00000262367	0	0	0	0	0.089	0.822	0	0.539	0.918
CDK2	MARCKS	9606.ENSP00000266970	9606.ENSP00000478061	0	0	0	0	0.056	0.328	0	0.138	0.405
CDK2	CREB1	9606.ENSP00000266970	9606.ENSP00000387699	0	0	0	0	0.063	0	0	0.399	0.412
CDK2	LYN	9606.ENSP00000266970	9606.ENSP00000428924	0	0	0	0.666	0.060	0.334	0	0.139	0.414
CDK2	IKBKG	9606.ENSP00000266970	9606.ENSP00000483825	0	0	0	0	0.093	0.292	0	0.180	0.427
CDK2	RELA	9606.ENSP00000266970	9606.ENSP00000384273	0	0	0	0	0.087	0.092	0	0.373	0.435
CDK2	ROCK1	9606.ENSP00000266970	9606.ENSP00000382697	0	0	0	0.637	0.089	0.098	0	0.371	0.439
CDK2	IQGAP1	9606.ENSP00000266970	9606.ENSP00000268182	0	0	0	0	0.072	0.343	0	0.169	0.450
CDK2	TBL1X	9606.ENSP00000266970	9606.ENSP00000495556	0	0	0	0	0.200	0.135	0	0.274	0.454
CDK2	PPP1CA	9606.ENSP00000266970	9606.ENSP00000326031	0	0	0	0	0.107	0.219	0	0.349	0.508
CDK2	MITF	9606.ENSP00000266970	9606.ENSP00000391803	0	0	0	0	0.056	0.230	0	0.378	0.509
CDK2	TGFBR2	9606.ENSP00000266970	9606.ENSP00000351905	0	0	0	0	0	0.098	0	0.479	0.510
CDK2	CTBP1	9606.ENSP00000266970	9606.ENSP00000290921	0	0	0	0	0.053	0	0	0.508	0.514
CDK2	RHOA	9606.ENSP00000266970	9606.ENSP00000400175	0	0	0	0	0.093	0.085	0	0.461	0.514
CDK2	RRM1	9606.ENSP00000266970	9606.ENSP00000300738	0	0	0	0	0.337	0.084	0	0.274	0.521
CDK2	HDAC1	9606.ENSP00000266970	9606.ENSP00000362649	0	0	0	0	0.140	0.091	0	0.500	0.575
CDK2	STAT5A	9606.ENSP00000266970	9606.ENSP00000341208	0	0	0	0	0.071	0.093	0	0.562	0.599
CDK2	SORBS1	9606.ENSP00000266970	9606.ENSP00000360293	0	0	0	0	0	0	0	0.607	0.607
CDK2	PPP2CA	9606.ENSP00000266970	9606.ENSP00000418447	0	0	0	0	0.072	0.548	0	0.250	0.658
CDK2	FOXO3	9606.ENSP00000266970	9606.ENSP00000339527	0	0	0	0	0	0.117	0.900	0.994	0.999
CFL1	MYH9	9606.ENSP00000432660	9606.ENSP00000216181	0	0	0	0	0.139	0.213	0	0.438	0.586
CFL1	PFN1	9606.ENSP00000432660	9606.ENSP00000225655	0	0	0	0	0.608	0.258	0.400	0.972	0.994
CFL1	MAPK3	9606.ENSP00000432660	9606.ENSP00000263025	0	0	0	0	0.114	0	0	0.487	0.527
CFL1	PLD2	9606.ENSP00000432660	9606.ENSP00000263088	0	0	0	0	0.060	0.292	0	0.294	0.489
CFL1	IQGAP1	9606.ENSP00000432660	9606.ENSP00000268182	0	0	0	0	0.076	0.231	0	0.495	0.611
CFL1	SCIN	9606.ENSP00000432660	9606.ENSP00000297029	0	0	0	0	0.053	0	0	0.864	0.866
CFL1	CFL2	9606.ENSP00000432660	9606.ENSP00000298159	0	0	0.051	0.978	0.056	0.731	0.900	0.050	0.972
CFL1	PRKACA	9606.ENSP00000432660	9606.ENSP00000309591	0	0	0	0	0.133	0	0	0.419	0.475
CFL1	PAK2	9606.ENSP00000432660	9606.ENSP00000314067	0	0	0	0	0.082	0.068	0	0.380	0.423
CFL1	PPP1CA	9606.ENSP00000432660	9606.ENSP00000326031	0	0	0	0	0.374	0	0	0.206	0.482
CFL1	WASF3	9606.ENSP00000432660	9606.ENSP00000335055	0	0	0	0	0	0	0	0.432	0.432
CFL1	LIMK2	9606.ENSP00000432660	9606.ENSP00000339916	0	0	0	0	0.066	0.555	0.900	0.899	0.995
CFL1	FN1	9606.ENSP00000432660	9606.ENSP00000346839	0	0	0	0	0.042	0.072	0	0.505	0.521
CFL1	TJP1	9606.ENSP00000432660	9606.ENSP00000348416	0	0	0	0	0.044	0	0	0.407	0.409
CFL1	RAC1	9606.ENSP00000432660	9606.ENSP00000348461	0	0	0	0	0.137	0.045	0	0.488	0.542
CFL1	FLNA	9606.ENSP00000432660	9606.ENSP00000358866	0	0	0	0	0.099	0.231	0	0.888	0.916
CFL1	ROCK1	9606.ENSP00000432660	9606.ENSP00000382697	0	0	0	0	0.059	0.314	0.500	0.793	0.924
CFL1	CREB1	9606.ENSP00000432660	9606.ENSP00000387699	0	0	0	0	0.049	0	0	0.624	0.627
CFL1	PPP1R12A	9606.ENSP00000432660	9606.ENSP00000389168	0	0	0	0	0.058	0.071	0	0.526	0.550
CFL1	RHOA	9606.ENSP00000432660	9606.ENSP00000400175	0	0	0	0	0.268	0.068	0.500	0.902	0.962
CFL1	NCK1	9606.ENSP00000432660	9606.ENSP00000417273	0	0	0	0	0.082	0	0	0.825	0.832
CFL1	PPP2CA	9606.ENSP00000432660	9606.ENSP00000418447	0	0	0	0	0.178	0.292	0	0.189	0.487
CFL1	VAV1	9606.ENSP00000432660	9606.ENSP00000472929	0	0	0	0	0.055	0.129	0	0.397	0.461
CFL1	MYL12B	9606.ENSP00000432660	9606.ENSP00000463559	0	0	0	0	0.170	0.051	0	0.472	0.548
CFL2	MYH9	9606.ENSP00000298159	9606.ENSP00000216181	0	0	0	0	0	0.209	0	0.346	0.461
CFL2	PFN1	9606.ENSP00000298159	9606.ENSP00000225655	0	0	0	0	0.196	0.100	0	0.958	0.967
CFL2	MAPK3	9606.ENSP00000298159	9606.ENSP00000263025	0	0	0	0	0.059	0	0	0.486	0.496
CFL2	IQGAP1	9606.ENSP00000298159	9606.ENSP00000268182	0	0	0	0	0.062	0.261	0	0.470	0.601
CFL2	SCIN	9606.ENSP00000298159	9606.ENSP00000297029	0	0	0	0	0.055	0	0	0.843	0.846
CFL2	PAK2	9606.ENSP00000298159	9606.ENSP00000314067	0	0	0	0	0.057	0.068	0	0.379	0.406
CFL2	TJP1	9606.ENSP00000298159	9606.ENSP00000348416	0	0	0	0	0.072	0	0	0.392	0.411
CFL2	CREB1	9606.ENSP00000298159	9606.ENSP00000387699	0	0	0	0	0.047	0	0	0.415	0.419
CFL2	PRKACA	9606.ENSP00000298159	9606.ENSP00000309591	0	0	0	0	0.119	0	0	0.416	0.463
CFL2	WASF3	9606.ENSP00000298159	9606.ENSP00000335055	0	0	0	0	0.067	0	0	0.454	0.469
CFL2	FN1	9606.ENSP00000298159	9606.ENSP00000346839	0	0	0	0	0.063	0	0	0.479	0.490
CFL2	MYL12B	9606.ENSP00000298159	9606.ENSP00000463559	0	0	0	0	0.067	0.051	0	0.470	0.490
CFL2	RAC1	9606.ENSP00000298159	9606.ENSP00000348461	0	0	0	0	0.095	0.045	0	0.475	0.507
CFL2	PPP1R12A	9606.ENSP00000298159	9606.ENSP00000389168	0	0	0	0	0.065	0.071	0	0.529	0.556
CFL2	ROCK1	9606.ENSP00000298159	9606.ENSP00000382697	0	0	0	0	0.063	0.071	0	0.790	0.802
CFL2	NCK1	9606.ENSP00000298159	9606.ENSP00000417273	0	0	0	0	0.054	0	0	0.826	0.828
CFL2	FLNA	9606.ENSP00000298159	9606.ENSP00000358866	0	0	0	0	0.061	0.211	0	0.861	0.888
CFL2	RHOA	9606.ENSP00000298159	9606.ENSP00000400175	0	0	0	0	0.065	0.068	0	0.902	0.907
CFL2	LIMK2	9606.ENSP00000298159	9606.ENSP00000339916	0	0	0	0	0.066	0.130	0.900	0.900	0.990
COL18A1	HGF	9606.ENSP00000352798	9606.ENSP00000222390	0	0	0	0	0	0	0	0.474	0.474
COL18A1	FGF7	9606.ENSP00000352798	9606.ENSP00000267843	0	0	0	0	0	0	0	0.693	0.693
COL18A1	FLT1	9606.ENSP00000352798	9606.ENSP00000282397	0	0	0	0	0.049	0	0	0.738	0.741
COL18A1	ITGA2	9606.ENSP00000352798	9606.ENSP00000296585	0	0	0	0	0.042	0	0	0.534	0.535
COL18A1	LAMA3	9606.ENSP00000352798	9606.ENSP00000324532	0	0	0	0	0.042	0	0	0.401	0.402
COL18A1	FN1	9606.ENSP00000352798	9606.ENSP00000346839	0	0	0	0	0.163	0	0	0.815	0.838
COL18A1	FGF17	9606.ENSP00000352798	9606.ENSP00000352414	0	0	0	0	0	0	0	0.684	0.684
COL18A1	THBS2	9606.ENSP00000352798	9606.ENSP00000355751	0	0	0	0	0.113	0.048	0	0.511	0.551
COL18A1	ITGB3	9606.ENSP00000352798	9606.ENSP00000452786	0	0	0	0	0.072	0	0.500	0.290	0.642
COL18A1	ITGB1	9606.ENSP00000352798	9606.ENSP00000379350	0	0	0	0	0.073	0.510	0.500	0.470	0.863
COX11	COX15	9606.ENSP00000299335	9606.ENSP00000016171	0.231	0	0	0	0.620	0.088	0	0.772	0.931
COX11	COX6A1	9606.ENSP00000299335	9606.ENSP00000229379	0	0	0	0	0.050	0	0	0.496	0.501
COX11	COX5B	9606.ENSP00000299335	9606.ENSP00000258424	0	0	0	0	0.049	0.093	0	0.404	0.441
COX11	NDUFB5	9606.ENSP00000299335	9606.ENSP00000259037	0	0	0	0	0.266	0	0	0.301	0.465
COX11	COX7A2	9606.ENSP00000299335	9606.ENSP00000359098	0	0	0	0	0.097	0	0	0.375	0.412
COX11	NDUFAB1	9606.ENSP00000299335	9606.ENSP00000458770	0	0	0	0	0.124	0	0	0.376	0.430
COX11	COX6B1	9606.ENSP00000299335	9606.ENSP00000466818	0	0	0	0	0.049	0	0	0.557	0.561
COX11	COX5A	9606.ENSP00000299335	9606.ENSP00000317780	0	0	0	0	0.107	0	0	0.644	0.669
COX11	UQCRFS1	9606.ENSP00000299335	9606.ENSP00000306397	0	0	0.211	0	0.106	0	0.558	0.399	0.787
COX15	SDHD	9606.ENSP00000016171	9606.ENSP00000364699	0	0	0	0	0.127	0	0	0.347	0.406
COX15	NDUFA11	9606.ENSP00000016171	9606.ENSP00000389160	0	0	0	0	0.097	0	0	0.384	0.420
COX15	NDUFB5	9606.ENSP00000016171	9606.ENSP00000259037	0	0	0	0	0.149	0	0	0.348	0.421
COX15	NDUFB3	9606.ENSP00000016171	9606.ENSP00000407336	0	0	0	0	0.097	0	0	0.400	0.435
COX15	NDUFA9	9606.ENSP00000016171	9606.ENSP00000266544	0	0	0	0	0.076	0.239	0	0.376	0.523
COX15	NDUFA2	9606.ENSP00000016171	9606.ENSP00000252102	0	0	0	0	0.101	0.095	0	0.522	0.577
COX15	NDUFV1	9606.ENSP00000016171	9606.ENSP00000497587	0	0	0	0	0.067	0.095	0	0.623	0.653
COX15	UQCR11	9606.ENSP00000016171	9606.ENSP00000467262	0	0	0	0	0.042	0	0.540	0.292	0.660
COX15	COX6C	9606.ENSP00000016171	9606.ENSP00000429707	0	0	0	0	0.067	0	0.540	0.441	0.739
COX15	UQCRQ	9606.ENSP00000016171	9606.ENSP00000367939	0	0	0	0	0.075	0	0.540	0.450	0.745
COX15	COX7A2	9606.ENSP00000016171	9606.ENSP00000359098	0	0	0	0	0.060	0.078	0.540	0.462	0.757
COX15	COX6A1	9606.ENSP00000016171	9606.ENSP00000229379	0	0	0	0	0.056	0.094	0.540	0.555	0.801
COX15	COX5B	9606.ENSP00000016171	9606.ENSP00000258424	0	0	0	0	0.058	0.093	0.540	0.562	0.804
COX15	COX6B1	9606.ENSP00000016171	9606.ENSP00000466818	0	0	0	0	0.058	0	0.540	0.854	0.931
COX15	COX5A	9606.ENSP00000016171	9606.ENSP00000317780	0	0	0	0	0.067	0.095	0.720	0.782	0.941
COX15	UQCRFS1	9606.ENSP00000016171	9606.ENSP00000306397	0	0	0	0	0.176	0	0.944	0.572	0.978
COX5A	NDUFB4	9606.ENSP00000317780	9606.ENSP00000184266	0	0	0	0	0.854	0.853	0	0.499	0.988
COX5A	COX6A1	9606.ENSP00000317780	9606.ENSP00000229379	0	0	0	0	0.835	0.966	0.888	0.958	0.999
COX5A	NDUFA2	9606.ENSP00000317780	9606.ENSP00000252102	0	0	0	0	0.599	0.859	0	0.555	0.972
COX5A	COX5B	9606.ENSP00000317780	9606.ENSP00000258424	0	0	0	0	0.978	0.995	0.959	0.987	0.999
COX5A	NDUFB5	9606.ENSP00000317780	9606.ENSP00000259037	0	0	0	0	0.882	0.830	0	0.670	0.992
COX5A	NDUFA9	9606.ENSP00000317780	9606.ENSP00000266544	0	0	0	0	0.855	0.851	0	0.628	0.991
COX5A	UQCRFS1	9606.ENSP00000317780	9606.ENSP00000306397	0	0	0	0	0.974	0.991	0.925	0.750	0.999
COX5A	HADHB	9606.ENSP00000317780	9606.ENSP00000325136	0	0	0	0	0.146	0.140	0	0.324	0.460
COX5A	IFNGR2	9606.ENSP00000317780	9606.ENSP00000371425	0	0	0	0	0.292	0.401	0.155	0.163	0.659
COX5A	NDUFB1	9606.ENSP00000317780	9606.ENSP00000483888	0	0	0	0	0.286	0.830	0	0.362	0.916
COX5A	NDUFC1	9606.ENSP00000317780	9606.ENSP00000441126	0	0	0	0	0.397	0.811	0	0.323	0.916
COX5A	SDHD	9606.ENSP00000317780	9606.ENSP00000364699	0	0	0	0	0.836	0	0	0.514	0.917
COX5A	NDUFA11	9606.ENSP00000317780	9606.ENSP00000389160	0	0	0	0	0.314	0.824	0	0.399	0.921
COX5A	NDUFB3	9606.ENSP00000317780	9606.ENSP00000407336	0	0	0	0	0.476	0.830	0	0.460	0.947
COX5A	NDUFAB1	9606.ENSP00000317780	9606.ENSP00000458770	0	0	0	0	0.817	0.859	0	0.519	0.986
COX5A	NDUFV1	9606.ENSP00000317780	9606.ENSP00000497587	0	0	0	0	0.746	0.901	0	0.544	0.987
COX5A	COX7A2	9606.ENSP00000317780	9606.ENSP00000359098	0	0	0	0	0.765	0.802	0.540	0.641	0.991
COX5A	UQCR11	9606.ENSP00000317780	9606.ENSP00000467262	0	0	0	0	0.922	0.923	0.540	0.520	0.998
COX5A	COX6C	9606.ENSP00000317780	9606.ENSP00000429707	0	0	0	0	0.912	0.996	0.935	0.955	0.999
COX5A	COX6B1	9606.ENSP00000317780	9606.ENSP00000466818	0	0	0	0	0.840	0.974	0.876	0.969	0.999
COX5A	UQCRQ	9606.ENSP00000317780	9606.ENSP00000367939	0	0	0	0	0.940	0.987	0.786	0.715	0.999
COX5B	NDUFB4	9606.ENSP00000258424	9606.ENSP00000184266	0	0	0	0	0.688	0.854	0	0.686	0.984
COX5B	COX6A1	9606.ENSP00000258424	9606.ENSP00000229379	0	0	0	0	0.892	0.980	0.888	0.966	0.999
COX5B	NDUFA2	9606.ENSP00000258424	9606.ENSP00000252102	0	0	0	0	0.916	0.864	0	0.527	0.994
COX5B	MGST3	9606.ENSP00000258424	9606.ENSP00000356864	0	0	0	0	0.443	0.073	0	0.238	0.572
COX5B	IFNGR2	9606.ENSP00000258424	9606.ENSP00000371425	0	0	0	0	0.209	0.378	0.152	0.156	0.600
COX5B	NDUFC1	9606.ENSP00000258424	9606.ENSP00000441126	0	0	0	0	0.451	0.811	0	0.411	0.933
COX5B	NDUFAB1	9606.ENSP00000258424	9606.ENSP00000458770	0	0	0	0	0.374	0.864	0	0.399	0.944
COX5B	SDHD	9606.ENSP00000258424	9606.ENSP00000364699	0	0	0	0	0.909	0	0	0.463	0.949
COX5B	NDUFB1	9606.ENSP00000258424	9606.ENSP00000483888	0	0	0	0	0.390	0.844	0	0.528	0.951
COX5B	NDUFB3	9606.ENSP00000258424	9606.ENSP00000407336	0	0	0	0	0.717	0.844	0	0.526	0.977
COX5B	NDUFV1	9606.ENSP00000258424	9606.ENSP00000497587	0	0	0	0	0.743	0.844	0	0.569	0.981
COX5B	NDUFA9	9606.ENSP00000258424	9606.ENSP00000266544	0	0	0	0	0.827	0.846	0	0.557	0.987
COX5B	NDUFB5	9606.ENSP00000258424	9606.ENSP00000259037	0	0	0	0	0.862	0.844	0	0.636	0.991
COX5B	NDUFA11	9606.ENSP00000258424	9606.ENSP00000389160	0	0	0	0	0.777	0.931	0	0.589	0.993
COX5B	COX7A2	9606.ENSP00000258424	9606.ENSP00000359098	0	0	0	0	0.813	0.900	0.540	0.778	0.997
COX5B	UQCR11	9606.ENSP00000258424	9606.ENSP00000467262	0	0	0	0	0.999	0.972	0.540	0.640	0.999
COX5B	COX6B1	9606.ENSP00000258424	9606.ENSP00000466818	0	0	0	0	0.920	0.974	0.876	0.967	0.999
COX5B	UQCRFS1	9606.ENSP00000258424	9606.ENSP00000306397	0	0	0	0	0.970	0.991	0.715	0.664	0.999
COX5B	COX6C	9606.ENSP00000258424	9606.ENSP00000429707	0	0	0	0	0.910	0.876	0.935	0.990	0.999
COX5B	UQCRQ	9606.ENSP00000258424	9606.ENSP00000367939	0	0	0	0	0.925	0.967	0.714	0.581	0.999
COX6A1	NDUFB4	9606.ENSP00000229379	9606.ENSP00000184266	0	0	0	0	0.548	0.302	0	0.305	0.761
COX6A1	IFNGR2	9606.ENSP00000229379	9606.ENSP00000371425	0	0	0	0	0.185	0.294	0.151	0.120	0.512
COX6A1	NDUFB1	9606.ENSP00000229379	9606.ENSP00000483888	0	0	0	0	0.178	0.258	0	0.275	0.520
COX6A1	NDUFC1	9606.ENSP00000229379	9606.ENSP00000441126	0	0	0	0	0.245	0.100	0	0.375	0.538
COX6A1	SDHD	9606.ENSP00000229379	9606.ENSP00000364699	0	0	0	0	0.441	0	0	0.326	0.607
COX6A1	NDUFV1	9606.ENSP00000229379	9606.ENSP00000497587	0	0	0	0	0.157	0.287	0	0.406	0.612
COX6A1	NDUFA9	9606.ENSP00000229379	9606.ENSP00000266544	0	0	0	0	0.335	0.228	0	0.352	0.638
COX6A1	NDUFAB1	9606.ENSP00000229379	9606.ENSP00000458770	0	0	0	0	0.373	0.311	0	0.339	0.690
COX6A1	NDUFB3	9606.ENSP00000229379	9606.ENSP00000407336	0	0	0	0	0.266	0.258	0	0.488	0.697
COX6A1	NDUFA11	9606.ENSP00000229379	9606.ENSP00000389160	0	0	0	0	0.445	0.189	0	0.463	0.737
COX6A1	NDUFB5	9606.ENSP00000229379	9606.ENSP00000259037	0	0	0	0	0.427	0.258	0	0.452	0.747
COX6A1	NDUFA2	9606.ENSP00000229379	9606.ENSP00000252102	0	0	0	0	0.430	0.353	0	0.456	0.782
COX6A1	UQCR11	9606.ENSP00000229379	9606.ENSP00000467262	0	0	0	0	0.494	0.789	0.540	0.489	0.971
COX6A1	UQCRFS1	9606.ENSP00000229379	9606.ENSP00000306397	0	0	0	0	0.417	0.842	0.673	0.618	0.986
COX6A1	UQCRQ	9606.ENSP00000229379	9606.ENSP00000367939	0	0	0	0	0.782	0.882	0.671	0.591	0.996
COX6A1	COX7A2	9606.ENSP00000229379	9606.ENSP00000359098	0	0	0	0	0.601	0.906	0.540	0.927	0.998
COX6A1	COX6C	9606.ENSP00000229379	9606.ENSP00000429707	0	0	0	0	0.588	0.986	0.800	0.903	0.999
COX6A1	COX6B1	9606.ENSP00000229379	9606.ENSP00000466818	0	0	0	0	0.626	0.982	0.851	0.984	0.999
COX6B1	NDUFB4	9606.ENSP00000466818	9606.ENSP00000184266	0	0	0	0	0.480	0.884	0	0.333	0.956
COX6B1	NDUFA2	9606.ENSP00000466818	9606.ENSP00000252102	0	0	0	0	0.754	0.874	0	0.466	0.982
COX6B1	NDUFB5	9606.ENSP00000466818	9606.ENSP00000259037	0	0	0	0	0.418	0.851	0	0.455	0.948
COX6B1	NDUFA9	9606.ENSP00000466818	9606.ENSP00000266544	0	0	0	0	0.242	0.862	0	0.398	0.931
COX6B1	UQCRFS1	9606.ENSP00000466818	9606.ENSP00000306397	0	0	0	0	0.477	0.967	0.733	0.521	0.997
COX6B1	COX7A2	9606.ENSP00000466818	9606.ENSP00000359098	0	0	0	0	0.768	0.934	0.540	0.805	0.998
COX6B1	SDHD	9606.ENSP00000466818	9606.ENSP00000364699	0	0	0	0	0.341	0	0	0.422	0.603
COX6B1	UQCRQ	9606.ENSP00000466818	9606.ENSP00000367939	0	0	0	0	0.764	0.978	0.658	0.550	0.999
COX6B1	IFNGR2	9606.ENSP00000466818	9606.ENSP00000371425	0	0	0	0	0.142	0.409	0.145	0.138	0.576
COX6B1	NDUFA11	9606.ENSP00000466818	9606.ENSP00000389160	0	0	0	0	0.461	0.830	0	0.446	0.945
COX6B1	NDUFB3	9606.ENSP00000466818	9606.ENSP00000407336	0	0	0	0	0.512	0.845	0	0.419	0.952
COX6B1	COX6C	9606.ENSP00000466818	9606.ENSP00000429707	0	0	0	0	0.738	0.963	0.800	0.913	0.999
COX6B1	NDUFC1	9606.ENSP00000466818	9606.ENSP00000441126	0	0	0	0	0.362	0.813	0	0.307	0.910
COX6B1	NDUFAB1	9606.ENSP00000466818	9606.ENSP00000458770	0	0	0	0	0.473	0.856	0	0.405	0.951
COX6B1	NDUFB1	9606.ENSP00000466818	9606.ENSP00000483888	0	0	0	0	0.261	0.845	0	0.557	0.944
COX6B1	NDUFV1	9606.ENSP00000466818	9606.ENSP00000497587	0	0	0	0	0.403	0.872	0	0.517	0.960
COX6B1	UQCR11	9606.ENSP00000466818	9606.ENSP00000467262	0	0	0	0	0.668	0.946	0.540	0.678	0.997
COX6C	NDUFB4	9606.ENSP00000429707	9606.ENSP00000184266	0	0	0	0	0.958	0.507	0	0.364	0.985
COX6C	NDUFA2	9606.ENSP00000429707	9606.ENSP00000252102	0	0	0	0	0.831	0.523	0	0.486	0.955
COX6C	NDUFB5	9606.ENSP00000429707	9606.ENSP00000259037	0	0	0	0	0.917	0.566	0	0.542	0.982
COX6C	NDUFA9	9606.ENSP00000429707	9606.ENSP00000266544	0	0	0	0	0.428	0.482	0	0.386	0.802
COX6C	UQCRFS1	9606.ENSP00000429707	9606.ENSP00000306397	0	0	0	0	0.313	0.883	0.602	0.410	0.978
COX6C	RAC1	9606.ENSP00000429707	9606.ENSP00000348461	0	0	0	0	0.047	0.420	0	0	0.423
COX6C	COX7A2	9606.ENSP00000429707	9606.ENSP00000359098	0	0	0	0	0.896	0.804	0.540	0.734	0.997
COX6C	SDHD	9606.ENSP00000429707	9606.ENSP00000364699	0	0	0	0	0.443	0	0	0.289	0.587
COX6C	UQCRQ	9606.ENSP00000429707	9606.ENSP00000367939	0	0	0	0	0.959	0.834	0.602	0.507	0.998
COX6C	NDUFA11	9606.ENSP00000429707	9606.ENSP00000389160	0	0	0	0	0.507	0.429	0	0.300	0.785
COX6C	NDUFB3	9606.ENSP00000429707	9606.ENSP00000407336	0	0	0	0	0.874	0.544	0	0.484	0.968
COX6C	NDUFV1	9606.ENSP00000429707	9606.ENSP00000497587	0	0	0	0	0.126	0.507	0	0.388	0.713
COX6C	NDUFAB1	9606.ENSP00000429707	9606.ENSP00000458770	0	0	0	0	0.430	0.507	0	0.390	0.813
COX6C	NDUFB1	9606.ENSP00000429707	9606.ENSP00000483888	0	0	0	0	0.454	0.507	0	0.419	0.830
COX6C	NDUFC1	9606.ENSP00000429707	9606.ENSP00000441126	0	0	0	0	0.703	0.429	0	0.351	0.880
COX6C	UQCR11	9606.ENSP00000429707	9606.ENSP00000467262	0	0	0	0	0.881	0.834	0.540	0.435	0.994
COX7A2	NDUFB4	9606.ENSP00000359098	9606.ENSP00000184266	0	0	0	0	0.448	0	0	0.439	0.677
COX7A2	NDUFA2	9606.ENSP00000359098	9606.ENSP00000252102	0	0	0	0	0.785	0.099	0	0.543	0.903
COX7A2	NDUFB5	9606.ENSP00000359098	9606.ENSP00000259037	0	0	0	0	0.743	0	0	0.530	0.874
COX7A2	NDUFA9	9606.ENSP00000359098	9606.ENSP00000266544	0	0	0	0	0.336	0.161	0	0.277	0.562
COX7A2	UQCRFS1	9606.ENSP00000359098	9606.ENSP00000306397	0	0	0	0	0.267	0.142	0.602	0.457	0.846
COX7A2	NDUFV1	9606.ENSP00000359098	9606.ENSP00000497587	0	0	0	0	0.193	0.161	0	0.355	0.525
COX7A2	SDHD	9606.ENSP00000359098	9606.ENSP00000364699	0	0	0	0	0.271	0	0	0.382	0.530
COX7A2	NDUFB1	9606.ENSP00000359098	9606.ENSP00000483888	0	0	0	0	0.364	0	0	0.474	0.651
COX7A2	NDUFA11	9606.ENSP00000359098	9606.ENSP00000389160	0	0	0	0	0.470	0	0	0.489	0.718
COX7A2	NDUFC1	9606.ENSP00000359098	9606.ENSP00000441126	0	0	0	0	0.524	0	0	0.446	0.725
COX7A2	NDUFB3	9606.ENSP00000359098	9606.ENSP00000407336	0	0	0	0	0.565	0	0	0.472	0.760
COX7A2	NDUFAB1	9606.ENSP00000359098	9606.ENSP00000458770	0	0	0	0	0.484	0	0	0.630	0.801
COX7A2	UQCR11	9606.ENSP00000359098	9606.ENSP00000467262	0	0	0	0	0.870	0	0.540	0.468	0.965
COX7A2	UQCRQ	9606.ENSP00000359098	9606.ENSP00000367939	0	0	0	0	0.861	0.162	0.602	0.492	0.973
CREB1	MAPK14	9606.ENSP00000387699	9606.ENSP00000229795	0	0	0	0	0.137	0.292	0	0.558	0.706
CREB1	RARA	9606.ENSP00000387699	9606.ENSP00000254066	0	0	0	0	0.063	0.046	0	0.558	0.571
CREB1	CREBBP	9606.ENSP00000387699	9606.ENSP00000262367	0	0	0	0	0.155	0.996	0.900	0.997	0.999
CREB1	MAPK3	9606.ENSP00000387699	9606.ENSP00000263025	0	0	0	0	0.089	0	0.900	0.876	0.987
CREB1	PRKACA	9606.ENSP00000387699	9606.ENSP00000309591	0	0	0	0	0.042	0.510	0.900	0.940	0.996
CREB1	PPP1CA	9606.ENSP00000387699	9606.ENSP00000326031	0	0	0	0	0.073	0.292	0.650	0.272	0.810
CREB1	CREB3L2	9606.ENSP00000387699	9606.ENSP00000329140	0	0	0	0.579	0	0.101	0.900	0.354	0.936
CREB1	NFAT5	9606.ENSP00000387699	9606.ENSP00000338806	0	0	0	0	0.068	0	0	0.651	0.661
CREB1	FOXO3	9606.ENSP00000387699	9606.ENSP00000339527	0	0	0	0	0.155	0.094	0	0.561	0.634
CREB1	STAT5A	9606.ENSP00000387699	9606.ENSP00000341208	0	0	0	0	0.088	0	0	0.680	0.696
CREB1	CREB3	9606.ENSP00000387699	9606.ENSP00000342136	0	0	0	0	0	0.101	0.900	0.547	0.955
CREB1	FN1	9606.ENSP00000387699	9606.ENSP00000346839	0	0	0	0	0.055	0	0	0.619	0.624
CREB1	HDAC1	9606.ENSP00000387699	9606.ENSP00000362649	0	0	0	0	0.099	0.511	0	0.745	0.877
CREB1	RELA	9606.ENSP00000387699	9606.ENSP00000384273	0	0	0	0	0.101	0	0	0.986	0.986
CREB1	NDUFV1	9606.ENSP00000387699	9606.ENSP00000497587	0	0	0	0	0.042	0.095	0	0.406	0.440
CREB1	PIK3R1	9606.ENSP00000387699	9606.ENSP00000428056	0	0	0	0	0.095	0	0	0.532	0.558
CREB1	MITF	9606.ENSP00000387699	9606.ENSP00000391803	0	0	0	0	0	0	0	0.659	0.659
CREB1	RHOA	9606.ENSP00000387699	9606.ENSP00000400175	0	0	0	0	0.109	0.063	0	0.677	0.707
CREB3	CREBBP	9606.ENSP00000342136	9606.ENSP00000262367	0	0	0	0	0.051	0.069	0.900	0.177	0.917
CREB3	MAPK3	9606.ENSP00000342136	9606.ENSP00000263025	0	0	0	0	0.071	0	0.900	0.164	0.915
CREB3	PRKACA	9606.ENSP00000342136	9606.ENSP00000309591	0	0	0	0	0.044	0	0.650	0.181	0.702
CREB3	PPP1CA	9606.ENSP00000342136	9606.ENSP00000326031	0	0	0	0	0.053	0	0.650	0	0.654
CREB3	CREB3L2	9606.ENSP00000342136	9606.ENSP00000329140	0	0	0	0.691	0	0.541	0.900	0.294	0.964
CREB3	RELA	9606.ENSP00000342136	9606.ENSP00000384273	0	0	0	0	0.049	0.045	0	0.437	0.444
CREB3L2	CREBBP	9606.ENSP00000329140	9606.ENSP00000262367	0	0	0	0	0.051	0.073	0.900	0.216	0.921
CREB3L2	MAPK3	9606.ENSP00000329140	9606.ENSP00000263025	0	0	0	0	0	0	0.900	0.083	0.904
CREB3L2	PRKACA	9606.ENSP00000329140	9606.ENSP00000309591	0	0	0	0	0	0	0.650	0.074	0.662
CREB3L2	PPP1CA	9606.ENSP00000329140	9606.ENSP00000326031	0	0	0	0	0	0	0.650	0.063	0.658
CREBBP	MAPK14	9606.ENSP00000262367	9606.ENSP00000229795	0	0	0	0	0.060	0	0	0.483	0.493
CREBBP	SKP1	9606.ENSP00000262367	9606.ENSP00000231487	0	0	0	0	0.049	0	0.500	0.254	0.614
CREBBP	FLT3	9606.ENSP00000262367	9606.ENSP00000241453	0	0	0	0	0.042	0.041	0	0.404	0.405
CREBBP	RARA	9606.ENSP00000262367	9606.ENSP00000254066	0	0	0	0	0.075	0.533	0	0.763	0.889
CREBBP	LYN	9606.ENSP00000262367	9606.ENSP00000428924	0	0	0	0	0.071	0.301	0	0.218	0.449
CREBBP	GCLM	9606.ENSP00000262367	9606.ENSP00000359258	0	0	0	0	0.042	0	0.500	0.169	0.567
CREBBP	NOTCH4	9606.ENSP00000262367	9606.ENSP00000364163	0	0	0	0	0	0.065	0.500	0.204	0.595
CREBBP	PIK3R1	9606.ENSP00000262367	9606.ENSP00000428056	0	0	0	0	0.085	0.045	0	0.584	0.604
CREBBP	TBL1X	9606.ENSP00000262367	9606.ENSP00000495556	0	0	0	0	0.103	0	0.500	0.196	0.607
CREBBP	IKBKG	9606.ENSP00000262367	9606.ENSP00000483825	0	0	0	0	0.072	0.510	0	0.383	0.695
CREBBP	RXRB	9606.ENSP00000262367	9606.ENSP00000363817	0	0	0	0	0	0.087	0.650	0.124	0.695
CREBBP	MAPK3	9606.ENSP00000262367	9606.ENSP00000263025	0	0	0	0	0.092	0.510	0	0.383	0.701
CREBBP	TBL1XR1	9606.ENSP00000262367	9606.ENSP00000405574	0	0	0	0	0.054	0	0.500	0.430	0.706
CREBBP	CTBP1	9606.ENSP00000262367	9606.ENSP00000290921	0	0	0	0	0.056	0.686	0	0.441	0.820
CREBBP	PRKACA	9606.ENSP00000262367	9606.ENSP00000309591	0	0	0	0	0.042	0	0.650	0.549	0.835
CREBBP	HDAC1	9606.ENSP00000262367	9606.ENSP00000362649	0	0	0	0	0.099	0.537	0.500	0.833	0.960
CREBBP	STAT5A	9606.ENSP00000262367	9606.ENSP00000341208	0	0	0	0	0.043	0.294	0.650	0.909	0.975
CREBBP	FOXO3	9606.ENSP00000262367	9606.ENSP00000339527	0	0	0	0	0.161	0.971	0.500	0.627	0.995
CREBBP	RELA	9606.ENSP00000262367	9606.ENSP00000384273	0	0	0	0	0.102	0.991	0.500	0.958	0.999
CRK	ITGB4	9606.ENSP00000300574	9606.ENSP00000200181	0	0	0	0	0.042	0	0.650	0.119	0.678
CRK	HGF	9606.ENSP00000300574	9606.ENSP00000222390	0	0	0	0	0	0	0.500	0.322	0.646
CRK	MAPK3	9606.ENSP00000300574	9606.ENSP00000263025	0	0	0	0	0.117	0	0	0.391	0.439
CRK	PLD2	9606.ENSP00000300574	9606.ENSP00000263088	0	0	0	0	0.050	0	0	0.436	0.441
CRK	ZAP70	9606.ENSP00000300574	9606.ENSP00000264972	0	0	0	0	0	0.516	0	0.660	0.828
CRK	FLT1	9606.ENSP00000300574	9606.ENSP00000282397	0	0	0	0	0	0.376	0.650	0.180	0.805
CRK	ITGA2	9606.ENSP00000300574	9606.ENSP00000296585	0	0	0	0	0.044	0	0.650	0.161	0.694
CRK	SORBS1	9606.ENSP00000300574	9606.ENSP00000360293	0	0	0	0	0.044	0	0	0.495	0.497
CRK	WASF3	9606.ENSP00000300574	9606.ENSP00000335055	0	0	0	0	0.044	0	0.500	0.077	0.520
CRK	CYFIP2	9606.ENSP00000300574	9606.ENSP00000479719	0	0	0	0	0.042	0	0.500	0.081	0.521
CRK	FCGR3A	9606.ENSP00000300574	9606.ENSP00000356946	0	0	0	0	0	0	0.500	0.129	0.545
CRK	FLNA	9606.ENSP00000300574	9606.ENSP00000358866	0	0	0	0	0.042	0.436	0	0.246	0.557
CRK	PDGFA	9606.ENSP00000300574	9606.ENSP00000346508	0	0	0	0	0.049	0	0.500	0.154	0.562
CRK	RAP1A	9606.ENSP00000300574	9606.ENSP00000358723	0	0	0	0	0.073	0	0.500	0.333	0.664
CRK	STAT5A	9606.ENSP00000300574	9606.ENSP00000341208	0	0	0	0	0.043	0.387	0	0.496	0.678
CRK	RAC1	9606.ENSP00000300574	9606.ENSP00000348461	0	0	0	0	0.149	0	0.500	0.314	0.683
CRK	ITGA11	9606.ENSP00000300574	9606.ENSP00000327290	0	0	0	0	0	0	0.650	0.143	0.687
CRK	GAB2	9606.ENSP00000300574	9606.ENSP00000354952	0	0	0	0	0.060	0.164	0	0.636	0.688
CRK	FN1	9606.ENSP00000300574	9606.ENSP00000346839	0	0	0	0	0.049	0	0.500	0.417	0.698
CRK	LYN	9606.ENSP00000300574	9606.ENSP00000428924	0	0	0	0	0.076	0.068	0.500	0.419	0.716
CRK	PTPN11	9606.ENSP00000300574	9606.ENSP00000489597	0	0	0	0.583	0.089	0.390	0	0.546	0.725
CRK	ITGB3	9606.ENSP00000300574	9606.ENSP00000452786	0	0	0	0	0.054	0	0.650	0.237	0.725
CRK	FGFR2	9606.ENSP00000300574	9606.ENSP00000410294	0	0	0	0	0	0.091	0.650	0.228	0.733
CRK	ITGB1	9606.ENSP00000300574	9606.ENSP00000379350	0	0	0	0	0.091	0	0.650	0.267	0.746
CRK	RHOA	9606.ENSP00000300574	9606.ENSP00000400175	0	0	0	0	0.114	0	0.500	0.492	0.755
CRK	VAV1	9606.ENSP00000300574	9606.ENSP00000472929	0	0	0	0.602	0.049	0.292	0	0.680	0.766
CRK	HCK	9606.ENSP00000300574	9606.ENSP00000365012	0	0	0	0	0.044	0.068	0.500	0.597	0.796
CRK	MET	9606.ENSP00000300574	9606.ENSP00000317272	0	0	0	0	0.084	0.370	0.650	0.606	0.910
CRK	NCK1	9606.ENSP00000300574	9606.ENSP00000417273	0	0	0	0	0.054	0.070	0	0.956	0.958
CRK	PIK3R1	9606.ENSP00000300574	9606.ENSP00000428056	0	0	0	0	0.042	0.848	0.650	0.651	0.979
CSNK2B	MAPK14	9606.ENSP00000365042	9606.ENSP00000229795	0	0	0	0	0.049	0.438	0	0.132	0.496
CSNK2B	IQGAP1	9606.ENSP00000365042	9606.ENSP00000268182	0	0	0	0	0.058	0.134	0	0.411	0.477
CSNK2B	CTBP1	9606.ENSP00000365042	9606.ENSP00000290921	0	0	0	0	0.072	0.186	0	0.392	0.500
CSNK2B	PPP1CA	9606.ENSP00000365042	9606.ENSP00000326031	0	0	0	0	0.258	0.252	0	0.159	0.493
CSNK2B	PPP2CA	9606.ENSP00000365042	9606.ENSP00000418447	0	0	0	0	0.181	0.337	0	0.131	0.488
CSNK2B	LYN	9606.ENSP00000365042	9606.ENSP00000428924	0	0	0	0	0.047	0.442	0	0.121	0.492
CSNK2B	PIP4K2A	9606.ENSP00000365042	9606.ENSP00000365757	0	0	0	0	0.049	0.480	0	0.127	0.531
CTBP1	FCGR2B	9606.ENSP00000290921	9606.ENSP00000351497	0	0	0	0	0	0	0	0.407	0.407
CTBP1	ZBTB16	9606.ENSP00000290921	9606.ENSP00000338157	0	0	0	0	0	0.071	0	0.443	0.460
CTBP1	TBL1X	9606.ENSP00000290921	9606.ENSP00000495556	0	0	0	0	0.042	0.328	0	0.519	0.663
CTBP1	FOXO3	9606.ENSP00000290921	9606.ENSP00000339527	0	0	0	0	0	0	0	0.684	0.684
CTBP1	TBL1XR1	9606.ENSP00000290921	9606.ENSP00000405574	0	0	0	0	0.070	0.172	0	0.713	0.759
CTBP1	HDAC1	9606.ENSP00000290921	9606.ENSP00000362649	0	0	0	0	0.067	0.837	0.800	0.994	0.999
CTNND1	PFN1	9606.ENSP00000382004	9606.ENSP00000225655	0	0	0	0	0.047	0	0	0.449	0.452
CTNND1	MAPK3	9606.ENSP00000382004	9606.ENSP00000263025	0	0	0	0	0	0.292	0	0.309	0.490
CTNND1	IQGAP1	9606.ENSP00000382004	9606.ENSP00000268182	0	0	0	0	0.049	0	0	0.574	0.578
CTNND1	FZD7	9606.ENSP00000382004	9606.ENSP00000286201	0	0	0	0	0.062	0	0	0.436	0.448
CTNND1	PAK2	9606.ENSP00000382004	9606.ENSP00000314067	0	0	0	0	0.059	0	0.500	0.094	0.537
CTNND1	MET	9606.ENSP00000382004	9606.ENSP00000317272	0	0	0	0	0.110	0.046	0.900	0.766	0.977
CTNND1	FN1	9606.ENSP00000382004	9606.ENSP00000346839	0	0	0	0	0.086	0	0	0.444	0.470
CTNND1	TJP1	9606.ENSP00000382004	9606.ENSP00000348416	0	0	0	0	0.204	0	0	0.947	0.956
CTNND1	RAC1	9606.ENSP00000382004	9606.ENSP00000348461	0	0	0	0	0.073	0.158	0.500	0.208	0.650
CTNND1	THBS2	9606.ENSP00000382004	9606.ENSP00000355751	0	0	0	0	0.058	0	0	0.434	0.444
CTNND1	VAV3	9606.ENSP00000382004	9606.ENSP00000359073	0	0	0	0	0.042	0	0.500	0.067	0.514
CTNND1	ITGB1	9606.ENSP00000382004	9606.ENSP00000379350	0	0	0	0	0.072	0	0	0.522	0.537
CTNND1	FGFR2	9606.ENSP00000382004	9606.ENSP00000410294	0	0	0	0	0.054	0	0	0.497	0.504
CTNND1	VAV1	9606.ENSP00000382004	9606.ENSP00000472929	0	0	0	0	0.042	0	0.500	0.136	0.550
CTNND1	ROCK1	9606.ENSP00000382004	9606.ENSP00000382697	0	0	0	0	0.064	0.046	0	0.665	0.675
CTNND1	RHOA	9606.ENSP00000382004	9606.ENSP00000400175	0	0	0	0	0.042	0.243	0.900	0.834	0.986
CYFIP2	MAPK3	9606.ENSP00000479719	9606.ENSP00000263025	0	0	0	0	0.063	0	0.400	0.149	0.480
CYFIP2	WASF3	9606.ENSP00000479719	9606.ENSP00000335055	0	0	0	0	0	0.827	0.800	0.832	0.993
CYFIP2	RAC1	9606.ENSP00000479719	9606.ENSP00000348461	0	0	0	0	0.056	0.207	0.500	0.696	0.871
CYFIP2	FCGR3A	9606.ENSP00000479719	9606.ENSP00000356946	0	0	0	0	0	0	0.500	0	0.499
CYFIP2	FLNA	9606.ENSP00000479719	9606.ENSP00000358866	0	0	0	0	0.055	0	0	0.421	0.430
CYFIP2	VAV3	9606.ENSP00000479719	9606.ENSP00000359073	0	0	0	0	0.042	0	0.500	0.057	0.508
CYFIP2	NCK1	9606.ENSP00000479719	9606.ENSP00000417273	0	0	0	0	0.060	0.219	0.500	0.820	0.925
CYFIP2	VAV1	9606.ENSP00000479719	9606.ENSP00000472929	0	0	0	0	0.072	0	0.500	0.091	0.541
DIAPH2	PFN1	9606.ENSP00000321348	9606.ENSP00000225655	0	0	0	0	0.042	0.348	0.900	0.425	0.959
DIAPH2	SKP1	9606.ENSP00000321348	9606.ENSP00000231487	0	0	0	0	0.049	0	0	0.502	0.506
DIAPH2	RHOA	9606.ENSP00000321348	9606.ENSP00000400175	0	0	0	0	0.074	0.287	0.900	0.401	0.955
DKK1	HGF	9606.ENSP00000363081	9606.ENSP00000222390	0	0	0	0	0.042	0	0	0.424	0.425
DKK1	WNT5A	9606.ENSP00000363081	9606.ENSP00000264634	0	0	0	0	0.095	0.061	0.650	0.829	0.942
DKK1	WNT2	9606.ENSP00000363081	9606.ENSP00000265441	0	0	0	0	0.044	0.061	0.650	0.747	0.909
DKK1	FGF7	9606.ENSP00000363081	9606.ENSP00000267843	0	0	0	0	0.086	0	0	0.513	0.536
DKK1	FZD7	9606.ENSP00000363081	9606.ENSP00000286201	0	0	0	0	0.080	0.063	0	0.542	0.571
DKK1	WIF1	9606.ENSP00000363081	9606.ENSP00000286574	0	0	0	0	0.045	0	0	0.882	0.882
DKK1	FN1	9606.ENSP00000363081	9606.ENSP00000346839	0	0	0	0	0.109	0	0	0.662	0.686
DKK1	RAC1	9606.ENSP00000363081	9606.ENSP00000348461	0	0	0	0	0.056	0	0	0.470	0.479
DKK1	FZD6	9606.ENSP00000363081	9606.ENSP00000351605	0	0	0	0	0.107	0.062	0	0.500	0.544
DKK1	FGF17	9606.ENSP00000363081	9606.ENSP00000352414	0	0	0	0	0	0	0	0.453	0.453
DKK1	ROCK1	9606.ENSP00000363081	9606.ENSP00000382697	0	0	0	0	0	0.071	0	0.440	0.457
DKK1	SPP1	9606.ENSP00000363081	9606.ENSP00000378517	0	0	0	0	0.044	0	0	0.582	0.583
DKK1	FZD8	9606.ENSP00000363081	9606.ENSP00000363826	0	0	0	0	0.097	0.063	0	0.757	0.776
ELK1	MAPK14	9606.ENSP00000366182	9606.ENSP00000229795	0	0	0	0	0.049	0.094	0.900	0.074	0.909
ELK1	MAPK3	9606.ENSP00000366182	9606.ENSP00000263025	0	0	0	0	0.049	0.866	0.900	0.232	0.988
FCGR2B	FLT3	9606.ENSP00000351497	9606.ENSP00000241453	0	0	0	0	0.108	0	0	0.393	0.436
FCGR2B	ITGA2	9606.ENSP00000351497	9606.ENSP00000296585	0	0	0	0	0	0	0	0.460	0.460
FCGR2B	FN1	9606.ENSP00000351497	9606.ENSP00000346839	0	0	0	0	0.089	0	0	0.562	0.584
FCGR2B	VAV1	9606.ENSP00000351497	9606.ENSP00000472929	0	0	0	0	0.159	0	0	0.351	0.431
FCGR2B	HCK	9606.ENSP00000351497	9606.ENSP00000365012	0	0	0	0	0.350	0	0	0.238	0.483
FCGR2B	FCGR3A	9606.ENSP00000351497	9606.ENSP00000356946	0	0	0	0.824	0.306	0	0	0.646	0.744
FCGR2B	PTPN11	9606.ENSP00000351497	9606.ENSP00000489597	0	0	0	0	0.080	0.292	0	0.639	0.744
FCGR2B	PTPRC	9606.ENSP00000351497	9606.ENSP00000411355	0	0	0	0	0.265	0	0	0.894	0.918
FCGR2B	LYN	9606.ENSP00000351497	9606.ENSP00000428924	0	0	0	0	0.126	0.510	0	0.867	0.938
FCGR3A	MYH9	9606.ENSP00000356946	9606.ENSP00000216181	0	0	0	0	0.048	0.129	0.400	0.072	0.476
FCGR3A	FLT3	9606.ENSP00000356946	9606.ENSP00000241453	0	0	0	0	0.116	0	0	0.620	0.650
FCGR3A	PIKFYVE	9606.ENSP00000356946	9606.ENSP00000264380	0	0	0	0	0	0	0	0.456	0.456
FCGR3A	ZAP70	9606.ENSP00000356946	9606.ENSP00000264972	0	0	0	0	0.104	0	0	0.766	0.781
FCGR3A	IFNAR1	9606.ENSP00000356946	9606.ENSP00000270139	0	0	0	0	0.090	0	0	0.466	0.494
FCGR3A	ITGA2	9606.ENSP00000356946	9606.ENSP00000296585	0	0	0	0	0.055	0	0	0.528	0.535
FCGR3A	MET	9606.ENSP00000356946	9606.ENSP00000317272	0	0	0	0	0	0	0	0.664	0.664
FCGR3A	WASF3	9606.ENSP00000356946	9606.ENSP00000335055	0	0	0	0	0	0	0.500	0	0.499
FCGR3A	STAT5A	9606.ENSP00000356946	9606.ENSP00000341208	0	0	0	0	0.120	0	0	0.445	0.490
FCGR3A	FN1	9606.ENSP00000356946	9606.ENSP00000346839	0	0	0	0	0	0	0	0.638	0.638
FCGR3A	RAC1	9606.ENSP00000356946	9606.ENSP00000348461	0	0	0	0	0.139	0	0.500	0	0.551
FCGR3A	TGFBR2	9606.ENSP00000356946	9606.ENSP00000351905	0	0	0	0	0.072	0	0	0.530	0.545
FCGR3A	ITGB1	9606.ENSP00000356946	9606.ENSP00000379350	0	0	0	0	0.060	0	0	0.426	0.437
FCGR3A	PIK3R1	9606.ENSP00000356946	9606.ENSP00000428056	0	0	0	0	0.063	0	0.500	0.134	0.558
FCGR3A	HLA-A	9606.ENSP00000356946	9606.ENSP00000379873	0	0	0	0	0.143	0	0	0.577	0.622
FCGR3A	ITGB3	9606.ENSP00000356946	9606.ENSP00000452786	0	0	0	0	0.060	0	0	0.649	0.656
FCGR3A	VAV1	9606.ENSP00000356946	9606.ENSP00000472929	0	0	0	0	0.175	0	0.500	0.417	0.738
FCGR3A	VAV3	9606.ENSP00000356946	9606.ENSP00000359073	0	0	0	0	0.109	0	0.500	0.493	0.754
FCGR3A	PTPRC	9606.ENSP00000356946	9606.ENSP00000411355	0	0	0	0	0.269	0	0	0.887	0.913
FCGR3A	HCK	9606.ENSP00000356946	9606.ENSP00000365012	0	0	0	0	0.355	0	0.900	0.257	0.947
FCGR3A	LYN	9606.ENSP00000356946	9606.ENSP00000428924	0	0	0	0	0.132	0	0.900	0.555	0.958
FGF11	FGFR2	9606.ENSP00000293829	9606.ENSP00000410294	0	0	0	0	0.042	0.311	0	0.560	0.684
FGF11	FGF17	9606.ENSP00000293829	9606.ENSP00000352414	0	0	0	0	0.101	0	0	0.683	0.702
FGF17	HGF	9606.ENSP00000352414	9606.ENSP00000222390	0	0	0	0	0	0	0	0.872	0.872
FGF17	FLT3	9606.ENSP00000352414	9606.ENSP00000241453	0	0	0	0	0	0.168	0.650	0.341	0.791
FGF17	MAPK3	9606.ENSP00000352414	9606.ENSP00000263025	0	0	0	0	0.045	0	0.400	0.547	0.717
FGF17	WNT5A	9606.ENSP00000352414	9606.ENSP00000264634	0	0	0	0	0	0.050	0	0.436	0.441
FGF17	WNT2	9606.ENSP00000352414	9606.ENSP00000265441	0	0	0	0	0	0.050	0	0.423	0.429
FGF17	FGF7	9606.ENSP00000352414	9606.ENSP00000267843	0	0	0	0.699	0	0	0.400	0.117	0.448
FGF17	IQGAP1	9606.ENSP00000352414	9606.ENSP00000268182	0	0	0	0	0	0	0	0.420	0.420
FGF17	FLT1	9606.ENSP00000352414	9606.ENSP00000282397	0	0	0	0	0	0.168	0.650	0.593	0.871
FGF17	NRG1	9606.ENSP00000352414	9606.ENSP00000287842	0	0	0	0	0.042	0	0	0.402	0.402
FGF17	MET	9606.ENSP00000352414	9606.ENSP00000317272	0	0	0	0	0.067	0	0.650	0.621	0.865
FGF17	PDGFA	9606.ENSP00000352414	9606.ENSP00000346508	0	0	0	0	0	0	0	0.433	0.433
FGF17	FN1	9606.ENSP00000352414	9606.ENSP00000346839	0	0	0	0	0	0	0	0.798	0.798
FGF17	RHOA	9606.ENSP00000352414	9606.ENSP00000400175	0	0	0	0	0	0.045	0	0.436	0.438
FGF17	ITGB1	9606.ENSP00000352414	9606.ENSP00000379350	0	0	0	0	0	0	0	0.441	0.441
FGF17	PTPRC	9606.ENSP00000352414	9606.ENSP00000411355	0	0	0	0	0.055	0.048	0	0.478	0.490
FGF17	PIK3R1	9606.ENSP00000352414	9606.ENSP00000428056	0	0	0	0	0	0	0.400	0.203	0.501
FGF17	SPP1	9606.ENSP00000352414	9606.ENSP00000378517	0	0	0	0	0	0	0	0.520	0.520
FGF17	PTPN11	9606.ENSP00000352414	9606.ENSP00000489597	0	0	0	0	0.055	0.059	0.400	0.357	0.611
FGF17	FGFR2	9606.ENSP00000352414	9606.ENSP00000410294	0	0	0	0	0	0.168	0.900	0.991	0.999
FGF7	HGF	9606.ENSP00000267843	9606.ENSP00000222390	0	0	0	0	0.080	0	0	0.889	0.894
FGF7	FLT3	9606.ENSP00000267843	9606.ENSP00000241453	0	0	0	0	0.057	0.168	0.650	0.351	0.798
FGF7	MAPK3	9606.ENSP00000267843	9606.ENSP00000263025	0	0	0	0	0.083	0	0.400	0.579	0.748
FGF7	WNT5A	9606.ENSP00000267843	9606.ENSP00000264634	0	0	0	0	0.064	0.050	0	0.695	0.705
FGF7	WNT2	9606.ENSP00000267843	9606.ENSP00000265441	0	0	0	0	0.106	0.050	0	0.423	0.467
FGF7	TJP1	9606.ENSP00000267843	9606.ENSP00000348416	0	0	0	0	0.042	0	0	0.423	0.424
FGF7	IQGAP1	9606.ENSP00000267843	9606.ENSP00000268182	0	0	0	0	0	0	0	0.425	0.425
FGF7	THBS2	9606.ENSP00000267843	9606.ENSP00000355751	0	0	0	0	0.165	0.042	0	0.358	0.442
FGF7	RHOA	9606.ENSP00000267843	9606.ENSP00000400175	0	0	0	0	0	0.045	0	0.458	0.460
FGF7	NRG1	9606.ENSP00000267843	9606.ENSP00000287842	0	0	0	0	0.048	0	0	0.474	0.477
FGF7	ITGB1	9606.ENSP00000267843	9606.ENSP00000379350	0	0	0	0	0.060	0	0	0.485	0.496
FGF7	PDGFA	9606.ENSP00000267843	9606.ENSP00000346508	0	0	0	0	0	0	0	0.503	0.503
FGF7	PIK3R1	9606.ENSP00000267843	9606.ENSP00000428056	0	0	0	0	0.053	0	0.400	0.202	0.506
FGF7	PTPRC	9606.ENSP00000267843	9606.ENSP00000411355	0	0	0	0	0.071	0.048	0	0.529	0.548
FGF7	PTPN11	9606.ENSP00000267843	9606.ENSP00000489597	0	0	0	0	0.055	0.070	0.400	0.383	0.631
FGF7	TGFBR2	9606.ENSP00000267843	9606.ENSP00000351905	0	0	0	0	0.083	0	0	0.617	0.633
FGF7	SPP1	9606.ENSP00000267843	9606.ENSP00000378517	0	0	0	0	0	0	0	0.729	0.729
FGF7	FN1	9606.ENSP00000267843	9606.ENSP00000346839	0	0	0	0	0.044	0	0	0.801	0.802
FGF7	MET	9606.ENSP00000267843	9606.ENSP00000317272	0	0	0	0	0.067	0	0.650	0.726	0.902
FGF7	FLT1	9606.ENSP00000267843	9606.ENSP00000282397	0	0	0	0	0.069	0.168	0.650	0.735	0.918
FGF7	FGFR2	9606.ENSP00000267843	9606.ENSP00000410294	0	0	0	0	0.047	0.858	0.900	0.997	0.999
FGFR2	HGF	9606.ENSP00000410294	9606.ENSP00000222390	0	0	0	0	0	0	0.650	0.743	0.906
FGFR2	MAPK3	9606.ENSP00000410294	9606.ENSP00000263025	0	0	0	0.585	0	0	0.400	0.234	0.520
FGFR2	WNT5A	9606.ENSP00000410294	9606.ENSP00000264634	0	0	0	0	0	0.049	0	0.415	0.420
FGFR2	FLT1	9606.ENSP00000410294	9606.ENSP00000282397	0	0	0	0.739	0.044	0.094	0	0.396	0.431
FGFR2	RRM1	9606.ENSP00000410294	9606.ENSP00000300738	0	0	0	0	0.067	0	0	0.467	0.481
FGFR2	MET	9606.ENSP00000410294	9606.ENSP00000317272	0	0	0	0.626	0	0.092	0	0.493	0.519
FGFR2	ITGA11	9606.ENSP00000410294	9606.ENSP00000327290	0	0	0	0	0	0	0	0.461	0.461
FGFR2	STAT5A	9606.ENSP00000410294	9606.ENSP00000341208	0	0	0	0	0	0.328	0	0.694	0.785
FGFR2	PDGFA	9606.ENSP00000410294	9606.ENSP00000346508	0	0	0	0	0.042	0	0.650	0.395	0.779
FGFR2	FN1	9606.ENSP00000410294	9606.ENSP00000346839	0	0	0	0	0	0	0	0.581	0.581
FGFR2	SHC3	9606.ENSP00000410294	9606.ENSP00000364995	0	0	0	0	0.072	0.113	0.900	0.197	0.925
FGFR2	PTPN11	9606.ENSP00000410294	9606.ENSP00000489597	0	0	0	0	0.060	0.240	0.400	0.593	0.802
FGFR2	PIK3R1	9606.ENSP00000410294	9606.ENSP00000428056	0	0	0	0	0.042	0.416	0.650	0.659	0.924
FLNA	ITGB4	9606.ENSP00000358866	9606.ENSP00000200181	0	0	0	0	0.059	0.402	0.650	0.594	0.909
FLNA	MYH9	9606.ENSP00000358866	9606.ENSP00000216181	0	0	0	0	0.359	0.384	0	0.677	0.861
FLNA	PFN1	9606.ENSP00000358866	9606.ENSP00000225655	0	0	0	0	0.149	0	0	0.748	0.776
FLNA	MAPK3	9606.ENSP00000358866	9606.ENSP00000263025	0	0	0	0	0.097	0	0	0.389	0.425
FLNA	IQGAP1	9606.ENSP00000358866	9606.ENSP00000268182	0	0	0	0	0.176	0.163	0	0.937	0.952
FLNA	ITGA2	9606.ENSP00000358866	9606.ENSP00000296585	0	0	0	0	0.066	0	0.650	0.250	0.733
FLNA	SCIN	9606.ENSP00000358866	9606.ENSP00000297029	0	0	0	0	0.056	0	0	0.789	0.792
FLNA	PRKCE	9606.ENSP00000358866	9606.ENSP00000306124	0	0	0	0	0	0	0	0.465	0.465
FLNA	PAK2	9606.ENSP00000358866	9606.ENSP00000314067	0	0	0	0	0.047	0.067	0.500	0.178	0.585
FLNA	ITGA11	9606.ENSP00000358866	9606.ENSP00000327290	0	0	0	0	0.077	0	0.650	0.120	0.691
FLNA	FN1	9606.ENSP00000358866	9606.ENSP00000346839	0	0	0	0	0.080	0.072	0	0.794	0.809
FLNA	TJP1	9606.ENSP00000358866	9606.ENSP00000348416	0	0	0	0	0.042	0.292	0	0.536	0.657
FLNA	RAC1	9606.ENSP00000358866	9606.ENSP00000348461	0	0	0	0	0.049	0.048	0.500	0.264	0.622
FLNA	MYL12B	9606.ENSP00000358866	9606.ENSP00000463559	0	0	0	0	0.240	0	0	0.255	0.410
FLNA	MYH11	9606.ENSP00000358866	9606.ENSP00000379616	0	0	0	0	0.092	0.186	0	0.457	0.564
FLNA	RHOA	9606.ENSP00000358866	9606.ENSP00000400175	0	0	0	0	0.095	0.048	0	0.928	0.933
FLNA	ITGB1	9606.ENSP00000358866	9606.ENSP00000379350	0	0	0	0	0.084	0.867	0.650	0.870	0.993
FLNA	ITGB3	9606.ENSP00000358866	9606.ENSP00000452786	0	0	0	0	0.098	0.963	0.650	0.575	0.994
FLT1	HGF	9606.ENSP00000282397	9606.ENSP00000222390	0	0	0	0	0.044	0	0.650	0.748	0.908
FLT1	FLT3	9606.ENSP00000282397	9606.ENSP00000241453	0	0	0	0.708	0.067	0	0	0.506	0.519
FLT1	VAV3	9606.ENSP00000282397	9606.ENSP00000359073	0	0	0	0	0.044	0.104	0	0.397	0.438
FLT1	NOTCH4	9606.ENSP00000282397	9606.ENSP00000364163	0	0	0	0	0.116	0	0	0.402	0.449
FLT1	SPP1	9606.ENSP00000282397	9606.ENSP00000378517	0	0	0	0	0.080	0	0	0.433	0.456
FLT1	LYN	9606.ENSP00000282397	9606.ENSP00000428924	0	0	0	0.677	0.059	0.091	0	0.436	0.475
FLT1	RELA	9606.ENSP00000282397	9606.ENSP00000384273	0	0	0	0	0	0	0	0.480	0.480
FLT1	PTPRC	9606.ENSP00000282397	9606.ENSP00000411355	0	0	0	0	0.082	0.051	0	0.479	0.506
FLT1	FN1	9606.ENSP00000282397	9606.ENSP00000346839	0	0	0	0	0.049	0	0	0.584	0.588
FLT1	HCK	9606.ENSP00000282397	9606.ENSP00000365012	0	0	0	0.683	0.061	0.376	0	0.401	0.618
FLT1	NCK1	9606.ENSP00000282397	9606.ENSP00000417273	0	0	0	0	0	0.075	0	0.680	0.691
FLT1	ITGB1	9606.ENSP00000282397	9606.ENSP00000379350	0	0	0	0	0.063	0.063	0	0.709	0.722
FLT1	SHC3	9606.ENSP00000282397	9606.ENSP00000364995	0	0	0	0	0.056	0.162	0.650	0.137	0.729
FLT1	PTPN11	9606.ENSP00000282397	9606.ENSP00000489597	0	0	0	0	0.060	0.541	0	0.520	0.775
FLT1	PDGFA	9606.ENSP00000282397	9606.ENSP00000346508	0	0	0	0	0.062	0	0.650	0.653	0.876
FLT1	PIK3R1	9606.ENSP00000282397	9606.ENSP00000428056	0	0	0	0	0	0.670	0.650	0.281	0.909
FLT3	HGF	9606.ENSP00000241453	9606.ENSP00000222390	0	0	0	0	0.067	0	0.650	0.356	0.771
FLT3	MAPK14	9606.ENSP00000241453	9606.ENSP00000229795	0	0	0	0.573	0.060	0	0	0.441	0.452
FLT3	VAV1	9606.ENSP00000241453	9606.ENSP00000472929	0	0	0	0	0.063	0.104	0	0.356	0.412
FLT3	ZBTB16	9606.ENSP00000241453	9606.ENSP00000338157	0	0	0	0	0.097	0.052	0	0.378	0.421
FLT3	LYN	9606.ENSP00000241453	9606.ENSP00000428924	0	0	0	0.691	0.067	0.328	0	0.176	0.439
FLT3	MET	9606.ENSP00000241453	9606.ENSP00000317272	0	0	0	0.581	0	0.092	0	0.478	0.506
FLT3	FN1	9606.ENSP00000241453	9606.ENSP00000346839	0	0	0	0	0	0	0	0.550	0.550
FLT3	HLA-A	9606.ENSP00000241453	9606.ENSP00000379873	0	0	0	0	0.077	0.133	0	0.520	0.582
FLT3	MYH11	9606.ENSP00000241453	9606.ENSP00000379616	0	0	0	0	0.049	0	0	0.658	0.661
FLT3	RUNX1T1	9606.ENSP00000241453	9606.ENSP00000402257	0	0	0	0	0.049	0	0	0.695	0.697
FLT3	SHC3	9606.ENSP00000241453	9606.ENSP00000364995	0	0	0	0	0.055	0.162	0.650	0.071	0.708
FLT3	HCK	9606.ENSP00000241453	9606.ENSP00000365012	0	0	0	0.685	0.128	0.328	0.500	0.144	0.716
FLT3	GAB2	9606.ENSP00000241453	9606.ENSP00000354952	0	0	0	0	0.067	0	0.400	0.546	0.723
FLT3	PDGFA	9606.ENSP00000241453	9606.ENSP00000346508	0	0	0	0	0	0	0.650	0.242	0.723
FLT3	RARA	9606.ENSP00000241453	9606.ENSP00000254066	0	0	0	0	0	0.045	0	0.727	0.728
FLT3	PTPRC	9606.ENSP00000241453	9606.ENSP00000411355	0	0	0	0	0.104	0.051	0	0.721	0.742
FLT3	PTPN11	9606.ENSP00000241453	9606.ENSP00000489597	0	0	0	0	0.060	0.389	0.400	0.717	0.889
FLT3	PIK3R1	9606.ENSP00000241453	9606.ENSP00000428056	0	0	0	0	0.062	0.374	0.900	0.353	0.956
FLT3	STAT5A	9606.ENSP00000241453	9606.ENSP00000341208	0	0	0	0	0.052	0.079	0.900	0.705	0.970
FN1	ITGB4	9606.ENSP00000346839	9606.ENSP00000200181	0	0	0	0.546	0	0	0.650	0.355	0.764
FN1	MYH9	9606.ENSP00000346839	9606.ENSP00000216181	0	0	0	0	0.062	0.080	0	0.529	0.558
FN1	HGF	9606.ENSP00000346839	9606.ENSP00000222390	0	0	0	0	0.055	0.394	0	0.947	0.967
FN1	MAPK14	9606.ENSP00000346839	9606.ENSP00000229795	0	0	0	0	0	0	0	0.452	0.452
FN1	MAPK3	9606.ENSP00000346839	9606.ENSP00000263025	0	0	0	0	0	0	0.500	0.672	0.829
FN1	WNT5A	9606.ENSP00000346839	9606.ENSP00000264634	0	0	0	0	0.153	0.046	0	0.484	0.547
FN1	IQGAP1	9606.ENSP00000346839	9606.ENSP00000268182	0	0	0	0	0.049	0.071	0.400	0.572	0.742
FN1	FZD7	9606.ENSP00000346839	9606.ENSP00000286201	0	0	0	0	0.084	0	0	0.588	0.607
FN1	ITGA2	9606.ENSP00000346839	9606.ENSP00000296585	0	0	0	0	0.083	0	0.650	0.962	0.986
FN1	SCIN	9606.ENSP00000346839	9606.ENSP00000297029	0	0	0	0	0	0	0	0.717	0.717
FN1	PRKACA	9606.ENSP00000346839	9606.ENSP00000309591	0	0	0	0	0	0	0	0.432	0.432
FN1	MET	9606.ENSP00000346839	9606.ENSP00000317272	0	0	0	0	0.093	0	0	0.730	0.745
FN1	LAMA3	9606.ENSP00000346839	9606.ENSP00000324532	0	0	0	0	0.063	0	0	0.436	0.449
FN1	ITGA11	9606.ENSP00000346839	9606.ENSP00000327290	0	0	0	0	0.110	0	0.650	0.606	0.866
FN1	FOXO3	9606.ENSP00000346839	9606.ENSP00000339527	0	0	0	0	0.042	0	0	0.580	0.580
FN1	STAT5A	9606.ENSP00000346839	9606.ENSP00000341208	0	0	0	0	0	0.186	0	0.366	0.462
FN1	PDGFA	9606.ENSP00000346839	9606.ENSP00000346508	0	0	0	0	0.074	0.236	0	0.642	0.725
FN1	LYN	9606.ENSP00000346839	9606.ENSP00000428924	0	0	0	0	0	0	0	0.401	0.401
FN1	MYH11	9606.ENSP00000346839	9606.ENSP00000379616	0	0	0	0	0.047	0	0	0.405	0.408
FN1	RELA	9606.ENSP00000346839	9606.ENSP00000384273	0	0	0	0	0	0.143	0	0.370	0.437
FN1	ROCK1	9606.ENSP00000346839	9606.ENSP00000382697	0	0	0	0	0.051	0	0	0.484	0.490
FN1	MARCKS	9606.ENSP00000346839	9606.ENSP00000478061	0	0	0	0	0.062	0.049	0	0.499	0.514
FN1	NOTCH4	9606.ENSP00000346839	9606.ENSP00000364163	0	0	0	0	0	0	0	0.537	0.537
FN1	RAP1A	9606.ENSP00000346839	9606.ENSP00000358723	0	0	0	0	0	0	0.400	0.292	0.557
FN1	PIK3R1	9606.ENSP00000346839	9606.ENSP00000428056	0	0	0	0	0	0	0.500	0.269	0.618
FN1	PTPN11	9606.ENSP00000346839	9606.ENSP00000489597	0	0	0	0	0.055	0	0	0.690	0.694
FN1	TJP1	9606.ENSP00000346839	9606.ENSP00000348416	0	0	0	0	0.109	0	0	0.696	0.717
FN1	TGFBR2	9606.ENSP00000346839	9606.ENSP00000351905	0	0	0	0	0.085	0	0	0.708	0.722
FN1	RHOA	9606.ENSP00000346839	9606.ENSP00000400175	0	0	0	0	0.079	0	0	0.722	0.734
FN1	PTPRC	9606.ENSP00000346839	9606.ENSP00000411355	0	0	0	0	0.055	0	0	0.840	0.842
FN1	THBS2	9606.ENSP00000346839	9606.ENSP00000355751	0	0	0	0	0.222	0	0	0.821	0.854
FN1	SPP1	9606.ENSP00000346839	9606.ENSP00000378517	0	0	0	0	0.098	0	0	0.996	0.996
FN1	ITGB3	9606.ENSP00000346839	9606.ENSP00000452786	0	0	0	0	0.072	0.977	0.900	0.995	0.999
FN1	ITGB1	9606.ENSP00000346839	9606.ENSP00000379350	0	0	0	0	0.099	0.981	0.900	0.998	0.999
FOXO3	MAPK14	9606.ENSP00000339527	9606.ENSP00000229795	0	0	0	0	0.180	0.057	0.900	0.422	0.949
FOXO3	MAPK3	9606.ENSP00000339527	9606.ENSP00000263025	0	0	0	0	0.082	0.057	0.900	0.604	0.961
FOXO3	RPS6KB2	9606.ENSP00000339527	9606.ENSP00000308413	0	0	0	0	0.043	0.125	0	0.533	0.575
FOXO3	PRKACA	9606.ENSP00000339527	9606.ENSP00000309591	0	0	0	0	0	0.069	0.900	0.390	0.938
FOXO3	PPP2CA	9606.ENSP00000339527	9606.ENSP00000418447	0	0	0	0	0.049	0.314	0	0.187	0.424
FOXO3	NOTCH4	9606.ENSP00000339527	9606.ENSP00000364163	0	0	0	0	0	0.091	0	0.420	0.450
FOXO3	STAT5A	9606.ENSP00000339527	9606.ENSP00000341208	0	0	0	0	0.056	0	0	0.462	0.470
FOXO3	HDAC1	9606.ENSP00000339527	9606.ENSP00000362649	0	0	0	0	0.049	0.093	0	0.444	0.479
FOXO3	PIK3R1	9606.ENSP00000339527	9606.ENSP00000428056	0	0	0	0	0.083	0	0	0.488	0.510
FOXO3	IKBKG	9606.ENSP00000339527	9606.ENSP00000483825	0	0	0	0	0.049	0.045	0	0.511	0.517
FOXO3	MITF	9606.ENSP00000339527	9606.ENSP00000391803	0	0	0	0	0.043	0.087	0	0.567	0.589
FOXO3	RELA	9606.ENSP00000339527	9606.ENSP00000384273	0	0	0	0	0.055	0.091	0	0.654	0.677
FRAT2	PPP2R5A	9606.ENSP00000360058	9606.ENSP00000261461	0	0	0	0	0.067	0	0.400	0	0.416
FRAT2	PPP2CA	9606.ENSP00000360058	9606.ENSP00000418447	0	0	0	0	0.054	0	0.400	0.096	0.442
FZD6	WNT5A	9606.ENSP00000351605	9606.ENSP00000264634	0	0	0	0	0.066	0.221	0.650	0.991	0.997
FZD6	WNT2	9606.ENSP00000351605	9606.ENSP00000265441	0	0	0	0	0	0.221	0.650	0.707	0.913
FZD6	FZD7	9606.ENSP00000351605	9606.ENSP00000286201	0	0	0.069	0.906	0.056	0	0.500	0.105	0.554
FZD6	WIF1	9606.ENSP00000351605	9606.ENSP00000286574	0	0	0	0	0	0.067	0	0.424	0.439
FZD6	RAC1	9606.ENSP00000351605	9606.ENSP00000348461	0	0	0	0	0	0.189	0.500	0.124	0.614
FZD6	RHOA	9606.ENSP00000351605	9606.ENSP00000400175	0	0	0	0	0.042	0.214	0	0.280	0.411
FZD6	FZD8	9606.ENSP00000351605	9606.ENSP00000363826	0	0	0	0.783	0.060	0	0.500	0.188	0.585
FZD6	PRICKLE2	9606.ENSP00000351605	9606.ENSP00000492363	0	0	0	0	0	0.099	0	0.662	0.682
FZD7	WNT5A	9606.ENSP00000286201	9606.ENSP00000264634	0	0	0.214	0	0.083	0.234	0.900	0.980	0.998
FZD7	WNT2	9606.ENSP00000286201	9606.ENSP00000265441	0	0	0.298	0	0.043	0.234	0.650	0.790	0.955
FZD7	WIF1	9606.ENSP00000286201	9606.ENSP00000286574	0	0	0	0	0.084	0.067	0	0.443	0.482
FZD7	PRICKLE2	9606.ENSP00000286201	9606.ENSP00000492363	0	0	0	0	0.058	0.099	0	0.440	0.483
FZD7	RAC1	9606.ENSP00000286201	9606.ENSP00000348461	0	0	0	0	0.043	0.073	0.500	0.148	0.571
FZD7	FZD8	9606.ENSP00000286201	9606.ENSP00000363826	0	0	0	0.920	0.141	0	0.500	0.111	0.584
FZD7	RHOA	9606.ENSP00000286201	9606.ENSP00000400175	0	0	0	0	0	0.101	0	0.565	0.592
FZD8	WNT5A	9606.ENSP00000363826	9606.ENSP00000264634	0	0	0	0	0.074	0.234	0.650	0.846	0.956
FZD8	WNT2	9606.ENSP00000363826	9606.ENSP00000265441	0	0	0	0	0	0.234	0.650	0.872	0.962
FZD8	WIF1	9606.ENSP00000363826	9606.ENSP00000286574	0	0	0	0	0.046	0.067	0	0.481	0.498
FZD8	PRICKLE2	9606.ENSP00000363826	9606.ENSP00000492363	0	0	0	0	0.080	0.099	0	0.354	0.418
GAB2	RARA	9606.ENSP00000354952	9606.ENSP00000254066	0	0	0	0	0.100	0	0	0.397	0.434
GAB2	MAPK3	9606.ENSP00000354952	9606.ENSP00000263025	0	0	0	0	0.062	0.510	0	0.303	0.651
GAB2	ZAP70	9606.ENSP00000354952	9606.ENSP00000264972	0	0	0	0	0	0.292	0	0.250	0.446
GAB2	MET	9606.ENSP00000354952	9606.ENSP00000317272	0	0	0	0	0	0.292	0	0.228	0.430
GAB2	STAT5A	9606.ENSP00000354952	9606.ENSP00000341208	0	0	0	0	0.075	0	0.400	0.697	0.817
GAB2	VAV1	9606.ENSP00000354952	9606.ENSP00000472929	0	0	0	0	0.054	0	0.400	0.275	0.552
GAB2	NCK1	9606.ENSP00000354952	9606.ENSP00000417273	0	0	0	0	0	0.292	0	0.420	0.571
GAB2	HCK	9606.ENSP00000354952	9606.ENSP00000365012	0	0	0	0	0.068	0	0.900	0.313	0.930
GAB2	LYN	9606.ENSP00000354952	9606.ENSP00000428924	0	0	0	0	0.060	0.292	0.900	0.704	0.977
GAB2	PIK3R1	9606.ENSP00000354952	9606.ENSP00000428056	0	0	0	0	0.067	0.871	0.900	0.780	0.996
GAB2	PTPN11	9606.ENSP00000354952	9606.ENSP00000489597	0	0	0	0	0	0.893	0.900	0.995	0.999
GCLM	GSTA4	9606.ENSP00000359258	9606.ENSP00000360002	0	0	0	0	0.053	0.053	0	0.550	0.561
GCLM	GSS	9606.ENSP00000359258	9606.ENSP00000495750	0	0	0	0	0.133	0.082	0.951	0.761	0.989
GSS	GSTM3	9606.ENSP00000495750	9606.ENSP00000354357	0	0	0	0	0.109	0.091	0.900	0.244	0.930
GSS	MGST3	9606.ENSP00000495750	9606.ENSP00000356864	0	0	0	0	0.077	0	0.900	0.052	0.904
GSS	GSTA4	9606.ENSP00000495750	9606.ENSP00000360002	0	0	0	0	0.109	0.091	0.900	0.176	0.924
GSS	TXNDC12	9606.ENSP00000495750	9606.ENSP00000360688	0	0	0	0	0.089	0.064	0.900	0	0.907
GSS	MGST2	9606.ENSP00000495750	9606.ENSP00000482639	0	0	0	0	0.116	0	0.900	0.136	0.917
GSTA4	GSTM3	9606.ENSP00000360002	9606.ENSP00000354357	0	0	0	0	0.056	0	0.650	0.658	0.877
GSTA4	MGST3	9606.ENSP00000360002	9606.ENSP00000356864	0	0	0	0	0.067	0	0.650	0.422	0.795
GSTA4	MGST2	9606.ENSP00000360002	9606.ENSP00000482639	0	0	0	0	0.067	0	0.650	0.387	0.782
GSTA4	TXNDC12	9606.ENSP00000360002	9606.ENSP00000360688	0	0	0	0	0.060	0.045	0.900	0.120	0.910
GSTM3	MGST2	9606.ENSP00000354357	9606.ENSP00000482639	0	0	0	0	0.091	0	0.650	0.362	0.779
GSTM3	MGST3	9606.ENSP00000354357	9606.ENSP00000356864	0	0	0	0	0.094	0	0.650	0.425	0.801
GSTM3	TXNDC12	9606.ENSP00000354357	9606.ENSP00000360688	0	0	0	0	0	0.045	0.900	0	0.900
HADHB	NDUFB5	9606.ENSP00000325136	9606.ENSP00000259037	0	0	0	0	0.345	0	0	0.282	0.510
HADHB	NDUFA9	9606.ENSP00000325136	9606.ENSP00000266544	0	0	0	0	0.253	0.161	0	0.250	0.489
HADHB	UQCRQ	9606.ENSP00000325136	9606.ENSP00000367939	0	0	0	0	0.142	0.185	0	0.292	0.462
HADHB	SDHD	9606.ENSP00000325136	9606.ENSP00000364699	0	0	0	0	0.304	0	0	0.327	0.512
HADHB	NDUFV1	9606.ENSP00000325136	9606.ENSP00000497587	0.042	0	0	0	0.293	0.143	0	0.262	0.514
HCK	ZAP70	9606.ENSP00000365012	9606.ENSP00000264972	0	0	0.093	0.738	0.109	0.105	0	0.526	0.611
HCK	MET	9606.ENSP00000365012	9606.ENSP00000317272	0	0	0	0.685	0.049	0.178	0	0.313	0.416
HCK	STAT5A	9606.ENSP00000365012	9606.ENSP00000341208	0	0	0	0	0.097	0.096	0.500	0.589	0.809
HCK	VAV3	9606.ENSP00000365012	9606.ENSP00000359073	0	0	0	0.560	0.111	0	0	0.446	0.487
HCK	SHC3	9606.ENSP00000365012	9606.ENSP00000364995	0	0	0	0	0.067	0.073	0.900	0.170	0.918
HCK	NCK1	9606.ENSP00000365012	9606.ENSP00000417273	0	0	0	0.601	0.048	0.099	0	0.477	0.513
HCK	PTPN11	9606.ENSP00000365012	9606.ENSP00000489597	0	0	0	0	0.103	0.097	0.500	0.373	0.712
HCK	VAV1	9606.ENSP00000365012	9606.ENSP00000472929	0	0	0	0	0.251	0	0.500	0.613	0.842
HCK	PIK3R1	9606.ENSP00000365012	9606.ENSP00000428056	0	0	0	0	0.047	0.228	0.650	0.512	0.857
HCK	PTPRC	9606.ENSP00000365012	9606.ENSP00000411355	0	0	0	0	0.314	0.097	0.900	0.511	0.965
HCK	LYN	9606.ENSP00000365012	9606.ENSP00000428924	0	0	0.054	0.973	0.364	0.598	0.900	0.533	0.986
HDAC1	MYH9	9606.ENSP00000362649	9606.ENSP00000216181	0	0	0	0	0.082	0.065	0	0.414	0.453
HDAC1	MAPK14	9606.ENSP00000362649	9606.ENSP00000229795	0	0	0	0	0.090	0.219	0	0.270	0.437
HDAC1	RARA	9606.ENSP00000362649	9606.ENSP00000254066	0	0	0	0	0	0.294	0	0.829	0.874
HDAC1	MAPK3	9606.ENSP00000362649	9606.ENSP00000263025	0	0	0	0	0.054	0.071	0	0.455	0.480
HDAC1	RRM1	9606.ENSP00000362649	9606.ENSP00000300738	0	0	0	0	0.155	0.063	0	0.448	0.525
HDAC1	PRKACA	9606.ENSP00000362649	9606.ENSP00000309591	0	0	0	0	0.042	0.510	0	0.359	0.673
HDAC1	PPP1CA	9606.ENSP00000362649	9606.ENSP00000326031	0.041	0	0	0	0.180	0.515	0	0.385	0.734
HDAC1	ZBTB16	9606.ENSP00000362649	9606.ENSP00000338157	0	0	0	0	0	0.880	0	0.593	0.949
HDAC1	STAT5A	9606.ENSP00000362649	9606.ENSP00000341208	0	0	0	0	0	0.318	0	0.375	0.556
HDAC1	ITGB1	9606.ENSP00000362649	9606.ENSP00000379350	0	0	0	0	0.049	0	0	0.480	0.484
HDAC1	RXRB	9606.ENSP00000362649	9606.ENSP00000363817	0	0	0	0	0.050	0.045	0.650	0.131	0.687
HDAC1	TBL1X	9606.ENSP00000362649	9606.ENSP00000495556	0	0	0	0	0.067	0.306	0.500	0.612	0.857
HDAC1	TBL1XR1	9606.ENSP00000362649	9606.ENSP00000405574	0	0	0	0	0.076	0.367	0.500	0.649	0.883
HDAC1	RUNX1T1	9606.ENSP00000362649	9606.ENSP00000402257	0	0	0	0	0.055	0.799	0	0.506	0.898
HDAC1	RELA	9606.ENSP00000362649	9606.ENSP00000384273	0	0	0	0	0.111	0.897	0	0.981	0.998
HGF	TJP1	9606.ENSP00000222390	9606.ENSP00000348416	0	0	0	0	0	0	0	0.400	0.400
HGF	PDGFA	9606.ENSP00000222390	9606.ENSP00000346508	0	0	0	0	0	0	0	0.419	0.418
HGF	LAMA3	9606.ENSP00000222390	9606.ENSP00000324532	0	0	0	0	0	0	0.400	0.096	0.434
HGF	NRG1	9606.ENSP00000222390	9606.ENSP00000287842	0	0	0	0	0.053	0	0	0.449	0.456
HGF	TGFBR2	9606.ENSP00000222390	9606.ENSP00000351905	0	0	0	0	0.074	0.096	0	0.417	0.469
HGF	RHOA	9606.ENSP00000222390	9606.ENSP00000400175	0	0	0	0	0	0.066	0	0.475	0.488
HGF	PIK3R1	9606.ENSP00000222390	9606.ENSP00000428056	0	0	0	0	0	0	0.400	0.203	0.501
HGF	ITGA2	9606.ENSP00000222390	9606.ENSP00000296585	0	0	0	0	0	0	0.400	0.227	0.516
HGF	RAC1	9606.ENSP00000222390	9606.ENSP00000348461	0	0	0	0	0	0.064	0.400	0.207	0.516
HGF	RAP1A	9606.ENSP00000222390	9606.ENSP00000358723	0	0	0	0	0	0.064	0.500	0.090	0.536
HGF	SPP1	9606.ENSP00000222390	9606.ENSP00000378517	0	0	0	0	0.060	0	0	0.575	0.583
HGF	PTPN11	9606.ENSP00000222390	9606.ENSP00000489597	0	0	0	0	0	0	0.400	0.378	0.610
HGF	MAPK3	9606.ENSP00000222390	9606.ENSP00000263025	0	0	0	0	0	0.060	0	0.605	0.612
HGF	WNT2	9606.ENSP00000222390	9606.ENSP00000265441	0	0	0	0	0.067	0	0	0.636	0.645
HGF	PTPRC	9606.ENSP00000222390	9606.ENSP00000411355	0	0	0	0	0.080	0	0	0.694	0.706
HGF	ITGB1	9606.ENSP00000222390	9606.ENSP00000379350	0	0	0	0	0	0	0.500	0.561	0.771
HGF	MET	9606.ENSP00000222390	9606.ENSP00000317272	0	0	0	0	0.042	0.989	0.900	0.999	0.999
HLA-A	IFITM1	9606.ENSP00000379873	9606.ENSP00000330825	0	0	0	0	0.262	0	0	0.230	0.407
HLA-A	SORBS1	9606.ENSP00000379873	9606.ENSP00000360293	0	0	0	0	0	0	0	0.525	0.525
HLA-A	RELA	9606.ENSP00000379873	9606.ENSP00000384273	0	0	0	0	0.088	0	0	0.381	0.411
HLA-A	TBL1X	9606.ENSP00000379873	9606.ENSP00000495556	0	0	0	0	0	0	0	0.507	0.507
HLA-A	PTPRC	9606.ENSP00000379873	9606.ENSP00000411355	0	0	0	0	0.104	0	0	0.507	0.539
IFITM1	IFNAR1	9606.ENSP00000330825	9606.ENSP00000270139	0	0	0	0	0.067	0	0	0.477	0.491
IFNAR1	STAT5A	9606.ENSP00000270139	9606.ENSP00000341208	0	0	0	0	0.089	0	0	0.382	0.414
IFNAR1	TGFBR2	9606.ENSP00000270139	9606.ENSP00000351905	0	0	0	0	0.103	0.046	0	0.396	0.438
IFNAR1	PTPRC	9606.ENSP00000270139	9606.ENSP00000411355	0	0	0	0	0.099	0	0	0.571	0.597
IFNAR1	PIK3R1	9606.ENSP00000270139	9606.ENSP00000428056	0	0	0	0	0.110	0.292	0	0.476	0.641
IFNAR1	PDGFA	9606.ENSP00000270139	9606.ENSP00000346508	0	0	0	0	0.052	0	0.650	0	0.654
IFNAR1	PTPN11	9606.ENSP00000270139	9606.ENSP00000489597	0	0	0	0	0.081	0	0.400	0.497	0.698
IFNAR1	IFNGR2	9606.ENSP00000270139	9606.ENSP00000371425	0	0	0	0.572	0.105	0	0	0.804	0.817
IFNGR2	UQCRFS1	9606.ENSP00000371425	9606.ENSP00000306397	0	0	0	0	0.350	0.754	0	0.235	0.866
IFNGR2	UQCRQ	9606.ENSP00000371425	9606.ENSP00000367939	0	0	0	0	0.304	0.765	0.408	0.309	0.924
IFNGR2	PTPRC	9606.ENSP00000371425	9606.ENSP00000411355	0	0	0	0	0.104	0	0	0.359	0.401
IFNGR2	PTPN11	9606.ENSP00000371425	9606.ENSP00000489597	0	0	0	0	0.089	0	0.400	0.221	0.537
IKBKG	SKP1	9606.ENSP00000483825	9606.ENSP00000231487	0	0	0	0	0.047	0	0.500	0.290	0.632
IKBKG	MAPK3	9606.ENSP00000483825	9606.ENSP00000263025	0	0	0	0	0.103	0	0	0.383	0.423
IKBKG	RELA	9606.ENSP00000483825	9606.ENSP00000384273	0	0	0	0	0.175	0.629	0.900	0.905	0.996
IKBKG	RHOA	9606.ENSP00000483825	9606.ENSP00000400175	0	0	0	0	0.061	0.299	0	0.259	0.470
IKBKG	PPP2CA	9606.ENSP00000483825	9606.ENSP00000418447	0	0	0	0	0.049	0.510	0	0.456	0.724
IKBKG	LYN	9606.ENSP00000483825	9606.ENSP00000428924	0	0	0	0	0.065	0.314	0	0.207	0.448
IQGAP1	MYH9	9606.ENSP00000268182	9606.ENSP00000216181	0	0	0	0	0.320	0.358	0	0.621	0.820
IQGAP1	PFN1	9606.ENSP00000268182	9606.ENSP00000225655	0	0	0	0	0.110	0	0	0.367	0.413
IQGAP1	MAPK14	9606.ENSP00000268182	9606.ENSP00000229795	0	0	0	0	0.054	0.558	0	0.109	0.595
IQGAP1	MAPK3	9606.ENSP00000268182	9606.ENSP00000263025	0	0	0	0	0.059	0.307	0.900	0.772	0.983
IQGAP1	PLD2	9606.ENSP00000268182	9606.ENSP00000263088	0	0	0	0	0.057	0	0.400	0.215	0.517
IQGAP1	MYL12B	9606.ENSP00000268182	9606.ENSP00000463559	0	0	0	0	0.079	0.259	0	0.259	0.451
IQGAP1	ITGB3	9606.ENSP00000268182	9606.ENSP00000452786	0	0	0	0	0.056	0	0.400	0.150	0.477
IQGAP1	PIK3R1	9606.ENSP00000268182	9606.ENSP00000428056	0	0	0	0	0.053	0	0.400	0.188	0.498
IQGAP1	PAK2	9606.ENSP00000268182	9606.ENSP00000314067	0	0	0	0	0.078	0	0.400	0.190	0.513
IQGAP1	MYH11	9606.ENSP00000268182	9606.ENSP00000379616	0	0	0	0	0.083	0.289	0	0.358	0.545
IQGAP1	SCIN	9606.ENSP00000268182	9606.ENSP00000297029	0	0	0	0	0.042	0	0	0.549	0.549
IQGAP1	MRAS	9606.ENSP00000268182	9606.ENSP00000289104	0	0	0	0	0.061	0.135	0	0.530	0.585
IQGAP1	ITGB1	9606.ENSP00000268182	9606.ENSP00000379350	0	0	0	0	0.106	0	0.400	0.305	0.595
IQGAP1	ROCK1	9606.ENSP00000268182	9606.ENSP00000382697	0	0	0	0	0.102	0.084	0.400	0.315	0.617
IQGAP1	TGFBR2	9606.ENSP00000268182	9606.ENSP00000351905	0	0	0	0	0.074	0.292	0	0.492	0.638
IQGAP1	PRKACA	9606.ENSP00000268182	9606.ENSP00000309591	0	0	0	0	0.070	0.292	0.500	0.246	0.718
IQGAP1	NCK1	9606.ENSP00000268182	9606.ENSP00000417273	0	0	0	0	0.058	0	0.400	0.550	0.723
IQGAP1	RAP1A	9606.ENSP00000268182	9606.ENSP00000358723	0	0	0	0	0.098	0.244	0.400	0.592	0.811
IQGAP1	RHOA	9606.ENSP00000268182	9606.ENSP00000400175	0	0	0	0	0.214	0.244	0.400	0.704	0.880
IQGAP1	RAC1	9606.ENSP00000268182	9606.ENSP00000348461	0	0	0	0	0.093	0.901	0.700	0.616	0.988
ITGA11	ITGB4	9606.ENSP00000327290	9606.ENSP00000200181	0	0	0	0	0.068	0.114	0.720	0.445	0.854
ITGA11	ITGA2	9606.ENSP00000327290	9606.ENSP00000296585	0	0	0	0.856	0	0	0.900	0.500	0.947
ITGA11	LAMA3	9606.ENSP00000327290	9606.ENSP00000324532	0	0	0	0	0.052	0.071	0.650	0.201	0.720
ITGA11	SPP1	9606.ENSP00000327290	9606.ENSP00000378517	0	0	0	0	0.071	0	0.650	0.188	0.713
ITGA11	THBS2	9606.ENSP00000327290	9606.ENSP00000355751	0	0	0	0	0.242	0.045	0.650	0.365	0.817
ITGA11	ITGB3	9606.ENSP00000327290	9606.ENSP00000452786	0	0	0	0	0.146	0.114	0.900	0.653	0.970
ITGA11	ITGB1	9606.ENSP00000327290	9606.ENSP00000379350	0	0	0	0	0.098	0.114	0.900	0.796	0.981
ITGA2	ITGB4	9606.ENSP00000296585	9606.ENSP00000200181	0	0	0	0	0.105	0.114	0.720	0.698	0.924
ITGA2	PTPRC	9606.ENSP00000296585	9606.ENSP00000411355	0	0	0	0	0.064	0.074	0	0.700	0.717
ITGA2	MET	9606.ENSP00000296585	9606.ENSP00000317272	0	0	0	0	0.162	0.071	0.400	0.486	0.728
ITGA2	SPP1	9606.ENSP00000296585	9606.ENSP00000378517	0	0	0	0	0.069	0	0.650	0.328	0.762
ITGA2	LYN	9606.ENSP00000296585	9606.ENSP00000428924	0	0	0	0	0.049	0.176	0.360	0.597	0.771
ITGA2	THBS2	9606.ENSP00000296585	9606.ENSP00000355751	0	0	0	0	0.072	0.045	0.650	0.463	0.811
ITGA2	LAMA3	9606.ENSP00000296585	9606.ENSP00000324532	0	0	0	0	0.131	0.071	0.650	0.510	0.843
ITGA2	PRKACA	9606.ENSP00000296585	9606.ENSP00000309591	0	0	0	0	0.056	0	0.900	0.113	0.908
ITGA2	PIK3R1	9606.ENSP00000296585	9606.ENSP00000428056	0	0	0	0	0.044	0	0.900	0.197	0.916
ITGA2	ITGB3	9606.ENSP00000296585	9606.ENSP00000452786	0	0	0	0	0.145	0.114	0.900	0.823	0.984
ITGA2	ITGB1	9606.ENSP00000296585	9606.ENSP00000379350	0	0	0	0	0.117	0.743	0.900	0.997	0.999
ITGB1	ITGB4	9606.ENSP00000379350	9606.ENSP00000200181	0	0	0	0.821	0.072	0	0.720	0.482	0.853
ITGB1	MAPK3	9606.ENSP00000379350	9606.ENSP00000263025	0	0	0	0	0	0.045	0	0.493	0.495
ITGB1	PLD2	9606.ENSP00000379350	9606.ENSP00000263088	0	0	0	0	0.067	0	0.400	0.101	0.453
ITGB1	PRKACA	9606.ENSP00000379350	9606.ENSP00000309591	0	0	0	0	0.042	0	0.900	0.182	0.914
ITGB1	PAK2	9606.ENSP00000379350	9606.ENSP00000314067	0	0	0	0	0.074	0.262	0.400	0.129	0.595
ITGB1	MET	9606.ENSP00000379350	9606.ENSP00000317272	0	0	0	0	0.135	0.275	0.500	0.489	0.818
ITGB1	LAMA3	9606.ENSP00000379350	9606.ENSP00000324532	0	0	0	0	0.051	0.070	0.650	0.352	0.773
ITGB1	TJP1	9606.ENSP00000379350	9606.ENSP00000348416	0	0	0	0	0.067	0	0	0.397	0.413
ITGB1	RAC1	9606.ENSP00000379350	9606.ENSP00000348461	0	0	0	0	0.203	0.128	0.500	0.292	0.721
ITGB1	TGFBR2	9606.ENSP00000379350	9606.ENSP00000351905	0	0	0	0	0.105	0.052	0	0.434	0.478
ITGB1	THBS2	9606.ENSP00000379350	9606.ENSP00000355751	0	0	0	0	0.087	0.069	0.900	0.260	0.928
ITGB1	RAP1A	9606.ENSP00000379350	9606.ENSP00000358723	0	0	0	0	0.086	0.071	0.900	0.510	0.952
ITGB1	SPP1	9606.ENSP00000379350	9606.ENSP00000378517	0	0	0	0	0.044	0.292	0.900	0.950	0.996
ITGB1	PTPN11	9606.ENSP00000379350	9606.ENSP00000489597	0	0	0	0	0.179	0.091	0	0.299	0.431
ITGB1	LYN	9606.ENSP00000379350	9606.ENSP00000428924	0	0	0	0	0.055	0.511	0.360	0.266	0.754
ITGB1	RHOA	9606.ENSP00000379350	9606.ENSP00000400175	0	0	0	0	0.123	0.165	0	0.797	0.839
ITGB1	PTPRC	9606.ENSP00000379350	9606.ENSP00000411355	0	0	0	0	0.250	0.095	0	0.883	0.913
ITGB1	PIK3R1	9606.ENSP00000379350	9606.ENSP00000428056	0	0	0	0	0.047	0.361	0.900	0.291	0.951
ITGB1	ITGB3	9606.ENSP00000379350	9606.ENSP00000452786	0	0	0.076	0.920	0.124	0.226	0.900	0.832	0.987
ITGB3	ITGB4	9606.ENSP00000452786	9606.ENSP00000200181	0	0	0	0.822	0.067	0	0.720	0.437	0.840
ITGB3	MAPK3	9606.ENSP00000452786	9606.ENSP00000263025	0	0	0	0	0	0.294	0.500	0.369	0.758
ITGB3	LAMA3	9606.ENSP00000452786	9606.ENSP00000324532	0	0	0	0	0	0.070	0.650	0.277	0.744
ITGB3	TGFBR2	9606.ENSP00000452786	9606.ENSP00000351905	0	0	0	0	0.086	0.052	0	0.661	0.680
ITGB3	THBS2	9606.ENSP00000452786	9606.ENSP00000355751	0	0	0	0	0.087	0.069	0.900	0.307	0.933
ITGB3	RAP1A	9606.ENSP00000452786	9606.ENSP00000358723	0	0	0	0	0.067	0.071	0.400	0.182	0.518
ITGB3	VAV3	9606.ENSP00000452786	9606.ENSP00000359073	0	0	0	0	0.062	0	0	0.457	0.468
ITGB3	SPP1	9606.ENSP00000452786	9606.ENSP00000378517	0	0	0	0	0.043	0	0.900	0.949	0.994
ITGB3	ROCK1	9606.ENSP00000452786	9606.ENSP00000382697	0	0	0	0	0.068	0.052	0.500	0.208	0.603
ITGB3	RHOA	9606.ENSP00000452786	9606.ENSP00000400175	0	0	0	0	0.052	0.045	0.500	0.632	0.811
ITGB3	PTPRC	9606.ENSP00000452786	9606.ENSP00000411355	0	0	0	0	0.109	0.091	0	0.606	0.653
ITGB3	LYN	9606.ENSP00000452786	9606.ENSP00000428924	0	0	0	0	0.051	0.259	0.360	0.237	0.611
ITGB3	PTPN11	9606.ENSP00000452786	9606.ENSP00000489597	0	0	0	0	0.106	0.328	0	0.492	0.668
ITGB4	MET	9606.ENSP00000200181	9606.ENSP00000317272	0	0	0	0	0.143	0.091	0	0.319	0.423
ITGB4	LYN	9606.ENSP00000200181	9606.ENSP00000428924	0	0	0	0	0.054	0.052	0.360	0.140	0.441
ITGB4	PTPN11	9606.ENSP00000200181	9606.ENSP00000489597	0	0	0	0	0.106	0.091	0	0.480	0.540
ITGB4	SPP1	9606.ENSP00000200181	9606.ENSP00000378517	0	0	0	0	0	0	0.650	0.227	0.717
ITGB4	THBS2	9606.ENSP00000200181	9606.ENSP00000355751	0	0	0	0	0.093	0.069	0.650	0.256	0.750
ITGB4	LAMA3	9606.ENSP00000200181	9606.ENSP00000324532	0	0	0	0	0.203	0.094	0.650	0.830	0.951
JMJD7-PLA2G4B	MAPK3	9606.ENSP00000371886	9606.ENSP00000263025	0	0	0	0	0	0	0.900	0	0.900
JMJD7-PLA2G4B	PLD2	9606.ENSP00000371886	9606.ENSP00000263088	0	0	0	0	0.055	0	0.650	0.242	0.727
KCNMB3	KCNMB4	9606.ENSP00000319370	9606.ENSP00000258111	0	0	0	0.857	0	0	0.900	0.173	0.913
KCNMB3	PRKACA	9606.ENSP00000319370	9606.ENSP00000309591	0	0	0	0	0	0	0.900	0.068	0.902
KCNMB4	PRKACA	9606.ENSP00000258111	9606.ENSP00000309591	0	0	0	0	0	0	0.900	0.130	0.909
LAMA3	MET	9606.ENSP00000324532	9606.ENSP00000317272	0	0	0	0	0.125	0.084	0.400	0.103	0.511
LAMA3	THBS2	9606.ENSP00000324532	9606.ENSP00000355751	0	0	0	0	0.042	0.098	0	0.519	0.548
LIMK2	PAK2	9606.ENSP00000339916	9606.ENSP00000314067	0	0	0	0.604	0.060	0.071	0.900	0.093	0.910
LIMK2	PPP1R12A	9606.ENSP00000339916	9606.ENSP00000389168	0	0	0	0	0.060	0.095	0	0.388	0.434
LIMK2	RHOA	9606.ENSP00000339916	9606.ENSP00000400175	0	0	0	0	0.074	0.110	0.500	0.528	0.779
LIMK2	ROCK1	9606.ENSP00000339916	9606.ENSP00000382697	0	0	0	0.559	0.047	0.555	0.900	0.322	0.967
LYN	PPP2R5A	9606.ENSP00000428924	9606.ENSP00000261461	0	0	0	0	0.059	0.095	0.500	0.069	0.550
LYN	MAPK3	9606.ENSP00000428924	9606.ENSP00000263025	0	0	0.107	0.606	0.057	0.545	0.500	0.257	0.832
LYN	WNT5A	9606.ENSP00000428924	9606.ENSP00000264634	0	0	0	0	0	0.092	0	0.434	0.465
LYN	ZAP70	9606.ENSP00000428924	9606.ENSP00000264972	0	0	0.084	0.735	0.054	0.105	0	0.759	0.788
LYN	STAT5A	9606.ENSP00000428924	9606.ENSP00000341208	0	0	0	0	0.075	0.096	0.500	0.700	0.858
LYN	RAC1	9606.ENSP00000428924	9606.ENSP00000348461	0	0	0	0	0.118	0.187	0.500	0.141	0.651
LYN	VAV3	9606.ENSP00000428924	9606.ENSP00000359073	0	0	0	0	0.092	0	0.500	0.587	0.796
LYN	SHC3	9606.ENSP00000428924	9606.ENSP00000364995	0	0	0	0	0.067	0.073	0.900	0.148	0.916
LYN	ROCK1	9606.ENSP00000428924	9606.ENSP00000382697	0	0	0	0.569	0.075	0.124	0	0.411	0.481
LYN	RHOA	9606.ENSP00000428924	9606.ENSP00000400175	0	0	0	0	0.096	0.222	0.500	0.396	0.759
LYN	PTPRC	9606.ENSP00000428924	9606.ENSP00000411355	0	0	0	0	0.297	0.333	0.900	0.647	0.981
LYN	NCK1	9606.ENSP00000428924	9606.ENSP00000417273	0	0	0	0.586	0.069	0.099	0.400	0.503	0.717
LYN	PPP2CA	9606.ENSP00000428924	9606.ENSP00000418447	0	0	0	0	0.073	0.091	0.500	0.188	0.612
LYN	PIK3R1	9606.ENSP00000428924	9606.ENSP00000428056	0	0	0	0	0.044	0.207	0.900	0.581	0.964
LYN	PTPN11	9606.ENSP00000428924	9606.ENSP00000489597	0	0	0	0	0.103	0.097	0.500	0.579	0.807
LYN	VAV1	9606.ENSP00000428924	9606.ENSP00000472929	0	0	0	0	0.191	0	0.400	0.987	0.993
MAPK14	VAV1	9606.ENSP00000229795	9606.ENSP00000472929	0	0	0	0	0.071	0.095	0	0.369	0.423
MAPK14	PTPN11	9606.ENSP00000229795	9606.ENSP00000489597	0	0	0	0	0.052	0.284	0	0.306	0.489
MAPK14	TGFBR2	9606.ENSP00000229795	9606.ENSP00000351905	0	0	0	0.571	0.122	0.110	0	0.417	0.505
MAPK14	NFATC4	9606.ENSP00000229795	9606.ENSP00000388910	0	0	0	0	0.077	0.402	0	0.208	0.524
MAPK14	PTPRC	9606.ENSP00000229795	9606.ENSP00000411355	0	0	0	0	0.079	0.368	0	0.304	0.560
MAPK14	NCK1	9606.ENSP00000229795	9606.ENSP00000417273	0	0	0	0	0.049	0	0.500	0.186	0.579
MAPK14	RAC1	9606.ENSP00000229795	9606.ENSP00000348461	0	0	0	0	0.094	0.125	0.500	0.212	0.646
MAPK14	RHOA	9606.ENSP00000229795	9606.ENSP00000400175	0	0	0	0	0.100	0.125	0	0.653	0.702
MAPK14	PAK2	9606.ENSP00000229795	9606.ENSP00000314067	0	0	0	0.643	0.099	0.356	0.500	0.119	0.710
MAPK14	RELA	9606.ENSP00000229795	9606.ENSP00000384273	0	0	0	0	0.081	0.165	0	0.758	0.798
MAPK14	ZAP70	9606.ENSP00000229795	9606.ENSP00000264972	0	0	0	0.579	0.086	0.110	0.900	0.474	0.951
MAPK14	MAPK3	9606.ENSP00000229795	9606.ENSP00000263025	0	0	0.068	0.922	0.131	0.780	0.900	0.484	0.989
MAPK3	PLA2G12A	9606.ENSP00000263025	9606.ENSP00000243501	0	0	0	0	0	0	0.650	0.088	0.667
MAPK3	PAK2	9606.ENSP00000263025	9606.ENSP00000314067	0	0	0.100	0.641	0.058	0.278	0	0.148	0.411
MAPK3	MYH11	9606.ENSP00000263025	9606.ENSP00000379616	0	0	0	0	0.058	0.071	0	0.383	0.413
MAPK3	WNT5A	9606.ENSP00000263025	9606.ENSP00000264634	0	0	0	0	0.051	0	0	0.418	0.424
MAPK3	PIKFYVE	9606.ENSP00000263025	9606.ENSP00000264380	0	0	0	0	0.044	0.053	0	0.433	0.442
MAPK3	WASF3	9606.ENSP00000263025	9606.ENSP00000335055	0	0	0	0	0	0	0.400	0.144	0.464
MAPK3	PIK3R1	9606.ENSP00000263025	9606.ENSP00000428056	0	0	0	0	0.115	0	0	0.445	0.488
MAPK3	SPP1	9606.ENSP00000263025	9606.ENSP00000378517	0	0	0	0	0.055	0	0	0.541	0.547
MAPK3	PPP1CA	9606.ENSP00000263025	9606.ENSP00000326031	0	0	0	0	0.119	0.359	0	0.265	0.549
MAPK3	NRG1	9606.ENSP00000263025	9606.ENSP00000287842	0	0	0	0	0	0.114	0	0.518	0.555
MAPK3	VAV1	9606.ENSP00000263025	9606.ENSP00000472929	0	0	0	0	0.056	0.045	0	0.627	0.634
MAPK3	RAC1	9606.ENSP00000263025	9606.ENSP00000348461	0	0	0	0	0.104	0.125	0.400	0.398	0.679
MAPK3	RELA	9606.ENSP00000263025	9606.ENSP00000384273	0	0	0	0	0.060	0.068	0	0.668	0.684
MAPK3	RAP1A	9606.ENSP00000263025	9606.ENSP00000358723	0	0	0	0	0.069	0.098	0.500	0.340	0.686
MAPK3	PTPRC	9606.ENSP00000263025	9606.ENSP00000411355	0	0	0	0	0.066	0.252	0	0.594	0.692
MAPK3	TJP1	9606.ENSP00000263025	9606.ENSP00000348416	0	0	0	0	0.067	0	0	0.689	0.698
MAPK3	PLA2G10	9606.ENSP00000263025	9606.ENSP00000393847	0	0	0	0	0.081	0	0.650	0.247	0.737
MAPK3	STAT5A	9606.ENSP00000263025	9606.ENSP00000341208	0	0	0	0	0.091	0.045	0	0.763	0.777
MAPK3	RHOA	9606.ENSP00000263025	9606.ENSP00000400175	0	0	0	0	0.130	0.125	0	0.798	0.833
MAPK3	PLA2G4B	9606.ENSP00000263025	9606.ENSP00000396045	0	0	0	0	0.049	0	0.900	0.057	0.902
MAPK3	ROCK1	9606.ENSP00000263025	9606.ENSP00000382697	0	0	0	0.582	0.064	0.110	0.900	0.231	0.927
MAPK3	RPS6KB2	9606.ENSP00000263025	9606.ENSP00000308413	0	0	0	0.617	0.074	0.097	0.900	0.265	0.930
MAPK3	MITF	9606.ENSP00000263025	9606.ENSP00000391803	0	0	0	0	0	0.072	0.900	0.409	0.940
MAPK3	PRKACA	9606.ENSP00000263025	9606.ENSP00000309591	0	0	0	0.610	0.095	0.098	0.900	0.561	0.959
MAPK3	PPP2CA	9606.ENSP00000263025	9606.ENSP00000418447	0	0	0	0	0.082	0.554	0.900	0.390	0.971
MAPK3	PTPN11	9606.ENSP00000263025	9606.ENSP00000489597	0	0	0	0	0.059	0.436	0.900	0.841	0.990
MARCKS	PRKCE	9606.ENSP00000478061	9606.ENSP00000306124	0	0	0	0	0.051	0	0.900	0.200	0.917
MARCKS	PRKACA	9606.ENSP00000478061	9606.ENSP00000309591	0	0	0	0	0	0.213	0	0.338	0.456
MARCKS	RHOA	9606.ENSP00000478061	9606.ENSP00000400175	0	0	0	0	0.065	0.205	0	0.336	0.464
MET	WNT5A	9606.ENSP00000317272	9606.ENSP00000264634	0	0	0	0	0.098	0.092	0	0.329	0.402
MET	ZAP70	9606.ENSP00000317272	9606.ENSP00000264972	0	0	0	0.648	0	0.195	0	0.310	0.421
MET	WNT2	9606.ENSP00000317272	9606.ENSP00000265441	0	0	0	0	0.060	0.092	0	0.503	0.538
MET	NRG1	9606.ENSP00000317272	9606.ENSP00000287842	0	0	0	0	0.048	0.084	0	0.408	0.439
MET	RPS6KB2	9606.ENSP00000317272	9606.ENSP00000308413	0	0	0	0.574	0	0.091	0	0.479	0.506
MET	STAT5A	9606.ENSP00000317272	9606.ENSP00000341208	0	0	0	0	0.063	0.096	0	0.349	0.400
MET	TJP1	9606.ENSP00000317272	9606.ENSP00000348416	0	0	0	0	0.112	0.045	0	0.358	0.408
MET	SPP1	9606.ENSP00000317272	9606.ENSP00000378517	0	0	0	0	0.081	0.052	0	0.417	0.448
MET	MITF	9606.ENSP00000317272	9606.ENSP00000391803	0	0	0	0	0.067	0.050	0	0.435	0.456
MET	PTPRC	9606.ENSP00000317272	9606.ENSP00000411355	0	0	0	0	0	0.217	0	0.405	0.514
MET	RAP1A	9606.ENSP00000317272	9606.ENSP00000358723	0	0	0	0	0.074	0.274	0.500	0.126	0.666
MET	RAC1	9606.ENSP00000317272	9606.ENSP00000348461	0	0	0	0	0.080	0.365	0.400	0.253	0.703
MET	RHOA	9606.ENSP00000317272	9606.ENSP00000400175	0	0	0	0	0.074	0.274	0.500	0.457	0.793
MET	PDGFA	9606.ENSP00000317272	9606.ENSP00000346508	0	0	0	0	0.042	0.050	0.650	0.546	0.836
MET	PIK3R1	9606.ENSP00000317272	9606.ENSP00000428056	0	0	0	0	0	0.197	0.650	0.582	0.872
MET	SHC3	9606.ENSP00000317272	9606.ENSP00000364995	0	0	0	0	0.094	0.180	0.900	0.075	0.922
MET	PTPN11	9606.ENSP00000317272	9606.ENSP00000489597	0	0	0	0	0.049	0.407	0.400	0.810	0.927
MGST2	MGST3	9606.ENSP00000482639	9606.ENSP00000356864	0	0	0	0.740	0.084	0	0.650	0.509	0.828
MGST2	TXNDC12	9606.ENSP00000482639	9606.ENSP00000360688	0	0	0	0	0.080	0	0.900	0	0.904
MGST3	UQCRQ	9606.ENSP00000356864	9606.ENSP00000367939	0	0	0	0	0.136	0.161	0	0.243	0.403
MGST3	TXNDC12	9606.ENSP00000356864	9606.ENSP00000360688	0	0	0	0	0.049	0.093	0.900	0.120	0.913
MITF	PRKACA	9606.ENSP00000391803	9606.ENSP00000309591	0	0	0	0	0.047	0.051	0	0.506	0.514
MRAS	PTPN11	9606.ENSP00000289104	9606.ENSP00000489597	0	0	0	0	0.060	0.118	0	0.339	0.404
MRAS	PPP1CA	9606.ENSP00000289104	9606.ENSP00000326031	0	0	0	0	0.055	0.549	0	0.416	0.729
MRAS	RASGRP3	9606.ENSP00000289104	9606.ENSP00000385886	0	0	0	0	0.056	0.182	0.650	0.234	0.765
MRAS	PRKCE	9606.ENSP00000289104	9606.ENSP00000306124	0	0	0	0	0.085	0.138	0.900	0.077	0.917
MRAS	PIK3R1	9606.ENSP00000289104	9606.ENSP00000428056	0	0	0	0	0.042	0.054	0.900	0.214	0.919
MYH11	MYH9	9606.ENSP00000379616	9606.ENSP00000216181	0	0	0.051	0.979	0.060	0	0.900	0.383	0.937
MYH11	RARA	9606.ENSP00000379616	9606.ENSP00000254066	0	0	0	0	0.077	0	0	0.719	0.729
MYH11	PAK2	9606.ENSP00000379616	9606.ENSP00000314067	0	0	0	0	0.046	0	0.500	0.084	0.525
MYH11	RAC1	9606.ENSP00000379616	9606.ENSP00000348461	0	0	0	0	0	0.095	0.500	0.082	0.548
MYH11	TGFBR2	9606.ENSP00000379616	9606.ENSP00000351905	0	0	0	0	0.056	0.079	0	0.576	0.599
MYH11	SORBS1	9606.ENSP00000379616	9606.ENSP00000360293	0	0	0	0	0.203	0	0.500	0.184	0.646
MYH11	PPP1R12B	9606.ENSP00000379616	9606.ENSP00000375821	0	0	0	0	0.147	0.113	0.500	0.489	0.781
MYH11	PTPRC	9606.ENSP00000379616	9606.ENSP00000411355	0	0	0	0	0.044	0.068	0	0.400	0.418
MYH11	ROCK1	9606.ENSP00000379616	9606.ENSP00000382697	0	0	0	0	0	0.098	0.500	0.188	0.601
MYH11	PPP1R12A	9606.ENSP00000379616	9606.ENSP00000389168	0	0	0	0	0.048	0.113	0.500	0.284	0.657
MYH11	RHOA	9606.ENSP00000379616	9606.ENSP00000400175	0	0	0	0	0	0.072	0.500	0.323	0.658
MYH11	RUNX1T1	9606.ENSP00000379616	9606.ENSP00000402257	0	0	0	0	0.110	0.048	0	0.798	0.814
MYH11	MYH14	9606.ENSP00000379616	9606.ENSP00000493594	0	0	0.057	0.966	0.049	0.126	0.900	0.088	0.915
MYH11	MYL12B	9606.ENSP00000379616	9606.ENSP00000463559	0	0	0	0	0.101	0.567	0.900	0.289	0.968
MYH14	MYH9	9606.ENSP00000493594	9606.ENSP00000216181	0	0	0.056	0.969	0.058	0.263	0.900	0.127	0.932
MYH14	PAK2	9606.ENSP00000493594	9606.ENSP00000314067	0	0	0	0	0.046	0	0.500	0.043	0.504
MYH14	RAC1	9606.ENSP00000493594	9606.ENSP00000348461	0	0	0	0	0.042	0.070	0.500	0.054	0.522
MYH14	PPP1R12B	9606.ENSP00000493594	9606.ENSP00000375821	0	0	0	0	0.066	0.120	0.500	0.080	0.571
MYH14	ROCK1	9606.ENSP00000493594	9606.ENSP00000382697	0	0	0	0	0.044	0.045	0.530	0.052	0.539
MYH14	PPP1R12A	9606.ENSP00000493594	9606.ENSP00000389168	0	0	0	0	0.050	0.120	0.500	0.144	0.594
MYH14	RHOA	9606.ENSP00000493594	9606.ENSP00000400175	0	0	0	0	0.042	0.070	0.500	0.087	0.539
MYH14	MYL12B	9606.ENSP00000493594	9606.ENSP00000463559	0	0	0	0	0.049	0.285	0.900	0.132	0.933
MYH9	PAK2	9606.ENSP00000216181	9606.ENSP00000314067	0	0	0	0	0.084	0	0.500	0.071	0.537
MYH9	PFN1	9606.ENSP00000216181	9606.ENSP00000225655	0	0	0	0	0.263	0.058	0	0.413	0.557
MYH9	RAC1	9606.ENSP00000216181	9606.ENSP00000348461	0	0	0	0	0.084	0.190	0.500	0.175	0.653
MYH9	PPP1R12B	9606.ENSP00000216181	9606.ENSP00000375821	0	0	0	0	0.047	0.225	0.500	0.287	0.702
MYH9	PPP1R12A	9606.ENSP00000216181	9606.ENSP00000389168	0	0	0	0	0.063	0.229	0.500	0.283	0.707
MYH9	RHOA	9606.ENSP00000216181	9606.ENSP00000400175	0	0	0	0	0.156	0.072	0.500	0.427	0.745
MYH9	ROCK1	9606.ENSP00000216181	9606.ENSP00000382697	0	0	0	0	0.085	0.334	0.500	0.375	0.784
MYH9	MYL12B	9606.ENSP00000216181	9606.ENSP00000463559	0	0	0	0	0.684	0.813	0.900	0.809	0.998
MYL12B	PAK2	9606.ENSP00000463559	9606.ENSP00000314067	0	0	0	0	0.049	0.127	0.500	0.171	0.609
MYL12B	PPP1CA	9606.ENSP00000463559	9606.ENSP00000326031	0	0	0	0	0.111	0.147	0.900	0.193	0.930
MYL12B	RAC1	9606.ENSP00000463559	9606.ENSP00000348461	0	0	0	0	0.167	0.097	0.500	0.176	0.649
MYL12B	SORBS1	9606.ENSP00000463559	9606.ENSP00000360293	0	0	0	0	0.076	0	0.500	0.166	0.581
MYL12B	PPP1R12B	9606.ENSP00000463559	9606.ENSP00000375821	0	0	0	0	0.059	0.104	0.500	0.360	0.694
MYL12B	ROCK1	9606.ENSP00000463559	9606.ENSP00000382697	0	0	0	0	0.049	0.106	0.900	0.567	0.958
MYL12B	PPP1R12A	9606.ENSP00000463559	9606.ENSP00000389168	0	0	0	0	0.066	0.104	0.900	0.756	0.976
MYL12B	RHOA	9606.ENSP00000463559	9606.ENSP00000400175	0	0	0	0	0.230	0.097	0.500	0.670	0.870
NCK1	PFN1	9606.ENSP00000417273	9606.ENSP00000225655	0	0	0	0	0.109	0.294	0	0.379	0.576
NCK1	ZAP70	9606.ENSP00000417273	9606.ENSP00000264972	0	0	0	0	0	0.099	0	0.762	0.776
NCK1	PRKACA	9606.ENSP00000417273	9606.ENSP00000309591	0	0	0	0	0.054	0	0.400	0.161	0.482
NCK1	PAK2	9606.ENSP00000417273	9606.ENSP00000314067	0	0	0	0	0.060	0.583	0.900	0.334	0.970
NCK1	PPP1CA	9606.ENSP00000417273	9606.ENSP00000326031	0	0	0	0	0.101	0	0.360	0.092	0.431
NCK1	WASF3	9606.ENSP00000417273	9606.ENSP00000335055	0	0	0	0	0	0.077	0.500	0.303	0.650
NCK1	STAT5A	9606.ENSP00000417273	9606.ENSP00000341208	0	0	0	0	0.044	0	0	0.510	0.511
NCK1	PDGFA	9606.ENSP00000417273	9606.ENSP00000346508	0	0	0	0	0	0	0.500	0.148	0.556
NCK1	RAC1	9606.ENSP00000417273	9606.ENSP00000348461	0	0	0	0	0.062	0.047	0.500	0.477	0.735
NCK1	VAV3	9606.ENSP00000417273	9606.ENSP00000359073	0	0	0	0.577	0.056	0.089	0	0.638	0.661
NCK1	RHOA	9606.ENSP00000417273	9606.ENSP00000400175	0	0	0	0	0.062	0.047	0	0.479	0.493
NCK1	PTPN11	9606.ENSP00000417273	9606.ENSP00000489597	0	0	0	0.584	0.067	0.125	0	0.514	0.568
NCK1	PIK3R1	9606.ENSP00000417273	9606.ENSP00000428056	0	0	0	0	0.060	0.292	0	0.773	0.835
NCK1	VAV1	9606.ENSP00000417273	9606.ENSP00000472929	0	0	0	0.574	0.064	0.089	0.800	0.988	0.997
NDUFA11	NDUFB4	9606.ENSP00000389160	9606.ENSP00000184266	0	0	0	0	0.585	0.999	0.944	0.641	0.999
NDUFA11	NDUFA2	9606.ENSP00000389160	9606.ENSP00000252102	0	0	0	0	0.806	0.998	0.944	0.857	0.999
NDUFA11	NDUFB5	9606.ENSP00000389160	9606.ENSP00000259037	0	0	0	0	0.663	0.999	0.944	0.787	0.999
NDUFA11	NDUFA9	9606.ENSP00000389160	9606.ENSP00000266544	0	0	0	0	0.619	0.998	0.933	0.680	0.999
NDUFA11	UQCRFS1	9606.ENSP00000389160	9606.ENSP00000306397	0	0	0	0	0.360	0.998	0	0.412	0.999
NDUFA11	PRKACA	9606.ENSP00000389160	9606.ENSP00000309591	0	0	0	0	0.047	0	0.650	0	0.652
NDUFA11	SDHD	9606.ENSP00000389160	9606.ENSP00000364699	0	0	0	0	0.265	0	0	0.320	0.480
NDUFA11	UQCRQ	9606.ENSP00000389160	9606.ENSP00000367939	0	0	0	0	0.795	0.852	0	0.909	0.997
NDUFA11	UQCR11	9606.ENSP00000389160	9606.ENSP00000467262	0	0	0	0	0.849	0.824	0	0.679	0.990
NDUFA11	NDUFB1	9606.ENSP00000389160	9606.ENSP00000483888	0	0	0	0	0.376	0.878	0.900	0.691	0.997
NDUFA11	NDUFC1	9606.ENSP00000389160	9606.ENSP00000441126	0	0	0	0	0.529	0.820	0.944	0.571	0.997
NDUFA11	NDUFAB1	9606.ENSP00000389160	9606.ENSP00000458770	0	0	0	0	0.261	0.999	0.944	0.519	0.999
NDUFA11	NDUFB3	9606.ENSP00000389160	9606.ENSP00000407336	0	0	0	0	0.635	0.998	0.944	0.786	0.999
NDUFA11	NDUFV1	9606.ENSP00000389160	9606.ENSP00000497587	0	0	0	0	0.692	0.998	0.944	0.863	0.999
NDUFA2	NDUFB4	9606.ENSP00000252102	9606.ENSP00000184266	0	0	0	0	0.684	0.958	0.967	0.898	0.999
NDUFA2	PRKACA	9606.ENSP00000252102	9606.ENSP00000309591	0	0	0	0	0.047	0	0.650	0	0.652
NDUFA2	SDHD	9606.ENSP00000252102	9606.ENSP00000364699	0	0	0	0	0.970	0	0	0.542	0.985
NDUFA2	UQCR11	9606.ENSP00000252102	9606.ENSP00000467262	0	0	0	0	0.935	0.830	0	0.510	0.994
NDUFA2	UQCRFS1	9606.ENSP00000252102	9606.ENSP00000306397	0	0	0	0	0.689	0.988	0.284	0.576	0.998
NDUFA2	UQCRQ	9606.ENSP00000252102	9606.ENSP00000367939	0	0	0	0	0.957	0.913	0.172	0.509	0.998
NDUFA2	NDUFB1	9606.ENSP00000252102	9606.ENSP00000483888	0	0	0	0	0.999	0.894	0.900	0.920	0.999
NDUFA2	NDUFV1	9606.ENSP00000252102	9606.ENSP00000497587	0	0	0	0	0.464	0.998	0.967	0.981	0.999
NDUFA2	NDUFA9	9606.ENSP00000252102	9606.ENSP00000266544	0	0	0	0	0.720	0.999	0.944	0.925	0.999
NDUFA2	NDUFB5	9606.ENSP00000252102	9606.ENSP00000259037	0	0	0	0	0.770	0.998	0.967	0.906	0.999
NDUFA2	NDUFAB1	9606.ENSP00000252102	9606.ENSP00000458770	0	0	0	0	0.385	0.991	0.967	0.934	0.999
NDUFA2	NDUFB3	9606.ENSP00000252102	9606.ENSP00000407336	0	0	0	0	0.922	0.998	0.967	0.920	0.999
NDUFA2	NDUFC1	9606.ENSP00000252102	9606.ENSP00000441126	0	0	0	0	0.759	0.825	0.967	0.881	0.999
NDUFA9	NDUFB4	9606.ENSP00000266544	9606.ENSP00000184266	0	0	0	0	0.521	0.998	0.944	0.675	0.999
NDUFA9	NDUFB5	9606.ENSP00000266544	9606.ENSP00000259037	0	0	0	0	0.781	0.998	0.944	0.687	0.999
NDUFA9	PRKACA	9606.ENSP00000266544	9606.ENSP00000309591	0	0	0	0	0.102	0	0.650	0.079	0.685
NDUFA9	SDHD	9606.ENSP00000266544	9606.ENSP00000364699	0	0	0	0	0.842	0	0	0.313	0.887
NDUFA9	UQCR11	9606.ENSP00000266544	9606.ENSP00000467262	0	0	0	0	0.537	0.841	0	0.241	0.939
NDUFA9	UQCRQ	9606.ENSP00000266544	9606.ENSP00000367939	0	0	0	0	0.776	0.871	0	0.541	0.985
NDUFA9	NDUFC1	9606.ENSP00000266544	9606.ENSP00000441126	0	0	0	0	0.218	0.821	0.944	0.245	0.993
NDUFA9	NDUFB1	9606.ENSP00000266544	9606.ENSP00000483888	0	0	0	0	0.248	0.977	0.900	0.506	0.999
NDUFA9	NDUFV1	9606.ENSP00000266544	9606.ENSP00000497587	0	0	0	0	0.900	0.999	0.944	0.920	0.999
NDUFA9	UQCRFS1	9606.ENSP00000266544	9606.ENSP00000306397	0.055	0	0	0	0.874	0.999	0.449	0.758	0.999
NDUFA9	NDUFAB1	9606.ENSP00000266544	9606.ENSP00000458770	0	0	0	0	0.446	0.999	0.944	0.569	0.999
NDUFA9	NDUFB3	9606.ENSP00000266544	9606.ENSP00000407336	0	0	0	0	0.598	0.999	0.944	0.657	0.999
NDUFAB1	NDUFB4	9606.ENSP00000458770	9606.ENSP00000184266	0	0	0	0	0.727	0.991	0.967	0.545	0.999
NDUFAB1	NDUFB5	9606.ENSP00000458770	9606.ENSP00000259037	0	0	0	0	0.803	0.991	0.967	0.804	0.999
NDUFAB1	UQCRFS1	9606.ENSP00000458770	9606.ENSP00000306397	0	0	0	0	0.732	0.967	0.218	0.447	0.995
NDUFAB1	PRKACA	9606.ENSP00000458770	9606.ENSP00000309591	0	0	0	0	0.044	0	0.650	0	0.651
NDUFAB1	SDHD	9606.ENSP00000458770	9606.ENSP00000364699	0	0	0	0	0.390	0	0	0.353	0.588
NDUFAB1	UQCRQ	9606.ENSP00000458770	9606.ENSP00000367939	0	0	0	0	0.590	0.893	0	0.425	0.972
NDUFAB1	NDUFB3	9606.ENSP00000458770	9606.ENSP00000407336	0	0	0	0	0.523	0.995	0.967	0.851	0.999
NDUFAB1	NDUFC1	9606.ENSP00000458770	9606.ENSP00000441126	0	0	0	0	0.444	0.991	0.967	0.568	0.999
NDUFAB1	UQCR11	9606.ENSP00000458770	9606.ENSP00000467262	0	0	0	0	0.383	0.844	0	0.324	0.929
NDUFAB1	NDUFV1	9606.ENSP00000458770	9606.ENSP00000497587	0	0	0	0	0.176	0.991	0.967	0.717	0.999
NDUFAB1	NDUFB1	9606.ENSP00000458770	9606.ENSP00000483888	0	0	0	0	0.413	0.991	0.900	0.527	0.999
NDUFB1	NDUFB4	9606.ENSP00000483888	9606.ENSP00000184266	0	0	0	0	0.732	0.913	0.900	0.845	0.999
NDUFB1	NDUFB5	9606.ENSP00000483888	9606.ENSP00000259037	0	0	0	0	0.370	0.988	0.900	0.896	0.999
NDUFB1	UQCRFS1	9606.ENSP00000483888	9606.ENSP00000306397	0	0	0	0	0.337	0.855	0	0.280	0.925
NDUFB1	PRKACA	9606.ENSP00000483888	9606.ENSP00000309591	0	0	0	0	0.047	0	0.650	0	0.652
NDUFB1	UQCRQ	9606.ENSP00000483888	9606.ENSP00000367939	0	0	0	0	0.554	0.855	0	0.151	0.940
NDUFB1	NDUFB3	9606.ENSP00000483888	9606.ENSP00000407336	0	0	0	0	0.560	0.941	0.900	0.683	0.999
NDUFB1	NDUFC1	9606.ENSP00000483888	9606.ENSP00000441126	0	0	0	0	0.386	0.825	0.900	0.640	0.995
NDUFB1	UQCR11	9606.ENSP00000483888	9606.ENSP00000467262	0	0	0	0	0.438	0.830	0	0.626	0.961
NDUFB1	NDUFV1	9606.ENSP00000483888	9606.ENSP00000497587	0	0	0	0	0.261	0.894	0.900	0.514	0.995
NDUFB3	NDUFB4	9606.ENSP00000407336	9606.ENSP00000184266	0	0	0	0	0.907	0.938	0.967	0.740	0.999
NDUFB3	NDUFB5	9606.ENSP00000407336	9606.ENSP00000259037	0	0	0	0	0.876	0.966	0.967	0.946	0.999
NDUFB3	UQCRFS1	9606.ENSP00000407336	9606.ENSP00000306397	0	0	0	0	0.753	0.855	0.172	0.414	0.980
NDUFB3	PRKACA	9606.ENSP00000407336	9606.ENSP00000309591	0	0	0	0	0.044	0	0.650	0	0.651
NDUFB3	SDHD	9606.ENSP00000407336	9606.ENSP00000364699	0	0	0	0	0.310	0	0	0.412	0.577
NDUFB3	UQCRQ	9606.ENSP00000407336	9606.ENSP00000367939	0	0	0	0	0.770	0.855	0.172	0.547	0.985
NDUFB3	UQCR11	9606.ENSP00000407336	9606.ENSP00000467262	0	0	0	0	0.611	0.830	0	0.431	0.959
NDUFB3	NDUFC1	9606.ENSP00000407336	9606.ENSP00000441126	0	0	0	0	0.578	0.825	0.967	0.870	0.999
NDUFB3	NDUFV1	9606.ENSP00000407336	9606.ENSP00000497587	0	0	0	0	0.482	0.993	0.967	0.866	0.999
NDUFB4	PRKACA	9606.ENSP00000184266	9606.ENSP00000309591	0	0	0	0	0.042	0	0.650	0	0.650
NDUFB4	SDHD	9606.ENSP00000184266	9606.ENSP00000364699	0	0	0	0	0.719	0	0	0.338	0.806
NDUFB4	UQCR11	9606.ENSP00000184266	9606.ENSP00000467262	0	0	0	0	0.750	0.830	0	0.464	0.975
NDUFB4	UQCRFS1	9606.ENSP00000184266	9606.ENSP00000306397	0	0	0	0	0.492	0.908	0	0.606	0.980
NDUFB4	UQCRQ	9606.ENSP00000184266	9606.ENSP00000367939	0	0	0	0	0.902	0.855	0	0.838	0.997
NDUFB4	NDUFB5	9606.ENSP00000184266	9606.ENSP00000259037	0	0	0	0	0.868	0.923	0.967	0.884	0.999
NDUFB4	NDUFC1	9606.ENSP00000184266	9606.ENSP00000441126	0	0	0	0	0.725	0.825	0.967	0.557	0.999
NDUFB4	NDUFV1	9606.ENSP00000184266	9606.ENSP00000497587	0	0	0	0	0.243	0.998	0.967	0.546	0.999
NDUFB5	PRKACA	9606.ENSP00000259037	9606.ENSP00000309591	0	0	0	0	0.054	0	0.650	0	0.654
NDUFB5	SDHD	9606.ENSP00000259037	9606.ENSP00000364699	0	0	0	0	0.867	0	0	0.527	0.934
NDUFB5	UQCR11	9606.ENSP00000259037	9606.ENSP00000467262	0	0	0	0	0.607	0.830	0	0.425	0.958
NDUFB5	UQCRFS1	9606.ENSP00000259037	9606.ENSP00000306397	0	0	0	0	0.744	0.867	0	0.438	0.979
NDUFB5	UQCRQ	9606.ENSP00000259037	9606.ENSP00000367939	0	0	0	0	0.786	0.855	0	0.502	0.983
NDUFB5	NDUFV1	9606.ENSP00000259037	9606.ENSP00000497587	0	0	0	0	0.328	0.921	0.967	0.787	0.999
NDUFB5	NDUFC1	9606.ENSP00000259037	9606.ENSP00000441126	0	0	0	0	0.722	0.825	0.967	0.902	0.999
NDUFC1	UQCRFS1	9606.ENSP00000441126	9606.ENSP00000306397	0	0	0	0	0.266	0.811	0	0.357	0.903
NDUFC1	PRKACA	9606.ENSP00000441126	9606.ENSP00000309591	0	0	0	0	0	0	0.650	0	0.650
NDUFC1	SDHD	9606.ENSP00000441126	9606.ENSP00000364699	0	0	0	0	0.168	0	0	0.364	0.448
NDUFC1	UQCRQ	9606.ENSP00000441126	9606.ENSP00000367939	0	0	0	0	0.679	0.811	0	0.465	0.964
NDUFC1	UQCR11	9606.ENSP00000441126	9606.ENSP00000467262	0	0	0	0	0.713	0.811	0	0.540	0.972
NDUFC1	NDUFV1	9606.ENSP00000441126	9606.ENSP00000497587	0	0	0	0	0.144	0.825	0.967	0.755	0.998
NDUFV1	UQCRFS1	9606.ENSP00000497587	9606.ENSP00000306397	0	0	0	0	0.732	0.990	0.809	0.815	0.999
NDUFV1	PRKACA	9606.ENSP00000497587	9606.ENSP00000309591	0	0.007	0	0	0.044	0	0.650	0.060	0.658
NDUFV1	SDHD	9606.ENSP00000497587	9606.ENSP00000364699	0	0	0	0	0.435	0	0.172	0.361	0.675
NDUFV1	UQCRQ	9606.ENSP00000497587	9606.ENSP00000367939	0	0	0	0	0.817	0.906	0.284	0.432	0.992
NDUFV1	UQCR11	9606.ENSP00000497587	9606.ENSP00000467262	0	0	0	0	0.924	0.830	0	0.443	0.992
NFAT5	PRKACA	9606.ENSP00000338806	9606.ENSP00000309591	0	0	0	0	0	0.292	0	0.262	0.455
NFAT5	RELA	9606.ENSP00000338806	9606.ENSP00000384273	0	0	0	0	0.049	0.045	0	0.553	0.559
NFATC4	STAT5A	9606.ENSP00000388910	9606.ENSP00000341208	0	0	0	0	0	0.071	0	0.413	0.432
NFATC4	PTPN11	9606.ENSP00000388910	9606.ENSP00000489597	0	0	0	0	0	0	0	0.462	0.461
NOTCH4	SKP1	9606.ENSP00000364163	9606.ENSP00000231487	0	0	0	0	0	0.134	0.400	0.155	0.523
NRG1	PIK3R1	9606.ENSP00000287842	9606.ENSP00000428056	0	0	0	0	0	0	0.400	0.182	0.488
NRG1	RHOA	9606.ENSP00000287842	9606.ENSP00000400175	0	0	0	0	0	0.095	0.500	0.308	0.659
NRG1	NRG4	9606.ENSP00000287842	9606.ENSP00000378367	0	0	0	0	0	0.099	0.900	0.892	0.989
NRG4	PIK3R1	9606.ENSP00000378367	9606.ENSP00000428056	0	0	0	0	0	0	0.400	0	0.400
NRG4	RHOA	9606.ENSP00000378367	9606.ENSP00000400175	0	0	0	0	0.049	0.094	0.500	0.050	0.535
PAK2	PLD2	9606.ENSP00000314067	9606.ENSP00000263088	0	0	0	0	0	0	0.400	0.091	0.431
PAK2	ZAP70	9606.ENSP00000314067	9606.ENSP00000264972	0	0	0	0.569	0	0.071	0.400	0.106	0.458
PAK2	PIK3R1	9606.ENSP00000314067	9606.ENSP00000428056	0	0	0	0	0.049	0	0.400	0.165	0.482
PAK2	ROCK1	9606.ENSP00000314067	9606.ENSP00000382697	0	0	0	0.603	0.180	0.071	0.400	0.100	0.533
PAK2	VAV3	9606.ENSP00000314067	9606.ENSP00000359073	0	0	0	0	0	0	0.500	0.133	0.548
PAK2	PPP1R12B	9606.ENSP00000314067	9606.ENSP00000375821	0	0	0	0	0.049	0.067	0.500	0.145	0.570
PAK2	PPP1R12A	9606.ENSP00000314067	9606.ENSP00000389168	0	0	0	0	0.095	0.067	0.500	0.185	0.609
PAK2	RHOA	9606.ENSP00000314067	9606.ENSP00000400175	0	0	0	0	0.078	0.270	0	0.591	0.701
PAK2	VAV1	9606.ENSP00000314067	9606.ENSP00000472929	0	0	0	0	0.049	0	0.500	0.514	0.748
PAK2	RAC1	9606.ENSP00000314067	9606.ENSP00000348461	0	0	0	0	0.077	0.840	0.700	0.666	0.983
PDGFA	STAT5A	9606.ENSP00000346508	9606.ENSP00000341208	0	0	0	0	0	0	0.500	0.138	0.550
PDGFA	PIK3R1	9606.ENSP00000346508	9606.ENSP00000428056	0	0	0	0	0	0.046	0.400	0.182	0.490
PDGFA	PTPN11	9606.ENSP00000346508	9606.ENSP00000489597	0	0	0	0	0	0	0.400	0.222	0.513
PDGFA	THBS2	9606.ENSP00000346508	9606.ENSP00000355751	0	0	0	0	0.049	0	0.500	0.219	0.596
PDGFA	SPP1	9606.ENSP00000346508	9606.ENSP00000378517	0	0	0	0	0.053	0	0.500	0.344	0.662
PFN1	VAV1	9606.ENSP00000225655	9606.ENSP00000472929	0	0	0	0	0.067	0	0	0.433	0.448
PFN1	PPP1CA	9606.ENSP00000225655	9606.ENSP00000326031	0	0	0	0	0.445	0	0	0.077	0.466
PFN1	RAP1A	9606.ENSP00000225655	9606.ENSP00000358723	0	0	0	0	0.080	0.093	0	0.516	0.561
PFN1	RAC1	9606.ENSP00000225655	9606.ENSP00000348461	0	0	0	0	0.106	0.098	0.500	0.252	0.658
PFN1	SCIN	9606.ENSP00000225655	9606.ENSP00000297029	0	0	0	0	0.058	0.162	0	0.874	0.891
PFN1	RHOA	9606.ENSP00000225655	9606.ENSP00000400175	0	0	0	0	0.445	0.211	0.500	0.757	0.939
PIK3R1	RARA	9606.ENSP00000428056	9606.ENSP00000254066	0	0	0	0	0.049	0.309	0	0.498	0.641
PIK3R1	PLD2	9606.ENSP00000428056	9606.ENSP00000263088	0	0	0	0	0	0	0.400	0.068	0.416
PIK3R1	PIKFYVE	9606.ENSP00000428056	9606.ENSP00000264380	0	0	0	0	0.061	0	0.900	0.190	0.917
PIK3R1	ZAP70	9606.ENSP00000428056	9606.ENSP00000264972	0	0	0	0	0.056	0.330	0.900	0.293	0.949
PIK3R1	STAT5A	9606.ENSP00000428056	9606.ENSP00000341208	0	0	0	0	0.044	0	0	0.579	0.580
PIK3R1	RAC1	9606.ENSP00000428056	9606.ENSP00000348461	0	0	0	0	0.042	0.610	0.400	0.189	0.794
PIK3R1	TGFBR2	9606.ENSP00000428056	9606.ENSP00000351905	0	0	0	0	0.081	0.648	0	0.353	0.772
PIK3R1	PIP5K1A	9606.ENSP00000428056	9606.ENSP00000357883	0	0	0	0	0.042	0	0.913	0.184	0.926
PIK3R1	RAP1A	9606.ENSP00000428056	9606.ENSP00000358723	0	0	0	0	0.050	0.054	0.900	0.224	0.920
PIK3R1	VAV3	9606.ENSP00000428056	9606.ENSP00000359073	0	0	0	0.553	0.057	0.292	0.900	0.125	0.933
PIK3R1	SHC3	9606.ENSP00000428056	9606.ENSP00000364995	0	0	0	0	0.042	0.323	0	0.172	0.416
PIK3R1	PIP4K2A	9606.ENSP00000428056	9606.ENSP00000365757	0	0	0	0	0.057	0	0.906	0.177	0.921
PIK3R1	SPP1	9606.ENSP00000428056	9606.ENSP00000378517	0	0	0	0	0	0.371	0	0.654	0.773
PIK3R1	PPP1R12A	9606.ENSP00000428056	9606.ENSP00000389168	0	0	0	0	0.081	0.355	0	0.219	0.497
PIK3R1	RHOA	9606.ENSP00000428056	9606.ENSP00000400175	0	0	0	0	0.047	0.173	0.500	0.354	0.711
PIK3R1	PIP5K1C	9606.ENSP00000428056	9606.ENSP00000466363	0	0	0	0	0.060	0	0.913	0.158	0.925
PIK3R1	VAV1	9606.ENSP00000428056	9606.ENSP00000472929	0	0	0	0.552	0.049	0.625	0.900	0.510	0.980
PIK3R1	PTPN11	9606.ENSP00000428056	9606.ENSP00000489597	0	0	0	0	0.048	0.880	0.900	0.691	0.996
PIKFYVE	PIP5K1A	9606.ENSP00000264380	9606.ENSP00000357883	0	0	0	0.557	0.060	0	0	0.549	0.558
PIKFYVE	ROCK1	9606.ENSP00000264380	9606.ENSP00000382697	0	0	0	0	0.111	0	0.900	0.120	0.915
PIKFYVE	SCIN	9606.ENSP00000264380	9606.ENSP00000297029	0	0	0	0	0	0	0.900	0.202	0.916
PIKFYVE	PIP4K2A	9606.ENSP00000264380	9606.ENSP00000365757	0	0	0	0.578	0.042	0	0.900	0.458	0.943
PIP4K2A	SCIN	9606.ENSP00000365757	9606.ENSP00000297029	0	0	0	0	0	0	0.900	0.122	0.908
PIP4K2A	PIP5K1A	9606.ENSP00000365757	9606.ENSP00000357883	0	0	0	0.733	0.042	0.171	0.900	0.287	0.935
PIP4K2A	ROCK1	9606.ENSP00000365757	9606.ENSP00000382697	0	0	0	0	0.047	0.062	0.900	0.052	0.903
PIP4K2A	PIP5K1C	9606.ENSP00000365757	9606.ENSP00000466363	0	0	0	0.719	0	0	0.900	0.294	0.926
PIP5K1A	SCIN	9606.ENSP00000357883	9606.ENSP00000297029	0	0	0	0	0	0	0.900	0.184	0.914
PIP5K1A	ROCK1	9606.ENSP00000357883	9606.ENSP00000382697	0	0	0	0	0.042	0.062	0.900	0.179	0.916
PIP5K1A	RHOA	9606.ENSP00000357883	9606.ENSP00000400175	0	0	0	0	0.042	0.084	0.900	0.221	0.922
PIP5K1A	PIP5K1C	9606.ENSP00000357883	9606.ENSP00000466363	0	0	0.058	0.963	0.049	0.730	0.900	0.074	0.973
PIP5K1C	PLD2	9606.ENSP00000466363	9606.ENSP00000263088	0	0	0	0	0.075	0.069	0	0.535	0.565
PIP5K1C	SCIN	9606.ENSP00000466363	9606.ENSP00000297029	0	0	0	0	0	0	0.900	0.224	0.919
PIP5K1C	ROCK1	9606.ENSP00000466363	9606.ENSP00000382697	0	0	0	0	0	0.062	0.900	0.090	0.907
PIP5K1C	RHOA	9606.ENSP00000466363	9606.ENSP00000400175	0	0	0	0	0	0.084	0.900	0.320	0.932
PLA2G10	PLA2G12A	9606.ENSP00000393847	9606.ENSP00000243501	0	0	0	0	0.045	0	0.500	0.955	0.976
PLA2G10	PLD2	9606.ENSP00000393847	9606.ENSP00000263088	0	0	0	0	0	0	0.650	0.203	0.709
PLA2G12A	PLD2	9606.ENSP00000243501	9606.ENSP00000263088	0	0	0	0	0	0	0.650	0.081	0.664
PLA2G4B	PLD2	9606.ENSP00000396045	9606.ENSP00000263088	0	0	0	0	0.060	0	0.650	0.116	0.684
PLD2	RAC1	9606.ENSP00000263088	9606.ENSP00000348461	0	0	0	0	0	0.071	0.500	0.073	0.531
PLD2	RPS6KB2	9606.ENSP00000263088	9606.ENSP00000308413	0	0	0	0	0.044	0	0	0.539	0.540
PLD2	RHOA	9606.ENSP00000263088	9606.ENSP00000400175	0	0	0	0	0	0.071	0.900	0.413	0.940
PPP1CA	SKP1	9606.ENSP00000326031	9606.ENSP00000231487	0	0.020	0	0	0.149	0.303	0	0.143	0.448
PPP1CA	PPP2R5A	9606.ENSP00000326031	9606.ENSP00000261461	0	0	0	0	0.047	0.301	0	0.348	0.527
PPP1CA	PRKCE	9606.ENSP00000326031	9606.ENSP00000306124	0	0	0	0	0.050	0.096	0.900	0.090	0.911
PPP1CA	PRKACA	9606.ENSP00000326031	9606.ENSP00000309591	0	0	0	0	0.073	0.089	0.500	0.359	0.693
PPP1CA	PPP2CA	9606.ENSP00000326031	9606.ENSP00000418447	0	0	0.060	0.927	0.223	0.076	0	0.365	0.515
PPP1CA	TGFBR2	9606.ENSP00000326031	9606.ENSP00000351905	0	0	0	0	0	0.091	0.500	0.105	0.558
PPP1CA	PPP1R12B	9606.ENSP00000326031	9606.ENSP00000375821	0	0	0	0	0.086	0.483	0	0.198	0.588
PPP1CA	ROCK1	9606.ENSP00000326031	9606.ENSP00000382697	0	0	0	0	0.054	0.091	0.900	0.213	0.923
PPP1CA	PPP1R12A	9606.ENSP00000326031	9606.ENSP00000389168	0	0	0	0	0.093	0.499	0.900	0.422	0.970
PPP1R12A	RAC1	9606.ENSP00000389168	9606.ENSP00000348461	0	0	0	0	0.074	0.102	0.500	0.170	0.609
PPP1R12A	PPP1R12B	9606.ENSP00000389168	9606.ENSP00000375821	0	0	0.068	0.924	0.056	0.330	0.800	0.102	0.874
PPP1R12A	ROCK1	9606.ENSP00000389168	9606.ENSP00000382697	0	0	0	0	0.786	0.095	0.900	0.839	0.996
PPP1R12A	RHOA	9606.ENSP00000389168	9606.ENSP00000400175	0	0	0	0	0.095	0.480	0.500	0.979	0.994
PPP1R12B	RAC1	9606.ENSP00000375821	9606.ENSP00000348461	0	0	0	0	0.074	0.102	0.500	0.065	0.559
PPP1R12B	RHOA	9606.ENSP00000375821	9606.ENSP00000400175	0	0	0	0	0.074	0.102	0.500	0.311	0.675
PPP1R12B	ROCK1	9606.ENSP00000375821	9606.ENSP00000382697	0	0	0	0	0.116	0.095	0.500	0.302	0.684
PPP2CA	SKP1	9606.ENSP00000418447	9606.ENSP00000231487	0	0.052	0	0	0.270	0.057	0.500	0.231	0.703
PPP2CA	PPP2R5A	9606.ENSP00000418447	9606.ENSP00000261461	0	0	0	0	0.047	0.999	0.900	0.823	0.999
PPP2CA	RPS6KB2	9606.ENSP00000418447	9606.ENSP00000308413	0	0	0	0	0.091	0.173	0.900	0.568	0.963
PPP2CA	PRKACA	9606.ENSP00000418447	9606.ENSP00000309591	0	0	0	0	0.094	0.069	0	0.368	0.421
PPP2CA	RAC1	9606.ENSP00000418447	9606.ENSP00000348461	0	0	0	0	0.154	0.354	0	0.115	0.475
PPP2CA	TGFBR2	9606.ENSP00000418447	9606.ENSP00000351905	0	0	0	0	0.042	0.091	0.900	0.125	0.913
PPP2CA	RELA	9606.ENSP00000418447	9606.ENSP00000384273	0	0	0	0	0.073	0.418	0.900	0.175	0.949
PPP2CA	RHOA	9606.ENSP00000418447	9606.ENSP00000400175	0	0	0	0	0.207	0.126	0	0.468	0.599
PPP2CA	PTPN11	9606.ENSP00000418447	9606.ENSP00000489597	0	0	0	0	0.097	0	0.500	0.234	0.624
PPP2R5A	SKP1	9606.ENSP00000261461	9606.ENSP00000231487	0	0	0	0	0.042	0	0.500	0.137	0.550
PPP2R5A	PTPN11	9606.ENSP00000261461	9606.ENSP00000489597	0	0	0	0	0.106	0	0.500	0.077	0.551
PRICKLE2	WNT5A	9606.ENSP00000492363	9606.ENSP00000264634	0	0	0	0	0.082	0.058	0	0.541	0.568
PRICKLE2	RHOA	9606.ENSP00000492363	9606.ENSP00000400175	0	0	0	0	0	0.130	0	0.396	0.452
PRKACA	RPS6KB2	9606.ENSP00000309591	9606.ENSP00000308413	0	0	0.067	0.877	0.059	0.252	0.900	0.099	0.930
PRKACA	TJP1	9606.ENSP00000309591	9606.ENSP00000348416	0	0	0	0	0.042	0	0	0.402	0.403
PRKACA	RASGRP3	9606.ENSP00000309591	9606.ENSP00000385886	0	0	0	0	0	0.344	0	0.131	0.406
PRKACA	RAC1	9606.ENSP00000309591	9606.ENSP00000348461	0	0	0	0	0.080	0.214	0	0.285	0.439
PRKACA	TBL1XR1	9606.ENSP00000309591	9606.ENSP00000405574	0	0.003	0	0	0.042	0.055	0.400	0.139	0.470
PRKACA	TBL1X	9606.ENSP00000309591	9606.ENSP00000495556	0	0.003	0	0	0.044	0.055	0.400	0.204	0.511
PRKACA	RAP1A	9606.ENSP00000309591	9606.ENSP00000358723	0	0	0	0	0.068	0.129	0.900	0.343	0.939
PRKACA	RHOA	9606.ENSP00000309591	9606.ENSP00000400175	0	0	0	0	0.056	0.213	0.900	0.614	0.967
PRKACA	RELA	9606.ENSP00000309591	9606.ENSP00000384273	0	0	0	0	0.086	0.742	0.900	0.718	0.992
PRKCE	RHOA	9606.ENSP00000306124	9606.ENSP00000400175	0	0	0	0	0.059	0.302	0	0.266	0.475
PRKCE	PRKCH	9606.ENSP00000306124	9606.ENSP00000329127	0	0	0.056	0.968	0	0.217	0.400	0.060	0.527
PRKCE	RASGRP3	9606.ENSP00000306124	9606.ENSP00000385886	0	0	0	0.554	0.064	0.292	0	0.389	0.559
PRKCE	RPS6KB2	9606.ENSP00000306124	9606.ENSP00000308413	0	0	0	0.828	0	0.542	0	0.226	0.630
PRKCH	RHOA	9606.ENSP00000329127	9606.ENSP00000400175	0	0	0	0	0.066	0.302	0	0.173	0.414
PTPN11	ZAP70	9606.ENSP00000489597	9606.ENSP00000264972	0	0	0	0	0.067	0.097	0.900	0.856	0.986
PTPN11	STAT5A	9606.ENSP00000489597	9606.ENSP00000341208	0	0	0	0	0.063	0.526	0.800	0.742	0.974
PTPN11	VAV3	9606.ENSP00000489597	9606.ENSP00000359073	0	0	0	0.553	0.139	0	0.900	0.453	0.948
PTPN11	SHC3	9606.ENSP00000489597	9606.ENSP00000364995	0	0	0	0.554	0.087	0.071	0	0.429	0.473
PTPN11	ROCK1	9606.ENSP00000489597	9606.ENSP00000382697	0	0	0	0	0.124	0.097	0	0.420	0.502
PTPN11	RHOA	9606.ENSP00000489597	9606.ENSP00000400175	0	0	0	0	0.081	0.181	0	0.449	0.549
PTPN11	PTPRC	9606.ENSP00000489597	9606.ENSP00000411355	0	0	0	0.656	0.301	0.097	0	0.201	0.452
PTPN11	VAV1	9606.ENSP00000489597	9606.ENSP00000472929	0	0	0	0	0.146	0	0.900	0.893	0.990
PTPRC	RARA	9606.ENSP00000411355	9606.ENSP00000254066	0	0	0	0	0.061	0.064	0	0.401	0.428
PTPRC	ZAP70	9606.ENSP00000411355	9606.ENSP00000264972	0	0	0	0	0.263	0.097	0	0.739	0.811
PTPRC	WNT2	9606.ENSP00000411355	9606.ENSP00000265441	0	0	0	0	0.042	0.045	0	0.491	0.494
PTPRC	ZBTB16	9606.ENSP00000411355	9606.ENSP00000338157	0	0	0	0	0.056	0.045	0	0.419	0.431
PTPRC	STAT5A	9606.ENSP00000411355	9606.ENSP00000341208	0	0	0	0	0.162	0.052	0	0.590	0.646
PTPRC	TJP1	9606.ENSP00000411355	9606.ENSP00000348416	0	0	0	0	0.086	0	0	0.379	0.409
PTPRC	TGFBR2	9606.ENSP00000411355	9606.ENSP00000351905	0	0	0	0	0.127	0.097	0	0.395	0.482
PTPRC	VAV3	9606.ENSP00000411355	9606.ENSP00000359073	0	0	0	0	0.272	0.091	0	0.166	0.400
PTPRC	SPP1	9606.ENSP00000411355	9606.ENSP00000378517	0	0	0	0	0.049	0	0	0.572	0.575
PTPRC	RELA	9606.ENSP00000411355	9606.ENSP00000384273	0	0	0	0	0.083	0.106	0	0.370	0.439
PTPRC	VAV1	9606.ENSP00000411355	9606.ENSP00000472929	0	0	0	0	0.407	0.095	0	0.541	0.732
RAC1	WNT5A	9606.ENSP00000348461	9606.ENSP00000264634	0	0	0	0	0	0.068	0.500	0.252	0.621
RAC1	WASF3	9606.ENSP00000348461	9606.ENSP00000335055	0	0	0	0	0	0.153	0.500	0.163	0.615
RAC1	ROCK1	9606.ENSP00000348461	9606.ENSP00000382697	0	0	0	0	0.095	0.187	0	0.383	0.507
RAC1	RHOA	9606.ENSP00000348461	9606.ENSP00000400175	0	0	0.058	0.944	0.196	0.191	0.500	0.365	0.770
RAC1	VAV3	9606.ENSP00000348461	9606.ENSP00000359073	0	0	0	0	0.110	0.387	0.500	0.279	0.777
RAC1	VAV1	9606.ENSP00000348461	9606.ENSP00000472929	0	0	0	0	0.166	0.773	0.800	0.352	0.972
RAP1A	TJP1	9606.ENSP00000358723	9606.ENSP00000348416	0	0	0	0	0.042	0	0	0.454	0.455
RAP1A	ROCK1	9606.ENSP00000358723	9606.ENSP00000382697	0	0	0	0	0.162	0.110	0	0.269	0.408
RAP1A	VAV3	9606.ENSP00000358723	9606.ENSP00000359073	0	0	0	0	0.042	0.096	0.900	0.133	0.914
RAP1A	VAV1	9606.ENSP00000358723	9606.ENSP00000472929	0	0	0	0	0.049	0.096	0.900	0.224	0.924
RAP1A	RHOA	9606.ENSP00000358723	9606.ENSP00000400175	0	0	0.083	0.770	0.140	0.095	0.900	0.151	0.928
RAP1A	RASGRP3	9606.ENSP00000358723	9606.ENSP00000385886	0	0	0	0	0.049	0.474	0.900	0.650	0.980
RARA	TBL1X	9606.ENSP00000254066	9606.ENSP00000495556	0	0	0	0	0.074	0.066	0	0.408	0.443
RARA	TBL1XR1	9606.ENSP00000254066	9606.ENSP00000405574	0	0	0	0	0	0.165	0	0.509	0.572
RARA	STAT5A	9606.ENSP00000254066	9606.ENSP00000341208	0	0	0	0	0.083	0.045	0	0.673	0.688
RARA	RUNX1T1	9606.ENSP00000254066	9606.ENSP00000402257	0	0	0	0	0	0.071	0	0.812	0.818
RARA	RXRB	9606.ENSP00000254066	9606.ENSP00000363817	0	0	0	0.756	0.104	0.862	0.800	0.756	0.993
RARA	ZBTB16	9606.ENSP00000254066	9606.ENSP00000338157	0	0	0	0	0.049	0.311	0.900	0.960	0.997
RELA	SKP1	9606.ENSP00000384273	9606.ENSP00000231487	0	0	0	0	0.057	0.134	0.500	0.263	0.659
RELA	STAT5A	9606.ENSP00000384273	9606.ENSP00000341208	0	0	0	0	0.106	0.079	0	0.465	0.522
RELA	ROCK1	9606.ENSP00000384273	9606.ENSP00000382697	0	0	0	0	0.069	0.106	0.900	0.214	0.925
RELA	TBL1X	9606.ENSP00000384273	9606.ENSP00000495556	0	0	0	0	0.049	0.325	0	0.454	0.619
RHOA	WNT5A	9606.ENSP00000400175	9606.ENSP00000264634	0	0	0	0	0	0.068	0	0.588	0.599
RHOA	SCIN	9606.ENSP00000400175	9606.ENSP00000297029	0	0	0	0	0.067	0.095	0	0.451	0.496
RHOA	TJP1	9606.ENSP00000400175	9606.ENSP00000348416	0	0	0	0	0.047	0.162	0	0.621	0.670
RHOA	TGFBR2	9606.ENSP00000400175	9606.ENSP00000351905	0	0	0	0	0.106	0.110	0.900	0.474	0.952
RHOA	VAV3	9606.ENSP00000400175	9606.ENSP00000359073	0	0	0	0	0	0.567	0.900	0.489	0.975
RHOA	SPP1	9606.ENSP00000400175	9606.ENSP00000378517	0	0	0	0	0.043	0	0	0.419	0.420
RHOA	ROCK1	9606.ENSP00000400175	9606.ENSP00000382697	0	0	0	0	0.088	0.878	0.900	0.997	0.999
RHOA	VAV1	9606.ENSP00000400175	9606.ENSP00000472929	0	0	0	0	0.049	0.597	0.900	0.766	0.989
ROCK1	ZAP70	9606.ENSP00000382697	9606.ENSP00000264972	0	0	0	0	0.062	0	0.400	0.072	0.432
ROCK1	TJP1	9606.ENSP00000382697	9606.ENSP00000348416	0	0	0	0	0.044	0.045	0	0.444	0.448
ROCK1	VAV3	9606.ENSP00000382697	9606.ENSP00000359073	0	0	0	0	0	0	0.500	0.175	0.570
ROCK1	VAV1	9606.ENSP00000382697	9606.ENSP00000472929	0	0	0	0	0.047	0	0.500	0.209	0.590
RUNX1T1	ZBTB16	9606.ENSP00000402257	9606.ENSP00000338157	0	0	0	0	0.064	0.682	0	0.702	0.903
RUNX1T1	TBL1X	9606.ENSP00000402257	9606.ENSP00000495556	0	0	0	0	0	0.049	0	0.423	0.427
RUNX1T1	TBL1XR1	9606.ENSP00000402257	9606.ENSP00000405574	0	0	0	0	0.047	0.049	0	0.431	0.440
RXRB	TBL1XR1	9606.ENSP00000363817	9606.ENSP00000405574	0	0	0	0	0	0.086	0.500	0.057	0.531
RXRB	TBL1X	9606.ENSP00000363817	9606.ENSP00000495556	0	0	0	0	0.067	0.086	0.500	0.054	0.542
SDHD	UQCRFS1	9606.ENSP00000364699	9606.ENSP00000306397	0	0	0	0	0.906	0	0	0.509	0.952
SDHD	UQCR11	9606.ENSP00000364699	9606.ENSP00000467262	0	0	0	0	0.222	0	0	0.357	0.478
SDHD	UQCRQ	9606.ENSP00000364699	9606.ENSP00000367939	0	0	0	0	0.850	0	0.172	0.606	0.946
SHC3	ZAP70	9606.ENSP00000364995	9606.ENSP00000264972	0	0	0	0	0.053	0.315	0.900	0.168	0.938
SKP1	TBL1XR1	9606.ENSP00000231487	9606.ENSP00000405574	0	0	0	0	0.049	0.091	0.900	0.615	0.962
SKP1	TBL1X	9606.ENSP00000231487	9606.ENSP00000495556	0	0	0	0	0	0.328	0.900	0.581	0.969
SPP1	WNT5A	9606.ENSP00000378517	9606.ENSP00000264634	0	0	0	0	0.062	0	0	0.398	0.411
SPP1	THBS2	9606.ENSP00000378517	9606.ENSP00000355751	0	0	0	0	0.149	0	0.400	0.507	0.726
STAT5A	ZAP70	9606.ENSP00000341208	9606.ENSP00000264972	0	0	0	0	0.145	0.096	0	0.476	0.559
STAT5A	VAV1	9606.ENSP00000341208	9606.ENSP00000472929	0	0	0	0	0.097	0	0	0.390	0.426
TBL1X	TBL1XR1	9606.ENSP00000495556	9606.ENSP00000405574	0	0	0.048	0.984	0.042	0.735	0.900	0.986	0.999
UQCR11	UQCRFS1	9606.ENSP00000467262	9606.ENSP00000306397	0	0	0	0	0.411	0.985	0.851	0.847	0.999
UQCR11	UQCRQ	9606.ENSP00000467262	9606.ENSP00000367939	0	0	0	0	0.944	0.973	0.967	0.806	0.999
UQCRFS1	UQCRQ	9606.ENSP00000306397	9606.ENSP00000367939	0	0	0	0	0.934	0.995	0.851	0.833	0.999
VAV1	ZAP70	9606.ENSP00000472929	9606.ENSP00000264972	0	0	0	0	0.149	0.630	0.900	0.993	0.999
VAV1	WASF3	9606.ENSP00000472929	9606.ENSP00000335055	0	0	0	0	0	0	0.500	0.109	0.535
VAV1	VAV3	9606.ENSP00000472929	9606.ENSP00000359073	0	0	0.056	0.960	0.063	0	0.900	0.075	0.907
VAV3	ZAP70	9606.ENSP00000359073	9606.ENSP00000264972	0	0	0	0	0.087	0.045	0.900	0.546	0.955
VAV3	WASF3	9606.ENSP00000359073	9606.ENSP00000335055	0	0	0	0	0	0	0.500	0.088	0.524
WIF1	WNT5A	9606.ENSP00000286574	9606.ENSP00000264634	0	0	0	0	0.043	0.405	0.900	0.777	0.985
WIF1	WNT2	9606.ENSP00000286574	9606.ENSP00000265441	0	0	0	0	0.062	0	0.900	0.641	0.963
WNT2	WNT5A	9606.ENSP00000265441	9606.ENSP00000264634	0	0	0	0.927	0.092	0	0.500	0.416	0.711
