"GeneSymbol","Direction","logFC_SUI","logFC_POP","adj.P.Val","Direcao_POP","Concordante"
"A4GALT","up",1.37204798572798,0.387438433583334,0.0132255694020303,"up",TRUE
"AAAS","up",2.0243728394713,-0.146710307416665,0.0937601620807506,"down",FALSE
"AADAC","up",3.70253343525363,0.0754560328333334,0.411494982251023,"up",TRUE
"AADACL2","up",2.51432120577952,-0.0125249444166669,0.964126423372654,"down",FALSE
"AAMP","up",2.02504999167325,-0.0405277849999996,0.673666760068483,"down",FALSE
"AANAT","down",-6.56072106604784,0.0163704940833343,0.894117697145776,"up",FALSE
"AASDHPPT","up",2.27703835621925,-0.189605985,0.0782563456933579,"down",FALSE
"ABCA2","up",1.50608801685736,0.0354997919166671,0.778537117621146,"up",TRUE
"ABCA6","up",1.40818962502633,-0.180933466166667,0.521933367851316,"down",FALSE
"ABCA9","up",1.48260323637817,-0.29847376125,0.189227542364752,"down",FALSE
"ABCB10","up",1.77736353216831,0.0931054818333339,0.339673832493781,"up",TRUE
"ABCB11","up",2.1519022852139,0.00782349725000095,0.949640785877226,"up",TRUE
"ABCB6","up",2.31386996540037,-0.206214138166667,0.0802478515166364,"down",FALSE
"ABCB8","up",2.75010509726465,-0.0559417084999994,0.655517007277206,"down",FALSE
"ABCC11","down",-2.00002553547624,-0.0909730324166664,0.272462218400548,"down",TRUE
"ABCC3","down",-2.87638284213532,-0.17871091425,0.733321216184379,"down",TRUE
"ABCC4","up",1.59506185701758,0.0518264673333338,0.497337894012992,"up",TRUE
"ABCC5","up",4.300695899653,-0.136198402166666,0.193554877528594,"down",FALSE
"ABCC6","up",2.60739873286433,0.097859645916667,0.692141278439725,"up",TRUE
"ABCC9","up",2.07322099633223,0.304882715333334,0.0135620572108562,"up",TRUE
"ABCD1","down",-2.3767677108263,-0.0858862810833332,0.585188764785147,"down",TRUE
"ABCE1","up",2.77962792313028,-0.0411303978333319,0.739569695187275,"down",FALSE
"ABCF1","down",-3.24350600700087,0.0683115775000016,0.37309473328896,"up",FALSE
"ABCF2","up",1.22823909542595,0.0727229980000009,0.361511699652216,"up",TRUE
"ABCG1","up",1.79297080498227,-0.0085250519999999,0.964126423372654,"down",FALSE
"ABHD10","up",1.99491152401912,-0.244824617666666,0.0119727756319591,"down",FALSE
"ABHD11","up",1.79127868509813,-0.0354859723333318,0.722890645452065,"down",FALSE
"ABHD14B","down",-3.03366276413674,-0.126272914083333,0.0930580081691134,"down",TRUE
"ABHD6","up",2.44960867574752,0.0715325031666676,0.610823318860082,"up",TRUE
"ABI1","down",-2.98485212841413,0.0264694555000009,0.824460092156901,"up",FALSE
"ABI3BP","down",-3.57112079810417,0.0442031692500001,0.878965420108122,"up",FALSE
"ABL1","up",1.67694088490357,0.128199932083334,0.123989760987229,"up",TRUE
"ABL2","down",-2.69386272852484,0.861054810499999,0.00832928205094626,"up",FALSE
"ABLIM1","down",-2.79913750932965,0.111589959166668,0.265485359287265,"up",FALSE
"ABLIM2","down",-2.2883712023323,0.374860661500002,0.0241283125500184,"up",FALSE
"ABLIM3","down",-3.56658369550626,-0.106193188416666,0.527818260809127,"down",TRUE
"ACAD10","up",2.62296826800747,0.0426719559166681,0.596051890506418,"up",TRUE
"ACADL","up",1.39691906096566,-0.177279161416666,0.333152205921159,"down",FALSE
"ACADVL","up",1.97279997917182,-0.0219587366666652,0.878100590161634,"down",FALSE
"ACD","up",1.30238866131602,0.0392229260000009,0.553157150169558,"up",TRUE
"ACE","up",1.60354208023404,-0.0049633697499991,0.957152700915515,"down",FALSE
"ACHE","down",-1.2679256775377,-0.00998122541666584,0.958581398319503,"down",TRUE
"ACIN1","down",-1.57930582321509,0.0466516841666689,0.693469512585378,"up",FALSE
"ACLY","down",-1.92642100356087,-0.0520985081666652,0.708716164946803,"down",TRUE
"ACN9","up",1.21949369245058,-0.094743368249999,0.371763056837575,"down",FALSE
"ACOT11","up",1.46188416040225,0.116327069583334,0.280522611409163,"up",TRUE
"ACOT7","up",2.75775066371387,0.284227839583335,0.0395449100102563,"up",TRUE
"ACOT9","up",1.26550728872788,0.202415230833335,0.0612865416234449,"up",TRUE
"ACOXL","down",-2.86924350972559,0.0390041931666672,0.614133558210034,"up",FALSE
"ACP1","up",1.83456985145916,-0.108227692999998,0.135305752768698,"down",FALSE
"ACSL5","up",3.56222462934583,-0.0541337881666653,0.583567217748931,"down",FALSE
"ACSM3","up",1.71380651984633,-0.102411459333333,0.281252280620202,"down",FALSE
"ACTG1","up",4.40120543145397,-0.0189021633333302,0.933871993421027,"down",FALSE
"ACTL6A","up",1.42538066876007,-0.130177427499998,0.096248042616807,"down",FALSE
"ACTR1A","up",2.39350359977152,0.144328949166667,0.202264128213043,"up",TRUE
"ACTR2","down",-2.78355524039141,0.205946525333334,0.141008221759107,"up",FALSE
"ACTR3B","up",1.31570794249792,-0.117427407583333,0.175032301583616,"down",FALSE
"ACTR6","up",1.93919708400008,0.0255632689999996,0.816733486019369,"up",TRUE
"ACVR1B","up",1.76940551900123,0.106528316083334,0.13861058153941,"up",TRUE
"ACVR1C","down",-2.9146418605902,-0.074492112,0.889682282473199,"down",TRUE
"ACVRL1","up",1.39022446470532,0.17648182375,0.164763857773859,"up",TRUE
"ADAM12","down",-2.46428862099105,-0.374214798416666,0.345857891008763,"down",TRUE
"ADAM29","up",1.73852985354125,0.0307063103333339,0.829642015850835,"up",TRUE
"ADAM33","up",1.36068497714903,0.00564307333333425,0.977160441646606,"up",TRUE
"ADAM8","up",1.67626767910974,-0.153008321499999,0.437979973205437,"down",FALSE
"ADAMTS12","down",-1.82191801345352,-0.0153874852499991,0.913690470266169,"down",TRUE
"ADAMTS2","up",1.86533837421798,0.154534873416667,0.338019820325965,"up",TRUE
"ADAMTS4","down",-3.27038246776068,1.88417706375,0.00853743118443771,"up",FALSE
"ADAR","down",-1.32225549180225,-0.0902207474999981,0.266424591428796,"down",TRUE
"ADARB2","up",1.4006441604892,-0.0597813581666662,0.781482833705447,"down",FALSE
"ADCK5","up",1.65663008536888,-0.0424929547499996,0.682417190076538,"down",FALSE
"ADCY9","up",1.30322378230858,0.0941072311666674,0.388952616546196,"up",TRUE
"ADCYAP1","up",1.95650058465781,-0.137539052,0.560097802802891,"down",FALSE
"ADH1A","up",3.48218016574633,0.130070073,0.794372405522633,"up",TRUE
"ADH1C","up",3.34880830566278,0.136635432666668,0.806460502924512,"up",TRUE
"ADH7","up",4.49006516941542,-0.0443574361666665,0.738363224986672,"down",FALSE
"ADHFE1","up",3.92963530321111,-0.144214458999999,0.392187341571477,"down",FALSE
"ADIPOR1","up",3.45038220290955,0.00960838033333425,0.932347901696131,"up",TRUE
"ADM","up",2.33526434250866,-0.144011794999999,0.556638027125277,"down",FALSE
"ADORA1","up",2.40737532281802,0.0100219685000009,0.962520813433122,"up",TRUE
"ADORA2A","down",-6.4806442660708,0.0154418852500015,0.861969425207757,"up",FALSE
"ADRA1D","up",2.94969839184328,0.151110053583334,0.0475015318488999,"up",TRUE
"ADRB2","up",1.2325853049362,-0.0249143836666651,0.900345620859929,"down",FALSE
"ADRBK1","down",-1.70935103352669,0.0111073533333341,0.930379285228158,"up",FALSE
"ADRM1","up",1.85940106207759,0.0742321956666681,0.447896683853266,"up",TRUE
"ADSL","up",1.14528864132264,0.0775796592499998,0.2573174977333,"up",TRUE
"AEBP2","up",2.00658578009345,0.132092088083333,0.0525784442360916,"up",TRUE
"AFF1","down",-2.68096876673423,-0.0501998853333334,0.650840695996965,"down",TRUE
"AFF3","down",-2.75376336518031,-0.0315522289166657,0.861141989325484,"down",TRUE
"AFG3L2","up",1.53839542660178,0.153761898083333,0.0823903358887052,"up",TRUE
"AFMID","down",-1.52256848789887,0.0277520506666672,0.822887932264247,"up",FALSE
"AFTPH","down",-1.28668033904472,-0.0118624833333327,0.888651363564284,"down",TRUE
"AGL","up",2.55133975812983,-0.104173277833332,0.62400853960018,"down",FALSE
"AGPAT2","up",1.64603451433569,0.0363309471666679,0.658308338748582,"up",TRUE
"AGPAT4","up",1.48157737755593,0.00589194750000038,0.963564003560057,"up",TRUE
"AGR2","down",-2.22382268012843,-0.0198062372499995,0.923268200521808,"down",TRUE
"AGTPBP1","up",2.15275801330154,-0.000958093916666015,0.996268010100814,"down",FALSE
"AGTRAP","up",1.63281833587495,0.0428480035833337,0.568069220924249,"up",TRUE
"AHCY","up",1.86059831493965,-0.0881106266666665,0.463521238627115,"down",FALSE
"AHDC1","up",1.53383945212816,-0.127837362333332,0.372558679112108,"down",FALSE
"AHI1","up",1.2292814482289,0.209842494833334,0.0194250651619272,"up",TRUE
"AIM1L","down",-1.61695930618655,-0.118947166999999,0.714275016444186,"down",TRUE
"AIPL1","down",-2.28307157598098,0.0594863009166668,0.651112380002697,"up",FALSE
"AK3","up",1.85314957676474,-0.00231832066666672,0.986021460220949,"down",FALSE
"AKAP11","up",1.71468332703605,-0.195402630833332,0.13409445348357,"down",FALSE
"AKAP12","down",-2.64013410984556,0.470557233750001,0.0485340288214417,"up",FALSE
"AKAP13","down",-2.02345256037932,0.0268764091666675,0.871904042063085,"up",FALSE
"AKAP14","down",-2.70153457447435,-0.0287801871666661,0.784878278297021,"down",TRUE
"AKAP7","down",-1.68237544130206,-0.262899716166665,0.257833772756362,"down",TRUE
"AKAP9","down",-1.046940457276,0.0235684200000006,0.879833525723544,"up",FALSE
"AKNA","down",-1.73050288522574,-0.169401225916667,0.174563285591232,"down",TRUE
"AKR1A1","up",1.30005054804901,-0.0734604174999985,0.490971473875577,"down",FALSE
"AKR1B1","up",1.8193485073476,0.0345877300000003,0.815954129120668,"up",TRUE
"AKR1C4","up",2.58317023392821,0.0289177543333337,0.799613739388889,"up",TRUE
"AKR1D1","down",-2.30213529854284,0.0814916190833337,0.421620743443966,"up",FALSE
"AKR7A2","down",-5.58797533365889,-0.200518307499998,0.127050609506236,"down",TRUE
"AKT3","down",-1.31700310884974,0.316684434583334,0.0121430747003742,"up",FALSE
"ALAS1","down",-1.69581769560477,0.0761202343333337,0.384380709818894,"up",FALSE
"ALDH16A1","up",2.68945536575615,0.0518518090833334,0.592986069291582,"up",TRUE
"ALDH18A1","up",1.01792048311257,-0.195786947249999,0.236619301499844,"down",FALSE
"ALDH1A3","up",1.21700973426329,-0.0576817576666646,0.872516220088932,"down",FALSE
"ALDH1L1","up",1.35998730038895,-0.0545815470833327,0.717584794047657,"down",FALSE
"ALDH3A2","up",3.06121533807184,0.214475432000001,0.070894065691338,"up",TRUE
"ALDH3B1","down",-1.62445641137915,0.103779366250001,0.298312239757321,"up",FALSE
"ALDH3B2","up",2.67497135745949,-0.0224684498333331,0.894689760793388,"down",FALSE
"ALDH4A1","up",1.18436631393546,0.0991790608333346,0.444230884238569,"up",TRUE
"ALDH5A1","up",2.01036698274949,-0.227462499833332,0.0397328669778264,"down",FALSE
"ALDH9A1","up",2.07095585229633,-0.248585253333331,0.00853743118443771,"down",FALSE
"ALDOB","up",3.48791956873441,0.0636915654166671,0.409119543974029,"up",TRUE
"ALG10","up",2.97241300136002,-0.0372530289999984,0.588742894446778,"down",FALSE
"ALG10B","up",3.33541839719706,-0.0468816450000003,0.671361090974232,"down",FALSE
"ALG12","up",1.95514888195229,0.0636671693333351,0.410526226151763,"up",TRUE
"ALG14","up",2.57071057241945,0.0219579530000008,0.832453356470683,"up",TRUE
"ALG3","up",1.92748390909036,-0.141097395249999,0.109928064212854,"down",FALSE
"ALG6","up",2.53157497143039,-0.031722191499998,0.81242174760872,"down",FALSE
"ALG8","up",3.65374756464091,-0.181236506666665,0.20035164411514,"down",FALSE
"ALG9","up",2.16613889438654,-0.0721546367499994,0.272213688668803,"down",FALSE
"ALKBH1","up",1.12312231908147,-0.156836700416667,0.180635175773003,"down",FALSE
"ALKBH4","up",1.73490558586143,-0.283059909583333,0.0299609657726872,"down",FALSE
"ALOX12","up",3.05423116312991,-0.449758393,0.234405740840432,"down",FALSE
"ALOX12B","up",2.40030363655869,-0.0243082869999996,0.920692481570373,"down",FALSE
"ALOX15B","up",3.82778369847597,0.0195839973333344,0.949077688694468,"up",TRUE
"ALOXE3","up",2.67580046557916,0.0777224241666675,0.381907132621986,"up",TRUE
"ALPK1","down",-2.74125283681122,-0.146484814166665,0.279047787605746,"down",TRUE
"ALPL","down",-2.67393299060745,0.189155341416667,0.109730370611235,"up",FALSE
"ALS2","up",3.04445736921998,-0.0117300743333322,0.912575463459207,"down",FALSE
"ALS2CL","up",2.05037450482038,0.0839256725000004,0.499394690699186,"up",TRUE
"ALS2CR11","down",-2.3089698114361,-0.0296287259999995,0.826437976375567,"down",TRUE
"AMACR","up",1.17112431212716,-0.127492708166666,0.393947306616929,"down",FALSE
"AMBN","up",2.04304823547685,-0.0891184639166661,0.310468689030956,"down",FALSE
"AMELX","up",1.63733610116727,-0.0981461978333324,0.118296148654604,"down",FALSE
"AMELY","up",1.36442955639201,-0.0221213375833332,0.783997331935478,"down",FALSE
"AMHR2","down",-2.45152334649847,0.0127250491666673,0.942714444806356,"up",FALSE
"AMICA1","up",2.79513037191807,-0.227260752333333,0.167603299913075,"down",FALSE
"AMOT","down",-1.0768802967323,-0.31947690025,0.100460291593449,"down",TRUE
"AMOTL2","down",-2.7427455050545,0.379207717500002,0.186185306491074,"up",FALSE
"AMPD1","up",1.54634154406823,-0.410884693916666,0.160564733963266,"down",FALSE
"AMPD2","up",1.3821766806982,-0.0272422084999992,0.901669560377773,"down",FALSE
"AMT","up",1.08946411693623,-0.173739394666666,0.187747235735149,"down",FALSE
"AMY1C","down",-1.26163268788032,-0.224450784749999,0.210724769567715,"down",TRUE
"AMZ2","up",1.08199768991407,-0.0784611033333316,0.277269395018452,"down",FALSE
"ANAPC10","up",1.82229868192954,0.0446189665833329,0.574351452307242,"up",TRUE
"ANAPC13","up",1.34870402296325,-0.0137410946666648,0.894892535853018,"down",FALSE
"ANAPC2","up",2.68095360374936,0.0161345746666682,0.881668710277976,"up",TRUE
"ANAPC5","up",1.28716327350968,-0.0542760083333333,0.452653614570443,"down",FALSE
"ANG","up",2.60043150043735,0.0316572358333342,0.903088717230791,"up",TRUE
"ANGEL1","down",-3.93395893234052,-0.202211215416667,0.0295633278324979,"down",TRUE
"ANGPT4","down",-1.26020081681741,0.251370998833334,0.0434399079557058,"up",FALSE
"ANGPTL3","down",-3.1279120692853,-0.0512751156666662,0.579046223623873,"down",TRUE
"ANGPTL7","up",1.39433188661658,0.173245709666668,0.809731092574868,"up",TRUE
"ANK1","down",-1.79807810306454,0.29905551375,0.0492717740705758,"up",FALSE
"ANK2","down",-4.65944333250798,0.359660441416666,0.0630405547578832,"up",FALSE
"ANKAR","up",1.70945686696924,-0.422414316333333,0.0119727756319591,"down",FALSE
"ANKFN1","up",1.1674859403678,-0.163137324,0.444022415199648,"down",FALSE
"ANKFY1","down",-5.1267207672045,-0.292460979,0.0308001683929912,"down",TRUE
"ANKH","up",1.96519227506663,0.140253536250001,0.205367409143763,"up",TRUE
"ANKHD1","up",2.00539934095513,-0.0384688499999989,0.679071196209742,"down",FALSE
"ANKRA2","up",1.0471696761839,-0.308447125666666,0.091636633438962,"down",FALSE
"ANKRD10","up",1.09874866114077,-0.134746099166666,0.131025411383216,"down",FALSE
"ANKRD11","up",1.77843863216158,-0.0931623891666639,0.30631448769457,"down",FALSE
"ANKRD12","down",-2.72232323431401,0.033110537166668,0.7745012108103,"up",FALSE
"ANKRD13B","down",-2.05569186848696,-0.0688351994166663,0.535506021173878,"down",TRUE
"ANKRD13C","up",1.73776402031095,-0.0359698869166648,0.565065697073819,"down",FALSE
"ANKRD13D","down",-2.8719864918973,-0.0792976373333324,0.284135560570231,"down",TRUE
"ANKRD17","down",-1.88610718463137,0.099681719166668,0.315244609303044,"up",FALSE
"ANKRD26","down",-3.00106975840297,-0.0904898730833315,0.380803994242985,"down",TRUE
"ANKRD27","up",1.10535651950505,0.00179704733333377,0.992536991086672,"up",TRUE
"ANKRD28","down",-1.33041039429974,0.00784801316666734,0.971028633295209,"up",FALSE
"ANKRD33","up",1.38914809412044,0.0635795861666673,0.376431303422827,"up",TRUE
"ANKRD46","up",1.71858371557544,-0.215753559083332,0.0901676052273237,"down",FALSE
"ANKRD49","up",1.88488912650255,-0.254215707666665,0.0273601218745258,"down",FALSE
"ANKRD54","down",-1.37956923036447,-0.0704397048333329,0.375508037041249,"down",TRUE
"ANKRD6","up",1.46697207279317,0.124718037,0.296535552209879,"up",TRUE
"ANKRD7","down",-1.42564492030238,0.0341128064166669,0.782529262522473,"up",FALSE
"ANKS1A","down",-2.03798086015814,-0.0954046441666649,0.456868184097407,"down",TRUE
"ANKS1B","up",2.04572728787087,-0.0500478683333326,0.582812581313625,"down",FALSE
"ANKS6","up",1.21575301228433,-0.128538119249999,0.218595037811533,"down",FALSE
"ANP32A","down",-1.31034931194644,0.0937855940833332,0.202511888614046,"up",FALSE
"ANP32E","down",-1.59748502631392,0.102061696416667,0.190586659782095,"up",FALSE
"ANTXR1","down",-1.90139648284206,0.123821117500001,0.425555107755007,"up",FALSE
"ANXA11","up",2.03067617526855,0.0667293616666667,0.555363925692651,"up",TRUE
"ANXA2","up",3.00302633892272,0.0425690558333344,0.83252680004747,"up",TRUE
"ANXA3","up",2.64210632868664,0.0534456230000002,0.846142190367499,"up",TRUE
"ANXA7","up",1.12536498064937,0.0197114025000009,0.868455168244754,"up",TRUE
"ANXA8","down",-1.39273071631348,0.103250132166666,0.905274534851019,"up",FALSE
"AOC2","down",-1.86679457528512,0.0337503660000008,0.77730761043615,"up",FALSE
"AP1B1","up",2.31441686220462,0.0826502518333341,0.40865777354528,"up",TRUE
"AP1G2","up",2.56858812857016,-0.0562634540833326,0.522741013511102,"down",FALSE
"AP2A1","up",3.94846270096045,0.0196064025000017,0.836493323183455,"up",TRUE
"AP3S2","down",-6.48045046608174,-0.0320973054166648,0.792430456356977,"down",TRUE
"AP4B1","up",1.86792112793814,-0.222990461166666,0.0125374811362126,"down",FALSE
"AP4M1","up",2.42044313741623,0.0683304210833335,0.429269177430547,"up",TRUE
"AP4S1","up",1.19692997776844,0.00618795725000016,0.963914808936301,"up",TRUE
"APBB1IP","up",1.81077865851364,0.178440214416667,0.36897489364507,"up",TRUE
"APBB2","up",1.46494637716374,0.237912827500001,0.152586520009961,"up",TRUE
"APBB3","up",1.57813381488086,-0.0530268708333319,0.701269637584232,"down",FALSE
"APC","down",-2.93893543243158,-0.056275603583333,0.464335362291383,"down",TRUE
"APC2","down",-1.24742324137241,0.0304821820833339,0.767911333026026,"up",FALSE
"APCDD1","up",2.57120463532974,0.117261516666667,0.608458799391643,"up",TRUE
"APCDD1L","down",-1.76992505447015,-0.293501032833334,0.208679487492679,"down",TRUE
"APEX1","up",1.10602047621322,-0.137189094999998,0.125517908361443,"down",FALSE
"APEX2","up",1.31586685223704,-0.0370713055833323,0.752148862857738,"down",FALSE
"APH1A","down",-3.7509083352246,0.0306530878333352,0.79126485292725,"up",FALSE
"APH1B","up",3.24131789748398,0.130785934833334,0.222388726132748,"up",TRUE
"APIP","up",1.82976506535707,-0.0437852379166664,0.648001532610727,"down",FALSE
"APLP2","down",-1.47480394522796,0.105109374166668,0.355787035564952,"up",FALSE
"APOC4","down",-1.32589380175506,0.0683627000833336,0.447595805381655,"up",FALSE
"APOL3","up",1.93145511970938,-0.148835416666666,0.19162215049679,"down",FALSE
"APOLD1","down",-2.45541286863494,1.564247208,0.0140592735363518,"up",FALSE
"APP","down",-1.21295282376446,0.286791730000001,0.110777745052842,"up",FALSE
"APTX","up",1.84230142044973,-0.0702161701666656,0.338810107286055,"down",FALSE
"AQP1","up",2.43935890736661,0.0742715791666689,0.586493917102784,"up",TRUE
"AQP10","down",-3.22861066580429,0.131551282666666,0.0779884592687161,"up",FALSE
"AQP12A","up",1.3811648506532,0.0630208416666667,0.682262643153803,"up",TRUE
"AQP3","up",5.31762719846675,-0.161258011333333,0.565065697073819,"down",FALSE
"AQP5","down",-3.06787057223787,-0.148211339166667,0.167066556870352,"down",TRUE
"AQP7","up",1.23409764056949,-0.0211079011666664,0.946087422564445,"down",FALSE
"AQR","up",1.97937156923868,-0.132573447749999,0.0397328669778264,"down",FALSE
"ARAF","up",2.21335225921718,0.0648488989166681,0.521651406811578,"up",TRUE
"AREG","down",-2.16377565162745,1.67283713541667,0.0139673214458913,"up",FALSE
"ARF1","up",1.54737707559932,0.00877866500000251,0.919264932725243,"up",TRUE
"ARF4","up",1.24643952518988,-0.0460347091666659,0.595008355041063,"down",FALSE
"ARF6","up",1.6204071767153,0.190850101583334,0.0916234501061766,"up",TRUE
"ARFGEF2","down",-2.15497619951814,0.307834430833334,0.0373069144799655,"up",FALSE
"ARFIP1","down",-2.44838423639889,-0.104862235833333,0.28163035568312,"down",TRUE
"ARFIP2","down",-1.00004176541688,0.0216128881666685,0.872850684314039,"up",FALSE
"ARHGAP12","up",2.0954465810216,-0.0255451866666648,0.917849448906486,"down",FALSE
"ARHGAP24","up",2.0412969245584,0.231467341416669,0.0454268627117626,"up",TRUE
"ARHGAP25","up",1.02922429813733,-0.255925973249999,0.0540211712050516,"down",FALSE
"ARHGAP26","down",-1.22957161927174,0.0727600593333338,0.693039058285762,"up",FALSE
"ARHGAP27","up",2.05992794987074,0.0258719807500008,0.83751664073505,"up",TRUE
"ARHGAP30","down",-2.44293856082829,-0.109323866916665,0.361564007645213,"down",TRUE
"ARHGAP5","down",-2.40210895571097,0.232648824,0.0468022702777675,"up",FALSE
"ARHGAP6","down",-3.20575053033243,-0.0911011157499984,0.601081830897694,"down",TRUE
"ARHGEF1","up",2.66177932887123,-0.0315339229999989,0.717449875774824,"down",FALSE
"ARHGEF10","up",1.76760213149231,-0.023549155833332,0.779306299084209,"down",FALSE
"ARHGEF10L","down",-2.19613887906339,0.242966160833335,0.158232302264345,"up",FALSE
"ARHGEF11","down",-2.104044736169,-0.020593742916665,0.809876087908423,"down",TRUE
"ARHGEF3","up",2.06878549950229,0.141061956166667,0.263300017836745,"up",TRUE
"ARHGEF4","down",-1.73492023561817,-0.169485681083333,0.429123844313216,"down",TRUE
"ARHGEF5","up",1.30195321958905,-0.0130949046666658,0.928500195337314,"down",FALSE
"ARHGEF7","up",1.63703968581642,0.0228703433333339,0.847368814402641,"up",TRUE
"ARID1A","up",2.33549100216491,-0.000851240666666733,0.996887909862962,"down",FALSE
"ARID2","down",-1.34031011004142,-0.0866746654166655,0.40458479499788,"down",TRUE
"ARID4B","down",-2.80428880401681,-0.146886957166667,0.174941871462244,"down",TRUE
"ARL13B","down",-2.1988397932788,0.251639989333334,0.113713952098053,"up",FALSE
"ARL2BP","up",1.26595734861639,0.0025877700000027,0.983970915650238,"up",TRUE
"ARL5B","up",1.32921173437087,0.549078764083334,0.0476790161413727,"up",TRUE
"ARL6","up",2.76926145958931,0.067066103916667,0.370581992783398,"up",TRUE
"ARMC1","up",1.2176596758195,0.0764256351666664,0.496108096478907,"up",TRUE
"ARMC5","up",1.85087005625755,0.275248785833335,0.0262199486928607,"up",TRUE
"ARMC7","up",1.09176353131284,-0.2455427695,0.0181759606018022,"down",FALSE
"ARMCX1","up",1.3628265276941,-0.137944544999999,0.151999909948781,"down",FALSE
"ARPC3","up",4.10537029917523,0.0148513291666671,0.891856437236286,"up",TRUE
"ARPC5","up",1.52322118888213,0.236258132500003,0.13706830960434,"up",TRUE
"ARRDC3","down",-2.16375134281323,0.135807698,0.374303952458186,"up",FALSE
"ARSA","up",2.29346863239531,0.110926335272728,0.345759321544257,"up",TRUE
"ARSI","up",1.99903104923637,0.295241761583335,0.217371991933552,"up",TRUE
"ARSJ","up",2.0265996966891,0.0819195683333353,0.685298959742605,"up",TRUE
"ART1","up",1.72161432073402,0.063601002333334,0.520237338627318,"up",TRUE
"ART3","up",1.36558017391833,0.118590885833333,0.695695128805357,"up",TRUE
"ART4","up",2.84431616814708,-0.0682971840833336,0.785906915957664,"down",FALSE
"ART5","up",1.82489511420639,-0.248555276,0.106659629321907,"down",FALSE
"ASAH1","up",1.17091332571873,-0.0928684993333325,0.429071029556384,"down",FALSE
"ASB1","up",1.957835016117,-0.0529370864999984,0.699127644662645,"down",FALSE
"ASB11","down",-3.56656043802218,0.0225795746666671,0.883962251298372,"up",FALSE
"ASB12","down",-5.91678700068078,-0.0365281018333331,0.719465576462174,"down",TRUE
"ASB13","up",1.58399398305675,-0.194120669999999,0.0296424780748885,"down",FALSE
"ASB14","up",1.00709056126182,-0.177900049,0.0227853616182633,"down",FALSE
"ASB2","up",3.05151639881431,-0.207754549166665,0.671923135016704,"down",FALSE
"ASB3","up",1.69419974873025,-0.152229079499999,0.082489426167423,"down",FALSE
"ASB6","up",2.79887474163731,-0.0476666521666653,0.426937808342283,"down",FALSE
"ASB7","down",-1.95185117078235,-0.268065426,0.0180921659798657,"down",TRUE
"ASB8","up",1.38604470782115,-0.0461885150833334,0.554398880447446,"down",FALSE
"ASB9","up",1.23791217457677,0.246283209750001,0.171199247228561,"up",TRUE
"ASCC1","up",2.42038818661256,-0.0313645964166662,0.765890861933064,"down",FALSE
"ASCL2","up",2.89319024213972,-0.189169231916666,0.190297482457236,"down",FALSE
"ASF1A","up",1.49974982749591,-0.0983268333333322,0.363476832477681,"down",FALSE
"ASH1L","down",-2.77407767478795,0.0661657419166675,0.574049433743965,"up",FALSE
"ASMT","up",2.16187007977806,-0.0895864030833335,0.523662486243501,"down",FALSE
"ASMTL","up",1.09881150898978,-0.00613117083333189,0.952189888754105,"down",FALSE
"ASNS","up",3.37386836385775,0.0137325558333346,0.902810947101093,"up",TRUE
"ASNSD1","up",1.56514031508106,-0.0684565149999985,0.448463197719921,"down",FALSE
"ASPH","down",-1.21285928052282,0.169669446166667,0.110960700656399,"up",FALSE
"ASPSCR1","up",1.53993990120746,0.0667061979166673,0.50451911973246,"up",TRUE
"ASXL1","down",-2.25468132162907,0.0303364978333346,0.777935269310937,"up",FALSE
"ASZ1","down",-1.76195322695306,-0.00638716783333298,0.969349764841451,"down",TRUE
"ATAD1","up",2.19747259025926,0.00846791166666626,0.949640785877226,"up",TRUE
"ATAD2","down",-2.54477456394595,0.0553442473333328,0.62400853960018,"up",FALSE
"ATAD3A","down",-2.15838576254737,0.00294592241666811,0.980383610991926,"up",FALSE
"ATF2","up",1.84494968430189,-0.0832703817500004,0.48772690767343,"down",FALSE
"ATF3","up",1.13866855408235,2.33487925458333,0.0207883625301472,"up",TRUE
"ATF4","up",2.85811813418479,0.190613248333336,0.200948602088903,"up",TRUE
"ATF5","up",2.2905804612904,0.246524977250001,0.0909641531123677,"up",TRUE
"ATG10","down",-1.30235444151322,0.055105876416667,0.520237338627318,"up",FALSE
"ATG16L1","up",1.27053689586928,-0.0798323584166665,0.356757964465428,"down",FALSE
"ATG4A","up",2.00896967859252,-0.00735646941666638,0.927999534414426,"down",FALSE
"ATG4D","up",2.04623274192214,-0.0343642030833329,0.713815107787775,"down",FALSE
"ATG7","up",1.8259219953802,-0.0758631626666652,0.262456244468792,"down",FALSE
"ATG9A","down",-2.17070256479111,0.0341960333333341,0.705495096006556,"up",FALSE
"ATIC","up",2.16660198491062,-0.101693330999998,0.338929024798491,"down",FALSE
"ATN1","up",1.51426853003655,0.0623295995833346,0.513483121767428,"up",TRUE
"ATOH7","up",2.70015143887186,-0.0118016872499997,0.913275326567832,"down",FALSE
"ATOX1","up",1.90998998163281,0.0759671083333339,0.515196393567648,"up",TRUE
"ATP11C","down",-1.98582030153749,0.0985167354166674,0.306980710495251,"up",FALSE
"ATP13A2","up",2.68368706833782,-0.0977588151666661,0.311272693780093,"down",FALSE
"ATP1A2","up",1.07346503300361,0.492515355,0.0416043046637913,"up",TRUE
"ATP1B1","down",-2.89482913024527,-0.526441505833332,0.158740542769547,"down",TRUE
"ATP1B3","up",3.14085623535877,0.30372221,0.0284715059150151,"up",TRUE
"ATP1B4","up",2.26999114298499,0.101665492833333,0.145706669123223,"up",TRUE
"ATP2A1","up",3.71450659711187,-0.0875349045833325,0.56315974166022,"down",FALSE
"ATP2A2","up",3.47161223186047,0.134736857833333,0.533675858588773,"up",TRUE
"ATP2A3","up",1.15831188320378,0.434550822250001,0.0181759606018022,"up",TRUE
"ATP2B2","down",-2.60181399508463,-0.0551503106666664,0.658316299725744,"down",TRUE
"ATP5A1","up",1.58843535675305,0.0105424783333355,0.937713421930943,"up",TRUE
"ATP5B","up",2.09147903836214,0.107473796666667,0.38895604245467,"up",TRUE
"ATP5C1","up",1.31194166994838,0.0886492816666683,0.249370344568037,"up",TRUE
"ATP5E","up",4.26436400287485,0.0950539100000032,0.436345412222588,"up",TRUE
"ATP5G2","up",2.30615582756434,-0.0358807516666659,0.625901960751539,"down",FALSE
"ATP5G3","up",1.68966866681658,0.0163773866666687,0.909163946690367,"up",TRUE
"ATP5H","up",1.98084018361398,0.0854289725000001,0.48772690767343,"up",TRUE
"ATP5J","up",2.23893784561621,0.0587026191666682,0.603218122170722,"up",TRUE
"ATP5O","up",1.34549084866742,0.0481352441666659,0.591977818787537,"up",TRUE
"ATP6AP2","up",1.09612466229719,0.0734659066666682,0.472756297298089,"up",TRUE
"ATP6V0A1","down",-2.52854539013243,-0.0811454166666661,0.382642178886324,"down",TRUE
"ATP6V0A4","down",-3.18560850177636,-0.0599741574999994,0.76922281199044,"down",TRUE
"ATP6V0B","up",1.93992465816213,0.0611443158333339,0.604936196814141,"up",TRUE
"ATP6V0C","up",3.1416895723712,-0.000958179166664824,0.993673728299248,"down",FALSE
"ATP6V0D1","up",1.63343400041587,-0.0348096524999987,0.847286428637598,"down",FALSE
"ATP6V1B1","up",2.76758766157122,-0.0303197849166659,0.72930181631533,"down",FALSE
"ATP6V1E1","up",2.15442698747884,0.0719995958333349,0.42572582397142,"up",TRUE
"ATP6V1G2","down",-1.22912046304056,0.064125170916668,0.502298626307797,"up",FALSE
"ATP6V1G3","down",-2.24576567890784,-0.0376322601666661,0.753727506478986,"down",TRUE
"ATP6V1H","up",3.56659836822873,0.0130873958333343,0.926783020094537,"up",TRUE
"ATP7B","down",-2.54185953846065,0.0612463360833346,0.383849910402362,"up",FALSE
"ATP8B1","down",-1.87496771896098,0.297555876166668,0.0235559355794602,"up",FALSE
"ATP8B2","up",5.34738503332799,-0.0294132758333334,0.856385714432284,"down",FALSE
"ATP8B4","down",-2.19447198216566,-0.426872314666665,0.1514521324627,"down",TRUE
"ATPAF1","down",-3.73204846872961,0.0591829620833335,0.506456477639815,"up",FALSE
"ATPIF1","down",-2.04353681639792,0.00397155083333459,0.972377117169383,"up",FALSE
"ATR","down",-1.580501240999,-0.132668324999999,0.0591916909974868,"down",TRUE
"ATRN","down",-5.25908573446349,-0.0211539015833323,0.886195761353027,"down",TRUE
"ATRNL1","down",-1.86857701835433,0.0737446209166676,0.730804294462459,"up",FALSE
"ATRX","down",-2.19332984840059,0.0906912916666678,0.330309806726743,"up",FALSE
"ATXN10","up",1.71559918008608,-0.0922869401666673,0.251295589371937,"down",FALSE
"ATXN2L","up",2.59365267790052,-0.000778745833333065,0.994664460762157,"down",FALSE
"ATXN7L1","up",2.41906463881365,-0.0623960162500001,0.564784608479141,"down",FALSE
"AUP1","up",1.70973431754476,0.0816997400000009,0.234405740840432,"up",TRUE
"AURKA","up",1.97167299754845,-0.143746749499999,0.11956660850978,"down",FALSE
"AURKB","up",1.70580649269629,0.0336397276666674,0.76504945314946,"up",TRUE
"AURKC","up",1.40769031044426,0.020682283333334,0.868377535426202,"up",TRUE
"AUTS2","up",1.46813852825388,0.00925054483333467,0.965223290906737,"up",TRUE
"AVPR2","up",1.49876718334787,-0.0431182407499997,0.781182256218287,"down",FALSE
"AXIN1","up",1.59294492953939,0.0542494977500007,0.455509274105742,"up",TRUE
"AXL","up",2.46267586816006,0.108920468333334,0.309569972020454,"up",TRUE
"AZGP1","up",1.72982051154795,-0.0662297600000002,0.533705940126946,"down",FALSE
"AZI2","up",1.73363074752028,0.0276370983333348,0.827358171983304,"up",TRUE
"B2M","up",3.59808183180823,-0.094106141666665,0.509632044265994,"down",FALSE
"B3GALNT1","up",1.34189980898815,-0.148754426999999,0.0284715059150151,"down",FALSE
"B3GALNT2","down",-1.53060540942672,0.386531367416667,0.0189391547795325,"up",FALSE
"B3GALT6","up",1.64188432915136,-0.0718522916666651,0.37899102279228,"down",FALSE
"B3GNT1","up",2.08025992946646,-0.127102576916665,0.257016909352714,"down",FALSE
"B3GNT5","up",2.10510145449743,0.427955805916667,0.061829063124776,"up",TRUE
"B3GNT6","up",2.2412253363742,0.0548601939166676,0.463113066878596,"up",TRUE
"B4GALNT1","down",-1.69928398954523,0.163760947916667,0.164963507310669,"up",FALSE
"B4GALNT2","up",2.16093473764851,-0.0465105148333326,0.591565398840229,"down",FALSE
"B4GALT3","up",2.28839488752755,0.0296715525000017,0.81419444026518,"up",TRUE
"B4GALT5","down",-3.59868853669942,0.145878570833335,0.139225361595637,"up",FALSE
"BACE1","up",1.82904069343474,-0.141401992499998,0.40597903970976,"down",FALSE
"BACE2","up",1.58738553899238,0.120828414166668,0.293568466047303,"up",TRUE
"BAG2","up",1.93262169464087,0.116663863333335,0.767499562915636,"up",TRUE
"BAG3","up",1.70184435227213,0.587736773333335,0.0113354318529507,"up",TRUE
"BAG4","down",-2.99408494160451,0.0341721904166669,0.699157154096102,"up",FALSE
"BAHD1","down",-1.18190279387818,-0.0154335649999996,0.887837583141059,"down",TRUE
"BAI2","up",1.3431779961758,-0.103316300333331,0.631805241847216,"down",FALSE
"BANF1","up",3.56422113431019,-0.0356846691666663,0.836838585050604,"down",FALSE
"BANP","up",1.95433677550703,-0.130090806666666,0.157890140310976,"down",FALSE
"BARD1","down",-2.89144850708886,0.148238204083334,0.178708669483484,"up",FALSE
"BARHL1","down",-2.11336405332082,0.0603904448333336,0.409327414094012,"up",FALSE
"BASP1","down",-2.54982262293611,0.106128380833335,0.727903274972417,"up",FALSE
"BATF2","down",-1.27803079382107,-0.110238722416667,0.348054427547157,"down",TRUE
"BAX","up",2.95106649535663,0.108483910083334,0.109730370611235,"up",TRUE
"BAZ1A","down",-2.9185570577455,0.0439366008333341,0.791532164296139,"up",FALSE
"BBS1","up",1.76451941076838,-0.139769361,0.219948351061324,"down",FALSE
"BBS10","up",2.33220013018415,-0.325740464249999,0.0283134178111636,"down",FALSE
"BBS2","up",1.50910095908914,-0.0920711416666652,0.363319009324013,"down",FALSE
"BBS7","up",1.21966808282437,-0.0669735693333324,0.404750291167398,"down",FALSE
"BBX","down",-3.04788486966047,0.0699359125000009,0.438979298706576,"up",FALSE
"BCAM","up",2.04533252766932,0.0944210266666672,0.36296709136655,"up",TRUE
"BCAN","up",1.68637206277687,0.0522369510833337,0.629729786239711,"up",TRUE
"BCAP29","up",1.1360262348546,0.107297000166668,0.416586368737318,"up",TRUE
"BCAP31","up",3.18042559778514,0.0296312891666674,0.787662842631439,"up",TRUE
"BCAR1","down",-1.79374496896272,0.128494028333333,0.189856796809156,"up",FALSE
"BCAS2","up",2.30450966920471,0.154651795833336,0.115221183806447,"up",TRUE
"BCAS3","down",-2.21961790516112,0.113268576416667,0.20348337415437,"up",FALSE
"BCAT2","up",2.09297594892779,0.0241208661666672,0.882200123335333,"up",TRUE
"BCL2A1","down",-1.04883169765446,-0.0907441022499984,0.658910050635309,"down",TRUE
"BCL2L11","down",-2.03135348174051,-0.0223024495833329,0.839604432093365,"down",TRUE
"BCL2L12","up",1.496776369381,0.0537555158333333,0.505727221919774,"up",TRUE
"BCL6B","down",-2.07158911678682,0.305897794083334,0.08769504003555,"up",FALSE
"BCL7B","down",-1.21426490165074,0.218331775333334,0.015248233863394,"up",FALSE
"BCLAF1","down",-1.79761027522838,0.0793672216666681,0.372558679112108,"up",FALSE
"BCR","up",1.98589988494402,0.237063178416667,0.0201151360376488,"up",TRUE
"BCS1L","up",1.24576829485979,-0.069620453333332,0.327363055702334,"down",FALSE
"BDKRB1","up",2.15599501382228,0.85686400975,0.0643161874643442,"up",TRUE
"BDNF","up",2.70104470196631,0.213324094916666,0.400600521769082,"up",TRUE
"BET1","up",2.41684149800123,-0.30096156475,0.00853743118443771,"down",FALSE
"BET1L","down",-1.28423190359302,-0.0501792044166669,0.588671290112365,"down",TRUE
"BET3L","down",-2.3411618668992,-0.0311886707499991,0.824229044955562,"down",TRUE
"BEX1","down",-2.2258402346123,-0.330405832833332,0.0665533239939545,"down",TRUE
"BEX2","down",-1.26399768423747,-0.117883195999998,0.309594377721473,"down",TRUE
"BICC1","down",-1.83920523961122,-0.0800581129166655,0.648715840964762,"down",TRUE
"BICD2","down",-1.76082851786502,-0.000346445749999697,0.99844292281877,"down",TRUE
"BIN1","up",2.54193467646809,0.0442295458333339,0.742686448030371,"up",TRUE
"BIRC2","up",2.51276163402507,-0.00917708083333269,0.955030221004808,"down",FALSE
"BIRC3","down",-1.69588631941931,0.285109732166668,0.2352924787695,"up",FALSE
"BIRC6","down",-1.62763050933952,-0.0678582390833332,0.306694728669187,"down",TRUE
"BIRC7","down",-2.49015546289436,0.272132110416667,0.0908337075451504,"up",FALSE
"BIVM","down",-1.06073002859843,-0.150844918916665,0.0809245558238981,"down",TRUE
"BLK","down",-2.03385189616742,-0.0897132276666662,0.326283933501792,"down",TRUE
"BLM","down",-1.51990834384076,-0.138769365666666,0.167713498134932,"down",TRUE
"BLVRA","up",2.27094569397142,0.0662647150000017,0.345471071375417,"up",TRUE
"BMP1","up",1.84343993793152,-0.00122649300000036,0.996356009133513,"down",FALSE
"BMP2","up",1.72006854768521,0.371872807833333,0.0983279922027258,"up",TRUE
"BMP2K","up",2.22008687434296,0.0312925844166668,0.789714389553647,"up",TRUE
"BMP3","up",4.79216766519335,-0.0655757626666658,0.602042881906448,"down",FALSE
"BMP4","up",2.13375167536145,-0.0370239944999987,0.826566134464538,"down",FALSE
"BMP5","down",-2.16006709418717,-0.0247308629999996,0.826537498933818,"down",TRUE
"BMP6","up",2.46921817164078,0.367946698750002,0.189519232333042,"up",TRUE
"BMP8A","up",1.64614684734606,0.091497808333336,0.340640525833462,"up",TRUE
"BMPR2","down",-1.63271165972004,0.138798863500001,0.110404451607266,"up",FALSE
"BNC2","down",-2.85553683121841,-0.245879244083332,0.0273231449570021,"down",TRUE
"BNIP1","up",1.46192542936584,-0.0720579051666664,0.337275528520293,"down",FALSE
"BNIP3","up",2.58459134372778,-0.0874426916666655,0.509632044265994,"down",FALSE
"BOLA3","up",1.31383447898991,0.057466090000001,0.694073733735241,"up",TRUE
"BOLL","up",3.99217092981361,-0.0223837796666664,0.779163657516314,"down",FALSE
"BOP1","down",-2.45747914480625,0.0353148245833349,0.851513275161734,"up",FALSE
"BPHL","down",-1.25438971730977,-0.0730277108333328,0.337752429678684,"down",TRUE
"BRAP","up",1.47396989243579,0.0762162065000012,0.352564531767233,"up",TRUE
"BRCA1","down",-2.00465390535367,-0.0366184225833324,0.599469503080653,"down",TRUE
"BRD3","down",-2.00582777412245,-0.0232327161666654,0.800322644914656,"down",TRUE
"BRD4","up",1.19720477005877,0.101488495333333,0.143694867920723,"up",TRUE
"BRD9","up",1.38920355929911,0.045851760583334,0.639659276643374,"up",TRUE
"BRE","up",1.2256459842863,0.0551150785833343,0.470783853556042,"up",TRUE
"BRF2","up",1.21438446709135,-0.430984840083332,0.0327258745975548,"down",FALSE
"BRI3BP","down",-1.45573621363767,0.026281222583334,0.841581211323649,"up",FALSE
"BRMS1L","down",-1.5019733211327,0.0978818816666678,0.381981239002336,"up",FALSE
"BRPF1","up",1.32617616898304,-0.0716884676666667,0.319539740913143,"down",FALSE
"BRPF3","up",2.62142021140199,-0.149520464416666,0.040115412584153,"down",FALSE
"BRSK2","down",-2.39999326405156,0.0958384118333335,0.146594388814737,"up",FALSE
"BRWD1","up",2.23472733325585,0.0372888613333338,0.748935310974882,"up",TRUE
"BSDC1","up",1.56091369036682,0.0217451899999998,0.873340075948928,"up",TRUE
"BSG","up",2.09226065848737,-0.00999904666666599,0.944751176096986,"down",FALSE
"BSND","up",1.29317669917612,-0.0143858904999994,0.942550764803637,"down",FALSE
"BST2","up",2.03556496915617,0.0128948841666666,0.953403030435955,"up",TRUE
"BTAF1","down",-3.2241355964025,-0.247495327916665,0.164104013415995,"down",TRUE
"BTBD7","down",-1.75128014828832,-0.0433688042499993,0.548433162859343,"down",TRUE
"BTC","down",-2.31940599389902,0.449856801166667,0.028547010016681,"up",FALSE
"BTD","up",2.7393132345219,-0.0310017838333334,0.766808652906401,"down",FALSE
"BTG2","down",-2.45661469693989,0.929352206666667,0.128941234625826,"up",FALSE
"BTG3","up",1.0690049819817,0.0242620850000011,0.89160253641973,"up",TRUE
"BTN2A1","up",1.44479421132742,-0.118315170999999,0.292933026614331,"down",FALSE
"BTN2A2","down",-1.12682197311743,-0.0596820163333317,0.421620743443966,"down",TRUE
"BTN3A1","up",2.30114040035001,-0.261353953499999,0.0123702742557992,"down",FALSE
"BTN3A2","down",-1.85047264989164,-0.228306861583333,0.0166299606243013,"down",TRUE
"BTNL8","up",1.5072064841685,0.073387350750001,0.62060243149411,"up",TRUE
"BTNL9","down",-2.04204517941536,0.199644627833333,0.148942697232734,"up",FALSE
"BUB1","up",1.07440863691053,-0.0388385378333333,0.822466515923709,"down",FALSE
"BUD13","up",2.29820297373099,-0.0651812449999974,0.523815064482745,"down",FALSE
"BZW1","up",1.41311770861587,0.122564936166668,0.159902315895688,"up",TRUE
"C10orf10","up",1.04306902952535,0.325170463500001,0.234025827109146,"up",TRUE
"C10orf11","down",-2.46882974007241,0.0628184067500003,0.629428065830738,"up",FALSE
"C10orf118","down",-1.84089131591294,0.0871898197500015,0.297765449516952,"up",FALSE
"C10orf122","down",-1.68177932697638,-0.0760393409166658,0.573453857465507,"down",TRUE
"C10orf128","up",1.58815842302329,0.041649832,0.856022989881765,"up",TRUE
"C10orf137","down",-2.9854706653047,-0.329914030249999,0.0129303594910553,"down",TRUE
"C10orf54","down",-1.48999884360198,0.0217432050000005,0.841749565922276,"up",FALSE
"C10orf57","up",3.85031229632894,-0.263671786166666,0.0153461927781699,"down",FALSE
"C11orf10","up",1.01547202084973,-0.0417242724999986,0.650493189243936,"down",FALSE
"C11orf31","up",2.09414399796203,-0.0919560358333337,0.147084292959668,"down",FALSE
"C11orf48","down",-2.56929137083803,-0.0279077133333324,0.796497147764336,"down",TRUE
"C11orf49","up",1.36506359334404,-0.0779002384999979,0.482323861601307,"down",FALSE
"C11orf54","up",1.29864957726321,-0.132435341,0.0536936570863247,"down",FALSE
"C11orf58","up",1.00150899091844,0.0805376666666685,0.184422504256942,"up",TRUE
"C11orf68","up",2.10928232074987,-0.0868691716666652,0.19162215049679,"down",FALSE
"C11orf75","down",-2.79671899098552,-0.0736031035833328,0.517258796445755,"down",TRUE
"C12orf49","up",2.08997881091661,0.156880112583333,0.0385668126279726,"up",TRUE
"C12orf5","up",2.29900150127669,0.178268663166667,0.216228918210353,"up",TRUE
"C12orf50","down",-1.08262977158142,0.0376512600833336,0.711758999998703,"up",FALSE
"C12orf51","down",-3.47138323213826,0.0765608493333345,0.389019836967445,"up",FALSE
"C12orf52","down",-1.86198632123039,-0.150347656833332,0.183515395388672,"down",TRUE
"C12orf60","up",1.2298401416163,-0.123589440916665,0.146033965264557,"down",FALSE
"C12orf61","up",2.19765456889846,0.0024280726666672,0.991553726144547,"up",TRUE
"C14orf1","up",3.20131853511986,-0.129255503833332,0.160067278534224,"down",FALSE
"C14orf101","down",-1.34934721548279,-0.218102410499999,0.0488933353001435,"down",TRUE
"C14orf118","down",-3.64573333389404,-0.119232245749999,0.29548459844832,"down",TRUE
"C14orf119","up",1.33194140480286,-0.0616421541666653,0.316977897048588,"down",FALSE
"C14orf129","up",2.18439367404958,0.0562060390833337,0.481261974083322,"up",TRUE
"C14orf159","up",1.81958864916396,-0.0800266824999993,0.643789176043189,"down",FALSE
"C14orf2","up",5.00110443358892,0.0513702841666669,0.652684213202783,"up",TRUE
"C14orf80","down",-7.07280193335417,0.872539271916667,0.00853743118443771,"up",FALSE
"C15orf39","up",2.52276396267982,-0.0819763080833321,0.329518173619402,"down",FALSE
"C15orf41","up",1.2918755110576,-0.106719892166667,0.474780297404568,"down",FALSE
"C15orf44","up",2.84816807617436,-0.0980128027500004,0.202012408860603,"down",FALSE
"C16orf46","up",1.5512189087505,-0.0306342401666663,0.798160571155637,"down",FALSE
"C16orf5","up",2.2843116916338,-0.0675307794166663,0.444890332080806,"down",FALSE
"C16orf52","down",-2.58676719287273,-0.0428735194166654,0.689168739610402,"down",TRUE
"C16orf58","up",1.08291237108992,-0.132112128666666,0.135684789887852,"down",FALSE
"C16orf59","up",1.67428098145095,-0.0681332529999991,0.597205210538564,"down",FALSE
"C16orf73","up",2.05817935510725,0.0513774099999998,0.728709508678328,"up",TRUE
"C17orf58","up",2.09280049933157,-0.109872237916666,0.717636609724444,"down",FALSE
"C17orf61","up",1.96989600536181,-0.068980689999998,0.453726601229357,"down",FALSE
"C17orf62","up",1.21637384223367,-0.00277871633333305,0.983352244314576,"down",FALSE
"C17orf72","up",2.81284500548668,0.226039615833334,0.083613732501778,"up",TRUE
"C17orf79","up",1.45372484885284,-0.0267374366666642,0.820942301709421,"down",FALSE
"C18orf1","down",-1.75655002468783,0.0180608811666678,0.941493321084463,"up",FALSE
"C18orf21","up",1.29072258507342,-0.0951450929166645,0.250388180904256,"down",FALSE
"C18orf34","down",-2.55147359131122,-0.119498196083333,0.674804341029704,"down",TRUE
"C18orf56","down",-2.00079885150425,-0.0570559590833327,0.698852318447579,"down",TRUE
"C18orf8","up",2.27015101143405,0.11391242475,0.154474535606551,"up",TRUE
"C19orf12","down",-1.0905547006928,-0.0140358991666658,0.903053549933194,"down",TRUE
"C19orf18","down",-2.32459156207285,-0.0482869718333333,0.647742638202452,"down",TRUE
"C19orf21","down",-2.51061666888805,0.0243107649166666,0.878552855909954,"up",FALSE
"C19orf24","up",1.9246068876934,0.0845732957499995,0.455547862213324,"up",TRUE
"C19orf26","down",-2.29772046428146,0.00590685483333287,0.962712999110353,"up",FALSE
"C19orf42","up",2.82578257521536,-0.070261696666666,0.321019717194092,"down",FALSE
"C1GALT1","up",1.69183290139099,0.154987084333334,0.0489699153539606,"up",TRUE
"C1QL1","up",1.74685091384843,-0.0463488462499991,0.884070014806244,"down",FALSE
"C1QTNF1","up",1.3548122533937,0.430542531500002,0.0263220096742567,"up",TRUE
"C1QTNF7","up",1.96388268174575,0.370031047416668,0.205871923500331,"up",TRUE
"C1orf122","down",-1.37689612138361,0.0642989291666671,0.616183045620602,"up",FALSE
"C1orf158","down",-1.47502442341855,0.135031592333334,0.0500636009964856,"up",FALSE
"C1orf198","up",1.45281643422763,0.0232605200000025,0.918858244495191,"up",TRUE
"C1orf27","down",-2.17844487739119,-0.00661415724999964,0.950039425805302,"down",TRUE
"C1orf43","up",1.04487151121787,0.0135792266666666,0.868110485747057,"up",TRUE
"C1orf61","up",1.28302921752543,0.000605713916667002,0.996818865798585,"up",TRUE
"C1orf63","down",-1.14391397505594,-0.311667234833332,0.0239971063280258,"down",TRUE
"C1orf74","up",2.16482244158897,-0.0773769434166665,0.508163376576361,"down",FALSE
"C1orf87","up",1.04295098256423,0.00357490958333373,0.981186937726671,"up",TRUE
"C1orf88","up",2.19363598177083,0.0394725434166676,0.892175001078199,"up",TRUE
"C1orf94","down",-2.36488099596697,-0.0642121218333323,0.491979191197385,"down",TRUE
"C1orf95","down",-2.66195500052199,0.0264725433333338,0.829445006927398,"up",FALSE
"C20orf151","down",-1.98716767378304,-0.00399483208333334,0.979380102930617,"down",TRUE
"C20orf152","up",1.11471882638839,-0.029524871166666,0.820936141695848,"down",FALSE
"C20orf194","up",1.51709454485998,0.00362776291666701,0.975786073319786,"up",TRUE
"C20orf26","up",1.43053235683884,0.101065306583334,0.408033415280342,"up",TRUE
"C20orf27","up",2.60528260767938,-0.231093932583332,0.0256888411734646,"down",FALSE
"C20orf43","up",1.75881368058375,0.0403364791666681,0.652148931141648,"up",TRUE
"C20orf85","up",3.73375553845027,-0.0165346589999995,0.850255917689249,"down",FALSE
"C20orf94","down",-2.84078136717972,0.398273462500001,0.0366914817764823,"up",FALSE
"C21orf56","down",-2.82536584184734,0.127814295333335,0.207575790492952,"up",FALSE
"C21orf58","up",1.67508464491139,0.0997510456666679,0.11645447088345,"up",TRUE
"C21orf91","up",1.64023456902915,0.106438832833334,0.254648414788069,"up",TRUE
"C22orf29","up",2.2965981018224,-0.239097157416665,0.0361411256421999,"down",FALSE
"C2orf18","up",1.24451458875661,0.0371781574166674,0.714490401025804,"up",TRUE
"C3orf20","up",2.2287575958763,-0.05472388125,0.628276660473657,"down",FALSE
"C3orf23","up",1.57616012479327,-0.0162614960833331,0.950940272283835,"down",FALSE
"C3orf26","down",-1.8984963209178,-0.0070957858333322,0.970431093252775,"down",TRUE
"C3orf32","up",1.85511249527438,0.455586858750001,0.124144861343248,"up",TRUE
"C3orf33","up",1.607413268549,0.0513128300833335,0.623201698078069,"up",TRUE
"C3orf35","up",1.58278411865847,0.0290985363333334,0.702563920218306,"up",TRUE
"C3orf38","up",1.76469154177329,0.00938301774999984,0.934680306859445,"up",TRUE
"C3orf62","up",1.22083487169599,-0.0539796685833323,0.421937695976797,"down",FALSE
"C4B","down",-2.10644015186121,0.199901874000001,0.527702183225555,"up",FALSE
"C4orf26","down",-3.61800610213885,-0.0250982884166663,0.851214228266458,"down",TRUE
"C5orf15","up",2.71637614244585,-0.0782556741666654,0.47903930764019,"down",FALSE
"C5orf24","down",-1.10149484021035,0.177142030000001,0.144696980862296,"up",FALSE
"C5orf25","up",1.80217493234687,-0.258309601083332,0.142558696064137,"down",FALSE
"C5orf4","down",-1.72677529517112,-0.0226075324999982,0.898742388179722,"down",TRUE
"C6orf108","up",1.93817334575156,-0.148176288416666,0.385108837901846,"down",FALSE
"C6orf118","down",-2.30955707156427,0.010618636833334,0.915329838450442,"up",FALSE
"C6orf120","down",-1.99619134767468,-0.0349215301666665,0.845828469127081,"down",TRUE
"C6orf162","up",1.23730268804461,-0.076455328249998,0.317206959106385,"down",FALSE
"C6orf211","up",2.63081937145143,-0.270059933249999,0.0449415443835523,"down",FALSE
"C6orf25","down",-1.37028471403933,0.0424589379166671,0.686447624775635,"up",FALSE
"C6orf62","up",1.65655833303207,-0.0698216758333332,0.379998683823135,"down",FALSE
"C7orf10","up",1.76338017054544,0.249956442500001,0.0557600057611781,"up",TRUE
"C7orf25","up",2.83634685934576,-0.147521240999999,0.111793543356359,"down",FALSE
"C7orf26","up",2.21434753529842,-0.079780702499999,0.270422063515482,"down",FALSE
"C7orf31","up",1.68006172192989,-0.104909627916666,0.311428934220571,"down",FALSE
"C8orf31","down",-2.01267385947787,-0.103065089833333,0.282685655053515,"down",TRUE
"C8orf46","down",-1.64334268362848,-0.411236590000001,0.0393978762709129,"down",TRUE
"C8orf48","up",2.1327901878373,-0.1049996765,0.447900126314061,"down",FALSE
"C8orf58","up",2.73982812512219,-0.141303810999998,0.173520264319876,"down",FALSE
"C8orf59","up",2.7604340024176,-0.393303346333333,0.0373705080674381,"down",FALSE
"C8orf73","down",-1.20890775217987,-0.00741750841666638,0.947420670083355,"down",TRUE
"C9","down",-2.53182583572444,0.033430630166667,0.763969544007307,"up",FALSE
"C9orf11","down",-1.37760304971046,-0.0502199852499997,0.761842564815925,"down",TRUE
"C9orf123","up",3.31454173574908,-0.0314067650000003,0.742686448030371,"down",FALSE
"C9orf153","down",-2.41816541247442,-0.0759256489166664,0.337490332374531,"down",TRUE
"C9orf24","up",1.28386293758946,-0.421932202416666,0.248442535025625,"down",FALSE
"C9orf3","up",1.58376148631641,0.283267618333335,0.0370403838697157,"up",TRUE
"C9orf50","down",-2.2084172477949,0.0970769971666668,0.446315631481537,"up",FALSE
"C9orf64","up",1.69947345481161,-0.096131911499999,0.495889846269331,"down",FALSE
"C9orf66","up",3.22306649705887,-0.0520466304166662,0.715077835518121,"down",FALSE
"C9orf72","up",1.69477988022961,0.0549564071666671,0.675593555717706,"up",TRUE
"C9orf86","down",-1.67542000494236,0.12880764225,0.0955734252867191,"up",FALSE
"CA11","up",2.20703953563009,0.126780332666667,0.345857891008763,"up",TRUE
"CA13","down",-3.95276186578628,0.32688166625,0.0762516688403094,"up",FALSE
"CA2","up",1.38564920588731,0.0876111200833341,0.401773371264854,"up",TRUE
"CA5B","up",1.67216973034368,0.281876969500001,0.172081889648072,"up",TRUE
"CAB39L","up",2.15558274331635,0.462109242833334,0.0156274433682147,"up",TRUE
"CABIN1","down",-1.59590886627332,0.110788411500001,0.21028092119077,"up",FALSE
"CABLES1","down",-1.77641258649812,0.289233476083334,0.0231538896568796,"up",FALSE
"CABP2","down",-2.22060639334429,-0.0164815773333331,0.904622911366601,"down",TRUE
"CABP4","up",1.40171035320125,-0.0100088452500002,0.926549793208411,"down",FALSE
"CABYR","down",-3.02498850835377,-0.160841902749999,0.265504918895326,"down",TRUE
"CACNA1A","up",4.37764533002823,0.0564152581666666,0.679071196209742,"up",TRUE
"CACNA1B","up",2.19661525836911,0.0583058527500013,0.293021175506485,"up",TRUE
"CACNA1C","up",1.9091783185893,-0.0592049908333314,0.799424320024035,"down",FALSE
"CACNA1G","down",-1.77427108594827,-0.685755082416666,0.0466050868581869,"down",TRUE
"CACNA1H","up",1.77724918072448,0.0343453448333336,0.929489650427168,"up",TRUE
"CACNA1I","up",1.59882233572049,0.124965324166669,0.286397402649924,"up",TRUE
"CACNA1S","up",2.50903222694084,0.111893350666668,0.315482315360814,"up",TRUE
"CACNB2","down",-4.89645043545465,-0.259972693166665,0.164084578051867,"down",TRUE
"CACNB4","down",-3.61005643360914,-0.185634395999999,0.158379658856328,"down",TRUE
"CACNG1","down",-2.23825452306551,0.0319175749166669,0.802378645273396,"up",FALSE
"CACYBP","up",1.78732438371948,-0.0671977791666656,0.268316089923901,"down",FALSE
"CADPS","down",-3.37286082646011,-0.19631884525,0.399615598670483,"down",TRUE
"CADPS2","up",1.43825116720511,-0.164461686000001,0.436897739231396,"down",FALSE
"CALCA","down",-1.60375797804217,0.0207472190833338,0.869729656519769,"up",FALSE
"CALCOCO2","up",1.78116878249853,0.0200705133333348,0.8273562907783,"up",TRUE
"CALD1","down",-1.59092450902116,0.0899196508333354,0.750033155228456,"up",FALSE
"CALN1","up",1.00950139549754,0.20529917025,0.671858850944773,"up",TRUE
"CALU","down",-1.64231535376345,0.108159878333336,0.658736957196264,"up",FALSE
"CAMK1D","up",1.23641724420672,0.305128122166669,0.0135048263827796,"up",TRUE
"CAMK2B","down",-1.35280410986854,0.0062604674166675,0.970431093252775,"up",FALSE
"CAMK2G","up",3.81858389529347,-0.0149998459999992,0.969675798983117,"down",FALSE
"CAMKK2","up",2.15715983271866,0.0536042066666682,0.530465740197333,"up",TRUE
"CAMTA2","up",1.7724953526577,0.0994457760000015,0.352947371690744,"up",TRUE
"CAND1","up",2.31085134325323,-0.0570446758333321,0.623472931178339,"down",FALSE
"CAPN12","down",-4.8204228006782,-0.0721654589999991,0.416940536578249,"down",TRUE
"CAPN14","down",-2.56032067807014,-0.00678151333333283,0.952696774742381,"down",TRUE
"CAPN2","up",1.35372876982348,0.0142825225000009,0.933343017121861,"up",TRUE
"CAPN3","up",1.09656986053547,-0.101135244166665,0.361850936088715,"down",FALSE
"CAPZA1","down",-1.22467884657661,-0.0862302174999994,0.391919576173479,"down",TRUE
"CAPZA3","up",2.76675723056235,-0.00300595216666663,0.980383610991926,"down",FALSE
"CARD8","up",1.95427732241962,-0.186452411249999,0.187830287791772,"down",FALSE
"CARD9","down",-1.87215076007474,0.0828114320833345,0.292276927145307,"up",FALSE
"CARHSP1","up",2.84238834205493,0.101833147250001,0.49111435139575,"up",TRUE
"CARS","up",2.11198204232897,0.170254295166667,0.0251691364171145,"up",TRUE
"CASC1","down",-1.66055797246758,-0.0488364449166664,0.785172118883662,"down",TRUE
"CASD1","up",2.64141167185574,-0.031172282083332,0.779125802800663,"down",FALSE
"CASKIN2","down",-1.44810740921012,0.353136059583335,0.0261098904680569,"up",FALSE
"CASP2","up",1.21084547935079,-0.126788593583332,0.115513288783109,"down",FALSE
"CASP4","up",2.32125901978103,0.199264799166668,0.136024949964269,"up",TRUE
"CASP5","down",-2.53854879136136,0.166013255000001,0.170741994845485,"up",FALSE
"CASP6","up",1.84959989181963,-0.0569008753333329,0.625641343565302,"down",FALSE
"CASP8","up",2.57942040830319,0.00011921766666821,0.999461258611761,"up",TRUE
"CASP8AP2","down",-1.53963905864031,-0.22305428125,0.0993604977883866,"down",TRUE
"CASZ1","down",-1.38829519313023,0.140571737250001,0.23187749995584,"up",FALSE
"CAT","up",1.99902296469354,-0.011331760833332,0.946494857168498,"down",FALSE
"CBFA2T3","up",1.46623817288825,-0.090770700666666,0.610464012740649,"down",FALSE
"CBL","down",-2.15194497330463,0.0603909533333344,0.52955862632943,"up",FALSE
"CBLB","up",1.27092865555662,-0.0879986758333319,0.386276195156429,"down",FALSE
"CBLL1","up",2.86944453423588,-0.0405691729999987,0.765260555757965,"down",FALSE
"CBS","down",-3.61520616359798,-0.462036110833332,0.0697724609706249,"down",TRUE
"CBX1","down",-3.26823580722019,-0.0238608883333328,0.855398499367633,"down",TRUE
"CBX2","up",2.6262467956889,-0.019294031416666,0.86223941707731,"down",FALSE
"CBX3","down",-2.04119948340931,0.0619771500000018,0.603673926414452,"up",FALSE
"CC2D1B","up",1.71551352064634,0.0715876169999995,0.180988307394801,"up",TRUE
"CCBL1","down",-1.26947684163641,-0.1011932235,0.334900688652904,"down",TRUE
"CCDC102B","down",-2.66231692246065,0.230484170750001,0.144696980862296,"up",FALSE
"CCDC104","up",2.27243081976226,0.0384200916666676,0.720891298486057,"up",TRUE
"CCDC106","up",1.2962796035239,-0.00972084600000062,0.939137073189652,"down",FALSE
"CCDC111","up",1.21097723185593,-0.170384453416665,0.130572043604095,"down",FALSE
"CCDC113","down",-2.58419006740825,0.0356937994166677,0.725368815885073,"up",FALSE
"CCDC115","up",3.7045932340757,-0.117519966666667,0.328912815516158,"down",FALSE
"CCDC116","down",-1.35455072538758,-0.0581550011666659,0.564038491729784,"down",TRUE
"CCDC117","down",-1.17224017515906,-0.228952004999999,0.016612202139598,"down",TRUE
"CCDC120","up",1.40439956203532,0.0265547015000017,0.909975094721091,"up",TRUE
"CCDC19","up",1.50831277588654,0.454405445250001,0.0191701014366372,"up",TRUE
"CCDC27","up",2.06259286007116,0.0259626150833328,0.790248787986229,"up",TRUE
"CCDC43","down",-2.15416965972699,0.0134948105833338,0.871636470602755,"up",FALSE
"CCDC57","up",1.58971881547019,-0.0654017151666668,0.40511330334436,"down",FALSE
"CCDC68","down",-1.53242369237285,-0.251289883999999,0.140082521228977,"down",TRUE
"CCDC69","down",-2.6426236018198,0.149176896833334,0.333496865833877,"up",FALSE
"CCDC74B","up",1.15426089641725,-0.273040443666666,0.0523772015447283,"down",FALSE
"CCDC81","down",-1.33307595650614,0.283705222833335,0.135741275625122,"up",FALSE
"CCDC84","up",1.5742104268477,-0.0719748441666671,0.573453857465507,"down",FALSE
"CCDC89","up",3.16711807420343,-0.106874742166666,0.462754650729431,"down",FALSE
"CCDC96","up",1.85662466220192,0.0890582726666676,0.345857891008763,"up",TRUE
"CCL1","up",2.45798707271292,0.00892386975000052,0.94727955165596,"up",TRUE
"CCL13","up",2.74673070043378,-0.444418639749998,0.0928141104779762,"down",FALSE
"CCL15","up",3.37233752655451,-0.0593396349999999,0.840861158226271,"down",FALSE
"CCL18","up",1.94842905937976,0.257016287666668,0.452952296820576,"up",TRUE
"CCL19","down",-2.99469077306691,-0.631317465666667,0.264441139279278,"down",TRUE
"CCL20","down",-6.59567593399884,0.0567101410000009,0.565065697073819,"up",FALSE
"CCL21","up",3.12051304005861,-0.114341050166665,0.725661843308553,"down",FALSE
"CCL23","up",4.0786999661662,-0.0953124979166669,0.800844560869182,"down",FALSE
"CCL24","down",-2.12257260457183,0.131086430833336,0.162506973439331,"up",FALSE
"CCL25","up",2.15772546504884,-0.150925220833332,0.190586659782095,"down",FALSE
"CCL27","down",-1.34815920599147,0.00339047875000058,0.977334696245433,"up",FALSE
"CCL5","down",-2.08912488656963,-0.398640949749999,0.112288759259,"down",TRUE
"CCM2","down",-2.06685445130284,0.0311448400000005,0.70925172102158,"up",FALSE
"CCNA1","down",-1.75657910124806,-0.016630079083333,0.907232030739526,"down",TRUE
"CCNB1IP1","up",2.18520164263199,-0.0166786775000001,0.886195761353027,"down",FALSE
"CCNB3","down",-1.93393088822345,-0.0931330312499997,0.363319009324013,"down",TRUE
"CCNC","up",2.31519194470741,0.142242192833334,0.209120979807932,"up",TRUE
"CCND3","down",-7.79975003307959,0.0493204070833341,0.748062422910067,"up",FALSE
"CCNDBP1","up",1.23721511667731,0.0600216925000019,0.715332036506342,"up",TRUE
"CCNG1","up",2.79152279444321,-0.104531443833333,0.346839157318311,"down",FALSE
"CCNI","up",1.12466752548532,0.031892138333335,0.739650145981363,"up",TRUE
"CCNJ","up",1.254300636991,0.0123780247500006,0.909975094721091,"up",TRUE
"CCNL2","up",2.91718043149206,-0.119892601999999,0.302856546318864,"down",FALSE
"CCNT1","down",-2.42287144036426,0.205988046916667,0.014475279474458,"up",FALSE
"CCNT2","up",1.44508084155095,-0.0915661250833331,0.273050721971027,"down",FALSE
"CCR2","up",2.60850033096242,-0.545414572666666,0.0315920469815571,"down",FALSE
"CCR4","down",-3.14375246400731,0.0984013990833335,0.217317936773662,"up",FALSE
"CCR6","up",1.16913470109659,0.046359722750001,0.692686288140476,"up",TRUE
"CCR7","down",-1.80812153136791,0.0129920787500006,0.968541581437532,"up",FALSE
"CCRL2","up",1.04765424641248,0.151940714,0.204430011103467,"up",TRUE
"CCRN4L","down",-2.9209318325459,0.479893811,0.0390010808855984,"up",FALSE
"CCT3","up",2.7717245284286,0.0484880175000002,0.579830097687063,"up",TRUE
"CCT4","up",1.24088482149449,-0.0357476983333325,0.736986190186882,"down",FALSE
"CCT6A","up",2.26118699464148,0.0341430450000019,0.654680642439022,"up",TRUE
"CCT7","down",-1.01186800074997,-0.0501074324999986,0.601482849831852,"down",TRUE
"CCT8","up",1.12119521257177,-0.0014347008333311,0.98821305622254,"down",FALSE
"CD109","up",2.30772778779556,0.0768198249166679,0.753727506478986,"up",TRUE
"CD14","up",1.61817432030071,-0.0776987392500002,0.707135442681232,"down",FALSE
"CD164","up",2.52199411181312,-0.0779822358333315,0.570672241888553,"down",FALSE
"CD1E","up",2.97522659339471,-0.181639827416667,0.226937535652338,"down",FALSE
"CD200R1","up",1.02674015527774,-0.114367594583334,0.278283438924792,"down",FALSE
"CD207","up",1.76505323019453,-0.0198185788333326,0.872529385532158,"down",FALSE
"CD209","down",-1.97497655203622,-0.280512492499999,0.0803077325409364,"down",TRUE
"CD244","up",1.16578385086442,-0.0912563970833329,0.269084526938504,"down",FALSE
"CD247","up",1.39055725078584,-0.400916901583333,0.058515855540301,"down",FALSE
"CD276","up",1.74960231407445,0.0999114156666672,0.584138272160092,"up",TRUE
"CD2AP","down",-2.05600120017555,0.0286942503333338,0.778941839226035,"up",FALSE
"CD300LB","up",1.47465439740988,-0.0153054824999988,0.913465236807313,"down",FALSE
"CD300LG","up",2.13187990364931,-0.0877325078333331,0.679637967070308,"down",FALSE
"CD302","up",3.7716443980454,-0.127110368249999,0.27887104747322,"down",FALSE
"CD33","up",5.2527178680224,-0.415898362666665,0.0453873662488462,"down",FALSE
"CD34","up",2.84099503459199,0.0402131841666671,0.80135947663143,"up",TRUE
"CD36","up",3.30436466216666,-0.0248115257499992,0.936744364919654,"down",FALSE
"CD37","up",2.33661431272066,-0.128983170916666,0.283197846138955,"down",FALSE
"CD40","up",1.25262159655975,0.0893841027500011,0.291329416573233,"up",TRUE
"CD44","down",-1.66111748431933,0.262718814166669,0.0528658333619983,"up",FALSE
"CD46","up",2.02141377412964,0.299699597416668,0.0263877512149571,"up",TRUE
"CD5","up",1.4392936069935,-0.0500422384166665,0.576299993582958,"down",FALSE
"CD52","up",2.92201062848621,-0.146827979583332,0.3987665634099,"down",FALSE
"CD55","up",1.18772632755081,0.437353175916668,0.0519418086869679,"up",TRUE
"CD58","up",1.74728083179428,0.312859328166667,0.0246354585176433,"up",TRUE
"CD6","down",-2.39905116053619,-0.148694527833332,0.216932320121143,"down",TRUE
"CD74","up",1.05277130705453,-0.0643828784999993,0.70191421894516,"down",FALSE
"CD79B","down",-1.05505401601514,0.149372324500001,0.270369686747824,"up",FALSE
"CD84","up",1.46055983705351,-0.0354227947499997,0.801850224957101,"down",FALSE
"CD86","up",1.43124735551012,0.702152762166668,0.266368328966872,"up",TRUE
"CD8A","up",1.67599175314945,-0.418991774666666,0.190646528036365,"down",FALSE
"CD8B","up",1.66736117024766,-0.262841114666665,0.172170398198469,"down",FALSE
"CD9","up",2.30442532448735,0.0925441916666679,0.652937888363364,"up",TRUE
"CD93","down",-1.19408452991997,0.402857153833335,0.0355780122744657,"up",FALSE
"CD97","up",2.53998537195169,-0.389139175,0.0339137691113989,"down",FALSE
"CD99","up",3.83205020225895,-0.032114054166667,0.767664141992838,"down",FALSE
"CD99L2","down",-3.3677890930702,-0.0378218208333332,0.780343897383443,"down",TRUE
"CDC14A","down",-2.39906855626689,-0.0231597006666655,0.763771643326173,"down",TRUE
"CDC16","up",1.67203387155555,-0.044359810833332,0.65000174969077,"down",FALSE
"CDC20","up",2.15623398871093,0.0339177614166675,0.72704174083942,"up",TRUE
"CDC23","up",2.57325058799505,-0.115189777999999,0.227697867021918,"down",FALSE
"CDC25B","down",-2.36461352750909,0.00098873291666688,0.995304953527095,"up",FALSE
"CDC25C","down",-1.56049036561695,-0.0464447167499999,0.689168739610402,"down",TRUE
"CDC27","down",-1.27158822412318,0.114830212916668,0.115375120963315,"up",FALSE
"CDC37","down",-1.04307133995669,0.0985378233333354,0.261196191019593,"up",FALSE
"CDC37L1","up",1.13812899317796,0.239764451000001,0.0657056712351975,"up",TRUE
"CDC42","up",3.09604993744361,0.164180120833334,0.0499290321516831,"up",TRUE
"CDC42BPA","down",-1.57153741147347,0.128924401500001,0.190980661005571,"up",FALSE
"CDC42BPG","down",-2.20720119151886,-0.0138535679999996,0.912522485875642,"down",TRUE
"CDC42EP2","down",-1.29383865136167,0.127465643333334,0.43677822309082,"up",FALSE
"CDC42EP4","down",-8.56660683351502,0.0126189775000013,0.921288755701916,"up",FALSE
"CDC42SE2","up",1.77473553799913,-0.000571807166665562,0.997935267778846,"down",FALSE
"CDCA4","up",2.23041927842039,-0.150004361,0.0360109457647962,"down",FALSE
"CDCA5","up",3.53600742975581,-0.0655889255833319,0.541940293329564,"down",FALSE
"CDCA7","up",2.41902984047829,-0.564005363916666,0.0523772015447283,"down",FALSE
"CDCA7L","up",4.36111030253169,-0.179346026999999,0.0832220985145062,"down",FALSE
"CDH1","down",-1.16220939167831,-0.0191460174999999,0.975633123919132,"down",TRUE
"CDH12","down",-1.74148549592495,0.0551797172500002,0.513758027351998,"up",FALSE
"CDH13","up",1.56829531786408,-0.176740508333331,0.209637490113125,"down",FALSE
"CDH22","up",1.7388804814894,0.0750288908333336,0.594076032988964,"up",TRUE
"CDH23","up",1.40638466494194,-0.0313432402499983,0.887313723495765,"down",FALSE
"CDIPT","up",2.98837943019265,0.088260903083335,0.450424852569254,"up",TRUE
"CDK10","up",1.49567254999267,0.0647200553333333,0.458030305208915,"up",TRUE
"CDK2","up",2.43902146811602,0.219687102000001,0.0810378120266924,"up",TRUE
"CDK2AP2","up",1.48957232357547,0.104032108000001,0.459784508649036,"up",TRUE
"CDK3","up",1.46490613525985,0.167843605416668,0.0400943359558485,"up",TRUE
"CDK5R1","up",1.90565146183111,-0.00560926041666633,0.972072017586776,"down",FALSE
"CDK5RAP1","up",1.3029786936288,0.0207077445833342,0.841563204798008,"up",TRUE
"CDK5RAP3","down",-2.33901577713932,-0.0940035749999994,0.430760728709519,"down",TRUE
"CDK8","up",2.04286800783413,0.0113207917500007,0.957166962454234,"up",TRUE
"CDKL2","up",1.36612740753528,-0.3263273805,0.302051992113742,"down",FALSE
"CDKL3","up",1.11984803725216,0.0133813513333352,0.913606901290204,"up",TRUE
"CDKN2A","down",-2.50711149713909,0.530188174166667,0.0138543359077,"up",FALSE
"CDO1","up",1.90171288941643,-0.298197780333332,0.0298890238751127,"down",FALSE
"CDR2L","down",-1.78549602332261,0.0564508091666673,0.566034650364578,"up",FALSE
"CDSN","up",1.50334944760932,0.00196732100000049,0.987031235732293,"up",TRUE
"CDX2","up",1.5471031557035,0.0033975840833342,0.976834875778931,"up",TRUE
"CEACAM1","down",-2.37010199495331,-0.144677559666665,0.120464327029029,"down",TRUE
"CEACAM19","up",1.5272508363066,0.0343630735000007,0.78869232714895,"up",TRUE
"CEACAM20","up",2.3594318285179,0.0759031921666674,0.639594073393714,"up",TRUE
"CEACAM21","up",5.05562179989714,-0.121807663083333,0.206634734787665,"down",FALSE
"CEBPZ","up",1.72410224910782,0.0795870358333332,0.350408471861819,"up",TRUE
"CECR5","down",-1.40016086693898,-0.145800376916666,0.0619162740418457,"down",TRUE
"CELSR1","down",-8.43982886649197,0.0636696728333331,0.787588413299001,"up",FALSE
"CEND1","down",-1.97105922373734,0.131241206916668,0.0608939506939069,"up",FALSE
"CENPA","up",2.33089081259136,0.00548014791666824,0.980152571862489,"up",TRUE
"CENPB","up",1.22786568924746,0.0800100403333339,0.29624828827199,"up",TRUE
"CENPE","down",-2.09267816573744,0.00656649399999993,0.955177941953147,"up",FALSE
"CENPI","up",1.76194901571691,0.000262666000000484,0.99900257893246,"up",TRUE
"CENPT","up",1.4103633039268,0.0550260525000019,0.473306016992621,"up",TRUE
"CEP170","down",-1.79269387806312,0.0178190225000007,0.851675454757863,"up",FALSE
"CEP350","down",-2.63037520532412,-0.0872007329166652,0.374945990912213,"down",TRUE
"CEP72","down",-3.53106079409728,-0.146745419583333,0.262297033528288,"down",TRUE
"CEP78","up",1.73841891096283,-0.147577283083332,0.10560202887363,"down",FALSE
"CEPT1","up",2.04456307091356,-0.114662144166667,0.170242077421062,"down",FALSE
"CETN2","up",1.39656932726477,-0.071047409166665,0.619460537002269,"down",FALSE
"CFB","down",-1.50969751388804,-6.24589999991203e-05,0.999832577635357,"down",TRUE
"CFL1","up",1.89892234371341,0.0937083849999999,0.464831692634309,"up",TRUE
"CFL2","down",-1.85042668209232,0.176648921666667,0.599091410906932,"up",FALSE
"CGB2","down",-2.422493900332,-0.0236169034999995,0.837988452988202,"down",TRUE
"CGGBP1","up",1.73360354736913,0.0184743575000026,0.910398850197136,"up",TRUE
"CGRRF1","up",2.2038110007472,0.10288060125,0.237854351898224,"up",TRUE
"CHAF1B","up",1.42780513298781,0.0497741338333345,0.387522374503223,"up",TRUE
"CHCHD2","up",1.14051331943918,-0.00111857583333178,0.994173903898938,"down",FALSE
"CHCHD8","up",1.58820266305993,-0.0351718916666651,0.629389900897678,"down",FALSE
"CHD1","down",-3.38101106234655,0.377883823416668,0.041341305455519,"up",FALSE
"CHD2","down",-1.85123144699757,0.0087175430833336,0.925649152736292,"up",FALSE
"CHD3","up",1.33313430694018,-0.0138816706666652,0.955177941953147,"down",FALSE
"CHD4","down",-1.60551713802044,0.00898499000000064,0.938417553125982,"up",FALSE
"CHD5","up",2.16462633089525,0.0522239287500004,0.517637778481632,"up",TRUE
"CHD6","down",-4.16637286865076,-0.0249660972499974,0.810590182507177,"down",TRUE
"CHEK2","up",1.41999061354812,-0.115043625666667,0.385541322881813,"down",FALSE
"CHI3L1","up",2.015690382094,-0.00773357666666571,0.958992701308536,"down",FALSE
"CHIA","up",1.14712633434291,0.173815073833333,0.0860948316877285,"up",TRUE
"CHID1","up",1.04172267919145,-0.0287317491666651,0.861085931254664,"down",FALSE
"CHM","down",-3.12866842987285,0.0622733455000006,0.571020308646545,"up",FALSE
"CHML","up",1.41801465457281,-0.0154705434166658,0.919747178950909,"down",FALSE
"CHMP4A","down",-1.4683053335891,0.0455558566666662,0.676615642843137,"up",FALSE
"CHMP5","up",1.20281601028718,-0.0469222408333323,0.824478555460873,"down",FALSE
"CHMP6","up",1.71032066984837,0.0218863246666664,0.791532164296139,"up",TRUE
"CHORDC1","down",-1.37611776088385,-0.0887394358333319,0.468170110950679,"down",TRUE
"CHPT1","up",1.37499865986132,0.087191630583335,0.456591487925303,"up",TRUE
"CHRDL1","down",-2.18464369987173,-0.0873267693333324,0.877365754475344,"down",TRUE
"CHRM1","up",2.10502415824808,-0.00224254424999994,0.982383737900951,"down",FALSE
"CHRM5","up",1.65996108186514,-0.0907319376666662,0.434775624653156,"down",FALSE
"CHRNA2","up",1.15374470919335,0.0290183804166671,0.849380209591002,"up",TRUE
"CHRNA7","up",1.97911357270531,0.0786545002500005,0.653700333240666,"up",TRUE
"CHST1","down",-2.35234879005019,-0.00613710583333261,0.951419578830702,"down",TRUE
"CHST10","up",1.72071536709912,-0.0597626114166664,0.63029284084882,"down",FALSE
"CHST12","up",1.45102200251419,-0.381175141333332,0.00652212208051461,"down",FALSE
"CHST2","up",2.29111467975598,0.0193709494999998,0.976805274836634,"up",TRUE
"CHST9","down",-2.39415336821409,0.00469524483333417,0.979260782223859,"up",FALSE
"CIB2","up",2.86057342616831,-0.310838501499999,0.0397328669778264,"down",FALSE
"CIB3","up",1.72494628849571,0.0518161216666671,0.461966290350688,"up",TRUE
"CIB4","up",5.32661623258262,-0.0939962625000002,0.563482928540284,"down",FALSE
"CIDEA","up",1.98439313778558,-0.0786530774166656,0.477604647490369,"down",FALSE
"CIRBP","up",2.0531833303603,-0.202792008333333,0.0764645010566172,"down",FALSE
"CISH","down",-1.14658269457012,0.353608981583334,0.160564733963266,"up",FALSE
"CIZ1","up",1.81521794868336,0.0132474750833344,0.871077261459374,"up",TRUE
"CKAP5","up",3.08660586353941,-0.0561716197499992,0.465305833150205,"down",FALSE
"CKS2","up",3.17494029907397,0.103066090416668,0.525743839883795,"up",TRUE
"CLCN3","up",2.11029454832514,0.0266843601666664,0.841914892271376,"up",TRUE
"CLCN6","up",1.5853286102652,-0.135783473416665,0.154734574036616,"down",FALSE
"CLDN12","up",1.93670419074845,-0.0972492679166662,0.3101721542679,"down",FALSE
"CLDN15","up",1.45545947855046,-0.0320843616666659,0.812445929791706,"down",FALSE
"CLDN18","up",1.60984033013304,0.103640245,0.343179767012101,"up",TRUE
"CLDN19","up",1.37183499728682,-0.0326635178333323,0.833589446991815,"down",FALSE
"CLDN22","up",3.87871367041251,0.0335267287500002,0.841145324271731,"up",TRUE
"CLDN23","down",-1.90912995844289,0.357826223833333,0.222636831603896,"up",FALSE
"CLDN5","up",1.12787320273963,-0.00329226833333226,0.99265162541128,"down",FALSE
"CLDN6","up",1.5633989988673,0.015400949166667,0.925642361095325,"up",TRUE
"CLDN8","up",4.56589926942234,0.0140004765833333,0.938007179021901,"up",TRUE
"CLEC10A","up",2.52500247644376,-0.187350295333332,0.120464327029029,"down",FALSE
"CLEC1B","up",2.3599543355813,0.0144774747500007,0.927832207209342,"up",TRUE
"CLEC4A","up",2.02324718942704,-0.170450944416665,0.236619301499844,"down",FALSE
"CLEC4E","down",-4.71942446653549,-0.0353068521666665,0.831130706234725,"down",TRUE
"CLEC4F","up",3.30838043352764,-0.0249877319999994,0.871647159444934,"down",FALSE
"CLEC7A","down",-5.9988240332229,0.0234224063333342,0.876355537621755,"up",FALSE
"CLIC2","up",1.34974634109137,0.0224367106666674,0.908475973376002,"up",TRUE
"CLIC6","up",2.0297435511621,0.997257538250001,0.0307635030001577,"up",TRUE
"CLK1","down",-1.18223583795262,-0.315977357916666,0.127210441667959,"down",TRUE
"CLK3","down",-1.98733454690689,0.0560758198333346,0.416046661241102,"up",FALSE
"CLN3","up",1.44910064225326,0.00374377008333281,0.972174613835605,"up",TRUE
"CLN5","up",1.07943347950559,-0.0176114258333329,0.837512177044877,"down",FALSE
"CLSTN3","down",-1.62480678832689,0.0224220828333337,0.846495672501467,"up",FALSE
"CLTA","down",-3.11423399433959,-0.00427807749999917,0.959437034597678,"down",TRUE
"CLTC","up",2.83001033732029,-0.0754615724999998,0.205337482091677,"down",FALSE
"CLU","up",2.5089398946423,-0.0335164458333326,0.873320545244919,"down",FALSE
"CLYBL","up",1.26546342122988,0.0539876225833333,0.607765168905556,"up",TRUE
"CMIP","down",-1.80327395426432,0.0671220509166674,0.422352272155441,"up",FALSE
"CMTM1","down",-3.01292576336906,-0.0407939595833322,0.673065580325227,"down",TRUE
"CMTM4","up",3.26706000478822,0.0655146385000022,0.483130218864001,"up",TRUE
"CMTM6","up",2.3305224612753,0.135528066666667,0.127034957045983,"up",TRUE
"CNBP","up",2.17680433536122,-0.109547765833332,0.363482361165851,"down",FALSE
"CNFN","up",4.74266589891564,-0.394865164999998,0.235714060657688,"down",FALSE
"CNGA3","down",-3.35906646149088,0.203711811000001,0.331171115520658,"up",FALSE
"CNGA4","down",-1.0832777135663,0.0216236725000011,0.871059833457631,"up",FALSE
"CNIH","up",1.34466002127517,-0.0251754716666654,0.832423681613034,"down",FALSE
"CNKSR2","up",1.84787591547253,-0.0756477845833326,0.648146695856799,"down",FALSE
"CNKSR3","down",-1.7795533572104,0.321201164416668,0.0926227630556917,"up",FALSE
"CNNM1","down",-8.96828009996905,-0.100794382166667,0.566912648661403,"down",TRUE
"CNNM3","up",1.50721912156531,0.106750837000002,0.235783469995439,"up",TRUE
"CNOT1","up",2.9566984717368,-0.041204461916666,0.547072829642735,"down",FALSE
"CNOT4","up",1.65860941743352,-0.13578188475,0.102207816042498,"down",FALSE
"CNOT6","down",-1.523541080736,-0.0462024779166669,0.489686976459611,"down",TRUE
"CNOT7","up",1.49353472149429,-0.0402493822499989,0.67393287091302,"down",FALSE
"CNOT8","up",1.05571730454287,-0.201886389333331,0.0748996664609858,"down",FALSE
"CNTD2","up",1.53053699506749,0.0964715768333341,0.473601413513132,"up",TRUE
"CNTFR","up",1.17310267393423,-0.48036075875,0.0201768142019687,"down",FALSE
"CNTN2","down",-1.13026872509281,0.420128037500001,0.121273812896465,"up",FALSE
"COASY","down",-2.28439337058794,-0.0211972899999998,0.802658553995451,"down",TRUE
"COBRA1","up",1.69419774249243,0.00361181000000058,0.967302054115209,"up",TRUE
"COCH","up",1.29338620013612,0.810248379833334,0.0500437744373674,"up",TRUE
"COG1","up",1.02748998052902,-0.0674854256666649,0.387333471607605,"down",FALSE
"COG5","up",1.76047624363373,-0.0515405584166663,0.733605286832505,"down",FALSE
"COG6","down",-2.85788249051717,-0.155728539416665,0.0344348471114438,"down",TRUE
"COG7","up",1.62248698195926,-0.0215277909999987,0.876843025150437,"down",FALSE
"COIL","up",1.09440012906802,-0.0651823259166665,0.449622040544753,"down",FALSE
"COL11A2","down",-1.18562383505373,0.0277054792500003,0.763771643326173,"up",FALSE
"COL13A1","down",-2.35773147879231,-0.0778532964999994,0.871270924616712,"down",TRUE
"COL15A1","up",4.48615196627446,0.314389893833336,0.0603556715388587,"up",TRUE
"COL17A1","up",1.48364317225399,0.0750661902500004,0.801871935929404,"up",TRUE
"COL1A2","down",-1.50800648203345,-0.0583194725000003,0.909901706908745,"down",TRUE
"COL21A1","down",-1.97125722127052,-0.283312703333331,0.412893909121213,"down",TRUE
"COL4A3BP","down",-1.31787599630235,0.0995715141666675,0.177028112315344,"up",FALSE
"COLEC10","down",-1.8950142086269,-0.0553691554999992,0.546922682976947,"down",TRUE
"COMMD10","up",1.45272667866544,-0.0445199334166656,0.685933414601826,"down",FALSE
"COMMD3","up",1.29082966992793,-0.0844445466666673,0.174550322500212,"down",FALSE
"COMMD4","up",2.53471343274757,0.0272628800000014,0.708716164946803,"up",TRUE
"COMMD6","up",2.00681098270423,-0.0678917516666653,0.532295972269828,"down",FALSE
"COMMD7","up",1.11344493817171,0.0383352340000012,0.629446983353882,"up",TRUE
"COMMD9","up",4.82490186890989,0.00538687583333477,0.959515850714401,"up",TRUE
"COPA","down",-2.00537735000892,-0.0317223293333338,0.703956852890243,"down",TRUE
"COPS3","up",2.27924246695593,0.0387331966666682,0.677983146433547,"up",TRUE
"COPS4","up",1.088228997383,-0.0207666633333315,0.769303811916759,"down",FALSE
"COPS5","up",1.83287616422587,-0.00107671833333305,0.989392866747279,"down",FALSE
"COPS8","up",1.43940468236294,-0.0120429413333318,0.925202761176242,"down",FALSE
"COPZ2","up",1.14099219810121,0.022929985833334,0.914279967194656,"up",TRUE
"COQ10A","up",1.50186573764403,-0.137403995666665,0.087700017478623,"down",FALSE
"COQ2","up",1.88066934504678,-0.0330951614166658,0.715816795254561,"down",FALSE
"COQ4","down",-5.50622266699692,-0.0998929560833328,0.27923885741796,"down",TRUE
"COQ5","up",1.51220665576681,-0.148074937749999,0.0953635429770915,"down",FALSE
"CORIN","up",2.3108097344844,0.684285977166668,0.0310257481134043,"up",TRUE
"CORO1B","up",1.69927110589209,0.100929475583334,0.281161034182855,"up",TRUE
"CORO7","up",1.77654666956751,0.0223089787500009,0.844918401126652,"up",TRUE
"CORT","down",-1.3550805580311,-0.040773280833333,0.52125302273282,"down",TRUE
"COX11","up",1.33811499019665,0.0114151695833352,0.910150346006739,"up",TRUE
"COX15","up",1.59199912944645,-0.152138635833332,0.0622289070707169,"down",FALSE
"COX4I2","up",1.67523245867061,0.174563255750002,0.135827022147486,"up",TRUE
"COX5A","up",1.62314533393524,0.0767221708333352,0.361511699652216,"up",TRUE
"COX5B","up",2.57885746111815,0.0957225633333343,0.237854351898224,"up",TRUE
"COX6A1","up",3.22791770584731,0.0873903275000017,0.38972854442704,"up",TRUE
"COX6B1","up",2.51857967804209,0.110296822499999,0.239813949798456,"up",TRUE
"COX6C","up",2.22393416800104,0.183883542500002,0.0557912633413271,"up",TRUE
"COX7A2","up",2.39493226536719,0.166600686666666,0.129170390570871,"up",TRUE
"COX7A2L","up",1.46330631611998,-0.0765846083333312,0.444230884238569,"down",FALSE
"COX7C","up",1.29217333361724,0.0810817274999996,0.336056126449993,"up",TRUE
"CPE","up",1.33568367346132,0.183328225833336,0.509632044265994,"up",TRUE
"CPEB2","up",1.66047363677024,0.264500793250001,0.0524015221492644,"up",TRUE
"CPM","up",1.45562328520136,0.207556841500001,0.270251916242008,"up",TRUE
"CPN1","up",2.39427851179198,-0.00933278308333313,0.950610435548329,"down",FALSE
"CPNE2","down",-1.4997293189913,-0.0291623639166653,0.802889265267373,"down",TRUE
"CPNE3","up",2.16872777325023,0.00961087550000165,0.92991379291389,"up",TRUE
"CPNE5","down",-1.37706692887576,-0.705663862333333,0.0181759606018022,"down",TRUE
"CPNE8","down",-1.75249145198196,0.0984671320833341,0.338929024798491,"up",FALSE
"CPSF6","down",-2.53058650841167,-0.0831096147499992,0.335173819488732,"down",TRUE
"CPT1A","up",1.82518437247675,0.292705822083335,0.0163519610545081,"up",TRUE
"CPT1B","down",-2.78920513346,-0.00971887558333304,0.956024208725093,"down",TRUE
"CPVL","up",1.420196502688,-0.103477102333331,0.3621237081668,"down",FALSE
"CPXM2","down",-1.35641000798439,0.543298935000001,0.0271917501942801,"up",FALSE
"CPZ","up",1.16648909438523,-0.270990299166667,0.331171115520658,"down",FALSE
"CR1","down",-2.57996834533841,-0.0204620794166661,0.868675575994611,"down",TRUE
"CRAMP1L","up",3.1250422411859,-0.170769433666667,0.146497643771082,"down",FALSE
"CRB1","up",1.59419217897258,-0.0383741303333326,0.74047413011439,"down",FALSE
"CRBN","up",1.16524166547467,0.124176577916668,0.105244931740633,"up",TRUE
"CREB1","down",-2.20412089837238,-0.00667524300000016,0.958581398319503,"down",TRUE
"CREB3","up",1.14991857463769,0.101145630916668,0.290130359144747,"up",TRUE
"CREB3L2","down",-1.38513048353812,0.250154230000002,0.0504007368377018,"up",FALSE
"CREBBP","down",-2.65483234198058,0.0640156541666674,0.61819571505712,"up",FALSE
"CREG1","up",2.61172869026225,-0.0315604399999987,0.794366485954374,"down",FALSE
"CREM","up",1.08213936514981,0.611857983000002,0.0339137691113989,"up",TRUE
"CRHR1","up",1.0962126602326,-0.0475471955833316,0.482937688895334,"down",FALSE
"CRIM1","down",-1.8882207160566,0.495284462916669,0.010689197775828,"up",FALSE
"CRIPAK","up",1.48815285013498,-0.041014608166665,0.734306646877153,"down",FALSE
"CRISP1","down",-2.09654739474347,0.0130099268333332,0.918719548830359,"up",FALSE
"CRISP2","up",2.95874679546209,-0.141816537083332,0.525466112161101,"down",FALSE
"CRISP3","up",6.15303436623618,-0.00513758349999965,0.970134200697025,"down",FALSE
"CRISPLD1","down",-2.36528645965031,-0.0560887626666661,0.713503046886744,"down",TRUE
"CRK","up",1.79256295319293,0.0509041845000012,0.621301669350822,"up",TRUE
"CRLS1","up",2.25473903083157,-0.0104337749999995,0.907678753982075,"down",FALSE
"CRNN","up",5.47181800081071,-0.476883409166666,0.723863636463568,"down",FALSE
"CROT","up",2.75273767483066,0.0674816027500002,0.591565398840229,"up",TRUE
"CRTAC1","up",2.54146084270142,0.158764716000001,0.658568504470877,"up",TRUE
"CRTAP","up",2.47861542181299,-0.011094569166666,0.932212283663984,"down",FALSE
"CRTC2","down",-2.14096236688256,-0.0365630491666662,0.704748653372834,"down",TRUE
"CRTC3","up",1.34024521156749,-0.00504639591666539,0.973634788629326,"down",FALSE
"CRY2","down",-1.38124405091306,0.0981830650833352,0.420803869379705,"up",FALSE
"CRYAA","down",-1.97284389932685,0.126513449833334,0.132776081550009,"up",FALSE
"CRYAB","up",1.00382232982265,0.262510168333334,0.0374277392203113,"up",TRUE
"CRYBA2","up",2.1569577281346,0.0486777625833346,0.697665036161755,"up",TRUE
"CRYBB2","up",1.62308149809632,-0.0669485029166666,0.508287443071729,"down",FALSE
"CRYGC","down",-1.92868700838379,-0.011371369083333,0.928500195337314,"down",TRUE
"CRYGD","down",-1.15728532515788,-0.0135848614999993,0.894048730089054,"down",TRUE
"CRYL1","up",3.35995096317999,-0.0147427041666655,0.913606901290204,"down",FALSE
"CRYZ","up",2.72066146196522,-0.00897550024999847,0.967920809449597,"down",FALSE
"CSDA","down",-4.0593110667125,0.531211897500001,0.0179346669451333,"up",FALSE
"CSF1R","down",-1.41086891068644,-0.225381597499998,0.238789650024933,"down",TRUE
"CSF2RA","down",-1.19391149672417,-0.0595891365833331,0.698067203944829,"down",TRUE
"CSF2RB","down",-1.76608587788149,0.198543361166667,0.0406596175863292,"up",FALSE
"CSF3","up",1.38495035329867,2.01840946658333,0.0135048263827796,"up",TRUE
"CSH1","down",-2.06398361100935,0.331772666916667,0.037074491120775,"up",FALSE
"CSH2","up",1.13194527450136,0.281019784000001,0.176932033331739,"up",TRUE
"CSMD2","up",2.61224661072389,-0.00568270624999977,0.950872906288426,"down",FALSE
"CSMD3","down",-2.38168201076739,0.553873733000001,0.0469959446524748,"up",FALSE
"CSN3","up",1.9030545485587,-0.0385289747499989,0.851981925178565,"down",FALSE
"CSNK1A1","down",-1.36712315802763,0.330839120000002,0.00853743118443771,"up",FALSE
"CSNK1G3","up",2.0301653464127,0.0530519789999999,0.299745430959591,"up",TRUE
"CSNK2B","up",2.25561484505775,-0.0426410558333338,0.564166014733369,"down",FALSE
"CSPG4","up",2.33684452994427,0.0223796465000016,0.968159206624011,"up",TRUE
"CST1","down",-1.10198886124359,-0.0269929739166659,0.845795011434193,"down",TRUE
"CST11","down",-2.093038609158,0.0121670403333339,0.956092188571101,"up",FALSE
"CSTA","up",7.56309576636477,-0.319693054916666,0.78041425408846,"down",FALSE
"CSTF1","up",3.34223469735085,-0.190356818166665,0.0472258981489887,"down",FALSE
"CSTF2T","up",2.71216700191161,-0.219693810083333,0.0266758209073908,"down",FALSE
"CSTL1","up",1.63188310414323,0.0234192172500004,0.848675246855279,"up",TRUE
"CTAGE1","up",3.3235119967528,0.0700512960000014,0.342238760612491,"up",TRUE
"CTAGE5","up",1.37875525167886,0.00951819308333425,0.904424128083751,"up",TRUE
"CTBP1","up",2.01609422762021,-0.0711187256666667,0.286452748429931,"down",FALSE
"CTBP2","up",1.14080770567618,-0.0360806408333324,0.814921250968609,"down",FALSE
"CTBS","up",1.14045200049906,-0.0202034483333327,0.87517666342833,"down",FALSE
"CTF1","down",-2.35838920038603,-0.033142562833332,0.778054922260425,"down",TRUE
"CTH","up",2.02078127264519,-0.0629139758333318,0.761396696232596,"down",FALSE
"CTHRC1","down",-1.21034478488723,0.0569715132500015,0.902183853838325,"up",FALSE
"CTNNA1","down",-1.74581734890842,0.00687349000000233,0.9403668005188,"up",FALSE
"CTNNBL1","up",1.93278222522433,0.0639102239166676,0.494006044958279,"up",TRUE
"CTNND1","up",1.90816987188127,-0.00106025050000025,0.990659717303091,"down",FALSE
"CTNS","up",1.84251556685267,-0.0984502551666649,0.364505600685136,"down",FALSE
"CTR9","down",-1.47090898946772,-0.181606179999999,0.0156238973743178,"down",TRUE
"CTRB1","up",1.59452232283589,-0.0706211233333327,0.648745426482376,"down",FALSE
"CTRB2","up",1.25246731269449,-0.0184408658333333,0.921288755701916,"down",FALSE
"CTSB","up",2.74314736466131,-0.110993489999998,0.642205767154355,"down",FALSE
"CTSL2","up",2.62257804206049,0.743592741416669,0.353635338689174,"up",TRUE
"CTSS","down",-1.40172351249978,0.033862200166666,0.863386172452283,"up",FALSE
"CUEDC1","down",-2.51671859197483,0.0524861666666677,0.754177092596542,"up",FALSE
"CUL4B","up",1.20432592589535,-0.0610074044999981,0.462268272599544,"down",FALSE
"CUTA","up",2.47237770652917,-0.0445495399999989,0.651580833464778,"down",FALSE
"CWF19L1","up",1.9742213578373,-0.00889884649999901,0.932117286630906,"down",FALSE
"CX3CR1","down",-1.43836695415929,-0.375404501083333,0.127050609506236,"down",TRUE
"CXCL1","down",-2.64803489423483,0.442934116000001,0.34831026426989,"up",FALSE
"CXCL12","up",2.45372005591421,-0.227947707499998,0.113726307723216,"down",FALSE
"CXCL2","down",-4.98368846471377,1.01168685416667,0.153515555423325,"up",FALSE
"CXCL3","down",-2.97745849519411,0.710401068083334,0.0777344517879864,"up",FALSE
"CXCL6","up",1.63141458562073,-0.0585498008333325,0.818137963864554,"down",FALSE
"CXCL9","up",2.77237442777941,-0.290707944416666,0.530185550850042,"down",FALSE
"CXXC5","down",-1.29944847316919,0.280232801666669,0.0635614866172791,"up",FALSE
"CXorf36","up",1.57764871727941,0.152553092500001,0.321875768351467,"up",TRUE
"CXorf56","down",-1.46563977265914,0.0613825815833345,0.257016909352714,"up",FALSE
"CXorf58","up",1.07456722568272,0.102359755166667,0.162123934128756,"up",TRUE
"CYB561D1","up",1.61420748680098,0.0712470290833343,0.325119093407896,"up",TRUE
"CYB561D2","up",1.7800585819846,-0.0419242318333335,0.765261419395976,"down",FALSE
"CYB5B","up",1.36216698217153,0.0688831174166679,0.421738992711222,"up",TRUE
"CYB5R1","up",1.64058798350082,-0.0117632758333314,0.89454767151588,"down",FALSE
"CYBA","up",1.50320710492481,-0.0423299428333318,0.746920715450986,"down",FALSE
"CYBASC3","up",1.86525537853433,-0.0437499006666663,0.620401643477271,"down",FALSE
"CYBRD1","up",1.70349743049513,-0.1398669475,0.271248851567571,"down",FALSE
"CYFIP2","down",-3.0302789345079,0.673003893166669,0.00853743118443771,"up",FALSE
"CYHR1","up",2.33431140503071,-0.109800363083333,0.10844067553014,"down",FALSE
"CYP11A1","up",4.33962426935266,-0.0295246755833331,0.843714035941524,"down",FALSE
"CYP11B1","down",-1.30878891336009,0.0832094614166671,0.268006091219257,"up",FALSE
"CYP11B2","down",-1.51747833668047,0.025918516583334,0.775131055846836,"up",FALSE
"CYP17A1","down",-1.77169888212004,0.0215263218333338,0.85986315896619,"up",FALSE
"CYP19A1","up",2.49412000044694,-0.00782211991666678,0.952189888754105,"down",FALSE
"CYP1B1","down",-2.33306805410693,-0.419069754999997,0.178039758948247,"down",TRUE
"CYP20A1","up",1.35462914363592,0.110959301083334,0.254743248430406,"up",TRUE
"CYP21A2","up",1.46112241037103,0.113240809416667,0.4518580458258,"up",TRUE
"CYP26A1","up",2.47373366986087,-0.00713650608333299,0.965323526493674,"down",FALSE
"CYP27A1","up",1.71632967041055,0.141788070916668,0.291864817784931,"up",TRUE
"CYP2C19","down",-1.6954906522737,-0.0514198244166662,0.702316268482425,"down",TRUE
"CYP2C8","up",2.58293969923286,-0.0272115826666654,0.80672376627884,"down",FALSE
"CYP2D6","up",1.90048634026171,-0.042738804666666,0.735703902425194,"down",FALSE
"CYP2E1","up",1.12226300814132,0.0160529065833337,0.862899768818161,"up",TRUE
"CYP2F1","up",1.9305994377075,-0.034847103666666,0.750619594253369,"down",FALSE
"CYP2W1","down",-3.21891466126165,-0.00463385899999917,0.986021460220949,"down",TRUE
"CYP39A1","up",1.88572506834989,0.0641033886666673,0.741911226569834,"up",TRUE
"CYP4V2","up",1.16702098120396,-0.180964276666666,0.128035738428093,"down",FALSE
"CYP51A1","up",1.69414901234825,0.290970125166668,0.108665636540601,"up",TRUE
"CYP7B1","up",1.8802237105871,0.147444036083335,0.410712138211713,"up",TRUE
"CYR61","down",-6.04992783343612,0.301320135,0.677433102801283,"up",FALSE
"CYSLTR2","up",1.00575740125605,0.413728514166668,0.0261183841699698,"up",TRUE
"D2HGDH","up",2.28300745979467,-0.179957844583334,0.0544368644708829,"down",FALSE
"DAB2IP","down",-3.19848549429972,0.0753389435000006,0.390005077890298,"up",FALSE
"DACH1","up",1.23616647886597,0.326309868666666,0.172127294858806,"up",TRUE
"DACT2","down",-2.32011065525658,-0.628085715916666,0.0195331765896338,"down",TRUE
"DAD1","up",1.92564234531432,-0.0493793541666648,0.516156688579663,"down",FALSE
"DAG1","down",-2.69701580530291,0.196184936833334,0.0474322050456733,"up",FALSE
"DAP3","up",1.62342495126884,-0.0162898216666649,0.832919879756866,"down",FALSE
"DARC","up",1.84943980152959,0.358266197916668,0.0948319766789431,"up",TRUE
"DAZAP1","up",3.73552739785023,0.076546221666668,0.336102869850591,"up",TRUE
"DAZAP2","up",3.27845433503258,0.0712306458333346,0.396036209605089,"up",TRUE
"DBC1","down",-6.21577416616529,-0.106602548083333,0.414330338856764,"down",TRUE
"DBI","up",1.73148191805399,0.101380410000002,0.557236540431649,"up",TRUE
"DBNDD2","up",1.85835604708356,0.215039501666668,0.276740101860976,"up",TRUE
"DBR1","up",1.65233821381345,-0.0802681572499996,0.32451181125148,"down",FALSE
"DCBLD1","up",1.55684554811643,0.0548455105833333,0.759999303304618,"up",TRUE
"DCDC2","down",-1.08074954269936,0.0490506445833334,0.654691814486737,"up",FALSE
"DCK","up",2.55806167402551,-0.1439104975,0.127418047458404,"down",FALSE
"DCN","up",1.45948864331063,-0.19290808,0.471389880169694,"down",FALSE
"DCP1A","up",1.28847426848853,0.0723986708333346,0.374827822806466,"up",TRUE
"DCST2","down",-1.14159804394721,0.0643331158333338,0.551230565379312,"up",FALSE
"DCTN1","up",1.32561195485724,0.060968147166667,0.543330597349704,"up",TRUE
"DCTN3","down",-1.27643002320331,0.011025935833333,0.927832207209342,"up",FALSE
"DCTN4","up",2.36862834641081,-0.106684875833332,0.341106611496514,"down",FALSE
"DCTN6","up",2.83576474262169,0.100397075833335,0.170822150071144,"up",TRUE
"DCUN1D4","up",2.55191600397592,-0.19257940475,0.0959839351419887,"down",FALSE
"DCUN1D5","up",1.49589850690245,0.0874786866666669,0.390005077890298,"up",TRUE
"DDA1","up",1.60598072880832,0.161699964333334,0.0821431445558486,"up",TRUE
"DDOST","up",1.92546164867848,-0.0409739591666651,0.735360515344257,"down",FALSE
"DDR1","down",-3.22983076109396,0.00104051958333358,0.99631862898138,"up",FALSE
"DDT","up",2.27656765223194,-0.0140109808333307,0.86774747634567,"down",FALSE
"DDX11","up",1.18210664785146,-0.0507596018333324,0.596755317241739,"down",FALSE
"DDX18","down",-1.03442463739198,0.0141060642500014,0.888419347707775,"up",FALSE
"DDX19B","up",1.67027406664367,0.0904784341666669,0.223042075209716,"up",TRUE
"DDX21","down",-3.10400176471868,0.213634495333334,0.14249455857784,"up",FALSE
"DDX24","up",1.13343102054473,0.144301011666667,0.0606821554243084,"up",TRUE
"DDX26B","up",1.07539030561861,-0.211623742333333,0.101410770855465,"down",FALSE
"DDX3X","down",-1.98228178210503,0.359937782500001,0.01826178084903,"up",FALSE
"DDX46","down",-3.4387603341286,-0.0486709180833323,0.685636948366586,"down",TRUE
"DDX47","up",2.3728826909133,-0.0353315783333314,0.614983492994029,"down",FALSE
"DDX56","up",2.34514528713298,0.0597219930000003,0.519908981087069,"up",TRUE
"DEAF1","up",1.39066818076383,0.0736117469166667,0.390106246604737,"up",TRUE
"DECR1","up",4.35127543479258,-0.0788440308333308,0.391065140548034,"down",FALSE
"DEDD","up",1.67445586064772,0.0926903148333336,0.28934411641644,"up",TRUE
"DEDD2","up",2.70943132471909,-0.0191207497500001,0.865671680382179,"down",FALSE
"DEFA4","up",1.24077591789656,-0.0185504689166666,0.89224237557835,"down",FALSE
"DEFB1","up",4.00295353467868,-0.166243212333333,0.821187660987194,"down",FALSE
"DEFB119","up",1.191964704858,0.0353830842500006,0.744072470172027,"up",TRUE
"DEK","down",-2.23490001460406,-0.0364743449999988,0.857171446980203,"down",TRUE
"DENND1A","down",-1.79869826490052,0.0633822456666664,0.349684794349147,"up",FALSE
"DENND1C","up",1.32565420374485,-0.226332449749999,0.0773932643450362,"down",FALSE
"DENND2A","up",2.29779258545432,-0.221515394749999,0.0581710773767682,"down",FALSE
"DENND2D","up",2.23631183009472,-0.119771787749999,0.595534034065625,"down",FALSE
"DENND4A","down",-1.45846316659398,0.196140258166667,0.0459943270881879,"up",FALSE
"DEPDC1B","up",2.79085326014032,-0.0239887514999997,0.90535858140718,"down",FALSE
"DERA","up",1.69271749340336,0.126545251666668,0.0937601620807506,"up",TRUE
"DERL1","up",1.84899190271581,0.0935293189166667,0.301432606884403,"up",TRUE
"DERL2","up",2.26845122192599,0.00195202083333398,0.983365223352839,"up",TRUE
"DERL3","up",1.90004098792377,-0.318920992583333,0.18133212789012,"down",FALSE
"DGCR14","up",2.34685000546666,-0.0434010480000009,0.571375710192001,"down",FALSE
"DGCR8","up",1.71146499519703,-0.264310273666666,0.0640232202004588,"down",FALSE
"DGKI","down",-1.45282344367534,0.0342853514166672,0.853260061538448,"up",FALSE
"DGKZ","up",2.90504399576799,-0.0672337577500005,0.777491249916835,"down",FALSE
"DGUOK","up",1.21162703068949,-0.0265979508333336,0.839604432093365,"down",FALSE
"DHCR7","up",3.05673226394503,-0.0244082024166649,0.930632493200815,"down",FALSE
"DHODH","down",-1.01037031299477,-0.113182250416667,0.202597375429402,"down",TRUE
"DHRS1","up",3.37689080241915,-0.127853100333331,0.168276030752598,"down",FALSE
"DHRS3","down",-1.4364679929926,-0.261038579166665,0.0650611152330222,"down",TRUE
"DHX29","up",2.00974534557374,-0.134332626249998,0.155473124410621,"down",FALSE
"DHX33","down",-1.2527960240248,-0.0439704291666659,0.552146361890957,"down",TRUE
"DHX34","up",1.47564431180651,0.0491995393333342,0.428029171102974,"up",TRUE
"DHX36","down",-1.28568800693773,-0.00166227916666632,0.988091856933616,"down",TRUE
"DIABLO","up",2.65277082983376,0.00757460000000151,0.921938624660597,"up",TRUE
"DIAPH2","down",-1.76682779742274,0.1510708525,0.128919750465204,"up",FALSE
"DIP2A","up",1.97095559628118,0.0202962341666664,0.850766382694898,"up",TRUE
"DIRAS2","up",1.57694842578412,-0.0144112709999998,0.897666844206684,"down",FALSE
"DIRC2","up",3.08886242498421,0.237591984000001,0.0256565232472509,"up",TRUE
"DIXDC1","down",-3.39651752845712,0.110915747500001,0.373583830783252,"up",FALSE
"DKK1","up",2.1563895293166,0.332675404,0.790731753055836,"up",TRUE
"DKK3","down",-2.41981869328453,0.11662412,0.479790280035459,"up",FALSE
"DLEC1","down",-4.91334056461171,-0.145603028666666,0.0490310492853526,"down",TRUE
"DLGAP4","up",1.88955317086955,0.175054304166667,0.112762150217566,"up",TRUE
"DLL1","up",2.20619462485814,0.104117188166668,0.798160571155637,"up",TRUE
"DLL3","down",-6.58555920070823,-0.0515918403333331,0.555884535961457,"down",TRUE
"DLST","down",-2.61514800355135,0.0680893734166682,0.616101970759246,"up",FALSE
"DLX5","up",3.87733843244408,0.0731495797500006,0.383838602919404,"up",TRUE
"DMBT1","down",-2.78808829866418,-0.0452423025833328,0.763786750404698,"down",TRUE
"DMD","up",1.11446497828758,0.241979807750002,0.431682447133003,"up",TRUE
"DMKN","up",1.14401934331167,-0.2220617325,0.714499499428805,"down",FALSE
"DMRT2","up",1.96132890697102,-0.0129203478333327,0.952785783198876,"down",FALSE
"DMRTC2","up",1.12521551656042,0.0302709407500004,0.814059248278676,"up",TRUE
"DMTF1","up",1.097539671356,-0.346614137499999,0.0213836979551349,"down",FALSE
"DNAH9","down",-2.97933584179451,-0.0462394145833332,0.632318947888943,"down",TRUE
"DNAI2","up",1.62016390871712,0.03051328425,0.806165560999058,"up",TRUE
"DNAJA4","down",-1.26541751195472,0.200052507583333,0.123557521855761,"up",FALSE
"DNAJB11","down",-1.17274134094097,0.0526121541666675,0.668983517215375,"up",FALSE
"DNAJB12","up",2.51015413830006,0.0672085237500016,0.370817748371152,"up",TRUE
"DNAJB14","down",-1.05481722694509,0.0785634616666673,0.362416315319287,"up",FALSE
"DNAJB4","up",2.55297264396218,0.505548656166667,0.0195051513521436,"up",TRUE
"DNAJB5","down",-1.12487169038052,0.354889073333335,0.385713017391547,"up",FALSE
"DNAJB6","up",2.06519101198532,0.0348985875000012,0.707015313299721,"up",TRUE
"DNAJC11","up",1.28823357243122,0.0436178005833332,0.564561486365032,"up",TRUE
"DNAJC14","up",1.7257025968831,-0.0240827370833319,0.837911928736756,"down",FALSE
"DNAJC15","up",1.24129435728684,0.258192769166667,0.018179365880111,"up",TRUE
"DNAJC19","up",1.53570914963431,0.0153743825000007,0.888419347707775,"up",TRUE
"DNAJC8","down",-1.32243000773606,0.0133627725000002,0.872609082457518,"up",FALSE
"DNAL4","up",2.21437887142592,0.0182467532500009,0.88718916414099,"up",TRUE
"DNALI1","up",1.46949795892446,0.370963044083334,0.0392361988776961,"up",TRUE
"DNASE1L1","up",1.43674631628949,0.0301745859166669,0.869931715133232,"up",TRUE
"DNASE2","up",1.64798584554191,0.161317279333335,0.137877312718193,"up",TRUE
"DNASE2B","up",1.96401847218015,0.00592619575000089,0.957166962454234,"up",TRUE
"DNM1L","down",-1.31573147290685,0.00670724675000172,0.968092796524295,"up",FALSE
"DNMBP","up",4.1730740351821,-0.210068655,0.0212453724540852,"down",FALSE
"DNMT1","down",-1.54742776655025,-0.101190253583332,0.105764680868841,"down",TRUE
"DNMT3A","down",-1.45435458675267,-0.0628982001666659,0.586429636299377,"down",TRUE
"DOC2A","down",-2.65782123381804,0.00360279358333411,0.978321368515383,"up",FALSE
"DOCK5","down",-1.64830625459134,0.223003333583334,0.0858060735285669,"up",FALSE
"DOHH","down",-2.05502346477049,0.115131133833335,0.188632550959415,"up",FALSE
"DONSON","up",1.03221209218222,-0.0299698880833332,0.864197457878946,"down",FALSE
"DPAGT1","up",3.55916656444904,-0.0328639373333326,0.735461644212145,"down",FALSE
"DPF1","down",-2.86767947029306,0.0104094222500008,0.952158182560389,"up",FALSE
"DPF3","up",1.92905518710276,0.020481146916667,0.901712484824901,"up",TRUE
"DPH2","up",2.63379824294343,-0.108382119416665,0.109238738418692,"down",FALSE
"DPH5","up",1.23614075687916,-0.14452109175,0.235783469995439,"down",FALSE
"DPM2","down",-1.40778149827161,-0.0193828413333323,0.886195761353027,"down",TRUE
"DPM3","down",-1.84437215403845,-0.107860301666665,0.120041649694993,"down",TRUE
"DPP7","down",-1.2668830069272,0.106283557500001,0.296535552209879,"up",FALSE
"DPP9","up",2.17207391351971,0.109905920416667,0.146260102359288,"up",TRUE
"DPY19L4","up",1.32995475111463,-0.187428807499998,0.254049326696955,"down",FALSE
"DPYD","up",2.33891029939421,-0.161382364166667,0.104799297309916,"down",FALSE
"DPYSL3","down",-2.11581315978327,0.214952132500001,0.372110410979724,"up",FALSE
"DRAP1","down",-1.64619164904488,-0.00218353333333194,0.983656635742018,"down",TRUE
"DRP2","up",2.14371718869848,-0.0198967947499987,0.904805700966352,"down",FALSE
"DSCAML1","up",1.16065878893733,-0.233132572333332,0.0544914146945958,"down",FALSE
"DSG4","down",-2.25669008095509,-0.000509725166665693,0.998798661990219,"down",TRUE
"DSTN","up",1.79699051728671,0.147174900000005,0.704748653372834,"up",TRUE
"DTNA","up",1.15484260125012,0.207401671583334,0.114435512238409,"up",TRUE
"DTNB","down",-1.88149700639626,0.00169296675000151,0.988027863079342,"up",FALSE
"DTWD2","up",1.09364143532836,0.0366660862500004,0.726268171112161,"up",TRUE
"DTX1","up",1.62665285000474,-0.0622105498333328,0.609553815626512,"down",FALSE
"DUS1L","up",1.61702722314941,0.00874266208333378,0.936744364919654,"up",TRUE
"DUS2L","down",-3.11911132975313,-0.0379124169999997,0.6276697764453,"down",TRUE
"DUS3L","up",1.29768223096884,0.135738224416667,0.0682376797970582,"up",TRUE
"DUSP10","up",1.3424060878919,0.844072843416668,0.0180921659798657,"up",TRUE
"DUSP11","up",2.32909833096315,-0.117276616333332,0.204352120047714,"down",FALSE
"DUSP13","up",1.63179083716176,-0.0388835358333331,0.786833043279306,"down",FALSE
"DUSP14","up",2.13115990418679,0.656993535916669,0.0128217675543328,"up",TRUE
"DUSP15","up",2.13285979371346,0.152448742500001,0.0550208924668949,"up",TRUE
"DUSP18","up",1.62283596372526,0.0919511747499997,0.429618679797498,"up",TRUE
"DUSP19","up",1.02400152773331,-0.0269355399166664,0.892698395826989,"down",FALSE
"DUSP22","up",1.96869266817387,0.0713333231666679,0.359757718990998,"up",TRUE
"DUSP23","up",1.26130977562569,0.0682773725000014,0.69552198937698,"up",TRUE
"DUSP26","down",-4.13234150132583,0.440077922083334,0.298312239757321,"up",FALSE
"DUT","up",1.3855213236082,-0.0162372174999993,0.92006629006801,"down",FALSE
"DYM","up",1.54139365988256,0.0249996650000011,0.829704692140268,"up",TRUE
"DYNC1LI2","down",-3.25895316031005,0.0501555975000011,0.612995185428864,"up",FALSE
"DYNC2LI1","up",1.27287857605161,-0.0907511969166657,0.244052246749132,"down",FALSE
"DYNLL1","up",2.84163932881507,-0.0982688249999994,0.371713132406631,"down",FALSE
"DYRK1A","up",1.00775093972302,-0.0198883626666652,0.803852366796463,"down",FALSE
"DYRK3","down",-3.2129431305266,0.658526482916667,0.030080305402666,"up",FALSE
"DYSF","up",2.04824658027503,0.357816065833333,0.0703621883090942,"up",TRUE
"DYX1C1","up",1.6289174609953,-0.0138446951666659,0.918858244495191,"down",FALSE
"DZIP1","down",-2.57397099340036,-0.150390803833333,0.452689892999371,"down",TRUE
"DZIP3","up",1.64278321058456,-0.0911903681666646,0.379272750301027,"down",FALSE
"E2F1","down",-1.63386067661514,-0.0615183123333326,0.503030790839247,"down",TRUE
"E2F3","down",-1.18304669936791,-0.0628593574166653,0.711966760598681,"down",TRUE
"E2F4","up",2.01685976480094,-0.00169211199999752,0.987575805253757,"down",FALSE
"E2F5","up",1.95995858335572,-0.120038484333333,0.217435153097868,"down",FALSE
"E2F7","down",-2.29482733538103,0.0410151039166676,0.794372405522633,"up",FALSE
"EAF1","down",-1.04064692371566,0.1451733105,0.0936619133291832,"up",FALSE
"EARS2","up",2.49790692889091,-0.39629532425,0.0133233289689979,"down",FALSE
"EBPL","up",3.10969516566592,-0.137962464166664,0.303619913502521,"down",FALSE
"ECD","up",1.07418966669786,0.0304616508333349,0.767664141992838,"up",TRUE
"ECE1","down",-3.05394353143299,0.27760537525,0.0748996664609858,"up",FALSE
"ECE2","up",1.8823358155258,-0.0400988295833328,0.754652571182713,"down",FALSE
"ECH1","down",-1.12441681169679,0.0180929964166666,0.889910610739103,"up",FALSE
"ECHDC3","up",1.855017144558,-0.118070189166666,0.435335525218806,"down",FALSE
"EDA","down",-3.9958072303958,-0.00608343324999865,0.969765749542982,"down",TRUE
"EDEM1","down",-1.84944832891719,0.0299525932500007,0.735461644212145,"up",FALSE
"EDEM2","up",2.04288428806255,-0.0538050394999991,0.567782664224467,"down",FALSE
"EDEM3","down",-1.84818620778421,-0.140273089999998,0.0429209473726822,"down",TRUE
"EED","up",2.29215000492987,-0.272090604166666,0.0197008850527673,"down",FALSE
"EEF1A1","up",2.5325791643432,-0.122376202499999,0.341552978613072,"down",FALSE
"EEF1B2","up",2.38971300112419,-0.0396445858333322,0.725661843308553,"down",FALSE
"EEF1D","up",4.20975452992534,0.041636521666669,0.473484812882854,"up",TRUE
"EEF1E1","down",-6.60930166603897,0.120302586333334,0.111052592165425,"up",FALSE
"EEF1G","up",1.35906568817384,-0.053495034999999,0.548069938392803,"down",FALSE
"EFCAB1","up",1.23711364718755,-0.514240982916666,0.165358444884968,"down",FALSE
"EFCAB2","down",-1.05136966532204,0.0733292465833342,0.357409042361147,"up",FALSE
"EFCAB4A","down",-2.87633700487391,0.00162969916666847,0.991578152029538,"up",FALSE
"EFEMP1","up",1.31736346541815,0.00197904750000412,0.995058130945561,"up",TRUE
"EFEMP2","up",2.36994051988417,-0.0074377616666651,0.958656595793722,"down",FALSE
"EFHA2","down",-1.40777100408049,0.0873720505000013,0.451785463870821,"up",FALSE
"EFHB","up",3.70175232844458,0.078993922083335,0.327006963411567,"up",TRUE
"EFHC1","up",3.831815763242,-0.0744090822499997,0.393446135920165,"down",FALSE
"EFNA4","up",1.01401100486497,-0.255491517333332,0.05982073419108,"down",FALSE
"EFNB2","down",-2.78609547159184,0.142560786083333,0.371765379978474,"up",FALSE
"EFS","down",-1.04664597308706,-0.134095751666666,0.110893841723832,"down",TRUE
"EGFL6","up",1.75319785459818,0.207681093916668,0.272388750909384,"up",TRUE
"EGFL7","down",-1.3412664399506,-0.326950430833332,0.0867578259277139,"down",TRUE
"EGFL8","up",2.73258330156703,0.0189890995833354,0.92517448187417,"up",TRUE
"EGFR","down",-2.46724890439297,0.0042928815000016,0.988027863079342,"up",FALSE
"EHD1","down",-2.139332815639,-0.0327757466666669,0.883907946330383,"down",TRUE
"EHD2","down",-2.21401718996993,0.018702866666669,0.878508218103442,"up",FALSE
"EHD4","up",1.25594087682299,0.150604205,0.256934773760338,"up",TRUE
"EHMT2","up",1.55249349528088,-0.018521070999999,0.838751624357956,"down",FALSE
"EI24","up",1.27041800757474,0.00614341933333397,0.948367799467136,"up",TRUE
"EIF1","up",1.79524100786795,0.0943727799999997,0.438365488532087,"up",TRUE
"EIF1B","up",1.28982331301323,0.0515016733333352,0.719912199297622,"up",TRUE
"EIF2AK1","up",3.05092276015797,-0.0546827424999992,0.620401643477271,"down",FALSE
"EIF2B4","up",1.1024696113738,-0.0249895867499997,0.77648190117618,"down",FALSE
"EIF2C1","up",1.46918279057599,0.0148832959166679,0.854321616775602,"up",TRUE
"EIF4A2","up",1.91526117314548,-0.0947456433333312,0.384457718857787,"down",FALSE
"EIF4E3","up",2.05501974997276,0.094697086583334,0.204925803874582,"up",TRUE
"EIF4G1","down",-1.57143508673422,0.102182785,0.315265239474852,"up",FALSE
"EIF5A","down",-1.65701907832893,0.135436385500002,0.207523305784449,"up",FALSE
"EIF5B","down",-1.71777234915963,0.0898873094545448,0.410455124119487,"up",FALSE
"ELAVL1","up",1.16507556032975,-0.120454812833332,0.163634705192987,"down",FALSE
"ELAVL4","up",2.9700211410806,0.00670339175000045,0.950587495767012,"up",TRUE
"ELF1","down",-2.53550193428142,0.0477142348333355,0.766882717834024,"up",FALSE
"ELF2","down",-2.05820658332809,-0.0850541234999995,0.453982283981327,"down",TRUE
"ELF3","up",1.82538300036096,-0.202595181749999,0.453172514059703,"down",FALSE
"ELK1","up",1.26121359807481,0.0403255116666666,0.639020588977334,"up",TRUE
"ELK4","up",1.99364414906351,0.247126107166667,0.0499946955254132,"up",TRUE
"ELL2","up",1.21860065690165,0.552344223083335,0.0319644493736019,"up",TRUE
"ELMO1","down",-1.51415751579729,0.0764088527500013,0.572907759827542,"up",FALSE
"ELMO2","down",-2.64256320970462,-0.217492429583333,0.0499946955254132,"down",TRUE
"ELN","down",-3.80047033466291,0.344205122916667,0.0461955221882246,"up",FALSE
"ELOVL4","up",3.29030656814483,0.0611707200000009,0.625092767589309,"up",TRUE
"ELOVL5","up",2.27822852729096,0.157636629000001,0.155172726344769,"up",TRUE
"ELOVL7","up",2.39559893811161,0.265259637000001,0.195264054035789,"up",TRUE
"ELP3","up",2.57499630713333,0.0233223582500017,0.843680409039953,"up",TRUE
"ELP4","up",1.96641344872041,0.0193441586666681,0.876245197496339,"up",TRUE
"EMD","up",3.80609460010175,0.135218259083334,0.124164323294213,"up",TRUE
"EMID1","up",3.31031397152756,-0.374024966083333,0.0100793278189914,"down",FALSE
"EMILIN2","down",-4.54298426700529,-0.0243956,0.933576304812133,"down",TRUE
"EMILIN3","up",1.3312552570498,-0.136830216916665,0.309424730536639,"down",FALSE
"EML4","down",-2.23441750324769,-0.0483593449999991,0.679570566547141,"down",TRUE
"EMP2","up",2.16030000573329,0.112148275833334,0.334449182994539,"up",TRUE
"EMR2","up",1.30997428123051,-0.197675101166665,0.197936898308611,"down",FALSE
"EMR3","down",-2.38800832768842,0.0784705520000009,0.471488178407166,"up",FALSE
"ENG","down",-5.70939800110797,0.129067907500002,0.302661721354749,"up",FALSE
"ENPP4","up",1.77922781891155,0.2677961315,0.0595261249197416,"up",TRUE
"ENPP7","down",-3.10862499866473,0.191213244500001,0.0726247957202615,"up",FALSE
"ENSA","down",-2.15005422236671,0.231614027166668,0.0363921886957971,"up",FALSE
"ENTPD1","up",1.80938587817967,0.387137683416667,0.0205071655305188,"up",TRUE
"ENTPD4","up",1.4611489246238,0.128258535916668,0.200806384360436,"up",TRUE
"ENTPD7","up",1.64295465078507,0.0266724744166669,0.833109356747606,"up",TRUE
"EOMES","up",1.27394884211345,-0.451108551083332,0.0469959446524748,"down",FALSE
"EP400","down",-1.51261531241847,0.0159543810000014,0.888147833622726,"up",FALSE
"EPAS1","down",-2.80093989630678,0.297675914166669,0.139865272509604,"up",FALSE
"EPB41L4B","up",2.86662393999258,-0.00825794633333339,0.9643817990671,"down",FALSE
"EPB49","up",2.43811463313086,0.16807714825,0.180585614461759,"up",TRUE
"EPHA10","down",-1.58712665051183,0.0320686627500004,0.761525202217808,"up",FALSE
"EPHA4","down",-3.13225280033462,0.214746054583334,0.0422474574130059,"up",FALSE
"EPHA5","up",1.8336976163094,-0.226575487499999,0.331504645032396,"down",FALSE
"EPHB2","down",-1.57079684956494,-0.143378089166665,0.391320061801503,"down",TRUE
"EPHB3","up",1.61849432361478,-0.592267327749999,0.0125167435787275,"down",FALSE
"EPHB4","up",2.56974329850307,-0.118834242333333,0.492197591116098,"down",FALSE
"EPHX1","up",4.42506943304416,-0.181671224166666,0.0831007749407188,"down",FALSE
"EPM2AIP1","up",2.99933389822101,-0.195911145833332,0.0448979382904573,"down",FALSE
"EPN2","up",1.72452341375668,-0.0416134249999971,0.782288727443584,"down",FALSE
"EPRS","up",1.32952669069495,-0.122247484999997,0.05040929819435,"down",FALSE
"EPS15","down",-1.20735601925635,0.0659304427500007,0.267786534299728,"up",FALSE
"EPS8L3","down",-3.17007570711253,-0.00945964008333363,0.933343017121861,"down",TRUE
"EPSTI1","down",-1.15700851572068,0.138248432916667,0.216920388747137,"up",FALSE
"ERBB2","down",-4.51743833058297,0.0473772991666675,0.734749942940889,"up",FALSE
"ERBB4","up",1.34098706806361,0.128578714666667,0.513758027351998,"up",TRUE
"ERCC1","down",-4.26924333211033,-0.0130357699999985,0.918664815548387,"down",TRUE
"ERCC3","up",1.99354477601477,-0.0312632119166656,0.659326548608002,"down",FALSE
"ERG","down",-1.21819926158759,0.158321919083335,0.289541087586106,"up",FALSE
"ERH","up",3.52963099791395,0.0127220300000012,0.897319233980945,"up",TRUE
"ERP29","up",1.72591317918027,-0.0431826125000001,0.701421141758372,"down",FALSE
"ESAM","up",1.04620388955196,0.281376954250001,0.0499946955254132,"up",TRUE
"ESCO2","up",1.82222720714836,-0.035953844583333,0.791139715002101,"down",FALSE
"ESD","up",1.19827135163297,-0.0146260891666654,0.863421703270904,"down",FALSE
"ESM1","down",-1.87212478897576,0.195113423,0.0406181232717079,"up",FALSE
"ESR1","down",-1.39776945371757,-0.132876006666664,0.518895360166853,"down",TRUE
"ETNK1","up",1.14100331923102,-0.0553516412499993,0.459171750156015,"down",FALSE
"ETS1","up",2.66031962469221,0.3043371025,0.0344600785051564,"up",TRUE
"ETV3","down",-1.64793304325502,0.220908032666667,0.0507830609882487,"up",FALSE
"ETV5","down",-2.35985360979712,-0.0224028481666671,0.874197647623519,"down",TRUE
"EVI2B","up",3.13146846999632,0.0207646796666675,0.926366560422688,"up",TRUE
"EVI5L","down",-1.82850469042916,0.0324838625833335,0.802378645273396,"up",FALSE
"EVPL","down",-1.83003038252367,0.0771504007500015,0.339775367528157,"up",FALSE
"EXOC4","down",-2.25310144833102,-0.0191344029166659,0.838226118613711,"down",TRUE
"EXOC6","down",-1.05253859452876,0.157701835833335,0.219374943828718,"up",FALSE
"EXOC7","up",1.20191127102589,-0.0650754399999994,0.39153883873775,"down",FALSE
"EXOC8","up",2.38270249667662,-0.0273878494166663,0.825055305469053,"down",FALSE
"EXOSC2","up",2.45034165828218,-0.119031361499999,0.127200073328127,"down",FALSE
"EXOSC3","up",1.70071531315498,-0.103302228916666,0.258296620715019,"down",FALSE
"EXT1","up",1.67621540530466,0.222517788250001,0.0969913525684266,"up",TRUE
"EXT2","up",1.11534326251552,-0.0592907033333317,0.343363103173646,"down",FALSE
"EYA1","down",-1.9654429095549,0.109130354666668,0.857613098726537,"up",FALSE
"EYA4","down",-1.0548855595107,0.0511941633333336,0.926099236968478,"up",FALSE
"F11","down",-2.31193001911814,-0.0829855665833329,0.505158626741195,"down",TRUE
"F11R","up",2.19613736789686,0.170985446916667,0.481828753178336,"up",TRUE
"F2","down",-1.94876629942924,-0.0108210079999993,0.882294842684635,"down",TRUE
"F2RL1","up",2.44206392007233,0.00530241358333351,0.977307320911487,"up",TRUE
"F2RL3","up",1.37133531816654,0.0681306320000002,0.540969721090582,"up",TRUE
"F3","up",3.70920293528814,-0.282247276333333,0.33424516415972,"down",FALSE
"F8A1","up",1.7718103367329,-0.203608420833332,0.194765692985508,"down",FALSE
"FABP1","up",1.06009159796273,-0.00735505466666555,0.966488185297902,"down",FALSE
"FABP4","up",2.42996843413502,-0.442437057416667,0.0171541932315657,"down",FALSE
"FABP6","down",-4.63332893348603,-0.1248382855,0.390005077890298,"down",TRUE
"FAF1","up",1.67043039638458,0.0801996341666676,0.369430156078678,"up",TRUE
"FAHD2A","up",2.56068370389428,-0.0280537691666654,0.724931057731238,"down",FALSE
"FAM100A","down",-1.09741473857718,-0.0469562732499993,0.75272902333213,"down",TRUE
"FAM101A","up",1.74406165384933,-1.0461786655,0.0601304356757777,"down",FALSE
"FAM103A1","up",1.96320679371182,-0.0182992048333328,0.865203798259419,"down",FALSE
"FAM104B","up",2.8384536638563,0.102240432083334,0.236957747116902,"up",TRUE
"FAM105A","up",1.12276010606307,0.038579759166667,0.905949722966432,"up",TRUE
"FAM109A","up",1.0465171828307,-0.12994341825,0.0674101769751353,"down",FALSE
"FAM109B","up",3.06769550122581,-0.0677225220833334,0.666730544422779,"down",FALSE
"FAM111A","down",-2.25672929542804,-0.127560733333332,0.315265239474852,"down",TRUE
"FAM111B","down",-1.42893889685385,0.0394805950000004,0.80976682063627,"up",FALSE
"FAM117A","down",-3.53635676697265,0.0740356366666676,0.4882982793234,"up",FALSE
"FAM118B","up",2.761236735858,-0.0960168621666659,0.380803994242985,"down",FALSE
"FAM120A","down",-2.0338351966098,0.016701485916668,0.887611194594864,"up",FALSE
"FAM120AOS","down",-1.20344161677855,0.0495164858333346,0.572398586186418,"up",FALSE
"FAM122A","up",2.54318276235317,0.0113718667500007,0.953604511257959,"up",TRUE
"FAM122B","up",2.58508623055996,-0.017021641333333,0.888363124649219,"down",FALSE
"FAM122C","up",1.5783438379263,-0.0573789524166661,0.592240955295712,"down",FALSE
"FAM18B2","up",1.71985881857441,-0.0761387202499989,0.32291337668045,"down",FALSE
"FAM19A3","up",1.84227884934536,0.0287656076666673,0.794363353810632,"up",TRUE
"FAM3C","down",-2.12304969166432,-0.0509832745833333,0.620893122492187,"down",TRUE
"FAM43B","down",-1.69825337812916,0.159975543750001,0.217963359341891,"up",FALSE
"FAM48A","up",2.05353372354,-0.0723504962499989,0.394951474673066,"down",FALSE
"FAM49B","up",1.79987410650577,-0.0656613784999997,0.66607793151601,"down",FALSE
"FAM50A","down",-1.46918534387776,0.149057083333334,0.200540605549409,"up",FALSE
"FAM54A","up",1.88130027813923,0.0171235218333334,0.91280390298982,"up",TRUE
"FAM54B","up",2.80875423448865,-0.0388409945000001,0.776837466323391,"down",FALSE
"FAM57A","up",2.44653902334247,-0.132804032999999,0.328514652700073,"down",FALSE
"FAM59A","up",1.83394764325997,0.12435309375,0.424295294391992,"up",TRUE
"FAM60A","down",-1.33751997588961,-0.0269432133333322,0.857499316201281,"down",TRUE
"FAM63B","down",-3.55792383242264,0.181938977416668,0.0397748613768926,"up",FALSE
"FAM65A","down",-1.26339052721509,0.10280883,0.200806384360436,"up",FALSE
"FAM70A","up",1.18364467026573,0.0846463855833332,0.758436443961989,"up",TRUE
"FAM70B","up",2.31401947459849,0.0716918075833345,0.619795226318242,"up",TRUE
"FAM76A","down",-1.17603050153744,0.0637433013333338,0.39727592598774,"up",FALSE
"FAM82B","up",2.67046155605794,0.177712989833333,0.0828381526719909,"up",TRUE
"FAM83A","down",-1.26217484458656,0.0309636390833341,0.818137963864554,"up",FALSE
"FAM83C","down",-2.4863024061217,0.110413070583334,0.178172589121691,"up",FALSE
"FAM84A","down",-2.9658230083856,-0.237615331583333,0.0484599769221507,"down",TRUE
"FAM89B","up",1.88062456447602,-0.0191037299999979,0.907082015547846,"down",FALSE
"FAM8A1","up",1.85469846553255,-0.00911808474999908,0.92711695918154,"down",FALSE
"FAM98A","down",-3.36303083866304,-0.0620857845833318,0.698857993869541,"down",TRUE
"FAM98C","up",2.04467986708682,0.0552324255454539,0.39025073847103,"up",TRUE
"FANCF","up",2.41915063296016,-0.522508635416666,0.0218478127259505,"down",FALSE
"FANCL","up",1.33544426670895,-0.282337629999999,0.116643702239191,"down",FALSE
"FARP1","up",2.97079646065341,0.156960978333335,0.194560079358737,"up",TRUE
"FASTKD1","up",2.3031375792171,-0.0681256163333325,0.361511699652216,"down",FALSE
"FASTKD3","up",2.63929457061753,-0.242008938249999,0.0300988668435154,"down",FALSE
"FAT2","down",-3.43514779782414,0.0166406425833335,0.88142420576428,"up",FALSE
"FAU","up",2.29533282707784,-0.027875769999999,0.787747443231917,"down",FALSE
"FBF1","up",1.8974369672827,-0.0500094261666659,0.609537965799975,"down",FALSE
"FBLIM1","down",-2.3577718686631,0.0552976375000012,0.854483739565086,"up",FALSE
"FBLN1","up",2.37860767025327,-0.401790592499999,0.0748996664609858,"down",FALSE
"FBLN2","up",2.59779442268322,0.235929129166667,0.220062868058411,"up",TRUE
"FBLN5","up",3.49622713506896,-0.4911693,0.0259154071801144,"down",FALSE
"FBP1","down",-1.61384858669002,-0.0601002748333332,0.678535961879153,"down",TRUE
"FBXL15","up",1.9699283398806,-0.0240229458333318,0.826508373086178,"down",FALSE
"FBXL16","down",-3.36044183160902,-0.328958035583334,0.0640038198911106,"down",TRUE
"FBXL18","up",1.85528056996229,-0.0138162649999988,0.919782349636503,"down",FALSE
"FBXL5","up",2.44807150660603,-0.0569034966666662,0.480294760047594,"down",FALSE
"FBXL6","up",1.85208287864436,0.000176288666666446,0.999461258611761,"up",TRUE
"FBXO11","down",-2.26016705724085,0.010575460333333,0.908144962148147,"up",FALSE
"FBXO15","up",2.13366846911127,-0.0571452521666664,0.717241956912897,"down",FALSE
"FBXO21","down",-1.11747955309201,-0.114821112499998,0.299526780646344,"down",TRUE
"FBXO3","up",2.45128679610212,0.0365065112500003,0.681294142831719,"up",TRUE
"FBXO33","up",1.57836412838835,0.0931667016666684,0.254451911739858,"up",TRUE
"FBXO38","up",2.61373797655745,-0.0357769014166656,0.740998927641733,"down",FALSE
"FBXO46","up",1.08294213310894,-0.106284052916666,0.451632978697207,"down",FALSE
"FBXO5","up",2.14459980791124,0.0512909395000015,0.692256159945795,"up",TRUE
"FBXO7","up",1.97686920533377,0.012425686666668,0.907082015547846,"up",TRUE
"FBXO8","up",1.64393383930292,-0.0758571607499979,0.542794369611426,"down",FALSE
"FBXO9","down",-2.11198374438759,0.0180825016666671,0.839005321128278,"up",FALSE
"FBXW11","down",-2.38600946264275,-0.108370962499998,0.283197846138955,"down",TRUE
"FBXW2","up",2.03865558947507,0.0869838495000014,0.224434084641643,"up",TRUE
"FBXW9","down",-1.66280847941195,-0.0267919986666659,0.796844012770826,"down",TRUE
"FCAR","up",1.27238844634668,0.1500483875,0.247146046845738,"up",TRUE
"FCER1A","up",3.23961583480336,-0.0464773350833319,0.897575264991298,"down",FALSE
"FCER1G","up",1.84679095080686,-0.203503545833333,0.179015435996938,"down",FALSE
"FCGR2A","up",1.10223550593747,-0.0323373109166657,0.868455168244754,"down",FALSE
"FCGR2B","up",1.45309562634009,0.135943215833333,0.453982283981327,"up",TRUE
"FCGR3A","down",-1.92806099878589,-0.035590963999998,0.940328594101146,"down",TRUE
"FCHSD2","down",-1.40936073766851,0.0181713463333338,0.913465236807313,"up",FALSE
"FCN3","down",-1.44140634964169,0.069926146000001,0.573632489104108,"up",FALSE
"FCRL1","down",-1.75119482437104,0.0659978249166669,0.49236775537599,"up",FALSE
"FDFT1","up",1.70169405104299,-0.0363266658333327,0.697690775580353,"down",FALSE
"FES","down",-2.96382413851707,0.0581107012500006,0.693423595043929,"up",FALSE
"FEZ1","up",2.0465290566001,0.0917291465833341,0.180850107769903,"up",TRUE
"FEZ2","up",2.00836321691878,0.0496939475000014,0.499414475887089,"up",TRUE
"FFAR2","down",-1.15735097793523,0.035020919083334,0.735310694913224,"up",FALSE
"FGA","up",2.99945674107928,0.0846428983333338,0.445085526888944,"up",TRUE
"FGD2","up",4.23761713008428,0.0380113942500012,0.712141701659754,"up",TRUE
"FGF11","up",1.05429330585985,0.0348654407499998,0.7745012108103,"up",TRUE
"FGF17","down",-7.84818483352135,0.00227087616666669,0.985307312869254,"up",FALSE
"FGF7","down",-1.90630624349716,0.0836430042500012,0.677433102801283,"up",FALSE
"FGFR1","down",-2.86179062555759,0.112509928083335,0.280316887411835,"up",FALSE
"FGFR1OP2","up",1.93823745655557,0.148728245166668,0.0901603621852779,"up",TRUE
"FGFR2","up",1.12392690410656,-0.103068109666666,0.789583802253581,"down",FALSE
"FGFR3","down",-1.79790692264597,0.040184583500002,0.850255917689249,"up",FALSE
"FGL2","down",-2.05429382688875,0.0611765216666671,0.858956218227447,"up",FALSE
"FHL2","down",-2.23960331006288,-0.147957274166665,0.601220996057163,"down",TRUE
"FHL3","up",1.8614131105525,-0.115688661833334,0.60747744818488,"down",FALSE
"FIP1L1","up",1.72447045838329,0.028698662916667,0.73583620732675,"up",TRUE
"FJX1","up",2.85242039415057,0.388246405166668,0.0992321823959527,"up",TRUE
"FKBP1A","up",2.12105347434189,0.010926512833334,0.925642240634792,"up",TRUE
"FKBP5","down",-5.58601636811688,-0.112094749666666,0.408246277151659,"down",TRUE
"FKBP6","up",2.32361612774843,0.0948918471666671,0.378379364188695,"up",TRUE
"FKBP9","up",1.69380455519969,0.00506843083333371,0.975009704539915,"up",TRUE
"FLJ43860","down",-1.44290226403023,0.0485708368333345,0.532328573686143,"up",FALSE
"FLNA","down",-2.21591630334989,0.148535248333335,0.734198841157386,"up",FALSE
"FLOT1","down",-1.09040131516987,0.0995655208333352,0.291182067290114,"up",FALSE
"FLRT1","up",1.2865356873964,-0.268043400999999,0.0918031595712453,"down",FALSE
"FLT1","down",-1.87092456404715,0.502035144666667,0.0369608282324589,"up",FALSE
"FLT3","up",1.6495664870699,-0.237533979833333,0.0418424872121172,"down",FALSE
"FLT4","up",1.07749739679757,0.0392258810000012,0.76578294693042,"up",TRUE
"FLYWCH1","up",1.72461194486242,0.0242442491666674,0.803364370928836,"up",TRUE
"FMNL1","up",1.92747791667298,0.118089543916668,0.388597213942013,"up",TRUE
"FMO4","up",1.81847384890438,-0.153358377166666,0.178059564615229,"down",FALSE
"FMO5","up",1.03617020064438,0.171310371583334,0.0250473273560214,"up",TRUE
"FMOD","down",-2.42278149734253,0.0806190358333339,0.566448677999484,"up",FALSE
"FN1","down",-2.05040006962763,0.0501628499999995,0.858272247014105,"up",FALSE
"FNBP1","down",-1.54399650824445,-0.0991694591666667,0.76346453805327,"down",TRUE
"FNDC3A","down",-3.15657949847869,-0.154932173333333,0.127314293521222,"down",TRUE
"FNDC3B","down",-2.64964599099554,0.2091905925,0.116255375595262,"up",FALSE
"FNDC4","down",-1.95678465786732,0.0760435876666664,0.641542211993456,"up",FALSE
"FOLH1","up",2.60684984441715,-0.215364140333333,0.352298590105333,"down",FALSE
"FOLR3","up",1.0972671380997,0.0399170318333337,0.784873434017955,"up",TRUE
"FOSL1","down",-2.22784514694752,0.875283076333333,0.025570064159678,"up",FALSE
"FOSL2","down",-1.08872825951034,0.735606808833335,0.0123702742557992,"up",FALSE
"FOXA3","up",2.28584644134971,0.00365742966666715,0.979260782223859,"up",TRUE
"FOXB1","down",-1.78910822685047,0.0899211088333338,0.180151016232216,"up",FALSE
"FOXD1","up",1.61563066092261,-0.0161351645833329,0.941168122097124,"down",FALSE
"FOXD3","up",4.64335463334652,0.141091889666667,0.0735211787046991,"up",TRUE
"FOXD4","up",2.58089633480749,0.0902893814166678,0.262800911357814,"up",TRUE
"FOXE3","up",1.27521067966781,-7.72706666667409e-05,0.999650542169788,"down",FALSE
"FOXF1","down",-2.12180137270987,0.421397416666668,0.15154062120546,"up",FALSE
"FOXF2","down",-1.40250750269411,0.212466425416667,0.767286276802685,"up",FALSE
"FOXJ1","down",-5.34565546662687,-0.0587930315833327,0.302014093437925,"down",TRUE
"FOXJ2","down",-2.37936649966433,-0.116288668499999,0.40458479499788,"down",TRUE
"FOXJ3","down",-2.25382242417618,-0.108526845,0.317487599861785,"down",TRUE
"FOXK2","up",1.06157638344531,0.0393177664166679,0.72469325384384,"up",TRUE
"FOXL1","up",2.89112587385095,0.354628703583334,0.0285469140531299,"up",TRUE
"FOXM1","down",-2.10749896766441,-0.0467832457499994,0.720891298486057,"down",TRUE
"FOXN1","up",1.96839824838843,-0.00281512216666639,0.984822356187748,"down",FALSE
"FOXN4","down",-3.29093889890461,-0.334263931999998,0.329866509936928,"down",TRUE
"FOXP2","up",2.32210677602963,-0.0365450193333333,0.878965420108122,"down",FALSE
"FOXP3","down",-1.72523351770995,0.0702012430000001,0.565065697073819,"up",FALSE
"FOXQ1","up",4.91682666571525,0.0862132441666686,0.297228785047628,"up",TRUE
"FPGT","up",2.27337429872178,-0.234832426583334,0.0726465432599108,"down",FALSE
"FRAS1","up",1.66944608421909,0.0412685050833347,0.887832178422618,"up",TRUE
"FRAT1","up",1.87371403673007,0.0502976846666674,0.513156791009066,"up",TRUE
"FRAT2","up",2.62354500478486,-0.392191681166665,0.0317739442166962,"down",FALSE
"FREM1","up",1.27191900061365,-0.349339815416666,0.11223024998412,"down",FALSE
"FRMD1","up",1.73660829535245,0.0461893381666673,0.707135442681232,"up",TRUE
"FRMD4A","up",1.07074823950906,0.091215549333335,0.393719535162122,"up",TRUE
"FRMD6","down",-1.50417686392872,-0.151537412499998,0.533355491266506,"down",TRUE
"FRS3","down",-1.90182423690155,-0.219681249416665,0.0273776960111946,"down",TRUE
"FSD1","up",1.5874481895526,-0.0659124519166659,0.551986570384337,"down",FALSE
"FST","up",1.08498967455921,0.237366467916668,0.142614488154202,"up",TRUE
"FSTL1","up",1.04695951951172,0.0840657758333343,0.606684518600697,"up",TRUE
"FSTL3","up",1.22806148857354,0.449100045583333,0.0174096558078231,"up",TRUE
"FTL","up",3.82322299645298,-0.00358238666666406,0.984613624651938,"down",FALSE
"FTSJ1","up",1.2758408273302,0.0322255236666674,0.724103081427122,"up",TRUE
"FUBP3","down",-2.30378542323194,-0.0769528476666655,0.465985684066864,"down",TRUE
"FUCA2","up",1.21232809135508,-0.0255384591666667,0.873965467219521,"down",FALSE
"FUK","up",1.2074708484685,-0.0495645334166651,0.650141716035838,"down",FALSE
"FURIN","down",-1.68425927625454,0.100850152,0.301478666414767,"up",FALSE
"FUS","down",-1.65821065998686,-0.0716320233333331,0.447199073897882,"down",TRUE
"FUT7","up",1.1478356768166,-0.0125671716666649,0.959515850714401,"down",FALSE
"FUZ","up",1.91314880165359,0.1013786805,0.187644797224868,"up",TRUE
"FXN","down",-1.51077709061049,-0.102516216249999,0.404685701653991,"down",TRUE
"FXYD3","up",3.63013033830945,0.124750400833334,0.771376160718541,"up",TRUE
"FYB","down",-3.20143717079273,-0.111077012083333,0.405739034131927,"down",TRUE
"FYTTD1","down",-3.20605883915436,0.00817998916666692,0.932586289382155,"up",FALSE
"FZD1","up",1.59191001909901,-0.135505931749999,0.374908505437594,"down",FALSE
"FZD2","up",1.43753899289475,-0.242427079083332,0.109112181375644,"down",FALSE
"FZD6","up",1.95405348581606,0.345333357000002,0.0353427908370524,"up",TRUE
"FZD7","up",3.58458250491995,-0.0357160125,0.912321951340945,"down",FALSE
"FZD8","down",-2.44783589673045,-0.0953722246666672,0.676675847163604,"down",TRUE
"G3BP2","up",1.00803489132822,-0.0350571699999989,0.606759659144919,"down",FALSE
"G6PC3","up",3.47799950211571,-0.0305953422499985,0.820936141695848,"down",FALSE
"GAB2","down",-2.29183635651652,-0.078180997999999,0.887837583141059,"down",TRUE
"GAB3","up",4.99971566638297,-0.125636273416665,0.32526142711027,"down",FALSE
"GABARAPL1","up",2.52524756927567,0.377584890666667,0.0164894426061754,"up",TRUE
"GABARAPL2","up",1.80029199225948,0.0308819475000022,0.757031146299576,"up",TRUE
"GABBR1","down",-1.94033257099396,-0.0826779719166651,0.602599787597674,"down",TRUE
"GABRA5","up",1.02582854186664,0.0535328819166669,0.706058398583823,"up",TRUE
"GABRG2","up",1.60804043616921,0.00342477475000091,0.978207814203549,"up",TRUE
"GABRG3","up",1.63747345843368,0.0472254973333341,0.675628594945684,"up",TRUE
"GAD1","up",1.32858764679836,-0.000818496166666241,0.997685775730258,"down",FALSE
"GADD45G","down",-1.56031891701085,-0.374299572333333,0.168872493988507,"down",TRUE
"GAGE1","up",1.92509464104332,-0.0174516775833329,0.904387197011336,"down",FALSE
"GAK","down",-2.75653452548896,-0.0018217169999996,0.990730712141151,"down",TRUE
"GAL3ST1","up",1.48299042927278,0.221917972333334,0.363482361165851,"up",TRUE
"GAL3ST4","up",1.36514301038998,-0.0118122663333332,0.925642240634792,"down",FALSE
"GALK2","up",1.8024224993267,0.104951805250002,0.155330210555681,"up",TRUE
"GALNT10","up",1.7625703166488,-0.0981751512500005,0.439924459695729,"down",FALSE
"GALNT14","down",-3.21855529317263,-0.0906282665833322,0.591046245140843,"down",TRUE
"GALNT5","down",-1.30779081474479,-0.15905880675,0.353570299863869,"down",TRUE
"GALNT9","up",1.05480069886691,-0.237041737499999,0.171036572497797,"down",FALSE
"GALT","up",1.0550928290497,-0.0515504383333328,0.64320770164129,"down",FALSE
"GAMT","down",-1.15346987858955,0.0911702819166687,0.306980710495251,"up",FALSE
"GAPDH","up",2.18131599656706,0.197421316666669,0.144481714679488,"up",TRUE
"GARS","up",2.13020611234278,0.0069768991666694,0.962147490193653,"up",TRUE
"GAS1","up",1.34142164848516,-0.676939860666666,0.0375664544249912,"down",FALSE
"GAS2","up",1.26097679823077,-0.355017916666665,0.217048203441682,"down",FALSE
"GAS7","up",2.35867686811022,-0.184124120583333,0.155764781888734,"down",FALSE
"GATA1","up",2.14255541299303,-0.117889945916666,0.271274257848884,"down",FALSE
"GATA2","down",-3.4625222963702,-0.237435383583333,0.0772385657539839,"down",TRUE
"GATA3","down",-2.97671700690825,0.094057016583334,0.79223410755225,"up",FALSE
"GATAD1","down",-1.26665271234431,-0.16686178425,0.0624861403752525,"down",TRUE
"GATAD2B","down",-1.46562744482272,-0.070974406333333,0.459633291819594,"down",TRUE
"GATM","up",3.45394733428551,0.240149926750001,0.0482071755745558,"up",TRUE
"GATS","up",1.41895333514029,0.0129821893333341,0.914157604540136,"up",TRUE
"GBA","up",1.61449458973471,0.125810176083334,0.238510441965318,"up",TRUE
"GBAS","up",1.22460346998765,-0.0155151992499987,0.929203108271286,"down",FALSE
"GBE1","up",2.57351239031211,0.193892611666668,0.156633478036617,"up",TRUE
"GBF1","down",-1.38071393557024,-0.0679088866666646,0.482893029479604,"down",TRUE
"GBP2","up",1.44120080902366,0.278594908333335,0.0209302149371089,"up",TRUE
"GBP3","down",-1.0425688390615,-0.0155607310833325,0.89145516912661,"down",TRUE
"GCA","up",1.81275199412109,0.171778527500002,0.190803136196811,"up",TRUE
"GCC2","down",-1.43894532388463,0.102223698583334,0.147959016496291,"up",FALSE
"GCH1","up",3.42114483602912,0.213346457083334,0.109730370611235,"up",TRUE
"GCLM","up",2.44615523770193,0.128754690583334,0.375558743467497,"up",TRUE
"GCN1L1","down",-1.85551205430763,-0.0919320358333321,0.265028869988152,"down",TRUE
"GCNT2","down",-2.04231727779079,0.0352886086666674,0.827553448338451,"up",FALSE
"GCNT4","down",-1.68640084051529,0.153573542916667,0.0597813043774353,"up",FALSE
"GDAP2","up",1.29812066487545,-0.0124016290833322,0.924493656292839,"down",FALSE
"GDF5","up",6.42780556701015,-0.0140516021666666,0.928848781369141,"down",FALSE
"GDF6","down",-1.68569938773068,0.124154567166667,0.369035443231021,"up",FALSE
"GDI2","up",1.79107634770488,-0.0577342641666669,0.461846581612154,"down",FALSE
"GDPD2","up",2.42232903360441,-0.0173422749999996,0.917049651624262,"down",FALSE
"GDPD3","up",3.65052370312959,-0.173383487833332,0.249774188783071,"down",FALSE
"GEM","down",-2.31342195433518,0.578774828333336,0.028547010016681,"up",FALSE
"GEMIN4","up",1.51086411642483,-0.230087303499999,0.0189732557060076,"down",FALSE
"GFAP","down",-1.37191331781208,-0.0255788113333336,0.819173614160686,"down",TRUE
"GFM2","up",1.2755266818146,-0.142876953,0.102399169834862,"down",FALSE
"GFRA2","up",1.35013177462875,-0.0167575360000016,0.951332849933199,"down",FALSE
"GFRA3","up",1.57064148384749,0.381203992333334,0.0964125391202868,"up",TRUE
"GFRA4","down",-3.10308133820718,0.087559905000001,0.213029160476304,"up",FALSE
"GGA2","up",1.90242580480382,-0.0700911262499995,0.387741797171395,"down",FALSE
"GGA3","down",-6.08202166758584,-0.154791836083332,0.0557386873807754,"down",TRUE
"GGCX","up",2.20507397130144,-0.0750744442499998,0.486526308047188,"down",FALSE
"GH1","up",2.04491696221213,0.0921591327500008,0.444021478776277,"up",TRUE
"GHRH","up",1.07369096750799,0.0637113857500002,0.509632044265994,"up",TRUE
"GIMAP1","down",-1.40117563470283,-0.471163646583332,0.0327258745975548,"down",TRUE
"GIMAP4","up",1.41183182465953,-0.219700249333333,0.260956302709105,"down",FALSE
"GIMAP7","up",4.3272621663101,-0.467707885833332,0.0506000432569828,"down",FALSE
"GINS3","up",2.37935795950734,0.0182756070833348,0.921814828437925,"up",TRUE
"GIPC2","up",2.12549174845012,-0.0353318824999995,0.68343298161873,"down",FALSE
"GIPR","up",2.51012108929911,0.187711783333333,0.0860046945558711,"up",TRUE
"GIT1","down",-2.42281437575901,0.05585905825,0.316766993456406,"up",FALSE
"GIT2","down",-1.10730836717758,-0.0935692806666658,0.260539830348035,"down",TRUE
"GJA1","up",1.59296525480383,-0.249708303333332,0.427096178036906,"down",FALSE
"GJB4","down",-2.53852900087317,0.0435334662500003,0.8273562907783,"up",FALSE
"GK","up",1.92991750251672,0.187632433166667,0.0623107982903386,"up",TRUE
"GLA","down",-1.73788634565239,0.0993865466666687,0.370480743047363,"up",FALSE
"GLB1L","up",1.59239340778105,-0.115958008583332,0.36311416912417,"down",FALSE
"GLG1","down",-2.51596820820737,-0.0537010091666673,0.548939242487862,"down",TRUE
"GLI3","up",2.97493526572399,-0.104716299166667,0.353466457380772,"down",FALSE
"GLO1","up",2.61750097730573,-0.0881484639166659,0.435579600607469,"down",FALSE
"GLRX2","up",1.98741717579832,0.0626786034999997,0.374951419921173,"up",TRUE
"GLUD2","up",2.18612867979412,0.190106765333334,0.0959839351419887,"up",TRUE
"GLUL","down",-1.86027983338823,-0.122045770833332,0.525782508432822,"down",TRUE
"GM2A","up",2.37172737627765,0.0135192073333328,0.879833525723544,"up",TRUE
"GMFB","up",1.34139432024053,0.0101098267500016,0.912763021848556,"up",TRUE
"GMPPB","down",-1.51736449497128,-0.0354336934166654,0.762636341149224,"down",TRUE
"GMPR","up",1.68176938890103,0.081591870833335,0.484928019784129,"up",TRUE
"GMPR2","up",2.96764399130673,-0.0148087724999984,0.919312075791012,"down",FALSE
"GNA11","down",-1.65046657046717,0.0468830899166687,0.773212692893156,"up",FALSE
"GNA12","up",1.42162731846615,-0.0385083383333324,0.769837426834707,"down",FALSE
"GNA14","up",1.41226460925885,0.00388900175000009,0.983207513912588,"up",TRUE
"GNAL","up",1.4947675492137,0.159999335833335,0.0787320194552311,"up",TRUE
"GNAO1","down",-2.23328865290996,0.0303901494166664,0.859738868039851,"up",FALSE
"GNAS","up",1.30579551977722,-0.0439679150000011,0.573501730364033,"down",FALSE
"GNB2L1","up",1.27148764968963,-0.00768954499999833,0.94677070533388,"down",FALSE
"GNB4","up",1.6540094521015,0.219462597500002,0.0229049729719648,"up",TRUE
"GNE","down",-1.62475458105362,0.0225624425000008,0.812779746930097,"up",FALSE
"GNG11","up",1.294824983296,-0.0152732191666667,0.943705366096081,"down",FALSE
"GNG3","up",4.37812196668001,0.0922010249166672,0.41485598059643,"up",TRUE
"GNG4","down",-1.29110406806988,-0.0491691514999994,0.890115657636983,"down",TRUE
"GNG5","up",1.79703834413602,0.00301555833333457,0.98141705194086,"up",TRUE
"GNG8","up",1.33270942287343,-0.0282437920833322,0.904917727893704,"down",FALSE
"GNGT2","up",2.32741176010886,-0.0698075090833333,0.492954951236954,"down",FALSE
"GNL1","down",-2.08446533950101,0.0405936750000014,0.628276660473657,"up",FALSE
"GNLY","up",1.96990082980639,-0.542198106499999,0.0129416455540133,"down",FALSE
"GNPDA2","up",1.84595830135662,-0.121070099,0.171036572497797,"down",FALSE
"GNRH1","up",1.73830791661171,-0.241595783499999,0.0877726228267896,"down",FALSE
"GNRH2","down",-2.28262809926514,0.0318829625000016,0.683803568335179,"up",FALSE
"GOLGA2","up",2.62683165988983,-0.0410903066666658,0.705277019748632,"down",FALSE
"GOLGA7","up",1.87793274978596,-0.0538113516666661,0.509632044265994,"down",FALSE
"GOLGA8A","up",1.51744401881092,-0.201472714583333,0.120063667064734,"down",FALSE
"GOLGA8B","up",1.09826168276859,-0.00866442066666488,0.96061492024739,"down",FALSE
"GOLT1B","up",4.00491233549669,-0.121298551749999,0.189856796809156,"down",FALSE
"GOPC","down",-3.08419869456547,-0.207929898833333,0.109170835202059,"down",TRUE
"GORASP2","up",2.29308627295359,-0.105055790833331,0.575464018374758,"down",FALSE
"GOSR1","down",-1.07993831931907,0.112747719583335,0.0505545766148373,"up",FALSE
"GOT1","up",3.28434496496392,0.00598041974999997,0.969479474317111,"up",TRUE
"GP2","down",-1.61348068622228,0.0485696534166674,0.726718625071333,"up",FALSE
"GPBAR1","up",1.85735435132056,-0.197258868249999,0.0952347783485408,"down",FALSE
"GPBP1","up",1.09552857792219,-0.0353473183333324,0.75068785744193,"down",FALSE
"GPBP1L1","up",1.74909034271707,-0.0305917333333324,0.772332819830229,"down",FALSE
"GPC3","up",2.80822530529933,0.217132048916668,0.409344129380413,"up",TRUE
"GPC4","up",3.50261419862069,-0.323923353416666,0.240750185361839,"down",FALSE
"GPD1","up",1.85112548255263,0.0482995825000003,0.600265017899465,"up",TRUE
"GPM6B","up",3.82564850387461,0.465711898916667,0.138087128498341,"up",TRUE
"GPNMB","up",1.68980537938699,-0.259266249999999,0.201041411981623,"down",FALSE
"GPR113","up",1.47606029242244,0.0337415966666673,0.723251042570611,"up",TRUE
"GPR116","down",-1.84151287208216,0.392509533083334,0.0276766403863077,"up",FALSE
"GPR125","up",2.69059735968753,-0.202754346249998,0.0508615136395903,"down",FALSE
"GPR126","down",-3.41698732692944,-0.00861292766666613,0.97432968504441,"down",TRUE
"GPR137","up",2.74198533584576,0.051804155166667,0.709723606497899,"up",TRUE
"GPR137B","up",2.14070700996437,0.2020526365,0.078845953216773,"up",TRUE
"GPR143","down",-3.21170906808918,-0.2597897825,0.120628797250165,"down",TRUE
"GPR144","up",1.31634000055863,-0.0332795120833325,0.678916582383175,"down",FALSE
"GPR150","up",2.46464382984244,0.0729110208333339,0.306676210463983,"up",TRUE
"GPR160","up",1.74833104107731,-0.0477160792499996,0.698000893346016,"down",FALSE
"GPR161","up",2.07157367210682,-0.161839827916666,0.536546837021292,"down",FALSE
"GPR162","up",1.43550042583843,0.20179793875,0.089544456278579,"up",TRUE
"GPR171","up",1.15978901001314,-0.207204487083333,0.345253419459159,"down",FALSE
"GPR174","up",2.23906669083221,-0.1112010475,0.410660213863232,"down",FALSE
"GPR25","up",1.23724039113963,0.105159379916667,0.226798529871696,"up",TRUE
"GPR31","up",1.44079612346114,0.0153808170833336,0.927503845158956,"up",TRUE
"GPR34","up",1.99462577387207,-0.222563117499999,0.421620743443966,"down",FALSE
"GPR35","down",-1.74690571907174,-0.0841990657499996,0.479833340419928,"down",TRUE
"GPR37","up",2.06480681844928,0.204871607666667,0.31746780653481,"up",TRUE
"GPR50","up",2.31219442040997,0.0844258110833329,0.247217563265516,"up",TRUE
"GPR6","up",1.67940641179847,0.0228820012499999,0.836694645827616,"up",TRUE
"GPR62","down",-1.52063345116373,-0.102359425999999,0.297128014066419,"down",TRUE
"GPR64","up",1.43958101290628,0.0524780592500012,0.914157604540136,"up",TRUE
"GPR83","down",-1.91071930923808,-0.0210551090833332,0.872516220088932,"down",TRUE
"GPR85","up",2.32104812884791,0.150414681666667,0.133975155997313,"up",TRUE
"GPR98","up",1.95495208459275,-0.128391080166666,0.182637956345069,"down",FALSE
"GPRASP1","up",1.52221949981991,-0.163887208333332,0.234405740840432,"down",FALSE
"GPRASP2","up",2.39245066668749,-0.174089057499999,0.0327258745975548,"down",FALSE
"GPSM1","up",1.41455420566749,-0.125065738333331,0.188811250303941,"down",FALSE
"GPSM2","up",1.61545768468948,0.492228085416668,0.0698372684699172,"up",TRUE
"GPX1","up",4.61803213452716,0.100964160000002,0.368991275590878,"up",TRUE
"GPX4","up",2.82101986213224,0.0831798966666678,0.477770625795489,"up",TRUE
"GRAMD1A","up",4.21419289646449,0.312062321416667,0.0239436961200309,"up",TRUE
"GRAMD1B","up",1.28868114640527,0.0202243896666675,0.843912800637425,"up",TRUE
"GRAMD3","up",1.46467934853149,-0.313725035499998,0.0366914817764823,"down",FALSE
"GRAP2","up",1.34212392063372,-0.0734229480833331,0.294399721354585,"down",FALSE
"GRB2","down",-2.19940678599544,-0.0522714375000003,0.501934255196043,"down",TRUE
"GRB7","up",2.45712815751269,0.00809792491666719,0.954279935501255,"up",TRUE
"GREM1","down",-1.21666742776646,0.033380695833334,0.927331450030596,"up",FALSE
"GRHPR","up",1.24517307397701,0.0581006566666672,0.392916639525649,"up",TRUE
"GRIK1","down",-1.935430629588,0.35391298,0.0237837828064743,"up",FALSE
"GRIK2","down",-4.45632083329494,0.246981433083333,0.0309580748031777,"up",FALSE
"GRIK3","down",-2.09748142018147,0.0364503562500004,0.837575653178064,"up",FALSE
"GRIK5","up",1.07936036001456,0.0443953685833342,0.65000174969077,"up",TRUE
"GRIN1","down",-1.96754122487985,0.173868630083333,0.0406247086934936,"up",FALSE
"GRIN2C","up",3.04413733176394,-0.10175639625,0.37976104547745,"down",FALSE
"GRK4","up",1.15639629297828,-0.0266403886666661,0.765543142057253,"down",FALSE
"GRK5","up",1.73844390189056,0.230246242500001,0.103900644247553,"up",TRUE
"GRM8","up",2.08351307722519,0.120106702583334,0.236619301499844,"up",TRUE
"GRP","up",1.5826157327242,0.0414727155000005,0.896204471345998,"up",TRUE
"GRPEL2","up",1.49217058254192,-0.207326112999999,0.0214283871023484,"down",FALSE
"GRWD1","up",1.18703348304221,-0.0318063806666656,0.728679752215534,"down",FALSE
"GSG1L","down",-1.387352393404,0.104224801916667,0.26087293906441,"up",FALSE
"GSPT1","up",2.30529499485721,0.182459699,0.0959839351419887,"up",TRUE
"GSPT2","up",1.95342646910501,-0.262771962333333,0.00853743118443771,"down",FALSE
"GSR","down",-1.41128663381975,0.0519057162500007,0.555884535961457,"up",FALSE
"GSS","up",2.33546679138682,0.0168195827500007,0.91738879641605,"up",TRUE
"GSTA4","up",3.22958406221891,-0.0730195824999984,0.447334868567525,"down",FALSE
"GSTK1","up",1.22876230502464,4.8694916668539e-05,0.999774787445085,"up",TRUE
"GSTM2","up",1.28272078438913,-0.217982956166667,0.0861168829194103,"down",FALSE
"GSTM3","up",1.93623467234806,-0.163595074999999,0.207717900040276,"down",FALSE
"GSTT1","up",1.22941042034213,-0.0359235769999988,0.669364779794221,"down",FALSE
"GTF2F1","down",-2.28665165824759,0.00947855666666787,0.914091731409598,"up",FALSE
"GTF2H1","down",-2.03196256356818,-0.0159029719999985,0.86636529573316,"down",TRUE
"GTF2H3","up",2.77237776406532,-0.0766774928333327,0.300704582635017,"down",FALSE
"GTF2H5","up",2.96984453747748,-0.0319899783333317,0.718141071339864,"down",FALSE
"GTF2I","down",-1.54345727906256,-0.140814983333331,0.0824063221059032,"down",TRUE
"GTF2IRD1","up",2.49432254268452,-0.0743797775833323,0.456488857970906,"down",FALSE
"GTF3C5","up",2.43360326661728,-0.0250935641666656,0.783041556501394,"down",FALSE
"GTPBP1","down",-1.09278453601174,0.0302310291666681,0.725728318876023,"up",FALSE
"GTPBP3","up",2.19351966757346,0.0101514482500007,0.915834792594094,"up",TRUE
"GUCA1B","down",-2.19960661140483,-0.168390030750001,0.0523772015447283,"down",TRUE
"GUCY1A3","down",-2.18432866912524,0.421652441666666,0.149702749592456,"up",FALSE
"GUCY1B3","up",2.4398666067041,0.273484647916668,0.0993107929014338,"up",TRUE
"GUF1","up",2.27685397501578,0.0626792330833335,0.619460537002269,"up",TRUE
"GUSB","up",1.43493534722073,-0.0123097074999987,0.94677070533388,"down",FALSE
"GYG1","up",2.39490620649493,0.137503237666667,0.530232936964011,"up",TRUE
"GYLTL1B","down",-4.6896765660432,0.0439057671666666,0.573632489104108,"up",FALSE
"GYS2","up",1.61601434554157,0.0263372097500007,0.856022989881765,"up",TRUE
"GZMA","up",1.73190614613295,-0.671515599333332,0.0413960269687366,"down",FALSE
"GZMK","up",1.69906908405015,-0.556152884333331,0.119024719992824,"down",FALSE
"H1F0","up",1.85795365331005,-0.141734010833333,0.280837282226126,"down",FALSE
"H1FNT","up",1.76821537018131,0.149553188166667,0.0938649932953326,"up",TRUE
"H2AFV","up",1.77140148685043,0.0683564291666672,0.555363925692651,"up",TRUE
"H2AFY2","up",1.41261901318377,-0.207192388333334,0.0379013024240478,"down",FALSE
"H3F3B","up",1.01628785216078,0.157249973333332,0.13632149446464,"up",TRUE
"HADHB","up",2.25442300762598,-0.0193402608333323,0.892943943683961,"down",FALSE
"HAGH","up",2.73308816594424,0.259653975250001,0.0134825850852427,"up",TRUE
"HAND1","up",1.77217603159171,0.0890766537500005,0.329075647494926,"up",TRUE
"HARS2","up",1.80414424098603,0.0402583241666662,0.698553749317212,"up",TRUE
"HAVCR2","up",3.88475199884384,-0.149670015166666,0.18966128265725,"down",FALSE
"HBA2","up",1.56717698768219,0.0806867825000018,0.907820739046277,"up",TRUE
"HBEGF","down",-2.73876176341952,0.957414441833334,0.00853743118443771,"up",FALSE
"HBS1L","up",2.74752472307524,0.0580048964166676,0.553568820640859,"up",TRUE
"HBZ","down",-1.18480369619945,0.0109099633333347,0.955790967634803,"up",FALSE
"HCFC1R1","down",-2.08458187487253,0.0597480891666681,0.724885712505534,"up",FALSE
"HCK","down",-1.51877904209078,-0.00393543058333286,0.97980740440859,"down",TRUE
"HCRTR1","down",-1.68307734356238,0.108443874083335,0.225622890606435,"up",FALSE
"HCST","up",2.92065246179003,-0.344877688333333,0.0834480387179461,"down",FALSE
"HDAC1","up",1.57214067893487,-0.0981899449999978,0.231952450178512,"down",FALSE
"HDAC11","down",-2.26211556739743,0.0746967437500019,0.52094010819099,"up",FALSE
"HDGF","down",-1.65600574794337,0.170809038333334,0.159633802280639,"up",FALSE
"HDGFRP3","down",-1.63566650375085,0.138876615833334,0.215581333077034,"up",FALSE
"HDLBP","down",-2.18411354161334,0.0062715408333346,0.973423879364128,"up",FALSE
"HEATR2","up",2.21435316217304,-0.0172398696666658,0.852132712184791,"down",FALSE
"HECTD1","down",-1.46003522087895,-0.0666001391666668,0.529608559467242,"down",TRUE
"HEMK1","up",1.79594129060001,-0.0379936334999991,0.628759951644253,"down",FALSE
"HEPN1","down",-3.05010759720134,-0.0222919444999994,0.884481638034451,"down",TRUE
"HERC4","up",2.36130460158023,-0.0855685088333332,0.319110033421283,"down",FALSE
"HERC6","up",2.30629263342776,-0.0621145878333322,0.630293752491175,"down",FALSE
"HERPUD1","up",1.05836097078601,-0.167799706666666,0.204810690101329,"down",FALSE
"HES1","up",1.39367099734548,0.414304055833335,0.0567937287734084,"up",TRUE
"HESX1","up",3.26019983807185,-0.0652930542499988,0.42477201411797,"down",FALSE
"HEXB","up",1.27901764457237,-0.0204424499999982,0.931334913217964,"down",FALSE
"HFE","up",1.9659054936534,-0.0270600576666658,0.739650338915999,"down",FALSE
"HGD","down",-6.24892366739057,0.0436287007500003,0.713265938785011,"up",FALSE
"HGF","down",-1.7753253966541,0.205068881083334,0.0602253960357443,"up",FALSE
"HGFAC","up",1.98194417934269,0.10452624,0.314584366782205,"up",TRUE
"HHEX","up",1.76903014727637,-0.42018716225,0.0919042879745361,"down",FALSE
"HHLA3","up",1.90333561209165,-0.0808105846666668,0.359791319226295,"down",FALSE
"HIAT1","up",2.64883656137784,0.172894292750002,0.0624438435155427,"up",TRUE
"HIATL1","up",2.23969767061423,-0.106565369583332,0.249306521754468,"down",FALSE
"HIBADH","up",1.27300985810956,-0.0494406016666653,0.641513751247782,"down",FALSE
"HIBCH","up",1.92275981900888,-0.177963919999999,0.230050446873962,"down",FALSE
"HIC1","up",1.61654632668746,0.1186446615,0.385713017391547,"up",TRUE
"HIF1A","up",1.57338664580903,0.254761443,0.0587625681695461,"up",TRUE
"HIGD2A","up",1.34270981548224,0.084035555000001,0.453916626318473,"up",TRUE
"HINT1","up",2.39714949478022,0.0324075758333355,0.656810059935436,"up",TRUE
"HIP1R","up",2.49154592988809,0.120351810583334,0.428684008210119,"up",TRUE
"HIPK1","down",-1.38387982409002,0.125534788333335,0.125590912161526,"up",FALSE
"HIPK2","down",-2.74173312964791,-0.0573653483333322,0.669084543776931,"down",TRUE
"HIPK3","down",-1.68208836245703,0.331768954916667,0.0260526164510292,"up",FALSE
"HIST1H1E","down",-1.98041519576691,0.0754699091666671,0.752148862857738,"up",FALSE
"HIST1H2AC","up",4.12834840023499,0.194624373666667,0.0385647305871975,"up",TRUE
"HIST1H2BC","down",-3.61094043223348,-0.0331351015833315,0.770240525259783,"down",TRUE
"HIST1H2BK","up",2.71652926785587,-0.20333452,0.0782730684345974,"down",FALSE
"HIST1H3H","up",2.09339798216241,-0.0210561909166664,0.901699260778323,"down",FALSE
"HIST1H4H","up",1.37752103957337,0.152768400166668,0.346839157318311,"up",TRUE
"HIST2H2BE","up",1.78154235240187,-0.0408899180833327,0.679285648354116,"down",FALSE
"HIST3H2A","up",2.76205320829774,0.0699424566666662,0.442821970780442,"up",TRUE
"HIST4H4","up",5.13763366782576,0.127752136750001,0.223595211092983,"up",TRUE
"HIVEP2","down",-2.97834285761979,0.240447186250001,0.0166299606243013,"up",FALSE
"HK1","down",-4.55357436640854,-0.0248226489166646,0.906991862180984,"down",TRUE
"HLA-A","down",-1.8265979880414,-0.042525571666665,0.682483189717323,"down",TRUE
"HLA-DMA","up",1.40359833161338,-0.140885403333332,0.270304948301551,"down",FALSE
"HLA-DMB","up",1.42744902309051,-0.170788612833334,0.271949285745845,"down",FALSE
"HLA-DOA","down",-2.72119523754745,-0.203749394166665,0.089544456278579,"down",TRUE
"HLA-DPA1","up",4.53308430141111,-0.217995025833332,0.0858126738839061,"down",FALSE
"HLA-DQA1","up",1.03966532013444,-0.182851581416666,0.230198655393987,"down",FALSE
"HLA-DQA2","up",2.63218476946666,-0.228344441999999,0.202977698047254,"down",FALSE
"HLA-DQB1","up",2.06499966929308,-0.0386851391666666,0.828602256059776,"down",FALSE
"HLA-DRA","up",1.11569003253425,-0.130100553333332,0.270251916242008,"down",FALSE
"HLA-DRB1","up",1.07299269091884,-0.0774119641666659,0.514062288677161,"down",FALSE
"HLA-F","down",-6.18426633361888,-0.0123598683333312,0.924493656292839,"down",TRUE
"HM13","up",2.060849015663,-0.0731132013333336,0.509632044265994,"down",FALSE
"HMBOX1","down",-2.13936317176563,-0.0272974949999977,0.800138342318842,"down",TRUE
"HMGA1","down",-2.50421750010607,0.0811159731666671,0.536566499321047,"up",FALSE
"HMGB2","up",1.99879452154149,-0.105008575833333,0.525466112161101,"down",FALSE
"HMGB3","up",2.2928098079014,-0.129716696583333,0.326252437129695,"down",FALSE
"HMGCL","up",2.49959159325907,-0.0412283664999982,0.674874193853577,"down",FALSE
"HMGCS1","up",2.08412088265268,0.0612771800000007,0.744072470172027,"up",TRUE
"HMGN1","down",-3.48908099890918,0.00129820583333565,0.99089429556426,"up",FALSE
"HMGN3","up",1.59482984765765,-0.0107196491666671,0.906145159390937,"down",FALSE
"HMOX2","down",-2.21805858559835,0.00613394583333527,0.961874065084344,"up",FALSE
"HMX1","up",2.51266362445864,0.1111616625,0.219005987374081,"up",TRUE
"HNF4A","down",-1.94697121444306,0.00875790000000043,0.936196167563741,"up",FALSE
"HNRPDL","down",-1.13247668950834,0.010470790833334,0.927272976868235,"up",FALSE
"HOXA1","down",-1.07901990619491,0.0779221375833336,0.523935685443103,"up",FALSE
"HOXA10","up",1.53483032016641,-0.406161697916666,0.0375616588862526,"down",FALSE
"HOXA11","up",1.62257918993864,-0.245555754583333,0.0319644493736019,"down",FALSE
"HOXA13","up",1.64146667867812,-0.267526184166665,0.210732154621555,"down",FALSE
"HOXA9","up",1.44018314024734,-0.615342891249999,0.0101016125817843,"down",FALSE
"HOXB2","up",2.25925208575407,-0.275423778749998,0.0807455379246272,"down",FALSE
"HOXB4","up",3.39423383458512,0.0737626822500005,0.625426243418091,"up",TRUE
"HOXB6","down",-4.31191393006759,-0.448659164749999,0.0273231449570021,"down",TRUE
"HOXB7","up",2.06410854001476,0.170456999166667,0.037074491120775,"up",TRUE
"HOXC12","up",1.15160213442078,0.0313819048333342,0.783499459655715,"up",TRUE
"HOXC6","up",1.35172669132053,0.061522751666667,0.49471754205569,"up",TRUE
"HOXD11","up",1.48820473960667,0.0858446481666663,0.632255586732478,"up",TRUE
"HOXD8","up",2.15634202098112,0.313784584416667,0.192455647322714,"up",TRUE
"HPCA","down",-1.07923998811214,-0.138825483916666,0.218279951296919,"down",TRUE
"HPCAL1","down",-1.33462181799368,-0.192777428333333,0.142315040286633,"down",TRUE
"HPR","up",1.58143402198327,0.0306583433333342,0.824801432700869,"up",TRUE
"HPS3","up",2.43119720157901,-0.229358956166667,0.0295633278324979,"down",FALSE
"HPS5","down",-2.14657581957729,0.0110238326666677,0.925642240634792,"up",FALSE
"HPX","up",1.68710598466875,0.0285851510833337,0.81355804977037,"up",TRUE
"HRASLS5","up",1.91879829784389,-0.0478065749999992,0.845872895599432,"down",FALSE
"HRH1","up",1.45464121891828,0.323110678333333,0.0469858088892894,"up",TRUE
"HS2ST1","up",2.0291420146825,0.106716195000003,0.226768782029594,"up",TRUE
"HS3ST3B1","up",1.83582057636837,0.10524618575,0.262522745386519,"up",TRUE
"HS6ST1","up",1.39489515190482,-0.13332916475,0.235161079633873,"down",FALSE
"HS6ST2","down",-2.65217043264476,0.103664424500001,0.862357450176309,"up",FALSE
"HSD11B1L","up",2.78160477249777,0.0122825280833335,0.921814828437925,"up",TRUE
"HSD11B2","up",1.77079298349035,-0.369046404666667,0.155967506861137,"down",FALSE
"HSD17B1","up",1.70522254985577,-0.00820073041666634,0.925642240634792,"down",FALSE
"HSD17B13","up",2.93481369068497,0.210569082500001,0.0486515814203002,"up",TRUE
"HSD17B2","down",-1.46917288997539,0.0181833042500008,0.849754625126936,"up",FALSE
"HSD17B4","up",2.05274908761992,-0.0579685074999995,0.421583310899697,"down",FALSE
"HSD3B7","down",-2.25187921150989,0.0732301709166668,0.606302399911991,"up",FALSE
"HSDL1","up",1.99923578240059,-0.188577967833332,0.11643285411479,"down",FALSE
"HSF2","up",1.41743652678185,-0.147886549583334,0.150648985153129,"down",FALSE
"HSF4","up",1.86371069272974,0.016983889000001,0.914763645755023,"up",TRUE
"HSP90AA1","down",-1.05723301108048,0.3376815025,0.0301689877008648,"up",FALSE
"HSP90B1","down",-2.94335433630558,-0.0400459483333316,0.698692592442648,"down",TRUE
"HSPBAP1","up",1.70762024591631,-0.12913352025,0.186797818828739,"down",FALSE
"HSPBP1","up",1.74600355363846,0.0517724333333341,0.502164402332164,"up",TRUE
"HSPD1","up",3.0997803699445,0.000456530833334303,0.998186980678444,"up",TRUE
"HTATIP2","up",3.39669753535735,0.112652078083335,0.331648041767242,"up",TRUE
"HTATSF1","up",1.29659284548245,-0.101326638333333,0.442676006062664,"down",FALSE
"HTR2A","up",2.22201970445634,0.0943660774166668,0.878046360243911,"up",TRUE
"HTR2B","up",1.71559250322534,-0.31452846825,0.340756536747207,"down",FALSE
"HTR3D","up",1.62082566686233,0.0594283803333339,0.602175401658778,"up",TRUE
"HTR5A","down",-8.19888350008634,-0.0150444283333328,0.857284652993798,"down",TRUE
"HTRA2","up",1.13862340726226,0.0639295824999992,0.444890332080806,"up",TRUE
"HUS1B","up",1.58132584008502,0.300936084,0.0217160266172053,"up",TRUE
"HUWE1","down",-1.70481907942038,0.0860805354166669,0.303996948714653,"up",FALSE
"HVCN1","up",1.20687717414423,-0.203278917666665,0.0261183841699698,"down",FALSE
"HYAL1","up",1.56526912039566,0.0226326924999986,0.895282664122712,"up",TRUE
"HYI","down",-1.22718101420093,-0.0393648041666657,0.650140018589666,"down",TRUE
"HYLS1","up",2.79225250049647,-0.23508108075,0.041812442041497,"down",FALSE
"IARS2","up",3.19764766570321,-0.0216440341666665,0.863033237309503,"down",FALSE
"IBTK","down",-2.39088267071815,-0.0446690708333325,0.496088290957461,"down",TRUE
"ICA1","down",-2.46114803383665,0.164380927166668,0.362999449126136,"up",FALSE
"ICA1L","down",-5.17671666717213,-0.0135782988333323,0.928676214267686,"down",TRUE
"ICAM2","up",2.73282287537134,0.364278620000003,0.120220692208589,"up",TRUE
"ICAM3","up",1.12696539174488,-0.0580759382499983,0.551060169169338,"down",FALSE
"ID1","up",2.06740900997519,0.199502830000001,0.467895672933943,"up",TRUE
"ID3","up",2.22772530590108,0.436467025833335,0.0140592735363518,"up",TRUE
"IDE","up",2.04903600388278,0.156951315583333,0.301017718959448,"up",TRUE
"IDH3B","up",1.32011019301215,0.0605224725000007,0.334243912238035,"up",TRUE
"IDI1","up",2.50777898925068,0.112213685333334,0.54316340992145,"up",TRUE
"IDI2","up",2.62434195549821,0.0374945052500001,0.810596378034294,"up",TRUE
"IDS","up",1.66582665135913,0.202244716750001,0.0171541932315657,"up",TRUE
"IDUA","up",2.4825749709954,-0.0417408782499997,0.782835497749274,"down",FALSE
"IER5","up",1.01110399703008,0.300134148333334,0.0284390153389917,"up",TRUE
"IER5L","up",1.78900198317782,0.288960209166667,0.0625521833506334,"up",TRUE
"IFI16","down",-1.65507301803156,0.189649671666667,0.268621465826899,"up",FALSE
"IFI30","up",1.27344982558724,-0.1005698675,0.626907791368905,"down",FALSE
"IFI44L","up",2.30422107185398,-0.210236890583333,0.290703016959184,"down",FALSE
"IFI6","down",-2.42818573551265,0.0503414552500016,0.729412295162268,"up",FALSE
"IFIT1","up",2.53667615909573,-0.0408504308333335,0.791532164296139,"down",FALSE
"IFIT5","up",2.08132445725656,-0.0165641857499983,0.865360127250891,"down",FALSE
"IFITM1","down",-1.83183833653118,-0.100025150833332,0.509818534164933,"down",TRUE
"IFITM3","down",-2.87626485686426,-0.0756586141666645,0.509632044265994,"down",TRUE
"IFNAR1","down",-1.11719067608879,0.213040415083335,0.0473113799679094,"up",FALSE
"IFNGR2","up",2.44491599241216,-0.00817645358333233,0.947945711129544,"down",FALSE
"IFRD1","up",1.8736600638008,0.549290300916667,0.0189732557060076,"up",TRUE
"IFT122","down",-6.77759586611135,-0.053196214583333,0.550967742517792,"down",TRUE
"IFT52","up",2.10373355434594,0.00212941366666683,0.98821305622254,"up",TRUE
"IFT80","up",1.30210996566873,-0.0312494944999999,0.694221523307301,"down",FALSE
"IGBP1","up",1.47943401446749,-0.0496457966666657,0.723179831522157,"down",FALSE
"IGF1","down",-3.16815449811077,0.074699560000001,0.812226938450919,"up",FALSE
"IGFBP2","up",1.84991337553511,-0.0272108983333321,0.916778416113765,"down",FALSE
"IGFBP3","up",2.53534202370358,-0.0886188491666646,0.793578399610103,"down",FALSE
"IGFL2","up",1.58114754401487,0.008666376583334,0.95777922663425,"up",TRUE
"IGJ","up",4.33200853316804,-1.40144884916667,0.0125167435787275,"down",FALSE
"IGLL1","up",2.4444615927201,-1.08559347258333,0.0303265071203566,"down",FALSE
"IGSF1","down",-1.21844510932055,-0.0662727078333311,0.779903357914717,"down",TRUE
"IGSF9","up",1.83914354896639,0.215858148916667,0.0227509152201042,"up",TRUE
"IK","down",-1.51587298913902,0.0122627741666688,0.915834792594094,"up",FALSE
"IKBKG","up",1.15897640270372,0.0456637326666672,0.546754773366728,"up",TRUE
"IL12A","up",2.16910640850224,0.152780366909091,0.2926182512041,"up",TRUE
"IL12RB1","up",2.30439018913532,-0.0253896346666665,0.732629535555318,"down",FALSE
"IL12RB2","up",1.84795126056475,-0.176298817833333,0.0363643198281878,"down",FALSE
"IL15","up",3.1842522338073,0.0150022561666667,0.94677070533388,"up",TRUE
"IL17F","down",-1.84811736656173,0.110019420583334,0.262800911357814,"up",FALSE
"IL17RC","up",1.70051429244961,0.124292725416668,0.175357146506105,"up",TRUE
"IL17RE","up",2.05803994965133,0.0735406660833333,0.596065582846013,"up",TRUE
"IL18BP","up",3.75733233641712,-0.0213365522500003,0.874632799664502,"down",FALSE
"IL1B","down",-1.34609336766075,0.847500075083333,0.148065436918387,"up",FALSE
"IL1F10","up",3.57834243690768,0.0503045515000002,0.699037585091381,"up",TRUE
"IL1RAP","down",-3.43399670604388,0.219890709166667,0.0640438018360131,"up",FALSE
"IL1RL1","down",-3.71580710271014,-0.0684813348333328,0.649875398484528,"down",TRUE
"IL1RN","up",1.96270944095225,-0.247593193166666,0.373583830783252,"down",FALSE
"IL25","down",-1.77043734079236,-0.030648358833333,0.793773359019483,"down",TRUE
"IL27","up",1.78354444968765,0.0472561574999992,0.643731982340998,"up",TRUE
"IL2RA","down",-1.64977611231654,-0.0891374864999995,0.199225891249939,"down",TRUE
"IL2RB","up",1.08061161915172,-0.647890302166667,0.0214254655291346,"down",FALSE
"IL2RG","up",3.52291013720867,-0.181394923916666,0.167844103610519,"down",FALSE
"IL31RA","up",2.17728187788292,0.0975207044166673,0.351741685829021,"up",TRUE
"IL32","up",4.14081923714397,0.155450247500001,0.283318891205201,"up",TRUE
"IL4I1","down",-2.07088940984031,0.116093960833334,0.620187677676594,"up",FALSE
"IL4R","down",-7.90949116673669,0.0956925666666669,0.61523819743394,"up",FALSE
"IL5RA","up",1.60731615603281,0.0771692917500002,0.278183900172618,"up",TRUE
"IL6ST","down",-3.80059766570515,0.168374422500001,0.367893759798291,"up",FALSE
"IL8","down",-5.87372999989006,0.584037427750001,0.178039758948247,"up",FALSE
"IL9","down",-2.16898238929168,0.00848466958333425,0.957096754667815,"up",FALSE
"ILF3","up",4.45508253162933,-0.071725024166665,0.375777046776207,"down",FALSE
"ILK","up",1.26624287574618,0.0380258516666662,0.920692790982432,"up",TRUE
"IMMT","up",1.45456047284489,0.0399235333333355,0.72930181631533,"up",TRUE
"IMPA1","up",1.85955599586269,0.0271034480833342,0.846525384926175,"up",TRUE
"IMPDH1","up",1.25513099328063,-0.0858849866666659,0.381930315144232,"down",FALSE
"INA","up",2.29167663386978,0.013576359750001,0.931488451371309,"up",TRUE
"ING1","down",-1.42254508430802,0.223182728083335,0.186149497654865,"up",FALSE
"ING2","down",-1.26305466353443,0.00550618000000061,0.95820711836983,"up",FALSE
"ING3","down",-1.88932116563973,0.0483695758333355,0.685636948366586,"up",FALSE
"ING4","up",3.2338229319415,-0.131900732166666,0.129416380816659,"down",FALSE
"ING5","up",1.46916684536478,-0.183358764749999,0.0804198499822559,"down",FALSE
"INHBA","down",-1.66002047617201,0.849180496083334,0.0413158037007091,"up",FALSE
"INPP4A","up",1.8057804539206,0.160217131416668,0.132233873361262,"up",TRUE
"INPP5A","up",2.48199196110047,0.0673291000000022,0.739270422070841,"up",TRUE
"INPP5E","up",3.38737300530049,-0.116210818083331,0.228239060821037,"down",FALSE
"INS","up",1.91653488610295,0.0725527496666672,0.419747007599428,"up",TRUE
"INSM1","up",3.85634712854812,0.0861434195000007,0.167490312656857,"up",TRUE
"INTS12","up",1.35389754452873,0.0260522339166669,0.798526290534882,"up",TRUE
"INTS6","down",-1.67921987859862,-0.00514398383333323,0.976684061193317,"down",TRUE
"INTS8","up",2.75430316715764,-0.159968236333332,0.158948920618362,"down",FALSE
"IPO13","up",1.0797586149573,-0.0523553243333319,0.785936654877782,"down",FALSE
"IPO4","up",1.12410953028868,0.0900487033333341,0.468367551379679,"up",TRUE
"IPO7","down",-1.17347965118705,0.206161554833334,0.0451193105825048,"up",FALSE
"IPP","up",1.61273998078854,-0.104373356666665,0.268966233782587,"down",FALSE
"IPPK","up",2.39472208029281,-0.0762058461666658,0.408763379699854,"down",FALSE
"IQCB1","up",1.02255431258827,-0.0698450639999991,0.400398264714014,"down",FALSE
"IQCE","down",-1.37673423831859,-0.0321733397499989,0.803070209250245,"down",TRUE
"IQCK","up",1.80678601707797,-0.105501714416665,0.299036590861338,"down",FALSE
"IQGAP1","down",-2.10145960895308,-0.0030232833333331,0.983656157553726,"down",TRUE
"IQGAP2","down",-3.23171714057715,0.356277434916667,0.0267270721891645,"up",FALSE
"IRAK2","down",-2.74756837509236,0.0621564660833342,0.694670427510345,"up",FALSE
"IRAK3","down",-1.37089554435603,0.0753078479166679,0.529919693094493,"up",FALSE
"IRAK4","up",1.72754676448717,0.036374454833334,0.701421141758372,"up",TRUE
"IRF2","up",2.25769362391613,-0.0967886224999991,0.338640069671867,"down",FALSE
"IRF2BP1","up",1.79995084051273,-0.172071621083333,0.105764680868841,"down",FALSE
"IRF2BP2","up",1.10869653285282,0.145916347500001,0.235783469995439,"up",TRUE
"IRF8","down",-2.55275090349572,-0.027554474333333,0.876355537621755,"down",TRUE
"IRS2","up",1.96141826211537,-0.0288484692499994,0.909313279596519,"down",FALSE
"IRX4","down",-2.18329657754649,0.13280242125,0.110304128217162,"up",FALSE
"IRX5","up",3.34050050098755,0.559092096,0.274662345055859,"up",TRUE
"IRX6","up",2.15474822624907,-0.00165591274999982,0.988767174236848,"down",FALSE
"ISG20","down",-1.72210045169599,0.288888016666666,0.254409187547497,"up",FALSE
"ISG20L2","down",-1.07638430569929,0.15607839775,0.115269163212134,"up",FALSE
"ISL1","up",2.57538579491509,0.114791363583335,0.5796602013832,"up",TRUE
"ISYNA1","up",2.91095160112042,-0.0226759382499993,0.912289368536703,"down",FALSE
"ITFG1","up",1.65874211409368,0.033384974833334,0.679818699211122,"up",TRUE
"ITFG3","up",1.51005810416422,0.0311165875000013,0.863218495823817,"up",TRUE
"ITGA10","up",2.28452710322757,0.199355717333334,0.0541017504037811,"up",TRUE
"ITGA11","down",-1.9877046117932,-0.160313192499999,0.536887917100995,"down",TRUE
"ITGA2","up",1.1198787729483,0.18024900075,0.145706669123223,"up",TRUE
"ITGAV","down",-1.28940294927404,-0.134624530833333,0.200016611126744,"down",TRUE
"ITGAX","down",-1.86873946302299,-0.240884066916666,0.0885985515738681,"down",TRUE
"ITGB1","down",-2.33559487236819,0.209952271666669,0.164443352675783,"up",FALSE
"ITGB1BP1","up",1.39863702003919,0.0684387100000013,0.560942876637199,"up",TRUE
"ITGB3","down",-2.44944289048112,0.597942096916667,0.0252514862000763,"up",FALSE
"ITGB4","up",1.03792700448849,0.265163564166668,0.0355966814017691,"up",TRUE
"ITGB5","up",1.36829929221362,0.172634032500002,0.254451911739858,"up",TRUE
"ITIH1","down",-1.96724638551649,0.3457245245,0.100652895925766,"up",FALSE
"ITIH5","up",1.63051045448185,0.138534473666667,0.646658448281033,"up",TRUE
"ITM2A","up",1.25795813951801,-0.0962638558333336,0.77758335968877,"down",FALSE
"ITM2B","up",2.1289508455774,-0.0293825283333325,0.812802089503771,"down",FALSE
"ITPKB","down",-6.11112409940884,-0.207947860833332,0.163272023860595,"down",TRUE
"ITPKC","down",-1.08848309380212,0.882625481416668,0.0305598617806891,"up",FALSE
"JAK3","up",1.62347828360768,-0.131963309499999,0.361943270484474,"down",FALSE
"JAKMIP1","up",1.47323928479616,-0.223638125166666,0.0715953885847704,"down",FALSE
"JAM2","up",1.5451268151038,-0.00852121166666592,0.968669631526524,"down",FALSE
"JMJD1C","down",-1.97608394209724,0.346209131416667,0.0299920308727849,"up",FALSE
"JMJD4","down",-2.08167687594984,0.0468372547500001,0.684150543580265,"up",FALSE
"JOSD1","up",1.58249694524035,0.163743958333334,0.0993604977883866,"up",TRUE
"JOSD2","up",1.16256248014547,0.0267179965833345,0.867448646374674,"up",TRUE
"JPH2","up",1.87056239225338,0.0405314670000009,0.943300889945144,"up",TRUE
"JSRP1","down",-1.39973362152783,0.00971512750000049,0.958992701308536,"up",FALSE
"JTB","up",1.69736301102863,-0.0823823458333331,0.431682447133003,"down",FALSE
"JUND","up",1.44134031846158,0.709909575833335,0.00892718765833606,"up",TRUE
"KAAG1","up",1.42494008820412,-0.0812005964999995,0.359463575516972,"down",FALSE
"KBTBD4","up",2.15160304357101,-0.0238221287499992,0.835735217137819,"down",FALSE
"KBTBD7","up",1.83584284459979,-0.48488602475,0.0094331133897643,"down",FALSE
"KCNA4","up",1.22147016204601,0.195666906083335,0.179376731459513,"up",TRUE
"KCNA7","up",1.5331394974052,-0.00685822883333302,0.948322018386663,"down",FALSE
"KCNAB2","down",-2.25294966740358,0.0611540251666676,0.394808529382599,"up",FALSE
"KCNB1","up",1.2818597042295,-0.299380205833333,0.443361513173753,"down",FALSE
"KCNB2","up",1.58963795267595,0.135507933833334,0.51987317349642,"up",TRUE
"KCNC3","up",2.62648866642987,0.0659764975000018,0.894152917971485,"up",TRUE
"KCNC4","down",-2.4402073306986,0.0186453712500008,0.918858244495191,"up",FALSE
"KCND3","down",-3.0003092265736,0.031187901666667,0.79787159231668,"up",FALSE
"KCNE2","down",-1.40056601814556,0.0428635155000006,0.741000242359365,"up",FALSE
"KCNE4","up",1.653241248586,0.608019154833334,0.0518889260252798,"up",TRUE
"KCNH1","up",1.21566691834031,0.125445991500001,0.222636831603896,"up",TRUE
"KCNH2","up",1.47110982075053,-0.0981624790000004,0.864160776292771,"down",FALSE
"KCNH7","down",-2.12480196265086,0.00781327733333357,0.946747965851608,"up",FALSE
"KCNIP1","up",2.10187153900295,-0.0206216980833332,0.839078532610251,"down",FALSE
"KCNIP2","up",2.28681007556874,-0.146085994583332,0.101843971912461,"down",FALSE
"KCNIP4","down",-7.16366880046584,-0.108099620249999,0.615037123686703,"down",TRUE
"KCNJ11","down",-2.15711412876562,0.0250833688333339,0.862079005876732,"up",FALSE
"KCNJ13","down",-1.44200245897728,0.0755732472500004,0.576299993582958,"up",FALSE
"KCNJ4","down",-6.97326599985394,0.102064840916667,0.372031093851962,"up",FALSE
"KCNJ6","down",-2.38020332846358,0.0822500925000006,0.352084369988453,"up",FALSE
"KCNK16","up",1.89147533808862,-0.0150255612499986,0.918858244495191,"down",FALSE
"KCNK17","up",2.45849245954788,-0.156997203333332,0.77432792412954,"down",FALSE
"KCNK3","down",-4.02012703768827,-0.0354583565833312,0.927970158449891,"down",TRUE
"KCNK9","up",1.55948843589972,0.0263333882500006,0.852619750043962,"up",TRUE
"KCNMB3","up",1.83239801683205,-0.000374812416666236,0.99895618457431,"down",FALSE
"KCNMB4","down",-1.00620609068368,0.150639180000002,0.125429761277393,"up",FALSE
"KCNN1","down",-2.30721566096646,-0.123347962583333,0.19788283171573,"down",TRUE
"KCNN2","up",1.82571924975695,-0.328131500666666,0.303938984179116,"down",FALSE
"KCNQ1","up",1.53073998149072,-0.123471954666666,0.33514644166136,"down",FALSE
"KCNQ4","up",1.65666499927779,0.0496290742500005,0.621574741648665,"up",TRUE
"KCNRG","up",3.45308560154872,-0.0543577484166661,0.669489478682615,"down",FALSE
"KCNS3","up",1.11123033714253,0.110731365333334,0.543173449131237,"up",TRUE
"KCNV1","up",1.13804226974315,0.00919164433333371,0.945145098471142,"up",TRUE
"KCNV2","down",-1.76446841290846,0.100365338583334,0.304341273628506,"up",FALSE
"KCTD13","up",2.50661890063796,-0.0290021922499996,0.776426738317169,"down",FALSE
"KCTD14","up",1.43426333476067,-0.0283100194999985,0.843374498926837,"down",FALSE
"KCTD15","up",1.70437848721535,-0.080818491166666,0.388570516945138,"down",FALSE
"KCTD18","up",2.50098808754806,-0.1674940605,0.163802007208076,"down",FALSE
"KCTD2","down",-1.80309921377925,-0.0516201894999992,0.450967696966365,"down",TRUE
"KCTD3","up",2.08641520014328,0.00785243000000144,0.949723145050816,"up",TRUE
"KCTD6","up",2.5405469030804,-0.260519264249999,0.0135620572108562,"down",FALSE
"KCTD8","up",1.68578351729325,-0.315073593916666,0.0610871128356846,"down",FALSE
"KDELC1","up",1.01754084369655,-0.132156316999999,0.364023914477773,"down",FALSE
"KDELR1","up",4.76972043487465,-0.0529917724999998,0.570592611877822,"down",FALSE
"KDELR2","up",2.21490700658652,-0.0787719927499988,0.665997445733437,"down",FALSE
"KEL","up",2.29671640845216,0.00595785316666766,0.962510723997458,"up",TRUE
"KHDRBS1","down",-2.33125901254758,-0.0773201599999989,0.306123330494874,"down",TRUE
"KHDRBS3","up",1.30387319457428,0.183600752500001,0.27401062962031,"up",TRUE
"KHK","up",1.37460646053272,0.0662440285000018,0.658568504470877,"up",TRUE
"KIAA0040","down",-3.75516749675551,0.463317406166668,0.00985695740368889,"up",FALSE
"KIAA0182","up",1.5339292828855,0.0301821685000011,0.841538658293651,"up",TRUE
"KIAA0196","up",1.0133790009473,-0.0635785408333325,0.353111853174533,"down",FALSE
"KIAA0240","down",-7.94618533326506,-0.0206100175,0.855475514966981,"down",TRUE
"KIAA0284","down",-2.8904583664968,0.0451092616666673,0.787563531763433,"up",FALSE
"KIAA0494","down",-1.78173491233505,0.0304978058333349,0.80472291558501,"up",FALSE
"KIAA0513","down",-8.04429743314545,-0.038762781666666,0.808567427952592,"down",TRUE
"KIAA0664","up",1.67742556822701,0.081480116166667,0.414174365545018,"up",TRUE
"KIAA0754","down",-1.23498720562127,-0.425538182416666,0.0593180143474102,"down",TRUE
"KIAA0922","up",1.49766013534057,0.0321858204166675,0.853662232508663,"up",TRUE
"KIAA0947","up",1.08325646971538,-0.118792599916666,0.180988307394801,"down",FALSE
"KIAA1009","down",-1.98615415819587,-0.0341315071666652,0.654214173924351,"down",TRUE
"KIAA1109","up",1.94187948595226,0.0224588241666671,0.824801432700869,"up",TRUE
"KIAA1143","up",2.50619386388157,0.154286092333336,0.146756933051955,"up",TRUE
"KIAA1217","down",-2.22605758631317,0.155741772833333,0.280922182215831,"up",FALSE
"KIAA1244","down",-1.96064652092874,0.0092500746666687,0.933343017121861,"up",FALSE
"KIAA1377","down",-2.74042752642866,-0.0368582556666657,0.907820739046277,"down",TRUE
"KIAA1429","up",2.81754569777835,-0.0856381591666646,0.321523156216837,"down",FALSE
"KIAA1456","up",6.2188581333565,-0.00503752449999969,0.980375533982075,"down",FALSE
"KIAA1462","up",2.16805585371716,0.0931202133333341,0.327753102271507,"up",TRUE
"KIAA1549","up",1.99493132244573,-0.228504052666666,0.0192373199502635,"down",FALSE
"KIAA1598","up",2.71642289834428,-0.0676235682499993,0.790509790228654,"down",FALSE
"KIAA1614","up",3.16230532646237,0.0310792000000004,0.751503077416675,"up",TRUE
"KIAA1683","down",-1.20588930012699,0.614629412833333,0.0501271321973363,"up",FALSE
"KIAA1919","up",2.17363925950295,-0.0263134182499992,0.791532164296139,"down",FALSE
"KIAA2013","up",1.01001418387223,-0.021545056666666,0.847005888345177,"down",FALSE
"KIF12","up",1.11590712087369,0.0119085132500007,0.922811399170503,"up",TRUE
"KIF13A","down",-2.21098636184629,0.0890470887500017,0.382448339757114,"up",FALSE
"KIF14","down",-2.29240633469193,0.0689034478333339,0.567493883533267,"up",FALSE
"KIF21A","down",-3.39001456968014,-0.256274303166667,0.36481751116439,"down",TRUE
"KIF3A","down",-6.17279379966799,0.135913388583335,0.0929424452896862,"up",FALSE
"KIF5C","down",-2.28933380148866,0.23913134125,0.45146894553742,"up",FALSE
"KIF9","up",1.08965766558373,0.181272593916668,0.0838547589881248,"up",TRUE
"KIFAP3","down",-2.53384391141305,-0.0820535399999991,0.510337144640127,"down",TRUE
"KIFC1","up",2.95103627256561,-0.0620023035833327,0.629186334376244,"down",FALSE
"KIFC2","up",2.28585860058287,0.0599672268333346,0.649701559238377,"up",TRUE
"KIR3DL2","down",-1.52451883545446,-0.0495841761666657,0.74090464484516,"down",TRUE
"KLF10","up",2.15870030529768,0.671504629166669,0.0238872108640519,"up",TRUE
"KLF6","down",-3.19864033304433,0.549494429166669,0.0655192034577024,"up",FALSE
"KLF7","down",-2.70291762611664,0.419643622833333,0.0200881476689503,"up",FALSE
"KLF8","up",1.82231145073852,0.0332265050000019,0.814960914054585,"up",TRUE
"KLHDC3","up",2.37482585495626,-0.108734568333331,0.189132892626134,"down",FALSE
"KLHDC7A","up",1.54098008581106,-0.010996104249999,0.902810947101093,"down",FALSE
"KLHDC8B","up",2.80728666035735,-0.0797385645833319,0.475086858826677,"down",FALSE
"KLHL13","up",2.35373393496101,-0.681094519416666,0.0101213797565435,"down",FALSE
"KLHL17","up",1.14518310481801,0.0099353719166675,0.946747965851608,"up",TRUE
"KLHL2","down",-1.22576609070215,0.00953569683333414,0.936196167563741,"up",FALSE
"KLHL20","down",-1.39748898411785,0.0349761959166667,0.611408483239511,"up",FALSE
"KLHL23","down",-3.83848229547701,-0.268786815749999,0.19109167638475,"down",TRUE
"KLHL25","down",-1.09164033125856,0.0838518933333341,0.739711151979065,"up",FALSE
"KLK11","up",2.00301950046511,0.637000813833336,0.371738719510404,"up",TRUE
"KLK15","down",-6.91410066624505,0.318963200416667,0.0246354585176433,"up",FALSE
"KLK3","down",-2.12328332496888,0.065551231666667,0.450319621650809,"up",FALSE
"KLK5","up",1.45194531116663,-0.0698913055833329,0.884070014806244,"down",FALSE
"KLK9","up",1.54037520058043,0.0334251686666676,0.622396829266699,"up",TRUE
"KLRB1","up",1.83140520817919,-0.245462562583333,0.30402978989293,"down",FALSE
"KLRC2","up",1.14076746749216,-0.163716199416666,0.244769056813905,"down",FALSE
"KLRC3","up",1.92604949439133,-0.125320844166666,0.139225361595637,"down",FALSE
"KLRC4","up",1.19934920777275,-0.240293694249999,0.140103223340773,"down",FALSE
"KLRD1","up",2.23890428773904,-0.21929667625,0.0966368472626191,"down",FALSE
"KLRG1","up",2.37332987857882,-0.425785702083332,0.0252540731912121,"down",FALSE
"KLRK1","up",2.21209480557439,-0.130227506999999,0.25524024851443,"down",FALSE
"KPTN","up",1.16951887371975,0.0786750456666669,0.381510497687735,"up",TRUE
"KREMEN1","up",1.21806822902342,-0.0155535997500009,0.954197694094513,"down",FALSE
"KRR1","down",-1.00112601674817,0.0679564362500012,0.387042428402396,"up",FALSE
"KRT20","up",2.18850784086624,0.0630141187500005,0.472889461642998,"up",TRUE
"KRT24","up",2.11158841237601,-0.299143680416666,0.249485901150261,"down",FALSE
"KRT28","up",1.49535818747366,0.0545713432499999,0.580375502934018,"up",TRUE
"KRT8","up",1.72627451701949,-0.0396326025833326,0.632756572060564,"down",FALSE
"KRTAP1-3","up",2.70767028991467,0.0192029063333343,0.886606027604656,"up",TRUE
"KRTAP1-5","up",1.09216947550016,0.0186281598333338,0.986021460220949,"up",TRUE
"KRTAP10-10","up",1.31206415777081,-0.0076560918333332,0.95032101660705,"down",FALSE
"KRTAP12-1","up",1.58429067359766,0.0170756411666674,0.872736553736572,"up",TRUE
"KRTAP17-1","up",2.12553773787463,-0.142304100083333,0.459633291819594,"down",FALSE
"KRTAP2-4","down",-2.57135452759378,0.057371848333333,0.723714283695001,"up",FALSE
"KRTAP4-12","up",2.47842720456326,0.0322462585000003,0.737315113106901,"up",TRUE
"KRTAP4-8","down",-2.88858319705068,-0.0838683755833328,0.420981085606701,"down",TRUE
"KRTAP5-5","down",-1.90858005987015,0.0480691649166666,0.57637711511211,"up",FALSE
"KRTAP5-8","up",1.33184581079763,0.0234081159166668,0.86892289996,"up",TRUE
"KRTAP5-9","up",3.12871829330143,0.0474801730000005,0.601441613974108,"up",TRUE
"KRTAP6-3","down",-6.98135750021967,0.660321478666667,0.0180499135256978,"up",FALSE
"KRTCAP2","up",4.23107313388027,-0.0607322674999976,0.423738482348366,"down",FALSE
"L1CAM","down",-1.02423371073489,0.329412515000001,0.0156889082493588,"up",FALSE
"L3MBTL3","down",-1.27116926715595,-0.104661756166666,0.494516742700956,"down",TRUE
"L3MBTL4","up",1.09788697213367,-0.105621660249999,0.267424941441063,"down",FALSE
"LACTB2","down",-1.6826018813026,0.012342875333334,0.914157604540136,"up",FALSE
"LAG3","up",1.13375256295658,-0.515413941916666,0.275836939566196,"down",FALSE
"LALBA","up",1.8511215237301,0.0203428769166675,0.872516220088932,"up",TRUE
"LAMA3","down",-1.54158095114355,0.227728775333335,0.0513651046811812,"up",FALSE
"LAMB2","up",1.29831965300666,-0.0308272258333326,0.729412295162268,"down",FALSE
"LAMB4","up",2.00801369373881,0.0498099705000011,0.563548429027563,"up",TRUE
"LAMP1","up",1.46703975924216,-0.00181185916666278,0.985525547632651,"down",FALSE
"LAMP2","up",2.21448832491934,-0.000332329083333637,0.999388961816634,"down",FALSE
"LANCL1","up",1.40329957582144,-0.054826218583332,0.628276660473657,"down",FALSE
"LANCL2","down",-1.07838794862416,-0.0186388477499992,0.854483739565086,"down",TRUE
"LAPTM4A","up",2.88195500832432,-0.136641788333331,0.133025357855709,"down",FALSE
"LARP4","down",-1.52212416504031,0.120019933000001,0.187665821028138,"up",FALSE
"LARP6","up",1.14378209068266,0.131470364166669,0.397688249176175,"up",TRUE
"LARP7","down",-1.82910720272504,0.0378301033333336,0.66177194489578,"up",FALSE
"LAS1L","up",2.01618988403029,0.0213630916666683,0.884070014806244,"up",TRUE
"LAT","up",1.13935266016948,-0.192716122583332,0.188005755786152,"down",FALSE
"LATS1","down",-1.32706526181891,0.167212471833333,0.244052246749132,"up",FALSE
"LCE1C","down",-1.18865905466312,0.0406931583333347,0.789317804346343,"up",FALSE
"LCE1D","down",-3.10328332608272,0.150617064166668,0.14103340497666,"up",FALSE
"LCE2C","down",-1.35888300501288,-0.0769349158333332,0.466747980008501,"down",TRUE
"LCMT2","up",1.32015427890854,-0.0540824729166667,0.721218125102615,"down",FALSE
"LCN12","up",2.59667047299452,-0.133311448083332,0.35532156427002,"down",FALSE
"LCN6","down",-1.77381787547808,0.128266751583334,0.409119543974029,"up",FALSE
"LCN8","up",1.46764764682106,0.0481557780833341,0.641542211993456,"up",TRUE
"LCOR","up",1.36801465483794,-0.179765948333333,0.0918589849795882,"down",FALSE
"LCP2","up",3.51966432969551,-0.246929268249999,0.0490333172633243,"down",FALSE
"LDHA","up",3.30411066759002,0.2552362425,0.0807615618346166,"up",TRUE
"LDLR","down",-2.84489219469369,1.131442625,0.0307260159554663,"up",FALSE
"LDLRAD1","up",1.44541832345814,-0.0855483322499994,0.434362120278624,"down",FALSE
"LDOC1L","down",-2.4490906028733,-0.0483398541666669,0.647738258438804,"down",TRUE
"LEF1","up",1.25242910248492,-0.333444324916665,0.310081934252857,"down",FALSE
"LEMD2","up",1.21418282291354,-0.0803215174999996,0.277269395018452,"down",FALSE
"LENEP","down",-2.67267083949048,-0.0322980007499998,0.814114270989693,"down",TRUE
"LEPR","up",1.73323015502227,-0.246039625583333,0.309152601452708,"down",FALSE
"LEPREL1","up",1.77581554659996,-0.261017189999998,0.298977053971607,"down",FALSE
"LEPROTL1","up",1.61409400578136,-0.0748765624999995,0.304541147935783,"down",FALSE
"LETM2","down",-1.6688991857035,0.0401761492500005,0.690787239446571,"up",FALSE
"LETMD1","up",1.90179694134717,-0.159268959166666,0.130741951357362,"down",FALSE
"LGALS12","up",1.34097920887924,-0.0206859064999996,0.897666844206684,"down",FALSE
"LGALS14","down",-2.3728487939063,-0.00237758883333272,0.985226188536246,"down",TRUE
"LGALS3BP","up",1.89097176535142,-0.00752969416666638,0.967201131181119,"down",FALSE
"LGALS4","down",-1.58631977472786,0.0868786217500004,0.464831692634309,"up",FALSE
"LGI4","up",3.0740525364651,0.319496156666668,0.0373069144799655,"up",TRUE
"LGR6","down",-1.57080738799016,0.320545669416668,0.350343444316301,"up",FALSE
"LHFP","up",2.9779437585471,-0.0438829124999975,0.769303811916759,"down",FALSE
"LHPP","down",-1.47047746413886,-0.218748295833332,0.124446129740682,"down",TRUE
"LHX2","down",-1.68860900701034,0.0476713090000007,0.611129928819509,"up",FALSE
"LHX9","up",1.54685876084439,0.16758050975,0.0338562443794242,"up",TRUE
"LIF","up",2.14856500714115,0.213407591416668,0.586887841316685,"up",TRUE
"LILRA2","down",-2.4471418786317,0.0144520207500008,0.919264932725243,"up",FALSE
"LILRA3","up",2.50950945750765,-0.0300237777499992,0.757207579752214,"down",FALSE
"LILRA6","down",-2.50168822263057,-0.0551965769999988,0.728097879467037,"down",TRUE
"LILRB4","up",1.32635049897957,0.0614310008333332,0.389575714446647,"up",TRUE
"LILRB5","up",1.38832467841911,-0.235955598249997,0.201001663541324,"down",FALSE
"LIMD2","up",1.39949094009103,-0.220259197499999,0.0337027110325816,"down",FALSE
"LIME1","up",1.20137766596473,0.0425659640000005,0.491017722511537,"up",TRUE
"LIMK1","down",-1.67728943665723,0.0559897730000004,0.808605765932179,"up",FALSE
"LIMK2","up",1.05034413296194,-0.0561296465833327,0.586493917102784,"down",FALSE
"LIMS1","down",-2.3497666624057,0.210241591666668,0.0818434630994827,"up",FALSE
"LIPT1","up",2.32781797676864,-0.294078779749999,0.0420510563581463,"down",FALSE
"LIX1L","up",1.01408822683581,-0.012978559583333,0.909901706908745,"down",FALSE
"LMAN1L","down",-1.52390635525109,0.0819790106666671,0.440846359513058,"up",FALSE
"LMBR1","up",3.43608892965736,0.023879505750001,0.802388780625858,"up",TRUE
"LMBR1L","down",-1.1844310632505,-0.0202969226666655,0.868021644316141,"down",TRUE
"LMBRD1","up",2.96304600544219,-0.0635442466666651,0.676200917250084,"down",FALSE
"LMBRD2","up",1.89340213189396,0.0712982364999999,0.186902049015686,"up",TRUE
"LMLN","down",-1.2759665378766,-0.0998005963333325,0.363932318462051,"down",TRUE
"LMNA","down",-2.1675420105614,0.612211170000002,0.0123463405747601,"up",FALSE
"LMO2","up",1.63184828359423,-0.0230544366666656,0.938740748614382,"down",FALSE
"LMO4","up",2.31351996683054,-0.0488406016666639,0.876196726424417,"down",FALSE
"LMX1A","down",-1.10616202358454,0.0260547556666669,0.828961132933867,"up",FALSE
"LMX1B","down",-2.08827849711121,-0.0404040577499992,0.648176369569577,"down",TRUE
"LOC389831","up",2.04148365668555,-0.332008691249999,0.0331097839414715,"down",FALSE
"LOC643669","down",-1.96222183922451,0.131625946083334,0.280294164637376,"up",FALSE
"LOC81691","up",1.90544675512463,-0.0558181376666653,0.605326743476136,"down",FALSE
"LONRF1","down",-3.57696946123629,0.11527338625,0.416069151106423,"up",FALSE
"LOR","up",1.32844334519394,0.0561579785833341,0.875438469564013,"up",TRUE
"LOXL4","up",2.06886916329823,-0.267328786083333,0.40597903970976,"down",FALSE
"LPHN2","up",1.98757914525738,0.384705798583333,0.00853743118443771,"up",TRUE
"LPIN3","down",-1.19993901659764,0.118794884583334,0.183677226417818,"up",FALSE
"LPL","down",-1.80410982793433,0.0671816018333346,0.884749126320305,"up",FALSE
"LPP","down",-1.39199724635356,0.102568114166667,0.766720526001952,"up",FALSE
"LPPR2","up",1.50194433754484,0.0388957387499994,0.724321563384412,"up",TRUE
"LPPR4","up",1.30141907847091,0.410237347916667,0.144845791727276,"up",TRUE
"LPXN","up",2.36656774179655,-0.107771879083333,0.309761704797907,"down",FALSE
"LRCH1","down",-4.79924033556522,-0.0695020037499996,0.629883412608628,"down",TRUE
"LRCH3","down",-1.15339691452633,0.0016866037499998,0.986944442252446,"up",FALSE
"LRFN3","up",3.1450091614629,0.00781447533333403,0.958453181390064,"up",TRUE
"LRIG1","up",1.77661930672976,-0.152119244166665,0.536015498793372,"down",FALSE
"LRP1","down",-2.12938088605686,-0.161818648333332,0.245132689800977,"down",TRUE
"LRP10","up",1.23469683449105,0.113631665,0.200501066962367,"up",TRUE
"LRP11","up",2.09497986273439,-0.0141263397499996,0.912446738778482,"down",FALSE
"LRPAP1","up",1.59549048427344,0.00397632000000163,0.966739510186711,"up",TRUE
"LRPPRC","up",1.31754864580543,-0.0138617147499998,0.873861064084061,"down",FALSE
"LRRC15","up",1.91687897604326,-0.0027270869166659,0.99131860859078,"down",FALSE
"LRRC19","down",-1.57845301657287,-0.0796344103333323,0.171413489119325,"down",TRUE
"LRRC20","down",-1.43596957379413,-0.149460463916666,0.3803743320931,"down",TRUE
"LRRC25","up",1.51549502727308,-0.11170171175,0.510493069918429,"down",FALSE
"LRRC27","down",-3.05204456455571,-0.166524557416665,0.108120299068968,"down",TRUE
"LRRC28","up",2.60902742788838,-0.0567139843333328,0.40461784780722,"down",FALSE
"LRRC3","up",2.25248317780906,-0.0921179676666666,0.329930704629199,"down",FALSE
"LRRC32","up",1.05025942274885,0.201575264166668,0.333013885128468,"up",TRUE
"LRRC38","up",1.80785866443025,-0.00078070124999974,0.997359038403305,"down",FALSE
"LRRC3B","down",-4.26441413451699,-0.0713119675833326,0.804201106606125,"down",TRUE
"LRRC4","up",1.72630198650615,-0.0381192287499996,0.865671680382179,"down",FALSE
"LRRC41","up",4.43597629898774,0.0173474233333355,0.856385714432284,"up",TRUE
"LRRC42","up",2.96846696522969,-0.0102491237499999,0.940010463846965,"down",FALSE
"LRRC45","down",-6.72757883293091,0.166210034583334,0.05459923748051,"up",FALSE
"LRRC49","up",1.81075431399352,-0.0452588636666656,0.658450357700476,"down",FALSE
"LRRC4C","down",-1.10841184689915,-0.208983031833332,0.453726601229357,"down",TRUE
"LRRC59","down",-1.25116723384327,0.0842343166666674,0.548939242487862,"up",FALSE
"LRRC6","down",-1.90299282836095,-0.0686687251666657,0.446808383677371,"down",TRUE
"LRRC8A","down",-2.83115005717783,0.176062196666668,0.0507964355854127,"up",FALSE
"LRRC8B","up",2.36275472451845,0.266695682666668,0.0372101488981242,"up",TRUE
"LRRFIP1","down",-2.94103749951461,0.330703725000001,0.00985695740368889,"up",FALSE
"LRRFIP2","down",-1.79319060988925,0.146373267666668,0.42754513200408,"up",FALSE
"LRRN1","up",2.70270390390601,-0.149995689333333,0.586493917102784,"down",FALSE
"LRRN3","down",-2.82137439735511,-0.262863202666667,0.512807717736539,"down",TRUE
"LRRTM4","down",-2.62435692980103,-0.0468694511666656,0.86537766579866,"down",TRUE
"LSM2","up",4.53178463510004,-0.0486910941666659,0.482139806652419,"down",FALSE
"LSM4","up",1.52333421807974,-0.0365023258333316,0.647831512531369,"down",FALSE
"LSM5","up",2.86937816094325,-0.0348124100000001,0.715858398130769,"down",FALSE
"LSR","down",-1.4863161805837,0.049185561166667,0.756596907260651,"up",FALSE
"LST1","up",1.31873881311468,-0.114962787916667,0.442696704110759,"down",FALSE
"LTBP4","down",-1.08188980569257,0.0349754225000024,0.850499456913991,"up",FALSE
"LTBR","up",1.60291513838921,0.122210578333334,0.100460291593449,"up",TRUE
"LTF","up",1.19504674298871,-0.3116005245,0.150227621422532,"down",FALSE
"LTK","down",-1.17482708465355,1.85511666679822e-05,0.999938687478237,"up",FALSE
"LUC7L2","up",2.38319136900374,-0.064688228333332,0.501934255196043,"down",FALSE
"LUM","up",3.34710617046202,-0.0566620166666645,0.834074028916871,"down",FALSE
"LXN","up",1.15565164672828,0.0191618116666688,0.938970518020346,"up",TRUE
"LY6G6C","up",3.41605852991097,-0.00146169974999992,0.996161332124581,"down",FALSE
"LY6H","up",1.69380678496025,-0.491258715916666,0.0675780420834261,"down",FALSE
"LY6K","down",-3.2129610077316,0.0441999399166667,0.834386031909075,"up",FALSE
"LY75","up",2.48227217399599,-0.157360987749999,0.32441051999245,"down",FALSE
"LY96","up",2.55272872511568,-0.0457351674999978,0.84353598485384,"down",FALSE
"LYAR","down",-1.50192166983398,-0.0113284404999993,0.921372550289002,"down",TRUE
"LYN","down",-1.38441248016592,0.116099564166667,0.263247301025315,"up",FALSE
"LYNX1","down",-3.06905433773062,-0.0465664199999999,0.652674613847028,"down",TRUE
"LYPD1","up",1.26569468574044,0.258701965749999,0.301495676993605,"up",TRUE
"LYPLA1","up",1.76751098763472,0.0662496110000021,0.384331203478259,"up",TRUE
"LYSMD2","up",1.6216321846338,-0.181794043333333,0.0469959446524748,"down",FALSE
"LYST","down",-3.28160379313192,-0.0461115610833328,0.762538856927722,"down",TRUE
"LYZ","up",4.32367826987986,-0.367880102083332,0.0966368472626191,"down",FALSE
"LZTFL1","up",3.64859243831931,-0.0016431729166658,0.990372144998238,"down",FALSE
"M6PR","down",-1.45036467594483,-0.0346686485833318,0.712290153469252,"down",TRUE
"MAB21L1","up",4.79569886796505,0.191718546916667,0.0657899491620897,"up",TRUE
"MACF1","down",-1.57807438252026,0.0809669100000005,0.356911916528376,"up",FALSE
"MAD2L1BP","down",-1.70190767899539,-0.0492471054166658,0.517593627660353,"down",TRUE
"MAD2L2","down",-1.04571848242953,0.0733412786666663,0.42413249206849,"up",FALSE
"MAF","down",-1.62383573263295,-0.211293701833332,0.0596042084872046,"down",TRUE
"MAG","up",1.35289725208317,-0.101604203749998,0.500534990995649,"down",FALSE
"MAGEA1","up",1.33913641551943,0.0838595430833339,0.609718827302107,"up",TRUE
"MAGEA10","down",-2.70457708905614,0.0257108760000005,0.78475732645545,"up",FALSE
"MAGEA6","up",1.06459655993415,0.453600016750002,0.0166173294972423,"up",TRUE
"MAGEB6","down",-1.32293451407574,-0.0317619234999998,0.698852318447579,"down",TRUE
"MAGEC3","up",2.7472749015774,0.00470010716666713,0.974801853220955,"up",TRUE
"MAGEE1","up",2.50124700232807,-0.0779151932499997,0.430066917347957,"down",FALSE
"MAGEF1","up",1.48002698015482,-0.205993470833332,0.120734472067433,"down",FALSE
"MAGEL2","up",1.21219060893101,-0.424751728416666,0.0406596175863292,"down",FALSE
"MAGI3","up",1.43904280480732,0.288233507583334,0.0719605396335024,"up",TRUE
"MAN1A1","down",-1.0806979763881,0.234036247416668,0.255770816487963,"up",FALSE
"MAN1B1","up",1.23967353884951,0.11631802275,0.277407633547485,"up",TRUE
"MAN2C1","up",1.3396967912228,0.0524626520000005,0.645533906152851,"up",TRUE
"MANEAL","down",-4.63865686943749,-0.161267190499999,0.0491613360980663,"down",TRUE
"MANSC1","up",1.54421393422128,0.0435131823333344,0.655699585615802,"up",TRUE
"MAP1B","down",-3.22425220080509,0.193323716333334,0.391881681409258,"up",FALSE
"MAP2K1","down",-1.17312314697461,-0.0260775274999977,0.800574304289571,"down",TRUE
"MAP2K5","up",2.29116219557095,0.043334899666666,0.548939242487862,"up",TRUE
"MAP2K6","up",1.74106373049212,0.119904763416667,0.263215282694734,"up",TRUE
"MAP3K12","up",1.09306366572523,0.0416844858333342,0.67460957668945,"up",TRUE
"MAP3K3","down",-2.83042043757649,0.0597200033333339,0.33380858426962,"up",FALSE
"MAP3K4","up",1.41620135672916,0.0273167256666676,0.830921386406769,"up",TRUE
"MAP3K7","up",2.03749991721901,-0.00764712850000002,0.927832207209342,"down",FALSE
"MAP4","down",-5.21353200097998,0.175185119166668,0.0468293199682746,"up",FALSE
"MAP4K3","down",-1.6940444130862,0.0306121520833327,0.79213590044633,"up",FALSE
"MAP4K4","up",2.12669561946885,0.222813738416667,0.0611904835052865,"up",TRUE
"MAP4K5","down",-1.24442343515395,-0.0767707146666651,0.514726158372486,"down",TRUE
"MAP9","down",-1.51562163105608,0.0978404982500006,0.424221302728819,"up",FALSE
"MAPK1","up",1.97690167713987,0.149468487272726,0.0966368472626191,"up",TRUE
"MAPK10","down",-1.03501447109123,-0.0749614089999981,0.656623448655218,"down",TRUE
"MAPK11","up",1.37932984317879,-0.0305023141666652,0.881044203818942,"down",FALSE
"MAPK14","up",1.39285922476682,-0.140916415,0.102359994921632,"down",FALSE
"MAPK3","up",1.16356275045493,0.00812857391666667,0.948322018386663,"up",TRUE
"MAPK6","up",1.56228302063034,0.0470390023333348,0.704616015414604,"up",TRUE
"MAPK8IP2","up",1.02483339710595,-0.0417689272499989,0.693340542244549,"down",FALSE
"MAPT","down",-1.98111161170755,0.400859789000001,0.022221360004076,"up",FALSE
"MARCKS","down",-2.45737917164297,-0.127964771666665,0.174812301547553,"down",TRUE
"MARCKSL1","up",1.93471120038272,-0.399515550666666,0.0191701014366372,"down",FALSE
"MARK2","down",-2.37403713677031,0.0402475015000017,0.567808993489075,"up",FALSE
"MARVELD3","down",-1.58085073681545,0.010550611666667,0.919264932725243,"up",FALSE
"MAST2","down",-1.59269722524985,-0.116735358333333,0.274523896294549,"down",TRUE
"MATK","up",3.11676699825315,-0.230053082916667,0.0528364892512216,"down",FALSE
"MAZ","down",-1.05568128445708,-0.0262437393333329,0.723154504618854,"down",TRUE
"MB","down",-1.98310491680263,0.0959552205000007,0.834386031909075,"up",FALSE
"MBD1","up",2.61848826253748,-0.0135768159166656,0.869899426972164,"down",FALSE
"MBD3L2","up",1.7164342029467,0.0686586142500004,0.428204733087751,"up",TRUE
"MBIP","up",2.73530616844982,-0.104301861333332,0.350178074075747,"down",FALSE
"MBL2","up",3.01282983666053,0.000691448666667074,0.994984001532667,"up",TRUE
"MBNL2","up",1.33724039138916,0.0117899524999998,0.933343017121861,"up",TRUE
"MBNL3","up",1.70919555589881,-0.0156213285833325,0.907744462056741,"down",FALSE
"MBP","up",1.92623816482978,0.0714238109166666,0.715332036506342,"up",TRUE
"MCCD1","up",2.76835720487427,0.00131733500000023,0.989792326246203,"up",TRUE
"MCEE","up",3.51301999901266,-0.285571330666665,0.00832928205094626,"down",FALSE
"MCF2L","down",-1.34058192258609,0.0965044578333335,0.515196393567648,"up",FALSE
"MCF2L2","up",1.82751712433393,0.024676980583334,0.815781321644516,"up",TRUE
"MCFD2","up",1.83851923638693,0.07047931225,0.47165171891717,"up",TRUE
"MCHR1","up",3.6389745971947,-0.0300071559166664,0.868377535426202,"down",FALSE
"MCL1","up",2.43344599433683,0.739963988333335,0.0278025288632359,"up",TRUE
"MCM3","up",1.88446546436973,0.00766648666666671,0.947487562894585,"up",TRUE
"MCM4","down",-1.76762043584051,0.0909028505000004,0.291546045476111,"up",FALSE
"MCOLN1","down",-1.38377710613332,0.109201261083333,0.36481751116439,"up",FALSE
"MCPH1","up",1.43209053640662,0.0553878990833341,0.668628370786386,"up",TRUE
"MCRS1","up",2.58210294008992,0.00272852016666716,0.984372005781844,"up",TRUE
"MCTS1","up",2.28255818121045,0.0112105133333335,0.917079211560158,"up",TRUE
"MDFI","up",1.17662666413167,-0.271622952416666,0.0214283871023484,"down",FALSE
"MDH1","up",2.98193789761243,0.0829191383333339,0.659863686246064,"up",TRUE
"MDH2","up",1.00518516649549,0.0282543733333349,0.839604432093365,"up",TRUE
"MDM1","up",2.24215876133479,-0.0137744964999997,0.955049545674262,"down",FALSE
"MDN1","down",-2.08981153687333,0.0258547802500014,0.862357450176309,"up",FALSE
"ME1","up",3.78456663096791,0.0137842814166667,0.951805685865064,"up",TRUE
"ME2","up",1.13115535942366,0.125213155916668,0.197877967855351,"up",TRUE
"MEA1","down",-1.67962115862656,-0.0621076191666665,0.516156688579663,"down",TRUE
"MECR","up",1.82034229178253,0.0272567650833337,0.769741271913417,"up",TRUE
"MED12L","down",-2.02364292914592,-0.0541944684999989,0.650856559132525,"down",TRUE
"MED18","up",1.52895306997532,-0.0473363108333332,0.772332819830229,"down",FALSE
"MED19","down",-2.27841606350935,-0.00925038749999886,0.928500195337314,"down",TRUE
"MED28","up",1.831324088554,0.0557721666666675,0.548816932089523,"up",TRUE
"MED31","down",-4.36450833599333,0.0295033265833345,0.773291100553025,"up",FALSE
"MED6","up",2.21769646089135,0.0691824888333334,0.279325477090655,"up",TRUE
"MED9","up",1.83209265676125,-0.206037993999999,0.0688135174369335,"down",FALSE
"MEF2C","down",-2.19321556004073,-0.000367007499999185,0.998624152134216,"down",TRUE
"MEF2D","down",-6.55248606687947,0.0515450940000004,0.580773687929423,"up",FALSE
"MEFV","down",-2.44564606588355,0.156796576750001,0.0568719349568279,"up",FALSE
"MEIS1","down",-1.22451703825751,-0.451527998333331,0.0413036052657952,"down",TRUE
"MELK","up",1.90290151620061,-0.146604859583332,0.213029160476304,"down",FALSE
"MEN1","up",1.62912898856304,-0.229936976333333,0.00620907860133004,"down",FALSE
"MEOX1","up",1.61056844681954,0.147989225000002,0.497376228120631,"up",TRUE
"MEOX2","up",1.84362208008594,0.00157372341666866,0.995433485689028,"up",TRUE
"MET","up",1.243485259673,0.0380598239999992,0.846840389168454,"up",TRUE
"METAP2","down",-1.0888664945205,0.0345464125000013,0.749139789196997,"up",FALSE
"METTL1","up",1.07202743650977,-0.125361329583332,0.334900688652904,"down",FALSE
"METTL9","up",1.37103984509937,0.00338487566666693,0.97980740440859,"up",TRUE
"MFAP3","up",1.39151324657498,0.191475940416667,0.0264178169368612,"up",TRUE
"MFAP3L","down",-1.73435541882247,0.00167616683333399,0.989792326246203,"up",FALSE
"MFGE8","up",2.25051329855462,0.148834671666668,0.203636842279696,"up",TRUE
"MFN1","up",2.5033946360573,0.0742234170833338,0.391831628556929,"up",TRUE
"MFNG","down",-1.92502010376521,-0.0477747725000008,0.821338489594785,"down",TRUE
"MFSD1","up",4.00925113273109,-0.000857339999997678,0.996471686327614,"down",FALSE
"MFSD4","up",2.25008571912996,0.0490508890833342,0.682512706141463,"up",TRUE
"MFSD7","up",1.22057958763319,0.176857265833335,0.0943766222328625,"up",TRUE
"MGAT1","up",1.63663733360333,0.0102028074999999,0.926350417925967,"up",TRUE
"MGAT2","up",1.20204334026707,-0.088680264333333,0.401714903112697,"down",FALSE
"MGAT5","down",-3.51237419573207,0.167472229416667,0.109730370611235,"up",FALSE
"MGLL","up",1.17166172994507,0.418125286666667,0.00832928205094626,"up",TRUE
"MGRN1","down",-1.38709035537477,-0.0930789325000004,0.377112973860032,"down",TRUE
"MGST1","up",1.92005898141009,-0.0930056474999982,0.659863686246064,"down",FALSE
"MGST2","up",2.10917665839697,0.0454019058333345,0.809984403127383,"up",TRUE
"MGST3","up",3.32475099383104,0.117001693333335,0.180791181052882,"up",TRUE
"MIB2","down",-1.42237602496361,0.0144636421666673,0.913406024491484,"up",FALSE
"MICAL1","up",1.1656102193595,0.0351866578333347,0.78961228949592,"up",TRUE
"MIER1","up",1.96211461285451,0.105934583333334,0.0989680018747947,"up",TRUE
"MIF4GD","up",2.14055595321747,0.140380915666668,0.117566354481995,"up",TRUE
"MINA","up",2.92723406485448,0.0608059259166669,0.546922682976947,"up",TRUE
"MINK1","down",-2.69344893118107,0.0364450650833339,0.596244969216111,"up",FALSE
"MINPP1","up",3.27900526405663,-0.190667298416665,0.0638129037637591,"down",FALSE
"MITF","down",-2.1979549438375,-0.267390603333332,0.340640525833462,"down",TRUE
"MKKS","up",1.10529536434407,-0.0181651800000002,0.820961394483764,"down",FALSE
"MKLN1","up",1.95283581267428,-0.110622616083333,0.102207816042498,"down",FALSE
"MKNK2","up",2.8019536579673,-0.040925296666666,0.74055223080009,"down",FALSE
"MKRN2","up",2.13640780712802,-0.134807282666666,0.10885853264086,"down",FALSE
"MLC1","up",2.23653719199467,0.812777899500001,0.0123404819961282,"up",TRUE
"MLF2","up",1.37464885657847,0.0178986416666684,0.869252148210601,"up",TRUE
"MLH1","up",2.24162409863736,-0.0635638524999982,0.653645252439736,"down",FALSE
"MLL3","down",-3.56382239832657,0.0632919416666671,0.50177566166979,"up",FALSE
"MLL5","down",-1.05014286841314,0.107807559166667,0.248222917061892,"up",FALSE
"MLLT1","down",-2.63128142372879,0.0557284941666675,0.502164402332164,"up",FALSE
"MLLT6","down",-2.03768489262383,0.0313555564166674,0.780917691400922,"up",FALSE
"MLX","up",2.45834016119306,-0.00550457974999933,0.947501099590785,"down",FALSE
"MLXIPL","down",-2.97492396224315,0.137423053250001,0.10162245742445,"up",FALSE
"MMP10","up",2.95418017072756,0.0745863530833344,0.512712839852924,"up",TRUE
"MMP16","up",3.47769653315332,0.0464751719166664,0.686759664440839,"up",TRUE
"MMP23B","up",1.14285033022192,0.167296693333335,0.494573415356712,"up",TRUE
"MMP27","up",1.45268799192711,-0.0698833106666657,0.78093533666773,"down",FALSE
"MMP7","down",-3.51619423689247,-0.0901770975833329,0.329098145792429,"down",TRUE
"MMRN1","up",2.22674301035042,0.0574705215833332,0.89769140380133,"up",TRUE
"MOAP1","up",2.29221415791245,0.137151368083333,0.333816154617025,"up",TRUE
"MOCS2","up",4.3958962019823,0.0148324606666678,0.877095622643977,"up",TRUE
"MOG","up",1.48239733813871,0.0124407672500005,0.907678753982075,"up",TRUE
"MOGAT3","up",1.62692034417393,0.0723967898333346,0.270500450463893,"up",TRUE
"MON1A","down",-1.99383620983297,-0.00148055758333287,0.9892570977585,"down",TRUE
"MON1B","up",2.26422182612783,0.105022980250002,0.113015834018338,"up",TRUE
"MORC1","down",-2.54478047300152,0.0812201712500001,0.385541322881813,"up",FALSE
"MORC3","down",-3.2784445665235,-0.165881496666667,0.278549988947873,"down",TRUE
"MORC4","up",1.5631033020672,-0.0870334124999995,0.482991367066362,"down",FALSE
"MORF4L1","down",-1.64252917737988,-0.0581841416666665,0.404466088575022,"down",TRUE
"MORF4L2","up",1.73518347246127,-0.205698181666666,0.166845361326491,"down",FALSE
"MOSPD3","up",3.91415870365846,-0.154302296583333,0.0709624398159729,"down",FALSE
"MOV10","up",1.3988360214663,-0.0317894469166659,0.703956852890243,"down",FALSE
"MOV10L1","up",1.96468547911127,0.112757326583334,0.516037089879231,"up",TRUE
"MPDU1","up",1.63146208225507,0.0511712516666682,0.777596675549909,"up",TRUE
"MPDZ","up",1.32946314234026,0.0174902183333342,0.921227062818429,"up",TRUE
"MPG","up",2.09542021544546,0.0592637791666683,0.425646782941497,"up",TRUE
"MPO","down",-2.95349946002859,0.052965192416667,0.6626958651661,"up",FALSE
"MPP1","up",1.38965975797583,-0.0637846691666662,0.511950543825628,"down",FALSE
"MPP2","up",2.05937459187852,0.121112592166668,0.585732509420984,"up",TRUE
"MPP4","down",-2.10537184141723,-0.0275821596666656,0.893538786049289,"down",TRUE
"MPP6","down",-1.4382549470639,-0.0864718264166663,0.438195259130819,"down",TRUE
"MPPE1","up",1.52628550021138,-0.0188254513333325,0.816044011888574,"down",FALSE
"MPPED2","up",1.2891640610538,-0.16703132575,0.438180801984715,"down",FALSE
"MPV17","up",1.19332969068069,-0.00398760683333297,0.976805274836634,"down",FALSE
"MPV17L","up",2.19695914586313,-0.115048211916665,0.385217489587604,"down",FALSE
"MPZ","up",2.22305132485685,0.158144803166667,0.184419009180927,"up",TRUE
"MR1","down",-1.09851725237518,0.0896972807500003,0.343253711859254,"up",FALSE
"MRAP","down",-1.67941924886411,0.257480972416668,0.0974931846076273,"up",FALSE
"MRAS","down",-3.00709910318669,0.102711249583334,0.567231522425903,"up",FALSE
"MRFAP1","up",5.23603110028258,0.00700533916666688,0.961777075960553,"up",TRUE
"MRGPRX3","up",1.67326423735194,-0.069246390416666,0.608386901302678,"down",FALSE
"MRM1","up",1.66321052334106,-0.296854776083332,0.0306301099302414,"down",FALSE
"MRPL1","up",2.02430215963598,-0.00435650024999967,0.972823610275171,"down",FALSE
"MRPL10","up",1.1956393838103,-0.0774024524999989,0.428013018264263,"down",FALSE
"MRPL15","up",2.86998496213625,-0.0160545225000002,0.881668710277976,"down",FALSE
"MRPL18","up",1.91368168377955,-0.0696135099999997,0.501448741098513,"down",FALSE
"MRPL21","up",1.50088147556614,-0.00300157416666568,0.97883567769799,"down",FALSE
"MRPL28","up",1.93678796206457,0.0987004083333338,0.231351771548148,"up",TRUE
"MRPL30","up",3.58463503189687,-0.00755340566666659,0.926288597366179,"down",FALSE
"MRPL32","up",1.54382828364074,0.0776756250000021,0.48905537518911,"up",TRUE
"MRPL33","up",1.02144049694295,0.147805765833335,0.0782730684345974,"up",TRUE
"MRPL37","up",1.53724800130809,0.0226040800000008,0.860166665448569,"up",TRUE
"MRPL43","up",1.38709868440482,-0.0383732158333326,0.65013567870749,"down",FALSE
"MRPL44","up",2.97312446059672,-0.104945949833333,0.258039557691405,"down",FALSE
"MRPL45","up",1.08274665965295,0.00638653916666721,0.948670450644385,"up",TRUE
"MRPL47","up",3.94311363186745,0.164198019166668,0.0824063221059032,"up",TRUE
"MRPL49","up",1.73784304851196,-0.025033367916666,0.808442052331462,"down",FALSE
"MRPL50","up",1.6851235784428,-0.0153603650000002,0.893117487437102,"down",FALSE
"MRPL52","up",1.45535068466488,0.00779085000000159,0.95562227889056,"up",TRUE
"MRPL55","up",1.06751901502621,-0.0069972791666646,0.943543574691141,"down",FALSE
"MRPS12","up",1.44195254480066,-0.0309900066666665,0.758436443961989,"down",FALSE
"MRPS14","up",4.96951539883715,-0.0726054291666654,0.30069393660888,"down",FALSE
"MRPS16","up",2.18993715584581,0.00309778416666678,0.978115532781195,"up",TRUE
"MRPS18B","down",-1.29221722116074,-0.141790654999998,0.0938300966052964,"down",TRUE
"MRPS2","up",2.81212235688383,-0.0733947108333325,0.383868565689618,"down",FALSE
"MRPS22","up",2.55881587645841,0.0227737025000011,0.792463753084814,"up",TRUE
"MRPS23","up",2.97580366240532,0.0193878648333338,0.833163490129522,"up",TRUE
"MRPS24","up",1.93310251500933,0.0540513141666687,0.438195259130819,"up",TRUE
"MRPS27","up",2.31202246775579,-0.0422751316666656,0.662913320510934,"down",FALSE
"MRPS28","up",1.84961402246737,0.10277627,0.145842336424659,"up",TRUE
"MRPS31","up",2.37684206979268,-0.0815692808333311,0.482753543751282,"down",FALSE
"MRPS33","up",1.52949564770259,-0.0309738141666669,0.715332036506342,"down",FALSE
"MRPS34","up",3.3742538351719,-0.109697449999999,0.163613970893575,"down",FALSE
"MRPS35","up",1.51154368896154,-0.0612796083333331,0.585787721798862,"down",FALSE
"MRPS36","up",1.39541542130318,0.158139553333334,0.0163519610545081,"up",TRUE
"MRPS6","up",2.65884112599858,0.115711001666668,0.216239507835853,"up",TRUE
"MRRF","up",3.16166245929585,-0.10836343,0.455509274105742,"down",FALSE
"MRVI1","up",1.07416842564111,0.0800048700000013,0.746455784019705,"up",TRUE
"MS4A4A","up",1.35215070268528,-0.383308907833334,0.0298956683684318,"down",FALSE
"MS4A5","up",1.28115370612956,-0.0355420292499997,0.789587027925226,"down",FALSE
"MS4A6A","up",3.34252967160646,-0.139212069166665,0.47165171891717,"down",FALSE
"MS4A7","down",-2.41003763452641,0.0567652004166683,0.844532253803391,"up",FALSE
"MSC","up",1.62472216107018,-0.0175707669999998,0.921640568865063,"down",FALSE
"MSRA","up",1.65483777120632,0.146673449416667,0.0426844190755086,"up",TRUE
"MST1R","down",-3.74985377046814,-0.0165377533333328,0.899695323218087,"down",TRUE
"MSX2","down",-1.15928997699616,0.589396826583334,0.0154516720707634,"up",FALSE
"MT1B","up",1.80703914338647,0.755120781666668,0.0324173310743475,"up",TRUE
"MT1F","up",1.88083450790756,0.350203202500001,0.0383585369395392,"up",TRUE
"MT1G","up",3.69448633342788,0.784738371666668,0.0311433972195827,"up",TRUE
"MT1H","up",1.26596202787773,0.672480715000003,0.0297380133977051,"up",TRUE
"MT1X","up",2.57491701197855,0.707340297500002,0.0327258745975548,"up",TRUE
"MTA1","up",1.26297020447598,-0.102695977499998,0.128061481189791,"down",FALSE
"MTERF","up",1.27234992397978,-0.336912585272727,0.0181759606018022,"down",FALSE
"MTERFD1","up",1.78736108027317,-0.206223309333332,0.022962593778695,"down",FALSE
"MTERFD2","down",-1.34496838619488,-0.178751880333333,0.0402580753421469,"down",TRUE
"MTF2","down",-1.84718752801563,-0.0886380308333324,0.333256203512692,"down",TRUE
"MTFR1","up",2.28785121137674,0.0881414211666669,0.421738992711222,"up",TRUE
"MTG1","up",2.51493150819966,-0.0945939879999989,0.20796244147592,"down",FALSE
"MTHFD1L","down",-6.2073831674595,0.117595960333334,0.339848166227958,"up",FALSE
"MTHFD2","up",3.35006076581314,0.0599436340833341,0.800794244625448,"up",TRUE
"MTHFSD","down",-1.44804178978369,-0.153033488166666,0.0427467836633142,"down",TRUE
"MTMR1","up",3.36828382666373,-0.0476333966666658,0.592189027787997,"down",FALSE
"MTMR11","up",2.23050999924474,0.0184820960833336,0.905705037857824,"up",TRUE
"MTMR2","up",2.03805958488757,0.0363642312500016,0.808353924877523,"up",TRUE
"MTMR3","up",1.04581044772188,-0.00604875424999901,0.958581398319503,"down",FALSE
"MTMR9","up",1.12301501599918,-0.0139243367499992,0.890384115671637,"down",FALSE
"MTNR1B","up",1.4058797161826,0.0354188051666663,0.760282150052297,"up",TRUE
"MTO1","up",2.50133345830277,-0.1554902065,0.136060232138151,"down",FALSE
"MTRF1L","down",-1.20067684883284,0.248261427000001,0.0498918027680183,"up",FALSE
"MTX2","up",1.82670495592486,-0.0639195990833321,0.434775624653156,"down",FALSE
"MTX3","down",-4.39169756967828,-0.184092456499999,0.0605915692434394,"down",TRUE
"MUC1","up",1.73666652134115,0.139346861166668,0.720392149198658,"up",TRUE
"MUC20","down",-1.58852357863153,-0.283626403416665,0.120040018723194,"down",TRUE
"MUC7","down",-1.9719429929765,0.0240239376666679,0.832453356470683,"up",FALSE
"MUSTN1","up",2.30550793834858,0.350799924166666,0.146166397477504,"up",TRUE
"MUTYH","down",-2.08313642246156,-0.0744635272499991,0.392156703418964,"down",TRUE
"MXD3","down",-2.44309663228702,0.00184942633333478,0.98740761051564,"up",FALSE
"MXD4","down",-1.28875431136754,-0.0699730426666661,0.42893605799116,"down",TRUE
"MYB","down",-1.04291023101465,0.710265665166668,0.0229049729719648,"up",FALSE
"MYBPH","down",-2.85634877209492,-0.0672097155833326,0.443545404800035,"down",TRUE
"MYCBP2","up",1.61156159546603,0.0693696033333342,0.604359996874326,"up",TRUE
"MYCL1","up",1.36656858103967,0.0542486932500008,0.460080520630893,"up",TRUE
"MYCT1","up",2.10615019499179,0.118795600750001,0.466314539113924,"up",TRUE
"MYD88","up",2.55996289429999,-0.0570017139166655,0.375441045571924,"down",FALSE
"MYEOV","up",1.31446967846367,0.0465442152499999,0.49792001988434,"up",TRUE
"MYH11","down",-2.76849597677322,0.233821388333334,0.715239887106349,"up",FALSE
"MYH14","up",2.93503287323122,0.0715983341666681,0.271949285745845,"up",TRUE
"MYH9","down",-1.91110061731999,0.0321844650000003,0.808574167657681,"up",FALSE
"MYL4","down",-2.16536980169017,0.142996876666666,0.281252280620202,"up",FALSE
"MYL7","down",-1.148706703554,0.0870569952500005,0.196178627745424,"up",FALSE
"MYLIP","down",-1.63119584809444,-0.178533524249999,0.297867929348318,"down",TRUE
"MYLK","up",2.66323833198202,-0.192896344999999,0.778358974564163,"down",FALSE
"MYLK2","down",-6.77362686667328,-0.0369718454999998,0.83638618778556,"down",TRUE
"MYNN","up",1.12219567272442,0.0549496940833345,0.549957451949242,"up",TRUE
"MYO18A","up",1.4448060295245,0.0413091858333342,0.593369246890962,"up",TRUE
"MYO18B","up",2.11456065961454,0.0187952425000008,0.878755269461912,"up",TRUE
"MYO1A","up",2.20614269451058,0.054773477750001,0.524406794570441,"up",TRUE
"MYO1D","down",-4.80599866666972,0.0952120441666674,0.639133523571382,"up",FALSE
"MYO3B","down",-1.93206313727872,0.0166346630833339,0.880604560619398,"up",FALSE
"MYO7A","up",1.43727552606281,-0.198771638166666,0.0784564865926835,"down",FALSE
"MYO9A","down",-3.28540242601844,-0.075675513333333,0.321224366057742,"down",TRUE
"MYO9B","up",1.53324098572458,0.0868450093333343,0.537051291644507,"up",TRUE
"MYOC","down",-2.279870707898,-0.7995071265,0.246095607405817,"down",TRUE
"MYOM1","down",-3.01188846212768,0.198951801833335,0.376419691319219,"up",FALSE
"MZF1","up",1.58058994937619,-0.0315227279166675,0.763832499993697,"down",FALSE
"N4BP1","up",1.93964375158407,-0.101887890916667,0.122923599801229,"down",FALSE
"NACA","down",-1.01827651803802,-0.0512592033333324,0.643470268706429,"down",TRUE
"NADK","up",1.06356216751849,0.0534923975833344,0.667661496427019,"up",TRUE
"NADSYN1","up",1.7959552504103,0.00739653975000045,0.954161575822065,"up",TRUE
"NAGPA","down",-7.08725280032663,-0.0118535475833319,0.928500195337314,"down",TRUE
"NANS","down",-2.08310084215902,0.0450256950833354,0.783866434619358,"up",FALSE
"NAPA","up",2.22051715253905,0.0872562644166671,0.520306189975295,"up",TRUE
"NAPSA","up",2.68541279019337,-0.0632944254999995,0.457767003619432,"down",FALSE
"NARG2","up",1.98147958621122,-0.0898014881666657,0.187665821028138,"down",FALSE
"NARS","up",1.71267065338633,-0.0859928341666657,0.256598857216595,"down",FALSE
"NAT1","up",2.32917567592476,-0.342875855249999,0.0934640145571885,"down",FALSE
"NAT2","up",1.51884761353193,-0.287265033916666,0.00892718765833606,"down",FALSE
"NAV1","up",1.68134621520166,0.145170777750001,0.281521332423432,"up",TRUE
"NBEAL2","down",-1.77517876597661,0.0382964518333335,0.730146465754304,"up",FALSE
"NBPF15","down",-1.14409911514992,-0.146521192500001,0.134005447154384,"down",TRUE
"NCAM1","down",-2.08338821739887,-0.105656224083333,0.415996350572961,"down",TRUE
"NCBP1","up",1.64232746219313,-0.0833612233333332,0.328466981223469,"down",FALSE
"NCK1","up",1.82959001372064,-0.209212604083332,0.0943766222328625,"down",FALSE
"NCKAP1L","up",1.18394442004365,-0.0961896594999994,0.229976005461514,"down",FALSE
"NCKIPSD","down",-1.70337928653807,-0.0168103359999996,0.901989517190562,"down",TRUE
"NCOA1","down",-3.45719293148298,-0.061744699166665,0.521496084842912,"down",TRUE
"NCOA3","down",-1.72906518439361,-0.0647620643333325,0.464114763915518,"down",TRUE
"NCOA6","up",1.03505164450661,-0.0946716783333311,0.398505268787925,"down",FALSE
"NCOR1","down",-1.91814771204967,0.0248721313333341,0.735892645375717,"up",FALSE
"NCOR2","up",1.88778528334271,-0.144425528333334,0.467761621401267,"down",FALSE
"NCR1","down",-1.77657180875575,-0.186796376666666,0.0976354130999674,"down",TRUE
"NDE1","down",-1.55920916902568,-0.1095717,0.332422072182812,"down",TRUE
"NDFIP1","up",2.64909381039155,-0.00658852499999872,0.956921150923962,"down",FALSE
"NDNL2","up",1.73755135369189,0.0870058984166673,0.132969177173392,"up",TRUE
"NDOR1","up",1.31764912762077,0.0575863241666674,0.551715306723463,"up",TRUE
"NDRG2","down",-1.34099145324208,-0.0276740641666663,0.871636470602755,"down",TRUE
"NDRG3","up",3.11499446083737,-0.126016403666666,0.0469959446524748,"down",FALSE
"NDUFA11","up",2.34427096372487,0.0957038808333349,0.279882164478325,"up",TRUE
"NDUFA13","down",-1.24899216355073,0.105442324166667,0.230076842233996,"up",FALSE
"NDUFA2","up",1.72491215931561,0.0112922900000018,0.906819421634658,"up",TRUE
"NDUFA5","up",2.16431549151444,0.0473702058333343,0.717999622810717,"up",TRUE
"NDUFA9","up",1.40141868831007,0.00774923583333449,0.950658808806136,"up",TRUE
"NDUFAB1","up",3.05907752862516,0.017850515,0.87242832600555,"up",TRUE
"NDUFB1","up",2.43088500430872,0.0606557050000005,0.42216562224052,"up",TRUE
"NDUFB3","up",1.8837920137587,-0.00100173333332992,0.992957664891123,"down",FALSE
"NDUFB4","up",2.97315192764266,0.0491027283333352,0.592189027787997,"up",TRUE
"NDUFB5","up",1.76128437965645,-0.0217470459999986,0.822466515923709,"down",FALSE
"NDUFC1","up",1.62275431264919,-0.00910653333333189,0.961484946652867,"down",FALSE
"NDUFV1","up",2.04939263369509,0.0868505241666667,0.223341053559794,"up",TRUE
"NECAP1","up",2.39718627642225,-0.0143784381666664,0.904503751123174,"down",FALSE
"NEDD4L","down",-1.66599528421717,-0.050816155916666,0.745155096502617,"down",TRUE
"NEDD9","down",-1.60176487056078,1.01025259266667,0.00853743118443771,"up",FALSE
"NEIL2","down",-1.93813065382975,-0.138117204333334,0.174978469105916,"down",TRUE
"NEIL3","up",2.35010828933437,0.035529822583334,0.698852318447579,"up",TRUE
"NEK4","down",-1.68240241101092,-0.0913708024166659,0.382668404057902,"down",TRUE
"NELF","down",-2.11121380844751,-0.0775287431666655,0.367287935436741,"down",TRUE
"NEO1","down",-1.81418058676575,-0.0645256489166655,0.757207579752214,"down",TRUE
"NETO2","up",2.40633660552401,0.175959956416666,0.180393296735742,"up",TRUE
"NEU2","up",2.60347459367344,0.0507742005000001,0.449013980372105,"up",TRUE
"NEURL","up",2.44442965454258,-0.926641773416666,0.00640825744147039,"down",FALSE
"NEURL2","up",2.78466407341241,-0.0583243358333331,0.684840066836202,"down",FALSE
"NEUROD2","down",-5.32414833432243,0.128317554416667,0.116188071414955,"up",FALSE
"NEUROG3","down",-1.13894333604154,0.110464491666669,0.229489037012698,"up",FALSE
"NEXN","down",-2.32780090727973,0.196728937500001,0.621125574385376,"up",FALSE
"NF1","down",-7.65140856691766,-0.0768663291666659,0.178946009196677,"down",TRUE
"NF2","up",3.17711337309221,0.00342671916666726,0.980887232537544,"up",TRUE
"NFAT5","down",-1.7608989709041,-0.078837729166666,0.558582590994857,"down",TRUE
"NFATC1","down",-2.11135691729422,0.233016306166668,0.282386185448347,"up",FALSE
"NFATC2","down",-2.70062306193259,1.22975522075,0.00853743118443771,"up",FALSE
"NFATC2IP","down",-2.41122813273966,0.00154635725000079,0.990208169187247,"up",FALSE
"NFATC3","up",1.02231269658602,-0.0942621231666653,0.227311134905637,"down",FALSE
"NFATC4","down",-2.39131917220656,0.0999450270000006,0.353481745968485,"up",FALSE
"NFE2L1","up",2.05482549091318,0.0951955916666673,0.338929024798491,"up",TRUE
"NFE2L2","up",2.01303798255186,0.0695480925000015,0.682524054125789,"up",TRUE
"NFIA","up",2.96554137438475,0.027628263333334,0.845872895599432,"up",TRUE
"NFIB","down",-1.1401399992087,-0.00790370749999914,0.956024208725093,"down",TRUE
"NFIC","down",-1.27161702668015,0.104282644000001,0.343609826052286,"up",FALSE
"NFKB1","down",-1.02468888811248,-0.0717761674166658,0.398861530718596,"down",TRUE
"NFKB2","up",3.43817599387185,0.176099238666667,0.116190456688193,"up",TRUE
"NFKBIA","down",-3.0412489934487,0.582566966666668,0.12364955687835,"up",FALSE
"NFX1","down",-3.29701716722821,0.0491729629999998,0.518258872090104,"up",FALSE
"NFXL1","up",1.31625078289139,0.0231508999166665,0.865671680382179,"up",TRUE
"NFYA","down",-3.07656102761656,0.255045251416667,0.075595444744528,"up",FALSE
"NFYC","up",2.66952345706521,-0.0449282201666651,0.491297589137114,"down",FALSE
"NGFRAP1","down",-1.39271132092681,-0.206282133333333,0.0393379366700495,"down",TRUE
"NGLY1","up",1.64623197860237,-0.107251544999999,0.229688543240765,"down",FALSE
"NGRN","up",1.86141513545087,0.107245365,0.249442526125365,"up",TRUE
"NHEJ1","up",2.65449053452561,-0.214066503083333,0.0145266315821428,"down",FALSE
"NHS","up",2.61527833059857,-0.35059132125,0.0696188977753766,"down",FALSE
"NINJ2","up",1.22954860953418,-0.0272768093333333,0.880905298281439,"down",FALSE
"NIPA1","up",1.89007654479461,0.0937153515833347,0.190518290387932,"up",TRUE
"NIPA2","up",1.49494389592027,0.10828830525,0.0914762473376436,"up",TRUE
"NIPBL","down",-1.49665965525195,0.0550373561666682,0.502561845850256,"up",FALSE
"NIPSNAP3A","up",1.52564099918183,-0.0928052954166659,0.510752886596728,"down",FALSE
"NIPSNAP3B","up",1.68900374687088,-0.104576593249999,0.272282556895735,"down",FALSE
"NISCH","down",-2.19880051307515,-0.149535724166666,0.234998918849933,"down",TRUE
"NIT1","up",1.87077234541497,-0.00457517858333271,0.962253261946128,"down",FALSE
"NKD1","up",2.09493099765081,0.0246542691666669,0.904805700966352,"up",TRUE
"NKTR","down",-2.76137525812647,-0.156749815833332,0.197469854970297,"down",TRUE
"NKX1-2","down",-6.12574786626056,0.128206914,0.0882968729888609,"up",FALSE
"NKX2-5","down",-6.5155621670743,0.116322157666668,0.171397955389717,"up",FALSE
"NME1","down",-1.6998519998539,0.0258157508333356,0.845951897922478,"up",FALSE
"NME2","up",2.739458328015,0.0240544466666661,0.852454329257539,"up",TRUE
"NME3","up",2.39271920548514,-0.0555678241666662,0.500519260196244,"down",FALSE
"NMNAT2","down",-1.88819982639529,0.134790212000001,0.62400853960018,"up",FALSE
"NMNAT3","up",1.07830562075824,0.0658921467500002,0.572720853973478,"up",TRUE
"NMRAL1","up",2.28107599912165,-0.027820053333332,0.729412295162268,"down",FALSE
"NMT2","down",-1.07341142320364,-0.0425047509999986,0.564166014733369,"down",TRUE
"NNAT","up",1.39634332231348,-0.129242836833333,0.622486188384562,"down",FALSE
"NOB1","up",1.25181511761555,-0.0658852925833326,0.357991988472981,"down",FALSE
"NODAL","up",1.17496465970038,0.0448840111666669,0.800794244625448,"up",TRUE
"NOL10","up",1.61284894578485,0.0644458180833337,0.381568437642111,"up",TRUE
"NOL3","up",1.10250051797842,0.00572826500000031,0.970567095347878,"up",TRUE
"NOL6","up",1.93604511805564,0.00376932041666796,0.978235317820131,"up",TRUE
"NOL7","down",-1.41649318331426,0.0491197816666694,0.726075984929032,"up",FALSE
"NOL9","up",1.28675289595886,0.0491936083333329,0.613320016143357,"up",TRUE
"NOS1AP","down",-2.1198568995557,-0.118046102583333,0.369430156078678,"down",TRUE
"NOS3","down",-7.44873610027687,0.176942934166667,0.29748678118858,"up",FALSE
"NOSTRIN","down",-1.38267754384075,-0.182332508333333,0.393703957927095,"down",TRUE
"NOTCH1","down",-2.50942767079471,0.1184157735,0.28990466623083,"up",FALSE
"NOTCH2","down",-1.49259397682616,-0.183306065,0.287761557112581,"down",TRUE
"NOTCH4","down",-1.38363335505631,0.0162848975000003,0.932746107509239,"up",FALSE
"NOV","down",-2.06322252140619,0.413585572416668,0.422288777573571,"up",FALSE
"NOVA1","up",1.17665078887981,-0.279911210666665,0.0389940309144656,"down",FALSE
"NOX4","up",1.78618636916152,-0.0360320370833326,0.849178134651181,"down",FALSE
"NOX5","up",2.57222779240914,0.277525368083334,0.0414233260881413,"up",TRUE
"NPC1L1","up",1.92545952180736,-0.021318575,0.816055257655135,"down",FALSE
"NPC2","up",3.07052182647634,-0.096133640000001,0.404685701653991,"down",FALSE
"NPIP","up",1.83629367204865,-0.164922435833333,0.209120979807932,"down",FALSE
"NPL","up",2.06905913396731,-0.308266047083333,0.0110086953875249,"down",FALSE
"NPLOC4","down",-2.38904233533829,0.0741227348333347,0.399297175219197,"up",FALSE
"NPM2","down",-1.4232889576058,-0.0451885308333325,0.879242417042637,"down",TRUE
"NPM3","up",1.8814574201231,-0.119247363166666,0.474290643634227,"down",FALSE
"NPSR1","down",-1.5605380545459,0.0104407590000007,0.936196167563741,"up",FALSE
"NPTXR","up",1.6300850233931,0.0278042576666671,0.801611745174112,"up",TRUE
"NQO1","up",2.10967758313447,0.0343262637500005,0.785503504913278,"up",TRUE
"NR0B2","down",-3.85329786656312,0.13963047425,0.0676546965956667,"up",FALSE
"NR1H3","up",1.04874682884894,-0.331599901666665,0.0615609096995444,"down",FALSE
"NR1I2","down",-3.19984547355562,-0.0130731990833328,0.906343472360009,"down",TRUE
"NR1I3","up",1.99045511139451,0.026018890000001,0.838626957975882,"up",TRUE
"NR2C1","up",3.2996251982939,-0.0847193205833317,0.308991947546506,"down",FALSE
"NR2C2","down",-1.78242164977655,-0.0232032935833332,0.823645484018183,"down",TRUE
"NR2F2","up",2.81724233573675,-0.276725044166665,0.0568205458953569,"down",FALSE
"NR3C1","up",2.22600880221789,0.068726545833334,0.565523111149493,"up",TRUE
"NR4A3","up",1.80094043455287,2.15914903191667,0.00962013322340461,"up",TRUE
"NRAP","down",-1.85353718442866,-0.000826249499999518,0.992855256665602,"down",TRUE
"NRBP1","up",1.19485031833784,-0.0116927033333329,0.912552313245186,"down",FALSE
"NRD1","up",1.1006008836177,0.0318208958333346,0.754652571182713,"up",TRUE
"NRG1","up",1.25865947887335,-0.0332300764166653,0.962520813433122,"down",FALSE
"NRG4","up",2.33223342015856,0.0101906100833335,0.950625274600263,"up",TRUE
"NRIP1","down",-2.29994965327746,-0.211963704583332,0.22034289358421,"down",TRUE
"NRM","up",2.54696499129262,0.0291423359166677,0.858956218227447,"up",TRUE
"NRN1","up",4.50611249848134,0.148881587500001,0.285079183419067,"up",TRUE
"NRXN3","down",-2.01170158030534,0.0412154538333322,0.901532885810142,"up",FALSE
"NSUN3","up",1.75847524119804,-0.0416305018333325,0.719734445398348,"down",FALSE
"NSUN4","up",1.97582480676316,0.102369107666668,0.141601474635708,"up",TRUE
"NSUN5","up",2.80450490895747,-0.252586060833332,0.0214254655291346,"down",FALSE
"NSUN6","down",-1.07605669805511,-0.0749652831666656,0.396893164714982,"down",TRUE
"NT5DC2","up",1.94518925344966,0.0118440403333342,0.93368551487654,"up",TRUE
"NT5DC3","down",-2.50595046507152,-0.0157169392499985,0.970134200697025,"down",TRUE
"NTF3","up",2.22021029291426,0.550310126500001,0.0378910168007067,"up",TRUE
"NTRK2","down",-1.70700000680355,0.295924004750002,0.0702703848594961,"up",FALSE
"NUBPL","down",-1.63485339473665,-0.00890199475000027,0.955175514795357,"down",TRUE
"NUCB1","down",-5.60733066591513,0.0357211829166678,0.755834281495682,"up",FALSE
"NUCKS1","down",-2.10013667128545,0.0434231666666671,0.55925382551223,"up",FALSE
"NUDCD1","up",1.8533819622168,0.0261020021666667,0.80852770984963,"up",TRUE
"NUDCD3","down",-1.31724895311657,-0.00275218966666536,0.983656157553726,"down",TRUE
"NUDT15","up",1.54509809238965,-0.0331454896666654,0.793283160996797,"down",FALSE
"NUDT21","up",2.81838269280719,0.0338076845833338,0.707834408714595,"up",TRUE
"NUDT22","up",1.10114295967102,0.0274953308333338,0.811514803537525,"up",TRUE
"NUDT4","up",1.33523077933093,-0.0309018159999984,0.849754625126936,"down",FALSE
"NUDT6","up",2.54407779328104,-0.124191810583334,0.186938878116458,"down",FALSE
"NUDT9","up",1.21175522375542,-0.120592049166667,0.0782563456933579,"down",FALSE
"NUMB","up",1.9008581541991,-0.0778482688333314,0.430952264100636,"down",FALSE
"NUMBL","up",2.09089332414268,0.0869197112500001,0.370211119463732,"up",TRUE
"NUP133","up",2.07662028353121,-0.128237485833333,0.0673911813424749,"down",FALSE
"NUP35","up",1.95578563826126,-0.0388520077499992,0.709655150975916,"down",FALSE
"NUP37","up",2.31952990168475,-0.0492920712499988,0.534391857930803,"down",FALSE
"NUP98","up",1.17216482522299,-0.0394272743333325,0.68577035440568,"down",FALSE
"NUPL2","up",2.82474307156327,-0.193599350333333,0.106740053829248,"down",FALSE
"NXF1","up",1.35810943872668,0.00368323750000268,0.974187904480552,"up",TRUE
"OAS1","down",-1.89533035028603,-0.0445513990833328,0.635116238080169,"down",TRUE
"OAS2","up",2.47030510423268,0.079914412666668,0.465761206515887,"up",TRUE
"OASL","up",1.72212712620704,0.269173348833334,0.0515333852712157,"up",TRUE
"OAT","up",3.90720600159025,-0.212841993333332,0.101690085851908,"down",FALSE
"OAZ2","up",1.12205668407634,0.0485147500000001,0.638501194763015,"up",TRUE
"OCA2","up",2.7941036281584,0.158788321166667,0.593369246890962,"up",TRUE
"OCLN","up",2.46827399714024,-0.0427152510000001,0.763969544007307,"down",FALSE
"ODF3","up",1.43432963725541,0.0204894311666671,0.890074943377006,"up",TRUE
"ODZ1","up",1.77167826334038,0.120336021916667,0.313541455769205,"up",TRUE
"OGFRL1","up",1.87065995602516,0.2666566605,0.0200613014445066,"up",TRUE
"OGG1","up",1.17198792626396,-0.263797157833333,0.00874850137408104,"down",FALSE
"OLFML1","up",1.27024647540681,-0.0486720419999995,0.625901960751539,"down",FALSE
"OLFML3","up",2.04219979979789,-0.195156596666665,0.119737756970261,"down",FALSE
"OLIG1","down",-3.26642732861731,0.029536752,0.797318018085918,"up",FALSE
"OMA1","up",1.94143666531302,-0.138098606333331,0.0476779219141823,"down",FALSE
"OMG","down",-1.756754188673,-0.10361191475,0.354739726739246,"down",TRUE
"OMP","up",3.28057953124377,0.0355595450000014,0.758297156737881,"up",TRUE
"OPCML","down",-2.42132750618947,-0.270280033749999,0.0916234501061766,"down",TRUE
"OPHN1","down",-1.45085028413273,0.0252111630833332,0.825707938742025,"up",FALSE
"OPN1SW","down",-2.54669133881539,0.0774069713333345,0.455358499452351,"up",FALSE
"OPN3","up",2.05759361609402,0.114132292083334,0.506649064496753,"up",TRUE
"OPRD1","down",-3.05509569311867,-0.119861751749999,0.131599421087264,"down",TRUE
"OPRM1","up",1.91538608994674,0.0346294980000004,0.647197033847422,"up",TRUE
"OR10A4","up",1.33956533997654,0.040530306666667,0.703956852890243,"up",TRUE
"OR10H3","up",1.6051045212226,-0.090626327416666,0.51987317349642,"down",FALSE
"OR2A14","down",-1.71871767167015,-0.0325103844166663,0.868777508628045,"down",TRUE
"OR2A7","up",1.88625194002233,0.011438994916667,0.914763645755023,"up",TRUE
"OR2B6","up",1.58182565552824,0.0543636863333332,0.575655573390522,"up",TRUE
"OR2F1","up",1.51568374307844,0.0118770159166667,0.914157604540136,"up",TRUE
"OR2H2","up",1.96301512597507,0.0620920290833346,0.421312928095834,"up",TRUE
"OR2L13","up",1.48206281992626,0.0425470195000006,0.682512706141463,"up",TRUE
"OR4K17","down",-3.10944156871923,-0.0365925349166664,0.696378220464222,"down",TRUE
"OR51B5","up",1.62077129815408,0.0182600899166674,0.910704205639279,"up",TRUE
"OR51E2","down",-3.44236526721096,0.0881597603333347,0.732033353470454,"up",FALSE
"OR7D2","up",2.3643532100352,-0.0220638362499995,0.862770742347967,"down",FALSE
"ORMDL3","down",-1.34496912451032,0.0118997016666669,0.916152450473575,"up",FALSE
"OS9","up",2.21144359762274,-0.00819482749999912,0.942550764803637,"down",FALSE
"OSBP","down",-2.50050555640776,0.0150681312500013,0.883907946330383,"up",FALSE
"OSBPL11","down",-1.89677001094153,-0.0573112199166659,0.733145129061658,"down",TRUE
"OSBPL1A","down",-3.07478416949259,-0.231716045833332,0.0578221164701025,"down",TRUE
"OSBPL3","down",-1.91211012319497,0.0019474073333332,0.997465871769814,"up",FALSE
"OSBPL7","down",-2.83059433389659,-0.047208978166666,0.72946122619043,"down",TRUE
"OSBPL8","down",-1.32062284663794,0.147517756166669,0.310396211001289,"up",FALSE
"OSBPL9","up",2.01716848199901,0.103071270833334,0.420511026982705,"up",TRUE
"OSR2","up",1.98919235339252,-0.0176312341666654,0.954845367935335,"down",FALSE
"OSTM1","up",1.42119738771815,0.00692547058333453,0.958581398319503,"up",TRUE
"OTOP2","up",1.16812621838689,0.0877487844166672,0.33740309754424,"up",TRUE
"OTUD1","up",2.3874182401427,-0.0581630944999997,0.722204496018979,"down",FALSE
"OTUD5","down",-1.44513742958351,-0.0525361966666652,0.496261283789668,"down",TRUE
"OTUD7A","down",-2.16211111355114,0.0954356205000008,0.252358451905482,"up",FALSE
"OTX1","down",-2.24181285445262,0.0177840837500006,0.87417558670533,"up",FALSE
"OTX2","up",1.39344442803137,0.0253082805833346,0.852324454143515,"up",TRUE
"OVOL1","down",-8.07711800018835,0.0945966099166672,0.871515416941377,"up",FALSE
"OXA1L","down",-1.99598119081366,-0.0178930516666667,0.874901590995728,"down",TRUE
"OXCT1","up",1.69398247925811,0.0211137950000003,0.925051202094353,"up",TRUE
"OXGR1","up",2.08019374354901,0.0492366434166671,0.785751218760923,"up",TRUE
"OXSM","up",2.8032420627076,-0.350728363083332,0.00853743118443771,"down",FALSE
"P2RY10","up",1.72067063232709,0.0237059010000014,0.826623323678365,"up",TRUE
"P2RY12","up",1.5639930407605,0.183441238749999,0.0838547589881248,"up",TRUE
"P4HA3","up",1.46841497973229,0.263284742833335,0.30472380818273,"up",TRUE
"PA2G4","up",2.02087018437718,0.0298042720000001,0.740481852861827,"up",TRUE
"PABPC1","up",3.46430882912437,0.0902784250000013,0.317429169078593,"up",TRUE
"PABPC3","up",2.34369812302849,0.0844759674999998,0.42436946038497,"up",TRUE
"PABPC4","up",2.37684587513539,0.116212964,0.2377874205873,"up",TRUE
"PABPN1","down",-1.96585748399728,-0.0521148033333322,0.455188346219153,"down",TRUE
"PACRG","up",1.76056612984744,-0.0803910802499988,0.519987398579684,"down",FALSE
"PACS1","down",-3.48336490249787,0.052193660083334,0.534788759540049,"up",FALSE
"PACS2","down",-2.43899422479963,0.0510249975000011,0.549313411437541,"up",FALSE
"PAF1","down",-1.8493729818979,0.0792238650000005,0.297765449516952,"up",FALSE
"PAH","up",1.32305659113288,-0.00378047041666655,0.979812400271304,"down",FALSE
"PAICS","up",2.91366282524146,-0.0757390499999998,0.410121391422885,"down",FALSE
"PAIP1","up",2.60748279633746,-0.0274310838333318,0.773297172871551,"down",FALSE
"PAK2","down",-2.59923080084976,0.129063563333333,0.107595469938132,"up",FALSE
"PAK4","down",-1.82417815194499,0.0786414320833344,0.242885544105621,"up",FALSE
"PALLD","down",-1.58280964455886,0.157426072500001,0.487613668936351,"up",FALSE
"PAM","down",-2.63909200892341,-0.211918933333332,0.10301591262586,"down",TRUE
"PANK1","up",2.26733976998608,0.0516283750833339,0.622346686441738,"up",TRUE
"PANK2","up",2.6000098356274,-0.10922879375,0.0784564865926835,"down",FALSE
"PANK3","up",1.5399170784716,0.16203882775,0.0721145429543145,"up",TRUE
"PANX1","down",-1.00353114352206,0.264344246583334,0.117899551215406,"up",FALSE
"PANX2","down",-2.91231976993239,0.1013403855,0.222379887551254,"up",FALSE
"PAOX","up",2.73177149785621,-0.143141051083333,0.050347894889947,"down",FALSE
"PAPD4","up",2.11957062294838,-0.045011309916666,0.642854359734584,"down",FALSE
"PAPD5","down",-1.92254538564705,0.0553294607500005,0.682262643153803,"up",FALSE
"PAQR4","up",1.67580161703779,0.0443270637499997,0.649597167460297,"up",TRUE
"PAQR7","down",-1.189617934344,0.0439050859999993,0.595255695056061,"up",FALSE
"PAQR8","up",2.24238991947951,0.090359627583334,0.547833185768246,"up",TRUE
"PARD6B","down",-1.37754991300373,-0.258609880249999,0.174474188125561,"down",TRUE
"PARK2","down",-1.51928111903893,0.0122516717500002,0.916311393755761,"up",FALSE
"PARL","down",-2.22273764786622,0.101030505636363,0.219948351061324,"up",FALSE
"PARP14","up",1.04434921149752,0.0616007775000001,0.595008355041063,"up",TRUE
"PARP2","down",-3.04793099337529,-0.144489227499998,0.206823392300905,"down",TRUE
"PARP3","down",-1.89097740565487,-0.0867222276666671,0.543203687310049,"down",TRUE
"PARP4","up",2.31330965407291,-0.0836749866666658,0.349698627013377,"down",FALSE
"PARP6","up",1.40504400685868,-0.0309612650000004,0.760081974888518,"down",FALSE
"PARP8","up",1.49149531489499,0.0977179199166679,0.333613551191819,"up",TRUE
"PARP9","down",-6.17019566571557,-0.140501658166667,0.197917527578957,"down",TRUE
"PARS2","up",1.29102382940583,-0.55701995675,0.00894968961016278,"down",FALSE
"PASK","up",2.16993962067799,-0.101083470916666,0.214071664353871,"down",FALSE
"PAX1","down",-1.54486710340607,-0.0450967845,0.919264932725243,"down",TRUE
"PAX2","up",1.50758114358542,0.0318756969166671,0.761728590771749,"up",TRUE
"PAX3","down",-2.00544292659484,0.0259665075833331,0.841581211323649,"up",FALSE
"PAX7","up",1.36896497795713,0.0431254796666672,0.605326743476136,"up",TRUE
"PAX8","up",1.80838105517821,-0.110989155583333,0.241245468988433,"down",FALSE
"PAX9","down",-4.97322523178035,0.0820940366666677,0.322793414381209,"up",FALSE
"PBX2","up",4.45604259992109,0.156413174500002,0.0807353769763723,"up",TRUE
"PBXIP1","up",1.71362842885492,0.173338822416668,0.140020155093475,"up",TRUE
"PCBP1","up",1.60612299949937,-0.096702421666667,0.189085256546382,"down",FALSE
"PCBP2","up",2.82216403142704,0.00415142416666725,0.973759681710085,"up",TRUE
"PCBP3","up",1.62621613838727,-0.0851491361666671,0.626168036830228,"down",FALSE
"PCBP4","up",1.418494973497,0.0706375491666664,0.328113624549106,"up",TRUE
"PCDH11X","up",1.38450150414398,0.00730676708333372,0.958992701308536,"up",TRUE
"PCDH15","down",-2.61864610066224,0.00762823458333355,0.94929172246606,"up",FALSE
"PCDH19","down",-1.35893762115289,0.288043282916668,0.0723250496053377,"up",FALSE
"PCDH7","up",1.75857932253404,-0.184090604749999,0.658273255466591,"down",FALSE
"PCDH8","down",-1.62108364402088,0.0103491040000002,0.97980740440859,"up",FALSE
"PCDHB10","up",1.44214358993188,-0.206176794166666,0.113918298704912,"down",FALSE
"PCDHB13","up",2.69330990913675,0.0390547125000002,0.710051816627289,"up",TRUE
"PCDHB14","up",2.9535665994776,-0.171177676833333,0.180393296735742,"down",FALSE
"PCDHB15","up",2.194869823361,0.112341830833334,0.335295897409721,"up",TRUE
"PCDHB4","up",2.92525713187748,-0.133548433416666,0.363476832477681,"down",FALSE
"PCDHB5","up",2.91856946034759,-0.174369150166666,0.176932090463263,"down",FALSE
"PCDHB8","up",2.45032289016848,-0.0706959024166668,0.499143703690319,"down",FALSE
"PCDHGA3","up",2.14625816570008,0.00355766108333401,0.98141705194086,"up",TRUE
"PCDHGA8","up",1.1373374075259,0.00143964500000227,0.993035611379373,"up",TRUE
"PCDHGB6","up",2.62152517041073,0.0225466863333339,0.820961394483764,"up",TRUE
"PCDHGC5","down",-1.76673940282197,0.110075587583334,0.275362713660557,"up",FALSE
"PCF11","up",1.888488318598,0.316779030666667,0.0275517183017335,"up",TRUE
"PCGF1","up",3.37830402669732,-0.111052216749999,0.323305360302844,"down",FALSE
"PCGF6","down",-2.18161683473691,-0.103760677499999,0.378987319413624,"down",TRUE
"PCK2","up",2.18173268157031,-0.0259033495833327,0.853811130837891,"down",FALSE
"PCOLCE2","up",2.37024637508664,0.371148923333333,0.290703016959184,"up",TRUE
"PCSK1N","down",-2.64702191099503,0.00525800675000077,0.983785325341128,"up",FALSE
"PCSK2","down",-7.33165733364748,0.436396629333335,0.138792597467238,"up",FALSE
"PCSK5","down",-1.25930135571689,0.127046785833334,0.658009201998288,"up",FALSE
"PCSK6","up",2.15865791356079,0.0385947891666674,0.750625025283228,"up",TRUE
"PCYT2","up",1.47678999154987,-0.0428698957499998,0.713996706628436,"down",FALSE
"PDCD10","up",1.50664966904774,0.0398182016666672,0.698419940976854,"up",TRUE
"PDCD2","down",-1.14351280019711,-0.0857695266666668,0.284966442091714,"down",TRUE
"PDCD6IP","down",-1.1861084538895,0.0057908966666667,0.956749607580919,"up",FALSE
"PDCD7","down",-2.7962775972051,-0.0446734441666662,0.504705250601955,"down",TRUE
"PDDC1","up",2.4011198085189,-0.245676717499998,0.0540211712050516,"down",FALSE
"PDE11A","down",-1.27664214866535,-0.0644515935833326,0.464652910543119,"down",TRUE
"PDE1B","down",-1.57013568873684,-0.019281382166666,0.926629100780309,"down",TRUE
"PDE4B","down",-2.97987915825191,0.441002400083335,0.166566883519316,"up",FALSE
"PDE4DIP","down",-1.52779350410684,0.170314587583334,0.0880544343832811,"up",FALSE
"PDE6B","up",1.60692868257545,-0.0637749818333327,0.643612094917999,"down",FALSE
"PDE6G","up",1.53318665347495,0.0490973572500007,0.688990525053109,"up",TRUE
"PDE7B","down",-2.11464014491648,-0.0222541863333333,0.83730583338395,"down",TRUE
"PDE8A","down",-2.15365583919129,0.0155893789166674,0.909574337502611,"up",FALSE
"PDE9A","up",1.23084746997652,0.0982905010833337,0.528157844608009,"up",TRUE
"PDGFA","down",-2.16663280091461,0.216176337000001,0.217295677491088,"up",FALSE
"PDIA2","down",-1.63137793763905,0.229315930416667,0.0499290321516831,"up",FALSE
"PDIA5","up",1.33428840458259,0.132072683333335,0.469456088247831,"up",TRUE
"PDIA6","up",2.19551107349803,-0.0463311525000008,0.645533906152851,"down",FALSE
"PDLIM1","up",2.20711617915132,0.578184015750001,0.00832928205094626,"up",TRUE
"PDLIM3","up",2.85933800240381,0.538791799166668,0.383820941286858,"up",TRUE
"PDLIM4","up",1.40965433123359,0.249814629166668,0.248089493202069,"up",TRUE
"PDLIM5","down",-1.33333728393226,-0.024089721666667,0.926148160504973,"down",TRUE
"PDP2","up",1.36376872537947,-0.0319713202499994,0.791532164296139,"down",FALSE
"PDPK1","down",-1.85175999336593,-0.0709805298333325,0.540970617351083,"down",TRUE
"PDPN","up",1.8563329939683,-0.15792636125,0.524871510869348,"down",FALSE
"PDXP","down",-1.15355600386388,-0.0158866569999993,0.90262123089125,"down",TRUE
"PDZD11","up",1.94958210697291,-0.0428544566666648,0.698852318447579,"down",FALSE
"PDZD3","up",1.06465422285528,-0.0397447759999993,0.708474933334499,"down",FALSE
"PEA15","down",-1.63319901193378,0.239007035000002,0.028547010016681,"up",FALSE
"PELI1","up",2.40901561009163,0.256917131750001,0.108553323625824,"up",TRUE
"PENK","up",2.24842456533391,0.0123821987500006,0.973189509622094,"up",TRUE
"PER2","down",-1.3188169467783,0.443685799833334,0.0945079381449802,"up",FALSE
"PEX1","down",-1.40786762387838,-0.0791052499999997,0.277934815350622,"down",TRUE
"PEX10","up",1.21322582580838,0.0445678016666665,0.528395308641967,"up",TRUE
"PEX11B","up",3.10458219903518,-0.310486536,0.0317739442166962,"down",FALSE
"PEX12","up",2.96522689506929,-0.494650860749999,0.00892718765833606,"down",FALSE
"PEX19","up",1.69282741009973,0.0240142587500015,0.767664141992838,"up",TRUE
"PEX3","up",2.49185999560146,-0.098489550583334,0.242799721696435,"down",FALSE
"PEX6","up",3.34050453158584,-0.167417924083332,0.0880544343832811,"down",FALSE
"PEX7","up",1.98679634275574,0.00404055391666692,0.972823610275171,"up",TRUE
"PFDN5","up",3.86795247109381,0.0378560641666672,0.809876087908423,"up",TRUE
"PFDN6","down",-1.16804365511332,0.00500297233333443,0.975891967215542,"up",FALSE
"PFKFB2","down",-1.5464900165539,-0.0743283574166651,0.491017722511537,"down",TRUE
"PFN1","up",2.63208865860144,0.055733823333335,0.833489169122909,"up",TRUE
"PFN2","up",2.36834422100079,-0.174527666666666,0.375508037041249,"down",FALSE
"PFN4","up",1.28337694097484,-0.0833658159999996,0.486250006961551,"down",FALSE
"PGAP1","up",1.5942984448084,0.0354114745833347,0.796564325512231,"up",TRUE
"PGBD4","up",1.56557568148758,-0.0774956681666656,0.39473083284248,"down",FALSE
"PGK1","up",3.58927789765132,0.0605434850000004,0.371395200465408,"up",TRUE
"PGLYRP2","down",-2.0619788172191,-0.155207150666666,0.488569257322647,"down",TRUE
"PGM1","up",2.12705413767901,-0.020666024999999,0.93726012831584,"down",FALSE
"PGM2","up",2.5125111743715,-0.105851824333333,0.301240412297921,"down",FALSE
"PGRMC2","up",1.13565680747049,0.0506955108333347,0.482664450527889,"up",TRUE
"PHACTR1","down",-2.03012077053145,-0.0100565366666661,0.948995297468663,"down",TRUE
"PHACTR2","down",-2.2192431281364,0.0177035520000014,0.934441644446362,"up",FALSE
"PHACTR3","up",1.12311033067632,-0.575450468916666,0.168309646414941,"down",FALSE
"PHACTR4","down",-1.84934107233006,-0.0176370462499993,0.883907946330383,"down",TRUE
"PHC2","up",4.25292966835698,0.0245675733333351,0.782529262522473,"up",TRUE
"PHEX","up",1.25547903968603,0.0322131347499999,0.833589446991815,"up",TRUE
"PHF1","up",2.22497312327779,0.0261208847500008,0.804479440154909,"up",TRUE
"PHF11","up",1.57604278847226,0.0369519433333334,0.636571676054842,"up",TRUE
"PHF12","up",2.55547617385239,0.00899125800000019,0.967201131181119,"up",TRUE
"PHF14","down",-1.88451669018627,-0.0774856304166664,0.205540480502989,"down",TRUE
"PHF20","down",-1.1364581092481,-0.00363371733333199,0.967930407625939,"down",TRUE
"PHF20L1","up",1.39382950881418,-0.0568890284166663,0.519737801884977,"down",FALSE
"PHF21A","down",-1.05008406516268,0.0941543809166662,0.150227621422532,"up",FALSE
"PHF21B","up",3.0998349945057,0.0838093867500014,0.819761644089038,"up",TRUE
"PHF23","down",-1.65075697805616,-0.0827269594999994,0.448479822472023,"down",TRUE
"PHF5A","up",2.75413990697322,-0.0169314926666658,0.911304544425399,"down",FALSE
"PHF7","down",-5.2096117336585,0.115779030833334,0.386425519954183,"up",FALSE
"PHF8","up",1.98002789672177,-0.0313490223333319,0.719758839436844,"down",FALSE
"PHIP","down",-1.0605135375691,-0.104892334166665,0.266587916380275,"down",TRUE
"PHKA1","up",2.38484771153666,0.0691112556666683,0.478020705015756,"up",TRUE
"PHOSPHO2","up",1.23555515141016,-0.169583424833333,0.258717129518762,"down",FALSE
"PHOX2A","down",-1.65928415187971,0.119680928333335,0.13409445348357,"up",FALSE
"PHTF1","up",1.76349834603645,0.0924302878333333,0.255062764653564,"up",TRUE
"PHYHD1","down",-5.50234866711881,-0.124334679249998,0.126298347569358,"down",TRUE
"PI4K2B","down",-5.77310290113071,0.0161801260833334,0.918931785418648,"up",FALSE
"PIAS3","up",2.84262514215971,-0.151921398333332,0.0964125391202868,"down",FALSE
"PIAS4","down",-1.41460318270361,0.10833285125,0.286482650578892,"up",FALSE
"PICK1","up",1.53488503864717,0.140018972333333,0.165837689383139,"up",TRUE
"PIGC","up",2.22167147078557,-0.119837028583333,0.0804812047109546,"down",FALSE
"PIGG","up",1.25627966879283,-0.153340463166666,0.0553869743733845,"down",FALSE
"PIGK","up",2.00113174697541,0.0779397242499995,0.405527804013621,"up",TRUE
"PIGM","up",1.76102420279795,-0.133048911666666,0.081193829200283,"down",FALSE
"PIGO","up",1.9884148253067,0.0279333165000005,0.746501836064813,"up",TRUE
"PIGP","up",1.46826815732744,-0.0717784308333324,0.62230343647367,"down",FALSE
"PIGS","up",1.76064711206183,0.0146561234166673,0.91856781539424,"up",TRUE
"PIGT","up",2.20601715979078,0.122273808333334,0.25693606977354,"up",TRUE
"PIGV","up",4.01526740206937,-0.196297088249998,0.17290028317189,"down",FALSE
"PIGY","up",1.26376897135748,-0.0847579266666655,0.346322502043195,"down",FALSE
"PIGZ","up",1.10331466852056,0.110393326416667,0.307307874799873,"up",TRUE
"PIK3C2A","down",-2.17290039107741,0.0707516357500005,0.321720813996924,"up",FALSE
"PIK3CA","up",2.16725344739775,0.112597890916668,0.148117897376925,"up",TRUE
"PIK3R1","down",-1.1152241909132,-0.421290010083331,0.00892718765833606,"down",TRUE
"PILRA","up",3.51334356297358,-0.125320356083333,0.409463555291031,"down",FALSE
"PIM3","up",2.93602302438747,0.129919808333335,0.545571853919198,"up",TRUE
"PIN1","down",-1.51554331866758,0.0724738750000014,0.410609939365783,"up",FALSE
"PINX1","down",-2.30462087520084,0.124173322666668,0.155873979018245,"up",FALSE
"PIP5K1A","up",1.90573505360265,0.0244655763333335,0.806278789731043,"up",TRUE
"PIP5K1C","down",-1.34884676544016,0.0828350054166679,0.556638027125277,"up",FALSE
"PIPOX","up",1.38394168352904,0.111532415250001,0.304365323185224,"up",TRUE
"PITPNM1","up",1.49171931061853,0.192152086333334,0.127902299087783,"up",TRUE
"PITX2","down",-2.00648176504368,0.113349471416667,0.658103092513493,"up",FALSE
"PITX3","up",1.6335408556622,0.0517747659166682,0.555021993595324,"up",TRUE
"PIWIL1","up",1.07290614552969,0.0101613786666674,0.925932692262872,"up",TRUE
"PJA1","up",1.19231336422054,-0.259221399999999,0.00853743118443771,"down",FALSE
"PKD1L1","down",-2.84891899488595,0.193482647,0.039810795903421,"up",FALSE
"PKD1L2","up",1.82210848264832,-0.218270534749999,0.106107102600891,"down",FALSE
"PKD2L2","down",-1.46952765383088,-0.169019339249999,0.0928831712091419,"down",TRUE
"PKIA","up",2.06859686849999,0.159579555500002,0.325140166878564,"up",TRUE
"PKIB","up",1.55578494540277,-0.0159342024999988,0.913963481451898,"down",FALSE
"PKMYT1","up",1.23549167612122,-0.0425628394999996,0.64388141400157,"down",FALSE
"PKN2","down",-1.8682406539213,0.077603612500002,0.380089947359831,"up",FALSE
"PKN3","up",1.07173638208626,0.145791184083334,0.279216615454944,"up",TRUE
"PKNOX1","down",-2.39394515574322,-0.19860691775,0.0277831904380918,"down",TRUE
"PKP2","up",1.87158216590168,-0.154215538166667,0.332689910052906,"down",FALSE
"PKP4","up",1.97607334435295,0.00966150966666695,0.954409224730428,"up",TRUE
"PLA2G10","up",3.25120559870237,-0.0313374191666664,0.818112171416041,"down",FALSE
"PLA2G12A","up",1.27686400734066,0.0828793048333343,0.373568424621387,"up",TRUE
"PLA2G3","down",-1.22261929820636,0.130457511833334,0.642529217222681,"up",FALSE
"PLA2G4B","up",1.19665985382369,-0.0601750249999992,0.587923468618431,"down",FALSE
"PLA2G7","up",1.07144279754846,-0.0758275760000005,0.826218719802768,"down",FALSE
"PLA2R1","up",2.07469541980343,-0.235920856083333,0.0358261364713354,"down",FALSE
"PLAA","up",2.82851257068511,0.160753725583334,0.0638643589349931,"up",TRUE
"PLAC1","down",-1.74190834581212,-0.058812906916666,0.620578790552824,"down",TRUE
"PLAC8","up",1.25176743911945,-0.339074173333333,0.0198967417323304,"down",FALSE
"PLAGL2","up",2.03042200181061,-0.124016250499998,0.359463575516972,"down",FALSE
"PLAT","down",-1.86182363034965,0.0218361200000004,0.958765564194937,"up",FALSE
"PLAUR","down",-1.95326833116617,0.687267690583334,0.0520709176044365,"up",FALSE
"PLB1","up",1.27788437982781,-0.00466166049999869,0.973423879364128,"down",FALSE
"PLCB1","up",1.84142209334503,0.154658289666669,0.406337831415991,"up",TRUE
"PLCE1","up",1.1091162668806,0.0330388182500008,0.918664815548387,"up",TRUE
"PLCXD2","up",2.77829597667468,0.162153124000002,0.0606821554243084,"up",TRUE
"PLD2","up",1.53187313453641,-0.0220933417499997,0.864788785853777,"down",FALSE
"PLD4","up",1.2186529156372,-0.00216030541666615,0.98669879079727,"down",FALSE
"PLEKHA3","up",1.84619521845676,0.121838098250001,0.0726626203843004,"up",TRUE
"PLEKHB2","down",-1.23955904492593,0.193839490083334,0.0174096558078231,"up",FALSE
"PLEKHF2","up",2.65619926605808,0.0046790126666676,0.973404280949933,"up",TRUE
"PLEKHG1","up",1.81871066012902,-0.141858051666667,0.496487224614885,"down",FALSE
"PLEKHG2","up",1.0856487256965,0.0703712250000031,0.533705940126946,"up",TRUE
"PLEKHG4","down",-3.26244990578628,0.130221787,0.475710686629136,"up",FALSE
"PLEKHM1","down",-2.21926029231287,-0.0447623258333317,0.70191421894516,"down",TRUE
"PLEKHN1","down",-1.62375366998185,0.0964962923333341,0.565912694495964,"up",FALSE
"PLGLB2","up",1.23684855660084,-0.295321698583333,0.0456498067726786,"down",FALSE
"PLN","up",2.30576237277601,0.153240212500003,0.774087022370919,"up",TRUE
"PLP1","up",2.07981925829724,0.428838038500002,0.190121398531504,"up",TRUE
"PLP2","up",1.83092199057515,0.0495539900000021,0.779821586213514,"up",TRUE
"PLRG1","up",2.01418665921135,0.00494876750000031,0.958863301558068,"up",TRUE
"PLSCR3","up",3.47745466394584,-0.175945564166666,0.0333473844955252,"down",FALSE
"PLTP","up",2.93709835965013,0.124456315833335,0.579425258970911,"up",TRUE
"PLXDC1","up",1.07776459956637,0.460695486583335,0.0195331765896338,"up",TRUE
"PLXNA3","up",1.40212069209683,0.111179118333334,0.0858060735285669,"up",TRUE
"PLXNB3","up",1.71702714234816,0.0216691977499999,0.885825705792279,"up",TRUE
"PLXND1","down",-1.64318417597575,-0.0111728408333326,0.944519424739531,"down",TRUE
"PMFBP1","down",-2.9181164672368,-0.000176774499999233,0.999414337537661,"down",TRUE
"PML","down",-1.16781654963808,-0.0683628386666648,0.385671401606342,"down",TRUE
"PMPCB","up",1.26065199298477,0.067028760833334,0.304597346402314,"up",TRUE
"PNLDC1","up",1.43061788424311,-0.0570452689166659,0.701317221037337,"down",FALSE
"PNMA1","up",1.740591158425,-0.0694287808333315,0.838226118613711,"down",FALSE
"PNMA5","up",2.59653940813644,-0.175400446499999,0.391048389865221,"down",FALSE
"PNPLA4","up",2.59378553475366,-0.113741607500001,0.363319009324013,"down",FALSE
"PNPLA5","down",-2.34320534751731,0.0142545520833333,0.917079211560158,"up",FALSE
"PNPO","up",1.39402917443645,0.0630714200833335,0.45230937466452,"up",TRUE
"PNRC1","down",-2.07235932199332,0.165563210833333,0.396615588619312,"up",FALSE
"PODN","up",3.80832749617058,-0.14658969425,0.260604934076974,"down",FALSE
"PODXL","down",-3.05707089315632,0.280024413333333,0.315999679333886,"up",FALSE
"POFUT2","up",1.50142324676301,-0.0504393154166643,0.567275341462521,"down",FALSE
"POGZ","down",-2.57552390237705,-0.097494758333333,0.353439360464399,"down",TRUE
"POLB","up",1.05571536128566,-0.0473275021666654,0.756837394366701,"down",FALSE
"POLDIP2","up",1.7761899153794,0.0427351191666684,0.674006747653504,"up",TRUE
"POLDIP3","down",-1.31635309307673,-0.152488020833333,0.0995400061061063,"down",TRUE
"POLE2","up",2.69473859006661,-0.238775717333332,0.0137644842641019,"down",FALSE
"POLG2","up",1.1255289765229,-0.318836776916666,0.0328271493046711,"down",FALSE
"POLQ","down",-2.44025709263723,-0.0453552596666665,0.621135780999619,"down",TRUE
"POLR3H","up",1.28252449598479,-0.144106803333332,0.0324173310743475,"down",FALSE
"POLRMT","up",2.03494001577374,-0.0114657739999996,0.930020959448772,"down",FALSE
"POMT1","down",-1.34439090781004,-0.0790542188333329,0.255778684743668,"down",TRUE
"PON3","up",1.87493629184529,-0.16836003725,0.429071029556384,"down",FALSE
"POP4","up",1.65543247988094,0.060820413333334,0.405268891772229,"up",TRUE
"POP7","up",1.52750182802105,-0.130304865833331,0.303333956266944,"down",FALSE
"POPDC3","up",1.11401200499277,0.153654032083334,0.233696119962022,"up",TRUE
"POR","up",1.23071155674773,0.0124153865833353,0.929567274196319,"up",TRUE
"POT1","up",1.86407981968449,-0.0693948512499993,0.363919829698723,"down",FALSE
"POU2F1","down",-1.62375961535072,-0.0306539750833323,0.731525167899536,"down",TRUE
"POU2F2","down",-1.76900199786721,0.0878876499166671,0.417262955448904,"up",FALSE
"POU5F1","up",1.35333718162362,-0.0872024369166663,0.240831931096164,"down",FALSE
"PPAP2B","down",-2.57948598830016,-0.340765066666666,0.174203263910691,"down",TRUE
"PPAPDC1A","up",1.57902857993358,-0.154488253333333,0.528140328183959,"down",FALSE
"PPAPDC1B","down",-1.19296783583477,-0.162863940416665,0.139049375421643,"down",TRUE
"PPARD","down",-1.66402338034069,0.0816978030833328,0.338810107286055,"up",FALSE
"PPARGC1B","down",-1.3724432771599,0.229027576166666,0.332185223554816,"up",FALSE
"PPCS","up",2.27874756766685,-0.0897718391666658,0.233941740939468,"down",FALSE
"PPFIBP1","down",-1.00886547681655,0.0227834151666684,0.842692722522514,"up",FALSE
"PPFIBP2","down",-3.23890300408889,-0.036310483083333,0.789714389553647,"down",TRUE
"PPIA","up",4.39744566581436,0.0397840225000029,0.755162359751357,"up",TRUE
"PPIC","up",1.87798098953874,0.172434650000003,0.361943270484474,"up",TRUE
"PPIH","up",2.0541145123652,-0.00720581824999804,0.972072017586776,"down",FALSE
"PPIL2","up",1.48818077502809,-0.0382760700833323,0.690215494920308,"down",FALSE
"PPM1A","up",2.46457093407648,0.0710933431666682,0.423695124183866,"up",TRUE
"PPM1B","down",-3.52182866505545,0.155904066750001,0.136037736428885,"up",FALSE
"PPM1M","up",1.94113978559145,-0.0880934566666665,0.328419132310983,"down",FALSE
"PPP1CA","up",2.46420689672661,0.0577380125000006,0.398216061344589,"up",TRUE
"PPP1R11","up",2.16165750982897,0.0609758869166672,0.308988685674931,"up",TRUE
"PPP1R12A","down",-3.38857183513342,0.206284156666667,0.374408808233241,"up",FALSE
"PPP1R12B","down",-3.27905283854341,0.326162159166667,0.347851612077268,"up",FALSE
"PPP1R13B","down",-2.14837487456703,0.138817444166668,0.277269395018452,"up",FALSE
"PPP1R14B","up",1.30956702454565,0.0511447883333342,0.746425448673122,"up",TRUE
"PPP1R14D","up",3.41679723041296,-0.0700156122500002,0.434635410814218,"down",FALSE
"PPP1R2","up",1.87414566877861,0.199159372083334,0.0327258745975548,"up",TRUE
"PPP1R3C","up",3.5187326714497,-0.511025084999999,0.0606770390993317,"down",FALSE
"PPP1R8","up",2.04826168373687,-0.0832856691666653,0.295224421835419,"down",FALSE
"PPP1R9A","down",-7.77939540009116,0.427306997250002,0.00905735607466373,"up",FALSE
"PPP1R9B","down",-1.82196718368052,-0.0574564974999982,0.483230958548421,"down",TRUE
"PPP2CA","up",1.2682021902218,0.133174916250001,0.312971521887885,"up",TRUE
"PPP2R2A","up",2.9168916032134,-0.0217740083333332,0.801363945525347,"down",FALSE
"PPP2R2B","up",1.16719502118495,0.391315698833334,0.0189147942875545,"up",TRUE
"PPP2R3A","down",-2.25323663038008,-0.00313391108333258,0.99041460856874,"down",TRUE
"PPP2R5A","up",2.47071036850922,0.153580650833334,0.0605915692434394,"up",TRUE
"PPP2R5B","up",3.0041073073891,0.222941163250001,0.0645777916681419,"up",TRUE
"PPP2R5C","up",1.59537752658734,-0.0837404533333322,0.224467023732132,"down",FALSE
"PPP4C","up",3.08833282950468,0.148567843,0.113101214022905,"up",TRUE
"PPP6C","up",5.07003743484482,0.1476285075,0.0271640653273006,"up",TRUE
"PPT1","up",1.13527953545516,-0.0384338166666646,0.772963850142567,"down",FALSE
"PPT2","down",-5.88008686626937,0.0830810366666659,0.360643121508403,"up",FALSE
"PPTC7","down",-1.81397524052631,0.0838849491666678,0.425934556172942,"up",FALSE
"PQBP1","down",-1.15945448902768,0.0204177933333341,0.810114913855515,"up",FALSE
"PQLC3","up",1.68128332897571,-0.110676568333332,0.177692321942387,"down",FALSE
"PRAME","up",1.56488749755939,0.0313831316666669,0.777819630258555,"up",TRUE
"PRAMEF10","up",2.85887202685901,0.0449130054166671,0.724221292356734,"up",TRUE
"PRB1","down",-2.21617051988211,0.0818651706666673,0.209493817536209,"up",FALSE
"PRB4","up",3.07703490422474,0.0803959571666669,0.401714903112697,"up",TRUE
"PRCP","up",4.1473233320138,-0.0229189650000012,0.88647711139559,"down",FALSE
"PRDM1","down",-2.40509570472018,0.465588156083335,0.142040661254743,"up",FALSE
"PRDM10","up",1.06761827396206,-0.146029558583333,0.0832220985145062,"down",FALSE
"PRDM2","up",2.00058986953162,0.00333429200000053,0.976539033250506,"up",TRUE
"PRDX1","up",4.01285633466079,-0.0437996716666666,0.66177194489578,"down",FALSE
"PRDX3","up",4.31772373199913,-0.122729673583332,0.342787996599721,"down",FALSE
"PRDX6","up",1.74316184477571,0.0918178191666673,0.47165171891717,"up",TRUE
"PREB","up",2.42506422831191,-0.252377967499999,0.160840349812121,"down",FALSE
"PRELP","down",-1.21393425752824,-0.056391214166666,0.695160519892032,"down",TRUE
"PREPL","up",3.26249930720046,-0.0291646966666656,0.852324454143515,"down",FALSE
"PRG4","up",1.32808459666012,0.263241405166667,0.525426064204876,"up",TRUE
"PRH2","down",-2.5556693018425,0.0566079173333337,0.516483770865543,"up",FALSE
"PRICKLE2","down",-1.80326101584347,-0.328615054166665,0.0101213797565435,"down",TRUE
"PRIMA1","up",2.27015406207224,-0.0184905024999992,0.915329838450442,"down",FALSE
"PRKACA","down",-1.6932850608529,0.0436955647500003,0.644216179820331,"up",FALSE
"PRKACG","down",-2.00028699563044,0.0207412222500012,0.889292509736572,"up",FALSE
"PRKAR1A","down",-1.83011571354227,-0.00599580324999865,0.952499823760261,"down",TRUE
"PRKCE","down",-2.55310848895298,0.0448154316666672,0.674374081344714,"up",FALSE
"PRKCH","down",-1.19410653593437,0.0556089978333353,0.765746472630662,"up",FALSE
"PRKDC","up",1.78951584607917,-0.153001211416667,0.169962398534179,"down",FALSE
"PRKRA","up",2.06177208546802,0.0453927233333361,0.548939242487862,"up",TRUE
"PRM1","down",-1.93175683493805,-0.0731559107499989,0.369035443231021,"down",TRUE
"PRMT2","down",-1.0953683606147,0.0539701175000014,0.487648430924191,"up",FALSE
"PRMT8","up",1.48305901987144,0.0133546801666674,0.91280390298982,"up",TRUE
"PROL1","down",-1.5525724832742,0.0275228380000008,0.876355537621755,"up",FALSE
"PROS1","up",3.07160710105028,-0.0250154584166667,0.89811555286722,"down",FALSE
"PROZ","down",-3.78347053643527,-0.0338497710833324,0.786473131912613,"down",TRUE
"PRPF4","up",2.27256247101084,0.0255873814166674,0.73875362584375,"up",TRUE
"PRR5","up",1.89688170181875,0.0972151533333353,0.217920221675152,"up",TRUE
"PRRT2","up",2.15689005170635,-0.106932888333331,0.568909525573213,"down",FALSE
"PRRX1","up",2.37539283791356,0.34856095875,0.052210008317118,"up",TRUE
"PSD","up",1.61200965574698,-0.566504689416667,0.0296463545711739,"down",FALSE
"PSENEN","up",1.20099993971318,0.0495911733333335,0.586493917102784,"up",TRUE
"PSG1","down",-1.90310396138882,0.140363420166667,0.123586094594486,"up",FALSE
"PSG3","up",1.72853154873554,0.0417834764166676,0.76346453805327,"up",TRUE
"PSG4","up",1.46952343406564,-0.0678269770833331,0.514109289292753,"down",FALSE
"PSG6","up",1.81091028452148,0.0839516219166675,0.426184458573819,"up",TRUE
"PSIP1","down",-1.62561281408666,-0.0494424474999988,0.769323364543794,"down",TRUE
"PSMA1","up",2.11917782965127,0.00265678833333441,0.977790269528802,"up",TRUE
"PSMA3","up",1.00025915688603,-0.00268533166666676,0.981634111353248,"down",FALSE
"PSMA5","up",1.93117887657609,-0.0477028141666644,0.566675584223512,"down",FALSE
"PSMB2","up",2.6834900611762,-0.0126442016666651,0.896231941481833,"down",FALSE
"PSMB3","up",1.20380599023574,0.102312279166667,0.283197846138955,"up",TRUE
"PSMB4","up",1.26331534333761,0.0437745225000011,0.586493917102784,"up",TRUE
"PSMB5","up",3.56939236507575,-4.05408333330067e-05,0.999675742800052,"down",FALSE
"PSMC5","up",2.98103417566835,0.0523544241666666,0.521469149485827,"up",TRUE
"PSMD1","down",-1.85456183876045,0.0122086725000017,0.927238675309092,"up",FALSE
"PSMD6","up",1.94449716472594,0.0484270891666674,0.532845447843882,"up",TRUE
"PSME1","down",-1.68023311081198,-0.0523895833333307,0.41780710595932,"down",TRUE
"PSME3","down",-1.04674933222165,-0.0039050818333332,0.982801350205136,"down",TRUE
"PSORS1C2","up",1.33871152745368,0.0762449438333336,0.257526283813915,"up",TRUE
"PSPH","up",1.94145965281767,-0.131305282833333,0.0664091533753511,"down",FALSE
"PSRC1","up",1.12951745644967,0.249111850500001,0.360458531057936,"up",TRUE
"PSTPIP2","down",-3.41792620350435,-0.0715527477499991,0.388796359383954,"down",TRUE
"PTAFR","down",-3.161316261992,0.187296168500001,0.277195605856981,"up",FALSE
"PTBP1","up",3.02313549538679,0.0449415606666678,0.760820231491515,"up",TRUE
"PTBP2","up",2.07221712901263,-0.110139241416666,0.576866756964157,"down",FALSE
"PTCH2","up",3.99931800311716,0.00238774450000093,0.988065551048529,"up",TRUE
"PTCHD1","down",-1.08139273892406,-0.185876866916666,0.788693898979825,"down",TRUE
"PTCRA","up",1.56418947171415,0.0187027285,0.830983801543717,"up",TRUE
"PTDSS1","up",2.43605333987588,0.0435189925000012,0.668628370786386,"up",TRUE
"PTEN","up",1.46668897646751,0.0278810108333341,0.891856437236286,"up",TRUE
"PTGDR","down",-1.43187334384857,-0.317840370583333,0.0795549909176709,"down",TRUE
"PTGER3","up",2.01697707870218,0.010750598416667,0.961484946652867,"up",TRUE
"PTGES3","up",3.04737716713467,-0.0212376674999994,0.890115657636983,"down",FALSE
"PTGFR","up",2.75361456922219,-0.313171161916667,0.255369588532769,"down",FALSE
"PTGS2","down",-1.26678366279647,0.945232559333333,0.0448283649982612,"up",FALSE
"PTHLH","up",2.51083850029634,0.655394811833334,0.0549029468185212,"up",TRUE
"PTK7","up",2.07477956347867,-0.238546156749999,0.0885985515738681,"down",FALSE
"PTMA","up",1.08551602857753,0.293775696666668,0.00832928205094626,"up",TRUE
"PTP4A1","up",1.30183835526659,0.0992087404166679,0.406991712344942,"up",TRUE
"PTPLB","up",1.16687268694339,0.0791552245000008,0.361777514112732,"up",TRUE
"PTPN1","down",-3.12767132741717,0.229201415833334,0.0551145966160098,"up",FALSE
"PTPN11","down",-2.14974263291933,0.268429735000001,0.00853743118443771,"up",FALSE
"PTPN14","down",-1.78045108566958,0.304965218333334,0.0546408064583561,"up",FALSE
"PTPN18","up",1.59547315448428,-0.142252564083333,0.113157536932835,"down",FALSE
"PTPN21","down",-1.61623779681016,0.281605849833334,0.0449995269945743,"up",FALSE
"PTPN4","up",1.54439527062208,-0.0132344276666668,0.909591970748049,"down",FALSE
"PTPN7","down",-1.71680911434916,-0.147381471833333,0.106107102600891,"down",TRUE
"PTPN9","up",1.09084299966053,-0.0183619682499997,0.883293902061153,"down",FALSE
"PTPRC","down",-1.51161144139963,-0.0267850453333324,0.885465855642623,"down",TRUE
"PTPRE","down",-2.67296226405989,0.482523311833334,0.0395333457746062,"up",FALSE
"PTPRF","down",-1.9719614174676,-0.364778268333332,0.114755082101397,"down",TRUE
"PTPRH","down",-3.28069810471504,-0.182880952333333,0.241945589835125,"down",TRUE
"PTPRO","up",1.40720888238782,-0.207233630166666,0.126650363010618,"down",FALSE
"PTPRR","up",3.78612416789973,0.0806841713333339,0.790236568226271,"up",TRUE
"PTPRS","down",-1.37927699187106,-0.0498900034999982,0.652343053454404,"down",TRUE
"PTPRU","up",1.32734389289993,-0.130578495333332,0.576388702401256,"down",FALSE
"PTRF","down",-1.05588087577523,0.149938758333336,0.331543278190831,"up",FALSE
"PTTG2","up",1.57981164766489,-0.114687977916667,0.304365323185224,"down",FALSE
"PURA","down",-4.23494343455048,0.0143532166666682,0.876139838399965,"up",FALSE
"PURB","up",2.03898284825383,0.155625399166668,0.041812442041497,"up",TRUE
"PURG","up",3.01138607286653,-0.0277192354166651,0.863391355044794,"down",FALSE
"PUS1","down",-2.35223097499781,-0.064909286666665,0.522976816067542,"down",TRUE
"PUSL1","up",2.18905913460731,-0.134437259749999,0.268191185297218,"down",FALSE
"PVR","down",-1.84369784863005,0.313110670833335,0.0307635030001577,"up",FALSE
"PVRL1","down",-3.09003867038541,0.0965362566666667,0.513365726319292,"up",FALSE
"PXDN","up",1.1132528875984,0.12903146,0.422891248864823,"up",TRUE
"PYGM","down",-1.25285650262665,0.271719596333334,0.355908482649616,"up",FALSE
"PYGO1","down",-1.96944099878101,-0.0279337402499996,0.821055718227969,"down",TRUE
"PYHIN1","down",-2.14856959500421,-0.168990195333333,0.080755448163574,"down",TRUE
"PYY","up",1.80217067142381,0.0196668690000007,0.883907946330383,"up",TRUE
"QPRT","down",-1.64864370954385,-0.195976581666666,0.131025411383216,"down",TRUE
"QRICH1","down",-1.44072187981895,-0.0808899824999992,0.193466834663427,"down",TRUE
"QSER1","down",-2.64727750331146,0.103977651416667,0.470083124342604,"up",FALSE
"RAB11FIP1","down",-1.46992998561438,0.262128899416668,0.0779884592687161,"up",FALSE
"RAB11FIP2","down",-1.78395464917206,-0.049800876666666,0.711230313133565,"down",TRUE
"RAB12","down",-1.17770141953909,0.195128888666668,0.0296436144025166,"up",FALSE
"RAB13","down",-1.96563599107377,0.275439497500001,0.0298956683684318,"up",FALSE
"RAB14","down",-2.03944648697014,-0.0559485391666656,0.327753577934257,"down",TRUE
"RAB26","up",2.05134801599601,-0.0137010087499998,0.894596921537934,"down",FALSE
"RAB31","down",-3.26226350019004,0.155089005833336,0.18374604393687,"up",FALSE
"RAB34","up",3.62639207019419,-0.0670479324999975,0.306564598060409,"down",FALSE
"RAB37","up",1.28337937106885,-0.195370124333332,0.168967943665858,"down",FALSE
"RAB3A","up",1.10256730085862,0.201660374,0.0497031554404883,"up",TRUE
"RAB3C","up",2.41941980358387,0.611179327500001,0.0479549429321669,"up",TRUE
"RAB3GAP1","up",1.17418932677122,0.0957650633333345,0.364577523941297,"up",TRUE
"RAB3GAP2","up",1.54251055502705,-0.0707373391666651,0.457517934037197,"down",FALSE
"RAB3IL1","down",-1.63838171832339,-0.122976817166666,0.302005261172285,"down",TRUE
"RAB3IP","up",3.41306732674934,0.231456216416667,0.0374574611377337,"up",TRUE
"RAB40B","down",-1.9244384515692,0.00609258966666879,0.961874065084344,"up",FALSE
"RAB6C","up",1.53515352246277,0.0632364908333343,0.52024803905518,"up",TRUE
"RAB9A","up",2.15270568073338,0.00722067416666796,0.971116868653941,"up",TRUE
"RABEP1","up",2.432575893307,0.0578589674166667,0.498644047461025,"up",TRUE
"RABGAP1","down",-4.9315151330893,0.0281592434166678,0.817634116850789,"up",FALSE
"RABGAP1L","up",1.15449908935325,0.0706340826666669,0.374821926489943,"up",TRUE
"RABL5","up",1.38460350748591,-0.0255607641666657,0.800844560869182,"down",FALSE
"RAC1","up",2.08728234032318,-0.0288686749999981,0.762692741477983,"down",FALSE
"RAC2","down",-1.01900804433184,-0.393589251499999,0.0239383513695,"down",TRUE
"RAD17","up",1.04219402022219,-0.174959812249999,0.0475015318488999,"down",FALSE
"RAD9A","up",1.48955403325395,-0.0605922954999993,0.419716875528635,"down",FALSE
"RAE1","up",4.08729637009784,-0.0728559526666654,0.377226305451515,"down",FALSE
"RAI1","up",1.24369479092812,-0.303343736666665,0.0393697025116861,"down",FALSE
"RAI14","up",1.47617137318758,0.0233373950000007,0.909975094721091,"up",TRUE
"RALGPS1","up",2.13406920232793,-0.0115766083333327,0.933343017121861,"down",FALSE
"RANBP2","down",-2.41872616915128,0.0120286508333342,0.90237430373568,"up",FALSE
"RANBP9","up",1.11766578957051,0.0129877316666672,0.890074943377006,"up",TRUE
"RAP1A","down",-1.15067066884311,0.23618961,0.178409527027692,"up",FALSE
"RAP1GAP","down",-2.48505569766384,0.144293980000001,0.294441239372369,"up",FALSE
"RAPGEF3","up",1.82673135096203,0.0484075177500005,0.761925844514268,"up",TRUE
"RAPGEF4","down",-1.41517801093302,0.268482053166667,0.0799100709676139,"up",FALSE
"RAPGEF6","up",1.96917996731242,-0.0888531710000003,0.524464963260594,"down",FALSE
"RAPSN","down",-2.31013574373009,-0.00712763274999962,0.948322018386663,"down",TRUE
"RARA","down",-2.27473606961651,0.154916072500001,0.131469338663572,"up",FALSE
"RARB","up",2.80333880996715,-0.0803655015833332,0.465985684066864,"down",FALSE
"RARRES1","down",-1.46395359006951,-0.38791991925,0.166955446884561,"down",TRUE
"RARRES3","up",2.71660119343389,-0.109730099166665,0.35774144750493,"down",FALSE
"RASA2","down",-1.99165549523506,0.0356057330000014,0.765345860591877,"up",FALSE
"RASGEF1B","up",1.03170155998559,0.288867541000001,0.0470468144011063,"up",TRUE
"RASGEF1C","down",-1.03659581798864,0.179376539583333,0.0726247957202615,"up",FALSE
"RASGRF1","up",1.27717351642697,-0.0228847109999986,0.782540209059464,"down",FALSE
"RASGRF2","up",1.18459279688316,0.0636557204166675,0.655286458915899,"up",TRUE
"RASGRP3","down",-2.11277385008077,0.0710217927500012,0.578790877546689,"up",FALSE
"RASGRP4","up",1.67357275032127,0.0288577259166668,0.804360351396459,"up",TRUE
"RASL10B","down",-1.88443369641643,-0.219870080583333,0.282157222800753,"down",TRUE
"RASSF1","up",1.03910132564576,0.0384581816666674,0.711528817183277,"up",TRUE
"RASSF7","up",2.2073994717551,-0.198213014666667,0.206634734787665,"down",FALSE
"RASSF8","down",-1.38025207238265,0.173428164333333,0.11555922599816,"up",FALSE
"RB1","up",1.06224048061924,-0.000138474999999213,0.999650542169788,"down",FALSE
"RB1CC1","up",1.83765269622799,0.0930383797500012,0.296519940209425,"up",TRUE
"RBBP4","up",1.70363766681862,-0.0941509170833328,0.252236001766753,"down",FALSE
"RBBP5","down",-1.75734888322062,0.0278657597500007,0.712188780748727,"up",FALSE
"RBBP6","down",-1.81075238121841,0.0761181891666674,0.437789570141215,"up",FALSE
"RBBP8","up",1.30175631208252,0.0750461332500011,0.676463406340023,"up",TRUE
"RBM12B","up",3.39992499555333,-0.303502411749999,0.0156238973743178,"down",FALSE
"RBM14","up",1.64064734789861,-0.0704335258333325,0.616011470466303,"down",FALSE
"RBM15","up",2.54621400160934,-0.0499014204166657,0.645863280518832,"down",FALSE
"RBM15B","up",1.7169338437392,0.00563887575000023,0.966410511747312,"up",TRUE
"RBM24","down",-1.53482932436046,0.162099630000001,0.209493817536209,"up",FALSE
"RBM25","up",1.17771768209559,0.0430581683333341,0.682370457848216,"up",TRUE
"RBM38","down",-3.4358882291282,0.0382677189166668,0.92517448187417,"up",FALSE
"RBM4B","up",1.30997148820666,-0.293453202583333,0.00853743118443771,"down",FALSE
"RBM6","down",-2.41256419710299,-0.0337887171666661,0.815674989819872,"down",TRUE
"RBMX2","up",1.74907493484555,0.018320463916668,0.891777454461033,"up",TRUE
"RBMY1B","up",2.55131745959661,0.0066250888333335,0.961317474894636,"up",TRUE
"RBP4","down",-1.02719234824847,-0.0747246685833331,0.727599593506064,"down",TRUE
"RBP7","up",2.57259617742561,0.0283070815,0.927503845158956,"up",TRUE
"RBPMS","down",-2.70892662917171,0.137362850000001,0.487441518147361,"up",FALSE
"RBPMS2","down",-6.70281406648062,-0.262223412999999,0.600192119607464,"down",TRUE
"RCBTB1","up",2.8592803278236,-0.199240914416666,0.0473787832075291,"down",FALSE
"RCL1","up",2.4240515070467,0.0823974400000015,0.576388702401256,"up",TRUE
"RDH5","up",2.54970677147701,0.393638361166666,0.0330858949598915,"up",TRUE
"RDM1","down",-2.66976269250654,-0.0643013709999989,0.629000008645151,"down",TRUE
"RECK","up",1.51025862387733,-0.193540271666666,0.0766069721834377,"down",FALSE
"RECQL5","down",-1.51495205414037,-0.159663868583333,0.0284207084550471,"down",TRUE
"REEP1","up",1.50010760807609,0.061664346916667,0.886834080600446,"up",TRUE
"REG3A","up",2.13282798463947,-0.0216158939166663,0.865195479980888,"down",FALSE
"REL","down",-4.86827129861273,0.269863678166668,0.184701591600048,"up",FALSE
"RELA","up",2.37808424478404,0.194856620250002,0.0261183841699698,"up",TRUE
"RELN","up",1.67824132166377,0.147310647416667,0.482817981564738,"up",TRUE
"REM1","up",1.65413542173003,-0.224263330333333,0.0414233260881413,"down",FALSE
"REPIN1","up",2.3450314540094,-0.079376030833333,0.504648111045733,"down",FALSE
"REPS1","up",1.97336815495196,-0.0775597441666665,0.598338144568862,"down",FALSE
"RERE","down",-1.49949447072895,-0.054805868249998,0.669397840918818,"down",TRUE
"RESP18","up",1.60250571984975,-0.0178035969166663,0.876355537621755,"down",FALSE
"RETN","up",2.28270465535212,-0.0523473842499993,0.609553815626512,"down",FALSE
"REXO4","up",1.26756953546483,-0.0526005066666663,0.590486198165838,"down",FALSE
"RFC1","up",1.72021694687978,0.046384392500001,0.655033843445437,"up",TRUE
"RFC3","up",1.49987409667641,-0.0345336556666653,0.641442061825711,"down",FALSE
"RFFL","up",1.63374821967533,0.0563539376666675,0.50375019618079,"up",TRUE
"RFK","up",2.67634290402068,0.078127873166667,0.39473083284248,"up",TRUE
"RFPL2","up",1.58699848544313,-0.0150338405833331,0.894596921537934,"down",FALSE
"RFWD2","up",1.90071172743457,-0.0750031358333329,0.465761206515887,"down",FALSE
"RFX2","down",-2.11425810236251,0.114677406666667,0.765746472630662,"up",FALSE
"RFXAP","down",-1.09701397722393,-0.1352854455,0.263975201797173,"down",TRUE
"RGMA","down",-2.15416768259807,-0.436687583333332,0.0520114740400746,"down",TRUE
"RGPD2","up",1.67274457789039,0.223528787833334,0.0471892366496515,"up",TRUE
"RGPD5","up",1.01206265825905,0.0159347645454542,0.86831115312199,"up",TRUE
"RGR","down",-6.97041733298282,-0.0488599356666667,0.71591183580775,"down",TRUE
"RGS10","up",4.04264463505186,0.139004081666666,0.419859675616899,"up",TRUE
"RGS13","up",2.97174549413147,-0.316845671833333,0.123588923232203,"down",FALSE
"RGS3","down",-2.12118921036943,0.279969872416666,0.0606821554243084,"up",FALSE
"RGS4","up",1.55397131972417,0.196715011416667,0.451627923767838,"up",TRUE
"RGS7","up",1.70606324479589,0.0466649222500001,0.589889940748537,"up",TRUE
"RGS9","up",1.99702899463235,0.490332059583334,0.0222126899907945,"up",TRUE
"RHBDD1","up",1.62545094357189,-0.0770836157500009,0.576299023309597,"down",FALSE
"RHBDD2","up",1.98968047965201,0.0696277493333329,0.47187820801736,"up",TRUE
"RHBDF1","up",1.58960842488283,0.0515345086666687,0.685994403985687,"up",TRUE
"RHBDF2","down",-1.50363022407026,-0.193195658916665,0.0721905750808096,"down",TRUE
"RHCE","up",1.41591001178545,-0.0508505118333326,0.658568504470877,"down",FALSE
"RHD","up",1.18662555199326,0.0546829637500004,0.668900612098942,"up",TRUE
"RHEB","up",1.24354082893779,0.0792651525000025,0.527852349308593,"up",TRUE
"RHOA","up",1.09016232916681,0.0639536491666705,0.599271612621116,"up",TRUE
"RHOB","up",3.35689799886012,0.639568243416668,0.0132255694020303,"up",TRUE
"RHOC","up",1.45530933241926,0.158188160000001,0.0502583111486622,"up",TRUE
"RHOJ","up",1.96995025181338,0.130695597916668,0.214918638222168,"up",TRUE
"RHOQ","up",2.66242170537726,0.422279366666667,0.0267694211069454,"up",TRUE
"RHOT1","up",2.42132952615189,-0.0734656339999995,0.418074523181941,"down",FALSE
"RHOV","up",3.15950060328621,-0.0526224995833327,0.881530913932957,"down",FALSE
"RIC8A","up",1.92184550609732,-0.0233460316666649,0.825006949029268,"down",FALSE
"RIC8B","up",1.01066155439038,-0.0961445610833328,0.263288704806058,"down",FALSE
"RIMBP2","down",-1.76712376331926,-0.0782870828333327,0.498359207611928,"down",TRUE
"RIMS3","down",-2.42370215944372,0.0360207189166672,0.87922185794941,"up",FALSE
"RINT1","up",2.59081255827034,-0.145006643749999,0.108874152229338,"down",FALSE
"RIOK1","down",-1.50533040495017,0.0543680446666683,0.576299993582958,"up",FALSE
"RIPK1","up",1.68170431754871,0.524209149500002,0.0233739974129883,"up",TRUE
"RLF","down",-1.48708337778028,0.130388019750001,0.233398453346474,"up",FALSE
"RNASE1","up",2.39744292757195,-0.334430323333331,0.0501271321973363,"down",FALSE
"RNASE2","down",-2.48013954006891,-0.173910451916665,0.211426310278615,"down",TRUE
"RNASE4","up",1.7290598316065,-0.0854120156666658,0.696592636232855,"down",FALSE
"RNASE6","up",1.77863270004091,-0.273340485666666,0.167415228993765,"down",FALSE
"RNASEH1","down",-1.09469596960959,0.0754227570000006,0.351729207007252,"up",FALSE
"RNASEL","up",1.28703841662607,-0.313528403499999,0.0272957266950295,"down",FALSE
"RND1","down",-1.80064267098912,0.704696659583333,0.0316608812543339,"up",FALSE
"RNF10","up",2.72334536322786,4.14000000164582e-06,0.999944776097318,"up",TRUE
"RNF125","up",1.10842991324711,0.136353191250002,0.309726539483867,"up",TRUE
"RNF126","up",3.14195876207986,0.0833866708333342,0.411931233679028,"up",TRUE
"RNF128","up",1.33578175701872,0.0392632674166669,0.708248851519624,"up",TRUE
"RNF135","up",2.33038816344522,-0.157435200833332,0.222233796067096,"down",FALSE
"RNF139","up",2.85631199604227,0.14658229,0.121273812896465,"up",TRUE
"RNF149","up",1.34085567737816,0.094762750000001,0.574723275993632,"up",TRUE
"RNF151","up",1.3246038887115,-0.0740541366666665,0.376685284505079,"down",FALSE
"RNF166","up",2.01823036240452,0.000750765166667771,0.994294033072524,"up",TRUE
"RNF175","up",2.52720293521903,0.147177534250001,0.563330285062485,"up",TRUE
"RNF180","up",1.06453641146489,0.175391341166668,0.120789063711972,"up",TRUE
"RNF183","down",-6.42828883270685,-0.0038758309166664,0.977088056301903,"down",TRUE
"RNF185","up",3.6464806718322,-0.013927689583332,0.911766411601018,"down",FALSE
"RNF24","up",1.24146180013711,0.0141976069166666,0.927238675309092,"up",TRUE
"RNF34","down",-2.0023244001324,-0.143776675083333,0.0899102055876739,"down",TRUE
"RNF5","up",2.23012654112301,0.015344843333334,0.883833808905842,"up",TRUE
"RNF8","up",1.70308138083115,-0.0602001694999983,0.442120510425002,"down",FALSE
"RNPC3","up",2.44762632469869,-0.0861930285833325,0.469108040491038,"down",FALSE
"RNPEP","up",3.1392288402461,-0.144275254166667,0.0665021378937349,"down",FALSE
"ROBO1","down",-1.25845868302115,-0.203395719583332,0.0295633278324979,"down",TRUE
"ROBO2","down",-2.09996111448131,0.0241603557500014,0.913275326567832,"up",FALSE
"ROCK1","down",-2.48244933176632,0.162697381916667,0.0540211712050516,"up",FALSE
"ROPN1","down",-2.2238941136545,0.0492266305833339,0.630693363420221,"up",FALSE
"RORA","up",2.55139402629876,0.298713792250002,0.101843971912461,"up",TRUE
"RORC","down",-1.75149499992894,0.294277100833334,0.0189732557060076,"up",FALSE
"RPA2","up",2.64763796857416,-0.167065202499999,0.0476054203157545,"down",FALSE
"RPAIN","up",1.17982165805626,0.0552607304166675,0.450166734363078,"up",TRUE
"RPE","up",1.04385247369309,0.045582823833335,0.669489478682615,"up",TRUE
"RPGR","down",-1.52836957749409,0.181700641416668,0.299201244478526,"up",FALSE
"RPH3AL","up",1.0136738514728,0.224553023000001,0.0630960920105971,"up",TRUE
"RPL10A","up",1.36509652562566,-0.126285475833331,0.36494951428133,"down",FALSE
"RPL12","up",2.7234029910243,-0.0753334108333306,0.545002344103394,"down",FALSE
"RPL13","up",1.20611299238779,-0.114916085833331,0.264695480776197,"down",FALSE
"RPL13A","up",1.72380780619061,-0.101456266666666,0.41540334445903,"down",FALSE
"RPL14","up",5.0426323353264,-0.0325251274999998,0.779125802800663,"down",FALSE
"RPL15","up",3.06971067225108,-0.0903502666666638,0.247217563265516,"down",FALSE
"RPL19","up",5.39605616508514,-0.0733775691666626,0.477770625795489,"down",FALSE
"RPL21","up",2.89497049177141,-0.0446283741666656,0.573632489104108,"down",FALSE
"RPL22","up",5.99107643408907,-0.0234203983333316,0.836336642367852,"down",FALSE
"RPL22L1","up",4.16950523634871,0.0399553966666694,0.733176364820257,"up",TRUE
"RPL26","up",3.65939300313851,-0.0749853433333322,0.474290643634227,"down",FALSE
"RPL27A","up",3.97114813465116,-0.0834440824999992,0.308972440728234,"down",FALSE
"RPL28","up",1.67820615967294,-0.085280614999999,0.386045239716051,"down",FALSE
"RPL3","up",4.50059933506442,-0.0382771524999971,0.587335035450773,"down",FALSE
"RPL34","up",1.6702813191954,-0.0668976566666654,0.552025790782776,"down",FALSE
"RPL35","up",2.46211599496539,-0.0392627949999987,0.679071196209742,"down",FALSE
"RPL36","up",3.14866266690562,-0.0722399191666659,0.384187638581172,"down",FALSE
"RPL37A","up",1.54988465951417,-0.0745711141666673,0.539566192235304,"down",FALSE
"RPL39","up",4.39144283645314,-0.0240651216666654,0.826041367017891,"down",FALSE
"RPL39L","up",2.91122332498697,0.0354216655,0.730182156714991,"up",TRUE
"RPL41","up",2.56252650183413,-0.0605831099999977,0.78041425408846,"down",FALSE
"RPL7A","up",4.10023599931237,-0.111661388333332,0.214767805652521,"down",FALSE
"RPL8","up",4.50973966677118,-0.0638722983333316,0.501933988737213,"down",FALSE
"RPL9","up",2.63190265541996,-0.0898246449999993,0.280310264083914,"down",FALSE
"RPLP0","up",2.22699865459028,-0.0194178225000001,0.903429939111991,"down",FALSE
"RPLP1","up",2.25262165710748,-0.0265214458333318,0.924019942183831,"down",FALSE
"RPLP2","up",4.73946899989057,-0.104061639166665,0.180988307394801,"down",FALSE
"RPN2","up",2.99910629827642,0.0441776350000005,0.739465265545872,"up",TRUE
"RPP14","up",2.19697066190642,-0.0385030974999993,0.707028063638511,"down",FALSE
"RPP30","up",3.17760133700644,0.0509785910000004,0.495637230478103,"up",TRUE
"RPS12","down",-1.18168250255775,-0.0650481099999988,0.723925305659497,"down",TRUE
"RPS15A","up",4.77186299794336,-0.048976094999997,0.462937049098328,"down",FALSE
"RPS16","up",3.56793550422426,-0.0729532824999992,0.499143703690319,"down",FALSE
"RPS17","up",2.12044082861154,-0.0778800574999997,0.271042939854654,"down",FALSE
"RPS18","up",4.2342273327059,-0.193724900833332,0.0357296874423017,"down",FALSE
"RPS20","up",1.37949215612987,-0.0261935024999994,0.893442084296221,"down",FALSE
"RPS23","up",4.54172483517755,-0.0877052008333311,0.2926182512041,"down",FALSE
"RPS24","up",4.01790366936689,-0.0876581949999991,0.190148455871519,"down",FALSE
"RPS27A","up",3.51244132763636,-0.103916711666666,0.38100277837991,"down",FALSE
"RPS28","up",2.74727900546196,-0.112611090833331,0.298246037968065,"down",FALSE
"RPS29","up",1.35746969123969,-0.0591435341666659,0.437367744009124,"down",FALSE
"RPS3","up",1.58167397943253,-0.0804088391666657,0.276740101860976,"down",FALSE
"RPS4Y1","down",-2.1276700564259,-0.0153785754999992,0.910439520596624,"down",TRUE
"RPS5","up",1.39228933804194,-0.0273269516666664,0.772325716269452,"down",FALSE
"RPS6","down",-1.18534930191597,-0.0709828433333341,0.257333461936258,"down",TRUE
"RPS6KA1","up",2.15293105739056,-0.0256224185833332,0.810571691660966,"down",FALSE
"RPS6KA5","up",1.7161591796385,-0.155173468416666,0.473454049228074,"down",FALSE
"RPS6KB2","up",1.72242934457635,0.203214698166667,0.0373069144799655,"up",TRUE
"RPS6KC1","down",-1.34771395318115,0.0439254272500006,0.675866298963739,"up",FALSE
"RPS7","up",4.99257323234351,-0.0407366358333328,0.596244969216111,"down",FALSE
"RPS8","up",3.04471266622777,-0.188900360833331,0.381845102143855,"down",FALSE
"RPS9","up",1.46382331121468,0.024636270000001,0.857795532597659,"up",TRUE
"RRAGB","up",1.119835424142,-0.0815025732499996,0.381937798360526,"down",FALSE
"RRAS2","up",1.63833718320735,0.218354587833334,0.0593079056432184,"up",TRUE
"RRBP1","down",-3.35569907038464,-0.0214718149999997,0.917174216958984,"down",TRUE
"RRM1","up",2.55540316130235,0.0258809775000021,0.73657675874084,"up",TRUE
"RRM2B","up",2.6530965312769,0.020726581333335,0.907499278890779,"up",TRUE
"RRN3","up",2.84691943226502,-0.0813544972499993,0.302331558351916,"down",FALSE
"RSC1A1","up",2.30675537279478,0.103081083666668,0.394236681192942,"up",TRUE
"RSF1","down",-1.65439608158817,0.0863919710833335,0.195669053486347,"up",FALSE
"RSPO3","down",-2.23034945854388,-0.927254033749998,0.0711395215323588,"down",TRUE
"RSU1","up",1.55824617717536,0.0454362875000012,0.713996706628436,"up",TRUE
"RTEL1","up",2.15160164737578,0.0725086467500012,0.384051635553753,"up",TRUE
"RTF1","down",-1.37113098084585,-0.0229327963333314,0.790935161393228,"down",TRUE
"RTN1","up",3.44998630291624,-0.0331530711666669,0.935409408993281,"down",FALSE
"RTN2","up",2.60560299413876,0.277297086333334,0.0427467836633142,"up",TRUE
"RTN3","up",3.41340773580426,0.0833419000000028,0.27341659765975,"up",TRUE
"RTN4","up",1.72894189117621,0.026707155833335,0.82260360425895,"up",TRUE
"RTN4R","down",-1.40529839258475,-0.139271785833334,0.532328573686143,"down",TRUE
"RUNX1","down",-3.73016622859656,0.2129240185,0.270422063515482,"up",FALSE
"RUNX1T1","down",-2.6479701247492,-0.311587547499999,0.0587625681695461,"down",TRUE
"RUNX2","up",1.13954264299648,0.0294245305000008,0.792430456356977,"up",TRUE
"RUNX3","up",3.39852133818592,0.114051559750001,0.668628370786386,"up",TRUE
"RUSC1","up",1.17099232910216,0.0892388223333331,0.240750185361839,"up",TRUE
"RUVBL2","down",-1.56600565416439,0.0738878783333345,0.394724973923711,"up",FALSE
"RWDD3","up",2.40043699204746,-0.202510732833332,0.0394719520289838,"down",FALSE
"RXRB","up",2.23883771980391,0.0233033325833341,0.888419347707775,"up",TRUE
"RYBP","down",-3.67377596602314,0.147138764166666,0.151420471538338,"up",FALSE
"RYK","up",1.89657016225951,0.025485452666668,0.869946406606049,"up",TRUE
"S100A10","up",1.39229065710248,0.26240152166667,0.143730352136445,"up",TRUE
"S100A11","up",2.0890448306741,-0.0574968208333321,0.770015744413244,"down",FALSE
"S100A13","down",-1.20564030242264,-0.0324242866666658,0.805115613172743,"down",TRUE
"S100A2","up",3.25536382924491,0.352274115750001,0.452438824124205,"up",TRUE
"S100A4","up",3.49724166224215,0.328596498333336,0.0342449164134756,"up",TRUE
"S100A6","up",3.10643849350311,0.113189049166668,0.27394433519339,"up",TRUE
"S100G","down",-1.73225335039438,0.0739166495000003,0.529608559467242,"up",FALSE
"SAA1","down",-3.87121133558034,-0.41865065625,0.272642913853037,"down",TRUE
"SAA2","down",-2.59280902985477,-0.1193319235,0.364441274285857,"down",TRUE
"SAE1","up",1.42815032551118,-0.00376183416666685,0.981634111353248,"down",FALSE
"SAFB2","down",-3.16951622803174,0.0106970391666678,0.906315846413326,"up",FALSE
"SALL1","up",2.08574351644636,-0.472623924416667,0.0897245261644217,"down",FALSE
"SALL4","down",-5.70867499862252,0.0403856601666673,0.717241956912897,"up",FALSE
"SAMD13","up",2.08401043492681,-0.0893644586666654,0.498878261348711,"down",FALSE
"SAMD4B","down",-2.4095576681037,0.0116178330000014,0.921875652269886,"up",FALSE
"SAMD9L","down",-3.20909952662664,-0.0908280416666652,0.285941693343577,"down",TRUE
"SAMM50","up",1.63930529190851,0.0174877600000002,0.819596457266821,"up",TRUE
"SAP18","up",3.00878937286241,0.0551269975000013,0.401428284031924,"up",TRUE
"SAP30","down",-1.36014668992393,0.232422356666668,0.047866079234598,"up",FALSE
"SAP30BP","up",1.17867002926411,0.103067574416667,0.25240120981336,"up",TRUE
"SAP30L","up",1.35212414204901,0.123415441666667,0.116352049673717,"up",TRUE
"SARDH","up",2.40004219123816,-0.373254045833332,0.474290643634227,"down",FALSE
"SASS6","down",-1.60748959032706,-0.160728452083333,0.107918347009214,"down",TRUE
"SBDS","up",1.02814497993682,0.348810975000002,0.00892718765833606,"up",TRUE
"SBF1","up",1.29387601579471,0.0443777853333348,0.771384012393385,"up",TRUE
"SBF2","down",-1.87550564974101,-0.0898828674166647,0.339990125376766,"down",TRUE
"SCAMP2","up",1.00125301342814,0.0292957105833345,0.719734445398348,"up",TRUE
"SCAMP3","up",2.20224032422173,-0.00708058091666523,0.942714444806356,"down",FALSE
"SCAP","down",-1.48270421283904,6.16350000006788e-05,0.999650542169788,"up",FALSE
"SCARF1","up",1.54821805833802,0.0566677789166678,0.76485212711064,"up",TRUE
"SCCPDH","up",1.11912785123747,0.274124193333335,0.0122562571908599,"up",TRUE
"SCD5","down",-2.19859683592599,0.237802885583334,0.0132134954978307,"up",FALSE
"SCG2","up",1.74164995706843,-0.237526295249999,0.277630073368096,"down",FALSE
"SCG3","down",-1.64693380889821,0.0800971203333339,0.627646680743814,"up",FALSE
"SCG5","up",1.41761399658778,0.227639308833334,0.6039351657009,"up",TRUE
"SCGB1A1","up",2.18031717370575,0.0241892389166673,0.808574167657681,"up",TRUE
"SCGB1C1","down",-2.23638923046139,-0.030046868,0.797242929283491,"down",TRUE
"SCGB3A2","up",1.27908095743368,0.0333489559166681,0.799334828514164,"up",TRUE
"SCIN","up",2.73125263701101,-0.160603826,0.333859280649628,"down",FALSE
"SCMH1","down",-1.95860028211478,0.032496171333335,0.857375651947179,"up",FALSE
"SCML1","down",-1.56150166894793,0.0724042615833337,0.586493917102784,"up",FALSE
"SCML2","up",1.25350502014406,-0.00420483158333363,0.965801887533049,"down",FALSE
"SCML4","up",1.88875832589575,-0.162831824,0.0582079422434238,"down",FALSE
"SCN1B","up",2.12994495491854,0.13756235,0.278757395492032,"up",TRUE
"SCN2B","up",3.90254426501023,-0.151717053749999,0.0697246847823296,"down",FALSE
"SCN3B","down",-1.50121400347087,-0.00966571391666656,0.945896311248003,"down",TRUE
"SCN4A","down",-2.21855245692354,0.0934508345833344,0.492621983606038,"up",FALSE
"SCN5A","up",1.01319452793781,-0.0432043894999999,0.620475364733596,"down",FALSE
"SCN8A","down",-1.61082094301049,-0.111022181916666,0.0986134180988815,"down",TRUE
"SCNN1A","down",-1.0289888164014,-0.144031868833333,0.33413054764148,"down",TRUE
"SCNN1D","down",-2.45020029749592,0.0253067449166683,0.809119519625163,"up",FALSE
"SCNN1G","down",-1.59865385838862,-0.0830747847499994,0.452771083541843,"down",TRUE
"SCO1","up",1.38093675176729,-0.0545813551666659,0.47259659400564,"down",FALSE
"SCO2","down",-1.76229450890154,0.0658146695000003,0.711528817183277,"up",FALSE
"SCOC","up",2.68114036282079,0.0705988640000011,0.398684220450144,"up",TRUE
"SCP2","up",1.40430734261586,-0.0877758206666649,0.470213509004258,"down",FALSE
"SCRIB","up",2.43233669656178,-0.0965943883333315,0.173658853689859,"down",FALSE
"SCRN1","up",1.88914244399423,0.115501336666668,0.15439912156735,"up",TRUE
"SCRN3","up",1.77863808226659,0.0694538120833345,0.437979973205437,"up",TRUE
"SCRT1","down",-1.7958434850455,0.0550393456666671,0.369035443231021,"up",FALSE
"SCTR","up",1.46041619738305,-0.0721171949166667,0.369576613619397,"down",FALSE
"SCUBE1","down",-2.04596518915614,0.0364565523333339,0.787961730696203,"up",FALSE
"SCUBE2","up",1.1716756271306,-0.590823177249998,0.0501271321973363,"down",FALSE
"SCYL1","up",1.75585465988918,-0.0419863049999993,0.72344519017527,"down",FALSE
"SCYL3","up",2.96301075950217,-0.231020411749999,0.0261183841699698,"down",FALSE
"SDAD1","down",-1.98023146838744,0.00209535625000109,0.989438029771432,"up",FALSE
"SDCBP","up",2.46387767830925,0.120598780833335,0.376685284505079,"up",TRUE
"SDF2","up",2.88854109672502,0.00696226500000119,0.937557015454121,"up",TRUE
"SDF2L1","down",-1.7030378240245,-0.0834491891666662,0.535506021173878,"down",TRUE
"SDHC","down",-5.30829066764242,-0.0412594701666661,0.657124532611544,"down",TRUE
"SDHD","up",1.98227765612305,-0.0974940283333308,0.362503671216225,"down",FALSE
"SDK2","down",-2.84202340110403,0.0315205111666683,0.66710287334733,"up",FALSE
"SDSL","down",-3.64272310236558,0.226879033666667,0.177965552876312,"up",FALSE
"SEC14L1","down",-2.14291667584097,0.193585504000001,0.0307750460232326,"up",FALSE
"SEC22A","up",1.44273743111575,0.024203974000001,0.744392237461225,"up",TRUE
"SEC23IP","down",-2.95594100907722,-0.152806338416666,0.0763016359922536,"down",TRUE
"SEC24D","down",-2.92211373948837,-0.182288011416666,0.0877248315841046,"down",TRUE
"SEC61A1","up",1.21175266997173,-0.067219159916666,0.707523730742259,"down",FALSE
"SEC61A2","up",1.98532798879682,-0.0970332112499987,0.369402927433944,"down",FALSE
"SEC61B","up",3.64035103368259,0.00288204333333397,0.986701866434383,"up",TRUE
"SEC61G","up",3.18864367449448,0.0353907150000007,0.78961228949592,"up",TRUE
"SEC63","down",-2.19402699111846,0.0173074933333333,0.844258328282726,"up",FALSE
"SECTM1","up",3.51779369782188,0.183742573583335,0.162745407663755,"up",TRUE
"SEH1L","up",2.70548433817519,0.0240378074166679,0.860726526205462,"up",TRUE
"SEL1L","down",-1.1989050903227,0.0855456934166685,0.505996586666759,"up",FALSE
"SELK","down",-1.74281398017098,0.149603475833333,0.103406880377751,"up",FALSE
"SELM","up",3.39083130001841,0.0851035666666693,0.470871728448951,"up",TRUE
"SELT","up",1.59280718843734,-0.00128727599999916,0.992712495907859,"down",FALSE
"SEMA3D","up",1.76381806398709,0.162215893250002,0.527970460482228,"up",TRUE
"SEMA4A","up",2.10672037025329,0.0411608026666679,0.600217326460638,"up",TRUE
"SEMA4D","up",1.88446733994657,-0.0529615290833323,0.736778348754362,"down",FALSE
"SEMA6C","up",2.05083000598644,0.0572061244166686,0.59080545849841,"up",TRUE
"SEMG2","down",-1.70072086091152,-0.0184845460833327,0.912552313245186,"down",TRUE
"SENP8","up",2.16831521014616,-0.248130202499999,0.0128476290402212,"down",FALSE
"SEPN1","down",-1.65674315212139,-0.0753385965833331,0.487450259606201,"down",TRUE
"SEPP1","up",3.09749613489289,-0.285033957499998,0.153289165242504,"down",FALSE
"SEPW1","up",2.73365766518732,0.13692391416667,0.232166156548869,"up",TRUE
"SERAC1","up",1.31304821515559,-0.0128847449166656,0.933084314720782,"down",FALSE
"SERBP1","up",1.36206568113908,0.133864991666668,0.139881422736847,"up",TRUE
"SERF1B","down",-1.9167523161651,0.0478970558333342,0.56300574696337,"up",FALSE
"SERF2","down",-1.09846133144272,0.00305907583333451,0.985970949109353,"up",FALSE
"SERGEF","up",2.59422973604809,0.114039746666668,0.217062143906374,"up",TRUE
"SERHL2","up",1.77672124524011,-0.130157932416665,0.262355541746604,"down",FALSE
"SERINC3","up",1.77692800544956,0.0670932958333345,0.528706659526983,"up",TRUE
"SERPINA10","up",1.5128426758543,0.010455471250001,0.941669492424426,"up",TRUE
"SERPINA9","up",1.65232944772476,-0.0124865876666661,0.904042503742762,"down",FALSE
"SERPINB11","up",2.80944973941036,-0.037854262249999,0.845795011434193,"down",FALSE
"SERPINB6","up",1.29738313696997,0.0738943275000002,0.465761206515887,"up",TRUE
"SERPINB7","up",1.70654345993199,0.159866558833334,0.0885241388792961,"up",TRUE
"SERPIND1","down",-1.60746648589731,-0.356083532333334,0.0638702818870842,"down",TRUE
"SERPINE2","up",2.62711061044082,0.260604569583335,0.458898747099515,"up",TRUE
"SESN3","up",2.03983647534723,0.0466097396666685,0.636571676054842,"up",TRUE
"SET","down",-2.94522769100883,0.101080106500001,0.415295676619341,"up",FALSE
"SETD2","down",-2.44343460513786,0.000104825083333983,0.999553759565175,"up",FALSE
"SETD4","up",1.73103505353743,-0.0949446122499996,0.2352924787695,"down",FALSE
"SETDB2","up",2.06514419570401,-0.153879594666664,0.0784019671562206,"down",FALSE
"SEZ6L2","up",1.82340201208091,-0.255538541499999,0.394808529382599,"down",FALSE
"SF1","up",4.67540406648987,-0.0207801874999999,0.79223410755225,"down",FALSE
"SF3A1","up",1.14525348508747,-0.0401156624999985,0.530333514341167,"down",FALSE
"SF3B1","up",2.3525469914606,-0.124631717499999,0.345225032144528,"down",FALSE
"SF3B2","up",1.78134985070303,-0.00224380666666478,0.979901009945885,"down",FALSE
"SFRP2","up",2.42112167065825,-0.194600687083333,0.77648190117618,"down",FALSE
"SFTPA2","up",1.01845799223024,-0.0384608708333333,0.718092475934061,"down",FALSE
"SFXN4","up",2.01191722203512,-0.115715213916667,0.127317727591878,"down",FALSE
"SGCA","up",1.52081038499965,0.0448506855000011,0.932746107509239,"up",TRUE
"SGCD","down",-2.52664036634575,0.141161639083334,0.611408483239511,"up",FALSE
"SGK2","down",-2.01866233703735,-0.0410752915000004,0.642897652057439,"down",TRUE
"SGOL1","down",-1.87627391485982,0.0344682136666675,0.728921965690147,"up",FALSE
"SGPP1","up",1.62911112536104,0.0530747349166667,0.46830502631246,"up",TRUE
"SGTA","up",1.25625816822598,-0.00794842416666512,0.960511997356148,"down",FALSE
"SH2B1","up",1.7952114531244,-0.0307823320833326,0.665522355563961,"down",FALSE
"SH2B2","up",3.10941029224049,0.139505512583334,0.367432066675994,"up",TRUE
"SH2D1A","up",1.81982025106955,-0.159363996,0.353251815432446,"down",FALSE
"SH2D2A","down",-1.76622041516158,0.0444291496666669,0.724550956145844,"up",FALSE
"SH2D3C","down",-1.02065331687744,0.0636163258333336,0.772731052469828,"up",FALSE
"SH2D5","up",2.41008999520506,0.204601449916668,0.23800711093968,"up",TRUE
"SH3BGR","up",2.04946690450402,0.569081578666667,0.120041649694993,"up",TRUE
"SH3BGRL","up",2.71371967629419,-0.0796178458333326,0.680921556293588,"down",FALSE
"SH3BP1","up",3.09227634002701,0.00904793375000067,0.935340736866231,"up",TRUE
"SH3BP5","down",-2.40881173228007,-0.0986085424999985,0.419742276584578,"down",TRUE
"SH3BP5L","down",-1.81598059713001,-0.138897365833333,0.0948102556937169,"down",TRUE
"SH3KBP1","down",-1.7951489746484,0.0167442850000002,0.913406024491484,"up",FALSE
"SH3RF1","down",-2.58520567052063,0.185558474166666,0.0986134180988815,"up",FALSE
"SH3TC2","up",2.45825426644023,0.140275261000001,0.339595054404715,"up",TRUE
"SH3YL1","up",1.86703798293932,-0.105183921083333,0.176082070813114,"down",FALSE
"SHBG","up",3.54082270269963,-0.0430924144166661,0.616550163434591,"down",FALSE
"SHC1","down",-4.4798782637425,0.0304332933333341,0.847811746711019,"up",FALSE
"SHC3","down",-1.10051046173648,-0.219867601583333,0.314683954611264,"down",TRUE
"SHPRH","up",2.62181562581846,-0.187124449333332,0.0811205580206224,"down",FALSE
"SHQ1","up",2.30886767508829,-0.04831123825,0.632385907802048,"down",FALSE
"SIAE","up",1.5630730796806,-0.0033056672499989,0.97980740440859,"down",FALSE
"SIAH1","up",1.59241747249597,0.0402008709166673,0.656616508686129,"up",TRUE
"SIGLEC10","down",-1.48817511809524,0.00715143658333414,0.954574900923441,"up",FALSE
"SIGLEC5","down",-3.1969480702375,-0.0302950897499992,0.841248955439242,"down",TRUE
"SIGLEC6","down",-1.3204786703862,-0.110880532333332,0.37249890862423,"down",TRUE
"SIL1","up",1.06255473180721,0.0332350049999995,0.817909463162388,"up",TRUE
"SIM1","down",-1.75604696293555,0.0671471688333338,0.668628370786386,"up",FALSE
"SIPA1","up",2.61421926795684,-0.00409817533333238,0.972823610275171,"down",FALSE
"SIPA1L1","down",-3.84834887118949,0.2951599825,0.0250239834334911,"up",FALSE
"SIRPB1","up",1.8259598391595,-0.0062199018333325,0.954574900923441,"down",FALSE
"SIRPB2","down",-1.57021896378313,-0.018494997166666,0.894117697145776,"down",TRUE
"SIRPG","up",2.75628267219593,-0.177008528166666,0.14249455857784,"down",FALSE
"SIRT2","up",3.11102586887635,-0.0300528066666651,0.675909380426228,"down",FALSE
"SIRT3","up",2.1760523377293,-0.152587309666667,0.0588889906472277,"down",FALSE
"SIRT4","up",1.64783222096626,-0.420449061416666,0.0105368453845228,"down",FALSE
"SIRT5","up",1.99047591503481,-0.0784564684166655,0.345857891008763,"down",FALSE
"SIT1","up",2.27407173491577,-0.269321754916667,0.0189391547795325,"down",FALSE
"SIX3","down",-1.32500271959668,0.416812768666667,0.0257835243686621,"up",FALSE
"SIX4","down",-2.94510203460488,-0.0518284169166668,0.77648190117618,"down",TRUE
"SIX5","down",-1.70887033994292,-0.0807577272499992,0.333854011359168,"down",TRUE
"SLA","down",-1.9730766354554,-0.369970453833333,0.0183089760722385,"down",TRUE
"SLA2","up",1.89414656730361,-0.0558600462499992,0.541099032879775,"down",FALSE
"SLAMF7","down",-3.17021793497377,-0.755237959749999,0.0232622523337489,"down",TRUE
"SLAMF8","up",1.43298019262159,-0.261984187749999,0.0875740602131123,"down",FALSE
"SLC10A1","down",-2.94331659905529,0.109866636666668,0.305697607800927,"up",FALSE
"SLC10A3","up",1.04283320604158,-0.0010383966666651,0.994169265226347,"down",FALSE
"SLC11A2","up",2.02000579121757,-0.0408671115833343,0.623472931178339,"down",FALSE
"SLC12A4","down",-3.14934679940597,0.196114164750001,0.136169312477618,"up",FALSE
"SLC12A5","up",1.91054644246396,0.0338944665833332,0.78280091109877,"up",TRUE
"SLC12A6","down",-1.85719304860159,0.161320478833334,0.123810354706577,"up",FALSE
"SLC12A8","down",-7.4201481329718,0.00565072300000036,0.966739510186711,"up",FALSE
"SLC12A9","down",-2.92222340937626,-0.126233303333332,0.0703621883090942,"down",TRUE
"SLC13A2","up",1.57784431271526,-0.0251916658333334,0.865830775713508,"down",FALSE
"SLC15A2","up",1.73361560746753,-0.0444568331666668,0.649816516138482,"down",FALSE
"SLC15A4","up",1.41588800579725,-0.170218574166667,0.143445037838951,"down",FALSE
"SLC16A11","up",2.48087612137517,0.040811722833334,0.601503129779339,"up",TRUE
"SLC16A8","down",-1.69553889170632,0.0538336408333344,0.565523111149493,"up",FALSE
"SLC17A4","up",2.52939277104958,0.136261893583334,0.119718955647133,"up",TRUE
"SLC17A6","down",-1.7779059151829,-0.0837188503333323,0.337885194556642,"down",TRUE
"SLC18A1","up",1.53805158793265,-0.0317307972499997,0.809939278806898,"down",FALSE
"SLC19A1","up",1.90389880859777,-0.0579213875833329,0.483080257139562,"down",FALSE
"SLC19A3","down",-1.60563873836024,-0.100663686916666,0.351615059775567,"down",TRUE
"SLC1A4","up",1.62151206560436,-0.140367062499999,0.308154656061964,"down",FALSE
"SLC1A5","up",3.95707133186044,0.145760794166668,0.293361086235459,"up",TRUE
"SLC1A6","down",-2.91433409483173,0.00575764266666675,0.969169905203882,"up",FALSE
"SLC1A7","down",-1.92317234709659,-0.250946737666667,0.129493971693093,"down",TRUE
"SLC22A1","up",5.44289383311914,0.00783288666666713,0.95777922663425,"up",TRUE
"SLC22A12","down",-1.35301845787113,0.113889196833334,0.293197800270577,"up",FALSE
"SLC22A15","up",1.62237485323903,0.192206967083335,0.249820706301861,"up",TRUE
"SLC22A17","up",1.56619138533673,0.0174325788333347,0.879852240582451,"up",TRUE
"SLC22A18","up",1.25884185929239,-0.0950404869166659,0.229879319653115,"down",FALSE
"SLC22A6","up",1.31118460625324,0.0376131995000004,0.814111563378957,"up",TRUE
"SLC22A8","down",-2.28234985987869,0.0530361128333338,0.743464492445434,"up",FALSE
"SLC24A1","up",1.57327228344669,-0.228729660416666,0.101843971912461,"down",FALSE
"SLC24A3","up",1.83109842146624,-0.359892436666665,0.352770816057375,"down",FALSE
"SLC24A4","down",-2.96626883801505,0.0763912458333339,0.714834606945943,"up",FALSE
"SLC25A1","up",2.23991370829166,0.00940993683333373,0.94982639653697,"up",TRUE
"SLC25A11","up",1.36673804219836,0.0778463540000006,0.544838744709256,"up",TRUE
"SLC25A14","up",1.66841072117373,0.0413296608333329,0.620475364733596,"up",TRUE
"SLC25A16","up",1.76620476503203,0.0673679734166677,0.512109580415535,"up",TRUE
"SLC25A2","up",1.07224213815447,0.00530316600000068,0.972330870551318,"up",TRUE
"SLC25A20","up",2.09890793099401,-0.14061661775,0.379998683823135,"down",FALSE
"SLC25A21","up",1.25934058967649,0.154703383500001,0.135868183638478,"up",TRUE
"SLC25A22","down",-5.72587253336796,-0.14860235925,0.233454713228684,"down",TRUE
"SLC25A23","up",1.01492711537617,0.0852844207500012,0.540393122511302,"up",TRUE
"SLC25A26","up",2.38338902829977,0.0805405721666682,0.338876426610754,"up",TRUE
"SLC25A3","up",2.76579029291226,0.0522527500000007,0.532051989339528,"up",TRUE
"SLC25A31","down",-1.310707495683,-0.0131253889166658,0.945298670728467,"down",TRUE
"SLC25A35","up",2.33058668001824,-0.0284322312499994,0.839604432093365,"down",FALSE
"SLC25A36","down",-2.37052432336241,-0.156066859999998,0.0846510641166976,"down",TRUE
"SLC25A37","down",-2.42410403360889,-0.0177968845833322,0.933968431580261,"down",TRUE
"SLC25A5","up",2.8404076600855,0.190094472500002,0.0177877462493039,"up",TRUE
"SLC26A4","up",1.35407194312965,-0.308722932333333,0.0796517839129976,"down",FALSE
"SLC26A6","down",-1.13804980826825,0.0453399082499999,0.680921556293588,"up",FALSE
"SLC27A2","up",2.92990182727733,-0.000119124083332692,0.999650542169788,"down",FALSE
"SLC28A1","up",2.2630638906124,0.120177993,0.279398738106484,"up",TRUE
"SLC29A1","up",3.05395742884158,-0.0160448466666653,0.903059779565051,"down",FALSE
"SLC2A13","up",1.5566707723031,-0.0494986553333308,0.855501921711179,"down",FALSE
"SLC2A5","up",1.4413350592111,0.0340540490000011,0.901766679887287,"up",TRUE
"SLC2A6","up",1.53516123820691,-0.0449589003333323,0.715680822917378,"down",FALSE
"SLC2A9","up",2.21701274421404,-0.016646501166666,0.846145270549593,"down",FALSE
"SLC30A5","up",2.5828990057331,-0.105001698583334,0.202642446483516,"down",FALSE
"SLC30A6","up",2.26523797165692,0.00550327925000057,0.94450378039457,"up",TRUE
"SLC30A7","down",-1.97624905883234,0.0675630795833337,0.528451516028853,"up",FALSE
"SLC31A2","up",1.62080638708032,0.148074556666668,0.472750325482839,"up",TRUE
"SLC33A1","up",4.46750646531938,-0.118939793666666,0.274404171561313,"down",FALSE
"SLC34A1","up",2.09657805742652,-0.1232257225,0.306721015754366,"down",FALSE
"SLC34A3","up",1.17395046252371,0.100507423333334,0.174345756794418,"up",TRUE
"SLC35A1","up",2.30637287321908,-0.0825406718333333,0.332869593612743,"down",FALSE
"SLC35A2","up",2.47644040522708,-0.0552168495833337,0.474290643634227,"down",FALSE
"SLC35A3","up",1.78389561947471,0.00186625125000057,0.992452747530865,"up",TRUE
"SLC35B2","up",1.51177198021785,-0.0393915091666665,0.656634558609316,"down",FALSE
"SLC35C2","up",2.45412642474679,0.0329585937500007,0.76944638647753,"up",TRUE
"SLC35D1","up",3.4205838331951,0.140648889166668,0.166372288564196,"up",TRUE
"SLC35F5","up",2.79383053852946,0.0702347876666667,0.280111192994097,"up",TRUE
"SLC37A4","up",1.69095357551752,-0.00770684545454584,0.940214923987691,"down",FALSE
"SLC38A3","up",1.74518478738035,-0.045008025416666,0.612686210706277,"down",FALSE
"SLC38A6","up",1.8497534801337,-0.0670064004166666,0.465761206515887,"down",FALSE
"SLC39A1","up",1.35310966613662,0.0739305428333341,0.269062529844207,"up",TRUE
"SLC39A13","up",2.37433238621784,-0.0877327633333318,0.477770625795489,"down",FALSE
"SLC39A14","up",1.84468890447239,0.0851488808333339,0.657836164728227,"up",TRUE
"SLC39A3","down",-1.12871195943848,0.0825705961666676,0.439557572266584,"up",FALSE
"SLC39A4","up",1.4771499352081,-0.0815718106666656,0.321983819784795,"down",FALSE
"SLC39A5","up",1.5232885457135,-0.0212787738333325,0.855784733833016,"down",FALSE
"SLC39A6","up",1.12655518050752,-0.0231666252499993,0.795360327814685,"down",FALSE
"SLC39A7","up",1.63842347164242,0.0079487127500008,0.957467880708059,"up",TRUE
"SLC39A8","up",2.49878280474005,-0.254609388583332,0.0566615050617733,"down",FALSE
"SLC3A1","up",1.68100152183709,0.105346772833334,0.257098172769,"up",TRUE
"SLC3A2","up",2.349050545502,0.0195799700000013,0.899408960558401,"up",TRUE
"SLC41A1","up",1.0307892641779,0.201089062000001,0.106107102600891,"up",TRUE
"SLC41A2","down",-2.72061057524654,0.213410804000001,0.0978748998783102,"up",FALSE
"SLC41A3","up",1.49344346717229,0.0560778233333334,0.667888170776832,"up",TRUE
"SLC44A1","up",1.72952501475732,0.00605338583333376,0.952499823760261,"up",TRUE
"SLC44A3","up",1.26773868994498,-0.0982380544999993,0.503900379813092,"down",FALSE
"SLC4A1","down",-3.09798433212363,0.0959785004166669,0.25733474322366,"up",FALSE
"SLC4A10","down",-2.31860350058425,0.00774482983333388,0.957191627516474,"up",FALSE
"SLC4A3","up",1.52821997860057,-0.201844685166666,0.36296709136655,"down",FALSE
"SLC4A4","up",2.2291575724581,-0.335984179916666,0.200690435330788,"down",FALSE
"SLC4A8","down",-1.61439974323888,0.0709984436666668,0.388404594893956,"up",FALSE
"SLC5A2","down",-1.13102467489265,0.00565092258333413,0.955790967634803,"up",FALSE
"SLC5A6","up",2.67567276085641,-0.145324358666667,0.150229436879286,"down",FALSE
"SLC5A8","up",1.37458932371971,-0.00625149133333302,0.968671712106965,"down",FALSE
"SLC6A1","up",1.77372058370945,0.0738079164166672,0.68622053185625,"up",TRUE
"SLC6A12","up",1.57449692919045,0.282610299000001,0.328511939554757,"up",TRUE
"SLC6A13","up",1.7986441482305,-0.0178083519166659,0.882230351545647,"down",FALSE
"SLC6A16","up",2.40307729584461,-0.0163053564166659,0.951419578830702,"down",FALSE
"SLC6A19","down",-3.27846850445711,-0.0719220415833328,0.807065777494647,"down",TRUE
"SLC6A3","up",1.52057290956893,0.0794146765000003,0.322208846271795,"up",TRUE
"SLC6A8","up",4.73786026912117,0.114626063333334,0.48370612230779,"up",TRUE
"SLC6A9","down",-1.43377429978875,-0.0618818009999984,0.613085638899308,"down",TRUE
"SLC7A4","up",1.77409511681006,-0.152215034833332,0.469565517688682,"down",FALSE
"SLC7A7","up",2.91422039777445,0.192439987000001,0.164037171463835,"up",TRUE
"SLC9A1","down",-1.42150813351402,0.00128351333333493,0.991384445961182,"up",FALSE
"SLC9A3","up",1.66329615675185,0.000701636166666697,0.997685775730258,"up",TRUE
"SLC9A3R1","up",3.36343289760299,8.99095833356061e-05,0.999774787445085,"up",TRUE
"SLC9A9","up",2.85644146510409,-0.121228948583333,0.373408733912771,"down",FALSE
"SLCO2B1","down",-1.98777114209904,-0.347231487499999,0.0397328669778264,"down",TRUE
"SLCO4A1","up",1.30723801857858,0.470546179416667,0.0468111468384446,"up",TRUE
"SLFN11","up",1.71633994399835,0.0268520658333353,0.895254630398537,"up",TRUE
"SLFN12","up",1.25921794234021,-0.0615170755000001,0.524871510869348,"down",FALSE
"SLIT2","down",-1.26556891700871,-0.173534231166666,0.342093827086088,"down",TRUE
"SLITRK5","up",2.47771263042495,-0.175686589583333,0.694151808397417,"down",FALSE
"SLN","up",1.55555865518237,1.38545946358334,0.00832928205094626,"up",TRUE
"SLPI","up",3.00320016882872,-0.892652795333333,0.00832928205094626,"down",FALSE
"SLTM","down",-3.23090629412027,-0.148402071666667,0.0762599620265077,"down",TRUE
"SMAD3","down",-1.34787425095502,-0.194406375666666,0.169993366565923,"down",TRUE
"SMAD5","down",-2.11312267210261,-0.0512123885833322,0.68437728552694,"down",TRUE
"SMARCA4","down",-1.30425635737244,0.119831155833335,0.244052246749132,"up",FALSE
"SMARCAL1","up",2.96743917050006,-0.112054194249999,0.0565147748079894,"down",FALSE
"SMARCC1","down",-3.26798600447371,0.122033461583335,0.157236848944741,"up",FALSE
"SMARCC2","up",1.03322880832366,-0.00281635249999896,0.97803242592391,"down",FALSE
"SMC4","down",-1.23164867360669,0.164655692333335,0.043163382748793,"up",FALSE
"SMC6","up",1.19799883761758,-0.0494154824999996,0.566328072898766,"down",FALSE
"SMCHD1","down",-3.13261143732559,-0.0126560729166658,0.907678753982075,"down",TRUE
"SMCR7","down",-1.23304225314055,-0.0934866861666656,0.418761713823237,"down",TRUE
"SMG1","down",-1.41859708408241,-0.00723498916666503,0.96154629867254,"down",TRUE
"SMG7","down",-2.14316608977923,-0.0691275716666662,0.389248734256546,"down",TRUE
"SMN1","down",-4.68798093054822,0.0161376041666658,0.898964541713825,"up",FALSE
"SMOX","up",1.54984336779165,-0.0420328834999985,0.825809235956923,"down",FALSE
"SMPD1","up",2.7612991895564,0.0864929614166677,0.380646249573758,"up",TRUE
"SMPD4","down",-2.11970331178306,-0.170857055833331,0.128577569917072,"down",TRUE
"SMR3B","up",2.31383932469186,0.0084534570000005,0.947501099590785,"up",TRUE
"SMURF1","up",1.06761490119768,0.197445706250002,0.0680871970284325,"up",TRUE
"SMURF2","down",-2.08475540192974,0.0140480507499999,0.884352844148348,"up",FALSE
"SMYD3","up",1.36659459733428,0.0993586286666678,0.252449359119585,"up",TRUE
"SMYD5","up",2.04121764020866,-0.0575896050833316,0.758890045313429,"down",FALSE
"SNAI1","up",1.29171971152149,1.25652773141667,0.0124960033712493,"up",TRUE
"SNAI2","up",2.20277762164849,-0.538781812583332,0.0261963639631603,"down",FALSE
"SNAP25","up",1.04147408935433,-0.423447992249999,0.0234277622287007,"down",FALSE
"SNAPC2","up",1.75577635590334,-0.188169986666666,0.379041398496383,"down",FALSE
"SNAPC5","up",1.40338591485702,0.0501260745000006,0.704744099992743,"up",TRUE
"SNCG","down",-2.02252459216745,0.160806522916667,0.270369686747824,"up",FALSE
"SNED1","up",1.32755377937513,-0.354247769916666,0.00874850137408104,"down",FALSE
"SNF8","down",-2.12695832354222,0.0707331850000017,0.43766156340683,"up",FALSE
"SNRK","down",-2.1183003157309,-0.0736079879999993,0.610952295262831,"down",TRUE
"SNRPA","up",1.41659851610408,-0.147379005999999,0.0778509170266017,"down",FALSE
"SNRPB","up",1.17847767239801,0.162043412500001,0.0503733497498084,"up",TRUE
"SNRPB2","up",1.15698580709745,-0.0121575114166649,0.906471028724244,"down",FALSE
"SNRPC","up",1.50399767474227,-0.0981341841666659,0.151384406247158,"down",FALSE
"SNRPD3","down",-1.15412684293572,0.00631023916666793,0.968788697637809,"up",FALSE
"SNRPF","up",1.24953666337048,-0.0266007283333315,0.825006949029268,"down",FALSE
"SNRPG","up",1.61839034207019,0.088397875833335,0.245090255306104,"up",TRUE
"SNTB2","down",-1.17671314118811,0.015804343333334,0.89445577408509,"up",FALSE
"SNURF","up",1.54115543427967,0.0419351375000008,0.660517791876168,"up",TRUE
"SNX1","down",-1.28234200090514,-0.0293115458333323,0.780400174920349,"down",TRUE
"SNX11","up",2.04432843589266,-0.0381530691666669,0.661234849249069,"down",FALSE
"SNX13","up",1.04547784944931,0.124141220083334,0.134598304257832,"up",TRUE
"SNX14","up",3.18051545962313,-0.0331636341666652,0.73017608453105,"down",FALSE
"SNX15","up",2.32920803095734,-0.0150531844166658,0.8906938469138,"down",FALSE
"SNX16","up",1.93764224214305,0.0466778640833347,0.602639283641084,"up",TRUE
"SNX17","up",2.08278361093384,0.00205686383333423,0.987425908587957,"up",TRUE
"SNX2","up",2.49465622725538,0.054194029166668,0.549167481556761,"up",TRUE
"SNX25","up",1.37114832610384,-0.0360359761666652,0.792261893708849,"down",FALSE
"SNX27","down",-3.02726784153418,-0.00946494749999909,0.943823076304808,"down",TRUE
"SNX6","up",1.84461001460908,-0.0621142658333323,0.442378224351401,"down",FALSE
"SNX7","up",1.7975177290013,0.166766574166669,0.0407910813926053,"up",TRUE
"SNX9","down",-2.33755959405984,-0.0121882949999978,0.926854754678936,"down",TRUE
"SOAT2","up",1.66056668870066,0.0327671106666679,0.864197457878946,"up",TRUE
"SOCS1","up",1.89786558705624,-0.0137080450833337,0.972451842604772,"down",FALSE
"SOCS6","up",1.80807646009454,0.0470279930000013,0.664287982657546,"up",TRUE
"SOD3","up",1.39212268702592,0.0733699758333342,0.658568504470877,"up",TRUE
"SON","up",1.20965797986353,-0.168370440833332,0.0974931846076273,"down",FALSE
"SORBS1","down",-1.60899082161744,0.334942433416668,0.321224366057742,"up",FALSE
"SORBS2","down",-1.21542301972373,0.467186761250002,0.0208315390358668,"up",FALSE
"SORCS1","down",-2.29944220145452,0.488878128916667,0.0373192007931314,"up",FALSE
"SORCS2","up",2.26201935331971,-0.646234718749998,0.00874850137408104,"down",FALSE
"SORD","up",1.27629309579273,-0.0523556190833331,0.708560001473523,"down",FALSE
"SOST","down",-1.05439688270607,0.274188218916667,0.710549114844223,"up",FALSE
"SOX13","down",-1.51107915246898,-0.0276787014166662,0.842115318198756,"down",TRUE
"SOX21","up",5.70062603294884,0.0793040005000007,0.273750582466769,"up",TRUE
"SOX30","down",-1.40357221067442,0.0429887582500007,0.763747239211831,"up",FALSE
"SOX5","down",-1.87858332072933,0.0105500781666684,0.965801887533049,"up",FALSE
"SP1","down",-1.38520698099101,0.1385023465,0.121135550191154,"up",FALSE
"SP110","up",1.50629167913099,0.0212918997500018,0.884451902422171,"up",TRUE
"SPAG8","down",-1.56537748931282,-0.368290627583333,0.0379013024240478,"down",TRUE
"SPAG9","down",-2.11651983141942,0.182566282416666,0.0220710875118571,"up",FALSE
"SPARCL1","up",2.54114306589634,-0.014987635833333,0.950625274600263,"down",FALSE
"SPAST","down",-1.14385671782625,-0.0455690531666667,0.611129928819509,"down",TRUE
"SPATA13","down",-2.20747765796604,0.406128090250001,0.0203069283237798,"up",FALSE
"SPATA18","up",1.68663538905449,0.0183284875833334,0.87867763622714,"up",TRUE
"SPATA5","up",1.97715303403607,-0.0661297874166657,0.456498136758446,"down",FALSE
"SPATA7","up",2.11497949056456,-0.0372599499166656,0.693762243306474,"down",FALSE
"SPATA9","down",-1.99523514173393,-0.104911798416667,0.125590912161526,"down",TRUE
"SPDYA","up",1.08680461850444,0.00865254191666728,0.921429925990048,"up",TRUE
"SPEG","up",1.87865468594253,-0.0271378033333317,0.954549480160421,"down",FALSE
"SPEN","down",-2.11269112630134,-0.107226781416665,0.189227542364752,"down",TRUE
"SPESP1","up",2.07190535315702,0.0621603922499998,0.514208739185518,"up",TRUE
"SPG21","up",4.27763873415289,-0.025820039999998,0.803852366796463,"down",FALSE
"SPG7","up",1.26478255389426,-0.0643285774999977,0.438471936018512,"down",FALSE
"SPHAR","up",2.1100143215584,0.00976748833333391,0.960950639253085,"up",TRUE
"SPHK1","down",-4.46210510318838,0.530445914500001,0.0116526381366191,"up",FALSE
"SPHK2","down",-1.70718086194401,-0.0697039041666662,0.408745217161564,"down",TRUE
"SPIN1","down",-1.15667263749285,0.0816841607500008,0.307191814439125,"up",FALSE
"SPINK4","up",1.69688417985576,-0.0354617935833333,0.855422398735555,"down",FALSE
"SPINT1","up",1.483263327244,-0.13307627475,0.547724879798644,"down",FALSE
"SPOCD1","down",-3.13666033363423,-0.353927103083332,0.126180016322764,"down",TRUE
"SPOCK2","down",-1.52119339077217,-0.0788357226666655,0.619485039381657,"down",TRUE
"SPON2","down",-4.87380666882071,-0.136846557499997,0.48178522064207,"down",TRUE
"SPP1","down",-3.54967419735801,0.596275379909089,0.0666205300761368,"up",FALSE
"SPR","up",1.07545445311864,0.000790303166666127,0.996555415579283,"up",TRUE
"SPRED2","down",-1.58940089839173,-0.0920214064999986,0.294441239372369,"down",TRUE
"SPRN","up",1.46641731043528,0.0242235200909088,0.828961132933867,"up",TRUE
"SPRR4","down",-3.29806663063588,-0.0782079270833331,0.512712839852924,"down",TRUE
"SPRY2","up",1.72257199308766,0.0827201240833344,0.775711335890891,"up",TRUE
"SPRY4","up",2.00642341710882,0.0267335355000009,0.916716797129648,"up",TRUE
"SPSB3","up",2.40360446642086,-0.0556739733333315,0.575285125358035,"down",FALSE
"SPSB4","up",2.17494267924511,0.101614001666667,0.302014093437925,"up",TRUE
"SPTA1","down",-2.52834574574358,-0.0198419682499996,0.87042101930753,"down",TRUE
"SPTAN1","down",-1.84479433861829,0.0163467916666675,0.913778404871497,"up",FALSE
"SPTB","up",1.13721830097856,0.304363911583334,0.063415546626298,"up",TRUE
"SPTBN1","down",-1.85493100047486,0.244857053083334,0.0678820329916752,"up",FALSE
"SPTBN2","down",-5.86931486705805,0.111743696833334,0.244199158656789,"up",FALSE
"SPTBN4","up",3.69842333082162,-0.0341035119166663,0.745453121979245,"down",FALSE
"SPTLC1","up",1.2012715110363,-0.0744213898333316,0.555884535961457,"down",FALSE
"SPTY2D1","down",-1.40819690904289,0.072211780250001,0.567107628813395,"up",FALSE
"SQLE","up",3.82380576287625,-0.114117572083332,0.544508155573947,"down",FALSE
"SRBD1","down",-4.53940046865876,-0.057236794333333,0.671858850944773,"down",TRUE
"SRF","down",-1.5436417293052,0.0791256633333331,0.784878278297021,"up",FALSE
"SRGAP2","up",1.89887274876487,-0.100942722833333,0.389973891240891,"down",FALSE
"SRM","up",1.38256068579302,-0.0254362866666659,0.879371665810701,"down",FALSE
"SRP54","up",3.15185396336806,-0.0477249684166665,0.515431619294979,"down",FALSE
"SRP72","down",-3.58105666384474,0.104271786666667,0.341949129018005,"up",FALSE
"SRP9","up",1.65083664612223,-0.120505647500001,0.296952772652414,"down",FALSE
"SRPK1","up",1.0088241811512,-0.0141900283333332,0.921056787661395,"down",FALSE
"SRPK2","up",1.36861203236563,-0.0284244239999999,0.731808240658979,"down",FALSE
"SRPRB","up",1.56277521615632,-0.164202621666666,0.0943766222328625,"down",FALSE
"SRPX2","down",-1.78226604981441,-0.000205917166665288,0.999650542169788,"down",TRUE
"SSBP2","down",-1.91957867474551,0.158757330000001,0.056461372078456,"up",FALSE
"SSBP4","up",1.45306132308598,-0.0589583849999988,0.307921803742693,"down",FALSE
"SSH1","down",-1.43686307669775,0.360861249083334,0.0389940309144656,"up",FALSE
"SSH3","down",-2.28826597275479,-0.000385743333332385,0.998727296138108,"down",TRUE
"SSPN","down",-2.40098509573923,-0.189133209999998,0.297228785047628,"down",TRUE
"SSR3","up",1.67964462210414,-0.146653926083331,0.349684794349147,"down",FALSE
"SSR4","up",3.4832071314096,-0.00855265999999782,0.961633671642107,"down",FALSE
"SSSCA1","up",1.77412708978792,0.0211009216666682,0.890992042888987,"up",TRUE
"SSX1","down",-1.436694141423,0.0236106471666671,0.883157305641017,"up",FALSE
"SSX3","up",1.75725935112044,0.0852168999166668,0.589857670235167,"up",TRUE
"SSX7","down",-1.66352214988762,0.07797695625,0.388800399570643,"up",FALSE
"ST14","down",-4.22220466554608,0.0828767505833344,0.314127254912676,"up",FALSE
"ST3GAL1","down",-2.39077439812826,0.0139641350000006,0.948371805170071,"up",FALSE
"ST3GAL3","up",1.47164707221723,-0.00242694499999913,0.986190453167325,"down",FALSE
"ST3GAL4","up",1.76293143196302,0.121249218833334,0.380976478405488,"up",TRUE
"ST3GAL5","up",2.80095660254363,-0.219178086666666,0.102501388767384,"down",FALSE
"ST5","up",1.78417801009722,-0.0234522474999987,0.916804068608166,"down",FALSE
"ST6GAL2","down",-1.90603049302811,-0.0144585631666666,0.972174613835605,"down",TRUE
"ST6GALNAC2","up",3.64084717003707,0.145994368583334,0.402833890884984,"up",TRUE
"ST7","up",1.22730598408998,0.0507787031666672,0.658568504470877,"up",TRUE
"ST7L","up",2.08468670104353,-0.0512938744999991,0.475465077927501,"down",FALSE
"ST8SIA1","up",2.65657148941968,0.1474122905,0.414330338856764,"up",TRUE
"STAC3","down",-2.42777209998532,-0.0310372911666657,0.757451606061212,"down",TRUE
"STAG2","down",-2.13819178739224,-0.0181459627499989,0.899169964858785,"down",TRUE
"STARD13","down",-1.68465534252647,0.144775708583334,0.307877835020064,"up",FALSE
"STARD3","up",1.98834363425063,0.0578822965833347,0.615037123686703,"up",TRUE
"STARD3NL","up",1.57308833445838,0.00658895166666791,0.961874065084344,"up",TRUE
"STARD7","up",1.7343149207357,-0.0549173166666644,0.668601749606393,"down",FALSE
"STAT3","down",-2.72468532377667,0.232472284833334,0.0434172476998249,"up",FALSE
"STAT5A","down",-2.81893123996931,0.0498638565833346,0.490220070593509,"up",FALSE
"STAT6","down",-1.16411348564175,-0.100475374166665,0.612686210706277,"down",TRUE
"STC2","up",2.53433761100414,0.120989263750001,0.351729207007252,"up",TRUE
"STEAP2","up",2.5267755090296,-0.048405567083333,0.9057320003502,"down",FALSE
"STIM2","up",1.62017127681095,0.0743478495000007,0.53774552638548,"up",TRUE
"STIP1","up",1.2436779759342,0.00479715808333425,0.966807430259211,"up",TRUE
"STK16","up",1.08721834312923,0.073158068166667,0.471527050117975,"up",TRUE
"STK17B","down",-1.21954610470399,0.542398268750002,0.031598487441942,"up",FALSE
"STK24","up",1.37376423470451,0.101968096666667,0.204046861519798,"up",TRUE
"STMN2","down",-1.33874654980606,-0.0930642528333328,0.861141989325484,"down",TRUE
"STMN3","down",-1.60795633418934,-0.103148251666666,0.572295040728498,"down",TRUE
"STOM","up",1.99974324957243,0.221156406666668,0.0242100346388033,"up",TRUE
"STOML1","up",2.14586191274868,-0.0169250721666664,0.913275326567832,"down",FALSE
"STON1","down",-1.08770200329066,-0.326393315833331,0.246262098672794,"down",TRUE
"STON2","up",1.31050037884143,0.167329008083334,0.187433834767032,"up",TRUE
"STOX1","up",1.50887041975262,0.0960340624166676,0.579009607712105,"up",TRUE
"STOX2","down",-8.00115900015619,0.112031787166669,0.393785698800684,"up",FALSE
"STRA6","up",1.51728834351064,-0.0990471212499988,0.442040185323397,"down",FALSE
"STRN","down",-2.86906115772856,0.0674896551666669,0.338542392138413,"up",FALSE
"STX16","up",1.07386628913931,-0.1849334,0.0742396352480096,"down",FALSE
"STX4","down",-2.12519167362213,0.0383437325000013,0.630697003822769,"up",FALSE
"STX6","down",-1.46688199322577,0.0109103104166675,0.913275326567832,"up",FALSE
"STXBP1","down",-2.82406150292268,0.038724306250001,0.690962284284756,"up",FALSE
"STXBP3","up",1.81556682184944,0.0129210899999997,0.920949767613856,"up",TRUE
"STYK1","up",2.03110023945127,-0.0773449775833325,0.63426000677563,"down",FALSE
"STYX","up",1.55329379865288,0.176816784583334,0.0711395215323588,"up",TRUE
"STYXL1","up",1.9175114594637,-0.0770777563333322,0.327679887294406,"down",FALSE
"SUCLG2","up",2.22642430848605,0.0968248421666667,0.4213315801574,"up",TRUE
"SUDS3","down",-1.16386702334785,0.00935962250000088,0.916691979590906,"up",FALSE
"SULT1A1","up",1.89564646145623,-0.139367470249998,0.143049986770857,"down",FALSE
"SULT1C2","up",1.76972371912854,0.0745034305000012,0.577474974488225,"up",TRUE
"SUMF1","up",1.68768776594752,0.000947777500000252,0.994245887587638,"up",TRUE
"SUMF2","down",-1.07412327022657,-0.0254071889999991,0.793488589398207,"down",TRUE
"SUPT3H","up",1.28525980673536,-0.00193071649999916,0.988334070432259,"down",FALSE
"SUPT4H1","up",2.96718356942024,-0.0107218916666649,0.912666643127396,"down",FALSE
"SUPT5H","down",-1.83381757637563,0.045200475000002,0.606912789574992,"up",FALSE
"SURF6","down",-2.22148303080832,-0.122434891833333,0.11555922599816,"down",TRUE
"SUSD4","up",2.48712876980857,-0.0235129227499991,0.909975094721091,"down",FALSE
"SUV420H1","down",-1.23187369012158,-0.0314544054999986,0.671812715980029,"down",TRUE
"SV2B","down",-1.82641445660253,0.205614952166668,0.33609590071722,"up",FALSE
"SVIL","down",-1.14702190937673,0.00225156999999999,0.996798965417472,"up",FALSE
"SWAP70","down",-2.80196923537092,0.319875640750002,0.014475279474458,"up",FALSE
"SYCE1","down",-1.63927894008296,0.0746818669166673,0.572295040728498,"up",FALSE
"SYDE1","down",-1.10793568362297,-1.12562500001942e-05,0.999938687478237,"down",TRUE
"SYK","down",-5.6395216660745,-0.0651437480833326,0.660407230201708,"down",TRUE
"SYN2","up",1.79373598105505,0.108271651750001,0.268407575977482,"up",TRUE
"SYN3","down",-2.62198554477148,-0.0310016505833326,0.799991947098269,"down",TRUE
"SYNE2","up",1.91071251774907,0.233793600666667,0.174812301547553,"up",TRUE
"SYNGR4","up",3.99212033208987,0.117592360416667,0.164563746410644,"up",TRUE
"SYNJ2BP","down",-1.01791998440259,0.136531319166667,0.0746428979698308,"up",FALSE
"SYNPO","up",1.5755496296635,0.120305949000001,0.148419988334128,"up",TRUE
"SYNPO2","up",3.75830666339194,0.719091263333334,0.0200096276880099,"up",TRUE
"SYT10","down",-2.37886129570121,0.281022949416667,0.252449359119585,"up",FALSE
"SYT13","up",1.58100105282077,-0.304000390583333,0.407972622833137,"down",FALSE
"SYT3","down",-2.15975804747675,0.308995350333333,0.0116526381366191,"up",FALSE
"SYT6","up",1.43872836262116,-0.1026622435,0.436113324183628,"down",FALSE
"SYTL1","up",1.921717644145,-0.222661727083332,0.213067884719085,"down",FALSE
"T","up",1.37541010420411,0.143303199166667,0.132413074960841,"up",TRUE
"TAC3","up",1.08152404336254,-0.139521975583333,0.29548872875029,"down",FALSE
"TAC4","down",-1.13313420420045,0.0397595248333338,0.754285636844532,"up",FALSE
"TACC1","down",-2.35939100715067,-0.0201443824999987,0.906507999280348,"down",TRUE
"TACC2","down",-1.30790747872497,-0.0389948066666662,0.84995216052672,"down",TRUE
"TACR1","up",2.51988882422787,-0.0877125863333325,0.403167368530162,"down",FALSE
"TAF11","up",1.52131044889854,0.011754980333335,0.91702973514976,"up",TRUE
"TAF13","down",-2.02473494394855,0.548535642416668,0.00892718765833606,"up",FALSE
"TAF15","down",-2.10516657463078,-0.0242738016666651,0.878022560419994,"down",TRUE
"TAF1A","up",1.6937604052309,-0.157529376416665,0.0606547119124721,"down",FALSE
"TAF1C","up",1.47134538066866,-0.100830257499998,0.321019717194092,"down",FALSE
"TAF1L","up",1.67208018540213,-0.0258534953333323,0.86720035582538,"down",FALSE
"TAF5L","down",-1.91494787737427,0.157141016583334,0.225015550265399,"up",FALSE
"TAF6","up",3.27231583530659,-0.1020894325,0.233000484354874,"down",FALSE
"TAF6L","up",2.20656252331656,0.0104240409166664,0.938890086533391,"up",TRUE
"TAF7","up",2.33953187671033,-0.00174351583333088,0.988906530723628,"down",FALSE
"TAF9","up",1.46206001664054,0.0661240883333341,0.26501644839507,"up",TRUE
"TAF9B","down",-7.1637097995505,-0.0355747829999982,0.630132410066899,"down",TRUE
"TAGAP","up",1.19196533633467,0.0809565474166687,0.790893222071772,"up",TRUE
"TAGLN","up",3.73488233231783,0.0282994658333357,0.955177941953147,"up",TRUE
"TAGLN2","up",2.52559983451552,0.496016461666668,0.0123176390656091,"up",TRUE
"TANC2","down",-1.94063247312933,0.124112115833334,0.137246742255258,"up",FALSE
"TANK","up",1.24813433552813,0.141115523250001,0.195938117196083,"up",TRUE
"TAOK2","up",1.79556523893195,0.0581093629166663,0.357570207827531,"up",TRUE
"TAPBP","up",1.64255597819158,0.115929175083334,0.309966178010434,"up",TRUE
"TAPBPL","down",-1.22134313872898,0.015297341166667,0.867698853730365,"up",FALSE
"TARSL2","down",-1.21803585662768,-0.0402614359166645,0.613494737741123,"down",TRUE
"TAS2R10","down",-1.77818725127297,-0.344078083,0.0375664544249912,"down",TRUE
"TAS2R40","up",4.2076328308316,-0.113333425583333,0.222748000617652,"down",FALSE
"TATDN3","up",3.37850539468189,0.0942011795000015,0.124762983624302,"up",TRUE
"TAZ","up",1.98900116344593,0.0276426379166677,0.82761742713736,"up",TRUE
"TBC1D1","up",1.86929437066542,-0.164270130833332,0.53882412381835,"down",FALSE
"TBC1D10B","up",2.19861867893475,0.000862262499999961,0.995546426785527,"up",TRUE
"TBC1D19","up",1.91103931711455,-0.016616221333333,0.933968431580261,"down",FALSE
"TBC1D2B","up",1.67338935113527,-0.125516960499998,0.115501775989533,"down",FALSE
"TBC1D5","down",-2.05085326472478,-0.0387909273333316,0.657618515124611,"down",TRUE
"TBC1D7","up",2.67444092284186,-0.0136708844166659,0.898985601208881,"down",FALSE
"TBC1D9B","down",-2.10487019055854,-0.1506697825,0.0182390192225942,"down",TRUE
"TBCA","up",1.44032630991556,0.0200422666666683,0.881044203818942,"up",TRUE
"TBCC","down",-2.57198953391654,-0.101520716166665,0.266081827788282,"down",TRUE
"TBCE","up",1.43168259165865,-0.0318546033333323,0.7745012108103,"down",FALSE
"TBK1","up",1.21475634366648,-0.0795326715833321,0.405268891772229,"down",FALSE
"TBL1X","down",-2.29427146046699,-0.223778030833333,0.291503774178685,"down",TRUE
"TBL1XR1","down",-1.99571095448,-0.0723342674999993,0.431814325642968,"down",TRUE
"TBL1Y","down",-2.90036250336528,-0.0116907609999994,0.969349303267475,"down",TRUE
"TBP","up",1.48446969378183,-0.135171292916667,0.0977802524674704,"down",FALSE
"TBRG4","up",1.68939591851204,-0.0640445561666663,0.509873122760655,"down",FALSE
"TCEAL1","down",-1.02592036678647,-0.155860053333332,0.166845361326491,"down",TRUE
"TCEAL2","down",-1.36829431866733,0.0206987100000018,0.930694771569811,"up",FALSE
"TCEAL3","down",-1.57509000296578,-0.0583951816666651,0.647488861276223,"down",TRUE
"TCEB1","up",1.06342832059934,0.240241940833335,0.0606821554243084,"up",TRUE
"TCF12","down",-2.0388040079498,0.043702783916666,0.877466386600356,"up",FALSE
"TCF3","up",1.22766247084243,-0.153787468333332,0.0787470837806793,"down",FALSE
"TCF4","down",-2.17654289451272,0.015870987500002,0.919782349636503,"up",FALSE
"TCIRG1","up",2.07024893309298,-0.0297023624999979,0.853465965906898,"down",FALSE
"TCL1A","down",-2.7812077346474,-0.121714358083332,0.469565517688682,"down",TRUE
"TCN2","up",1.01002643353803,0.0396686550000014,0.829872914781531,"up",TRUE
"TCOF1","up",1.88123765935762,-0.0023535439166655,0.987066198970925,"down",FALSE
"TCP11L1","up",1.29327436019464,0.232091557250001,0.0959839351419887,"up",TRUE
"TCTE3","down",-1.78423866178256,0.0699118809166672,0.270792401979795,"up",FALSE
"TDRD1","down",-2.3109923272872,-0.0726704085,0.431729173537153,"down",TRUE
"TDRD10","up",1.91791182274995,-0.0688701724999993,0.616183045620602,"down",FALSE
"TDRD3","down",-1.06317971479968,0.00928786233333415,0.934102107802452,"up",FALSE
"TEAD1","up",1.05488354569073,-0.0198202074999988,0.883907946330383,"down",FALSE
"TEAD2","up",1.54996635254274,0.0202222013333338,0.862625079335767,"up",TRUE
"TEAD3","down",-1.83949648059816,-0.0286340841666662,0.879833525723544,"down",TRUE
"TEDDM1","down",-1.38070379667012,-0.0486527539166655,0.698771881424513,"down",TRUE
"TEF","up",1.96575935467638,-0.0800279556666668,0.508765175223697,"down",FALSE
"TEK","down",-1.79824457583157,0.0919411891666672,0.632085230299263,"up",FALSE
"TENC1","up",2.711207197965,0.104514056666668,0.363613663785945,"up",TRUE
"TEPP","up",2.11757666368779,-0.0854143503333327,0.56071158842932,"down",FALSE
"TERF2","up",2.90171926008338,-0.0921791821666653,0.345341021639761,"down",FALSE
"TERF2IP","up",1.36518674950533,-0.0205390450000002,0.836493323183455,"down",FALSE
"TERT","down",-1.19088788771687,-0.00619533974999946,0.950625274600263,"down",TRUE
"TEX261","up",1.49227827604898,-0.100332392333333,0.161517311958601,"down",FALSE
"TEX264","up",2.79380657207278,0.0397146797500003,0.630595071231368,"up",TRUE
"TFAP4","up",3.34787034008269,0.0392930900833337,0.6185449121697,"up",TRUE
"TFCP2L1","down",-1.97567090249994,-0.121869809083333,0.365769615245267,"down",TRUE
"TFDP2","down",-1.83393384393813,0.0948900037500009,0.171701089000985,"up",FALSE
"TFF1","up",4.00077493384928,0.148144928416667,0.120348618647193,"up",TRUE
"TFPI","up",3.05168646708954,0.147647878333334,0.556638027125277,"up",TRUE
"TFPI2","down",-1.60172841228562,0.284676032916668,0.528706659526983,"up",FALSE
"TFR2","down",-1.72548530898438,0.0838514066666675,0.210560718880559,"up",FALSE
"TFRC","down",-1.32451984659568,0.0220441295833345,0.900958592487281,"up",FALSE
"TGFB1","up",1.89696239435629,0.0564304385833343,0.638671133814885,"up",TRUE
"TGFB1I1","up",1.6678536679844,0.0209276616666685,0.952499823760261,"up",TRUE
"TGFBI","up",1.75749942801029,0.142167447500002,0.555884535961457,"up",TRUE
"TGFBR1","up",1.24592950135062,0.499303211750001,0.0139673214458913,"up",TRUE
"TGFBR2","down",-3.0931357051586,-0.171384924166665,0.191383146983257,"down",TRUE
"TGIF2","up",1.75138175044923,-0.0763889405833329,0.322599810288985,"down",FALSE
"TGM3","up",2.48247876129109,-0.0924853047499997,0.634085610999337,"down",FALSE
"TH","up",2.40918836074321,-0.0223277049166656,0.827358171983304,"down",FALSE
"THAP1","up",4.03519526886675,-0.224351105499999,0.0649832702426638,"down",FALSE
"THAP10","down",-4.77040969986503,-0.090762425833334,0.480407103312396,"down",TRUE
"THAP11","up",1.565519677654,0.0105976433333336,0.929757099583767,"up",TRUE
"THAP2","up",2.19189381984425,-0.188909636083332,0.115352380726397,"down",FALSE
"THAP4","up",3.03471263044327,-0.0357688933333329,0.637812455092045,"down",FALSE
"THAP5","down",-2.01770342111596,0.0784909219166688,0.405230780582722,"up",FALSE
"THAP9","up",1.24019909232758,-0.0452442365833327,0.680044645435043,"down",FALSE
"THBD","down",-1.07994255059905,1.0767332625,0.0179713795885741,"up",FALSE
"THBS2","up",1.35697334676119,0.185220685000002,0.504158585991705,"up",TRUE
"THBS4","down",-1.34387952777367,0.946432749166667,0.0149075475049986,"up",FALSE
"THEG","up",3.11492400428309,-0.0306148623333326,0.800862564097752,"down",FALSE
"THOC2","down",-2.90783719307555,-0.0868743388333329,0.263975201797173,"down",TRUE
"THOC6","up",1.75461291513793,0.0988121920000008,0.305697607800927,"up",TRUE
"THOC7","down",-3.54170766499384,-0.0124870883333314,0.900060505475973,"down",TRUE
"THPO","down",-2.12534285961781,-0.00608214199999945,0.963200557198545,"down",TRUE
"THRAP3","down",-1.57115438455896,0.161229889666667,0.107324506195491,"up",FALSE
"THSD1","up",1.59505478935424,-0.199584817499999,0.277733990062701,"down",FALSE
"THTPA","up",1.91862395420962,-0.0676402155833332,0.478500573953308,"down",FALSE
"THY1","down",-1.74827062150528,-0.378135425833333,0.109920776413189,"down",TRUE
"THYN1","up",1.72954411317016,-0.0295154699999995,0.765290549750424,"down",FALSE
"TIAL1","up",2.98800430132815,0.0509460069166686,0.548939242487862,"up",TRUE
"TICAM2","up",1.62674937038582,0.158192685,0.112483469389961,"up",TRUE
"TIE1","up",1.69470879713193,0.112481415833334,0.565065697073819,"up",TRUE
"TIFA","up",1.7781103604334,0.21511617425,0.272782429251038,"up",TRUE
"TIGD1","up",1.53544465120369,-0.180391972083332,0.0341214893297062,"down",FALSE
"TIGD7","up",1.00533530756112,-0.136924992166666,0.116363174765735,"down",FALSE
"TIMD4","down",-1.36275708061685,-0.0878644922499991,0.499506102688639,"down",TRUE
"TIMM9","up",2.19220101570086,-0.061503714166667,0.579425258970911,"down",FALSE
"TIMP3","down",-1.52628600107184,0.140045599166667,0.268284505419851,"up",FALSE
"TIRAP","up",1.62449061536052,-0.000339442333332702,0.99870284904055,"down",FALSE
"TJP1","down",-3.16334749900132,0.0888527025000009,0.513060832341732,"up",FALSE
"TK1","up",2.05875775769404,0.194879289083334,0.5981410053606,"up",TRUE
"TK2","up",1.55244362143136,-0.00678212924999816,0.94149406102919,"down",FALSE
"TKTL1","down",-1.62901070486357,-0.0244943763333326,0.867052458405779,"down",TRUE
"TLE1","down",-1.0972988306585,-0.127158564166665,0.472750325482839,"down",TRUE
"TLE2","up",2.67190288994143,-0.498354269666666,0.0514825804466288,"down",FALSE
"TLE3","down",-2.76462653861975,0.0982215990833339,0.331171115520658,"up",FALSE
"TLR1","up",1.45461016327103,-0.231325868583333,0.125018485622245,"down",FALSE
"TLR4","down",-1.62898449083825,0.0386820700000012,0.80322003336407,"up",FALSE
"TLR5","up",4.18629233117131,-0.133212385666666,0.388658676643469,"down",FALSE
"TLR6","up",1.28576262564814,-0.157840988749999,0.0856099247815683,"down",FALSE
"TLR9","down",-2.58202933524615,0.00230272891666672,0.985584804085185,"up",FALSE
"TM2D2","up",2.26129906279904,-0.0723801517499995,0.416956417939996,"down",FALSE
"TM2D3","up",2.35131980133295,-0.0391508116666659,0.765261419395976,"down",FALSE
"TM4SF18","up",2.85760986633204,0.0306665177499996,0.890878590858609,"up",TRUE
"TM4SF19","up",3.25335487024246,0.0167617430833344,0.907082015547846,"up",TRUE
"TM6SF1","up",2.54723382825034,0.154688220083334,0.173417113864304,"up",TRUE
"TM9SF1","up",2.66807790423925,-0.0594314524999995,0.552146361890957,"down",FALSE
"TM9SF2","up",1.24185482394746,-0.100449405833334,0.156688936526215,"down",FALSE
"TM9SF3","up",1.90098165883619,-0.00381107666666523,0.971116868653941,"down",FALSE
"TMBIM4","up",3.17170633495296,-0.0484350841666658,0.643169975467726,"down",FALSE
"TMC4","up",2.53347082837942,-0.207957156583333,0.0498412691419141,"down",FALSE
"TMC5","down",-1.26656774408571,0.0452140680000006,0.75091294540739,"up",FALSE
"TMC7","up",1.08486086162747,0.168793873916667,0.165060350133852,"up",TRUE
"TMCC1","down",-1.41400273396697,-0.0620520019166643,0.516224006004404,"down",TRUE
"TMCC3","down",-2.49401421139533,-0.111586519166667,0.224839942764673,"down",TRUE
"TMCO1","up",1.50433731676445,-0.073166671166665,0.359371727124661,"down",FALSE
"TMCO3","up",1.92168680022655,-0.0833410225000001,0.338876426610754,"down",FALSE
"TMED1","down",-1.37345561643853,0.0203697056666688,0.854321616775602,"up",FALSE
"TMED10","up",1.6366837770772,-0.0796081849999989,0.227769482198915,"down",FALSE
"TMED4","down",-1.80835514608921,0.074196330916667,0.304760566723763,"up",FALSE
"TMED5","down",-1.69491936227335,0.102575536166668,0.112205315865984,"up",FALSE
"TMED7","up",2.14333712048631,0.199828220250001,0.126139212259187,"up",TRUE
"TMED9","up",1.28201330919253,0.0234777058333326,0.795266969623742,"up",TRUE
"TMEFF2","up",1.79299274534777,0.249198963916667,0.0473944893117365,"up",TRUE
"TMEM101","up",1.99347583035542,-0.0960908519166658,0.225334961493865,"down",FALSE
"TMEM104","up",1.03456021626572,-0.0632607389999995,0.585787721798862,"down",FALSE
"TMEM106B","up",2.34515919976983,-0.135482169166666,0.180988307394801,"down",FALSE
"TMEM106C","down",-4.94709566522722,0.0294659850000009,0.883293902061153,"up",FALSE
"TMEM107","up",1.94390752761095,0.0267895975000015,0.844258328282726,"up",TRUE
"TMEM109","up",1.15602932661526,-0.0512642625000006,0.518110755126587,"down",FALSE
"TMEM115","up",4.10973983135184,0.0704922445000003,0.53266299797478,"up",TRUE
"TMEM116","up",1.21551534075907,-0.155024157166666,0.244052246749132,"down",FALSE
"TMEM121","down",-1.41031781939335,-0.0170023491666656,0.934207212348955,"down",TRUE
"TMEM125","down",-1.49517641538961,-0.0773998320833322,0.637460482272207,"down",TRUE
"TMEM130","up",1.70386783568142,0.221018724166667,0.374338321532621,"up",TRUE
"TMEM133","up",2.01532532204942,-0.0629422239999995,0.663380288183745,"down",FALSE
"TMEM139","down",-1.12892709727633,0.00149613783333422,0.993049690604549,"up",FALSE
"TMEM143","down",-1.84995703850799,0.0118155075833341,0.919782349636503,"up",FALSE
"TMEM14A","up",2.60368565967278,0.0597597983333355,0.576251551908481,"up",TRUE
"TMEM14B","up",1.3518813438666,0.0171811850000011,0.853251623138525,"up",TRUE
"TMEM14C","up",1.18539764079104,-0.0165578991666654,0.819761644089038,"down",FALSE
"TMEM159","down",-1.04485172210678,0.013234356666667,0.940083602221765,"up",FALSE
"TMEM18","up",1.37670984873259,0.00521370833333479,0.966702950598939,"up",TRUE
"TMEM19","up",2.33341299934716,-0.0190438224166669,0.858956218227447,"down",FALSE
"TMEM25","up",2.44196215606892,-0.055434135833332,0.771376160718541,"down",FALSE
"TMEM26","up",1.87411945807674,-0.178984610083333,0.24178391881523,"down",FALSE
"TMEM27","up",1.2961228689125,-0.066320101999999,0.546810584281385,"down",FALSE
"TMEM30B","down",-6.05899766610897,0.339862990250001,0.151999909948781,"up",FALSE
"TMEM31","up",2.69820000538536,-0.0793993764166662,0.567756821758728,"down",FALSE
"TMEM33","up",2.18393013253771,0.102595945750001,0.177239901412039,"up",TRUE
"TMEM35","up",2.98249814228996,0.562510345083334,0.154442104711294,"up",TRUE
"TMEM37","up",1.14209264355804,-0.175615393249998,0.414350550067275,"down",FALSE
"TMEM38B","up",2.15771977458097,0.0714195195000014,0.582993556624118,"up",TRUE
"TMEM39B","up",1.62512972036549,-0.110467275,0.233335100868825,"down",FALSE
"TMEM41B","up",1.42482902197579,-0.0294364921666664,0.790153684342918,"down",FALSE
"TMEM42","up",2.01455000795676,-0.325893840833333,0.0119068544284353,"down",FALSE
"TMEM43","up",1.52203846886618,0.0430881383333346,0.702352282893483,"up",TRUE
"TMEM44","down",-5.26122499993346,-0.154609604916667,0.117823078081421,"down",TRUE
"TMEM45A","up",1.33785018919367,0.00033181308333449,0.999461258611761,"up",TRUE
"TMEM47","up",2.48715406417972,0.252022893083334,0.101104384605976,"up",TRUE
"TMEM5","up",1.63543257519977,0.0482675176666665,0.527970460482228,"up",TRUE
"TMEM53","up",1.59277748628859,0.0358579190833344,0.746620177059566,"up",TRUE
"TMEM60","up",1.78969966695721,-0.156165888749999,0.0993107929014338,"down",FALSE
"TMEM61","up",1.45062708301554,0.118726980833334,0.352208769358328,"up",TRUE
"TMEM62","up",2.25854690398017,0.107666553666667,0.275817868190461,"up",TRUE
"TMEM63B","up",2.09518192440119,0.111251710583334,0.133016688609271,"up",TRUE
"TMEM64","up",2.8850255282951,-0.339722945,0.0394854032900951,"down",FALSE
"TMEM65","up",2.16729263242704,0.210284708083334,0.139364362745789,"up",TRUE
"TMEM66","up",2.40167917446714,0.0272060065,0.763771643326173,"up",TRUE
"TMEM68","up",1.80932125259348,-0.0716831160833325,0.312259233002535,"down",FALSE
"TMEM69","up",3.0177888711319,-0.201481044083332,0.0391703325738606,"down",FALSE
"TMEM71","up",1.6060919115656,0.144936736083335,0.383990821083095,"up",TRUE
"TMEM80","down",-2.39294009296573,-0.252002008416665,0.0468829115370712,"down",TRUE
"TMEM86B","up",1.49554756020871,-0.000312505666667048,0.99844292281877,"down",FALSE
"TMEM87A","up",3.43690863787217,0.0392637816666677,0.68876197743774,"up",TRUE
"TMEM87B","up",3.67339312790109,0.00939010508333369,0.92068180562055,"up",TRUE
"TMEM88","up",2.01632308625058,0.107540447916669,0.562801900616076,"up",TRUE
"TMEM89","down",-3.27258467048563,0.152491179166667,0.180357979180439,"up",FALSE
"TMEM9","up",2.21140749385285,-0.126257780833333,0.0630598605010803,"down",FALSE
"TMEM98","up",1.6865667719775,-0.207823554999998,0.0277746652309908,"down",FALSE
"TMEM99","up",3.04378366901861,-0.102620633333333,0.0885985515738681,"down",FALSE
"TMEM9B","up",4.30375653261154,0.0132591400000003,0.94982639653697,"up",TRUE
"TMIE","down",-2.35238523448486,0.0884406931666668,0.5456342185238,"up",FALSE
"TMIGD2","down",-2.42600926098434,-0.0153943524166668,0.90497766142321,"down",TRUE
"TMOD4","up",1.83444170150777,-0.106457402333333,0.592240955295712,"down",FALSE
"TMPRSS11A","up",4.83352506515967,-0.0946917818333328,0.745864785623698,"down",FALSE
"TMPRSS13","up",1.53838499641142,-0.0089784709999996,0.945145098471142,"down",FALSE
"TMPRSS2","up",3.40966967183709,-0.121887399666667,0.292695251747287,"down",FALSE
"TMPRSS4","up",2.00969794889781,-0.0427657275833331,0.869660631840494,"down",FALSE
"TMPRSS9","up",1.50776511379497,-0.0431687437499999,0.778358974564163,"down",FALSE
"TMTC4","down",-1.25552303054551,-0.0171500725833321,0.909274013884953,"down",TRUE
"TMUB1","down",-1.56016804495099,0.0259511376666675,0.814145702924485,"up",FALSE
"TMUB2","up",2.14569571291565,0.00353834100000113,0.970464289234709,"up",TRUE
"TNFAIP8","up",2.10380575101814,-0.2746117925,0.0201183068578909,"down",FALSE
"TNFRSF10A","down",-1.7960244658077,0.257244608416668,0.150041804121404,"up",FALSE
"TNFRSF10C","down",-1.35150531036237,0.188451755500001,0.2352924787695,"up",FALSE
"TNFRSF11A","down",-1.11817032241678,-0.0785860214999996,0.608616590210671,"down",TRUE
"TNFRSF18","up",1.50791578344668,-0.0344809588333334,0.766119484445392,"down",FALSE
"TNFRSF19","up",1.55669725484797,0.0498744603333328,0.781482833705447,"up",TRUE
"TNFRSF1A","up",1.59472667795081,0.1519374375,0.251837854992264,"up",TRUE
"TNFRSF21","up",1.37635618117898,0.238909845916667,0.204680859175631,"up",TRUE
"TNFRSF25","up",1.27749914664685,-0.252989926833332,0.0479806644954911,"down",FALSE
"TNFSF11","up",1.49723715225525,0.0535738061666671,0.594754198616827,"up",TRUE
"TNFSF13","up",1.0142614433264,-0.251720020749998,0.0879813013576645,"down",FALSE
"TNFSF14","down",-1.45862867971822,-0.3259974865,0.195483485066467,"down",TRUE
"TNFSF4","up",2.17539030524022,-0.0246474305,0.870019975920627,"down",FALSE
"TNFSF9","up",2.36132133538763,0.370819072250001,0.146847539833484,"up",TRUE
"TNIK","down",-1.86478313092701,0.0616215351666671,0.763500811221124,"up",FALSE
"TNK2","up",2.14154870544571,0.0245959116666665,0.744072470172027,"up",TRUE
"TNKS1BP1","up",3.87749699794134,0.0803670514166681,0.372558679112108,"up",TRUE
"TNNT1","up",1.27435601862837,-0.140010406,0.257227749513556,"down",FALSE
"TNNT3","down",-1.26786091463296,-0.515817317499999,0.0160655677197616,"down",TRUE
"TNP2","up",1.47045242233787,-0.0145552660833328,0.907082015547846,"down",FALSE
"TNRC6B","down",-1.01713180724459,-0.0265521939166642,0.750033155228456,"down",TRUE
"TNS1","down",-1.19509916878776,0.289778122666668,0.285079183419067,"up",FALSE
"TOB2","down",-2.32392262640924,0.00536149025000082,0.967164751543446,"up",FALSE
"TOMM20","up",1.22672516441365,0.0837160291666674,0.272974143123133,"up",TRUE
"TOMM7","up",1.40360831088692,-0.0557846041666662,0.529593366277096,"down",FALSE
"TOP1","down",-1.28754605330777,0.00210481350000083,0.988632626294022,"up",FALSE
"TOP2B","down",-2.58349159680725,-0.128859294999999,0.0880544343832811,"down",TRUE
"TOP3B","down",-2.84620346410845,-0.00453317583333276,0.971492840862489,"down",TRUE
"TOPBP1","up",1.63559314397645,0.0687152374166666,0.226329258203144,"up",TRUE
"TOR1AIP1","up",1.80435631963537,0.167751753416667,0.0418424872121172,"up",TRUE
"TOR1B","up",2.24658971248708,0.0121700325000006,0.928922948233237,"up",TRUE
"TOR2A","up",2.67726176221735,-0.132914503583333,0.0566086387792519,"down",FALSE
"TOR3A","up",1.45740118419538,0.1948353475,0.146276896253463,"up",TRUE
"TP53BP1","down",-2.33096312963858,-0.118561086916666,0.229233591217959,"down",TRUE
"TP53RK","up",2.62551493181984,-0.0194119297499998,0.872503406342683,"down",FALSE
"TP73","up",1.53621377664124,0.0354105959166676,0.642205767154355,"up",TRUE
"TPBG","up",1.1385409729938,-0.0414589868333332,0.856385714432284,"down",FALSE
"TPD52L2","up",1.54714852465738,0.0256723591666677,0.834935862719454,"up",TRUE
"TPH1","down",-2.34469435988233,0.00652939700000041,0.967489442061235,"up",FALSE
"TPM4","up",1.24084447196088,0.425436693333335,0.0251051902106814,"up",TRUE
"TPP1","up",1.37242778631617,-0.0811531804166661,0.502164402332164,"down",FALSE
"TPST2","up",1.66720300852543,-0.0794980899999995,0.54316340992145,"down",FALSE
"TPT1","up",3.23009666757146,-0.113780491666666,0.350462211329621,"down",FALSE
"TPTE","up",5.41473626804859,-0.144664404166666,0.260539830348035,"down",FALSE
"TPTE2","down",-2.84316684241275,-0.07729342425,0.612880568294001,"down",TRUE
"TRABD","down",-1.64980516960921,-0.0540776383333329,0.514208739185518,"down",TRUE
"TRAF3IP1","down",-2.13839047571185,0.0957280248333347,0.375875012435728,"up",FALSE
"TRAF3IP2","up",1.52512814842689,-0.151467099499999,0.283344446996515,"down",FALSE
"TRAF6","up",1.52932127532647,0.0386664598333337,0.70691882952668,"up",TRUE
"TRAF7","up",2.50926347529203,-0.063234122,0.398684220450144,"down",FALSE
"TRAK1","down",-1.59942025473721,0.174768166333334,0.0489699153539606,"up",FALSE
"TRAM1","up",1.24463319550996,-0.121428544166666,0.144548458397251,"down",FALSE
"TRAM1L1","up",2.6401828013716,-0.203846060583333,0.0643650293459191,"down",FALSE
"TRAPPC1","up",2.02610612433165,-0.0889916842499994,0.472204367198765,"down",FALSE
"TRAPPC2L","up",1.7890847662489,0.0392955842500007,0.632331834497801,"up",TRUE
"TRAPPC3","up",1.78160890576676,0.0916271291666666,0.18144061543668,"up",TRUE
"TRAT1","down",-1.75804352836443,-0.0709751838333331,0.595008355041063,"down",TRUE
"TREM1","down",-4.25274903633397,0.671119771166668,0.0195025946184818,"up",FALSE
"TREM2","up",2.77361520501901,0.100078355416667,0.577770650337247,"up",TRUE
"TREX1","up",2.66129316815662,0.133728249666667,0.127050609506236,"up",TRUE
"TRIB2","down",-1.15484525778628,-0.161954843499999,0.175181842577415,"down",TRUE
"TRIM21","up",1.96611066153419,-0.0630077839999992,0.37611211869078,"down",FALSE
"TRIM24","down",-2.57536219478852,-0.0575260533333319,0.657766125629353,"down",TRUE
"TRIM32","up",2.96408556761013,-0.302525351666666,0.015406608692691,"down",FALSE
"TRIM36","down",-1.16399714883893,-0.053728340333332,0.775754905965154,"down",TRUE
"TRIM38","down",-3.12983776254456,-0.0380574170833328,0.652165926767068,"down",TRUE
"TRIM39","down",-2.60257966509338,-0.06816923375,0.540970617351083,"down",TRUE
"TRIM4","up",2.53495827551324,-0.1930129125,0.128250923792911,"down",FALSE
"TRIM41","up",2.89413723269546,-0.0281503962499984,0.718077899668131,"down",FALSE
"TRIM43","down",-1.2380699799534,-0.0204706726666664,0.858956218227447,"down",TRUE
"TRIM48","down",-4.02960843756178,0.0305319620833336,0.746368249678012,"up",FALSE
"TRIM54","down",-1.77164205300802,0.0834451698333334,0.332282021865267,"up",FALSE
"TRIM55","up",2.69896904010965,-0.0451144240833334,0.645874488423475,"down",FALSE
"TRIM62","down",-2.37640213785783,0.0533704391666672,0.34093313152265,"up",FALSE
"TRIM9","down",-1.25503192461207,-0.119753422083333,0.400641224107901,"down",TRUE
"TRIO","down",-2.49702047740878,0.110250445666668,0.174203263910691,"up",FALSE
"TRIOBP","up",1.01247034521147,-0.0905582171666651,0.256934773760338,"down",FALSE
"TRIP10","up",1.95439335976422,0.0416626077500013,0.698000893346016,"up",TRUE
"TRIP11","down",-2.46080606193963,0.0240896144166683,0.796218934202342,"up",FALSE
"TRMT5","up",1.87028532724722,-0.1269236325,0.0754388690852403,"down",FALSE
"TRO","down",-1.16273138804378,-0.403939905833333,0.0181759606018022,"down",TRUE
"TROVE2","down",-1.83637932020767,0.00766331083333453,0.932367018644316,"up",FALSE
"TRPC4","up",1.24964818400814,0.285436825166668,0.102727210946018,"up",TRUE
"TRPC4AP","up",1.03659574766067,0.0127763929166686,0.903359775890501,"up",TRUE
"TRPM6","down",-1.38633955230762,0.132846096416667,0.375840493675734,"up",FALSE
"TRPM7","down",-1.65884263374156,-0.0325603243333332,0.81476843525844,"down",TRUE
"TRPS1","down",-2.34067534454192,0.00254017425000062,0.991652082075029,"up",FALSE
"TRPV2","up",1.60520083432195,0.2138649975,0.0500646820951755,"up",TRUE
"TRPV4","up",1.08756942701718,0.0380101457500008,0.78093533666773,"up",TRUE
"TRUB2","up",2.86493029913294,-0.0521152152499986,0.430760728709519,"down",FALSE
"TSC22D1","up",1.02064087267129,0.113535116666667,0.650840695996965,"up",TRUE
"TSC22D2","down",-2.6879709567435,0.538074157727272,0.0303805109865928,"up",FALSE
"TSC22D4","down",-3.53269789524441,-0.215520671249999,0.0119773742759694,"down",TRUE
"TSEN2","up",1.00739452217099,-0.229415124083333,0.0937969152878239,"down",FALSE
"TSEN54","up",4.47669713406001,0.0131246575833341,0.897418746986997,"up",TRUE
"TSFM","up",1.19823834333046,-0.133711950833332,0.130517837751844,"down",FALSE
"TSHR","up",1.86452761554245,-0.0542452859999995,0.516189701937575,"down",FALSE
"TSHZ3","up",5.14142840103573,-0.127031076999999,0.296610941411839,"down",FALSE
"TSN","up",3.75452526542979,-0.0980852986666655,0.261196191019593,"down",FALSE
"TSNARE1","down",-3.2177978941246,0.0387072165833334,0.76416011936179,"up",FALSE
"TSNAX","up",1.17717434969632,-0.0548595207499979,0.49303061025917,"down",FALSE
"TSNAXIP1","down",-1.70025561850807,-0.0400347381666662,0.693305772623603,"down",TRUE
"TSPAN10","down",-1.21450955563511,0.121348640833336,0.177880626557436,"up",FALSE
"TSPAN13","up",2.77257055872351,-0.091838252083333,0.6912777080553,"down",FALSE
"TSPAN14","up",1.78503786974759,-0.0202954147500004,0.902646955124222,"down",FALSE
"TSPAN15","up",4.07840133072859,0.0277473882500003,0.941113511075081,"up",TRUE
"TSPAN17","down",-1.40733752185659,0.154002109500001,0.117625438476304,"up",FALSE
"TSPAN2","up",1.83945963525014,0.233177234583333,0.573577235281647,"up",TRUE
"TSPAN3","up",1.57991101536446,-0.062033155833332,0.595008355041063,"down",FALSE
"TSPAN31","up",1.68027853198047,-0.0138825876666653,0.884749221836335,"down",FALSE
"TSPAN32","up",1.08294301846853,-0.0908217071666659,0.289541087586106,"down",FALSE
"TSPAN6","up",2.77442965911482,-0.377611308833332,0.0388257294729635,"down",FALSE
"TSPAN8","up",3.45001957045799,0.05463843125,0.909574337502611,"up",TRUE
"TSPO","up",1.51000091624383,0.0609295683333343,0.472204367198765,"up",TRUE
"TSPYL4","up",1.0604583375341,-0.182883279999999,0.0958853105046358,"down",FALSE
"TSPYL5","up",1.50032231543559,-0.0553282383333312,0.729987286403679,"down",FALSE
"TSSC4","down",-1.69774308857828,0.207803375333334,0.0468541132939607,"up",FALSE
"TSSK3","up",1.67632080866161,-0.03903537175,0.745881535550512,"down",FALSE
"TSSK4","up",1.48459812157814,-0.0421075171666658,0.644961064263723,"down",FALSE
"TTC14","down",-1.77497428423542,-0.214897680999998,0.0418424872121172,"down",TRUE
"TTC16","up",1.34068696489875,-0.0369814089166662,0.723179831522157,"down",FALSE
"TTC17","up",1.32515680868733,-0.0528151326666668,0.434741804998129,"down",FALSE
"TTC18","down",-3.24531323037772,-0.187915100249999,0.0970379505362786,"down",TRUE
"TTC21B","down",-1.24681994905028,-0.00484465816666565,0.972939438594897,"down",TRUE
"TTC22","down",-1.75064127486766,-0.00999174416666636,0.941095033071063,"down",TRUE
"TTC30A","up",2.44994346322557,-0.195231788833333,0.0873453427998046,"down",FALSE
"TTC5","down",-1.32888596987398,-0.115122018416665,0.249183650881212,"down",TRUE
"TTF1","up",1.51483685174527,-0.0156245092499993,0.883907946330383,"down",FALSE
"TTLL1","up",1.64404698223361,-0.0164125474999985,0.887043792808554,"down",FALSE
"TTLL4","up",1.20633977605348,0.0802093254166671,0.415532529740586,"up",TRUE
"TTLL6","down",-2.6637436225152,-0.00924578516666558,0.930912213391111,"down",TRUE
"TTYH2","up",1.28385322044643,0.0756051396666667,0.631948437378841,"up",TRUE
"TUBB","up",1.32071133229823,0.0161363825000021,0.929316495731852,"up",TRUE
"TUBB2A","up",1.32728065078041,0.230415824166668,0.302014093437925,"up",TRUE
"TUBB3","up",2.31256437304655,0.299091635833335,0.132726788003898,"up",TRUE
"TUBD1","up",1.53026325523489,-0.0223458884166671,0.861479182949417,"down",FALSE
"TUBE1","up",1.6146590132459,-0.081739179083333,0.440661566152632,"down",FALSE
"TUFT1","down",-2.64184607382892,0.306883473333335,0.332014886368036,"up",FALSE
"TULP3","up",1.55602498722864,-0.0610866861666657,0.648418082840402,"down",FALSE
"TUSC1","up",2.03471754221837,0.141879685833335,0.126942344385133,"up",TRUE
"TWIST1","up",1.2836815598797,0.113948125583334,0.561683306096717,"up",TRUE
"TWISTNB","down",-1.76336134486105,0.272891629666667,0.0171541932315657,"up",FALSE
"TXN","up",2.73794966700244,0.101335657500002,0.241643305859426,"up",TRUE
"TXNDC12","up",1.54988741882343,0.0235499840833343,0.860332756584872,"up",TRUE
"TXNDC2","down",-1.55087737453618,-0.118833782,0.124884522390181,"down",TRUE
"TXNDC5","up",2.38669359514691,-0.151660516666666,0.419102724563306,"down",FALSE
"TXNIP","up",4.52424636503292,-0.469053147499998,0.028128558476974,"down",FALSE
"TXNL1","up",1.00806996888848,-0.0452660058333324,0.659326548608002,"down",FALSE
"TYSND1","up",2.33165397326201,-0.0557417418333326,0.575285125358035,"down",FALSE
"U2AF2","up",1.01484294146481,-0.057144720833332,0.478563931100413,"down",FALSE
"UACA","down",-1.95612964052395,0.297148496666668,0.0214283871023484,"up",FALSE
"UBA52","up",1.39242964634808,-0.0450401716666669,0.721908096636701,"down",FALSE
"UBAP1","down",-1.37539759241998,0.0525674683333334,0.555283020860403,"up",FALSE
"UBAP2","down",-2.3827111000488,-0.099222296666666,0.271958449350062,"down",TRUE
"UBASH3A","down",-7.38529383313225,-0.196530024833334,0.294899350511343,"down",TRUE
"UBB","up",1.59037422640803,0.0838028508333328,0.650500516780639,"up",TRUE
"UBD","up",2.4845695601423,0.0249377557500005,0.957096754667815,"up",TRUE
"UBE2A","up",1.83972132163995,-0.0250023624999992,0.734662049471234,"down",FALSE
"UBE2D1","up",2.3251309267857,0.0724192053333351,0.349698627013377,"up",TRUE
"UBE2D3","down",-2.01165832644913,0.1924050875,0.0344348471114438,"up",FALSE
"UBE2D4","up",2.57655116083141,0.00922753216666817,0.952987206638459,"up",TRUE
"UBE2E2","up",1.45961475059139,-0.0371868225833327,0.65609212027709,"down",FALSE
"UBE2E3","up",4.23084399700277,0.0709761050000006,0.618223640442484,"up",TRUE
"UBE2F","down",-1.21447200534271,0.0581744508333358,0.453726601229357,"up",FALSE
"UBE2G1","up",2.09664885908604,-0.0115135062499982,0.933394706595049,"down",FALSE
"UBE2J1","down",-1.04116215259238,0.344110099583333,0.0397328669778264,"up",FALSE
"UBE2J2","down",-1.01858069516288,0.0889068917500005,0.118296148654604,"up",FALSE
"UBE2U","down",-3.40604113827599,0.0327984841666671,0.729927895455095,"up",FALSE
"UBE2V2","up",2.9888444967237,0.166360334000001,0.0846374025801493,"up",TRUE
"UBE3B","down",-1.34699324341799,0.0157459059999998,0.887468268367568,"up",FALSE
"UBE4A","down",-1.68043994787204,-0.0554919441666653,0.526887000476283,"down",TRUE
"UBL3","up",1.90905847157181,-0.191651354166665,0.0210894028757315,"down",FALSE
"UBOX5","up",1.1378967357121,-0.151948839166666,0.40597903970976,"down",FALSE
"UCKL1","down",-1.41076087973597,0.114355493333334,0.0894391359701139,"up",FALSE
"UCN","up",1.8280902257929,0.0997038330000008,0.218892244986949,"up",TRUE
"UCN3","down",-2.93080896914095,-0.0194509525833329,0.864663195352256,"down",TRUE
"UCP2","up",2.24362299075436,0.197144058,0.237210722934316,"up",TRUE
"UCP3","up",2.42697403734785,0.167700061666668,0.164963507310669,"up",TRUE
"UFM1","up",1.78546199955954,0.283517468083336,0.0140152646434202,"up",TRUE
"UGCG","down",-3.69667186513015,0.395990455083335,0.0478618801841906,"up",FALSE
"UGDH","up",2.51022547597641,0.0407322166666683,0.713656538065609,"up",TRUE
"UGT1A6","up",2.90091857505479,-0.0210461482499995,0.833163490129522,"down",FALSE
"UGT2A1","down",-2.25527266355831,0.0156678998333342,0.901766679887287,"up",FALSE
"UGT2B7","down",-1.76890861408947,0.0789929843333349,0.40485964735665,"up",FALSE
"UHRF1","up",1.33715365608646,0.08688999625,0.495637230478103,"up",TRUE
"UHRF2","up",1.8749397925216,-0.0196760519166658,0.87417558670533,"down",FALSE
"ULK4","up",1.15731831362635,0.124633412916667,0.260363720437941,"up",TRUE
"UMPS","up",2.80461429148324,-0.110046670833334,0.155068093408719,"down",FALSE
"UNC119","down",-1.0623273227555,-0.000999770083332014,0.991384445961182,"down",TRUE
"UNC13B","up",1.77293188165728,0.233389686583333,0.082946957224543,"up",TRUE
"UNC45B","down",-1.2832935447803,0.0083934519166667,0.967114885371115,"up",FALSE
"UNC93B1","up",1.69640051563064,0.0286391590833337,0.789532574039446,"up",TRUE
"UNG","up",3.14673233973225,-0.178414990249999,0.0675272239208093,"down",FALSE
"UNKL","down",-1.62186039261539,0.0122935206666667,0.932664370660157,"up",FALSE
"UPF2","down",-2.69792619728333,0.0975046829166674,0.33309771077937,"up",FALSE
"UPF3A","down",-1.22664619580546,-0.118597564166666,0.11838060191352,"down",TRUE
"UPF3B","down",-2.91906200549631,-0.00469989824999967,0.975197535771126,"down",TRUE
"UPK2","down",-1.7352079994937,0.0579157352500005,0.373246014354451,"up",FALSE
"UPP1","down",-1.34206468069141,0.371378919333334,0.0482056618053782,"up",FALSE
"UQCRB","up",5.04401770172308,0.159573845000001,0.109287711547773,"up",TRUE
"UQCRFS1","up",2.83600366275603,0.126639162500002,0.161355236517831,"up",TRUE
"UQCRQ","up",1.75336749039739,0.0739756133333358,0.593369246890962,"up",TRUE
"UROC1","up",1.08858539822765,0.00873676183333362,0.933168032691807,"up",TRUE
"UROD","up",1.79563152255725,-0.0571236866666661,0.489242823021652,"down",FALSE
"UROS","down",-1.33615916790214,0.0220538410000012,0.871599289844986,"up",FALSE
"USF2","up",1.34392869041391,0.0646897185000005,0.351615059775567,"up",TRUE
"USH1C","down",-1.6471921804016,-0.0565556700833325,0.522494127233261,"down",TRUE
"USH1G","up",1.93501408422664,0.029478435083333,0.778176020645673,"up",TRUE
"USHBP1","up",1.14332059634962,-0.108062752083333,0.356786495007696,"down",FALSE
"USMG5","up",2.16314616280787,0.1714836975,0.155788394450043,"up",TRUE
"USP10","up",2.22460115491952,-0.0187328271666647,0.90173181624299,"down",FALSE
"USP13","down",-1.61594807532697,0.313145465333334,0.0315408155856162,"up",FALSE
"USP16","down",-2.08670198393573,0.0717132400000009,0.280292198889155,"up",FALSE
"USP19","up",2.576936336305,0.0899578910000003,0.366983960744334,"up",TRUE
"USP21","up",1.20402336780175,-0.122166313166665,0.185894393798456,"down",FALSE
"USP22","up",1.18570197356773,-0.0258581560833333,0.752108759516606,"down",FALSE
"USP28","up",2.24988912531002,-0.0217951115833336,0.857795532597659,"down",FALSE
"USP33","up",2.6337222310661,0.0445200916666674,0.59972456348515,"up",TRUE
"USP36","down",-1.80869439885699,0.207579059833334,0.205593557482338,"up",FALSE
"USP40","up",1.66259782288993,-0.0126444028333317,0.906145159390937,"down",FALSE
"USP42","up",1.35308656811802,0.0425981933333348,0.613347627758582,"up",TRUE
"USP46","up",1.62331799970721,0.114662853500001,0.407074691572877,"up",TRUE
"USP5","up",1.87083305334575,0.0649465706666687,0.539298914799264,"up",TRUE
"USP51","down",-1.50780326463558,-0.17146463725,0.101075063641971,"down",TRUE
"USP53","down",-1.32849849400789,-0.152670726416666,0.467816033278151,"down",TRUE
"USP8","up",3.09424933109169,-0.0922299489999988,0.280214349309187,"down",FALSE
"UTP11L","up",1.13016933432382,0.0665039945000011,0.743844399135056,"up",TRUE
"UTP14C","down",-1.6396141142477,-0.163501194416666,0.118865166405553,"down",TRUE
"UTP6","up",1.5806833308773,-0.0717744460833339,0.405342977304737,"down",FALSE
"UTRN","down",-1.31213608837186,0.215105767250001,0.0189391547795325,"up",FALSE
"UTS2","up",3.25376490517027,-0.0190610110833326,0.876139838399965,"down",FALSE
"UTS2D","down",-2.83097780930041,0.0637987190833331,0.540970617351083,"up",FALSE
"UTS2R","down",-2.15399391155304,0.0726461375000026,0.311942104048848,"up",FALSE
"UTY","up",1.56243420900043,0.0284318022500005,0.729927895455095,"up",TRUE
"UVRAG","up",1.29792769291936,0.0694313815833341,0.528706659526983,"up",TRUE
"UXS1","up",1.08204696094624,0.0207267724166669,0.872609082457518,"up",TRUE
"UXT","up",1.78510932717263,0.0414424250000012,0.64966844087343,"up",TRUE
"VAMP1","up",3.81308833632799,-0.0370127559166669,0.754620547586324,"down",FALSE
"VAMP2","up",1.3159079966909,0.1378245575,0.145477736209212,"up",TRUE
"VAMP3","up",4.64363073086084,0.0508420491666682,0.412893909121213,"up",TRUE
"VAMP5","down",-1.27397455501722,0.0240148083333341,0.813487346346494,"up",FALSE
"VAPA","up",3.16438013321341,0.0728697383333344,0.42580207407572,"up",TRUE
"VARS","up",2.70747233433172,0.120226710916668,0.14044078776238,"up",TRUE
"VASH2","down",-3.32191910686926,-0.381467503333333,0.0256888411734646,"down",TRUE
"VAV1","down",-1.19441073941812,-0.198302612333334,0.0985442645474939,"down",TRUE
"VAV3","up",2.69327404181806,-0.273059494999999,0.318956540772995,"down",FALSE
"VBP1","up",1.44803449267676,0.00613346283333442,0.959040300547286,"up",TRUE
"VCAM1","up",3.60387133756412,0.1934422065,0.461481050321245,"up",TRUE
"VDAC1","up",3.64723252805832,0.0871106275000011,0.371501362149115,"up",TRUE
"VDAC2","up",2.29098565404419,0.0547788366666686,0.654147836575916,"up",TRUE
"VEPH1","up",5.98487913390168,-0.21707888,0.181856252691253,"down",FALSE
"VGLL4","down",-2.80243079218855,0.140108520833335,0.188407967088507,"up",FALSE
"VIL1","down",-1.1103585657867,0.0736422605000006,0.391941259142851,"up",FALSE
"VIM","up",1.71468117326354,0.261487939166669,0.107450128017198,"up",TRUE
"VIP","up",1.48976641275706,-0.0841285250833321,0.839602224827888,"down",FALSE
"VIPR1","down",-1.33274888698308,0.00061902483333407,0.998624152134216,"up",FALSE
"VIT","up",2.0666465573681,-0.0423501825833309,0.931051223829518,"down",FALSE
"VMO1","down",-1.53404720528896,0.066773423083334,0.720035544759732,"up",FALSE
"VN1R2","up",1.52646910400344,0.0562223475833341,0.649754980521582,"up",TRUE
"VN1R4","up",1.75288977168732,-0.0327613918333333,0.835868485212062,"down",FALSE
"VNN2","up",1.98930652469867,0.0254861750833352,0.957885848547961,"up",TRUE
"VPREB1","up",1.40668599311444,-0.0826324048333331,0.425646782941497,"down",FALSE
"VPS13A","down",-2.31104867052766,0.0603135009166675,0.753059626634989,"up",FALSE
"VPS13C","down",-1.87660094703347,-0.152042763583332,0.151420471538338,"down",TRUE
"VPS16","up",1.45818737419709,0.00243288700000023,0.982474815850791,"up",TRUE
"VPS18","down",-3.10753952518971,0.505265622500002,0.297228785047628,"up",FALSE
"VPS28","up",1.11668686495096,-0.0498376841666665,0.411303607769143,"down",FALSE
"VPS37A","up",1.18737180656011,-0.00973902766666582,0.910264893387157,"down",FALSE
"VPS39","down",-1.32577708686872,0.0495740342500011,0.585640137783064,"up",FALSE
"VPS4A","up",2.84885213110219,0.0534375658333329,0.53774552638548,"up",TRUE
"VPS54","down",-1.13234382120066,-0.0105168727499992,0.918858244495191,"down",TRUE
"VPS72","up",1.8881773384927,-0.0159765149999984,0.886643722305931,"down",FALSE
"WAC","down",-1.37654355521292,0.0436942258333341,0.490086937829836,"up",FALSE
"WAPAL","down",-1.42665679239221,-0.0294173912499993,0.682190215001206,"down",TRUE
"WARS2","up",1.27452592983615,0.0807208045000003,0.292695251747287,"up",TRUE
"WASF3","down",-6.8551350995187,-0.0845860296666657,0.269142269058274,"down",TRUE
"WBP4","down",-1.47518799563242,0.128823597500002,0.246076217387471,"up",FALSE
"WBSCR28","up",2.11439354630759,0.0256966925000005,0.845872895599432,"up",TRUE
"WDFY3","down",-2.28291630497139,-0.0902137251666658,0.371939188607347,"down",TRUE
"WDHD1","down",-1.70320154294429,0.00315653525000083,0.975009704539915,"up",FALSE
"WDR1","up",1.30038054536596,0.080598392500001,0.643612094917999,"up",TRUE
"WDR19","up",1.15001167332567,-0.0763894829166652,0.330865438304619,"down",FALSE
"WDR3","up",1.42592850718429,-0.1731219895,0.0964744109151643,"down",FALSE
"WDR33","up",3.30510550534458,-0.010976070583333,0.915511691461477,"down",FALSE
"WDR36","up",1.47911267764915,-0.03518278775,0.744741113460658,"down",FALSE
"WDR37","down",-1.14697813072312,-0.131666099749999,0.242714176916661,"down",TRUE
"WDR44","up",3.22872829416343,-0.00479553108333267,0.973443466882525,"down",FALSE
"WDR46","up",1.73958044498368,-0.062151844916666,0.482753543751282,"down",FALSE
"WDR49","up",1.81835563324745,0.0693724484166672,0.528053676747761,"up",TRUE
"WDR5","up",1.42508735732677,0.0854747945833332,0.434362120278624,"up",TRUE
"WDR52","down",-2.3476053679617,-0.0287353507499994,0.81702350342509,"down",TRUE
"WDR60","down",-2.18021779770256,-0.037816898083332,0.775017873644778,"down",TRUE
"WDR66","up",2.34362538988861,-0.216746476666666,0.428674833574633,"down",FALSE
"WDR7","down",-1.00071806699611,-0.00272626166666577,0.98821305622254,"down",TRUE
"WDR75","up",1.66862574944223,-0.192893702333334,0.0197343926050403,"down",FALSE
"WDR76","down",-1.03785435060192,0.0265293132500009,0.737512200352666,"up",FALSE
"WDR81","up",1.72919029469546,-0.224594125833332,0.042214100302303,"down",FALSE
"WDR85","up",1.40688051417467,-0.172811042499999,0.0570610286550484,"down",FALSE
"WDR89","up",2.86541146665317,-0.194406668416666,0.0179346669451333,"down",FALSE
"WDSUB1","up",2.13695621227569,-0.0294511137499994,0.772963850142567,"down",FALSE
"WEE1","down",-2.34340313175459,1.02918274575,0.0061015852234187,"up",FALSE
"WFDC13","up",1.11564935396155,-0.0059033125833319,0.966072225982319,"down",FALSE
"WFDC9","down",-2.12746602304975,-0.0699637309166662,0.482141250270615,"down",TRUE
"WFIKKN2","up",1.86636956159323,-0.0058883674999996,0.971232764575154,"down",FALSE
"WFS1","up",2.47683034391526,-0.0934692208333312,0.553795244685213,"down",FALSE
"WHSC1","up",1.12705476518943,0.0388003176666676,0.568935007256805,"up",TRUE
"WIF1","down",-1.95542388445425,-0.204508230583332,0.0311433972195827,"down",TRUE
"WISP1","down",-2.44036854570932,-0.131116540666667,0.373194455490271,"down",TRUE
"WNK1","down",-2.24572002065688,0.0439447039166678,0.567275341462521,"up",FALSE
"WNK2","up",2.545516838661,-0.0129238769166658,0.962495813477732,"down",FALSE
"WNT2","up",1.35037447134091,-0.535965974083333,0.0284063437075517,"down",FALSE
"WNT3A","down",-4.78204996451334,0.0843151807500001,0.634561766244424,"up",FALSE
"WNT5A","up",3.34195050463232,-0.206572964,0.273147210554576,"down",FALSE
"WRNIP1","up",2.20435118837911,-0.00358482000000055,0.97432968504441,"down",FALSE
"WSB1","down",-1.11867733641986,-0.0196863216666657,0.929648056289822,"down",TRUE
"WT1","up",1.5292143125088,-0.646533781749999,0.0596511933404418,"down",FALSE
"WTAP","down",-1.2615211270398,0.0863722400000009,0.399276151786718,"up",FALSE
"WWC1","up",1.13677897777612,0.183674494500001,0.502880055825186,"up",TRUE
"WWOX","down",-1.54406399048443,-0.0701206314166658,0.3987665634099,"down",TRUE
"WWP2","down",-3.3958742380921,0.118733584636364,0.202597375429402,"up",FALSE
"WWTR1","up",1.45447935375781,0.445587879166668,0.0125167435787275,"up",TRUE
"XAGE2","down",-3.08451610803763,-0.0384886569166664,0.906507999280348,"down",TRUE
"XCR1","down",-1.40938762302717,0.168790715416667,0.0995400061061063,"up",FALSE
"XKRY2","up",3.01658959642172,0.0902862835833338,0.363476832477681,"up",TRUE
"XPNPEP1","up",2.37141993902699,-0.0572265339166666,0.539583920944742,"down",FALSE
"XPNPEP2","up",1.98655223052712,0.362709474666668,0.251837854992264,"up",TRUE
"XPO4","down",-2.5050250783312,0.0179492915833348,0.851103949116638,"up",FALSE
"XPO7","down",-1.44465286242698,0.0970556805833337,0.219960709014104,"up",FALSE
"XPOT","up",1.88332548319604,-0.1039107845,0.33309771077937,"down",FALSE
"XPR1","up",1.0169791817814,0.0941563475000007,0.150358107352051,"up",TRUE
"XRCC2","up",1.92519185283812,-0.0377121810833335,0.647052161856578,"down",FALSE
"XRCC3","up",2.56685396624654,-0.0247952352499999,0.872805455634947,"down",FALSE
"XRCC4","up",3.08288049712553,0.189689215750001,0.0135041211735317,"up",TRUE
"XRCC6","up",3.08853070221826,-0.0130558799999989,0.905852859878435,"down",FALSE
"XRN2","down",-1.38310605300854,0.0370806886666674,0.76416011936179,"up",FALSE
"YAF2","down",-6.30584066711667,0.129199692416668,0.164020794838,"up",FALSE
"YARS2","down",-3.69891337197276,-0.154685995333333,0.0596009643403585,"down",TRUE
"YBX2","up",1.73891298515217,-0.230392494833333,0.0839660425455226,"down",FALSE
"YIF1A","down",-1.26790632685407,-0.0229294116666658,0.860113178876524,"down",TRUE
"YIPF1","up",2.44137867322372,-0.0377832916666664,0.601482849831852,"down",FALSE
"YIPF4","up",1.94410534983294,-0.0134779486666664,0.921875652269886,"down",FALSE
"YME1L1","up",1.68192092587102,-0.0439348933333317,0.635214718750548,"down",FALSE
"YPEL2","down",-2.38219195652345,0.376732040333334,0.00832928205094626,"up",FALSE
"YPEL3","up",1.04804334834143,0.0943453881666678,0.463985360988632,"up",TRUE
"YPEL5","up",2.75367457288905,-0.0108244358333315,0.947642393265575,"down",FALSE
"YSK4","down",-1.41704716169295,-0.0443579094166659,0.734126237186841,"down",TRUE
"YTHDC1","up",1.41133442014619,-0.0686546224166668,0.525466112161101,"down",FALSE
"YTHDF1","up",1.65648657712648,-0.0648735091666667,0.476167234004673,"down",FALSE
"YWHAE","up",2.22337747659563,-0.0200490754999985,0.852454329257539,"down",FALSE
"YWHAZ","up",2.78478079049644,0.202001438333334,0.0784564865926835,"up",TRUE
"YY1","down",-1.90261951918657,-0.0446422866666664,0.538848846985137,"down",TRUE
"YY1AP1","up",1.90927687761811,-0.0827844083333312,0.33252682247942,"down",FALSE
"ZADH2","up",2.3316842379441,-0.377443532666665,0.0101063567043646,"down",FALSE
"ZAP70","down",-2.13629630276437,-0.472810479636365,0.0270880344509787,"down",TRUE
"ZAR1","up",1.65482989080446,-0.135457126499999,0.305706658988504,"down",FALSE
"ZBED1","up",1.41562114971799,0.115174407583334,0.456498136758446,"up",TRUE
"ZBED3","up",2.2101745328726,-0.318090510833331,0.0354761504262674,"down",FALSE
"ZBED4","up",1.9874796809922,-0.0514597332499997,0.58964458955179,"down",FALSE
"ZBED5","up",2.40744801209914,-0.268094900833333,0.0315853661876266,"down",FALSE
"ZBP1","up",2.91344849068624,-0.0906525232499984,0.182561757466943,"down",FALSE
"ZBTB1","up",1.12513218030057,-0.164542954333332,0.036922610784384,"down",FALSE
"ZBTB11","down",-2.25627480703538,-0.223818124833333,0.0339137691113989,"down",TRUE
"ZBTB16","down",-4.07849176556395,-0.0865332510833331,0.701356746229546,"down",TRUE
"ZBTB20","down",-2.11197199680483,-0.0394056191666646,0.724545347454747,"down",TRUE
"ZBTB3","up",1.97220676071607,-0.364897401333332,0.0194560023196661,"down",FALSE
"ZBTB37","down",-2.71017460014864,-0.00964557349999952,0.939345167099128,"down",TRUE
"ZBTB38","down",-3.27028965941461,-0.163645025833333,0.211148375192558,"down",TRUE
"ZBTB40","down",-2.06086257009102,-0.0351777050833332,0.678736603789226,"down",TRUE
"ZBTB5","up",3.14463192946569,0.0731629390000013,0.509632044265994,"up",TRUE
"ZBTB6","up",1.94938820954024,-0.194115999666666,0.054165520531564,"down",FALSE
"ZBTB9","up",2.26630864095279,-0.244424799749999,0.0135041211735317,"down",FALSE
"ZC3H10","up",1.27813591002348,-0.214538563999999,0.0274106154776611,"down",FALSE
"ZC3H7A","up",1.51207403619408,-0.0692217241666653,0.367893759798291,"down",FALSE
"ZC3HAV1L","up",1.37418894316129,-0.222461958416667,0.0377278156032434,"down",FALSE
"ZC3HC1","up",1.45287082243254,-0.0892296088333319,0.19583999215188,"down",FALSE
"ZCCHC11","up",1.63732116822525,-0.157437778999999,0.127143938889225,"down",FALSE
"ZCCHC14","down",-1.25393518683707,-0.0432829858333337,0.657618515124611,"down",TRUE
"ZCCHC17","down",-2.29424372433607,0.0831836433333344,0.351615059775567,"up",FALSE
"ZCCHC7","up",2.17085302906588,0.095324308000001,0.406991712344942,"up",TRUE
"ZDHHC12","up",3.22435090501768,0.117533589583335,0.274251089766318,"up",TRUE
"ZDHHC13","up",1.88365799745923,0.055297332916667,0.620930568440149,"up",TRUE
"ZDHHC15","up",2.96577180125643,-0.0257245579999992,0.817485652132799,"down",FALSE
"ZDHHC16","up",2.11056663632696,-0.111481147749999,0.318460055005079,"down",FALSE
"ZDHHC19","up",1.09516922884625,0.0697920096666681,0.349507970470811,"up",TRUE
"ZDHHC2","up",2.04766684362615,0.21787509075,0.165274891755349,"up",TRUE
"ZDHHC21","up",3.81439076457941,-0.0297345596666652,0.714946566031483,"down",FALSE
"ZDHHC24","up",2.17302653726615,0.00922349766666716,0.939868945203693,"up",TRUE
"ZDHHC4","up",1.74155651161471,-0.0574029766666667,0.369378114316723,"down",FALSE
"ZDHHC6","up",1.95218701540698,-0.0320505390833327,0.731808240658979,"down",FALSE
"ZDHHC7","up",1.97600843605446,-0.0723865341666657,0.485699275580221,"down",FALSE
"ZDHHC8","down",-3.46301416571556,-0.0307016836666653,0.756596907260651,"down",TRUE
"ZDHHC9","up",1.64350145093363,-0.00845562450000045,0.959515850714401,"down",FALSE
"ZFAND2A","up",1.13088132985851,0.139890727666668,0.241620946997378,"up",TRUE
"ZFAND6","up",1.51349948763666,0.0297268991666686,0.745061537651249,"up",TRUE
"ZFHX4","up",1.36049131801841,-0.156337803916666,0.573325530904668,"down",FALSE
"ZFP161","up",1.83146844670206,-0.210006148499999,0.0227502232644843,"down",FALSE
"ZFP2","up",1.87067344794821,-0.146315629249999,0.174474188125561,"down",FALSE
"ZFP36L1","down",-1.75850700790788,-0.0380862933333326,0.876355537621755,"down",TRUE
"ZFP64","up",1.90739718115566,-0.152445242833333,0.101866625305117,"down",FALSE
"ZFP90","down",-1.78073041436502,-0.137231616083333,0.116352049673717,"down",TRUE
"ZFP91","down",-2.01216956206079,0.0637634405833352,0.384816147353617,"up",FALSE
"ZFPL1","up",2.37441299189556,0.0165207135833363,0.886099382867144,"up",TRUE
"ZFX","down",-1.12645599613304,0.0430809446666674,0.60357884446054,"up",FALSE
"ZFY","down",-3.34618100001482,0.133920991416667,0.0874210724487284,"up",FALSE
"ZFYVE19","up",1.4884911009481,-0.0934163800833337,0.162656786322374,"down",FALSE
"ZFYVE27","down",-2.35720746197905,-0.130968253333334,0.153289165242504,"down",TRUE
"ZFYVE28","up",1.2932716523833,0.0345890575833344,0.786341809331367,"up",TRUE
"ZGPAT","up",1.74383785260634,0.0365703991666678,0.60036703317714,"up",TRUE
"ZHX1","up",1.86515249844041,-0.118050035833332,0.206546391580681,"down",FALSE
"ZHX2","up",3.86085903526112,-0.121535297083332,0.217910591191982,"down",FALSE
"ZIC2","up",1.84317900566128,-0.00626921074999913,0.96595482007343,"down",FALSE
"ZKSCAN1","down",-1.29928481351935,-0.111894005833332,0.265343468195048,"down",TRUE
"ZMAT2","up",2.53738113512758,0.0829382425000004,0.244408258446594,"up",TRUE
"ZMAT3","up",1.50223435093644,-0.000170602583333558,0.999461258611761,"down",FALSE
"ZMAT4","down",-8.51552106664985,-0.0748152432499989,0.748935978587697,"down",TRUE
"ZMAT5","up",1.56753912002004,0.00514740241666668,0.96154629867254,"up",TRUE
"ZMPSTE24","up",2.92328813660112,-0.0528935174999986,0.69529307750227,"down",FALSE
"ZMYM1","up",2.44273682078503,-0.231546548749999,0.0798879499282474,"down",FALSE
"ZMYM2","down",-1.88380632164792,-0.210705355583333,0.119024719992824,"down",TRUE
"ZMYM3","down",-1.00939217962902,-0.0557893546666657,0.467757639081691,"down",TRUE
"ZMYND15","up",1.99888090033426,-0.0144404332499986,0.908122029096775,"down",FALSE
"ZNF117","down",-1.47422399108607,-0.175206073249999,0.11555922599816,"down",TRUE
"ZNF124","down",-1.45348797436175,-0.130675668999999,0.364023914477773,"down",TRUE
"ZNF138","up",1.40825316867804,-0.140307263249999,0.139232430306974,"down",FALSE
"ZNF141","down",-1.17964620503883,-0.0124598104999991,0.927832207209342,"down",TRUE
"ZNF142","down",-1.6683512173993,-0.0727005246666657,0.51065451768588,"down",TRUE
"ZNF148","down",-3.19550623880441,0.00917026583333576,0.928500195337314,"up",FALSE
"ZNF169","up",1.86890323234621,-0.247122909249999,0.0487879608175578,"down",FALSE
"ZNF174","up",2.70120389993873,-0.2392380735,0.0475015318488999,"down",FALSE
"ZNF18","up",2.16594434495839,-0.233686759916666,0.0341665055053993,"down",FALSE
"ZNF181","up",1.28678429476355,-0.133092517,0.253861607784677,"down",FALSE
"ZNF182","up",1.20056706430815,-0.180379425916665,0.137248749423372,"down",FALSE
"ZNF185","up",1.97926081677016,-0.355386472583332,0.30514402410916,"down",FALSE
"ZNF19","up",2.45499049626987,-0.10586392875,0.305671754960315,"down",FALSE
"ZNF200","up",1.53491620584405,-0.0861062739166651,0.235760088713666,"down",FALSE
"ZNF202","down",-1.34320807693665,-0.360168906499999,0.00853743118443771,"down",TRUE
"ZNF226","up",1.38735818406687,-0.146705592249998,0.189856796809156,"down",FALSE
"ZNF232","up",1.61454080923974,-0.291790577249999,0.0261098904680569,"down",FALSE
"ZNF236","up",1.0238558711105,-0.0987718150833331,0.20323717996768,"down",FALSE
"ZNF24","down",-2.63954783114367,0.129805716666669,0.132790873305333,"up",FALSE
"ZNF254","up",2.03504214003132,-0.0550390010833326,0.701317221037337,"down",FALSE
"ZNF267","down",-1.51888844270247,0.443161971666667,0.0467220915322292,"up",FALSE
"ZNF268","up",1.10258974028747,-0.161142639999999,0.0704310139931729,"down",FALSE
"ZNF276","down",-7.40390406633893,-0.264105851749999,0.00867470359904256,"down",TRUE
"ZNF281","down",-2.39573404508474,-0.0408253941666654,0.734725760445822,"down",TRUE
"ZNF285","up",1.55655694086651,-0.337832967749998,0.0632840573647453,"down",FALSE
"ZNF292","down",-1.5970362467283,-0.248876411416666,0.125825889751724,"down",TRUE
"ZNF295","down",-2.21896940318729,0.584649770727271,0.0227154685420462,"up",FALSE
"ZNF3","up",2.12244498361271,-0.172358431499999,0.110573212943231,"down",FALSE
"ZNF300","up",2.98264500483809,-0.145869324916666,0.137390204992443,"down",FALSE
"ZNF311","down",-2.63725227527547,-0.090069184666666,0.217634455039432,"down",TRUE
"ZNF317","down",-1.27548377347569,-0.0809660753333324,0.526167047179347,"down",TRUE
"ZNF330","down",-1.2477731520028,-0.0952227282499998,0.30472380818273,"down",TRUE
"ZNF331","down",-3.29364959308998,0.823347593166668,0.0293538959183476,"up",FALSE
"ZNF347","down",-2.21715457714424,-0.0787680537499998,0.374821926489943,"down",TRUE
"ZNF354B","up",1.33524764678361,-0.162667500416665,0.0579888292145509,"down",FALSE
"ZNF365","up",1.29463633358955,0.432797418916668,0.0300800194026225,"up",TRUE
"ZNF383","down",-1.15027162870346,-0.0234641865833326,0.844258328282726,"down",TRUE
"ZNF384","down",-1.39085304510815,-0.0810145916666658,0.293760276983378,"down",TRUE
"ZNF394","down",-1.02604867098669,0.155884626666669,0.0818975107544702,"up",FALSE
"ZNF397","down",-1.82231124676483,-0.259236673833332,0.0399873809328186,"down",TRUE
"ZNF404","up",1.96300247056812,-0.120105067666667,0.349333279096111,"down",FALSE
"ZNF415","down",-5.96657683362336,-0.170017893083333,0.155125096588577,"down",TRUE
"ZNF419","up",1.39767757608593,-0.282524889249999,0.00874850137408104,"down",FALSE
"ZNF420","down",-1.58103668848626,-0.287575055666667,0.016612202139598,"down",TRUE
"ZNF430","up",1.46512881046916,-0.222352016666666,0.0721145429543145,"down",FALSE
"ZNF431","up",1.78019052049887,-0.125379750499999,0.124790225793791,"down",FALSE
"ZNF438","up",1.12370141923457,0.0467592500000002,0.513814894327573,"up",TRUE
"ZNF443","up",2.53118560254018,-0.24924312575,0.0277746652309908,"down",FALSE
"ZNF446","down",-6.29812190056967,-0.039826005833333,0.676675847163604,"down",TRUE
"ZNF451","up",2.07598970311993,-0.0180275994999979,0.838515524986988,"down",FALSE
"ZNF467","up",2.74573929406248,0.108992506666668,0.217148585775525,"up",TRUE
"ZNF468","down",-8.12999233317319,-0.066050551999999,0.468293270437233,"down",TRUE
"ZNF473","down",-2.6758505644685,0.0648338013333333,0.39453828213354,"up",FALSE
"ZNF490","down",-1.94711013990241,-0.311220751499999,0.0138543359077,"down",TRUE
"ZNF493","down",-1.29680331903014,-0.226758439999999,0.047731932786559,"down",TRUE
"ZNF498","down",-2.3295388030267,-0.113056006166666,0.244238271078588,"down",TRUE
"ZNF506","up",1.09179764639091,-0.196382379333333,0.0186376365623906,"down",FALSE
"ZNF514","up",1.39218001670781,-0.329882063083332,0.0101016125817843,"down",FALSE
"ZNF519","down",-5.4987476659419,-0.455231202499999,0.0191018645177853,"down",TRUE
"ZNF521","up",1.7657640317891,0.0602970995833328,0.82244422200696,"up",TRUE
"ZNF526","up",1.09962733948162,-0.42224811325,0.0119727756319591,"down",FALSE
"ZNF528","up",1.10427371667665,-0.129450792083332,0.149539090713261,"down",FALSE
"ZNF540","up",1.77551634401657,-0.513296368916666,0.0453873662488462,"down",FALSE
"ZNF547","up",1.42761968792864,-0.0935086072499994,0.477604647490369,"down",FALSE
"ZNF548","up",1.00622095840566,0.0297238011666668,0.671406268996541,"up",TRUE
"ZNF554","up",1.2532818395485,-0.223691428416666,0.0828338441228048,"down",FALSE
"ZNF569","up",1.59592342273254,-0.0444675881666672,0.745838875031704,"down",FALSE
"ZNF571","up",1.59886424955764,-0.293421525416666,0.0287482182623899,"down",FALSE
"ZNF574","up",2.5398440680993,-0.111596228833333,0.280316887411835,"down",FALSE
"ZNF576","up",1.17677778817714,-0.0506787759166654,0.36296709136655,"down",FALSE
"ZNF580","up",3.04317465796341,-0.150277587499999,0.38061176113474,"down",FALSE
"ZNF581","up",1.5113673355462,-0.108119759083333,0.345759321544257,"down",FALSE
"ZNF584","down",-1.33278691813697,-0.0833502923333324,0.403558970043514,"down",TRUE
"ZNF586","down",-3.69397099735277,-0.0479774962499991,0.550086824522014,"down",TRUE
"ZNF609","down",-2.0015133865316,-0.0192624258333327,0.906343472360009,"down",TRUE
"ZNF619","up",1.08592760818694,-0.12808132175,0.229746607919696,"down",FALSE
"ZNF621","up",1.46820344853386,0.0793721456666671,0.345048884545204,"up",TRUE
"ZNF624","down",-2.85738269987339,-0.277773209333333,0.0629556479718831,"down",TRUE
"ZNF626","up",2.91811182912809,-0.10425823125,0.266768217642499,"down",FALSE
"ZNF627","up",2.22520217621936,-0.329967717166665,0.0441542214532967,"down",FALSE
"ZNF638","up",1.27694682345258,0.0309972575833341,0.66398592591102,"up",TRUE
"ZNF639","up",2.68140565770838,-0.150373923916666,0.195210763130784,"down",FALSE
"ZNF644","down",-1.61532405411867,0.113830979166668,0.209120979807932,"up",FALSE
"ZNF649","down",-2.9068849979409,-0.071249569916667,0.54435895383891,"down",TRUE
"ZNF655","up",2.08740282388827,-0.0967874293333327,0.329207288566807,"down",FALSE
"ZNF658","down",-1.58190445140018,-0.166881517333333,0.129404552450579,"down",TRUE
"ZNF665","down",-6.85155670048351,-0.0809871721666659,0.237158018885427,"down",TRUE
"ZNF673","up",2.26774144610598,-0.0910840529166664,0.257414277710264,"down",FALSE
"ZNF674","up",1.73752461673586,0.0905985750000007,0.351479410418347,"up",TRUE
"ZNF678","down",-7.13105276705508,-0.10715956025,0.304215335899057,"down",TRUE
"ZNF680","up",1.34245723511189,-0.213197910833332,0.0534692813738413,"down",FALSE
"ZNF687","up",1.25067888672307,-0.095007915416665,0.302331558351916,"down",FALSE
"ZNF692","up",1.93751140362684,-0.161751733416665,0.203308524998736,"down",FALSE
"ZNF696","up",2.6482867402585,-0.229797656416666,0.0958645323122613,"down",FALSE
"ZNF706","up",1.84067265871089,0.0581055250000012,0.636571676054842,"up",TRUE
"ZNF707","up",1.45384888035306,0.0166654021666656,0.87517666342833,"up",TRUE
"ZNF708","up",1.30062414309978,-0.225771089166665,0.0640134412307471,"down",FALSE
"ZNF714","down",-1.7233019333295,-0.169733789999999,0.118391884632826,"down",TRUE
"ZNF721","down",-1.69068933802373,-0.0149285782499989,0.932840611789524,"down",TRUE
"ZNF747","up",1.21877627098056,-0.0860351049999995,0.257414277710264,"down",FALSE
"ZNF750","up",2.18771334413091,0.0674795900000007,0.906507999280348,"up",TRUE
"ZNF76","up",1.97385534675163,0.0647453528333343,0.456873389058757,"up",TRUE
"ZNF79","up",1.31299932436156,-0.2875983885,0.0368800696912686,"down",FALSE
"ZNFX1","down",-3.07776740189137,0.0987641745833328,0.203684392017814,"up",FALSE
"ZNHIT1","up",2.55273504426756,0.00142790833333367,0.989794135544395,"up",TRUE
"ZNRD1","up",2.06944367493189,-0.0843373883333339,0.276711294984732,"down",FALSE
"ZP3","up",2.03418950989702,0.0425109010833339,0.742736055198922,"up",TRUE
"ZRANB1","up",1.12366381292631,0.130837117666668,0.0798143135258444,"up",TRUE
"ZRANB2","up",1.64253250440426,-0.301107139999999,0.0259451512347335,"down",FALSE
"ZSCAN2","up",1.95576674569506,-0.0248171825833321,0.765197048774142,"down",FALSE
"ZXDA","up",3.52833600537126,0.0483726098333338,0.707667510269133,"up",TRUE
"ZXDC","up",1.30788125637454,-0.154447434916666,0.140020155093475,"down",FALSE
