"GeneSymbol","Direction","logFC","AveExpr","t","P.Value","adj.P.Val","Testado_no_POP","Direcao_POP","Concordante","DEG_POP_FDR05_logFC1"
"WEE1","down",1.02918274575,8.02977643645833,7.38457224439478,3.00958046219139e-06,0.0061015852234187,TRUE,"up",FALSE,TRUE
"MEN1","up",-0.229936976333333,7.76677725233333,-7.08903384390257,4.79883008470912e-06,0.00620907860133004,TRUE,"down",FALSE,FALSE
"NEURL","up",-0.926641773416666,8.724439240875,-6.89128902933787,6.59964721057712e-06,0.00640825744147039,TRUE,"down",FALSE,FALSE
"CHST12","up",-0.381175141333332,10.5463907468333,-6.82078606536008,7.40306049577794e-06,0.00652212208051461,TRUE,"down",FALSE,FALSE
"ABL2","down",0.861054810499999,7.66485509016667,6.15568097601371,2.26239308091954e-05,0.00832928205094626,TRUE,"up",FALSE,FALSE
"MCEE","up",-0.285571330666665,10.8390286713333,-6.13704909756327,2.33636180492767e-05,0.00832928205094626,TRUE,"down",FALSE,FALSE
"MGLL","up",0.418125286666667,12.4285025625,6.31786331907545,1.71328115788637e-05,0.00832928205094626,TRUE,"up",TRUE,FALSE
"PDLIM1","up",0.578184015750001,10.4354223787917,6.1314791733305,2.35896247580867e-05,0.00832928205094626,TRUE,"up",TRUE,FALSE
"PTMA","up",0.293775696666668,14.6353408808333,6.28877021358364,1.80040931402291e-05,0.00832928205094626,TRUE,"up",TRUE,FALSE
"SLN","up",1.38545946358334,7.14173252545833,6.19337609672172,2.12013899834133e-05,0.00832928205094626,TRUE,"up",TRUE,TRUE
"SLPI","up",-0.892652795333333,10.2776422990833,-6.26595202977954,1.87198776057646e-05,0.00832928205094626,TRUE,"down",FALSE,FALSE
"YPEL2","down",0.376732040333334,9.35092142508333,6.37048726727044,1.56671876094611e-05,0.00832928205094626,TRUE,"up",FALSE,FALSE
"ADAMTS4","down",1.88417706375,10.7974495690417,5.97460449643231,3.09914165052943e-05,0.00853743118443771,TRUE,"up",FALSE,TRUE
"ALDH9A1","up",-0.248585253333331,10.6689294483333,-5.94393065338507,3.27030824800766e-05,0.00853743118443771,TRUE,"down",FALSE,FALSE
"BET1","up",-0.30096156475,8.01811464229167,-5.80276771349397,4.19528872808443e-05,0.00853743118443771,TRUE,"down",FALSE,FALSE
"C14orf80","down",0.872539271916667,8.38024018720833,5.83462109015644,3.96504660159517e-05,0.00853743118443771,TRUE,"up",FALSE,FALSE
"CSNK1A1","down",0.330839120000002,10.6629142033333,6.06623262504241,2.64140959607983e-05,0.00853743118443771,TRUE,"up",FALSE,FALSE
"CYFIP2","down",0.673003893166669,9.79945383891667,5.90497109665034,3.50206358895396e-05,0.00853743118443771,TRUE,"up",FALSE,FALSE
"GSPT2","up",-0.262771962333333,9.06288313908333,-5.88592826714011,3.62152375841494e-05,0.00853743118443771,TRUE,"down",FALSE,FALSE
"HBEGF","down",0.957414441833334,8.52695668266667,6.01469392777475,2.88943375656706e-05,0.00853743118443771,TRUE,"up",FALSE,FALSE
"LPHN2","up",0.384705798583333,9.04937254854167,5.74764223709128,4.62730760535551e-05,0.00853743118443771,TRUE,"up",TRUE,FALSE
"NEDD9","down",1.01025259266667,8.03880180183333,5.79768922548459,4.23326779386597e-05,0.00853743118443771,TRUE,"up",FALSE,TRUE
"NFATC2","down",1.22975522075,6.616977865375,5.87767846312673,3.67459088814298e-05,0.00853743118443771,TRUE,"up",FALSE,TRUE
"OXSM","up",-0.350728363083332,9.01570503320833,-5.75200373542624,4.59149292426851e-05,0.00853743118443771,TRUE,"down",FALSE,FALSE
"PJA1","up",-0.259221399999999,10.9345841125,-5.76838383272009,4.45954887726084e-05,0.00853743118443771,TRUE,"down",FALSE,FALSE
"PTPN11","down",0.268429735000001,11.3737565266667,5.91404932969167,3.44656959746632e-05,0.00853743118443771,TRUE,"up",FALSE,FALSE
"RBM4B","up",-0.293453202583333,9.007619820375,-5.9806855171306,3.06633497522142e-05,0.00853743118443771,TRUE,"down",FALSE,FALSE
"ZNF202","down",-0.360168906499999,7.05500722075,-6.0025160851233,2.95152018120371e-05,0.00853743118443771,TRUE,"down",TRUE,FALSE
"ZNF276","down",-0.264105851749999,9.21886116595833,-5.70767247988362,4.96941696907047e-05,0.00867470359904256,TRUE,"down",TRUE,FALSE
"OGG1","up",-0.263797157833333,10.0030458991667,-5.6940106516132,5.09231610633852e-05,0.00874850137408104,TRUE,"down",FALSE,FALSE
"SNED1","up",-0.354247769916666,8.49349395729167,-5.66873635669757,5.32810659736463e-05,0.00874850137408104,TRUE,"down",FALSE,FALSE
"SORCS2","up",-0.646234718749998,8.81185488220833,-5.6881363232684,5.14613095286289e-05,0.00874850137408104,TRUE,"down",FALSE,FALSE
"ZNF419","up",-0.282524889249999,7.96749222820833,-5.68683009757357,5.15817770633516e-05,0.00874850137408104,TRUE,"down",FALSE,FALSE
"JUND","up",0.709909575833335,14.6592748845833,5.63982433713422,5.61185323946042e-05,0.00892718765833606,TRUE,"up",TRUE,FALSE
"NAT2","up",-0.287265033916666,6.37661780154167,-5.63993236221513,5.61076423715518e-05,0.00892718765833606,TRUE,"down",FALSE,FALSE
"PEX12","up",-0.494650860749999,8.75938405454167,-5.57662004494992,6.28838171418665e-05,0.00892718765833606,TRUE,"down",FALSE,FALSE
"PIK3R1","down",-0.421290010083331,10.8121120999583,-5.60429423445448,5.98226421254169e-05,0.00892718765833606,TRUE,"down",TRUE,FALSE
"SBDS","up",0.348810975000002,11.3404366783333,5.59066503868347,6.13103459938091e-05,0.00892718765833606,TRUE,"up",TRUE,FALSE
"TAF13","down",0.548535642416668,8.90910185729167,5.62726789740944,5.73994814799924e-05,0.00892718765833606,TRUE,"up",FALSE,FALSE
"PARS2","up",-0.55701995675,8.201904447375,-5.56987138220379,6.36547825645589e-05,0.00894968961016278,TRUE,"down",FALSE,FALSE
"PPP1R9A","down",0.427306997250002,8.72300265820833,5.55826714172061,6.50035531877579e-05,0.00905735607466373,TRUE,"up",FALSE,FALSE
"KBTBD7","up",-0.48488602475,8.383512406625,-5.52114434285186,6.95218513856857e-05,0.0094331133897643,TRUE,"down",FALSE,FALSE
"NR4A3","up",2.15914903191667,9.52049976079167,5.49677426911817,7.26647904417959e-05,0.00962013322340461,TRUE,"up",TRUE,TRUE
"KIAA0040","down",0.463317406166668,7.27048357208333,5.46202737570122,7.74040166870523e-05,0.00985695740368889,TRUE,"up",FALSE,FALSE
"LRRFIP1","down",0.330703725000001,10.9312719783333,5.46238268910459,7.735395985699e-05,0.00985695740368889,TRUE,"up",FALSE,FALSE
"EMID1","up",-0.374024966083333,7.11261137079167,-5.42066079033682,8.34684879386545e-05,0.0100793278189914,TRUE,"down",FALSE,FALSE
"HOXA9","up",-0.615342891249999,9.62644433479167,-5.41271082187954,8.46895289587176e-05,0.0101016125817843,TRUE,"down",FALSE,FALSE
"ZNF514","up",-0.329882063083332,8.050860333875,-5.40186264308127,8.63857560021541e-05,0.0101016125817843,TRUE,"down",FALSE,FALSE
"ZADH2","up",-0.377443532666665,10.2958217036667,-5.39076746565793,8.81571875215217e-05,0.0101063567043646,TRUE,"down",FALSE,FALSE
"KLHL13","up",-0.681094519416666,8.70568565370833,-5.37052728654938,9.14866665330157e-05,0.0101213797565435,TRUE,"down",FALSE,FALSE
"PRICKLE2","down",-0.328615054166665,10.70032738625,-5.36870082463388,9.17934795930307e-05,0.0101213797565435,TRUE,"down",TRUE,FALSE
"SIRT4","up",-0.420449061416666,7.07790550120833,-5.32002513650677,0.000100376745424135,0.0105368453845228,TRUE,"down",FALSE,FALSE
"CRIM1","down",0.495284462916669,8.66323313354167,5.30748448566436,0.000102720475788335,0.010689197775828,TRUE,"up",FALSE,FALSE
"NPL","up",-0.308266047083333,7.743717118125,-5.27117779129946,0.000109831860521779,0.0110086953875249,TRUE,"down",FALSE,FALSE
"BAG3","up",0.587736773333335,11.3628462016667,5.23297628742905,0.000117868620296468,0.0113354318529507,TRUE,"up",TRUE,FALSE
"SPHK1","down",0.530445914500001,9.53230485966667,5.19057868163043,0.000127506982699875,0.0116526381366191,TRUE,"up",FALSE,FALSE
"SYT3","down",0.308995350333333,7.40134907591667,5.19521323391664,0.000126414700005123,0.0116526381366191,TRUE,"up",FALSE,FALSE
"TMEM42","up",-0.325893840833333,11.7524962154167,-5.16873053062542,0.000132789683063145,0.0119068544284353,TRUE,"down",FALSE,FALSE
"ABHD10","up",-0.244824617666666,8.931441852,-5.13540537898796,0.00014128880353114,0.0119727756319591,TRUE,"down",FALSE,FALSE
"ANKAR","up",-0.422414316333333,8.25393582416667,-5.13005557259645,0.000142704893489623,0.0119727756319591,TRUE,"down",FALSE,FALSE
"ZNF526","up",-0.42224811325,9.61207922045833,-5.14775658823514,0.000138074831123293,0.0119727756319591,TRUE,"down",FALSE,FALSE
"TSC22D4","down",-0.215520671249999,8.842239672375,-5.12459165807258,0.000144166387075584,0.0119773742759694,TRUE,"down",TRUE,FALSE
"AKT3","down",0.316684434583334,9.71644991795833,5.10073583197825,0.000150731498978191,0.0121430747003742,TRUE,"up",FALSE,FALSE
"SCCPDH","up",0.274124193333335,12.0374900783333,5.09396413876252,0.000152650989085439,0.0122562571908599,TRUE,"up",TRUE,FALSE
"TAGLN2","up",0.496016461666668,13.01854592,5.08678781370314,0.000154712849736843,0.0123176390656091,TRUE,"up",TRUE,FALSE
"MLC1","up",0.812777899500001,10.9946624044167,5.08343583025361,0.000155685792433131,0.0123404819961282,TRUE,"up",TRUE,FALSE
"LMNA","down",0.612211170000002,13.5911141175,5.08065705707734,0.000156497162686745,0.0123463405747601,TRUE,"up",FALSE,FALSE
"BTN3A1","up",-0.261353953499999,8.36442097466667,-5.06603627595482,0.000160839044778028,0.0123702742557992,TRUE,"down",FALSE,FALSE
"FOSL2","down",0.735606808833335,9.95286454291667,5.0670417181021,0.000160536502820809,0.0123702742557992,TRUE,"up",FALSE,FALSE
"SNAI1","up",1.25652773141667,8.927800063625,5.05537896914547,0.000164082433556569,0.0124960033712493,TRUE,"up",TRUE,TRUE
"EPHB3","up",-0.592267327749999,8.82141912195833,-5.04952124433163,0.000165893931070284,0.0125167435787275,TRUE,"down",FALSE,FALSE
"IGJ","up",-1.40144884916667,8.13894148166667,-5.04743402583854,0.000166544398185415,0.0125167435787275,TRUE,"down",FALSE,TRUE
"WWTR1","up",0.445587879166668,9.13195811875,5.03956765083739,0.000169019739347295,0.0125167435787275,TRUE,"up",TRUE,FALSE
"AP4B1","up",-0.222990461166666,8.947840906,-5.03688515199137,0.000169872539854065,0.0125374811362126,TRUE,"down",FALSE,FALSE
"DUSP14","up",0.656993535916669,10.121075564375,5.0174065336052,0.000176200268592306,0.0128217675543328,TRUE,"up",TRUE,FALSE
"SENP8","up",-0.248130202499999,7.2432477405,-5.01302304675179,0.000177657619534104,0.0128476290402212,TRUE,"down",FALSE,FALSE
"C10orf137","down",-0.329914030249999,7.95297233895833,-5.00304497058144,0.000181021703739993,0.0129303594910553,TRUE,"down",TRUE,FALSE
"GNLY","up",-0.542198106499999,7.43251386266667,-5.00136016014074,0.000181596210786231,0.0129416455540133,TRUE,"down",FALSE,FALSE
"SCD5","down",0.237802885583334,7.906220799125,4.97826845728666,0.000189663330073136,0.0132134954978307,TRUE,"up",FALSE,FALSE
"A4GALT","up",0.387438433583334,9.90326882620833,4.96012632238614,0.000196261059195744,0.0132255694020303,TRUE,"up",TRUE,FALSE
"RHOB","up",0.639568243416668,8.64575213179167,4.96032689898668,0.000196186831606998,0.0132255694020303,TRUE,"up",TRUE,FALSE
"EARS2","up",-0.39629532425,7.359290022375,-4.95175038451059,0.000199386842513647,0.0133233289689979,TRUE,"down",FALSE,FALSE
"HAGH","up",0.259653975250001,10.2242621830417,4.93754201514685,0.00020480754892619,0.0134825850852427,TRUE,"up",TRUE,FALSE
"XRCC4","up",0.189689215750001,7.66988624154167,4.93395865235359,0.000206198582588032,0.0135041211735317,TRUE,"up",TRUE,FALSE
"ZBTB9","up",-0.244424799749999,7.04645305720833,-4.93334310416808,0.000206438515622669,0.0135041211735317,TRUE,"down",FALSE,FALSE
"CAMK1D","up",0.305128122166669,9.79837205658333,4.93120696758523,0.000207273397870979,0.0135048263827796,TRUE,"up",TRUE,FALSE
"CSF3","up",2.01840946658333,7.91928216695833,4.93109167847564,0.000207318556404025,0.0135048263827796,TRUE,"up",TRUE,TRUE
"ABCC9","up",0.304882715333334,8.54279257891667,4.91050914456959,0.000215546070951584,0.0135620572108562,TRUE,"up",TRUE,FALSE
"KCTD6","up",-0.260519264249999,9.442996817125,-4.91786406886678,0.000212567961749317,0.0135620572108562,TRUE,"down",FALSE,FALSE
"POLE2","up",-0.238775717333332,6.56226119008333,-4.89445508338633,0.000222197428321839,0.0137644842641019,TRUE,"down",FALSE,FALSE
"CDKN2A","down",0.530188174166667,6.83327371233333,4.88335159329073,0.000226921586189986,0.0138543359077,TRUE,"up",FALSE,FALSE
"ZNF490","down",-0.311220751499999,6.73168922416667,-4.88901106604478,0.000224500833246388,0.0138543359077,TRUE,"down",TRUE,FALSE
"AREG","down",1.67283713541667,7.17099180879167,4.86936157890879,0.000233022104161332,0.0139673214458913,TRUE,"up",FALSE,TRUE
"TGFBR1","up",0.499303211750001,8.67674047129167,4.87068374218926,0.000232438372604513,0.0139673214458913,TRUE,"up",TRUE,FALSE
"UFM1","up",0.283517468083336,9.739465423875,4.86591700760215,0.000234550000469185,0.0140152646434202,TRUE,"up",TRUE,FALSE
"APOLD1","down",1.564247208,10.78690251775,4.85770360158067,0.000238235119430793,0.0140592735363518,TRUE,"up",FALSE,TRUE
"ID3","up",0.436467025833335,12.36510385625,4.85242700193596,0.000240634102771349,0.0140592735363518,TRUE,"up",TRUE,FALSE
"CCNT1","down",0.205988046916667,6.68735741579167,4.82266407645932,0.000254641212898223,0.014475279474458,TRUE,"up",FALSE,FALSE
"SWAP70","down",0.319875640750002,9.38211685329167,4.82710223388377,0.000252500203964667,0.014475279474458,TRUE,"up",FALSE,FALSE
"NHEJ1","up",-0.214066503083333,7.13113272970833,-4.81850250704588,0.000256665832215384,0.0145266315821428,TRUE,"down",FALSE,FALSE
"THBS4","down",0.946432749166667,10.137105205,4.79254724195879,0.000269674107551742,0.0149075475049986,TRUE,"up",FALSE,FALSE
"BCL7B","down",0.218331775333334,8.707505434,4.76516450779681,0.000284137725505444,0.015248233863394,TRUE,"up",FALSE,FALSE
"C10orf57","up",-0.263671786166666,9.39091726791667,-4.74842552629109,0.000293371476256208,0.0153461927781699,TRUE,"down",FALSE,FALSE
"TRIM32","up",-0.302525351666666,9.5678920715,-4.74024313648198,0.000297997290947067,0.015406608692691,TRUE,"down",FALSE,FALSE
"MSX2","down",0.589396826583334,6.51681815179167,4.73094648694413,0.000303344489030822,0.0154516720707634,TRUE,"up",FALSE,FALSE
"CTR9","down",-0.181606179999999,10.7527643008333,-4.71966800786813,0.00030996473805619,0.0156238973743178,TRUE,"down",TRUE,FALSE
"RBM12B","up",-0.303502411749999,9.36491690654167,-4.7211979170745,0.000309058042828749,0.0156238973743178,TRUE,"down",FALSE,FALSE
"CAB39L","up",0.462109242833334,9.2713791405,4.7165441219046,0.000311824629515097,0.0156274433682147,TRUE,"up",TRUE,FALSE
"L1CAM","down",0.329412515000001,6.35662730183333,4.71169615437977,0.00031473382633928,0.0156889082493588,TRUE,"up",FALSE,FALSE
"TNNT3","down",-0.515817317499999,6.96166619666667,-4.68637424986377,0.000330390633783717,0.0160655677197616,TRUE,"down",TRUE,FALSE
"CPT1A","up",0.292705822083335,9.708532114125,4.66536426078945,0.000343990069923248,0.0163519610545081,TRUE,"up",TRUE,FALSE
"MRPS36","up",0.158139553333334,12.4678680875,4.65978144630284,0.000347699876267844,0.0163519610545081,TRUE,"up",TRUE,FALSE
"GABARAPL1","up",0.377584890666667,10.469821638,4.65440218907257,0.000351313433486357,0.0164894426061754,TRUE,"up",TRUE,FALSE
"CCDC117","down",-0.228952004999999,8.64893554041667,-4.64718067108477,0.00035622549450664,0.016612202139598,TRUE,"down",TRUE,FALSE
"ZNF420","down",-0.287575055666667,7.41329814075,-4.64585236606841,0.000357136683485179,0.016612202139598,TRUE,"down",TRUE,FALSE
"MAGEA6","up",0.453600016750002,8.17819630404167,4.64445585026791,0.000358097253810822,0.0166173294972423,TRUE,"up",TRUE,FALSE
"BTN3A2","down",-0.228306861583333,10.134709647375,-4.64190187924735,0.00035986085289364,0.0166299606243013,TRUE,"down",TRUE,FALSE
"HIVEP2","down",0.240447186250001,10.191569599875,4.64026468211781,0.000360996095275159,0.0166299606243013,TRUE,"up",FALSE,FALSE
"FABP4","up",-0.442437057416667,6.64784424629167,-4.60393253436357,0.00038716135815863,0.0171541932315657,TRUE,"down",FALSE,FALSE
"IDS","up",0.202244716750001,9.794035539875,4.60045296115558,0.000389767650022059,0.0171541932315657,TRUE,"up",TRUE,FALSE
"TWISTNB","down",0.272891629666667,10.2059478726667,4.60065233007603,0.00038961783063855,0.0171541932315657,TRUE,"up",FALSE,FALSE
"FSTL3","up",0.449100045583333,10.0655936604583,4.58170961560644,0.000404120987136649,0.0174096558078231,TRUE,"up",TRUE,FALSE
"PLEKHB2","down",0.193839490083334,8.563676181125,4.58145059453107,0.000404323109257721,0.0174096558078231,TRUE,"up",FALSE,FALSE
"SLC25A5","up",0.190094472500002,13.1713593170833,4.56013265526915,0.000421320036761883,0.0177877462493039,TRUE,"up",TRUE,FALSE
"CSDA","down",0.531211897500001,12.00126484625,4.54782926989476,0.000431462604089519,0.0179346669451333,TRUE,"up",FALSE,FALSE
"WDR89","up",-0.194406668416666,7.751691171375,-4.54918264450426,0.000430334727649768,0.0179346669451333,TRUE,"down",FALSE,FALSE
"THBD","down",1.0767332625,13.1947247995833,4.54497401744409,0.000433852104818748,0.0179713795885741,TRUE,"up",FALSE,TRUE
"KRTAP6-3","down",0.660321478666667,7.41550905608333,4.53936713583264,0.000438584085733195,0.0180499135256978,TRUE,"up",FALSE,FALSE
"ASB7","down",-0.268065426,7.27168341066667,-4.53415542983217,0.000443030170777874,0.0180921659798657,TRUE,"down",TRUE,FALSE
"DUSP10","up",0.844072843416668,7.37848996154167,4.53408593643117,0.000443089767546819,0.0180921659798657,TRUE,"up",TRUE,FALSE
"ARMC7","up",-0.2455427695,8.80219304625,-4.52655450134084,0.000449597769070268,0.0181759606018022,TRUE,"down",FALSE,FALSE
"ATP2A3","up",0.434550822250001,7.81220448229167,4.51599007201587,0.000458892707589979,0.0181759606018022,TRUE,"up",TRUE,FALSE
"CPNE5","down",-0.705663862333333,9.54646897508333,-4.52314429786822,0.000452576826544989,0.0181759606018022,TRUE,"down",TRUE,FALSE
"MTERF","up",-0.336912585272727,7.59795922009091,-4.61151667297953,0.000458572057884672,0.0181759606018022,TRUE,"down",FALSE,FALSE
"TRO","down",-0.403939905833333,11.0576064595833,-4.52225733056805,0.00045335497793896,0.0181759606018022,TRUE,"down",TRUE,FALSE
"DNAJC15","up",0.258192769166667,12.15737277125,4.51423952038619,0.000460451884257447,0.018179365880111,TRUE,"up",TRUE,FALSE
"TBC1D9B","down",-0.1506697825,12.0505406795833,-4.51123931054539,0.000463136784456321,0.0182390192225942,TRUE,"down",TRUE,FALSE
"DDX3X","down",0.359937782500001,11.09195835125,4.50784828270811,0.000466190818485322,0.01826178084903,TRUE,"up",FALSE,FALSE
"SLA","down",-0.369970453833333,9.24094071391667,-4.50315308854213,0.000470453635197245,0.0183089760722385,TRUE,"down",TRUE,FALSE
"ZNF506","up",-0.196382379333333,8.86982785508333,-4.48279629813657,0.000489404429502181,0.0186376365623906,TRUE,"down",FALSE,FALSE
"PPP2R2B","up",0.391315698833334,9.20939210758333,4.46514388270337,0.00050647234961526,0.0189147942875545,TRUE,"up",TRUE,FALSE
"B3GALNT2","down",0.386531367416667,9.445244921125,4.45833329509117,0.000513219886855252,0.0189391547795325,TRUE,"up",FALSE,FALSE
"SIT1","up",-0.269321754916667,5.971561918375,-4.45954629367563,0.000512011392301993,0.0189391547795325,TRUE,"down",FALSE,FALSE
"UTRN","down",0.215105767250001,9.38934850395833,4.46004395299773,0.000511516427033801,0.0189391547795325,TRUE,"up",FALSE,FALSE
"GEMIN4","up",-0.230087303499999,9.66011171466667,-4.44809161847713,0.000523541090350098,0.0189732557060076,TRUE,"down",FALSE,FALSE
"IFRD1","up",0.549290300916667,9.63987141029167,4.45306045809429,0.000518507298411396,0.0189732557060076,TRUE,"up",TRUE,FALSE
"RORC","down",0.294277100833334,7.06163313,4.44988082725565,0.000521722734520743,0.0189732557060076,TRUE,"up",FALSE,FALSE
"ZNF519","down",-0.455231202499999,8.00723338866667,-4.43948113392129,0.000532383324935699,0.0191018645177853,TRUE,"down",TRUE,FALSE
"CCDC19","up",0.454405445250001,6.38559664895833,4.43559530731499,0.000536423828666411,0.0191701014366372,TRUE,"up",TRUE,FALSE
"MARCKSL1","up",-0.399515550666666,9.02579630183333,-4.43566670650201,0.000536349304088518,0.0191701014366372,TRUE,"down",FALSE,FALSE
"KIAA1549","up",-0.228504052666666,8.25207002483333,-4.4278699345454,0.000544550521736419,0.0192373199502635,TRUE,"down",FALSE,FALSE
"AHI1","up",0.209842494833334,9.10758778108333,4.41797476148523,0.000555144756172482,0.0194250651619272,TRUE,"up",TRUE,FALSE
"ZBTB3","up",-0.364897401333332,9.876736331,-4.41624207537244,0.000557021512810361,0.0194560023196661,TRUE,"down",FALSE,FALSE
"TREM1","down",0.671119771166668,6.5631447215,4.41250369118411,0.000561092959207318,0.0195025946184818,TRUE,"up",FALSE,FALSE
"DNAJB4","up",0.505548656166667,9.0148310615,4.41146042303732,0.000562234618449816,0.0195051513521436,TRUE,"up",TRUE,FALSE
"DACT2","down",-0.628085715916666,5.95972477395833,-4.40889959309007,0.000565047083230887,0.0195331765896338,TRUE,"down",TRUE,FALSE
"PLXDC1","up",0.460695486583335,10.095172985375,4.40903887287759,0.000564893746642857,0.0195331765896338,TRUE,"up",TRUE,FALSE
"EED","up",-0.272090604166666,11.08964932625,-4.39307413090435,0.000582750949515062,0.0197008850527673,TRUE,"down",FALSE,FALSE
"WDR75","up",-0.192893702333334,10.03406700825,-4.39109614223373,0.00058500339317421,0.0197343926050403,TRUE,"down",FALSE,FALSE
"PLAC8","up",-0.339074173333333,6.63466974141667,-4.37960284900433,0.000598269382310141,0.0198967417323304,TRUE,"down",FALSE,FALSE
"SYNPO2","up",0.719091263333334,13.851454865,4.36978532008981,0.000609845437066985,0.0200096276880099,TRUE,"up",TRUE,FALSE
"OGFRL1","up",0.2666566605,9.21566511183333,4.36684475811766,0.00061335724679072,0.0200613014445066,TRUE,"up",TRUE,FALSE
"KLF7","down",0.419643622833333,8.33071073591667,4.36245917362633,0.000618633379420983,0.0200881476689503,TRUE,"up",FALSE,FALSE
"BCR","up",0.237063178416667,9.60167170129167,4.35957853107744,0.000622124283347724,0.0201151360376488,TRUE,"up",TRUE,FALSE
"TNFAIP8","up",-0.2746117925,10.7416743054167,-4.35895166883401,0.000622886618766838,0.0201183068578909,TRUE,"down",FALSE,FALSE
"CNTFR","up",-0.48036075875,7.079390362375,-4.35641609950702,0.000625979946276321,0.0201768142019687,TRUE,"down",FALSE,FALSE
"SPATA13","down",0.406128090250001,8.73128329304167,4.35047933533654,0.000633284421528791,0.0203069283237798,TRUE,"up",FALSE,FALSE
"ENTPD1","up",0.387137683416667,7.93072895445833,4.33828835094519,0.000648559245949217,0.0205071655305188,TRUE,"up",TRUE,FALSE
"ATF3","up",2.33487925458333,12.4995879375417,4.32960280845186,0.00065967190572622,0.0207883625301472,TRUE,"up",TRUE,TRUE
"SORBS2","down",0.467186761250002,10.853995096875,4.32802425576787,0.000661712442984054,0.0208315390358668,TRUE,"up",FALSE,FALSE
"GBP2","up",0.278594908333335,10.8009681158333,4.32302706311487,0.000668214895005537,0.0209302149371089,TRUE,"up",TRUE,FALSE
"UBL3","up",-0.191651354166665,11.59378818375,-4.31234558619319,0.000682334375087823,0.0210894028757315,TRUE,"down",FALSE,FALSE
"DNMBP","up",-0.210068655,9.54888445658333,-4.30620902872227,0.000690584004203979,0.0212453724540852,TRUE,"down",FALSE,FALSE
"DMTF1","up",-0.346614137499999,10.8679996579167,-4.29857126782156,0.000700994712196807,0.0213836979551349,TRUE,"down",FALSE,FALSE
"IL2RB","up",-0.647890302166667,7.872495419,-4.29614363623122,0.000704337282389898,0.0214254655291346,TRUE,"down",FALSE,FALSE
"NSUN5","up",-0.252586060833332,11.08499396125,-4.29587188545363,0.000704712466876144,0.0214254655291346,TRUE,"down",FALSE,FALSE
"GRPEL2","up",-0.207326112999999,8.95218813266667,-4.28036249201905,0.000726467870877023,0.0214283871023484,TRUE,"down",FALSE,FALSE
"MDFI","up",-0.271622952416666,7.90732027479167,-4.29014557765834,0.000712666110147597,0.0214283871023484,TRUE,"down",FALSE,FALSE
"UACA","down",0.297148496666668,9.31321790458333,4.29255940682844,0.000709302232681175,0.0214283871023484,TRUE,"up",FALSE,FALSE
"HUS1B","up",0.300936084,6.33287199025,4.26607534383585,0.000747117419341931,0.0217160266172053,TRUE,"up",TRUE,FALSE
"FANCF","up",-0.522508635416666,8.689846629375,-4.2610897081228,0.000754463924270884,0.0218478127259505,TRUE,"down",FALSE,FALSE
"SPAG9","down",0.182566282416666,9.386876187625,4.25201838201263,0.000768021111335332,0.0220710875118571,TRUE,"up",FALSE,FALSE
"RGS9","up",0.490332059583334,7.798227188125,4.24511698370489,0.000778502169154712,0.0222126899907945,TRUE,"up",TRUE,FALSE
"MAPT","down",0.400859789000001,7.26961935966667,4.24365935307327,0.000780734514057157,0.022221360004076,TRUE,"up",FALSE,FALSE
"ZNF295","down",0.584649770727271,8.86060355145455,4.29447588106928,0.00082755890800709,0.0227154685420462,TRUE,"up",FALSE,FALSE
"ZFP161","up",-0.210006148499999,8.22195350258333,-4.21280419307096,0.000829557252789027,0.0227502232644843,TRUE,"down",FALSE,FALSE
"IGSF9","up",0.215858148916667,8.70830996995833,4.21099734178775,0.000832511283639884,0.0227509152201042,TRUE,"up",TRUE,FALSE
"ASB14","up",-0.177900049,6.02473650758333,-4.20978153303061,0.000834505069566928,0.0227853616182633,TRUE,"down",FALSE,FALSE
"GNB4","up",0.219462597500002,8.20802142075,4.20487083929502,0.000842607866652951,0.0229049729719648,TRUE,"up",TRUE,FALSE
"MYB","down",0.710265665166668,9.09865061866667,4.20509409750432,0.000842237743517711,0.0229049729719648,TRUE,"up",FALSE,FALSE
"MTERFD1","up",-0.206223309333332,9.37924748508333,-4.20042860739304,0.000850006993604218,0.022962593778695,TRUE,"down",FALSE,FALSE
"CABLES1","down",0.289233476083334,10.109434209125,4.19102711411875,0.000865886321488611,0.0231538896568796,TRUE,"up",FALSE,FALSE
"SLAMF7","down",-0.755237959749999,8.117395383375,-4.1873468215159,0.000872184731231251,0.0232622523337489,TRUE,"down",TRUE,FALSE
"RIPK1","up",0.524209149500002,9.55345807633333,4.18187248241124,0.0008816402216794,0.0233739974129883,TRUE,"up",TRUE,FALSE
"SNAP25","up",-0.423447992249999,5.74266436945833,-4.17754623005922,0.000889186778986638,0.0234277622287007,TRUE,"down",FALSE,FALSE
"ATP8B1","down",0.297555876166668,7.09384050058333,4.17191075007453,0.000899116233175843,0.0235559355794602,TRUE,"up",FALSE,FALSE
"GRIK1","down",0.35391298,6.21151313625,4.16361667586951,0.000913936556093279,0.0237837828064743,TRUE,"up",FALSE,FALSE
"KLF10","up",0.671504629166669,11.45128617875,4.15990239280317,0.000920654149137056,0.0238872108640519,TRUE,"up",TRUE,FALSE
"RAC2","down",-0.393589251499999,9.84713412591667,-4.15736673789948,0.000925269052354839,0.0239383513695,TRUE,"down",TRUE,FALSE
"GRAMD1A","up",0.312062321416667,7.539100883875,4.15683148847554,0.000926246226064532,0.0239436961200309,TRUE,"up",TRUE,FALSE
"C1orf63","down",-0.311667234833332,10.017226642,-4.1541183949301,0.000931215604983104,0.0239971063280258,TRUE,"down",TRUE,FALSE
"ABLIM2","down",0.374860661500002,8.654503525,4.14748375329911,0.000943482870374369,0.0241283125500184,TRUE,"up",FALSE,FALSE
"STOM","up",0.221156406666668,11.981740005,4.14187775158913,0.000953976827306541,0.0242100346388033,TRUE,"up",TRUE,FALSE
"CD58","up",0.312859328166667,9.47608836391667,4.12057152142171,0.00099495983186736,0.0246354585176433,TRUE,"up",TRUE,FALSE
"KLK15","down",0.318963200416667,6.72428657429167,4.12076746417721,0.000994574854515623,0.0246354585176433,TRUE,"up",FALSE,FALSE
"SIPA1L1","down",0.2951599825,8.96642916483333,4.1066027771407,0.00102280055871954,0.0250239834334911,TRUE,"up",FALSE,FALSE
"FMO5","up",0.171310371583334,6.36604251429167,4.1053347374947,0.00102536690257657,0.0250473273560214,TRUE,"up",TRUE,FALSE
"TPM4","up",0.425436693333335,12.4548389083333,4.10376959249265,0.00102854361284106,0.0251051902106814,TRUE,"up",TRUE,FALSE
"CARS","up",0.170254295166667,8.43757351275,4.1007233019025,0.00103475537436693,0.0251691364171145,TRUE,"up",TRUE,FALSE
"ITGB3","down",0.597942096916667,7.777587927375,4.09845122977013,0.00103941332549876,0.0252514862000763,TRUE,"up",FALSE,FALSE
"KLRG1","up",-0.425785702083332,7.909901882375,-4.09760903447288,0.00104114533206561,0.0252540731912121,TRUE,"down",FALSE,FALSE
"FOSL1","down",0.875283076333333,6.543914177,4.0885641707131,0.00105993314359118,0.025570064159678,TRUE,"up",FALSE,FALSE
"DIRC2","up",0.237591984000001,9.21056836241667,4.08646498653539,0.00106434276730517,0.0256565232472509,TRUE,"up",TRUE,FALSE
"C20orf27","up",-0.231093932583332,8.346955014625,-4.08270052383066,0.00107229747045519,0.0256888411734646,TRUE,"down",FALSE,FALSE
"VASH2","down",-0.381467503333333,8.20450295333333,-4.0843141419666,0.00106888032588894,0.0256888411734646,TRUE,"down",TRUE,FALSE
"SIX3","down",0.416812768666667,7.82866134983333,4.0788958823357,0.00108039871035009,0.0257835243686621,TRUE,"up",FALSE,FALSE
"FBLN5","up",-0.4911693,11.9934333891667,-4.07384634624607,0.00109124722332929,0.0259154071801144,TRUE,"down",FALSE,FALSE
"ZRANB2","up",-0.301107139999999,11.1714653341667,-4.07264186857483,0.00109385131686087,0.0259451512347335,TRUE,"down",FALSE,FALSE
"HIPK3","down",0.331768954916667,7.36364155095833,4.06939741075871,0.00110089744465118,0.0260526164510292,TRUE,"up",FALSE,FALSE
"CASKIN2","down",0.353136059583335,8.96916186720833,4.06354030097072,0.00111373501396861,0.0261098904680569,TRUE,"up",FALSE,FALSE
"ZNF232","up",-0.291790577249999,8.60355401904167,-4.06341293975005,0.00111401585290075,0.0261098904680569,TRUE,"down",FALSE,FALSE
"CYSLTR2","up",0.413728514166668,5.87464828316667,4.06113107612786,0.00111905975051072,0.0261183841699698,TRUE,"up",TRUE,FALSE
"HVCN1","up",-0.203278917666665,8.71770820975,-4.06022502573222,0.00112106896393353,0.0261183841699698,TRUE,"down",FALSE,FALSE
"RELA","up",0.194856620250002,9.95094576204167,4.06074897250273,0.00111990663687901,0.0261183841699698,TRUE,"up",TRUE,FALSE
"SCYL3","up",-0.231020411749999,8.953822767375,-4.06149169636265,0.0011182610784541,0.0261183841699698,TRUE,"down",FALSE,FALSE
"SNAI2","up",-0.538781812583332,9.41379867029167,-4.05763510263765,0.00112683256051321,0.0261963639631603,TRUE,"down",FALSE,FALSE
"ARMC5","up",0.275248785833335,10.4891509779167,4.05625850490281,0.00112990831937888,0.0262199486928607,TRUE,"up",TRUE,FALSE
"C1QTNF1","up",0.430542531500002,8.77369210875,4.05324761488037,0.00113666547874754,0.0263220096742567,TRUE,"up",TRUE,FALSE
"CD46","up",0.299699597416668,8.137565164625,4.05115514391086,0.00114138573741318,0.0263877512149571,TRUE,"up",TRUE,FALSE
"MFAP3","up",0.191475940416667,7.068502984125,4.04982943952137,0.00114438663739107,0.0264178169368612,TRUE,"up",TRUE,FALSE
"CSTF2T","up",-0.219693810083333,8.857678625625,-4.04193188929749,0.00116243117625538,0.0266758209073908,TRUE,"down",FALSE,FALSE
"IQGAP2","down",0.356277434916667,8.58376384354167,4.0383607081086,0.0011706856735792,0.0267270721891645,TRUE,"up",FALSE,FALSE
"RHOQ","up",0.422279366666667,10.812655125,4.035049894041,0.00117839171587763,0.0267694211069454,TRUE,"up",TRUE,FALSE
"ZAP70","down",-0.472810479636365,7.25810434163636,-4.09762945337473,0.0012004448841078,0.0270880344509787,TRUE,"down",TRUE,FALSE
"PPP6C","up",0.1476285075,10.2575548629167,4.021310033831,0.00121092816405496,0.0271640653273006,TRUE,"up",TRUE,FALSE
"CPXM2","down",0.543298935000001,11.6272768841667,4.01902896044724,0.00121641776422661,0.0271917501942801,TRUE,"up",FALSE,FALSE
"RNASEL","up",-0.313528403499999,10.21815986825,-4.0160172615539,0.00122370453418435,0.0272957266950295,TRUE,"down",FALSE,FALSE
"BNC2","down",-0.245879244083332,10.1323618272917,-4.01447109432965,0.00122746272593495,0.0273231449570021,TRUE,"down",TRUE,FALSE
"HOXB6","down",-0.448659164749999,9.254947729125,-4.01482368758111,0.00122660466148114,0.0273231449570021,TRUE,"down",TRUE,FALSE
"ANKRD49","up",-0.254215707666665,10.0961509021667,-4.01209190780116,0.00123326867535793,0.0273601218745258,TRUE,"down",FALSE,FALSE
"FRS3","down",-0.219681249416665,8.733680086875,-4.01125841070731,0.00123530927547936,0.0273776960111946,TRUE,"down",TRUE,FALSE
"ZC3H10","up",-0.214538563999999,9.02359223866667,-4.00856860430674,0.00124191805203601,0.0274106154776611,TRUE,"down",FALSE,FALSE
"PCF11","up",0.316779030666667,8.51035312816667,4.00270015884319,0.00125646192178026,0.0275517183017335,TRUE,"up",TRUE,FALSE
"GPR116","down",0.392509533083334,8.103692150625,3.99652359833761,0.00127195682516888,0.0276766403863077,TRUE,"up",FALSE,FALSE
"TMEM98","up",-0.207823554999998,11.8717684366667,-3.99033278331163,0.00128768277597966,0.0277746652309908,TRUE,"down",FALSE,FALSE
"ZNF443","up",-0.24924312575,6.86378997329167,-3.99107508773533,0.0012857867716872,0.0277746652309908,TRUE,"down",FALSE,FALSE
"PKNOX1","down",-0.19860691775,10.018078537375,-3.98897425927552,0.00129116011175993,0.0277831904380918,TRUE,"down",TRUE,FALSE
"MCL1","up",0.739963988333335,13.2284400991667,3.98827503599025,0.00129295359833213,0.0278025288632359,TRUE,"up",TRUE,FALSE
"TXNIP","up",-0.469053147499998,14.8692784104167,-3.97413268491441,0.00132977771261704,0.028128558476974,TRUE,"down",FALSE,FALSE
"BBS10","up",-0.325740464249999,9.56280556754167,-3.96817564700513,0.00134560661990791,0.0283134178111636,TRUE,"down",FALSE,FALSE
"WNT2","up",-0.535965974083333,5.850365555875,-3.96472627845224,0.00135485972498042,0.0284063437075517,TRUE,"down",FALSE,FALSE
"RECQL5","down",-0.159663868583333,7.40432934704167,-3.96379307246348,0.00135737420659404,0.0284207084550471,TRUE,"down",TRUE,FALSE
"IER5","up",0.300134148333334,13.3141445866667,3.96312996466875,0.00135916380594756,0.0284390153389917,TRUE,"up",TRUE,FALSE
"ATP1B3","up",0.30372221,13.7941574725,3.96221381217029,0.00136164027421512,0.0284715059150151,TRUE,"up",TRUE,FALSE
"B3GALNT1","up",-0.148754426999999,8.10393218175,-3.96063519660472,0.00136591823405082,0.0284715059150151,TRUE,"down",FALSE,FALSE
"FOXL1","up",0.354628703583334,8.34039156154167,3.95825371674937,0.00137239780102576,0.0285469140531299,TRUE,"up",TRUE,FALSE
"BTC","down",0.449856801166667,6.86511135558333,3.9544156466749,0.00138290635972882,0.028547010016681,TRUE,"up",FALSE,FALSE
"GEM","down",0.578774828333336,11.9495048375,3.95437125487322,0.00138302838125711,0.028547010016681,TRUE,"up",FALSE,FALSE
"PEA15","down",0.239007035000002,13.2047212291667,3.95482451612115,0.00138178299868222,0.028547010016681,TRUE,"up",FALSE,FALSE
"ZNF571","up",-0.293421525416666,8.247145597375,-3.94540593561717,0.00140789754198078,0.0287482182623899,TRUE,"down",FALSE,FALSE
"ZNF331","down",0.823347593166668,9.70339092016667,3.92605610754436,0.00146313419048955,0.0293538959183476,TRUE,"up",FALSE,FALSE
"ANGEL1","down",-0.202211215416667,8.023498334125,-3.91366172922865,0.0014996683629989,0.0295633278324979,TRUE,"down",TRUE,FALSE
"HPS3","up",-0.229358956166667,8.21492256533333,-3.91583405548582,0.00149319875383691,0.0295633278324979,TRUE,"down",FALSE,FALSE
"ROBO1","down",-0.203395719583332,8.55153093620833,-3.91376086070588,0.0014993725108039,0.0295633278324979,TRUE,"down",TRUE,FALSE
"ASB13","up",-0.194120669999999,9.53272919816667,-3.91047278142651,0.00150921731187158,0.0296424780748885,TRUE,"down",FALSE,FALSE
"RAB12","down",0.195128888666668,9.52171472625,3.91006459820434,0.00151044402358471,0.0296436144025166,TRUE,"up",FALSE,FALSE
"PSD","up",-0.566504689416667,7.13255591870833,-3.90945529900413,0.00151227703383466,0.0296463545711739,TRUE,"down",FALSE,FALSE
"MT1H","up",0.672480715000003,14.0626683883333,3.90672398216092,0.00152052172142785,0.0297380133977051,TRUE,"up",TRUE,FALSE
"CDO1","up",-0.298197780333332,9.91053898333333,-3.90188628492043,0.00153523693694258,0.0298890238751127,TRUE,"down",FALSE,FALSE
"MS4A4A","up",-0.383308907833334,10.6266474585833,-3.89960659668101,0.00154222132563358,0.0298956683684318,TRUE,"down",FALSE,FALSE
"RAB13","down",0.275439497500001,10.8856196370833,3.89926347266144,0.00154327536247955,0.0298956683684318,TRUE,"up",FALSE,FALSE
"ALKBH4","up",-0.283059909583333,8.29846326854167,-3.89678558480317,0.00155090890185402,0.0299609657726872,TRUE,"down",FALSE,FALSE
"JMJD1C","down",0.346209131416667,9.781839778875,3.89577239106931,0.00155404124952316,0.0299920308727849,TRUE,"up",FALSE,FALSE
"ZNF365","up",0.432797418916668,7.985136073375,3.89243361174739,0.00156440883607872,0.0300800194026225,TRUE,"up",TRUE,FALSE
"DYRK3","down",0.658526482916667,9.04359986020833,3.8916772583469,0.0015667672111388,0.030080305402666,TRUE,"up",FALSE,FALSE
"FASTKD3","up",-0.242008938249999,8.674992618125,-3.89087784271238,0.00156926378367968,0.0300988668435154,TRUE,"down",FALSE,FALSE
"HSP90AA1","down",0.3376815025,13.24223965375,3.88473721373504,0.00158857616899878,0.0301689877008648,TRUE,"up",FALSE,FALSE
"IGLL1","up",-1.08559347258333,9.43875820045833,-3.87910291119782,0.00160650845520427,0.0303265071203566,TRUE,"down",FALSE,TRUE
"TSC22D2","down",0.538074157727272,8.2919787955,3.94319958020848,0.00161132473306852,0.0303805109865928,TRUE,"up",FALSE,FALSE
"ITPKC","down",0.882625481416668,10.780457648625,3.87312636481766,0.00162575474779477,0.0305598617806891,TRUE,"up",FALSE,FALSE
"MRM1","up",-0.296854776083332,8.08030586570833,-3.8710643586764,0.00163244921615859,0.0306301099302414,TRUE,"down",FALSE,FALSE
"LDLR","down",1.131442625,11.234354093,3.86579741052006,0.00164967610819171,0.0307260159554663,TRUE,"up",FALSE,TRUE
"CLIC6","up",0.997257538250001,7.020360727125,3.86424654214578,0.00165478370304606,0.0307635030001577,TRUE,"up",TRUE,FALSE
"PVR","down",0.313110670833335,7.454490389,3.8637599040763,0.0016563896923038,0.0307635030001577,TRUE,"up",FALSE,FALSE
"SEC14L1","down",0.193585504000001,10.1649273526667,3.86267407011665,0.00165997883680132,0.0307750460232326,TRUE,"up",FALSE,FALSE
"ANKFY1","down",-0.292460979,9.629591122,-3.86166536404704,0.00166332011339596,0.0308001683929912,TRUE,"down",TRUE,FALSE
"GRIK2","down",0.246981433083333,6.26071686970833,3.85790601650596,0.00167583296276213,0.0309580748031777,TRUE,"up",FALSE,FALSE
"CORIN","up",0.684285977166668,7.075516698,3.85621477928903,0.00168149330017291,0.0310257481134043,TRUE,"up",TRUE,FALSE
"MT1G","up",0.784738371666668,13.1897088608333,3.85227084220266,0.00169476861241864,0.0311433972195827,TRUE,"up",TRUE,FALSE
"WIF1","down",-0.204508230583332,5.50870168070833,-3.85193975645111,0.00169588787640107,0.0311433972195827,TRUE,"down",TRUE,FALSE
"USP13","down",0.313145465333334,8.40109359333333,3.84174402475712,0.00173072510856964,0.0315408155856162,TRUE,"up",FALSE,FALSE
"ZBED5","up",-0.268094900833333,11.06345636625,-3.83956841850932,0.00173825232301884,0.0315853661876266,TRUE,"down",FALSE,FALSE
"CCR2","up",-0.545414572666666,7.44821140633333,-3.83762790331615,0.00174499418209932,0.0315920469815571,TRUE,"down",FALSE,FALSE
"STK17B","down",0.542398268750002,8.65528076129167,3.83643727191903,0.00174914387230111,0.031598487441942,TRUE,"up",FALSE,FALSE
"RND1","down",0.704696659583333,6.96211272004167,3.83486597842084,0.00175463560504515,0.0316608812543339,TRUE,"up",FALSE,FALSE
"FRAT2","up",-0.392191681166665,10.0252621044167,-3.82972616498942,0.00177272192727411,0.0317739442166962,TRUE,"down",FALSE,FALSE
"PEX11B","up",-0.310486536,10.1158527195,-3.82959876971267,0.00177317260787047,0.0317739442166962,TRUE,"down",FALSE,FALSE
"ELL2","up",0.552344223083335,10.491008960125,3.82286031793538,0.00179717729968082,0.0319644493736019,TRUE,"up",TRUE,FALSE
"HOXA11","up",-0.245555754583333,6.74573397070833,-3.82340098244089,0.0017952391644134,0.0319644493736019,TRUE,"down",FALSE,FALSE
"MT1B","up",0.755120781666668,13.3357675483333,3.81166364265445,0.00183779473725469,0.0324173310743475,TRUE,"up",TRUE,FALSE
"POLR3H","up",-0.144106803333332,11.0035682275,-3.81128495546744,0.00183918463093628,0.0324173310743475,TRUE,"down",FALSE,FALSE
"BRF2","up",-0.430984840083332,8.367039262375,-3.80150662330295,0.00187544535003774,0.0327258745975548,TRUE,"down",FALSE,FALSE
"GIMAP1","down",-0.471163646583332,10.2941473204583,-3.80258249137384,0.00187142051551898,0.0327258745975548,TRUE,"down",TRUE,FALSE
"GPRASP2","up",-0.174089057499999,10.0490197783333,-3.80153523818725,0.00187533818795479,0.0327258745975548,TRUE,"down",FALSE,FALSE
"MT1X","up",0.707340297500002,14.0230611304167,3.80155315330192,0.00187527109942162,0.0327258745975548,TRUE,"up",TRUE,FALSE
"PPP1R2","up",0.199159372083334,9.87600413429167,3.80134111902418,0.00187606528151506,0.0327258745975548,TRUE,"up",TRUE,FALSE
"POLG2","up",-0.318836776916666,10.302269672375,-3.79757116478785,0.00189024282800603,0.0328271493046711,TRUE,"down",FALSE,FALSE
"RDH5","up",0.393638361166666,8.63367114441667,3.78895516125781,0.0019230537557146,0.0330858949598915,TRUE,"up",TRUE,FALSE
"LOC389831","up",-0.332008691249999,8.276382192125,-3.78803977254443,0.00192657342192908,0.0331097839414715,TRUE,"down",FALSE,FALSE
"PLSCR3","up",-0.175945564166666,13.3667106204167,-3.78213435963424,0.00194943710732123,0.0333473844955252,TRUE,"down",FALSE,FALSE
"LIMD2","up",-0.220259197499999,7.10678152575,-3.77337631895069,0.00198385229398145,0.0337027110325816,TRUE,"down",FALSE,FALSE
"LHX9","up",0.16758050975,5.35397820929167,3.76837369642743,0.0020037858333471,0.0338562443794242,TRUE,"up",TRUE,FALSE
"CD97","up",-0.389139175,12.2404494675,-3.76558165569357,0.00201499911243945,0.0339137691113989,TRUE,"down",FALSE,FALSE
"CREM","up",0.611857983000002,9.52827311841667,3.76695051473641,0.00200949363980998,0.0339137691113989,TRUE,"up",TRUE,FALSE
"ZBTB11","down",-0.223818124833333,9.88663557583333,-3.76651363113768,0.00201124910380431,0.0339137691113989,TRUE,"down",TRUE,FALSE
"TIGD1","up",-0.180391972083332,6.99727382045833,-3.75825145824527,0.00204474166876651,0.0341214893297062,TRUE,"down",FALSE,FALSE
"ZNF18","up",-0.233686759916666,9.69423716054167,-3.75678670118395,0.00205073805250932,0.0341665055053993,TRUE,"down",FALSE,FALSE
"S100A4","up",0.328596498333336,15.2637103075,3.75430093159561,0.00206095499785014,0.0342449164134756,TRUE,"up",TRUE,FALSE
"COG6","down",-0.155728539416665,9.438990362375,-3.74962444433927,0.00208031603403099,0.0344348471114438,TRUE,"down",TRUE,FALSE
"UBE2D3","down",0.1924050875,11.8086186754167,3.74939963667461,0.00208125137986906,0.0344348471114438,TRUE,"up",FALSE,FALSE
"ETS1","up",0.3043371025,7.764348451,3.7486453027155,0.00208439301022754,0.0344600785051564,TRUE,"up",TRUE,FALSE
"FZD6","up",0.345333357000002,7.83238082208333,3.72925007385388,0.00216683884347917,0.0353427908370524,TRUE,"up",TRUE,FALSE
"ZBED3","up",-0.318090510833331,11.7726743845833,-3.72571592506438,0.00218221357476161,0.0354761504262674,TRUE,"down",FALSE,FALSE
"CD93","down",0.402857153833335,9.766409441,3.72358799800632,0.0021915239430365,0.0355780122744657,TRUE,"up",FALSE,FALSE
"ITGB4","up",0.265163564166668,11.38633994125,3.72229023917857,0.00219722176915815,0.0355966814017691,TRUE,"up",TRUE,FALSE
"RPS18","up",-0.193724900833332,16.81801156875,-3.71988816432319,0.00220780766893728,0.0357296874423017,TRUE,"down",FALSE,FALSE
"PLA2R1","up",-0.235920856083333,7.57154651545833,-3.71788270066304,0.00221668520818947,0.0358261364713354,TRUE,"down",FALSE,FALSE
"CDCA4","up",-0.150004361,6.84631482108333,-3.71233925563616,0.00224141249707505,0.0360109457647962,TRUE,"down",FALSE,FALSE
"C22orf29","up",-0.239097157416665,8.36762060579167,-3.70924611062115,0.00225533092881776,0.0361411256421999,TRUE,"down",FALSE,FALSE
"IL12RB2","up",-0.176298817833333,5.92020759883333,-3.70334386414113,0.00228213258448011,0.0363643198281878,TRUE,"down",FALSE,FALSE
"ENSA","down",0.231614027166668,9.65991509141667,3.70270501690231,0.00228505278532119,0.0363921886957971,TRUE,"up",FALSE,FALSE
"C20orf94","down",0.398273462500001,8.97811095383333,3.69505735827176,0.00232030523072922,0.0366914817764823,TRUE,"up",FALSE,FALSE
"GRAMD3","up",-0.313725035499998,10.3989726530833,-3.69474038913081,0.00232177812876712,0.0366914817764823,TRUE,"down",FALSE,FALSE
"ZNF79","up",-0.2875983885,7.732557528,-3.69146551973552,0.00233705127517083,0.0368800696912686,TRUE,"down",FALSE,FALSE
"ZBTB1","up",-0.164542954333332,7.92566697166667,-3.69063614493497,0.00234093535161034,0.036922610784384,TRUE,"down",FALSE,FALSE
"FLT1","down",0.502035144666667,8.43376945316667,3.68869989125045,0.00235002850344377,0.0369608282324589,TRUE,"up",FALSE,FALSE
"C9orf3","up",0.283267618333335,10.7445698575,3.68695188686746,0.00235826823842832,0.0370403838697157,TRUE,"up",TRUE,FALSE
"CSH1","down",0.331772666916667,7.34349753404167,3.68479777620693,0.0023684624380387,0.037074491120775,TRUE,"up",FALSE,FALSE
"HOXB7","up",0.170456999166667,7.52277402458333,3.68483450492353,0.00236828824903556,0.037074491120775,TRUE,"up",TRUE,FALSE
"LRRC8B","up",0.266695682666668,8.03209792583333,3.68272236051186,0.00237832632954669,0.0372101488981242,TRUE,"up",TRUE,FALSE
"ARFGEF2","down",0.307834430833334,8.42026312533333,3.67988181725339,0.00239189397514039,0.0373069144799655,TRUE,"up",FALSE,FALSE
"LGI4","up",0.319496156666668,12.3939590358333,3.68042762016821,0.00238928093282549,0.0373069144799655,TRUE,"up",TRUE,FALSE
"RPS6KB2","up",0.203214698166667,8.24995422808333,3.6787234600366,0.00239744920216312,0.0373069144799655,TRUE,"up",TRUE,FALSE
"SORCS1","down",0.488878128916667,7.68445408379167,3.67775343054069,0.00240211127659188,0.0373192007931314,TRUE,"up",FALSE,FALSE
"C8orf59","up",-0.393303346333333,7.11283215333333,-3.67632056629445,0.00240901454818329,0.0373705080674381,TRUE,"down",FALSE,FALSE
"CRYAB","up",0.262510168333334,13.92068794,3.6752024814465,0.00241441518800925,0.0374277392203113,TRUE,"up",TRUE,FALSE
"RAB3IP","up",0.231456216416667,7.74625775920833,3.67366529296345,0.00242186017719191,0.0374574611377337,TRUE,"up",TRUE,FALSE
"HOXA10","up",-0.406161697916666,8.84930708554167,-3.66979950378045,0.00244068580366066,0.0375616588862526,TRUE,"down",FALSE,FALSE
"GAS1","up",-0.676939860666666,11.2575659171667,-3.66930124039977,0.00244312297543087,0.0375664544249912,TRUE,"down",FALSE,FALSE
"TAS2R10","down",-0.344078083,6.97959002025,-3.6692414827643,0.00244341543489016,0.0375664544249912,TRUE,"down",TRUE,FALSE
"ZC3HAV1L","up",-0.222461958416667,9.407762273375,-3.66611470736991,0.00245876759129016,0.0377278156032434,TRUE,"down",FALSE,FALSE
"NTF3","up",0.550310126500001,10.1465672493333,3.66076576108865,0.00248525657311535,0.0378910168007067,TRUE,"up",TRUE,FALSE
"H2AFY2","up",-0.207192388333334,8.11611991791667,-3.65981636688013,0.00248998817292579,0.0379013024240478,TRUE,"down",FALSE,FALSE
"SPAG8","down",-0.368290627583333,7.08655365270833,-3.65996995505452,0.00248922210252919,0.0379013024240478,TRUE,"down",TRUE,FALSE
"MT1F","up",0.350203202500001,9.2371048245,3.64952894129902,0.00254184563460708,0.0383585369395392,TRUE,"up",TRUE,FALSE
"HIST1H2AC","up",0.194624373666667,7.59708194666667,3.644435990203,0.00256792055821678,0.0385647305871975,TRUE,"up",TRUE,FALSE
"C12orf49","up",0.156880112583333,7.238229507625,3.64399006171359,0.00257021643906831,0.0385668126279726,TRUE,"up",TRUE,FALSE
"TSPAN6","up",-0.377611308833332,10.3685960044167,-3.63618393784397,0.00261074376248149,0.0388257294729635,TRUE,"down",FALSE,FALSE
"NOVA1","up",-0.279911210666665,8.39284900375,-3.63202775223449,0.00263258399030619,0.0389940309144656,TRUE,"down",FALSE,FALSE
"SSH1","down",0.360861249083334,7.957788873625,3.6319678222171,0.00263290025935082,0.0389940309144656,TRUE,"up",FALSE,FALSE
"CCRN4L","down",0.479893811,6.181395631,3.63116478542713,0.00263714182996403,0.0390010808855984,TRUE,"up",FALSE,FALSE
"TMEM69","up",-0.201481044083332,9.23415820479167,-3.6265561430621,0.00266161791817648,0.0391703325738606,TRUE,"down",FALSE,FALSE
"DNALI1","up",0.370963044083334,9.401200310125,3.62438203076212,0.00267324385376167,0.0392361988776961,TRUE,"up",TRUE,FALSE
"NGFRAP1","down",-0.206282133333333,14.7787608783333,-3.62228289124026,0.00268451747520115,0.0393379366700495,TRUE,"down",TRUE,FALSE
"RAI1","up",-0.303343736666665,10.6751387533333,-3.62080634537049,0.00269247611474424,0.0393697025116861,TRUE,"down",FALSE,FALSE
"C8orf46","down",-0.411236590000001,7.0157717395,-3.61984496827436,0.00269767076040064,0.0393978762709129,TRUE,"down",TRUE,FALSE
"RWDD3","up",-0.202510732833332,10.1139415560833,-3.61670401060867,0.0027147129726422,0.0394719520289838,TRUE,"down",FALSE,FALSE
"TMEM64","up",-0.339722945,8.426390408,-3.61583441119644,0.00271945040682298,0.0394854032900951,TRUE,"down",FALSE,FALSE
"PTPRE","down",0.482523311833334,9.47560189791667,3.61453054889803,0.00272656925833487,0.0395333457746062,TRUE,"up",FALSE,FALSE
"ACOT7","up",0.284227839583335,9.62363291720833,3.61368700009538,0.00273118488935408,0.0395449100102563,TRUE,"up",TRUE,FALSE
"ALDH5A1","up",-0.227462499833332,7.03554255283333,-3.60987853634008,0.00275212186505431,0.0397328669778264,TRUE,"down",FALSE,FALSE
"AQR","up",-0.132573447749999,9.74213645270833,-3.60927141497206,0.00275547442839653,0.0397328669778264,TRUE,"down",FALSE,FALSE
"CIB2","up",-0.310838501499999,10.1122128745833,-3.61008873778902,0.00275096207771336,0.0397328669778264,TRUE,"down",FALSE,FALSE
"SLCO2B1","down",-0.347231487499999,10.6915439179167,-3.60875140140858,0.00275834925018674,0.0397328669778264,TRUE,"down",TRUE,FALSE
"UBE2J1","down",0.344110099583333,8.805419552375,3.60897627666963,0.00275710568807911,0.0397328669778264,TRUE,"up",FALSE,FALSE
"FAM63B","down",0.181938977416668,9.95491188029167,3.60775185496759,0.00276388359658652,0.0397748613768926,TRUE,"up",FALSE,FALSE
"PKD1L1","down",0.193482647,5.60711727933333,3.6059546249265,0.00277386277751437,0.039810795903421,TRUE,"up",FALSE,FALSE
"ZNF397","down",-0.259236673833332,9.03031876308333,-3.60225858329583,0.00279449947344293,0.0399873809328186,TRUE,"down",TRUE,FALSE
"CDK3","up",0.167843605416668,9.79794021570833,3.5998834975017,0.00280784227085242,0.0400943359558485,TRUE,"up",TRUE,FALSE
"BRPF3","up",-0.149520464416666,7.77586017379167,-3.59939237066818,0.00281060933302334,0.040115412584153,TRUE,"down",FALSE,FALSE
"MTERFD2","down",-0.178751880333333,9.16371943275,-3.59625007039159,0.0028283785553523,0.0402580753421469,TRUE,"down",TRUE,FALSE
"ESM1","down",0.195113423,6.83185455033333,3.5883941353674,0.00287329956406741,0.0406181232717079,TRUE,"up",FALSE,FALSE
"GRIN1","down",0.173868630083333,10.2713280742917,3.58740987027439,0.00287897813282289,0.0406247086934936,TRUE,"up",FALSE,FALSE
"CSF2RB","down",0.198543361166667,6.53674508716667,3.58650062750762,0.00288423391804879,0.0406596175863292,TRUE,"up",FALSE,FALSE
"MAGEL2","up",-0.424751728416666,9.18805964445833,-3.58646176336261,0.00288445878357608,0.0406596175863292,TRUE,"down",FALSE,FALSE
"SNX7","up",0.166766574166669,11.70358904625,3.58356468657435,0.00290127091521813,0.0407910813926053,TRUE,"up",TRUE,FALSE
"MEIS1","down",-0.451527998333331,11.1934272591667,-3.57528265043448,0.00294987914939388,0.0413036052657952,TRUE,"down",TRUE,FALSE
"INHBA","down",0.849180496083334,10.410848928875,3.57387033830651,0.00295824966453647,0.0413158037007091,TRUE,"up",FALSE,FALSE
"CHD1","down",0.377883823416668,8.748662829625,3.57284280785493,0.00296435467800258,0.041341305455519,TRUE,"up",FALSE,FALSE
"GZMA","up",-0.671515599333332,9.402339568,-3.57173632425413,0.00297094297567851,0.0413960269687366,TRUE,"down",FALSE,FALSE
"NOX5","up",0.277525368083334,5.989609774375,3.57048146754143,0.00297843257200242,0.0414233260881413,TRUE,"up",TRUE,FALSE
"REM1","up",-0.224263330333333,7.71186891991667,-3.57046855692349,0.00297850972759281,0.0414233260881413,TRUE,"down",FALSE,FALSE
"ATP1A2","up",0.492515355,11.71629308,3.56531601450187,0.00300946325088909,0.0416043046637913,TRUE,"up",TRUE,FALSE
"HYLS1","up",-0.23508108075,8.05095206679167,-3.56150401040012,0.00303257185487215,0.041812442041497,TRUE,"down",FALSE,FALSE
"PURB","up",0.155625399166668,10.53147557875,3.56076623063419,0.00303706491188478,0.041812442041497,TRUE,"up",TRUE,FALSE
"FLT3","up",-0.237533979833333,5.9973262095,-3.55830189553848,0.00305212127180529,0.0418424872121172,TRUE,"down",FALSE,FALSE
"TOR1AIP1","up",0.167751753416667,9.44193722854167,3.55915797272677,0.00304688239459383,0.0418424872121172,TRUE,"up",TRUE,FALSE
"TTC14","down",-0.214897680999998,9.4029349915,-3.55753043564709,0.00305685008919625,0.0418424872121172,TRUE,"down",TRUE,FALSE
"LIPT1","up",-0.294078779749999,8.85636411170833,-3.55395643329151,0.00307885405557359,0.0420510563581463,TRUE,"down",FALSE,FALSE
"WDR81","up",-0.224594125833332,11.4208155095833,-3.55083846959608,0.00309818050756207,0.042214100302303,TRUE,"down",FALSE,FALSE
"EPHA4","down",0.214746054583334,9.384218606375,3.54988557600103,0.00310411126653876,0.0422474574130059,TRUE,"up",FALSE,FALSE
"MSRA","up",0.146673449416667,10.2541314780417,3.54258124976427,0.00314995407248137,0.0426844190755086,TRUE,"up",TRUE,FALSE
"MTHFSD","down",-0.153033488166666,7.76512637041667,-3.54011872468232,0.00316556221708567,0.0427467836633142,TRUE,"down",TRUE,FALSE
"RTN2","up",0.277297086333334,8.61696932083333,3.54015778089946,0.00316531406207334,0.0427467836633142,TRUE,"up",TRUE,FALSE
"EDEM3","down",-0.140273089999998,10.7321449858333,-3.53679571854558,0.00318674773393338,0.0429209473726822,TRUE,"down",TRUE,FALSE
"SMC4","down",0.164655692333335,7.34218010633333,3.53228396722622,0.00321574046002613,0.043163382748793,TRUE,"up",FALSE,FALSE
"STAT3","down",0.232472284833334,8.84440249525,3.52763335737716,0.0032459032132276,0.0434172476998249,TRUE,"up",FALSE,FALSE
"ANGPT4","down",0.251370998833334,6.84508612941667,3.52629473815825,0.00325463779997693,0.0434399079557058,TRUE,"up",FALSE,FALSE
"ZNF627","up",-0.329967717166665,9.09090681358333,-3.51348619326538,0.00333941878267403,0.0441542214532967,TRUE,"down",FALSE,FALSE
"PTGS2","down",0.945232559333333,7.78207702858333,3.50087968358016,0.00342503020423121,0.0448283649982612,TRUE,"up",FALSE,FALSE
"EPM2AIP1","up",-0.195911145833332,11.10994551375,-3.49947852499047,0.00343468071950364,0.0448979382904573,TRUE,"down",FALSE,FALSE
"C6orf211","up",-0.270059933249999,9.920225691375,-3.49857629454974,0.00344090931026232,0.0449415443835523,TRUE,"down",FALSE,FALSE
"PTPN21","down",0.281605849833334,8.431306463,3.49669024840648,0.00345396640161761,0.0449995269945743,TRUE,"up",FALSE,FALSE
"IPO7","down",0.206161554833334,8.79349476225,3.4941050140935,0.00347194488937851,0.0451193105825048,TRUE,"up",FALSE,FALSE
"CD33","up",-0.415898362666665,8.61268485475,-3.48996053240361,0.0035009632165095,0.0453873662488462,TRUE,"down",FALSE,FALSE
"ZNF540","up",-0.513296368916666,7.84351449954167,-3.4898005340217,0.00350208834485241,0.0453873662488462,TRUE,"down",FALSE,FALSE
"ARHGAP24","up",0.231467341416669,7.547207555625,3.48905908948055,0.00350730701742786,0.0454268627117626,TRUE,"up",TRUE,FALSE
"PLGLB2","up",-0.295321698583333,7.583100737625,-3.48537762227271,0.0035333350054162,0.0456498067726786,TRUE,"down",FALSE,FALSE
"DENND4A","down",0.196140258166667,7.46211323091667,3.47786410928403,0.00358705909117692,0.0459943270881879,TRUE,"up",FALSE,FALSE
"ELN","down",0.344205122916667,9.10664821545833,3.47472202736788,0.00360976853350313,0.0461955221882246,TRUE,"up",FALSE,FALSE
"CACNA1G","down",-0.685755082416666,8.889031499625,-3.46909874624607,0.00365077180139119,0.0466050868581869,TRUE,"down",TRUE,FALSE
"ZNF267","down",0.443161971666667,8.4297656155,3.46581698286105,0.00367491713949426,0.0467220915322292,TRUE,"up",FALSE,FALSE
"ARHGAP5","down",0.232648824,9.32689122591667,3.46452510324309,0.00368446595946691,0.0468022702777675,TRUE,"up",FALSE,FALSE
"SLCO4A1","up",0.470546179416667,8.318633239375,3.46404716937633,0.00368800487450156,0.0468111468384446,TRUE,"up",TRUE,FALSE
"MAP4","down",0.175185119166668,10.9396324420833,3.46365061937245,0.00369094376294749,0.0468293199682746,TRUE,"up",FALSE,FALSE
"TSSC4","down",0.207803375333334,9.87970663866667,3.46298073129694,0.00369591373852657,0.0468541132939607,TRUE,"up",FALSE,FALSE
"TMEM80","down",-0.252002008416665,10.5937137857917,-3.46247177542263,0.00369969422917413,0.0468829115370712,TRUE,"down",TRUE,FALSE
"HRH1","up",0.323110678333333,9.29658548566667,3.461177384015,0.00370932637762059,0.0469858088892894,TRUE,"up",TRUE,FALSE
"CSMD3","down",0.553873733000001,7.8951466335,3.4576952002419,0.00373536397008884,0.0469959446524748,TRUE,"up",FALSE,FALSE
"EOMES","up",-0.451108551083332,5.99643191954167,-3.45633416723079,0.00374559070324113,0.0469959446524748,TRUE,"down",FALSE,FALSE
"LYSMD2","up",-0.181794043333333,11.129605565,-3.45959647196059,0.00372112479969448,0.0469959446524748,TRUE,"down",FALSE,FALSE
"NDRG3","up",-0.126016403666666,8.511264419,-3.45611407499883,0.00374724710192768,0.0469959446524748,TRUE,"down",FALSE,FALSE
"RASGEF1B","up",0.288867541000001,6.00767332158333,3.45488137255242,0.00375653792897608,0.0470468144011063,TRUE,"up",TRUE,FALSE
"RGPD2","up",0.223528787833334,8.502463815,3.45237450718401,0.00377550342144161,0.0471892366496515,TRUE,"up",TRUE,FALSE
"CSTF1","up",-0.190356818166665,10.1856380784167,-3.45160802916658,0.00378132130388261,0.0472258981489887,TRUE,"down",FALSE,FALSE
"IFNAR1","down",0.213040415083335,8.96885863029167,3.4502874194125,0.0037913663787363,0.0473113799679094,TRUE,"up",FALSE,FALSE
"RCBTB1","up",-0.199240914416666,8.09913384170833,-3.44937887767582,0.00379829264192697,0.0473787832075291,TRUE,"down",FALSE,FALSE
"TMEFF2","up",0.249198963916667,7.41556732520833,3.44881438996769,0.0038026024026184,0.0473944893117365,TRUE,"up",TRUE,FALSE
"DAG1","down",0.196184936833334,9.41331527541667,3.44762038876588,0.00381173455197754,0.0474322050456733,TRUE,"up",FALSE,FALSE
"ADRA1D","up",0.151110053583334,8.98244679645833,3.44565006122094,0.00382685245233854,0.0475015318488999,TRUE,"up",TRUE,FALSE
"RAD17","up",-0.174959812249999,9.185071674125,-3.44586826257152,0.00382517528318298,0.0475015318488999,TRUE,"down",FALSE,FALSE
"ZNF174","up",-0.2392380735,7.209434724,-3.44603569835806,0.00382388881520711,0.0475015318488999,TRUE,"down",FALSE,FALSE
"RPA2","up",-0.167065202499999,11.23922606375,-3.44262657607902,0.0038501680372519,0.0476054203157545,TRUE,"down",FALSE,FALSE
"OMA1","up",-0.138098606333331,9.72275974575,-3.44097156794694,0.00386299090274728,0.0476779219141823,TRUE,"down",FALSE,FALSE
"ARL5B","up",0.549078764083334,7.18883145495833,3.44067064375046,0.00386532703592037,0.0476790161413727,TRUE,"up",TRUE,FALSE
"ZNF493","down",-0.226758439999999,11.3315342875,-3.4396890320651,0.00387295733162968,0.047731932786559,TRUE,"down",TRUE,FALSE
"UGCG","down",0.395990455083335,9.742629530625,3.43699006640298,0.00389401496864167,0.0478618801841906,TRUE,"up",FALSE,FALSE
"SAP30","down",0.232422356666668,11.19637912,3.43674954706466,0.00389589709012288,0.047866079234598,TRUE,"up",FALSE,FALSE
"RAB3C","up",0.611179327500001,6.81651951983333,3.43445056175057,0.00391393329286738,0.0479549429321669,TRUE,"up",TRUE,FALSE
"TNFRSF25","up",-0.252989926833332,10.53620532075,-3.43359520807612,0.00392066513755316,0.0479806644954911,TRUE,"down",FALSE,FALSE
"UPP1","down",0.371378919333334,7.88818836058333,3.42841767981443,0.00396166208093815,0.0482056618053782,TRUE,"up",FALSE,FALSE
"GATM","up",0.240149926750001,10.5011781062083,3.42812434432406,0.00396399760533568,0.0482071755745558,TRUE,"up",TRUE,FALSE
"FAM84A","down",-0.237615331583333,6.872387612375,-3.42383595599089,0.00399829956573221,0.0484599769221507,TRUE,"down",TRUE,FALSE
"AKAP12","down",0.470557233750001,10.1253343925417,3.42163243554357,0.00401604063551525,0.0485340288214417,TRUE,"up",FALSE,FALSE
"HSD17B13","up",0.210569082500001,6.12004047858333,3.41967633522188,0.0040318557594385,0.0486515814203002,TRUE,"up",TRUE,FALSE
"ZNF169","up",-0.247122909249999,6.125799297625,-3.41761731996327,0.00404857038330964,0.0487879608175578,TRUE,"down",FALSE,FALSE
"C14orf101","down",-0.218102410499999,9.12568713366667,-3.41605102565386,0.00406133169444099,0.0488933353001435,TRUE,"down",TRUE,FALSE
"C1GALT1","up",0.154987084333334,7.40471321875,3.41474274849377,0.00407202171048987,0.0489699153539606,TRUE,"up",TRUE,FALSE
"TRAK1","down",0.174768166333334,10.0278331225,3.41453375152371,0.00407373204782979,0.0489699153539606,TRUE,"up",FALSE,FALSE
"DLEC1","down",-0.145603028666666,6.26772215783333,-3.41311094775972,0.00408539477985897,0.0490310492853526,TRUE,"down",TRUE,FALSE
"LCP2","up",-0.246929268249999,8.54384311795833,-3.41289573284529,0.00408716180844522,0.0490333172633243,TRUE,"down",FALSE,FALSE
"MANEAL","down",-0.161267190499999,7.35220380325,-3.41102190579882,0.00410257931585627,0.0491613360980663,TRUE,"down",TRUE,FALSE
"ANK1","down",0.29905551375,6.52404370954167,3.40904355539493,0.00411892005770855,0.0492717740705758,TRUE,"up",FALSE,FALSE
"RAB3A","up",0.201660374,6.40985164525,3.40117197457277,0.00418458594980424,0.0497031554404883,TRUE,"up",TRUE,FALSE
"TMC4","up",-0.207957156583333,8.752303939125,-3.39903061774922,0.00420263018639981,0.0498412691419141,TRUE,"down",FALSE,FALSE
"MTRF1L","down",0.248261427000001,8.64316090916667,3.39737345711361,0.00421664778909823,0.0498918027680183,TRUE,"up",FALSE,FALSE
"CDC42","up",0.164180120833334,10.97005529625,3.39634297623067,0.00422538802767616,0.0499290321516831,TRUE,"up",TRUE,FALSE
"PDIA2","down",0.229315930416667,6.138002917625,3.39539366844116,0.00423345583268548,0.0499290321516831,TRUE,"up",FALSE,FALSE
"ELK4","up",0.247126107166667,7.85719118666667,3.39356869247885,0.00424900896156723,0.0499946955254132,TRUE,"up",TRUE,FALSE
"ELMO2","down",-0.217492429583333,9.34369972270833,-3.39326172958076,0.00425163062957148,0.0499946955254132,TRUE,"down",TRUE,FALSE
"ESAM","up",0.281376954250001,10.235354025625,3.39315131609398,0.0042525740304347,0.0499946955254132,TRUE,"up",TRUE,FALSE
"COCH","up",0.810248379833334,10.5825267421667,3.39196612468007,0.00426271381566439,0.0500437744373674,TRUE,"up",TRUE,FALSE
"C1orf158","down",0.135031592333334,8.840613666,3.39152532233747,0.00426649122807331,0.0500636009964856,TRUE,"up",FALSE,FALSE
"TRPV2","up",0.2138649975,11.3408636454167,3.3913266754495,0.0042681946083329,0.0500646820951755,TRUE,"up",TRUE,FALSE
"KIAA1683","down",0.614629412833333,11.0616060100833,3.38995540373243,0.00427997173402205,0.0501271321973363,TRUE,"up",FALSE,FALSE
"RNASE1","up",-0.334430323333331,13.2657831383333,-3.38996328649781,0.00427990394024434,0.0501271321973363,TRUE,"down",FALSE,FALSE
"SCUBE2","up",-0.590823177249998,9.088291815375,-3.39015551594919,0.00427825105102152,0.0501271321973363,TRUE,"down",FALSE,FALSE
"RHOC","up",0.158188160000001,13.7032465425,3.38734345470655,0.00430249445338059,0.0502583111486622,TRUE,"up",TRUE,FALSE
"PAOX","up",-0.143141051083333,9.84810343320833,-3.38570941986499,0.00431664495323181,0.050347894889947,TRUE,"down",FALSE,FALSE
"SNRPB","up",0.162043412500001,11.1487993070833,3.38457369863325,0.00432650756346425,0.0503733497498084,TRUE,"up",TRUE,FALSE
"CREB3L2","down",0.250154230000002,8.301819064,3.38388147828633,0.0043325298691266,0.0504007368377018,TRUE,"up",FALSE,FALSE
"EPRS","up",-0.122247484999997,12.1907840708333,-3.38305225200736,0.00433975517088974,0.05040929819435,TRUE,"down",FALSE,FALSE
"GOSR1","down",0.112747719583335,9.63989718420833,3.38069080592457,0.00436039731358663,0.0505545766148373,TRUE,"up",FALSE,FALSE
"GIMAP7","up",-0.467707885833332,11.8169306420833,-3.37987221065922,0.00436757582438298,0.0506000432569828,TRUE,"down",FALSE,FALSE
"ETV3","down",0.220908032666667,7.2130461495,3.37734463320631,0.0043898156422235,0.0507830609882487,TRUE,"up",FALSE,FALSE
"LRRC8A","down",0.176062196666668,11.7721795416667,3.37664731863903,0.004395971140872,0.0507964355854127,TRUE,"up",FALSE,FALSE
"GPR125","up",-0.202754346249998,9.88847956645833,-3.37508570645282,0.00440978751754172,0.0508615136395903,TRUE,"down",FALSE,FALSE
"LAMA3","down",0.227728775333335,10.0260282335,3.36833892818566,0.00446998078842411,0.0513651046811812,TRUE,"up",FALSE,FALSE
"TLE2","up",-0.498354269666666,10.50998129675,-3.36628276212295,0.00448848836347572,0.0514825804466288,TRUE,"down",FALSE,FALSE
"OASL","up",0.269173348833334,7.27515250341667,3.3652411333753,0.0044978933076576,0.0515333852712157,TRUE,"up",TRUE,FALSE
"KCNE4","up",0.608019154833334,10.3781469751667,3.35924748837316,0.00455239466838491,0.0518889260252798,TRUE,"up",TRUE,FALSE
"CD55","up",0.437353175916668,9.84317311004167,3.35820306169884,0.00456195918855353,0.0519418086869679,TRUE,"up",TRUE,FALSE
"RGMA","down",-0.436687583333332,9.10648810675,-3.35648392421329,0.00457774627139842,0.0520114740400746,TRUE,"down",TRUE,FALSE
"PLAUR","down",0.687267690583334,8.75688557879167,3.35569283422156,0.00458502930502505,0.0520709176044365,TRUE,"up",FALSE,FALSE
"PRRX1","up",0.34856095875,9.07790142095833,3.35345674513347,0.00460567819249551,0.052210008317118,TRUE,"up",TRUE,FALSE
"CCDC74B","up",-0.273040443666666,9.56751634291667,-3.34897327563445,0.00464736076123123,0.0523772015447283,TRUE,"down",FALSE,FALSE
"CDCA7","up",-0.564005363916666,8.39962361270833,-3.34876166939062,0.00464933734606164,0.0523772015447283,TRUE,"down",FALSE,FALSE
"GUCA1B","down",-0.168390030750001,6.71449869945833,-3.34837541711711,0.00465294744272916,0.0523772015447283,TRUE,"down",TRUE,FALSE
"CPEB2","up",0.264500793250001,7.250185549625,3.34583691902346,0.00467674327264343,0.0524015221492644,TRUE,"up",TRUE,FALSE
"AEBP2","up",0.132092088083333,10.2331585692917,3.34292669352733,0.00470417337076257,0.0525784442360916,TRUE,"up",TRUE,FALSE
"MATK","up",-0.230053082916667,6.004988668875,-3.33866056578764,0.00474467430180526,0.0528364892512216,TRUE,"down",FALSE,FALSE
"CD44","down",0.262718814166669,12.6667444495833,3.33682447332972,0.00476221252511049,0.0528658333619983,TRUE,"up",FALSE,FALSE
"ZNF680","up",-0.213197910833332,11.3516190895833,-3.32688547334272,0.00485827956350456,0.0534692813738413,TRUE,"down",FALSE,FALSE
"C11orf54","up",-0.132435341,9.68528735766667,-3.32185544910567,0.00490763343605697,0.0536936570863247,TRUE,"down",FALSE,FALSE
"ARHGAP25","up",-0.255925973249999,9.074213176625,-3.31768512074159,0.00494893154467632,0.0540211712050516,TRUE,"down",FALSE,FALSE
"PDDC1","up",-0.245676717499998,11.3922258045833,-3.31730558735118,0.00495270718951735,0.0540211712050516,TRUE,"down",FALSE,FALSE
"ROCK1","down",0.162697381916667,10.1953827280417,3.31752784882277,0.0049504957562052,0.0540211712050516,TRUE,"up",FALSE,FALSE
"ITGA10","up",0.199355717333334,5.84967478716667,3.31546574009186,0.00497105102351941,0.0541017504037811,TRUE,"up",TRUE,FALSE
"ZBTB6","up",-0.194115999666666,6.94152365366667,-3.31450052794796,0.00498070159480372,0.054165520531564,TRUE,"down",FALSE,FALSE
"D2HGDH","up",-0.179957844583334,10.4074571110417,-3.31065249685103,0.0050193620207608,0.0544368644708829,TRUE,"down",FALSE,FALSE
"DSCAML1","up",-0.233132572333332,6.8787432355,-3.30998035697106,0.00502614554952084,0.0544914146945958,TRUE,"down",FALSE,FALSE
"LRRC45","down",0.166210034583334,8.65432478104167,3.30847589770118,0.00504136239481151,0.05459923748051,TRUE,"up",FALSE,FALSE
"PTPN14","down",0.304965218333334,8.60401336025,3.30792369814625,0.00504695914442205,0.0546408064583561,TRUE,"up",FALSE,FALSE
"PTHLH","up",0.655394811833334,8.20703201225,3.30330463931257,0.00509401860974166,0.0549029468185212,TRUE,"up",TRUE,FALSE
"DUSP15","up",0.152448742500001,9.62968835841667,3.30183325304591,0.0051091010291356,0.0550208924668949,TRUE,"up",TRUE,FALSE
"PTPN1","down",0.229201415833334,10.74927587125,3.30017069245638,0.00512619671151739,0.0551145966160098,TRUE,"up",FALSE,FALSE
"PIGG","up",-0.153340463166666,8.60328574283333,-3.29548334236666,0.00517470348242583,0.0553869743733845,TRUE,"down",FALSE,FALSE
"GGA3","down",-0.154791836083332,9.45326323904167,-3.29130521221213,0.00521832651875243,0.0557386873807754,TRUE,"down",TRUE,FALSE
"C7orf10","up",0.249956442500001,6.7646141125,3.29094382231194,0.00522211691442548,0.0557600057611781,TRUE,"up",TRUE,FALSE
"COX6C","up",0.183883542500002,14.8484636229167,3.29049388741432,0.00522683984251427,0.0557912633413271,TRUE,"up",TRUE,FALSE
"SSBP2","down",0.158757330000001,10.956749685,3.27977472358616,0.00534062646954666,0.056461372078456,TRUE,"up",FALSE,FALSE
"SMARCAL1","up",-0.112054194249999,9.35606142820833,-3.27872124090748,0.00535194191151463,0.0565147748079894,TRUE,"down",FALSE,FALSE
"TOR2A","up",-0.132914503583333,8.40237352729167,-3.277137030444,0.00536900291202547,0.0566086387792519,TRUE,"down",FALSE,FALSE
"SLC39A8","up",-0.254609388583332,10.0767804707917,-3.27633471138914,0.00537766408429356,0.0566615050617733,TRUE,"down",FALSE,FALSE
"HES1","up",0.414304055833335,11.4798877770833,3.27399438931203,0.00540300792527662,0.0567937287734084,TRUE,"up",TRUE,FALSE
"NR2F2","up",-0.276725044166665,14.3854297095833,-3.27275008729585,0.00541653118376825,0.0568205458953569,TRUE,"down",FALSE,FALSE
"MEFV","down",0.156796576750001,8.10256412320833,3.27196411748559,0.0054250906028591,0.0568719349568279,TRUE,"up",FALSE,FALSE
"WDR85","up",-0.172811042499999,9.108167266,-3.26947283124094,0.00545231057147395,0.0570610286550484,TRUE,"down",FALSE,FALSE
"OSBPL1A","down",-0.231716045833332,10.9107606379167,-3.26070226847061,0.00554922603353005,0.0578221164701025,TRUE,"down",TRUE,FALSE
"ZNF354B","up",-0.162667500416665,8.54485725895833,-3.25793532674883,0.00558015574637961,0.0579888292145509,TRUE,"down",FALSE,FALSE
"DENND2A","up",-0.221515394749999,9.47563834729167,-3.25554144461482,0.00560705383443038,0.0581710773767682,TRUE,"down",FALSE,FALSE
"SCML4","up",-0.162831824,5.67351999666667,-3.25478291170041,0.00561560376584347,0.0582079422434238,TRUE,"down",FALSE,FALSE
"CD247","up",-0.400916901583333,6.90066272554167,-3.24978171167199,0.00567230165059818,0.058515855540301,TRUE,"down",FALSE,FALSE
"HIF1A","up",0.254761443,10.13921467575,3.24584019177775,0.00571738755517124,0.0587625681695461,TRUE,"up",TRUE,FALSE
"RUNX1T1","down",-0.311587547499999,10.8730494379167,-3.24603530258341,0.00571514736621212,0.0587625681695461,TRUE,"down",TRUE,FALSE
"SIRT3","up",-0.152587309666667,9.32842580983333,-3.24376642053021,0.00574125192473476,0.0588889906472277,TRUE,"down",FALSE,FALSE
"ATR","down",-0.132668324999999,10.3357188025,-3.23975941734432,0.00578764472118524,0.0591916909974868,TRUE,"down",TRUE,FALSE
"RRAS2","up",0.218354587833334,7.40355296716667,3.23842276766735,0.00580320322819443,0.0593079056432184,TRUE,"up",TRUE,FALSE
"KIAA0754","down",-0.425538182416666,8.75296596179167,-3.23806871492247,0.00580733134799247,0.0593180143474102,TRUE,"down",TRUE,FALSE
"ENPP4","up",0.2677961315,10.0467703889167,3.23550723338111,0.00583728445643835,0.0595261249197416,TRUE,"up",TRUE,FALSE
"YARS2","down",-0.154685995333333,9.08478309933333,-3.23390212883492,0.00585613234201578,0.0596009643403585,TRUE,"down",TRUE,FALSE
"MAF","down",-0.211293701833332,10.49532253325,-3.23338599561355,0.00586220588107934,0.0596042084872046,TRUE,"down",TRUE,FALSE
"WT1","up",-0.646533781749999,8.508321834625,-3.23247650761965,0.00587292344015832,0.0596511933404418,TRUE,"down",FALSE,FALSE
"GCNT4","down",0.153573542916667,6.043215737375,3.23076953446672,0.00589309137834978,0.0597813043774353,TRUE,"up",FALSE,FALSE
"EFNA4","up",-0.255491517333332,8.437080198,-3.22995377239978,0.0059027539595086,0.05982073419108,TRUE,"down",FALSE,FALSE
"FAM101A","up",-1.0461786655,8.7761709835,-3.22656861109089,0.00594301945461505,0.0601304356757777,TRUE,"down",FALSE,FALSE
"HGF","down",0.205068881083334,6.89469812495833,3.22449452095833,0.00596782506491228,0.0602253960357443,TRUE,"up",FALSE,FALSE
"COL15A1","up",0.314389893833336,10.51642002725,3.22212170354381,0.0059963297515595,0.0603556715388587,TRUE,"up",TRUE,FALSE
"MTX3","down",-0.184092456499999,5.85213189433333,-3.2193732476797,0.00602951635236594,0.0605915692434394,TRUE,"down",TRUE,FALSE
"PPP2R5A","up",0.153580650833334,10.8877401079167,3.21949457504738,0.00602804752097151,0.0605915692434394,TRUE,"up",TRUE,FALSE
"TAF1A","up",-0.157529376416665,8.366331726625,-3.21823717436059,0.00604328733972102,0.0606547119124721,TRUE,"down",FALSE,FALSE
"PPP1R3C","up",-0.511025084999999,11.52597416,-3.21770587466648,0.00604973825726473,0.0606770390993317,TRUE,"down",FALSE,FALSE
"DDX24","up",0.144301011666667,10.83244793,3.21731785935284,0.00605445377683207,0.0606821554243084,TRUE,"up",TRUE,FALSE
"PLCXD2","up",0.162153124000002,7.90948440908333,3.217005368943,0.00605825410609844,0.0606821554243084,TRUE,"up",TRUE,FALSE
"RGS3","down",0.279969872416666,9.96087177795833,3.21624216508613,0.00606754573177369,0.0606821554243084,TRUE,"up",FALSE,FALSE
"TCEB1","up",0.240241940833335,13.5744064354167,3.21603782627969,0.0060700358595001,0.0606821554243084,TRUE,"up",TRUE,FALSE
"CEND1","down",0.131241206916668,8.65778657279167,3.21330570141338,0.0061034280903433,0.0608939506939069,TRUE,"up",FALSE,FALSE
"KCTD8","up",-0.315073593916666,5.86770253354167,-3.21018483196364,0.00614179518538826,0.0610871128356846,TRUE,"down",FALSE,FALSE
"MAP4K4","up",0.222813738416667,9.09911022545833,3.20870997297625,0.00616001005421396,0.0611904835052865,TRUE,"up",TRUE,FALSE
"ACOT9","up",0.202415230833335,11.14565252125,3.20701156920488,0.00618105231384906,0.0612865416234449,TRUE,"up",TRUE,FALSE
"NR1H3","up",-0.331599901666665,12.2762447125,-3.203722223805,0.00622200890266496,0.0615609096995444,TRUE,"down",FALSE,FALSE
"B3GNT5","up",0.427955805916667,9.19856555120833,3.1997796136178,0.00627145513545359,0.061829063124776,TRUE,"up",TRUE,FALSE
"CECR5","down",-0.145800376916666,9.53226697820833,-3.19839840846963,0.00628886975013083,0.0619162740418457,TRUE,"down",TRUE,FALSE
"COX15","up",-0.152138635833332,9.67871992558333,-3.19494353995031,0.00633264045306407,0.0622289070707169,TRUE,"down",FALSE,FALSE
"GK","up",0.187632433166667,6.73656515366667,3.19381607059512,0.00634699010649207,0.0623107982903386,TRUE,"up",TRUE,FALSE
"HIAT1","up",0.172894292750002,10.180247034125,3.1919942479422,0.00637024533644955,0.0624438435155427,TRUE,"up",TRUE,FALSE
"GATAD1","down",-0.16686178425,9.944612704625,-3.1910017822455,0.00638294958647822,0.0624861403752525,TRUE,"down",TRUE,FALSE
"IER5L","up",0.288960209166667,11.6387371370833,3.19016175891118,0.00639372213959873,0.0625521833506334,TRUE,"up",TRUE,FALSE
"ZNF624","down",-0.277773209333333,7.29003039425,-3.18554918456974,0.00645319705170081,0.0629556479718831,TRUE,"down",TRUE,FALSE
"ANK2","down",0.359660441416666,8.38190941454167,3.18370357423538,0.00647714818096035,0.0630405547578832,TRUE,"up",FALSE,FALSE
"TMEM9","up",-0.126257780833333,11.2841339070833,-3.18331942462692,0.00648214451726475,0.0630598605010803,TRUE,"down",FALSE,FALSE
"RPH3AL","up",0.224553023000001,9.05193101116667,3.18272140125983,0.00648993016432378,0.0630960920105971,TRUE,"up",TRUE,FALSE
"ZNF285","up",-0.337832967749998,7.31680728795833,-3.17999389770703,0.00652555740849137,0.0632840573647453,TRUE,"down",FALSE,FALSE
"SPTB","up",0.304363911583334,7.700294296125,3.17802764215685,0.00655136150458344,0.063415546626298,TRUE,"up",TRUE,FALSE
"CXXC5","down",0.280232801666669,10.7061364133333,3.17612282469213,0.0065764559566168,0.0635614866172791,TRUE,"up",FALSE,FALSE
"MINPP1","up",-0.190667298416665,7.59758348379167,-3.17166636613872,0.00663553978053249,0.0638129037637591,TRUE,"down",FALSE,FALSE
"PLAA","up",0.160753725583334,8.28440911470833,3.17111054987704,0.00664294567706931,0.0638643589349931,TRUE,"up",TRUE,FALSE
"SERPIND1","down",-0.356083532333334,6.7331097605,-3.17091019279401,0.00664561731916012,0.0638702818870842,TRUE,"down",TRUE,FALSE
"FBXL16","down",-0.328958035583334,6.556696842625,-3.16894557557315,0.00667187090072436,0.0640038198911106,TRUE,"down",TRUE,FALSE
"ZNF708","up",-0.225771089166665,11.23242820375,-3.16808742308945,0.00668337085639627,0.0640134412307471,TRUE,"down",FALSE,FALSE
"DGCR8","up",-0.264310273666666,10.0760170211667,-3.16740582186415,0.0066925188994602,0.0640232202004588,TRUE,"down",FALSE,FALSE
"IL1RAP","down",0.219890709166667,7.17137929,3.16657765723944,0.00670365075807419,0.0640438018360131,TRUE,"up",FALSE,FALSE
"BDKRB1","up",0.85686400975,8.67844506729167,3.1637504958501,0.0067417909931796,0.0643161874643442,TRUE,"up",TRUE,FALSE
"TRAM1L1","up",-0.203846060583333,7.45351839645833,-3.16298381541592,0.00675217108325603,0.0643650293459191,TRUE,"down",FALSE,FALSE
"PPP2R5B","up",0.222941163250001,9.622177103625,3.16097055102128,0.00677950426176232,0.0645777916681419,TRUE,"up",TRUE,FALSE
"THAP1","up",-0.224351105499999,10.0979109873333,-3.15634208920828,0.00684275992618802,0.0649832702426638,TRUE,"down",FALSE,FALSE
"DHRS3","down",-0.261038579166665,12.53774420625,-3.15512003273276,0.00685955887948573,0.0650611152330222,TRUE,"down",TRUE,FALSE
"KLF6","down",0.549494429166669,12.7556435804167,3.15040737578786,0.00692472528820465,0.0655192034577024,TRUE,"up",FALSE,FALSE
"CDC37L1","up",0.239764451000001,9.25342499716667,3.14868735629601,0.00694866232231138,0.0657056712351975,TRUE,"up",TRUE,FALSE
"MAB21L1","up",0.191718546916667,5.81753678070833,3.14770632669069,0.0069623517800893,0.0657899491620897,TRUE,"up",TRUE,FALSE
"PSPH","up",-0.131305282833333,10.039153991,-3.14035389476536,0.00706580397331715,0.0664091533753511,TRUE,"down",FALSE,FALSE
"RNPEP","up",-0.144275254166667,8.24948606491667,-3.13885529572547,0.0070870762555261,0.0665021378937349,TRUE,"down",FALSE,FALSE
"BEX1","down",-0.330405832833332,8.22685699308333,-3.13791748210071,0.00710042060504503,0.0665533239939545,TRUE,"down",TRUE,FALSE
"SPP1","down",0.596275379909089,6.79535987640909,3.1758060913367,0.0071118788060809,0.0666205300761368,TRUE,"up",FALSE,FALSE
"NUP133","up",-0.128237485833333,10.9224791554167,-3.12868096738491,0.00723318710662828,0.0673911813424749,TRUE,"down",FALSE,FALSE
"FAM109A","up",-0.12994341825,8.35066102320833,-3.12794275249387,0.00724390386585919,0.0674101769751353,TRUE,"down",FALSE,FALSE
"UNG","up",-0.178414990249999,6.47045877620833,-3.12618249833417,0.00726952124147487,0.0675272239208093,TRUE,"down",FALSE,FALSE
"LY6H","up",-0.491258715916666,5.87990808220833,-3.12506257803532,0.0072858664063941,0.0675780420834261,TRUE,"down",FALSE,FALSE
"NR0B2","down",0.13963047425,6.08717829454167,3.12305787999953,0.00731521584416759,0.0676546965956667,TRUE,"up",FALSE,FALSE
"SPTBN1","down",0.244857053083334,10.307991231375,3.1204483616656,0.00735359561824082,0.0678820329916752,TRUE,"up",FALSE,FALSE
"SMURF1","up",0.197445706250002,7.16685620529167,3.11628355108525,0.00741526373404402,0.0680871970284325,TRUE,"up",TRUE,FALSE
"DUS3L","up",0.135738224416667,8.93531082270833,3.11400481030863,0.00744922148145023,0.0682376797970582,TRUE,"up",TRUE,FALSE
"MED9","up",-0.206037993999999,8.85983368575,-3.10733337369668,0.00754952719929405,0.0688135174369335,TRUE,"down",FALSE,FALSE
"NHS","up",-0.35059132125,9.71537387529167,-3.0980091408737,0.00769196249660908,0.0696188977753766,TRUE,"down",FALSE,FALSE
"SCN2B","up",-0.151717053749999,7.678630369625,-3.09595156638025,0.0077237501615853,0.0697246847823296,TRUE,"down",FALSE,FALSE
"CBS","down",-0.462036110833332,11.35781702375,-3.09495613484446,0.00773917531257679,0.0697724609706249,TRUE,"down",TRUE,FALSE
"GPSM2","up",0.492228085416668,7.79308962404167,3.09369911646963,0.00775869756559456,0.0698372684699172,TRUE,"up",TRUE,FALSE
"NTRK2","down",0.295924004750002,9.38177290570833,3.08960334083824,0.0078226461518086,0.0702703848594961,TRUE,"up",FALSE,FALSE
"DYSF","up",0.357816065833333,9.59962527425,3.08854889307369,0.00783919381192611,0.0703621883090942,TRUE,"up",TRUE,FALSE
"SLC12A9","down",-0.126233303333332,11.1792210325,-3.0884922416924,0.00784008383315682,0.0703621883090942,TRUE,"down",TRUE,FALSE
"ZNF268","up",-0.161142639999999,10.4371854358333,-3.08774318809593,0.00785186124074249,0.0704310139931729,TRUE,"down",FALSE,FALSE
"ALDH3A2","up",0.214475432000001,10.1527111335,3.0820297987198,0.00794227094076813,0.070894065691338,TRUE,"up",TRUE,FALSE
"MOSPD3","up",-0.154302296583333,7.89224719929167,-3.08140533957521,0.00795221470903765,0.0709624398159729,TRUE,"down",FALSE,FALSE
"RSPO3","down",-0.927254033749998,9.52775188845833,-3.07977527214753,0.00797822965700178,0.0711395215323588,TRUE,"down",TRUE,FALSE
"STYX","up",0.176816784583334,7.808262185875,3.07972294389755,0.00797906617910261,0.0711395215323588,TRUE,"up",TRUE,FALSE
"JAKMIP1","up",-0.223638125166666,6.06347894616667,-3.07554186927912,0.00804618617848926,0.0715953885847704,TRUE,"down",FALSE,FALSE
"MAGI3","up",0.288233507583334,7.16065281545833,3.06887394368283,0.00815438530025624,0.0719605396335024,TRUE,"up",TRUE,FALSE
"PANK3","up",0.16203882775,8.550814966375,3.06754287669227,0.00817615587868828,0.0721145429543145,TRUE,"up",TRUE,FALSE
"ZNF430","up",-0.222352016666666,11.7775864083333,-3.0673745577758,0.00817891294730616,0.0721145429543145,TRUE,"down",FALSE,FALSE
"RHBDF2","down",-0.193195658916665,9.54361788795833,-3.06529944332596,0.00821297898141935,0.0721905750808096,TRUE,"down",TRUE,FALSE
"PCDH19","down",0.288043282916668,8.66277188254167,3.0638056524667,0.00823758852192617,0.0723250496053377,TRUE,"up",FALSE,FALSE
"ENPP7","down",0.191213244500001,6.48874526491667,3.06024292023381,0.00829657753979526,0.0726247957202615,TRUE,"up",FALSE,FALSE
"RASGEF1C","down",0.179376539583333,6.28002241995833,3.06031139701455,0.00829543982804156,0.0726247957202615,TRUE,"up",FALSE,FALSE
"FPGT","up",-0.234832426583334,8.42990620395833,-3.05919835157791,0.00831395171962677,0.0726465432599108,TRUE,"down",FALSE,FALSE
"PLEKHA3","up",0.121838098250001,8.75099353070833,3.05894745686914,0.00831813017208279,0.0726626203843004,TRUE,"up",TRUE,FALSE
"FOXD3","up",0.141091889666667,8.75580802333333,3.04930492805758,0.00848030073627837,0.0735211787046991,TRUE,"up",TRUE,FALSE
"STX16","up",-0.1849334,10.5195549966667,-3.04201323473694,0.00860500441481889,0.0742396352480096,TRUE,"down",FALSE,FALSE
"SYNJ2BP","down",0.136531319166667,10.44563261125,3.03730086042102,0.00868655764221512,0.0746428979698308,TRUE,"up",FALSE,FALSE
"CNOT8","up",-0.201886389333331,9.32221473733333,-3.03461180541142,0.00873343638230123,0.0748996664609858,TRUE,"down",FALSE,FALSE
"ECE1","down",0.27760537525,7.92035376295833,3.03438233057784,0.00873744840061182,0.0748996664609858,TRUE,"up",FALSE,FALSE
"FBLN1","up",-0.401790592499999,15.3461420404167,-3.03447333736212,0.00873585706782762,0.0748996664609858,TRUE,"down",FALSE,FALSE
"TRMT5","up",-0.1269236325,13.9652174920833,-3.02869547421945,0.00883745762970761,0.0754388690852403,TRUE,"down",FALSE,FALSE
"NFYA","down",0.255045251416667,7.54473709370833,3.02663778455623,0.00887392185188192,0.075595444744528,TRUE,"up",FALSE,FALSE
"CA13","down",0.32688166625,6.90129881179167,3.01896502620922,0.00901120391289959,0.0762516688403094,TRUE,"up",FALSE,FALSE
"SLTM","down",-0.148402071666667,10.4868013125,-3.01877455994399,0.00901463827636981,0.0762599620265077,TRUE,"down",TRUE,FALSE
"SEC23IP","down",-0.152806338416666,9.75547931879167,-3.01714242091891,0.00904412092428779,0.0763016359922536,TRUE,"down",TRUE,FALSE
"CIRBP","up",-0.202792008333333,11.8417965725,-3.01566955297234,0.00907080815186312,0.0764645010566172,TRUE,"down",FALSE,FALSE
"RECK","up",-0.193540271666666,11.7398953141667,-3.01430915490766,0.00909552649836168,0.0766069721834377,TRUE,"down",FALSE,FALSE
"GATA2","down",-0.237435383583333,7.96315640670833,-3.00738924597875,0.00922229270556386,0.0772385657539839,TRUE,"down",TRUE,FALSE
"DENND1C","up",-0.226332449749999,6.87990410570833,-3.00596449119659,0.00924860829990999,0.0773932643450362,TRUE,"down",FALSE,FALSE
"CXCL3","down",0.710401068083334,8.31093614379167,3.00108503438957,0.0093392952148209,0.0777344517879864,TRUE,"up",FALSE,FALSE
"SNRPA","up",-0.147379005999999,10.3738874896667,-2.9999481374752,0.00936055052817276,0.0778509170266017,TRUE,"down",FALSE,FALSE
"AQP10","down",0.131551282666666,7.28309056516667,2.99859044481498,0.00938599628423482,0.0779884592687161,TRUE,"up",FALSE,FALSE
"RAB11FIP1","down",0.262128899416668,7.72060780679167,2.99839644288165,0.00938963781295915,0.0779884592687161,TRUE,"up",FALSE,FALSE
"AASDHPPT","up",-0.189605985,10.0674620625833,-2.99561294953413,0.00944203913505403,0.0782563456933579,TRUE,"down",FALSE,FALSE
"NUDT9","up",-0.120592049166667,11.0121003154167,-2.99604188048778,0.00943394545228952,0.0782563456933579,TRUE,"down",FALSE,FALSE
"HIST1H2BK","up",-0.20333452,11.1177417816667,-2.99483943262322,0.00945665225616242,0.0782730684345974,TRUE,"down",FALSE,FALSE
"MRPL33","up",0.147805765833335,12.1016741054167,2.99512613680725,0.00945123330300935,0.0782730684345974,TRUE,"up",TRUE,FALSE
"SETDB2","up",-0.153879594666664,10.2746267076667,-2.99361682235932,0.00947979501177655,0.0784019671562206,TRUE,"down",FALSE,FALSE
"MYO7A","up",-0.198771638166666,7.07347174058333,-2.99249626624735,0.0095010549882826,0.0784564865926835,TRUE,"down",FALSE,FALSE
"PANK2","up",-0.10922879375,9.185522237125,-2.99197508275639,0.00951095924439969,0.0784564865926835,TRUE,"down",FALSE,FALSE
"YWHAZ","up",0.202001438333334,11.7982177341667,2.99207555119357,0.00950904921190029,0.0784564865926835,TRUE,"up",TRUE,FALSE
"GNAL","up",0.159999335833335,6.87875303708333,2.98939144404807,0.00956020752965995,0.0787320194552311,TRUE,"up",TRUE,FALSE
"TCF3","up",-0.153787468333332,11.0989660875,-2.98916123661497,0.00956460782016876,0.0787470837806793,TRUE,"down",FALSE,FALSE
"GPR137B","up",0.2020526365,9.71710456325,2.98800355261651,0.00958676658254919,0.078845953216773,TRUE,"up",TRUE,FALSE
"PTGDR","down",-0.317840370583333,7.698935869375,-2.98009257851422,0.00973954639066748,0.0795549909176709,TRUE,"down",TRUE,FALSE
"SLC26A4","up",-0.308722932333333,6.72223841566667,-2.97869540931545,0.00976677705678813,0.0796517839129976,TRUE,"down",FALSE,FALSE
"ZRANB1","up",0.130837117666668,9.47742584025,2.97741266618469,0.00979184356206613,0.0798143135258444,TRUE,"up",TRUE,FALSE
"ZMYM1","up",-0.231546548749999,8.01465766420833,-2.97681989208351,0.00980344854133648,0.0798879499282474,TRUE,"down",FALSE,FALSE
"RAPGEF4","down",0.268482053166667,7.012690783,2.97655009783576,0.00980873489541965,0.0799100709676139,TRUE,"up",FALSE,FALSE
"ABCB6","up",-0.206214138166667,9.99449488075,-2.97312843800777,0.00987602292094547,0.0802478515166364,TRUE,"down",FALSE,FALSE
"CD209","down",-0.280512492499999,7.96154526441667,-2.97218946708014,0.00989456739358108,0.0803077325409364,TRUE,"down",TRUE,FALSE
"ING5","up",-0.183358764749999,8.09299950070833,-2.97110838333598,0.00991596101026117,0.0804198499822559,TRUE,"down",FALSE,FALSE
"PIGC","up",-0.119837028583333,9.76410913595833,-2.97010673555216,0.00993582329013974,0.0804812047109546,TRUE,"down",FALSE,FALSE
"PBX2","up",0.156413174500002,8.0752899845,2.96793198081096,0.00997908269985432,0.0807353769763723,TRUE,"up",TRUE,FALSE
"HOXB2","up",-0.275423778749998,10.2220783442083,-2.96768292912959,0.00998404855517565,0.0807455379246272,TRUE,"down",FALSE,FALSE
"PYHIN1","down",-0.168990195333333,5.60842821758333,-2.96735391506236,0.00999061251304927,0.080755448163574,TRUE,"down",TRUE,FALSE
"LDHA","up",0.2552362425,12.9699846220833,2.96706266617803,0.00999642658393202,0.0807615618346166,TRUE,"up",TRUE,FALSE
"BIVM","down",-0.150844918916665,9.04470062479167,-2.96537669836732,0.0100301482768561,0.0809245558238981,TRUE,"down",TRUE,FALSE
"CDK2","up",0.219687102000001,6.64109555925,2.96366956804107,0.0100644072824423,0.0810378120266924,TRUE,"up",TRUE,FALSE
"SHPRH","up",-0.187124449333332,9.161727815,-2.96250444872254,0.0100878551812463,0.0811205580206224,TRUE,"down",FALSE,FALSE
"PIGM","up",-0.133048911666666,9.30003496133333,-2.96179331407676,0.0101021930898653,0.081193829200283,TRUE,"down",FALSE,FALSE
"LIMS1","down",0.210241591666668,10.6028150725,2.95657943326274,0.0102079294486796,0.0818434630994827,TRUE,"up",FALSE,FALSE
"ZNF394","down",0.155884626666669,10.5928661925,2.95488820981673,0.0102424603112729,0.0818975107544702,TRUE,"up",FALSE,FALSE
"DDA1","up",0.161699964333334,8.52676483933333,2.95248695280214,0.0102916858186122,0.0821431445558486,TRUE,"up",TRUE,FALSE
"AFG3L2","up",0.153761898083333,8.259857381125,2.95033906637087,0.0103359143052965,0.0823903358887052,TRUE,"up",TRUE,FALSE
"GTF2I","down",-0.140814983333331,12.007517085,-2.94980966561704,0.0103468442051356,0.0824063221059032,TRUE,"down",TRUE,FALSE
"MRPL47","up",0.164198019166668,11.2794142929167,2.9495997933872,0.0103511803288923,0.0824063221059032,TRUE,"up",TRUE,FALSE
"ASB3","up",-0.152229079499999,10.0944717275833,-2.9489665753283,0.0103642739365866,0.082489426167423,TRUE,"down",FALSE,FALSE
"ZNF554","up",-0.223691428416666,8.272185675375,-2.94585388836947,0.0104288748136075,0.0828338441228048,TRUE,"down",FALSE,FALSE
"FAM82B","up",0.177712989833333,8.14368281791667,2.94518793801645,0.0104427472971224,0.0828381526719909,TRUE,"up",TRUE,FALSE
"UNC13B","up",0.233389686583333,8.61386831320833,2.94369495456842,0.0104739137406836,0.082946957224543,TRUE,"up",TRUE,FALSE
"EPHX1","up",-0.181671224166666,11.0347908795833,-2.94181461657514,0.0105132964177383,0.0831007749407188,TRUE,"down",FALSE,FALSE
"CDCA7L","up",-0.179346026999999,10.03061105275,-2.94094002785022,0.0105316637633905,0.0832220985145062,TRUE,"down",FALSE,FALSE
"PRDM10","up",-0.146029558583333,8.49524110145833,-2.94010206007471,0.0105492916071958,0.0832220985145062,TRUE,"down",FALSE,FALSE
"HCST","up",-0.344877688333333,11.5358451783333,-2.93833263043759,0.0105866093777491,0.0834480387179461,TRUE,"down",FALSE,FALSE
"C17orf72","up",0.226039615833334,9.55668036658333,2.93720383981349,0.0106104836268831,0.083613732501778,TRUE,"up",TRUE,FALSE
"KIF9","up",0.181272593916668,9.16798535554167,2.93283857357197,0.0107033091054609,0.0838547589881248,TRUE,"up",TRUE,FALSE
"P2RY12","up",0.183441238749999,6.37164819120833,2.93320476871961,0.0106954915685052,0.0838547589881248,TRUE,"up",TRUE,FALSE
"YBX2","up",-0.230392494833333,8.8070659085,-2.93145231455483,0.0107329538478417,0.0839660425455226,TRUE,"down",FALSE,FALSE
"UBE2V2","up",0.166360334000001,8.49488162975,2.92433852974058,0.0108863533545651,0.0846374025801493,TRUE,"up",TRUE,FALSE
"SLC25A36","down",-0.156066859999998,11.0533386533333,-2.92382395391051,0.0108975326381305,0.0846510641166976,TRUE,"down",TRUE,FALSE
"TLR6","up",-0.157840988749999,6.77824821445833,-2.91366801158178,0.0111204934331402,0.0856099247815683,TRUE,"down",FALSE,FALSE
"DOCK5","down",0.223003333583334,6.590653955125,2.91069819058177,0.011186533910251,0.0858060735285669,TRUE,"up",FALSE,FALSE
"PLXNA3","up",0.111179118333334,6.67819579583333,2.91079976186959,0.0111842689073442,0.0858060735285669,TRUE,"up",TRUE,FALSE
"HLA-DPA1","up",-0.217995025833332,13.62435043625,-2.91051787670223,0.0111905559531922,0.0858126738839061,TRUE,"down",FALSE,FALSE
"GIPR","up",0.187711783333333,11.3967036233333,2.90851871745034,0.0112352439559201,0.0860046945558711,TRUE,"up",TRUE,FALSE
"CHIA","up",0.173815073833333,6.921672973,2.90738781060954,0.0112606010549346,0.0860948316877285,TRUE,"up",TRUE,FALSE
"GSTM2","up",-0.217982956166667,10.37815286775,-2.90663200993597,0.0112775788455217,0.0861168829194103,TRUE,"down",FALSE,FALSE
"EGFL7","down",-0.326950430833332,11.7950750854167,-2.90079057838728,0.011409646497945,0.0867578259277139,TRUE,"down",TRUE,FALSE
"TTC30A","up",-0.195231788833333,6.7605403605,-2.89597174126886,0.0115197352855819,0.0873453427998046,TRUE,"down",FALSE,FALSE
"ZFY","down",0.133920991416667,7.26394503845833,2.89452379885303,0.0115530172887165,0.0874210724487284,TRUE,"up",FALSE,FALSE
"SLAMF8","up",-0.261984187749999,8.19772934595833,-2.89330610773674,0.0115810797621054,0.0875740602131123,TRUE,"down",FALSE,FALSE
"BCL6B","down",0.305897794083334,8.617918569375,2.89193894416768,0.0116126665598774,0.08769504003555,TRUE,"up",FALSE,FALSE
"COQ10A","up",-0.137403995666665,8.93581270166667,-2.89173797085897,0.0116173169394314,0.087700017478623,TRUE,"down",FALSE,FALSE
"SEC24D","down",-0.182288011416666,9.580683507125,-2.8914740240691,0.0116234272538542,0.0877248315841046,TRUE,"down",TRUE,FALSE
"GNRH1","up",-0.241595783499999,8.38498524591667,-2.89107872039364,0.0116325843460582,0.0877726228267896,TRUE,"down",FALSE,FALSE
"TNFSF13","up",-0.251720020749998,8.396314269375,-2.88915577011446,0.0116772298789588,0.0879813013576645,TRUE,"down",FALSE,FALSE
"PDE4DIP","down",0.170314587583334,9.34725089320833,2.88831885343618,0.0116967131596809,0.0880544343832811,TRUE,"up",FALSE,FALSE
"PEX6","up",-0.167417924083332,9.639278735125,-2.88811874436164,0.0117013763832492,0.0880544343832811,TRUE,"down",FALSE,FALSE
"TOP2B","down",-0.128859294999999,13.0580212883333,-2.8881928981009,0.0116996481358873,0.0880544343832811,TRUE,"down",TRUE,FALSE
"NKX1-2","down",0.128206914,9.40027126733333,2.88553547902218,0.0117617390995396,0.0882968729888609,TRUE,"up",FALSE,FALSE
"SERPINB7","up",0.159866558833334,5.83668727325,2.88339631515228,0.0118119554516466,0.0885241388792961,TRUE,"up",TRUE,FALSE
"ITGAX","down",-0.240884066916666,7.18019869445833,-2.88195132582796,0.011845995043761,0.0885985515738681,TRUE,"down",TRUE,FALSE
"PTK7","up",-0.238546156749999,7.692024044375,-2.88165663975124,0.0118529487490831,0.0885985515738681,TRUE,"down",FALSE,FALSE
"TMEM99","up",-0.102620633333333,10.3668683575,-2.88137871373699,0.0118595106317895,0.0885985515738681,TRUE,"down",FALSE,FALSE
"UCKL1","down",0.114355493333334,8.35604501508333,2.87509243430927,0.0120088850176144,0.0894391359701139,TRUE,"up",FALSE,FALSE
"GPR162","up",0.20179793875,7.579656782375,2.8742822494894,0.0120282701655251,0.089544456278579,TRUE,"up",TRUE,FALSE
"HLA-DOA","down",-0.203749394166665,10.8091139529167,-2.87426054427516,0.0120287899236222,0.089544456278579,TRUE,"down",TRUE,FALSE
"SALL1","up",-0.472623924416667,8.55276310595833,-2.87309243580027,0.0120567941887472,0.0897245261644217,TRUE,"down",FALSE,FALSE
"RNF34","down",-0.143776675083333,9.596564807125,-2.87089071991294,0.0121097518790041,0.0899102055876739,TRUE,"down",TRUE,FALSE
"FGFR1OP2","up",0.148728245166668,9.54299565916667,2.86853533050002,0.0121666580407721,0.0901603621852779,TRUE,"up",TRUE,FALSE
"ANKRD46","up",-0.215753559083332,10.291026702125,-2.8678935950194,0.0121822076895292,0.0901676052273237,TRUE,"down",FALSE,FALSE
"BIRC7","down",0.272132110416667,6.71060658995833,2.86222585096045,0.0123203880208169,0.0908337075451504,TRUE,"up",FALSE,FALSE
"ATF5","up",0.246524977250001,8.20829592929167,2.8585681639242,0.0124103761517453,0.0909641531123677,TRUE,"up",TRUE,FALSE
"NIPA2","up",0.10828830525,7.89448430670833,2.85411232011959,0.0125208702345198,0.0914762473376436,TRUE,"up",TRUE,FALSE
"ARF6","up",0.190850101583334,9.62932171620833,2.85294943596622,0.0125498649476019,0.0916234501061766,TRUE,"up",TRUE,FALSE
"OPCML","down",-0.270280033749999,6.25784655270833,-2.85296713827189,0.0125494230761007,0.0916234501061766,TRUE,"down",TRUE,FALSE
"ANKRA2","up",-0.308447125666666,10.0203413108333,-2.85275898237164,0.0125546198683593,0.091636633438962,TRUE,"down",FALSE,FALSE
"FLRT1","up",-0.268043400999999,6.863573231,-2.8513739199956,0.0125892527977947,0.0918031595712453,TRUE,"down",FALSE,FALSE
"LCOR","up",-0.179765948333333,9.14991110741667,-2.85071050652635,0.0126058742704706,0.0918589849795882,TRUE,"down",FALSE,FALSE
"HHEX","up",-0.42018716225,8.036084339625,-2.85011039715234,0.0126209281825812,0.0919042879745361,TRUE,"down",FALSE,FALSE
"CNKSR3","down",0.321201164416668,9.49760244645833,2.84384500240574,0.0127791511721083,0.0926227630556917,TRUE,"up",FALSE,FALSE
"CCL13","up",-0.444418639749998,8.65556919254167,-2.84100842962161,0.012851420793999,0.0928141104779762,TRUE,"down",FALSE,FALSE
"PKD2L2","down",-0.169019339249999,6.45313688945833,-2.84032522966946,0.0128688868452419,0.0928831712091419,TRUE,"down",TRUE,FALSE
"KIF3A","down",0.135913388583335,9.687598813875,2.83977065627171,0.0128830816124703,0.0929424452896862,TRUE,"up",FALSE,FALSE
"ABHD14B","down",-0.126272914083333,8.92646740470833,-2.83891199266837,0.0129050900231948,0.0930580081691134,TRUE,"down",TRUE,FALSE
"NAT1","up",-0.342875855249999,8.35073075620833,-2.83543899669319,0.0129944819415247,0.0934640145571885,TRUE,"down",FALSE,FALSE
"EAF1","down",0.1451733105,7.18009355158333,2.83414183007051,0.0130280248908577,0.0936619133291832,TRUE,"up",FALSE,FALSE
"AAAS","up",-0.146710307416665,9.399075755875,-2.83326511425455,0.0130507434667626,0.0937601620807506,TRUE,"down",FALSE,FALSE
"DERA","up",0.126545251666668,11.1857484566667,2.83336444259754,0.0130481676008843,0.0937601620807506,TRUE,"up",TRUE,FALSE
"TSEN2","up",-0.229415124083333,9.44282191145833,-2.83266605012811,0.0130662894397483,0.0937969152878239,TRUE,"down",FALSE,FALSE
"MRPS18B","down",-0.141790654999998,12.5735295891667,-2.83219229380871,0.0130785964340094,0.0938300966052964,TRUE,"down",TRUE,FALSE
"H1FNT","up",0.149553188166667,7.10078076441667,2.83188899076046,0.0130864814287906,0.0938649932953326,TRUE,"up",TRUE,FALSE
"MFSD7","up",0.176857265833335,9.21346713841667,2.8279937206018,0.0131881609242902,0.0943766222328625,TRUE,"up",TRUE,FALSE
"NCK1","up",-0.209212604083332,10.4671563679583,-2.82801739322602,0.0131875406650792,0.0943766222328625,TRUE,"down",FALSE,FALSE
"SRPRB","up",-0.164202621666666,11.1546803983333,-2.82799279019327,0.0131881853030088,0.0943766222328625,TRUE,"down",FALSE,FALSE
"PER2","down",0.443685799833334,10.5597055238333,2.82639587254955,0.0132300929544442,0.0945079381449802,TRUE,"up",FALSE,FALSE
"SH3BP5L","down",-0.138897365833333,10.5297377870833,-2.82394928299826,0.0132945508514909,0.0948102556937169,TRUE,"down",TRUE,FALSE
"DARC","up",0.358266197916668,10.8768429810417,2.82360292938415,0.0133037006418484,0.0948319766789431,TRUE,"up",TRUE,FALSE
"GPBAR1","up",-0.197258868249999,7.257701790125,-2.82008486833948,0.0133969881617363,0.0952347783485408,TRUE,"down",FALSE,FALSE
"COQ5","up",-0.148074937749999,10.0352526242917,-2.81813893078863,0.0134488621693362,0.0953635429770915,TRUE,"down",FALSE,FALSE
"C9orf86","down",0.12880764225,9.71193922495833,2.81662070641684,0.0134894705285553,0.0955734252867191,TRUE,"up",FALSE,FALSE
"ZNF696","up",-0.229797656416666,8.469662075875,-2.81458168307437,0.0135441972467439,0.0958645323122613,TRUE,"down",FALSE,FALSE
"TSPYL4","up",-0.182883279999999,11.3131999508333,-2.8138926870202,0.0135627386252864,0.0958853105046358,TRUE,"down",FALSE,FALSE
"DCUN1D4","up",-0.19257940475,9.591632968375,-2.81189379734452,0.0136166705106168,0.0959839351419887,TRUE,"down",FALSE,FALSE
"GLUD2","up",0.190106765333334,10.2118740065,2.81259891231545,0.0135976220032339,0.0959839351419887,TRUE,"up",TRUE,FALSE
"GSPT1","up",0.182459699,8.6032197675,2.81228372006348,0.0136061336273046,0.0959839351419887,TRUE,"up",TRUE,FALSE
"TCP11L1","up",0.232091557250001,8.596733529125,2.81241438233989,0.0136026045207545,0.0959839351419887,TRUE,"up",TRUE,FALSE
"ACTL6A","up",-0.130177427499998,10.79416827125,-2.80879836010256,0.0137006015864488,0.096248042616807,TRUE,"down",FALSE,FALSE
"GFRA3","up",0.381203992333334,8.91866102408333,2.80724600281479,0.013742882783386,0.0964125391202868,TRUE,"up",TRUE,FALSE
"PIAS3","up",-0.151921398333332,10.457809315,-2.80691396214447,0.0137519430156125,0.0964125391202868,TRUE,"down",FALSE,FALSE
"WDR3","up",-0.1731219895,9.51529679091667,-2.80636343152707,0.0137669779221755,0.0964744109151643,TRUE,"down",FALSE,FALSE
"KLRD1","up",-0.21929667625,5.92561907954167,-2.80502182849217,0.013803684097227,0.0966368472626191,TRUE,"down",FALSE,FALSE
"LYZ","up",-0.367880102083332,8.666633721625,-2.80472098035271,0.0138119283822506,0.0966368472626191,TRUE,"down",FALSE,FALSE
"MAPK1","up",0.149468487272726,8.72443900018182,2.83393483542628,0.0138113319842558,0.0966368472626191,TRUE,"up",TRUE,FALSE
"EXT1","up",0.222517788250001,9.26407517020833,2.80264896443181,0.0138688394522889,0.0969913525684266,TRUE,"up",TRUE,FALSE
"TTC18","down",-0.187915100249999,7.56650288029167,-2.80195343265782,0.0138879945299572,0.0970379505362786,TRUE,"down",TRUE,FALSE
"MRAP","down",0.257480972416668,5.706756086625,2.79906207669394,0.0139679000439431,0.0974931846076273,TRUE,"up",FALSE,FALSE
"SON","up",-0.168370440833332,11.34120810375,-2.79902832173596,0.0139688355391721,0.0974931846076273,TRUE,"down",FALSE,FALSE
"NCR1","down",-0.186796376666666,5.59288768866667,-2.79795402941592,0.013998640749239,0.0976354130999674,TRUE,"down",TRUE,FALSE
"TBP","up",-0.135171292916667,8.70391234854167,-2.7960766340251,0.0140508762637505,0.0977802524674704,TRUE,"down",FALSE,FALSE
"SLC41A2","down",0.213410804000001,7.0437506225,2.79535615684995,0.0140709728179176,0.0978748998783102,TRUE,"up",FALSE,FALSE
"BMP2","up",0.371872807833333,7.67265052416667,2.79186427567283,0.0141687710447713,0.0983279922027258,TRUE,"up",TRUE,FALSE
"VAV1","down",-0.198302612333334,8.71552098691667,-2.79001183063575,0.0142209218019748,0.0985442645474939,TRUE,"down",TRUE,FALSE
"SCN8A","down",-0.111022181916666,5.628187776875,-2.78898381510854,0.0142499435911424,0.0986134180988815,TRUE,"down",TRUE,FALSE
"SH3RF1","down",0.185558474166666,9.37838894775,2.78907221714476,0.0142474456559279,0.0986134180988815,TRUE,"up",FALSE,FALSE
"MIER1","up",0.105934583333334,10.6046776766667,2.786724731543,0.0143139225162631,0.0989680018747947,TRUE,"up",TRUE,FALSE
"FJX1","up",0.388246405166668,9.15191163425,2.78456033882929,0.0143754823176545,0.0992321823959527,TRUE,"up",TRUE,FALSE
"GUCY1B3","up",0.273484647916668,9.50015040195833,2.78285676118166,0.0144241169897756,0.0993107929014338,TRUE,"up",TRUE,FALSE
"TMEM60","up",-0.156165888749999,9.59331074729167,-2.78262939186353,0.0144306201708926,0.0993107929014338,TRUE,"down",FALSE,FALSE
"CASP8AP2","down",-0.22305428125,8.96619415279167,-2.7821535918979,0.0144442381729577,0.0993604977883866,TRUE,"down",TRUE,FALSE
"JOSD1","up",0.163743958333334,11.1751196658333,2.78217300318158,0.0144436823522972,0.0993604977883866,TRUE,"up",TRUE,FALSE
"POLDIP3","down",-0.152488020833333,11.72598783375,-2.78046952586408,0.0144925389695127,0.0995400061061063,TRUE,"down",TRUE,FALSE
"XCR1","down",0.168790715416667,7.39374805395833,2.78085800909509,0.0144813829130661,0.0995400061061063,TRUE,"up",FALSE,FALSE
"AMOT","down",-0.31947690025,9.49469455279167,-2.77337061881584,0.0146978786555039,0.100460291593449,TRUE,"down",TRUE,FALSE
"LTBR","up",0.122210578333334,10.3872287375,2.77353964036337,0.0146929568422351,0.100460291593449,TRUE,"up",TRUE,FALSE
"ITIH1","down",0.3457245245,7.29724857466667,2.77115833896864,0.0147624472557223,0.100652895925766,TRUE,"up",FALSE,FALSE
"USP51","down",-0.17146463725,9.858532755625,-2.76697123380123,0.0148854110203933,0.101075063641971,TRUE,"down",TRUE,FALSE
"TMEM47","up",0.252022893083334,10.004245902125,2.76671449766117,0.0148929830182014,0.101104384605976,TRUE,"up",TRUE,FALSE
"DDX26B","up",-0.211623742333333,8.95442413133333,-2.76452547380626,0.0149576970529929,0.101410770855465,TRUE,"down",FALSE,FALSE
"MLXIPL","down",0.137423053250001,9.554533358375,2.76281200189016,0.0150085432904481,0.10162245742445,TRUE,"up",FALSE,FALSE
"OAT","up",-0.212841993333332,12.156660315,-2.76203612808236,0.0150316221780964,0.101690085851908,TRUE,"down",FALSE,FALSE
"KCNIP2","up",-0.146085994583332,5.935522256375,-2.75928285875499,0.015113799135743,0.101843971912461,TRUE,"down",FALSE,FALSE
"RORA","up",0.298713792250002,10.0974266740417,2.75898708344847,0.0151226531202866,0.101843971912461,TRUE,"up",TRUE,FALSE
"SLC24A1","up",-0.228729660416666,8.312380705125,-2.75928749245987,0.0151136604667039,0.101843971912461,TRUE,"down",FALSE,FALSE
"ZFP64","up",-0.152445242833333,9.21053999791667,-2.75852820301369,0.0151363996213223,0.101866625305117,TRUE,"down",FALSE,FALSE
"CNOT4","up",-0.13578188475,8.78411192029167,-2.75487385849755,0.0152463062357421,0.102207816042498,TRUE,"down",FALSE,FALSE
"MKLN1","up",-0.110622616083333,9.45431760895833,-2.75512566787747,0.0152387080719398,0.102207816042498,TRUE,"down",FALSE,FALSE
"MAPK14","up",-0.140916415,11.0335331325,-2.75390433676416,0.0152755952771501,0.102359994921632,TRUE,"down",FALSE,FALSE
"GFM2","up",-0.142876953,9.480444526,-2.75349318529362,0.01528803259732,0.102399169834862,TRUE,"down",FALSE,FALSE
"ST3GAL5","up",-0.219178086666666,7.79934662358333,-2.752553697619,0.015316489059184,0.102501388767384,TRUE,"down",FALSE,FALSE
"TRPC4","up",0.285436825166668,7.2964090215,2.75068066817024,0.0153733757369653,0.102727210946018,TRUE,"up",TRUE,FALSE
"PAM","down",-0.211918933333332,13.6590328366667,-2.74785185493203,0.0154596807599892,0.10301591262586,TRUE,"down",TRUE,FALSE
"SELK","down",0.149603475833333,12.8110084695833,2.74561244471662,0.0155283375335538,0.103406880377751,TRUE,"up",FALSE,FALSE
"GRK5","up",0.230246242500001,12.1529632929167,2.74255515951491,0.0156225479507134,0.103900644247553,TRUE,"up",TRUE,FALSE
"DPYD","up",-0.161382364166667,9.15467848016667,-2.73636485475383,0.0158150072440203,0.104799297309916,TRUE,"down",FALSE,FALSE
"CRBN","up",0.124176577916668,10.3451002452083,2.73368008773816,0.0158991925074193,0.105244931740633,TRUE,"up",TRUE,FALSE
"CEP78","up",-0.147577283083332,8.17797330779167,-2.73153610677763,0.0159667331246239,0.10560202887363,TRUE,"down",FALSE,FALSE
"DNMT1","down",-0.101190253583332,8.54738015179167,-2.73001749276617,0.0160147417424651,0.105764680868841,TRUE,"down",TRUE,FALSE
"IRF2BP1","up",-0.172071621083333,8.96442893579167,-2.7300045136401,0.0160151526611707,0.105764680868841,TRUE,"down",FALSE,FALSE
"PKD1L2","up",-0.218270534749999,5.94859104804167,-2.72731887781367,0.0161004005142324,0.106107102600891,TRUE,"down",FALSE,FALSE
"PTPN7","down",-0.147381471833333,6.19343028308333,-2.72687112960542,0.0161146558107088,0.106107102600891,TRUE,"down",TRUE,FALSE
"SLC41A1","up",0.201089062000001,8.82977950633333,2.72686624745972,0.0161148113148044,0.106107102600891,TRUE,"up",TRUE,FALSE
"ART5","up",-0.248555276,7.12020370358333,-2.72218800824305,0.0162644924580353,0.106659629321907,TRUE,"down",FALSE,FALSE
"NUPL2","up",-0.193599350333333,7.52193586658333,-2.72122328117224,0.0162955265778174,0.106740053829248,TRUE,"down",FALSE,FALSE
"THRAP3","down",0.161229889666667,8.5855169995,2.7176983277016,0.0164094097408255,0.107324506195491,TRUE,"up",FALSE,FALSE
"VIM","up",0.261487939166669,16.7129516254167,2.71686774763918,0.0164363561555659,0.107450128017198,TRUE,"up",TRUE,FALSE
"PAK2","down",0.129063563333333,10.6359178066667,2.71533207617862,0.0164862909492613,0.107595469938132,TRUE,"up",FALSE,FALSE
"SASS6","down",-0.160728452083333,6.539118336625,-2.71296498963011,0.0165635490759186,0.107918347009214,TRUE,"down",TRUE,FALSE
"LRRC27","down",-0.166524557416665,6.68845308620833,-2.7118060094992,0.0166015044689124,0.108120299068968,TRUE,"down",TRUE,FALSE
"CYHR1","up",-0.109800363083333,10.603507555125,-2.70871797533027,0.0167030468938997,0.10844067553014,TRUE,"down",FALSE,FALSE
"PELI1","up",0.256917131750001,9.20265819029167,2.70808631504315,0.0167238916129254,0.108553323625824,TRUE,"up",TRUE,FALSE
"CYP51A1","up",0.290970125166668,9.74311389166667,2.70745676117706,0.0167446919334577,0.108665636540601,TRUE,"up",TRUE,FALSE
"MKRN2","up",-0.134807282666666,9.581424199,-2.70539603022652,0.0168129537250093,0.10885853264086,TRUE,"down",FALSE,FALSE
"RINT1","up",-0.145006643749999,9.14103018029167,-2.70502498409975,0.0168252732899576,0.108874152229338,TRUE,"down",FALSE,FALSE
"FZD2","up",-0.242427079083332,9.62985767020833,-2.70295182042019,0.0168942682993763,0.109112181375644,TRUE,"down",FALSE,FALSE
"GOPC","down",-0.207929898833333,9.93033584125,-2.7023637167422,0.0169138903405868,0.109170835202059,TRUE,"down",TRUE,FALSE
"DPH2","up",-0.108382119416665,9.253132770375,-2.70162786030032,0.0169384732782331,0.109238738418692,TRUE,"down",FALSE,FALSE
"UQCRB","up",0.159573845000001,13.8911808233333,2.70098027523394,0.0169601359771936,0.109287711547773,TRUE,"up",TRUE,FALSE
"ALPL","down",0.189155341416667,6.36071743354167,2.69631747499623,0.0171169088182475,0.109730370611235,TRUE,"up",FALSE,FALSE
"BAX","up",0.108483910083334,10.211113388625,2.69660934784185,0.017107054368923,0.109730370611235,TRUE,"up",TRUE,FALSE
"GCH1","up",0.213346457083334,6.333352428375,2.69620670998476,0.0171206499975305,0.109730370611235,TRUE,"up",TRUE,FALSE
"MGAT5","down",0.167472229416667,6.29888167704167,2.69655808900175,0.0171087846134417,0.109730370611235,TRUE,"up",FALSE,FALSE
"THY1","down",-0.378135425833333,13.5873635095833,-2.69511891730446,0.0171574332390566,0.109920776413189,TRUE,"down",TRUE,FALSE
"ALG3","up",-0.141097395249999,9.98436351395833,-2.69466386043341,0.017172843511438,0.109928064212854,TRUE,"down",FALSE,FALSE
"IRX4","down",0.13280242125,7.63179966220833,2.69242704204754,0.0172487875352838,0.110304128217162,TRUE,"up",FALSE,FALSE
"BMPR2","down",0.138798863500001,9.76817109166667,2.69164054441222,0.0172755678332431,0.110404451607266,TRUE,"up",FALSE,FALSE
"ZNF3","up",-0.172358431499999,9.6791288125,-2.68972036327751,0.0173411195504751,0.110573212943231,TRUE,"down",FALSE,FALSE
"APP","down",0.286791730000001,10.3159014104167,2.68786433801086,0.0174047101850112,0.110777745052842,TRUE,"up",FALSE,FALSE
"EFS","down",-0.134095751666666,12.722765175,-2.68721261648806,0.0174270928532915,0.110893841723832,TRUE,"down",TRUE,FALSE
"ASPH","down",0.169669446166667,10.37245648775,2.6864266157539,0.0174541243029269,0.110960700656399,TRUE,"up",FALSE,FALSE
"EEF1E1","down",0.120302586333334,9.38977514425,2.68555857784636,0.0174840243145787,0.111052592165425,TRUE,"up",FALSE,FALSE
"C7orf25","up",-0.147521240999999,7.91578503558333,-2.68031716039528,0.0176656249317625,0.111793543356359,TRUE,"down",FALSE,FALSE
"TMED5","down",0.102575536166668,9.95669884341667,2.67741947397966,0.0177668046492225,0.112205315865984,TRUE,"up",FALSE,FALSE
"FREM1","up",-0.349339815416666,8.55474825045833,-2.67668828525983,0.0177924244149644,0.11223024998412,TRUE,"down",FALSE,FALSE
"CCL5","down",-0.398640949749999,8.595980963375,-2.67621781706699,0.0178089278330443,0.112288759259,TRUE,"down",TRUE,FALSE
"TICAM2","up",0.158192685,8.34311816316667,2.67482397171174,0.0178579091947953,0.112483469389961,TRUE,"up",TRUE,FALSE
"DLGAP4","up",0.175054304166667,10.1347967880833,2.67297424127605,0.0179231123533759,0.112762150217566,TRUE,"up",TRUE,FALSE
"MON1B","up",0.105022980250002,10.0180402550417,2.67016874390072,0.0180224464971958,0.113015834018338,TRUE,"up",TRUE,FALSE
"PPP4C","up",0.148567843,10.2591780001667,2.66906867972408,0.0180615417089873,0.113101214022905,TRUE,"up",TRUE,FALSE
"PTPN18","up",-0.142252564083333,10.2732773154583,-2.66861132814638,0.0180778196876479,0.113157536932835,TRUE,"down",FALSE,FALSE
"ARL13B","down",0.251639989333334,8.92218156941667,2.66424743781369,0.0182338543137507,0.113713952098053,TRUE,"up",FALSE,FALSE
"CXCL12","up",-0.227947707499998,14.3372999920833,-2.66396665675058,0.0182439383837203,0.113726307723216,TRUE,"down",FALSE,FALSE
"PCDHB10","up",-0.206176794166666,8.09815701941667,-2.6621490969862,0.0183093455114678,0.113918298704912,TRUE,"down",FALSE,FALSE
"DTNA","up",0.207401671583334,7.183379527625,2.65771637957753,0.0184698150706624,0.114435512238409,TRUE,"up",TRUE,FALSE
"PTPRF","down",-0.364778268333332,11.8891401683333,-2.65417618317719,0.0185989506134989,0.114755082101397,TRUE,"down",TRUE,FALSE
"BCAS2","up",0.154651795833336,11.0366729045833,2.6505039382717,0.0187338253279535,0.115221183806447,TRUE,"up",TRUE,FALSE
"ISG20L2","down",0.15607839775,8.227612785375,2.6498269905464,0.0187587913755933,0.115269163212134,TRUE,"up",FALSE,FALSE
"THAP2","up",-0.188909636083332,7.32453180470833,-2.6492216544066,0.0187811436050091,0.115352380726397,TRUE,"down",FALSE,FALSE
"CDC27","down",0.114830212916668,9.59192908029167,2.64882009471362,0.0187959855276874,0.115375120963315,TRUE,"up",FALSE,FALSE
"TBC1D2B","up",-0.125516960499998,10.42845666225,-2.64776044697226,0.0188352052954096,0.115501775989533,TRUE,"down",FALSE,FALSE
"CASP2","up",-0.126788593583332,8.34752818220833,-2.64760945331243,0.018840800320314,0.115513288783109,TRUE,"down",FALSE,FALSE
"RASSF8","down",0.173428164333333,9.12668011433333,2.64711547013709,0.0188591159469029,0.11555922599816,TRUE,"up",FALSE,FALSE
"SURF6","down",-0.122434891833333,8.33868848733333,-2.64712472991898,0.0188587724597558,0.11555922599816,TRUE,"down",TRUE,FALSE
"ZNF117","down",-0.175206073249999,9.92760915670833,-2.64710646081351,0.0188594501492234,0.11555922599816,TRUE,"down",TRUE,FALSE
"NEUROD2","down",0.128317554416667,6.533432381375,2.64254524085676,0.0190293864389388,0.116188071414955,TRUE,"up",FALSE,FALSE
"NFKB2","up",0.176099238666667,7.58698157891667,2.6423608347272,0.0190362878451025,0.116190456688193,TRUE,"up",TRUE,FALSE
"FNDC3B","down",0.2091905925,11.01221710375,2.64098209224778,0.0190879640294664,0.116255375595262,TRUE,"up",FALSE,FALSE
"SAP30L","up",0.123415441666667,10.4988261716667,2.63974663830124,0.0191343847905042,0.116352049673717,TRUE,"up",TRUE,FALSE
"ZFP90","down",-0.137231616083333,9.09037483745833,-2.63963395842828,0.0191386240307147,0.116352049673717,TRUE,"down",TRUE,FALSE
"TIGD7","up",-0.136924992166666,7.47541810641667,-2.63908795148248,0.0191591787494046,0.116363174765735,TRUE,"down",FALSE,FALSE
"HSDL1","up",-0.188577967833332,7.8089754245,-2.63858461959811,0.0191781458341754,0.11643285411479,TRUE,"down",FALSE,FALSE
"C21orf58","up",0.0997510456666679,8.86986302558333,2.63829143713344,0.0191892022053059,0.11645447088345,TRUE,"up",TRUE,FALSE
"FANCL","up",-0.282337629999999,10.9083743841667,-2.63706818606442,0.0192353994037594,0.116643702239191,TRUE,"down",FALSE,FALSE
"MIF4GD","up",0.140380915666668,8.64642840891667,2.63028589154886,0.019493494409476,0.117566354481995,TRUE,"up",TRUE,FALSE
"TSPAN17","down",0.154002109500001,7.46615467633333,2.62983261548367,0.019510862188043,0.117625438476304,TRUE,"up",FALSE,FALSE
"TMEM44","down",-0.154609604916667,8.965968368375,-2.62730179916095,0.0196081081603704,0.117823078081421,TRUE,"down",TRUE,FALSE
"PANX1","down",0.264344246583334,8.00478471020833,2.62687304506279,0.0196246292123481,0.117899551215406,TRUE,"up",FALSE,FALSE
"AMELX","up",-0.0981461978333324,5.37998959308333,-2.62425806788368,0.0197256826102533,0.118296148654604,TRUE,"down",FALSE,FALSE
"UBE2J2","down",0.0889068917500005,8.29249456679167,2.62463159791379,0.0197112171968614,0.118296148654604,TRUE,"up",FALSE,FALSE
"UPF3A","down",-0.118597564166666,10.49890705125,-2.62371814766217,0.0197466098003918,0.11838060191352,TRUE,"down",TRUE,FALSE
"ZNF714","down",-0.169733789999999,10.1668250175,-2.62357138297995,0.0197523020705642,0.118391884632826,TRUE,"down",TRUE,FALSE
"UTP14C","down",-0.163501194416666,8.31410131054167,-2.61967643593159,0.0199039476315684,0.118865166405553,TRUE,"down",TRUE,FALSE
"GZMK","up",-0.556152884333331,8.4805778005,-2.618490507446,0.0199503431577707,0.119024719992824,TRUE,"down",FALSE,FALSE
"ZMYM2","down",-0.210705355583333,9.76858047429167,-2.61840612007223,0.0199536485080658,0.119024719992824,TRUE,"down",TRUE,FALSE
"AURKA","up",-0.143746749499999,6.61716340583333,-2.61460447516661,0.0201031035428247,0.11956660850978,TRUE,"down",FALSE,FALSE
"SLC17A4","up",0.136261893583334,7.061958927125,2.6133933249558,0.0201509441952402,0.119718955647133,TRUE,"up",TRUE,FALSE
"OLFML3","up",-0.195156596666665,12.6030340216667,-2.61321588381272,0.0201579623684164,0.119737756970261,TRUE,"down",FALSE,FALSE
"MUC20","down",-0.283626403416665,8.49011992170833,-2.61124959030947,0.0202358914158113,0.120040018723194,TRUE,"down",TRUE,FALSE
"DPM3","down",-0.107860301666665,11.8276059275,-2.61107181776711,0.0202429512828601,0.120041649694993,TRUE,"down",TRUE,FALSE
"SH3BGR","up",0.569081578666667,8.15196718191667,2.61075640602719,0.0202554830506839,0.120041649694993,TRUE,"up",TRUE,FALSE
"GOLGA8A","up",-0.201472714583333,9.39829694554167,-2.61056573678314,0.0202630622453485,0.120063667064734,TRUE,"down",FALSE,FALSE
"ICAM2","up",0.364278620000003,13.0224037925,2.60940950606638,0.0203090815833857,0.120220692208589,TRUE,"up",TRUE,FALSE
"TFF1","up",0.148144928416667,6.98855748045833,2.60828941230065,0.020353758721389,0.120348618647193,TRUE,"up",TRUE,FALSE
"CEACAM1","down",-0.144677559666665,7.42942747708333,-2.60746129777737,0.0203868506083975,0.120464327029029,TRUE,"down",TRUE,FALSE
"CLEC10A","up",-0.187350295333332,8.61296271016667,-2.60690864625899,0.0204089637039955,0.120464327029029,TRUE,"down",FALSE,FALSE
"GPR143","down",-0.2597897825,6.45952064225,-2.60554396457646,0.0204636674381716,0.120628797250165,TRUE,"down",TRUE,FALSE
"MAGEF1","up",-0.205993470833332,12.02423858875,-2.60472090796772,0.0204967282490896,0.120734472067433,TRUE,"down",FALSE,FALSE
"RNF180","up",0.175391341166668,7.92261390825,2.60439376076972,0.0205098835010416,0.120789063711972,TRUE,"up",TRUE,FALSE
"SP1","down",0.1385023465,8.69218864683333,2.60196751545588,0.0206077020568499,0.121135550191154,TRUE,"up",FALSE,FALSE
"CNTN2","down",0.420128037500001,7.41224722666667,2.60055122368213,0.0206650101531723,0.121273812896465,TRUE,"up",FALSE,FALSE
"RNF139","up",0.14658229,11.318879805,2.60050232455918,0.020666991522299,0.121273812896465,TRUE,"up",TRUE,FALSE
"N4BP1","up",-0.101887890916667,8.963713038875,-2.58962185826759,0.0211124441129333,0.122923599801229,TRUE,"down",FALSE,FALSE
"DNAJA4","down",0.200052507583333,8.73326064129167,2.58534330081983,0.0212901316946365,0.123557521855761,TRUE,"up",FALSE,FALSE
"PSG1","down",0.140363420166667,5.52308836366667,2.58512988370184,0.0212990324585953,0.123586094594486,TRUE,"up",FALSE,FALSE
"RGS13","up",-0.316845671833333,6.54282946141667,-2.5850137907752,0.021303875728798,0.123588923232203,TRUE,"down",FALSE,FALSE
"NFKBIA","down",0.582566966666668,14.3186154308333,2.58448649057624,0.0213258874649548,0.12364955687835,TRUE,"up",FALSE,FALSE
"SLC12A6","down",0.161320478833334,7.17826224508333,2.58334666415866,0.0213735434682699,0.123810354706577,TRUE,"up",FALSE,FALSE
"ABL1","up",0.128199932083334,8.835033564375,2.58213139529439,0.0214244666175473,0.123989760987229,TRUE,"up",TRUE,FALSE
"C3orf32","up",0.455586858750001,8.38159546420833,2.58111256706092,0.0214672483263798,0.124144861343248,TRUE,"up",TRUE,FALSE
"EMD","up",0.135218259083334,10.239571387625,2.58061944299868,0.0214879846606384,0.124164323294213,TRUE,"up",TRUE,FALSE
"LHPP","down",-0.218748295833332,11.53622792125,-2.57871883332865,0.0215680875700459,0.124446129740682,TRUE,"down",TRUE,FALSE
"TATDN3","up",0.0942011795000015,8.1050712765,2.57667752535154,0.0216544403542052,0.124762983624302,TRUE,"up",TRUE,FALSE
"ZNF431","up",-0.125379750499999,7.31753203891667,-2.5760925072927,0.0216792494475696,0.124790225793791,TRUE,"down",FALSE,FALSE
"TXNDC2","down",-0.118833782,5.78727700266667,-2.57523350254584,0.0217157271651051,0.124884522390181,TRUE,"down",TRUE,FALSE
"TLR1","up",-0.231325868583333,8.37506146179167,-2.57392961737844,0.0217712096325298,0.125018485622245,TRUE,"down",FALSE,FALSE
"KCNMB4","down",0.150639180000002,11.2234406175,2.57111896356838,0.0218912717368468,0.125429761277393,TRUE,"up",FALSE,FALSE
"APEX1","up",-0.137189094999998,10.1429008424167,-2.57047720418617,0.0219187748059086,0.125517908361443,TRUE,"down",FALSE,FALSE
"HIPK1","down",0.125534788333335,10.8512602825,2.56952096621793,0.0219598167409104,0.125590912161526,TRUE,"up",FALSE,FALSE
"SPATA9","down",-0.104911798416667,5.64469173270833,-2.56970334226437,0.0219519834233448,0.125590912161526,TRUE,"down",TRUE,FALSE
"ZNF292","down",-0.248876411416666,10.5408426892917,-2.56765549023693,0.0220400961786261,0.125825889751724,TRUE,"down",TRUE,FALSE
"TMED7","up",0.199828220250001,9.41219292529167,2.56597810441902,0.0221125221799624,0.126139212259187,TRUE,"up",TRUE,FALSE
"SPOCD1","down",-0.353927103083332,8.284886267875,-2.56543736747897,0.0221359188007012,0.126180016322764,TRUE,"down",TRUE,FALSE
"PHYHD1","down",-0.124334679249998,9.63887712779167,-2.56415666645802,0.022191427180653,0.126298347569358,TRUE,"down",TRUE,FALSE
"PTPRO","up",-0.207233630166666,6.41436662008333,-2.56120900822441,0.0223196939731526,0.126650363010618,TRUE,"down",FALSE,FALSE
"TUSC1","up",0.141879685833335,10.5410521629167,2.55964290305928,0.0223881323130319,0.126942344385133,TRUE,"up",TRUE,FALSE
"CMTM6","up",0.135528066666667,11.8029286758333,2.55908313923352,0.0224126427177549,0.127034957045983,TRUE,"up",TRUE,FALSE
"AKR7A2","down",-0.200518307499998,13.14119316625,-2.55828967107131,0.0224474305326275,0.127050609506236,TRUE,"down",TRUE,FALSE
"CX3CR1","down",-0.375404501083333,10.532333660625,-2.5582105341074,0.0224509029577745,0.127050609506236,TRUE,"down",TRUE,FALSE
"TREX1","up",0.133728249666667,8.76301879016667,2.55808770943255,0.0224562933640657,0.127050609506236,TRUE,"up",TRUE,FALSE
"ZCCHC11","up",-0.157437778999999,9.67060756858333,-2.55737027913937,0.0224878040818965,0.127143938889225,TRUE,"down",FALSE,FALSE
"EXOSC2","up",-0.119031361499999,8.3351453405,-2.55702055793163,0.0225031798109139,0.127200073328127,TRUE,"down",FALSE,FALSE
"CLK1","down",-0.315977357916666,9.78968679879167,-2.55688577919447,0.0225091081452897,0.127210441667959,TRUE,"down",TRUE,FALSE
"FNDC3A","down",-0.154932173333333,11.2767759825,-2.55553835515438,0.0225684580559632,0.127314293521222,TRUE,"down",TRUE,FALSE
"SFXN4","up",-0.115715213916667,9.05755716820833,-2.55524590761231,0.0225813593189638,0.127317727591878,TRUE,"down",FALSE,FALSE
"DCK","up",-0.1439104975,8.09871563133333,-2.55465714968377,0.0226073537473669,0.127418047458404,TRUE,"down",FALSE,FALSE
"PITPNM1","up",0.192152086333334,7.40221911408333,2.55225174401422,0.0227138544788358,0.127902299087783,TRUE,"up",TRUE,FALSE
"CYP4V2","up",-0.180964276666666,9.20621988233333,-2.55125437606136,0.0227581547160903,0.128035738428093,TRUE,"down",FALSE,FALSE
"MTA1","up",-0.102695977499998,11.68831056125,-2.55105878825498,0.0227668518953529,0.128061481189791,TRUE,"down",FALSE,FALSE
"TRIM4","up",-0.1930129125,11.46495503875,-2.54982707425688,0.0228216957656743,0.128250923792911,TRUE,"down",FALSE,FALSE
"SMPD4","down",-0.170857055833331,12.2898384545833,-2.54734178787728,0.0229327433096852,0.128577569917072,TRUE,"down",TRUE,FALSE
"DIAPH2","down",0.1510708525,11.00279906375,2.54524267939959,0.0230269396572591,0.128919750465204,TRUE,"up",FALSE,FALSE
"BTG2","down",0.929352206666667,13.3981891741667,2.54478009621914,0.0230477477185838,0.128941234625826,TRUE,"up",FALSE,FALSE
"COX7A2","up",0.166600686666666,14.3689749216667,2.5433176387707,0.0231136512478772,0.129170390570871,TRUE,"up",TRUE,FALSE
"ZNF658","down",-0.166881517333333,8.84368730058333,-2.54160824390517,0.0231909119507105,0.129404552450579,TRUE,"down",TRUE,FALSE
"ING4","up",-0.131900732166666,10.2949434459167,-2.54142256677495,0.0231993190380018,0.129416380816659,TRUE,"down",FALSE,FALSE
"SLC1A7","down",-0.250946737666667,7.05065100391667,-2.54102355015802,0.0232173956070489,0.129493971693093,TRUE,"down",TRUE,FALSE
"TSFM","up",-0.133711950833332,10.9494503304167,-2.53469347206263,0.0235059803057195,0.130517837751844,TRUE,"down",FALSE,FALSE
"CCDC111","up",-0.170384453416665,8.74041287070833,-2.5342059270146,0.0235283493865644,0.130572043604095,TRUE,"down",FALSE,FALSE
"LETMD1","up",-0.159268959166666,11.0047642404167,-2.53326475903602,0.0235715889387212,0.130741951357362,TRUE,"down",FALSE,FALSE
"ANKRD10","up",-0.134746099166666,9.88734336166667,-2.53109263664674,0.0236716726864619,0.131025411383216,TRUE,"down",FALSE,FALSE
"QPRT","down",-0.195976581666666,11.3399676491667,-2.53062510041073,0.0236932683524558,0.131025411383216,TRUE,"down",TRUE,FALSE
"RARA","down",0.154916072500001,10.3817610554167,2.52777267515639,0.0238254327373382,0.131469338663572,TRUE,"up",FALSE,FALSE
"OPRD1","down",-0.119861751749999,5.99034253779167,-2.52690129539645,0.0238659480505514,0.131599421087264,TRUE,"down",TRUE,FALSE
"INPP4A","up",0.160217131416668,6.72259673320833,2.52370658703374,0.0240150536617405,0.132233873361262,TRUE,"up",TRUE,FALSE
"T","up",0.143303199166667,7.83091077283333,2.52255742922706,0.0240689060047254,0.132413074960841,TRUE,"up",TRUE,FALSE
"TUBB3","up",0.299091635833335,11.6439320645833,2.52070771804709,0.0241558311715385,0.132726788003898,TRUE,"up",TRUE,FALSE
"CRYAA","down",0.126513449833334,6.07796301933333,2.52015433699639,0.0241818951303908,0.132776081550009,TRUE,"up",FALSE,FALSE
"ZNF24","down",0.129805716666669,12.1141241875,2.52000650002508,0.0241888627352017,0.132790873305333,TRUE,"up",FALSE,FALSE
"NDNL2","up",0.0870058984166673,9.504481163125,2.51913658895596,0.0242299009125819,0.132969177173392,TRUE,"up",TRUE,FALSE
"TMEM63B","up",0.111251710583334,8.21832411879167,2.51859080900739,0.0242556822109979,0.133016688609271,TRUE,"up",TRUE,FALSE
"LAPTM4A","up",-0.136641788333331,15.77430567,-2.51818379825033,0.0242749255038236,0.133025357855709,TRUE,"down",FALSE,FALSE
"GPR85","up",0.150414681666667,5.57836574933333,2.51210656860276,0.0245639998100477,0.133975155997313,TRUE,"up",TRUE,FALSE
"NBPF15","down",-0.146521192500001,12.05960374875,-2.5117175478332,0.0245826161425073,0.134005447154384,TRUE,"down",TRUE,FALSE
"AKAP11","up",-0.195402630833332,10.6794005179167,-2.51068000677132,0.0246323330881501,0.13409445348357,TRUE,"down",FALSE,FALSE
"PHOX2A","down",0.119680928333335,14.4022263175,2.51062217077318,0.0246351073081776,0.13409445348357,TRUE,"up",FALSE,FALSE
"SNX13","up",0.124141220083334,9.32786297879167,2.50693344844718,0.0248126637097343,0.134598304257832,TRUE,"up",TRUE,FALSE
"ACP1","up",-0.108227692999998,9.94584687258333,-2.5032542975146,0.024990979503719,0.135305752768698,TRUE,"down",FALSE,FALSE
"C16orf58","up",-0.132112128666666,9.46301153266667,-2.50127966357929,0.0250871883980982,0.135684789887852,TRUE,"down",FALSE,FALSE
"CCDC81","down",0.283705222833335,6.83164060791667,2.5008317464904,0.0251090612628593,0.135741275625122,TRUE,"up",FALSE,FALSE
"COX4I2","up",0.174563255750002,8.013745371625,2.50029403745869,0.0251353429888017,0.135827022147486,TRUE,"up",TRUE,FALSE
"SLC25A21","up",0.154703383500001,6.6757662755,2.50004891192867,0.0251473327788648,0.135868183638478,TRUE,"up",TRUE,FALSE
"CASP4","up",0.199264799166668,12.57202416625,2.49900253792501,0.0251985754944295,0.136024949964269,TRUE,"up",TRUE,FALSE
"PPM1B","down",0.155904066750001,10.065267510125,2.49860644954314,0.0252179986734915,0.136037736428885,TRUE,"up",FALSE,FALSE
"MTO1","up",-0.1554902065,9.53020614791667,-2.49798378875774,0.0252485613577683,0.136060232138151,TRUE,"down",FALSE,FALSE
"SLC12A4","down",0.196114164750001,9.93935637029167,2.4971520156838,0.0252894434062096,0.136169312477618,TRUE,"up",FALSE,FALSE
"H3F3B","up",0.157249973333332,15.0124835341667,2.49583959881623,0.0253540781575423,0.13632149446464,TRUE,"up",TRUE,FALSE
"ARPC5","up",0.236258132500003,13.18117059125,2.49134176491632,0.0255767912939612,0.13706830960434,TRUE,"up",TRUE,FALSE
"TANC2","down",0.124112115833334,6.46023860083333,2.48980211191178,0.025653457149163,0.137246742255258,TRUE,"up",FALSE,FALSE
"ZNF182","up",-0.180379425916665,8.93566355804167,-2.48960142053405,0.0256634665985386,0.137248749423372,TRUE,"down",FALSE,FALSE
"ZNF300","up",-0.145869324916666,7.30283882379167,-2.48873360558976,0.0257067917294888,0.137390204992443,TRUE,"down",FALSE,FALSE
"DNASE2","up",0.161317279333335,9.28034959775,2.48645396682771,0.0258209346906271,0.137877312718193,TRUE,"up",TRUE,FALSE
"GPM6B","up",0.465711898916667,10.7025368797083,2.48531779526876,0.025878004288293,0.138087128498341,TRUE,"up",TRUE,FALSE
"ACVR1B","up",0.106528316083334,7.27449042045833,2.4822788726553,0.0260312417014126,0.13861058153941,TRUE,"up",TRUE,FALSE
"PCSK2","down",0.436396629333335,7.45306031833333,2.48092976941934,0.0260995477278923,0.138792597467238,TRUE,"up",FALSE,FALSE
"PPAPDC1B","down",-0.162863940416665,8.88342771195833,-2.47930445187805,0.0261820661528479,0.139049375421643,TRUE,"down",TRUE,FALSE
"B4GALT5","down",0.145878570833335,10.6673612670833,2.47788020551756,0.0262545809441855,0.139225361595637,TRUE,"up",FALSE,FALSE
"KLRC3","up",-0.125320844166666,5.61964671633333,-2.4777429183332,0.0262615809832656,0.139225361595637,TRUE,"down",FALSE,FALSE
"ZNF138","up",-0.140307263249999,7.69113647795833,-2.47762891271275,0.0262673952902769,0.139232430306974,TRUE,"down",FALSE,FALSE
"TMEM65","up",0.210284708083334,7.377504381375,2.47694988147763,0.0263020514894016,0.139364362745789,TRUE,"up",TRUE,FALSE
"EPAS1","down",0.297675914166669,13.84739659125,2.47423981998638,0.0264408023532896,0.139865272509604,TRUE,"up",FALSE,FALSE
"SERBP1","up",0.133864991666668,11.8235765416667,2.47409264777566,0.0264483573178096,0.139881422736847,TRUE,"up",TRUE,FALSE
"PBXIP1","up",0.173338822416668,10.4835013135417,2.47282196336366,0.0265136726616068,0.140020155093475,TRUE,"up",TRUE,FALSE
"ZXDC","up",-0.154447434916666,9.77195872479167,-2.47279334960743,0.0265151452294672,0.140020155093475,TRUE,"down",FALSE,FALSE
"CCDC68","down",-0.251289883999999,6.94348531691667,-2.47247636540414,0.0265314636145897,0.140082521228977,TRUE,"down",TRUE,FALSE
"KLRC4","up",-0.240293694249999,6.61124293604167,-2.47231268693515,0.0265398935563783,0.140103223340773,TRUE,"down",FALSE,FALSE
"VARS","up",0.120226710916668,9.37515644520833,2.47066577872715,0.0266248568350554,0.14044078776238,TRUE,"up",TRUE,FALSE
"ACTR2","down",0.205946525333334,10.1416373989167,2.46777032907494,0.0267748618813958,0.141008221759107,TRUE,"up",FALSE,FALSE
"LCE1D","down",0.150617064166668,16.2877880604167,2.46759092812617,0.0267841826328293,0.14103340497666,TRUE,"up",FALSE,FALSE
"NSUN4","up",0.102369107666668,8.32435193133333,2.46482029249617,0.0269285245115344,0.141601474635708,TRUE,"up",TRUE,FALSE
"PRDM1","down",0.465588156083335,6.966571756375,2.46191621228794,0.0270806152572444,0.142040661254743,TRUE,"up",FALSE,FALSE
"HPCAL1","down",-0.192777428333333,10.6332724575,-2.46048582601059,0.0271558275572686,0.142315040286633,TRUE,"down",TRUE,FALSE
"DDX21","down",0.213634495333334,10.5118696206667,2.45916636405196,0.0272253839478084,0.14249455857784,TRUE,"up",FALSE,FALSE
"SIRPG","up",-0.177008528166666,6.31601625766667,-2.45934373351741,0.0272160239091444,0.14249455857784,TRUE,"down",FALSE,FALSE
"C5orf25","up",-0.258309601083332,8.98530865695833,-2.45812657487071,0.0272803169025927,0.142558696064137,TRUE,"down",FALSE,FALSE
"FST","up",0.237366467916668,8.68244680079167,2.45738466888349,0.0273195770536325,0.142614488154202,TRUE,"up",TRUE,FALSE
"SULT1A1","up",-0.139367470249998,9.66170774904167,-2.45479198874663,0.0274572000869397,0.143049986770857,TRUE,"down",FALSE,FALSE
"SLC15A4","up",-0.170218574166667,10.8372317954167,-2.45215864636492,0.0275976582196592,0.143445037838951,TRUE,"down",FALSE,FALSE
"BRD4","up",0.101488495333333,7.76829538025,2.4508288700494,0.0276688463816197,0.143694867920723,TRUE,"up",TRUE,FALSE
"S100A10","up",0.26240152166667,13.7109544858333,2.45052887649618,0.0276849304047575,0.143730352136445,TRUE,"up",TRUE,FALSE
"GAPDH","up",0.197421316666669,14.232273395,2.44714720442022,0.0278668549199978,0.144481714679488,TRUE,"up",TRUE,FALSE
"TRAM1","up",-0.121428544166666,12.9479282529167,-2.44665027390481,0.0278936842349999,0.144548458397251,TRUE,"down",FALSE,FALSE
"C5orf24","down",0.177142030000001,11.1993399283333,2.44579271854558,0.0279400416235323,0.144696980862296,TRUE,"up",FALSE,FALSE
"CCDC102B","down",0.230484170750001,8.52932210329167,2.44574008274025,0.0279428893795675,0.144696980862296,TRUE,"up",FALSE,FALSE
"LPPR4","up",0.410237347916667,8.56631573429167,2.44464242978488,0.0280023387907359,0.144845791727276,TRUE,"up",TRUE,FALSE
"VAMP2","up",0.1378245575,10.7107711045833,2.4412154013961,0.0281887248570174,0.145477736209212,TRUE,"up",TRUE,FALSE
"ATP1B4","up",0.101665492833333,5.3358915835,2.43970357223225,0.0282713240321699,0.145706669123223,TRUE,"up",TRUE,FALSE
"ITGA2","up",0.18024900075,6.44427219304167,2.43979901879385,0.0282661024731078,0.145706669123223,TRUE,"up",TRUE,FALSE
"MRPS28","up",0.10277627,11.3435375133333,2.43912581418142,0.0283029508445126,0.145842336424659,TRUE,"up",TRUE,FALSE
"C12orf60","up",-0.123589440916665,6.348796031125,-2.43767645331261,0.0283824380867874,0.146033965264557,TRUE,"down",FALSE,FALSE
"MUSTN1","up",0.350799924166666,13.0686887070833,2.43643823485447,0.0284505140301218,0.146166397477504,TRUE,"up",TRUE,FALSE
"DPP9","up",0.109905920416667,6.447040043625,2.43581954749422,0.028484587042858,0.146260102359288,TRUE,"up",TRUE,FALSE
"TOR3A","up",0.1948353475,10.6696208954167,2.43553505271405,0.0285002680843996,0.146276896253463,TRUE,"up",TRUE,FALSE
"CRAMP1L","up",-0.170769433666667,9.98130961658333,-2.43432870662257,0.0285668519441616,0.146497643771082,TRUE,"down",FALSE,FALSE
"BRSK2","down",0.0958384118333335,6.68450825975,2.43381676938401,0.0285951528902587,0.146594388814737,TRUE,"up",FALSE,FALSE
"KIAA1143","up",0.154286092333336,9.506209445,2.43250824779855,0.0286676120369547,0.146756933051955,TRUE,"up",TRUE,FALSE
"TNFSF9","up",0.370819072250001,6.544140512125,2.43207225765444,0.0286917937155342,0.146847539833484,TRUE,"up",TRUE,FALSE
"C11orf31","up",-0.0919560358333337,14.3006130454167,-2.43064326468745,0.0287711873264954,0.147084292959668,TRUE,"down",FALSE,FALSE
"GCC2","down",0.102223698583334,9.40866321620833,2.42613130049719,0.0290232429693902,0.147959016496291,TRUE,"up",FALSE,FALSE
"IL1B","down",0.847500075083333,8.24099382770833,2.42567441230098,0.0290488833501058,0.148065436918387,TRUE,"up",FALSE,FALSE
"PIK3CA","up",0.112597890916668,8.779281499125,2.42514620474863,0.0290785530087597,0.148117897376925,TRUE,"up",TRUE,FALSE
"SYNPO","up",0.120305949000001,10.3476393211667,2.4237718192136,0.0291558880522413,0.148419988334128,TRUE,"up",TRUE,FALSE
"BTNL9","down",0.199644627833333,6.43862644916667,2.42082674893201,0.0293222630795288,0.148942697232734,TRUE,"up",FALSE,FALSE
"ZNF528","up",-0.129450792083332,7.50152936954167,-2.41733169580383,0.029520879970235,0.149539090713261,TRUE,"down",FALSE,FALSE
"GUCY1A3","down",0.421652441666666,12.9413980816667,2.41634333962756,0.029577277927011,0.149702749592456,TRUE,"up",FALSE,FALSE
"TNFRSF10A","down",0.257244608416668,7.15203094229167,2.41466576139625,0.0296732391325317,0.150041804121404,TRUE,"up",FALSE,FALSE
"LTF","up",-0.3116005245,6.35867360308333,-2.41360339807163,0.0297341616808887,0.150227621422532,TRUE,"down",FALSE,FALSE
"PHF21A","down",0.0941543809166662,8.33937674429167,2.41361263878625,0.0297336312482915,0.150227621422532,TRUE,"up",FALSE,FALSE
"SLC5A6","up",-0.145324358666667,7.86896145458333,-2.41335962709556,0.029748157795087,0.150229436879286,TRUE,"down",FALSE,FALSE
"XPR1","up",0.0941563475000007,7.9862742185,2.41231199997514,0.0298083786460039,0.150358107352051,TRUE,"up",TRUE,FALSE
"HSF2","up",-0.147886549583334,9.74208115770833,-2.41063824111191,0.0299048320167514,0.150648985153129,TRUE,"down",FALSE,FALSE
"SNRPC","up",-0.0981341841666659,11.5609009029167,-2.406726358077,0.0301314193996805,0.151384406247158,TRUE,"down",FALSE,FALSE
"RYBP","down",0.147138764166666,11.77921242625,2.40548779731381,0.0302034997318986,0.151420471538338,TRUE,"up",FALSE,FALSE
"VPS13C","down",-0.152042763583332,9.89638616554167,-2.40568188814846,0.0301921934426863,0.151420471538338,TRUE,"down",TRUE,FALSE
"ATP8B4","down",-0.426872314666665,7.79977557591667,-2.40509931579489,0.0302261418614195,0.1514521324627,TRUE,"down",TRUE,FALSE
"FOXF1","down",0.421397416666668,10.28551888725,2.40440310971141,0.0302667596585245,0.15154062120546,TRUE,"up",FALSE,FALSE
"ARMCX1","up",-0.137944544999999,12.0042510433333,-2.40187745238539,0.0304145462811264,0.151999909948781,TRUE,"down",FALSE,FALSE
"TMEM30B","down",0.339862990250001,8.34831723920833,2.40203425575861,0.0304053511491061,0.151999909948781,TRUE,"up",FALSE,FALSE
"APBB2","up",0.237912827500001,10.2875087163333,2.39865947852983,0.0306038362637651,0.152586520009961,TRUE,"up",TRUE,FALSE
"SEPP1","up",-0.285033957499998,14.2997348620833,-2.39430320274746,0.0308618669788612,0.153289165242504,TRUE,"down",FALSE,FALSE
"ZFYVE27","down",-0.130968253333334,12.8132851425,-2.39461904454645,0.03084308982838,0.153289165242504,TRUE,"down",TRUE,FALSE
"CXCL2","down",1.01168685416667,9.24742351608333,2.39280499525149,0.0309510850054214,0.153515555423325,TRUE,"up",FALSE,FALSE
"SCRN1","up",0.115501336666668,12.4124373641667,2.3883021747994,0.0312207029096184,0.15439912156735,TRUE,"up",TRUE,FALSE
"TMEM35","up",0.562510345083334,9.677543140375,2.38807499283315,0.0312343648946245,0.154442104711294,TRUE,"up",TRUE,FALSE
"C18orf8","up",0.11391242475,8.411685718125,2.38788333107819,0.0312458952203647,0.154474535606551,TRUE,"up",TRUE,FALSE
"CLCN6","up",-0.135783473416665,9.65374890629167,-2.38661432010226,0.0313223405608646,0.154734574036616,TRUE,"down",FALSE,FALSE
"UMPS","up",-0.110046670833334,10.70629514625,-2.38473587691007,0.0314358239051725,0.155068093408719,TRUE,"down",FALSE,FALSE
"ZNF415","down",-0.170017893083333,9.307385140625,-2.38446249754466,0.0314523721842184,0.155125096588577,TRUE,"down",TRUE,FALSE
"ELOVL5","up",0.157636629000001,8.98625454933333,2.38389089634725,0.0314869992148483,0.155172726344769,TRUE,"up",TRUE,FALSE
"GALK2","up",0.104951805250002,9.79948274929167,2.38319914239931,0.0315289533333767,0.155330210555681,TRUE,"up",TRUE,FALSE
"DHX29","up",-0.134332626249998,9.33291855320833,-2.38223382447159,0.0315875874205033,0.155473124410621,TRUE,"down",FALSE,FALSE
"GAS7","up",-0.184124120583333,9.477905607625,-2.37969177433226,0.0317424883792309,0.155764781888734,TRUE,"down",FALSE,FALSE
"USMG5","up",0.1714836975,14.7550118595833,2.37944886456332,0.0317573278336307,0.155788394450043,TRUE,"up",TRUE,FALSE
"PINX1","down",0.124173322666668,7.76822452241667,2.37875329439936,0.0317998568806854,0.155873979018245,TRUE,"up",FALSE,FALSE
"HSD11B2","up",-0.369046404666667,9.49501579316667,-2.37819211577966,0.031834208211053,0.155967506861137,TRUE,"down",FALSE,FALSE
"GBE1","up",0.193892611666668,11.35261613,2.37474481410987,0.0320460002228898,0.156633478036617,TRUE,"up",TRUE,FALSE
"TM9SF2","up",-0.100449405833334,10.8906110820833,-2.37424111938033,0.0320770573263148,0.156688936526215,TRUE,"down",FALSE,FALSE
"SMARCC1","down",0.122033461583335,9.53879146354167,2.37192853873502,0.032220014218303,0.157236848944741,TRUE,"up",FALSE,FALSE
"BANP","up",-0.130090806666666,11.2972853925,-2.36863595259093,0.0324245940179049,0.157890140310976,TRUE,"down",FALSE,FALSE
"ARHGEF10L","down",0.242966160833335,12.24119874125,2.36702052278587,0.0325254156334439,0.158232302264345,TRUE,"up",FALSE,FALSE
"CACNB4","down",-0.185634395999999,6.36987567083333,-2.36637319223636,0.032565899859458,0.158379658856328,TRUE,"down",TRUE,FALSE
"ATP1B1","down",-0.526441505833332,12.0301970979167,-2.36470008985343,0.0326707573059749,0.158740542769547,TRUE,"down",TRUE,FALSE
"INTS8","up",-0.159968236333332,8.61157480241667,-2.36377311679919,0.0327289905418474,0.158948920618362,TRUE,"down",FALSE,FALSE
"HDGF","down",0.170809038333334,10.9845589266667,2.36039658123251,0.032941939373824,0.159633802280639,TRUE,"up",FALSE,FALSE
"BZW1","up",0.122564936166668,10.0918152701667,2.35879089107765,0.0330436653696644,0.159902315895688,TRUE,"up",TRUE,FALSE
"C14orf1","up",-0.129255503833332,8.48099176825,-2.35809164723758,0.0330880577376842,0.160067278534224,TRUE,"down",FALSE,FALSE
"AMPD1","up",-0.410884693916666,5.655201695375,-2.35575346884856,0.0332369101564092,0.160564733963266,TRUE,"down",FALSE,FALSE
"CISH","down",0.353608981583334,8.68694631754167,2.35546821048791,0.0332551134960364,0.160564733963266,TRUE,"up",FALSE,FALSE
"PREB","up",-0.252377967499999,10.82828072125,-2.35404283548554,0.0333462131014961,0.160840349812121,TRUE,"down",FALSE,FALSE
"UQCRFS1","up",0.126639162500002,13.4115420595833,2.35205378003543,0.0334737337343569,0.161355236517831,TRUE,"up",TRUE,FALSE
"TEX261","up",-0.100332392333333,9.55324300691667,-2.35072254134743,0.0335593385042716,0.161517311958601,TRUE,"down",FALSE,FALSE
"CXorf58","up",0.102359755166667,5.36837303666667,2.34780009528679,0.0337479919523942,0.162123934128756,TRUE,"up",TRUE,FALSE
"CCL24","down",0.131086430833336,11.3692902529167,2.34523010161244,0.0339147216975919,0.162506973439331,TRUE,"up",FALSE,FALSE
"ZFYVE19","up",-0.0934163800833337,10.2594331382917,-2.34431806238734,0.0339740777301817,0.162656786322374,TRUE,"down",FALSE,FALSE
"SECTM1","up",0.183742573583335,9.45068003804167,2.34356333373403,0.0340232701398905,0.162745407663755,TRUE,"up",TRUE,FALSE
"ITPKB","down",-0.207947860833332,12.1460001854167,-2.34069764066066,0.0342106667497476,0.163272023860595,TRUE,"down",TRUE,FALSE
"MRPS34","up",-0.109697449999999,12.792041285,-2.33933098154934,0.034300379969128,0.163613970893575,TRUE,"down",FALSE,FALSE
"ELAVL1","up",-0.120454812833332,9.80068817291667,-2.33910464073705,0.0343152593665521,0.163634705192987,TRUE,"down",FALSE,FALSE
"KCTD18","up",-0.1674940605,7.19235031175,-2.33841114390483,0.0343608870681719,0.163802007208076,TRUE,"down",FALSE,FALSE
"YAF2","down",0.129199692416668,7.64909549079167,2.33714517773498,0.0344443274891328,0.164020794838,TRUE,"up",FALSE,FALSE
"SLC7A7","up",0.192439987000001,9.41441924008333,2.33694208824558,0.0344577310164923,0.164037171463835,TRUE,"up",TRUE,FALSE
"CACNB2","down",-0.259972693166665,7.86366574058333,-2.33655136886835,0.034483531625859,0.164084578051867,TRUE,"down",TRUE,FALSE
"BTAF1","down",-0.247495327916665,9.493328656375,-2.33640960197696,0.0344928975160872,0.164104013415995,TRUE,"down",TRUE,FALSE
"ITGB1","down",0.209952271666669,12.6949005425,2.33477187059497,0.0346012693033687,0.164443352675783,TRUE,"up",FALSE,FALSE
"SYNGR4","up",0.117592360416667,9.54070282270833,2.33415020083234,0.0346424905146763,0.164563746410644,TRUE,"up",TRUE,FALSE
"ACVRL1","up",0.17648182375,7.38913304970833,2.33239906105851,0.0347588532346694,0.164763857773859,TRUE,"up",TRUE,FALSE
"B4GALNT1","down",0.163760947916667,6.92474877154167,2.33097444306814,0.0348537908559851,0.164963507310669,TRUE,"up",FALSE,FALSE
"UCP3","up",0.167700061666668,11.1243808141667,2.33107211069592,0.0348472744016963,0.164963507310669,TRUE,"up",TRUE,FALSE
"TMC7","up",0.168793873916667,6.13425973220833,2.3297892770972,0.0349329577265773,0.165060350133852,TRUE,"up",TRUE,FALSE
"ZDHHC2","up",0.21787509075,8.52357963670833,2.32863421059817,0.035010277340812,0.165274891755349,TRUE,"up",TRUE,FALSE
"EFCAB1","up",-0.514240982916666,8.07874717445833,-2.32777502615568,0.0350678954975153,0.165358444884968,TRUE,"down",FALSE,FALSE
"PICK1","up",0.140018972333333,6.84478955541667,2.32463937842365,0.035278936882806,0.165837689383139,TRUE,"up",TRUE,FALSE
"SLC35D1","up",0.140648889166668,7.154936796,2.32118497721534,0.035512818879292,0.166372288564196,TRUE,"up",TRUE,FALSE
"PDE4B","down",0.441002400083335,8.17437930045833,2.32006946473146,0.0355886571621796,0.166566883519316,TRUE,"up",FALSE,FALSE
"MORF4L2","up",-0.205698181666666,12.3114066375,-2.31833772367016,0.0357066925746752,0.166845361326491,TRUE,"down",FALSE,FALSE
"TCEAL1","down",-0.155860053333332,12.4929283158333,-2.31803199472299,0.0357275693600416,0.166845361326491,TRUE,"down",TRUE,FALSE
"RARRES1","down",-0.38791991925,8.20136921620833,-2.31757916004141,0.0357585124554826,0.166955446884561,TRUE,"down",TRUE,FALSE
"AQP5","down",-0.148211339166667,7.18671648633333,-2.31699538506683,0.0357984402562694,0.167066556870352,TRUE,"down",TRUE,FALSE
"RNASE6","up",-0.273340485666666,9.24794464608333,-2.31562044971696,0.0358926463507594,0.167415228993765,TRUE,"down",FALSE,FALSE
"INSM1","up",0.0861434195000007,5.99863405291667,2.31472790197024,0.0359539258953797,0.167490312656857,TRUE,"up",TRUE,FALSE
"AMICA1","up",-0.227260752333333,9.74894345341667,-2.31398291060504,0.0360051501969547,0.167603299913075,TRUE,"down",FALSE,FALSE
"BLM","down",-0.138769365666666,6.49733512741667,-2.31340380351205,0.0360450161092004,0.167713498134932,TRUE,"down",TRUE,FALSE
"IL2RG","up",-0.181394923916666,6.39786635079167,-2.31291804968781,0.0360784876420783,0.167844103610519,TRUE,"down",FALSE,FALSE
"DHRS1","up",-0.127853100333331,10.6371523156667,-2.31110285692723,0.0362038254885788,0.168276030752598,TRUE,"down",FALSE,FALSE
"PHACTR3","up",-0.575450468916666,6.56886731920833,-2.31091999796066,0.0362164745085703,0.168309646414941,TRUE,"down",FALSE,FALSE
"GADD45G","down",-0.374299572333333,10.229496728,-2.30862430337788,0.0363756308658946,0.168872493988507,TRUE,"down",TRUE,FALSE
"RAB37","up",-0.195370124333332,8.70047096475,-2.30817198510476,0.036407066904059,0.168967943665858,TRUE,"down",FALSE,FALSE
"PRKDC","up",-0.153001211416667,8.586233727875,-2.30338009218872,0.0367416783906436,0.169962398534179,TRUE,"down",FALSE,FALSE
"SMAD3","down",-0.194406375666666,10.1784223704167,-2.30320664886917,0.0367538438655339,0.169993366565923,TRUE,"down",TRUE,FALSE
"CEPT1","up",-0.114662144166667,7.82111656575,-2.3014475234711,0.0368774451114962,0.170242077421062,TRUE,"down",FALSE,FALSE
"CASP5","down",0.166013255000001,10.6891984908333,2.29918829693195,0.0370367591620089,0.170741994845485,TRUE,"up",FALSE,FALSE
"DCTN6","up",0.100397075833335,10.7360816770833,2.29801217277281,0.0371199522811653,0.170822150071144,TRUE,"up",TRUE,FALSE
"GALNT9","up",-0.237041737499999,6.71034693675,-2.29589053241062,0.0372704715817921,0.171036572497797,TRUE,"down",FALSE,FALSE
"GNPDA2","up",-0.121070099,9.43344677608333,-2.29598657017498,0.0372636458072018,0.171036572497797,TRUE,"down",FALSE,FALSE
"ASB9","up",0.246283209750001,8.28775540729167,2.29499565768437,0.0373341303817176,0.171199247228561,TRUE,"up",TRUE,FALSE
"NKX2-5","down",0.116322157666668,8.07175484258333,2.29376850711184,0.0374215927318436,0.171397955389717,TRUE,"up",FALSE,FALSE
"LRRC19","down",-0.0796344103333323,5.53778278725,-2.2935067780147,0.0374402718082215,0.171413489119325,TRUE,"down",TRUE,FALSE
"TFDP2","down",0.0948900037500009,7.03024235995833,2.29206905896176,0.0375430354876639,0.171701089000985,TRUE,"up",FALSE,FALSE
"CA5B","up",0.281876969500001,9.69622223941667,2.2904232160845,0.0376610010173466,0.172081889648072,TRUE,"up",TRUE,FALSE
"DACH1","up",0.326309868666666,8.02406517383333,2.28999677238886,0.0376916231404259,0.172127294858806,TRUE,"up",TRUE,FALSE
"CD8B","up",-0.262841114666665,7.16521741833333,-2.28973274996457,0.0377105938357221,0.172170398198469,TRUE,"down",FALSE,FALSE
"PIGV","up",-0.196297088249998,8.645296696875,-2.28625872624007,0.0379610495558263,0.17290028317189,TRUE,"down",FALSE,FALSE
"TM6SF1","up",0.154688220083334,9.114375566625,2.2841534137969,0.0381135900675635,0.173417113864304,TRUE,"up",TRUE,FALSE
"C8orf58","up",-0.141303810999998,10.1240958851667,-2.28368744910312,0.0381474293759357,0.173520264319876,TRUE,"down",FALSE,FALSE
"SCRIB","up",-0.0965943883333315,12.6684787375,-2.28312671260057,0.0381881886593356,0.173658853689859,TRUE,"down",FALSE,FALSE
"PPAP2B","down",-0.340765066666666,14.42114968,-2.28100979357556,0.0383424344067075,0.174203263910691,TRUE,"down",TRUE,FALSE
"TRIO","down",0.110250445666668,9.48263629458333,2.2810735230487,0.0383377823274613,0.174203263910691,TRUE,"up",FALSE,FALSE
"SLC34A3","up",0.100507423333334,8.91418625216667,2.28042675371583,0.0383850193817783,0.174345756794418,TRUE,"up",TRUE,FALSE
"PARD6B","down",-0.258609880249999,7.191838266875,-2.27957943333401,0.0384469865504543,0.174474188125561,TRUE,"down",TRUE,FALSE
"ZFP2","up",-0.146315629249999,8.10568882504167,-2.279601024736,0.0384454063374085,0.174474188125561,TRUE,"down",FALSE,FALSE
"COMMD3","up",-0.0844445466666673,12.8586727566667,-2.27896846005358,0.0384917272531663,0.174550322500212,TRUE,"down",FALSE,FALSE
"AKNA","down",-0.169401225916667,6.99635756479167,-2.27866697514664,0.0385138225898928,0.174563285591232,TRUE,"down",TRUE,FALSE
"MARCKS","down",-0.127964771666665,13.4389673775,-2.27648756619251,0.0386739028025441,0.174812301547553,TRUE,"down",TRUE,FALSE
"SYNE2","up",0.233793600666667,9.34746996325,2.27648566807959,0.0386740424933385,0.174812301547553,TRUE,"up",TRUE,FALSE
"ARID4B","down",-0.146886957166667,9.92825344916667,-2.27557019007243,0.0387414719854435,0.174941871462244,TRUE,"down",TRUE,FALSE
"NEIL2","down",-0.138117204333334,6.99521596033333,-2.27538388164363,0.0387552080454078,0.174978469105916,TRUE,"down",TRUE,FALSE
"ACTR3B","up",-0.117427407583333,7.95887545179167,-2.27500507245386,0.0387831508221966,0.175032301583616,TRUE,"down",FALSE,FALSE
"TRIB2","down",-0.161954843499999,8.39424346316667,-2.27401014412243,0.0388566316633479,0.175181842577415,TRUE,"down",TRUE,FALSE
"IL17RC","up",0.124292725416668,9.05821406570833,2.27284647196657,0.038942741090631,0.175357146506105,TRUE,"up",TRUE,FALSE
"SH3YL1","up",-0.105183921083333,7.31004039854167,-2.26918327192283,0.039214982300037,0.176082070813114,TRUE,"down",FALSE,FALSE
"CSH2","up",0.281019784000001,6.15806135891667,2.26492129051792,0.0395339726291741,0.176932033331739,TRUE,"up",TRUE,FALSE
"PCDHB5","up",-0.174369150166666,8.00852972775,-2.26467687441119,0.0395523397386016,0.176932090463263,TRUE,"down",FALSE,FALSE
"COL4A3BP","down",0.0995715141666675,10.5829846595833,2.26423986397399,0.039585199677105,0.177028112315344,TRUE,"up",FALSE,FALSE
"TMEM33","up",0.102595945750001,9.047019545375,2.26303527859513,0.0396759082543368,0.177239901412039,TRUE,"up",TRUE,FALSE
"PQLC3","up",-0.110676568333332,11.2881935825,-2.26075573872308,0.0398480979433108,0.177692321942387,TRUE,"down",FALSE,FALSE
"TSPAN10","down",0.121348640833336,12.2886896654167,2.25989595957001,0.0399132250372827,0.177880626557436,TRUE,"up",FALSE,FALSE
"SDSL","down",0.226879033666667,8.17114298258333,2.25956912490783,0.0399380085030421,0.177965552876312,TRUE,"up",FALSE,FALSE
"CYP1B1","down",-0.419069754999997,12.4995486883333,-2.25918469156967,0.0399671780832837,0.178039758948247,TRUE,"down",TRUE,FALSE
"IL8","down",0.584037427750001,5.66748695270833,2.25890282799648,0.0399885776939765,0.178039758948247,TRUE,"up",FALSE,FALSE
"FMO4","up",-0.153358377166666,7.74327665375,-2.25838562539919,0.040027872645384,0.178059564615229,TRUE,"down",FALSE,FALSE
"FAM83C","down",0.110413070583334,5.770548300375,2.25762989637298,0.040085355003381,0.178172589121691,TRUE,"up",FALSE,FALSE
"RAP1A","down",0.23618961,11.4748579891667,2.25644749838547,0.0401754460804829,0.178409527027692,TRUE,"up",FALSE,FALSE
"BARD1","down",0.148238204083334,8.23436970670833,2.25458714312353,0.0403175776608916,0.178708669483484,TRUE,"up",FALSE,FALSE
"NF1","down",-0.0768663291666659,7.955729886,-2.25343709714744,0.0404056771538327,0.178946009196677,TRUE,"down",TRUE,FALSE
"FCER1G","up",-0.203503545833333,11.4655751395833,-2.25308289666142,0.0404328470888097,0.179015435996938,TRUE,"down",FALSE,FALSE
"KCNA4","up",0.195666906083335,5.812629298875,2.25118361532478,0.0405788291813795,0.179376731459513,TRUE,"up",TRUE,FALSE
"FOXB1","down",0.0899211088333338,8.32597044791667,2.2470522119981,0.0408980840789794,0.180151016232216,TRUE,"up",FALSE,FALSE
"TMEM89","down",0.152491179166667,5.99204694266667,2.24622251053266,0.0409624825912835,0.180357979180439,TRUE,"up",FALSE,FALSE
"NETO2","up",0.175959956416666,6.21142403404167,2.24596354373298,0.0409826021333743,0.180393296735742,TRUE,"up",TRUE,FALSE
"PCDHB14","up",-0.171177676833333,8.864443563,-2.24579155405073,0.0409959694016171,0.180393296735742,TRUE,"down",FALSE,FALSE
"EPB49","up",0.16807714825,6.23722025845833,2.24443738226425,0.0411013602430987,0.180585614461759,TRUE,"up",TRUE,FALSE
"ALKBH1","up",-0.156836700416667,7.67226772129167,-2.24421805230708,0.0411184538569274,0.180635175773003,TRUE,"down",FALSE,FALSE
"MGST3","up",0.117001693333335,14.702607995,2.24346441794253,0.0411772395826224,0.180791181052882,TRUE,"up",TRUE,FALSE
"FEZ1","up",0.0917291465833341,9.55664919679167,2.24312549622943,0.0412037021432018,0.180850107769903,TRUE,"up",TRUE,FALSE
"CC2D1B","up",0.0715876169999995,7.92683280341667,2.24223143306636,0.0412735858776923,0.180988307394801,TRUE,"up",TRUE,FALSE
"KIAA0947","up",-0.118792599916666,9.67265983120833,-2.24211647340892,0.0412825796589991,0.180988307394801,TRUE,"down",FALSE,FALSE
"RPLP2","up",-0.104061639166665,16.7577022029167,-2.24224026974909,0.0412728946225098,0.180988307394801,TRUE,"down",FALSE,FALSE
"TMEM106B","up",-0.135482169166666,10.7001683495833,-2.24215078279223,0.0412798952983492,0.180988307394801,TRUE,"down",FALSE,FALSE
"DERL3","up",-0.318920992583333,6.99378160929167,-2.2407709223722,0.0413879843909865,0.18133212789012,TRUE,"down",FALSE,FALSE
"TRAPPC3","up",0.0916271291666666,10.5540632820833,2.23971166139867,0.0414711396379796,0.18144061543668,TRUE,"up",TRUE,FALSE
"VEPH1","up",-0.21707888,5.98909859125,-2.23746435470842,0.0416480784677831,0.181856252691253,TRUE,"down",FALSE,FALSE
"ZBP1","up",-0.0906525232499984,5.95535349320833,-2.2342339628493,0.0419036577707981,0.182561757466943,TRUE,"down",FALSE,FALSE
"GPR98","up",-0.128391080166666,5.59918929291667,-2.23393952502989,0.0419270257018981,0.182637956345069,TRUE,"down",FALSE,FALSE
"C12orf52","down",-0.150347656833332,9.28803289008333,-2.23081565125526,0.042175702834401,0.183515395388672,TRUE,"down",TRUE,FALSE
"LPIN3","down",0.118794884583334,6.41999056654167,2.23012799444863,0.042230629039936,0.183677226417818,TRUE,"up",FALSE,FALSE
"RAB31","down",0.155089005833336,13.5168327929167,2.2297821493333,0.042258278513545,0.18374604393687,TRUE,"up",FALSE,FALSE
"MPZ","up",0.158144803166667,6.1423865065,2.22718488428224,0.0424664653285767,0.184419009180927,TRUE,"up",TRUE,FALSE
"C11orf58","up",0.0805376666666685,13.3539149975,2.22710099582288,0.0424732054731809,0.184422504256942,TRUE,"up",TRUE,FALSE
"REL","down",0.269863678166668,8.52583773325,2.22585858312243,0.0425731462100779,0.184701591600048,TRUE,"up",FALSE,FALSE
"USP21","up",-0.122166313166665,7.92965449783333,-2.22120072535923,0.0429497892983754,0.185894393798456,TRUE,"down",FALSE,FALSE
"ING1","down",0.223182728083335,8.624919833875,2.22032792355339,0.0430207113368817,0.186149497654865,TRUE,"up",FALSE,FALSE
"AMOTL2","down",0.379207717500002,12.9914106920833,2.21993155797336,0.0430529553018269,0.186185306491074,TRUE,"up",FALSE,FALSE
"HSPBAP1","up",-0.12913352025,8.696519555625,-2.21725008616627,0.0432716844857019,0.186797818828739,TRUE,"down",FALSE,FALSE
"LMBRD2","up",0.0712982364999999,6.72434823791667,2.21653877794566,0.0433298803316171,0.186902049015686,TRUE,"up",TRUE,FALSE
"NUDT6","up",-0.124191810583334,8.10346938070833,-2.2163231637018,0.0433475352995972,0.186938878116458,TRUE,"down",FALSE,FALSE
"STON2","up",0.167329008083334,6.12451944879167,2.21440941682254,0.0435045319367867,0.187433834767032,TRUE,"up",TRUE,FALSE
"FUZ","up",0.1013786805,8.68729741591667,2.21374045027297,0.0435595366369391,0.187644797224868,TRUE,"up",TRUE,FALSE
"LARP4","down",0.120019933000001,8.37049994675,2.21333843253965,0.043592623143699,0.187665821028138,TRUE,"up",FALSE,FALSE
"NARG2","up",-0.0898014881666657,8.95239013741667,-2.21331423219038,0.0435946156083,0.187665821028138,TRUE,"down",FALSE,FALSE
"AMT","up",-0.173739394666666,9.84162856125,-2.21293787483541,0.0436256128349567,0.187747235735149,TRUE,"down",FALSE,FALSE
"CARD8","up",-0.186452411249999,9.108194040375,-2.21263035135091,0.0436509561066036,0.187830287791772,TRUE,"down",FALSE,FALSE
"LAT","up",-0.192716122583332,10.4102821945417,-2.2118426168929,0.0437159367132772,0.188005755786152,TRUE,"down",FALSE,FALSE
"VGLL4","down",0.140108520833335,10.3501060745833,2.21041761946718,0.0438337150515839,0.188407967088507,TRUE,"up",FALSE,FALSE
"DOHH","down",0.115131133833335,8.91103829616667,2.2087616396074,0.0439709567005356,0.188632550959415,TRUE,"up",FALSE,FALSE
"GPSM1","up",-0.125065738333331,11.6326412133333,-2.20811369266672,0.0440247653338071,0.188811250303941,TRUE,"down",FALSE,FALSE
"PCBP1","up",-0.096702421666667,14.4305001458333,-2.20699688408459,0.0441176548181334,0.189085256546382,TRUE,"down",FALSE,FALSE
"KLHDC3","up",-0.108734568333331,8.67422437275,-2.20670009720119,0.0441423705369698,0.189132892626134,TRUE,"down",FALSE,FALSE
"ABCA9","up",-0.29847376125,6.935941768375,-2.20628883208683,0.0441766411017607,0.189227542364752,TRUE,"down",FALSE,FALSE
"SPEN","down",-0.107226781416665,9.233844328125,-2.20630734049837,0.0441750982693399,0.189227542364752,TRUE,"down",TRUE,FALSE
"BMP6","up",0.367946698750002,9.13197965470833,2.205253361745,0.0442630364650131,0.189519232333042,TRUE,"up",TRUE,FALSE
"HAVCR2","up",-0.149670015166666,6.99056403625,-2.20434518895023,0.0443389404358351,0.18966128265725,TRUE,"down",FALSE,FALSE
"BCAR1","down",0.128494028333333,11.1196398258333,2.20359836336981,0.0444014502092066,0.189856796809156,TRUE,"up",FALSE,FALSE
"GOLT1B","up",-0.121298551749999,8.81557142004167,-2.2033157506943,0.044425126511241,0.189856796809156,TRUE,"down",FALSE,FALSE
"ZNF226","up",-0.146705592249998,9.61116940229167,-2.20350905790044,0.0444089306363524,0.189856796809156,TRUE,"down",FALSE,FALSE
"PLP1","up",0.428838038500002,9.2287788315,2.20182127236142,0.0445505246752022,0.190121398531504,TRUE,"up",TRUE,FALSE
"RPS24","up",-0.0876581949999991,16.4979944791667,-2.20160017865279,0.0445691041488245,0.190148455871519,TRUE,"down",FALSE,FALSE
"ASCL2","up",-0.189169231916666,6.743809683875,-2.20074803604878,0.0446407810772012,0.190297482457236,TRUE,"down",FALSE,FALSE
"NIPA1","up",0.0937153515833347,6.18964987579167,2.1996239144405,0.044735499699741,0.190518290387932,TRUE,"up",TRUE,FALSE
"ANP32E","down",0.102061696416667,9.59471363070833,2.19920200952574,0.0447710978214264,0.190586659782095,TRUE,"up",FALSE,FALSE
"CCL25","up",-0.150925220833332,5.81778782241667,-2.19917581759989,0.0447733086295175,0.190586659782095,TRUE,"down",FALSE,FALSE
"CD8A","up",-0.418991774666666,8.32443523683333,-2.1985404790684,0.044826967489498,0.190646528036365,TRUE,"down",FALSE,FALSE
"GCA","up",0.171778527500002,10.84583447875,2.19781894602335,0.0448879788288818,0.190803136196811,TRUE,"up",TRUE,FALSE
"CDC42BPA","down",0.128924401500001,9.5379110495,2.19710343600694,0.0449485573485369,0.190980661005571,TRUE,"up",FALSE,FALSE
"KLHL23","down",-0.268786815749999,8.96951677645833,-2.19634436179847,0.0450129075664709,0.19109167638475,TRUE,"down",TRUE,FALSE
"TGFBR2","down",-0.171384924166665,12.8779326429167,-2.19446462713905,0.045172631307132,0.191383146983257,TRUE,"down",TRUE,FALSE
"APOL3","up",-0.148835416666666,10.95226953,-2.19263428653032,0.0453286656223006,0.19162215049679,TRUE,"down",FALSE,FALSE
"C11orf68","up",-0.0868691716666652,10.9111687375,-2.19270466235866,0.0453226568917377,0.19162215049679,TRUE,"down",FALSE,FALSE
"HOXD8","up",0.313784584416667,8.49703410195833,2.18899664387129,0.0456402628001901,0.192455647322714,TRUE,"up",TRUE,FALSE
"QRICH1","down",-0.0808899824999992,10.5469562045833,-2.18474595634902,0.0460069014330607,0.193466834663427,TRUE,"down",TRUE,FALSE
"ABCC5","up",-0.136198402166666,9.47473205958333,-2.18443225914435,0.0460340674863642,0.193554877528594,TRUE,"down",FALSE,FALSE
"FARP1","up",0.156960978333335,11.4175925866667,2.18002684730534,0.0464171559051981,0.194560079358737,TRUE,"up",TRUE,FALSE
"F8A1","up",-0.203608420833332,12.6174571545833,-2.17910662307638,0.0464975511897045,0.194765692985508,TRUE,"down",FALSE,FALSE
"ZNF639","up",-0.150373923916666,9.320452350875,-2.1764604580194,0.0467294559785908,0.195210763130784,TRUE,"down",FALSE,FALSE
"ELOVL7","up",0.265259637000001,8.18158870791667,2.17624373281697,0.0467484969738746,0.195264054035789,TRUE,"up",TRUE,FALSE
"TNFSF14","down",-0.3259974865,6.71687886991667,-2.17536020452865,0.0468261965547668,0.195483485066467,TRUE,"down",TRUE,FALSE
"RSF1","down",0.0863919710833335,10.1422580625417,2.17449802990675,0.0469021340874844,0.195669053486347,TRUE,"up",FALSE,FALSE
"ZC3HC1","up",-0.0892296088333319,10.00022725375,-2.17301861532355,0.0470327031709952,0.19583999215188,TRUE,"down",FALSE,FALSE
"TANK","up",0.141115523250001,9.552067833625,2.17234611357822,0.0470921680722096,0.195938117196083,TRUE,"up",TRUE,FALSE
"MYL7","down",0.0870569952500005,6.68976274345833,2.17133030810608,0.0471821216896742,0.196178627745424,TRUE,"up",FALSE,FALSE
"NKTR","down",-0.156749815833332,11.3493363704167,-2.16634256859823,0.0476261294138584,0.197469854970297,TRUE,"down",TRUE,FALSE
"ME2","up",0.125213155916668,9.45948457329167,2.16467427336394,0.0477755057560132,0.197877967855351,TRUE,"up",TRUE,FALSE
"KCNN1","down",-0.123347962583333,5.585370395875,-2.16431489463533,0.0478077408859128,0.19788283171573,TRUE,"down",TRUE,FALSE
"PARP9","down",-0.140501658166667,9.51244904625,-2.16410512423867,0.0478265659674563,0.197917527578957,TRUE,"down",TRUE,FALSE
"EMR2","up",-0.197675101166665,6.93198601408333,-2.16373490450973,0.0478598068033148,0.197936898308611,TRUE,"down",FALSE,FALSE
"IL2RA","down",-0.0891374864999995,5.58801177208333,-2.15914104739698,0.0482740645990214,0.199225891249939,TRUE,"down",TRUE,FALSE
"ITGAV","down",-0.134624530833333,11.8938599679167,-2.15596713138128,0.0485622204666632,0.200016611126744,TRUE,"down",TRUE,FALSE
"ALG8","up",-0.181236506666665,11.6623362416667,-2.1547208680619,0.0486758033414389,0.20035164411514,TRUE,"down",FALSE,FALSE
"LRP10","up",0.113631665,11.476777315,2.15411112638556,0.0487314642668575,0.200501066962367,TRUE,"up",TRUE,FALSE
"FAM50A","down",0.149057083333334,10.6576462658333,2.15386463597407,0.0487539821807491,0.200540605549409,TRUE,"up",FALSE,FALSE
"SLC4A4","up",-0.335984179916666,6.37380665420833,-2.15297188116287,0.0488356199001059,0.200690435330788,TRUE,"down",FALSE,FALSE
"ENTPD4","up",0.128258535916668,7.65861728529167,2.15243622847978,0.0488846634184365,0.200806384360436,TRUE,"up",TRUE,FALSE
"FAM65A","down",0.10280883,10.9133504825,2.15248558069206,0.0488801428956457,0.200806384360436,TRUE,"up",FALSE,FALSE
"ATF4","up",0.190613248333336,14.9532162366667,2.15150994049558,0.0489695808128597,0.200948602088903,TRUE,"up",TRUE,FALSE
"LILRB5","up",-0.235955598249997,8.94197842479167,-2.15129853733776,0.0489889803681273,0.201001663541324,TRUE,"down",FALSE,FALSE
"GPNMB","up",-0.259266249999999,13.2363275233333,-2.15108558843938,0.0490085289819242,0.201041411981623,TRUE,"down",FALSE,FALSE
"C15orf44","up",-0.0980128027500004,9.77657976854167,-2.147704944443,0.0493198420963097,0.202012408860603,TRUE,"down",FALSE,FALSE
"ACTR1A","up",0.144328949166667,10.71204967625,2.14640666849386,0.0494398832961529,0.202264128213043,TRUE,"up",TRUE,FALSE
"ANP32A","down",0.0937855940833332,7.51501438045833,2.14540126134153,0.0495330314581214,0.202511888614046,TRUE,"up",FALSE,FALSE
"DHODH","down",-0.113182250416667,8.80462477254167,-2.14470711147871,0.0495974374865504,0.202597375429402,TRUE,"down",TRUE,FALSE
"WWP2","down",0.118733584636364,8.0770481005,2.15980587573764,0.0495788577983007,0.202597375429402,TRUE,"up",FALSE,FALSE
"SLC30A5","up",-0.105001698583334,8.88307826879167,-2.14379316376571,0.0496823557322162,0.202642446483516,TRUE,"down",FALSE,FALSE
"HLA-DQA2","up",-0.228344441999999,8.87225230333333,-2.14262940351793,0.0497906801788159,0.202977698047254,TRUE,"down",FALSE,FALSE
"ZNF236","up",-0.0987718150833331,8.805713867625,-2.14131597534345,0.0499131990323561,0.20323717996768,TRUE,"down",FALSE,FALSE
"ZNF692","up",-0.161751733416665,10.2116120099583,-2.14086177275522,0.049955632854847,0.203308524998736,TRUE,"down",FALSE,FALSE
"BCAS3","down",0.113268576416667,8.53351820379167,2.14019445116248,0.0500180379781131,0.20348337415437,TRUE,"up",FALSE,FALSE
"MFGE8","up",0.148834671666668,10.9275929808333,2.1392860463041,0.050103104377841,0.203636842279696,TRUE,"up",TRUE,FALSE
"ZNFX1","down",0.0987641745833328,8.09169047820833,2.13902137863013,0.050127914062829,0.203684392017814,TRUE,"up",FALSE,FALSE
"STK24","up",0.101968096666667,11.1859019516667,2.1377872617773,0.0502437493964181,0.204046861519798,TRUE,"up",TRUE,FALSE
"DUSP11","up",-0.117276616333332,9.02288104733333,-2.13552571940547,0.0504566640385576,0.204352120047714,TRUE,"down",FALSE,FALSE
"CCRL2","up",0.151940714,7.59664433075,2.13487156141304,0.0505184059906577,0.204430011103467,TRUE,"up",TRUE,FALSE
"TNFRSF21","up",0.238909845916667,8.79174708129167,2.13362090407492,0.0506366427807374,0.204680859175631,TRUE,"up",TRUE,FALSE
"HERPUD1","up",-0.167799706666666,14.0063513708333,-2.13314243343509,0.0506819450369824,0.204810690101329,TRUE,"down",FALSE,FALSE
"EIF4E3","up",0.094697086583334,7.88191645054167,2.13270261059682,0.0507236211894764,0.204925803874582,TRUE,"up",TRUE,FALSE
"CLTC","up",-0.0754615724999998,13.9733530129167,-2.13118557792946,0.0508676139235249,0.205337482091677,TRUE,"down",FALSE,FALSE
"ANKH","up",0.140253536250001,7.28953835329167,2.13072000695566,0.050911880572958,0.205367409143763,TRUE,"up",TRUE,FALSE
"PHF14","down",-0.0774856304166664,9.72396529170833,-2.12991797576889,0.0509882216695753,0.205540480502989,TRUE,"down",TRUE,FALSE
"USP36","down",0.207579059833334,8.78354307183333,2.12950202926387,0.0510278551526708,0.205593557482338,TRUE,"up",FALSE,FALSE
"C1QTNF7","up",0.370031047416668,10.2469057152083,2.128430648357,0.051130073173663,0.205871923500331,TRUE,"up",TRUE,FALSE
"ZHX1","up",-0.118050035833332,9.56742415566667,-2.12615081791282,0.0513482179985618,0.206546391580681,TRUE,"down",FALSE,FALSE
"CEACAM21","up",-0.121807663083333,5.77386711829167,-2.12575660020548,0.0513860258658691,0.206634734787665,TRUE,"down",FALSE,FALSE
"RASSF7","up",-0.198213014666667,7.77871636791667,-2.12581821393255,0.0513801150371808,0.206634734787665,TRUE,"down",FALSE,FALSE
"PARP2","down",-0.144489227499998,10.49466127125,-2.12499057163155,0.0514595663580812,0.206823392300905,TRUE,"down",TRUE,FALSE
"EIF5A","down",0.135436385500002,9.98090888391667,2.12276495228948,0.0516737840130754,0.207523305784449,TRUE,"up",FALSE,FALSE
"C21orf56","down",0.127814295333335,7.54126714108333,2.12256019674032,0.0516935333044046,0.207575790492952,TRUE,"up",FALSE,FALSE
"GSTM3","up",-0.163595074999999,11.9772992266667,-2.12205169788913,0.0517426097756905,0.207717900040276,TRUE,"down",FALSE,FALSE
"MTG1","up",-0.0945939879999989,7.44559446741667,-2.12085332601736,0.0518584381821005,0.20796244147592,TRUE,"down",FALSE,FALSE
"APCDD1L","down",-0.293501032833334,7.58538437866667,-2.11812684761769,0.0521228598877022,0.208679487492679,TRUE,"down",TRUE,FALSE
"CCNC","up",0.142242192833334,8.67334932325,2.11616545561734,0.0523138521008216,0.209120979807932,TRUE,"up",TRUE,FALSE
"NPIP","up",-0.164922435833333,14.46386127125,-2.11616500571059,0.0523138959850366,0.209120979807932,TRUE,"down",FALSE,FALSE
"ZNF644","down",0.113830979166668,10.4717086745833,2.11627841972219,0.0523028345816754,0.209120979807932,TRUE,"up",FALSE,FALSE
"PRB1","down",0.0818651706666673,5.40325894625,2.11465778020274,0.0524611030589999,0.209493817536209,TRUE,"up",FALSE,FALSE
"RBM24","down",0.162099630000001,7.69977345541667,2.11468870396611,0.052458078964527,0.209493817536209,TRUE,"up",FALSE,FALSE
"CDH13","up",-0.176740508333331,12.1390364566667,-2.11411996294481,0.052513723035405,0.209637490113125,TRUE,"down",FALSE,FALSE
"CABIN1","down",0.110788411500001,10.3983661584167,2.11202544259562,0.0527191161198538,0.21028092119077,TRUE,"up",FALSE,FALSE
"TFR2","down",0.0838514066666675,6.82047252691667,2.11069081236395,0.0528503799033794,0.210560718880559,TRUE,"up",FALSE,FALSE
"AMY1C","down",-0.224450784749999,10.2621941592917,-2.10972809149744,0.052945253079563,0.210724769567715,TRUE,"down",TRUE,FALSE
"HOXA13","up",-0.267526184166665,11.35296876125,-2.10956740968842,0.0529611030973136,0.210732154621555,TRUE,"down",FALSE,FALSE
"ZBTB38","down",-0.163645025833333,11.66641409125,-2.10747767252847,0.0531676392735123,0.211148375192558,TRUE,"down",TRUE,FALSE
"RNASE2","down",-0.173910451916665,6.07837319345833,-2.10656538415176,0.0532580371572708,0.211426310278615,TRUE,"down",TRUE,FALSE
"GFRA4","down",0.087559905000001,10.6571192475,2.10031526568777,0.0538811847381331,0.213029160476304,TRUE,"up",FALSE,FALSE
"MELK","up",-0.146604859583332,5.65625899654167,-2.10034766744631,0.0538779369363442,0.213029160476304,TRUE,"down",FALSE,FALSE
"SYTL1","up",-0.222661727083332,7.24147042395833,-2.09995777338671,0.0539170301073034,0.213067884719085,TRUE,"down",FALSE,FALSE
"PASK","up",-0.101083470916666,6.145340287375,-2.09673353250276,0.0542413173744214,0.214071664353871,TRUE,"down",FALSE,FALSE
"RPL7A","up",-0.111661388333332,15.69148476,-2.09437262965569,0.0544799125950428,0.214767805652521,TRUE,"down",FALSE,FALSE
"RHOJ","up",0.130695597916668,9.48826010629167,2.0935173010008,0.0545665916881656,0.214918638222168,TRUE,"up",TRUE,FALSE
"HDGFRP3","down",0.138876615833334,10.6151705854167,2.09112623182002,0.0548095783182894,0.215581333077034,TRUE,"up",FALSE,FALSE
"C12orf5","up",0.178268663166667,8.29445334725,2.0885427659213,0.055073238243973,0.216228918210353,TRUE,"up",TRUE,FALSE
"MRPS6","up",0.115711001666668,12.0183666266667,2.08841491676301,0.0550863164266435,0.216239507835853,TRUE,"up",TRUE,FALSE
"EPSTI1","down",0.138248432916667,6.84676096679167,2.08542385540813,0.0553931019437839,0.216920388747137,TRUE,"up",FALSE,FALSE
"CD6","down",-0.148694527833332,6.93689904458333,-2.08523066855072,0.0554129706746109,0.216932320121143,TRUE,"down",TRUE,FALSE
"GAS2","up",-0.355017916666665,6.7011587235,-2.08468442338144,0.0554691860232777,0.217048203441682,TRUE,"down",FALSE,FALSE
"SERGEF","up",0.114039746666668,10.6619829058333,2.08456909328447,0.0554810616279746,0.217062143906374,TRUE,"up",TRUE,FALSE
"ZNF467","up",0.108992506666668,13.2282071033333,2.08394769660123,0.055545087530377,0.217148585775525,TRUE,"up",TRUE,FALSE
"PDGFA","down",0.216176337000001,9.67047418158333,2.08351360366139,0.0555898548969055,0.217295677491088,TRUE,"up",FALSE,FALSE
"CCR4","down",0.0984013990833335,5.64851303170833,2.08332429564178,0.0556093883653251,0.217317936773662,TRUE,"up",FALSE,FALSE
"ARSI","up",0.295241761583335,8.29977740245833,2.08298699635774,0.0556442077703229,0.217371991933552,TRUE,"up",TRUE,FALSE
"E2F5","up",-0.120038484333333,7.2208837865,-2.0826112053426,0.0556830243374508,0.217435153097868,TRUE,"down",FALSE,FALSE
"ZNF311","down",-0.090069184666666,5.98405974483333,-2.08179490633303,0.0557674282641594,0.217634455039432,TRUE,"down",TRUE,FALSE
"ZHX2","up",-0.121535297083332,9.80956007470833,-2.0804348539467,0.0559083172303836,0.217910591191982,TRUE,"down",FALSE,FALSE
"PRR5","up",0.0972151533333353,13.9580913058333,2.08033236614556,0.0559189473031949,0.217920221675152,TRUE,"up",TRUE,FALSE
"FAM43B","down",0.159975543750001,10.0385567614583,2.08003390081142,0.0559499148465152,0.217963359341891,TRUE,"up",FALSE,FALSE
"HPCA","down",-0.138825483916666,7.470353158625,-2.07877836740491,0.0560803569517026,0.218279951296919,TRUE,"down",TRUE,FALSE
"ANKS6","up",-0.128538119249999,9.866875796375,-2.07732540886774,0.0562316599262224,0.218595037811533,TRUE,"down",FALSE,FALSE
"UCN","up",0.0997038330000008,7.4441043515,2.07632272861159,0.0563362925836968,0.218892244986949,TRUE,"up",TRUE,FALSE
"HMX1","up",0.1111616625,6.44333649341667,2.0759750588201,0.056372614798465,0.219005987374081,TRUE,"up",TRUE,FALSE
"EXOC6","down",0.157701835833335,9.52681961916667,2.07466240798128,0.0565099462668983,0.219374943828718,TRUE,"up",FALSE,FALSE
"BBS1","up",-0.139769361,9.57981875375,-2.07282410209901,0.0567027903195137,0.219948351061324,TRUE,"down",FALSE,FALSE
"PARL","down",0.101030505636363,9.36303570427273,2.08671893265556,0.0566814290208731,0.219948351061324,TRUE,"up",FALSE,FALSE
"XPO7","down",0.0970556805833337,8.41882232404167,2.07268441069577,0.0567174691240022,0.219960709014104,TRUE,"up",FALSE,FALSE
"FBLN2","up",0.235929129166667,12.19624814625,2.07229909974653,0.0567579758181034,0.220062868058411,TRUE,"up",TRUE,FALSE
"NRIP1","down",-0.211963704583332,10.834712034375,-2.07120873366246,0.0568727473785196,0.22034289358421,TRUE,"down",TRUE,FALSE
"RNF135","up",-0.157435200833332,10.5963957879167,-2.0637054080391,0.0576683540708353,0.222233796067096,TRUE,"down",FALSE,FALSE
"PANX2","down",0.1013403855,6.67995479108333,2.06301522540612,0.0577420485570132,0.222379887551254,TRUE,"up",FALSE,FALSE
"APH1B","up",0.130785934833334,9.61042471375,2.06265889658916,0.0577801295722733,0.222388726132748,TRUE,"up",TRUE,FALSE
"CLDN23","down",0.357826223833333,8.37122644716667,2.06165460935817,0.0578875824706449,0.222636831603896,TRUE,"up",FALSE,FALSE
"KCNH1","up",0.125445991500001,5.77922890616667,2.06170446363163,0.0578822440224365,0.222636831603896,TRUE,"up",TRUE,FALSE
"TAS2R40","up",-0.113333425583333,5.418044712125,-2.06118404106797,0.0579379937239914,0.222748000617652,TRUE,"down",FALSE,FALSE
"DDX19B","up",0.0904784341666669,8.722268167,2.06000265389627,0.0580647317961956,0.223042075209716,TRUE,"up",TRUE,FALSE
"NDUFV1","up",0.0868505241666667,12.8876244820833,2.0584129297443,0.0582356780381888,0.223341053559794,TRUE,"up",TRUE,FALSE
"HIST4H4","up",0.127752136750001,6.30437453379167,2.05726090135839,0.0583598468706262,0.223595211092983,TRUE,"up",TRUE,FALSE
"FBXW2","up",0.0869838495000014,8.50298061633333,2.05371972549379,0.0587430493507252,0.224434084641643,TRUE,"up",TRUE,FALSE
"PPP2R5C","up",-0.0837404533333322,10.355582275,-2.05342338218745,0.0587752222285216,0.224467023732132,TRUE,"down",FALSE,FALSE
"TMCC3","down",-0.111586519166667,8.260008068,-2.05169874024932,0.0589627814874391,0.224839942764673,TRUE,"down",TRUE,FALSE
"TAF5L","down",0.157141016583334,7.093530810375,2.05083938603986,0.0590564434994312,0.225015550265399,TRUE,"up",FALSE,FALSE
"TMEM101","up",-0.0960908519166658,9.48134715929167,-2.04960665588498,0.0591910387394738,0.225334961493865,TRUE,"down",FALSE,FALSE
"HCRTR1","down",0.108443874083335,7.16639115804167,2.04871603646348,0.0592884559024698,0.225622890606435,TRUE,"up",FALSE,FALSE
"TOPBP1","up",0.0687152374166666,8.306299108125,2.04549864921912,0.059641605502296,0.226329258203144,TRUE,"up",TRUE,FALSE
"HS2ST1","up",0.106716195000003,14.6465481116667,2.04382138666591,0.0598264711151637,0.226768782029594,TRUE,"up",TRUE,FALSE
"GPR25","up",0.105159379916667,7.58173779854167,2.04307209508173,0.0599092267891409,0.226798529871696,TRUE,"up",TRUE,FALSE
"CD1E","up",-0.181639827416667,5.94982826170833,-2.04265559529103,0.0599552725981604,0.226937535652338,TRUE,"down",FALSE,FALSE
"NFATC3","up",-0.0942621231666653,9.244180324,-2.04130315015392,0.0601050150651099,0.227311134905637,TRUE,"down",FALSE,FALSE
"CDC23","up",-0.115189777999999,9.696976777,-2.03958826456919,0.0602953800803406,0.227697867021918,TRUE,"down",FALSE,FALSE
"TMED10","up",-0.0796081849999989,12.5559312016667,-2.03935178442242,0.0603216744662356,0.227769482198915,TRUE,"down",FALSE,FALSE
"INPP5E","up",-0.116210818083331,10.0647351960417,-2.0375833665985,0.0605186395774721,0.228239060821037,TRUE,"down",FALSE,FALSE
"TP53BP1","down",-0.118561086916666,10.261101052375,-2.03389948856039,0.0609308419604727,0.229233591217959,TRUE,"down",TRUE,FALSE
"NEUROG3","down",0.110464491666669,10.9888813375,2.03257305944782,0.0610798898073831,0.229489037012698,TRUE,"up",FALSE,FALSE
"NGLY1","up",-0.107251544999999,10.6798886208333,-2.03155951854935,0.0611940041884184,0.229688543240765,TRUE,"down",FALSE,FALSE
"ZNF619","up",-0.12808132175,7.30906098820833,-2.03130772426648,0.0612223839332867,0.229746607919696,TRUE,"down",FALSE,FALSE
"SLC22A18","up",-0.0950404869166659,9.41549611104167,-2.0307973652793,0.0612799435081988,0.229879319653115,TRUE,"down",FALSE,FALSE
"NCKAP1L","up",-0.0961896594999994,7.29131199033333,-2.03050341143003,0.0613131188608131,0.229976005461514,TRUE,"down",FALSE,FALSE
"HIBCH","up",-0.177963919999999,11.3937023216667,-2.03026206561928,0.0613403692182921,0.230050446873962,TRUE,"down",FALSE,FALSE
"NDUFA13","down",0.105442324166667,13.1894972504167,2.03013419239826,0.0613548118804998,0.230076842233996,TRUE,"up",FALSE,FALSE
"HLA-DQA1","up",-0.182851581416666,9.25462629620833,-2.02967423828802,0.0614067872297068,0.230198655393987,TRUE,"down",FALSE,FALSE
"MRPL28","up",0.0987004083333338,10.7911113441667,2.02562544063047,0.06186604884763,0.231351771548148,TRUE,"up",TRUE,FALSE
"CASZ1","down",0.140571737250001,6.79370753979167,2.02347624971926,0.0621111107148704,0.23187749995584,TRUE,"up",FALSE,FALSE
"HDAC1","up",-0.0981899449999978,11.6960617116667,-2.02296529746115,0.0621695027143333,0.231952450178512,TRUE,"down",FALSE,FALSE
"SEPW1","up",0.13692391416667,15.6561431095833,2.02187896130814,0.0622938170021148,0.232166156548869,TRUE,"up",TRUE,FALSE
"TAF6","up",-0.1020894325,12.14472880125,-2.01895648939182,0.0626293783899301,0.233000484354874,TRUE,"down",FALSE,FALSE
"TMEM39B","up",-0.110467275,10.4579819441667,-2.01713401106711,0.0628394736119441,0.233335100868825,TRUE,"down",FALSE,FALSE
"RLF","down",0.130388019750001,10.1220528272083,2.01680746994458,0.0628771852838613,0.233398453346474,TRUE,"up",FALSE,FALSE
"SLC25A22","down",-0.14860235925,8.83341961545833,-2.01659495139459,0.0629017398027338,0.233454713228684,TRUE,"down",TRUE,FALSE
"POPDC3","up",0.153654032083334,6.42697643920833,2.01557738195121,0.0630194319374929,0.233696119962022,TRUE,"up",TRUE,FALSE
"PPCS","up",-0.0897718391666658,11.60575806875,-2.01469475638901,0.0631216794957879,0.233941740939468,TRUE,"down",FALSE,FALSE
"C10orf10","up",0.325170463500001,10.4214421013333,2.01424241335058,0.063174139839896,0.234025827109146,TRUE,"up",TRUE,FALSE
"ALOX12","up",-0.449758393,6.66214594941667,-2.01185055846105,0.06345219767665,0.234405740840432,TRUE,"down",FALSE,FALSE
"AUP1","up",0.0816997400000009,11.0977525633333,2.01187371902005,0.0634494998608053,0.234405740840432,TRUE,"up",TRUE,FALSE
"GPRASP1","up",-0.163887208333332,11.3857211308333,-2.01216152658323,0.0634159838622154,0.234405740840432,TRUE,"down",FALSE,FALSE
"NISCH","down",-0.149535724166666,11.34777166625,-2.01014989978733,0.0636505825515266,0.234998918849933,TRUE,"down",TRUE,FALSE
"HS6ST1","up",-0.13332916475,9.54867169070833,-2.00957982644729,0.0637172093665544,0.235161079633873,TRUE,"down",FALSE,FALSE
"BIRC3","down",0.285109732166668,9.39292890033333,2.00900949171736,0.0637839304966408,0.2352924787695,TRUE,"up",FALSE,FALSE
"SETD4","up",-0.0949446122499996,9.39323063354167,-2.00875782650265,0.0638133920761643,0.2352924787695,TRUE,"down",FALSE,FALSE
"TNFRSF10C","down",0.188451755500001,7.70114953675,2.00882359396569,0.0638056917060653,0.2352924787695,TRUE,"up",FALSE,FALSE
"CNFN","up",-0.394865164999998,11.1788296766667,-2.00721236693045,0.0639945864697366,0.235714060657688,TRUE,"down",FALSE,FALSE
"ZNF200","up",-0.0861062739166651,8.693764031125,-2.00696463516613,0.0640236749667195,0.235760088713666,TRUE,"down",FALSE,FALSE
"CNNM3","up",0.106750837000002,9.50130279058333,2.00652306136924,0.0640755542173496,0.235783469995439,TRUE,"up",TRUE,FALSE
"DPH5","up",-0.14452109175,8.785441404875,-2.00664367470519,0.0640613798887369,0.235783469995439,TRUE,"down",FALSE,FALSE
"IRF2BP2","up",0.145916347500001,13.1653497470833,2.00655757790007,0.0640714975851801,0.235783469995439,TRUE,"up",TRUE,FALSE
"ALDH18A1","up",-0.195786947249999,9.65003724970833,-2.00352009636444,0.0644293836857074,0.236619301499844,TRUE,"down",FALSE,FALSE
"CLEC4A","up",-0.170450944416665,8.17052352704167,-2.00367470135449,0.0644111236133371,0.236619301499844,TRUE,"down",FALSE,FALSE
"GRM8","up",0.120106702583334,5.80610947779167,2.00362546960298,0.0644169377598009,0.236619301499844,TRUE,"up",TRUE,FALSE
"FAM104B","up",0.102240432083334,10.149476863125,2.00218482147989,0.0645872870140788,0.236957747116902,TRUE,"up",TRUE,FALSE
"ZNF665","down",-0.0809871721666659,7.549700391,-2.00116097006993,0.06470860208904,0.237158018885427,TRUE,"down",TRUE,FALSE
"UCP2","up",0.197144058,8.66746823508333,2.00097536392652,0.064730616624616,0.237210722934316,TRUE,"up",TRUE,FALSE
"PABPC4","up",0.116212964,8.09524255866667,1.99894260325191,0.064972167893479,0.2377874205873,TRUE,"up",TRUE,FALSE
"CGRRF1","up",0.10288060125,9.342746198875,1.99861439557067,0.0650112455832403,0.237854351898224,TRUE,"up",TRUE,FALSE
"COX5B","up",0.0957225633333343,14.2567065341667,1.9985583323385,0.0650179228352014,0.237854351898224,TRUE,"up",TRUE,FALSE
"SH2D5","up",0.204601449916668,7.58041625345833,1.99811711537711,0.0650704945749416,0.23800711093968,TRUE,"up",TRUE,FALSE
"GBA","up",0.125810176083334,9.90653702904167,1.9965782204154,0.0652541601919045,0.238510441965318,TRUE,"up",TRUE,FALSE
"CSF1R","down",-0.225381597499998,13.3670442020833,-1.99581087297571,0.0653459189676238,0.238789650024933,TRUE,"down",TRUE,FALSE
"COX6B1","up",0.110296822499999,13.47368443375,1.99212511275076,0.0657883016246793,0.239813949798456,TRUE,"up",TRUE,FALSE
"GPC4","up",-0.323923353416666,9.22885277145833,-1.98852245898205,0.0662233468810388,0.240750185361839,TRUE,"down",FALSE,FALSE
"RUSC1","up",0.0892388223333331,9.86465382375,1.98861686771772,0.0662119129972816,0.240750185361839,TRUE,"up",TRUE,FALSE
"POU5F1","up",-0.0872024369166663,7.677824248375,-1.98827286888651,0.0662535835160275,0.240831931096164,TRUE,"down",FALSE,FALSE
"PAX8","up",-0.110989155583333,6.660711417625,-1.98663139439772,0.0664527538964984,0.241245468988433,TRUE,"down",FALSE,FALSE
"ZFAND2A","up",0.139890727666668,9.03099089025,1.98487087952354,0.066666974422358,0.241620946997378,TRUE,"up",TRUE,FALSE
"TXN","up",0.101335657500002,13.7670549995833,1.98470844702894,0.0666867709753019,0.241643305859426,TRUE,"up",TRUE,FALSE
"TMEM26","up",-0.178984610083333,6.22200025929167,-1.98407123524219,0.0667644832464815,0.24178391881523,TRUE,"down",FALSE,FALSE
"PTPRH","down",-0.182880952333333,6.50042740175,-1.98364171606979,0.0668169125378221,0.241945589835125,TRUE,"down",TRUE,FALSE
"WDR37","down",-0.131666099749999,9.84756730295833,-1.98139589352014,0.0670916601936534,0.242714176916661,TRUE,"down",TRUE,FALSE
"PEX3","up",-0.098489550583334,8.85780526595833,-1.98101182460409,0.0671387489963879,0.242799721696435,TRUE,"down",FALSE,FALSE
"PAK4","down",0.0786414320833344,7.92847207695833,1.98062724051649,0.0671859311144379,0.242885544105621,TRUE,"up",FALSE,FALSE
"DYNC2LI1","up",-0.0907511969166657,7.763339633125,-1.97624245431725,0.0677260101455943,0.244052246749132,TRUE,"down",FALSE,FALSE
"LATS1","down",0.167212471833333,7.11298461183333,1.9762979848416,0.0677191457559258,0.244052246749132,TRUE,"up",FALSE,FALSE
"SMARCA4","down",0.119831155833335,11.65816882625,1.97608393894079,0.0677456084616596,0.244052246749132,TRUE,"up",FALSE,FALSE
"TMEM116","up",-0.155024157166666,8.31337277908333,-1.97620528984992,0.0677306045741435,0.244052246749132,TRUE,"down",FALSE,FALSE
"SPTBN2","down",0.111743696833334,7.058088528,1.97538385399433,0.0678322263892491,0.244199158656789,TRUE,"up",FALSE,FALSE
"ZNF498","down",-0.113056006166666,7.35758674841667,-1.97523261854588,0.0678509512084956,0.244238271078588,TRUE,"down",TRUE,FALSE
"ZMAT2","up",0.0829382425000004,11.4600859654167,1.97472442334371,0.0679139065212376,0.244408258446594,TRUE,"up",TRUE,FALSE
"KLRC2","up",-0.163716199416666,6.142445753875,-1.97321816731047,0.0681008141141931,0.244769056813905,TRUE,"down",FALSE,FALSE
"SNRPG","up",0.088397875833335,12.04292639375,1.97148558508808,0.06831638456508,0.245090255306104,TRUE,"up",TRUE,FALSE
"LRP1","down",-0.161818648333332,10.4115742416667,-1.97132736107631,0.0683361019263665,0.245132689800977,TRUE,"down",TRUE,FALSE
"WBP4","down",0.128823597500002,9.684343177,1.9678291563729,0.0687733609614056,0.246076217387471,TRUE,"up",FALSE,FALSE
"MYOC","down",-0.7995071265,10.10090387325,-1.96772275617545,0.0687867002548765,0.246095607405817,TRUE,"down",TRUE,FALSE
"STON1","down",-0.326393315833331,11.4863629445833,-1.96728853848407,0.068841162109677,0.246262098672794,TRUE,"down",TRUE,FALSE
"FCAR","up",0.1500483875,5.627741085,1.96475391603083,0.0691598505832804,0.247146046845738,TRUE,"up",TRUE,FALSE
"GPR50","up",0.0844258110833329,6.02506161279167,1.96420990590944,0.069228425726104,0.247217563265516,TRUE,"up",TRUE,FALSE
"RPL15","up",-0.0903502666666638,15.4847131825,-1.96420075304917,0.0692295800173351,0.247217563265516,TRUE,"down",FALSE,FALSE
"PDLIM4","up",0.249814629166668,12.9272739145833,1.96158961305721,0.0695595927129386,0.248089493202069,TRUE,"up",TRUE,FALSE
"MLL5","down",0.107807559166667,10.7871609129167,1.96106811412492,0.0696256740684251,0.248222917061892,TRUE,"up",FALSE,FALSE
"C9orf24","up",-0.421932202416666,7.75504254070833,-1.96030444612629,0.0697225445875209,0.248442535025625,TRUE,"down",FALSE,FALSE
"TTC5","down",-0.115122018416665,8.834167849875,-1.95772364091784,0.0700508235854591,0.249183650881212,TRUE,"down",TRUE,FALSE
"HIATL1","up",-0.106565369583332,9.05491253654167,-1.95738981464525,0.0700933887116065,0.249306521754468,TRUE,"down",FALSE,FALSE
"ATP5C1","up",0.0886492816666683,11.0848815541667,1.95708983434623,0.0701316582745454,0.249370344568037,TRUE,"up",TRUE,FALSE
"NGRN","up",0.107245365,11.2656316958333,1.9565885941302,0.0701956456158741,0.249442526125365,TRUE,"up",TRUE,FALSE
"KRT24","up",-0.299143680416666,5.954628591375,-1.95636571705244,0.0702241146839658,0.249485901150261,TRUE,"down",FALSE,FALSE
"GDPD3","up",-0.173383487833332,7.40638744191667,-1.95541670646684,0.0703454533354999,0.249774188783071,TRUE,"down",FALSE,FALSE
"SLC22A15","up",0.192206967083335,7.73915395554167,1.95525151046208,0.0703665944114922,0.249820706301861,TRUE,"up",TRUE,FALSE
"C18orf21","up",-0.0951450929166645,10.3644447317083,-1.95341304696205,0.0706022625653006,0.250388180904256,TRUE,"down",FALSE,FALSE
"ATXN10","up",-0.0922869401666673,10.2510331790833,-1.94931789856562,0.0711297859335151,0.251295589371937,TRUE,"down",FALSE,FALSE
"TNFRSF1A","up",0.1519374375,10.6249782104167,1.94756853996605,0.0713562202417577,0.251837854992264,TRUE,"up",TRUE,FALSE
"XPNPEP2","up",0.362709474666668,7.51978714666667,1.9476032100094,0.0713517262628766,0.251837854992264,TRUE,"up",TRUE,FALSE
"RBBP4","up",-0.0941509170833328,9.375199474625,-1.94619879287641,0.0715339742394641,0.252236001766753,TRUE,"down",FALSE,FALSE
"OTUD7A","down",0.0954356205000008,8.86708769533333,1.945619199473,0.071609309682371,0.252358451905482,TRUE,"up",FALSE,FALSE
"SAP30BP","up",0.103067574416667,9.86493320870833,1.9454634533782,0.0716295657870176,0.25240120981336,TRUE,"up",TRUE,FALSE
"SMYD3","up",0.0993586286666678,9.47967414025,1.94525915065055,0.0716561449701957,0.252449359119585,TRUE,"up",TRUE,FALSE
"SYT10","down",0.281022949416667,6.78925230445833,1.94523352430501,0.0716594795132189,0.252449359119585,TRUE,"up",FALSE,FALSE
"ZNF181","up",-0.133092517,7.59151388408333,-1.940787794714,0.0722400983532478,0.253861607784677,TRUE,"down",FALSE,FALSE
"DPY19L4","up",-0.187428807499998,9.71117127216667,-1.94013112184816,0.072326221162502,0.254049326696955,TRUE,"down",FALSE,FALSE
"ISG20","down",0.288888016666666,11.05432657,1.93854130162377,0.072535111756027,0.254409187547497,TRUE,"up",FALSE,FALSE
"FBXO33","up",0.0931667016666684,10.5341841558333,1.93818851002859,0.0725815399732577,0.254451911739858,TRUE,"up",TRUE,FALSE
"ITGB5","up",0.172634032500002,12.1944296520833,1.93811824263299,0.0725907905439244,0.254451911739858,TRUE,"up",TRUE,FALSE
"C21orf91","up",0.106438832833334,7.58539366933333,1.93746319903377,0.0726770771865536,0.254648414788069,TRUE,"up",TRUE,FALSE
"CYP20A1","up",0.110959301083334,8.616843124375,1.93688488448738,0.0727533337593789,0.254743248430406,TRUE,"up",TRUE,FALSE
"PHTF1","up",0.0924302878333333,7.108295234,1.93594069451681,0.0728779903868622,0.255062764653564,TRUE,"up",TRUE,FALSE
"KLRK1","up",-0.130227506999999,5.81406975266667,-1.93494645995734,0.073009463138666,0.25524024851443,TRUE,"down",FALSE,FALSE
"PTGFR","up",-0.313171161916667,7.577131502625,-1.93459875347359,0.073055492805992,0.255369588532769,TRUE,"down",FALSE,FALSE
"MAN1A1","down",0.234036247416668,7.83474515754167,1.93342212068228,0.0732114513261253,0.255770816487963,TRUE,"up",FALSE,FALSE
"POMT1","down",-0.0790542188333329,10.24966424225,-1.93321918277935,0.0732383804764551,0.255778684743668,TRUE,"down",TRUE,FALSE
"NARS","up",-0.0859928341666657,11.8249488454167,-1.93015073396892,0.0736466467770852,0.256598857216595,TRUE,"down",FALSE,FALSE
"EHD4","up",0.150604205,10.6987077725,1.92895879121069,0.0738057928054531,0.256934773760338,TRUE,"up",TRUE,FALSE
"TRIOBP","up",-0.0905582171666651,9.57687292875,-1.92862395375448,0.073850555627368,0.256934773760338,TRUE,"down",FALSE,FALSE
"PIGT","up",0.122273808333334,13.5052663541667,1.92838787047395,0.0738821312333693,0.25693606977354,TRUE,"up",TRUE,FALSE
"B3GNT1","up",-0.127102576916665,10.2345237634583,-1.92784067526058,0.073955364313077,0.257016909352714,TRUE,"down",FALSE,FALSE
"CXorf56","down",0.0613825815833345,7.30290283979167,1.92758229566927,0.0739899669850679,0.257016909352714,TRUE,"up",FALSE,FALSE
"SLC3A1","up",0.105346772833334,6.083175132,1.92718618633898,0.074043043107679,0.257098172769,TRUE,"up",TRUE,FALSE
"TNNT1","up",-0.140010406,6.11302683391667,-1.92663548235838,0.0741168911365495,0.257227749513556,TRUE,"down",FALSE,FALSE
"ADSL","up",0.0775796592499998,9.97248278970833,1.92631935133978,0.0741593136007243,0.2573174977333,TRUE,"up",TRUE,FALSE
"RPS6","down",-0.0709828433333341,16.6788066341667,-1.92603833855964,0.0741970418861656,0.257333461936258,TRUE,"down",TRUE,FALSE
"SLC4A1","down",0.0959785004166669,6.053713585875,1.92582580179891,0.0742255882265687,0.25733474322366,TRUE,"up",FALSE,FALSE
"ZNF673","up",-0.0910840529166664,8.817878630625,-1.92549491517584,0.0742700501954338,0.257414277710264,TRUE,"down",FALSE,FALSE
"ZNF747","up",-0.0860351049999995,7.22143518625,-1.92554608709212,0.0742631725379844,0.257414277710264,TRUE,"down",FALSE,FALSE
"PSORS1C2","up",0.0762449438333336,8.4840613475,1.92508454157334,0.074325226456177,0.257526283813915,TRUE,"up",TRUE,FALSE
"AKAP7","down",-0.262899716166665,9.49225438733333,-1.92423285876031,0.0744398566660097,0.257833772756362,TRUE,"down",TRUE,FALSE
"MRPL44","up",-0.104945949833333,8.46763578891667,-1.92351196042531,0.0745370091126329,0.258039557691405,TRUE,"down",FALSE,FALSE
"EXOSC3","up",-0.103302228916666,9.57333778229167,-1.92200282073761,0.0747407607121762,0.258296620715019,TRUE,"down",FALSE,FALSE
"PHOSPHO2","up",-0.169583424833333,9.42366522883333,-1.92048860799207,0.0749457029736861,0.258717129518762,TRUE,"down",FALSE,FALSE
"ULK4","up",0.124633412916667,7.54940089620833,1.91489335244541,0.0757074083082989,0.260363720437941,TRUE,"up",TRUE,FALSE
"GIT2","down",-0.0935692806666658,10.3418505788333,-1.91427414001012,0.0757921324494101,0.260539830348035,TRUE,"down",TRUE,FALSE
"TPTE","up",-0.144664404166666,6.41034475,-1.9142726384467,0.0757923380057894,0.260539830348035,TRUE,"down",FALSE,FALSE
"PODN","up",-0.14658969425,8.639302903625,-1.91406786219684,0.0758203755455468,0.260604934076974,TRUE,"down",FALSE,FALSE
"GSG1L","down",0.104224801916667,6.02438984970833,1.91313651900855,0.075948011289156,0.26087293906441,TRUE,"up",FALSE,FALSE
"GIMAP4","up",-0.219700249333333,10.398394957,-1.91277595848781,0.0759974762878055,0.260956302709105,TRUE,"down",FALSE,FALSE
"CDC37","down",0.0985378233333354,11.401836905,1.91193665220242,0.0761127326624713,0.261196191019593,TRUE,"up",FALSE,FALSE
"TSN","up",-0.0980852986666655,9.61573164233333,-1.911981887754,0.0761065167438885,0.261196191019593,TRUE,"down",FALSE,FALSE
"CEP72","down",-0.146745419583333,7.61423979345833,-1.90822518219973,0.0766242975455803,0.262297033528288,TRUE,"down",TRUE,FALSE
"SERHL2","up",-0.130157932416665,8.631748051875,-1.90798412331055,0.0766576305625953,0.262355541746604,TRUE,"down",FALSE,FALSE
"ATG7","up",-0.0758631626666652,8.64983231183333,-1.90764464924454,0.0767045943621621,0.262456244468792,TRUE,"down",FALSE,FALSE
"HS3ST3B1","up",0.10524618575,5.65808796970833,1.90732112145967,0.0767493762580824,0.262522745386519,TRUE,"up",TRUE,FALSE
"FOXD4","up",0.0902893814166678,6.150225512375,1.90636797257237,0.0768814458111009,0.262800911357814,TRUE,"up",TRUE,FALSE
"IL17F","down",0.110019420583334,5.872136500625,1.90641785730257,0.076874528638426,0.262800911357814,TRUE,"up",FALSE,FALSE
"MAP2K6","up",0.119904763416667,7.875274603625,1.90470188440537,0.0771127934593899,0.263215282694734,TRUE,"up",TRUE,FALSE
"LYN","down",0.116099564166667,9.89248648308333,1.90457350470641,0.0771306458719897,0.263247301025315,TRUE,"up",FALSE,FALSE
"RIC8B","up",-0.0961445610833328,6.567859100375,-1.90436875605831,0.0771591258206604,0.263288704806058,TRUE,"down",FALSE,FALSE
"ARHGEF3","up",0.141061956166667,9.43573317575,1.90390897721843,0.077223114288099,0.263300017836745,TRUE,"up",TRUE,FALSE
"RFXAP","down",-0.1352854455,8.14160189491667,-1.90126522017178,0.0775919811873162,0.263975201797173,TRUE,"down",TRUE,FALSE
"THOC2","down",-0.0868743388333329,8.568156365,-1.90108102498557,0.0776177398667221,0.263975201797173,TRUE,"down",TRUE,FALSE
"CCL19","down",-0.631317465666667,10.0472038096667,-1.89924438389273,0.0778750057745512,0.264441139279278,TRUE,"down",TRUE,FALSE
"RPL13","up",-0.114916085833331,16.8274517254167,-1.89840114964478,0.0779933782099852,0.264695480776197,TRUE,"down",FALSE,FALSE
"TAF9","up",0.0661240883333341,11.1110104116667,1.89763519037488,0.0781010433172521,0.26501644839507,TRUE,"up",TRUE,FALSE
"GCN1L1","down",-0.0919320358333321,12.7316223220833,-1.89736664763721,0.0781388220250214,0.265028869988152,TRUE,"down",TRUE,FALSE
"ZKSCAN1","down",-0.111894005833332,14.4604041745833,-1.89628697118393,0.0782908775420754,0.265343468195048,TRUE,"down",TRUE,FALSE
"ABLIM1","down",0.111589959166668,13.3714006154167,1.89580493085401,0.0783588513782025,0.265485359287265,TRUE,"up",FALSE,FALSE
"CABYR","down",-0.160841902749999,7.96766512345833,-1.89570344259833,0.0783731692877166,0.265504918895326,TRUE,"down",TRUE,FALSE
"TBCC","down",-0.101520716166665,10.0838343075833,-1.89340823634817,0.0786976054767737,0.266081827788282,TRUE,"down",TRUE,FALSE
"CD86","up",0.702152762166668,10.5487978889167,1.8925683189885,0.0788166328695101,0.266368328966872,TRUE,"up",TRUE,FALSE
"ADAR","down",-0.0902207474999981,12.0619377354167,-1.89220917141983,0.0788675782686041,0.266424591428796,TRUE,"down",TRUE,FALSE
"PHIP","down",-0.104892334166665,11.2229701720833,-1.8916268448071,0.0789502448034014,0.266587916380275,TRUE,"down",TRUE,FALSE
"ZNF626","up",-0.10425823125,10.1310512777917,-1.89082824851357,0.0790637395812879,0.266768217642499,TRUE,"down",FALSE,FALSE
"L3MBTL4","up",-0.105621660249999,5.65462633404167,-1.88879409080784,0.0793534932231612,0.267424941441063,TRUE,"down",FALSE,FALSE
"EPS15","down",0.0659304427500007,9.00792046904167,1.88762347646012,0.0795206730169797,0.267786534299728,TRUE,"up",FALSE,FALSE
"CYP11B1","down",0.0832094614166671,7.575319355625,1.88695825241173,0.0796158172519883,0.268006091219257,TRUE,"up",FALSE,FALSE
"PUSL1","up",-0.134437259749999,10.117048746125,-1.88606028827893,0.0797444117199086,0.268191185297218,TRUE,"down",FALSE,FALSE
"TIMP3","down",0.140045599166667,13.9410447320833,1.88480999806335,0.079923772738114,0.268284505419851,TRUE,"up",FALSE,FALSE
"CACYBP","up",-0.0671977791666656,10.44344133625,-1.88465786501536,0.079945621798258,0.268316089923901,TRUE,"down",FALSE,FALSE
"SYN2","up",0.108271651750001,5.87765329354167,1.88425148355293,0.0800040118695592,0.268407575977482,TRUE,"up",TRUE,FALSE
"IFI16","down",0.189649671666667,11.2229531866667,1.8834237557732,0.0801230608034148,0.268621465826899,TRUE,"up",FALSE,FALSE
"IPP","up",-0.104373356666665,9.31052019266667,-1.88229264205648,0.0802860020843556,0.268966233782587,TRUE,"down",FALSE,FALSE
"SLC39A1","up",0.0739305428333341,9.80948497258333,1.88176440413477,0.0803621987676053,0.269062529844207,TRUE,"up",TRUE,FALSE
"CD244","up",-0.0912563970833329,6.124871915125,-1.88162428932546,0.0803824207982491,0.269084526938504,TRUE,"down",FALSE,FALSE
"WASF3","down",-0.0845860296666657,9.423070595,-1.88126485198901,0.0804343174071554,0.269142269058274,TRUE,"down",TRUE,FALSE
"CPM","up",0.207556841500001,8.86351905175,1.87753459770461,0.0809746826793607,0.270251916242008,TRUE,"up",TRUE,FALSE
"HLA-DRA","up",-0.130100553333332,13.11428627,-1.87758202706215,0.0809677916348855,0.270251916242008,TRUE,"down",FALSE,FALSE
"HLA-DMA","up",-0.140885403333332,11.2850495225,-1.8773055326466,0.0810079711181786,0.270304948301551,TRUE,"down",FALSE,FALSE
"CD79B","down",0.149372324500001,7.98233629716667,1.87707183162827,0.0810419459360943,0.270369686747824,TRUE,"up",FALSE,FALSE
"SNCG","down",0.160806522916667,8.828502228125,1.87705237244229,0.081044775436703,0.270369686747824,TRUE,"up",FALSE,FALSE
"C7orf26","up",-0.079780702499999,10.63626106625,-1.87681564737181,0.081079204009972,0.270422063515482,TRUE,"down",FALSE,FALSE
"RUNX1","down",0.2129240185,8.70945396475,1.87674199352521,0.0810899186801748,0.270422063515482,TRUE,"up",FALSE,FALSE
"MOGAT3","up",0.0723967898333346,6.6550855965,1.87648372043533,0.081127500575213,0.270500450463893,TRUE,"up",TRUE,FALSE
"TCTE3","down",0.0699118809166672,6.98717859729167,1.87516495139975,0.0813196415703356,0.270792401979795,TRUE,"up",FALSE,FALSE
"RPS17","up",-0.0778800574999997,16.3393884704167,-1.87440335381329,0.0814307902717578,0.271042939854654,TRUE,"down",FALSE,FALSE
"CYBRD1","up",-0.1398669475,12.7812198529167,-1.87373521408463,0.0815284118932887,0.271248851567571,TRUE,"down",FALSE,FALSE
"GATA1","up",-0.117889945916666,5.69230673079167,-1.8733971886027,0.0815778406713432,0.271274257848884,TRUE,"down",FALSE,FALSE
"HLA-DMB","up",-0.170788612833334,10.7230071019167,-1.87140252479878,0.0818700644170634,0.271949285745845,TRUE,"down",FALSE,FALSE
"MYH14","up",0.0715983341666681,9.71000081475,1.87135451056153,0.0818771102005787,0.271949285745845,TRUE,"up",TRUE,FALSE
"UBAP2","down",-0.099222296666666,10.61123018,-1.87091836435788,0.0819411368053322,0.271958449350062,TRUE,"down",TRUE,FALSE
"ALG9","up",-0.0721546367499994,9.46717528670833,-1.8700917887753,0.0820626020271145,0.272213688668803,TRUE,"down",FALSE,FALSE
"NIPSNAP3B","up",-0.104576593249999,7.49018854820833,-1.8695983963548,0.0821351829873752,0.272282556895735,TRUE,"down",FALSE,FALSE
"EGFL6","up",0.207681093916668,6.25941638254167,1.86926167607239,0.0821847496065743,0.272388750909384,TRUE,"up",TRUE,FALSE
"ABCC11","down",-0.0909730324166664,5.27610390445833,-1.86875402592428,0.0822595285406651,0.272462218400548,TRUE,"down",TRUE,FALSE
"SAA1","down",-0.41865065625,5.924928202125,-1.86802699187314,0.0823667299285035,0.272642913853037,TRUE,"down",TRUE,FALSE
"TIFA","up",0.21511617425,7.902070316625,1.86750351475733,0.0824439943710252,0.272782429251038,TRUE,"up",TRUE,FALSE
"TOMM20","up",0.0837160291666674,11.5343044095833,1.86699201223525,0.0825195541730101,0.272974143123133,TRUE,"up",TRUE,FALSE
"CCNT2","up",-0.0915661250833331,7.37717898370833,-1.86647911173949,0.0825953828464753,0.273050721971027,TRUE,"down",FALSE,FALSE
"WNT5A","up",-0.206572964,7.165046292,-1.86622239154053,0.0826333605565467,0.273147210554576,TRUE,"down",FALSE,FALSE
"RTN3","up",0.0833419000000028,12.6605604041667,1.86489990879192,0.0828292492846044,0.27341659765975,TRUE,"up",TRUE,FALSE
"SOX21","up",0.0793040005000007,6.386109515,1.86403990692251,0.0829568577660625,0.273750582466769,TRUE,"up",TRUE,FALSE
"S100A6","up",0.113189049166668,16.2916903329167,1.86330798635468,0.0830656001418303,0.27394433519339,TRUE,"up",TRUE,FALSE
"KHDRBS3","up",0.183600752500001,10.74551161625,1.86309416503807,0.0830973919577813,0.27401062962031,TRUE,"up",TRUE,FALSE
"ZDHHC12","up",0.117533589583335,7.86174532045833,1.86224825270695,0.0832232725735908,0.274251089766318,TRUE,"up",TRUE,FALSE
"SLC33A1","up",-0.118939793666666,9.14119477408333,-1.86172428521107,0.0833013301234162,0.274404171561313,TRUE,"down",FALSE,FALSE
"MAST2","down",-0.116735358333333,10.3941263708333,-1.86139624539217,0.0833502329313457,0.274523896294549,TRUE,"down",TRUE,FALSE
"IRX5","up",0.559092096,9.03115593708333,1.86099591432308,0.083409947475125,0.274662345055859,TRUE,"up",TRUE,FALSE
"PCDHGC5","down",0.110075587583334,5.91208654579167,1.85850568935512,0.0837822583290266,0.275362713660557,TRUE,"up",FALSE,FALSE
"TMEM62","up",0.107666553666667,8.287730552,1.8567792079984,0.084041255888418,0.275817868190461,TRUE,"up",TRUE,FALSE
"LAG3","up",-0.515413941916666,9.55812201695833,-1.85665708751199,0.0840596028820904,0.275836939566196,TRUE,"down",FALSE,FALSE
"ZNRD1","up",-0.0843373883333339,11.2849047841667,-1.85358729912189,0.0845219780091431,0.276711294984732,TRUE,"down",FALSE,FALSE
"DBNDD2","up",0.215039501666668,11.6735162491667,1.85336616724306,0.0845553729075273,0.276740101860976,TRUE,"up",TRUE,FALSE
"RPS3","up",-0.0804088391666657,15.16564846875,-1.85335210892943,0.0845574963654771,0.276740101860976,TRUE,"down",FALSE,FALSE
"PTAFR","down",0.187296168500001,8.33384948675,1.85213656678335,0.0847412802534585,0.277195605856981,TRUE,"up",FALSE,FALSE
"AMZ2","up",-0.0784611033333316,12.0509608658333,-1.85185639487768,0.0847836915106392,0.277269395018452,TRUE,"down",FALSE,FALSE
"LEMD2","up",-0.0803215174999996,10.39847630375,-1.85172952196081,0.0848029032531735,0.277269395018452,TRUE,"down",FALSE,FALSE
"PPP1R13B","down",0.138817444166668,8.25938754441667,1.8513678489565,0.0848576910048251,0.277269395018452,TRUE,"up",FALSE,FALSE
"MAN1B1","up",0.11631802275,9.31529571670833,1.85041283491729,0.0850025128413235,0.277407633547485,TRUE,"up",TRUE,FALSE
"SCG2","up",-0.237526295249999,6.539127388125,-1.8499050362811,0.0850796073188403,0.277630073368096,TRUE,"down",FALSE,FALSE
"THSD1","up",-0.199584817499999,12.01055206875,-1.84913490037735,0.0851966494857367,0.277733990062701,TRUE,"down",FALSE,FALSE
"PEX1","down",-0.0791052499999997,8.18245146458333,-1.84846731178727,0.0852982234546707,0.277934815350622,TRUE,"down",TRUE,FALSE
"IL5RA","up",0.0771692917500002,5.64658154704167,1.84784783959087,0.0853925733730185,0.278183900172618,TRUE,"up",TRUE,FALSE
"CD200R1","up",-0.114367594583334,6.21815328379167,-1.84717749341692,0.0854947769044819,0.278283438924792,TRUE,"down",FALSE,FALSE
"MORC3","down",-0.165881496666667,10.9211913666667,-1.84615563208675,0.0856507842806714,0.278549988947873,TRUE,"down",TRUE,FALSE
"SCN1B","up",0.13756235,7.16318582958333,1.84534348053812,0.0857749568196226,0.278757395492032,TRUE,"up",TRUE,FALSE
"CD302","up",-0.127110368249999,10.7281822325417,-1.84499766819658,0.0858278780569775,0.27887104747322,TRUE,"down",FALSE,FALSE
"ALPK1","down",-0.146484814166665,13.9226605395833,-1.84429045609289,0.0859361968534083,0.279047787605746,TRUE,"down",TRUE,FALSE
"PKN3","up",0.145791184083334,7.67463365370833,1.84377574622308,0.0860151082368282,0.279216615454944,TRUE,"up",TRUE,FALSE
"COQ4","down",-0.0998929560833328,8.874641543625,-1.84363421096215,0.0860368186934678,0.27923885741796,TRUE,"down",TRUE,FALSE
"MED6","up",0.0691824888333334,8.54255257375,1.84326424336042,0.0860935921117791,0.279325477090655,TRUE,"up",TRUE,FALSE
"SLC28A1","up",0.120177993,7.09727841158333,1.84305859375983,0.0861251645720875,0.279398738106484,TRUE,"up",TRUE,FALSE
"NDUFA11","up",0.0957038808333349,13.1448639595833,1.8413207828547,0.086392376372256,0.279882164478325,TRUE,"up",TRUE,FALSE
"SLC35F5","up",0.0702347876666667,8.58427218808333,1.8403426179908,0.086543108031132,0.280111192994097,TRUE,"up",TRUE,FALSE
"USP8","up",-0.0922299489999988,9.57576887375,-1.8396669362798,0.0866473653076474,0.280214349309187,TRUE,"down",FALSE,FALSE
"USP16","down",0.0717132400000009,11.8726968316667,1.83933735864485,0.0866982596396649,0.280292198889155,TRUE,"up",FALSE,FALSE
"LOC643669","down",0.131625946083334,6.95716696529167,1.83915824517095,0.0867259300599812,0.280294164637376,TRUE,"up",FALSE,FALSE
"RPL9","up",-0.0898246449999993,15.9994559908333,-1.83895087658152,0.0867579753377638,0.280310264083914,TRUE,"down",FALSE,FALSE
"FGFR1","down",0.112509928083335,10.1843084457083,1.83876253239365,0.0867870898848434,0.280316887411835,TRUE,"up",FALSE,FALSE
"ZNF574","up",-0.111596228833333,9.97799667883333,-1.8387665489386,0.0867864689098074,0.280316887411835,TRUE,"down",FALSE,FALSE
"ACOT11","up",0.116327069583334,7.51748772545833,1.8382339924791,0.086868839050559,0.280522611409163,TRUE,"up",TRUE,FALSE
"H1F0","up",-0.141734010833333,11.7598521245833,-1.83742952874469,0.0869933973167632,0.280837282226126,TRUE,"down",FALSE,FALSE
"KIAA1217","down",0.155741772833333,7.88411206791667,1.8370848160427,0.0870468193349003,0.280922182215831,TRUE,"up",FALSE,FALSE
"CORO1B","up",0.100929475583334,8.739717441875,1.83654923796215,0.0871298789310862,0.281161034182855,TRUE,"up",TRUE,FALSE
"ACSM3","up",-0.102411459333333,6.34012051541667,-1.83605474147801,0.087206630261009,0.281252280620202,TRUE,"down",FALSE,FALSE
"MYL4","down",0.142996876666666,6.20722386408333,1.83606500681716,0.0872050363532766,0.281252280620202,TRUE,"up",FALSE,FALSE
"NAV1","up",0.145170777750001,8.746395438375,1.83478092947709,0.0874046181091932,0.281521332423432,TRUE,"up",TRUE,FALSE
"ARFIP1","down",-0.104862235833333,10.65927234625,-1.83430036806534,0.0874794156814459,0.28163035568312,TRUE,"down",TRUE,FALSE
"RASL10B","down",-0.219870080583333,7.144913328625,-1.83223315749489,0.0878018211656952,0.282157222800753,TRUE,"down",TRUE,FALSE
"NFATC1","down",0.233016306166668,9.73212684108333,1.83160285919872,0.0879003342448639,0.282386185448347,TRUE,"up",FALSE,FALSE
"C8orf31","down",-0.103065089833333,6.82352791725,-1.83078490966941,0.0880283234992419,0.282685655053515,TRUE,"down",TRUE,FALSE
"CD37","up",-0.128983170916666,7.70424421679167,-1.82888076637503,0.0883269200239247,0.283197846138955,TRUE,"down",FALSE,FALSE
"FBXW11","down",-0.108370962499998,11.21394583875,-1.82859617086716,0.0883716261402707,0.283197846138955,TRUE,"down",TRUE,FALSE
"PSMB3","up",0.102312279166667,10.8220810904167,1.82859450415353,0.0883718880179409,0.283197846138955,TRUE,"up",TRUE,FALSE
"IL32","up",0.155450247500001,9.64676672033333,1.82812317483018,0.0884459720871026,0.283318891205201,TRUE,"up",TRUE,FALSE
"TRAF3IP2","up",-0.151467099499999,8.938520445,-1.82785561709083,0.0884880517540722,0.283344446996515,TRUE,"down",FALSE,FALSE
"ANKRD13D","down",-0.0792976373333324,7.89252083558333,-1.82540270210204,0.0888746624994232,0.284135560570231,TRUE,"down",TRUE,FALSE
"PDCD2","down",-0.0857695266666668,10.5135773291667,-1.82312227854117,0.0892354364557278,0.284966442091714,TRUE,"down",TRUE,FALSE
"NRN1","up",0.148881587500001,10.5998001895833,1.8225004519448,0.0893340386327807,0.285079183419067,TRUE,"up",TRUE,FALSE
"TNS1","down",0.289778122666668,10.4953193194167,1.82252285659811,0.0893304842726441,0.285079183419067,TRUE,"up",FALSE,FALSE
"SAMD9L","down",-0.0908280416666652,9.83231427658333,-1.81998385740277,0.0897340837987004,0.285941693343577,TRUE,"down",TRUE,FALSE
"CACNA1I","up",0.124965324166669,14.6044047229167,1.81866702756459,0.0899440462538794,0.286397402649924,TRUE,"up",TRUE,FALSE
"CTBP1","up",-0.0711187256666667,10.0627473136667,-1.81832800512737,0.089998172599755,0.286452748429931,TRUE,"down",FALSE,FALSE
"PIAS4","down",0.10833285125,8.35278565145833,1.81816813723546,0.0900237062388098,0.286482650578892,TRUE,"up",FALSE,FALSE
"NOTCH2","down",-0.183306065,13.46732684,-1.81508002323914,0.0905181983528053,0.287761557112581,TRUE,"down",TRUE,FALSE
"DEDD","up",0.0926903148333336,9.09231589791667,1.81060162320692,0.0912396091375633,0.28934411641644,TRUE,"up",TRUE,FALSE
"ERG","down",0.158321919083335,8.512494412625,1.80975751330942,0.0913761555377626,0.289541087586106,TRUE,"up",FALSE,FALSE
"TSPAN32","up",-0.0908217071666659,6.47867484208333,-1.80980620782425,0.091368273591814,0.289541087586106,TRUE,"down",FALSE,FALSE
"NOTCH1","down",0.1184157735,7.62645340033333,1.80841605902211,0.0915935282050739,0.28990466623083,TRUE,"up",FALSE,FALSE
"CREB3","up",0.101145630916668,9.87140446870833,1.80761798483256,0.0917230682407912,0.290130359144747,TRUE,"up",TRUE,FALSE
"IFI44L","up",-0.210236890583333,10.599941794875,-1.80580844024783,0.0920173894640489,0.290703016959184,TRUE,"down",FALSE,FALSE
"PCOLCE2","up",0.371148923333333,14.3152645566667,1.80577079112028,0.0920235219751073,0.290703016959184,TRUE,"up",TRUE,FALSE
"FLOT1","down",0.0995655208333352,11.3195123654167,1.8044385071633,0.0922407662312241,0.291182067290114,TRUE,"up",FALSE,FALSE
"CD40","up",0.0893841027500011,8.55097187820833,1.80398039812937,0.0923155714334466,0.291329416573233,TRUE,"up",TRUE,FALSE
"TBL1X","down",-0.223778030833333,10.5246561589167,-1.80315858347303,0.0924499016995048,0.291503774178685,TRUE,"down",TRUE,FALSE
"MCM4","down",0.0909028505000004,7.31414396633333,1.80292919072195,0.0924874282395092,0.291546045476111,TRUE,"up",FALSE,FALSE
"CYP27A1","up",0.141788070916668,8.08969581329167,1.80185279115723,0.0926636981027402,0.291864817784931,TRUE,"up",TRUE,FALSE
"CARD9","down",0.0828114320833345,9.53346620120833,1.80065387062269,0.0928603831352494,0.292276927145307,TRUE,"up",FALSE,FALSE
"IL12A","up",0.152780366909091,5.70901353163636,1.80888679085398,0.0930983033190353,0.2926182512041,TRUE,"up",TRUE,FALSE
"RPS23","up",-0.0877052008333311,16.3848962595833,-1.79902058779012,0.0931289227007384,0.2926182512041,TRUE,"down",FALSE,FALSE
"TMPRSS2","up",-0.121887399666667,6.754213687,-1.79872823898039,0.0931770625351515,0.292695251747287,TRUE,"down",FALSE,FALSE
"WARS2","up",0.0807208045000003,9.00772684866667,1.79870015196457,0.0931816886677446,0.292695251747287,TRUE,"up",TRUE,FALSE
"BTN2A1","up",-0.118315170999999,8.47401319516667,-1.79778333809687,0.0933328064972282,0.292933026614331,TRUE,"down",FALSE,FALSE
"CACNA1B","up",0.0583058527500013,7.033094727375,1.79755593759732,0.0933703224346586,0.293021175506485,TRUE,"up",TRUE,FALSE
"SLC22A12","down",0.113889196833334,7.78730752566667,1.79704350305278,0.0934549116207451,0.293197800270577,TRUE,"up",FALSE,FALSE
"SLC1A5","up",0.145760794166668,9.10435729033333,1.7961865631958,0.0935965214002368,0.293361086235459,TRUE,"up",TRUE,FALSE
"BACE2","up",0.120828414166668,11.4385000704167,1.79552141339685,0.0937065690278841,0.293568466047303,TRUE,"up",TRUE,FALSE
"ZNF384","down",-0.0810145916666658,10.216175825,-1.79453155300529,0.0938705519492777,0.293760276983378,TRUE,"down",TRUE,FALSE
"GRAP2","up",-0.0734229480833331,5.571537228125,-1.79250222720554,0.0942075318430948,0.294399721354585,TRUE,"down",FALSE,FALSE
"RAP1GAP","down",0.144293980000001,6.18648137025,1.79229243923555,0.0942424293395446,0.294441239372369,TRUE,"up",FALSE,FALSE
"SPRED2","down",-0.0920214064999986,7.03796726433333,-1.79225146955094,0.0942492458418377,0.294441239372369,TRUE,"down",TRUE,FALSE
"UBASH3A","down",-0.196530024833334,5.98321325641667,-1.79093173774678,0.0944690558045706,0.294899350511343,TRUE,"down",TRUE,FALSE
"PPP1R8","up",-0.0832856691666653,10.6955278329167,-1.7901201713981,0.0946044531480197,0.295224421835419,TRUE,"down",FALSE,FALSE
"C14orf118","down",-0.119232245749999,7.46884112504167,-1.78910887235109,0.0947734136243551,0.29548459844832,TRUE,"down",TRUE,FALSE
"TAC3","up",-0.139521975583333,6.03452069879167,-1.78898721069364,0.0947937579873484,0.29548872875029,TRUE,"down",FALSE,FALSE
"CENPB","up",0.0800100403333339,8.68659514841667,1.78639522891659,0.0952281122316116,0.29624828827199,TRUE,"up",TRUE,FALSE
"RB1CC1","up",0.0930383797500012,10.3256295809583,1.78547803000925,0.095382234886496,0.296519940209425,TRUE,"up",TRUE,FALSE
"ANKRD6","up",0.124718037,8.350772752,1.78529748669591,0.0954125987309868,0.296535552209879,TRUE,"up",TRUE,FALSE
"DPP7","down",0.106283557500001,11.2968593570833,1.78537007656856,0.0954003895085957,0.296535552209879,TRUE,"up",FALSE,FALSE
"TSHZ3","up",-0.127031076999999,10.4494373910833,-1.78506023682913,0.0954525125286509,0.296610941411839,TRUE,"down",FALSE,FALSE
"SRP9","up",-0.120505647500001,10.8678772629167,-1.78402652972966,0.0956265912448524,0.296952772652414,TRUE,"down",FALSE,FALSE
"GPR62","down",-0.102359425999999,6.73569662091667,-1.78357837625504,0.0957021487119182,0.297128014066419,TRUE,"down",TRUE,FALSE
"FOXQ1","up",0.0862132441666686,14.0350618320833,1.78271225172525,0.0958483248621869,0.297228785047628,TRUE,"up",TRUE,FALSE
"SSPN","down",-0.189133209999998,12.6012799758333,-1.78245138777716,0.0958923897011162,0.297228785047628,TRUE,"down",TRUE,FALSE
"VPS18","down",0.505265622500002,12.0860841320833,1.78291597043515,0.0958139254049249,0.297228785047628,TRUE,"up",FALSE,FALSE
"NOS3","down",0.176942934166667,8.14516491566667,1.78136434328424,0.0960762052403258,0.29748678118858,TRUE,"up",FALSE,FALSE
"C10orf118","down",0.0871898197500015,8.80440841320833,1.78042240113025,0.0962357367380422,0.297765449516952,TRUE,"up",FALSE,FALSE
"PAF1","down",0.0792238650000005,10.4370410175,1.78036605175007,0.0962452877502812,0.297765449516952,TRUE,"up",FALSE,FALSE
"MYLIP","down",-0.178533524249999,10.1926658349583,-1.77973277986003,0.0963526827330054,0.297867929348318,TRUE,"down",TRUE,FALSE
"RPS28","up",-0.112611090833331,16.4291028020833,-1.77822170467489,0.0966093708853171,0.298246037968065,TRUE,"down",FALSE,FALSE
"ALDH3B1","down",0.103779366250001,7.13000042379167,1.7778750342873,0.0966683454959003,0.298312239757321,TRUE,"up",FALSE,FALSE
"DUSP26","down",0.440077922083334,9.45440367104167,1.77786112983276,0.0966707115478832,0.298312239757321,TRUE,"up",FALSE,FALSE
"LEPREL1","up",-0.261017189999998,13.24002282,-1.77564644197548,0.0970482288348876,0.298977053971607,TRUE,"down",FALSE,FALSE
"IQCK","up",-0.105501714416665,10.0522874000417,-1.77540811128066,0.0970889325008636,0.299036590861338,TRUE,"down",FALSE,FALSE
"RPGR","down",0.181700641416668,9.070396296125,1.77452550555827,0.0972398012148558,0.299201244478526,TRUE,"up",FALSE,FALSE
"FBXO21","down",-0.114821112499998,11.4340527820833,-1.7735885544455,0.0974001863945244,0.299526780646344,TRUE,"down",TRUE,FALSE
"CSNK1G3","up",0.0530519789999999,9.04042421075,1.77253481444729,0.0975808427419,0.299745430959591,TRUE,"up",TRUE,FALSE
"MRPS14","up",-0.0726054291666654,10.53245517125,-1.76932536606477,0.0981329071389448,0.30069393660888,TRUE,"down",FALSE,FALSE
"GTF2H3","up",-0.0766774928333327,7.52701932041667,-1.7691086101999,0.0981702911383114,0.300704582635017,TRUE,"down",FALSE,FALSE
"IDE","up",0.156951315583333,8.82293709920833,1.76817968201292,0.0983306464803809,0.301017718959448,TRUE,"up",TRUE,FALSE
"PGM2","up",-0.105851824333333,9.3667322505,-1.76756744467623,0.0984364598852073,0.301240412297921,TRUE,"down",FALSE,FALSE
"DERL1","up",0.0935293189166667,9.51081535104167,1.76689101922002,0.098553483951424,0.301432606884403,TRUE,"up",TRUE,FALSE
"FURIN","down",0.100850152,7.04650249625,1.76674798164396,0.0985782457123465,0.301478666414767,TRUE,"up",FALSE,FALSE
"LYPD1","up",0.258701965749999,6.15182495845833,1.7666598167216,0.0985935110045063,0.301495676993605,TRUE,"up",TRUE,FALSE
"RAB3IL1","down",-0.122976817166666,8.85525997375,-1.76530594477123,0.0988281892250192,0.302005261172285,TRUE,"down",TRUE,FALSE
"FOXJ1","down",-0.0587930315833327,5.76157202729167,-1.76523169965513,0.09884107302738,0.302014093437925,TRUE,"down",TRUE,FALSE
"SPSB4","up",0.101614001666667,12.1388577366667,1.76509222020739,0.0988652809967087,0.302014093437925,TRUE,"up",TRUE,FALSE
"TUBB2A","up",0.230415824166668,13.76447852375,1.76512349432745,0.0988598526237344,0.302014093437925,TRUE,"up",TRUE,FALSE
"CDKL2","up",-0.3263273805,7.31409780841667,-1.76476310341229,0.0989224230697578,0.302051992113742,TRUE,"down",FALSE,FALSE
"RRN3","up",-0.0813544972499993,7.73830998804167,-1.76355489436175,0.0991324455027867,0.302331558351916,TRUE,"down",FALSE,FALSE
"ZNF687","up",-0.095007915416665,8.17647358495833,-1.76361171821553,0.099122559020188,0.302331558351916,TRUE,"down",FALSE,FALSE
"ENG","down",0.129067907500002,11.0964787454167,1.76255814117237,0.0993060069905917,0.302661721354749,TRUE,"up",FALSE,FALSE
"CCNL2","up",-0.119892601999999,10.1400696255,-1.76205846806152,0.0993931144167353,0.302856546318864,TRUE,"down",FALSE,FALSE
"POP7","up",-0.130304865833331,13.12879832125,-1.76039367962268,0.0996838220004545,0.303333956266944,TRUE,"down",FALSE,FALSE
"EBPL","up",-0.137962464166664,11.43501332125,-1.75952750454211,0.0998353712749504,0.303619913502521,TRUE,"down",FALSE,FALSE
"KCNN2","up",-0.328131500666666,8.81358700541667,-1.75832189886021,0.100046647069879,0.303938984179116,TRUE,"down",FALSE,FALSE
"HUWE1","down",0.0860805354166669,9.918236153625,1.75803878915872,0.100096317658973,0.303996948714653,TRUE,"up",FALSE,FALSE
"KLRB1","up",-0.245462562583333,8.38006672120833,-1.7578656754275,0.100126700565601,0.30402978989293,TRUE,"down",FALSE,FALSE
"ZNF678","down",-0.10715956025,8.82655359454167,-1.75739181981684,0.100209907808055,0.304215335899057,TRUE,"down",TRUE,FALSE
"KCNV2","down",0.100365338583334,6.087906249875,1.7566685780916,0.100337023913826,0.304341273628506,TRUE,"up",FALSE,FALSE
"PIPOX","up",0.111532415250001,7.746297413875,1.75645642211007,0.100374339169638,0.304365323185224,TRUE,"up",TRUE,FALSE
"PTTG2","up",-0.114687977916667,7.430497530375,-1.75654388569756,0.100358954070878,0.304365323185224,TRUE,"down",FALSE,FALSE
"LEPROTL1","up",-0.0748765624999995,11.5538991154167,-1.75584851773177,0.10048132880528,0.304541147935783,TRUE,"down",FALSE,FALSE
"PMPCB","up",0.067028760833334,12.2166867595833,1.75546495920958,0.100548885879523,0.304597346402314,TRUE,"up",TRUE,FALSE
"P4HA3","up",0.263284742833335,7.04096559958333,1.75502876336897,0.100625762769781,0.30472380818273,TRUE,"up",TRUE,FALSE
"ZNF330","down",-0.0952227282499998,10.074932925125,-1.75500552671276,0.100629859544381,0.30472380818273,TRUE,"down",TRUE,FALSE
"TMED4","down",0.074196330916667,9.073435997625,1.75482414391838,0.10066184357407,0.304760566723763,TRUE,"up",FALSE,FALSE
"ZNF185","up",-0.355386472583332,11.081796374375,-1.75366283865529,0.100866834179492,0.30514402410916,TRUE,"down",FALSE,FALSE
"ZNF19","up",-0.10586392875,6.559619668875,-1.7518428114858,0.101188841127761,0.305671754960315,TRUE,"down",FALSE,FALSE
"SLC10A1","down",0.109866636666668,5.64803801433333,1.75157138797184,0.101236940093929,0.305697607800927,TRUE,"up",FALSE,FALSE
"THOC6","up",0.0988121920000008,7.22515754441667,1.751503993039,0.101248886273937,0.305697607800927,TRUE,"up",TRUE,FALSE
"ZAR1","up",-0.135457126499999,6.25324623658333,-1.75115920130959,0.101310022238471,0.305706658988504,TRUE,"down",FALSE,FALSE
"KHDRBS1","down",-0.0773201599999989,12.2633278191667,-1.74980155004606,0.101551067475896,0.306123330494874,TRUE,"down",TRUE,FALSE
"ANKRD11","up",-0.0931623891666639,11.16602202875,-1.74925602587902,0.101648065223311,0.30631448769457,TRUE,"down",FALSE,FALSE
"RAB34","up",-0.0670479324999975,14.4903607345833,-1.74867876458489,0.101750794921376,0.306564598060409,TRUE,"down",FALSE,FALSE
"GPR150","up",0.0729110208333339,12.9276524979167,1.74841531084982,0.101797709665471,0.306676210463983,TRUE,"up",TRUE,FALSE
"BIRC6","down",-0.0678582390833332,8.14624735179167,-1.74825855202828,0.101825633665436,0.306694728669187,TRUE,"down",TRUE,FALSE
"SLC34A1","up",-0.1232257225,6.47883218925,-1.74811019368189,0.101852067474046,0.306721015754366,TRUE,"down",FALSE,FALSE
"ATP11C","down",0.0985167354166674,8.58424129579167,1.74723873950673,0.102007461246893,0.306980710495251,TRUE,"up",FALSE,FALSE
"GAMT","down",0.0911702819166687,8.99671416704167,1.74728932194621,0.1019984359093,0.306980710495251,TRUE,"up",FALSE,FALSE
"SPIN1","down",0.0816841607500008,8.04618348229167,1.74623691236518,0.102186360518885,0.307191814439125,TRUE,"up",FALSE,FALSE
"PIGZ","up",0.110393326416667,10.3016451975417,1.74596559605608,0.102234857807875,0.307307874799873,TRUE,"up",TRUE,FALSE
"STARD13","down",0.144775708583334,8.871801066375,1.7445200789743,0.10249358311039,0.307877835020064,TRUE,"up",FALSE,FALSE
"SSBP4","up",-0.0589583849999988,10.7131251658333,-1.74432642165831,0.102528288540226,0.307921803742693,TRUE,"down",FALSE,FALSE
"SLC1A4","up",-0.140367062499999,7.96546998908333,-1.74377525035595,0.102627120870739,0.308154656061964,TRUE,"down",FALSE,FALSE
"RPL27A","up",-0.0834440824999992,16.7647666504167,-1.74087567000889,0.103148436315312,0.308972440728234,TRUE,"down",FALSE,FALSE
"PPP1R11","up",0.0609758869166672,9.74548418479167,1.7406902332126,0.103181855128833,0.308988685674931,TRUE,"up",TRUE,FALSE
"NR2C1","up",-0.0847193205833317,8.86987747279167,-1.74062902055859,0.103192888764485,0.308991947546506,TRUE,"down",FALSE,FALSE
"LEPR","up",-0.246039625583333,8.399096826625,-1.74025836921519,0.103259721176697,0.309152601452708,TRUE,"down",FALSE,FALSE
"EMILIN3","up",-0.136830216916665,7.623758493875,-1.73921840003742,0.103447442124129,0.309424730536639,TRUE,"down",FALSE,FALSE
"AXL","up",0.108920468333334,12.0541893666667,1.73878694082269,0.103525411279111,0.309569972020454,TRUE,"up",TRUE,FALSE
"BEX2","down",-0.117883195999998,10.3619873524167,-1.73863157304083,0.103553500503967,0.309594377721473,TRUE,"down",TRUE,FALSE
"RNF125","up",0.136353191250002,8.380856599375,1.73816674172257,0.103637578238085,0.309726539483867,TRUE,"up",TRUE,FALSE
"LPXN","up",-0.107771879083333,7.97040035145833,-1.7380466272269,0.103659314060525,0.309761704797907,TRUE,"down",FALSE,FALSE
"TAPBP","up",0.115929175083334,10.1646040282917,1.73742740848983,0.103771431003933,0.309966178010434,TRUE,"up",TRUE,FALSE
"LEF1","up",-0.333444324916665,9.695667962875,-1.73712428987493,0.103826353114274,0.310081934252857,TRUE,"down",FALSE,FALSE
"CLDN12","up",-0.0972492679166662,8.14537698779167,-1.73684750193559,0.103876526690003,0.3101721542679,TRUE,"down",FALSE,FALSE
"OSBPL8","down",0.147517756166669,9.631223319,1.73599342769731,0.104031479832886,0.310396211001289,TRUE,"up",FALSE,FALSE
"AMBN","up",-0.0891184639166661,5.96397026345833,-1.73569458061873,0.10408574709177,0.310468689030956,TRUE,"down",FALSE,FALSE
"ATP13A2","up",-0.0977588151666661,8.4372275365,-1.7337171555883,0.104445452669646,0.311272693780093,TRUE,"down",FALSE,FALSE
"C7orf31","up",-0.104909627916666,7.738674338625,-1.73293472215462,0.104588083438197,0.311428934220571,TRUE,"down",FALSE,FALSE
"UTS2R","down",0.0726461375000026,13.39340904875,1.73126203860269,0.104893573164636,0.311942104048848,TRUE,"up",FALSE,FALSE
"TMEM68","up",-0.0716831160833325,8.302951135375,-1.73047400231823,0.105037767229097,0.312259233002535,TRUE,"down",FALSE,FALSE
"PPP2CA","up",0.133174916250001,9.95321133554167,1.72889220034242,0.105327729286226,0.312971521887885,TRUE,"up",TRUE,FALSE
"ODZ1","up",0.120336021916667,5.483015863375,1.72697711295103,0.105679726766126,0.313541455769205,TRUE,"up",TRUE,FALSE
"ST14","down",0.0828767505833344,9.71444747479167,1.72545997698878,0.105959312523808,0.314127254912676,TRUE,"up",FALSE,FALSE
"HGFAC","up",0.10452624,5.57333843066667,1.72424126550227,0.10618437303076,0.314584366782205,TRUE,"up",TRUE,FALSE
"SHC3","down",-0.219867601583333,9.429589112625,-1.72394989418731,0.106238242915556,0.314683954611264,TRUE,"down",TRUE,FALSE
"ANKRD17","down",0.099681719166668,10.61156370625,1.72243433633169,0.106518832166345,0.315244609303044,TRUE,"up",FALSE,FALSE
"EIF4G1","down",0.102182785,10.67559149,1.72210636681682,0.106579637689282,0.315265239474852,TRUE,"up",FALSE,FALSE
"FAM111A","down",-0.127560733333332,11.1882514125,-1.72226286241893,0.106550619619814,0.315265239474852,TRUE,"down",TRUE,FALSE
"CACNA1S","up",0.111893350666668,5.82094763841667,1.72079793925841,0.106822523169127,0.315482315360814,TRUE,"up",TRUE,FALSE
"PODXL","down",0.280024413333333,12.993271945,1.71909117599042,0.107140081802989,0.315999679333886,TRUE,"up",FALSE,FALSE
"GIT1","down",0.05585905825,6.36976397154167,1.71686930771273,0.107554720123634,0.316766993456406,TRUE,"up",FALSE,FALSE
"C14orf119","up",-0.0616421541666653,10.9592780654167,-1.71627655970432,0.107665574325785,0.316977897048588,TRUE,"down",FALSE,FALSE
"C6orf162","up",-0.076455328249998,8.28160392529167,-1.71564277817216,0.107784213254545,0.317206959106385,TRUE,"down",FALSE,FALSE
"PABPC1","up",0.0902784250000013,15.05112913,1.71505277936345,0.107894759333586,0.317429169078593,TRUE,"up",TRUE,FALSE
"GPR37","up",0.204871607666667,6.19505583591667,1.71484267432323,0.107934149981776,0.31746780653481,TRUE,"up",TRUE,FALSE
"FOXJ3","down",-0.108526845,11.8809225958333,-1.7146978183963,0.107961315014792,0.317487599861785,TRUE,"down",TRUE,FALSE
"ZDHHC16","up",-0.111481147749999,9.10286435454167,-1.71190233449577,0.108486730246806,0.318460055005079,TRUE,"down",FALSE,FALSE
"VAV3","up",-0.273059494999999,8.95052619741667,-1.71046095183421,0.108758514079875,0.318956540772995,TRUE,"down",FALSE,FALSE
"HERC4","up",-0.0855685088333332,8.58768124166667,-1.7099118802487,0.108862202441607,0.319110033421283,TRUE,"down",FALSE,FALSE
"BRPF1","up",-0.0716884676666667,7.73016768475,-1.70886460287385,0.109060213452108,0.319539740913143,TRUE,"down",FALSE,FALSE
"C19orf42","up",-0.070261696666666,10.8169913566667,-1.70442797139329,0.109902556826316,0.321019717194092,TRUE,"down",FALSE,FALSE
"TAF1C","up",-0.100830257499998,10.6769746745833,-1.70453970717933,0.10988127290186,0.321019717194092,TRUE,"down",FALSE,FALSE
"MYO9A","down",-0.075675513333333,11.3417635091667,-1.70379321247538,0.110023536929068,0.321224366057742,TRUE,"down",TRUE,FALSE
"SORBS1","down",0.334942433416668,10.8493957399583,1.70384969070622,0.11001276790063,0.321224366057742,TRUE,"up",FALSE,FALSE
"KIAA1429","up",-0.0856381591666646,11.7443473279167,-1.70158698588053,0.110444932690837,0.321523156216837,TRUE,"down",FALSE,FALSE
"PIK3C2A","down",0.0707516357500005,7.20523511245833,1.70055097560932,0.110643300024818,0.321720813996924,TRUE,"up",FALSE,FALSE
"CXorf36","up",0.152553092500001,8.52521587425,1.70021889813447,0.110706949548537,0.321875768351467,TRUE,"up",TRUE,FALSE
"SLC39A4","up",-0.0815718106666656,8.37907198733333,-1.69991702207841,0.110764838107611,0.321983819784795,TRUE,"down",FALSE,FALSE
"SLC6A3","up",0.0794146765000003,5.27615120958333,1.69935148530217,0.110873358146821,0.322208846271795,TRUE,"up",TRUE,FALSE
"TGIF2","up",-0.0763889405833329,6.33530869445833,-1.69832698604706,0.111070184425578,0.322599810288985,TRUE,"down",FALSE,FALSE
"PAX9","down",0.0820940366666677,6.18515930316667,1.6979263868411,0.111147230318761,0.322793414381209,TRUE,"up",FALSE,FALSE
"FAM18B2","up",-0.0761387202499989,9.58917877229167,-1.69754431114521,0.11122075714117,0.32291337668045,TRUE,"down",FALSE,FALSE
"PCGF1","up",-0.111052216749999,9.27180737945833,-1.69671474552531,0.111380545408015,0.323305360302844,TRUE,"down",FALSE,FALSE
"LY75","up",-0.157360987749999,8.14425521554167,-1.69336550343957,0.112027705957743,0.32441051999245,TRUE,"down",FALSE,FALSE
"DBR1","up",-0.0802681572499996,8.26334950204167,-1.69306899131323,0.112085157651733,0.32451181125148,TRUE,"down",FALSE,FALSE
"CYB561D1","up",0.0712470290833343,9.226843979625,1.69149163259623,0.112391216485401,0.325119093407896,TRUE,"up",TRUE,FALSE
"PKIA","up",0.159579555500002,8.81130474075,1.691316434898,0.112425255486835,0.325140166878564,TRUE,"up",TRUE,FALSE
"GAB3","up",-0.125636273416665,7.804753658875,-1.69062225067598,0.112560216352565,0.32526142711027,TRUE,"down",FALSE,FALSE
"HMGB3","up",-0.129716696583333,7.46036714920833,-1.68782866758532,0.113104764828819,0.326252437129695,TRUE,"down",FALSE,FALSE
"BLK","down",-0.0897132276666662,5.50312064258333,-1.6875645984373,0.113156358040852,0.326283933501792,TRUE,"down",TRUE,FALSE
"EFHB","up",0.078993922083335,6.885508322625,1.68573858894654,0.113513681364481,0.327006963411567,TRUE,"up",TRUE,FALSE
"BCS1L","up",-0.069620453333332,10.8686057266667,-1.68478586749064,0.113700505186006,0.327363055702334,TRUE,"down",FALSE,FALSE
"STYXL1","up",-0.0770777563333322,7.18981259558333,-1.68384957371836,0.11388436865642,0.327679887294406,TRUE,"down",FALSE,FALSE
"KIAA1462","up",0.0931202133333341,6.25102004966667,1.68355911930522,0.113941458893435,0.327753102271507,TRUE,"up",TRUE,FALSE
"RAB14","down",-0.0559485391666656,10.80622138375,-1.68347460715782,0.11395807485275,0.327753577934257,TRUE,"down",TRUE,FALSE
"PCBP4","up",0.0706375491666664,12.18335798125,1.68254051620466,0.114141867436037,0.328113624549106,TRUE,"up",TRUE,FALSE
"PPM1M","up",-0.0880934566666665,9.63168337133333,-1.68184595881444,0.114278696528912,0.328419132310983,TRUE,"down",FALSE,FALSE
"NCBP1","up",-0.0833612233333332,8.92269543541667,-1.68149341935259,0.114348202107823,0.328466981223469,TRUE,"down",FALSE,FALSE
"SLC6A12","up",0.282610299000001,6.3208284465,1.68130685970972,0.114384998520949,0.328511939554757,TRUE,"up",TRUE,FALSE
"FAM57A","up",-0.132804032999999,8.55844445225,-1.68123341786032,0.114399486779798,0.328514652700073,TRUE,"down",FALSE,FALSE
"CCDC115","up",-0.117519966666667,10.7852037425,-1.68023818538673,0.114595979152951,0.328912815516158,TRUE,"down",FALSE,FALSE
"HAND1","up",0.0890766537500005,6.16475223945833,1.67972317479152,0.114697774921796,0.329075647494926,TRUE,"up",TRUE,FALSE
"MMP7","down",-0.0901770975833329,5.292915928375,-1.67960994862052,0.114720165493035,0.329098145792429,TRUE,"down",TRUE,FALSE
"ZNF655","up",-0.0967874293333327,10.1852121359167,-1.67927879942782,0.114785672370984,0.329207288566807,TRUE,"down",FALSE,FALSE
"C15orf39","up",-0.0819763080833321,10.1204871947917,-1.67824754674579,0.114989880167198,0.329518173619402,TRUE,"down",FALSE,FALSE
"FOXN4","down",-0.334263931999998,7.41871435083333,-1.67731338973095,0.115175134085535,0.329866509936928,TRUE,"down",TRUE,FALSE
"LRRC3","up",-0.0921179676666666,5.80851292633333,-1.67698650098797,0.115240021155403,0.329930704629199,TRUE,"down",FALSE,FALSE
"ATRX","down",0.0906912916666678,9.7453164015,1.67609775219581,0.115416597715738,0.330309806726743,TRUE,"up",FALSE,FALSE
"WDR19","up",-0.0763894829166652,8.630736852625,-1.6747024549279,0.115694290267111,0.330865438304619,TRUE,"down",FALSE,FALSE
"CNGA3","down",0.203711811000001,5.91713289716667,1.67346795545748,0.115940465252327,0.331171115520658,TRUE,"up",FALSE,FALSE
"CPZ","up",-0.270990299166667,10.52121592925,-1.6737876989614,0.115876660623408,0.331171115520658,TRUE,"down",FALSE,FALSE
"TLE3","down",0.0982215990833339,7.738459670625,1.67351810581317,0.115930455758048,0.331171115520658,TRUE,"up",FALSE,FALSE
"EPHA5","up",-0.226575487499999,6.90560496725,-1.67261989460194,0.116109843327998,0.331504645032396,TRUE,"down",FALSE,FALSE
"PTRF","down",0.149938758333336,15.4294649416667,1.67249880789444,0.116134044793673,0.331543278190831,TRUE,"up",FALSE,FALSE
"HTATIP2","up",0.112652078083335,9.45820061579167,1.67226186374165,0.116181415249628,0.331648041767242,TRUE,"up",TRUE,FALSE
"TUFT1","down",0.306883473333335,9.8792609565,1.67104172048868,0.116425615408291,0.332014886368036,TRUE,"up",FALSE,FALSE
"PPARGC1B","down",0.229027576166666,8.80454168325,1.67014785932993,0.116604796386212,0.332185223554816,TRUE,"up",FALSE,FALSE
"TRIM54","down",0.0834451698333334,5.45637732058333,1.66971204945134,0.116692244547947,0.332282021865267,TRUE,"up",FALSE,FALSE
"NDE1","down",-0.1095717,11.0209865283333,-1.66901244331418,0.116832744396384,0.332422072182812,TRUE,"down",TRUE,FALSE
"YY1AP1","up",-0.0827844083333312,11.7328769533333,-1.668698031514,0.116895934666024,0.33252682247942,TRUE,"down",FALSE,FALSE
"PKP2","up",-0.154215538166667,6.3650107295,-1.66830642836757,0.116974680333676,0.332689910052906,TRUE,"down",FALSE,FALSE
"SLC35A1","up",-0.0825406718333333,9.79119431316667,-1.66746027893183,0.11714498603744,0.332869593612743,TRUE,"down",FALSE,FALSE
"LRRC32","up",0.201575264166668,11.3449311429167,1.66694484827968,0.117248833054313,0.333013885128468,TRUE,"up",TRUE,FALSE
"UPF2","down",0.0975046829166674,7.98915967004167,1.66626430470361,0.117386068905577,0.33309771077937,TRUE,"up",FALSE,FALSE
"XPOT","up",-0.1039107845,8.00511058116667,-1.66628346240202,0.117382203728402,0.33309771077937,TRUE,"down",FALSE,FALSE
"ACADL","up",-0.177279161416666,6.34756242270833,-1.66606286477383,0.117426717277566,0.333152205921159,TRUE,"down",FALSE,FALSE
"MTF2","down",-0.0886380308333324,9.89482975366667,-1.66577501185953,0.117484824062758,0.333256203512692,TRUE,"down",TRUE,FALSE
"CCDC69","down",0.149176896833334,8.00618254908333,1.66434631807122,0.11777359387214,0.333496865833877,TRUE,"up",FALSE,FALSE
"PARP8","up",0.0977179199166679,8.28869307545833,1.66393053560342,0.117857748179473,0.333613551191819,TRUE,"up",TRUE,FALSE
"MAP3K3","down",0.0597200033333339,11.7596210591667,1.6633567108218,0.11797397597963,0.33380858426962,TRUE,"up",FALSE,FALSE
"MOAP1","up",0.137151368083333,9.398532371875,1.663258971008,0.117993783025193,0.333816154617025,TRUE,"up",TRUE,FALSE
"SIX5","down",-0.0807577272499992,7.932181423125,-1.66313993947324,0.118017908752867,0.333854011359168,TRUE,"down",TRUE,FALSE
"SCIN","up",-0.160603826,6.05400372966667,-1.66307774547163,0.11803051615397,0.333859280649628,TRUE,"down",FALSE,FALSE
"SCNN1A","down",-0.144031868833333,5.82369800116667,-1.66212793181993,0.118223199046422,0.33413054764148,TRUE,"down",TRUE,FALSE
"IDH3B","up",0.0605224725000007,11.3497134054167,1.66177147683866,0.118295581323432,0.334243912238035,TRUE,"up",TRUE,FALSE
"F3","up",-0.282247276333333,7.28816088083333,-1.66149994219485,0.118350745359313,0.33424516415972,TRUE,"down",FALSE,FALSE
"EMP2","up",0.112148275833334,13.0053491595833,1.66083153756454,0.118486631256562,0.334449182994539,TRUE,"up",TRUE,FALSE
"CCBL1","down",-0.1011932235,7.66463324183333,-1.65976030731335,0.118704693528928,0.334900688652904,TRUE,"down",TRUE,FALSE
"METTL1","up",-0.125361329583332,9.314432904875,-1.65965129201836,0.118726904461091,0.334900688652904,TRUE,"down",FALSE,FALSE
"KCNQ1","up",-0.123471954666666,9.63190988383333,-1.65877177809659,0.118906229817033,0.33514644166136,TRUE,"down",FALSE,FALSE
"CPSF6","down",-0.0831096147499992,8.88636034354167,-1.65867130596689,0.118926730170677,0.335173819488732,TRUE,"down",TRUE,FALSE
"PCDHB15","up",0.112341830833334,8.39278672383333,1.65830138887285,0.119002234556947,0.335295897409721,TRUE,"up",TRUE,FALSE
"COX7C","up",0.0810817274999996,15.4415645220833,1.65639892434822,0.119391206870542,0.336056126449993,TRUE,"up",TRUE,FALSE
"SV2B","down",0.205614952166668,8.0389038735,1.65622427234083,0.119426970900452,0.33609590071722,TRUE,"up",FALSE,FALSE
"DAZAP1","up",0.076546221666668,10.5658025466667,1.65584256992311,0.119505165618864,0.336102869850591,TRUE,"up",TRUE,FALSE
"BNIP1","up",-0.0720579051666664,8.37747981691667,-1.65238649082107,0.120215193047188,0.337275528520293,TRUE,"down",FALSE,FALSE
"OTOP2","up",0.0877487844166672,5.883493575875,1.65200768100958,0.120293238754991,0.33740309754424,TRUE,"up",TRUE,FALSE
"C9orf153","down",-0.0759256489166664,5.41304899195833,-1.65169872544132,0.120356924982047,0.337490332374531,TRUE,"down",TRUE,FALSE
"BPHL","down",-0.0730277108333328,10.0859120660833,-1.65119285564352,0.120461264987744,0.337752429678684,TRUE,"down",TRUE,FALSE
"SLC17A6","down",-0.0837188503333323,5.37192876516667,-1.65085804892948,0.120530364845064,0.337885194556642,TRUE,"down",TRUE,FALSE
"ADAMTS2","up",0.154534873416667,8.896189600375,1.65041477913377,0.120621902927855,0.338019820325965,TRUE,"up",TRUE,FALSE
"STRN","down",0.0674896551666669,6.75890900175,1.64871627098146,0.12097321349125,0.338542392138413,TRUE,"up",FALSE,FALSE
"IRF2","up",-0.0967886224999991,7.94516823975,-1.64844929665546,0.1210285135719,0.338640069671867,TRUE,"down",FALSE,FALSE
"APTX","up",-0.0702161701666656,9.46404573191667,-1.64740472139227,0.121245093464435,0.338810107286055,TRUE,"down",FALSE,FALSE
"PPARD","down",0.0816978030833328,9.951932423625,1.647385807721,0.121249018073343,0.338810107286055,TRUE,"up",FALSE,FALSE
"SLC25A26","up",0.0805405721666682,8.06526473775,1.64683274256121,0.121363828376817,0.338876426610754,TRUE,"up",TRUE,FALSE
"TMCO3","up",-0.0833410225000001,11.3806020979167,-1.64689192541719,0.121351538165812,0.338876426610754,TRUE,"down",FALSE,FALSE
"ATIC","up",-0.101693330999998,10.18237144625,-1.64642701495385,0.121448112838131,0.338929024798491,TRUE,"down",FALSE,FALSE
"CPNE8","down",0.0984671320833341,8.02687399045833,1.64652713001801,0.121427310571019,0.338929024798491,TRUE,"up",FALSE,FALSE
"NFE2L1","up",0.0951955916666673,13.1424509525,1.64660265646633,0.121411619455717,0.338929024798491,TRUE,"up",TRUE,FALSE
"SH3TC2","up",0.140275261000001,6.36765370758333,1.64487244015543,0.121771523984562,0.339595054404715,TRUE,"up",TRUE,FALSE
"ABCB10","up",0.0931054818333339,8.5401558605,1.64440917608427,0.121868044691062,0.339673832493781,TRUE,"up",TRUE,FALSE
"EVPL","down",0.0771504007500015,9.45702580979167,1.64402463506407,0.121948213783278,0.339775367528157,TRUE,"up",FALSE,FALSE
"MTHFD1L","down",0.117595960333334,7.25316196683333,1.64379448765675,0.121996216725883,0.339848166227958,TRUE,"up",FALSE,FALSE
"SBF2","down",-0.0898828674166647,9.61470485804167,-1.64338569473871,0.122081520921128,0.339990125376766,TRUE,"down",TRUE,FALSE
"BMP8A","up",0.091497808333336,13.9139629691667,1.64155762495279,0.122463621970714,0.340640525833462,TRUE,"up",TRUE,FALSE
"MITF","down",-0.267390603333332,11.0115479483333,-1.64154137949367,0.122467022209243,0.340640525833462,TRUE,"down",TRUE,FALSE
"HTR2B","up",-0.31452846825,8.12906880870833,-1.64117693188479,0.122543323990829,0.340756536747207,TRUE,"down",FALSE,FALSE
"TRIM62","down",0.0533704391666672,7.02453824533333,1.64067237990865,0.122649026266741,0.34093313152265,TRUE,"up",FALSE,FALSE
"DCTN4","up",-0.106684875833332,11.3029241129167,-1.6400780879627,0.122773629928731,0.341106611496514,TRUE,"down",FALSE,FALSE
"EEF1A1","up",-0.122376202499999,16.0941083345833,-1.63868811663123,0.123065489027565,0.341552978613072,TRUE,"down",FALSE,FALSE
"SRP72","down",0.104271786666667,11.7762952616667,1.63736114973306,0.123344678103559,0.341949129018005,TRUE,"up",FALSE,FALSE
"SLIT2","down",-0.173534231166666,9.6535217015,-1.63674765439877,0.123473940228195,0.342093827086088,TRUE,"down",TRUE,FALSE
"CTAGE1","up",0.0700512960000014,6.2809905155,1.63634285300583,0.123559295074373,0.342238760612491,TRUE,"up",TRUE,FALSE
"PRDX3","up",-0.122729673583332,10.0065347977083,-1.63535114059082,0.123768619137882,0.342787996599721,TRUE,"down",FALSE,FALSE
"CLDN18","up",0.103640245,5.77800299925,1.63426403093944,0.123998430878117,0.343179767012101,TRUE,"up",TRUE,FALSE
"MR1","down",0.0896972807500003,8.23283947495833,1.63382459415997,0.124091431041291,0.343253711859254,TRUE,"up",FALSE,FALSE
"EXT2","up",-0.0592907033333317,11.8449968025,-1.63352497455655,0.12415487553874,0.343363103173646,TRUE,"down",FALSE,FALSE
"NFIC","down",0.104282644000001,9.13603208566667,1.63274720894095,0.124319698264669,0.343609826052286,TRUE,"up",FALSE,FALSE
"ZNF621","up",0.0793721456666671,7.29105744416667,1.62914910541965,0.125084662574574,0.345048884545204,TRUE,"up",TRUE,FALSE
"SF3B1","up",-0.124631717499999,12.49052949875,-1.62874542232436,0.125170739319653,0.345225032144528,TRUE,"down",FALSE,FALSE
"GPR171","up",-0.207204487083333,7.54190963070833,-1.62864507896128,0.125192143313798,0.345253419459159,TRUE,"down",FALSE,FALSE
"TERF2","up",-0.0921791821666653,7.89146681425,-1.62828786406908,0.125268365567126,0.345341021639761,TRUE,"down",FALSE,FALSE
"BLVRA","up",0.0662647150000017,13.5862543325,1.6279627340184,0.125337776377931,0.345471071375417,TRUE,"up",TRUE,FALSE
"ARSA","up",0.110926335272728,8.89178630709091,1.63459090563677,0.125547592288925,0.345759321544257,TRUE,"up",TRUE,FALSE
"ZNF581","up",-0.108119759083333,8.445601246125,-1.62684857172969,0.125575886445254,0.345759321544257,TRUE,"down",FALSE,FALSE
"ADAM12","down",-0.374214798416666,6.625188335625,-1.6259286155322,0.125772786244326,0.345857891008763,TRUE,"down",TRUE,FALSE
"CA11","up",0.126780332666667,9.03438289983333,1.62625392521026,0.125703129253193,0.345857891008763,TRUE,"up",TRUE,FALSE
"CCDC96","up",0.0890582726666676,9.09444152316667,1.62607125803708,0.125742238796864,0.345857891008763,TRUE,"up",TRUE,FALSE
"SIRT5","up",-0.0784564684166655,9.26875924379167,-1.62587157639431,0.125785003188519,0.345857891008763,TRUE,"down",FALSE,FALSE
"PIGY","up",-0.0847579266666655,12.9891978891667,-1.62459397840852,0.126058914127099,0.346322502043195,TRUE,"down",FALSE,FALSE
"CCNG1","up",-0.104531443833333,9.98104680866667,-1.62324703303856,0.126348249468144,0.346839157318311,TRUE,"down",FALSE,FALSE
"HIST1H4H","up",0.152768400166668,10.3349108828333,1.62318105999136,0.126362435732402,0.346839157318311,TRUE,"up",TRUE,FALSE
"PPP1R12B","down",0.326162159166667,14.1909103704167,1.62072596646418,0.126891334305963,0.347851612077268,TRUE,"up",FALSE,FALSE
"BATF2","down",-0.110238722416667,7.47825230504167,-1.61989706337578,0.127070334258978,0.348054427547157,TRUE,"down",TRUE,FALSE
"CXCL1","down",0.442934116000001,9.01785395775,1.61910211731982,0.127242205513888,0.34831026426989,TRUE,"up",FALSE,FALSE
"ZNF404","up",-0.120105067666667,7.54476854425,-1.61659961458166,0.127784566497374,0.349333279096111,TRUE,"down",FALSE,FALSE
"ZDHHC19","up",0.0697920096666681,5.89427745766667,1.61620181108056,0.127870964479666,0.349507970470811,TRUE,"up",TRUE,FALSE
"DENND1A","down",0.0633822456666664,8.947123248,1.61512102878515,0.128105950867113,0.349684794349147,TRUE,"up",FALSE,FALSE
"SSR3","up",-0.146653926083331,9.66779540329167,-1.61514887297104,0.128099892254335,0.349684794349147,TRUE,"down",FALSE,FALSE
"PARP4","up",-0.0836749866666658,9.55519685816667,-1.61479430185192,0.128177061761565,0.349698627013377,TRUE,"down",FALSE,FALSE
"UBE2D1","up",0.0724192053333351,8.97502834458333,1.6148782846658,0.128158779973974,0.349698627013377,TRUE,"up",TRUE,FALSE
"MBIP","up",-0.104301861333332,9.60134506283333,-1.61337314419523,0.128486766690418,0.350178074075747,TRUE,"down",FALSE,FALSE
"LGR6","down",0.320545669416668,8.150254287125,1.6126097077566,0.128653403744449,0.350343444316301,TRUE,"up",FALSE,FALSE
"CEBPZ","up",0.0795870358333332,10.3730026670833,1.61230860167053,0.128719177968293,0.350408471861819,TRUE,"up",TRUE,FALSE
"TPT1","up",-0.113780491666666,16.3736383208333,-1.61214101072545,0.128755799400456,0.350462211329621,TRUE,"down",FALSE,FALSE
"ZNF674","up",0.0905985750000007,6.02064679883333,1.60943329582916,0.129348723436777,0.351479410418347,TRUE,"up",TRUE,FALSE
"SLC19A3","down",-0.100663686916666,5.83736516929167,-1.60862303429307,0.129526606746528,0.351615059775567,TRUE,"down",TRUE,FALSE
"USF2","up",0.0646897185000005,7.77865108741667,1.60879101003906,0.129489712398394,0.351615059775567,TRUE,"up",TRUE,FALSE
"ZCCHC17","down",0.0831836433333344,10.9524900108333,1.60858889626327,0.129534105959445,0.351615059775567,TRUE,"up",FALSE,FALSE
"RNASEH1","down",0.0754227570000006,8.25244116241667,1.60818960834418,0.129621846554466,0.351729207007252,TRUE,"up",FALSE,FALSE
"STC2","up",0.120989263750001,8.077100505125,1.60819788688858,0.129620026886634,0.351729207007252,TRUE,"up",TRUE,FALSE
"IL31RA","up",0.0975207044166673,5.762169866875,1.60811116726033,0.129639089408919,0.351741685829021,TRUE,"up",TRUE,FALSE
"KCNJ6","down",0.0822500925000006,5.28949085425,1.60722793135013,0.129833377681762,0.352084369988453,TRUE,"up",FALSE,FALSE
"TMEM61","up",0.118726980833334,6.10620411375,1.60686513110743,0.129913256488665,0.352208769358328,TRUE,"up",TRUE,FALSE
"FOLH1","up",-0.215364140333333,6.73571900833333,-1.60661177625459,0.12996906341328,0.352298590105333,TRUE,"down",FALSE,FALSE
"BRAP","up",0.0762162065000012,7.842677768,1.60594484525071,0.130116067964332,0.352564531767233,TRUE,"up",TRUE,FALSE
"SLC24A3","up",-0.359892436666665,11.7960886616667,-1.60523001338484,0.130273789352885,0.352770816057375,TRUE,"down",FALSE,FALSE
"CAMTA2","up",0.0994457760000015,7.60423847991667,1.60470309459774,0.130390154468269,0.352947371690744,TRUE,"up",TRUE,FALSE
"KIAA0196","up",-0.0635785408333325,11.0351813604167,-1.6042738633085,0.130485012170121,0.353111853174533,TRUE,"down",FALSE,FALSE
"SH2D1A","up",-0.159363996,5.89823138975,-1.60378511148822,0.130593095721055,0.353251815432446,TRUE,"down",FALSE,FALSE
"POGZ","down",-0.097494758333333,11.2507005033333,-1.60331543035246,0.130697034363283,0.353439360464399,TRUE,"down",TRUE,FALSE
"GLI3","up",-0.104716299166667,11.0174633595833,-1.60316740792186,0.130729805877312,0.353466457380772,TRUE,"down",FALSE,FALSE
"NFATC4","down",0.0999450270000006,9.15768401025,1.60303912525163,0.130758212801293,0.353481745968485,TRUE,"up",FALSE,FALSE
"GALNT5","down",-0.15905880675,5.88446988254167,-1.60278849195325,0.130813728348192,0.353570299863869,TRUE,"down",TRUE,FALSE
"CTSL2","up",0.743592741416669,7.13111231520833,1.60257716287401,0.130860553689757,0.353635338689174,TRUE,"up",TRUE,FALSE
"OMG","down",-0.10361191475,5.312598986375,-1.59955480555503,0.131531809724603,0.354739726739246,TRUE,"down",TRUE,FALSE
"LCN12","up",-0.133311448083332,6.32635149520833,-1.59791963316006,0.131896206304403,0.35532156427002,TRUE,"down",FALSE,FALSE
"APLP2","down",0.105109374166668,13.03093553375,1.59581408346397,0.132366700924654,0.355787035564952,TRUE,"up",FALSE,FALSE
"PYGM","down",0.271719596333334,8.90554833883333,1.59550989234509,0.132434792623419,0.355908482649616,TRUE,"up",FALSE,FALSE
"ATG16L1","up",-0.0798323584166665,9.16555756654167,-1.59348568067929,0.132888667633975,0.356757964465428,TRUE,"down",FALSE,FALSE
"USHBP1","up",-0.108062752083333,7.47355957204167,-1.59334738867755,0.132919724481834,0.356786495007696,TRUE,"down",FALSE,FALSE
"MACF1","down",0.0809669100000005,12.2633436358333,1.59288555456151,0.133023485685381,0.356911916528376,TRUE,"up",FALSE,FALSE
"EFCAB2","down",0.0733292465833342,7.64437950695833,1.59121685074472,0.133398975301326,0.357409042361147,TRUE,"up",FALSE,FALSE
"TAOK2","up",0.0581093629166663,9.177041750125,1.59018382186913,0.133631880817898,0.357570207827531,TRUE,"up",TRUE,FALSE
"RARRES3","up",-0.109730099166665,11.9206155129167,-1.58967687707727,0.133746303330543,0.35774144750493,TRUE,"down",FALSE,FALSE
"NOB1","up",-0.0658852925833326,9.67368299529167,-1.58909247922825,0.133878311858137,0.357991988472981,TRUE,"down",FALSE,FALSE
"TMCO1","up",-0.073166671166665,10.3532706119167,-1.58518867427203,0.134762999203149,0.359371727124661,TRUE,"down",FALSE,FALSE
"KAAG1","up",-0.0812005964999995,5.67442229108333,-1.58476573205775,0.134859146772921,0.359463575516972,TRUE,"down",FALSE,FALSE
"PLAGL2","up",-0.124016250499998,9.00942546891667,-1.58471548971514,0.134870572276915,0.359463575516972,TRUE,"down",FALSE,FALSE
"DUSP22","up",0.0713333231666679,9.41604408975,1.58371950559377,0.135097237856965,0.359757718990998,TRUE,"up",TRUE,FALSE
"HHLA3","up",-0.0808105846666668,6.72793475791667,-1.58344936654732,0.13515877210729,0.359791319226295,TRUE,"down",FALSE,FALSE
"PSRC1","up",0.249111850500001,8.4528492455,1.58176419938504,0.135543173174592,0.360458531057936,TRUE,"up",TRUE,FALSE
"PPT2","down",0.0830810366666659,10.7819034466667,1.58130796506635,0.135647404771779,0.360643121508403,TRUE,"up",FALSE,FALSE
"ABCF2","up",0.0727229980000009,8.83679324308333,1.5789460168549,0.136188113155944,0.361511699652216,TRUE,"up",TRUE,FALSE
"COX5A","up",0.0767221708333352,11.5957756695833,1.57913978539318,0.136143685500622,0.361511699652216,TRUE,"up",TRUE,FALSE
"FASTKD1","up",-0.0681256163333325,7.83812854608333,-1.57921803694718,0.136125747331494,0.361511699652216,TRUE,"down",FALSE,FALSE
"ARHGAP30","down",-0.109323866916665,7.15979696870833,-1.57868111526778,0.136248870388145,0.361564007645213,TRUE,"down",TRUE,FALSE
"PTPLB","up",0.0791552245000008,9.63189395433333,1.57769288739681,0.136475732488138,0.361777514112732,TRUE,"up",TRUE,FALSE
"CAPN3","up",-0.101135244166665,8.79304086675,-1.57739479550285,0.136544227138265,0.361850936088715,TRUE,"down",FALSE,FALSE
"JAK3","up",-0.131963309499999,8.86004976441667,-1.57706718468617,0.1366195384227,0.361943270484474,TRUE,"down",FALSE,FALSE
"PPIC","up",0.172434650000003,12.0737557508333,1.5770405463823,0.136625663604287,0.361943270484474,TRUE,"up",TRUE,FALSE
"CPVL","up",-0.103477102333331,9.79528797016667,-1.57654178196507,0.136740392247717,0.3621237081668,TRUE,"down",FALSE,FALSE
"DNAJB14","down",0.0785634616666673,10.568035975,1.57590837655405,0.136886210362568,0.362416315319287,TRUE,"up",FALSE,FALSE
"SDHD","up",-0.0974940283333308,10.9528057458333,-1.57566531399595,0.136942201748714,0.362503671216225,TRUE,"down",FALSE,FALSE
"BCAM","up",0.0944210266666672,16.2954220083333,1.57455145871446,0.137199037335869,0.36296709136655,TRUE,"up",TRUE,FALSE
"SLC4A3","up",-0.201844685166666,8.76911990233333,-1.57461728081812,0.137183848483225,0.36296709136655,TRUE,"down",FALSE,FALSE
"ZNF576","up",-0.0506787759166654,9.20783201295833,-1.57456869490601,0.137195059840605,0.36296709136655,TRUE,"down",FALSE,FALSE
"ICA1","down",0.164380927166668,8.89072161483333,1.57444784011327,0.137222950870095,0.362999449126136,TRUE,"up",FALSE,FALSE
"GLB1L","up",-0.115958008583332,8.189835019125,-1.5741587359128,0.137289690360155,0.36311416912417,TRUE,"down",FALSE,FALSE
"BBS2","up",-0.0920711416666652,11.481427305,-1.57364409087701,0.137408564346617,0.363319009324013,TRUE,"down",FALSE,FALSE
"CCNB3","down",-0.0931330312499997,5.638306957625,-1.57373041379049,0.137388619136107,0.363319009324013,TRUE,"down",TRUE,FALSE
"PNPLA4","up",-0.113741607500001,10.0745611065,-1.57369872866455,0.137395939808008,0.363319009324013,TRUE,"down",FALSE,FALSE
"ASF1A","up",-0.0983268333333322,8.94876602808333,-1.57262942015347,0.137643192864076,0.363476832477681,TRUE,"down",FALSE,FALSE
"PCDHB4","up",-0.133548433416666,8.062305333125,-1.57249593762946,0.137674084276311,0.363476832477681,TRUE,"down",FALSE,FALSE
"XKRY2","up",0.0902862835833338,5.286901501125,1.57245239198677,0.137684163177855,0.363476832477681,TRUE,"up",TRUE,FALSE
"CNBP","up",-0.109547765833332,13.5579026279167,-1.57230819391233,0.137717543186207,0.363482361165851,TRUE,"down",FALSE,FALSE
"GAL3ST1","up",0.221917972333334,8.0573298085,1.57236052806478,0.137705427701634,0.363482361165851,TRUE,"up",TRUE,FALSE
"TENC1","up",0.104514056666668,11.6727692833333,1.57192531478276,0.137806208314344,0.363613663785945,TRUE,"up",TRUE,FALSE
"POT1","up",-0.0693948512499993,8.55943653495833,-1.57091949061419,0.138039363826891,0.363919829698723,TRUE,"down",FALSE,FALSE
"LMLN","down",-0.0998005963333325,7.91653815283333,-1.57066577903678,0.138098228669817,0.363932318462051,TRUE,"down",TRUE,FALSE
"KDELC1","up",-0.132156316999999,8.63128739883333,-1.57034550111333,0.138172568465205,0.364023914477773,TRUE,"down",FALSE,FALSE
"ZNF124","down",-0.130675668999999,9.07726385358333,-1.57039381434076,0.138161352283272,0.364023914477773,TRUE,"down",TRUE,FALSE
"SAA2","down",-0.1193319235,5.81526020358333,-1.56941117421936,0.138389630384231,0.364441274285857,TRUE,"down",TRUE,FALSE
"CTNS","up",-0.0984502551666649,9.50911930775,-1.56917979985923,0.138443427952528,0.364505600685136,TRUE,"down",FALSE,FALSE
"RAB3GAP1","up",0.0957650633333345,10.6771729233333,1.568955258324,0.138495653849914,0.364577523941297,TRUE,"up",TRUE,FALSE
"KIF21A","down",-0.256274303166667,9.551015057,-1.56831014838878,0.138645792815834,0.36481751116439,TRUE,"down",TRUE,FALSE
"MCOLN1","down",0.109201261083333,8.18766891695833,1.56824204628381,0.138661650580955,0.36481751116439,TRUE,"up",FALSE,FALSE
"RPL10A","up",-0.126285475833331,16.6142124520833,-1.56797620070498,0.138723568266503,0.36494951428133,TRUE,"down",FALSE,FALSE
"TFCP2L1","down",-0.121869809083333,5.77424720445833,-1.566194555139,0.13913913718883,0.365769615245267,TRUE,"down",TRUE,FALSE
"USP19","up",0.0899578910000003,7.93147808858333,1.56350171960434,0.139769254505794,0.366983960744334,TRUE,"up",TRUE,FALSE
"NELF","down",-0.0775287431666655,9.04898500841667,-1.56267427349124,0.139963362543114,0.367287935436741,TRUE,"down",TRUE,FALSE
"SH2B2","up",0.139505512583334,7.461831773625,1.5621980648218,0.140075178915958,0.367432066675994,TRUE,"up",TRUE,FALSE
"IL6ST","down",0.168374422500001,9.68662870941667,1.56082509114163,0.140397986446698,0.367893759798291,TRUE,"up",FALSE,FALSE
"ZC3H7A","up",-0.0692217241666653,10.3613381770833,-1.56074674510546,0.140416425907224,0.367893759798291,TRUE,"down",FALSE,FALSE
"APBB1IP","up",0.178440214416667,8.744241432625,1.55806307585514,0.141049297976189,0.36897489364507,TRUE,"up",TRUE,FALSE
"GPX1","up",0.100964160000002,15.3134343083333,1.55798631461254,0.14106743572168,0.368991275590878,TRUE,"up",TRUE,FALSE
"GDF6","down",0.124154567166667,6.13506264991667,1.55749995787403,0.141182402009688,0.369035443231021,TRUE,"up",FALSE,FALSE
"PRM1","down",-0.0731559107499989,6.580641193875,-1.55728666128746,0.141232846757065,0.369035443231021,TRUE,"down",TRUE,FALSE
"SCRT1","down",0.0550393456666671,5.906610665,1.55760895486129,0.141156630086815,0.369035443231021,TRUE,"up",FALSE,FALSE
"ZDHHC4","up",-0.0574029766666667,12.2753273208333,-1.55640638495992,0.141441194777947,0.369378114316723,TRUE,"down",FALSE,FALSE
"SEC61A2","up",-0.0970332112499987,7.09762121120833,-1.55626588413566,0.141474473367145,0.369402927433944,TRUE,"down",FALSE,FALSE
"FAF1","up",0.0801996341666676,10.5553214879167,1.5561030319204,0.141513054369756,0.369430156078678,TRUE,"up",TRUE,FALSE
"NOS1AP","down",-0.118046102583333,6.191059928375,-1.5560229193589,0.141532036964772,0.369430156078678,TRUE,"down",TRUE,FALSE
"SCTR","up",-0.0721171949166667,5.599487070625,-1.5555837105183,0.141636145564488,0.369576613619397,TRUE,"down",FALSE,FALSE
"NUMBL","up",0.0869197112500001,8.21695450704167,1.55415539207435,0.141975159744286,0.370211119463732,TRUE,"up",TRUE,FALSE
"GLA","down",0.0993865466666687,11.6533446066667,1.55332145158031,0.142173415940292,0.370480743047363,TRUE,"up",FALSE,FALSE
"ARL6","up",0.067066103916667,6.45770069829167,1.55300776612092,0.142248050589843,0.370581992783398,TRUE,"up",TRUE,FALSE
"DNAJB12","up",0.0672085237500016,9.940933536875,1.55246017430253,0.142378417985796,0.370817748371152,TRUE,"up",TRUE,FALSE
"PGK1","up",0.0605434850000004,12.80733784,1.55079553161649,0.142775349818463,0.371395200465408,TRUE,"up",TRUE,FALSE
"VDAC1","up",0.0871106275000011,11.0784358595833,1.55052446669064,0.142840073815508,0.371501362149115,TRUE,"up",TRUE,FALSE
"DYNLL1","up",-0.0982688249999994,14.7944818358333,-1.5499951067236,0.142966544525655,0.371713132406631,TRUE,"down",FALSE,FALSE
"KLK11","up",0.637000813833336,7.65259257883333,1.54984209344925,0.143003119023811,0.371738719510404,TRUE,"up",TRUE,FALSE
"ACN9","up",-0.094743368249999,9.82154488804167,-1.54970284428399,0.143036410417521,0.371763056837575,TRUE,"down",FALSE,FALSE
"EFNB2","down",0.142560786083333,9.550369988625,1.54954900274589,0.143073198177864,0.371765379978474,TRUE,"up",FALSE,FALSE
"WDFY3","down",-0.0902137251666658,9.5737081245,-1.54886921678987,0.143235849989557,0.371939188607347,TRUE,"down",TRUE,FALSE
"KCNJ4","down",0.102064840916667,5.35755532154167,1.5485713792005,0.143307162793323,0.372031093851962,TRUE,"up",FALSE,FALSE
"DPYSL3","down",0.214952132500001,13.9404356129167,1.54834382575652,0.143361667412406,0.372110410979724,TRUE,"up",FALSE,FALSE
"SIGLEC6","down",-0.110880532333332,6.70018093125,-1.54751935602319,0.143559295532156,0.37249890862423,TRUE,"down",TRUE,FALSE
"AHDC1","up",-0.127837362333332,9.64942463433333,-1.54731845692635,0.143607486740193,0.372558679112108,TRUE,"down",FALSE,FALSE
"BCLAF1","down",0.0793672216666681,12.2384315233333,1.54708960268128,0.143662400495919,0.372558679112108,TRUE,"up",FALSE,FALSE
"TNKS1BP1","up",0.0803670514166681,8.05516785195833,1.54718338082749,0.143639896200921,0.372558679112108,TRUE,"up",TRUE,FALSE
"ABCF1","down",0.0683115775000016,11.2283100304167,1.54592988773676,0.143940949102821,0.37309473328896,TRUE,"up",FALSE,FALSE
"WISP1","down",-0.131116540666667,6.49131486791667,-1.5452535818189,0.144103600571971,0.373194455490271,TRUE,"down",TRUE,FALSE
"UPK2","down",0.0579157352500005,6.806600832125,1.54508425380123,0.144144348337981,0.373246014354451,TRUE,"up",FALSE,FALSE
"SLC9A9","up",-0.121228948583333,10.1210725725417,-1.54475230277525,0.144224258720182,0.373408733912771,TRUE,"down",FALSE,FALSE
"PLA2G12A","up",0.0828793048333343,9.32153161966667,1.54430431564367,0.144332161997289,0.373568424621387,TRUE,"up",TRUE,FALSE
"DIXDC1","down",0.110915747500001,10.0694631099167,1.54422462553214,0.144351363526136,0.373583830783252,TRUE,"up",FALSE,FALSE
"IL1RN","up",-0.247593193166666,6.27537107458333,-1.54417981923358,0.144362160666018,0.373583830783252,TRUE,"down",FALSE,FALSE
"ARRDC3","down",0.135807698,8.5850978355,1.54247724786153,0.144772943506774,0.374303952458186,TRUE,"up",FALSE,FALSE
"TMEM130","up",0.221018724166667,11.2235967454167,1.54237235256325,0.144798284194792,0.374338321532621,TRUE,"up",TRUE,FALSE
"PPP1R12A","down",0.206284156666667,10.9952620041667,1.54210992388733,0.144861698396628,0.374408808233241,TRUE,"up",FALSE,FALSE
"RABGAP1L","up",0.0706340826666669,9.7450810805,1.54070131493062,0.145202482272124,0.374821926489943,TRUE,"up",TRUE,FALSE
"ZNF347","down",-0.0787680537499998,7.79145627529167,-1.5408873526763,0.145157435359373,0.374821926489943,TRUE,"down",TRUE,FALSE
"DCP1A","up",0.0723986708333346,11.93162983875,1.54064207243774,0.145216829651913,0.374827822806466,TRUE,"up",TRUE,FALSE
"FZD1","up",-0.135505931749999,10.1018800484583,-1.54046321086466,0.145260153738517,0.374908505437594,TRUE,"down",FALSE,FALSE
"CEP350","down",-0.0872007329166652,10.412918961875,-1.54025385261955,0.145310878687077,0.374945990912213,TRUE,"down",TRUE,FALSE
"GLRX2","up",0.0626786034999997,9.65323760491667,1.54019537456894,0.145325049887702,0.374951419921173,TRUE,"up",TRUE,FALSE
"MYD88","up",-0.0570017139166655,9.20499547645833,-1.53878168610022,0.145667990821605,0.375441045571924,TRUE,"down",FALSE,FALSE
"ANKRD54","down",-0.0704397048333329,9.168716505,-1.53777657727013,0.145912232997057,0.375508037041249,TRUE,"down",TRUE,FALSE
"PFN2","up",-0.174527666666666,8.72130019108333,-1.53841512802611,0.14575702453769,0.375508037041249,TRUE,"down",FALSE,FALSE
"GCLM","up",0.128754690583334,7.54135300920833,1.53753335927252,0.14597138725724,0.375558743467497,TRUE,"up",TRUE,FALSE
"ILF3","up",-0.071725024166665,10.9157697045833,-1.5369858997995,0.1461046119369,0.375777046776207,TRUE,"down",FALSE,FALSE
"TRPM6","down",0.132846096416667,6.20420207895833,1.536662893562,0.146183264052145,0.375840493675734,TRUE,"up",FALSE,FALSE
"TRAF3IP1","down",0.0957280248333347,9.31862597075,1.53649868732071,0.146223262069135,0.375875012435728,TRUE,"up",FALSE,FALSE
"TRIM21","up",-0.0630077839999992,8.27527541983333,-1.53590463970266,0.146368040010586,0.37611211869078,TRUE,"down",FALSE,FALSE
"MYOM1","down",0.198951801833335,9.19577220858333,1.53501677928873,0.146584650648898,0.376419691319219,TRUE,"up",FALSE,FALSE
"ANKRD33","up",0.0635795861666673,7.97407312891667,1.53461853537011,0.146681898062735,0.376431303422827,TRUE,"up",TRUE,FALSE
"RNF151","up",-0.0740541366666665,7.04688683075,-1.5339493293805,0.146845434872603,0.376685284505079,TRUE,"down",FALSE,FALSE
"SDCBP","up",0.120598780833335,11.4929292204167,1.53403352082736,0.146824852154527,0.376685284505079,TRUE,"up",TRUE,FALSE
"MGRN1","down",-0.0930789325000004,13.0559700454167,-1.53267185240804,0.147158046088211,0.377112973860032,TRUE,"down",TRUE,FALSE
"RAE1","up",-0.0728559526666654,9.55907790766667,-1.5323426685616,0.14723869182917,0.377226305451515,TRUE,"down",FALSE,FALSE
"FKBP6","up",0.0948918471666671,5.61250308041667,1.5295672324059,0.147920125411949,0.378379364188695,TRUE,"up",TRUE,FALSE
"PCGF6","down",-0.103760677499999,8.84476800058333,-1.52812088955078,0.148276291892714,0.378987319413624,TRUE,"down",TRUE,FALSE
"B3GALT6","up",-0.0718522916666651,10.2608423736667,-1.52795250174034,0.148317805006248,0.37899102279228,TRUE,"down",FALSE,FALSE
"SNAPC2","up",-0.188169986666666,12.6221362375,-1.52780286701718,0.148354703114436,0.379041398496383,TRUE,"down",FALSE,FALSE
"DZIP3","up",-0.0911903681666646,8.71972822183333,-1.52661548868588,0.148647771407245,0.379272750301027,TRUE,"down",FALSE,FALSE
"GRIN2C","up",-0.10175639625,7.428931051375,-1.52514960236102,0.149010255743469,0.37976104547745,TRUE,"down",FALSE,FALSE
"C6orf62","up",-0.0698216758333332,10.9692502379167,-1.524464334857,0.149179964697554,0.379998683823135,TRUE,"down",FALSE,FALSE
"SLC25A20","up",-0.14061661775,8.56395762529167,-1.52374603827022,0.149358028676386,0.379998683823135,TRUE,"down",FALSE,FALSE
"PKN2","down",0.077603612500002,14.4328950154167,1.52344667375246,0.149432293399492,0.380089947359831,TRUE,"up",FALSE,FALSE
"LRRC20","down",-0.149460463916666,9.51887674629167,-1.52279661301785,0.149593664333731,0.3803743320931,TRUE,"down",TRUE,FALSE
"ZNF580","up",-0.150277587499999,11.9567394229167,-1.52232214461171,0.149711539153862,0.38061176113474,TRUE,"down",FALSE,FALSE
"SMPD1","up",0.0864929614166677,9.45306243570833,1.52211970439402,0.149761856367121,0.380646249573758,TRUE,"up",TRUE,FALSE
"ANKRD26","down",-0.0904898730833315,8.33859275270833,-1.52152518669118,0.149909708341278,0.380803994242985,TRUE,"down",TRUE,FALSE
"FAM118B","up",-0.0960168621666659,8.09555897191667,-1.52170570184317,0.149864802589739,0.380803994242985,TRUE,"down",FALSE,FALSE
"ST3GAL4","up",0.121249218833334,8.05215454116667,1.52095680353359,0.150051176066116,0.380976478405488,TRUE,"up",TRUE,FALSE
"RPS27A","up",-0.103916711666666,16.5359964241667,-1.52061980647116,0.150135106156141,0.38100277837991,TRUE,"down",FALSE,FALSE
"KPTN","up",0.0786750456666669,7.79888924358333,1.51912820398563,0.150507070052016,0.381510497687735,TRUE,"up",TRUE,FALSE
"NOL10","up",0.0644458180833337,6.73380603970833,1.5189382789026,0.150554487818366,0.381568437642111,TRUE,"up",TRUE,FALSE
"RPS8","up",-0.188900360833331,17.5197715170833,-1.51815701997861,0.150749673918598,0.381845102143855,TRUE,"down",FALSE,FALSE
"ALOXE3","up",0.0777224241666675,6.17261883241667,1.51795802311792,0.150799424471352,0.381907132621986,TRUE,"up",TRUE,FALSE
"IMPDH1","up",-0.0858849866666659,11.6097485441667,-1.51782582506953,0.1508324825288,0.381930315144232,TRUE,"down",FALSE,FALSE
"RRAGB","up",-0.0815025732499996,7.610961084875,-1.51761743507773,0.150884605911285,0.381937798360526,TRUE,"down",FALSE,FALSE
"BRMS1L","down",0.0978818816666678,8.40481592458333,1.51746505387416,0.150922729756709,0.381981239002336,TRUE,"up",FALSE,FALSE
"KIF13A","down",0.0890470887500017,7.75513948204167,1.51651656960897,0.151160211227747,0.382448339757114,TRUE,"up",FALSE,FALSE
"ATP6V0A1","down",-0.0811454166666661,12.8247903366667,-1.515842071734,0.151329283673624,0.382642178886324,TRUE,"down",TRUE,FALSE
"NEK4","down",-0.0913708024166659,8.837275810875,-1.51572771379209,0.151357964916053,0.382668404057902,TRUE,"down",TRUE,FALSE
"PDLIM3","up",0.538791799166668,13.82404496875,1.51307791173857,0.152023826094792,0.383820941286858,TRUE,"up",TRUE,FALSE
"DLX5","up",0.0731495797500006,5.51920979079167,1.51295199813251,0.152055527913715,0.383838602919404,TRUE,"up",TRUE,FALSE
"ATP7B","down",0.0612463360833346,8.983177242125,1.51287156232268,0.152075782505141,0.383849910402362,TRUE,"up",FALSE,FALSE
"MRPS2","up",-0.0733947108333325,12.1611751195833,-1.5127086435379,0.152116814152171,0.383868565689618,TRUE,"down",FALSE,FALSE
"TMEM71","up",0.144936736083335,7.50119083145833,1.51232015846853,0.15221469307674,0.383990821083095,TRUE,"up",TRUE,FALSE
"RTEL1","up",0.0725086467500012,8.66600074720833,1.51205182248314,0.152282331386976,0.384051635553753,TRUE,"up",TRUE,FALSE
"RPL36","up",-0.0722399191666659,14.8435025570833,-1.51156942164265,0.152403991798131,0.384187638581172,TRUE,"down",FALSE,FALSE
"LYPLA1","up",0.0662496110000021,10.035279759,1.51075579783972,0.152609371412035,0.384331203478259,TRUE,"up",TRUE,FALSE
"ALAS1","down",0.0761202343333337,8.62363802325,1.51053106352848,0.152666141216368,0.384380709818894,TRUE,"up",FALSE,FALSE
"EIF4A2","up",-0.0947456433333312,12.6794785475,-1.51016522636332,0.152758592849454,0.384457718857787,TRUE,"down",FALSE,FALSE
"ZFP91","down",0.0637634405833352,9.994374159375,1.50930836475219,0.152975317073631,0.384816147353617,TRUE,"up",FALSE,FALSE
"C6orf108","up",-0.148176288416666,9.248006283125,-1.5082156281381,0.153252076235777,0.385108837901846,TRUE,"down",FALSE,FALSE
"MPV17L","up",-0.115048211916665,7.14912004029167,-1.50799333617558,0.153308428045839,0.385217489587604,TRUE,"down",FALSE,FALSE
"CHEK2","up",-0.115043625666667,7.61854123025,-1.50725435330933,0.153495888243948,0.385541322881813,TRUE,"down",FALSE,FALSE
"MORC1","down",0.0812201712500001,5.97576767954167,1.50720467238217,0.15350849788531,0.385541322881813,TRUE,"up",FALSE,FALSE
"PML","down",-0.0683628386666648,9.61863876183333,-1.50666144665258,0.15364643226985,0.385671401606342,TRUE,"down",TRUE,FALSE
"DNAJB5","down",0.354889073333335,12.1494714308333,1.50618796317225,0.153766742955403,0.385713017391547,TRUE,"up",FALSE,FALSE
"HIC1","up",0.1186446615,6.89862548716667,1.50614078479045,0.153778735177861,0.385713017391547,TRUE,"up",TRUE,FALSE
"RPL28","up",-0.085280614999999,14.8836951925,-1.5048687579143,0.154102367096777,0.386045239716051,TRUE,"down",FALSE,FALSE
"CBLB","up",-0.0879986758333319,9.20866567458333,-1.5041842306163,0.154276763062928,0.386276195156429,TRUE,"down",FALSE,FALSE
"PHF7","down",0.115779030833334,5.96170315125,1.50380397461717,0.15437371199766,0.386425519954183,TRUE,"up",FALSE,FALSE
"KRR1","down",0.0679564362500012,9.998751510375,1.50259439637631,0.154682443225443,0.387042428402396,TRUE,"up",FALSE,FALSE
"COG1","up",-0.0674854256666649,10.1471735805833,-1.50199292032382,0.154836156373521,0.387333471607605,TRUE,"down",FALSE,FALSE
"CHAF1B","up",0.0497741338333345,8.334254093,1.50158006986496,0.154941738693347,0.387522374503223,TRUE,"up",TRUE,FALSE
"GGA2","up",-0.0700911262499995,9.05652773170833,-1.50087709277705,0.155121657214124,0.387741797171395,TRUE,"down",FALSE,FALSE
"SLC4A8","down",0.0709984436666668,5.7551067365,1.49954006027625,0.15546433917019,0.388404594893956,TRUE,"up",FALSE,FALSE
"KCTD15","up",-0.080818491166666,8.30719118191667,-1.49903761968889,0.155593279217025,0.388570516945138,TRUE,"down",FALSE,FALSE
"FMNL1","up",0.118089543916668,7.38319666504167,1.49884985285158,0.155641488398183,0.388597213942013,TRUE,"up",TRUE,FALSE
"TLR5","up",-0.133212385666666,8.10343065566667,-1.49846182083993,0.15574115547399,0.388658676643469,TRUE,"down",FALSE,FALSE
"PSTPIP2","down",-0.0715527477499991,5.90612909020833,-1.49819842600269,0.155808839696479,0.388796359383954,TRUE,"down",TRUE,FALSE
"SSX7","down",0.07797695625,5.329537148875,1.49799741312004,0.155860510332516,0.388800399570643,TRUE,"up",FALSE,FALSE
"ADCY9","up",0.0941072311666674,9.68944642483333,1.4967696066407,0.156176432188153,0.388952616546196,TRUE,"up",TRUE,FALSE
"ATP5B","up",0.107473796666667,13.2320633216667,1.49666133589653,0.156204316671868,0.38895604245467,TRUE,"up",TRUE,FALSE
"C12orf51","down",0.0765608493333345,8.79429480108333,1.49640658206988,0.156269943489544,0.389019836967445,TRUE,"up",FALSE,FALSE
"SMG7","down",-0.0691275716666662,8.20546315383333,-1.49577393231537,0.156433019746194,0.389248734256546,TRUE,"down",TRUE,FALSE
"LILRB4","up",0.0614310008333332,6.28765613233333,1.49478109123964,0.156689229472303,0.389575714446647,TRUE,"up",TRUE,FALSE
"COX6A1","up",0.0873903275000017,14.23659215875,1.49441063464004,0.15678491862851,0.38972854442704,TRUE,"up",TRUE,FALSE
"SRGAP2","up",-0.100942722833333,10.114253321,-1.49393338683635,0.156908264298842,0.389973891240891,TRUE,"down",FALSE,FALSE
"DAB2IP","down",0.0753389435000006,9.29473419666667,1.49373683023454,0.156959088424897,0.390005077890298,TRUE,"up",FALSE,FALSE
"DCUN1D5","up",0.0874786866666669,10.6550936841667,1.4935451149544,0.157008674025803,0.390005077890298,TRUE,"up",TRUE,FALSE
"FABP6","down",-0.1248382855,6.2621742695,-1.49358707995549,0.156997818995366,0.390005077890298,TRUE,"down",TRUE,FALSE
"DEAF1","up",0.0736117469166667,9.90313301479167,1.49333915882603,0.157061957551019,0.390106246604737,TRUE,"up",TRUE,FALSE
"FAM98C","up",0.0552324255454539,9.73438009668182,1.49899951052376,0.157207623453353,0.39025073847103,TRUE,"up",TRUE,FALSE
"PNMA5","up",-0.175400446499999,9.01191301691667,-1.49046837010111,0.157806248729403,0.391048389865221,TRUE,"down",FALSE,FALSE
"DECR1","up",-0.0788440308333308,11.6915892529167,-1.49039390473054,0.157825594183585,0.391065140548034,TRUE,"down",FALSE,FALSE
"EPHB2","down",-0.143378089166665,6.84509491358333,-1.48960585107328,0.158030445556442,0.391320061801503,TRUE,"down",TRUE,FALSE
"EXOC7","up",-0.0650754399999994,11.6493451583333,-1.48902882701931,0.158180581960446,0.39153883873775,TRUE,"down",FALSE,FALSE
"MFN1","up",0.0742234170833338,9.190827778875,1.48795882908366,0.1584593021012,0.391831628556929,TRUE,"up",TRUE,FALSE
"MAP1B","down",0.193323716333334,10.789240294,1.48767427332596,0.158533494313671,0.391881681409258,TRUE,"up",FALSE,FALSE
"CAPZA1","down",-0.0862302174999994,11.7987822595833,-1.48737036822736,0.158612763623186,0.391919576173479,TRUE,"down",TRUE,FALSE
"VIL1","down",0.0736422605000006,5.5077862635,1.48714671392399,0.158671121870427,0.391941259142851,TRUE,"up",FALSE,FALSE
"MUTYH","down",-0.0744635272499991,9.91553357529167,-1.48672675462719,0.158780750701125,0.392156703418964,TRUE,"down",TRUE,FALSE
"ADHFE1","up",-0.144214458999999,9.15215417416667,-1.4864750957724,0.158846475723386,0.392187341571477,TRUE,"down",FALSE,FALSE
"GRHPR","up",0.0581006566666672,11.4426334125,1.4847653627937,0.15929360543591,0.392916639525649,TRUE,"up",TRUE,FALSE
"EFHC1","up",-0.0744090822499997,8.516224261625,-1.48360788544415,0.1595969070912,0.393446135920165,TRUE,"down",FALSE,FALSE
"NOSTRIN","down",-0.182332508333333,12.28100081,-1.48281390219522,0.159805239383043,0.393703957927095,TRUE,"down",TRUE,FALSE
"FRMD4A","up",0.091215549333335,9.09677346333333,1.4824638928069,0.159897150186912,0.393719535162122,TRUE,"up",TRUE,FALSE
"STOX2","down",0.112031787166669,9.74568119833333,1.48211765748494,0.159988113467425,0.393785698800684,TRUE,"up",FALSE,FALSE
"AMACR","up",-0.127492708166666,7.78664972666667,-1.48172316599521,0.160091807436018,0.393947306616929,TRUE,"down",FALSE,FALSE
"RSC1A1","up",0.103081083666668,8.21556481941667,1.48113123052998,0.160247506003601,0.394236681192942,TRUE,"up",TRUE,FALSE
"ZNF473","down",0.0648338013333333,7.67575463325,1.47989448144239,0.160573220773067,0.39453828213354,TRUE,"up",FALSE,FALSE
"RUVBL2","down",0.0738878783333345,10.6044948833333,1.4795099331578,0.160674609622396,0.394724973923711,TRUE,"up",FALSE,FALSE
"PGBD4","up",-0.0774956681666656,6.40904643008333,-1.47927109830279,0.160737607057866,0.39473083284248,TRUE,"down",FALSE,FALSE
"RFK","up",0.078127873166667,8.48724723966667,1.47928031511336,0.160735175557873,0.39473083284248,TRUE,"up",TRUE,FALSE
"KCNAB2","down",0.0611540251666676,7.25216118116667,1.47901921014891,0.160804069942407,0.394808529382599,TRUE,"up",FALSE,FALSE
"SEZ6L2","up",-0.255538541499999,9.66820162833333,-1.47899571226155,0.160810271236682,0.394808529382599,TRUE,"down",FALSE,FALSE
"FAM48A","up",-0.0723504962499989,8.36923568579167,-1.47830573502825,0.160992451332882,0.394951474673066,TRUE,"down",FALSE,FALSE
"DAZAP2","up",0.0712306458333346,14.3512206979167,1.47537135448563,0.161769167491883,0.396036209605089,TRUE,"up",TRUE,FALSE
"PNRC1","down",0.165563210833333,13.5758959454167,1.47424505397795,0.162068124265927,0.396615588619312,TRUE,"up",FALSE,FALSE
"NSUN6","down",-0.0749652831666656,7.59262666966667,-1.4736682884514,0.162221395207269,0.396893164714982,TRUE,"down",TRUE,FALSE
"FAM76A","down",0.0637433013333338,7.43963064608333,1.47283980988724,0.162441768784573,0.39727592598774,TRUE,"up",FALSE,FALSE
"LARP6","up",0.131470364166669,12.83622683875,1.47191839525685,0.162687156773892,0.397688249176175,TRUE,"up",TRUE,FALSE
"PPP1CA","up",0.0577380125000006,10.44933680625,1.47020091349493,0.163145376780591,0.398216061344589,TRUE,"up",TRUE,FALSE
"NCOA6","up",-0.0946716783333311,10.9893480466667,-1.46941715017153,0.163354840645977,0.398505268787925,TRUE,"down",FALSE,FALSE
"SCOC","up",0.0705988640000011,8.22104480483333,1.46836713987261,0.163635811759999,0.398684220450144,TRUE,"up",TRUE,FALSE
"TRAF7","up",-0.063234122,8.718684911,-1.46845272690549,0.163612894535193,0.398684220450144,TRUE,"down",FALSE,FALSE
"CD52","up",-0.146827979583332,10.356858093875,-1.46802416835103,0.163727674451862,0.3987665634099,TRUE,"down",FALSE,FALSE
"WWOX","down",-0.0701206314166658,8.82019959295833,-1.46806561560038,0.163716570790701,0.3987665634099,TRUE,"down",TRUE,FALSE
"NFKB1","down",-0.0717761674166658,10.4824170154583,-1.4678166183862,0.163783286252529,0.398861530718596,TRUE,"down",TRUE,FALSE
"WTAP","down",0.0863722400000009,10.804660235,1.4666783897777,0.164088548180318,0.399276151786718,TRUE,"up",FALSE,FALSE
"NPLOC4","down",0.0741227348333347,9.62944019291667,1.46643109029231,0.164154934225348,0.399297175219197,TRUE,"up",FALSE,FALSE
"CADPS","down",-0.19631884525,6.79501496620833,-1.46570437571792,0.164350145964537,0.399615598670483,TRUE,"down",TRUE,FALSE
"IQCB1","up",-0.0698450639999991,9.43152951475,-1.46374214558773,0.164878211798912,0.400398264714014,TRUE,"down",FALSE,FALSE
"BDNF","up",0.213324094916666,5.95843192554167,1.4630593306853,0.165062298970745,0.400600521769082,TRUE,"up",TRUE,FALSE
"TRIM9","down",-0.119753422083333,6.139423357375,-1.46270173788747,0.165158774446386,0.400641224107901,TRUE,"down",TRUE,FALSE
"SAP18","up",0.0551269975000013,13.01239302625,1.46060820614203,0.165724534470468,0.401428284031924,TRUE,"up",TRUE,FALSE
"MGAT2","up",-0.088680264333333,9.9376512685,-1.45993848283261,0.165905862192064,0.401714903112697,TRUE,"down",FALSE,FALSE
"PRB4","up",0.0803959571666669,7.32357488466667,1.45991704907204,0.165911668114226,0.401714903112697,TRUE,"up",TRUE,FALSE
"CA2","up",0.0876111200833341,7.04562210404167,1.45968473667461,0.165974607156143,0.401773371264854,TRUE,"up",TRUE,FALSE
"ST6GALNAC2","up",0.145994368583334,7.41321087170833,1.45726942718155,0.166630151294453,0.402833890884984,TRUE,"up",TRUE,FALSE
"TACR1","up",-0.0877125863333325,5.90640979275,-1.45646520131427,0.16684890550751,0.403167368530162,TRUE,"down",FALSE,FALSE
"ZNF584","down",-0.0833502923333324,8.56725450125,-1.45563158120546,0.167075907268273,0.403558970043514,TRUE,"down",TRUE,FALSE
"MORF4L1","down",-0.0581841416666665,13.3209017591667,-1.45342415360886,0.167678249377633,0.404466088575022,TRUE,"down",TRUE,FALSE
"ARID2","down",-0.0866746654166655,8.73674560804167,-1.45288322817499,0.167826127147518,0.40458479499788,TRUE,"down",TRUE,FALSE
"FOXJ2","down",-0.116288668499999,8.61978442666667,-1.45289603043367,0.167822626023926,0.40458479499788,TRUE,"down",TRUE,FALSE
"LRRC28","up",-0.0567139843333328,7.60030762533333,-1.45274901676132,0.167862834540243,0.40461784780722,TRUE,"down",FALSE,FALSE
"FXN","down",-0.102516216249999,8.675820351375,-1.45245057764521,0.167944482829073,0.404685701653991,TRUE,"down",TRUE,FALSE
"NPC2","up",-0.096133640000001,14.6094273708333,-1.45236999730275,0.16796653401326,0.404685701653991,TRUE,"down",FALSE,FALSE
"BBS7","up",-0.0669735693333324,7.29324294016667,-1.45212012771594,0.168034927285455,0.404750291167398,TRUE,"down",FALSE,FALSE
"UGT2B7","down",0.0789929843333349,5.46356049366667,1.45180010996056,0.168122555028413,0.40485964735665,TRUE,"up",FALSE,FALSE
"CCDC57","up",-0.0654017151666668,8.40850525891667,-1.45102856195604,0.168333977625119,0.40511330334436,TRUE,"down",FALSE,FALSE
"THAP5","down",0.0784909219166688,7.62788339379167,1.45071439308325,0.168420130678594,0.405230780582722,TRUE,"up",FALSE,FALSE
"POP4","up",0.060820413333334,11.2144309433333,1.45056155472647,0.168462056067524,0.405268891772229,TRUE,"up",TRUE,FALSE
"TBK1","up",-0.0795326715833321,8.52897034304167,-1.45056669522435,0.168460645826583,0.405268891772229,TRUE,"down",FALSE,FALSE
"UTP6","up",-0.0717744460833339,9.42667262520833,-1.44968899245896,0.168701576419441,0.405342977304737,TRUE,"down",FALSE,FALSE
"PIGK","up",0.0779397242499995,9.93142097854167,1.44920465772298,0.168834649465858,0.405527804013621,TRUE,"up",TRUE,FALSE
"FYB","down",-0.111077012083333,8.648759432375,-1.44875664918266,0.168957819343235,0.405739034131927,TRUE,"down",TRUE,FALSE
"BACE1","up",-0.141401992499998,12.63280210375,-1.44802010325937,0.169160478271875,0.40597903970976,TRUE,"down",FALSE,FALSE
"LOXL4","up",-0.267328786083333,9.047261113375,-1.44825500762328,0.169095822962117,0.40597903970976,TRUE,"down",FALSE,FALSE
"UBOX5","up",-0.151948839166666,14.8167099995833,-1.44826571914799,0.169092875200704,0.40597903970976,TRUE,"down",FALSE,FALSE
"PLCB1","up",0.154658289666669,9.63047052541667,1.44718589439546,0.169390252649695,0.406337831415991,TRUE,"up",TRUE,FALSE
"PTP4A1","up",0.0992087404166679,10.5206351164583,1.44564331456664,0.169815823147024,0.406991712344942,TRUE,"up",TRUE,FALSE
"ZCCHC7","up",0.095324308000001,9.03114708491667,1.44566711540932,0.169809250181822,0.406991712344942,TRUE,"up",TRUE,FALSE
"USP46","up",0.114662853500001,7.72365762883333,1.44517084265141,0.169946347164114,0.407074691572877,TRUE,"up",TRUE,FALSE
"SYT13","up",-0.304000390583333,5.804788733875,-1.44267820891052,0.170636335167979,0.407972622833137,TRUE,"down",FALSE,FALSE
"C20orf26","up",0.101065306583334,5.92637311479167,1.4424978190694,0.170686359052492,0.408033415280342,TRUE,"up",TRUE,FALSE
"FKBP5","down",-0.112094749666666,9.378170873,-1.44207612235051,0.170803347160516,0.408246277151659,TRUE,"down",TRUE,FALSE
"AP1B1","up",0.0826502518333341,7.90567013258333,1.44098258045081,0.171107029924823,0.40865777354528,TRUE,"up",TRUE,FALSE
"SPHK2","down",-0.0697039041666662,10.70445881375,-1.44070888269907,0.171183107328895,0.408745217161564,TRUE,"down",TRUE,FALSE
"IPPK","up",-0.0762058461666658,8.57143124233333,-1.4406342068874,0.17120386918814,0.408763379699854,TRUE,"down",FALSE,FALSE
"ALDOB","up",0.0636915654166671,5.559393172125,1.43982546125328,0.171428855685422,0.409119543974029,TRUE,"up",TRUE,FALSE
"LCN6","down",0.128266751583334,6.76524022195833,1.43994006902124,0.171396957837435,0.409119543974029,TRUE,"up",FALSE,FALSE
"BARHL1","down",0.0603904448333336,5.73380035225,1.43921735253364,0.171598187950199,0.409327414094012,TRUE,"up",FALSE,FALSE
"GPC3","up",0.217132048916668,8.71066290670833,1.43911503333528,0.171626693086936,0.409344129380413,TRUE,"up",TRUE,FALSE
"PILRA","up",-0.125320356083333,9.55052480379167,-1.43872880320061,0.171734328416346,0.409463555291031,TRUE,"down",FALSE,FALSE
"PAICS","up",-0.0757390499999998,10.7594898708333,-1.43736148049895,0.172115825957596,0.410121391422885,TRUE,"down",FALSE,FALSE
"EIF5B","down",0.0898873094545448,9.64430401263636,1.442131715606,0.172374771969464,0.410455124119487,TRUE,"up",FALSE,FALSE
"ALG12","up",0.0636671693333351,8.32654244708333,1.436233558709,0.172431056176193,0.410526226151763,TRUE,"up",TRUE,FALSE
"PIN1","down",0.0724738750000014,10.889606455,1.43591891756464,0.172519076931652,0.410609939365783,TRUE,"up",FALSE,FALSE
"GPR174","up",-0.1112010475,5.51399578583333,-1.43578087678452,0.172557705532789,0.410660213863232,TRUE,"down",FALSE,FALSE
"CYP7B1","up",0.147444036083335,8.32792294645833,1.43557657852355,0.172614888417442,0.410712138211713,TRUE,"up",TRUE,FALSE
"VPS28","up",-0.0498376841666665,14.4375447504167,-1.43431136729827,0.172969369294522,0.411303607769143,TRUE,"down",FALSE,FALSE
"AADAC","up",0.0754560328333334,5.58080257925,1.43397720762631,0.173063093075965,0.411494982251023,TRUE,"up",TRUE,FALSE
"RNF126","up",0.0833866708333342,11.1621745004167,1.43289866981307,0.17336588384464,0.411931233679028,TRUE,"up",TRUE,FALSE
"COL21A1","down",-0.283312703333331,11.1460748116667,-1.43058229437893,0.174017669023723,0.412893909121213,TRUE,"down",TRUE,FALSE
"VAMP3","up",0.0508420491666682,10.90330227375,1.43042011498507,0.174063379105908,0.412893909121213,TRUE,"up",TRUE,FALSE
"KIAA0664","up",0.081480116166667,8.02143989541667,1.427800387037,0.174803122739359,0.414174365545018,TRUE,"up",TRUE,FALSE
"DBC1","down",-0.106602548083333,5.58961969020833,-1.42737199967489,0.174924335080069,0.414330338856764,TRUE,"down",TRUE,FALSE
"ST8SIA1","up",0.1474122905,8.67086927325,1.42733211423753,0.174935624210282,0.414330338856764,TRUE,"up",TRUE,FALSE
"TMEM37","up",-0.175615393249998,8.51839678629167,-1.42711354553095,0.174997498343617,0.414350550067275,TRUE,"down",FALSE,FALSE
"GNG3","up",0.0922010249166672,5.470549895125,1.42569109449069,0.17540061870598,0.41485598059643,TRUE,"up",TRUE,FALSE
"SET","down",0.101080106500001,9.620682631,1.42436663422192,0.175776657828069,0.415295676619341,TRUE,"up",FALSE,FALSE
"RPL13A","up",-0.101456266666666,16.5683529325,-1.42413247580502,0.175843208987822,0.41540334445903,TRUE,"down",FALSE,FALSE
"TTLL4","up",0.0802093254166671,7.26449049629167,1.42368751070997,0.175969731731091,0.415532529740586,TRUE,"up",TRUE,FALSE
"NCAM1","down",-0.105656224083333,6.96745210945833,-1.42249760281303,0.176308442993542,0.415996350572961,TRUE,"down",TRUE,FALSE
"CLK3","down",0.0560758198333346,10.2687010375,1.42237576272748,0.176343155527334,0.416046661241102,TRUE,"up",FALSE,FALSE
"LONRF1","down",0.11527338625,8.91689043054167,1.42224832483825,0.176379468922947,0.416069151106423,TRUE,"up",FALSE,FALSE
"BCAP29","up",0.107297000166668,9.76542157166667,1.4209625145496,0.176746205556902,0.416586368737318,TRUE,"up",TRUE,FALSE
"CAPN12","down",-0.0721654589999991,6.41575475408333,-1.42029540584177,0.176936724875154,0.416940536578249,TRUE,"down",TRUE,FALSE
"TM2D2","up",-0.0723801517499995,9.578795975875,-1.42022485460344,0.176956883476272,0.416956417939996,TRUE,"down",FALSE,FALSE
"POU2F2","down",0.0878876499166671,5.908958992875,1.41947136132369,0.177172297230522,0.417262955448904,TRUE,"up",FALSE,FALSE
"PSME1","down",-0.0523895833333307,13.394222275,-1.41830899697863,0.17750502583573,0.41780710595932,TRUE,"down",TRUE,FALSE
"RHOT1","up",-0.0734656339999995,7.57148782641667,-1.41765575023727,0.177692244720954,0.418074523181941,TRUE,"down",FALSE,FALSE
"SMCR7","down",-0.0934866861666656,9.47504193966667,-1.41613970121911,0.178127367778119,0.418761713823237,TRUE,"down",TRUE,FALSE
"TXNDC5","up",-0.151660516666666,11.9082613733333,-1.41503377585485,0.178445334230456,0.419102724563306,TRUE,"down",FALSE,FALSE
"RAD9A","up",-0.0605922954999993,7.8259620505,-1.41325030132726,0.178959088734296,0.419716875528635,TRUE,"down",FALSE,FALSE
"SH3BP5","down",-0.0986085424999985,11.86515476125,-1.41303437312462,0.179021372409263,0.419742276584578,TRUE,"down",TRUE,FALSE
"INS","up",0.0725527496666672,6.22922483333333,1.41266707311918,0.179127359705472,0.419747007599428,TRUE,"up",TRUE,FALSE
"RGS10","up",0.139004081666666,13.6191231458333,1.41225550458156,0.179246182396298,0.419859675616899,TRUE,"up",TRUE,FALSE
"OSBPL9","up",0.103071270833334,11.2575468520833,1.41031478634724,0.179807355711978,0.420511026982705,TRUE,"up",TRUE,FALSE
"CRY2","down",0.0981830650833352,10.1279546930417,1.409702639421,0.179984662205725,0.420803869379705,TRUE,"up",FALSE,FALSE
"KRTAP4-8","down",-0.0838683755833328,5.42806923554167,-1.40930088890198,0.18010110617179,0.420981085606701,TRUE,"down",TRUE,FALSE
"OR2H2","up",0.0620920290833346,5.83746595670833,1.40862443823253,0.180297309632155,0.421312928095834,TRUE,"up",TRUE,FALSE
"SUCLG2","up",0.0968248421666667,8.98809209616667,1.40845676155781,0.180345971166755,0.4213315801574,TRUE,"up",TRUE,FALSE
"HSD17B4","up",-0.0579685074999995,10.83652275625,-1.40785202684915,0.180521561261601,0.421583310899697,TRUE,"down",FALSE,FALSE
"AKR1D1","down",0.0814916190833337,5.19721401020833,1.40756992560354,0.180603519931993,0.421620743443966,TRUE,"up",FALSE,FALSE
"BTN2A2","down",-0.0596820163333317,9.28416035666667,-1.40754518384326,0.180610709596669,0.421620743443966,TRUE,"down",TRUE,FALSE
"GPR34","up",-0.222563117499999,9.039679149,-1.40759699558341,0.180595653983629,0.421620743443966,TRUE,"down",FALSE,FALSE
"CYB5B","up",0.0688831174166679,8.22199878545833,1.40695740201698,0.180781581292398,0.421738992711222,TRUE,"up",TRUE,FALSE
"MTFR1","up",0.0881414211666669,7.59415101241667,1.40692220170068,0.180791818451129,0.421738992711222,TRUE,"up",TRUE,FALSE
"C3orf62","up",-0.0539796685833323,6.67482578420833,-1.40639604323252,0.180944895690359,0.421937695976797,TRUE,"down",FALSE,FALSE
"NDUFB1","up",0.0606557050000005,13.48924559,1.40573369340147,0.181137747029821,0.42216562224052,TRUE,"up",TRUE,FALSE
"NOV","down",0.413585572416668,11.418705350375,1.40541238420997,0.181231360998441,0.422288777573571,TRUE,"up",FALSE,FALSE
"CMIP","down",0.0671220509166674,11.207224330375,1.40522354033538,0.181286399522572,0.422352272155441,TRUE,"up",FALSE,FALSE
"PXDN","up",0.12903146,10.78466695,1.40412797358362,0.181605973325888,0.422891248864823,TRUE,"up",TRUE,FALSE
"PPM1A","up",0.0710933431666682,10.0097882346667,1.40245439699363,0.182095044238549,0.423695124183866,TRUE,"up",TRUE,FALSE
"KRTCAP2","up",-0.0607322674999976,13.67702895875,-1.40225446208404,0.182153543663978,0.423738482348366,TRUE,"down",FALSE,FALSE
"MAD2L2","down",0.0733412786666663,9.30919471241667,1.40139627620388,0.182404817569234,0.42413249206849,TRUE,"up",FALSE,FALSE
"MAP9","down",0.0978404982500006,9.59607748345833,1.40114039857251,0.182479792712476,0.424221302728819,TRUE,"up",FALSE,FALSE
"FAM59A","up",0.12435309375,10.2111589112083,1.40078464368153,0.182584075093825,0.424295294391992,TRUE,"up",TRUE,FALSE
"PABPC3","up",0.0844759674999998,12.1215891779167,1.40039640199814,0.182697936134454,0.42436946038497,TRUE,"up",TRUE,FALSE
"HESX1","up",-0.0652930542499988,6.014550728375,-1.39938687273906,0.18299427719436,0.42477201411797,TRUE,"down",FALSE,FALSE
"ANTXR1","down",0.123821117500001,11.1818136204167,1.3975412249953,0.183537075148843,0.425555107755007,TRUE,"up",FALSE,FALSE
"MPG","up",0.0592637791666683,10.9203119104167,1.39708486778921,0.183671491476366,0.425646782941497,TRUE,"up",TRUE,FALSE
"VPREB1","up",-0.0826324048333331,5.847539022,-1.39719871030494,0.183637952528822,0.425646782941497,TRUE,"down",FALSE,FALSE
"ATP6V1E1","up",0.0719995958333349,10.59612684625,1.39664027307053,0.183802520873346,0.42572582397142,TRUE,"up",TRUE,FALSE
"VAPA","up",0.0728697383333344,11.0535287516667,1.39634739554117,0.183888878576557,0.42580207407572,TRUE,"up",TRUE,FALSE
"PPTC7","down",0.0838849491666678,11.0031759604167,1.39609348232037,0.183963774202949,0.425934556172942,TRUE,"up",FALSE,FALSE
"PSG6","up",0.0839516219166675,5.47284420929167,1.3953183850084,0.184192555811915,0.426184458573819,TRUE,"up",TRUE,FALSE
"ASB6","up",-0.0476666521666653,8.7942086025,-1.39370577585701,0.184669288881317,0.426937808342283,TRUE,"down",FALSE,FALSE
"GJA1","up",-0.249708303333332,11.2395781241667,-1.39330045369666,0.184789272472995,0.427096178036906,TRUE,"down",FALSE,FALSE
"LRRFIP2","down",0.146373267666668,10.3530921643333,1.39235436935997,0.18506958114878,0.42754513200408,TRUE,"up",FALSE,FALSE
"MRPL10","up",-0.0774024524999989,11.15244743125,-1.39120744622741,0.185409861799594,0.428013018264263,TRUE,"down",FALSE,FALSE
"DHX34","up",0.0491995393333342,6.25827207458333,1.39113748755828,0.185430634404516,0.428029171102974,TRUE,"up",TRUE,FALSE
"MBD3L2","up",0.0686586142500004,5.25163040204167,1.39060307873966,0.185589377590523,0.428204733087751,TRUE,"up",TRUE,FALSE
"WDR66","up",-0.216746476666666,6.69244125475,-1.38968581174484,0.185862106009187,0.428674833574633,TRUE,"down",FALSE,FALSE
"HIP1R","up",0.120351810583334,9.657864554625,1.38962606954237,0.185879880362221,0.428684008210119,TRUE,"up",TRUE,FALSE
"MXD4","down",-0.0699730426666661,9.90416216783333,-1.3887580639941,0.18613828420253,0.42893605799116,TRUE,"down",TRUE,FALSE
"ASAH1","up",-0.0928684993333325,9.16665136233333,-1.38813525780762,0.186323873642002,0.429071029556384,TRUE,"down",FALSE,FALSE
"PON3","up",-0.16836003725,9.50367353154167,-1.38820838179031,0.186302075653393,0.429071029556384,TRUE,"down",FALSE,FALSE
"ARHGEF4","down",-0.169485681083333,9.89271385404167,-1.38796568841464,0.186374429679675,0.429123844313216,TRUE,"down",TRUE,FALSE
"AP4M1","up",0.0683304210833335,8.63226464445833,1.38747616244566,0.186520441699595,0.429269177430547,TRUE,"up",TRUE,FALSE
"DUSP18","up",0.0919511747499997,9.08651858354167,1.3865969700047,0.186782915338066,0.429618679797498,TRUE,"up",TRUE,FALSE
"MAGEE1","up",-0.0779151932499997,7.28992785845833,-1.38543576443311,0.187130043851197,0.430066917347957,TRUE,"down",FALSE,FALSE
"CDK5RAP3","down",-0.0940035749999994,11.5467946491667,-1.38368721399156,0.187653746904353,0.430760728709519,TRUE,"down",TRUE,FALSE
"TRUB2","up",-0.0521152152499986,9.558621715625,-1.3836985730497,0.187650340926072,0.430760728709519,TRUE,"down",FALSE,FALSE
"NUMB","up",-0.0778482688333314,10.3466570005833,-1.38300261443004,0.187859115240208,0.430952264100636,TRUE,"down",FALSE,FALSE
"DMD","up",0.241979807750002,9.39495440104167,1.38079799409272,0.188521712223079,0.431682447133003,TRUE,"up",TRUE,FALSE
"JTB","up",-0.0823823458333331,12.96135989875,-1.3810637164794,0.188441748547154,0.431682447133003,TRUE,"down",FALSE,FALSE
"TDRD1","down",-0.0726704085,5.78630071608333,-1.3805258938514,0.188603623892679,0.431729173537153,TRUE,"down",TRUE,FALSE
"TBL1XR1","down",-0.0723342674999993,10.5048506470833,-1.38031617345656,0.188666776878817,0.431814325642968,TRUE,"down",TRUE,FALSE
"LDLRAD1","up",-0.0855483322499994,5.28657293604167,-1.37431072343356,0.190482530441537,0.434362120278624,TRUE,"down",FALSE,FALSE
"WDR5","up",0.0854747945833332,8.05864498295833,1.37427049419282,0.190494741665706,0.434362120278624,TRUE,"up",TRUE,FALSE
"PPP1R14D","up",-0.0700156122500002,5.509897458625,-1.37341530839514,0.190754476611531,0.434635410814218,TRUE,"down",FALSE,FALSE
"TTC17","up",-0.0528151326666668,9.01767431908333,-1.37321563412456,0.190815162737014,0.434741804998129,TRUE,"down",FALSE,FALSE
"CHRM5","up",-0.0907319376666662,5.690323961,-1.3726472613254,0.190987991923284,0.434775624653156,TRUE,"down",FALSE,FALSE
"MTX2","up",-0.0639195990833321,10.4120165554583,-1.37293388470368,0.190900820364624,0.434775624653156,TRUE,"down",FALSE,FALSE
"ECHDC3","up",-0.118070189166666,9.34935161125,-1.37148163770068,0.191342830437308,0.435335525218806,TRUE,"down",FALSE,FALSE
"GLO1","up",-0.0881484639166659,8.84307302154167,-1.371040468271,0.191477271005968,0.435579600607469,TRUE,"down",FALSE,FALSE
"SYT6","up",-0.1026622435,5.49359238833333,-1.36948957385733,0.191950496316146,0.436113324183628,TRUE,"down",FALSE,FALSE
"ATP5E","up",0.0950539100000032,15.46550469,1.36901734595135,0.192094776448017,0.436345412222588,TRUE,"up",TRUE,FALSE
"CDC42EP2","down",0.127465643333334,11.8765488583333,1.36767519413387,0.192505327092815,0.43677822309082,TRUE,"up",FALSE,FALSE
"CADPS2","up",-0.164461686000001,8.69603035125,-1.36744123987484,0.192576964357402,0.436897739231396,TRUE,"down",FALSE,FALSE
"RPS29","up",-0.0591435341666659,16.57706832875,-1.36589302647026,0.193051577274882,0.437367744009124,TRUE,"down",FALSE,FALSE
"SNF8","down",0.0707331850000017,11.688423505,1.36521605115959,0.193259406339377,0.43766156340683,TRUE,"up",FALSE,FALSE
"RBBP6","down",0.0761181891666674,10.3386155804167,1.36469030964519,0.193420932637056,0.437789570141215,TRUE,"up",FALSE,FALSE
"ADAM8","up",-0.153008321499999,9.98476696816667,-1.36403088984921,0.193623684768952,0.437979973205437,TRUE,"down",FALSE,FALSE
"SCRN3","up",0.0694538120833345,7.69363089154167,1.364053047847,0.193616869034143,0.437979973205437,TRUE,"up",TRUE,FALSE
"MPPED2","up",-0.16703132575,7.822587737875,-1.36353226714231,0.193777111227857,0.438180801984715,TRUE,"down",FALSE,FALSE
"MPP6","down",-0.0864718264166663,6.86046609504167,-1.3634198691933,0.193811709778413,0.438195259130819,TRUE,"down",TRUE,FALSE
"MRPS24","up",0.0540513141666687,13.86880573625,1.36345439131769,0.193801082578175,0.438195259130819,TRUE,"up",TRUE,FALSE
"EIF1","up",0.0943727799999997,16.7475470675,1.36298394758033,0.193945943500285,0.438365488532087,TRUE,"up",TRUE,FALSE
"SPG7","up",-0.0643285774999977,10.7961348304167,-1.36261021970319,0.194061085997895,0.438471936018512,TRUE,"down",FALSE,FALSE
"BBX","down",0.0699359125000009,11.2006315670833,1.36146978698972,0.19441278738096,0.438979298706576,TRUE,"up",FALSE,FALSE
"SLC39A3","down",0.0825705961666676,7.66649099641667,1.36025325684067,0.194788527269699,0.439557572266584,TRUE,"up",FALSE,FALSE
"GALNT10","up",-0.0981751512500005,8.313413777125,-1.3592361141256,0.195103136451902,0.439924459695729,TRUE,"down",FALSE,FALSE
"TUBE1","up",-0.081739179083333,7.429452351125,-1.3574232807185,0.195664880941406,0.440661566152632,TRUE,"down",FALSE,FALSE
"LMAN1L","down",0.0819790106666671,7.32091092033333,1.35701044772336,0.195792989227607,0.440846359513058,TRUE,"up",FALSE,FALSE
"STRA6","up",-0.0990471212499988,6.631091653875,-1.35453407499478,0.19656287397493,0.442040185323397,TRUE,"down",FALSE,FALSE
"RNF8","up",-0.0602001694999983,8.11916454916667,-1.35404696825155,0.196714600174615,0.442120510425002,TRUE,"down",FALSE,FALSE
"SNX6","up",-0.0621142658333323,11.2065209820833,-1.35345071855966,0.196900451943225,0.442378224351401,TRUE,"down",FALSE,FALSE
"HTATSF1","up",-0.101326638333333,12.8363613941667,-1.35298011559389,0.197047239954065,0.442676006062664,TRUE,"down",FALSE,FALSE
"LST1","up",-0.114962787916667,9.04866441829167,-1.35290492677659,0.197070700671344,0.442696704110759,TRUE,"down",FALSE,FALSE
"HIST3H2A","up",0.0699424566666662,11.4373064491667,1.35252274415198,0.19718998583289,0.442821970780442,TRUE,"up",TRUE,FALSE
"KCNB1","up",-0.299380205833333,9.20549839483333,-1.35131173486487,0.197568347215567,0.443361513173753,TRUE,"down",FALSE,FALSE
"MYBPH","down",-0.0672097155833326,6.09807424679167,-1.35076002262585,0.197740916200409,0.443545404800035,TRUE,"down",TRUE,FALSE
"GH1","up",0.0921591327500008,6.57089987845833,1.34978474788627,0.198046269128489,0.444021478776277,TRUE,"up",TRUE,FALSE
"ANKFN1","up",-0.163137324,6.28191991725,-1.34969915667997,0.198073085461214,0.444022415199648,TRUE,"down",FALSE,FALSE
"ALDH4A1","up",0.0991790608333346,9.349252093,1.34900332611079,0.198291203251919,0.444230884238569,TRUE,"up",TRUE,FALSE
"COX7A2L","up",-0.0765846083333312,12.07983041,-1.34900710715063,0.198290017506997,0.444230884238569,TRUE,"down",FALSE,FALSE
"C16orf5","up",-0.0675307794166663,8.774559568375,-1.34742120918061,0.198787863604972,0.444890332080806,TRUE,"down",FALSE,FALSE
"HTRA2","up",0.0639295824999992,10.34207216875,1.34740882991124,0.198791753688527,0.444890332080806,TRUE,"up",TRUE,FALSE
"FGA","up",0.0846428983333338,5.46467419591667,1.34704019675781,0.198907621858261,0.445085526888944,TRUE,"up",TRUE,FALSE
"C9orf50","down",0.0970769971666668,6.88233634216667,1.34420030015768,0.199802086570165,0.446315631481537,TRUE,"up",FALSE,FALSE
"LRRC6","down",-0.0686687251666657,7.55615211258333,-1.34286432550883,0.200223993766855,0.446808383677371,TRUE,"down",TRUE,FALSE
"FUS","down",-0.0716320233333331,11.98794513,-1.34167383467777,0.200600562950202,0.447199073897882,TRUE,"down",TRUE,FALSE
"GSTA4","up",-0.0730195824999984,11.50768852625,-1.3413905001481,0.200690269948227,0.447334868567525,TRUE,"down",FALSE,FALSE
"APOC4","down",0.0683627000833336,5.70195641554167,1.3408365400517,0.200865753769704,0.447595805381655,TRUE,"up",FALSE,FALSE
"ADRM1","up",0.0742321956666681,9.86425174875,1.3401146089492,0.201094633556187,0.447896683853266,TRUE,"up",TRUE,FALSE
"C8orf48","up",-0.1049996765,7.25483670716667,-1.34004458971113,0.201116843535459,0.447900126314061,TRUE,"down",FALSE,FALSE
"ASNSD1","up",-0.0684565149999985,11.7915724233333,-1.33881293753557,0.20150784544151,0.448463197719921,TRUE,"down",FALSE,FALSE
"PHF23","down",-0.0827269594999994,9.47762623316667,-1.3386337677097,0.201564776030568,0.448479822472023,TRUE,"down",TRUE,FALSE
"NEU2","up",0.0507742005000001,5.62361429758333,1.33700596690269,0.20208259913676,0.449013980372105,TRUE,"up",TRUE,FALSE
"COIL","up",-0.0651823259166665,7.31304466695833,-1.33574864214945,0.202483303724985,0.449622040544753,TRUE,"down",FALSE,FALSE
"RPAIN","up",0.0552607304166675,10.3927945572917,1.33423676696408,0.202965981007863,0.450166734363078,TRUE,"up",TRUE,FALSE
"KLK3","down",0.065551231666667,11.8418826433333,1.33390252299022,0.203072815994179,0.450319621650809,TRUE,"up",FALSE,FALSE
"CDIPT","up",0.088260903083335,10.0441312865417,1.33353803785212,0.203189368690593,0.450424852569254,TRUE,"up",TRUE,FALSE
"KCTD2","down",-0.0516201894999992,7.749844601,-1.33199194704845,0.203684367251093,0.450967696966365,TRUE,"down",TRUE,FALSE
"KIF5C","down",0.23913134125,8.74920230454167,1.33101377376689,0.203998042136851,0.45146894553742,TRUE,"up",FALSE,FALSE
"RGS4","up",0.196715011416667,6.48488034529167,1.33065440635645,0.204113379681763,0.451627923767838,TRUE,"up",TRUE,FALSE
"FBXO46","up",-0.106284052916666,9.90150918670833,-1.33060201363154,0.204130199305599,0.451632978697207,TRUE,"down",FALSE,FALSE
"EFHA2","down",0.0873720505000013,10.3250064695833,1.33028258341142,0.204232770066521,0.451785463870821,TRUE,"up",FALSE,FALSE
"CYP21A2","up",0.113240809416667,7.33555875279167,1.33005884883632,0.204304637159071,0.4518580458258,TRUE,"up",TRUE,FALSE
"PNPO","up",0.0630714200833335,6.09483143970833,1.32937862999778,0.204523259334336,0.45230937466452,TRUE,"up",TRUE,FALSE
"S100A2","up",0.352274115750001,8.733362864125,1.32885210936588,0.204692612252381,0.452438824124205,TRUE,"up",TRUE,FALSE
"ANAPC5","up",-0.0542760083333333,12.0223115041667,-1.32844201574833,0.204824595161574,0.452653614570443,TRUE,"down",FALSE,FALSE
"DZIP1","down",-0.150390803833333,9.71634173416667,-1.32830052095252,0.204870149181165,0.452689892999371,TRUE,"down",TRUE,FALSE
"SCNN1G","down",-0.0830747847499994,5.365289387875,-1.32779213763333,0.205033889661777,0.452771083541843,TRUE,"down",TRUE,FALSE
"CCL18","up",0.257016287666668,7.36029968941667,1.32743414402786,0.205149255701467,0.452952296820576,TRUE,"up",TRUE,FALSE
"ELF3","up",-0.202595181749999,5.929882071375,-1.32694387272144,0.205307333947555,0.453172514059703,TRUE,"down",FALSE,FALSE
"C17orf61","up",-0.068980689999998,12.1835385008333,-1.32598621331718,0.205616394913032,0.453726601229357,TRUE,"down",FALSE,FALSE
"LRRC4C","down",-0.208983031833332,7.9797535735,-1.32555317228562,0.205756271067707,0.453726601229357,TRUE,"down",TRUE,FALSE
"UBE2F","down",0.0581744508333358,11.29776717125,1.3255798299992,0.205747658175719,0.453726601229357,TRUE,"up",FALSE,FALSE
"HIGD2A","up",0.084035555000001,11.0044242291667,1.3251307371492,0.205892795163895,0.453916626318473,TRUE,"up",TRUE,FALSE
"ELF2","down",-0.0850541234999995,10.0470858883333,-1.324991009285,0.205937968945991,0.453982283981327,TRUE,"down",TRUE,FALSE
"FCGR2B","up",0.135943215833333,8.90477065525,1.32494823855855,0.205951798242816,0.453982283981327,TRUE,"up",TRUE,FALSE
"PABPN1","down",-0.0521148033333322,12.5721741208333,-1.32248973260111,0.206747976641057,0.455188346219153,TRUE,"down",TRUE,FALSE
"OPN1SW","down",0.0774069713333345,6.02526801316667,1.32207083784749,0.206883880560274,0.455358499452351,TRUE,"up",FALSE,FALSE
"AXIN1","up",0.0542494977500007,8.28600699454167,1.32158885549274,0.207040341085073,0.455509274105742,TRUE,"up",TRUE,FALSE
"MRRF","up",-0.10836343,9.01961893116667,-1.32162179174707,0.207029646332702,0.455509274105742,TRUE,"down",FALSE,FALSE
"C19orf24","up",0.0845732957499995,9.48923198279167,1.32148969761123,0.207072541384558,0.455547862213324,TRUE,"up",TRUE,FALSE
"GTF2IRD1","up",-0.0743797775833323,9.12728920020833,-1.31945141929325,0.207735338945308,0.456488857970906,TRUE,"down",FALSE,FALSE
"SPATA5","up",-0.0661297874166657,7.51562670995833,-1.31925798326308,0.207798327958016,0.456498136758446,TRUE,"down",FALSE,FALSE
"ZBED1","up",0.115174407583334,9.23093150954167,1.31927089071163,0.207794124398841,0.456498136758446,TRUE,"up",TRUE,FALSE
"CHPT1","up",0.087191630583335,10.029880313875,1.31897882762991,0.207889257073441,0.456591487925303,TRUE,"up",TRUE,FALSE
"ANKS1A","down",-0.0954046441666649,11.5376837570833,-1.31806442969703,0.208187326809835,0.456868184097407,TRUE,"down",TRUE,FALSE
"ZNF76","up",0.0647453528333343,7.45946649383333,1.31787886205594,0.208247858845533,0.456873389058757,TRUE,"up",TRUE,FALSE
"RAB3GAP2","up",-0.0707373391666651,11.2314797245833,-1.31661623966151,0.208660100516256,0.457517934037197,TRUE,"down",FALSE,FALSE
"NAPSA","up",-0.0632944254999995,7.0801061405,-1.31604337087831,0.20884735592524,0.457767003619432,TRUE,"down",FALSE,FALSE
"CDK10","up",0.0647200553333333,7.79211721566667,1.31549586780835,0.209026445927601,0.458030305208915,TRUE,"up",TRUE,FALSE
"SERPINE2","up",0.260604569583335,10.4211127440417,1.3134748090011,0.209688607470356,0.458898747099515,TRUE,"up",TRUE,FALSE
"ETNK1","up",-0.0553516412499993,7.82766128520833,-1.31268950030059,0.209946352164859,0.459171750156015,TRUE,"down",FALSE,FALSE
"GATAD2B","down",-0.070974406333333,7.82142385641667,-1.31136405714963,0.210381949218161,0.459633291819594,TRUE,"down",TRUE,FALSE
"KRTAP17-1","up",-0.142304100083333,5.61713748679167,-1.31128225981501,0.210408855009073,0.459633291819594,TRUE,"down",FALSE,FALSE
"CDK2AP2","up",0.104032108000001,9.82013272741667,1.31098090058529,0.210508005600774,0.459784508649036,TRUE,"up",TRUE,FALSE
"MYCL1","up",0.0542486932500008,5.67884057954167,1.31008355530015,0.210803463989705,0.460080520630893,TRUE,"up",TRUE,FALSE
"VCAM1","up",0.1934422065,7.892436199,1.3071728804583,0.211764113868884,0.461481050321245,TRUE,"up",TRUE,FALSE
"GDI2","up",-0.0577342641666669,11.6721003579167,-1.30642406244715,0.212011822264269,0.461846581612154,TRUE,"down",FALSE,FALSE
"CIB3","up",0.0518161216666671,6.104398916,1.30605113363409,0.212135273255056,0.461966290350688,TRUE,"up",TRUE,FALSE
"CUL4B","up",-0.0610074044999981,9.97120220741667,-1.30506167856114,0.212463092205011,0.462268272599544,TRUE,"down",FALSE,FALSE
"CCDC89","up",-0.106874742166666,7.098195205,-1.30386706275851,0.212859423156825,0.462754650729431,TRUE,"down",FALSE,FALSE
"RPS15A","up",-0.048976094999997,15.45893757,-1.30323774620923,0.21306844551864,0.462937049098328,TRUE,"down",FALSE,FALSE
"B3GNT6","up",0.0548601939166676,6.34127646304167,1.30294912712496,0.213164362850724,0.463113066878596,TRUE,"up",TRUE,FALSE
"AHCY","up",-0.0881106266666665,12.3308013675,-1.3019601693688,0.213493286787635,0.463521238627115,TRUE,"down",FALSE,FALSE
"YPEL3","up",0.0943453881666678,9.53741476625,1.30102471475555,0.213804788833523,0.463985360988632,TRUE,"up",TRUE,FALSE
"NCOA3","down",-0.0647620643333325,9.99684504566667,-1.30071132278713,0.213909228052077,0.464114763915518,TRUE,"down",TRUE,FALSE
"APC","down",-0.056275603583333,6.360505980375,-1.30013749461429,0.214100564352106,0.464335362291383,TRUE,"down",TRUE,FALSE
"PDE11A","down",-0.0644515935833326,5.554048102875,-1.29951944361125,0.214306799079346,0.464652910543119,TRUE,"down",TRUE,FALSE
"CFL1","up",0.0937083849999999,12.3202658258333,1.29899224100917,0.214482844322611,0.464831692634309,TRUE,"up",TRUE,FALSE
"LGALS4","down",0.0868786217500004,6.561188561875,1.29904657353506,0.214464696091281,0.464831692634309,TRUE,"up",FALSE,FALSE
"CKAP5","up",-0.0561716197499992,9.183309636625,-1.29744277175618,0.215000916493304,0.465305833150205,TRUE,"down",FALSE,FALSE
"OAS2","up",0.079914412666668,6.90349239925,1.29630391858303,0.215382333549371,0.465761206515887,TRUE,"up",TRUE,FALSE
"RFWD2","up",-0.0750031358333329,11.28573333625,-1.29629608223922,0.215384959913507,0.465761206515887,TRUE,"down",FALSE,FALSE
"SERPINB6","up",0.0738943275000002,10.62841905375,1.2963110927313,0.215379929143611,0.465761206515887,TRUE,"up",TRUE,FALSE
"SLC38A6","up",-0.0670064004166666,9.469064315375,-1.29628827520079,0.215387576481294,0.465761206515887,TRUE,"down",FALSE,FALSE
"FUBP3","down",-0.0769528476666655,9.58085040908333,-1.29557068494868,0.215628188708279,0.465985684066864,TRUE,"down",TRUE,FALSE
"RARB","up",-0.0803655015833332,6.67006589420833,-1.29544698853955,0.215669686492215,0.465985684066864,TRUE,"down",FALSE,FALSE
"MYCT1","up",0.118795600750001,9.612485678125,1.29457808934451,0.21596136509192,0.466314539113924,TRUE,"up",TRUE,FALSE
"LCE2C","down",-0.0769349158333332,7.49061724333333,-1.29358256002608,0.216295938315226,0.466747980008501,TRUE,"down",TRUE,FALSE
"ZMYM3","down",-0.0557893546666657,7.88685771266667,-1.29152750144635,0.216987900013352,0.467757639081691,TRUE,"down",TRUE,FALSE
"NCOR2","up",-0.144425528333334,14.3543184475,-1.29139553230564,0.217032395716023,0.467761621401267,TRUE,"down",FALSE,FALSE
"USP53","down",-0.152670726416666,9.21144304595833,-1.29126755477868,0.217075552516876,0.467816033278151,TRUE,"down",TRUE,FALSE
"ID1","up",0.199502830000001,13.8110165125,1.29082560178535,0.217224641220037,0.467895672933943,TRUE,"up",TRUE,FALSE
"CHORDC1","down",-0.0887394358333319,9.56020347075,-1.29020028352324,0.217435725770123,0.468170110950679,TRUE,"down",TRUE,FALSE
"ZNF468","down",-0.066050551999999,8.65617022616667,-1.28988053158946,0.217543725403996,0.468293270437233,TRUE,"down",TRUE,FALSE
"SGPP1","up",0.0530747349166667,7.382237190125,1.28979168000262,0.217573743558402,0.46830502631246,TRUE,"up",TRUE,FALSE
"IPO4","up",0.0900487033333341,8.76675279158333,1.28948268871563,0.217678160706551,0.468367551379679,TRUE,"up",TRUE,FALSE
"RNPC3","up",-0.0861930285833325,9.653131602125,-1.28805021243769,0.218162757320188,0.469108040491038,TRUE,"down",FALSE,FALSE
"PDIA5","up",0.132072683333335,10.9736074075,1.28722911551076,0.218440915418613,0.469456088247831,TRUE,"up",TRUE,FALSE
"SLC7A4","up",-0.152215034833332,6.81461232516667,-1.28691453745511,0.218547557866466,0.469565517688682,TRUE,"down",FALSE,FALSE
"TCL1A","down",-0.121714358083332,6.55463256779167,-1.28701080211647,0.218514919600858,0.469565517688682,TRUE,"down",TRUE,FALSE
"QSER1","down",0.103977651416667,7.828823930375,1.28588005777822,0.218898540091063,0.470083124342604,TRUE,"up",FALSE,FALSE
"SCP2","up",-0.0877758206666649,10.1679826625833,-1.28550565646001,0.219025678815112,0.470213509004258,TRUE,"down",FALSE,FALSE
"BRE","up",0.0551150785833343,9.714206955125,1.28383410058913,0.219594019935284,0.470783853556042,TRUE,"up",TRUE,FALSE
"SELM","up",0.0851035666666693,14.2264358083333,1.28363930582081,0.219660327750629,0.470871728448951,TRUE,"up",TRUE,FALSE
"DCN","up",-0.19290808,17.3149033075,-1.28239549306382,0.220084094735509,0.471389880169694,TRUE,"down",FALSE,FALSE
"EMR3","down",0.0784705520000009,5.63486825516667,1.2822164075917,0.220145162600771,0.471488178407166,TRUE,"up",FALSE,FALSE
"STK16","up",0.073158068166667,8.44944448741667,1.28211869618719,0.220178487711177,0.471527050117975,TRUE,"up",TRUE,FALSE
"MCFD2","up",0.07047931225,9.298763947875,1.2816554068617,0.220336550090429,0.47165171891717,TRUE,"up",TRUE,FALSE
"MS4A6A","up",-0.139212069166665,9.57510124791667,-1.28172539442112,0.220312666361876,0.47165171891717,TRUE,"down",FALSE,FALSE
"PRDX6","up",0.0918178191666673,14.1034405120833,1.28166046256623,0.220334824728122,0.47165171891717,TRUE,"up",TRUE,FALSE
"RHBDD2","up",0.0696277493333329,9.82540678641667,1.28128217433189,0.220463952941169,0.47187820801736,TRUE,"up",TRUE,FALSE
"TRAPPC1","up",-0.0889916842499994,9.88109153829167,-1.28056911326759,0.220707518821693,0.472204367198765,TRUE,"down",FALSE,FALSE
"TSPO","up",0.0609295683333343,11.9326162425,1.28057577996973,0.220705240634826,0.472204367198765,TRUE,"up",TRUE,FALSE
"SCO1","up",-0.0545813551666659,9.47239429466667,-1.27984038847634,0.220956655753663,0.47259659400564,TRUE,"down",FALSE,FALSE
"SLC31A2","up",0.148074556666668,9.58399516241667,1.27950626294288,0.22107096143355,0.472750325482839,TRUE,"up",TRUE,FALSE
"TLE1","down",-0.127158564166665,11.79202126625,-1.27942248121723,0.22109963085468,0.472750325482839,TRUE,"down",TRUE,FALSE
"ATP6AP2","up",0.0734659066666682,12.54593877,1.27928094995556,0.221148068396876,0.472756297298089,TRUE,"up",TRUE,FALSE
"KRT20","up",0.0630141187500005,5.55193721295833,1.2790100661906,0.221240798915559,0.472889461642998,TRUE,"up",TRUE,FALSE
"CENPT","up",0.0550260525000019,7.81820103016667,1.27808547053849,0.221557544321501,0.473306016992621,TRUE,"up",TRUE,FALSE
"RPS6KA5","up",-0.155173468416666,9.07488288820833,-1.27770558571049,0.221687788433936,0.473454049228074,TRUE,"down",FALSE,FALSE
"EEF1D","up",0.041636521666669,15.1338273558333,1.27753029387536,0.221747907990194,0.473484812882854,TRUE,"up",TRUE,FALSE
"CNTD2","up",0.0964715768333341,5.80113792933333,1.27723783201886,0.221848241943989,0.473601413513132,TRUE,"up",TRUE,FALSE
"NPM3","up",-0.119247363166666,10.3247932808333,-1.27518735804051,0.222552702889644,0.474290643634227,TRUE,"down",FALSE,FALSE
"RPL26","up",-0.0749853433333322,16.106560585,-1.27565498765353,0.2223918881486,0.474290643634227,TRUE,"down",FALSE,FALSE
"SARDH","up",-0.373254045833332,8.21047729341667,-1.27559486501467,0.222412558766119,0.474290643634227,TRUE,"down",FALSE,FALSE
"SLC35A2","up",-0.0552168495833337,8.422495669625,-1.27536174030111,0.222492723206025,0.474290643634227,TRUE,"down",FALSE,FALSE
"C15orf41","up",-0.106719892166667,8.84889390275,-1.27398727728561,0.222965824527789,0.474780297404568,TRUE,"down",FALSE,FALSE
"KLHDC8B","up",-0.0797385645833319,10.200048242375,-1.27309432304534,0.22327361351712,0.475086858826677,TRUE,"down",FALSE,FALSE
"ST7L","up",-0.0512938744999991,7.23260305591667,-1.27233507657443,0.22353557993337,0.475465077927501,TRUE,"down",FALSE,FALSE
"PLEKHG4","down",0.130221787,9.01880909925,1.27160530249003,0.223787606712058,0.475710686629136,TRUE,"up",FALSE,FALSE
"YTHDF1","up",-0.0648735091666667,11.4459744095833,-1.27014833926831,0.224291440425218,0.476167234004673,TRUE,"down",FALSE,FALSE
"CIDEA","up",-0.0786530774166656,6.23884243170833,-1.26693412180387,0.225406126054681,0.477604647490369,TRUE,"down",FALSE,FALSE
"ZNF547","up",-0.0935086072499994,6.520219994875,-1.26699553939396,0.225384785553626,0.477604647490369,TRUE,"down",FALSE,FALSE
"GPX4","up",0.0831798966666678,12.1600871491667,1.26648418601508,0.225562511994841,0.477770625795489,TRUE,"up",TRUE,FALSE
"RPL19","up",-0.0733775691666626,17.1392173645833,-1.26628724268412,0.22563099134021,0.477770625795489,TRUE,"down",FALSE,FALSE
"SLC39A13","up",-0.0877327633333318,13.4354833916667,-1.26634777245341,0.225609942729876,0.477770625795489,TRUE,"down",FALSE,FALSE
"PHKA1","up",0.0691112556666683,6.22026597908333,1.26581504626517,0.225795246122433,0.478020705015756,TRUE,"up",TRUE,FALSE
"THTPA","up",-0.0676402155833332,8.897341575125,-1.26503121195749,0.226068113595345,0.478500573953308,TRUE,"down",FALSE,FALSE
"U2AF2","up",-0.057144720833332,7.77312668875,-1.26474471498385,0.226167913581627,0.478563931100413,TRUE,"down",FALSE,FALSE
"C5orf15","up",-0.0782556741666654,10.80303418875,-1.26377019561235,0.226507643790219,0.47903930764019,TRUE,"down",FALSE,FALSE
"DKK3","down",0.11662412,13.5187101308333,1.2623141490686,0.227015991518467,0.479790280035459,TRUE,"up",FALSE,FALSE
"GPR35","down",-0.0841990657499996,6.349698251875,-1.26216417293581,0.227068403628174,0.479833340419928,TRUE,"down",TRUE,FALSE
"FBXL5","up",-0.0569034966666662,12.0195611783333,-1.26110033899717,0.227440455566594,0.480294760047594,TRUE,"down",FALSE,FALSE
"THAP10","down",-0.090762425833334,7.69086973425,-1.2607249959162,0.227571838106821,0.480407103312396,TRUE,"down",TRUE,FALSE
"C14orf129","up",0.0562060390833337,9.75921712220833,1.25939247002958,0.228038750142532,0.481261974083322,TRUE,"up",TRUE,FALSE
"SPON2","down",-0.136846557499997,16.44530629125,-1.25771443303494,0.228627802470627,0.48178522064207,TRUE,"down",TRUE,FALSE
"F11R","up",0.170985446916667,10.229031831125,1.25758918352512,0.228671817695899,0.481828753178336,TRUE,"up",TRUE,FALSE
"LSM2","up",-0.0486910941666659,10.73740530125,-1.25668765435941,0.22898883048884,0.482139806652419,TRUE,"down",FALSE,FALSE
"WFDC9","down",-0.0699637309166662,5.77228615545833,-1.25657204752435,0.229029507401979,0.482141250270615,TRUE,"down",TRUE,FALSE
"C11orf49","up",-0.0779002384999979,10.1674555161667,-1.25606100395468,0.22920938917369,0.482323861601307,TRUE,"down",FALSE,FALSE
"PGRMC2","up",0.0506955108333347,13.27162874625,1.25520470346976,0.229511047134062,0.482664450527889,TRUE,"up",TRUE,FALSE
"MRPS31","up",-0.0815692808333311,11.54675141125,-1.25498060429459,0.22959004451447,0.482753543751282,TRUE,"down",FALSE,FALSE
"WDR46","up",-0.062151844916666,8.172099358125,-1.25467829347363,0.229696646277438,0.482753543751282,TRUE,"down",FALSE,FALSE
"RELN","up",0.147310647416667,7.63375795654167,1.25441988492781,0.229787797986056,0.482817981564738,TRUE,"up",TRUE,FALSE
"GBF1","down",-0.0679088866666646,11.6938074525,-1.2539712977609,0.229946101447613,0.482893029479604,TRUE,"down",TRUE,FALSE
"CRHR1","up",-0.0475471955833316,8.347437037875,-1.25382300283469,0.22999845263495,0.482937688895334,TRUE,"down",FALSE,FALSE
"MORC4","up",-0.0870334124999995,10.5066468104167,-1.25364452445298,0.230061471652406,0.482991367066362,TRUE,"down",FALSE,FALSE
"SLC19A1","up",-0.0579213875833329,6.80743097679167,-1.25343019355802,0.230137167816114,0.483080257139562,TRUE,"down",FALSE,FALSE
"CMTM4","up",0.0655146385000022,9.54794753125,1.25321118958096,0.230214534645353,0.483130218864001,TRUE,"up",TRUE,FALSE
"PPP1R9B","down",-0.0574564974999982,10.6947216979167,-1.2529757700157,0.230297723390057,0.483230958548421,TRUE,"down",TRUE,FALSE
"SLC6A8","up",0.114626063333334,8.73357575158333,1.25181880192789,0.230706897933878,0.48370612230779,TRUE,"up",TRUE,FALSE
"GMPR","up",0.081591870833335,7.71396694983333,1.24924999833704,0.231617428605055,0.484928019784129,TRUE,"up",TRUE,FALSE
"ZDHHC7","up",-0.0723865341666657,11.5938926929167,-1.24721948085042,0.232339157489891,0.485699275580221,TRUE,"down",FALSE,FALSE
"PFN4","up",-0.0833658159999996,6.80016638733333,-1.2459438045865,0.232793488073,0.486250006961551,TRUE,"down",FALSE,FALSE
"GGCX","up",-0.0750744442499998,8.95095679379167,-1.2453006748338,0.233022802405968,0.486526308047188,TRUE,"down",FALSE,FALSE
"RBPMS","down",0.137362850000001,11.9253270475,1.24315099019867,0.233790581390001,0.487441518147361,TRUE,"up",FALSE,FALSE
"SEPN1","down",-0.0753385965833331,9.34094587879167,-1.24286669942232,0.233892266841427,0.487450259606201,TRUE,"down",TRUE,FALSE
"PALLD","down",0.157426072500001,14.9295450945833,1.24235002874954,0.23407715904527,0.487613668936351,TRUE,"up",FALSE,FALSE
"PRMT2","down",0.0539701175000014,10.49031077375,1.24212806969578,0.234156622984968,0.487648430924191,TRUE,"up",FALSE,FALSE
"ATF2","up",-0.0832703817500004,9.97109729879167,-1.24193517451866,0.234225698902643,0.48772690767343,TRUE,"down",FALSE,FALSE
"ATP5H","up",0.0854289725000001,14.3670312345833,1.24197035006196,0.234213101320805,0.48772690767343,TRUE,"up",TRUE,FALSE
"FAM117A","down",0.0740356366666676,11.7194838125,1.24077881743584,0.234640126475349,0.4882982793234,TRUE,"up",FALSE,FALSE
"PGLYRP2","down",-0.155207150666666,6.06436840558333,-1.24006139555273,0.234897532670669,0.488569257322647,TRUE,"down",TRUE,FALSE
"MRPL32","up",0.0776756250000021,12.8556264766667,1.23903148223913,0.235267445662532,0.48905537518911,TRUE,"up",TRUE,FALSE
"UROD","up",-0.0571236866666661,13.1419593275,-1.23845888763413,0.2354733013095,0.489242823021652,TRUE,"down",FALSE,FALSE
"CNOT6","down",-0.0462024779166669,9.15016305104167,-1.23755821449181,0.235797391277958,0.489686976459611,TRUE,"down",TRUE,FALSE
"WAC","down",0.0436942258333341,11.5914808429167,1.23636697445409,0.236226572730351,0.490086937829836,TRUE,"up",FALSE,FALSE
"STAT5A","down",0.0498638565833346,8.294251148125,1.23605776590197,0.236338074713271,0.490220070593509,TRUE,"up",FALSE,FALSE
"AKR1A1","up",-0.0734604174999985,11.9119167229167,-1.23468617423502,0.236833173637352,0.490971473875577,TRUE,"down",FALSE,FALSE
"LIME1","up",0.0425659640000005,7.78735263975,1.23451102270614,0.236896455914343,0.491017722511537,TRUE,"up",TRUE,FALSE
"PFKFB2","down",-0.0743283574166651,6.871820124125,-1.23451381948654,0.236895445333158,0.491017722511537,TRUE,"down",TRUE,FALSE
"CARHSP1","up",0.101833147250001,10.550723930875,1.23425081741638,0.236990492560114,0.49111435139575,TRUE,"up",TRUE,FALSE
"NFYC","up",-0.0449282201666651,9.33983251533333,-1.23396248931727,0.237094726735036,0.491297589137114,TRUE,"down",FALSE,FALSE
"C1orf94","down",-0.0642121218333323,5.50592696341667,-1.23226284301142,0.237709898979451,0.491979191197385,TRUE,"down",TRUE,FALSE
"EPHB4","up",-0.118834242333333,8.869476365,-1.23180024084985,0.237877549748663,0.492197591116098,TRUE,"down",FALSE,FALSE
"FCRL1","down",0.0659978249166669,5.45845117020833,1.23147888214644,0.237994067154113,0.49236775537599,TRUE,"up",FALSE,FALSE
"SCN4A","down",0.0934508345833344,6.26869199404167,1.23088506018486,0.238209490978396,0.492621983606038,TRUE,"up",FALSE,FALSE
"GNGT2","up",-0.0698075090833333,6.52084331095833,-1.23035412861773,0.238402228766661,0.492954951236954,TRUE,"down",FALSE,FALSE
"TSNAX","up",-0.0548595207499979,8.78620680895833,-1.23020968296074,0.23845468624404,0.49303061025917,TRUE,"down",FALSE,FALSE
"CTNNBL1","up",0.0639102239166676,9.439914614875,1.22838742142253,0.239117241122957,0.494006044958279,TRUE,"up",TRUE,FALSE
"L3MBTL3","down",-0.104661756166666,9.19516132725,-1.22718443905865,0.239555420028797,0.494516742700956,TRUE,"down",TRUE,FALSE
"MMP23B","up",0.167296693333335,11.3717250491667,1.22702180211905,0.23961470760749,0.494573415356712,TRUE,"up",TRUE,FALSE
"HOXC6","up",0.061522751666667,5.44129522825,1.22665566262053,0.239748221816252,0.49471754205569,TRUE,"up",TRUE,FALSE
"RPP30","up",0.0509785910000004,8.08059773075,1.22491785690332,0.240382711510371,0.495637230478103,TRUE,"up",TRUE,FALSE
"UHRF1","up",0.08688999625,6.485808457375,1.22473612856212,0.24044913788063,0.495637230478103,TRUE,"up",TRUE,FALSE
"C9orf64","up",-0.096131911499999,7.76113578291667,-1.22409553526345,0.240683405367784,0.495889846269331,TRUE,"down",FALSE,FALSE
"IBTK","down",-0.0446690708333325,10.8811272195833,-1.22310054788474,0.241047629091171,0.496088290957461,TRUE,"down",TRUE,FALSE
"ARMC1","up",0.0764256351666664,10.0348347716667,1.22290345425596,0.241119827886142,0.496108096478907,TRUE,"up",TRUE,FALSE
"OTUD5","down",-0.0525361966666652,11.1077848608333,-1.22233855482978,0.241326853696637,0.496261283789668,TRUE,"down",TRUE,FALSE
"PLEKHG1","up",-0.141858051666667,8.37159067883333,-1.22164506107906,0.241581196514404,0.496487224614885,TRUE,"down",FALSE,FALSE
"ABCC4","up",0.0518264673333338,6.01061864783333,1.22004039458175,0.242170518036064,0.497337894012992,TRUE,"up",TRUE,FALSE
"MEOX1","up",0.147989225000002,8.19608323558333,1.21994607705743,0.242205191416493,0.497376228120631,TRUE,"up",TRUE,FALSE
"MYEOV","up",0.0465442152499999,6.990879056125,1.21852957995509,0.242726394863159,0.49792001988434,TRUE,"up",TRUE,FALSE
"RIMBP2","down",-0.0782870828333327,6.36935341108333,-1.21760573208516,0.243066797048416,0.498359207611928,TRUE,"down",TRUE,FALSE
"RABEP1","up",0.0578589674166667,9.296621964125,1.21675467160305,0.243380708569697,0.498644047461025,TRUE,"up",TRUE,FALSE
"SAMD13","up",-0.0893644586666654,6.35770313108333,-1.21589841424047,0.243696855176136,0.498878261348711,TRUE,"down",FALSE,FALSE
"PCDHB8","up",-0.0706959024166668,7.131526459125,-1.21522135237663,0.243947065452751,0.499143703690319,TRUE,"down",FALSE,FALSE
"RPS16","up",-0.0729532824999992,16.61425265125,-1.21499911738729,0.244029236606213,0.499143703690319,TRUE,"down",FALSE,FALSE
"ALS2CL","up",0.0839256725000004,8.00140981458333,1.21431851739696,0.244281021625158,0.499394690699186,TRUE,"up",TRUE,FALSE
"FEZ2","up",0.0496939475000014,10.45522084375,1.21407611925468,0.244370744527499,0.499414475887089,TRUE,"up",TRUE,FALSE
"TIMD4","down",-0.0878644922499991,6.09146856295833,-1.21386732495245,0.244448049610049,0.499506102688639,TRUE,"down",TRUE,FALSE
"NME3","up",-0.0555678241666662,12.7688568329167,-1.21170454455891,0.245249927152672,0.500519260196244,TRUE,"down",FALSE,FALSE
"MAG","up",-0.101604203749998,6.548537361125,-1.21160356349721,0.245287417000225,0.500534990995649,TRUE,"down",FALSE,FALSE
"MRPL18","up",-0.0696135099999997,12.8242368491667,-1.20963240597618,0.246020113225658,0.501448741098513,TRUE,"down",FALSE,FALSE
"MLL3","down",0.0632919416666671,13.5111778033333,1.20878971167316,0.246333867891059,0.50177566166979,TRUE,"up",FALSE,FALSE
"RPL8","up",-0.0638722983333316,16.2060353183333,-1.20833179252845,0.246504491986854,0.501933988737213,TRUE,"down",FALSE,FALSE
"GRB2","down",-0.0522714375000003,12.4393979370833,-1.20800262577059,0.246627198617704,0.501934255196043,TRUE,"down",TRUE,FALSE
"LUC7L2","up",-0.064688228333332,10.9180099108333,-1.20809562540811,0.246592525454228,0.501934255196043,TRUE,"down",FALSE,FALSE
"HSPBP1","up",0.0517724333333341,10.577236705,1.20744873708131,0.246833783932195,0.502164402332164,TRUE,"up",TRUE,FALSE
"MLLT1","down",0.0557284941666675,7.41655687325,1.20720706979514,0.246923961258732,0.502164402332164,TRUE,"up",FALSE,FALSE
"TPP1","up",-0.0811531804166661,10.2582397047917,-1.20724351046986,0.246910361909073,0.502164402332164,TRUE,"down",FALSE,FALSE
"ATP6V1G2","down",0.064125170916668,8.20773995354167,1.20693081497786,0.247027076100973,0.502298626307797,TRUE,"up",FALSE,FALSE
"NIPBL","down",0.0550373561666682,9.954142519,1.20654082702178,0.247172699803154,0.502561845850256,TRUE,"up",FALSE,FALSE
"WWC1","up",0.183674494500001,5.88506096191667,1.20603528191436,0.247361572259016,0.502880055825186,TRUE,"up",TRUE,FALSE
"E2F1","down",-0.0615183123333326,5.97680233058333,-1.20557708374041,0.247532852469493,0.503030790839247,TRUE,"down",TRUE,FALSE
"RFFL","up",0.0563539376666675,8.78462935533333,1.20411127454705,0.248081407761279,0.50375019618079,TRUE,"up",TRUE,FALSE
"SLC44A3","up",-0.0982380544999993,6.59396919233333,-1.2035243377546,0.248301323227287,0.503900379813092,TRUE,"down",FALSE,FALSE
"THBS2","up",0.185220685000002,12.2878548983333,1.20290276233545,0.248534381818821,0.504158585991705,TRUE,"up",TRUE,FALSE
"ASPSCR1","up",0.0667061979166673,7.62791794979167,1.20200538968295,0.248871148882415,0.50451911973246,TRUE,"up",TRUE,FALSE
"REPIN1","up",-0.079376030833333,11.8781255954167,-1.20160365990611,0.249022024942528,0.504648111045733,TRUE,"down",FALSE,FALSE
"PDCD7","down",-0.0446734441666662,10.51970243125,-1.20147190934778,0.249071521393228,0.504705250601955,TRUE,"down",TRUE,FALSE
"F11","down",-0.0829855665833329,5.691362993875,-1.2005307421208,0.249425323489425,0.505158626741195,TRUE,"down",TRUE,FALSE
"BCL2L12","up",0.0537555158333333,10.7770670104167,1.19930919114584,0.249885106788565,0.505727221919774,TRUE,"up",TRUE,FALSE
"SEL1L","down",0.0855456934166685,9.73218492170833,1.1986966475351,0.250115910614532,0.505996586666759,TRUE,"up",FALSE,FALSE
"ATPAF1","down",0.0591829620833335,8.63716699920833,1.19775981562349,0.250469223726579,0.506456477639815,TRUE,"up",FALSE,FALSE
"OPN3","up",0.114132292083334,7.152885154875,1.19745256357523,0.250585183547441,0.506649064496753,TRUE,"up",TRUE,FALSE
"C1orf74","up",-0.0773769434166665,6.27574218129167,-1.19433780624867,0.251763065948609,0.508163376576361,TRUE,"down",FALSE,FALSE
"CRYBB2","up",-0.0669485029166666,8.024759932375,-1.19381567670569,0.251960933217016,0.508287443071729,TRUE,"down",FALSE,FALSE
"TEF","up",-0.0800279556666668,8.21692285133333,-1.19252521283932,0.252450485054035,0.508765175223697,TRUE,"down",FALSE,FALSE
"B2M","up",-0.094106141666665,15.7927968025,-1.19033566219352,0.253282794291291,0.509632044265994,TRUE,"down",FALSE,FALSE
"BNIP3","up",-0.0874426916666655,12.1333367741667,-1.19057061361717,0.253193381471755,0.509632044265994,TRUE,"down",FALSE,FALSE
"CPE","up",0.183328225833336,13.94943974125,1.19074027981109,0.253128828654896,0.509632044265994,TRUE,"up",TRUE,FALSE
"GHRH","up",0.0637113857500002,5.984743819375,1.19025671515942,0.253312843740458,0.509632044265994,TRUE,"up",TRUE,FALSE
"GOLGA7","up",-0.0538113516666661,11.7725701125,-1.19066607804752,0.253157058603048,0.509632044265994,TRUE,"down",FALSE,FALSE
"HM13","up",-0.0731132013333336,10.1222343900833,-1.19042418034582,0.253249105075828,0.509632044265994,TRUE,"down",FALSE,FALSE
"IFITM3","down",-0.0756586141666645,16.1048536604167,-1.19022375446262,0.25332539031694,0.509632044265994,TRUE,"down",TRUE,FALSE
"ZBTB5","up",0.0731629390000013,10.0497544454167,1.1908960858406,0.253069560389021,0.509632044265994,TRUE,"up",TRUE,FALSE
"IFITM1","down",-0.100025150833332,14.9915590729167,-1.18981295758867,0.253481801439046,0.509818534164933,TRUE,"down",TRUE,FALSE
"TBRG4","up",-0.0640445561666663,10.0781559584167,-1.18969861075569,0.253525352299566,0.509873122760655,TRUE,"down",FALSE,FALSE
"KIFAP3","down",-0.0820535399999991,11.8010974025,-1.18874841336656,0.253887473669126,0.510337144640127,TRUE,"down",TRUE,FALSE
"LRRC25","up",-0.11170171175,7.50429637170833,-1.18832964923257,0.254047191688616,0.510493069918429,TRUE,"down",FALSE,FALSE
"ZNF142","down",-0.0727005246666657,8.32062053133333,-1.18793228466882,0.254198819424483,0.51065451768588,TRUE,"down",TRUE,FALSE
"NIPSNAP3A","up",-0.0928052954166659,9.70798778079167,-1.18755181428008,0.254344065958729,0.510752886596728,TRUE,"down",FALSE,FALSE
"MPP1","up",-0.0637846691666662,11.4143387270833,-1.18524656997194,0.255225472367787,0.511950543825628,TRUE,"down",FALSE,FALSE
"SLC25A16","up",0.0673679734166677,8.20868481254167,1.18488854835448,0.255362572057103,0.512109580415535,TRUE,"up",TRUE,FALSE
"MMP10","up",0.0745863530833344,5.43886831704167,1.18363018610713,0.255844895144168,0.512712839852924,TRUE,"up",TRUE,FALSE
"SPRR4","down",-0.0782079270833331,5.45436231504167,-1.18365292639597,0.255836172706415,0.512712839852924,TRUE,"down",TRUE,FALSE
"LRRN3","down",-0.262863202666667,8.771030843,-1.18313548097832,0.256034704627994,0.512807717736539,TRUE,"down",TRUE,FALSE
"TJP1","down",0.0888527025000009,11.21850049125,1.18247703359941,0.256287507082166,0.513060832341732,TRUE,"up",FALSE,FALSE
"FRAT1","up",0.0502976846666674,5.80794251325,1.18223569383903,0.256380214457542,0.513156791009066,TRUE,"up",TRUE,FALSE
"PVRL1","down",0.0965362566666667,8.85105899966667,1.18149125911629,0.256666341348166,0.513365726319292,TRUE,"up",FALSE,FALSE
"ATN1","up",0.0623295995833346,10.1924818207083,1.18116676836197,0.25679113765268,0.513483121767428,TRUE,"up",TRUE,FALSE
"CDH12","down",0.0551797172500002,5.662479318625,1.18056732737474,0.25702180007034,0.513758027351998,TRUE,"up",FALSE,FALSE
"ERBB4","up",0.128578714666667,5.78641854083333,1.18047402132717,0.257057718169806,0.513758027351998,TRUE,"up",TRUE,FALSE
"ZNF438","up",0.0467592500000002,11.22554446,1.18034891876186,0.257105882370144,0.513814894327573,TRUE,"up",TRUE,FALSE
"HLA-DRB1","up",-0.0774119641666659,13.9026587854167,-1.17956822072577,0.2574066060025,0.514062288677161,TRUE,"down",FALSE,FALSE
"PSG4","up",-0.0678269770833331,5.41114313679167,-1.17942362995579,0.257462331782907,0.514109289292753,TRUE,"down",FALSE,FALSE
"SPESP1","up",0.0621603922499998,6.140005031875,1.17874916998991,0.257722393420539,0.514208739185518,TRUE,"up",TRUE,FALSE
"TRABD","down",-0.0540776383333329,11.1165711516667,-1.17895800208241,0.257641849345548,0.514208739185518,TRUE,"down",TRUE,FALSE
"MAP4K5","down",-0.0767707146666651,9.505437165,-1.1777915978509,0.258091965352837,0.514726158372486,TRUE,"down",TRUE,FALSE
"ATOX1","up",0.0759671083333339,11.9446322633333,1.17670937142945,0.258510136847104,0.515196393567648,TRUE,"up",TRUE,FALSE
"MCF2L","down",0.0965044578333335,9.30429435941667,1.17673895440455,0.258498699098141,0.515196393567648,TRUE,"up",FALSE,FALSE
"SRP54","up",-0.0477249684166665,9.396187155125,-1.17593746434644,0.258808718760006,0.515431619294979,TRUE,"down",FALSE,FALSE
"MOV10L1","up",0.112757326583334,5.90075552795833,1.17493288319655,0.259197697661726,0.516037089879231,TRUE,"up",TRUE,FALSE
"DAD1","up",-0.0493793541666648,13.2125854254167,-1.17465028310517,0.259307202622132,0.516156688579663,TRUE,"down",FALSE,FALSE
"MEA1","down",-0.0621076191666665,11.91850819625,-1.1746492443428,0.259307605198524,0.516156688579663,TRUE,"down",TRUE,FALSE
"TSHR","up",-0.0542452859999995,5.37611043425,-1.17434640278108,0.25942499306357,0.516189701937575,TRUE,"down",FALSE,FALSE
"TMCC1","down",-0.0620520019166643,8.753256280375,-1.17417629477581,0.259490948435337,0.516224006004404,TRUE,"down",TRUE,FALSE
"PRH2","down",0.0566079173333337,7.12501845075,1.17341122196482,0.259787746358701,0.516483770865543,TRUE,"up",FALSE,FALSE
"C11orf75","down",-0.0736031035833328,10.3035314817917,-1.17167929939616,0.260460579595465,0.517258796445755,TRUE,"down",TRUE,FALSE
"MAD2L1BP","down",-0.0492471054166658,9.97424272720833,-1.17058377799446,0.260886866678517,0.517593627660353,TRUE,"down",TRUE,FALSE
"CHD5","up",0.0522239287500004,5.164118703625,1.17034287081232,0.26098067962577,0.517637778481632,TRUE,"up",TRUE,FALSE
"TMEM109","up",-0.0512642625000006,11.8860717079167,-1.16957118494833,0.261281359824957,0.518110755126587,TRUE,"down",FALSE,FALSE
"NFX1","down",0.0491729629999998,9.36480464516667,1.16915541831767,0.261443469311541,0.518258872090104,TRUE,"up",FALSE,FALSE
"ESR1","down",-0.132876006666664,11.16590242,-1.16802184316629,0.261885847004911,0.518895360166853,TRUE,"down",TRUE,FALSE
"PHF20L1","up",-0.0568890284166663,8.893681971125,-1.16614818189664,0.2626182985774,0.519737801884977,TRUE,"down",FALSE,FALSE
"KCNB2","up",0.135507933833334,5.32612166558333,1.16552342023211,0.262862878304493,0.51987317349642,TRUE,"up",TRUE,FALSE
"OR10H3","up",-0.090626327416666,5.87276723904167,-1.16571276172673,0.262788737110412,0.51987317349642,TRUE,"down",FALSE,FALSE
"DDX56","up",0.0597219930000003,8.3831854915,1.16538746554285,0.26291612447931,0.519908981087069,TRUE,"up",TRUE,FALSE
"PACRG","up",-0.0803910802499988,7.30642785029167,-1.16518155575465,0.262996784020749,0.519987398579684,TRUE,"down",FALSE,FALSE
"ART1","up",0.063601002333334,5.64446885866667,1.16465817996553,0.263201887339234,0.520237338627318,TRUE,"up",TRUE,FALSE
"ATG10","down",0.055105876416667,7.93929746454167,1.16457917107298,0.263232860385514,0.520237338627318,TRUE,"up",FALSE,FALSE
"RAB6C","up",0.0632364908333343,9.27573345716667,1.16450943604407,0.263260200208123,0.52024803905518,TRUE,"up",TRUE,FALSE
"NAPA","up",0.0872562644166671,9.76723973354167,1.16423409598865,0.263368169282036,0.520306189975295,TRUE,"up",TRUE,FALSE
"HDAC11","down",0.0746967437500019,7.632511466625,1.16290395870906,0.263890232457717,0.52094010819099,TRUE,"up",FALSE,FALSE
"CORT","down",-0.040773280833333,7.52324312216667,-1.1620736973614,0.264216500645016,0.52125302273282,TRUE,"down",TRUE,FALSE
"PSMC5","up",0.0523544241666666,11.04759695125,1.16162441693197,0.264393182962143,0.521469149485827,TRUE,"up",TRUE,FALSE
"NCOA1","down",-0.061744699166665,10.7371759329167,-1.16154703474168,0.264423623091532,0.521496084842912,TRUE,"down",TRUE,FALSE
"ARAF","up",0.0648488989166681,9.03014422004167,1.16113355341483,0.264586321168591,0.521651406811578,TRUE,"up",TRUE,FALSE
"ABCA6","up",-0.180933466166667,9.75467458741667,-1.16051732832857,0.264828937337188,0.521933367851316,TRUE,"down",FALSE,FALSE
"USH1C","down",-0.0565556700833325,5.798995449125,-1.1593836014776,0.265275744363233,0.522494127233261,TRUE,"down",TRUE,FALSE
"AP1G2","up",-0.0562634540833326,8.42691406595833,-1.15878012658871,0.265513810999939,0.522741013511102,TRUE,"down",FALSE,FALSE
"PUS1","down",-0.064909286666665,10.8861188983333,-1.15829420077702,0.265705623729845,0.522976816067542,TRUE,"down",TRUE,FALSE
"ASMT","up",-0.0895864030833335,6.52917847645833,-1.15674180258088,0.266319120105784,0.523662486243501,TRUE,"down",FALSE,FALSE
"BUD13","up",-0.0651812449999974,10.377230845,-1.15640465584942,0.266452500586498,0.523815064482745,TRUE,"down",FALSE,FALSE
"HOXA1","down",0.0779221375833336,5.46765908495833,1.15601961904658,0.266604889371167,0.523935685443103,TRUE,"up",FALSE,FALSE
"MYO1A","up",0.054773477750001,6.616897453375,1.15458178318961,0.267174538920801,0.524406794570441,TRUE,"up",TRUE,FALSE
"RAPGEF6","up",-0.0888531710000003,8.27127120591667,-1.15436014754563,0.26726243010647,0.524464963260594,TRUE,"down",FALSE,FALSE
"PDPN","up",-0.15792636125,10.4827784824583,-1.15332728797149,0.267672308227204,0.524871510869348,TRUE,"down",FALSE,FALSE
"SLFN12","up",-0.0615170755000001,6.86752252775,-1.15337745223358,0.267652390084624,0.524871510869348,TRUE,"down",FALSE,FALSE
"PRG4","up",0.263241405166667,6.39011671083333,1.15200340836759,0.268198373571626,0.525426064204876,TRUE,"up",TRUE,FALSE
"CRISP2","up",-0.141816537083332,5.740824051875,-1.15141885823187,0.268430904344504,0.525466112161101,TRUE,"down",FALSE,FALSE
"HMGB2","up",-0.105008575833333,11.3854763079167,-1.15141485707267,0.268432496511446,0.525466112161101,TRUE,"down",FALSE,FALSE
"YTHDC1","up",-0.0686546224166668,10.2310687342917,-1.15158063585181,0.268366534771913,0.525466112161101,TRUE,"down",FALSE,FALSE
"CKS2","up",0.103066090416668,8.577880861125,1.15096981953054,0.268609633535766,0.525743839883795,TRUE,"up",TRUE,FALSE
"GLUL","down",-0.122045770833332,11.5650400745833,-1.15044289181467,0.268819479980175,0.525782508432822,TRUE,"down",TRUE,FALSE
"ZNF317","down",-0.0809660753333324,9.46211977741667,-1.1497801658246,0.269083584366655,0.526167047179347,TRUE,"down",TRUE,FALSE
"UBE4A","down",-0.0554919441666653,11.9682961479167,-1.14853761382722,0.269579287930555,0.526887000476283,TRUE,"down",TRUE,FALSE
"C4B","down",0.199901874000001,9.75383986025,1.14669044441062,0.270317479331872,0.527702183225555,TRUE,"up",FALSE,FALSE
"ABLIM3","down",-0.106193188416666,9.43076345970833,-1.14644638308605,0.270415129178054,0.527818260809127,TRUE,"down",TRUE,FALSE
"RHEB","up",0.0792651525000025,11.2140588845833,1.146190509753,0.270517533805035,0.527852349308593,TRUE,"up",TRUE,FALSE
"SEMA3D","up",0.162215893250002,8.01669327920833,1.14571227148907,0.270709011378432,0.527970460482228,TRUE,"up",TRUE,FALSE
"TMEM5","up",0.0482675176666665,10.160166761,1.14580782481289,0.270670745410525,0.527970460482228,TRUE,"up",TRUE,FALSE
"WDR49","up",0.0693724484166672,5.36358622095833,1.1454660067897,0.270807651228617,0.528053676747761,TRUE,"up",TRUE,FALSE
"PPAPDC1A","up",-0.154488253333333,6.8204839995,-1.14514298708304,0.270937076186029,0.528140328183959,TRUE,"down",FALSE,FALSE
"PDE9A","up",0.0982905010833337,8.46712803179167,1.14495092176604,0.271014053631247,0.528157844608009,TRUE,"up",TRUE,FALSE
"PEX10","up",0.0445678016666665,8.04270404058333,1.14435015112537,0.271254942332261,0.528395308641967,TRUE,"up",TRUE,FALSE
"SLC30A7","down",0.0675630795833337,8.61390512945833,1.14412249131478,0.271346268638037,0.528451516028853,TRUE,"up",FALSE,FALSE
"SERINC3","up",0.0670932958333345,11.20224663625,1.14328989170716,0.271680466681124,0.528706659526983,TRUE,"up",TRUE,FALSE
"TFPI2","down",0.284676032916668,7.37169774029167,1.1433237004269,0.271666890086156,0.528706659526983,TRUE,"up",FALSE,FALSE
"UVRAG","up",0.0694313815833341,7.594874137375,1.14322673629413,0.271705829429636,0.528706659526983,TRUE,"up",TRUE,FALSE
"CBL","down",0.0603909533333344,10.571849405,1.14146827487445,0.272412735636128,0.52955862632943,TRUE,"up",FALSE,FALSE
"TOMM7","up",-0.0557846041666662,15.91978573625,-1.1413086814448,0.272476961546485,0.529593366277096,TRUE,"down",FALSE,FALSE
"HECTD1","down",-0.0666001391666668,12.86225634875,-1.14107846137842,0.272569630267942,0.529608559467242,TRUE,"down",TRUE,FALSE
"S100G","down",0.0739166495000003,5.40615401891667,1.1411081719781,0.27255766974585,0.529608559467242,TRUE,"up",FALSE,FALSE
"IRAK3","down",0.0753078479166679,8.10879256179167,1.14057879079466,0.272770840993606,0.529919693094493,TRUE,"up",FALSE,FALSE
"CXCL9","up",-0.290707944416666,7.92899666804167,-1.14002741259713,0.272993004249801,0.530185550850042,TRUE,"down",FALSE,FALSE
"GYG1","up",0.137503237666667,10.6429148796667,1.139924542854,0.273034468055618,0.530232936964011,TRUE,"up",TRUE,FALSE
"SF3A1","up",-0.0401156624999985,10.8391096079167,-1.13975373428461,0.273103326563241,0.530333514341167,TRUE,"down",FALSE,FALSE
"CAMKK2","up",0.0536042066666682,11.2219745683333,1.13945785884941,0.273222634723163,0.530465740197333,TRUE,"up",TRUE,FALSE
"SLC25A3","up",0.0522527500000007,15.3979108491667,1.13637593262324,0.274467730983628,0.532051989339528,TRUE,"up",TRUE,FALSE
"COMMD6","up",-0.0678917516666653,12.9612481783333,-1.13589609547291,0.274661970413184,0.532295972269828,TRUE,"down",FALSE,FALSE
"FLJ43860","down",0.0485708368333345,5.7928787615,1.13572726979051,0.274730336239411,0.532328573686143,TRUE,"up",FALSE,FALSE
"RTN4R","down",-0.139271785833334,7.25148095991667,-1.13575924615606,0.274717386447886,0.532328573686143,TRUE,"down",TRUE,FALSE
"TMEM115","up",0.0704922445000003,8.3496356125,1.1350050844733,0.275022929856765,0.53266299797478,TRUE,"up",TRUE,FALSE
"PSMD6","up",0.0484270891666674,11.8288184679167,1.13473039908576,0.275134280548637,0.532845447843882,TRUE,"up",TRUE,FALSE
"FRMD6","down",-0.151537412499998,9.72264205825,-1.13340440943673,0.275672283397917,0.533355491266506,TRUE,"down",TRUE,FALSE
"ATP2A2","up",0.134736857833333,10.2302297359167,1.13274303934798,0.275940922505382,0.533675858588773,TRUE,"up",TRUE,FALSE
"AZGP1","up",-0.0662297600000002,6.29913863566667,-1.13232441422278,0.276111064223116,0.533705940126946,TRUE,"down",FALSE,FALSE
"PLEKHG2","up",0.0703712250000031,10.7079823966667,1.132337951666,0.276105560963787,0.533705940126946,TRUE,"up",TRUE,FALSE
"NUP37","up",-0.0492920712499988,9.719579384125,-1.13102937916617,0.276637906630309,0.534391857930803,TRUE,"down",FALSE,FALSE
"PACS1","down",0.052193660083334,9.24273769129167,1.12986835833866,0.277110874488826,0.534788759540049,TRUE,"up",FALSE,FALSE
"ANKRD13B","down",-0.0688351994166663,7.392828801125,-1.1281491995411,0.277812332468809,0.535506021173878,TRUE,"down",TRUE,FALSE
"SDF2L1","down",-0.0834491891666662,13.2231618504167,-1.12811575302646,0.277825992713394,0.535506021173878,TRUE,"down",TRUE,FALSE
"LRIG1","up",-0.152119244166665,12.5520477770833,-1.12710535618755,0.278238898322457,0.536015498793372,TRUE,"down",FALSE,FALSE
"GPR161","up",-0.161839827916666,9.50258442729167,-1.12623220015051,0.278596091925069,0.536546837021292,TRUE,"down",FALSE,FALSE
"HMGA1","down",0.0811159731666671,7.34825615991667,1.12604901448215,0.278671073959345,0.536566499321047,TRUE,"up",FALSE,FALSE
"ITGA11","down",-0.160313192499999,11.0153017470833,-1.12536915343567,0.278949489369157,0.536887917100995,TRUE,"down",TRUE,FALSE
"MYO9B","up",0.0868450093333343,10.11618930875,1.12499573254773,0.279102501097006,0.537051291644507,TRUE,"up",TRUE,FALSE
"STIM2","up",0.0743478495000007,7.58384897916667,1.1237337884911,0.27962005888936,0.53774552638548,TRUE,"up",TRUE,FALSE
"VPS4A","up",0.0534375658333329,10.3115199170833,1.12380918969208,0.279589114513857,0.53774552638548,TRUE,"up",TRUE,FALSE
"TBC1D1","up",-0.164270130833332,11.66437227125,-1.12169348051355,0.280458372634982,0.53882412381835,TRUE,"down",FALSE,FALSE
"YY1","down",-0.0446422866666664,11.3947452008333,-1.12157788413762,0.280505924948011,0.538848846985137,TRUE,"down",TRUE,FALSE
"USP5","up",0.0649465706666687,9.28940705341667,1.12057489101403,0.280918775874071,0.539298914799264,TRUE,"up",TRUE,FALSE
"RPL37A","up",-0.0745711141666673,16.9170886670833,-1.11978552367795,0.281244015494432,0.539566192235304,TRUE,"down",FALSE,FALSE
"XPNPEP1","up",-0.0572265339166666,7.95851925020833,-1.11972097911405,0.281270622024394,0.539583920944742,TRUE,"down",FALSE,FALSE
"SLC25A23","up",0.0852844207500012,10.282898362375,1.11827699883221,0.281866353518946,0.540393122511302,TRUE,"up",TRUE,FALSE
"F2RL3","up",0.0681306320000002,5.84341323016667,1.11674871264244,0.282497898249736,0.540969721090582,TRUE,"up",TRUE,FALSE
"PDPK1","down",-0.0709805298333325,9.68166935216667,-1.1165745682448,0.282569928562946,0.540970617351083,TRUE,"down",TRUE,FALSE
"TRIM39","down",-0.06816923375,9.26449190470833,-1.11665280395608,0.282537566684863,0.540970617351083,TRUE,"down",TRUE,FALSE
"UTS2D","down",0.0637987190833331,6.122568976625,1.11653712588406,0.282585417424866,0.540970617351083,TRUE,"up",FALSE,FALSE
"SLA2","up",-0.0558600462499992,5.747335714375,-1.11613238133404,0.28275288965302,0.541099032879775,TRUE,"down",FALSE,FALSE
"CDCA5","up",-0.0655889255833319,7.150760254625,-1.11459800523919,0.283388448957864,0.541940293329564,TRUE,"down",FALSE,FALSE
"FBXO8","up",-0.0758571607499979,9.83298838895833,-1.11289023035795,0.284097091689966,0.542794369611426,TRUE,"down",FALSE,FALSE
"IDI1","up",0.112213685333334,9.95042176508333,1.11201616149997,0.284460300861715,0.54316340992145,TRUE,"up",TRUE,FALSE
"TPST2","up",-0.0794980899999995,10.8308159133333,-1.11180677226348,0.284547361768068,0.54316340992145,TRUE,"down",FALSE,FALSE
"KCNS3","up",0.110731365333334,10.0141841973333,1.11160337250785,0.284631951452027,0.543173449131237,TRUE,"up",TRUE,FALSE
"PARP3","down",-0.0867222276666671,8.61984366375,-1.1114495546681,0.28469593356862,0.543203687310049,TRUE,"down",TRUE,FALSE
"DCTN1","up",0.060968147166667,9.9699156015,1.11124765066324,0.284779933973908,0.543330597349704,TRUE,"up",TRUE,FALSE
"ZNF649","down",-0.071249569916667,7.83745479995833,-1.10894463662132,0.28573939679173,0.54435895383891,TRUE,"down",TRUE,FALSE
"SQLE","up",-0.114117572083332,9.87073032420833,-1.10863090889513,0.285870286491948,0.544508155573947,TRUE,"down",FALSE,FALSE
"SLC25A11","up",0.0778463540000006,9.87064115783333,1.10779513947146,0.286219195091696,0.544838744709256,TRUE,"up",TRUE,FALSE
"RPL12","up",-0.0753334108333306,16.20343996125,-1.10712333509111,0.286499884088173,0.545002344103394,TRUE,"down",FALSE,FALSE
"PIM3","up",0.129919808333335,13.5202820625,1.1062117929495,0.286881067869933,0.545571853919198,TRUE,"up",TRUE,FALSE
"TMIE","down",0.0884406931666668,6.11430366216667,1.10608144895607,0.286935605390026,0.5456342185238,TRUE,"up",FALSE,FALSE
"IKBKG","up",0.0456637326666672,9.604518084,1.10407549283507,0.287775899580823,0.546754773366728,TRUE,"up",TRUE,FALSE
"TMEM27","up",-0.066320101999999,6.39729009091667,-1.10393267001025,0.287835798033803,0.546810584281385,TRUE,"down",FALSE,FALSE
"COLEC10","down",-0.0553691554999992,5.41091993075,-1.1036518119838,0.287953614219438,0.546922682976947,TRUE,"down",TRUE,FALSE
"MINA","up",0.0608059259166669,8.01647952254167,1.10369117452261,0.287937099991062,0.546922682976947,TRUE,"up",TRUE,FALSE
"CNOT1","up",-0.041204461916666,8.936523377375,-1.10301789561276,0.288219666034369,0.547072829642735,TRUE,"down",FALSE,FALSE
"SPINT1","up",-0.13307627475,6.401812084375,-1.10186290617264,0.288704881608593,0.547724879798644,TRUE,"down",FALSE,FALSE
"PAQR8","up",0.090359627583334,8.781042021875,1.10162069911533,0.288806711024864,0.547833185768246,TRUE,"up",TRUE,FALSE
"EEF1G","up",-0.053495034999999,15.3232040683333,-1.10104994896285,0.289046773501675,0.548069938392803,TRUE,"down",FALSE,FALSE
"BTBD7","down",-0.0433688042499993,10.1184240250417,-1.09981408374204,0.289567099285561,0.548433162859343,TRUE,"down",TRUE,FALSE
"MED28","up",0.0557721666666675,8.69233704241667,1.09906923435987,0.289881034032352,0.548816932089523,TRUE,"up",TRUE,FALSE
"GLG1","down",-0.0537010091666673,12.8662068520833,-1.09834585083753,0.290186164273026,0.548939242487862,TRUE,"down",TRUE,FALSE
"LRRC59","down",0.0842343166666674,10.9151813908333,1.09852268120478,0.290111553398763,0.548939242487862,TRUE,"up",FALSE,FALSE
"MAP2K5","up",0.043334899666666,7.75144783133333,1.09834448818448,0.290186739279198,0.548939242487862,TRUE,"up",TRUE,FALSE
"PRKRA","up",0.0453927233333361,10.9699591816667,1.09824861634215,0.290227196977435,0.548939242487862,TRUE,"up",TRUE,FALSE
"TIAL1","up",0.0509460069166686,9.96578436145833,1.09815088310379,0.290268444507216,0.548939242487862,TRUE,"up",TRUE,FALSE
"SNX2","up",0.054194029166668,12.1798024479167,1.09758337655863,0.290508042428826,0.549167481556761,TRUE,"up",TRUE,FALSE
"PACS2","down",0.0510249975000011,8.8516428875,1.09723321082504,0.29065595383125,0.549313411437541,TRUE,"up",FALSE,FALSE
"MYNN","up",0.0549496940833345,8.414905351875,1.0959743658158,0.291188158330949,0.549957451949242,TRUE,"up",TRUE,FALSE
"ZNF586","down",-0.0479774962499991,7.150074841625,-1.09562270640384,0.291336959688482,0.550086824522014,TRUE,"down",TRUE,FALSE
"IFT122","down",-0.053196214583333,9.77178525220833,-1.09403363423449,0.292010066419381,0.550967742517792,TRUE,"down",TRUE,FALSE
"ICAM3","up",-0.0580759382499983,10.199865850875,-1.09367928805594,0.292160319708995,0.551060169169338,TRUE,"down",FALSE,FALSE
"DCST2","down",0.0643331158333338,7.04510473816667,1.09337054075249,0.292291284603165,0.551230565379312,TRUE,"up",FALSE,FALSE
"NDOR1","up",0.0575863241666674,13.7383829520833,1.09253251512147,0.292646979667668,0.551715306723463,TRUE,"up",TRUE,FALSE
"FSD1","up",-0.0659124519166659,6.48594645245833,-1.09188249168933,0.292923099866997,0.551986570384337,TRUE,"down",FALSE,FALSE
"RPL34","up",-0.0668976566666654,15.928849375,-1.0916658158637,0.293015183530078,0.552025790782776,TRUE,"down",FALSE,FALSE
"DHX33","down",-0.0439704291666659,7.254322062,-1.09105581712547,0.293274538510805,0.552146361890957,TRUE,"down",TRUE,FALSE
"TM9SF1","up",-0.0594314524999995,10.7939664545833,-1.09101238470633,0.293293011305345,0.552146361890957,TRUE,"down",FALSE,FALSE
"ACD","up",0.0392229260000009,10.2711325130833,1.08918835716921,0.294069592427528,0.553157150169558,TRUE,"up",TRUE,FALSE
"HBS1L","up",0.0580048964166676,8.94878739354167,1.08798613174553,0.294582275015982,0.553568820640859,TRUE,"up",TRUE,FALSE
"WFS1","up",-0.0934692208333312,11.6160581345833,-1.08747273356852,0.294801412941573,0.553795244685213,TRUE,"down",FALSE,FALSE
"ASB8","up",-0.0461885150833334,8.31567777629167,-1.08620007100598,0.295345155382549,0.554398880447446,TRUE,"down",FALSE,FALSE
"PITX3","up",0.0517747659166682,6.730082310375,1.08500661791901,0.295855731202348,0.555021993595324,TRUE,"up",TRUE,FALSE
"UBAP1","down",0.0525674683333334,9.87768017241667,1.08434785518924,0.296137839169598,0.555283020860403,TRUE,"up",FALSE,FALSE
"ANXA11","up",0.0667293616666667,12.051103225,1.0840456537402,0.296267320332294,0.555363925692651,TRUE,"up",TRUE,FALSE
"H2AFV","up",0.0683564291666672,13.34911094125,1.0840768931611,0.296253933553447,0.555363925692651,TRUE,"up",TRUE,FALSE
"DLL3","down",-0.0515918403333331,5.34711514925,-1.08200698640783,0.297141903375545,0.555884535961457,TRUE,"down",TRUE,FALSE
"GSR","down",0.0519057162500007,8.51103913454167,1.08228403862238,0.297022936566184,0.555884535961457,TRUE,"up",FALSE,FALSE
"SPTLC1","up",-0.0744213898333316,10.0977012601667,-1.08295528672811,0.296734847452438,0.555884535961457,TRUE,"down",FALSE,FALSE
"TGFBI","up",0.142167447500002,13.7867166729167,1.08199547275302,0.297146848126788,0.555884535961457,TRUE,"up",TRUE,FALSE
"ADM","up",-0.144011794999999,11.20393857,-1.08036948050335,0.297845772366917,0.556638027125277,TRUE,"down",FALSE,FALSE
"PIP5K1C","down",0.0828350054166679,9.80082077395833,1.08043751223934,0.29781650491998,0.556638027125277,TRUE,"up",FALSE,FALSE
"TFPI","up",0.147647878333334,11.1776340875,1.08058946396332,0.297751142538975,0.556638027125277,TRUE,"up",TRUE,FALSE
"DBI","up",0.101380410000002,14.0223238966667,1.07925058848907,0.298327428233795,0.557236540431649,TRUE,"up",TRUE,FALSE
"NFAT5","down",-0.078837729166666,11.5981144079167,-1.07715492805751,0.299231108498399,0.558582590994857,TRUE,"down",TRUE,FALSE
"NUCKS1","down",0.0434231666666671,12.7249632133333,1.07591347722908,0.299767393920771,0.55925382551223,TRUE,"up",FALSE,FALSE
"ADCYAP1","up",-0.137539052,6.31102917516667,-1.07424292414281,0.300490163900753,0.560097802802891,TRUE,"down",FALSE,FALSE
"TEPP","up",-0.0854143503333327,6.5728262035,-1.07306651323801,0.300999912944164,0.56071158842932,TRUE,"down",FALSE,FALSE
"ITGB1BP1","up",0.0684387100000013,12.5473247541667,1.07243566593578,0.301273527160705,0.560942876637199,TRUE,"up",TRUE,FALSE
"TWIST1","up",0.113948125583334,7.71683185329167,1.07049110974464,0.302118083637823,0.561683306096717,TRUE,"up",TRUE,FALSE
"TMEM88","up",0.107540447916669,10.040098815125,1.06848443858589,0.302991445465555,0.562801900616076,TRUE,"up",TRUE,FALSE
"SERF1B","down",0.0478970558333342,11.18371882625,1.06807281709184,0.303170824691304,0.56300574696337,TRUE,"up",FALSE,FALSE
"ATP2A1","up",-0.0875349045833325,5.64792952179167,-1.0675437992509,0.30340147847802,0.56315974166022,TRUE,"down",FALSE,FALSE
"RNF175","up",0.147177534250001,5.78617574879167,1.06720822880658,0.303547855393962,0.563330285062485,TRUE,"up",TRUE,FALSE
"CIB4","up",-0.0939962625000002,5.67124221075,-1.0668950523423,0.303684510856578,0.563482928540284,TRUE,"down",FALSE,FALSE
"LAMB4","up",0.0498099705000011,5.3203743295,1.06664796692776,0.303792359236987,0.563548429027563,TRUE,"up",TRUE,FALSE
"CCDC116","down",-0.0581550011666659,6.37029866933333,-1.06575214452313,0.30418360600914,0.564038491729784,TRUE,"down",TRUE,FALSE
"CSNK2B","up",-0.0426410558333338,11.9186128329167,-1.06541983741746,0.304328833965153,0.564166014733369,TRUE,"down",FALSE,FALSE
"NMT2","down",-0.0425047509999986,8.573476362,-1.06536451259673,0.304353017485045,0.564166014733369,TRUE,"down",TRUE,FALSE
"DNAJC11","up",0.0436178005833332,9.37630319745833,1.06427616035926,0.30482904405079,0.564561486365032,TRUE,"up",TRUE,FALSE
"ATXN7L1","up",-0.0623960162500001,7.97877150770833,-1.06350278812358,0.305167636191951,0.564784608479141,TRUE,"down",FALSE,FALSE
"ANKRD13C","up",-0.0359698869166648,8.68891754679167,-1.062684512357,0.30552618842784,0.565065697073819,TRUE,"down",FALSE,FALSE
"AQP3","up",-0.161258011333333,8.93587367683333,-1.06293240457884,0.305417534310127,0.565065697073819,TRUE,"down",FALSE,FALSE
"CCL20","down",0.0567101410000009,5.38950560183333,1.062784169824,0.305482503959323,0.565065697073819,TRUE,"up",FALSE,FALSE
"FOXP3","down",0.0702012430000001,5.40769326933333,1.06293356991619,0.3054170235959,0.565065697073819,TRUE,"up",FALSE,FALSE
"TIE1","up",0.112481415833334,10.3932157145,1.06272213366134,0.305509696734287,0.565065697073819,TRUE,"up",TRUE,FALSE
"NR3C1","up",0.068726545833334,11.4324975145833,1.0616649768241,0.305973361493778,0.565523111149493,TRUE,"up",TRUE,FALSE
"SLC16A8","down",0.0538336408333344,7.76817661416667,1.06159635185333,0.306003477978773,0.565523111149493,TRUE,"up",FALSE,FALSE
"PLEKHN1","down",0.0964962923333341,6.25464775158333,1.06057707710552,0.306451049098516,0.565912694495964,TRUE,"up",FALSE,FALSE
"CDR2L","down",0.0564508091666673,10.6229046745833,1.06034386001659,0.306553523955172,0.566034650364578,TRUE,"up",FALSE,FALSE
"SMC6","up",-0.0494154824999996,9.25777747608333,-1.05981649033244,0.306785341240732,0.566328072898766,TRUE,"down",FALSE,FALSE
"FMOD","down",0.0806190358333339,14.8778241354167,1.05929924064169,0.307012834944547,0.566448677999484,TRUE,"up",FALSE,FALSE
"PSMA5","up",-0.0477028141666644,12.7227803695833,-1.05871356110584,0.307270574385012,0.566675584223512,TRUE,"down",FALSE,FALSE
"CNNM1","down",-0.100794382166667,6.43498315608333,-1.05810195041604,0.307539894626565,0.566912648661403,TRUE,"down",TRUE,FALSE
"SPTY2D1","down",0.072211780250001,7.893986312875,1.05753051748741,0.307791679077919,0.567107628813395,TRUE,"up",FALSE,FALSE
"MRAS","down",0.102711249583334,10.2913271932083,1.05729514698323,0.307895431811125,0.567231522425903,TRUE,"up",FALSE,FALSE
"POFUT2","up",-0.0504393154166643,10.1519782347917,-1.05716343925107,0.30795350055283,0.567275341462521,TRUE,"down",FALSE,FALSE
"WNK1","down",0.0439447039166678,9.588199347375,1.0571169767627,0.307973987356182,0.567275341462521,TRUE,"up",FALSE,FALSE
"KIF14","down",0.0689034478333339,5.28736389966667,1.05653765323297,0.308229513559995,0.567493883533267,TRUE,"up",FALSE,FALSE
"TMEM31","up",-0.0793993764166662,5.94235758579167,-1.05602621302767,0.308455227044627,0.567756821758728,TRUE,"down",FALSE,FALSE
"EDEM2","up",-0.0538050394999991,7.911428652,-1.05578877556684,0.308560056259473,0.567782664224467,TRUE,"down",FALSE,FALSE
"MARK2","down",0.0402475015000017,9.86127493625,1.05571498834878,0.308592638808252,0.567808993489075,TRUE,"up",FALSE,FALSE
"AGTRAP","up",0.0428480035833337,8.016995807125,1.0551878591307,0.308825478882995,0.568069220924249,TRUE,"up",TRUE,FALSE
"PRRT2","up",-0.106932888333331,11.472491625,-1.0532856043957,0.309666799884776,0.568909525573213,TRUE,"down",FALSE,FALSE
"WHSC1","up",0.0388003176666676,7.65538031225,1.05317156397105,0.309717290414163,0.568935007256805,TRUE,"up",TRUE,FALSE
"KDELR1","up",-0.0529917724999998,11.0435502529167,-1.0501016211968,0.31107874759302,0.570592611877822,TRUE,"down",FALSE,FALSE
"CD164","up",-0.0779822358333315,11.2912385695833,-1.04989601724507,0.311170084750581,0.570672241888553,TRUE,"down",FALSE,FALSE
"CHM","down",0.0622733455000006,8.54857512383333,1.04924608087047,0.311458940233704,0.571020308646545,TRUE,"up",FALSE,FALSE
"DGCR14","up",-0.0434010480000009,9.52266072966667,-1.0487274729025,0.311689568993126,0.571375710192001,TRUE,"down",FALSE,FALSE
"STMN3","down",-0.103148251666666,11.5362340766667,-1.04702190353271,0.312448927359624,0.572295040728498,TRUE,"down",TRUE,FALSE
"SYCE1","down",0.0746818669166673,5.719249633125,1.04702955221391,0.312445518982033,0.572295040728498,TRUE,"up",FALSE,FALSE
"FAM120AOS","down",0.0495164858333346,10.8057125579167,1.04677105667083,0.312560723861514,0.572398586186418,TRUE,"up",FALSE,FALSE
"NMNAT3","up",0.0658921467500002,8.396722116125,1.04604571408121,0.312884156031147,0.572720853973478,TRUE,"up",TRUE,FALSE
"ELMO1","down",0.0764088527500013,7.74232256445833,1.0456515499132,0.31306001718949,0.572907759827542,TRUE,"up",FALSE,FALSE
"ZFHX4","up",-0.156337803916666,10.212628977875,-1.04468564768902,0.313491270921418,0.573325530904668,TRUE,"down",FALSE,FALSE
"C10orf122","down",-0.0760393409166658,5.502858150875,-1.04429145726385,0.313667392476742,0.573453857465507,TRUE,"down",TRUE,FALSE
"CCDC84","up",-0.0719748441666671,11.0977990954167,-1.04425359568513,0.313684312562686,0.573453857465507,TRUE,"down",FALSE,FALSE
"GNAS","up",-0.0439679150000011,14.3370664891667,-1.04409827675683,0.313753730511656,0.573501730364033,TRUE,"down",FALSE,FALSE
"TSPAN2","up",0.233177234583333,9.85156233320833,1.04388198785455,0.313850416910999,0.573577235281647,TRUE,"up",TRUE,FALSE
"FCN3","down",0.069926146000001,6.87782167458333,1.04353089801708,0.314007408819269,0.573632489104108,TRUE,"up",FALSE,FALSE
"GYLTL1B","down",0.0439057671666666,7.07750098333333,1.04348409384282,0.314028341904637,0.573632489104108,TRUE,"up",FALSE,FALSE
"RPL21","up",-0.0446283741666656,15.51690800625,-1.04356085356879,0.313994011784447,0.573632489104108,TRUE,"down",FALSE,FALSE
"ASH1L","down",0.0661657419166675,9.63584195354167,1.04280876972255,0.31433049258882,0.574049433743965,TRUE,"up",FALSE,FALSE
"ANAPC10","up",0.0446189665833329,9.51532314720833,1.04231550321485,0.314551321572874,0.574351452307242,TRUE,"up",TRUE,FALSE
"RNF149","up",0.094762750000001,11.6760450691667,1.04149699545852,0.314918005997173,0.574723275993632,TRUE,"up",TRUE,FALSE
"SPSB3","up",-0.0556739733333315,11.7850771041667,-1.04058472878997,0.31532706008709,0.575285125358035,TRUE,"down",FALSE,FALSE
"TYSND1","up",-0.0557417418333326,7.59200905666667,-1.04060512040509,0.315317912405553,0.575285125358035,TRUE,"down",FALSE,FALSE
"GORASP2","up",-0.105055790833331,10.6065657054167,-1.04029521056164,0.315456958836807,0.575464018374758,TRUE,"down",FALSE,FALSE
"OR2B6","up",0.0543636863333332,5.52504600116667,1.03981361355046,0.315673124195453,0.575655573390522,TRUE,"up",TRUE,FALSE
"TMEM14A","up",0.0597597983333355,10.5577950066667,1.03859075395029,0.316222490074392,0.576251551908481,TRUE,"up",TRUE,FALSE
"RHBDD1","up",-0.0770836157500009,9.218715331625,-1.03836779349837,0.316322729227124,0.576299023309597,TRUE,"down",FALSE,FALSE
"CD5","up",-0.0500422384166665,6.310738058125,-1.03816100628679,0.316415717811248,0.576299993582958,TRUE,"down",FALSE,FALSE
"KCNJ13","down",0.0755732472500004,5.97299723454167,1.03819494579809,0.316400454445427,0.576299993582958,TRUE,"up",FALSE,FALSE
"RIOK1","down",0.0543680446666683,8.82471613825,1.03830232953884,0.316352165073376,0.576299993582958,TRUE,"up",FALSE,FALSE
"KRTAP5-5","down",0.0480691649166666,5.27413689054167,1.03794251615512,0.316513990575371,0.57637711511211,TRUE,"up",FALSE,FALSE
"PTPRU","up",-0.130578495333332,7.84200011266667,-1.03782618624336,0.316566322635302,0.576388702401256,TRUE,"down",FALSE,FALSE
"RCL1","up",0.0823974400000015,10.9053837191667,1.03780466696823,0.316576003964336,0.576388702401256,TRUE,"up",TRUE,FALSE
"PTBP2","up",-0.110139241416666,10.6696788584583,-1.03685384531286,0.317003984871089,0.576866756964157,TRUE,"down",FALSE,FALSE
"SULT1C2","up",0.0745034305000012,6.67980887291667,1.03544437283981,0.317639185193983,0.577474974488225,TRUE,"up",TRUE,FALSE
"TREM2","up",0.100078355416667,6.34663212845833,1.0347172366465,0.31796724127082,0.577770650337247,TRUE,"up",TRUE,FALSE
"RASGRP3","down",0.0710217927500012,8.00358446770833,1.0327735310952,0.318845373679412,0.578790877546689,TRUE,"up",FALSE,FALSE
"STOX1","up",0.0960340624166676,6.60412926295833,1.03217762899937,0.31911494374581,0.579009607712105,TRUE,"up",TRUE,FALSE
"ANGPTL3","down",-0.0512751156666662,5.22502056566667,-1.03209185356229,0.319153759841093,0.579046223623873,TRUE,"down",TRUE,FALSE
"PLTP","up",0.124456315833335,12.77443227125,1.031228877387,0.31954447423283,0.579425258970911,TRUE,"up",TRUE,FALSE
"TIMM9","up",-0.061503714166667,11.8663019895833,-1.03084656136054,0.319717679397617,0.579425258970911,TRUE,"down",FALSE,FALSE
"ISL1","up",0.114791363583335,9.754110748875,1.03031513319253,0.319958551555203,0.5796602013832,TRUE,"up",TRUE,FALSE
"CCT3","up",0.0484880175000002,12.6829863229167,1.02990257818503,0.320145634523663,0.579830097687063,TRUE,"up",TRUE,FALSE
"KRT28","up",0.0545713432499999,5.622597006125,1.02895084737148,0.320577521783488,0.580375502934018,TRUE,"up",TRUE,FALSE
"MEF2D","down",0.0515450940000004,9.26470454275,1.02830194662301,0.320872229038504,0.580773687929423,TRUE,"up",FALSE,FALSE
"ANKS1B","up",-0.0500478683333326,5.813085221,-1.024590930096,0.322561404507287,0.582812581313625,TRUE,"down",FALSE,FALSE
"TMEM38B","up",0.0714195195000014,8.087500082,1.02407246084869,0.32279791119207,0.582993556624118,TRUE,"up",TRUE,FALSE
"ACSL5","up",-0.0541337881666653,6.62364448916667,-1.0227214603898,0.323414776365168,0.583567217748931,TRUE,"down",FALSE,FALSE
"CD276","up",0.0999114156666672,7.914883713,1.0215029000191,0.323971898948727,0.584138272160092,TRUE,"up",TRUE,FALSE
"ABCD1","down",-0.0858862810833332,7.95381537895833,-1.0192850189165,0.324987684253749,0.585188764785147,TRUE,"down",TRUE,FALSE
"VPS39","down",0.0495740342500011,8.692940229375,1.01849199608568,0.325351443692432,0.585640137783064,TRUE,"up",FALSE,FALSE
"MPP2","up",0.121112592166668,7.1934542425,1.01815553527558,0.325505866797735,0.585732509420984,TRUE,"up",TRUE,FALSE
"MRPS35","up",-0.0612796083333331,11.5658761191667,-1.01791897945012,0.325614468799648,0.585787721798862,TRUE,"down",FALSE,FALSE
"TMEM104","up",-0.0632607389999995,9.42774414733333,-1.01789008609507,0.325627735432071,0.585787721798862,TRUE,"down",FALSE,FALSE
"DNMT3A","down",-0.0628982001666659,8.85550741083333,-1.01614830468803,0.326428208444902,0.586429636299377,TRUE,"down",TRUE,FALSE
"AQP1","up",0.0742715791666689,15.73008501375,1.01563420238697,0.326664745631456,0.586493917102784,TRUE,"up",TRUE,FALSE
"LIMK2","up",-0.0561296465833327,9.240963358125,-1.01500051134488,0.326956474936901,0.586493917102784,TRUE,"down",FALSE,FALSE
"LRRN1","up",-0.149995689333333,6.92586939291667,-1.01506052174425,0.326928840207438,0.586493917102784,TRUE,"down",FALSE,FALSE
"PSENEN","up",0.0495911733333335,10.5636272766667,1.01537847446936,0.326782451322511,0.586493917102784,TRUE,"up",TRUE,FALSE
"PSMB4","up",0.0437745225000011,14.3065617054167,1.01500215572208,0.326955717680445,0.586493917102784,TRUE,"up",TRUE,FALSE
"SCML1","down",0.0724042615833337,8.381367003875,1.01511398605572,0.326904221360044,0.586493917102784,TRUE,"up",FALSE,FALSE
"LIF","up",0.213407591416668,7.60973039779167,1.01411772392471,0.327363191809649,0.586887841316685,TRUE,"up",TRUE,FALSE
"RPL3","up",-0.0382771524999971,16.1981227779167,-1.01315915911748,0.327805232517614,0.587335035450773,TRUE,"down",FALSE,FALSE
"PLA2G4B","up",-0.0601750249999992,11.477029565,-1.01216075716606,0.328266099931165,0.587923468618431,TRUE,"down",FALSE,FALSE
"BET1L","down",-0.0501792044166669,8.85840328329167,-1.0103148854448,0.329119388897786,0.588671290112365,TRUE,"down",TRUE,FALSE
"ALG10","up",-0.0372530289999984,8.02244076075,-1.01002365579122,0.329254160556181,0.588742894446778,TRUE,"down",FALSE,FALSE
"ZBED4","up",-0.0514597332499997,7.51453022770833,-1.00840740806145,0.330002827400681,0.58964458955179,TRUE,"down",FALSE,FALSE
"SSX3","up",0.0852168999166668,5.655300417375,1.0077607989583,0.330302686714389,0.589857670235167,TRUE,"up",TRUE,FALSE
"RGS7","up",0.0466649222500001,5.35025310020833,1.00765606109578,0.330351276357019,0.589889940748537,TRUE,"up",TRUE,FALSE
"REXO4","up",-0.0526005066666663,8.39319211816667,-1.00674114102887,0.330775940900571,0.590486198165838,TRUE,"down",FALSE,FALSE
"SEMA6C","up",0.0572061244166686,8.956347954875,1.00544683630572,0.331377366462097,0.59080545849841,TRUE,"up",TRUE,FALSE
"GALNT14","down",-0.0906282665833322,7.331156221875,-1.0050337357352,0.331569486967367,0.591046245140843,TRUE,"down",TRUE,FALSE
"B4GALNT2","up",-0.0465105148333326,5.60139679608333,-1.00422532845885,0.331945683271331,0.591565398840229,TRUE,"down",FALSE,FALSE
"CROT","up",0.0674816027500002,6.90353092054167,1.00420334354423,0.33195591832448,0.591565398840229,TRUE,"up",TRUE,FALSE
"ATP5O","up",0.0481352441666659,15.0055557004167,1.00333830927175,0.332358813360858,0.591977818787537,TRUE,"up",TRUE,FALSE
"MTMR1","up",-0.0476333966666658,8.419184425,-1.00265967880444,0.332675134447284,0.592189027787997,TRUE,"down",FALSE,FALSE
"NDUFB4","up",0.0491027283333352,14.3595100683333,1.0029275844607,0.332550233398762,0.592189027787997,TRUE,"up",TRUE,FALSE
"FAM122C","up",-0.0573789524166661,6.95917370095833,-1.0024081040661,0.332792452351414,0.592240955295712,TRUE,"down",FALSE,FALSE
"TMOD4","up",-0.106457402333333,6.557861766,-1.00244273276048,0.332776302051404,0.592240955295712,TRUE,"down",FALSE,FALSE
"ALDH16A1","up",0.0518518090833334,10.086140994125,1.00089773459548,0.33349741120206,0.592986069291582,TRUE,"up",TRUE,FALSE
"MYO18A","up",0.0413091858333342,10.0771859924167,0.999742026105228,0.334037553637252,0.593369246890962,TRUE,"up",TRUE,FALSE
"OCA2","up",0.158788321166667,6.25462417908333,0.999765903747531,0.334026387647756,0.593369246890962,TRUE,"up",TRUE,FALSE
"UQCRQ","up",0.0739756133333358,15.2427169133333,0.999872178713051,0.333976693129061,0.593369246890962,TRUE,"up",TRUE,FALSE
"CDH22","up",0.0750288908333336,11.1115445820833,0.998442298988493,0.334645751976243,0.594076032988964,TRUE,"up",TRUE,FALSE
"TNFSF11","up",0.0535738061666671,5.44650081925,0.996483782419773,0.335563718330059,0.594754198616827,TRUE,"up",TRUE,FALSE
"ARF4","up",-0.0460347091666659,13.1857094795833,-0.995373016089589,0.336085137248647,0.595008355041063,TRUE,"down",FALSE,FALSE
"PARP14","up",0.0616007775000001,8.03654154508333,0.99525009553376,0.336142874414404,0.595008355041063,TRUE,"up",TRUE,FALSE
"TRAT1","down",-0.0709751838333331,5.91815955758333,-0.995503231456354,0.336023981337965,0.595008355041063,TRUE,"down",TRUE,FALSE
"TSPAN3","up",-0.062033155833332,12.59261889125,-0.995339484275475,0.336100886817301,0.595008355041063,TRUE,"down",FALSE,FALSE
"PAQR7","down",0.0439050859999993,6.57828579445455,0.997347118872191,0.33637861902327,0.595255695056061,TRUE,"up",FALSE,FALSE
"DENND2D","up",-0.119771787749999,8.655841282125,-0.994200450147199,0.336636192531174,0.595534034065625,TRUE,"down",FALSE,FALSE
"ACAD10","up",0.0426719559166681,7.91810389395833,0.993455823367807,0.336986468863486,0.596051890506418,TRUE,"up",TRUE,FALSE
"IL17RE","up",0.0735406660833333,8.08446199729167,0.993359349818344,0.337031869508904,0.596065582846013,TRUE,"up",TRUE,FALSE
"MINK1","down",0.0364450650833339,8.14640615195833,0.992683836038157,0.337349889651413,0.596244969216111,TRUE,"up",FALSE,FALSE
"RPS7","up",-0.0407366358333328,15.68228485375,-0.992698643103088,0.337342916453795,0.596244969216111,TRUE,"down",FALSE,FALSE
"DDX11","up",-0.0507596018333324,8.83174669475,-0.991551387179504,0.337883505929258,0.596755317241739,TRUE,"down",FALSE,FALSE
"C16orf59","up",-0.0681332529999991,6.51882522975,-0.990530997698902,0.338364833232365,0.597205210538564,TRUE,"down",FALSE,FALSE
"TK1","up",0.194879289083334,9.37002956654167,0.988625796447714,0.339264839034346,0.5981410053606,TRUE,"up",TRUE,FALSE
"REPS1","up",-0.0775597441666665,11.12234574625,-0.988267204691001,0.339434425666688,0.598338144568862,TRUE,"down",FALSE,FALSE
"CFL2","down",0.176648921666667,11.7245076075,0.986781091752131,0.340137885834917,0.599091410906932,TRUE,"up",FALSE,FALSE
"RHOA","up",0.0639536491666705,13.5057781545833,0.986293331823972,0.340368995221983,0.599271612621116,TRUE,"up",TRUE,FALSE
"BRCA1","down",-0.0366184225833324,7.437329640125,-0.985893421596227,0.340558562962786,0.599469503080653,TRUE,"down",TRUE,FALSE
"USP33","up",0.0445200916666674,10.4261212416667,0.985384383668117,0.340799968378518,0.59972456348515,TRUE,"up",TRUE,FALSE
"RBPMS2","down",-0.262223412999999,10.3806249830833,-0.98419293105617,0.341365475577199,0.600192119607464,TRUE,"down",TRUE,FALSE
"SEMA4A","up",0.0411608026666679,7.52155521183333,0.984068802315207,0.341424429880957,0.600217326460638,TRUE,"up",TRUE,FALSE
"GPD1","up",0.0482995825000003,7.201265614,0.983801489179866,0.341551413377399,0.600265017899465,TRUE,"up",TRUE,FALSE
"ZGPAT","up",0.0365703991666678,11.04479745125,0.983394709502272,0.341744712789781,0.60036703317714,TRUE,"up",TRUE,FALSE
"ARHGAP6","down",-0.0911011157499984,8.61640096654167,-0.982011454036539,0.342402607919586,0.601081830897694,TRUE,"down",TRUE,FALSE
"FHL2","down",-0.147957274166665,14.1366754254167,-0.981762623540638,0.342521050212536,0.601220996057163,TRUE,"down",TRUE,FALSE
"KRTAP5-9","up",0.0474801730000005,7.78541623533333,0.981336052454745,0.342724163781719,0.601441613974108,TRUE,"up",TRUE,FALSE
"CCT7","down",-0.0501074324999986,13.3615322404167,-0.981204333536107,0.342786899510005,0.601482849831852,TRUE,"down",TRUE,FALSE
"YIPF1","up",-0.0377832916666664,10.39563105,-0.981164790869682,0.342805734670194,0.601482849831852,TRUE,"down",FALSE,FALSE
"SLC16A11","up",0.040811722833334,7.5294312695,0.981099887669775,0.342836651274205,0.601503129779339,TRUE,"up",TRUE,FALSE
"BMP3","up",-0.0655757626666658,5.49539356383333,-0.979804117541017,0.343454303703453,0.602042881906448,TRUE,"down",FALSE,FALSE
"HTR3D","up",0.0594283803333339,5.46482149166667,0.97928597150522,0.34370150763688,0.602175401658778,TRUE,"up",TRUE,FALSE
"GABBR1","down",-0.0826779719166651,9.93791950520833,-0.978407110355935,0.344121093947384,0.602599787597674,TRUE,"down",TRUE,FALSE
"SNX16","up",0.0466778640833347,8.20605031129167,0.978278682284842,0.344182438449236,0.602639283641084,TRUE,"up",TRUE,FALSE
"ATP5J","up",0.0587026191666682,12.9602534304167,0.977221400482277,0.344687749714893,0.603218122170722,TRUE,"up",TRUE,FALSE
"ZFX","down",0.0430809446666674,9.34038835583333,0.976555935331371,0.345006066997384,0.60357884446054,TRUE,"up",FALSE,FALSE
"CBX3","down",0.0619771500000018,12.0466146025,0.976352062147035,0.345103628826594,0.603673926414452,TRUE,"up",FALSE,FALSE
"SCG5","up",0.227639308833334,7.79705562208333,0.975837081630045,0.345350155257904,0.6039351657009,TRUE,"up",TRUE,FALSE
"MYCBP2","up",0.0693696033333342,11.910025615,0.975126881249627,0.345690339355284,0.604359996874326,TRUE,"up",TRUE,FALSE
"ATP6V0B","up",0.0611443158333339,11.4819731770833,0.974186198941782,0.34614128765997,0.604936196814141,TRUE,"up",TRUE,FALSE
"LOC81691","up",-0.0558181376666653,6.34228433733333,-0.973412357285155,0.346512566163434,0.605326743476136,TRUE,"down",FALSE,FALSE
"PAX7","up",0.0431254796666672,6.03083850391667,0.973471760458778,0.34648405539593,0.605326743476136,TRUE,"up",TRUE,FALSE
"HSD3B7","down",0.0732301709166668,7.275120720875,0.971511438165585,0.347425792689012,0.606302399911991,TRUE,"up",FALSE,FALSE
"FSTL1","up",0.0840657758333343,14.71362959625,0.97065039421016,0.347840007044008,0.606684518600697,TRUE,"up",TRUE,FALSE
"G3BP2","up",-0.0350571699999989,11.3844056741667,-0.970494883945373,0.347914853974281,0.606759659144919,TRUE,"down",FALSE,FALSE
"SUPT5H","down",0.045200475000002,10.5575124625,0.969932253062889,0.348185742371389,0.606912789574992,TRUE,"up",FALSE,FALSE
"FHL3","up",-0.115688661833334,9.13530212275,-0.968813671244521,0.348724743926162,0.60747744818488,TRUE,"down",FALSE,FALSE
"CLYBL","up",0.0539876225833333,7.00709681520833,0.968106199670231,0.349065950189513,0.607765168905556,TRUE,"up",TRUE,FALSE
"MRGPRX3","up",-0.069246390416666,5.45005713220833,-0.967082475368008,0.349560097481872,0.608386901302678,TRUE,"down",FALSE,FALSE
"APCDD1","up",0.117261516666667,12.3766330166667,0.966956394643004,0.349620990098429,0.608458799391643,TRUE,"up",TRUE,FALSE
"TNFRSF11A","down",-0.0785860214999996,6.865813979,-0.966634920240781,0.349776284824329,0.608616590210671,TRUE,"down",TRUE,FALSE
"FBF1","up",-0.0500094261666659,6.91283738458333,-0.964823818587362,0.350652079995037,0.609537965799975,TRUE,"down",FALSE,FALSE
"DTX1","up",-0.0622105498333328,6.18035898116667,-0.964583707907145,0.350768305928629,0.609553815626512,TRUE,"down",FALSE,FALSE
"RETN","up",-0.0523473842499993,5.939844267875,-0.964520525301951,0.350798894057671,0.609553815626512,TRUE,"down",FALSE,FALSE
"MAGEA1","up",0.0838595430833339,5.38051413720833,0.964210935701454,0.350948800457952,0.609718827302107,TRUE,"up",TRUE,FALSE
"CBFA2T3","up",-0.090770700666666,9.51079861958333,-0.962911058998508,0.351578704556962,0.610464012740649,TRUE,"down",FALSE,FALSE
"ABHD6","up",0.0715325031666676,10.1590070968333,0.961998204853798,0.352021536136312,0.610823318860082,TRUE,"up",TRUE,FALSE
"SNRK","down",-0.0736079879999993,8.39611451908333,-0.961683038972328,0.35217451597749,0.610952295262831,TRUE,"down",TRUE,FALSE
"LHX2","down",0.0476713090000007,5.44041893191667,0.961342460998644,0.352339883103274,0.611129928819509,TRUE,"up",FALSE,FALSE
"SPAST","down",-0.0455690531666667,8.22895678358333,-0.961253814931325,0.352382933994537,0.611129928819509,TRUE,"down",TRUE,FALSE
"KLHL20","down",0.0349761959166667,8.80661480704167,0.960027284746735,0.352978975817305,0.611408483239511,TRUE,"up",FALSE,FALSE
"SGCD","down",0.141161639083334,8.41618570570833,0.96006126078801,0.352962455391876,0.611408483239511,TRUE,"up",FALSE,FALSE
"SLC38A3","up",-0.045008025416666,5.81294286954167,-0.957722804072644,0.354100765057393,0.612686210706277,TRUE,"down",FALSE,FALSE
"STAT6","down",-0.100475374166665,13.8941284245833,-0.957758947373559,0.35408315176413,0.612686210706277,TRUE,"down",TRUE,FALSE
"TPTE2","down",-0.07729342425,5.38437609254167,-0.957411401379367,0.354252542693108,0.612880568294001,TRUE,"down",TRUE,FALSE
"DYNC1LI2","down",0.0501555975000011,12.3597142795833,0.957235040740068,0.354338521031405,0.612995185428864,TRUE,"up",FALSE,FALSE
"SLC6A9","down",-0.0618818009999984,6.52726083791667,-0.956825010598578,0.354538473015075,0.613085638899308,TRUE,"down",TRUE,FALSE
"NOL9","up",0.0491936083333329,8.62237957125,0.956324017425238,0.354782890388797,0.613320016143357,TRUE,"up",TRUE,FALSE
"USP42","up",0.0425981933333348,10.5493559416667,0.95625083745217,0.354818602245125,0.613347627758582,TRUE,"up",TRUE,FALSE
"TARSL2","down",-0.0402614359166645,7.659142284625,-0.95593108074617,0.354974673128291,0.613494737741123,TRUE,"down",TRUE,FALSE
"ACOXL","down",0.0390041931666672,5.20384736475,0.954753271231257,0.355549967129258,0.614133558210034,TRUE,"up",FALSE,FALSE
"DDX47","up",-0.0353315783333314,12.916140095,-0.953423290602114,0.356200370861661,0.614983492994029,TRUE,"down",FALSE,FALSE
"KCNIP4","down",-0.108099620249999,6.13074806079167,-0.953097845147263,0.356359650688686,0.615037123686703,TRUE,"down",TRUE,FALSE
"STARD3","up",0.0578822965833347,8.59659733745833,0.953226900464206,0.356296482363735,0.615037123686703,TRUE,"up",TRUE,FALSE
"IL4R","down",0.0956925666666669,13.492543725,0.952757859010412,0.356526100122153,0.61523819743394,TRUE,"up",FALSE,FALSE
"RBM14","up",-0.0704335258333325,11.47878149625,-0.95130061294035,0.357240149081436,0.616011470466303,TRUE,"down",FALSE,FALSE
"DLST","down",0.0680893734166682,9.91993450479167,0.95085379329576,0.357459289875629,0.616101970759246,TRUE,"up",FALSE,FALSE
"C1orf122","down",0.0642989291666671,12.2773939545833,0.950346970973327,0.357707972160204,0.616183045620602,TRUE,"up",FALSE,FALSE
"TDRD10","up",-0.0688701724999993,8.61288763516667,-0.950479351724911,0.357643005321997,0.616183045620602,TRUE,"down",FALSE,FALSE
"SHBG","up",-0.0430924144166661,5.74152960195833,-0.949710271207275,0.358020552228705,0.616550163434591,TRUE,"down",FALSE,FALSE
"CREBBP","down",0.0640156541666674,9.03406017966667,0.94631996554307,0.359688186248569,0.61819571505712,TRUE,"up",FALSE,FALSE
"UBE2E3","up",0.0709761050000006,12.7696568875,0.946238177912839,0.359728482852733,0.618223640442484,TRUE,"up",TRUE,FALSE
"TFAP4","up",0.0392930900833337,5.56834257895833,0.945737685032093,0.359975143111634,0.6185449121697,TRUE,"up",TRUE,FALSE
"CETN2","up",-0.071047409166665,11.40810813125,-0.943955299398874,0.360854519677182,0.619460537002269,TRUE,"down",FALSE,FALSE
"GUF1","up",0.0626792330833335,8.08287387495833,0.944038232895244,0.360813569650664,0.619460537002269,TRUE,"up",TRUE,FALSE
"SPOCK2","down",-0.0788357226666655,8.05468724983333,-0.943833499643533,0.36091466652811,0.619485039381657,TRUE,"down",TRUE,FALSE
"FAM70B","up",0.0716918075833345,8.02850449320833,0.943189772082028,0.361232666136537,0.619795226318242,TRUE,"up",TRUE,FALSE
"IL4I1","down",0.116093960833334,7.92967080408333,0.942507548274437,0.361569895118161,0.620187677676594,TRUE,"up",FALSE,FALSE
"CYBASC3","up",-0.0437499006666663,9.24840057116667,-0.942003552294287,0.36181916491604,0.620401643477271,TRUE,"down",FALSE,FALSE
"EIF2AK1","up",-0.0546827424999992,10.3810322129167,-0.941988448078952,0.361826637103181,0.620401643477271,TRUE,"down",FALSE,FALSE
"SCN5A","up",-0.0432043894999999,6.16901234425,-0.94158892942572,0.362024321351102,0.620475364733596,TRUE,"down",FALSE,FALSE
"SLC25A14","up",0.0413296608333329,10.6273857145833,0.9416457482181,0.361996202498012,0.620475364733596,TRUE,"up",TRUE,FALSE
"PLAC1","down",-0.058812906916666,5.74201230404167,-0.941118322260625,0.362257276745853,0.620578790552824,TRUE,"down",TRUE,FALSE
"BTNL8","up",0.073387350750001,5.60671109879167,0.941048625382231,0.362291786258196,0.62060243149411,TRUE,"up",TRUE,FALSE
"FAM3C","down",-0.0509832745833333,9.94470764229167,-0.940191307908711,0.362716462527263,0.620893122492187,TRUE,"down",TRUE,FALSE
"ZDHHC13","up",0.055297332916667,7.49522478020833,0.940098657533384,0.362762377989638,0.620930568440149,TRUE,"up",TRUE,FALSE
"NEXN","down",0.196728937500001,12.4762528904167,0.9396268770911,0.362996244376417,0.621125574385376,TRUE,"up",FALSE,FALSE
"POLQ","down",-0.0453552596666665,6.06743689733333,-0.939552732787366,0.36303300796707,0.621135780999619,TRUE,"down",TRUE,FALSE
"CRK","up",0.0509041845000012,8.39637082916667,0.939258068309144,0.36317913943161,0.621301669350822,TRUE,"up",TRUE,FALSE
"KCNQ4","up",0.0496290742500005,6.137527477625,0.938734714133514,0.363438784316199,0.621574741648665,TRUE,"up",TRUE,FALSE
"PIGP","up",-0.0717784308333324,10.5230982929167,-0.937469655811298,0.364066932295914,0.62230343647367,TRUE,"down",FALSE,FALSE
"PANK1","up",0.0516283750833339,5.73672386104167,0.937261112277563,0.364170553967678,0.622346686441738,TRUE,"up",TRUE,FALSE
"KLK9","up",0.0334251686666676,8.0396085785,0.937043561107419,0.36427867313787,0.622396829266699,TRUE,"up",TRUE,FALSE
"NNAT","up",-0.129242836833333,8.00811353858333,-0.936855032570083,0.364372386532518,0.622486188384562,TRUE,"down",FALSE,FALSE
"C3orf33","up",0.0513128300833335,7.19253465995833,0.935412517373508,0.365089981448789,0.623201698078069,TRUE,"up",TRUE,FALSE
"CAND1","up",-0.0570446758333321,8.85282284933333,-0.93464602747092,0.365471677667426,0.623472931178339,TRUE,"down",FALSE,FALSE
"SLC11A2","up",-0.0408671115833343,8.02754420145833,-0.934674295273981,0.365457595983931,0.623472931178339,TRUE,"down",FALSE,FALSE
"AGL","up",-0.104173277833332,10.05738479575,-0.933653414722925,0.365966388296025,0.62400853960018,TRUE,"down",FALSE,FALSE
"ATAD2","down",0.0553442473333328,6.95079521191667,0.93366062064209,0.365962795254008,0.62400853960018,TRUE,"up",FALSE,FALSE
"NMNAT2","down",0.134790212000001,7.84838446241667,0.933721753700386,0.365932313843473,0.62400853960018,TRUE,"up",FALSE,FALSE
"ELOVL4","up",0.0611707200000009,7.0403844735,0.931486272409305,0.367048082905946,0.625092767589309,TRUE,"up",TRUE,FALSE
"HOXB4","up",0.0737626822500005,8.57339758679167,0.930778793603142,0.36740168708517,0.625426243418091,TRUE,"up",TRUE,FALSE
"CASP6","up",-0.0569008753333329,9.47104243216667,-0.930365053767045,0.367608586813585,0.625641343565302,TRUE,"down",FALSE,FALSE
"ATP5G2","up",-0.0358807516666659,14.6934766183333,-0.929654532093658,0.367964086349305,0.625901960751539,TRUE,"down",FALSE,FALSE
"OLFML1","up",-0.0486720419999995,9.43738568816667,-0.929718895617247,0.367931873202508,0.625901960751539,TRUE,"down",FALSE,FALSE
"PCBP3","up",-0.0851491361666671,6.46547394866667,-0.928980024713272,0.368301785925362,0.626168036830228,TRUE,"down",FALSE,FALSE
"IFI30","up",-0.1005698675,11.24373893625,-0.927388941352985,0.36909922551824,0.626907791368905,TRUE,"down",FALSE,FALSE
"SCG3","down",0.0800971203333339,5.75332406766667,0.926076666620013,0.369757822502539,0.627646680743814,TRUE,"up",FALSE,FALSE
"DUS2L","down",-0.0379124169999997,7.05918621383333,-0.925810981438208,0.369891261473027,0.6276697764453,TRUE,"down",TRUE,FALSE
"C3orf20","up",-0.05472388125,5.56868420954167,-0.92442973372322,0.370585519716659,0.628276660473657,TRUE,"down",FALSE,FALSE
"GNL1","down",0.0405936750000014,10.6280214641667,0.924438448346063,0.37058113666769,0.628276660473657,TRUE,"up",FALSE,FALSE
"LANCL1","up",-0.054826218583332,8.98139040654167,-0.924387969020349,0.370606525909727,0.628276660473657,TRUE,"down",FALSE,FALSE
"HEMK1","up",-0.0379936334999991,8.01687304925,-0.923125368639119,0.37124195651601,0.628759951644253,TRUE,"down",FALSE,FALSE
"RDM1","down",-0.0643013709999989,6.52798894616667,-0.922763562312972,0.371424181212064,0.629000008645151,TRUE,"down",TRUE,FALSE
"KIFC1","up",-0.0620023035833327,5.580653672375,-0.922223695294299,0.371696200882155,0.629186334376244,TRUE,"down",FALSE,FALSE
"CHCHD8","up",-0.0351718916666651,13.3770913366667,-0.921598247330929,0.372011512777838,0.629389900897678,TRUE,"down",FALSE,FALSE
"C10orf11","down",0.0628184067500003,8.48982851054167,0.92149846593,0.372061833326248,0.629428065830738,TRUE,"up",FALSE,FALSE
"COMMD7","up",0.0383352340000012,9.78567132925,0.921275684823582,0.372174200461815,0.629446983353882,TRUE,"up",TRUE,FALSE
"BCAN","up",0.0522369510833337,6.52338010770833,0.920743239539403,0.372442851497399,0.629729786239711,TRUE,"up",TRUE,FALSE
"LRCH1","down",-0.0695020037499996,7.22885287629167,-0.920273803038747,0.372679821141571,0.629883412608628,TRUE,"down",TRUE,FALSE
"TAF9B","down",-0.0355747829999982,9.13247931025,-0.919789639183786,0.372924333442334,0.630132410066899,TRUE,"down",TRUE,FALSE
"CHST10","up",-0.0597626114166664,7.30622353845833,-0.919413664693927,0.3731142838682,0.63029284084882,TRUE,"down",FALSE,FALSE
"HERC6","up",-0.0621145878333322,9.20199732983333,-0.919319608312038,0.373161813556503,0.630293752491175,TRUE,"down",FALSE,FALSE
"TEX264","up",0.0397146797500003,9.020812815375,0.918765946258202,0.373441680797129,0.630595071231368,TRUE,"up",TRUE,FALSE
"ROPN1","down",0.0492266305833339,5.46380574779167,0.918604529860801,0.373523301268963,0.630693363420221,TRUE,"up",FALSE,FALSE
"STX4","down",0.0383437325000013,10.8145454254167,0.918365615310449,0.373644131255456,0.630697003822769,TRUE,"up",FALSE,FALSE
"BAI2","up",-0.103316300333331,7.70588244666667,-0.91584411946863,0.374920999957584,0.631805241847216,TRUE,"down",FALSE,FALSE
"TTYH2","up",0.0756051396666667,7.22886709858333,0.915616639697283,0.375036340926423,0.631948437378841,TRUE,"up",TRUE,FALSE
"TEK","down",0.0919411891666672,11.2300056620833,0.915158253755393,0.375268833944463,0.632085230299263,TRUE,"up",FALSE,FALSE
"HOXD11","up",0.0858446481666663,7.68068992783333,0.914775978913682,0.375462798866751,0.632255586732478,TRUE,"up",TRUE,FALSE
"DNAH9","down",-0.0462394145833332,5.61521088745833,-0.914661741595393,0.375520775791538,0.632318947888943,TRUE,"down",TRUE,FALSE
"TRAPPC2L","up",0.0392955842500007,10.2023080880417,0.914606567787048,0.375548779409836,0.632331834497801,TRUE,"up",TRUE,FALSE
"SHQ1","up",-0.04831123825,7.130005262375,-0.914503202853469,0.375601246411135,0.632385907802048,TRUE,"down",FALSE,FALSE
"KRT8","up",-0.0396326025833326,8.463194295125,-0.913468233293925,0.376126862962108,0.632756572060564,TRUE,"down",FALSE,FALSE
"TGM3","up",-0.0924853047499997,5.94500917945833,-0.910475575439303,0.377649532894098,0.634085610999337,TRUE,"down",FALSE,FALSE
"STYK1","up",-0.0773449775833325,5.94577138354167,-0.910107604982585,0.377837047033242,0.63426000677563,TRUE,"down",FALSE,FALSE
"WNT3A","down",0.0843151807500001,5.730492894875,0.909594751042438,0.37809849833449,0.634561766244424,TRUE,"up",FALSE,FALSE
"OAS1","down",-0.0445513990833328,7.63250218429167,-0.908626595853819,0.378592397068772,0.635116238080169,TRUE,"down",TRUE,FALSE
"YME1L1","up",-0.0439348933333317,11.4171406216667,-0.908191214088993,0.378814647864561,0.635214718750548,TRUE,"down",FALSE,FALSE
"PHF11","up",0.0369519433333334,10.3580431383333,0.905916725780291,0.379977159076238,0.636571676054842,TRUE,"up",TRUE,FALSE
"SESN3","up",0.0466097396666685,6.839102643,0.905769480577195,0.380052501033082,0.636571676054842,TRUE,"up",TRUE,FALSE
"ZNF706","up",0.0581055250000012,11.6072988833333,0.905688277994151,0.380094054862349,0.636571676054842,TRUE,"up",TRUE,FALSE
"TMEM125","down",-0.0773998320833322,6.25016641245833,-0.904169225776907,0.380871970049676,0.637460482272207,TRUE,"down",TRUE,FALSE
"THAP4","up",-0.0357688933333329,11.4459862941667,-0.903377899823323,0.381277641202923,0.637812455092045,TRUE,"down",FALSE,FALSE
"OAZ2","up",0.0485147500000001,12.5615259891667,0.901435516826046,0.382274643607633,0.638501194763015,TRUE,"up",TRUE,FALSE
"TGFB1","up",0.0564304385833343,9.67289250645833,0.90083754289394,0.3825819327271,0.638671133814885,TRUE,"up",TRUE,FALSE
"ELK1","up",0.0403255116666666,6.41338299125,0.900190432808715,0.382914660986386,0.639020588977334,TRUE,"up",TRUE,FALSE
"MYO1D","down",0.0952120441666674,8.98857116141667,0.899978892080866,0.383023472657785,0.639133523571382,TRUE,"up",FALSE,FALSE
"CEACAM20","up",0.0759031921666674,7.66368618116667,0.899002651000523,0.38352590034345,0.639594073393714,TRUE,"up",TRUE,FALSE
"BRD9","up",0.045851760583334,9.78253425920833,0.898766809915196,0.383647344217492,0.639659276643374,TRUE,"up",TRUE,FALSE
"RFC3","up",-0.0345336556666653,6.67872471133333,-0.895213148825751,0.385480420329284,0.641442061825711,TRUE,"down",FALSE,FALSE
"HIBADH","up",-0.0494406016666653,11.1618250266667,-0.895051032739446,0.385564185417651,0.641513751247782,TRUE,"down",FALSE,FALSE
"FNDC4","down",0.0760435876666664,7.92027222716667,0.894726348326761,0.385731986297766,0.641542211993456,TRUE,"up",FALSE,FALSE
"LCN8","up",0.0481557780833341,6.21485771995833,0.894697155286799,0.385747076038676,0.641542211993456,TRUE,"up",TRUE,FALSE
"CTSB","up",-0.110993489999998,13.2060171516667,-0.893112635695515,0.386566705573508,0.642205767154355,TRUE,"down",FALSE,FALSE
"TP73","up",0.0354105959166676,5.505597046375,0.893086772600629,0.386580093616602,0.642205767154355,TRUE,"up",TRUE,FALSE
"PLA2G3","down",0.130457511833334,5.82342084541667,0.892351372314911,0.386960905055614,0.642529217222681,TRUE,"up",FALSE,FALSE
"PAPD4","up",-0.045011309916666,8.77894181279167,-0.891773798786206,0.387260166886971,0.642854359734584,TRUE,"down",FALSE,FALSE
"SGK2","down",-0.0410752915000004,5.92676809941667,-0.891483982782156,0.387410389969217,0.642897652057439,TRUE,"down",TRUE,FALSE
"TMBIM4","up",-0.0484350841666658,11.37186295625,-0.891007819677648,0.387657289539121,0.643169975467726,TRUE,"down",FALSE,FALSE
"GALT","up",-0.0515504383333328,10.8546540991667,-0.89064410079381,0.387845956200376,0.64320770164129,TRUE,"down",FALSE,FALSE
"NACA","down",-0.0512592033333324,14.9025325066667,-0.889980495757679,0.388190338146949,0.643470268706429,TRUE,"down",TRUE,FALSE
"PDE6B","up",-0.0637749818333327,6.85469546441667,-0.889692960704621,0.38833962029054,0.643612094917999,TRUE,"down",FALSE,FALSE
"WDR1","up",0.080598392500001,13.08846962125,0.8895948208629,0.388390581292877,0.643612094917999,TRUE,"up",TRUE,FALSE
"IL27","up",0.0472561574999992,10.3005534461667,0.888878709649337,0.388762572368333,0.643731982340998,TRUE,"up",TRUE,FALSE
"C14orf159","up",-0.0800266824999993,10.4789745020833,-0.888718210260899,0.388845978313022,0.643789176043189,TRUE,"down",FALSE,FALSE
"PKMYT1","up",-0.0425628394999996,7.46260667966667,-0.888386114852971,0.389018595038989,0.64388141400157,TRUE,"down",FALSE,FALSE
"PRKACA","down",0.0436955647500003,9.09579429704167,0.887598510144943,0.389428183109078,0.644216179820331,TRUE,"up",FALSE,FALSE
"TSSK4","up",-0.0421075171666658,5.7976943845,-0.886294827500316,0.390106792024086,0.644961064263723,TRUE,"down",FALSE,FALSE
"MAN2C1","up",0.0524626520000005,8.93584702733333,0.884780654866444,0.39089596654835,0.645533906152851,TRUE,"up",TRUE,FALSE
"PDIA6","up",-0.0463311525000008,10.77545244125,-0.884779012464752,0.390896823137531,0.645533906152851,TRUE,"down",FALSE,FALSE
"RBM15","up",-0.0499014204166657,7.506476292375,-0.883433898475913,0.391598786860316,0.645863280518832,TRUE,"down",FALSE,FALSE
"TRIM55","up",-0.0451144240833334,5.40831440270833,-0.883362176541489,0.391636239585051,0.645874488423475,TRUE,"down",FALSE,FALSE
"ITIH5","up",0.138534473666667,10.4531178545,0.881536754833647,0.392590273184005,0.646658448281033,TRUE,"up",TRUE,FALSE
"XRCC2","up",-0.0377121810833335,5.569475900875,-0.880602428153692,0.393079190499638,0.647052161856578,TRUE,"down",FALSE,FALSE
"OPRM1","up",0.0346294980000004,5.33001676975,0.880235434367884,0.393271343848905,0.647197033847422,TRUE,"up",TRUE,FALSE
"TCEAL3","down",-0.0583951816666651,14.7099092741667,-0.879578659111156,0.393615380427606,0.647488861276223,TRUE,"down",TRUE,FALSE
"LDOC1L","down",-0.0483398541666669,11.30551269125,-0.879126629459066,0.393852282974728,0.647738258438804,TRUE,"down",TRUE,FALSE
"C19orf18","down",-0.0482869718333333,7.268392632,-0.878883980440681,0.393979491425254,0.647742638202452,TRUE,"down",TRUE,FALSE
"LSM4","up",-0.0365023258333316,10.6556131920833,-0.878703980102547,0.394073874174672,0.647831512531369,TRUE,"down",FALSE,FALSE
"APIP","up",-0.0437852379166664,8.991006074375,-0.878184985275614,0.394346092720063,0.648001532610727,TRUE,"down",FALSE,FALSE
"CNKSR2","up",-0.0756477845833326,5.78021613070833,-0.877877143876971,0.394507618474369,0.648146695856799,TRUE,"down",FALSE,FALSE
"LMX1B","down",-0.0404040577499992,5.65255736520833,-0.877786112447464,0.394555391562317,0.648176369569577,TRUE,"down",TRUE,FALSE
"TULP3","up",-0.0610866861666657,8.82771971225,-0.876950451449049,0.394994125643767,0.648418082840402,TRUE,"down",FALSE,FALSE
"BICC1","down",-0.0800581129166655,6.38451563295833,-0.876310574918344,0.395330290818666,0.648715840964762,TRUE,"down",TRUE,FALSE
"CTRB1","up",-0.0706211233333327,5.35637366491667,-0.876173517754254,0.395402319989805,0.648745426482376,TRUE,"down",FALSE,FALSE
"PAQR4","up",0.0443270637499997,6.03269238320833,0.874788859278368,0.396130507499927,0.649597167460297,TRUE,"up",TRUE,FALSE
"UXT","up",0.0414424250000012,12.8113172741667,0.874666537575308,0.396194879187391,0.64966844087343,TRUE,"up",TRUE,FALSE
"KIFC2","up",0.0599672268333346,7.77082555016667,0.874472285421352,0.396297118584824,0.649701559238377,TRUE,"up",TRUE,FALSE
"VN1R2","up",0.0562223475833341,5.371653480875,0.874298284248053,0.396388714400356,0.649754980521582,TRUE,"up",TRUE,FALSE
"SLC15A2","up",-0.0444568331666668,5.36222862908333,-0.874137432349737,0.396473400906068,0.649816516138482,TRUE,"down",FALSE,FALSE
"IL1RL1","down",-0.0684813348333328,5.83148730925,-0.874029482338526,0.396530242014295,0.649875398484528,TRUE,"down",TRUE,FALSE
"CDC16","up",-0.044359810833332,10.90143604375,-0.873699118434064,0.396704229063116,0.65000174969077,TRUE,"down",FALSE,FALSE
"GRIK5","up",0.0443953685833342,6.776838986125,0.873629116098504,0.396741102533801,0.65000174969077,TRUE,"up",TRUE,FALSE
"MRPL43","up",-0.0383732158333326,12.1843169304167,-0.873140061667088,0.396998774039627,0.65013567870749,TRUE,"down",FALSE,FALSE
"HYI","down",-0.0393648041666657,11.9043263554167,-0.873087484997577,0.397026482129857,0.650140018589666,TRUE,"down",TRUE,FALSE
"FUK","up",-0.0495645334166651,9.93942389220833,-0.872938872268945,0.39710480854912,0.650141716035838,TRUE,"down",FALSE,FALSE
"C11orf10","up",-0.0417242724999986,13.7044062095833,-0.872218452603536,0.397484652425387,0.650493189243936,TRUE,"down",FALSE,FALSE
"UBB","up",0.0838028508333328,16.4618220204167,0.872153730948418,0.39751878902648,0.650500516780639,TRUE,"up",TRUE,FALSE
"AFF1","down",-0.0501998853333334,8.41136765075,-0.871561200566619,0.397831402519,0.650840695996965,TRUE,"down",TRUE,FALSE
"TSC22D1","up",0.113535116666667,11.346721095,0.871570375336025,0.397826560745873,0.650840695996965,TRUE,"up",TRUE,FALSE
"MED12L","down",-0.0541944684999989,5.56172192475,-0.871503135929129,0.397862045705561,0.650856559132525,TRUE,"down",TRUE,FALSE
"AIPL1","down",0.0594863009166668,5.267106353125,0.871127474507647,0.398060336332751,0.651112380002697,TRUE,"up",FALSE,FALSE
"CUTA","up",-0.0445495399999989,13.9492685108333,-0.8705362389618,0.398372550022503,0.651580833464778,TRUE,"down",FALSE,FALSE
"C20orf43","up",0.0403364791666681,11.39181205375,0.869530119628859,0.398904226776015,0.652148931141648,TRUE,"up",TRUE,FALSE
"TRIM38","down",-0.0380574170833328,7.82110316754167,-0.869352248510856,0.39899827072097,0.652165926767068,TRUE,"down",TRUE,FALSE
"PTPRS","down",-0.0498900034999982,7.20280252725,-0.868725019721853,0.399330016813753,0.652343053454404,TRUE,"down",TRUE,FALSE
"LYNX1","down",-0.0465664199999999,11.0262247116667,-0.868056167388288,0.39968398037139,0.652674613847028,TRUE,"down",TRUE,FALSE
"C14orf2","up",0.0513702841666669,12.5211255179167,0.867919225385618,0.39975647726127,0.652684213202783,TRUE,"up",TRUE,FALSE
"CD9","up",0.0925441916666679,12.4548243758333,0.867546435926259,0.39995387581166,0.652937888363364,TRUE,"up",TRUE,FALSE
"MLH1","up",-0.0635638524999982,12.61974312125,-0.866339377535752,0.400593479636249,0.653645252439736,TRUE,"down",FALSE,FALSE
"CHRNA7","up",0.0786545002500005,7.863082625625,0.866188705261785,0.400673366586267,0.653700333240666,TRUE,"up",TRUE,FALSE
"VDAC2","up",0.0547788366666686,12.7697373016667,0.865128139106035,0.401235982229659,0.654147836575916,TRUE,"up",TRUE,FALSE
"KIAA1009","down",-0.0341315071666652,7.87006167991667,-0.864999729608068,0.40130413732615,0.654214173924351,TRUE,"down",TRUE,FALSE
"CCT6A","up",0.0341430450000019,11.8217712175,0.864143416542228,0.401758833999333,0.654680642439022,TRUE,"up",TRUE,FALSE
"DCDC2","down",0.0490506445833334,5.28160723954167,0.864058473104822,0.401803957072387,0.654691814486737,TRUE,"up",FALSE,FALSE
"RFC1","up",0.046384392500001,10.41527820625,0.863205171532351,0.402257428939128,0.655033843445437,TRUE,"up",TRUE,FALSE
"RASGRF2","up",0.0636557204166675,6.50175808520833,0.862452248584348,0.402657838571101,0.655286458915899,TRUE,"up",TRUE,FALSE
"ABCB8","up",-0.0559417084999994,6.58759967233333,-0.861938613766047,0.402931144900395,0.655517007277206,TRUE,"down",FALSE,FALSE
"MANSC1","up",0.0435131823333344,8.86216508941667,0.861380545608039,0.403228233842262,0.655699585615802,TRUE,"up",TRUE,FALSE
"UBE2E2","up",-0.0371868225833327,8.78946030479167,-0.860689494736696,0.403596317809485,0.65609212027709,TRUE,"down",FALSE,FALSE
"SIAH1","up",0.0402008709166673,8.41016299054167,0.859727507564905,0.404109085208704,0.656616508686129,TRUE,"up",TRUE,FALSE
"MAPK10","down",-0.0749614089999981,9.60406394291667,-0.859679869946559,0.404134488674124,0.656623448655218,TRUE,"down",TRUE,FALSE
"SLC35B2","up",-0.0393915091666665,10.71416265125,-0.859627420698108,0.404162459236713,0.656634558609316,TRUE,"down",FALSE,FALSE
"HINT1","up",0.0324075758333355,14.43353547375,0.859385255567434,0.404291619668034,0.656810059935436,TRUE,"up",TRUE,FALSE
"SDHC","down",-0.0412594701666661,8.85656489741667,-0.858784639747663,0.404612080262747,0.657124532611544,TRUE,"down",TRUE,FALSE
"TBC1D5","down",-0.0387909273333316,9.45403319733333,-0.857946990402299,0.405059291792711,0.657618515124611,TRUE,"down",TRUE,FALSE
"ZCCHC14","down",-0.0432829858333337,10.6856503854167,-0.857991131045245,0.405035717435822,0.657618515124611,TRUE,"down",TRUE,FALSE
"TRIM24","down",-0.0575260533333319,10.9770179308333,-0.857680113450749,0.405201843106012,0.657766125629353,TRUE,"down",TRUE,FALSE
"SLC39A14","up",0.0851488808333339,9.79400977283333,0.857488317761642,0.405304310554749,0.657836164728227,TRUE,"up",TRUE,FALSE
"PCSK5","down",0.127046785833334,12.41277751125,0.856985731269062,0.405572900315156,0.658009201998288,TRUE,"up",FALSE,FALSE
"PITX2","down",0.113349471416667,6.08299538295833,0.856784323293837,0.405680568808041,0.658103092513493,TRUE,"up",FALSE,FALSE
"PCDH7","up",-0.184090604749999,8.65349504970833,-0.856469283947297,0.405849020178086,0.658273255466591,TRUE,"down",FALSE,FALSE
"AGPAT2","up",0.0363309471666679,7.60571471708333,0.856349607253136,0.405913023367794,0.658308338748582,TRUE,"up",TRUE,FALSE
"ATP2B2","down",-0.0551503106666664,5.76696633866667,-0.856300815952696,0.405939118909155,0.658316299725744,TRUE,"down",TRUE,FALSE
"LRRC49","up",-0.0452588636666656,10.191908148,-0.85594821132026,0.406127738971731,0.658450357700476,TRUE,"down",FALSE,FALSE
"CRTAC1","up",0.158764716000001,8.28419860075,0.855503573924254,0.406365673060018,0.658568504470877,TRUE,"up",TRUE,FALSE
"KHK","up",0.0662440285000018,8.29244752808333,0.85549696692503,0.4063692092881,0.658568504470877,TRUE,"up",TRUE,FALSE
"RHCE","up",-0.0508505118333326,5.84253390175,-0.855470520701932,0.406383364159233,0.658568504470877,TRUE,"down",FALSE,FALSE
"SOD3","up",0.0733699758333342,15.5324377695833,0.85559282267486,0.40631790693256,0.658568504470877,TRUE,"up",TRUE,FALSE
"ST7","up",0.0507787031666672,7.58285481441667,0.855455571929504,0.406391365368325,0.658568504470877,TRUE,"up",TRUE,FALSE
"CALU","down",0.108159878333336,11.9442457825,0.85498419951265,0.40664371704369,0.658736957196264,TRUE,"up",FALSE,FALSE
"BCL2A1","down",-0.0907441022499984,8.72283141695833,-0.854732552434406,0.406778480009991,0.658910050635309,TRUE,"down",TRUE,FALSE
"ERCC3","up",-0.0312632119166656,9.33106679029167,-0.853592034423631,0.407389624315301,0.659326548608002,TRUE,"down",FALSE,FALSE
"TXNL1","up",-0.0452660058333324,13.18482350375,-0.853691890985941,0.407336092166997,0.659326548608002,TRUE,"down",FALSE,FALSE
"MDH1","up",0.0829191383333339,12.9908808766667,0.85273142335353,0.407851182217274,0.659863686246064,TRUE,"up",TRUE,FALSE
"MGST1","up",-0.0930056474999982,11.4281598554167,-0.852696030760361,0.407870171152224,0.659863686246064,TRUE,"down",FALSE,FALSE
"SYK","down",-0.0651437480833326,8.70616699979167,-0.851872063934492,0.408312413085897,0.660407230201708,TRUE,"down",TRUE,FALSE
"SNURF","up",0.0419351375000008,10.70176673625,0.851428096528671,0.408550831683447,0.660517791876168,TRUE,"up",TRUE,FALSE
"SNX11","up",-0.0381530691666669,9.23208494841667,-0.850206804501876,0.40920716130955,0.661234849249069,TRUE,"down",FALSE,FALSE
"LARP7","down",0.0378301033333336,10.8612092308333,0.849430456080535,0.409624736617551,0.66177194489578,TRUE,"up",FALSE,FALSE
"PRDX1","up",-0.0437996716666666,13.58962807,-0.849437007468979,0.409621211641764,0.66177194489578,TRUE,"down",FALSE,FALSE
"MPO","down",0.052965192416667,5.57280165420833,0.847892922467443,0.410452559382132,0.6626958651661,TRUE,"up",FALSE,FALSE
"MRPS27","up",-0.0422751316666656,10.4632746325,-0.847286701412544,0.410779256987562,0.662913320510934,TRUE,"down",FALSE,FALSE
"TMEM133","up",-0.0629422239999995,8.58456159975,-0.846354216328178,0.411282114816287,0.663380288183745,TRUE,"down",FALSE,FALSE
"ZNF638","up",0.0309972575833341,9.58106752979167,0.845183475007162,0.411914028960505,0.66398592591102,TRUE,"up",TRUE,FALSE
"SOCS6","up",0.0470279930000013,8.204809677,0.844519962622337,0.412272446497429,0.664287982657546,TRUE,"up",TRUE,FALSE
"SH2B1","up",-0.0307823320833326,8.84165687629167,-0.842499270184794,0.413365249492942,0.665522355563961,TRUE,"down",FALSE,FALSE
"KDELR2","up",-0.0787719927499988,10.523118661625,-0.841331166609571,0.413997832915208,0.665997445733437,TRUE,"down",FALSE,FALSE
"FAM49B","up",-0.0656613784999997,9.72534895733333,-0.841159710777619,0.414090737741207,0.66607793151601,TRUE,"down",FALSE,FALSE
"FAM109B","up",-0.0677225220833334,8.30630037254167,-0.839817825894939,0.414818321472102,0.666730544422779,TRUE,"down",FALSE,FALSE
"SDK2","down",0.0315205111666683,9.13765033533333,0.839272243005222,0.415114381313421,0.66710287334733,TRUE,"up",FALSE,FALSE
"NADK","up",0.0534923975833344,8.92815747504167,0.838434169011846,0.415569430384222,0.667661496427019,TRUE,"up",TRUE,FALSE
"SLC41A3","up",0.0560778233333334,12.4755699375,0.838055758575052,0.415775002810771,0.667888170776832,TRUE,"up",TRUE,FALSE
"STARD7","up",-0.0549173166666644,12.0890801475,-0.836724110069288,0.416498952928081,0.668601749606393,TRUE,"down",FALSE,FALSE
"MCPH1","up",0.0553878990833341,7.118045389875,0.836262361423371,0.416750174602714,0.668628370786386,TRUE,"up",TRUE,FALSE
"PTDSS1","up",0.0435189925000012,12.6992474895833,0.836595585149358,0.416568869008744,0.668628370786386,TRUE,"up",TRUE,FALSE
"RUNX3","up",0.114051559750001,7.54012498895833,0.836572608238858,0.416581368992218,0.668628370786386,TRUE,"up",TRUE,FALSE
"SIM1","down",0.0671471688333338,6.1321629455,0.836464085091892,0.416640411466685,0.668628370786386,TRUE,"up",FALSE,FALSE
"RHD","up",0.0546829637500004,5.36118874679167,0.835669968452217,0.41707262032714,0.668900612098942,TRUE,"up",TRUE,FALSE
"DNAJB11","down",0.0526121541666675,10.8256384929167,0.835366617079714,0.417237800727722,0.668983517215375,TRUE,"up",FALSE,FALSE
"HIPK2","down",-0.0573653483333322,9.62509938908333,-0.835055256463217,0.417407386721513,0.669084543776931,TRUE,"down",TRUE,FALSE
"GSTT1","up",-0.0359235769999988,9.74506506566667,-0.834624478466695,0.417642088886153,0.669364779794221,TRUE,"down",FALSE,FALSE
"RERE","down",-0.054805868249998,9.08339380304167,-0.834547092567506,0.417684260418835,0.669397840918818,TRUE,"down",TRUE,FALSE
"KCNRG","up",-0.0543577484166661,6.653724879625,-0.834224475482339,0.417860100900226,0.669489478682615,TRUE,"down",FALSE,FALSE
"RPE","up",0.045582823833335,8.42454024858333,0.834165474248485,0.41789226438753,0.669489478682615,TRUE,"up",TRUE,FALSE
"ALG10B","up",-0.0468816450000003,6.9902258835,-0.830482490237295,0.419903174626456,0.671361090974232,TRUE,"down",FALSE,FALSE
"ZNF548","up",0.0297238011666668,6.84188434541667,0.830362766488965,0.41996864937529,0.671406268996541,TRUE,"up",TRUE,FALSE
"SUV420H1","down",-0.0314544054999986,8.29775636725,-0.829728972129897,0.420315370708412,0.671812715980029,TRUE,"down",TRUE,FALSE
"CALN1","up",0.20529917025,8.536403267875,0.829557806823216,0.420409039733736,0.671858850944773,TRUE,"up",TRUE,FALSE
"SRBD1","down",-0.057236794333333,8.68520458933333,-0.829523080594921,0.420428045077771,0.671858850944773,TRUE,"down",TRUE,FALSE
"ASB2","up",-0.207754549166665,12.4126429195833,-0.82940517616587,0.420492577252826,0.671923135016704,TRUE,"down",FALSE,FALSE
"CMTM1","down",-0.0407939595833322,6.19489725295833,-0.827032844854754,0.421792384786715,0.673065580325227,TRUE,"down",TRUE,FALSE
"AAMP","up",-0.0405277849999996,10.8108688558333,-0.825793140088483,0.422472659844698,0.673666760068483,TRUE,"down",FALSE,FALSE
"CNOT7","up",-0.0402493822499989,10.2835943797083,-0.825279578385004,0.422754679929562,0.67393287091302,TRUE,"down",FALSE,FALSE
"POLDIP2","up",0.0427351191666684,11.65668152125,0.824845842733836,0.422992959004898,0.674006747653504,TRUE,"up",TRUE,FALSE
"PRKCE","down",0.0448154316666672,7.622635164,0.824235137860913,0.423328606353908,0.674374081344714,TRUE,"up",FALSE,FALSE
"MAP3K12","up",0.0416844858333342,8.05409631975,0.82368990924169,0.423628413374245,0.67460957668945,TRUE,"up",TRUE,FALSE
"C18orf34","down",-0.119498196083333,8.54591727795833,-0.823212385847735,0.423891104054597,0.674804341029704,TRUE,"down",TRUE,FALSE
"HMGCL","up",-0.0412283664999982,9.68640438491667,-0.82303261860934,0.423990023253952,0.674874193853577,TRUE,"down",FALSE,FALSE
"C9orf72","up",0.0549564071666671,7.35990194825,0.821816813886142,0.424659427675158,0.675593555717706,TRUE,"up",TRUE,FALSE
"GABRG3","up",0.0472254973333341,5.29449901558333,0.821625661698485,0.424764735494076,0.675628594945684,TRUE,"up",TRUE,FALSE
"RPS6KC1","down",0.0439254272500006,9.57630141545833,0.821229338908003,0.424983127869257,0.675866298963739,TRUE,"up",FALSE,FALSE
"SIRT2","up",-0.0300528066666651,10.1320845308333,-0.821101255393279,0.425053723401406,0.675909380426228,TRUE,"down",FALSE,FALSE
"LMBRD1","up",-0.0635442466666651,12.270074735,-0.820527357235528,0.42537013083438,0.676200917250084,TRUE,"down",FALSE,FALSE
"RBBP8","up",0.0750461332500011,9.171791481375,0.819877334845807,0.42572869177971,0.676463406340023,TRUE,"up",TRUE,FALSE
"CHMP4A","down",0.0455558566666662,12.2939853375,0.81935954836952,0.426014449411166,0.676615642843137,TRUE,"up",FALSE,FALSE
"FZD8","down",-0.0953722246666672,8.06959729141667,-0.818816978203018,0.426314017701715,0.676675847163604,TRUE,"down",TRUE,FALSE
"ZNF446","down",-0.039826005833333,9.92428258966667,-0.818865782214735,0.426287066061902,0.676675847163604,TRUE,"down",TRUE,FALSE
"CYR61","down",0.301320135,14.7930472775,0.817390913879774,0.427102036685026,0.677433102801283,TRUE,"up",FALSE,FALSE
"FGF7","down",0.0836430042500012,9.74887411745833,0.817482637493134,0.427051323496785,0.677433102801283,TRUE,"up",FALSE,FALSE
"COPS3","up",0.0387331966666682,11.3263066958333,0.816075466869509,0.4278297634045,0.677983146433547,TRUE,"up",TRUE,FALSE
"FBP1","down",-0.0601002748333332,7.53977062908333,-0.814788909338716,0.428542280940185,0.678535961879153,TRUE,"down",TRUE,FALSE
"ZBTB40","down",-0.0351777050833332,6.280039187625,-0.814170583476087,0.428884992237309,0.678736603789226,TRUE,"down",TRUE,FALSE
"GPR144","up",-0.0332795120833325,6.19993354420833,-0.813754605808619,0.429115649966098,0.678916582383175,TRUE,"down",FALSE,FALSE
"ANKHD1","up",-0.0384688499999989,10.5980215383333,-0.813315021867179,0.429359484045972,0.679071196209742,TRUE,"down",FALSE,FALSE
"CACNA1A","up",0.0564152581666666,6.13504232566667,0.813260134514331,0.429389935931262,0.679071196209742,TRUE,"up",TRUE,FALSE
"RPL35","up",-0.0392627949999987,15.8654722633333,-0.813237699205214,0.429402383597098,0.679071196209742,TRUE,"down",FALSE,FALSE
"HIST2H2BE","up",-0.0408899180833327,8.20533453879167,-0.812893626074698,0.429593312994494,0.679285648354116,TRUE,"down",FALSE,FALSE
"EML4","down",-0.0483593449999991,11.5997328775,-0.812353541712343,0.429893121010897,0.679570566547141,TRUE,"down",TRUE,FALSE
"CD300LG","up",-0.0877325078333331,6.67084661925,-0.812197972937922,0.4299795042697,0.679637967070308,TRUE,"down",FALSE,FALSE
"ITFG1","up",0.033384974833334,10.0902029304167,0.811834523919518,0.430181361479437,0.679818699211122,TRUE,"up",TRUE,FALSE
"THAP9","up",-0.0452442365833327,5.71970484170833,-0.811301444958033,0.430477540263319,0.680044645435043,TRUE,"down",FALSE,FALSE
"SH3BGRL","up",-0.0796178458333326,13.1692007195833,-0.809503204381874,0.431477609624551,0.680921556293588,TRUE,"down",FALSE,FALSE
"SLC26A6","down",0.0453399082499999,8.43425446079167,0.809597252022273,0.431425269244168,0.680921556293588,TRUE,"up",FALSE,FALSE
"FBXO3","up",0.0365065112500003,7.99703858620833,0.808579210389821,0.431992057224206,0.681294142831719,TRUE,"up",TRUE,FALSE
"WAPAL","down",-0.0294173912499993,10.190422211875,-0.806850808109977,0.432955427388768,0.682190215001206,TRUE,"down",TRUE,FALSE
"AQP12A","up",0.0630208416666667,5.25815155875,0.806423590881582,0.433193760157859,0.682262643153803,TRUE,"up",TRUE,FALSE
"PAPD5","down",0.0553294607500005,8.60044855229167,0.806448908151387,0.433179634004947,0.682262643153803,TRUE,"up",FALSE,FALSE
"RBM25","up",0.0430581683333341,11.3164838933333,0.806212792426064,0.43331138979799,0.682370457848216,TRUE,"up",TRUE,FALSE
"ADCK5","up",-0.0424929547499996,8.93526516079167,-0.80598890288903,0.433436346922101,0.682417190076538,TRUE,"down",FALSE,FALSE
"HLA-A","down",-0.042525571666665,14.0000796366667,-0.805651707434389,0.433624585845758,0.682483189717323,TRUE,"down",TRUE,FALSE
"MFSD4","up",0.0490508890833342,6.79666253645833,0.805224776255555,0.43386299471248,0.682512706141463,TRUE,"up",TRUE,FALSE
"OR2L13","up",0.0425470195000006,5.3748760805,0.805468518889004,0.433726872556116,0.682512706141463,TRUE,"up",TRUE,FALSE
"NFE2L2","up",0.0695480925000015,11.6308265545833,0.805133206882999,0.433914140229172,0.682524054125789,TRUE,"up",TRUE,FALSE
"GIPC2","up",-0.0353318824999995,6.17692812691667,-0.803509098518435,0.434821917276669,0.68343298161873,TRUE,"down",FALSE,FALSE
"GNRH2","down",0.0318829625000016,7.29971839016667,0.802655033603185,0.435299774126862,0.683803568335179,TRUE,"up",FALSE,FALSE
"JMJD4","down",0.0468372547500001,7.84515466120833,0.801515517454145,0.435937865864358,0.684150543580265,TRUE,"up",FALSE,FALSE
"SMAD5","down",-0.0512123885833322,10.3099736517917,-0.801059108867618,0.436193607188965,0.68437728552694,TRUE,"down",TRUE,FALSE
"NEURL2","up",-0.0583243358333331,7.613395104,-0.799982707818027,0.436797130682281,0.684840066836202,TRUE,"down",FALSE,FALSE
"ARSJ","up",0.0819195683333353,9.1922370125,0.798675250277045,0.437530920551423,0.685298959742605,TRUE,"up",TRUE,FALSE
"DDX46","down",-0.0486709180833323,9.14409064945833,-0.798062233031671,0.437875237197009,0.685636948366586,TRUE,"down",TRUE,FALSE
"ING3","down",0.0483695758333355,11.6360294804167,0.797898251231623,0.437967370982879,0.685636948366586,TRUE,"up",FALSE,FALSE
"NUP98","up",-0.0394272743333325,9.83040177975,-0.797668055617574,0.438096728081641,0.68577035440568,TRUE,"down",FALSE,FALSE
"COMMD10","up",-0.0445199334166656,9.910516490125,-0.797364895828479,0.438267124101765,0.685933414601826,TRUE,"down",FALSE,FALSE
"RHBDF1","up",0.0515345086666687,10.4541852603333,0.797256304472008,0.438328169951462,0.685994403985687,TRUE,"up",TRUE,FALSE
"SLC6A1","up",0.0738079164166672,6.42410572879167,0.796842227350525,0.43856099773434,0.68622053185625,TRUE,"up",TRUE,FALSE
"C6orf25","down",0.0424589379166671,5.99622111870833,0.796353694025024,0.438835792054813,0.686447624775635,TRUE,"up",FALSE,FALSE
"MMP16","up",0.0464751719166664,6.28242067320833,0.795797674961217,0.439148679607847,0.686759664440839,TRUE,"up",TRUE,FALSE
"TMEM87A","up",0.0392637816666677,11.8077116216667,0.79218918516853,0.441182725184839,0.68876197743774,TRUE,"up",TRUE,FALSE
"PDE6G","up",0.0490973572500007,5.678149926125,0.791772804721105,0.441417816112006,0.688990525053109,TRUE,"up",TRUE,FALSE
"C16orf52","down",-0.0428735194166654,8.69131666895833,-0.791491791275196,0.441576522915678,0.689168739610402,TRUE,"down",TRUE,FALSE
"CDC25C","down",-0.0464447167499999,5.510809323375,-0.791408058088082,0.441623819559815,0.689168739610402,TRUE,"down",TRUE,FALSE
"PPIL2","up",-0.0382760700833323,8.25731322795833,-0.788656164854289,0.443180012202467,0.690215494920308,TRUE,"down",FALSE,FALSE
"LETM2","down",0.0401761492500005,6.38649545529167,0.787183915015409,0.444013991575274,0.690787239446571,TRUE,"up",FALSE,FALSE
"STXBP1","down",0.038724306250001,8.21769582454167,0.78686775172888,0.444193216677008,0.690962284284756,TRUE,"up",FALSE,FALSE
"TSPAN13","up",-0.091838252083333,8.13831659395833,-0.786039476950547,0.444662961859593,0.6912777080553,TRUE,"down",FALSE,FALSE
"ABCC6","up",0.097859645916667,7.35669396045833,0.783766715770265,0.445953539983371,0.692141278439725,TRUE,"up",TRUE,FALSE
"FBXO5","up",0.0512909395000015,7.57335744141667,0.783558104253873,0.446072117483094,0.692256159945795,TRUE,"up",TRUE,FALSE
"CCR6","up",0.046359722750001,5.547551588125,0.782858518050003,0.446469916535064,0.692686288140476,TRUE,"up",TRUE,FALSE
"ARHGAP26","down",0.0727600593333338,8.70232332675,0.78223975477097,0.446821944343417,0.693039058285762,TRUE,"up",FALSE,FALSE
"TSNAXIP1","down",-0.0400347381666662,6.64161368691667,-0.781479249665908,0.447254851672449,0.693305772623603,TRUE,"down",TRUE,FALSE
"MAPK8IP2","up",-0.0417689272499989,6.82695509445833,-0.781271171182585,0.447373343571735,0.693340542244549,TRUE,"down",FALSE,FALSE
"FES","down",0.0581107012500006,9.65663666545833,0.781098713036222,0.447471566176165,0.693423595043929,TRUE,"up",FALSE,FALSE
"ACIN1","down",0.0466516841666689,9.28130952433333,0.780968331276488,0.447545833415119,0.693469512585378,TRUE,"up",FALSE,FALSE
"SPATA7","up",-0.0372599499166656,8.29071119804167,-0.78052479859366,0.44779853381475,0.693762243306474,TRUE,"down",FALSE,FALSE
"BOLA3","up",0.057466090000001,11.2223416916667,0.779892115943513,0.448159156794868,0.694073733735241,TRUE,"up",TRUE,FALSE
"SLITRK5","up",-0.175686589583333,6.60614289970833,-0.779764516752175,0.448231909232935,0.694151808397417,TRUE,"down",FALSE,FALSE
"IFT80","up",-0.0312494944999999,8.04847166183333,-0.779588232944684,0.448332432097809,0.694221523307301,TRUE,"down",FALSE,FALSE
"IRAK2","down",0.0621564660833342,5.93123330629167,0.778472099365806,0.448969217471124,0.694670427510345,TRUE,"up",FALSE,FALSE
"PRELP","down",-0.056391214166666,12.2884369670833,-0.777564722632896,0.4494873199392,0.695160519892032,TRUE,"down",TRUE,FALSE
"ZMPSTE24","up",-0.0528935174999986,12.8633606445833,-0.777297169605863,0.449640161538704,0.69529307750227,TRUE,"down",FALSE,FALSE
"DUSP23","up",0.0682773725000014,13.38023572875,0.776959743228913,0.449832965323114,0.69552198937698,TRUE,"up",TRUE,FALSE
"ART3","up",0.118590885833333,7.40175368458333,0.776324738229353,0.450195944804586,0.695695128805357,TRUE,"up",TRUE,FALSE
"OR4K17","down",-0.0365925349166664,5.324560671875,-0.774737224527138,0.451104198008031,0.696378220464222,TRUE,"down",TRUE,FALSE
"RNASE4","up",-0.0854120156666658,10.0432043791667,-0.774000071685047,0.451526330400732,0.696592636232855,TRUE,"down",FALSE,FALSE
"CRYBA2","up",0.0486777625833346,5.46124666495833,0.771378377771621,0.453029653966816,0.697665036161755,TRUE,"up",TRUE,FALSE
"FDFT1","up",-0.0363266658333327,11.4160772320833,-0.771022350985322,0.45323404689397,0.697690775580353,TRUE,"down",FALSE,FALSE
"GPR160","up",-0.0477160792499996,7.136587048625,-0.770570548463462,0.453493507104244,0.698000893346016,TRUE,"down",FALSE,FALSE
"TRIP10","up",0.0416626077500013,9.49918065154167,0.770451286066635,0.45356201234825,0.698000893346016,TRUE,"up",TRUE,FALSE
"CSF2RA","down",-0.0595891365833331,6.92729349504167,-0.770283655949284,0.453658311317519,0.698067203944829,TRUE,"down",TRUE,FALSE
"PDCD10","up",0.0398182016666672,10.5248552891667,0.769547922174728,0.4540811215379,0.698419940976854,TRUE,"up",TRUE,FALSE
"HARS2","up",0.0402583241666662,10.2278945803333,0.769107718391265,0.454334214725526,0.698553749317212,TRUE,"up",TRUE,FALSE
"HSP90B1","down",-0.0400459483333316,14.2795828933333,-0.76890175145664,0.454452664727711,0.698692592442648,TRUE,"down",TRUE,FALSE
"TEDDM1","down",-0.0486527539166655,5.41362507654167,-0.768704637626387,0.454566041427449,0.698771881424513,TRUE,"down",TRUE,FALSE
"C18orf56","down",-0.0570559590833327,5.74041118779167,-0.76828533089614,0.454807278615648,0.698852318447579,TRUE,"down",TRUE,FALSE
"MAGEB6","down",-0.0317619234999998,5.31890682225,-0.768408172700508,0.454736596516321,0.698852318447579,TRUE,"down",TRUE,FALSE
"NEIL3","up",0.035529822583334,5.23355572504167,0.768105515056975,0.45491075543643,0.698852318447579,TRUE,"up",TRUE,FALSE
"PDZD11","up",-0.0428544566666648,11.0457439575,-0.768284826917869,0.454807568614454,0.698852318447579,TRUE,"down",FALSE,FALSE
"FAM98A","down",-0.0620857845833318,8.74456675695833,-0.768060014765449,0.454936941361973,0.698857993869541,TRUE,"down",TRUE,FALSE
"IL1F10","up",0.0503045515000002,5.93340299791667,0.767622412610986,0.455188834293058,0.699037585091381,TRUE,"up",TRUE,FALSE
"ASB1","up",-0.0529370864999984,9.125234509,-0.767418232399715,0.455306394437574,0.699127644662645,TRUE,"down",FALSE,FALSE
"BAG4","down",0.0341721904166669,7.07828382145833,0.767252727323503,0.45540170062278,0.699157154096102,TRUE,"up",FALSE,FALSE
"APBB3","up",-0.0530268708333319,10.3953545529167,-0.764044464420184,0.457251636761603,0.701269637584232,TRUE,"down",FALSE,FALSE
"PNLDC1","up",-0.0570452689166659,5.538039914375,-0.76368770977246,0.457457635712263,0.701317221037337,TRUE,"down",FALSE,FALSE
"ZNF254","up",-0.0550390010833326,7.77378648079167,-0.763837719668628,0.457371009259871,0.701317221037337,TRUE,"down",FALSE,FALSE
"ZBTB16","down",-0.0865332510833331,11.3293445272083,-0.763516137374897,0.457556726403808,0.701356746229546,TRUE,"down",TRUE,FALSE
"ERP29","up",-0.0431826125000001,12.05012164125,-0.763218622322128,0.457728586214625,0.701421141758372,TRUE,"down",FALSE,FALSE
"IRAK4","up",0.036374454833334,7.63724543533333,0.763285507228774,0.457689946597935,0.701421141758372,TRUE,"up",TRUE,FALSE
"CD74","up",-0.0643828784999993,10.3790419628333,-0.762145413610344,0.458348859464629,0.70191421894516,TRUE,"down",FALSE,FALSE
"PLEKHM1","down",-0.0447623258333317,10.4654456504167,-0.762144092162309,0.458349623532354,0.70191421894516,TRUE,"down",TRUE,FALSE
"CYP2C19","down",-0.0514198244166662,5.315607013875,-0.761143147615962,0.458928601804427,0.702316268482425,TRUE,"down",TRUE,FALSE
"TMEM43","up",0.0430881383333346,11.4918459983333,0.760985299701818,0.459019947499935,0.702352282893483,TRUE,"up",TRUE,FALSE
"C3orf35","up",0.0290985363333334,6.17068135325,0.760616500486598,0.459233413497464,0.702563920218306,TRUE,"up",TRUE,FALSE
"COPA","down",-0.0317223293333338,10.2162331395,-0.757225565143765,0.46119901794771,0.703956852890243,TRUE,"down",TRUE,FALSE
"MOV10","up",-0.0317894469166659,9.131226184625,-0.757248826732052,0.46118551631595,0.703956852890243,TRUE,"down",FALSE,FALSE
"OR10A4","up",0.040530306666667,5.63577260733333,0.757407425641018,0.461093467898308,0.703956852890243,TRUE,"up",TRUE,FALSE
"MAPK6","up",0.0470390023333348,9.75681571516667,0.75600920000324,0.461905368755795,0.704616015414604,TRUE,"up",TRUE,FALSE
"SNAPC5","up",0.0501260745000006,9.24775175591667,0.755084227419622,0.462442953615861,0.704744099992743,TRUE,"up",TRUE,FALSE
"CRTC2","down",-0.0365630491666662,11.1547864254167,-0.755037429938654,0.462470162117876,0.704748653372834,TRUE,"down",TRUE,FALSE
"DSTN","up",0.147174900000005,16.4508813041667,0.754924803996713,0.462535647970205,0.704748653372834,TRUE,"up",TRUE,FALSE
"GOLGA2","up",-0.0410903066666658,10.9756670716667,-0.753819688161708,0.463178516509738,0.705277019748632,TRUE,"down",FALSE,FALSE
"ATG9A","down",0.0341960333333341,10.5325164858333,0.753417602102405,0.46341255501718,0.705495096006556,TRUE,"up",FALSE,FALSE
"GABRA5","up",0.0535328819166669,5.346588780375,0.752470089962148,0.463964353188868,0.706058398583823,TRUE,"up",TRUE,FALSE
"TRAF6","up",0.0386664598333337,9.07503755708333,0.750758710477693,0.464962027517918,0.70691882952668,TRUE,"up",TRUE,FALSE
"DNAJB6","up",0.0348985875000012,11.1907404854167,0.750411525527466,0.465164585317906,0.707015313299721,TRUE,"up",TRUE,FALSE
"RPP14","up",-0.0385030974999993,9.37521710558333,-0.75027151032356,0.465246289634917,0.707028063638511,TRUE,"down",FALSE,FALSE
"CD14","up",-0.0776987392500002,10.747589282875,-0.750043221355,0.465379524073931,0.707135442681232,TRUE,"down",FALSE,FALSE
"FRMD1","up",0.0461893381666673,6.50808670991667,0.749891183177509,0.465468269911736,0.707135442681232,TRUE,"up",TRUE,FALSE
"SEC61A1","up",-0.067219159916666,10.5606107725417,-0.749179865087405,0.465883610034328,0.707523730742259,TRUE,"down",FALSE,FALSE
"ZXDA","up",0.0483726098333338,6.25589786075,0.748978789664798,0.4660010597199,0.707667510269133,TRUE,"up",TRUE,FALSE
"NUDT21","up",0.0338076845833338,10.1444950222083,0.748595718136716,0.46622486511177,0.707834408714595,TRUE,"up",TRUE,FALSE
"RNF128","up",0.0392632674166669,5.473150944125,0.747738745221222,0.466725781530504,0.708248851519624,TRUE,"up",TRUE,FALSE
"PDZD3","up",-0.0397447759999993,5.52826079408333,-0.747368553940677,0.466942267398479,0.708474933334499,TRUE,"down",FALSE,FALSE
"SORD","up",-0.0523556190833331,8.60342289129167,-0.746998280578556,0.467158862969445,0.708560001473523,TRUE,"down",FALSE,FALSE
"ACLY","down",-0.0520985081666652,9.16754803741667,-0.746381806748972,0.467519613143052,0.708716164946803,TRUE,"down",TRUE,FALSE
"COMMD4","up",0.0272628800000014,11.14108674,0.746354615845443,0.467535528742262,0.708716164946803,TRUE,"up",TRUE,FALSE
"CCM2","down",0.0311448400000005,10.51332385,0.745192186767426,0.468216242118875,0.70925172102158,TRUE,"up",FALSE,FALSE
"NUP35","up",-0.0388520077499992,10.2431238069583,-0.744153705691012,0.468824885939854,0.709655150975916,TRUE,"down",FALSE,FALSE
"GPR137","up",0.051804155166667,8.00897432491667,0.743894747584536,0.46897673431433,0.709723606497899,TRUE,"up",TRUE,FALSE
"PCDHB13","up",0.0390547125000002,9.21136666325,0.74313881806625,0.469420170138511,0.710051816627289,TRUE,"up",TRUE,FALSE
"SOST","down",0.274188218916667,6.36778332254167,0.742185815536579,0.469979576733988,0.710549114844223,TRUE,"up",FALSE,FALSE
"RAB11FIP2","down",-0.049800876666666,10.4027283366667,-0.740605875934311,0.470907889824139,0.711230313133565,TRUE,"down",TRUE,FALSE
"RASSF1","up",0.0384581816666674,11.440267605,0.73976712539643,0.471401163225581,0.711528817183277,TRUE,"up",TRUE,FALSE
"SCO2","down",0.0658146695000003,10.0173401625833,0.739815941758003,0.471372445430389,0.711528817183277,TRUE,"up",FALSE,FALSE
"C12orf50","down",0.0376512600833336,5.327771562125,0.739199593735562,0.471735110411534,0.711758999998703,TRUE,"up",FALSE,FALSE
"E2F3","down",-0.0628593574166653,8.82444274654167,-0.738178840872515,0.472336105584373,0.711966760598681,TRUE,"down",TRUE,FALSE
"FGD2","up",0.0380113942500012,6.29679120170833,0.73766757977162,0.472637299550317,0.712141701659754,TRUE,"up",TRUE,FALSE
"RBBP5","down",0.0278657597500007,6.041339732125,0.737497866278234,0.472737306994803,0.712188780748727,TRUE,"up",FALSE,FALSE
"M6PR","down",-0.0346686485833318,8.918308560625,-0.737267004990324,0.4728733678477,0.712290153469252,TRUE,"down",TRUE,FALSE
"HGD","down",0.0436287007500003,6.054714685875,0.735623726123898,0.47384254339599,0.713265938785011,TRUE,"up",FALSE,FALSE
"CRISPLD1","down",-0.0560887626666661,6.58541447516667,-0.735084552842117,0.474160801208946,0.713503046886744,TRUE,"down",TRUE,FALSE
"UGDH","up",0.0407322166666683,8.75330829025,0.734833998909763,0.474308739945703,0.713656538065609,TRUE,"up",TRUE,FALSE
"ATG4D","up",-0.0343642030833329,6.75128546520833,-0.73438450173766,0.474574214440553,0.713815107787775,TRUE,"down",FALSE,FALSE
"PCYT2","up",-0.0428698957499998,7.59618143395833,-0.733984441441662,0.47481056736172,0.713996706628436,TRUE,"down",FALSE,FALSE
"RSU1","up",0.0454362875000012,9.72962563691667,0.734061549210954,0.474765007044179,0.713996706628436,TRUE,"up",TRUE,FALSE
"AIM1L","down",-0.118947166999999,6.10456598633333,-0.733554577770014,0.475064607680083,0.714275016444186,TRUE,"down",TRUE,FALSE
"C2orf18","up",0.0371781574166674,8.572137471875,0.733273345449971,0.47523085472452,0.714490401025804,TRUE,"up",TRUE,FALSE
"DMKN","up",-0.2220617325,10.7595110220833,-0.73322421480443,0.475259901332213,0.714499499428805,TRUE,"down",FALSE,FALSE
"SLC24A4","down",0.0763912458333339,6.67378238533333,0.732540262307039,0.475664374032717,0.714834606945943,TRUE,"up",FALSE,FALSE
"ZDHHC21","up",-0.0297345596666652,8.65238610325,-0.731588456971175,0.47622759615152,0.714946566031483,TRUE,"down",FALSE,FALSE
"C9orf66","up",-0.0520466304166662,5.49000079320833,-0.731173886888093,0.476473040721622,0.715077835518121,TRUE,"down",FALSE,FALSE
"MYH11","down",0.233821388333334,16.6725562033333,0.730680568408232,0.476765207960437,0.715239887106349,TRUE,"up",FALSE,FALSE
"CCNDBP1","up",0.0600216925000019,12.3331640870833,0.73002824791439,0.477151710741554,0.715332036506342,TRUE,"up",TRUE,FALSE
"MBP","up",0.0714238109166666,9.16563071379167,0.730014876367999,0.477159635428384,0.715332036506342,TRUE,"up",TRUE,FALSE
"MRPS33","up",-0.0309738141666669,10.9566775845833,-0.729969926236557,0.477186275842726,0.715332036506342,TRUE,"down",FALSE,FALSE
"SLC2A6","up",-0.0449589003333323,6.10753451125,-0.729485019320815,0.477473721005318,0.715680822917378,TRUE,"down",FALSE,FALSE
"COQ2","up",-0.0330951614166658,6.94005127895833,-0.729126728172941,0.477686177732755,0.715816795254561,TRUE,"down",FALSE,FALSE
"LSM5","up",-0.0348124100000001,11.0407439008333,-0.728903992514944,0.47781828267279,0.715858398130769,TRUE,"down",FALSE,FALSE
"RGR","down",-0.0488599356666667,6.029218108,-0.728549112624107,0.478028808317793,0.71591183580775,TRUE,"down",TRUE,FALSE
"FBXO15","up",-0.0571452521666664,6.72989947683333,-0.72570568644953,0.479717642751084,0.717241956912897,TRUE,"down",FALSE,FALSE
"SALL4","down",0.0403856601666673,5.76027249333333,0.725670341537695,0.479738658294308,0.717241956912897,TRUE,"up",FALSE,FALSE
"ARHGEF1","up",-0.0315339229999989,7.53085867333333,-0.7252675879356,0.479978168695416,0.717449875774824,TRUE,"down",FALSE,FALSE
"ALDH1L1","up",-0.0545815470833327,6.46450721229167,-0.724935316989955,0.480175818674011,0.717584794047657,TRUE,"down",FALSE,FALSE
"C17orf58","up",-0.109872237916666,10.339013987375,-0.724752809514494,0.480284403388256,0.717636609724444,TRUE,"down",FALSE,FALSE
"NDUFA5","up",0.0473702058333343,11.54677322375,0.724080582402862,0.48068447971513,0.717999622810717,TRUE,"up",TRUE,FALSE
"TRIM41","up",-0.0281503962499984,8.10241689320833,-0.7238761045758,0.480806214681883,0.718077899668131,TRUE,"down",FALSE,FALSE
"SFTPA2","up",-0.0384608708333333,5.35805009291667,-0.723602525136536,0.480969118074376,0.718092475934061,TRUE,"down",FALSE,FALSE
"GTF2H5","up",-0.0319899783333317,11.7011748891667,-0.723361812185083,0.481112478584306,0.718141071339864,TRUE,"down",FALSE,FALSE
"ASB12","down",-0.0365281018333331,5.81979551208333,-0.720608354178215,0.482754177512225,0.719465576462174,TRUE,"down",TRUE,FALSE
"NSUN3","up",-0.0416305018333325,7.72024109425,-0.719744488005555,0.483269935910402,0.719734445398348,TRUE,"down",FALSE,FALSE
"SCAMP2","up",0.0292957105833345,8.875943889875,0.719763038296239,0.483258857256069,0.719734445398348,TRUE,"up",TRUE,FALSE
"PHF8","up",-0.0313490223333319,8.99435580008333,-0.719597284379681,0.483357854668849,0.719758839436844,TRUE,"down",FALSE,FALSE
"EIF1B","up",0.0515016733333352,10.7430286333333,0.718973207730831,0.483730697148147,0.719912199297622,TRUE,"up",TRUE,FALSE
"VMO1","down",0.066773423083334,7.77292870520833,0.718610147187542,0.483947680122369,0.720035544759732,TRUE,"up",FALSE,FALSE
"MUC1","up",0.139346861166668,9.03477730158333,0.717433922140829,0.484651051971188,0.720392149198658,TRUE,"up",TRUE,FALSE
"CCDC104","up",0.0384200916666676,12.2922713733333,0.716248038709855,0.485360820260928,0.720891298486057,TRUE,"up",TRUE,FALSE
"FOXM1","down",-0.0467832457499994,5.97928680054167,-0.716196765041827,0.485391522340926,0.720891298486057,TRUE,"down",TRUE,FALSE
"LCMT2","up",-0.0540824729166667,9.35799383020833,-0.715536450138754,0.485787015328032,0.721218125102615,TRUE,"down",FALSE,FALSE
"UBA52","up",-0.0450401716666669,15.4355628233333,-0.714257160752929,0.486553789899775,0.721908096636701,TRUE,"down",FALSE,FALSE
"OTUD1","up",-0.0581630944999997,9.88412380725,-0.713730325162197,0.486869772724947,0.722204496018979,TRUE,"down",FALSE,FALSE
"ABHD11","up",-0.0354859723333318,8.94412886608333,-0.712791102873099,0.487433399300248,0.722890645452065,TRUE,"down",FALSE,FALSE
"MAZ","down",-0.0262437393333329,7.393594578,-0.712314301256738,0.487719676840651,0.723154504618854,TRUE,"down",TRUE,FALSE
"IGBP1","up",-0.0496457966666657,11.69824911,-0.712130840907725,0.487829855455214,0.723179831522157,TRUE,"down",FALSE,FALSE
"TTC16","up",-0.0369814089166662,5.44237286020833,-0.712131274297203,0.487829595162087,0.723179831522157,TRUE,"down",FALSE,FALSE
"GPR113","up",0.0337415966666673,5.97688888175,0.711779615800967,0.488040828063144,0.723251042570611,TRUE,"up",TRUE,FALSE
"SCYL1","up",-0.0419863049999993,12.0236216275,-0.711445315360577,0.488241685053276,0.72344519017527,TRUE,"down",FALSE,FALSE
"KRTAP2-4","down",0.057371848333333,11.1626416233333,0.71098812423761,0.488516458104369,0.723714283695001,TRUE,"up",FALSE,FALSE
"CRNN","up",-0.476883409166666,9.25916099858333,-0.710665422145151,0.488710458474921,0.723863636463568,TRUE,"down",FALSE,FALSE
"RPS12","down",-0.0650481099999988,16.607201835,-0.710518681359025,0.488798690548927,0.723925305659497,TRUE,"down",TRUE,FALSE
"FTSJ1","up",0.0322255236666674,8.45755277091667,0.710241576123515,0.488965333885938,0.724103081427122,TRUE,"up",TRUE,FALSE
"PRAMEF10","up",0.0449130054166671,5.31321771870833,0.710070109551166,0.48906846606338,0.724221292356734,TRUE,"up",TRUE,FALSE
"LPPR2","up",0.0388957387499994,8.16743092395833,0.709918791263009,0.489159490411255,0.724321563384412,TRUE,"up",TRUE,FALSE
"ZBTB20","down",-0.0394056191666646,10.6871325670833,-0.709590084735378,0.489357256104703,0.724545347454747,TRUE,"down",TRUE,FALSE
"SH2D2A","down",0.0444291496666669,8.35690067416667,0.709495025270121,0.489414457350143,0.724550956145844,TRUE,"up",FALSE,FALSE
"FOXK2","up",0.0393177664166679,9.163164184375,0.709152813985787,0.489620413167602,0.72469325384384,TRUE,"up",TRUE,FALSE
"HCFC1R1","down",0.0597480891666681,13.97208404625,0.708704309890828,0.489890418283461,0.724885712505534,TRUE,"up",FALSE,FALSE
"FAHD2A","up",-0.0280537691666654,10.5893010745833,-0.708497585045294,0.490014899117289,0.724931057731238,TRUE,"down",FALSE,FALSE
"CCDC113","down",0.0356937994166677,6.660805418125,0.707658439534627,0.490520390041747,0.725368815885073,TRUE,"up",FALSE,FALSE
"CCL21","up",-0.114341050166665,10.601874234,-0.707183952866466,0.490806352349665,0.725661843308553,TRUE,"down",FALSE,FALSE
"EEF1B2","up",-0.0396445858333322,14.9527134979167,-0.706987619499785,0.490924707018205,0.725661843308553,TRUE,"down",FALSE,FALSE
"GTPBP1","down",0.0302310291666681,10.5187150354167,0.706828868304205,0.491020418631907,0.725728318876023,TRUE,"up",FALSE,FALSE
"NOL7","down",0.0491197816666694,13.3953899991667,0.705893929744168,0.491584321354264,0.726075984929032,TRUE,"up",FALSE,FALSE
"DTWD2","up",0.0366660862500004,6.85018847304167,0.705409712826924,0.49187652526018,0.726268171112161,TRUE,"up",TRUE,FALSE
"GP2","down",0.0485696534166674,5.23012477429167,0.704594493342165,0.492368708000827,0.726718625071333,TRUE,"up",FALSE,FALSE
"CDC20","up",0.0339177614166675,7.16151965204167,0.703651156427785,0.492938605634142,0.72704174083942,TRUE,"up",TRUE,FALSE
"RBP4","down",-0.0747246685833331,7.57027145170833,-0.702713920854009,0.493505204797928,0.727599593506064,TRUE,"down",TRUE,FALSE
"BASP1","down",0.106128380833335,13.2549608395833,0.702008699496536,0.493931795944925,0.727903274972417,TRUE,"up",FALSE,FALSE
"LILRA6","down",-0.0551965769999988,7.89919866391667,-0.701421182342034,0.494287354192768,0.728097879467037,TRUE,"down",TRUE,FALSE
"GRWD1","up",-0.0318063806666656,9.56000309441667,-0.700497714143286,0.494846532295957,0.728679752215534,TRUE,"down",FALSE,FALSE
"C16orf73","up",0.0513774099999998,5.70212994583333,0.700393571604545,0.494909616134586,0.728709508678328,TRUE,"up",TRUE,FALSE
"SGOL1","down",0.0344682136666675,5.59089260475,0.70003259115765,0.495128315134405,0.728921965690147,TRUE,"up",FALSE,FALSE
"ATP6V1B1","up",-0.0303197849166659,5.671042551375,-0.699307328924643,0.495567886066222,0.72930181631533,TRUE,"down",FALSE,FALSE
"IMMT","up",0.0399235333333355,11.3769045625,0.699368655432931,0.495530708027702,0.72930181631533,TRUE,"up",TRUE,FALSE
"IFI6","down",0.0503414552500016,10.8372622684583,0.698930277764875,0.495796502462254,0.729412295162268,TRUE,"up",FALSE,FALSE
"LAMB2","up",-0.0308272258333326,15.03013277375,-0.698902247518109,0.495813500454501,0.729412295162268,TRUE,"down",FALSE,FALSE
"NMRAL1","up",-0.027820053333332,10.3373158966667,-0.699006204438512,0.495750461037297,0.729412295162268,TRUE,"down",FALSE,FALSE
"OSBPL7","down",-0.047208978166666,6.01197957908333,-0.698654430989559,0.495963795367592,0.72946122619043,TRUE,"down",TRUE,FALSE
"UBE2U","down",0.0327984841666671,5.28540661516667,0.697434114952587,0.496704281073073,0.729927895455095,TRUE,"up",FALSE,FALSE
"UTY","up",0.0284318022500005,5.35105041979167,0.697440784784193,0.496700232057007,0.729927895455095,TRUE,"up",TRUE,FALSE
"TSPYL5","up",-0.0553282383333312,11.2547403983333,-0.697296726664465,0.496787688921014,0.729987286403679,TRUE,"down",FALSE,FALSE
"NBEAL2","down",0.0382964518333335,7.71182134533333,0.69691927623649,0.497016880037031,0.730146465754304,TRUE,"up",FALSE,FALSE
"SNX14","up",-0.0331636341666652,10.73230449625,-0.696807661898654,0.497084665167523,0.73017608453105,TRUE,"down",FALSE,FALSE
"RPL39L","up",0.0354216655,9.29406429075,0.696762163478606,0.497112298633784,0.730182156714991,TRUE,"up",TRUE,FALSE
"ATRNL1","down",0.0737446209166676,5.920776871625,0.695445825446936,0.497912168955016,0.730804294462459,TRUE,"up",FALSE,FALSE
"POU2F1","down",-0.0306539750833323,8.78168295579167,-0.693792728049182,0.498917744284584,0.731525167899536,TRUE,"down",TRUE,FALSE
"SRPK2","up",-0.0284244239999999,8.50009656575,-0.693218170898005,0.499267525852969,0.731808240658979,TRUE,"down",FALSE,FALSE
"ZDHHC6","up",-0.0320505390833327,8.93063044129167,-0.693199020430467,0.499279186847634,0.731808240658979,TRUE,"down",FALSE,FALSE
"OR51E2","down",0.0881597603333347,6.55956099425,0.692637386477614,0.499621245077495,0.732033353470454,TRUE,"up",FALSE,FALSE
"IL12RB1","up",-0.0253896346666665,6.48642557775,-0.691621433524468,0.500240352289574,0.732629535555318,TRUE,"down",FALSE,FALSE
"OSBPL11","down",-0.0573112199166659,8.12714462995833,-0.690734573356874,0.500781160504783,0.733145129061658,TRUE,"down",TRUE,FALSE
"RPL22L1","up",0.0399553966666694,13.2709537483333,0.690622235949942,0.500849688455033,0.733176364820257,TRUE,"up",TRUE,FALSE
"ABCC3","down",-0.17871091425,7.30886204620833,-0.690305320443319,0.501043042597656,0.733321216184379,TRUE,"down",TRUE,FALSE
"COG5","up",-0.0515405584166663,10.2757812242083,-0.68973751321186,0.501389578478964,0.733605286832505,TRUE,"down",FALSE,FALSE
"YSK4","down",-0.0443579094166659,5.25553713904167,-0.688806662010317,0.501957986160512,0.734126237186841,TRUE,"down",TRUE,FALSE
"FLNA","down",0.148535248333335,14.2307147191667,0.688665243894041,0.502044373650585,0.734198841157386,TRUE,"up",FALSE,FALSE
"CRIPAK","up",-0.041014608166665,9.66448359141667,-0.688351184092163,0.502236253200092,0.734306646877153,TRUE,"down",FALSE,FALSE
"UBE2A","up",-0.0250023624999992,11.6678962445833,-0.687864028625466,0.502533973146147,0.734662049471234,TRUE,"down",FALSE,FALSE
"ZNF281","down",-0.0408253941666654,9.64343337841667,-0.687619371711421,0.502683531631894,0.734725760445822,TRUE,"down",TRUE,FALSE
"ERBB2","down",0.0473772991666675,10.7568814320833,0.687545616170084,0.502728623420549,0.734749942940889,TRUE,"up",FALSE,FALSE
"FFAR2","down",0.035020919083334,6.406327461375,0.686183293868818,0.50356192961697,0.735310694913224,TRUE,"up",FALSE,FALSE
"DDOST","up",-0.0409739591666651,12.5621742870833,-0.686016308148581,0.503664127104208,0.735360515344257,TRUE,"down",FALSE,FALSE
"DPAGT1","up",-0.0328639373333326,8.72648497375,-0.685589050674356,0.503925669582794,0.735461644212145,TRUE,"down",FALSE,FALSE
"EDEM1","down",0.0299525932500007,7.30547118479167,0.685646748840883,0.503890345444196,0.735461644212145,TRUE,"up",FALSE,FALSE
"CYP2D6","up",-0.042738804666666,6.45962583733333,-0.684952307422417,0.504315594495943,0.735703902425194,TRUE,"down",FALSE,FALSE
"FIP1L1","up",0.028698662916667,10.045111746625,0.684527839292599,0.504575625565514,0.73583620732675,TRUE,"up",TRUE,FALSE
"NCOR1","down",0.0248721313333341,9.52423841891667,0.684024424469278,0.504884121206216,0.735892645375717,TRUE,"up",FALSE,FALSE
"RRM1","up",0.0258809775000021,10.6946186020833,0.682872347241465,0.505590535222214,0.73657675874084,TRUE,"up",TRUE,FALSE
"SEMA4D","up",-0.0529615290833323,6.563205007375,-0.68225884986006,0.505966945736799,0.736778348754362,TRUE,"down",FALSE,FALSE
"CCT4","up",-0.0357476983333325,14.6876701933333,-0.681873219105339,0.506203632562064,0.736986190186882,TRUE,"down",FALSE,FALSE
"KRTAP4-12","up",0.0322462585000003,6.43185992733333,0.681295079488199,0.506558595499912,0.737315113106901,TRUE,"up",TRUE,FALSE
"WDR76","down",0.0265293132500009,6.21295780279167,0.68085967652824,0.506826017447557,0.737512200352666,TRUE,"up",FALSE,FALSE
"ADH7","up",-0.0443574361666665,5.35948429433333,-0.679036686969903,0.507946578894069,0.738363224986672,TRUE,"down",FALSE,FALSE
"PRPF4","up",0.0255873814166674,9.997265886125,0.678466592362371,0.508297301973273,0.73875362584375,TRUE,"up",TRUE,FALSE
"INPP5A","up",0.0673291000000022,10.7216114466667,0.677579666810164,0.508843219516899,0.739270422070841,TRUE,"up",TRUE,FALSE
"RPN2","up",0.0441776350000005,11.2502328091667,0.677281021548256,0.509027117252259,0.739465265545872,TRUE,"up",TRUE,FALSE
"ABCE1","up",-0.0411303978333319,9.09394282841667,-0.676704170449496,0.509382435849089,0.739569695187275,TRUE,"down",FALSE,FALSE
"CCNI","up",0.031892138333335,15.0710095283333,0.676458900036251,0.509533556784522,0.739650145981363,TRUE,"up",TRUE,FALSE
"HFE","up",-0.0270600576666658,6.58900056125,-0.676227713887913,0.509676023639626,0.739650338915999,TRUE,"down",FALSE,FALSE
"KLHL25","down",0.0838518933333341,10.779817805,0.676033995055087,0.509795419304598,0.739711151979065,TRUE,"up",FALSE,FALSE
"CRB1","up",-0.0383741303333326,5.53699501916667,-0.674778604206554,0.510569553276785,0.74047413011439,TRUE,"down",FALSE,FALSE
"PA2G4","up",0.0298042720000001,10.0551893820833,0.674718767911472,0.510606468184137,0.740481852861827,TRUE,"up",TRUE,FALSE
"MKNK2","up",-0.040925296666666,11.9344043266667,-0.674451672141984,0.510771266875757,0.74055223080009,TRUE,"down",FALSE,FALSE
"KIR3DL2","down",-0.0495841761666657,5.41658993083333,-0.673512376103021,0.51135105911124,0.74090464484516,TRUE,"down",TRUE,FALSE
"FBXO38","up",-0.0357769014166656,8.62452722770833,-0.673329759000587,0.511463825989066,0.740998927641733,TRUE,"down",FALSE,FALSE
"KCNE2","down",0.0428635155000006,6.08121122483333,0.673283183165266,0.511492589077353,0.741000242359365,TRUE,"up",FALSE,FALSE
"CYP39A1","up",0.0641033886666673,7.06103652608333,0.671306218443313,0.512714333423469,0.741911226569834,TRUE,"up",TRUE,FALSE
"BIN1","up",0.0442295458333339,10.9326587554167,0.669793415539775,0.513650367171296,0.742686448030371,TRUE,"up",TRUE,FALSE
"C9orf123","up",-0.0314067650000003,10.9305992216667,-0.669837057227705,0.51362335045888,0.742686448030371,TRUE,"down",FALSE,FALSE
"ZP3","up",0.0425109010833339,9.23362158554167,0.669651026027657,0.513738520157545,0.742736055198922,TRUE,"up",TRUE,FALSE
"SLC22A8","down",0.0530361128333338,5.41985313183333,0.668017310508086,0.514750573063893,0.743464492445434,TRUE,"up",FALSE,FALSE
"UTP11L","up",0.0665039945000011,10.240533135,0.66725479990989,0.515223325121803,0.743844399135056,TRUE,"up",TRUE,FALSE
"DEFB119","up",0.0353830842500006,5.36278857895833,0.666554907911297,0.515657473750816,0.744072470172027,TRUE,"up",TRUE,FALSE
"HMGCS1","up",0.0612771800000007,8.33796165216667,0.666581633055505,0.515640892068269,0.744072470172027,TRUE,"up",TRUE,FALSE
"TNK2","up",0.0245959116666665,9.59617203775,0.666502094901024,0.515690242616426,0.744072470172027,TRUE,"up",TRUE,FALSE
"SEC22A","up",0.024203974000001,9.07887614891667,0.665986761448881,0.516010054154137,0.744392237461225,TRUE,"up",TRUE,FALSE
"WDR36","up",-0.03518278775,9.012157427125,-0.665442782055605,0.516347766712247,0.744741113460658,TRUE,"down",FALSE,FALSE
"ZFAND6","up",0.0297268991666686,11.79619930125,0.6647820748655,0.516758116710145,0.745061537651249,TRUE,"up",TRUE,FALSE
"NEDD4L","down",-0.050816155916666,8.086748778875,-0.664633167243934,0.516850625638015,0.745155096502617,TRUE,"down",TRUE,FALSE
"SPTBN4","up",-0.0341035119166663,6.542509544375,-0.664184667061581,0.517129313988885,0.745453121979245,TRUE,"down",FALSE,FALSE
"ZNF569","up",-0.0444675881666672,7.37552508283333,-0.663522485817309,0.51754093668121,0.745838875031704,TRUE,"down",FALSE,FALSE
"TMPRSS11A","up",-0.0946917818333328,5.80534407216667,-0.663377753983214,0.517630929363717,0.745864785623698,TRUE,"down",FALSE,FALSE
"TSSK3","up",-0.03903537175,5.844589000375,-0.66332045653729,0.517666558771459,0.745881535550512,TRUE,"down",FALSE,FALSE
"TRIM48","down",0.0305319620833336,5.383046820375,0.662391258175498,0.518244560594848,0.746368249678012,TRUE,"up",FALSE,FALSE
"PPP1R14B","up",0.0511447883333342,12.4744106208333,0.662288414457853,0.518308556573672,0.746425448673122,TRUE,"up",TRUE,FALSE
"MRVI1","up",0.0800048700000013,12.4630387266667,0.66205576491382,0.518453342785818,0.746455784019705,TRUE,"up",TRUE,FALSE
"PIGO","up",0.0279333165000005,8.91320164025,0.66189478312596,0.518553541118143,0.746501836064813,TRUE,"up",TRUE,FALSE
"TMEM53","up",0.0358579190833344,8.966919450625,0.661636868290578,0.518714095650102,0.746620177059566,TRUE,"up",TRUE,FALSE
"CYBA","up",-0.0423299428333318,9.55189486941667,-0.660595456338393,0.519362674126875,0.746920715450986,TRUE,"down",FALSE,FALSE
"CCND3","down",0.0493204070833341,9.03225530054167,0.65872557753613,0.520528374283553,0.748062422910067,TRUE,"up",FALSE,FALSE
"BRWD1","up",0.0372888613333338,8.99926449758333,0.657404750250011,0.521352689765278,0.748935310974882,TRUE,"up",TRUE,FALSE
"ZMAT4","down",-0.0748152432499989,5.716258741875,-0.657345520096852,0.521389672156028,0.748935978587697,TRUE,"down",TRUE,FALSE
"METAP2","down",0.0345464125000013,13.16756546125,0.657022365200996,0.521591471404732,0.749139789196997,TRUE,"up",FALSE,FALSE
"CALD1","down",0.0899196508333354,13.7237854204167,0.655228590422226,0.522712431593266,0.750033155228456,TRUE,"up",FALSE,FALSE
"TNRC6B","down",-0.0265521939166642,9.98256845270833,-0.655365013924326,0.522627130105373,0.750033155228456,TRUE,"down",TRUE,FALSE
"CYP2F1","up",-0.034847103666666,5.73603431925,-0.653966151215252,0.523502172299594,0.750619594253369,TRUE,"down",FALSE,FALSE
"PCSK6","up",0.0385947891666674,5.859495751,0.653898953351685,0.523544228086509,0.750625025283228,TRUE,"up",TRUE,FALSE
"GPBP1","up",-0.0353473183333324,11.0881067491667,-0.653637009865383,0.523708183759292,0.75068785744193,TRUE,"down",FALSE,FALSE
"TMC5","down",0.0452140680000006,5.413390463,0.653261422297016,0.523943322426901,0.75091294540739,TRUE,"up",FALSE,FALSE
"KIAA1614","up",0.0310792000000004,7.53656208733333,0.651067351756819,0.525318129728242,0.751503077416675,TRUE,"up",TRUE,FALSE
"USP22","up",-0.0258581560833333,9.74943805404167,-0.649854208339528,0.526079163856009,0.752108759516606,TRUE,"down",FALSE,FALSE
"APEX2","up",-0.0370713055833323,9.849653288375,-0.649192517603851,0.526494521342552,0.752148862857738,TRUE,"down",FALSE,FALSE
"HIST1H1E","down",0.0754699091666671,10.72794492125,0.649411980300225,0.526356739333665,0.752148862857738,TRUE,"up",FALSE,FALSE
"FAM100A","down",-0.0469562732499993,9.00612881479167,-0.648293832716613,0.527058942139003,0.75272902333213,TRUE,"down",TRUE,FALSE
"VPS13A","down",0.0603135009166675,9.887950982625,0.647560415592667,0.527519819558998,0.753059626634989,TRUE,"up",FALSE,FALSE
"ATP6V1G3","down",-0.0376322601666661,5.27746722775,-0.646205979785577,0.528371541601772,0.753727506478986,TRUE,"down",TRUE,FALSE
"CD109","up",0.0768198249166679,10.258471816375,0.646199226974428,0.52837578997571,0.753727506478986,TRUE,"up",TRUE,FALSE
"CUEDC1","down",0.0524861666666677,9.36491007333333,0.645351287026118,0.528909404762205,0.754177092596542,TRUE,"up",FALSE,FALSE
"TAC4","down",0.0397595248333338,6.35289978725,0.645191803282759,0.529009802977473,0.754285636844532,TRUE,"up",FALSE,FALSE
"VAMP1","up",-0.0370127559166669,6.859313398875,-0.644524365750222,0.52943008480751,0.754620547586324,TRUE,"down",FALSE,FALSE
"ECE2","up",-0.0400988295833328,5.648677897125,-0.644337655954661,0.52954768862167,0.754652571182713,TRUE,"down",FALSE,FALSE
"NRD1","up",0.0318208958333346,11.54775685875,0.644432995731031,0.529487634651211,0.754652571182713,TRUE,"up",TRUE,FALSE
"PPIA","up",0.0397840225000029,15.25433106375,0.643097051044967,0.530329488032131,0.755162359751357,TRUE,"up",TRUE,FALSE
"NUCB1","down",0.0357211829166678,9.863647107625,0.641963150464436,0.531044612491382,0.755834281495682,TRUE,"up",FALSE,FALSE
"LSR","down",0.049185561166667,8.10416087691667,0.640658639417292,0.531868006828491,0.756596907260651,TRUE,"up",FALSE,FALSE
"ZDHHC8","down",-0.0307016836666653,9.66099345925,-0.640590334616123,0.53191113986991,0.756596907260651,TRUE,"down",TRUE,FALSE
"POLB","up",-0.0473275021666654,7.39113179166667,-0.640080536521698,0.532233128605402,0.756837394366701,TRUE,"down",FALSE,FALSE
"GABARAPL2","up",0.0308819475000022,13.2366204354167,0.639673068714756,0.532490564074053,0.757031146299576,TRUE,"up",TRUE,FALSE
"LILRA3","up",-0.0300237777499992,6.233256036625,-0.639347206237526,0.532696492067941,0.757207579752214,TRUE,"down",FALSE,FALSE
"NEO1","down",-0.0645256489166655,9.73146084529167,-0.639200359641656,0.532789306002918,0.757207579752214,TRUE,"down",TRUE,FALSE
"STAC3","down",-0.0310372911666657,6.19562097516667,-0.638581736273494,0.533180404472542,0.757451606061212,TRUE,"down",TRUE,FALSE
"OMP","up",0.0355595450000014,6.28994049725,0.637178000427012,0.534068453207125,0.758297156737881,TRUE,"up",TRUE,FALSE
"FAM70A","up",0.0846463855833332,8.63079348220833,0.63658094607426,0.534446419772248,0.758436443961989,TRUE,"up",TRUE,FALSE
"MRPS12","up",-0.0309900066666665,11.3732333475,-0.636642132154246,0.534407678914264,0.758436443961989,TRUE,"down",FALSE,FALSE
"SMYD5","up",-0.0575896050833316,9.47178752470833,-0.635785717952658,0.534950072814754,0.758890045313429,TRUE,"down",FALSE,FALSE
"DCBLD1","up",0.0548455105833333,6.89227585854167,0.633626362358712,0.536319024316438,0.759999303304618,TRUE,"up",TRUE,FALSE
"PARP6","up",-0.0309612650000004,10.628041925,-0.633495850964484,0.536401826253715,0.760081974888518,TRUE,"down",FALSE,FALSE
"MTNR1B","up",0.0354188051666663,5.2891043975,0.632758924989128,0.53686949686719,0.760282150052297,TRUE,"up",TRUE,FALSE
"PTBP1","up",0.0449415606666678,8.28757649475,0.631826578282866,0.537461511368394,0.760820231491515,TRUE,"up",TRUE,FALSE
"CTH","up",-0.0629139758333318,8.32461002458333,-0.630722892093526,0.538162791022795,0.761396696232596,TRUE,"down",FALSE,FALSE
"EPHA10","down",0.0320686627500004,6.09270608745833,0.630473432728182,0.538321367377454,0.761525202217808,TRUE,"up",FALSE,FALSE
"PAX2","up",0.0318756969166671,5.42760161979167,0.629817825487998,0.53873824762509,0.761728590771749,TRUE,"up",TRUE,FALSE
"C9orf11","down",-0.0502199852499997,5.589274660125,-0.629571735924223,0.53889477459342,0.761842564815925,TRUE,"down",TRUE,FALSE
"RAPGEF3","up",0.0484075177500005,9.252409672875,0.629262185409168,0.539091702191856,0.761925844514268,TRUE,"up",TRUE,FALSE
"LYST","down",-0.0461115610833328,10.0272564290417,-0.627833979622841,0.540000804835144,0.762538856927722,TRUE,"down",TRUE,FALSE
"GMPPB","down",-0.0354336934166654,7.74875836070833,-0.627571434923121,0.540168016092048,0.762636341149224,TRUE,"down",TRUE,FALSE
"RAC1","up",-0.0288686749999981,12.3118146541667,-0.627431648590336,0.540257055867997,0.762692741477983,TRUE,"down",FALSE,FALSE
"FNBP1","down",-0.0991694591666667,11.2573490404167,-0.625956943478671,0.541196894797932,0.76346453805327,TRUE,"down",TRUE,FALSE
"PSG3","up",0.0417834764166676,5.18010078429167,0.625962645007149,0.541193259436351,0.76346453805327,TRUE,"up",TRUE,FALSE
"TNIK","down",0.0616215351666671,7.20472659583333,0.625839546139766,0.541271751724347,0.763500811221124,TRUE,"up",FALSE,FALSE
"SOX30","down",0.0429887582500007,5.70809123304167,0.625141716676257,0.541716832034936,0.763747239211831,TRUE,"up",FALSE,FALSE
"CDC14A","down",-0.0231597006666655,6.01761492241667,-0.624968629202168,0.541827259695774,0.763771643326173,TRUE,"down",TRUE,FALSE
"COL11A2","down",0.0277054792500003,6.72483198454167,0.624883421364912,0.541881625808621,0.763771643326173,TRUE,"up",FALSE,FALSE
"TMEM66","up",0.0272060065,9.62643143766667,0.625066694358942,0.541764693814815,0.763771643326173,TRUE,"up",TRUE,FALSE
"DMBT1","down",-0.0452423025833328,5.546243471875,-0.624792429290377,0.541939685832031,0.763786750404698,TRUE,"down",TRUE,FALSE
"MZF1","up",-0.0315227279166675,9.407483671125,-0.624622738268871,0.542047971090231,0.763832499993697,TRUE,"down",FALSE,FALSE
"C9","down",0.033430630166667,5.40766403966667,0.624306289961648,0.54224993878896,0.763969544007307,TRUE,"up",FALSE,FALSE
"OCLN","up",-0.0427152510000001,6.28104513425,-0.624239627235555,0.542292490429492,0.763969544007307,TRUE,"down",FALSE,FALSE
"TSNARE1","down",0.0387072165833334,6.42359898254167,0.623825449594936,0.542556906448551,0.76416011936179,TRUE,"up",FALSE,FALSE
"XRN2","down",0.0370806886666674,9.33235539608333,0.623797045491207,0.542575042580101,0.76416011936179,TRUE,"up",FALSE,FALSE
"SCARF1","up",0.0566677789166678,8.95867321570833,0.622410882704587,0.543460519514312,0.76485212711064,TRUE,"up",TRUE,FALSE
"AURKB","up",0.0336397276666674,5.673031664,0.621742343031936,0.543887865443006,0.76504945314946,TRUE,"up",TRUE,FALSE
"ZSCAN2","up",-0.0248171825833321,6.408628957625,-0.621488191704034,0.544050373375333,0.765197048774142,TRUE,"down",FALSE,FALSE
"CBLL1","up",-0.0405691729999987,8.53566349666667,-0.621358944136278,0.544133026345602,0.765260555757965,TRUE,"down",FALSE,FALSE
"CYB561D2","up",-0.0419242318333335,9.33397617091667,-0.62108498382716,0.544308245026096,0.765261419395976,TRUE,"down",FALSE,FALSE
"TM2D3","up",-0.0391508116666659,11.3896702416667,-0.621031544833472,0.544342426991821,0.765261419395976,TRUE,"down",FALSE,FALSE
"THYN1","up",-0.0295154699999995,10.64533761,-0.620865649386786,0.544448548653629,0.765290549750424,TRUE,"down",FALSE,FALSE
"RASA2","down",0.0356057330000014,8.09148467616667,0.62066813589928,0.544574910910975,0.765345860591877,TRUE,"up",FALSE,FALSE
"GRK4","up",-0.0266403886666661,6.38331912858333,-0.620063772349496,0.544961661919554,0.765543142057253,TRUE,"down",FALSE,FALSE
"PRKCH","down",0.0556089978333353,10.3835701715833,0.619723270072766,0.545179626425253,0.765746472630662,TRUE,"up",FALSE,FALSE
"RFX2","down",0.114677406666667,9.742348844,0.619698291727853,0.545195617610958,0.765746472630662,TRUE,"up",FALSE,FALSE
"FLT4","up",0.0392258810000012,7.31884096958333,0.619604606690465,0.545255597254397,0.76578294693042,TRUE,"up",TRUE,FALSE
"ASCC1","up",-0.0313645964166662,8.884463649125,-0.61940760762882,0.545381733107974,0.765890861933064,TRUE,"down",FALSE,FALSE
"TNFRSF18","up",-0.0344809588333334,5.96264745558333,-0.619037890573974,0.545618501264549,0.766119484445392,TRUE,"down",FALSE,FALSE
"LPP","down",0.102568114166667,12.9558475920833,0.618061653108825,0.546243958680008,0.766720526001952,TRUE,"up",FALSE,FALSE
"BTD","up",-0.0310017838333334,8.03830256666667,-0.617809678957389,0.546405457775509,0.766808652906401,TRUE,"down",FALSE,FALSE
"ELF1","down",0.0477142348333355,8.29513563483333,0.617611842052834,0.546532276767399,0.766882717834024,TRUE,"up",FALSE,FALSE
"FOXF2","down",0.212466425416667,6.62782488520833,0.616855237195089,0.54701743060418,0.767286276802685,TRUE,"up",FALSE,FALSE
"BAG2","up",0.116663863333335,12.05076152,0.616310161423696,0.547367093016558,0.767499562915636,TRUE,"up",TRUE,FALSE
"CD99","up",-0.032114054166667,14.8882210645833,-0.615863022221137,0.547654021206317,0.767664141992838,TRUE,"down",FALSE,FALSE
"ECD","up",0.0304616508333349,10.0596379775833,0.615487983075034,0.547894746470937,0.767664141992838,TRUE,"up",TRUE,FALSE
"PEX19","up",0.0240142587500015,10.3337675164583,0.615622939475854,0.547808115733578,0.767664141992838,TRUE,"up",TRUE,FALSE
"APC2","down",0.0304821820833339,7.18622010945833,0.615005585564432,0.548204466696167,0.767911333026026,TRUE,"up",FALSE,FALSE
"ATP6V0A4","down",-0.0599741574999994,5.60205326441667,-0.612601449223442,0.549749454470682,0.76922281199044,TRUE,"down",TRUE,FALSE
"COPS4","up",-0.0207666633333315,11.99189341,-0.612263058589583,0.549967107637955,0.769303811916759,TRUE,"down",FALSE,FALSE
"LHFP","up",-0.0438829124999975,13.5605372779167,-0.612225597307099,0.549991205660298,0.769303811916759,TRUE,"down",FALSE,FALSE
"PSIP1","down",-0.0494424474999988,10.76842735875,-0.611973547660557,0.550153358656124,0.769323364543794,TRUE,"down",TRUE,FALSE
"SLC35C2","up",0.0329585937500007,9.306941252125,0.611721365062375,0.550315623284312,0.76944638647753,TRUE,"up",TRUE,FALSE
"MECR","up",0.0272567650833337,8.78155179670833,0.611231389021374,0.550630968583199,0.769741271913417,TRUE,"up",TRUE,FALSE
"GNA12","up",-0.0385083383333324,10.5200306741667,-0.610901934929071,0.550843058406798,0.769837426834707,TRUE,"down",FALSE,FALSE
"S100A11","up",-0.0574968208333321,11.9534420195833,-0.610434390438291,0.551144121902373,0.770015744413244,TRUE,"down",FALSE,FALSE
"HIST1H2BC","down",-0.0331351015833315,8.59885354120833,-0.609811467295499,0.551545376786556,0.770240525259783,TRUE,"down",TRUE,FALSE
"FXYD3","up",0.124750400833334,6.96312481658333,0.607997652408202,0.552714647608932,0.771376160718541,TRUE,"up",TRUE,FALSE
"TMEM25","up",-0.055434135833332,10.21745901425,-0.607878372588234,0.552791588198423,0.771376160718541,TRUE,"down",FALSE,FALSE
"SBF1","up",0.0443777853333348,9.83172279266667,0.607798032316407,0.552843414392002,0.771384012393385,TRUE,"up",TRUE,FALSE
"RPS5","up",-0.0273269516666664,13.6026314291667,-0.606271153119901,0.553828880692747,0.772325716269452,TRUE,"down",FALSE,FALSE
"GPBP1L1","up",-0.0305917333333324,10.2707237741667,-0.605858912927915,0.55409510876852,0.772332819830229,TRUE,"down",FALSE,FALSE
"MED18","up",-0.0473363108333332,7.21485083875,-0.606065095100148,0.553961945968526,0.772332819830229,TRUE,"down",FALSE,FALSE
"SH2D3C","down",0.0636163258333336,8.32165338941667,0.604742523259762,0.554816430536596,0.772731052469828,TRUE,"up",FALSE,FALSE
"PPT1","up",-0.0384338166666646,13.0288329883333,-0.604307193037963,0.555097843882671,0.772963850142567,TRUE,"down",FALSE,FALSE
"WDSUB1","up",-0.0294511137499994,9.25295818529167,-0.604162900445242,0.555191136927946,0.772963850142567,TRUE,"down",FALSE,FALSE
"GNA11","down",0.0468830899166687,9.37576199895833,0.603469526493247,0.555639559406338,0.773212692893156,TRUE,"up",FALSE,FALSE
"MED31","down",0.0295033265833345,9.44656172554167,0.603139982239788,0.555852752666446,0.773291100553025,TRUE,"up",FALSE,FALSE
"PAIP1","up",-0.0274310838333318,10.1384715784167,-0.60273405139614,0.556115423756511,0.773297172871551,TRUE,"down",FALSE,FALSE
"PLN","up",0.153240212500003,12.4288773745833,0.601332627329901,0.557022777201061,0.774087022370919,TRUE,"up",TRUE,FALSE
"KCNK17","up",-0.156997203333332,6.77662881816667,-0.600911166418143,0.557295808680127,0.77432792412954,TRUE,"down",FALSE,FALSE
"ANKRD12","down",0.033110537166668,10.1352765204167,0.600295605533591,0.557694711980872,0.7745012108103,TRUE,"up",FALSE,FALSE
"FGF11","up",0.0348654407499998,5.61440273345833,0.600463519576713,0.557585883002573,0.7745012108103,TRUE,"up",TRUE,FALSE
"TBCE","up",-0.0318546033333323,10.877615915,-0.600612328525132,0.557489446048615,0.7745012108103,TRUE,"down",FALSE,FALSE
"WDR60","down",-0.037816898083332,9.337608924375,-0.599239871064758,0.558379220129502,0.775017873644778,TRUE,"down",TRUE,FALSE
"CYP11B2","down",0.025918516583334,5.275065972375,0.598999318738183,0.558535250664099,0.775131055846836,TRUE,"up",FALSE,FALSE
"SPRY2","up",0.0827201240833344,10.6217618412917,0.597736242282305,0.55935491058655,0.775711335890891,TRUE,"up",TRUE,FALSE
"TRIM36","down",-0.053728340333332,6.92524684475,-0.597582302991554,0.559454852031808,0.775754905965154,TRUE,"down",TRUE,FALSE
"KCTD13","up",-0.0290021922499996,6.08478430245833,-0.596733974830227,0.560005781167163,0.776426738317169,TRUE,"down",FALSE,FALSE
"EIF2B4","up",-0.0249895867499997,9.98413371354167,-0.596464452481471,0.560180877837998,0.77648190117618,TRUE,"down",FALSE,FALSE
"SFRP2","up",-0.194600687083333,10.020646432875,-0.596562991201707,0.560116858209989,0.77648190117618,TRUE,"down",FALSE,FALSE
"SIX4","down",-0.0518284169166668,6.29004860570833,-0.596493299049468,0.560162136102564,0.77648190117618,TRUE,"down",TRUE,FALSE
"FAM54B","up",-0.0388409945000001,9.73232129583333,-0.59531638831773,0.560927053116362,0.776837466323391,TRUE,"down",FALSE,FALSE
"AOC2","down",0.0337503660000008,5.906505564,0.594446698483923,0.56149265577675,0.77730761043615,TRUE,"up",FALSE,FALSE
"DGKZ","up",-0.0672337577500005,8.54131818945833,-0.593569038048184,0.562063751708857,0.777491249916835,TRUE,"down",FALSE,FALSE
"ITM2A","up",-0.0962638558333336,13.1745930695833,-0.593289768077409,0.56224553858825,0.77758335968877,TRUE,"down",FALSE,FALSE
"MPDU1","up",0.0511712516666682,8.98995124608333,0.593165985500878,0.562326123185069,0.777596675549909,TRUE,"up",TRUE,FALSE
"PRAME","up",0.0313831316666669,5.352711926,0.592572389553835,0.562712650250452,0.777819630258555,TRUE,"up",TRUE,FALSE
"ASXL1","down",0.0303364978333346,10.1214271396667,0.59212002477714,0.563007308305542,0.777935269310937,TRUE,"up",FALSE,FALSE
"CTF1","down",-0.033142562833332,6.7079105095,-0.59187510239662,0.563166878451956,0.778054922260425,TRUE,"down",TRUE,FALSE
"USH1G","up",0.029478435083333,5.95750523995833,0.591581627107349,0.563358113272271,0.778176020645673,TRUE,"up",TRUE,FALSE
"MYLK","up",-0.192896344999999,16.0405646458333,-0.590670462726028,0.563952068524283,0.778358974564163,TRUE,"down",FALSE,FALSE
"TMPRSS9","up",-0.0431687437499999,5.61367762129167,-0.590649956956807,0.563965439340421,0.778358974564163,TRUE,"down",FALSE,FALSE
"ABCA2","up",0.0354997919166671,7.40957956779167,0.590266454965215,0.564215533519662,0.778537117621146,TRUE,"up",TRUE,FALSE
"CD2AP","down",0.0286942503333338,6.93432517708333,0.589403139783062,0.564778745925326,0.778941839226035,TRUE,"up",FALSE,FALSE
"CASD1","up",-0.031172282083332,7.84241972954167,-0.588777384910382,0.565187165136681,0.779125802800663,TRUE,"down",FALSE,FALSE
"RPL14","up",-0.0325251274999998,15.23140480625,-0.588777976198254,0.565186779139254,0.779125802800663,TRUE,"down",FALSE,FALSE
"BOLL","up",-0.0223837796666664,5.3055330455,-0.588678722807514,0.565251574508,0.779163657516314,TRUE,"down",FALSE,FALSE
"ARHGEF10","up",-0.023549155833332,10.5285834620833,-0.588261337965616,0.565524098198295,0.779306299084209,TRUE,"down",FALSE,FALSE
"PLP2","up",0.0495539900000021,12.1529430441667,0.586967208432717,0.566369520342442,0.779821586213514,TRUE,"up",TRUE,FALSE
"IGSF1","down",-0.0662727078333311,6.87672293416667,-0.586696975751709,0.566546141266468,0.779903357914717,TRUE,"down",TRUE,FALSE
"CD99L2","down",-0.0378218208333332,12.68483695125,-0.585897411010528,0.567068898763222,0.780343897383443,TRUE,"down",TRUE,FALSE
"SNX1","down",-0.0293115458333323,10.9323437995833,-0.585709806559287,0.567191592115932,0.780400174920349,TRUE,"down",TRUE,FALSE
"CSTA","up",-0.319693054916666,10.723332993875,-0.585394520202958,0.567397821191992,0.78041425408846,TRUE,"down",FALSE,FALSE
"RPL41","up",-0.0605831099999977,17.19039077,-0.58538697753304,0.567402755346048,0.78041425408846,TRUE,"down",FALSE,FALSE
"MLLT6","down",0.0313555564166674,9.354818680125,0.584443528852965,0.56802010631283,0.780917691400922,TRUE,"up",FALSE,FALSE
"MMP27","up",-0.0698833106666657,5.72286231475,-0.584278791840751,0.568127939403179,0.78093533666773,TRUE,"down",FALSE,FALSE
"TRPV4","up",0.0380101457500008,5.90192641245833,0.584305943543511,0.568110165771359,0.78093533666773,TRUE,"up",TRUE,FALSE
"AVPR2","up",-0.0431182407499997,7.816186281375,-0.583126150241172,0.568882735636912,0.781182256218287,TRUE,"down",FALSE,FALSE
"ADARB2","up",-0.0597813581666662,6.05302330241667,-0.582395067541119,0.569361753006691,0.781482833705447,TRUE,"down",FALSE,FALSE
"TNFRSF19","up",0.0498744603333328,6.526850036,0.582421406941309,0.569344491296714,0.781482833705447,TRUE,"up",TRUE,FALSE
"EPN2","up",-0.0416134249999971,13.2851058783333,-0.581000334605005,0.570276196103393,0.782288727443584,TRUE,"down",FALSE,FALSE
"ANKRD7","down",0.0341128064166669,5.49682124029167,0.580684791051359,0.570483186687948,0.782529262522473,TRUE,"up",FALSE,FALSE
"PHC2","up",0.0245675733333351,11.5526912041667,0.580656249786651,0.570501911171524,0.782529262522473,TRUE,"up",TRUE,FALSE
"RASGRF1","up",-0.0228847109999986,5.74051621591667,-0.580605697962314,0.570535076468624,0.782540209059464,TRUE,"down",FALSE,FALSE
"SLC12A5","up",0.0338944665833332,5.37086040154167,0.580085669567332,0.570876308106917,0.78280091109877,TRUE,"up",TRUE,FALSE
"IDUA","up",-0.0417408782499997,8.57810068154167,-0.579974797050694,0.570949074228159,0.782835497749274,TRUE,"down",FALSE,FALSE
"GTF3C5","up",-0.0250935641666656,11.1984944354167,-0.579587938090232,0.571203009772805,0.783041556501394,TRUE,"down",FALSE,FALSE
"HOXC12","up",0.0313819048333342,5.30452404341667,0.578964012811839,0.571612681865841,0.783499459655715,TRUE,"up",TRUE,FALSE
"NANS","down",0.0450256950833354,9.75213743554167,0.578133994959477,0.572157915073605,0.783866434619358,TRUE,"up",FALSE,FALSE
"AMELY","up",-0.0221213375833332,5.31937251520833,-0.577758219996755,0.572404849133891,0.783997331935478,TRUE,"down",FALSE,FALSE
"MAGEA10","down",0.0257108760000005,5.23586240416667,0.576491680870659,0.57323754629761,0.78475732645545,TRUE,"up",FALSE,FALSE
"FOLR3","up",0.0399170318333337,5.87537182,0.576324332373748,0.573347618606448,0.784873434017955,TRUE,"up",TRUE,FALSE
"AKAP14","down",-0.0287801871666661,5.48401832008333,-0.576132356848393,0.573473902843082,0.784878278297021,TRUE,"down",TRUE,FALSE
"SRF","down",0.0791256633333331,12.0876593525,0.575986305554237,0.573569987248569,0.784878278297021,TRUE,"up",FALSE,FALSE
"CASC1","down",-0.0488364449166664,5.96773957270833,-0.575050399546049,0.574185902808789,0.785172118883662,TRUE,"down",TRUE,FALSE
"NQO1","up",0.0343262637500005,6.56530006020833,0.574434266065481,0.574591566785978,0.785503504913278,TRUE,"up",TRUE,FALSE
"OXGR1","up",0.0492366434166671,6.487825520875,0.573544923148296,0.575177377404647,0.785751218760923,TRUE,"up",TRUE,FALSE
"ART4","up",-0.0682971840833336,6.67127273679167,-0.573190148005556,0.575411155202999,0.785906915957664,TRUE,"down",FALSE,FALSE
"IPO13","up",-0.0523553243333319,8.52729679866667,-0.573108623215132,0.575464882695817,0.785936654877782,TRUE,"down",FALSE,FALSE
"ZFYVE28","up",0.0345890575833344,8.54509564920833,0.572351473302208,0.575963994547264,0.786341809331367,TRUE,"up",TRUE,FALSE
"PROZ","down",-0.0338497710833324,5.271426711875,-0.572032000998861,0.576174658002162,0.786473131912613,TRUE,"down",TRUE,FALSE
"DUSP13","up",-0.0388835358333331,5.7947730655,-0.571076540958809,0.576804938845779,0.786833043279306,TRUE,"down",FALSE,FALSE
"KIAA0284","down",0.0451092616666673,11.9765440908333,0.569343992765727,0.577948752937365,0.787563531763433,TRUE,"up",FALSE,FALSE
"CELSR1","down",0.0636696728333331,8.53286121175,0.56927797709926,0.577992359309253,0.787588413299001,TRUE,"up",FALSE,FALSE
"BCAP31","up",0.0296312891666674,12.76904751125,0.568592444346441,0.578445286417733,0.787662842631439,TRUE,"up",TRUE,FALSE
"FAU","up",-0.027875769999999,15.8337582108333,-0.568333958876317,0.57861611408606,0.787747443231917,TRUE,"down",FALSE,FALSE
"SCUBE1","down",0.0364565523333339,5.61950689816667,0.567904021989702,0.57890030858435,0.787961730696203,TRUE,"up",FALSE,FALSE
"CEACAM19","up",0.0343630735000007,10.0667997841667,0.566248237778562,0.579995483887536,0.78869232714895,TRUE,"up",TRUE,FALSE
"PTCHD1","down",-0.185876866916666,9.94654721079167,-0.566169778589969,0.580047405364539,0.788693898979825,TRUE,"down",TRUE,FALSE
"LCE1C","down",0.0406931583333347,12.1975689733333,0.565246354358037,0.580658675712819,0.789317804346343,TRUE,"up",FALSE,FALSE
"UNC93B1","up",0.0286391590833337,8.06855319404167,0.564815921932787,0.580943719112508,0.789532574039446,TRUE,"up",TRUE,FALSE
"FGFR2","up",-0.103068109666666,8.25431936775,-0.564701416499456,0.581019559765075,0.789583802253581,TRUE,"down",FALSE,FALSE
"MS4A5","up",-0.0355420292499997,5.730540358375,-0.564639780771876,0.581060385226181,0.789587027925226,TRUE,"down",FALSE,FALSE
"MICAL1","up",0.0351866578333347,10.78892159525,0.564420452507275,0.58120567305166,0.78961228949592,TRUE,"up",TRUE,FALSE
"SEC61G","up",0.0353907150000007,11.5842945275,0.564447549783624,0.581187722205604,0.78961228949592,TRUE,"up",TRUE,FALSE
"BMP2K","up",0.0312925844166668,8.12681832454167,0.564109517365467,0.581411675529323,0.789714389553647,TRUE,"up",TRUE,FALSE
"PPFIBP2","down",-0.036310483083333,8.69274105604167,-0.56407685245987,0.581433319059564,0.789714389553647,TRUE,"down",TRUE,FALSE
"TMEM41B","up",-0.0294364921666664,9.31666031958333,-0.563398028627758,0.58188319726307,0.790153684342918,TRUE,"down",FALSE,FALSE
"PTPRR","up",0.0806841713333339,5.9875818985,0.563074710385024,0.582097533907148,0.790236568226271,TRUE,"up",TRUE,FALSE
"CCDC27","up",0.0259626150833328,5.424568820125,0.562928546073962,0.582194443696489,0.790248787986229,TRUE,"up",TRUE,FALSE
"KIAA1598","up",-0.0676235682499993,9.04377451695833,-0.56219577523263,0.582680410839562,0.790509790228654,TRUE,"down",FALSE,FALSE
"DKK1","up",0.332675404,8.72714304516667,0.56171901188897,0.58299670863659,0.790731753055836,TRUE,"up",TRUE,FALSE
"TAGAP","up",0.0809565474166687,7.63715688729167,0.561156070599181,0.583370293404446,0.790893222071772,TRUE,"up",TRUE,FALSE
"RTF1","down",-0.0229327963333314,9.22890680108333,-0.560999294804975,0.583474356536477,0.790935161393228,TRUE,"down",TRUE,FALSE
"ESCO2","up",-0.035953844583333,5.342158795125,-0.560522663663066,0.583790789020581,0.791139715002101,TRUE,"down",FALSE,FALSE
"APH1A","down",0.0306530878333352,8.47975123941667,0.560171929431271,0.584023695855236,0.79126485292725,TRUE,"up",FALSE,FALSE
"BAZ1A","down",0.0439366008333341,8.64387690458333,0.559289689579506,0.584609763465779,0.791532164296139,TRUE,"up",FALSE,FALSE
"CHMP6","up",0.0218863246666664,8.17996974925,0.5590799628304,0.584749128482412,0.791532164296139,TRUE,"up",TRUE,FALSE
"IFIT1","up",-0.0408504308333335,11.9700031504167,-0.558855012596675,0.584898628638254,0.791532164296139,TRUE,"down",FALSE,FALSE
"KIAA1919","up",-0.0263134182499992,7.221746256375,-0.559136961105481,0.584711251002663,0.791532164296139,TRUE,"down",FALSE,FALSE
"PDP2","up",-0.0319713202499994,6.736519751875,-0.558835651687657,0.584911496665926,0.791532164296139,TRUE,"down",FALSE,FALSE
"MAP4K3","down",0.0306121520833327,7.081182240375,0.557512855154902,0.585791024731455,0.79213590044633,TRUE,"up",FALSE,FALSE
"GATA3","down",0.094057016583334,6.266300774375,0.557024791617449,0.586115710068581,0.79223410755225,TRUE,"up",FALSE,FALSE
"SF1","up",-0.0207801874999999,11.4955056220833,-0.556954984428673,0.586162157011842,0.79223410755225,TRUE,"down",FALSE,FALSE
"SNX25","up",-0.0360359761666652,8.09513830925,-0.556760220051073,0.586291755525605,0.792261893708849,TRUE,"down",FALSE,FALSE
"AP3S2","down",-0.0320973054166648,9.96195023270833,-0.556150698659371,0.586697433332011,0.792430456356977,TRUE,"down",TRUE,FALSE
"RUNX2","up",0.0294245305000008,6.04120535475,0.556155443071853,0.586694275047517,0.792430456356977,TRUE,"up",TRUE,FALSE
"MRPS22","up",0.0227737025000011,10.7785152645833,0.555502382587473,0.587129089709336,0.792463753084814,TRUE,"up",TRUE,FALSE
"NUDT15","up",-0.0331454896666654,7.31079083516667,-0.554244572717824,0.587967018465378,0.793283160996797,TRUE,"down",FALSE,FALSE
"SUMF2","down",-0.0254071889999991,9.74168362316667,-0.553836214486567,0.58823919052185,0.793488589398207,TRUE,"down",TRUE,FALSE
"IGFBP3","up",-0.0886188491666646,12.6201488695833,-0.553619564398262,0.588383614674863,0.793578399610103,TRUE,"down",FALSE,FALSE
"IL25","down",-0.030648358833333,5.44152485141667,-0.552978082553321,0.588811348267728,0.793773359019483,TRUE,"down",TRUE,FALSE
"FAM19A3","up",0.0287656076666673,5.44232740708333,0.552093847365465,0.589401207882971,0.794363353810632,TRUE,"up",TRUE,FALSE
"CREG1","up",-0.0315604399999987,11.4420332025,-0.551890471287898,0.589536919609547,0.794366485954374,TRUE,"down",FALSE,FALSE
"ADH1A","up",0.130070073,9.92867866991667,0.55158820264138,0.589738651280942,0.794372405522633,TRUE,"up",TRUE,FALSE
"E2F7","down",0.0410151039166676,5.69626497970833,0.551539133967215,0.589771402645521,0.794372405522633,TRUE,"up",FALSE,FALSE
"TMED9","up",0.0234777058333326,10.7972427670833,0.550064279729661,0.590756241630946,0.795266969623742,TRUE,"up",TRUE,FALSE
"SLC39A6","up",-0.0231666252499993,8.666517413875,-0.549784634251827,0.590943070350823,0.795360327814685,TRUE,"down",FALSE,FALSE
"TRIP11","down",0.0240896144166683,10.0516749532083,0.547797918464628,0.592271243837035,0.796218934202342,TRUE,"up",FALSE,FALSE
"C11orf48","down",-0.0279077133333324,11.149630555,-0.547222485491025,0.592656219628973,0.796497147764336,TRUE,"down",TRUE,FALSE
"PGAP1","up",0.0354114745833347,7.14099514804167,0.546902443777394,0.592870388717128,0.796564325512231,TRUE,"up",TRUE,FALSE
"FBXW9","down",-0.0267919986666659,7.761937399,-0.546377061110633,0.593222055336468,0.796844012770826,TRUE,"down",TRUE,FALSE
"SCGB1C1","down",-0.030046868,5.41656871975,-0.545741929392278,0.593647324112775,0.797242929283491,TRUE,"down",TRUE,FALSE
"OLIG1","down",0.029536752,5.90454843741667,0.545512219280046,0.59380117048066,0.797318018085918,TRUE,"up",FALSE,FALSE
"KCND3","down",0.031187901666667,5.88394684275,0.544314995913176,0.594603327487289,0.79787159231668,TRUE,"up",FALSE,FALSE
"C16orf46","up",-0.0306342401666663,5.19948152275,-0.543477904519439,0.595164516491918,0.798160571155637,TRUE,"down",FALSE,FALSE
"DLL1","up",0.104117188166668,9.57470437341667,0.543597691456447,0.59508419449116,0.798160571155637,TRUE,"up",TRUE,FALSE
"INTS12","up",0.0260522339166669,9.200664971875,0.542732201896217,0.595664663597136,0.798526290534882,TRUE,"up",TRUE,FALSE
"SCGB3A2","up",0.0333489559166681,8.887322157875,0.540964050301094,0.596851421098002,0.799334828514164,TRUE,"up",TRUE,FALSE
"CACNA1C","up",-0.0592049908333314,10.27281297525,-0.540631174197253,0.597074975933227,0.799424320024035,TRUE,"down",FALSE,FALSE
"AKR1C4","up",0.0289177543333337,5.43080119616667,0.54013452576872,0.597408596339195,0.799613739388889,TRUE,"up",TRUE,FALSE
"SYN3","down",-0.0310016505833326,5.62110300379167,-0.539198676857858,0.598037501851479,0.799991947098269,TRUE,"down",TRUE,FALSE
"HMBOX1","down",-0.0272974949999977,12.5713101058333,-0.538883059059683,0.598249677161153,0.800138342318842,TRUE,"down",TRUE,FALSE
"BRD3","down",-0.0232327161666654,10.0919971033333,-0.538639801144381,0.598413234078984,0.800322644914656,TRUE,"down",TRUE,FALSE
"MAP2K1","down",-0.0260775274999977,10.9079350254167,-0.538206737950128,0.598704464108418,0.800574304289571,TRUE,"down",TRUE,FALSE
"MTHFD2","up",0.0599436340833341,10.6110293095417,0.537686079656142,0.599054695079156,0.800794244625448,TRUE,"up",TRUE,FALSE
"NODAL","up",0.0448840111666669,5.68685631675,0.53765571620483,0.599075122821786,0.800794244625448,TRUE,"up",TRUE,FALSE
"CCL23","up",-0.0953124979166669,8.53878563154167,-0.537484846626159,0.599190085964429,0.800844560869182,TRUE,"down",FALSE,FALSE
"RABL5","up",-0.0255607641666657,10.6807488104167,-0.537503033795253,0.599177848887984,0.800844560869182,TRUE,"down",FALSE,FALSE
"THEG","up",-0.0306148623333326,5.86179516133333,-0.537295956902873,0.599317186166811,0.800862564097752,TRUE,"down",FALSE,FALSE
"CD34","up",0.0402131841666671,11.3274294420833,0.536105811596703,0.600118322705856,0.80135947663143,TRUE,"up",TRUE,FALSE
"PPP2R2A","up",-0.0217740083333332,10.9799950658333,-0.536008299394649,0.60018398602435,0.801363945525347,TRUE,"down",FALSE,FALSE
"NPTXR","up",0.0278042576666671,7.40567248958333,0.535635802609328,0.600434853153395,0.801611745174112,TRUE,"up",TRUE,FALSE
"CD84","up",-0.0354227947499997,6.63943768304167,-0.53510247651625,0.600794126133698,0.801850224957101,TRUE,"down",FALSE,FALSE
"COL17A1","up",0.0750661902500004,5.961078003625,0.535040029738799,0.600836200190151,0.801871935929404,TRUE,"up",TRUE,FALSE
"CACNG1","down",0.0319175749166669,5.900236103625,0.533901991438828,0.601603221515651,0.802378645273396,TRUE,"up",FALSE,FALSE
"EVI5L","down",0.0324838625833335,7.76531231654167,0.533929097501609,0.601584946734218,0.802378645273396,TRUE,"up",FALSE,FALSE
"LMBR1","up",0.023879505750001,8.72953933520833,0.533786133346026,0.601681335629827,0.802388780625858,TRUE,"up",TRUE,FALSE
"COASY","down",-0.0211972899999998,10.510904315,-0.533164011830916,0.602100870498692,0.802658553995451,TRUE,"down",TRUE,FALSE
"CPNE2","down",-0.0291623639166653,9.829714624625,-0.532353005632038,0.602648001158704,0.802889265267373,TRUE,"down",TRUE,FALSE
"IQCE","down",-0.0321733397499989,9.662326029625,-0.531983886834134,0.602897102574037,0.803070209250245,TRUE,"down",TRUE,FALSE
"TLR4","down",0.0386820700000012,8.34603630566667,0.531702351497399,0.603087132414513,0.80322003336407,TRUE,"up",FALSE,FALSE
"FLYWCH1","up",0.0242442491666674,8.79275713475,0.531235450166051,0.603402345801273,0.803364370928836,TRUE,"up",TRUE,FALSE
"DYRK1A","up",-0.0198883626666652,9.02536429333333,-0.529890637207828,0.604310711213758,0.803852366796463,TRUE,"down",FALSE,FALSE
"SPG21","up",-0.025820039999998,12.35212911,-0.529712692422165,0.604430956466643,0.803852366796463,TRUE,"down",FALSE,FALSE
"LRRC3B","down",-0.0713119675833326,5.87480945195833,-0.529072784851622,0.604863468911093,0.804201106606125,TRUE,"down",TRUE,FALSE
"RASGRP4","up",0.0288577259166668,6.70049621729167,0.528732545584813,0.605093498644054,0.804360351396459,TRUE,"up",TRUE,FALSE
"PHF1","up",0.0261208847500008,10.1094022330417,0.528321492151084,0.605371462504549,0.804479440154909,TRUE,"up",TRUE,FALSE
"KIAA0494","down",0.0304978058333349,12.0544459770833,0.527847929908777,0.60569177480647,0.80472291558501,TRUE,"up",FALSE,FALSE
"S100A13","down",-0.0324242866666658,13.6833698833333,-0.527143016679385,0.60616872600937,0.805115613172743,TRUE,"down",TRUE,FALSE
"DNAI2","up",0.03051328425,5.480690192125,0.524971074633981,0.607639452241892,0.806165560999058,TRUE,"up",TRUE,FALSE
"PIP5K1A","up",0.0244655763333335,8.71913102983333,0.524682882194696,0.607834733638737,0.806278789731043,TRUE,"up",TRUE,FALSE
"ADH1C","up",0.136635432666668,10.9418553674167,0.524306678372931,0.608089698861302,0.806460502924512,TRUE,"up",TRUE,FALSE
"CYP2C8","up",-0.0272115826666654,5.32021843908333,-0.523657777808434,0.608529603343652,0.80672376627884,TRUE,"down",FALSE,FALSE
"SLC6A19","down",-0.0719220415833328,8.75726603054167,-0.522408057277582,0.60937725945552,0.807065777494647,TRUE,"down",TRUE,FALSE
"MTMR2","up",0.0363642312500016,9.28757242504167,0.519787865618964,0.611156359526994,0.808353924877523,TRUE,"up",TRUE,FALSE
"MRPL49","up",-0.025033367916666,10.0196000024583,-0.519574945611594,0.61130104336791,0.808442052331462,TRUE,"down",FALSE,FALSE
"NUDCD1","up",0.0261020021666667,9.47618218233333,0.519366356941162,0.611442800268772,0.80852770984963,TRUE,"up",TRUE,FALSE
"KIAA0513","down",-0.038762781666666,10.9444779816667,-0.519205720148571,0.611551980056446,0.808567427952592,TRUE,"down",TRUE,FALSE
"MYH9","down",0.0321844650000003,13.3595480525,0.519117018662117,0.611612271771748,0.808574167657681,TRUE,"up",FALSE,FALSE
"SCGB1A1","up",0.0241892389166673,7.274197006625,0.519075395590882,0.611640564595319,0.808574167657681,TRUE,"up",TRUE,FALSE
"LIMK1","down",0.0559897730000004,8.84933739308333,0.51885679639001,0.611789165528437,0.808605765932179,TRUE,"up",FALSE,FALSE
"SCNN1D","down",0.0253067449166683,7.37474458354167,0.517825667761776,0.612490352120992,0.809119519625163,TRUE,"up",FALSE,FALSE
"ANGPTL7","up",0.173245709666668,9.369429807,0.516685682624612,0.613266020905135,0.809731092574868,TRUE,"up",TRUE,FALSE
"FAM111B","down",0.0394805950000004,5.46270605541667,0.516569443656988,0.613345139212374,0.80976682063627,TRUE,"up",FALSE,FALSE
"ARHGEF11","down",-0.020593742916665,7.45947747370833,-0.516170713718434,0.613616573525753,0.809876087908423,TRUE,"down",TRUE,FALSE
"PFDN5","up",0.0378560641666672,14.1721818729167,0.516190791853419,0.613602903987038,0.809876087908423,TRUE,"up",TRUE,FALSE
"SLC18A1","up",-0.0317307972499997,5.42253542354167,-0.515994582159131,0.613736493290049,0.809939278806898,TRUE,"down",FALSE,FALSE
"MGST2","up",0.0454019058333345,11.8160362845833,0.515791233039852,0.61387495845928,0.809984403127383,TRUE,"up",TRUE,FALSE
"PQBP1","down",0.0204177933333341,10.65567867,0.515416293311386,0.61413030367748,0.810114913855515,TRUE,"up",FALSE,FALSE
"RPS6KA1","up",-0.0256224185833332,7.419550926875,-0.514321173496965,0.614876409882628,0.810571691660966,TRUE,"down",FALSE,FALSE
"CHD6","down",-0.0249660972499974,9.92867002945833,-0.514193068885003,0.614963716541157,0.810590182507177,TRUE,"down",TRUE,FALSE
"IDI2","up",0.0374945052500001,5.73255085170833,0.514114825147771,0.615017044675543,0.810596378034294,TRUE,"up",TRUE,FALSE
"NUDT22","up",0.0274953308333338,10.7305744745833,0.512556642370597,0.616079515340071,0.811514803537525,TRUE,"up",TRUE,FALSE
"IGF1","down",0.074699560000001,13.0954603408333,0.510998351673277,0.617142951528313,0.812226938450919,TRUE,"up",FALSE,FALSE
"ALG6","up",-0.031722191499998,8.89327037633333,-0.510743265067202,0.617317117052069,0.81242174760872,TRUE,"down",FALSE,FALSE
"CLDN15","up",-0.0320843616666659,7.184726553,-0.510678062798918,0.617361639041966,0.812445929791706,TRUE,"down",FALSE,FALSE
"GNE","down",0.0225624425000008,11.7452538579167,0.509885369374453,0.617903037525192,0.812779746930097,TRUE,"up",FALSE,FALSE
"ITM2B","up",-0.0293825283333325,12.896381715,-0.509769290954054,0.617982336767769,0.812802089503771,TRUE,"down",FALSE,FALSE
"VAMP5","down",0.0240148083333341,11.3322806066667,0.507528083780109,0.619514388407475,0.813487346346494,TRUE,"up",FALSE,FALSE
"HPX","up",0.0285851510833337,6.24709998079167,0.507411086936903,0.619594415865282,0.81355804977037,TRUE,"up",TRUE,FALSE
"DMRTC2","up",0.0302709407500004,5.25703950579167,0.506546858550269,0.620185714638672,0.814059248278676,TRUE,"up",TRUE,FALSE
"SLC22A6","up",0.0376131995000004,5.40999899933333,0.50641924443718,0.620273050352,0.814111563378957,TRUE,"up",TRUE,FALSE
"LENEP","down",-0.0322980007499998,5.53659157329167,-0.506141076882595,0.620463441404059,0.814114270989693,TRUE,"down",TRUE,FALSE
"TMUB1","down",0.0259511376666675,10.1342403636667,0.505952973329272,0.620592204356541,0.814145702924485,TRUE,"up",FALSE,FALSE
"B4GALT3","up",0.0296715525000017,10.4274526270833,0.505860429314595,0.620655558448798,0.81419444026518,TRUE,"up",TRUE,FALSE
"TRPM7","down",-0.0325603243333332,8.44527110208333,-0.504655185759317,0.621480932657572,0.81476843525844,TRUE,"down",TRUE,FALSE
"CTBP2","up",-0.0360806408333324,12.8972106204167,-0.504285598089113,0.621734139272073,0.814921250968609,TRUE,"down",FALSE,FALSE
"KLF8","up",0.0332265050000019,9.96329340841667,0.50418932100671,0.62180010739508,0.814960914054585,TRUE,"up",TRUE,FALSE
"RBM6","down",-0.0337887171666661,9.51625859333333,-0.502551541594437,0.622922813284228,0.815674989819872,TRUE,"down",TRUE,FALSE
"MCF2L2","up",0.024676980583334,5.275936720125,0.502294372359428,0.62309919241083,0.815781321644516,TRUE,"up",TRUE,FALSE
"AKR1B1","up",0.0345877300000003,10.9742884566667,0.502025382788376,0.623283704128445,0.815954129120668,TRUE,"up",TRUE,FALSE
"MPPE1","up",-0.0188254513333325,9.62045868683333,-0.501761440655345,0.623464779052493,0.816044011888574,TRUE,"down",FALSE,FALSE
"NPC1L1","up",-0.021318575,6.84408208275,-0.501666654907011,0.623529812043772,0.816055257655135,TRUE,"down",FALSE,FALSE
"ACTR6","up",0.0255632689999996,9.42351231916667,0.500085983672887,0.624614797610125,0.816733486019369,TRUE,"up",TRUE,FALSE
"WDR52","down",-0.0287353507499994,6.82696821920833,-0.499407801960466,0.625080583737652,0.81702350342509,TRUE,"down",TRUE,FALSE
"ZDHHC15","up",-0.0257245579999992,6.41179760033333,-0.497955830519056,0.626078378792945,0.817485652132799,TRUE,"down",FALSE,FALSE
"RABGAP1","down",0.0281592434166678,9.78849700195833,0.497091760424011,0.626672528254395,0.817634116850789,TRUE,"up",FALSE,FALSE
"SIL1","up",0.0332350049999995,11.2099190475,0.496708986077487,0.626935816302092,0.817909463162388,TRUE,"up",TRUE,FALSE
"PLA2G10","up",-0.0313374191666664,5.57380271875,-0.496138729150253,0.627328160278018,0.818112171416041,TRUE,"down",FALSE,FALSE
"CXCL6","up",-0.0585498008333325,5.79386015383333,-0.496033461234366,0.627400598705091,0.818137963864554,TRUE,"down",FALSE,FALSE
"FAM83A","down",0.0309636390833341,5.629678902125,0.49603926327264,0.627396606021956,0.818137963864554,TRUE,"up",FALSE,FALSE
"GFAP","down",-0.0255788113333336,6.98236371,-0.494343745066476,0.628563893821417,0.819173614160686,TRUE,"down",TRUE,FALSE
"SAMM50","up",0.0174877600000002,10.6899449633333,0.493451615754937,0.62917849817152,0.819596457266821,TRUE,"up",TRUE,FALSE
"PHF21B","up",0.0838093867500014,8.91427297154167,0.493136701970111,0.629395516092519,0.819761644089038,TRUE,"up",TRUE,FALSE
"TMEM14C","up",-0.0165578991666654,13.7480235279167,-0.493037912235134,0.629463602803822,0.819761644089038,TRUE,"down",FALSE,FALSE
"C20orf152","up",-0.029524871166666,5.28055285125,-0.490872872226778,0.630956641673318,0.820936141695848,TRUE,"down",FALSE,FALSE
"G6PC3","up",-0.0305953422499985,8.43937676654167,-0.490787259323575,0.631015715777781,0.820936141695848,TRUE,"down",FALSE,FALSE
"C17orf79","up",-0.0267374366666642,12.939152235,-0.490688967041993,0.631083542051726,0.820942301709421,TRUE,"down",FALSE,FALSE
"MKKS","up",-0.0181651800000002,10.47744333,-0.490602981030257,0.631142879246229,0.820961394483764,TRUE,"down",FALSE,FALSE
"PCDHGB6","up",0.0225466863333339,6.05447412025,0.490591123962713,0.631151061773563,0.820961394483764,TRUE,"up",TRUE,FALSE
"PYGO1","down",-0.0279337402499996,8.175259183875,-0.490064300482894,0.631514671635964,0.821055718227969,TRUE,"down",TRUE,FALSE
"DEFB1","up",-0.166243212333333,8.00848402216667,-0.489800823008355,0.631696559000226,0.821187660987194,TRUE,"down",FALSE,FALSE
"MFNG","down",-0.0477747725000008,10.7488089795833,-0.489252198594489,0.632075372141816,0.821338489594785,TRUE,"down",TRUE,FALSE
"ZNF521","up",0.0602970995833328,10.309720117625,0.486795015050522,0.633773315259225,0.82244422200696,TRUE,"up",TRUE,FALSE
"BUB1","up",-0.0388385378333333,5.72429441266667,-0.486725083477792,0.633821670148159,0.822466515923709,TRUE,"down",FALSE,FALSE
"NDUFB5","up",-0.0217470459999986,9.55644413633333,-0.486688456562065,0.633846996888452,0.822466515923709,TRUE,"down",FALSE,FALSE
"RTN4","up",0.026707155833335,12.35980362875,0.486464264623533,0.634002031243349,0.82260360425895,TRUE,"up",TRUE,FALSE
"AFMID","down",0.0277520506666672,6.84929198066667,0.485841132302955,0.634433036345337,0.822887932264247,TRUE,"up",FALSE,FALSE
"NR2C2","down",-0.0232032935833332,9.23140186995833,-0.484499182821846,0.635361695624094,0.823645484018183,TRUE,"down",TRUE,FALSE
"BET3L","down",-0.0311886707499991,5.831672690125,-0.483274509559587,0.636209752002259,0.824229044955562,TRUE,"down",TRUE,FALSE
"ABI1","down",0.0264694555000009,10.03598528875,0.482863868593207,0.63649422923081,0.824460092156901,TRUE,"up",FALSE,FALSE
"CHMP5","up",-0.0469222408333323,11.09752703625,-0.482768446431422,0.636560342762399,0.824478555460873,TRUE,"down",FALSE,FALSE
"HPR","up",0.0306583433333342,6.150637723,0.482208894454986,0.636948094542726,0.824801432700869,TRUE,"up",TRUE,FALSE
"KIAA1109","up",0.0224588241666671,9.90029863133333,0.482134014494388,0.636999992340747,0.824801432700869,TRUE,"up",TRUE,FALSE
"RIC8A","up",-0.0233460316666649,13.0104037483333,-0.481717575400304,0.637288653903297,0.825006949029268,TRUE,"down",FALSE,FALSE
"SNRPF","up",-0.0266007283333315,12.1453221275,-0.481633269307956,0.637347099471035,0.825006949029268,TRUE,"down",FALSE,FALSE
"EXOC8","up",-0.0273878494166663,9.57265989929167,-0.481511247339426,0.637431696160211,0.825055305469053,TRUE,"down",FALSE,FALSE
"OPHN1","down",0.0252111630833332,7.08775624679167,0.480094569884503,0.638414248208626,0.825707938742025,TRUE,"up",FALSE,FALSE
"SMOX","up",-0.0420328834999985,9.16136206133333,-0.479905082081953,0.638545722937083,0.825809235956923,TRUE,"down",FALSE,FALSE
"RPL39","up",-0.0240651216666654,15.62515196,-0.479378277824756,0.638911308365763,0.826041367017891,TRUE,"down",FALSE,FALSE
"PLA2G7","up",-0.0758275760000005,6.81186157116667,-0.479079595235127,0.639118627794286,0.826218719802768,TRUE,"down",FALSE,FALSE
"ALS2CR11","down",-0.0296287259999995,6.23038036041667,-0.478629864507975,0.639430850606495,0.826437976375567,TRUE,"down",TRUE,FALSE
"FBXL15","up",-0.0240229458333318,11.85310204625,-0.478503820324087,0.639518368711996,0.826508373086178,TRUE,"down",FALSE,FALSE
"BMP5","down",-0.0247308629999996,6.00247604658333,-0.478404039027385,0.639587655264055,0.826537498933818,TRUE,"down",TRUE,FALSE
"BMP4","up",-0.0370239944999987,9.59224037041667,-0.478305436616404,0.639656126637978,0.826566134464538,TRUE,"down",FALSE,FALSE
"P2RY10","up",0.0237059010000014,5.96814001858333,0.47814887493723,0.639764853007117,0.826623323678365,TRUE,"up",TRUE,FALSE
"CALCOCO2","up",0.0200705133333348,10.4229759525,0.476405488629441,0.640976149806459,0.8273562907783,TRUE,"up",TRUE,FALSE
"GJB4","down",0.0435334662500003,5.67861801429167,0.476297676386601,0.641051092089197,0.8273562907783,TRUE,"up",FALSE,FALSE
"AZI2","up",0.0276370983333348,10.565293075,0.475455574566949,0.641636592042277,0.827358171983304,TRUE,"up",TRUE,FALSE
"TH","up",-0.0223277049166656,6.83395803695833,-0.475499249088646,0.641606219769902,0.827358171983304,TRUE,"down",FALSE,FALSE
"GCNT2","down",0.0352886086666674,5.57952131191667,0.474876486429835,0.64203936610207,0.827553448338451,TRUE,"up",FALSE,FALSE
"TAZ","up",0.0276426379166677,7.79007232254167,0.474368917757227,0.642392492075297,0.82761742713736,TRUE,"up",TRUE,FALSE
"HLA-DQB1","up",-0.0386851391666666,11.0116350879167,-0.472808348260963,0.64347877313087,0.828602256059776,TRUE,"down",FALSE,FALSE
"LMX1A","down",0.0260547556666669,6.31623847116667,0.472036228022483,0.644016542971731,0.828961132933867,TRUE,"up",FALSE,FALSE
"SPRN","up",0.0242235200909088,6.12583714159091,0.472781001888387,0.644026368906701,0.828961132933867,TRUE,"up",TRUE,FALSE
"C1orf95","down",0.0264725433333338,5.77516172091667,0.470958705016663,0.644767366279442,0.829445006927398,TRUE,"up",FALSE,FALSE
"ADAM29","up",0.0307063103333339,5.43725079741667,0.47057977481573,0.645031502164289,0.829642015850835,TRUE,"up",TRUE,FALSE
"DYM","up",0.0249996650000011,10.8777414558333,0.470465340149339,0.645111279388102,0.829704692140268,TRUE,"up",TRUE,FALSE
"TCN2","up",0.0396686550000014,8.29367983033333,0.469935873179434,0.645480451996654,0.829872914781531,TRUE,"up",TRUE,FALSE
"MAP3K4","up",0.0273167256666676,8.96904202433333,0.467847151807371,0.646937763257999,0.830921386406769,TRUE,"up",TRUE,FALSE
"PTCRA","up",0.0187027285,6.44628445183333,0.46766261207373,0.647066589802723,0.830983801543717,TRUE,"up",TRUE,FALSE
"CLEC4E","down",-0.0353068521666665,6.64647770333333,-0.467282277907614,0.647332136711446,0.831130706234725,TRUE,"down",TRUE,FALSE
"CNIH","up",-0.0251754716666654,12.2193342916667,-0.465252175154975,0.648750382142805,0.832423681613034,TRUE,"down",FALSE,FALSE
"ALG14","up",0.0219579530000008,9.09205639433333,0.465104101868783,0.64885388260696,0.832453356470683,TRUE,"up",TRUE,FALSE
"MUC7","down",0.0240239376666679,5.6945683095,0.465105190109396,0.648853121919671,0.832453356470683,TRUE,"up",FALSE,FALSE
"ANXA2","up",0.0425690558333344,14.53149361625,0.464983879236688,0.648937921509711,0.83252680004747,TRUE,"up",TRUE,FALSE
"DAP3","up",-0.0162898216666649,13.2675219425,-0.464265197204862,0.649440403113871,0.832919879756866,TRUE,"down",FALSE,FALSE
"ENTPD7","up",0.0266724744166669,6.47143561704167,0.463957525375208,0.649655572361286,0.833109356747606,TRUE,"up",TRUE,FALSE
"MRPS23","up",0.0193878648333338,9.56921895766667,0.463468979334861,0.6499973018869,0.833163490129522,TRUE,"up",TRUE,FALSE
"UGT1A6","up",-0.0210461482499995,6.077352199375,-0.463512832227676,0.649966624211834,0.833163490129522,TRUE,"down",FALSE,FALSE
"PFN1","up",0.055733823333335,11.0597898675,0.462687618860675,0.650544019581753,0.833489169122909,TRUE,"up",TRUE,FALSE
"CLDN19","up",-0.0326635178333323,5.58864410625,-0.462446270024878,0.650712933427774,0.833589446991815,TRUE,"down",FALSE,FALSE
"PHEX","up",0.0322131347499999,6.407889455625,0.462409533041167,0.650738646441296,0.833589446991815,TRUE,"up",TRUE,FALSE
"LUM","up",-0.0566620166666645,14.00914021,-0.461341883269214,0.651486118750401,0.834074028916871,TRUE,"down",FALSE,FALSE
"LY6K","down",0.0441999399166667,7.59429789420833,0.460687219660717,0.65194464735738,0.834386031909075,TRUE,"up",FALSE,FALSE
"MB","down",0.0959552205000007,6.37094291733333,0.460697784591205,0.651937246486321,0.834386031909075,TRUE,"up",FALSE,FALSE
"TPD52L2","up",0.0256723591666677,8.38239422,0.459414868941225,0.652836223050103,0.834935862719454,TRUE,"up",TRUE,FALSE
"KBTBD4","up",-0.0238221287499992,8.18203282579167,-0.457878812961108,0.653913317425806,0.835735217137819,TRUE,"down",FALSE,FALSE
"VN1R4","up",-0.0327613918333333,5.51707328966667,-0.457496012942926,0.654181864229645,0.835868485212062,TRUE,"down",FALSE,FALSE
"RPL22","up",-0.0234203983333316,12.9949936425,-0.45667112005961,0.654760722265717,0.836336642367852,TRUE,"down",FALSE,FALSE
"MYLK2","down",-0.0369718454999998,6.46218383391667,-0.456500809770872,0.654880263987992,0.83638618778556,TRUE,"down",TRUE,FALSE
"AP2A1","up",0.0196064025000017,8.43441655375,0.45628279553192,0.655033303676596,0.836493323183455,TRUE,"up",TRUE,FALSE
"TERF2IP","up",-0.0205390450000002,12.1446304925,-0.456253860879475,0.655053616172441,0.836493323183455,TRUE,"down",FALSE,FALSE
"GPR6","up",0.0228820012499999,6.38668198804167,0.455650928606245,0.655476946653691,0.836694645827616,TRUE,"up",TRUE,FALSE
"BANF1","up",-0.0356846691666663,10.8929572520833,-0.455305881825973,0.655719265905866,0.836838585050604,TRUE,"down",FALSE,FALSE
"PDE7B","down",-0.0222541863333333,7.43047384558333,-0.454234741581151,0.656471761333558,0.83730583338395,TRUE,"down",TRUE,FALSE
"CLN5","up",-0.0176114258333329,8.95568931925,-0.453787389175454,0.656786148881711,0.837512177044877,TRUE,"down",FALSE,FALSE
"ARHGAP27","up",0.0258719807500008,6.92688516429167,0.453643549466718,0.656887249964857,0.83751664073505,TRUE,"up",TRUE,FALSE
"GRIK3","down",0.0364503562500004,5.71572317779167,0.453362165345388,0.657085047454133,0.837575653178064,TRUE,"up",FALSE,FALSE
"DNAJC14","up",-0.0240827370833319,9.16424499745833,-0.452567292011851,0.657643943231413,0.837911928736756,TRUE,"down",FALSE,FALSE
"CGB2","down",-0.0236169034999995,5.86829565166667,-0.45232359460266,0.657815335610576,0.837988452988202,TRUE,"down",TRUE,FALSE
"EXOC4","down",-0.0191344029166659,9.51882283320833,-0.451686861400513,0.658263244087705,0.838226118613711,TRUE,"down",TRUE,FALSE
"PNMA1","up",-0.0694287808333315,14.2206885129167,-0.451799033225854,0.658184327214177,0.838226118613711,TRUE,"down",FALSE,FALSE
"ZNF451","up",-0.0180275994999979,8.27255801825,-0.451248801783315,0.658571475018745,0.838515524986988,TRUE,"down",FALSE,FALSE
"NR1I3","up",0.026018890000001,5.96497531466667,0.450717584435819,0.658945340551386,0.838626957975882,TRUE,"up",TRUE,FALSE
"EHMT2","up",-0.018521070999999,8.47153873533333,-0.450448406798772,0.659134821175739,0.838751624357956,TRUE,"down",FALSE,FALSE
"FBXO9","down",0.0180825016666671,11.02744974,0.449935122983893,0.659496201185539,0.839005321128278,TRUE,"up",FALSE,FALSE
"KCNIP1","up",-0.0206216980833332,5.92256404370833,-0.449607871796252,0.65972664997531,0.839078532610251,TRUE,"down",FALSE,FALSE
"VIP","up",-0.0841285250833321,6.70991533120833,-0.448355312348129,0.660609026938922,0.839602224827888,TRUE,"down",FALSE,FALSE
"BCL2L11","down",-0.0223024495833329,6.33427689329167,-0.44824028468233,0.660690085465774,0.839604432093365,TRUE,"down",TRUE,FALSE
"DGUOK","up",-0.0265979508333336,11.0825151295833,-0.447980563301041,0.660873124022997,0.839604432093365,TRUE,"down",FALSE,FALSE
"MDH2","up",0.0282543733333349,11.6068566508333,0.448181865727069,0.660731254245853,0.839604432093365,TRUE,"up",TRUE,FALSE
"SLC25A35","up",-0.0284322312499994,6.389547734125,-0.448131203109003,0.660766957930791,0.839604432093365,TRUE,"down",FALSE,FALSE
"CCL15","up",-0.0593396349999999,12.7684309025,-0.445288029742446,0.662772008327199,0.840861158226271,TRUE,"down",FALSE,FALSE
"CLDN22","up",0.0335267287500002,5.255531063375,0.444746068610219,0.663154512380426,0.841145324271731,TRUE,"up",TRUE,FALSE
"SIGLEC5","down",-0.0302950897499992,6.54941507929167,-0.444449811595424,0.663363645099148,0.841248955439242,TRUE,"down",TRUE,FALSE
"KIAA0182","up",0.0301821685000011,8.69421255875,0.443528904960674,0.664013913806576,0.841538658293651,TRUE,"up",TRUE,FALSE
"CDK5RAP1","up",0.0207077445833342,7.93917859395833,0.443354158458065,0.664137337110689,0.841563204798008,TRUE,"up",TRUE,FALSE
"BRI3BP","down",0.026281222583334,8.01386929695833,0.443055722155884,0.664348145747198,0.841581211323649,TRUE,"up",FALSE,FALSE
"PAX3","down",0.0259665075833331,5.569805598875,0.44298529897103,0.664397895378898,0.841581211323649,TRUE,"up",FALSE,FALSE
"C10orf54","down",0.0217432050000005,11.6777097275,0.442469109321601,0.664762601485707,0.841749565922276,TRUE,"up",FALSE,FALSE
"CLCN3","up",0.0266843601666664,8.33223944633333,0.442045693684236,0.665061825141636,0.841914892271376,TRUE,"up",TRUE,FALSE
"SOX13","down",-0.0276787014166662,8.59676146570833,-0.441438296256206,0.665491170132932,0.842115318198756,TRUE,"down",TRUE,FALSE
"PPFIBP1","down",0.0227834151666684,10.1773183583333,0.440562860732744,0.666110194318855,0.842692722522514,TRUE,"up",FALSE,FALSE
"KCTD14","up",-0.0283100194999985,6.04618871708333,-0.438638470033073,0.667471824674417,0.843374498926837,TRUE,"down",FALSE,FALSE
"LY96","up",-0.0457351674999978,10.5796639004167,-0.43823978063417,0.667754075033789,0.84353598485384,TRUE,"down",FALSE,FALSE
"ELP3","up",0.0233223582500017,8.428592817625,0.437958621355777,0.667953151783214,0.843680409039953,TRUE,"up",TRUE,FALSE
"CYP11A1","up",-0.0295246755833331,6.71793313579167,-0.437837860757638,0.66803866509647,0.843714035941524,TRUE,"down",FALSE,FALSE
"GRAMD1B","up",0.0202243896666675,5.49200622308333,0.437220332232295,0.668476025619814,0.843912800637425,TRUE,"up",TRUE,FALSE
"SEC63","down",0.0173074933333333,11.0162729166667,0.43622381954747,0.669182062080554,0.844258328282726,TRUE,"up",FALSE,FALSE
"TMEM107","up",0.0267895975000015,9.77595070666667,0.436166708380578,0.669222535581988,0.844258328282726,TRUE,"up",TRUE,FALSE
"ZNF383","down",-0.0234641865833326,7.49934059154167,-0.436186714277097,0.669208357696228,0.844258328282726,TRUE,"down",TRUE,FALSE
"MS4A7","down",0.0567652004166683,10.157390825875,0.43563027238586,0.669602748606474,0.844532253803391,TRUE,"up",FALSE,FALSE
"CORO7","up",0.0223089787500009,7.97525297729167,0.434699878350414,0.670262412119298,0.844918401126652,TRUE,"up",TRUE,FALSE
"CST1","down",-0.0269929739166659,5.66306568654167,-0.432692901404113,0.671686348158053,0.845795011434193,TRUE,"down",TRUE,FALSE
"SERPINB11","up",-0.037854262249999,5.653007779625,-0.432634647660076,0.671727698313545,0.845795011434193,TRUE,"down",FALSE,FALSE
"C6orf120","down",-0.0349215301666665,8.3441946885,-0.432329610150912,0.671944240534142,0.845828469127081,TRUE,"down",TRUE,FALSE
"HRASLS5","up",-0.0478065749999992,11.3685571733333,-0.431985711530726,0.672188405927398,0.845872895599432,TRUE,"down",FALSE,FALSE
"NFIA","up",0.027628263333334,12.31586407,0.431662863089418,0.672417660719919,0.845872895599432,TRUE,"up",TRUE,FALSE
"WBSCR28","up",0.0256966925000005,5.33955892341667,0.431966592591312,0.672201981352693,0.845872895599432,TRUE,"up",TRUE,FALSE
"NME1","down",0.0258157508333356,12.80428901375,0.431319735959731,0.672661352406368,0.845951897922478,TRUE,"up",FALSE,FALSE
"ANXA3","up",0.0534456230000002,8.33207725341667,0.430608392499485,0.673166675652825,0.846142190367499,TRUE,"up",TRUE,FALSE
"SLC2A9","up",-0.016646501166666,6.3882735225,-0.430489962844711,0.673250821440448,0.846145270549593,TRUE,"down",FALSE,FALSE
"CLSTN3","down",0.0224220828333337,6.68887690841667,0.429407690236964,0.674019999786264,0.846495672501467,TRUE,"up",FALSE,FALSE
"IMPA1","up",0.0271034480833342,9.551467754125,0.429297764026324,0.674098146216154,0.846525384926175,TRUE,"up",TRUE,FALSE
"MET","up",0.0380598239999992,10.3322894216667,0.428829961356258,0.674430750204769,0.846840389168454,TRUE,"up",TRUE,FALSE
"KIAA2013","up",-0.021545056666666,11.6002140641667,-0.428261312823929,0.674835149712706,0.847005888345177,TRUE,"down",FALSE,FALSE
"ATP6V0D1","up",-0.0348096524999987,11.89435318125,-0.427755420462517,0.675195007064095,0.847286428637598,TRUE,"down",FALSE,FALSE
"ARHGEF7","up",0.0228703433333339,9.38709121391667,0.427332591811628,0.675495841672864,0.847368814402641,TRUE,"up",TRUE,FALSE
"SHC1","down",0.0304332933333341,11.5805150691667,0.426591982960728,0.676022909259533,0.847811746711019,TRUE,"up",FALSE,FALSE
"CSTL1","up",0.0234192172500004,5.50206970920833,0.425087944783188,0.677093826259731,0.848675246855279,TRUE,"up",TRUE,FALSE
"NOX4","up",-0.0360320370833326,6.694656855625,-0.424064452880054,0.677822994838394,0.849178134651181,TRUE,"down",FALSE,FALSE
"CHRNA2","up",0.0290183804166671,5.379644782125,0.423607980378118,0.678148308429891,0.849380209591002,TRUE,"up",TRUE,FALSE
"HSD17B2","down",0.0181833042500008,5.532810100625,0.422344780651117,0.679048897460795,0.849754625126936,TRUE,"up",FALSE,FALSE
"NUDT4","up",-0.0309018159999984,9.9718184075,-0.422486837760207,0.678947593514258,0.849754625126936,TRUE,"down",FALSE,FALSE
"TACC2","down",-0.0389948066666662,8.98724802841667,-0.42172184342956,0.679493203057313,0.84995216052672,TRUE,"down",TRUE,FALSE
"C20orf85","up",-0.0165346589999995,5.54289427266667,-0.42093933646392,0.680051495443268,0.850255917689249,TRUE,"down",FALSE,FALSE
"FGFR3","down",0.040184583500002,8.13930867933333,0.420959126114922,0.680037373796405,0.850255917689249,TRUE,"up",FALSE,FALSE
"LTBP4","down",0.0349754225000024,13.79020087625,0.420148756645803,0.680615744925493,0.850499456913991,TRUE,"up",FALSE,FALSE
"DIP2A","up",0.0202962341666664,6.81865583791667,0.419605384645112,0.681003673118483,0.850766382694898,TRUE,"up",TRUE,FALSE
"XPO4","down",0.0179492915833348,7.58418308395833,0.418876603404377,0.681524116824507,0.851103949116638,TRUE,"up",FALSE,FALSE
"C4orf26","down",-0.0250982884166663,5.68115778779167,-0.418714618005921,0.681639818091079,0.851214228266458,TRUE,"down",TRUE,FALSE
"BOP1","down",0.0353148245833349,9.23231454454167,0.417995817379324,0.682153335650292,0.851513275161734,TRUE,"up",FALSE,FALSE
"CEP170","down",0.0178190225000007,7.1083091615,0.417651035858915,0.682399708528404,0.851675454757863,TRUE,"up",FALSE,FALSE
"CSN3","up",-0.0385289747499989,5.39324868745833,-0.417185053093766,0.682732748593846,0.851981925178565,TRUE,"down",FALSE,FALSE
"HEATR2","up",-0.0172398696666658,9.40102733466667,-0.416945762927827,0.682903796997305,0.852132712184791,TRUE,"down",FALSE,FALSE
"OTX2","up",0.0253082805833346,5.40497834929167,0.416434246461692,0.683269497562462,0.852324454143515,TRUE,"up",TRUE,FALSE
"PREPL","up",-0.0291646966666656,10.5895936141667,-0.416460325784344,0.683250850572353,0.852324454143515,TRUE,"down",FALSE,FALSE
"NME2","up",0.0240544466666661,15.6272426058333,0.416071170908964,0.683529122633898,0.852454329257539,TRUE,"up",TRUE,FALSE
"YWHAE","up",-0.0200490754999985,9.92282821775,-0.415997537745338,0.683581780687135,0.852454329257539,TRUE,"down",FALSE,FALSE
"KCNK9","up",0.0263333882500006,5.93786235445833,0.41521490912688,0.684141575389687,0.852619750043962,TRUE,"up",TRUE,FALSE
"TMEM14B","up",0.0171811850000011,11.9001785358333,0.413936935438573,0.685056091379395,0.853251623138525,TRUE,"up",TRUE,FALSE
"DGKI","down",0.0342853514166672,5.35500610895833,0.41369362110218,0.685230264753831,0.853260061538448,TRUE,"up",FALSE,FALSE
"TCIRG1","up",-0.0297023624999979,12.36596809375,-0.413023578425369,0.685710001790783,0.853465965906898,TRUE,"down",FALSE,FALSE
"KIAA0922","up",0.0321858204166675,6.72760039570833,0.412517027573229,0.686072775173994,0.853662232508663,TRUE,"up",TRUE,FALSE
"PCK2","up",-0.0259033495833327,9.66095051845833,-0.41215815614494,0.686329834414843,0.853811130837891,TRUE,"down",FALSE,FALSE
"EIF2C1","up",0.0148832959166679,10.1731599317083,0.411312975484151,0.686935395257552,0.854321616775602,TRUE,"up",TRUE,FALSE
"TMED1","down",0.0203697056666688,8.72770397991667,0.411278440265727,0.686960144024795,0.854321616775602,TRUE,"up",FALSE,FALSE
"FBLIM1","down",0.0552976375000012,9.6416023565,0.410673320480472,0.687393847692294,0.854483739565086,TRUE,"up",FALSE,FALSE
"LANCL2","down",-0.0186388477499992,6.67424821079167,-0.410697410550606,0.687376579589682,0.854483739565086,TRUE,"down",TRUE,FALSE
"CBX1","down",-0.0238608883333328,11.4879719841667,-0.408765364473634,0.688762070535492,0.855398499367633,TRUE,"down",TRUE,FALSE
"SPINK4","up",-0.0354617935833333,5.35333671470833,-0.408685023791988,0.688819708799087,0.855422398735555,TRUE,"down",FALSE,FALSE
"KIAA0240","down",-0.0206100175,11.1814281779167,-0.40846393175157,0.688978335674881,0.855475514966981,TRUE,"down",TRUE,FALSE
"SLC2A13","up",-0.0494986553333308,8.249760143,-0.408342300717339,0.689065608736666,0.855501921711179,TRUE,"down",FALSE,FALSE
"SLC39A5","up",-0.0212787738333325,6.27615046041667,-0.407487623976108,0.689678988153725,0.855784733833016,TRUE,"down",FALSE,FALSE
"C10orf128","up",0.041649832,7.59514278758333,0.406989898188083,0.690036297231223,0.856022989881765,TRUE,"up",TRUE,FALSE
"GYS2","up",0.0263372097500007,5.36495901304167,0.407022125283607,0.690013159615672,0.856022989881765,TRUE,"up",TRUE,FALSE
"ATP8B2","up",-0.0294132758333334,11.4602049670833,-0.406054106681789,0.690708293638157,0.856385714432284,TRUE,"down",FALSE,FALSE
"LRRC41","up",0.0173474233333355,8.04688550166667,0.405864750820197,0.690844303874718,0.856385714432284,TRUE,"up",TRUE,FALSE
"TPBG","up",-0.0414589868333332,10.3026895325,-0.406055743250703,0.690707118174163,0.856385714432284,TRUE,"down",FALSE,FALSE
"DEK","down",-0.0364743449999988,11.7511975391667,-0.404241984526426,0.692010354901467,0.857171446980203,TRUE,"down",TRUE,FALSE
"HTR5A","down",-0.0150444283333328,5.35596480033333,-0.404076461207269,0.692129338472014,0.857284652993798,TRUE,"down",TRUE,FALSE
"SCMH1","down",0.032496171333335,9.10872409525,0.403859115972219,0.692285586112989,0.857375651947179,TRUE,"up",FALSE,FALSE
"FAM60A","down",-0.0269432133333322,10.4005564616667,-0.4036050783526,0.692468229985921,0.857499316201281,TRUE,"down",TRUE,FALSE
"EYA1","down",0.109130354666668,8.560693363,0.403308156994289,0.692681730826481,0.857613098726537,TRUE,"up",FALSE,FALSE
"RPS9","up",0.024636270000001,12.9198547658333,0.402646990297574,0.693157238856675,0.857795532597659,TRUE,"up",TRUE,FALSE
"USP28","up",-0.0217951115833336,6.82646772395833,-0.40285080524744,0.693010641799266,0.857795532597659,TRUE,"down",FALSE,FALSE
"FN1","down",0.0501628499999995,13.1086524425,0.401815636704527,0.693755334577956,0.858272247014105,TRUE,"up",FALSE,FALSE
"FGL2","down",0.0611765216666671,11.1655632358333,0.399789429423509,0.695213921514383,0.858956218227447,TRUE,"up",FALSE,FALSE
"NRM","up",0.0291423359166677,9.66169299170833,0.400264190375922,0.694872047396833,0.858956218227447,TRUE,"up",TRUE,FALSE
"TMEM19","up",-0.0190438224166669,7.39071842845833,-0.400247383099061,0.694884149099755,0.858956218227447,TRUE,"down",FALSE,FALSE
"TRIM43","down",-0.0204706726666664,5.39203990625,-0.399918547680616,0.695120936995451,0.858956218227447,TRUE,"down",TRUE,FALSE
"GNAO1","down",0.0303901494166664,6.559126508375,0.398254119163415,0.696319964128453,0.859738868039851,TRUE,"up",FALSE,FALSE
"CYP17A1","down",0.0215263218333338,5.98599002083333,0.397948113890098,0.696540496970857,0.85986315896619,TRUE,"up",FALSE,FALSE
"YIF1A","down",-0.0229294116666658,13.2741884216667,-0.397251454384632,0.697042673702682,0.860113178876524,TRUE,"down",TRUE,FALSE
"MRPL37","up",0.0226040800000008,10.6227174641667,0.39698277484183,0.697236386702844,0.860166665448569,TRUE,"up",TRUE,FALSE
"TXNDC12","up",0.0235499840833343,9.78631289604167,0.396620652456055,0.697497504863849,0.860332756584872,TRUE,"up",TRUE,FALSE
"SEH1L","up",0.0240378074166679,9.33985586479167,0.395901746689998,0.698016008934328,0.860726526205462,TRUE,"up",TRUE,FALSE
"CHID1","up",-0.0287317491666651,11.4923881154167,-0.395153412205868,0.698555904109548,0.861085931254664,TRUE,"down",FALSE,FALSE
"AFF3","down",-0.0315522289166657,7.46666221645833,-0.394905028842983,0.698735140726855,0.861141989325484,TRUE,"down",TRUE,FALSE
"STMN2","down",-0.0930642528333328,8.1087283985,-0.394968532367161,0.698689313999216,0.861141989325484,TRUE,"down",TRUE,FALSE
"TUBD1","up",-0.0223458884166671,8.47665596229167,-0.394371675165326,0.699120078438868,0.861479182949417,TRUE,"down",FALSE,FALSE
"ADORA2A","down",0.0154418852500015,7.51157109045833,0.393397933977223,0.699823078325054,0.861969425207757,TRUE,"up",FALSE,FALSE
"KCNJ11","down",0.0250833688333339,5.47659898933333,0.393111359841635,0.700030027033292,0.862079005876732,TRUE,"up",FALSE,FALSE
"CBX2","up",-0.019294031416666,5.67165080170833,-0.392787017917562,0.70026427941381,0.86223941707731,TRUE,"down",FALSE,FALSE
"HS6ST2","down",0.103664424500001,7.28847436766667,0.392479635997146,0.700486311774078,0.862357450176309,TRUE,"up",FALSE,FALSE
"MDN1","down",0.0258547802500014,7.11257866845833,0.392423781162066,0.700526660655903,0.862357450176309,TRUE,"up",FALSE,FALSE
"TEAD2","up",0.0202222013333338,7.11575634225,0.392045999146397,0.70079959055332,0.862625079335767,TRUE,"up",TRUE,FALSE
"OR7D2","up",-0.0220638362499995,5.49371739995833,-0.39163538702921,0.701096287198358,0.862770742347967,TRUE,"down",FALSE,FALSE
"CYP2E1","up",0.0160529065833337,6.944050218875,0.391128001414754,0.701462979384076,0.862899768818161,TRUE,"up",TRUE,FALSE
"IARS2","up",-0.0216440341666665,11.1296773420833,-0.390741671099159,0.701742235473243,0.863033237309503,TRUE,"down",FALSE,FALSE
"ITFG3","up",0.0311165875000013,11.7492607879167,0.390490667122043,0.701923695811506,0.863218495823817,TRUE,"up",TRUE,FALSE
"CTSS","down",0.033862200166666,8.89940850791667,0.389960442340732,0.702307077392233,0.863386172452283,TRUE,"up",FALSE,FALSE
"PURG","up",-0.0277192354166651,7.16038292195833,-0.389770686812887,0.702444301437173,0.863391355044794,TRUE,"down",FALSE,FALSE
"ESD","up",-0.0146260891666654,11.8841728370833,-0.389430993531077,0.702689981645139,0.863421703270904,TRUE,"down",FALSE,FALSE
"KCNH2","up",-0.0981624790000004,8.7400860185,-0.387859309606061,0.703827135866412,0.864160776292771,TRUE,"down",FALSE,FALSE
"DONSON","up",-0.0299698880833332,8.790215338625,-0.387664326263501,0.703968262627897,0.864197457878946,TRUE,"down",FALSE,FALSE
"SOAT2","up",0.0327671106666679,6.47825520033333,0.387677768939292,0.70395853260703,0.864197457878946,TRUE,"up",TRUE,FALSE
"UCN3","down",-0.0194509525833329,6.16671240920833,-0.386811840460988,0.704585414891372,0.864663195352256,TRUE,"down",TRUE,FALSE
"PLD2","up",-0.0220933417499997,7.41294404720833,-0.386346858437582,0.704922126847922,0.864788785853777,TRUE,"down",FALSE,FALSE
"REG3A","up",-0.0216158939166663,5.86575215304167,-0.385503424112969,0.705533054575044,0.865195479980888,TRUE,"down",FALSE,FALSE
"FAM103A1","up",-0.0182992048333328,9.09353848033333,-0.385225026209981,0.705734753697379,0.865203798259419,TRUE,"down",FALSE,FALSE
"IFIT5","up",-0.0165641857499983,10.056442228125,-0.38454942562686,0.70622432115178,0.865360127250891,TRUE,"down",FALSE,FALSE
"LRRTM4","down",-0.0468694511666656,5.963064049,-0.384380509991933,0.7063467452968,0.86537766579866,TRUE,"down",TRUE,FALSE
"DEDD2","up",-0.0191207497500001,9.83175965420833,-0.383678027173395,0.706855970537829,0.865671680382179,TRUE,"down",FALSE,FALSE
"LRRC4","up",-0.0381192287499996,7.102972909125,-0.383642425218471,0.706881782036238,0.865671680382179,TRUE,"down",FALSE,FALSE
"NFXL1","up",0.0231508999166665,7.49427684504167,0.383502792482123,0.706983019691418,0.865671680382179,TRUE,"up",TRUE,FALSE
"SLC13A2","up",-0.0251916658333334,6.828552814,-0.383063430516498,0.707301606900552,0.865830775713508,TRUE,"down",FALSE,FALSE
"GTF2H1","down",-0.0159029719999985,9.27283654241667,-0.381946762822174,0.708111572963726,0.86636529573316,TRUE,"down",TRUE,FALSE
"TKTL1","down",-0.0244943763333326,6.82387748658333,-0.380567810553211,0.709112289939742,0.867052458405779,TRUE,"down",TRUE,FALSE
"TAF1L","up",-0.0258534953333323,7.79726950141667,-0.380170529977557,0.709400703024251,0.86720035582538,TRUE,"down",FALSE,FALSE
"JOSD2","up",0.0267179965833345,9.414232116625,0.379429456661668,0.70993882200399,0.867448646374674,TRUE,"up",TRUE,FALSE
"TAPBPL","down",0.015297341166667,8.63305345925,0.37899372203162,0.710255298847132,0.867698853730365,TRUE,"up",FALSE,FALSE
"DDT","up",-0.0140109808333307,12.28145895125,-0.378785624906725,0.710406460654454,0.86774747634567,TRUE,"down",FALSE,FALSE
"LMBR1L","down",-0.0202969226666655,9.25110218641667,-0.378014807876085,0.710966492271041,0.868021644316141,TRUE,"down",TRUE,FALSE
"C1orf43","up",0.0135792266666666,11.9966685866667,0.37786371939258,0.71107628480509,0.868110485747057,TRUE,"up",TRUE,FALSE
"RGPD5","up",0.0159347645454542,10.4850300522727,0.377754536744964,0.711566905636754,0.86831115312199,TRUE,"up",TRUE,FALSE
"AURKC","up",0.020682283333334,5.92026452183333,0.376854215327384,0.711810038536284,0.868377535426202,TRUE,"up",TRUE,FALSE
"MCHR1","up",-0.0300071559166664,5.50374143904167,-0.376816090273171,0.711837755369776,0.868377535426202,TRUE,"down",FALSE,FALSE
"ANXA7","up",0.0197114025000009,10.3236201231667,0.376263071852403,0.712239846006162,0.868455168244754,TRUE,"up",TRUE,FALSE
"FCGR2A","up",-0.0323373109166657,8.75649765329167,-0.376289539445718,0.712220599831915,0.868455168244754,TRUE,"down",FALSE,FALSE
"CR1","down",-0.0204620794166661,6.08090714529167,-0.375701376321194,0.712648336369678,0.868675575994611,TRUE,"down",TRUE,FALSE
"OR2A14","down",-0.0325103844166663,5.317581302875,-0.375394208847301,0.712871761070438,0.868777508628045,TRUE,"down",TRUE,FALSE
"KRTAP5-8","up",0.0234081159166668,8.90349138695833,0.375147383549611,0.713051314404512,0.86892289996,TRUE,"up",TRUE,FALSE
"MLF2","up",0.0178986416666684,11.3141921075,0.374461913342982,0.71355005281835,0.869252148210601,TRUE,"up",TRUE,FALSE
"TMPRSS4","up",-0.0427657275833331,5.94609182279167,-0.373554233672956,0.714210676395778,0.869660631840494,TRUE,"down",FALSE,FALSE
"CALCA","down",0.0207472190833338,5.75583222620833,0.373207744234331,0.714462919500695,0.869729656519769,TRUE,"up",FALSE,FALSE
"MBD1","up",-0.0135768159166656,8.289500848875,-0.372657618891521,0.714863479826004,0.869899426972164,TRUE,"down",FALSE,FALSE
"DNASE1L1","up",0.0301745859166669,9.93665272754167,0.372413290362425,0.715041409587225,0.869931715133232,TRUE,"up",TRUE,FALSE
"RYK","up",0.025485452666668,8.54098796791667,0.372226699525144,0.715177304016921,0.869946406606049,TRUE,"up",TRUE,FALSE
"TNFSF4","up",-0.0246474305,7.40796854541667,-0.372070229903836,0.715291268823002,0.870019975920627,TRUE,"down",FALSE,FALSE
"SPTA1","down",-0.0198419682499996,5.45531436929167,-0.371309986452603,0.715845092925612,0.87042101930753,TRUE,"down",TRUE,FALSE
"CNGA4","down",0.0216236725000011,5.77064515541667,0.36984354910398,0.716913834759273,0.871059833457631,TRUE,"up",FALSE,FALSE
"CIZ1","up",0.0132474750833344,10.2093287815417,0.369606937255909,0.717086335465984,0.871077261459374,TRUE,"up",TRUE,FALSE
"COL13A1","down",-0.0778532964999994,8.54667909516667,-0.368889331206314,0.717609600373033,0.871270924616712,TRUE,"down",TRUE,FALSE
"OVOL1","down",0.0945966099166672,5.92501000579167,0.368420950268003,0.717951214194401,0.871515416941377,TRUE,"up",FALSE,FALSE
"UROS","down",0.0220538410000012,8.53807128283333,0.368176449981496,0.718129565399464,0.871599289844986,TRUE,"up",FALSE,FALSE
"CCDC43","down",0.0134948105833338,8.762848234375,0.367566658013636,0.718574453447126,0.871636470602755,TRUE,"up",FALSE,FALSE
"NDRG2","down",-0.0276740641666663,13.86378082625,-0.367750098367698,0.718440609107332,0.871636470602755,TRUE,"down",TRUE,FALSE
"CLEC4F","up",-0.0249877319999994,5.80924622283333,-0.367387817769939,0.71870495059794,0.871647159444934,TRUE,"down",FALSE,FALSE
"AKAP13","down",0.0268764091666675,11.3301813929167,0.367015389022039,0.718976735656492,0.871904042063085,TRUE,"up",FALSE,FALSE
"NDUFAB1","up",0.017850515,12.7974684466667,0.365770997534001,0.719885133055204,0.87242832600555,TRUE,"up",TRUE,FALSE
"TP53RK","up",-0.0194119297499998,8.247906278875,-0.365497451350981,0.720084878741368,0.872503406342683,TRUE,"down",FALSE,FALSE
"ALDH1A3","up",-0.0576817576666646,10.1862360370833,-0.365252260894697,0.720263936833197,0.872516220088932,TRUE,"down",FALSE,FALSE
"GPR83","down",-0.0210551090833332,5.331178096625,-0.365435792758035,0.720129905280202,0.872516220088932,TRUE,"down",TRUE,FALSE
"LALBA","up",0.0203428769166675,5.335662017875,0.365257863365029,0.720259845262097,0.872516220088932,TRUE,"up",TRUE,FALSE
"CD207","up",-0.0198185788333326,5.5894489315,-0.365122031886784,0.720359047600941,0.872529385532158,TRUE,"down",FALSE,FALSE
"DNAJC8","down",0.0133627725000002,11.1383515229167,0.364665353015072,0.720692613914599,0.872609082457518,TRUE,"up",FALSE,FALSE
"UXS1","up",0.0207267724166669,8.94140252104167,0.364673984929431,0.72068630846567,0.872609082457518,TRUE,"up",TRUE,FALSE
"KRTAP12-1","up",0.0170756411666674,5.87967080566667,0.364364296986555,0.720912542765919,0.872736553736572,TRUE,"up",TRUE,FALSE
"XRCC3","up",-0.0247952352499999,6.459396311375,-0.364079419424824,0.721120676398699,0.872805455634947,TRUE,"down",FALSE,FALSE
"ARFIP2","down",0.0216128881666685,9.49117066733333,0.363759165757252,0.721354683396634,0.872850684314039,TRUE,"up",FALSE,FALSE
"CLU","up",-0.0335164458333326,14.2709471520833,-0.362982864406123,0.721922040971327,0.873320545244919,TRUE,"down",FALSE,FALSE
"BSDC1","up",0.0217451899999998,11.4890675591667,0.36271166473683,0.722120286425145,0.873340075948928,TRUE,"up",TRUE,FALSE
"LRPPRC","up",-0.0138617147499998,10.0664385167917,-0.361654330143325,0.722893389455304,0.873861064084061,TRUE,"down",FALSE,FALSE
"FUCA2","up",-0.0255384591666667,10.9280242579167,-0.361421683441256,0.723063538420836,0.873965467219521,TRUE,"down",FALSE,FALSE
"OTX1","down",0.0177840837500006,5.61783376354167,0.361010469286939,0.723364321936979,0.87417558670533,TRUE,"up",FALSE,FALSE
"UHRF2","up",-0.0196760519166658,10.0869748662917,-0.360997376937505,0.723373899143277,0.87417558670533,TRUE,"down",FALSE,FALSE
"ETV5","down",-0.0224028481666671,6.83644233116667,-0.360659086367584,0.72362137927642,0.874197647623519,TRUE,"down",TRUE,FALSE
"IL18BP","up",-0.0213365522500003,7.59695626620833,-0.359820607199039,0.724234915762357,0.874632799664502,TRUE,"down",FALSE,FALSE
"OXA1L","down",-0.0178930516666667,11.3721519758333,-0.359247224324945,0.724654587598675,0.874901590995728,TRUE,"down",TRUE,FALSE
"CTBS","up",-0.0202034483333327,9.55867306316667,-0.358303245268585,0.725345706758034,0.87517666342833,TRUE,"down",FALSE,FALSE
"ZNF707","up",0.0166654021666656,8.34482752025,0.358213258182502,0.725411602314463,0.87517666342833,TRUE,"up",TRUE,FALSE
"LOR","up",0.0561579785833341,6.23863916754167,0.357562569481315,0.725888154281901,0.875438469564013,TRUE,"up",TRUE,FALSE
"PURA","down",0.0143532166666682,12.8178713983333,0.35572801598619,0.727232378712595,0.876139838399965,TRUE,"up",FALSE,FALSE
"UTS2","up",-0.0190610110833326,5.592987959375,-0.355636539703746,0.727299430125145,0.876139838399965,TRUE,"down",FALSE,FALSE
"LMO4","up",-0.0488406016666639,12.0678370475,-0.355315096716395,0.727535063709828,0.876196726424417,TRUE,"down",FALSE,FALSE
"ELP4","up",0.0193441586666681,9.78463852033333,0.355148923295393,0.72765688822728,0.876245197496339,TRUE,"up",TRUE,FALSE
"CLEC7A","down",0.0234224063333342,5.82218170825,0.354739469157253,0.727957098446919,0.876355537621755,TRUE,"up",FALSE,FALSE
"IRF8","down",-0.027554474333333,6.12775737533333,-0.354757826585101,0.727943637859899,0.876355537621755,TRUE,"down",TRUE,FALSE
"PROL1","down",0.0275228380000008,5.38875175191667,0.354583249351637,0.728071650406631,0.876355537621755,TRUE,"up",FALSE,FALSE
"RESP18","up",-0.0178035969166663,5.945618257625,-0.354485441336351,0.728143373930898,0.876355537621755,TRUE,"down",FALSE,FALSE
"ZFP36L1","down",-0.0380862933333326,14.1159134725,-0.354638929648588,0.728030820707046,0.876355537621755,TRUE,"down",TRUE,FALSE
"COG7","up",-0.0215277909999987,9.98667358,-0.353471512599003,0.728887052542825,0.876843025150437,TRUE,"down",FALSE,FALSE
"MOCS2","up",0.0148324606666678,10.071583106,0.35306988296537,0.729181710998301,0.877095622643977,TRUE,"up",TRUE,FALSE
"CHRDL1","down",-0.0873267693333324,7.77021284175,-0.352494470878546,0.729603943418139,0.877365754475344,TRUE,"down",TRUE,FALSE
"TCF12","down",0.043702783916666,9.31574098779167,0.352265007662286,0.729772346888723,0.877466386600356,TRUE,"up",FALSE,FALSE
"TAF15","down",-0.0242738016666651,10.6953747575,-0.350980375176108,0.730715407464231,0.878022560419994,TRUE,"down",TRUE,FALSE
"HTR2A","up",0.0943660774166668,8.57144145729167,0.350712374926911,0.730912205845624,0.878046360243911,TRUE,"up",TRUE,FALSE
"ACADVL","up",-0.0219587366666652,13.8528266541667,-0.350184524600368,0.731299875131885,0.878100590161634,TRUE,"down",FALSE,FALSE
"EHD2","down",0.018702866666669,12.7176525558333,0.349233752570535,0.731998342661997,0.878508218103442,TRUE,"up",FALSE,FALSE
"C19orf21","down",0.0243107649166666,5.574335962375,0.34907096676073,0.732117955010184,0.878552855909954,TRUE,"up",FALSE,FALSE
"SPATA18","up",0.0183284875833334,7.36133636645833,0.34867124730307,0.73241169290863,0.87867763622714,TRUE,"up",TRUE,FALSE
"MYO18B","up",0.0187952425000008,5.74970754283333,0.348498892078767,0.732538363297734,0.878755269461912,TRUE,"up",TRUE,FALSE
"ABI3BP","down",0.0442031692500001,10.468898552625,0.348139139562688,0.732802785065142,0.878965420108122,TRUE,"up",FALSE,FALSE
"FOXP2","up",-0.0365450193333333,6.51134981916667,-0.348084844397956,0.732842695617153,0.878965420108122,TRUE,"down",FALSE,FALSE
"RIMS3","down",0.0360207189166672,9.52847807679167,0.346619006863195,0.733920485634457,0.87922185794941,TRUE,"up",FALSE,FALSE
"NPM2","down",-0.0451885308333325,6.83412646425,-0.346557198997776,0.733965944041321,0.879242417042637,TRUE,"down",TRUE,FALSE
"SRM","up",-0.0254362866666659,10.5801411766667,-0.346151215456981,0.734264562211941,0.879371665810701,TRUE,"down",FALSE,FALSE
"AKAP9","down",0.0235684200000006,10.3654319025,0.344572313961889,0.735426334366685,0.879833525723544,TRUE,"up",FALSE,FALSE
"GM2A","up",0.0135192073333328,7.97699484416667,0.344539558947937,0.735450442958857,0.879833525723544,TRUE,"up",TRUE,FALSE
"TEAD3","down",-0.0286340841666662,10.7627027904167,-0.344586565694202,0.735415844789421,0.879833525723544,TRUE,"down",TRUE,FALSE
"SLC22A17","up",0.0174325788333347,9.65719363441667,0.34440289249407,0.735551036346864,0.879852240582451,TRUE,"up",TRUE,FALSE
"MYO3B","down",0.0166346630833339,5.39701217904167,0.34254799361797,0.736916831398866,0.880604560619398,TRUE,"up",FALSE,FALSE
"NINJ2","up",-0.0272768093333333,7.81863712416667,-0.342081389427677,0.737260545548061,0.880905298281439,TRUE,"down",FALSE,FALSE
"MAPK11","up",-0.0305023141666652,11.48669432125,-0.341503662840677,0.737686196337615,0.881044203818942,TRUE,"down",FALSE,FALSE
"TBCA","up",0.0200422666666683,14.6245183541667,0.341373109742057,0.73778239610796,0.881044203818942,TRUE,"up",TRUE,FALSE
"FAT2","down",0.0166406425833335,5.77649102229167,0.340385218096427,0.738510484451186,0.88142420576428,TRUE,"up",FALSE,FALSE
"RHOV","up",-0.0526224995833327,6.59929661629167,-0.340148478924076,0.738685002770095,0.881530913932957,TRUE,"down",FALSE,FALSE
"ANAPC2","up",0.0161345746666682,7.31071350816667,0.339837908529803,0.738913970273841,0.881668710277976,TRUE,"up",TRUE,FALSE
"MRPL15","up",-0.0160545225000002,11.18245544625,-0.339915693618422,0.738856620939041,0.881668710277976,TRUE,"down",FALSE,FALSE
"BCAT2","up",0.0241208661666672,9.38223146091667,0.338485562770392,0.739911283663488,0.882200123335333,TRUE,"up",TRUE,FALSE
"SLC6A13","up",-0.0178083519166659,6.318979889125,-0.338363098896889,0.740001620958801,0.882230351545647,TRUE,"down",FALSE,FALSE
"F2","down",-0.0108210079999993,5.57879402183333,-0.338048391478862,0.740233787781467,0.882294842684635,TRUE,"down",TRUE,FALSE
"SSX1","down",0.0236106471666671,5.211707388,0.336567155543033,0.741326880977375,0.883157305641017,TRUE,"up",FALSE,FALSE
"PTPN9","up",-0.0183619682499997,7.40546120070833,-0.336065266228064,0.741697386672166,0.883293902061153,TRUE,"down",FALSE,FALSE
"TMEM106C","down",0.0294659850000009,11.578694305,0.336066174945978,0.741696715776705,0.883293902061153,TRUE,"up",FALSE,FALSE
"RNF5","up",0.015344843333334,12.1189492658333,0.334372929309596,0.742947195378852,0.883833808905842,TRUE,"up",TRUE,FALSE
"EHD1","down",-0.0327757466666669,11.8494495816667,-0.333260221900667,0.743769350990632,0.883907946330383,TRUE,"down",TRUE,FALSE
"OSBP","down",0.0150681312500013,9.206574854125,0.333319414743745,0.743725606509073,0.883907946330383,TRUE,"up",FALSE,FALSE
"PHACTR4","down",-0.0176370462499993,9.36071441895833,-0.333850113686731,0.743333452238379,0.883907946330383,TRUE,"down",TRUE,FALSE
"PYY","up",0.0196668690000007,6.52306763125,0.333558664713561,0.743548806196157,0.883907946330383,TRUE,"up",TRUE,FALSE
"TEAD1","up",-0.0198202074999988,11.4593220804167,-0.33363651592316,0.743491279143627,0.883907946330383,TRUE,"down",FALSE,FALSE
"TTF1","up",-0.0156245092499993,9.32110783320833,-0.334077421241594,0.743165508321711,0.883907946330383,TRUE,"down",FALSE,FALSE
"ASB11","down",0.0225795746666671,5.20491620583333,0.333110259441944,0.743880179806573,0.883962251298372,TRUE,"up",FALSE,FALSE
"C1QL1","up",-0.0463488462499991,6.64860101420833,-0.33235973860147,0.744434935806112,0.884070014806244,TRUE,"down",FALSE,FALSE
"KLK5","up",-0.0698913055833329,6.38388033379167,-0.332399476489526,0.744405559408607,0.884070014806244,TRUE,"down",FALSE,FALSE
"LAS1L","up",0.0213630916666683,11.8483535475,0.33229471258146,0.744483007447869,0.884070014806244,TRUE,"up",TRUE,FALSE
"SMURF2","down",0.0140480507499999,8.32162294654167,0.331532291466567,0.745046723033659,0.884352844148348,TRUE,"up",FALSE,FALSE
"SP110","up",0.0212918997500018,10.0397584767083,0.33116686917112,0.745316961026716,0.884451902422171,TRUE,"up",TRUE,FALSE
"HEPN1","down",-0.0222919444999994,5.57335804791667,-0.331092876949846,0.745371684164293,0.884481638034451,TRUE,"down",TRUE,FALSE
"LPL","down",0.0671816018333346,7.83229569025,0.330404794829536,0.745880643793782,0.884749126320305,TRUE,"up",FALSE,FALSE
"TSPAN31","up",-0.0138825876666653,8.784616186,-0.330334356349349,0.745932752567924,0.884749221836335,TRUE,"down",FALSE,FALSE
"PTPRC","down",-0.0267850453333324,8.35651606058333,-0.32885371598934,0.747028393971493,0.885465855642623,TRUE,"down",TRUE,FALSE
"PLXNB3","up",0.0216691977499999,6.03463002854167,0.327758129954437,0.747839468489466,0.885825705792279,TRUE,"up",TRUE,FALSE
"ZFPL1","up",0.0165207135833363,8.55016579720833,0.327364228480395,0.748131153776283,0.886099382867144,TRUE,"up",TRUE,FALSE
"ATRN","down",-0.0211539015833323,9.58288941345833,-0.327147340863782,0.748291776796641,0.886195761353027,TRUE,"down",TRUE,FALSE
"CCNB1IP1","up",-0.0166786775000001,10.9560667420833,-0.327137045013942,0.748299402016557,0.886195761353027,TRUE,"down",FALSE,FALSE
"DPM2","down",-0.0193828413333323,9.34373539608333,-0.327100309821348,0.748326608727495,0.886195761353027,TRUE,"down",TRUE,FALSE
"PRCP","up",-0.0229189650000012,15.0092766358333,-0.32662547995347,0.748678307068843,0.88647711139559,TRUE,"down",FALSE,FALSE
"KRTAP1-3","up",0.0192029063333343,10.8016067401667,0.326302836571071,0.748917316548874,0.886606027604656,TRUE,"up",TRUE,FALSE
"VPS72","up",-0.0159765149999984,11.57789552,-0.326204416667954,0.748990229888198,0.886643722305931,TRUE,"down",FALSE,FALSE
"REEP1","up",0.061664346916667,10.5542901504583,0.325794767360906,0.749293740924418,0.886834080600446,TRUE,"up",TRUE,FALSE
"TTLL1","up",-0.0164125474999985,7.69491734833333,-0.325299019959764,0.749661099960267,0.887043792808554,TRUE,"down",FALSE,FALSE
"DNAL4","up",0.0182467532500009,7.71849491479167,0.325004627047013,0.749879280955034,0.88718916414099,TRUE,"up",TRUE,FALSE
"CDH23","up",-0.0313432402499983,6.92017991654167,-0.324708473580901,0.750098789104765,0.887313723495765,TRUE,"down",FALSE,FALSE
"UBE3B","down",0.0157459059999998,7.66581594425,0.324228456615829,0.750454623994171,0.887468268367568,TRUE,"up",FALSE,FALSE
"FAM120A","down",0.016701485916668,10.245873550375,0.323605302869005,0.75091665341366,0.887611194594864,TRUE,"up",FALSE,FALSE
"FRAS1","up",0.0412685050833347,9.99683404429167,0.32315389707089,0.751251404321816,0.887832178422618,TRUE,"up",TRUE,FALSE
"BAHD1","down",-0.0154335649999996,10.8169677516667,-0.322878047891333,0.751455992502147,0.887837583141059,TRUE,"down",TRUE,FALSE
"GAB2","down",-0.078180997999999,10.6184455120833,-0.322907512061513,0.751434138981603,0.887837583141059,TRUE,"down",TRUE,FALSE
"EP400","down",0.0159543810000014,8.55528486766667,0.322135944666862,0.752006481865104,0.888147833622726,TRUE,"up",FALSE,FALSE
"FAM122B","up",-0.017021641333333,6.70091279108333,-0.321584767414839,0.752415433554116,0.888363124649219,TRUE,"down",FALSE,FALSE
"DDX18","down",0.0141060642500014,9.07407975454167,0.321325999233827,0.752607455863427,0.888419347707775,TRUE,"up",FALSE,FALSE
"DNAJC19","up",0.0153743825000007,10.5348242629167,0.321238461995258,0.752672417854655,0.888419347707775,TRUE,"up",TRUE,FALSE
"RXRB","up",0.0233033325833341,9.89503546520833,0.321139788865975,0.752745646193897,0.888419347707775,TRUE,"up",TRUE,FALSE
"AFTPH","down",-0.0118624833333327,10.40683431,-0.320639237274393,0.753117158751876,0.888651363564284,TRUE,"down",TRUE,FALSE
"PRKACG","down",0.0207412222500012,5.74572956679167,0.319213514225936,0.754175686279236,0.889292509736572,TRUE,"up",FALSE,FALSE
"ACVR1C","down",-0.074492112,7.62393456525,-0.318466032508302,0.754730858456431,0.889682282473199,TRUE,"down",TRUE,FALSE
"ECH1","down",0.0180929964166666,9.868625800625,0.317818065246513,0.755212232544355,0.889910610739103,TRUE,"up",FALSE,FALSE
"ODF3","up",0.0204894311666671,5.5040774025,0.317264366415021,0.75562365819374,0.890074943377006,TRUE,"up",TRUE,FALSE
"RANBP9","up",0.0129877316666672,10.5454187783333,0.317155783409017,0.755704349753779,0.890074943377006,TRUE,"up",TRUE,FALSE
"GNG4","down",-0.0491691514999994,9.80428332508333,-0.316731546680482,0.756019642143976,0.890115657636983,TRUE,"down",TRUE,FALSE
"PTGES3","up",-0.0212376674999994,11.6396888170833,-0.316739917599876,0.756013420448014,0.890115657636983,TRUE,"down",FALSE,FALSE
"MTMR9","up",-0.0139243367499992,8.497645013875,-0.315962215677115,0.756591523110139,0.890384115671637,TRUE,"down",FALSE,FALSE
"SNX15","up",-0.0150531844166658,7.488441514375,-0.315222716673579,0.757141367743763,0.8906938469138,TRUE,"down",FALSE,FALSE
"TM4SF18","up",0.0306665177499996,8.88557706454167,0.314664579184261,0.757556453645281,0.890878590858609,TRUE,"up",TRUE,FALSE
"SSSCA1","up",0.0211009216666682,10.9692446891667,0.31445776932474,0.757710277461978,0.890992042888987,TRUE,"up",TRUE,FALSE
"GBP3","down",-0.0155607310833325,10.596903791625,-0.313195688233259,0.758649235234776,0.89145516912661,TRUE,"down",TRUE,FALSE
"BTG3","up",0.0242620850000011,11.5569705491667,0.312888099116613,0.758878133926338,0.89160253641973,TRUE,"up",TRUE,FALSE
"RBMX2","up",0.018320463916668,8.173181648875,0.312089057462369,0.759472866353959,0.891777454461033,TRUE,"up",TRUE,FALSE
"ARPC3","up",0.0148513291666671,13.4695795570833,0.311625005848568,0.759818335668241,0.891856437236286,TRUE,"up",TRUE,FALSE
"PTEN","up",0.0278810108333341,10.97291445625,0.311665215838225,0.759788398711794,0.891856437236286,TRUE,"up",TRUE,FALSE
"C1orf88","up",0.0394725434166676,7.12926391920833,0.310955745485413,0.76031666881191,0.892175001078199,TRUE,"up",TRUE,FALSE
"DEFA4","up",-0.0185504689166666,5.39984488929167,-0.310829950435496,0.760410348470979,0.89224237557835,TRUE,"down",FALSE,FALSE
"DUSP19","up",-0.0269355399166664,7.419356082625,-0.309806737907973,0.761172480015456,0.892698395826989,TRUE,"down",FALSE,FALSE
"HADHB","up",-0.0193402608333323,12.9306875979167,-0.309327086364405,0.76152983302306,0.892943943683961,TRUE,"down",FALSE,FALSE
"MRPL50","up",-0.0153603650000002,11.1002409208333,-0.308941347509281,0.761817259495138,0.893117487437102,TRUE,"down",FALSE,FALSE
"RPS20","up",-0.0261935024999994,17.1212950954167,-0.308333657459506,0.762270142803955,0.893442084296221,TRUE,"down",FALSE,FALSE
"MPP4","down",-0.0275821596666656,6.01290177766667,-0.308150475031426,0.762406677900964,0.893538786049289,TRUE,"down",TRUE,FALSE
"CRYGD","down",-0.0135848614999993,5.60687966166667,-0.306873028901675,0.763359050395909,0.894048730089054,TRUE,"down",TRUE,FALSE
"AANAT","down",0.0163704940833343,7.18005188920833,0.306420814640301,0.763696284210176,0.894117697145776,TRUE,"up",FALSE,FALSE
"SIRPB2","down",-0.018494997166666,6.48706456108333,-0.306601028519457,0.763561885733992,0.894117697145776,TRUE,"down",TRUE,FALSE
"KCNC3","up",0.0659764975000018,9.26403282091667,0.306289813022139,0.763793986508726,0.894152917971485,TRUE,"up",TRUE,FALSE
"SNTB2","down",0.015804343333334,11.85367596,0.305263757316976,0.764559372977231,0.89445577408509,TRUE,"up",FALSE,FALSE
"CYB5R1","up",-0.0117632758333314,11.3144464170833,-0.304911581997951,0.764822137020175,0.89454767151588,TRUE,"down",FALSE,FALSE
"RAB26","up",-0.0137010087499998,6.24492679479167,-0.304700813600635,0.764979409283693,0.894596921537934,TRUE,"down",FALSE,FALSE
"RFPL2","up",-0.0150338405833331,5.476198944375,-0.304798734820296,0.764906340580835,0.894596921537934,TRUE,"down",FALSE,FALSE
"ALDH3B2","up",-0.0224684498333331,6.005932939,-0.304478672413882,0.765145179375731,0.894689760793388,TRUE,"down",FALSE,FALSE
"ANAPC13","up",-0.0137410946666648,10.0718096141667,-0.303937598421823,0.765548998954334,0.894892535853018,TRUE,"down",FALSE,FALSE
"SLFN11","up",0.0268520658333353,11.3907168154167,0.303406831234453,0.765945194854361,0.895254630398537,TRUE,"up",TRUE,FALSE
"HYAL1","up",0.0226326924999986,8.10969550975,0.303336107167689,0.765997992588256,0.895282664122712,TRUE,"up",TRUE,FALSE
"GRP","up",0.0414727155000005,6.27357400058333,0.301501241050755,0.767368197813158,0.896204471345998,TRUE,"up",TRUE,FALSE
"PSMB2","up",-0.0126442016666651,10.7194116741667,-0.301051267735178,0.767704343282714,0.896231941481833,TRUE,"down",FALSE,FALSE
"ERH","up",0.0127220300000012,13.1015441733333,0.2989154510787,0.769300530614158,0.897319233980945,TRUE,"up",TRUE,FALSE
"TSEN54","up",0.0131246575833341,9.939065376875,0.298066575330771,0.769935233222306,0.897418746986997,TRUE,"up",TRUE,FALSE
"FCER1A","up",-0.0464773350833319,10.283538152875,-0.297618291833831,0.770270482781699,0.897575264991298,TRUE,"down",FALSE,FALSE
"DIRAS2","up",-0.0144112709999998,5.33300413641667,-0.297382790879255,0.770446621622881,0.897666844206684,TRUE,"down",FALSE,FALSE
"LGALS12","up",-0.0206859064999996,6.00472771516667,-0.297384027216282,0.770445696891855,0.897666844206684,TRUE,"down",FALSE,FALSE
"MMRN1","up",0.0574705215833332,9.63823241304167,0.297240142525146,0.770553319356734,0.89769140380133,TRUE,"up",TRUE,FALSE
"PROS1","up",-0.0250154584166667,9.64643610054167,-0.2963661619757,0.771207141936123,0.89811555286722,TRUE,"down",FALSE,FALSE
"C5orf4","down",-0.0226075324999982,12.0204571054167,-0.295016925415524,0.77221685577121,0.898742388179722,TRUE,"down",TRUE,FALSE
"SMN1","down",0.0161376041666658,11.8266579670833,0.294632990135019,0.772504255545212,0.898964541713825,TRUE,"up",FALSE,FALSE
"TBC1D7","up",-0.0136708844166659,8.84216351254167,-0.294419965454706,0.772663732871082,0.898985601208881,TRUE,"down",FALSE,FALSE
"STAG2","down",-0.0181459627499989,10.4099356969583,-0.294049333476596,0.772941225585033,0.899169964858785,TRUE,"down",TRUE,FALSE
"SLC3A2","up",0.0195799700000013,11.4910766916667,0.293504379362637,0.773349291942547,0.899408960558401,TRUE,"up",TRUE,FALSE
"MST1R","down",-0.0165377533333328,6.89285845833333,-0.292866326152731,0.773827159919007,0.899695323218087,TRUE,"down",TRUE,FALSE
"THOC7","down",-0.0124870883333314,11.6173996333333,-0.292137686720685,0.77437298831389,0.900060505475973,TRUE,"down",TRUE,FALSE
"ADRB2","up",-0.0249143836666651,10.15721025125,-0.291539585646523,0.774821121968155,0.900345620859929,TRUE,"down",FALSE,FALSE
"TFRC","down",0.0220441295833345,9.96703008304167,0.290371470584405,0.775696584262993,0.900958592487281,TRUE,"up",FALSE,FALSE
"NRXN3","down",0.0412154538333322,9.3636877295,0.288713792103507,0.776939499541668,0.901532885810142,TRUE,"up",FALSE,FALSE
"AMPD2","up",-0.0272422084999992,9.61532040083333,-0.288084617247593,0.777411416147031,0.901669560377773,TRUE,"down",FALSE,FALSE
"HIST1H3H","up",-0.0210561909166664,7.78478940179167,-0.287989629718521,0.777482670058008,0.901699260778323,TRUE,"down",FALSE,FALSE
"DPF3","up",0.020481146916667,7.10054581895833,0.287880539367505,0.777564505612718,0.901712484824901,TRUE,"up",TRUE,FALSE
"USP10","up",-0.0187328271666647,9.26389703641667,-0.287787365940972,0.777634403042821,0.90173181624299,TRUE,"down",FALSE,FALSE
"SLC2A5","up",0.0340540490000011,8.58438882475,0.287626297052159,0.777755239421859,0.901766679887287,TRUE,"up",TRUE,FALSE
"UGT2A1","down",0.0156678998333342,6.0087965325,0.287470087864069,0.777872435666161,0.901766679887287,TRUE,"up",FALSE,FALSE
"NCKIPSD","down",-0.0168103359999996,6.92181501333333,-0.286960209007252,0.778255012205319,0.901989517190562,TRUE,"down",TRUE,FALSE
"CTHRC1","down",0.0569715132500015,9.73419783620833,0.286448812091821,0.778638787602419,0.902183853838325,TRUE,"up",FALSE,FALSE
"RANBP2","down",0.0120286508333342,11.05247859625,0.286152421259298,0.778861240083909,0.90237430373568,TRUE,"up",FALSE,FALSE
"PDXP","down",-0.0158866569999993,7.7013246065,-0.285686353284301,0.779211082238755,0.90262123089125,TRUE,"down",TRUE,FALSE
"TSPAN14","up",-0.0202954147500004,8.41359160420833,-0.285481110124197,0.779365158554594,0.902646955124222,TRUE,"down",FALSE,FALSE
"ASNS","up",0.0137325558333346,10.7262842520833,0.284876326026992,0.779819226610654,0.902810947101093,TRUE,"up",TRUE,FALSE
"KLHDC7A","up",-0.010996104249999,5.996913606125,-0.284895739818175,0.779804649565772,0.902810947101093,TRUE,"down",FALSE,FALSE
"C19orf12","down",-0.0140358991666658,10.55868315375,-0.284287644041396,0.780261285242549,0.903053549933194,TRUE,"down",TRUE,FALSE
"SLC29A1","up",-0.0160448466666653,11.3806743391667,-0.284203078161824,0.780324794720072,0.903059779565051,TRUE,"down",FALSE,FALSE
"ANG","up",0.0316572358333342,11.8764793179167,0.284092385203195,0.780407928242919,0.903088717230791,TRUE,"up",TRUE,FALSE
"TRPC4AP","up",0.0127763929166686,9.23417659270833,0.283548284728293,0.780816603407929,0.903359775890501,TRUE,"up",TRUE,FALSE
"RPLP0","up",-0.0194178225000001,15.65494332625,-0.28308051165139,0.781168002514221,0.903429939111991,TRUE,"down",FALSE,FALSE
"SERPINA9","up",-0.0124865876666661,5.7137177625,-0.282143249431452,0.781872238770573,0.904042503742762,TRUE,"down",FALSE,FALSE
"GAGE1","up",-0.0174516775833329,5.38072279320833,-0.281281880874469,0.782519625117461,0.904387197011336,TRUE,"down",FALSE,FALSE
"CTAGE5","up",0.00951819308333425,7.65857787254167,0.281057137070712,0.782688565270788,0.904424128083751,TRUE,"up",TRUE,FALSE
"NECAP1","up",-0.0143784381666664,7.69075295641667,-0.280683049394404,0.782969792545057,0.904503751123174,TRUE,"down",FALSE,FALSE
"CABP2","down",-0.0164815773333331,5.28483697466667,-0.280352240198611,0.783218510607116,0.904622911366601,TRUE,"down",TRUE,FALSE
"DRP2","up",-0.0198967947499987,5.79571384629167,-0.279638358382443,0.783755324456404,0.904805700966352,TRUE,"down",FALSE,FALSE
"NKD1","up",0.0246542691666669,6.842862639,0.280003421134811,0.783480795928276,0.904805700966352,TRUE,"up",TRUE,FALSE
"GNG8","up",-0.0282437920833322,7.171612431375,-0.279252247585588,0.784045713641171,0.904917727893704,TRUE,"down",FALSE,FALSE
"TMIGD2","down",-0.0153943524166668,6.53929901745833,-0.279014342122407,0.784224656008025,0.90497766142321,TRUE,"down",TRUE,FALSE
"ANXA8","down",0.103250132166666,8.19072276066667,0.278368655010926,0.784710378056191,0.905274534851019,TRUE,"up",FALSE,FALSE
"DEPDC1B","up",-0.0239887514999997,5.96567816158333,-0.278072045115035,0.784933535804841,0.90535858140718,TRUE,"down",FALSE,FALSE
"MTMR11","up",0.0184820960833336,9.88688765679167,0.277091847344404,0.785671137693737,0.905705037857824,TRUE,"up",TRUE,FALSE
"STEAP2","up",-0.048405567083333,9.38079034204167,-0.276891445680827,0.785821966847566,0.9057320003502,TRUE,"down",FALSE,FALSE
"XRCC6","up",-0.0130558799999989,14.6941468216667,-0.276456690736395,0.786149208917414,0.905852859878435,TRUE,"down",FALSE,FALSE
"FAM105A","up",0.038579759166667,8.40003071833333,0.276088499619143,0.786426380823114,0.905949722966432,TRUE,"up",TRUE,FALSE
"HMGN3","up",-0.0107196491666671,11.91282876125,-0.275694174096592,0.786723259794125,0.906145159390937,TRUE,"down",FALSE,FALSE
"USP40","up",-0.0126444028333317,8.47188794891667,-0.275693625402934,0.786723672917395,0.906145159390937,TRUE,"down",FALSE,FALSE
"SAFB2","down",0.0106970391666678,8.939066228,0.275374316907855,0.786964098435872,0.906315846413326,TRUE,"up",FALSE,FALSE
"NR1I2","down",-0.0130731990833328,5.25008788345833,-0.275038170622606,0.787217226393546,0.906343472360009,TRUE,"down",TRUE,FALSE
"ZNF609","down",-0.0192624258333327,11.3290542429167,-0.27522376343692,0.787077466509583,0.906343472360009,TRUE,"down",TRUE,FALSE
"SNRPB2","up",-0.0121575114166649,10.2063754530417,-0.274736792130782,0.7874441943655,0.906471028724244,TRUE,"down",FALSE,FALSE
"TACC1","down",-0.0201443824999987,13.3767734304167,-0.274435090668436,0.787671425599777,0.906507999280348,TRUE,"down",TRUE,FALSE
"XAGE2","down",-0.0384886569166664,5.67058959645833,-0.27442561065922,0.787678565943436,0.906507999280348,TRUE,"down",TRUE,FALSE
"ZNF750","up",0.0674795900000007,5.91484694733333,0.274384267476603,0.787709705862815,0.906507999280348,TRUE,"up",TRUE,FALSE
"NDUFA2","up",0.0112922900000018,13.0921948783333,0.273715082779079,0.788213791822504,0.906819421634658,TRUE,"up",TRUE,FALSE
"HK1","down",-0.0248226489166646,10.0320403734583,-0.273361156645654,0.78848043837644,0.906991862180984,TRUE,"down",TRUE,FALSE
"FAM89B","up",-0.0191037299999979,12.722234935,-0.273067813278371,0.788701462924978,0.907082015547846,TRUE,"down",FALSE,FALSE
"FBXO7","up",0.012425686666668,12.7539889091667,0.272912480232967,0.788818508881918,0.907082015547846,TRUE,"up",TRUE,FALSE
"TM4SF19","up",0.0167617430833344,5.33614117404167,0.272878398858137,0.788844190454536,0.907082015547846,TRUE,"up",TRUE,FALSE
"TNP2","up",-0.0145552660833328,5.93978934395833,-0.272819567531464,0.788888522626598,0.907082015547846,TRUE,"down",FALSE,FALSE
"CCNA1","down",-0.016630079083333,5.914369698125,-0.272334690650463,0.789253928993786,0.907232030739526,TRUE,"down",TRUE,FALSE
"RRM2B","up",0.020726581333335,7.99833563983333,0.271923170892494,0.789564093252231,0.907499278890779,TRUE,"up",TRUE,FALSE
"CRLS1","up",-0.0104337749999995,11.2875185808333,-0.271518196261184,0.789869360487487,0.907678753982075,TRUE,"down",FALSE,FALSE
"MOG","up",0.0124407672500005,5.27585841804167,0.271485240464752,0.78989420392461,0.907678753982075,TRUE,"up",TRUE,FALSE
"SMCHD1","down",-0.0126560729166658,8.55964475220833,-0.271173505864184,0.790129214009629,0.907678753982075,TRUE,"down",TRUE,FALSE
"MBNL3","up",-0.0156213285833325,7.27289459045833,-0.270942644085809,0.790303269424529,0.907744462056741,TRUE,"down",FALSE,FALSE
"HBA2","up",0.0806867825000018,14.5084857504167,0.270721563464189,0.790469961318719,0.907820739046277,TRUE,"up",TRUE,FALSE
"KIAA1377","down",-0.0368582556666657,8.62883799608333,-0.27066082214175,0.7905157613406,0.907820739046277,TRUE,"down",TRUE,FALSE
"ZMYND15","up",-0.0144404332499986,8.607101360625,-0.269925350144257,0.791070383675412,0.908122029096775,TRUE,"down",FALSE,FALSE
"FBXO11","down",0.010575460333333,9.92647691041667,0.269782604740263,0.791178042139236,0.908144962148147,TRUE,"up",FALSE,FALSE
"CLIC2","up",0.0224367106666674,9.57769417775,0.269125718332983,0.79167352216635,0.908475973376002,TRUE,"up",TRUE,FALSE
"ATP5G3","up",0.0163773866666687,13.5575459333333,0.267326185686407,0.793031360940687,0.909163946690367,TRUE,"up",TRUE,FALSE
"TMTC4","down",-0.0171500725833321,8.62007376004167,-0.266955465653572,0.793311174577683,0.909274013884953,TRUE,"down",TRUE,FALSE
"IRS2","up",-0.0288484692499994,9.03768712979167,-0.266494534965354,0.793659118906334,0.909313279596519,TRUE,"down",FALSE,FALSE
"PDE8A","down",0.0155893789166674,7.23418889445833,0.265977997638052,0.794049093274281,0.909574337502611,TRUE,"up",FALSE,FALSE
"TSPAN8","up",0.05463843125,7.41196155104167,0.265960092918517,0.794062611968841,0.909574337502611,TRUE,"up",TRUE,FALSE
"PTPN4","up",-0.0132344276666668,8.97592281933333,-0.26584308277282,0.794150960441802,0.909591970748049,TRUE,"down",FALSE,FALSE
"COL1A2","down",-0.0583194725000003,16.2623190070833,-0.264879888017209,0.794878331395056,0.909901706908745,TRUE,"down",TRUE,FALSE
"LIX1L","up",-0.012978559583333,8.954003655875,-0.264689762333063,0.795021931026826,0.909901706908745,TRUE,"down",FALSE,FALSE
"CCDC120","up",0.0265547015000017,9.24767683225,0.263940905977985,0.795587607967794,0.909975094721091,TRUE,"up",TRUE,FALSE
"CCNJ","up",0.0123780247500006,8.16557022745833,0.263925813205612,0.795599010088576,0.909975094721091,TRUE,"up",TRUE,FALSE
"RAI14","up",0.0233373950000007,10.9252295858333,0.264191431224251,0.795398350990394,0.909975094721091,TRUE,"up",TRUE,FALSE
"SUSD4","up",-0.0235129227499991,5.83302798079167,-0.264084072516065,0.795479452500081,0.909975094721091,TRUE,"down",FALSE,FALSE
"COX11","up",0.0114151695833352,9.86582335495833,0.263374120113901,0.796015830254417,0.910150346006739,TRUE,"up",TRUE,FALSE
"VPS37A","up",-0.00973902766666582,9.35758153441667,-0.263038658772698,0.796269312583995,0.910264893387157,TRUE,"down",FALSE,FALSE
"CGGBP1","up",0.0184743575000026,11.3232152104167,0.262486097044315,0.796686892884601,0.910398850197136,TRUE,"up",TRUE,FALSE
"RPS4Y1","down",-0.0153785754999992,5.34550231966667,-0.26236706281462,0.796776857524655,0.910439520596624,TRUE,"down",TRUE,FALSE
"OR51B5","up",0.0182600899166674,5.800076048875,0.262016221167802,0.797042036822687,0.910704205639279,TRUE,"up",TRUE,FALSE
"PHF5A","up",-0.0169314926666658,8.49439533816667,-0.260545394214767,0.798154025231489,0.911304544425399,TRUE,"down",FALSE,FALSE
"RNF185","up",-0.013927689583332,8.721651488125,-0.259316465270028,0.799083479755871,0.911766411601018,TRUE,"down",FALSE,FALSE
"ISYNA1","up",-0.0226759382499993,10.2944378590417,-0.25822758270649,0.799907279061153,0.912289368536703,TRUE,"down",FALSE,FALSE
"FZD7","up",-0.0357160125,11.40278747125,-0.258110378353807,0.799995965297587,0.912321951340945,TRUE,"down",FALSE,FALSE
"LRP11","up",-0.0141263397499996,7.689114270625,-0.257437443874297,0.800505216886632,0.912446738778482,TRUE,"down",FALSE,FALSE
"CDC42BPG","down",-0.0138535679999996,5.55674708183333,-0.25727203420738,0.800630407117075,0.912522485875642,TRUE,"down",TRUE,FALSE
"NRBP1","up",-0.0116927033333329,10.7139305333333,-0.257150276773165,0.800722562800676,0.912552313245186,TRUE,"down",FALSE,FALSE
"SEMG2","down",-0.0184845460833327,5.422411113875,-0.257043447895617,0.800803421899347,0.912552313245186,TRUE,"down",TRUE,FALSE
"ALS2","up",-0.0117300743333322,7.21697324316667,-0.256977806951444,0.800853106900285,0.912575463459207,TRUE,"down",FALSE,FALSE
"SUPT4H1","up",-0.0107218916666649,12.3700191008333,-0.256460707515416,0.8012445414517,0.912666643127396,TRUE,"down",FALSE,FALSE
"GMFB","up",0.0101098267500016,8.900100200875,0.256178303269705,0.801458339504832,0.912763021848556,TRUE,"up",TRUE,FALSE
"FAM54A","up",0.0171235218333334,5.91143250758333,0.255937585265508,0.801640591416142,0.91280390298982,TRUE,"up",TRUE,FALSE
"PRMT8","up",0.0133546801666674,5.4503515385,0.255960085228961,0.801623555784124,0.91280390298982,TRUE,"up",TRUE,FALSE
"ATOH7","up",-0.0118016872499997,5.696526563875,-0.253946910545487,0.803148224286095,0.913275326567832,TRUE,"down",FALSE,FALSE
"ROBO2","down",0.0241603557500014,6.350420008375,0.253848075847441,0.803223097720324,0.913275326567832,TRUE,"up",FALSE,FALSE
"STOML1","up",-0.0169250721666664,10.43321573975,-0.254386988557037,0.802814862113273,0.913275326567832,TRUE,"down",FALSE,FALSE
"STX6","down",0.0109103104166675,8.77267845395833,0.254158882987692,0.802987648720563,0.913275326567832,TRUE,"up",FALSE,FALSE
"MIB2","down",0.0144636421666673,9.36097056666667,0.253374165914382,0.803582141770584,0.913406024491484,TRUE,"up",FALSE,FALSE
"SH3KBP1","down",0.0167442850000002,10.6014188825,0.253390375747283,0.803569860104115,0.913406024491484,TRUE,"up",FALSE,FALSE
"CD300LB","up",-0.0153054824999988,6.63984820925,-0.253012133738106,0.803856455842929,0.913465236807313,TRUE,"down",FALSE,FALSE
"FCHSD2","down",0.0181713463333338,9.4301991865,0.252996604124528,0.803868223328372,0.913465236807313,TRUE,"up",FALSE,FALSE
"CDKL3","up",0.0133813513333352,8.21796627591667,0.2525768082484,0.804186340159593,0.913606901290204,TRUE,"up",TRUE,FALSE
"CRYL1","up",-0.0147427041666655,11.47307324625,-0.252560483917167,0.804198711289533,0.913606901290204,TRUE,"down",FALSE,FALSE
"ADAMTS12","down",-0.0153874852499991,6.235000810125,-0.252310115527272,0.804388455721541,0.913690470266169,TRUE,"down",TRUE,FALSE
"SPTAN1","down",0.0163467916666675,12.8031541433333,0.252084998951222,0.804559073690329,0.913778404871497,TRUE,"up",FALSE,FALSE
"PKIB","up",-0.0159342024999988,6.06193499458333,-0.251370223526058,0.805100877021753,0.913963481451898,TRUE,"down",FALSE,FALSE
"GTF2F1","down",0.00947855666666787,11.8917435841667,0.250478369266026,0.805777052379701,0.914091731409598,TRUE,"up",FALSE,FALSE
"GATS","up",0.0129821893333341,7.53533926625,0.24927819930639,0.806687236715553,0.914157604540136,TRUE,"up",TRUE,FALSE
"GPR64","up",0.0524780592500012,6.60046388279167,0.249478394991914,0.806535392209265,0.914157604540136,TRUE,"up",TRUE,FALSE
"LACTB2","down",0.012342875333334,8.5579189655,0.249245170767538,0.806712288991258,0.914157604540136,TRUE,"up",FALSE,FALSE
"OR2F1","up",0.0118770159166667,5.62150022354167,0.249386880312194,0.806604803299358,0.914157604540136,TRUE,"up",TRUE,FALSE
"COPZ2","up",0.022929985833334,11.5361791045833,0.248894593823214,0.806978216508987,0.914279967194656,TRUE,"up",TRUE,FALSE
"HSF4","up",0.016983889000001,7.81771299283333,0.24793777912581,0.807704126840788,0.914763645755023,TRUE,"up",TRUE,FALSE
"OR2A7","up",0.011438994916667,5.69124918920833,0.248000885415119,0.807656244087969,0.914763645755023,TRUE,"up",TRUE,FALSE
"C6orf118","down",0.010618636833334,5.3921185565,0.246230961323388,0.808999500089047,0.915329838450442,TRUE,"up",FALSE,FALSE
"PRIMA1","up",-0.0184905024999992,8.36970356941667,-0.24626182109104,0.808976074199154,0.915329838450442,TRUE,"down",FALSE,FALSE
"WDR33","up",-0.010976070583333,7.909788385875,-0.245830174282115,0.809303757869296,0.915511691461477,TRUE,"down",FALSE,FALSE
"GTPBP3","up",0.0101514482500007,8.188820099375,0.244808180785507,0.810079749436432,0.915834792594094,TRUE,"up",TRUE,FALSE
"IK","down",0.0122627741666688,12.0743696045833,0.244816299526425,0.810073584124525,0.915834792594094,TRUE,"up",FALSE,FALSE
"ORMDL3","down",0.0118997016666669,11.4045027008333,0.244280767538053,0.810480291115267,0.916152450473575,TRUE,"up",FALSE,FALSE
"PARK2","down",0.0122516717500002,6.61566554679167,0.243873556006069,0.810789583749252,0.916311393755761,TRUE,"up",FALSE,FALSE
"SUDS3","down",0.00935962250000088,9.10510704066667,0.242799947956613,0.811605186616434,0.916691979590906,TRUE,"up",FALSE,FALSE
"SPRY4","up",0.0267335355000009,7.98538040416667,0.2427321988557,0.811656662134196,0.916716797129648,TRUE,"up",TRUE,FALSE
"IGFBP2","up",-0.0272108983333321,12.3064948725,-0.242381819299866,0.811922893621523,0.916778416113765,TRUE,"down",FALSE,FALSE
"ST5","up",-0.0234522474999987,11.59361681125,-0.242146871894022,0.812101428940874,0.916804068608166,TRUE,"down",FALSE,FALSE
"TAF11","up",0.011754980333335,9.53054126883333,0.241552009491528,0.812553510174537,0.91702973514976,TRUE,"up",TRUE,FALSE
"GDPD2","up",-0.0173422749999996,5.25217667266667,-0.241451127456048,0.812630184983987,0.917049651624262,TRUE,"down",FALSE,FALSE
"MCTS1","up",0.0112105133333335,11.678010885,0.241327450018217,0.812724188022861,0.917079211560158,TRUE,"up",TRUE,FALSE
"PNPLA5","down",0.0142545520833333,6.154541865125,0.241375574425512,0.812687609932599,0.917079211560158,TRUE,"up",FALSE,FALSE
"RRBP1","down",-0.0214718149999997,11.3697238666667,-0.240956403182515,0.813006226110366,0.917174216958984,TRUE,"down",TRUE,FALSE
"GSS","up",0.0168195827500007,10.4884759794583,0.240368167549454,0.813453407606094,0.91738879641605,TRUE,"up",TRUE,FALSE
"ARHGAP12","up",-0.0255451866666648,10.7327258125,-0.239197900103136,0.814343254616826,0.917849448906486,TRUE,"down",FALSE,FALSE
"PIGS","up",0.0146561234166673,8.07480380529167,0.237427266216701,0.815690112073824,0.91856781539424,TRUE,"up",TRUE,FALSE
"ERCC1","down",-0.0130357699999985,11.0539765158333,-0.236891845873691,0.816097506090244,0.918664815548387,TRUE,"down",TRUE,FALSE
"PLCE1","up",0.0330388182500008,10.2723875542917,0.237265155369889,0.815813454180434,0.918664815548387,TRUE,"up",TRUE,FALSE
"CRISP1","down",0.0130099268333332,5.28554405583333,0.236550755744027,0.816357065628418,0.918719548830359,TRUE,"up",FALSE,FALSE
"C1orf198","up",0.0232605200000025,14.3407202908333,0.235838788637343,0.816898923499063,0.918858244495191,TRUE,"up",TRUE,FALSE
"DYX1C1","up",-0.0138446951666659,7.605210512,-0.235866682158515,0.816877692708253,0.918858244495191,TRUE,"down",FALSE,FALSE
"KCNC4","down",0.0186453712500008,6.88792710620833,0.235542439697589,0.817124494827581,0.918858244495191,TRUE,"up",FALSE,FALSE
"KCNK16","up",-0.0150255612499986,5.46341753254167,-0.235595942447015,0.817083769005116,0.918858244495191,TRUE,"down",FALSE,FALSE
"VPS54","down",-0.0105168727499992,8.91118198395833,-0.235920555264391,0.81683668831589,0.918858244495191,TRUE,"down",TRUE,FALSE
"PI4K2B","down",0.0161801260833334,8.08655237079167,0.235331570529681,0.817285011909254,0.918931785418648,TRUE,"up",FALSE,FALSE
"ARF1","up",0.00877866500000251,12.1941339875,0.234683823884597,0.817778140378755,0.919264932725243,TRUE,"up",TRUE,FALSE
"LILRA2","down",0.0144520207500008,6.27261937695833,0.234355228263775,0.81802833025139,0.919264932725243,TRUE,"up",FALSE,FALSE
"MARVELD3","down",0.010550611666667,5.81627096125,0.234631752537713,0.817817785683024,0.919264932725243,TRUE,"up",FALSE,FALSE
"PAX1","down",-0.0450967845,6.09884837225,-0.234294930150019,0.818074242945947,0.919264932725243,TRUE,"down",TRUE,FALSE
"GMPR2","up",-0.0148087724999984,11.5579917604167,-0.234076534802602,0.818240541144753,0.919312075791012,TRUE,"down",FALSE,FALSE
"CHML","up",-0.0154705434166658,7.964054592125,-0.23325179310819,0.818868626367725,0.919747178950909,TRUE,"down",FALSE,FALSE
"FBXL18","up",-0.0138162649999988,6.252300975,-0.233036587977338,0.819032537871355,0.919782349636503,TRUE,"down",FALSE,FALSE
"TCF4","down",0.015870987500002,13.5825553995833,0.233050220733713,0.81902215418978,0.919782349636503,TRUE,"up",FALSE,FALSE
"TMEM143","down",0.0118155075833341,9.34696813279167,0.233043485107367,0.819027284519799,0.919782349636503,TRUE,"up",FALSE,FALSE
"DUT","up",-0.0162372174999993,12.8251947379167,-0.232334575634763,0.819567288121215,0.92006629006801,TRUE,"down",FALSE,FALSE
"TMEM87B","up",0.00939010508333369,6.43723751370833,0.231264945143013,0.820382246144959,0.92068180562055,TRUE,"up",TRUE,FALSE
"ALOX12B","up",-0.0243082869999996,6.52046729775,-0.231213576048438,0.820421389988429,0.920692481570373,TRUE,"down",FALSE,FALSE
"ILK","up",0.0380258516666662,13.2978285633333,0.231142476554912,0.820475569441413,0.920692790982432,TRUE,"up",TRUE,FALSE
"STXBP3","up",0.0129210899999997,10.4620661541667,0.230562699404864,0.82091740839344,0.920949767613856,TRUE,"up",TRUE,FALSE
"SRPK1","up",-0.0141900283333332,10.9889157808333,-0.230204182378973,0.821190660034231,0.921056787661395,TRUE,"down",FALSE,FALSE
"MPDZ","up",0.0174902183333342,10.7866968916667,0.22973274892458,0.821550009999314,0.921227062818429,TRUE,"up",TRUE,FALSE
"CDC42EP4","down",0.0126189775000013,11.2197791604167,0.229368874532071,0.821827401484907,0.921288755701916,TRUE,"up",FALSE,FALSE
"CTRB2","up",-0.0184408658333333,10.9131282420833,-0.229512974829185,0.821717546900386,0.921288755701916,TRUE,"down",FALSE,FALSE
"LYAR","down",-0.0113284404999993,9.5828389915,-0.22913469409528,0.822005936745669,0.921372550289002,TRUE,"down",TRUE,FALSE
"SPDYA","up",0.00865254191666728,5.32374395354167,0.228902641141242,0.822182860122466,0.921429925990048,TRUE,"up",TRUE,FALSE
"MSC","up",-0.0175707669999998,6.98921251225,-0.228143273110346,0.822761892592702,0.921640568865063,TRUE,"down",FALSE,FALSE
"GINS3","up",0.0182756070833348,8.77210585004167,0.227746559393457,0.823064436847138,0.921814828437925,TRUE,"up",TRUE,FALSE
"HSD11B1L","up",0.0122825280833335,8.09621831745833,0.227722404199101,0.823082859171659,0.921814828437925,TRUE,"up",TRUE,FALSE
"SAMD4B","down",0.0116178330000014,7.85047238175,0.227365798866812,0.823354842188394,0.921875652269886,TRUE,"up",FALSE,FALSE
"YIPF4","up",-0.0134779486666664,8.44291570291667,-0.227373686408468,0.823348826103134,0.921875652269886,TRUE,"down",FALSE,FALSE
"DIABLO","up",0.00757460000000151,11.0104846625,0.227130850577648,0.823534050183069,0.921938624660597,TRUE,"up",TRUE,FALSE
"KIF12","up",0.0119085132500007,5.36414800054167,0.225193501488266,0.825012160709237,0.922811399170503,TRUE,"up",TRUE,FALSE
"AGR2","down",-0.0198062372499995,5.630219838625,-0.223801978913633,0.826074254721511,0.923268200521808,TRUE,"down",TRUE,FALSE
"RPLP1","up",-0.0265214458333318,17.4551513854167,-0.221895905656522,0.827529656893429,0.924019942183831,TRUE,"down",FALSE,FALSE
"GDAP2","up",-0.0124016290833322,7.647723941375,-0.22035470448501,0.82870693740624,0.924493656292839,TRUE,"down",FALSE,FALSE
"HLA-F","down",-0.0123598683333312,13.95681264,-0.220462744512072,0.828624394718379,0.924493656292839,TRUE,"down",TRUE,FALSE
"OXCT1","up",0.0211137950000003,10.2319717863333,0.219179819455958,0.829604685812347,0.925051202094353,TRUE,"up",TRUE,FALSE
"EGFL8","up",0.0189890995833354,9.931692619875,0.218961879489771,0.829771244364707,0.92517448187417,TRUE,"up",TRUE,FALSE
"RBM38","down",0.0382677189166668,8.418333052625,0.218957232354929,0.829774795985755,0.92517448187417,TRUE,"up",FALSE,FALSE
"COPS8","up",-0.0120429413333318,10.0655095183333,-0.21888508564664,0.82982993535082,0.925202761176242,TRUE,"down",FALSE,FALSE
"FKBP1A","up",0.010926512833334,10.22004577525,0.217592835014742,0.830817717142705,0.925642240634792,TRUE,"up",TRUE,FALSE
"GAL3ST4","up",-0.0118122663333332,7.1488026135,-0.217550991448982,0.830849706851967,0.925642240634792,TRUE,"down",FALSE,FALSE
"HPS5","down",0.0110238326666677,9.39430326425,0.2178111424603,0.830650824556916,0.925642240634792,TRUE,"up",FALSE,FALSE
"HSD17B1","up",-0.00820073041666634,9.141830116125,-0.217624423999513,0.830793567340658,0.925642240634792,TRUE,"down",FALSE,FALSE
"CLDN6","up",0.015400949166667,5.6186677395,0.217394987236503,0.830968975939527,0.925642361095325,TRUE,"up",TRUE,FALSE
"CHD2","down",0.0087175430833336,6.26539020270833,0.217266743545272,0.831067024650927,0.925649152736292,TRUE,"up",FALSE,FALSE
"PIWIL1","up",0.0101613786666674,5.35006545075,0.216196747754198,0.831885203308778,0.925932692262872,TRUE,"up",TRUE,FALSE
"EYA4","down",0.0511941633333336,7.75341533075,0.215737449121247,0.832236470721445,0.926099236968478,TRUE,"up",FALSE,FALSE
"PDLIM5","down",-0.024089721666667,11.1719947166667,-0.21555390822211,0.832376851514608,0.926148160504973,TRUE,"down",TRUE,FALSE
"MRPL30","up",-0.00755340566666659,10.15923980825,-0.215310943729446,0.832562691401991,0.926288597366179,TRUE,"down",FALSE,FALSE
"MGAT1","up",0.0102028074999999,12.1287538404167,0.215176589305738,0.832665461533058,0.926350417925967,TRUE,"up",TRUE,FALSE
"EVI2B","up",0.0207646796666675,7.46267195508333,0.214928545399449,0.832855203130702,0.926366560422688,TRUE,"up",TRUE,FALSE
"CABP4","up",-0.0100088452500002,6.76341159320833,-0.214380369511806,0.833274569432796,0.926549793208411,TRUE,"down",FALSE,FALSE
"PDE1B","down",-0.019281382166666,8.11154259741667,-0.214170210991136,0.833435359149952,0.926629100780309,TRUE,"down",TRUE,FALSE
"ATP6V1H","up",0.0130873958333343,10.3315343870833,0.213911309328271,0.833633452259984,0.926783020094537,TRUE,"up",TRUE,FALSE
"SNX9","down",-0.0121882949999978,10.9449024466667,-0.213723290141989,0.833777318482638,0.926854754678936,TRUE,"down",TRUE,FALSE
"FAM8A1","up",-0.00911808474999908,8.133733193875,-0.21308986241554,0.834262042311916,0.92711695918154,TRUE,"down",FALSE,FALSE
"PSMD1","down",0.0122086725000017,12.20115889125,0.212386213419931,0.834800584025738,0.927238675309092,TRUE,"up",FALSE,FALSE
"RNF24","up",0.0141976069166666,7.65114129329167,0.212322915219947,0.83484903387124,0.927238675309092,TRUE,"up",TRUE,FALSE
"HNRPDL","down",0.010470790833334,11.9114096779167,0.212027152209495,0.835075426636279,0.927272976868235,TRUE,"up",FALSE,FALSE
"GREM1","down",0.033380695833334,11.3606165129167,0.211396098230842,0.835558519565802,0.927331450030596,TRUE,"up",FALSE,FALSE
"GPR31","up",0.0153808170833336,5.83108672404167,0.210634932920686,0.836141308512436,0.927503845158956,TRUE,"up",TRUE,FALSE
"RBP7","up",0.0283070815,9.95527586866667,0.210568421644957,0.836192237848798,0.927503845158956,TRUE,"up",TRUE,FALSE
"CLEC1B","up",0.0144774747500007,5.435983915875,0.209837649930152,0.836751857955487,0.927832207209342,TRUE,"up",TRUE,FALSE
"DCTN3","down",0.011025935833333,12.2159561229167,0.209914038971189,0.836693355447909,0.927832207209342,TRUE,"up",FALSE,FALSE
"MAP3K7","up",-0.00764712850000002,9.83045584516667,-0.209753659876164,0.836816182849328,0.927832207209342,TRUE,"down",FALSE,FALSE
"ZNF141","down",-0.0124598104999991,9.096270302,-0.209687958704102,0.836866501803608,0.927832207209342,TRUE,"down",TRUE,FALSE
"KCNK3","down",-0.0354583565833312,8.358674294125,-0.208927637199079,0.83744886756866,0.927970158449891,TRUE,"down",TRUE,FALSE
"ATG4A","up",-0.00735646941666638,8.56815936504167,-0.20881505206113,0.837535110182278,0.927999534414426,TRUE,"down",FALSE,FALSE
"ARHGEF5","up",-0.0130949046666658,7.70056119908333,-0.207617893838926,0.838452292418401,0.928500195337314,TRUE,"down",FALSE,FALSE
"CRYGC","down",-0.011371369083333,5.327976182375,-0.207305387960831,0.838691753517549,0.928500195337314,TRUE,"down",TRUE,FALSE
"MED19","down",-0.00925038749999886,11.05558854875,-0.207392877566851,0.83862471196654,0.928500195337314,TRUE,"down",TRUE,FALSE
"NAGPA","down",-0.0118535475833319,9.23906366470833,-0.207184316474448,0.838784530337075,0.928500195337314,TRUE,"down",TRUE,FALSE
"ZNF148","down",0.00917026583333576,12.1546856295833,0.207342403185806,0.83866338932599,0.928500195337314,TRUE,"up",FALSE,FALSE
"ICA1L","down",-0.0135782988333323,6.52399200933333,-0.206847739638441,0.839042461480971,0.928676214267686,TRUE,"down",TRUE,FALSE
"GDF5","up",-0.0140516021666666,6.25491617441667,-0.206384048911707,0.839397836016733,0.928848781369141,TRUE,"down",FALSE,FALSE
"TOR1B","up",0.0121700325000006,8.8350104455,0.206049801820404,0.839654026907785,0.928922948233237,TRUE,"up",TRUE,FALSE
"GBAS","up",-0.0155151992499987,9.644488973875,-0.205407347850988,0.840146502438643,0.929203108271286,TRUE,"down",FALSE,FALSE
"TUBB","up",0.0161363825000021,12.39164869375,0.205117568535707,0.840368656574202,0.929316495731852,TRUE,"up",TRUE,FALSE
"CACNA1H","up",0.0343453448333336,10.9910384799167,0.20475726782658,0.840644894319783,0.929489650427168,TRUE,"up",TRUE,FALSE
"POR","up",0.0124153865833353,10.319046478375,0.204352520794244,0.840955234394811,0.929567274196319,TRUE,"up",TRUE,FALSE
"WSB1","down",-0.0196863216666657,13.1888652133333,-0.203946125844223,0.841266865562475,0.929648056289822,TRUE,"down",TRUE,FALSE
"THAP11","up",0.0105976433333336,9.06073885258333,0.203388261017915,0.841694691496903,0.929757099583767,TRUE,"up",TRUE,FALSE
"CPNE3","up",0.00961087550000165,9.40650971558333,0.202969191150408,0.842016109797641,0.92991379291389,TRUE,"up",TRUE,FALSE
"POLRMT","up",-0.0114657739999996,10.2258759481667,-0.20276463748301,0.842173009011654,0.930020959448772,TRUE,"down",FALSE,FALSE
"ADRBK1","down",0.0111073533333341,7.70018973683333,0.201998349464385,0.842760838126759,0.930379285228158,TRUE,"up",FALSE,FALSE
"DHCR7","up",-0.0244082024166649,10.0740896882083,-0.201105862159425,0.84344559864277,0.930632493200815,TRUE,"down",FALSE,FALSE
"TCEAL2","down",0.0206987100000018,11.4242281933333,0.20091171520726,0.84359457519634,0.930694771569811,TRUE,"up",FALSE,FALSE
"TTLL6","down",-0.00924578516666558,5.53410796091667,-0.200463161370331,0.843938791806584,0.930912213391111,TRUE,"down",TRUE,FALSE
"VIT","up",-0.0423501825833309,11.2401278162917,-0.200181820088055,0.844154707702278,0.931051223829518,TRUE,"down",FALSE,FALSE
"HEXB","up",-0.0204424499999982,11.4829928291667,-0.198938187524884,0.845109291039904,0.931334913217964,TRUE,"down",FALSE,FALSE
"INA","up",0.013576359750001,6.63264754870833,0.198337580567321,0.845570393260142,0.931488451371309,TRUE,"up",TRUE,FALSE
"CWF19L1","up",-0.00889884649999901,8.06188671516667,-0.197021681424358,0.846580849290222,0.932117286630906,TRUE,"down",FALSE,FALSE
"CRTAP","up",-0.011094569166666,11.0205553520833,-0.196700534651938,0.846827494808819,0.932212283663984,TRUE,"down",FALSE,FALSE
"ADIPOR1","up",0.00960838033333425,10.374563506,0.19650106724471,0.846980697128498,0.932347901696131,TRUE,"up",TRUE,FALSE
"TROVE2","down",0.00766331083333453,11.1301245504167,0.196250702559792,0.847173000521232,0.932367018644316,TRUE,"up",FALSE,FALSE
"FYTTD1","down",0.00817998916666692,10.1467398143333,0.195789324044585,0.847527408585649,0.932586289382155,TRUE,"up",FALSE,FALSE
"UNKL","down",0.0122935206666667,5.98602560641667,0.195624333683688,0.847654154284282,0.932664370660157,TRUE,"up",FALSE,FALSE
"NOTCH4","down",0.0162848975000003,9.58800071866667,0.195205468675015,0.847975946245886,0.932746107509239,TRUE,"up",FALSE,FALSE
"SGCA","up",0.0448506855000011,10.8179644744167,0.195245192723374,0.847945427142319,0.932746107509239,TRUE,"up",TRUE,FALSE
"ZNF721","down",-0.0149285782499989,9.970953400125,-0.194745352009456,0.848329462043867,0.932840611789524,TRUE,"down",TRUE,FALSE
"SERAC1","up",-0.0128847449166656,5.83269283279167,-0.193702926862679,0.849130500701047,0.933084314720782,TRUE,"down",FALSE,FALSE
"UROC1","up",0.00873676183333362,5.41227877591667,0.193307364662549,0.84943451078647,0.933168032691807,TRUE,"up",TRUE,FALSE
"CAPN2","up",0.0142825225000009,14.5247088545833,0.192459226376904,0.850086432641379,0.933343017121861,TRUE,"up",TRUE,FALSE
"EPS8L3","down",-0.00945964008333363,5.66380744979167,-0.19252165678683,0.850038441602305,0.933343017121861,TRUE,"down",TRUE,FALSE
"KIAA1244","down",0.0092500746666687,7.75878609616667,0.192561336339887,0.850007939752149,0.933343017121861,TRUE,"up",FALSE,FALSE
"MBNL2","up",0.0117899524999998,11.8647684304167,0.19283088129521,0.849800745922962,0.933343017121861,TRUE,"up",TRUE,FALSE
"RALGPS1","up",-0.0115766083333327,7.00784829683333,-0.192315879987947,0.85019662713646,0.933343017121861,TRUE,"down",FALSE,FALSE
"UBE2G1","up",-0.0115135062499982,9.22867003120833,-0.192136099803617,0.850334833920767,0.933394706595049,TRUE,"down",FALSE,FALSE
"EMILIN2","down",-0.0243956,12.1107021258333,-0.191803663681792,0.850590409025215,0.933576304812133,TRUE,"down",TRUE,FALSE
"NT5DC2","up",0.0118440403333342,10.0326644195833,0.191517911383688,0.850810107756641,0.93368551487654,TRUE,"up",TRUE,FALSE
"ACTG1","up",-0.0189021633333302,16.1739435225,-0.191226988101702,0.851033795345376,0.933871993421027,TRUE,"down",FALSE,FALSE
"SLC25A37","down",-0.0177968845833322,9.831380968375,-0.190923867552617,0.851266875400179,0.933968431580261,TRUE,"down",TRUE,FALSE
"TBC1D19","up",-0.016616221333333,8.69445989841667,-0.19095481681608,0.851243076762397,0.933968431580261,TRUE,"down",FALSE,FALSE
"TDRD3","down",0.00928786233333415,7.60220715741667,0.190281436496491,0.851760910799654,0.934102107802452,TRUE,"up",FALSE,FALSE
"TMEM121","down",-0.0170023491666656,11.10422759875,-0.189922264227945,0.852037145686053,0.934207212348955,TRUE,"down",TRUE,FALSE
"PHACTR2","down",0.0177035520000014,9.07329462225,0.189487880583298,0.852371251562282,0.934441644446362,TRUE,"up",FALSE,FALSE
"C3orf38","up",0.00938301774999984,8.604888547125,0.18893112784089,0.85279952045138,0.934680306859445,TRUE,"up",TRUE,FALSE
"SH3BP1","up",0.00904793375000067,6.40084380195833,0.187482802910579,0.853913835050347,0.935340736866231,TRUE,"up",TRUE,FALSE
"RTN1","up",-0.0331530711666669,7.93799137533333,-0.187205723483737,0.8541270517494,0.935409408993281,TRUE,"down",FALSE,FALSE
"HNF4A","down",0.00875790000000043,5.38588966991667,0.185226404867069,0.855650508907507,0.936196167563741,TRUE,"up",FALSE,FALSE
"KLHL2","down",0.00953569683333414,8.44812518583333,0.184965025890203,0.855851733785586,0.936196167563741,TRUE,"up",FALSE,FALSE
"NPSR1","down",0.0104407590000007,5.36766294133333,0.185065133213457,0.855774664064693,0.936196167563741,TRUE,"up",FALSE,FALSE
"CD36","up",-0.0248115257499992,9.663717943375,-0.183350962440553,0.857094564066225,0.936744364919654,TRUE,"down",FALSE,FALSE
"DUS1L","up",0.00874266208333378,9.680050621375,0.183414659705371,0.85704550965253,0.936744364919654,TRUE,"up",TRUE,FALSE
"PGM1","up",-0.020666024999999,11.5306817358333,-0.182378417444404,0.85784361435079,0.93726012831584,TRUE,"down",FALSE,FALSE
"SDF2","up",0.00696226500000119,11.2993421391667,0.181694955042738,0.858370099271011,0.937557015454121,TRUE,"up",TRUE,FALSE
"ATP5A1","up",0.0105424783333355,13.5521207691667,0.181170423336385,0.858774204007843,0.937713421930943,TRUE,"up",TRUE,FALSE
"CLDN8","up",0.0140004765833333,5.39555128070833,0.180322756185491,0.859427342288057,0.938007179021901,TRUE,"up",TRUE,FALSE
"CHD4","down",0.00898499000000064,11.0543369908333,0.179207841634721,0.860286560272708,0.938417553125982,TRUE,"up",FALSE,FALSE
"LMO2","up",-0.0230544366666656,12.7159298316667,-0.178705852173019,0.860673482444854,0.938740748614382,TRUE,"down",FALSE,FALSE
"TAF6L","up",0.0104240409166664,6.82310587554167,0.17839370729281,0.860914095379368,0.938890086533391,TRUE,"up",TRUE,FALSE
"LXN","up",0.0191618116666688,10.8737775358333,0.178158153991419,0.861095678134326,0.938970518020346,TRUE,"up",TRUE,FALSE
"CCDC106","up",-0.00972084600000062,7.3246640585,-0.177763997728547,0.861399542543289,0.939137073189652,TRUE,"down",FALSE,FALSE
"ZBTB37","down",-0.00964557349999952,7.07646299133333,-0.177477217355547,0.861620642620116,0.939345167099128,TRUE,"down",TRUE,FALSE
"ZDHHC24","up",0.00922349766666716,8.48291379133333,0.176367659905076,0.862476195033557,0.939868945203693,TRUE,"up",TRUE,FALSE
"LRRC42","up",-0.0102491237499999,9.93692662270833,-0.175822721797388,0.862896448902773,0.940010463846965,TRUE,"down",FALSE,FALSE
"TMEM159","down",0.013234356666667,11.2430835558333,0.175500302625979,0.863145117397809,0.940083602221765,TRUE,"up",FALSE,FALSE
"SLC37A4","up",-0.00770684545454584,9.12760336254545,-0.175178193413677,0.863575799193459,0.940214923987691,TRUE,"down",FALSE,FALSE
"FCGR3A","down",-0.035590963999998,9.18723457525,-0.174650174568758,0.863800857758417,0.940328594101146,TRUE,"down",TRUE,FALSE
"CTNNA1","down",0.00687349000000233,12.1650061633333,0.174495198230201,0.8639204088951,0.9403668005188,TRUE,"up",FALSE,FALSE
"TTC22","down",-0.00999174416666636,6.0088361175,-0.172843963894369,0.865194410231333,0.941095033071063,TRUE,"down",TRUE,FALSE
"TSPAN15","up",0.0277473882500003,8.720159808125,0.172782699290705,0.865241686112315,0.941113511075081,TRUE,"up",TRUE,FALSE
"FOXD1","up",-0.0161351645833329,7.608498875375,-0.172482129206279,0.865473633904516,0.941168122097124,TRUE,"down",FALSE,FALSE
"C18orf1","down",0.0180608811666678,9.58501465391667,0.171759939725452,0.866030994822526,0.941493321084463,TRUE,"up",FALSE,FALSE
"TK2","up",-0.00678212924999816,8.723697118375,-0.17093244702493,0.866669715863613,0.94149406102919,TRUE,"down",FALSE,FALSE
"SERPINA10","up",0.010455471250001,5.521503215625,0.170514866240748,0.866992072739507,0.941669492424426,TRUE,"up",TRUE,FALSE
"BSND","up",-0.0143858904999994,5.56118064591667,-0.169006046220896,0.868157029663811,0.942550764803637,TRUE,"down",FALSE,FALSE
"OS9","up",-0.00819482749999912,12.2292993470833,-0.168896824481576,0.868241371896487,0.942550764803637,TRUE,"down",FALSE,FALSE
"AMHR2","down",0.0127250491666673,5.72223873858333,0.168382145534304,0.868638835001992,0.942714444806356,TRUE,"up",FALSE,FALSE
"SCAMP3","up",-0.00708058091666523,9.935450424625,-0.168292770878359,0.868707858728541,0.942714444806356,TRUE,"down",FALSE,FALSE
"JPH2","up",0.0405314670000009,9.67056471208333,0.167136800272899,0.869600710373076,0.943300889945144,TRUE,"up",TRUE,FALSE
"MRPL55","up",-0.0069972791666646,12.2729643629167,-0.166388935886128,0.870178446072005,0.943543574691141,TRUE,"down",FALSE,FALSE
"GNG11","up",-0.0152732191666667,14.3282990020833,-0.166038558831836,0.870449143676419,0.943705366096081,TRUE,"down",FALSE,FALSE
"SNX27","down",-0.00946494749999909,10.10609367725,-0.165583529853555,0.870800719345592,0.943823076304808,TRUE,"down",TRUE,FALSE
"SLC30A6","up",0.00550327925000057,6.30353918720833,0.163866153199593,0.872127895317347,0.94450378039457,TRUE,"up",TRUE,FALSE
"PLXND1","down",-0.0111728408333326,11.4363129245833,-0.163753987292502,0.872214590221614,0.944519424739531,TRUE,"down",TRUE,FALSE
"BSG","up",-0.00999904666666599,11.1230132266667,-0.163177251575536,0.872660385722181,0.944751176096986,TRUE,"down",FALSE,FALSE
"KCNV1","up",0.00919164433333371,5.24251616908333,0.162244972317616,0.87338109798693,0.945145098471142,TRUE,"up",TRUE,FALSE
"TMPRSS13","up",-0.0089784709999996,5.83169227975,-0.161880325674004,0.873663025176627,0.945145098471142,TRUE,"down",FALSE,FALSE
"SLC25A31","down",-0.0131253889166658,5.24783078854167,-0.161544656815029,0.873922563852594,0.945298670728467,TRUE,"down",TRUE,FALSE
"SCN3B","down",-0.00966571391666656,6.39020996995833,-0.159958840810878,0.875148917216709,0.945896311248003,TRUE,"down",TRUE,FALSE
"AQP7","up",-0.0211079011666664,7.01128311633333,-0.159494038869483,0.875508423932095,0.946087422564445,TRUE,"down",FALSE,FALSE
"CAT","up",-0.011331760833332,10.9358498079167,-0.158270563288682,0.876454871864681,0.946494857168498,TRUE,"down",FALSE,FALSE
"KCNH7","down",0.00781327733333357,5.35751173825,0.157646256931628,0.876937894057987,0.946747965851608,TRUE,"up",FALSE,FALSE
"KLHL17","up",0.0099353719166675,6.332338751375,0.157640476884964,0.876942366283958,0.946747965851608,TRUE,"up",TRUE,FALSE
"GNB2L1","up",-0.00768954499999833,14.519631975,-0.15757183889623,0.876995474249402,0.94677070533388,TRUE,"down",FALSE,FALSE
"GUSB","up",-0.0123097074999987,12.40211146375,-0.157379961006124,0.877143941124226,0.94677070533388,TRUE,"down",FALSE,FALSE
"IL15","up",0.0150022561666667,10.038383603,0.157322151533071,0.877188672551858,0.94677070533388,TRUE,"up",TRUE,FALSE
"CCL1","up",0.00892386975000052,5.58588909420833,0.15629501464171,0.87798351596743,0.94727955165596,TRUE,"up",TRUE,FALSE
"C8orf73","down",-0.00741750841666638,8.97161160645833,-0.15604721644448,0.878175293481935,0.947420670083355,TRUE,"down",TRUE,FALSE
"MCM3","up",0.00766648666666671,11.8614817558333,0.155927703511928,0.878267790502376,0.947487562894585,TRUE,"up",TRUE,FALSE
"MLX","up",-0.00550457974999933,9.34932936229167,-0.155670184606095,0.878467103485546,0.947501099590785,TRUE,"down",FALSE,FALSE
"SMR3B","up",0.0084534570000005,5.22973481625,0.155635699969249,0.87849379435218,0.947501099590785,TRUE,"up",TRUE,FALSE
"YPEL5","up",-0.0108244358333315,12.92776187375,-0.155387641929455,0.878685794038829,0.947642393265575,TRUE,"down",FALSE,FALSE
"IFNGR2","up",-0.00817645358333233,9.414066674625,-0.1545907781132,0.87930262893202,0.947945711129544,TRUE,"down",FALSE,FALSE
"KCNA7","up",-0.00685822883333302,5.46310827391667,-0.153867057485129,0.879862915621859,0.948322018386663,TRUE,"down",FALSE,FALSE
"MAPK3","up",0.00812857391666667,9.367590393375,0.153837240554111,0.879886000587167,0.948322018386663,TRUE,"up",TRUE,FALSE
"RAPSN","down",-0.00712763274999962,6.33025481429167,-0.153957555304073,0.879792850786799,0.948322018386663,TRUE,"down",TRUE,FALSE
"EI24","up",0.00614341933333397,10.554579658,0.153730235413285,0.879968847400779,0.948367799467136,TRUE,"up",TRUE,FALSE
"ST3GAL1","down",0.0139641350000006,10.6500562525,0.153225150671247,0.880359919850263,0.948371805170071,TRUE,"up",FALSE,FALSE
"MRPL45","up",0.00638653916666721,10.9550854220833,0.152697235665138,0.880768703662114,0.948670450644385,TRUE,"up",TRUE,FALSE
"PHACTR1","down",-0.0100565366666661,6.533296197,-0.151734310904936,0.88151442193818,0.948995297468663,TRUE,"down",TRUE,FALSE
"ALOX15B","up",0.0195839973333344,7.3457057085,0.150947012511697,0.882124216320039,0.949077688694468,TRUE,"up",TRUE,FALSE
"PCDH15","down",0.00762823458333355,5.29272806529167,0.150532432613372,0.882445356324333,0.94929172246606,TRUE,"up",FALSE,FALSE
"ABCB11","up",0.00782349725000095,5.28642107654167,0.149707814882076,0.883084181563386,0.949640785877226,TRUE,"up",TRUE,FALSE
"ATAD1","up",0.00846791166666626,11.0760616125,0.149779773021683,0.883028432764876,0.949640785877226,TRUE,"up",TRUE,FALSE
"KCTD3","up",0.00785243000000144,11.6500017933333,0.149265158512213,0.88342713894837,0.949723145050816,TRUE,"up",TRUE,FALSE
"SLC25A1","up",0.00940993683333373,10.1257732236667,0.148904487581044,0.883706594280614,0.94982639653697,TRUE,"up",TRUE,FALSE
"TMEM9B","up",0.0132591400000003,11.3403427975,0.148939463892726,0.883679493204914,0.94982639653697,TRUE,"up",TRUE,FALSE
"C1orf27","down",-0.00661415724999964,9.762061224625,-0.148254126263321,0.884210548238399,0.950039425805302,TRUE,"down",TRUE,FALSE
"KRTAP10-10","up",-0.0076560918333332,8.47411607416667,-0.147599688806999,0.88471771312373,0.95032101660705,TRUE,"down",FALSE,FALSE
"ELAVL4","up",0.00670339175000045,5.39189104020833,0.146886456462485,0.885270501469684,0.950587495767012,TRUE,"up",TRUE,FALSE
"CPN1","up",-0.00933278308333313,5.89279305820833,-0.146699959098111,0.885415055844625,0.950610435548329,TRUE,"down",FALSE,FALSE
"NRG4","up",0.0101906100833335,6.385744419125,0.146436237751624,0.885619473849,0.950625274600263,TRUE,"up",TRUE,FALSE
"SPARCL1","up",-0.014987635833333,16.87249512375,-0.146341090006285,0.88569322767532,0.950625274600263,TRUE,"down",FALSE,FALSE
"TERT","down",-0.00619533974999946,6.704984846125,-0.146571183634972,0.885514872357158,0.950625274600263,TRUE,"down",TRUE,FALSE
"NDUFA9","up",0.00774923583333449,10.4774069570833,0.146218253212052,0.885788446305186,0.950658808806136,TRUE,"up",TRUE,FALSE
"CSMD2","up",-0.00568270624999977,5.61860658895833,-0.145638405808967,0.886237947634063,0.950872906288426,TRUE,"down",FALSE,FALSE
"C3orf23","up",-0.0162614960833331,8.98547366245833,-0.145198238683475,0.886579195024151,0.950940272283835,TRUE,"down",FALSE,FALSE
"GFRA2","up",-0.0167575360000016,8.32350471158333,-0.144647192105981,0.887006436515664,0.951332849933199,TRUE,"down",FALSE,FALSE
"CHST1","down",-0.00613710583333261,6.46431341225,-0.144313446450399,0.887265216354659,0.951419578830702,TRUE,"down",TRUE,FALSE
"SLC6A16","up",-0.0163053564166659,9.05560318004167,-0.144378587994409,0.887214705831597,0.951419578830702,TRUE,"down",FALSE,FALSE
"ME1","up",0.0137842814166667,8.18236915845833,0.143604597863365,0.887814887790523,0.951805685865064,TRUE,"up",TRUE,FALSE
"DPF1","down",0.0104094222500008,5.331937199375,0.142743703719826,0.888482542198278,0.952158182560389,TRUE,"up",FALSE,FALSE
"ASMTL","up",-0.00613117083333189,10.5042887054167,-0.14226704534189,0.888852245670979,0.952189888754105,TRUE,"down",FALSE,FALSE
"CYP19A1","up",-0.00782211991666678,5.44221890154167,-0.142212762140491,0.888894350246423,0.952189888754105,TRUE,"down",FALSE,FALSE
"PRKAR1A","down",-0.00599580324999865,10.0387896485417,-0.141562237605435,0.889398954307781,0.952499823760261,TRUE,"down",TRUE,FALSE
"SLC44A1","up",0.00605338583333376,10.77559512375,0.141364268412251,0.889552526494786,0.952499823760261,TRUE,"up",TRUE,FALSE
"TGFB1I1","up",0.0209276616666685,11.7728995275,0.141346998231657,0.889565923844587,0.952499823760261,TRUE,"up",TRUE,FALSE
"CAPN14","down",-0.00678151333333283,5.8108653015,-0.140635636764353,0.890117793111034,0.952696774742381,TRUE,"down",TRUE,FALSE
"DMRT2","up",-0.0129203478333327,5.87538512491667,-0.140449401923662,0.89026228255706,0.952785783198876,TRUE,"down",FALSE,FALSE
"UBE2D4","up",0.00922753216666817,9.91120384258333,0.140088241009543,0.890542499097396,0.952987206638459,TRUE,"up",TRUE,FALSE
"BST2","up",0.0128948841666666,11.5370998279167,0.139073410887447,0.89132996366935,0.953403030435955,TRUE,"up",TRUE,FALSE
"FAM122A","up",0.0113718667500007,9.174380436125,0.13851431614698,0.891763847953865,0.953604511257959,TRUE,"up",TRUE,FALSE
"NADSYN1","up",0.00739653975000045,9.990150016625,0.137407912102811,0.892622576145591,0.954161575822065,TRUE,"up",TRUE,FALSE
"KREMEN1","up",-0.0155535997500009,9.381847015875,-0.137268677213907,0.892730652289941,0.954197694094513,TRUE,"down",FALSE,FALSE
"GRB7","up",0.00809792491666719,6.46097418579167,0.137027872610019,0.892917573531266,0.954279935501255,TRUE,"up",TRUE,FALSE
"PKP4","up",0.00966150966666695,9.40087020025,0.136732773433837,0.893146649168383,0.954409224730428,TRUE,"up",TRUE,FALSE
"SPEG","up",-0.0271378033333317,14.0646434725,-0.136465530748098,0.893354109264452,0.954549480160421,TRUE,"down",FALSE,FALSE
"SIGLEC10","down",0.00715143658333414,5.86068686195833,0.136323384418962,0.893464460541084,0.954574900923441,TRUE,"up",FALSE,FALSE
"SIRPB1","up",-0.0062199018333325,6.19814675833333,-0.136276593472674,0.893500785866933,0.954574900923441,TRUE,"down",FALSE,FALSE
"OSR2","up",-0.0176312341666654,12.0308221529167,-0.135673435671669,0.893969058914998,0.954845367935335,TRUE,"down",FALSE,FALSE
"BIRC2","up",-0.00917708083333269,10.5525781379167,-0.135255219884106,0.894293772757242,0.955030221004808,TRUE,"down",FALSE,FALSE
"MDM1","up",-0.0137744964999997,7.87360184275,-0.13516319357605,0.894365227062948,0.955049545674262,TRUE,"down",FALSE,FALSE
"NUBPL","down",-0.00890199475000027,7.113939581625,-0.134547515942292,0.894843297564431,0.955175514795357,TRUE,"down",TRUE,FALSE
"CENPE","down",0.00656649399999993,6.25411824891667,0.133940891570616,0.89531437964426,0.955177941953147,TRUE,"up",FALSE,FALSE
"CHD3","up",-0.0138816706666652,8.51514054433333,-0.133951106839572,0.89530644650463,0.955177941953147,TRUE,"down",FALSE,FALSE
"TAGLN","up",0.0282994658333357,16.1015952845833,0.134391005605038,0.894964833786189,0.955177941953147,TRUE,"up",TRUE,FALSE
"MRPL52","up",0.00779085000000159,10.4025693425,0.132598195681032,0.896357212868993,0.95562227889056,TRUE,"up",TRUE,FALSE
"HBZ","down",0.0109099633333347,6.60372389025,0.132172634598811,0.896687775406294,0.955790967634803,TRUE,"up",FALSE,FALSE
"SLC5A2","down",0.00565092258333413,9.09360729779167,0.132077695058593,0.896761524184392,0.955790967634803,TRUE,"up",FALSE,FALSE
"CPT1B","down",-0.00971887558333304,7.18236750045833,-0.131558348660354,0.897164968531636,0.956024208725093,TRUE,"down",TRUE,FALSE
"NFIB","down",-0.00790370749999914,10.85914746375,-0.131673721395938,0.897075340872752,0.956024208725093,TRUE,"down",TRUE,FALSE
"CST11","down",0.0121670403333339,5.68908172016667,0.131331394928556,0.897341282466429,0.956092188571101,TRUE,"up",FALSE,FALSE
"PDCD6IP","down",0.0057908966666667,10.3203621258333,0.130166950063645,0.898245994861952,0.956749607580919,TRUE,"up",FALSE,FALSE
"NDFIP1","up",-0.00658852499999872,10.65049393,-0.129721879574416,0.898591829996761,0.956921150923962,TRUE,"down",FALSE,FALSE
"IL9","down",0.00848466958333425,5.27411385645833,0.129065441677446,0.899101943827114,0.957096754667815,TRUE,"up",FALSE,FALSE
"UBD","up",0.0249377557500005,8.03456351470833,0.129335857779958,0.898891799538735,0.957096754667815,TRUE,"up",TRUE,FALSE
"ACE","up",-0.0049633697499991,5.55322486454167,-0.128668203305563,0.899410657755436,0.957152700915515,TRUE,"down",FALSE,FALSE
"CDK8","up",0.0113207917500007,8.024382287625,0.127987091459039,0.899940023260546,0.957166962454234,TRUE,"up",TRUE,FALSE
"DNASE2B","up",0.00592619575000089,5.27894165345833,0.128016464815834,0.899917193036329,0.957166962454234,TRUE,"up",TRUE,FALSE
"SLC4A10","down",0.00774482983333388,5.34843303983333,0.127888784268517,0.900016432463997,0.957191627516474,TRUE,"up",FALSE,FALSE
"SLC39A7","up",0.0079487127500008,10.0111233757083,0.127004394461443,0.900703869965173,0.957467880708059,TRUE,"up",TRUE,FALSE
"IGFL2","up",0.008666376583334,5.39888183679167,0.126127973116062,0.901385194979424,0.95777922663425,TRUE,"up",TRUE,FALSE
"SLC22A1","up",0.00783288666666713,6.50176270358333,0.126002598574386,0.901482667035172,0.95777922663425,TRUE,"up",TRUE,FALSE
"VNN2","up",0.0254861750833352,8.480874988875,0.125740412336421,0.9016865082447,0.957885848547961,TRUE,"up",TRUE,FALSE
"ING2","down",0.00550618000000061,9.80875763516667,0.125021934795498,0.902245137754157,0.95820711836983,TRUE,"up",FALSE,FALSE
"LRFN3","up",0.00781447533333403,9.78017092058333,0.12445239305139,0.902688005061449,0.958453181390064,TRUE,"up",TRUE,FALSE
"ACHE","down",-0.00998122541666584,7.53452774395833,-0.123942502878843,0.903084516648211,0.958581398319503,TRUE,"down",TRUE,FALSE
"CREB1","down",-0.00667524300000016,8.95953992291667,-0.123888277962858,0.903126685752316,0.958581398319503,TRUE,"down",TRUE,FALSE
"MTMR3","up",-0.00604875424999901,10.443098637875,-0.123962695323972,0.903068813661697,0.958581398319503,TRUE,"down",FALSE,FALSE
"OSTM1","up",0.00692547058333453,10.0872011197083,0.123998252046227,0.903041162494911,0.958581398319503,TRUE,"up",TRUE,FALSE
"EFEMP2","up",-0.0074377616666651,12.171566935,-0.123445452135423,0.903471069545387,0.958656595793722,TRUE,"down",FALSE,FALSE
"PLAT","down",0.0218361200000004,11.9691357975,0.123093351467385,0.903744911124188,0.958765564194937,TRUE,"up",FALSE,FALSE
"PLRG1","up",0.00494876750000031,10.24722067625,0.122837432888416,0.90394395633385,0.958863301558068,TRUE,"up",TRUE,FALSE
"CHI3L1","up",-0.00773357666666571,5.84105491341667,-0.122318247599971,0.904347782422709,0.958992701308536,TRUE,"down",FALSE,FALSE
"JSRP1","down",0.00971512750000049,5.52283496866667,0.122472579593911,0.904227739008713,0.958992701308536,TRUE,"up",FALSE,FALSE
"PCDH11X","up",0.00730676708333372,5.36500706420833,0.122529344120073,0.904183586702863,0.958992701308536,TRUE,"up",TRUE,FALSE
"VBP1","up",0.00613346283333442,9.020961153,0.12188232885956,0.904686864358313,0.959040300547286,TRUE,"up",TRUE,FALSE
"CLTA","down",-0.00427807749999917,12.9870268045833,-0.121202768273627,0.905215502905044,0.959437034597678,TRUE,"down",TRUE,FALSE
"COMMD9","up",0.00538687583333477,8.94056290558333,0.120869381776713,0.905474865397361,0.959515850714401,TRUE,"up",TRUE,FALSE
"FUT7","up",-0.0125671716666649,7.31256572658333,-0.120711034777951,0.905598057481323,0.959515850714401,TRUE,"down",FALSE,FALSE
"ZDHHC9","up",-0.00845562450000045,9.08248106716667,-0.120613575840816,0.905673880628025,0.959515850714401,TRUE,"down",FALSE,FALSE
"SGTA","up",-0.00794842416666512,11.4453804770833,-0.118588216587451,0.907249826544979,0.960511997356148,TRUE,"down",FALSE,FALSE
"GOLGA8B","up",-0.00866442066666488,8.27748747933333,-0.118423568860034,0.907377957944802,0.96061492024739,TRUE,"down",FALSE,FALSE
"SPHAR","up",0.00976748833333391,10.0342576621667,0.117740845052888,0.907909292588886,0.960950639253085,TRUE,"up",TRUE,FALSE
"RBMY1B","up",0.0066250888333335,5.27763016141667,0.116616914966017,0.908784098466628,0.961317474894636,TRUE,"up",TRUE,FALSE
"NDUFC1","up",-0.00910653333333189,13.692938415,-0.116244378973316,0.909074087266369,0.961484946652867,TRUE,"down",FALSE,FALSE
"PTGER3","up",0.010750598416667,7.085851269625,0.116349448590049,0.908992297802764,0.961484946652867,TRUE,"up",TRUE,FALSE
"SMG1","down",-0.00723498916666503,10.56330998125,-0.115969600602157,0.909287988357578,0.96154629867254,TRUE,"down",TRUE,FALSE
"ZMAT5","up",0.00514740241666668,8.69976591579167,0.115691028750464,0.909504849919017,0.96154629867254,TRUE,"up",TRUE,FALSE
"SSR4","up",-0.00855265999999782,13.3487090908333,-0.115437802346325,0.909701987134658,0.961633671642107,TRUE,"down",FALSE,FALSE
"MRFAP1","up",0.00700533916666688,13.7583945370833,0.114940897175408,0.910088846603266,0.961777075960553,TRUE,"up",TRUE,FALSE
"HMOX2","down",0.00613394583333527,10.6808889954167,0.114513359567651,0.910421719706724,0.961874065084344,TRUE,"up",FALSE,FALSE
"RAB40B","down",0.00609258966666879,9.86453920375,0.114663050314341,0.910305171194437,0.961874065084344,TRUE,"up",FALSE,FALSE
"STARD3NL","up",0.00658895166666791,11.7193559225,0.11450250333218,0.910430172403757,0.961874065084344,TRUE,"up",TRUE,FALSE
"GARS","up",0.0069768991666694,9.05594445466667,0.113819240967717,0.910962185054296,0.962147490193653,TRUE,"up",TRUE,FALSE
"NIT1","up",-0.00457517858333271,9.585227786125,-0.113531551255903,0.911186203856878,0.962253261946128,TRUE,"down",FALSE,FALSE
"WNK2","up",-0.0129238769166658,5.933706405625,-0.113043093552095,0.911566574985072,0.962495813477732,TRUE,"down",FALSE,FALSE
"KEL","up",0.00595785316666766,5.452590589,0.112940024267941,0.911646839831527,0.962510723997458,TRUE,"up",TRUE,FALSE
"ADORA1","up",0.0100219685000009,5.75571280833333,0.112808420286454,0.911749327425884,0.962520813433122,TRUE,"up",TRUE,FALSE
"NRG1","up",-0.0332300764166653,7.27654434079167,-0.112820361794692,0.91174002781905,0.962520813433122,TRUE,"down",FALSE,FALSE
"C19orf26","down",0.00590685483333287,5.92086489158333,0.11245530648558,0.91202432549602,0.962712999110353,TRUE,"up",FALSE,FALSE
"THPO","down",-0.00608214199999945,5.93800523275,-0.111464250507017,0.912796202602612,0.963200557198545,TRUE,"down",TRUE,FALSE
"AGPAT4","up",0.00589194750000038,9.43518053541667,0.110663759660293,0.913419725954605,0.963564003560057,TRUE,"up",TRUE,FALSE
"AP4S1","up",0.00618795725000016,7.44267188979167,0.109798819409498,0.914093516996558,0.963914808936301,TRUE,"up",TRUE,FALSE
"AADACL2","up",-0.0125249444166669,5.71456749054167,-0.108887589783326,0.914803441585389,0.964126423372654,TRUE,"down",FALSE,FALSE
"ABCG1","up",-0.0085250519999999,7.83752127833333,-0.108864176887708,0.914821683196961,0.964126423372654,TRUE,"down",FALSE,FALSE
"EPB41L4B","up",-0.00825794633333339,5.80643360983333,-0.108434536056872,0.91515643664362,0.9643817990671,TRUE,"down",FALSE,FALSE
"AUTS2","up",0.00925054483333467,10.3236317373333,0.10681093446855,0.916421611259,0.965223290906737,TRUE,"up",TRUE,FALSE
"CYP26A1","up",-0.00713650608333299,5.647728589125,-0.106489497625178,0.916672115496986,0.965323526493674,TRUE,"down",FALSE,FALSE
"SCML2","up",-0.00420483158333363,5.669633009375,-0.104846076628098,0.917953019625381,0.965801887533049,TRUE,"down",FALSE,FALSE
"SOX5","down",0.0105500781666684,8.37684096683333,0.104772817974778,0.918010123912566,0.965801887533049,TRUE,"up",FALSE,FALSE
"ZIC2","up",-0.00626921074999913,5.23647778720833,-0.104045259439893,0.918577272899386,0.96595482007343,TRUE,"down",FALSE,FALSE
"WFDC13","up",-0.0059033125833319,5.498680049125,-0.103862158326375,0.918720011764661,0.966072225982319,TRUE,"down",FALSE,FALSE
"RBM15B","up",0.00563887575000023,9.37212004454167,0.102930880687841,0.919446046224061,0.966410511747312,TRUE,"up",TRUE,FALSE
"FABP1","up",-0.00735505466666555,5.65761482525,-0.102479619072988,0.919797881628168,0.966488185297902,TRUE,"down",FALSE,FALSE
"TMEM18","up",0.00521370833333479,10.8240468275,0.101855799271737,0.920284284201745,0.966702950598939,TRUE,"up",TRUE,FALSE
"LRPAP1","up",0.00397632000000163,12.6831415475,0.101651560375805,0.920443539822466,0.966739510186711,TRUE,"up",TRUE,FALSE
"SLC12A8","down",0.00565072300000036,5.33016764775,0.101657489759042,0.920438916326114,0.966739510186711,TRUE,"up",FALSE,FALSE
"STIP1","up",0.00479715808333425,8.50575021720833,0.10136911534309,0.920663782631945,0.966807430259211,TRUE,"up",TRUE,FALSE
"UNC45B","down",0.0083934519166667,5.86140504595833,0.100873920045517,0.921049938462347,0.967114885371115,TRUE,"up",FALSE,FALSE
"TOB2","down",0.00536149025000082,9.70698801695833,0.100192379843215,0.921581440707588,0.967164751543446,TRUE,"up",FALSE,FALSE
"LGALS3BP","up",-0.00752969416666638,11.07116847375,-0.0998407757252377,0.921855655977316,0.967201131181119,TRUE,"down",FALSE,FALSE
"PHF12","up",0.00899125800000019,5.45624000966667,0.0998106022321915,0.92187918869745,0.967201131181119,TRUE,"up",TRUE,FALSE
"COBRA1","up",0.00361181000000058,10.5592915175,0.0994871744388175,0.922131439213774,0.967302054115209,TRUE,"up",TRUE,FALSE
"TPH1","down",0.00652939700000041,5.34601349683333,0.099099029219453,0.922434176141352,0.967489442061235,TRUE,"up",FALSE,FALSE
"CRYZ","up",-0.00897550024999847,10.6538617192917,-0.0983321316876327,0.92303236047892,0.967920809449597,TRUE,"down",FALSE,FALSE
"PHF20","down",-0.00363371733333199,8.52954900708333,-0.0982405269063538,0.92310381594939,0.967930407625939,TRUE,"down",TRUE,FALSE
"DNM1L","down",0.00670724675000172,9.95269412795833,0.0977372120277639,0.923496434359074,0.968092796524295,TRUE,"up",FALSE,FALSE
"CSPG4","up",0.0223796465000016,11.5910637790833,0.0973616669383256,0.92378939746359,0.968159206624011,TRUE,"up",TRUE,FALSE
"CCR7","down",0.0129920787500006,7.27625026279167,0.096454497933552,0.924497128084956,0.968541581437532,TRUE,"up",FALSE,FALSE
"JAM2","up",-0.00852121166666592,11.9130548316667,-0.0962179211345446,0.924681705094883,0.968669631526524,TRUE,"down",FALSE,FALSE
"SLC5A8","up",-0.00625149133333302,5.24551231933333,-0.0961754182775446,0.92471486626277,0.968671712106965,TRUE,"down",FALSE,FALSE
"SNRPD3","down",0.00631023916666793,11.81730650875,0.0958724383825393,0.924951258500362,0.968788697637809,TRUE,"up",FALSE,FALSE
"SLC1A6","down",0.00575764266666675,5.38980385366667,0.0944754597109976,0.926041309635774,0.969169905203882,TRUE,"up",FALSE,FALSE
"TBL1Y","down",-0.0116907609999994,10.0070053955,-0.0937872285956837,0.926578387498303,0.969349303267475,TRUE,"down",TRUE,FALSE
"ASZ1","down",-0.00638716783333298,5.347771154,-0.0936185914826197,0.926709993228737,0.969349764841451,TRUE,"down",TRUE,FALSE
"GOT1","up",0.00598041974999997,9.505513306375,0.0931080609446242,0.927108428805955,0.969479474317111,TRUE,"up",TRUE,FALSE
"CAMK2G","up",-0.0149998459999992,11.1112303311667,-0.0925876134085659,0.927514624793294,0.969675798983117,TRUE,"down",FALSE,FALSE
"EDA","down",-0.00608343324999865,7.608133570375,-0.0923574153563075,0.927694295166568,0.969765749542982,TRUE,"down",TRUE,FALSE
"CRISP3","up",-0.00513758349999965,5.27452702275,-0.0912777783020144,0.928537009942199,0.970134200697025,TRUE,"down",FALSE,FALSE
"NT5DC3","down",-0.0157169392499985,8.199668974125,-0.0911460125979152,0.928639866260786,0.970134200697025,TRUE,"down",TRUE,FALSE
"C3orf26","down",-0.0070957858333322,11.4859416370833,-0.0902301377783491,0.929354834608176,0.970431093252775,TRUE,"down",TRUE,FALSE
"CAMK2B","down",0.0062604674166675,5.41491128929167,0.0902035586836047,0.929375584254132,0.970431093252775,TRUE,"up",FALSE,FALSE
"TMUB2","up",0.00353834100000113,9.85595231158333,0.0899549686470358,0.929569654958593,0.970464289234709,TRUE,"up",TRUE,FALSE
"NOL3","up",0.00572826500000031,11.8963919125,0.089574744971764,0.929866499144277,0.970567095347878,TRUE,"up",TRUE,FALSE
"ANKRD28","down",0.00784801316666734,9.30912049533333,0.0887053520721817,0.930545282872441,0.971028633295209,TRUE,"up",FALSE,FALSE
"RAB9A","up",0.00722067416666796,11.7006646379167,0.0884387592015186,0.930753438096699,0.971116868653941,TRUE,"up",TRUE,FALSE
"TM9SF3","up",-0.00381107666666523,10.4699971508333,-0.0884432772017289,0.930749910406666,0.971116868653941,TRUE,"down",FALSE,FALSE
"WFIKKN2","up",-0.0058883674999996,6.13201241491667,-0.0880773540214615,0.931035630974367,0.971232764575154,TRUE,"down",FALSE,FALSE
"TOP3B","down",-0.00453317583333276,7.92447227158333,-0.0875178296746082,0.931472538458267,0.971492840862489,TRUE,"down",TRUE,FALSE
"CDK5R1","up",-0.00560926041666633,5.87549106579167,-0.0866075892790503,0.932183353202336,0.972072017586776,TRUE,"down",FALSE,FALSE
"PPIH","up",-0.00720581824999804,7.26037461170833,-0.0866064041636529,0.932184278708586,0.972072017586776,TRUE,"down",FALSE,FALSE
"CLN3","up",0.00374377008333281,9.09501466654167,0.0863190504598993,0.932408688245916,0.972174613835605,TRUE,"up",TRUE,FALSE
"ST6GAL2","down",-0.0144585631666666,6.20035323975,-0.0862301520733425,0.932478114852276,0.972174613835605,TRUE,"down",TRUE,FALSE
"SLC25A2","up",0.00530316600000068,6.17666759891667,0.0858477924884345,0.932776731121063,0.972330870551318,TRUE,"up",TRUE,FALSE
"ATPIF1","down",0.00397155083333459,14.0121734020833,0.0857509171530371,0.932852390760239,0.972377117169383,TRUE,"up",FALSE,FALSE
"SOCS1","up",-0.0137080450833337,8.54547855795833,-0.085461635730314,0.933078323555002,0.972451842604772,TRUE,"down",FALSE,FALSE
"MRPL1","up",-0.00435650024999967,7.775289622625,-0.0844326234036841,0.933882044696189,0.972823610275171,TRUE,"down",FALSE,FALSE
"PEX7","up",0.00404055391666692,8.790084110875,0.0846206283220765,0.933735195831501,0.972823610275171,TRUE,"up",TRUE,FALSE
"SIPA1","up",-0.00409817533333238,10.0197674963333,-0.0843078355424571,0.933979516691751,0.972823610275171,TRUE,"down",FALSE,FALSE
"TTC21B","down",-0.00484465816666565,8.04566280158333,-0.0840980880858534,0.934143353231255,0.972939438594897,TRUE,"down",TRUE,FALSE
"PENK","up",0.0123821987500006,6.365436425625,0.0832257912841712,0.934824748977214,0.973189509622094,TRUE,"up",TRUE,FALSE
"PLEKHF2","up",0.0046790126666676,10.2206033754167,0.0825099495611517,0.935383969184654,0.973404280949933,TRUE,"up",TRUE,FALSE
"HDLBP","down",0.0062715408333346,12.81490046125,0.082265026735248,0.935575312613764,0.973423879364128,TRUE,"up",FALSE,FALSE
"PLB1","up",-0.00466166049999869,7.138135376,-0.0822332962099221,0.935600102060996,0.973423879364128,TRUE,"down",FALSE,FALSE
"WDR44","up",-0.00479553108333267,8.958440674875,-0.0820348823125759,0.935755114325249,0.973443466882525,TRUE,"down",FALSE,FALSE
"CRTC3","up",-0.00504639591666539,9.22282365045833,-0.0816791580906517,0.936033033146731,0.973634788629326,TRUE,"down",FALSE,FALSE
"PCBP2","up",0.00415142416666725,10.49592450375,0.081264802290727,0.936356770301859,0.973759681710085,TRUE,"up",TRUE,FALSE
"NXF1","up",0.00368323750000268,10.6686347479167,0.080102294127287,0.937265102690686,0.974187904480552,TRUE,"up",TRUE,FALSE
"GPR126","down",-0.00861292766666613,7.44078660625,-0.0798162697724273,0.937488603369075,0.97432968504441,TRUE,"down",TRUE,FALSE
"WRNIP1","up",-0.00358482000000055,9.35275222666667,-0.0797807246753395,0.937516378844548,0.97432968504441,TRUE,"down",FALSE,FALSE
"MAGEC3","up",0.00470010716666713,5.52664417216667,0.0787577240721287,0.938315802908906,0.974801853220955,TRUE,"up",TRUE,FALSE
"FKBP9","up",0.00506843083333371,13.7303761429167,0.0783387171678492,0.938643255888615,0.975009704539915,TRUE,"up",TRUE,FALSE
"WDHD1","down",0.00315653525000083,6.96435092429167,0.0783874678801535,0.938605156721464,0.975009704539915,TRUE,"up",FALSE,FALSE
"UPF3B","down",-0.00469989824999967,8.717716951375,-0.0779089355884709,0.938979141194662,0.975197535771126,TRUE,"down",TRUE,FALSE
"CDH1","down",-0.0191460174999999,6.41464394175,-0.0767295311540367,0.939900937544906,0.975633123919132,TRUE,"down",TRUE,FALSE
"C20orf194","up",0.00362776291666701,9.28496586745833,0.0763803060017216,0.940173901359672,0.975786073319786,TRUE,"up",TRUE,FALSE
"PFDN6","down",0.00500297233333443,9.45410034666667,0.0759685094882609,0.940495782642553,0.975891967215542,TRUE,"up",FALSE,FALSE
"PRDM2","up",0.00333429200000053,9.53787345525,0.0741254878023608,0.94193651408184,0.976539033250506,TRUE,"up",TRUE,FALSE
"INTS6","down",-0.00514398383333323,8.68792969083333,-0.0737867523493857,0.942201334246856,0.976684061193317,TRUE,"down",TRUE,FALSE
"CHST2","up",0.0193709494999998,11.1384636428333,0.073249330338918,0.942621500190134,0.976805274836634,TRUE,"up",TRUE,FALSE
"MPV17","up",-0.00398760683333297,9.67545329991667,-0.0732275707805832,0.942638512567543,0.976805274836634,TRUE,"down",FALSE,FALSE
"CDX2","up",0.0033975840833342,5.627556053375,0.0729562672753563,0.94285062948912,0.976834875778931,TRUE,"up",TRUE,FALSE
"RNF183","down",-0.0038758309166664,5.891823505625,-0.0722066127201253,0.943436765433756,0.977088056301903,TRUE,"down",TRUE,FALSE
"ADAM33","up",0.00564307333333425,10.860059725,0.07190751240041,0.9436706339019,0.977160441646606,TRUE,"up",TRUE,FALSE
"F2RL1","up",0.00530241358333351,5.40574021204167,0.0711953026117951,0.944227536941175,0.977307320911487,TRUE,"up",TRUE,FALSE
"CCL27","down",0.00339047875000058,6.366493871125,0.0710369295696974,0.944351378765261,0.977334696245433,TRUE,"up",FALSE,FALSE
"PSMA1","up",0.00265678833333441,12.9656518358333,0.0697245341831938,0.945377680135951,0.977790269528802,TRUE,"up",TRUE,FALSE
"SMARCC2","up",-0.00281635249999896,13.6195670354167,-0.0692887439058595,0.945718493155414,0.97803242592391,TRUE,"down",FALSE,FALSE
"MRPS16","up",0.00309778416666678,10.72127679875,0.0689601594997358,0.945975472309722,0.978115532781195,TRUE,"up",TRUE,FALSE
"GABRG2","up",0.00342477475000091,5.92359734929167,0.0685868165664531,0.946267463750556,0.978207814203549,TRUE,"up",TRUE,FALSE
"NOL6","up",0.00376932041666796,7.76592298304167,0.0684900014228749,0.94634318416437,0.978235317820131,TRUE,"up",TRUE,FALSE
"DOC2A","down",0.00360279358333411,5.697170937625,0.0679678043322832,0.946751610707435,0.978321368515383,TRUE,"up",FALSE,FALSE
"MRPL21","up",-0.00300157416666568,12.69292677625,-0.066660029047118,0.947774530098536,0.97883567769799,TRUE,"down",FALSE,FALSE
"CHST9","down",0.00469524483333417,5.94807008766667,0.0653346974614167,0.948811279026696,0.979260782223859,TRUE,"up",FALSE,FALSE
"FOXA3","up",0.00365742966666715,6.13327537308333,0.0654083369464055,0.948753671541405,0.979260782223859,TRUE,"up",TRUE,FALSE
"C20orf151","down",-0.00399483208333334,5.80210478604167,-0.0650594153229055,0.949026632310052,0.979380102930617,TRUE,"down",TRUE,FALSE
"HCK","down",-0.00393543058333286,7.494984664125,-0.0628899977641185,0.950723911148908,0.97980740440859,TRUE,"down",TRUE,FALSE
"METTL9","up",0.00338487566666693,9.3167992035,0.0631644723498234,0.950509157663926,0.97980740440859,TRUE,"up",TRUE,FALSE
"PCDH8","down",0.0103491040000002,5.90434522025,0.0635022538594688,0.950244877255407,0.97980740440859,TRUE,"up",FALSE,FALSE
"SIAE","up",-0.0033056672499989,6.899673446625,-0.0631179520246921,0.950545555660927,0.97980740440859,TRUE,"down",FALSE,FALSE
"PAH","up",-0.00378047041666655,5.23465458795833,-0.0625104733954959,0.95102086386076,0.979812400271304,TRUE,"down",FALSE,FALSE
"SF3B2","up",-0.00224380666666478,12.6006508683333,-0.0619505476070554,0.951458982495492,0.979901009945885,TRUE,"down",FALSE,FALSE
"CENPA","up",0.00548014791666824,5.41914397895833,0.0609859670006716,0.952213764728698,0.980152571862489,TRUE,"up",TRUE,FALSE
"KIAA1456","up",-0.00503752449999969,6.21821809708333,-0.0603183346608492,0.952736213443702,0.980375533982075,TRUE,"down",FALSE,FALSE
"ATAD3A","down",0.00294592241666811,8.97618165254167,0.0600431118250726,0.952951592764272,0.980383610991926,TRUE,"up",FALSE,FALSE
"CAPZA3","up",-0.00300595216666663,5.45451270258333,-0.0600710812033366,0.952929704778201,0.980383610991926,TRUE,"down",FALSE,FALSE
"NF2","up",0.00342671916666726,10.75954266625,0.0584728020842358,0.954180532012094,0.980887232537544,TRUE,"up",TRUE,FALSE
"C1orf87","up",0.00357490958333373,5.577310605375,0.0579792563512589,0.954566810650732,0.981186937726671,TRUE,"up",TRUE,FALSE
"GNG5","up",0.00301555833333457,12.2204702166667,0.0573418663417179,0.955065687970007,0.98141705194086,TRUE,"up",TRUE,FALSE
"PCDHGA3","up",0.00355766108333401,7.22344729020833,0.0569668518349567,0.955359216338028,0.98141705194086,TRUE,"up",TRUE,FALSE
"PSMA3","up",-0.00268533166666676,12.6698979791667,-0.0563412280474073,0.955848914513204,0.981634111353248,TRUE,"down",FALSE,FALSE
"SAE1","up",-0.00376183416666685,11.0966304829167,-0.0564314913666461,0.955778261031576,0.981634111353248,TRUE,"down",FALSE,FALSE
"CHRM1","up",-0.00224254424999994,6.437025815875,-0.0545315958715649,0.957265481731444,0.982383737900951,TRUE,"down",FALSE,FALSE
"VPS16","up",0.00243288700000023,10.1770902268333,0.0541699633185877,0.957548583211256,0.982474815850791,TRUE,"up",TRUE,FALSE
"PSME3","down",-0.0039050818333332,9.50644782441667,-0.0528615451589131,0.958572918361124,0.982801350205136,TRUE,"down",TRUE,FALSE
"GNA14","up",0.00388900175000009,6.830945475125,0.0513514065454999,0.959755270627152,0.983207513912588,TRUE,"up",TRUE,FALSE
"C17orf62","up",-0.00277871633333305,9.51376018883333,-0.0508818167267753,0.960122952755394,0.983352244314576,TRUE,"down",FALSE,FALSE
"DERL2","up",0.00195202083333398,10.8573509195833,0.0508252131950386,0.960167273149517,0.983365223352839,TRUE,"up",TRUE,FALSE
"IQGAP1","down",-0.0030232833333331,11.9288585383333,-0.0503812658297743,0.960514887311352,0.983656157553726,TRUE,"down",TRUE,FALSE
"NUDCD3","down",-0.00275218966666536,8.97564881,-0.050341127862245,0.960546316056101,0.983656157553726,TRUE,"down",TRUE,FALSE
"DRAP1","down",-0.00218353333333194,12.2005110208333,-0.0502596719788631,0.960610097674942,0.983656635742018,TRUE,"down",TRUE,FALSE
"PCSK1N","down",0.00525800675000077,10.6721518085417,0.0498677108175515,0.960917015160152,0.983785325341128,TRUE,"up",FALSE,FALSE
"ARL2BP","up",0.0025877700000027,11.430548385,0.0489780146302545,0.961613698012202,0.983970915650238,TRUE,"up",TRUE,FALSE
"MCRS1","up",0.00272852016666716,9.88171583325,0.048194275595331,0.962227437294411,0.984372005781844,TRUE,"up",TRUE,FALSE
"FTL","up",-0.00358238666666406,14.2909003525,-0.0474575086823452,0.962804415733417,0.984613624651938,TRUE,"down",FALSE,FALSE
"FOXN1","up",-0.00281512216666639,6.343310875,-0.0469845977199876,0.963174774143586,0.984822356187748,TRUE,"down",FALSE,FALSE
"LGALS14","down",-0.00237758883333272,5.35300024558333,-0.0455086437261041,0.964330718072633,0.985226188536246,TRUE,"down",TRUE,FALSE
"FGF17","down",0.00227087616666669,5.53182337941667,0.0452048254756791,0.96456867413932,0.985307312869254,TRUE,"up",FALSE,FALSE
"LAMP1","up",-0.00181185916666278,14.1004923170833,-0.0447295790490823,0.964940902923151,0.985525547632651,TRUE,"down",FALSE,FALSE
"TLR9","down",0.00230272891666672,6.13291959304167,0.0446150066825059,0.96503064107517,0.985584804085185,TRUE,"up",FALSE,FALSE
"SERF2","down",0.00305907583333451,14.9135052970833,0.0439883398978486,0.965521482905284,0.985970949109353,TRUE,"up",FALSE,FALSE
"AK3","up",-0.00231832066666672,8.91086073491667,-0.0435382624087587,0.965874018683357,0.986021460220949,TRUE,"down",FALSE,FALSE
"CYP2W1","down",-0.00463385899999917,8.78630401725,-0.0434209273252074,0.965965925885868,0.986021460220949,TRUE,"down",TRUE,FALSE
"KRTAP1-5","up",0.0186281598333338,7.31296374941667,0.0434536162513111,0.965940320980897,0.986021460220949,TRUE,"up",TRUE,FALSE
"ST3GAL3","up",-0.00242694499999913,9.24078204108333,-0.0429453616916948,0.966338436015453,0.986190453167325,TRUE,"down",FALSE,FALSE
"PLD4","up",-0.00216030541666615,6.03483065729167,-0.0417678915926431,0.967260782106755,0.98669879079727,TRUE,"down",FALSE,FALSE
"SEC61B","up",0.00288204333333397,13.8200887016667,0.0416375754158743,0.967362865512057,0.986701866434383,TRUE,"up",TRUE,FALSE
"LRCH3","down",0.0016866037499998,7.63833280154167,0.0410501559004638,0.967823028946706,0.986944442252446,TRUE,"up",FALSE,FALSE
"CDSN","up",0.00196732100000049,6.36751029058333,0.0407387595277689,0.968066970550387,0.987031235732293,TRUE,"up",TRUE,FALSE
"TCOF1","up",-0.0023535439166655,10.4439663319583,-0.0405733336000347,0.968196563215623,0.987066198970925,TRUE,"down",FALSE,FALSE
"MXD3","down",0.00184942633333478,7.5858154285,0.039727651055513,0.968859075119059,0.98740761051564,TRUE,"up",FALSE,FALSE
"SNX17","up",0.00205686383333423,10.17013355525,0.0395820382741324,0.968973151311842,0.987425908587957,TRUE,"up",TRUE,FALSE
"E2F4","up",-0.00169211199999752,9.79470699116667,-0.0391444340146143,0.969315984147517,0.987575805253757,TRUE,"down",FALSE,FALSE
"DTNB","down",0.00169296675000151,6.71544300370833,0.0379893082216577,0.970220975742691,0.988027863079342,TRUE,"up",FALSE,FALSE
"EGFR","down",0.0042928815000016,8.73479653808333,0.0380758231211276,0.970153193535791,0.988027863079342,TRUE,"up",FALSE,FALSE
"PTCH2","up",0.00238774450000093,6.9057600375,0.0378932251345669,0.970296254658705,0.988065551048529,TRUE,"up",TRUE,FALSE
"DHX36","down",-0.00166227916666632,11.4309624179167,-0.0376921485055416,0.970453794577655,0.988091856933616,TRUE,"down",TRUE,FALSE
"CCT8","up",-0.0014347008333311,11.4955620754167,-0.0370718776621731,0.970939773634408,0.98821305622254,TRUE,"down",FALSE,FALSE
"IFT52","up",0.00212941366666683,7.84546725966667,0.0369054905597655,0.971070139126227,0.98821305622254,TRUE,"up",TRUE,FALSE
"WDR7","down",-0.00272626166666577,10.38011222,-0.0370071953223922,0.970990452610995,0.98821305622254,TRUE,"down",TRUE,FALSE
"SUPT3H","up",-0.00193071649999916,6.56649335083333,-0.0358104587906012,0.971928125580544,0.988334070432259,TRUE,"down",FALSE,FALSE
"TOP1","down",0.00210481350000083,8.476829926,0.0350583537590645,0.972517440750965,0.988632626294022,TRUE,"up",FALSE,FALSE
"IRX6","up",-0.00165591274999982,5.68938146095833,-0.0347477691740653,0.972760805524144,0.988767174236848,TRUE,"down",FALSE,FALSE
"TAF7","up",-0.00174351583333088,12.9669269179167,-0.0344731206267547,0.972976014236791,0.988906530723628,TRUE,"down",FALSE,FALSE
"MON1A","down",-0.00148055758333287,9.95739429795833,-0.0335430359010266,0.973704824772283,0.9892570977585,TRUE,"down",TRUE,FALSE
"COPS5","up",-0.00107671833333305,12.3916820891667,-0.0329869591940816,0.97414057583675,0.989392866747279,TRUE,"down",FALSE,FALSE
"SDAD1","down",0.00209535625000109,8.48943554304167,0.0326220712062151,0.974426512859266,0.989438029771432,TRUE,"up",FALSE,FALSE
"MCCD1","up",0.00131733500000023,6.22673669433333,0.0317127258586896,0.975139118532723,0.989792326246203,TRUE,"up",TRUE,FALSE
"MFAP3L","down",0.00167616683333399,5.92697623833333,0.0317223033367848,0.975131613055931,0.989792326246203,TRUE,"up",FALSE,FALSE
"ZNHIT1","up",0.00142790833333367,13.3624495733333,0.0316141070850377,0.975216402162797,0.989794135544395,TRUE,"up",TRUE,FALSE
"NFATC2IP","down",0.00154635725000079,7.88257266429167,0.0307915817386371,0.975860992689272,0.990208169187247,TRUE,"up",FALSE,FALSE
"LZTFL1","up",-0.0016431729166658,9.276662984625,-0.0304363657017657,0.976139371169899,0.990372144998238,TRUE,"down",FALSE,FALSE
"PPP2R3A","down",-0.00313391108333258,9.56966568445833,-0.0302857455822133,0.976257411296896,0.99041460856874,TRUE,"down",TRUE,FALSE
"CTNND1","up",-0.00106025050000025,9.16729913741667,-0.0298493183935941,0.97659944003318,0.990659717303091,TRUE,"down",FALSE,FALSE
"GAK","down",-0.0018217169999996,10.2618473833333,-0.0297079332546847,0.976710244834647,0.990730712141151,TRUE,"down",TRUE,FALSE
"HMGN1","down",0.00129820583333565,12.1909120620833,0.0292694122790264,0.97705392081288,0.99089429556426,TRUE,"up",FALSE,FALSE
"LRRC15","up",-0.0027270869166659,6.238790060125,-0.028369205021322,0.977759442503914,0.99131860859078,TRUE,"down",FALSE,FALSE
"SLC9A1","down",0.00128351333333493,7.11678266316667,0.0280081743541981,0.978042399423562,0.991384445961182,TRUE,"up",FALSE,FALSE
"UNC119","down",-0.000999770083332014,8.607130401625,-0.0279471475146487,0.978090229366237,0.991384445961182,TRUE,"down",TRUE,FALSE
"C12orf61","up",0.0024280726666672,5.40568066658333,0.0275440076295483,0.97840619347296,0.991553726144547,TRUE,"up",TRUE,FALSE
"EFCAB4A","down",0.00162969916666847,10.3006612779167,0.0274725392811059,0.97846220775546,0.991578152029538,TRUE,"up",FALSE,FALSE
"TRPS1","down",0.00254017425000062,9.656661865875,0.0271659245157591,0.978702522546701,0.991652082075029,TRUE,"up",FALSE,FALSE
"SLC35A3","up",0.00186625125000057,7.75926872929167,0.0249706226935057,0.980423190611974,0.992452747530865,TRUE,"up",TRUE,FALSE
"ANKRD27","up",0.00179704733333377,9.30697358391667,0.0247167228009802,0.980622202927708,0.992536991086672,TRUE,"up",TRUE,FALSE
"CLDN5","up",-0.00329226833333226,13.188618555,-0.0240640021605142,0.981133825810197,0.99265162541128,TRUE,"down",FALSE,FALSE
"SELT","up",-0.00128727599999916,10.6033871903333,-0.0239152475936948,0.981250425510263,0.992712495907859,TRUE,"down",FALSE,FALSE
"NRAP","down",-0.000826249499999518,5.436165134,-0.0231932916935551,0.981816329289735,0.992855256665602,TRUE,"down",TRUE,FALSE
"NDUFB3","up",-0.00100173333332992,12.7631431783333,-0.0229439230929556,0.982011798771537,0.992957664891123,TRUE,"down",FALSE,FALSE
"PCDHGA8","up",0.00143964500000227,11.1979613533333,0.0226376487810987,0.982251875865472,0.993035611379373,TRUE,"up",TRUE,FALSE
"TMEM139","down",0.00149613783333422,6.11429459216667,0.0225017907796006,0.98235837049459,0.993049690604549,TRUE,"up",FALSE,FALSE
"ATP6V0C","up",-0.000958179166664824,14.5493957129167,-0.0207842996775955,0.983704684738519,0.993673728299248,TRUE,"down",FALSE,FALSE
"SLC10A3","up",-0.0010383966666651,11.66516884,-0.0196695099142625,0.984578578672175,0.994169265226347,TRUE,"down",FALSE,FALSE
"CHCHD2","up",-0.00111857583333178,14.0937756445833,-0.019585946678035,0.984644085500867,0.994173903898938,TRUE,"down",FALSE,FALSE
"SUMF1","up",0.000947777500000252,11.72884434375,0.0193788420315825,0.984806439311429,0.994245887587638,TRUE,"up",TRUE,FALSE
"RNF166","up",0.000750765166667771,6.67249408591667,0.0192771892524359,0.984886127378545,0.994294033072524,TRUE,"up",TRUE,FALSE
"ATXN2L","up",-0.000778745833333065,12.36315809125,-0.0183299550935496,0.985628695012642,0.994664460762157,TRUE,"down",FALSE,FALSE
"MBL2","up",0.000691448666667074,5.30226373866667,0.0175884365878079,0.986210005123683,0.994984001532667,TRUE,"up",TRUE,FALSE
"EFEMP1","up",0.00197904750000412,13.9800413654167,0.0171654899210581,0.98654157592307,0.995058130945561,TRUE,"up",TRUE,FALSE
"CDC25B","down",0.00098873291666688,10.040343115125,0.0164063171983212,0.987136738956117,0.995304953527095,TRUE,"up",FALSE,FALSE
"MEOX2","up",0.00157372341666866,8.044253647875,0.0160113334652818,0.987446394596091,0.995433485689028,TRUE,"up",TRUE,FALSE
"TBC1D10B","up",0.000862262499999961,12.97418300875,0.0156512767024533,0.987728670344497,0.995546426785527,TRUE,"up",TRUE,FALSE
"LY6G6C","up",-0.00146169974999992,6.72243919395833,-0.0144656943089679,0.98865814993362,0.996161332124581,TRUE,"down",FALSE,FALSE
"AGTPBP1","up",-0.000958093916666015,8.007105047625,-0.0142064335504905,0.988861408970108,0.996268010100814,TRUE,"down",FALSE,FALSE
"DDR1","down",0.00104051958333358,9.91926083754167,0.0140605500417728,0.988975781207283,0.99631862898138,TRUE,"up",FALSE,FALSE
"BMP1","up",-0.00122649300000036,8.17913262316667,-0.01380416889707,0.989176783869153,0.996356009133513,TRUE,"down",FALSE,FALSE
"MFSD1","up",-0.000857339999997678,12.2370247358333,-0.0134986156860154,0.989416338394038,0.996471686327614,TRUE,"down",FALSE,FALSE
"SPR","up",0.000790303166666127,9.978645846,0.0132289413728865,0.989627764647089,0.996555415579283,TRUE,"up",TRUE,FALSE
"SVIL","down",0.00225156999999999,11.2891433875,0.0128013466249231,0.989963003100619,0.996798965417472,TRUE,"up",FALSE,FALSE
"C1orf61","up",0.000605713916667002,5.664054696375,0.0125269778977026,0.990178111897314,0.996818865798585,TRUE,"up",TRUE,FALSE
"ARID1A","up",-0.000851240666666733,9.451291815,-0.0122348923527857,0.990407111787772,0.996887909862962,TRUE,"down",FALSE,FALSE
"LRRC38","up",-0.00078070124999974,5.49620853820833,-0.0108791001222889,0.991470086416722,0.997359038403305,TRUE,"down",FALSE,FALSE
"OSBPL3","down",0.0019474073333332,7.59665569541667,0.0106426724968992,0.991655453296901,0.997465871769814,TRUE,"up",FALSE,FALSE
"GAD1","up",-0.000818496166666241,6.07103132275,-0.0100301728051389,0.992135675094367,0.997685775730258,TRUE,"down",FALSE,FALSE
"SLC9A3","up",0.000701636166666697,5.56108318841667,0.0100460261438188,0.992123245465782,0.997685775730258,TRUE,"up",TRUE,FALSE
"CDC42SE2","up",-0.000571807166665562,10.143157171,-0.0094739824096762,0.99257175111693,0.997935267778846,TRUE,"down",FALSE,FALSE
"HSPD1","up",0.000456530833334303,13.25420461875,0.00878590433458589,0.993111235861658,0.998186980678444,TRUE,"up",TRUE,FALSE
"BICD2","down",-0.000346445749999697,9.62169874804167,-0.0080778826203268,0.993666360973141,0.99844292281877,TRUE,"down",TRUE,FALSE
"TMEM86B","up",-0.000312505666667048,8.17339421183333,-0.00805816638584032,0.993681819555897,0.99844292281877,TRUE,"down",FALSE,FALSE
"MEF2C","down",-0.000367007499999185,10.98245833125,-0.00704242777238042,0.994478216384174,0.998624152134216,TRUE,"down",TRUE,FALSE
"VIPR1","down",0.00061902483333407,6.40099555975,0.00718154088068385,0.99436914341734,0.998624152134216,TRUE,"up",FALSE,FALSE
"TIRAP","up",-0.000339442333332702,6.96740712825,-0.00688692843953746,0.994600137262733,0.99870284904055,TRUE,"down",FALSE,FALSE
"SSH3","down",-0.000385743333332385,10.8986534583333,-0.0067474440252112,0.994709501595842,0.998727296138108,TRUE,"down",TRUE,FALSE
"DSG4","down",-0.000509725166665693,5.38282752041667,-0.00650299869720496,0.994901161985015,0.998798661990219,TRUE,"down",TRUE,FALSE
"KCNMB3","up",-0.000374812416666236,6.88373933604167,-0.00555460711570609,0.995644763133426,0.99895618457431,TRUE,"down",FALSE,FALSE
"CENPI","up",0.000262666000000484,5.61192139466667,0.00529060383886927,0.99585175977903,0.99900257893246,TRUE,"up",TRUE,FALSE
"LAMP2","up",-0.000332329083333637,10.303785625125,-0.00410200521720271,0.996783706090992,0.999388961816634,TRUE,"down",FALSE,FALSE
"PMFBP1","down",-0.000176774499999233,6.06504222916667,-0.00367768269236149,0.99711640654293,0.999414337537661,TRUE,"down",TRUE,FALSE
"CASP8","up",0.00011921766666821,10.6891333928333,0.00251915592214505,0.998024780427999,0.999461258611761,TRUE,"up",TRUE,FALSE
"FBXL6","up",0.000176288666666446,7.74788426983333,0.00271765216679284,0.997869143903482,0.999461258611761,TRUE,"up",TRUE,FALSE
"TMEM45A","up",0.00033181308333449,10.3120160515417,0.00251992682968868,0.998024175976243,0.999461258611761,TRUE,"up",TRUE,FALSE
"ZMAT3","up",-0.000170602583333558,7.819634838125,-0.00272309884881508,0.997864873281556,0.999461258611761,TRUE,"down",FALSE,FALSE
"SETD2","down",0.000104825083333983,10.211227133625,0.00225125925407183,0.998234832423627,0.999553759565175,TRUE,"up",FALSE,FALSE
"FOXE3","up",-7.72706666667409e-05,6.70174235225,-0.00163126918380075,0.998720953749646,0.999650542169788,TRUE,"down",FALSE,FALSE
"RB1","up",-0.000138474999999213,11.0956203466667,-0.00159987571085176,0.998745568734866,0.999650542169788,TRUE,"down",FALSE,FALSE
"SCAP","down",6.16350000006788e-05,10.8027687208333,0.00157550671195814,0.998764675973407,0.999650542169788,TRUE,"up",FALSE,FALSE
"SLC27A2","up",-0.000119124083332692,5.653440381375,-0.00168516921990519,0.998678691828035,0.999650542169788,TRUE,"down",FALSE,FALSE
"SRPX2","down",-0.000205917166665288,10.0753628944167,-0.00143974068008938,0.998871127383651,0.999650542169788,TRUE,"down",TRUE,FALSE
"PSMB5","up",-4.05408333330067e-05,12.9650438304167,-0.00112677065173928,0.999116520958652,0.999675742800052,TRUE,"down",FALSE,FALSE
"GSTK1","up",4.8694916668539e-05,9.88972678945833,0.000873119134658268,0.999315404137787,0.999774787445085,TRUE,"up",TRUE,FALSE
"SLC9A3R1","up",8.99095833356061e-05,11.404099025625,0.000779671474031865,0.999388674628101,0.999774787445085,TRUE,"up",TRUE,FALSE
"CFB","down",-6.24589999991203e-05,7.940949674,-0.000545058989724528,0.999572629730387,0.999832577635357,TRUE,"down",TRUE,FALSE
"LTK","down",1.85511666679822e-05,6.76312379675,0.000187076270960584,0.999853317087504,0.999938687478237,TRUE,"up",FALSE,FALSE
"SYDE1","down",-1.12562500001942e-05,8.77557898879167,-0.000226189311301597,0.999822649303991,0.999938687478237,TRUE,"down",TRUE,FALSE
"RNF10","up",4.14000000164582e-06,11.4859077691667,0.00011147504317378,0.999912594558438,0.999944776097318,TRUE,"up",TRUE,FALSE
"A1CF","up",NA,NA,NA,NA,NA,FALSE,NA,NA,FALSE
"AADACL3","up",NA,NA,NA,NA,NA,FALSE,NA,NA,FALSE
"AAR2","up",NA,NA,NA,NA,NA,FALSE,NA,NA,FALSE
"ABRACL","up",NA,NA,NA,NA,NA,FALSE,NA,NA,FALSE
"ACAN","down",NA,NA,NA,NA,NA,FALSE,NA,NA,FALSE
"ACER1","up",NA,NA,NA,NA,NA,FALSE,NA,NA,FALSE
"ACSF2","up",NA,NA,NA,NA,NA,FALSE,NA,NA,FALSE
"ACSM2B","up",NA,NA,NA,NA,NA,FALSE,NA,NA,FALSE
"ACTR3C","up",NA,NA,NA,NA,NA,FALSE,NA,NA,FALSE
"ADAT2","down",NA,NA,NA,NA,NA,FALSE,NA,NA,FALSE
"ADAT3","up",NA,NA,NA,NA,NA,FALSE,NA,NA,FALSE
"ADO","up",NA,NA,NA,NA,NA,FALSE,NA,NA,FALSE
"ADPRM","up",NA,NA,NA,NA,NA,FALSE,NA,NA,FALSE
"AFAP1","down",NA,NA,NA,NA,NA,FALSE,NA,NA,FALSE
"AFAP1L1","down",NA,NA,NA,NA,NA,FALSE,NA,NA,FALSE
"AFAP1L2","up",NA,NA,NA,NA,NA,FALSE,NA,NA,FALSE
"AGAP1","down",NA,NA,NA,NA,NA,FALSE,NA,NA,FALSE
"AGAP3","up",NA,NA,NA,NA,NA,FALSE,NA,NA,FALSE
"AGAP6","up",NA,NA,NA,NA,NA,FALSE,NA,NA,FALSE
"AGAP9","down",NA,NA,NA,NA,NA,FALSE,NA,NA,FALSE
"AGBL1","down",NA,NA,NA,NA,NA,FALSE,NA,NA,FALSE
"AGBL5","up",NA,NA,NA,NA,NA,FALSE,NA,NA,FALSE
"AGFG1","up",NA,NA,NA,NA,NA,FALSE,NA,NA,FALSE
"AGK","up",NA,NA,NA,NA,NA,FALSE,NA,NA,FALSE
"AGPAT9","up",NA,NA,NA,NA,NA,FALSE,NA,NA,FALSE
"AGPHD1","up",NA,NA,NA,NA,NA,FALSE,NA,NA,FALSE
"AGXT2L2","down",NA,NA,NA,NA,NA,FALSE,NA,NA,FALSE
"AIDA","down",NA,NA,NA,NA,NA,FALSE,NA,NA,FALSE
"AIFM1","down",NA,NA,NA,NA,NA,FALSE,NA,NA,FALSE
"AIFM2","down",NA,NA,NA,NA,NA,FALSE,NA,NA,FALSE
"AIMP1","up",NA,NA,NA,NA,NA,FALSE,NA,NA,FALSE
"AIMP2","up",NA,NA,NA,NA,NA,FALSE,NA,NA,FALSE
"AJUBA","up",NA,NA,NA,NA,NA,FALSE,NA,NA,FALSE
"AK4","up",NA,NA,NA,NA,NA,FALSE,NA,NA,FALSE
"AKAP17A","up",NA,NA,NA,NA,NA,FALSE,NA,NA,FALSE
"AKAP2","down",NA,NA,NA,NA,NA,FALSE,NA,NA,FALSE
"AKIRIN1","up",NA,NA,NA,NA,NA,FALSE,NA,NA,FALSE
"AKIRIN2","up",NA,NA,NA,NA,NA,FALSE,NA,NA,FALSE
"AKNAD1","up",NA,NA,NA,NA,NA,FALSE,NA,NA,FALSE
"AKR1C2","up",NA,NA,NA,NA,NA,FALSE,NA,NA,FALSE
"AKR1E2","up",NA,NA,NA,NA,NA,FALSE,NA,NA,FALSE
"AKTIP","up",NA,NA,NA,NA,NA,FALSE,NA,NA,FALSE
"ALG13","up",NA,NA,NA,NA,NA,FALSE,NA,NA,FALSE
"ALG1L","up",NA,NA,NA,NA,NA,FALSE,NA,NA,FALSE
"ALG1L2","up",NA,NA,NA,NA,NA,FALSE,NA,NA,FALSE
"ALYREF","down",NA,NA,NA,NA,NA,FALSE,NA,NA,FALSE
"AMN1","up",NA,NA,NA,NA,NA,FALSE,NA,NA,FALSE
"AMTN","down",NA,NA,NA,NA,NA,FALSE,NA,NA,FALSE
"AMY1A","up",NA,NA,NA,NA,NA,FALSE,NA,NA,FALSE
"AMY2A","down",NA,NA,NA,NA,NA,FALSE,NA,NA,FALSE
"ANAPC16","up",NA,NA,NA,NA,NA,FALSE,NA,NA,FALSE
"ANKHD1-EIF4EBP3","up",NA,NA,NA,NA,NA,FALSE,NA,NA,FALSE
"ANKLE2","up",NA,NA,NA,NA,NA,FALSE,NA,NA,FALSE
"ANKRD20A3","down",NA,NA,NA,NA,NA,FALSE,NA,NA,FALSE
"ANKRD33B","down",NA,NA,NA,NA,NA,FALSE,NA,NA,FALSE
"ANKRD36","down",NA,NA,NA,NA,NA,FALSE,NA,NA,FALSE
"ANKRD63","down",NA,NA,NA,NA,NA,FALSE,NA,NA,FALSE
"ANKRD65","down",NA,NA,NA,NA,NA,FALSE,NA,NA,FALSE
"ANO2","down",NA,NA,NA,NA,NA,FALSE,NA,NA,FALSE
"ANO3","down",NA,NA,NA,NA,NA,FALSE,NA,NA,FALSE
"AP5B1","up",NA,NA,NA,NA,NA,FALSE,NA,NA,FALSE
"AP5M1","up",NA,NA,NA,NA,NA,FALSE,NA,NA,FALSE
"AP5S1","up",NA,NA,NA,NA,NA,FALSE,NA,NA,FALSE
"AP5Z1","up",NA,NA,NA,NA,NA,FALSE,NA,NA,FALSE
"APOBEC3H","up",NA,NA,NA,NA,NA,FALSE,NA,NA,FALSE
"APOO","up",NA,NA,NA,NA,NA,FALSE,NA,NA,FALSE
"ARAP1","up",NA,NA,NA,NA,NA,FALSE,NA,NA,FALSE
"ARFGAP2","up",NA,NA,NA,NA,NA,FALSE,NA,NA,FALSE
"ARHGAP33","up",NA,NA,NA,NA,NA,FALSE,NA,NA,FALSE
"ARHGAP35","down",NA,NA,NA,NA,NA,FALSE,NA,NA,FALSE
"ARHGAP42","down",NA,NA,NA,NA,NA,FALSE,NA,NA,FALSE
"ARHGAP44","up",NA,NA,NA,NA,NA,FALSE,NA,NA,FALSE
"ARHGEF26","up",NA,NA,NA,NA,NA,FALSE,NA,NA,FALSE
"ARHGEF28","up",NA,NA,NA,NA,NA,FALSE,NA,NA,FALSE
"ARL17A","up",NA,NA,NA,NA,NA,FALSE,NA,NA,FALSE
"ARL17B","up",NA,NA,NA,NA,NA,FALSE,NA,NA,FALSE
"ARL6IP1","down",NA,NA,NA,NA,NA,FALSE,NA,NA,FALSE
"ARMC10","up",NA,NA,NA,NA,NA,FALSE,NA,NA,FALSE
"ASAP1","down",NA,NA,NA,NA,NA,FALSE,NA,NA,FALSE
"ASAP3","down",NA,NA,NA,NA,NA,FALSE,NA,NA,FALSE
"ASCL4","up",NA,NA,NA,NA,NA,FALSE,NA,NA,FALSE
"ASIC2","down",NA,NA,NA,NA,NA,FALSE,NA,NA,FALSE
"ASIC3","up",NA,NA,NA,NA,NA,FALSE,NA,NA,FALSE
"ASIC4","up",NA,NA,NA,NA,NA,FALSE,NA,NA,FALSE
"ASTN1","up",NA,NA,NA,NA,NA,FALSE,NA,NA,FALSE
"ASUN","up",NA,NA,NA,NA,NA,FALSE,NA,NA,FALSE
"ATAD2B","down",NA,NA,NA,NA,NA,FALSE,NA,NA,FALSE
"ATAD5","up",NA,NA,NA,NA,NA,FALSE,NA,NA,FALSE
"ATAT1","up",NA,NA,NA,NA,NA,FALSE,NA,NA,FALSE
"ATG13","up",NA,NA,NA,NA,NA,FALSE,NA,NA,FALSE
"ATG14","down",NA,NA,NA,NA,NA,FALSE,NA,NA,FALSE
"ATG2A","up",NA,NA,NA,NA,NA,FALSE,NA,NA,FALSE
"ATL2","up",NA,NA,NA,NA,NA,FALSE,NA,NA,FALSE
"ATL3","up",NA,NA,NA,NA,NA,FALSE,NA,NA,FALSE
"ATP5SL","up",NA,NA,NA,NA,NA,FALSE,NA,NA,FALSE
"ATP6AP1L","up",NA,NA,NA,NA,NA,FALSE,NA,NA,FALSE
"ATP6V0E2","down",NA,NA,NA,NA,NA,FALSE,NA,NA,FALSE
"ATXN3L","down",NA,NA,NA,NA,NA,FALSE,NA,NA,FALSE
"ATXN7L3B","up",NA,NA,NA,NA,NA,FALSE,NA,NA,FALSE
"BABAM1","down",NA,NA,NA,NA,NA,FALSE,NA,NA,FALSE
"BANF2","down",NA,NA,NA,NA,NA,FALSE,NA,NA,FALSE
"BATF3","down",NA,NA,NA,NA,NA,FALSE,NA,NA,FALSE
"BBS9","up",NA,NA,NA,NA,NA,FALSE,NA,NA,FALSE
"BEAN1","up",NA,NA,NA,NA,NA,FALSE,NA,NA,FALSE
"BEND2","down",NA,NA,NA,NA,NA,FALSE,NA,NA,FALSE
"BEST1","up",NA,NA,NA,NA,NA,FALSE,NA,NA,FALSE
"BEX4","down",NA,NA,NA,NA,NA,FALSE,NA,NA,FALSE
"BLOC1S4","up",NA,NA,NA,NA,NA,FALSE,NA,NA,FALSE
"BOD1L1","down",NA,NA,NA,NA,NA,FALSE,NA,NA,FALSE
"BOD1L2","up",NA,NA,NA,NA,NA,FALSE,NA,NA,FALSE
"BPIFB4","down",NA,NA,NA,NA,NA,FALSE,NA,NA,FALSE
"BPIFC","up",NA,NA,NA,NA,NA,FALSE,NA,NA,FALSE
"BPTF","down",NA,NA,NA,NA,NA,FALSE,NA,NA,FALSE
"BRIX1","up",NA,NA,NA,NA,NA,FALSE,NA,NA,FALSE
"BTBD18","down",NA,NA,NA,NA,NA,FALSE,NA,NA,FALSE
"BTBD19","down",NA,NA,NA,NA,NA,FALSE,NA,NA,FALSE
"BTF3L4","up",NA,NA,NA,NA,NA,FALSE,NA,NA,FALSE
"C10orf120","up",NA,NA,NA,NA,NA,FALSE,NA,NA,FALSE
"C10orf71","up",NA,NA,NA,NA,NA,FALSE,NA,NA,FALSE
"C11orf86","up",NA,NA,NA,NA,NA,FALSE,NA,NA,FALSE
"C11orf87","up",NA,NA,NA,NA,NA,FALSE,NA,NA,FALSE
"C11orf93","up",NA,NA,NA,NA,NA,FALSE,NA,NA,FALSE
"C11orf94","up",NA,NA,NA,NA,NA,FALSE,NA,NA,FALSE
"C12orf56","up",NA,NA,NA,NA,NA,FALSE,NA,NA,FALSE
"C12orf66","up",NA,NA,NA,NA,NA,FALSE,NA,NA,FALSE
"C12orf68","up",NA,NA,NA,NA,NA,FALSE,NA,NA,FALSE
"C12orf69","up",NA,NA,NA,NA,NA,FALSE,NA,NA,FALSE
"C12orf74","down",NA,NA,NA,NA,NA,FALSE,NA,NA,FALSE
"C12orf75","down",NA,NA,NA,NA,NA,FALSE,NA,NA,FALSE
"C14orf182","up",NA,NA,NA,NA,NA,FALSE,NA,NA,FALSE
"C14orf183","up",NA,NA,NA,NA,NA,FALSE,NA,NA,FALSE
"C15orf57","up",NA,NA,NA,NA,NA,FALSE,NA,NA,FALSE
"C15orf63","down",NA,NA,NA,NA,NA,FALSE,NA,NA,FALSE
"C16orf13","up",NA,NA,NA,NA,NA,FALSE,NA,NA,FALSE
"C16orf62","up",NA,NA,NA,NA,NA,FALSE,NA,NA,FALSE
"C16orf80","up",NA,NA,NA,NA,NA,FALSE,NA,NA,FALSE
"C16orf82","up",NA,NA,NA,NA,NA,FALSE,NA,NA,FALSE
"C16orf86","up",NA,NA,NA,NA,NA,FALSE,NA,NA,FALSE
"C16orf87","up",NA,NA,NA,NA,NA,FALSE,NA,NA,FALSE
"C16orf88","up",NA,NA,NA,NA,NA,FALSE,NA,NA,FALSE
"C16orf91","down",NA,NA,NA,NA,NA,FALSE,NA,NA,FALSE
"C16orf93","up",NA,NA,NA,NA,NA,FALSE,NA,NA,FALSE
"C16orf95","up",NA,NA,NA,NA,NA,FALSE,NA,NA,FALSE
"C17orf51","up",NA,NA,NA,NA,NA,FALSE,NA,NA,FALSE
"C17orf89","down",NA,NA,NA,NA,NA,FALSE,NA,NA,FALSE
"C17orf96","down",NA,NA,NA,NA,NA,FALSE,NA,NA,FALSE
"C17orf97","up",NA,NA,NA,NA,NA,FALSE,NA,NA,FALSE
"C17orf99","down",NA,NA,NA,NA,NA,FALSE,NA,NA,FALSE
"C18orf32","up",NA,NA,NA,NA,NA,FALSE,NA,NA,FALSE
"C18orf63","up",NA,NA,NA,NA,NA,FALSE,NA,NA,FALSE
"C19orf35","down",NA,NA,NA,NA,NA,FALSE,NA,NA,FALSE
"C19orf53","up",NA,NA,NA,NA,NA,FALSE,NA,NA,FALSE
"C19orf66","up",NA,NA,NA,NA,NA,FALSE,NA,NA,FALSE
"C19orf76","up",NA,NA,NA,NA,NA,FALSE,NA,NA,FALSE
"C19orf81","up",NA,NA,NA,NA,NA,FALSE,NA,NA,FALSE
"C1QTNF9B-AS1","down",NA,NA,NA,NA,NA,FALSE,NA,NA,FALSE
"C1orf194","down",NA,NA,NA,NA,NA,FALSE,NA,NA,FALSE
"C1orf68","up",NA,NA,NA,NA,NA,FALSE,NA,NA,FALSE
"C22orf43","up",NA,NA,NA,NA,NA,FALSE,NA,NA,FALSE
"C2CD2","up",NA,NA,NA,NA,NA,FALSE,NA,NA,FALSE
"C2CD3","up",NA,NA,NA,NA,NA,FALSE,NA,NA,FALSE
"C2CD4B","down",NA,NA,NA,NA,NA,FALSE,NA,NA,FALSE
"C2CD4D","down",NA,NA,NA,NA,NA,FALSE,NA,NA,FALSE
"C2orf27B","up",NA,NA,NA,NA,NA,FALSE,NA,NA,FALSE
"C2orf29","up",NA,NA,NA,NA,NA,FALSE,NA,NA,FALSE
"C2orf40","up",NA,NA,NA,NA,NA,FALSE,NA,NA,FALSE
"C2orf42","up",NA,NA,NA,NA,NA,FALSE,NA,NA,FALSE
"C2orf43","up",NA,NA,NA,NA,NA,FALSE,NA,NA,FALSE
"C2orf44","up",NA,NA,NA,NA,NA,FALSE,NA,NA,FALSE
"C2orf47","up",NA,NA,NA,NA,NA,FALSE,NA,NA,FALSE
"C2orf53","up",NA,NA,NA,NA,NA,FALSE,NA,NA,FALSE
"C2orf54","down",NA,NA,NA,NA,NA,FALSE,NA,NA,FALSE
"C2orf56","up",NA,NA,NA,NA,NA,FALSE,NA,NA,FALSE
"C2orf68","down",NA,NA,NA,NA,NA,FALSE,NA,NA,FALSE
"C2orf69","down",NA,NA,NA,NA,NA,FALSE,NA,NA,FALSE
"C2orf76","up",NA,NA,NA,NA,NA,FALSE,NA,NA,FALSE
"C3orf55","down",NA,NA,NA,NA,NA,FALSE,NA,NA,FALSE
"C4orf3","up",NA,NA,NA,NA,NA,FALSE,NA,NA,FALSE
"C4orf33","up",NA,NA,NA,NA,NA,FALSE,NA,NA,FALSE
"C4orf34","up",NA,NA,NA,NA,NA,FALSE,NA,NA,FALSE
"C4orf48","up",NA,NA,NA,NA,NA,FALSE,NA,NA,FALSE
"C4orf52","up",NA,NA,NA,NA,NA,FALSE,NA,NA,FALSE
"C5orf28","up",NA,NA,NA,NA,NA,FALSE,NA,NA,FALSE
"C5orf38","up",NA,NA,NA,NA,NA,FALSE,NA,NA,FALSE
"C5orf44","up",NA,NA,NA,NA,NA,FALSE,NA,NA,FALSE
"C5orf45","up",NA,NA,NA,NA,NA,FALSE,NA,NA,FALSE
"C5orf54","up",NA,NA,NA,NA,NA,FALSE,NA,NA,FALSE
"C5orf60","down",NA,NA,NA,NA,NA,FALSE,NA,NA,FALSE
"C5orf65","up",NA,NA,NA,NA,NA,FALSE,NA,NA,FALSE
"C6orf223","down",NA,NA,NA,NA,NA,FALSE,NA,NA,FALSE
"C6orf226","up",NA,NA,NA,NA,NA,FALSE,NA,NA,FALSE
"C7orf63","down",NA,NA,NA,NA,NA,FALSE,NA,NA,FALSE
"C7orf73","up",NA,NA,NA,NA,NA,FALSE,NA,NA,FALSE
"C9orf129","down",NA,NA,NA,NA,NA,FALSE,NA,NA,FALSE
"C9orf170","up",NA,NA,NA,NA,NA,FALSE,NA,NA,FALSE
"C9orf171","up",NA,NA,NA,NA,NA,FALSE,NA,NA,FALSE
"C9orf69","down",NA,NA,NA,NA,NA,FALSE,NA,NA,FALSE
"CAAP1","up",NA,NA,NA,NA,NA,FALSE,NA,NA,FALSE
"CABS1","up",NA,NA,NA,NA,NA,FALSE,NA,NA,FALSE
"CACFD1","down",NA,NA,NA,NA,NA,FALSE,NA,NA,FALSE
"CACTIN","down",NA,NA,NA,NA,NA,FALSE,NA,NA,FALSE
"CACUL1","down",NA,NA,NA,NA,NA,FALSE,NA,NA,FALSE
"CADM1","down",NA,NA,NA,NA,NA,FALSE,NA,NA,FALSE
"CADM3","down",NA,NA,NA,NA,NA,FALSE,NA,NA,FALSE
"CAMKMT","up",NA,NA,NA,NA,NA,FALSE,NA,NA,FALSE
"CAMSAP3","up",NA,NA,NA,NA,NA,FALSE,NA,NA,FALSE
"CAND2","up",NA,NA,NA,NA,NA,FALSE,NA,NA,FALSE
"CAPRIN1","up",NA,NA,NA,NA,NA,FALSE,NA,NA,FALSE
"CAPRIN2","up",NA,NA,NA,NA,NA,FALSE,NA,NA,FALSE
"CARNS1","down",NA,NA,NA,NA,NA,FALSE,NA,NA,FALSE
"CASS4","up",NA,NA,NA,NA,NA,FALSE,NA,NA,FALSE
"CATSPERB","down",NA,NA,NA,NA,NA,FALSE,NA,NA,FALSE
"CBY1","up",NA,NA,NA,NA,NA,FALSE,NA,NA,FALSE
"CC2D2A","down",NA,NA,NA,NA,NA,FALSE,NA,NA,FALSE
"CC2D2B","up",NA,NA,NA,NA,NA,FALSE,NA,NA,FALSE
"CCBL2","up",NA,NA,NA,NA,NA,FALSE,NA,NA,FALSE
"CCDC126","down",NA,NA,NA,NA,NA,FALSE,NA,NA,FALSE
"CCDC127","up",NA,NA,NA,NA,NA,FALSE,NA,NA,FALSE
"CCDC132","up",NA,NA,NA,NA,NA,FALSE,NA,NA,FALSE
"CCDC152","down",NA,NA,NA,NA,NA,FALSE,NA,NA,FALSE
"CCDC154","up",NA,NA,NA,NA,NA,FALSE,NA,NA,FALSE
"CCDC64B","down",NA,NA,NA,NA,NA,FALSE,NA,NA,FALSE
"CCDC85C","down",NA,NA,NA,NA,NA,FALSE,NA,NA,FALSE
"CCDC88A","up",NA,NA,NA,NA,NA,FALSE,NA,NA,FALSE
"CCDC90A","up",NA,NA,NA,NA,NA,FALSE,NA,NA,FALSE
"CCL14","up",NA,NA,NA,NA,NA,FALSE,NA,NA,FALSE
"CCNY","up",NA,NA,NA,NA,NA,FALSE,NA,NA,FALSE
"CCNYL1","down",NA,NA,NA,NA,NA,FALSE,NA,NA,FALSE
"CCZ1","up",NA,NA,NA,NA,NA,FALSE,NA,NA,FALSE
"CD164L2","up",NA,NA,NA,NA,NA,FALSE,NA,NA,FALSE
"CDHR1","down",NA,NA,NA,NA,NA,FALSE,NA,NA,FALSE
"CDHR2","up",NA,NA,NA,NA,NA,FALSE,NA,NA,FALSE
"CDHR5","up",NA,NA,NA,NA,NA,FALSE,NA,NA,FALSE
"CDK11A","down",NA,NA,NA,NA,NA,FALSE,NA,NA,FALSE
"CDK12","up",NA,NA,NA,NA,NA,FALSE,NA,NA,FALSE
"CDK16","down",NA,NA,NA,NA,NA,FALSE,NA,NA,FALSE
"CDK18","up",NA,NA,NA,NA,NA,FALSE,NA,NA,FALSE
"CDKN2AIP","down",NA,NA,NA,NA,NA,FALSE,NA,NA,FALSE
"CDPF1","up",NA,NA,NA,NA,NA,FALSE,NA,NA,FALSE
"CDRT15L2","up",NA,NA,NA,NA,NA,FALSE,NA,NA,FALSE
"CDY1B","up",NA,NA,NA,NA,NA,FALSE,NA,NA,FALSE
"CEACAM16","down",NA,NA,NA,NA,NA,FALSE,NA,NA,FALSE
"CELA3B","up",NA,NA,NA,NA,NA,FALSE,NA,NA,FALSE
"CELF1","down",NA,NA,NA,NA,NA,FALSE,NA,NA,FALSE
"CELF2","down",NA,NA,NA,NA,NA,FALSE,NA,NA,FALSE
"CELF4","up",NA,NA,NA,NA,NA,FALSE,NA,NA,FALSE
"CELF5","up",NA,NA,NA,NA,NA,FALSE,NA,NA,FALSE
"CELF6","up",NA,NA,NA,NA,NA,FALSE,NA,NA,FALSE
"CENPBD1","up",NA,NA,NA,NA,NA,FALSE,NA,NA,FALSE
"CENPV","up",NA,NA,NA,NA,NA,FALSE,NA,NA,FALSE
"CEP128","up",NA,NA,NA,NA,NA,FALSE,NA,NA,FALSE
"CEP44","up",NA,NA,NA,NA,NA,FALSE,NA,NA,FALSE
"CEP85L","down",NA,NA,NA,NA,NA,FALSE,NA,NA,FALSE
"CEP97","up",NA,NA,NA,NA,NA,FALSE,NA,NA,FALSE
"CERS4","up",NA,NA,NA,NA,NA,FALSE,NA,NA,FALSE
"CERS5","down",NA,NA,NA,NA,NA,FALSE,NA,NA,FALSE
"CERS6","up",NA,NA,NA,NA,NA,FALSE,NA,NA,FALSE
"CES3","up",NA,NA,NA,NA,NA,FALSE,NA,NA,FALSE
"CES4A","down",NA,NA,NA,NA,NA,FALSE,NA,NA,FALSE
"CFC1B","up",NA,NA,NA,NA,NA,FALSE,NA,NA,FALSE
"CHADL","up",NA,NA,NA,NA,NA,FALSE,NA,NA,FALSE
"CHAMP1","up",NA,NA,NA,NA,NA,FALSE,NA,NA,FALSE
"CHMP3","down",NA,NA,NA,NA,NA,FALSE,NA,NA,FALSE
"CHST14","up",NA,NA,NA,NA,NA,FALSE,NA,NA,FALSE
"CHST15","down",NA,NA,NA,NA,NA,FALSE,NA,NA,FALSE
"CHTF8","up",NA,NA,NA,NA,NA,FALSE,NA,NA,FALSE
"CLEC18C","down",NA,NA,NA,NA,NA,FALSE,NA,NA,FALSE
"CLHC1","up",NA,NA,NA,NA,NA,FALSE,NA,NA,FALSE
"CLIP1","down",NA,NA,NA,NA,NA,FALSE,NA,NA,FALSE
"CLIP2","down",NA,NA,NA,NA,NA,FALSE,NA,NA,FALSE
"CLIP3","down",NA,NA,NA,NA,NA,FALSE,NA,NA,FALSE
"CLPSL2","down",NA,NA,NA,NA,NA,FALSE,NA,NA,FALSE
"CLRN1","down",NA,NA,NA,NA,NA,FALSE,NA,NA,FALSE
"CLVS1","up",NA,NA,NA,NA,NA,FALSE,NA,NA,FALSE
"CMC2","up",NA,NA,NA,NA,NA,FALSE,NA,NA,FALSE
"CMPK1","up",NA,NA,NA,NA,NA,FALSE,NA,NA,FALSE
"CNEP1R1","up",NA,NA,NA,NA,NA,FALSE,NA,NA,FALSE
"CNPPD1","up",NA,NA,NA,NA,NA,FALSE,NA,NA,FALSE
"CNPY3","up",NA,NA,NA,NA,NA,FALSE,NA,NA,FALSE
"CNPY4","up",NA,NA,NA,NA,NA,FALSE,NA,NA,FALSE
"CNTLN","down",NA,NA,NA,NA,NA,FALSE,NA,NA,FALSE
"CNTNAP3B","up",NA,NA,NA,NA,NA,FALSE,NA,NA,FALSE
"CNTRL","down",NA,NA,NA,NA,NA,FALSE,NA,NA,FALSE
"COA1","up",NA,NA,NA,NA,NA,FALSE,NA,NA,FALSE
"COX16","up",NA,NA,NA,NA,NA,FALSE,NA,NA,FALSE
"CPSF7","down",NA,NA,NA,NA,NA,FALSE,NA,NA,FALSE
"CRCP","down",NA,NA,NA,NA,NA,FALSE,NA,NA,FALSE
"CREBRF","down",NA,NA,NA,NA,NA,FALSE,NA,NA,FALSE
"CSGALNACT1","up",NA,NA,NA,NA,NA,FALSE,NA,NA,FALSE
"CT45A6","down",NA,NA,NA,NA,NA,FALSE,NA,NA,FALSE
"CT47A7","up",NA,NA,NA,NA,NA,FALSE,NA,NA,FALSE
"CTAGE15P","up",NA,NA,NA,NA,NA,FALSE,NA,NA,FALSE
"CTC1","down",NA,NA,NA,NA,NA,FALSE,NA,NA,FALSE
"CTPS1","up",NA,NA,NA,NA,NA,FALSE,NA,NA,FALSE
"CTSA","up",NA,NA,NA,NA,NA,FALSE,NA,NA,FALSE
"CUX1","up",NA,NA,NA,NA,NA,FALSE,NA,NA,FALSE
"CWH43","up",NA,NA,NA,NA,NA,FALSE,NA,NA,FALSE
"CXCR2","up",NA,NA,NA,NA,NA,FALSE,NA,NA,FALSE
"CXCR7","up",NA,NA,NA,NA,NA,FALSE,NA,NA,FALSE
"CXorf40A","up",NA,NA,NA,NA,NA,FALSE,NA,NA,FALSE
"CXorf49","down",NA,NA,NA,NA,NA,FALSE,NA,NA,FALSE
"CXorf61","down",NA,NA,NA,NA,NA,FALSE,NA,NA,FALSE
"CXorf66","down",NA,NA,NA,NA,NA,FALSE,NA,NA,FALSE
"CYTH4","up",NA,NA,NA,NA,NA,FALSE,NA,NA,FALSE
"CYTIP","down",NA,NA,NA,NA,NA,FALSE,NA,NA,FALSE
"DAGLA","up",NA,NA,NA,NA,NA,FALSE,NA,NA,FALSE
"DCAF12L1","up",NA,NA,NA,NA,NA,FALSE,NA,NA,FALSE
"DCAF17","up",NA,NA,NA,NA,NA,FALSE,NA,NA,FALSE
"DCAF4","up",NA,NA,NA,NA,NA,FALSE,NA,NA,FALSE
"DCAF5","down",NA,NA,NA,NA,NA,FALSE,NA,NA,FALSE
"DCAF6","up",NA,NA,NA,NA,NA,FALSE,NA,NA,FALSE
"DDX39B","up",NA,NA,NA,NA,NA,FALSE,NA,NA,FALSE
"DDX60L","up",NA,NA,NA,NA,NA,FALSE,NA,NA,FALSE
"DEFB106B","down",NA,NA,NA,NA,NA,FALSE,NA,NA,FALSE
"DEFB110","down",NA,NA,NA,NA,NA,FALSE,NA,NA,FALSE
"DEFB112","down",NA,NA,NA,NA,NA,FALSE,NA,NA,FALSE
"DEFB128","down",NA,NA,NA,NA,NA,FALSE,NA,NA,FALSE
"DEFB131","down",NA,NA,NA,NA,NA,FALSE,NA,NA,FALSE
"DEFB132","down",NA,NA,NA,NA,NA,FALSE,NA,NA,FALSE
"DEGS2","up",NA,NA,NA,NA,NA,FALSE,NA,NA,FALSE
"DESI1","up",NA,NA,NA,NA,NA,FALSE,NA,NA,FALSE
"DESI2","down",NA,NA,NA,NA,NA,FALSE,NA,NA,FALSE
"DHRS12","up",NA,NA,NA,NA,NA,FALSE,NA,NA,FALSE
"DHRS4L2","up",NA,NA,NA,NA,NA,FALSE,NA,NA,FALSE
"DLGAP5","up",NA,NA,NA,NA,NA,FALSE,NA,NA,FALSE
"DLK2","down",NA,NA,NA,NA,NA,FALSE,NA,NA,FALSE
"DNA2","up",NA,NA,NA,NA,NA,FALSE,NA,NA,FALSE
"DNAAF2","up",NA,NA,NA,NA,NA,FALSE,NA,NA,FALSE
"DNAJC28","up",NA,NA,NA,NA,NA,FALSE,NA,NA,FALSE
"DOK7","down",NA,NA,NA,NA,NA,FALSE,NA,NA,FALSE
"DPH3","up",NA,NA,NA,NA,NA,FALSE,NA,NA,FALSE
"DRAM1","up",NA,NA,NA,NA,NA,FALSE,NA,NA,FALSE
"DRAM2","up",NA,NA,NA,NA,NA,FALSE,NA,NA,FALSE
"DSN1","up",NA,NA,NA,NA,NA,FALSE,NA,NA,FALSE
"DTD1","down",NA,NA,NA,NA,NA,FALSE,NA,NA,FALSE
"DTX4","down",NA,NA,NA,NA,NA,FALSE,NA,NA,FALSE
"DUX4L4","up",NA,NA,NA,NA,NA,FALSE,NA,NA,FALSE
"DYTN","up",NA,NA,NA,NA,NA,FALSE,NA,NA,FALSE
"EBF4","up",NA,NA,NA,NA,NA,FALSE,NA,NA,FALSE
"EBLN1","down",NA,NA,NA,NA,NA,FALSE,NA,NA,FALSE
"ECI2","up",NA,NA,NA,NA,NA,FALSE,NA,NA,FALSE
"ECSIT","up",NA,NA,NA,NA,NA,FALSE,NA,NA,FALSE
"EDDM3B","up",NA,NA,NA,NA,NA,FALSE,NA,NA,FALSE
"EFCAB5","down",NA,NA,NA,NA,NA,FALSE,NA,NA,FALSE
"EHBP1L1","down",NA,NA,NA,NA,NA,FALSE,NA,NA,FALSE
"EID1","up",NA,NA,NA,NA,NA,FALSE,NA,NA,FALSE
"EID2","up",NA,NA,NA,NA,NA,FALSE,NA,NA,FALSE
"EID2B","up",NA,NA,NA,NA,NA,FALSE,NA,NA,FALSE
"EIF3A","down",NA,NA,NA,NA,NA,FALSE,NA,NA,FALSE
"EIF3E","up",NA,NA,NA,NA,NA,FALSE,NA,NA,FALSE
"EIF3H","up",NA,NA,NA,NA,NA,FALSE,NA,NA,FALSE
"EIF3J","down",NA,NA,NA,NA,NA,FALSE,NA,NA,FALSE
"EIF3M","up",NA,NA,NA,NA,NA,FALSE,NA,NA,FALSE
"EIF4H","up",NA,NA,NA,NA,NA,FALSE,NA,NA,FALSE
"EIF5AL1","up",NA,NA,NA,NA,NA,FALSE,NA,NA,FALSE
"EIF6","up",NA,NA,NA,NA,NA,FALSE,NA,NA,FALSE
"ELP2","up",NA,NA,NA,NA,NA,FALSE,NA,NA,FALSE
"EMC6","up",NA,NA,NA,NA,NA,FALSE,NA,NA,FALSE
"EMC8","up",NA,NA,NA,NA,NA,FALSE,NA,NA,FALSE
"ENDOV","down",NA,NA,NA,NA,NA,FALSE,NA,NA,FALSE
"ENOX2","down",NA,NA,NA,NA,NA,FALSE,NA,NA,FALSE
"EPG5","up",NA,NA,NA,NA,NA,FALSE,NA,NA,FALSE
"EPHX3","up",NA,NA,NA,NA,NA,FALSE,NA,NA,FALSE
"EPT1","up",NA,NA,NA,NA,NA,FALSE,NA,NA,FALSE
"ERAP1","up",NA,NA,NA,NA,NA,FALSE,NA,NA,FALSE
"ERAP2","up",NA,NA,NA,NA,NA,FALSE,NA,NA,FALSE
"ERC1","down",NA,NA,NA,NA,NA,FALSE,NA,NA,FALSE
"ERI3","up",NA,NA,NA,NA,NA,FALSE,NA,NA,FALSE
"ERLIN1","up",NA,NA,NA,NA,NA,FALSE,NA,NA,FALSE
"ERMN","down",NA,NA,NA,NA,NA,FALSE,NA,NA,FALSE
"ERVMER34-1","up",NA,NA,NA,NA,NA,FALSE,NA,NA,FALSE
"ESYT3","up",NA,NA,NA,NA,NA,FALSE,NA,NA,FALSE
"ETV2","up",NA,NA,NA,NA,NA,FALSE,NA,NA,FALSE
"EXD2","down",NA,NA,NA,NA,NA,FALSE,NA,NA,FALSE
"EXD3","down",NA,NA,NA,NA,NA,FALSE,NA,NA,FALSE
"EXOG","up",NA,NA,NA,NA,NA,FALSE,NA,NA,FALSE
"F8A2","up",NA,NA,NA,NA,NA,FALSE,NA,NA,FALSE
"FAF2","down",NA,NA,NA,NA,NA,FALSE,NA,NA,FALSE
"FAHD2B","up",NA,NA,NA,NA,NA,FALSE,NA,NA,FALSE
"FAM108B1","up",NA,NA,NA,NA,NA,FALSE,NA,NA,FALSE
"FAM108C1","up",NA,NA,NA,NA,NA,FALSE,NA,NA,FALSE
"FAM110A","up",NA,NA,NA,NA,NA,FALSE,NA,NA,FALSE
"FAM110B","down",NA,NA,NA,NA,NA,FALSE,NA,NA,FALSE
"FAM110C","down",NA,NA,NA,NA,NA,FALSE,NA,NA,FALSE
"FAM110D","up",NA,NA,NA,NA,NA,FALSE,NA,NA,FALSE
"FAM115C","up",NA,NA,NA,NA,NA,FALSE,NA,NA,FALSE
"FAM117B","down",NA,NA,NA,NA,NA,FALSE,NA,NA,FALSE
"FAM124B","up",NA,NA,NA,NA,NA,FALSE,NA,NA,FALSE
"FAM127A","up",NA,NA,NA,NA,NA,FALSE,NA,NA,FALSE
"FAM127B","up",NA,NA,NA,NA,NA,FALSE,NA,NA,FALSE
"FAM127C","up",NA,NA,NA,NA,NA,FALSE,NA,NA,FALSE
"FAM129A","down",NA,NA,NA,NA,NA,FALSE,NA,NA,FALSE
"FAM129C","up",NA,NA,NA,NA,NA,FALSE,NA,NA,FALSE
"FAM133B","down",NA,NA,NA,NA,NA,FALSE,NA,NA,FALSE
"FAM134A","up",NA,NA,NA,NA,NA,FALSE,NA,NA,FALSE
"FAM134B","up",NA,NA,NA,NA,NA,FALSE,NA,NA,FALSE
"FAM13B","up",NA,NA,NA,NA,NA,FALSE,NA,NA,FALSE
"FAM13C","up",NA,NA,NA,NA,NA,FALSE,NA,NA,FALSE
"FAM149B1","up",NA,NA,NA,NA,NA,FALSE,NA,NA,FALSE
"FAM150B","up",NA,NA,NA,NA,NA,FALSE,NA,NA,FALSE
"FAM153B","down",NA,NA,NA,NA,NA,FALSE,NA,NA,FALSE
"FAM154B","up",NA,NA,NA,NA,NA,FALSE,NA,NA,FALSE
"FAM155A","up",NA,NA,NA,NA,NA,FALSE,NA,NA,FALSE
"FAM156B","up",NA,NA,NA,NA,NA,FALSE,NA,NA,FALSE
"FAM157A","down",NA,NA,NA,NA,NA,FALSE,NA,NA,FALSE
"FAM157B","up",NA,NA,NA,NA,NA,FALSE,NA,NA,FALSE
"FAM160A1","down",NA,NA,NA,NA,NA,FALSE,NA,NA,FALSE
"FAM168B","down",NA,NA,NA,NA,NA,FALSE,NA,NA,FALSE
"FAM170A","up",NA,NA,NA,NA,NA,FALSE,NA,NA,FALSE
"FAM176A","down",NA,NA,NA,NA,NA,FALSE,NA,NA,FALSE
"FAM178A","up",NA,NA,NA,NA,NA,FALSE,NA,NA,FALSE
"FAM178B","down",NA,NA,NA,NA,NA,FALSE,NA,NA,FALSE
"FAM188A","up",NA,NA,NA,NA,NA,FALSE,NA,NA,FALSE
"FAM18A","up",NA,NA,NA,NA,NA,FALSE,NA,NA,FALSE
"FAM18B1","up",NA,NA,NA,NA,NA,FALSE,NA,NA,FALSE
"FAM190A","up",NA,NA,NA,NA,NA,FALSE,NA,NA,FALSE
"FAM192A","up",NA,NA,NA,NA,NA,FALSE,NA,NA,FALSE
"FAM196B","up",NA,NA,NA,NA,NA,FALSE,NA,NA,FALSE
"FAM200B","up",NA,NA,NA,NA,NA,FALSE,NA,NA,FALSE
"FAM208A","down",NA,NA,NA,NA,NA,FALSE,NA,NA,FALSE
"FAM208B","down",NA,NA,NA,NA,NA,FALSE,NA,NA,FALSE
"FAM209A","up",NA,NA,NA,NA,NA,FALSE,NA,NA,FALSE
"FAM210A","up",NA,NA,NA,NA,NA,FALSE,NA,NA,FALSE
"FAM211B","up",NA,NA,NA,NA,NA,FALSE,NA,NA,FALSE
"FAM214B","up",NA,NA,NA,NA,NA,FALSE,NA,NA,FALSE
"FAM216A","down",NA,NA,NA,NA,NA,FALSE,NA,NA,FALSE
"FAM218A","up",NA,NA,NA,NA,NA,FALSE,NA,NA,FALSE
"FAM21B","up",NA,NA,NA,NA,NA,FALSE,NA,NA,FALSE
"FAM220A","up",NA,NA,NA,NA,NA,FALSE,NA,NA,FALSE
"FAM221A","up",NA,NA,NA,NA,NA,FALSE,NA,NA,FALSE
"FAM227B","down",NA,NA,NA,NA,NA,FALSE,NA,NA,FALSE
"FAM22D","up",NA,NA,NA,NA,NA,FALSE,NA,NA,FALSE
"FAM22G","up",NA,NA,NA,NA,NA,FALSE,NA,NA,FALSE
"FAM25A","up",NA,NA,NA,NA,NA,FALSE,NA,NA,FALSE
"FAM26E","up",NA,NA,NA,NA,NA,FALSE,NA,NA,FALSE
"FAM26F","up",NA,NA,NA,NA,NA,FALSE,NA,NA,FALSE
"FAM48B1","up",NA,NA,NA,NA,NA,FALSE,NA,NA,FALSE
"FAM53A","up",NA,NA,NA,NA,NA,FALSE,NA,NA,FALSE
"FAM71F1","up",NA,NA,NA,NA,NA,FALSE,NA,NA,FALSE
"FAM75A3","down",NA,NA,NA,NA,NA,FALSE,NA,NA,FALSE
"FAM75A5","down",NA,NA,NA,NA,NA,FALSE,NA,NA,FALSE
"FAM82A1","up",NA,NA,NA,NA,NA,FALSE,NA,NA,FALSE
"FAM83G","down",NA,NA,NA,NA,NA,FALSE,NA,NA,FALSE
"FAM86C1","up",NA,NA,NA,NA,NA,FALSE,NA,NA,FALSE
"FAM98B","down",NA,NA,NA,NA,NA,FALSE,NA,NA,FALSE
"FAXC","up",NA,NA,NA,NA,NA,FALSE,NA,NA,FALSE
"FBRS","down",NA,NA,NA,NA,NA,FALSE,NA,NA,FALSE
"FBXO10","up",NA,NA,NA,NA,NA,FALSE,NA,NA,FALSE
"FCF1","up",NA,NA,NA,NA,NA,FALSE,NA,NA,FALSE
"FDCSP","up",NA,NA,NA,NA,NA,FALSE,NA,NA,FALSE
"FDXACB1","up",NA,NA,NA,NA,NA,FALSE,NA,NA,FALSE
"FERMT1","down",NA,NA,NA,NA,NA,FALSE,NA,NA,FALSE
"FEZF1","up",NA,NA,NA,NA,NA,FALSE,NA,NA,FALSE
"FGFBP2","up",NA,NA,NA,NA,NA,FALSE,NA,NA,FALSE
"FIBIN","up",NA,NA,NA,NA,NA,FALSE,NA,NA,FALSE
"FICD","down",NA,NA,NA,NA,NA,FALSE,NA,NA,FALSE
"FIG4","up",NA,NA,NA,NA,NA,FALSE,NA,NA,FALSE
"FILIP1L","down",NA,NA,NA,NA,NA,FALSE,NA,NA,FALSE
"FIZ1","down",NA,NA,NA,NA,NA,FALSE,NA,NA,FALSE
"FKTN","up",NA,NA,NA,NA,NA,FALSE,NA,NA,FALSE
"FLJ27352","up",NA,NA,NA,NA,NA,FALSE,NA,NA,FALSE
"FLJ44635","up",NA,NA,NA,NA,NA,FALSE,NA,NA,FALSE
"FNIP2","up",NA,NA,NA,NA,NA,FALSE,NA,NA,FALSE
"FOPNL","up",NA,NA,NA,NA,NA,FALSE,NA,NA,FALSE
"FOXD4L1","up",NA,NA,NA,NA,NA,FALSE,NA,NA,FALSE
"FOXD4L3","up",NA,NA,NA,NA,NA,FALSE,NA,NA,FALSE
"FOXO3","down",NA,NA,NA,NA,NA,FALSE,NA,NA,FALSE
"FOXS1","up",NA,NA,NA,NA,NA,FALSE,NA,NA,FALSE
"FRA10AC1","up",NA,NA,NA,NA,NA,FALSE,NA,NA,FALSE
"FREM2","down",NA,NA,NA,NA,NA,FALSE,NA,NA,FALSE
"FRG2B","down",NA,NA,NA,NA,NA,FALSE,NA,NA,FALSE
"FRRS1L","down",NA,NA,NA,NA,NA,FALSE,NA,NA,FALSE
"G2E3","down",NA,NA,NA,NA,NA,FALSE,NA,NA,FALSE
"G3BP1","up",NA,NA,NA,NA,NA,FALSE,NA,NA,FALSE
"GAB4","down",NA,NA,NA,NA,NA,FALSE,NA,NA,FALSE
"GABPB1","up",NA,NA,NA,NA,NA,FALSE,NA,NA,FALSE
"GAGE12C","up",NA,NA,NA,NA,NA,FALSE,NA,NA,FALSE
"GAGE12J","up",NA,NA,NA,NA,NA,FALSE,NA,NA,FALSE
"GAGE2D","up",NA,NA,NA,NA,NA,FALSE,NA,NA,FALSE
"GALNTL6","down",NA,NA,NA,NA,NA,FALSE,NA,NA,FALSE
"GATSL3","up",NA,NA,NA,NA,NA,FALSE,NA,NA,FALSE
"GBP6","up",NA,NA,NA,NA,NA,FALSE,NA,NA,FALSE
"GCFC1","up",NA,NA,NA,NA,NA,FALSE,NA,NA,FALSE
"GCOM1","up",NA,NA,NA,NA,NA,FALSE,NA,NA,FALSE
"GDE1","up",NA,NA,NA,NA,NA,FALSE,NA,NA,FALSE
"GEMIN2","up",NA,NA,NA,NA,NA,FALSE,NA,NA,FALSE
"GGNBP2","up",NA,NA,NA,NA,NA,FALSE,NA,NA,FALSE
"GHDC","up",NA,NA,NA,NA,NA,FALSE,NA,NA,FALSE
"GID8","up",NA,NA,NA,NA,NA,FALSE,NA,NA,FALSE
"GJC3","up",NA,NA,NA,NA,NA,FALSE,NA,NA,FALSE
"GLE1","up",NA,NA,NA,NA,NA,FALSE,NA,NA,FALSE
"GLOD5","down",NA,NA,NA,NA,NA,FALSE,NA,NA,FALSE
"GLYR1","down",NA,NA,NA,NA,NA,FALSE,NA,NA,FALSE
"GNG10","up",NA,NA,NA,NA,NA,FALSE,NA,NA,FALSE
"GOLGA6A","up",NA,NA,NA,NA,NA,FALSE,NA,NA,FALSE
"GOLGA6D","up",NA,NA,NA,NA,NA,FALSE,NA,NA,FALSE
"GOLGA6L9","down",NA,NA,NA,NA,NA,FALSE,NA,NA,FALSE
"GORAB","up",NA,NA,NA,NA,NA,FALSE,NA,NA,FALSE
"GPATCH4","down",NA,NA,NA,NA,NA,FALSE,NA,NA,FALSE
"GPN1","up",NA,NA,NA,NA,NA,FALSE,NA,NA,FALSE
"GPR182","down",NA,NA,NA,NA,NA,FALSE,NA,NA,FALSE
"GPR183","down",NA,NA,NA,NA,NA,FALSE,NA,NA,FALSE
"GPR75-ASB3","down",NA,NA,NA,NA,NA,FALSE,NA,NA,FALSE
"GPR89C","up",NA,NA,NA,NA,NA,FALSE,NA,NA,FALSE
"GPX8","up",NA,NA,NA,NA,NA,FALSE,NA,NA,FALSE
"GRAPL","up",NA,NA,NA,NA,NA,FALSE,NA,NA,FALSE
"GSDMB","up",NA,NA,NA,NA,NA,FALSE,NA,NA,FALSE
"GTF2H2C","down",NA,NA,NA,NA,NA,FALSE,NA,NA,FALSE
"GTF2IRD2B","down",NA,NA,NA,NA,NA,FALSE,NA,NA,FALSE
"GTSF1","up",NA,NA,NA,NA,NA,FALSE,NA,NA,FALSE
"GTSF1L","down",NA,NA,NA,NA,NA,FALSE,NA,NA,FALSE
"H2AFB1","up",NA,NA,NA,NA,NA,FALSE,NA,NA,FALSE
"HADH","up",NA,NA,NA,NA,NA,FALSE,NA,NA,FALSE
"HAUS2","up",NA,NA,NA,NA,NA,FALSE,NA,NA,FALSE
"HAUS4","up",NA,NA,NA,NA,NA,FALSE,NA,NA,FALSE
"HBG2","up",NA,NA,NA,NA,NA,FALSE,NA,NA,FALSE
"HDGFRP2","down",NA,NA,NA,NA,NA,FALSE,NA,NA,FALSE
"HEATR4","down",NA,NA,NA,NA,NA,FALSE,NA,NA,FALSE
"HEATR5B","up",NA,NA,NA,NA,NA,FALSE,NA,NA,FALSE
"HEATR7A","up",NA,NA,NA,NA,NA,FALSE,NA,NA,FALSE
"HEPACAM","up",NA,NA,NA,NA,NA,FALSE,NA,NA,FALSE
"HFM1","up",NA,NA,NA,NA,NA,FALSE,NA,NA,FALSE
"HHATL","down",NA,NA,NA,NA,NA,FALSE,NA,NA,FALSE
"HIST2H2BF","down",NA,NA,NA,NA,NA,FALSE,NA,NA,FALSE
"HLX","up",NA,NA,NA,NA,NA,FALSE,NA,NA,FALSE
"HMSD","up",NA,NA,NA,NA,NA,FALSE,NA,NA,FALSE
"HNRNPA0","up",NA,NA,NA,NA,NA,FALSE,NA,NA,FALSE
"HNRNPA1","down",NA,NA,NA,NA,NA,FALSE,NA,NA,FALSE
"HNRNPAB","down",NA,NA,NA,NA,NA,FALSE,NA,NA,FALSE
"HNRNPC","up",NA,NA,NA,NA,NA,FALSE,NA,NA,FALSE
"HNRNPCL1","up",NA,NA,NA,NA,NA,FALSE,NA,NA,FALSE
"HNRNPH1","down",NA,NA,NA,NA,NA,FALSE,NA,NA,FALSE
"HNRNPH3","down",NA,NA,NA,NA,NA,FALSE,NA,NA,FALSE
"HNRNPL","up",NA,NA,NA,NA,NA,FALSE,NA,NA,FALSE
"HNRNPM","down",NA,NA,NA,NA,NA,FALSE,NA,NA,FALSE
"HNRNPR","down",NA,NA,NA,NA,NA,FALSE,NA,NA,FALSE
"HNRNPUL2","down",NA,NA,NA,NA,NA,FALSE,NA,NA,FALSE
"HOGA1","up",NA,NA,NA,NA,NA,FALSE,NA,NA,FALSE
"HOMEZ","up",NA,NA,NA,NA,NA,FALSE,NA,NA,FALSE
"HOPX","up",NA,NA,NA,NA,NA,FALSE,NA,NA,FALSE
"HSPB11","up",NA,NA,NA,NA,NA,FALSE,NA,NA,FALSE
"HTT","up",NA,NA,NA,NA,NA,FALSE,NA,NA,FALSE
"IAH1","up",NA,NA,NA,NA,NA,FALSE,NA,NA,FALSE
"IDO2","down",NA,NA,NA,NA,NA,FALSE,NA,NA,FALSE
"IFFO2","up",NA,NA,NA,NA,NA,FALSE,NA,NA,FALSE
"IFITM10","up",NA,NA,NA,NA,NA,FALSE,NA,NA,FALSE
"IFLTD1","down",NA,NA,NA,NA,NA,FALSE,NA,NA,FALSE
"IFT27","up",NA,NA,NA,NA,NA,FALSE,NA,NA,FALSE
"IGFLR1","up",NA,NA,NA,NA,NA,FALSE,NA,NA,FALSE
"IGIP","up",NA,NA,NA,NA,NA,FALSE,NA,NA,FALSE
"IGSF23","up",NA,NA,NA,NA,NA,FALSE,NA,NA,FALSE
"IHH","down",NA,NA,NA,NA,NA,FALSE,NA,NA,FALSE
"IKZF1","down",NA,NA,NA,NA,NA,FALSE,NA,NA,FALSE
"IKZF3","down",NA,NA,NA,NA,NA,FALSE,NA,NA,FALSE
"IL17REL","up",NA,NA,NA,NA,NA,FALSE,NA,NA,FALSE
"IL20RB","up",NA,NA,NA,NA,NA,FALSE,NA,NA,FALSE
"IL34","up",NA,NA,NA,NA,NA,FALSE,NA,NA,FALSE
"IL36A","down",NA,NA,NA,NA,NA,FALSE,NA,NA,FALSE
"IL37","up",NA,NA,NA,NA,NA,FALSE,NA,NA,FALSE
"ILDR2","down",NA,NA,NA,NA,NA,FALSE,NA,NA,FALSE
"INCA1","down",NA,NA,NA,NA,NA,FALSE,NA,NA,FALSE
"INF2","up",NA,NA,NA,NA,NA,FALSE,NA,NA,FALSE
"INIP","up",NA,NA,NA,NA,NA,FALSE,NA,NA,FALSE
"INO80C","up",NA,NA,NA,NA,NA,FALSE,NA,NA,FALSE
"INO80E","up",NA,NA,NA,NA,NA,FALSE,NA,NA,FALSE
"INPP5K","up",NA,NA,NA,NA,NA,FALSE,NA,NA,FALSE
"INS-IGF2","up",NA,NA,NA,NA,NA,FALSE,NA,NA,FALSE
"INSC","down",NA,NA,NA,NA,NA,FALSE,NA,NA,FALSE
"INTS9","up",NA,NA,NA,NA,NA,FALSE,NA,NA,FALSE
"IP6K1","down",NA,NA,NA,NA,NA,FALSE,NA,NA,FALSE
"IP6K2","up",NA,NA,NA,NA,NA,FALSE,NA,NA,FALSE
"IQCF5","up",NA,NA,NA,NA,NA,FALSE,NA,NA,FALSE
"IQCF6","down",NA,NA,NA,NA,NA,FALSE,NA,NA,FALSE
"IRF2BPL","up",NA,NA,NA,NA,NA,FALSE,NA,NA,FALSE
"IRF9","up",NA,NA,NA,NA,NA,FALSE,NA,NA,FALSE
"IRGQ","up",NA,NA,NA,NA,NA,FALSE,NA,NA,FALSE
"ISCA1","up",NA,NA,NA,NA,NA,FALSE,NA,NA,FALSE
"ISCU","up",NA,NA,NA,NA,NA,FALSE,NA,NA,FALSE
"ISM1","down",NA,NA,NA,NA,NA,FALSE,NA,NA,FALSE
"IST1","up",NA,NA,NA,NA,NA,FALSE,NA,NA,FALSE
"ITPRIPL1","up",NA,NA,NA,NA,NA,FALSE,NA,NA,FALSE
"IZUMO4","down",NA,NA,NA,NA,NA,FALSE,NA,NA,FALSE
"JAKMIP3","down",NA,NA,NA,NA,NA,FALSE,NA,NA,FALSE
"JKAMP","up",NA,NA,NA,NA,NA,FALSE,NA,NA,FALSE
"JMJD6","down",NA,NA,NA,NA,NA,FALSE,NA,NA,FALSE
"JMJD7-PLA2G4B","up",NA,NA,NA,NA,NA,FALSE,NA,NA,FALSE
"KANK2","down",NA,NA,NA,NA,NA,FALSE,NA,NA,FALSE
"KANSL2","up",NA,NA,NA,NA,NA,FALSE,NA,NA,FALSE
"KANSL3","up",NA,NA,NA,NA,NA,FALSE,NA,NA,FALSE
"KAT5","down",NA,NA,NA,NA,NA,FALSE,NA,NA,FALSE
"KAT6B","down",NA,NA,NA,NA,NA,FALSE,NA,NA,FALSE
"KBTBD13","up",NA,NA,NA,NA,NA,FALSE,NA,NA,FALSE
"KDM1B","up",NA,NA,NA,NA,NA,FALSE,NA,NA,FALSE
"KDM2A","down",NA,NA,NA,NA,NA,FALSE,NA,NA,FALSE
"KDM2B","up",NA,NA,NA,NA,NA,FALSE,NA,NA,FALSE
"KDM3B","down",NA,NA,NA,NA,NA,FALSE,NA,NA,FALSE
"KDM4B","down",NA,NA,NA,NA,NA,FALSE,NA,NA,FALSE
"KDM4C","up",NA,NA,NA,NA,NA,FALSE,NA,NA,FALSE
"KDM5A","down",NA,NA,NA,NA,NA,FALSE,NA,NA,FALSE
"KDSR","up",NA,NA,NA,NA,NA,FALSE,NA,NA,FALSE
"KHDC1","up",NA,NA,NA,NA,NA,FALSE,NA,NA,FALSE
"KHDC1L","up",NA,NA,NA,NA,NA,FALSE,NA,NA,FALSE
"KIAA0146","down",NA,NA,NA,NA,NA,FALSE,NA,NA,FALSE
"KIAA0825","up",NA,NA,NA,NA,NA,FALSE,NA,NA,FALSE
"KIAA0895L","up",NA,NA,NA,NA,NA,FALSE,NA,NA,FALSE
"KIAA0930","up",NA,NA,NA,NA,NA,FALSE,NA,NA,FALSE
"KIAA1549L","down",NA,NA,NA,NA,NA,FALSE,NA,NA,FALSE
"KIF2A","up",NA,NA,NA,NA,NA,FALSE,NA,NA,FALSE
"KIR2DL3","down",NA,NA,NA,NA,NA,FALSE,NA,NA,FALSE
"KLC1","down",NA,NA,NA,NA,NA,FALSE,NA,NA,FALSE
"KLHDC9","up",NA,NA,NA,NA,NA,FALSE,NA,NA,FALSE
"KLHL28","down",NA,NA,NA,NA,NA,FALSE,NA,NA,FALSE
"KLHL29","up",NA,NA,NA,NA,NA,FALSE,NA,NA,FALSE
"KLHL34","down",NA,NA,NA,NA,NA,FALSE,NA,NA,FALSE
"KLHL36","up",NA,NA,NA,NA,NA,FALSE,NA,NA,FALSE
"KLRG2","up",NA,NA,NA,NA,NA,FALSE,NA,NA,FALSE
"KNCN","up",NA,NA,NA,NA,NA,FALSE,NA,NA,FALSE
"KRT72","down",NA,NA,NA,NA,NA,FALSE,NA,NA,FALSE
"KRT73","up",NA,NA,NA,NA,NA,FALSE,NA,NA,FALSE
"KRT76","up",NA,NA,NA,NA,NA,FALSE,NA,NA,FALSE
"KRT79","down",NA,NA,NA,NA,NA,FALSE,NA,NA,FALSE
"KRT80","up",NA,NA,NA,NA,NA,FALSE,NA,NA,FALSE
"KRTAP10-2","up",NA,NA,NA,NA,NA,FALSE,NA,NA,FALSE
"KRTAP10-6","up",NA,NA,NA,NA,NA,FALSE,NA,NA,FALSE
"KRTAP10-7","up",NA,NA,NA,NA,NA,FALSE,NA,NA,FALSE
"KRTAP10-8","down",NA,NA,NA,NA,NA,FALSE,NA,NA,FALSE
"KRTAP16-1","down",NA,NA,NA,NA,NA,FALSE,NA,NA,FALSE
"KRTAP19-8","up",NA,NA,NA,NA,NA,FALSE,NA,NA,FALSE
"KRTAP22-1","up",NA,NA,NA,NA,NA,FALSE,NA,NA,FALSE
"KRTAP4-11","down",NA,NA,NA,NA,NA,FALSE,NA,NA,FALSE
"KRTAP5-11","down",NA,NA,NA,NA,NA,FALSE,NA,NA,FALSE
"KRTAP6-1","down",NA,NA,NA,NA,NA,FALSE,NA,NA,FALSE
"L3MBTL1","up",NA,NA,NA,NA,NA,FALSE,NA,NA,FALSE
"LAMP5","up",NA,NA,NA,NA,NA,FALSE,NA,NA,FALSE
"LAMTOR1","up",NA,NA,NA,NA,NA,FALSE,NA,NA,FALSE
"LARP1B","up",NA,NA,NA,NA,NA,FALSE,NA,NA,FALSE
"LCA5","down",NA,NA,NA,NA,NA,FALSE,NA,NA,FALSE
"LCLAT1","down",NA,NA,NA,NA,NA,FALSE,NA,NA,FALSE
"LCN15","down",NA,NA,NA,NA,NA,FALSE,NA,NA,FALSE
"LCTL","down",NA,NA,NA,NA,NA,FALSE,NA,NA,FALSE
"LDB3","down",NA,NA,NA,NA,NA,FALSE,NA,NA,FALSE
"LEAP2","down",NA,NA,NA,NA,NA,FALSE,NA,NA,FALSE
"LIMCH1","down",NA,NA,NA,NA,NA,FALSE,NA,NA,FALSE
"LIMS3L","up",NA,NA,NA,NA,NA,FALSE,NA,NA,FALSE
"LIN52","up",NA,NA,NA,NA,NA,FALSE,NA,NA,FALSE
"LIN54","down",NA,NA,NA,NA,NA,FALSE,NA,NA,FALSE
"LINGO3","up",NA,NA,NA,NA,NA,FALSE,NA,NA,FALSE
"LINS","up",NA,NA,NA,NA,NA,FALSE,NA,NA,FALSE
"LIPK","up",NA,NA,NA,NA,NA,FALSE,NA,NA,FALSE
"LIPN","up",NA,NA,NA,NA,NA,FALSE,NA,NA,FALSE
"LIPT2","up",NA,NA,NA,NA,NA,FALSE,NA,NA,FALSE
"LOC100127983","up",NA,NA,NA,NA,NA,FALSE,NA,NA,FALSE
"LOC100128071","up",NA,NA,NA,NA,NA,FALSE,NA,NA,FALSE
"LOC100132247","down",NA,NA,NA,NA,NA,FALSE,NA,NA,FALSE
"LOC100288966","down",NA,NA,NA,NA,NA,FALSE,NA,NA,FALSE
"LOC100505549","up",NA,NA,NA,NA,NA,FALSE,NA,NA,FALSE
"LOC100505679","up",NA,NA,NA,NA,NA,FALSE,NA,NA,FALSE
"LOC100506388","up",NA,NA,NA,NA,NA,FALSE,NA,NA,FALSE
"LOC100507003","up",NA,NA,NA,NA,NA,FALSE,NA,NA,FALSE
"LOC147646","up",NA,NA,NA,NA,NA,FALSE,NA,NA,FALSE
"LOC283710","down",NA,NA,NA,NA,NA,FALSE,NA,NA,FALSE
"LPAR3","up",NA,NA,NA,NA,NA,FALSE,NA,NA,FALSE
"LPAR6","up",NA,NA,NA,NA,NA,FALSE,NA,NA,FALSE
"LPCAT2","up",NA,NA,NA,NA,NA,FALSE,NA,NA,FALSE
"LPCAT3","up",NA,NA,NA,NA,NA,FALSE,NA,NA,FALSE
"LPCAT4","up",NA,NA,NA,NA,NA,FALSE,NA,NA,FALSE
"LRGUK","down",NA,NA,NA,NA,NA,FALSE,NA,NA,FALSE
"LRRC16A","down",NA,NA,NA,NA,NA,FALSE,NA,NA,FALSE
"LRRC58","down",NA,NA,NA,NA,NA,FALSE,NA,NA,FALSE
"LRRC70","up",NA,NA,NA,NA,NA,FALSE,NA,NA,FALSE
"LRRN2","up",NA,NA,NA,NA,NA,FALSE,NA,NA,FALSE
"LRTOMT","up",NA,NA,NA,NA,NA,FALSE,NA,NA,FALSE
"LURAP1L","up",NA,NA,NA,NA,NA,FALSE,NA,NA,FALSE
"LUZP6","down",NA,NA,NA,NA,NA,FALSE,NA,NA,FALSE
"LY6G6F","up",NA,NA,NA,NA,NA,FALSE,NA,NA,FALSE
"LYRM1","up",NA,NA,NA,NA,NA,FALSE,NA,NA,FALSE
"LYRM2","up",NA,NA,NA,NA,NA,FALSE,NA,NA,FALSE
"LYRM4","up",NA,NA,NA,NA,NA,FALSE,NA,NA,FALSE
"LYVE1","up",NA,NA,NA,NA,NA,FALSE,NA,NA,FALSE
"MACC1","down",NA,NA,NA,NA,NA,FALSE,NA,NA,FALSE
"MAGEA2","down",NA,NA,NA,NA,NA,FALSE,NA,NA,FALSE
"MAGEA3","up",NA,NA,NA,NA,NA,FALSE,NA,NA,FALSE
"MAGEB16","down",NA,NA,NA,NA,NA,FALSE,NA,NA,FALSE
"MAGIX","down",NA,NA,NA,NA,NA,FALSE,NA,NA,FALSE
"MAMLD1","down",NA,NA,NA,NA,NA,FALSE,NA,NA,FALSE
"MAMSTR","up",NA,NA,NA,NA,NA,FALSE,NA,NA,FALSE
"MAP3K1","down",NA,NA,NA,NA,NA,FALSE,NA,NA,FALSE
"MAP7D2","up",NA,NA,NA,NA,NA,FALSE,NA,NA,FALSE
"MAP7D3","down",NA,NA,NA,NA,NA,FALSE,NA,NA,FALSE
"MARCH1","down",NA,NA,NA,NA,NA,FALSE,NA,NA,FALSE
"MARCH11","down",NA,NA,NA,NA,NA,FALSE,NA,NA,FALSE
"MARCH2","up",NA,NA,NA,NA,NA,FALSE,NA,NA,FALSE
"MARCH4","down",NA,NA,NA,NA,NA,FALSE,NA,NA,FALSE
"MARCH6","down",NA,NA,NA,NA,NA,FALSE,NA,NA,FALSE
"MBLAC2","up",NA,NA,NA,NA,NA,FALSE,NA,NA,FALSE
"MCM9","up",NA,NA,NA,NA,NA,FALSE,NA,NA,FALSE
"MCMBP","down",NA,NA,NA,NA,NA,FALSE,NA,NA,FALSE
"MCMDC2","up",NA,NA,NA,NA,NA,FALSE,NA,NA,FALSE
"MCU","up",NA,NA,NA,NA,NA,FALSE,NA,NA,FALSE
"MDGA2","down",NA,NA,NA,NA,NA,FALSE,NA,NA,FALSE
"MDP1","up",NA,NA,NA,NA,NA,FALSE,NA,NA,FALSE
"MED15","up",NA,NA,NA,NA,NA,FALSE,NA,NA,FALSE
"MED17","up",NA,NA,NA,NA,NA,FALSE,NA,NA,FALSE
"MED20","up",NA,NA,NA,NA,NA,FALSE,NA,NA,FALSE
"MED21","up",NA,NA,NA,NA,NA,FALSE,NA,NA,FALSE
"MED22","down",NA,NA,NA,NA,NA,FALSE,NA,NA,FALSE
"MED23","up",NA,NA,NA,NA,NA,FALSE,NA,NA,FALSE
"MED30","up",NA,NA,NA,NA,NA,FALSE,NA,NA,FALSE
"MED7","up",NA,NA,NA,NA,NA,FALSE,NA,NA,FALSE
"MEF2BNB","up",NA,NA,NA,NA,NA,FALSE,NA,NA,FALSE
"MEF2BNB-MEF2B","down",NA,NA,NA,NA,NA,FALSE,NA,NA,FALSE
"MEI1","up",NA,NA,NA,NA,NA,FALSE,NA,NA,FALSE
"MEIG1","up",NA,NA,NA,NA,NA,FALSE,NA,NA,FALSE
"MEMO1","down",NA,NA,NA,NA,NA,FALSE,NA,NA,FALSE
"MEPCE","up",NA,NA,NA,NA,NA,FALSE,NA,NA,FALSE
"MESP2","down",NA,NA,NA,NA,NA,FALSE,NA,NA,FALSE
"METAP1D","up",NA,NA,NA,NA,NA,FALSE,NA,NA,FALSE
"METTL10","up",NA,NA,NA,NA,NA,FALSE,NA,NA,FALSE
"METTL12","up",NA,NA,NA,NA,NA,FALSE,NA,NA,FALSE
"METTL13","up",NA,NA,NA,NA,NA,FALSE,NA,NA,FALSE
"METTL17","up",NA,NA,NA,NA,NA,FALSE,NA,NA,FALSE
"METTL21A","down",NA,NA,NA,NA,NA,FALSE,NA,NA,FALSE
"METTL21B","up",NA,NA,NA,NA,NA,FALSE,NA,NA,FALSE
"METTL21D","up",NA,NA,NA,NA,NA,FALSE,NA,NA,FALSE
"METTL22","up",NA,NA,NA,NA,NA,FALSE,NA,NA,FALSE
"METTL23","up",NA,NA,NA,NA,NA,FALSE,NA,NA,FALSE
"METTL24","down",NA,NA,NA,NA,NA,FALSE,NA,NA,FALSE
"MEX3C","up",NA,NA,NA,NA,NA,FALSE,NA,NA,FALSE
"MEX3D","down",NA,NA,NA,NA,NA,FALSE,NA,NA,FALSE
"MFF","up",NA,NA,NA,NA,NA,FALSE,NA,NA,FALSE
"MFSD11","up",NA,NA,NA,NA,NA,FALSE,NA,NA,FALSE
"MFSD2A","up",NA,NA,NA,NA,NA,FALSE,NA,NA,FALSE
"MICU1","up",NA,NA,NA,NA,NA,FALSE,NA,NA,FALSE
"MLEC","down",NA,NA,NA,NA,NA,FALSE,NA,NA,FALSE
"MMS19","up",NA,NA,NA,NA,NA,FALSE,NA,NA,FALSE
"MMS22L","up",NA,NA,NA,NA,NA,FALSE,NA,NA,FALSE
"MNX1","up",NA,NA,NA,NA,NA,FALSE,NA,NA,FALSE
"MOB3B","up",NA,NA,NA,NA,NA,FALSE,NA,NA,FALSE
"MOGS","down",NA,NA,NA,NA,NA,FALSE,NA,NA,FALSE
"MOK","down",NA,NA,NA,NA,NA,FALSE,NA,NA,FALSE
"MPHOSPH8","up",NA,NA,NA,NA,NA,FALSE,NA,NA,FALSE
"MPLKIP","up",NA,NA,NA,NA,NA,FALSE,NA,NA,FALSE
"MRC1","down",NA,NA,NA,NA,NA,FALSE,NA,NA,FALSE
"MRGPRG","up",NA,NA,NA,NA,NA,FALSE,NA,NA,FALSE
"MRS2","up",NA,NA,NA,NA,NA,FALSE,NA,NA,FALSE
"MRTO4","down",NA,NA,NA,NA,NA,FALSE,NA,NA,FALSE
"MSANTD2","up",NA,NA,NA,NA,NA,FALSE,NA,NA,FALSE
"MSANTD4","up",NA,NA,NA,NA,NA,FALSE,NA,NA,FALSE
"MSH5","up",NA,NA,NA,NA,NA,FALSE,NA,NA,FALSE
"MSL2","up",NA,NA,NA,NA,NA,FALSE,NA,NA,FALSE
"MSL3","up",NA,NA,NA,NA,NA,FALSE,NA,NA,FALSE
"MSMO1","up",NA,NA,NA,NA,NA,FALSE,NA,NA,FALSE
"MSS51","up",NA,NA,NA,NA,NA,FALSE,NA,NA,FALSE
"MTCP1NB","up",NA,NA,NA,NA,NA,FALSE,NA,NA,FALSE
"MTMR14","up",NA,NA,NA,NA,NA,FALSE,NA,NA,FALSE
"MTRNR2L10","down",NA,NA,NA,NA,NA,FALSE,NA,NA,FALSE
"MTRNR2L2","up",NA,NA,NA,NA,NA,FALSE,NA,NA,FALSE
"MTRNR2L4","down",NA,NA,NA,NA,NA,FALSE,NA,NA,FALSE
"MTRNR2L8","down",NA,NA,NA,NA,NA,FALSE,NA,NA,FALSE
"MUC22","up",NA,NA,NA,NA,NA,FALSE,NA,NA,FALSE
"MUL1","up",NA,NA,NA,NA,NA,FALSE,NA,NA,FALSE
"MYBPHL","down",NA,NA,NA,NA,NA,FALSE,NA,NA,FALSE
"MYL12B","up",NA,NA,NA,NA,NA,FALSE,NA,NA,FALSE
"MYOF","down",NA,NA,NA,NA,NA,FALSE,NA,NA,FALSE
"N4BP2L1","up",NA,NA,NA,NA,NA,FALSE,NA,NA,FALSE
"N6AMT2","up",NA,NA,NA,NA,NA,FALSE,NA,NA,FALSE
"NAA16","down",NA,NA,NA,NA,NA,FALSE,NA,NA,FALSE
"NAA20","down",NA,NA,NA,NA,NA,FALSE,NA,NA,FALSE
"NAA25","up",NA,NA,NA,NA,NA,FALSE,NA,NA,FALSE
"NABP1","down",NA,NA,NA,NA,NA,FALSE,NA,NA,FALSE
"NACA2","up",NA,NA,NA,NA,NA,FALSE,NA,NA,FALSE
"NACAD","up",NA,NA,NA,NA,NA,FALSE,NA,NA,FALSE
"NAE1","up",NA,NA,NA,NA,NA,FALSE,NA,NA,FALSE
"NAF1","up",NA,NA,NA,NA,NA,FALSE,NA,NA,FALSE
"NAIF1","down",NA,NA,NA,NA,NA,FALSE,NA,NA,FALSE
"NAPEPLD","up",NA,NA,NA,NA,NA,FALSE,NA,NA,FALSE
"NBPF10","down",NA,NA,NA,NA,NA,FALSE,NA,NA,FALSE
"NBPF16","down",NA,NA,NA,NA,NA,FALSE,NA,NA,FALSE
"NCAN","up",NA,NA,NA,NA,NA,FALSE,NA,NA,FALSE
"NCAPD3","down",NA,NA,NA,NA,NA,FALSE,NA,NA,FALSE
"NCAPH","down",NA,NA,NA,NA,NA,FALSE,NA,NA,FALSE
"NDUFAF2","up",NA,NA,NA,NA,NA,FALSE,NA,NA,FALSE
"NDUFAF3","up",NA,NA,NA,NA,NA,FALSE,NA,NA,FALSE
"NECAB1","down",NA,NA,NA,NA,NA,FALSE,NA,NA,FALSE
"NEFM","down",NA,NA,NA,NA,NA,FALSE,NA,NA,FALSE
"NEMF","down",NA,NA,NA,NA,NA,FALSE,NA,NA,FALSE
"NFASC","down",NA,NA,NA,NA,NA,FALSE,NA,NA,FALSE
"NFKBID","up",NA,NA,NA,NA,NA,FALSE,NA,NA,FALSE
"NFU1","up",NA,NA,NA,NA,NA,FALSE,NA,NA,FALSE
"NGF","up",NA,NA,NA,NA,NA,FALSE,NA,NA,FALSE
"NHLRC3","up",NA,NA,NA,NA,NA,FALSE,NA,NA,FALSE
"NKAIN1","up",NA,NA,NA,NA,NA,FALSE,NA,NA,FALSE
"NLRC5","up",NA,NA,NA,NA,NA,FALSE,NA,NA,FALSE
"NLRP1","up",NA,NA,NA,NA,NA,FALSE,NA,NA,FALSE
"NLRP13","up",NA,NA,NA,NA,NA,FALSE,NA,NA,FALSE
"NLRP14","down",NA,NA,NA,NA,NA,FALSE,NA,NA,FALSE
"NLRP7","up",NA,NA,NA,NA,NA,FALSE,NA,NA,FALSE
"NME1-NME2","up",NA,NA,NA,NA,NA,FALSE,NA,NA,FALSE
"NOA1","up",NA,NA,NA,NA,NA,FALSE,NA,NA,FALSE
"NOD1","up",NA,NA,NA,NA,NA,FALSE,NA,NA,FALSE
"NOMO3","down",NA,NA,NA,NA,NA,FALSE,NA,NA,FALSE
"NOP10","up",NA,NA,NA,NA,NA,FALSE,NA,NA,FALSE
"NOP16","down",NA,NA,NA,NA,NA,FALSE,NA,NA,FALSE
"NPIPL3","down",NA,NA,NA,NA,NA,FALSE,NA,NA,FALSE
"NPVF","down",NA,NA,NA,NA,NA,FALSE,NA,NA,FALSE
"NR2C2AP","up",NA,NA,NA,NA,NA,FALSE,NA,NA,FALSE
"NRARP","up",NA,NA,NA,NA,NA,FALSE,NA,NA,FALSE
"NRN1L","up",NA,NA,NA,NA,NA,FALSE,NA,NA,FALSE
"NSA2","up",NA,NA,NA,NA,NA,FALSE,NA,NA,FALSE
"NTM","down",NA,NA,NA,NA,NA,FALSE,NA,NA,FALSE
"NTN5","up",NA,NA,NA,NA,NA,FALSE,NA,NA,FALSE
"NTPCR","up",NA,NA,NA,NA,NA,FALSE,NA,NA,FALSE
"ODF3B","down",NA,NA,NA,NA,NA,FALSE,NA,NA,FALSE
"OLA1","up",NA,NA,NA,NA,NA,FALSE,NA,NA,FALSE
"OPALIN","up",NA,NA,NA,NA,NA,FALSE,NA,NA,FALSE
"OR10G2","up",NA,NA,NA,NA,NA,FALSE,NA,NA,FALSE
"OR1D5","up",NA,NA,NA,NA,NA,FALSE,NA,NA,FALSE
"OR1J4","up",NA,NA,NA,NA,NA,FALSE,NA,NA,FALSE
"OR2A4","up",NA,NA,NA,NA,NA,FALSE,NA,NA,FALSE
"OR2AT4","down",NA,NA,NA,NA,NA,FALSE,NA,NA,FALSE
"OR2T12","down",NA,NA,NA,NA,NA,FALSE,NA,NA,FALSE
"OR2T6","down",NA,NA,NA,NA,NA,FALSE,NA,NA,FALSE
"OR2V1","up",NA,NA,NA,NA,NA,FALSE,NA,NA,FALSE
"OR51B6","up",NA,NA,NA,NA,NA,FALSE,NA,NA,FALSE
"OR51F1","down",NA,NA,NA,NA,NA,FALSE,NA,NA,FALSE
"OR51T1","down",NA,NA,NA,NA,NA,FALSE,NA,NA,FALSE
"OR52I1","up",NA,NA,NA,NA,NA,FALSE,NA,NA,FALSE
"OR52N4","up",NA,NA,NA,NA,NA,FALSE,NA,NA,FALSE
"OR5AC2","down",NA,NA,NA,NA,NA,FALSE,NA,NA,FALSE
"OR5AS1","down",NA,NA,NA,NA,NA,FALSE,NA,NA,FALSE
"OR5C1","down",NA,NA,NA,NA,NA,FALSE,NA,NA,FALSE
"OR5K3","up",NA,NA,NA,NA,NA,FALSE,NA,NA,FALSE
"OR6C76","down",NA,NA,NA,NA,NA,FALSE,NA,NA,FALSE
"OR6T1","up",NA,NA,NA,NA,NA,FALSE,NA,NA,FALSE
"OR9Q1","down",NA,NA,NA,NA,NA,FALSE,NA,NA,FALSE
"ORAI1","up",NA,NA,NA,NA,NA,FALSE,NA,NA,FALSE
"ORAI3","up",NA,NA,NA,NA,NA,FALSE,NA,NA,FALSE
"ORC1","down",NA,NA,NA,NA,NA,FALSE,NA,NA,FALSE
"ORC2","up",NA,NA,NA,NA,NA,FALSE,NA,NA,FALSE
"ORC3","up",NA,NA,NA,NA,NA,FALSE,NA,NA,FALSE
"ORC4","up",NA,NA,NA,NA,NA,FALSE,NA,NA,FALSE
"OSCP1","down",NA,NA,NA,NA,NA,FALSE,NA,NA,FALSE
"OSGIN1","up",NA,NA,NA,NA,NA,FALSE,NA,NA,FALSE
"OSGIN2","up",NA,NA,NA,NA,NA,FALSE,NA,NA,FALSE
"OST4","up",NA,NA,NA,NA,NA,FALSE,NA,NA,FALSE
"OSTC","up",NA,NA,NA,NA,NA,FALSE,NA,NA,FALSE
"OVCA2","up",NA,NA,NA,NA,NA,FALSE,NA,NA,FALSE
"P2RX6","up",NA,NA,NA,NA,NA,FALSE,NA,NA,FALSE
"P4HTM","up",NA,NA,NA,NA,NA,FALSE,NA,NA,FALSE
"PAAF1","up",NA,NA,NA,NA,NA,FALSE,NA,NA,FALSE
"PABPC4L","up",NA,NA,NA,NA,NA,FALSE,NA,NA,FALSE
"PALM3","down",NA,NA,NA,NA,NA,FALSE,NA,NA,FALSE
"PAM16","up",NA,NA,NA,NA,NA,FALSE,NA,NA,FALSE
"PAMR1","up",NA,NA,NA,NA,NA,FALSE,NA,NA,FALSE
"PARD3B","down",NA,NA,NA,NA,NA,FALSE,NA,NA,FALSE
"PATZ1","up",NA,NA,NA,NA,NA,FALSE,NA,NA,FALSE
"PBRM1","down",NA,NA,NA,NA,NA,FALSE,NA,NA,FALSE
"PCDHB3","up",NA,NA,NA,NA,NA,FALSE,NA,NA,FALSE
"PCED1B","up",NA,NA,NA,NA,NA,FALSE,NA,NA,FALSE
"PCIF1","up",NA,NA,NA,NA,NA,FALSE,NA,NA,FALSE
"PDE12","up",NA,NA,NA,NA,NA,FALSE,NA,NA,FALSE
"PDF","up",NA,NA,NA,NA,NA,FALSE,NA,NA,FALSE
"PDP1","down",NA,NA,NA,NA,NA,FALSE,NA,NA,FALSE
"PDZD9","down",NA,NA,NA,NA,NA,FALSE,NA,NA,FALSE
"PEX2","up",NA,NA,NA,NA,NA,FALSE,NA,NA,FALSE
"PEX26","down",NA,NA,NA,NA,NA,FALSE,NA,NA,FALSE
"PGAP2","up",NA,NA,NA,NA,NA,FALSE,NA,NA,FALSE
"PGAP3","up",NA,NA,NA,NA,NA,FALSE,NA,NA,FALSE
"PGP","down",NA,NA,NA,NA,NA,FALSE,NA,NA,FALSE
"PHAX","up",NA,NA,NA,NA,NA,FALSE,NA,NA,FALSE
"PHGR1","up",NA,NA,NA,NA,NA,FALSE,NA,NA,FALSE
"PHLDB3","up",NA,NA,NA,NA,NA,FALSE,NA,NA,FALSE
"PHLPP1","down",NA,NA,NA,NA,NA,FALSE,NA,NA,FALSE
"PI4KA","down",NA,NA,NA,NA,NA,FALSE,NA,NA,FALSE
"PIH1D1","up",NA,NA,NA,NA,NA,FALSE,NA,NA,FALSE
"PIKFYVE","down",NA,NA,NA,NA,NA,FALSE,NA,NA,FALSE
"PIP4K2A","down",NA,NA,NA,NA,NA,FALSE,NA,NA,FALSE
"PLA2G15","up",NA,NA,NA,NA,NA,FALSE,NA,NA,FALSE
"PLA2G16","up",NA,NA,NA,NA,NA,FALSE,NA,NA,FALSE
"PLA2G4E","down",NA,NA,NA,NA,NA,FALSE,NA,NA,FALSE
"PLAC8L1","up",NA,NA,NA,NA,NA,FALSE,NA,NA,FALSE
"PLAC9","up",NA,NA,NA,NA,NA,FALSE,NA,NA,FALSE
"PLBD2","down",NA,NA,NA,NA,NA,FALSE,NA,NA,FALSE
"PLIN3","up",NA,NA,NA,NA,NA,FALSE,NA,NA,FALSE
"PLIN5","up",NA,NA,NA,NA,NA,FALSE,NA,NA,FALSE
"PLK1S1","up",NA,NA,NA,NA,NA,FALSE,NA,NA,FALSE
"PNISR","down",NA,NA,NA,NA,NA,FALSE,NA,NA,FALSE
"PNLIPRP3","up",NA,NA,NA,NA,NA,FALSE,NA,NA,FALSE
"PNO1","up",NA,NA,NA,NA,NA,FALSE,NA,NA,FALSE
"PNP","up",NA,NA,NA,NA,NA,FALSE,NA,NA,FALSE
"POC1A","up",NA,NA,NA,NA,NA,FALSE,NA,NA,FALSE
"POC1B","up",NA,NA,NA,NA,NA,FALSE,NA,NA,FALSE
"POC5","up",NA,NA,NA,NA,NA,FALSE,NA,NA,FALSE
"POLR2M","down",NA,NA,NA,NA,NA,FALSE,NA,NA,FALSE
"POM121C","up",NA,NA,NA,NA,NA,FALSE,NA,NA,FALSE
"POM121L12","down",NA,NA,NA,NA,NA,FALSE,NA,NA,FALSE
"POTED","down",NA,NA,NA,NA,NA,FALSE,NA,NA,FALSE
"POU5F1B","down",NA,NA,NA,NA,NA,FALSE,NA,NA,FALSE
"PP2D1","down",NA,NA,NA,NA,NA,FALSE,NA,NA,FALSE
"PPDPF","up",NA,NA,NA,NA,NA,FALSE,NA,NA,FALSE
"PPIAL4B","up",NA,NA,NA,NA,NA,FALSE,NA,NA,FALSE
"PPIP5K1","up",NA,NA,NA,NA,NA,FALSE,NA,NA,FALSE
"PPP1R21","up",NA,NA,NA,NA,NA,FALSE,NA,NA,FALSE
"PPP1R26","up",NA,NA,NA,NA,NA,FALSE,NA,NA,FALSE
"PPP1R36","up",NA,NA,NA,NA,NA,FALSE,NA,NA,FALSE
"PPP1R37","down",NA,NA,NA,NA,NA,FALSE,NA,NA,FALSE
"PPP1R3G","up",NA,NA,NA,NA,NA,FALSE,NA,NA,FALSE
"PPP6R3","up",NA,NA,NA,NA,NA,FALSE,NA,NA,FALSE
"PRAMEF15","down",NA,NA,NA,NA,NA,FALSE,NA,NA,FALSE
"PRICKLE3","down",NA,NA,NA,NA,NA,FALSE,NA,NA,FALSE
"PRICKLE4","up",NA,NA,NA,NA,NA,FALSE,NA,NA,FALSE
"PRKCB","up",NA,NA,NA,NA,NA,FALSE,NA,NA,FALSE
"PROX2","up",NA,NA,NA,NA,NA,FALSE,NA,NA,FALSE
"PRR19","down",NA,NA,NA,NA,NA,FALSE,NA,NA,FALSE
"PRR21","up",NA,NA,NA,NA,NA,FALSE,NA,NA,FALSE
"PRR22","down",NA,NA,NA,NA,NA,FALSE,NA,NA,FALSE
"PRR24","down",NA,NA,NA,NA,NA,FALSE,NA,NA,FALSE
"PRR25","down",NA,NA,NA,NA,NA,FALSE,NA,NA,FALSE
"PRR5-ARHGAP8","up",NA,NA,NA,NA,NA,FALSE,NA,NA,FALSE
"PRRC2C","down",NA,NA,NA,NA,NA,FALSE,NA,NA,FALSE
"PRRT4","down",NA,NA,NA,NA,NA,FALSE,NA,NA,FALSE
"PRSS45","down",NA,NA,NA,NA,NA,FALSE,NA,NA,FALSE
"PRSS57","down",NA,NA,NA,NA,NA,FALSE,NA,NA,FALSE
"PSMB11","up",NA,NA,NA,NA,NA,FALSE,NA,NA,FALSE
"PSMG2","up",NA,NA,NA,NA,NA,FALSE,NA,NA,FALSE
"PSMG4","up",NA,NA,NA,NA,NA,FALSE,NA,NA,FALSE
"PTBP3","up",NA,NA,NA,NA,NA,FALSE,NA,NA,FALSE
"PTGDR2","down",NA,NA,NA,NA,NA,FALSE,NA,NA,FALSE
"PTGES3L-AARSD1","up",NA,NA,NA,NA,NA,FALSE,NA,NA,FALSE
"PTGR1","up",NA,NA,NA,NA,NA,FALSE,NA,NA,FALSE
"PTPN20A","up",NA,NA,NA,NA,NA,FALSE,NA,NA,FALSE
"PVRIG","up",NA,NA,NA,NA,NA,FALSE,NA,NA,FALSE
"PYROXD2","down",NA,NA,NA,NA,NA,FALSE,NA,NA,FALSE
"QRFPR","down",NA,NA,NA,NA,NA,FALSE,NA,NA,FALSE
"QSOX1","up",NA,NA,NA,NA,NA,FALSE,NA,NA,FALSE
"R3HCC1L","up",NA,NA,NA,NA,NA,FALSE,NA,NA,FALSE
"RAB2A","down",NA,NA,NA,NA,NA,FALSE,NA,NA,FALSE
"RABL2B","up",NA,NA,NA,NA,NA,FALSE,NA,NA,FALSE
"RAD51D","up",NA,NA,NA,NA,NA,FALSE,NA,NA,FALSE
"RAET1L","up",NA,NA,NA,NA,NA,FALSE,NA,NA,FALSE
"RALGAPA1","down",NA,NA,NA,NA,NA,FALSE,NA,NA,FALSE
"RALGAPA2","down",NA,NA,NA,NA,NA,FALSE,NA,NA,FALSE
"RALYL","up",NA,NA,NA,NA,NA,FALSE,NA,NA,FALSE
"RANGRF","up",NA,NA,NA,NA,NA,FALSE,NA,NA,FALSE
"RBFOX2","down",NA,NA,NA,NA,NA,FALSE,NA,NA,FALSE
"RBM27","up",NA,NA,NA,NA,NA,FALSE,NA,NA,FALSE
"RBM42","up",NA,NA,NA,NA,NA,FALSE,NA,NA,FALSE
"RBM45","up",NA,NA,NA,NA,NA,FALSE,NA,NA,FALSE
"RBPJ","up",NA,NA,NA,NA,NA,FALSE,NA,NA,FALSE
"RBPJL","down",NA,NA,NA,NA,NA,FALSE,NA,NA,FALSE
"RC3H2","down",NA,NA,NA,NA,NA,FALSE,NA,NA,FALSE
"RD3","down",NA,NA,NA,NA,NA,FALSE,NA,NA,FALSE
"REC8","up",NA,NA,NA,NA,NA,FALSE,NA,NA,FALSE
"RELL1","down",NA,NA,NA,NA,NA,FALSE,NA,NA,FALSE
"RELT","down",NA,NA,NA,NA,NA,FALSE,NA,NA,FALSE
"RERGL","up",NA,NA,NA,NA,NA,FALSE,NA,NA,FALSE
"REV1","up",NA,NA,NA,NA,NA,FALSE,NA,NA,FALSE
"RFESD","up",NA,NA,NA,NA,NA,FALSE,NA,NA,FALSE
"RFX7","up",NA,NA,NA,NA,NA,FALSE,NA,NA,FALSE
"RGL4","down",NA,NA,NA,NA,NA,FALSE,NA,NA,FALSE
"RGP1","up",NA,NA,NA,NA,NA,FALSE,NA,NA,FALSE
"RGPD3","down",NA,NA,NA,NA,NA,FALSE,NA,NA,FALSE
"RGPD4","up",NA,NA,NA,NA,NA,FALSE,NA,NA,FALSE
"RGPD6","up",NA,NA,NA,NA,NA,FALSE,NA,NA,FALSE
"RGPD8","up",NA,NA,NA,NA,NA,FALSE,NA,NA,FALSE
"RILPL2","down",NA,NA,NA,NA,NA,FALSE,NA,NA,FALSE
"RIMBP3","up",NA,NA,NA,NA,NA,FALSE,NA,NA,FALSE
"RIMBP3B","down",NA,NA,NA,NA,NA,FALSE,NA,NA,FALSE
"RIMBP3C","up",NA,NA,NA,NA,NA,FALSE,NA,NA,FALSE
"RIPPLY1","up",NA,NA,NA,NA,NA,FALSE,NA,NA,FALSE
"RNASE9","down",NA,NA,NA,NA,NA,FALSE,NA,NA,FALSE
"RNASEH2B","up",NA,NA,NA,NA,NA,FALSE,NA,NA,FALSE
"RNASEH2C","up",NA,NA,NA,NA,NA,FALSE,NA,NA,FALSE
"RNF144A","up",NA,NA,NA,NA,NA,FALSE,NA,NA,FALSE
"RNF144B","down",NA,NA,NA,NA,NA,FALSE,NA,NA,FALSE
"RNF165","up",NA,NA,NA,NA,NA,FALSE,NA,NA,FALSE
"RNF19B","up",NA,NA,NA,NA,NA,FALSE,NA,NA,FALSE
"RNF208","up",NA,NA,NA,NA,NA,FALSE,NA,NA,FALSE
"RNF212","up",NA,NA,NA,NA,NA,FALSE,NA,NA,FALSE
"RNF214","down",NA,NA,NA,NA,NA,FALSE,NA,NA,FALSE
"RNF217","up",NA,NA,NA,NA,NA,FALSE,NA,NA,FALSE
"RNF219","up",NA,NA,NA,NA,NA,FALSE,NA,NA,FALSE
"RNFT1","up",NA,NA,NA,NA,NA,FALSE,NA,NA,FALSE
"RNLS","up",NA,NA,NA,NA,NA,FALSE,NA,NA,FALSE
"ROMO1","up",NA,NA,NA,NA,NA,FALSE,NA,NA,FALSE
"RP11-144F15.1","up",NA,NA,NA,NA,NA,FALSE,NA,NA,FALSE
"RPAP3","up",NA,NA,NA,NA,NA,FALSE,NA,NA,FALSE
"RRNAD1","up",NA,NA,NA,NA,NA,FALSE,NA,NA,FALSE
"RRP1B","down",NA,NA,NA,NA,NA,FALSE,NA,NA,FALSE
"RSL24D1","up",NA,NA,NA,NA,NA,FALSE,NA,NA,FALSE
"RSPH9","up",NA,NA,NA,NA,NA,FALSE,NA,NA,FALSE
"RSPO4","up",NA,NA,NA,NA,NA,FALSE,NA,NA,FALSE
"RSPRY1","down",NA,NA,NA,NA,NA,FALSE,NA,NA,FALSE
"RUNDC3A","down",NA,NA,NA,NA,NA,FALSE,NA,NA,FALSE
"RUSC1-AS1","down",NA,NA,NA,NA,NA,FALSE,NA,NA,FALSE
"RWDD2A","up",NA,NA,NA,NA,NA,FALSE,NA,NA,FALSE
"RWDD2B","up",NA,NA,NA,NA,NA,FALSE,NA,NA,FALSE
"S1PR1","up",NA,NA,NA,NA,NA,FALSE,NA,NA,FALSE
"S1PR2","down",NA,NA,NA,NA,NA,FALSE,NA,NA,FALSE
"S1PR3","up",NA,NA,NA,NA,NA,FALSE,NA,NA,FALSE
"SAMD5","down",NA,NA,NA,NA,NA,FALSE,NA,NA,FALSE
"SAPCD2","up",NA,NA,NA,NA,NA,FALSE,NA,NA,FALSE
"SATL1","up",NA,NA,NA,NA,NA,FALSE,NA,NA,FALSE
"SBK2","down",NA,NA,NA,NA,NA,FALSE,NA,NA,FALSE
"SBSPON","up",NA,NA,NA,NA,NA,FALSE,NA,NA,FALSE
"SCAF4","up",NA,NA,NA,NA,NA,FALSE,NA,NA,FALSE
"SCAF8","up",NA,NA,NA,NA,NA,FALSE,NA,NA,FALSE
"SCAPER","up",NA,NA,NA,NA,NA,FALSE,NA,NA,FALSE
"SDR39U1","down",NA,NA,NA,NA,NA,FALSE,NA,NA,FALSE
"SDR42E1","up",NA,NA,NA,NA,NA,FALSE,NA,NA,FALSE
"SEC11A","up",NA,NA,NA,NA,NA,FALSE,NA,NA,FALSE
"SEC13","up",NA,NA,NA,NA,NA,FALSE,NA,NA,FALSE
"SECISBP2L","down",NA,NA,NA,NA,NA,FALSE,NA,NA,FALSE
"SEP15","up",NA,NA,NA,NA,NA,FALSE,NA,NA,FALSE
"SEPT10","up",NA,NA,NA,NA,NA,FALSE,NA,NA,FALSE
"SEPT7","up",NA,NA,NA,NA,NA,FALSE,NA,NA,FALSE
"SEPT8","down",NA,NA,NA,NA,NA,FALSE,NA,NA,FALSE
"SEPT9","down",NA,NA,NA,NA,NA,FALSE,NA,NA,FALSE
"SERINC4","up",NA,NA,NA,NA,NA,FALSE,NA,NA,FALSE
"SFR1","up",NA,NA,NA,NA,NA,FALSE,NA,NA,FALSE
"SFSWAP","up",NA,NA,NA,NA,NA,FALSE,NA,NA,FALSE
"SGK1","up",NA,NA,NA,NA,NA,FALSE,NA,NA,FALSE
"SGK110","down",NA,NA,NA,NA,NA,FALSE,NA,NA,FALSE
"SGMS1","up",NA,NA,NA,NA,NA,FALSE,NA,NA,FALSE
"SGSM2","down",NA,NA,NA,NA,NA,FALSE,NA,NA,FALSE
"SGSM3","up",NA,NA,NA,NA,NA,FALSE,NA,NA,FALSE
"SH2D7","up",NA,NA,NA,NA,NA,FALSE,NA,NA,FALSE
"SH3D21","down",NA,NA,NA,NA,NA,FALSE,NA,NA,FALSE
"SH3RF3","up",NA,NA,NA,NA,NA,FALSE,NA,NA,FALSE
"SHANK3","up",NA,NA,NA,NA,NA,FALSE,NA,NA,FALSE
"SHC2","up",NA,NA,NA,NA,NA,FALSE,NA,NA,FALSE
"SHISA2","up",NA,NA,NA,NA,NA,FALSE,NA,NA,FALSE
"SHISA6","down",NA,NA,NA,NA,NA,FALSE,NA,NA,FALSE
"SHISA7","down",NA,NA,NA,NA,NA,FALSE,NA,NA,FALSE
"SHISA8","down",NA,NA,NA,NA,NA,FALSE,NA,NA,FALSE
"SHISA9","down",NA,NA,NA,NA,NA,FALSE,NA,NA,FALSE
"SHROOM1","down",NA,NA,NA,NA,NA,FALSE,NA,NA,FALSE
"SIGLEC14","down",NA,NA,NA,NA,NA,FALSE,NA,NA,FALSE
"SIGMAR1","up",NA,NA,NA,NA,NA,FALSE,NA,NA,FALSE
"SIVA1","up",NA,NA,NA,NA,NA,FALSE,NA,NA,FALSE
"SKAP1","up",NA,NA,NA,NA,NA,FALSE,NA,NA,FALSE
"SKAP2","up",NA,NA,NA,NA,NA,FALSE,NA,NA,FALSE
"SKP1","up",NA,NA,NA,NA,NA,FALSE,NA,NA,FALSE
"SLAIN2","down",NA,NA,NA,NA,NA,FALSE,NA,NA,FALSE
"SLC10A5","up",NA,NA,NA,NA,NA,FALSE,NA,NA,FALSE
"SLC18B1","up",NA,NA,NA,NA,NA,FALSE,NA,NA,FALSE
"SLC22A20","down",NA,NA,NA,NA,NA,FALSE,NA,NA,FALSE
"SLC22A23","down",NA,NA,NA,NA,NA,FALSE,NA,NA,FALSE
"SLC24A5","up",NA,NA,NA,NA,NA,FALSE,NA,NA,FALSE
"SLC25A38","up",NA,NA,NA,NA,NA,FALSE,NA,NA,FALSE
"SLC25A39","up",NA,NA,NA,NA,NA,FALSE,NA,NA,FALSE
"SLC25A42","up",NA,NA,NA,NA,NA,FALSE,NA,NA,FALSE
"SLC25A43","up",NA,NA,NA,NA,NA,FALSE,NA,NA,FALSE
"SLC25A44","down",NA,NA,NA,NA,NA,FALSE,NA,NA,FALSE
"SLC25A48","up",NA,NA,NA,NA,NA,FALSE,NA,NA,FALSE
"SLC35G2","up",NA,NA,NA,NA,NA,FALSE,NA,NA,FALSE
"SLC35G5","down",NA,NA,NA,NA,NA,FALSE,NA,NA,FALSE
"SLC38A10","up",NA,NA,NA,NA,NA,FALSE,NA,NA,FALSE
"SLC38A7","up",NA,NA,NA,NA,NA,FALSE,NA,NA,FALSE
"SLC38A8","up",NA,NA,NA,NA,NA,FALSE,NA,NA,FALSE
"SLC46A3","up",NA,NA,NA,NA,NA,FALSE,NA,NA,FALSE
"SLC47A1","up",NA,NA,NA,NA,NA,FALSE,NA,NA,FALSE
"SLC47A2","down",NA,NA,NA,NA,NA,FALSE,NA,NA,FALSE
"SLC50A1","up",NA,NA,NA,NA,NA,FALSE,NA,NA,FALSE
"SLC51B","down",NA,NA,NA,NA,NA,FALSE,NA,NA,FALSE
"SLC52A2","up",NA,NA,NA,NA,NA,FALSE,NA,NA,FALSE
"SLC9A4","down",NA,NA,NA,NA,NA,FALSE,NA,NA,FALSE
"SLFN14","down",NA,NA,NA,NA,NA,FALSE,NA,NA,FALSE
"SLMO1","down",NA,NA,NA,NA,NA,FALSE,NA,NA,FALSE
"SLX1A","up",NA,NA,NA,NA,NA,FALSE,NA,NA,FALSE
"SMAGP","up",NA,NA,NA,NA,NA,FALSE,NA,NA,FALSE
"SMEK1","up",NA,NA,NA,NA,NA,FALSE,NA,NA,FALSE
"SMIM1","up",NA,NA,NA,NA,NA,FALSE,NA,NA,FALSE
"SNRNP35","up",NA,NA,NA,NA,NA,FALSE,NA,NA,FALSE
"SNRNP40","up",NA,NA,NA,NA,NA,FALSE,NA,NA,FALSE
"SOGA3","down",NA,NA,NA,NA,NA,FALSE,NA,NA,FALSE
"SOWAHA","up",NA,NA,NA,NA,NA,FALSE,NA,NA,FALSE
"SOWAHD","up",NA,NA,NA,NA,NA,FALSE,NA,NA,FALSE
"SPATA21","up",NA,NA,NA,NA,NA,FALSE,NA,NA,FALSE
"SPATA24","down",NA,NA,NA,NA,NA,FALSE,NA,NA,FALSE
"SPATA25","up",NA,NA,NA,NA,NA,FALSE,NA,NA,FALSE
"SPATC1","down",NA,NA,NA,NA,NA,FALSE,NA,NA,FALSE
"SPDYE3","down",NA,NA,NA,NA,NA,FALSE,NA,NA,FALSE
"SPEF2","down",NA,NA,NA,NA,NA,FALSE,NA,NA,FALSE
"SPG11","up",NA,NA,NA,NA,NA,FALSE,NA,NA,FALSE
"SPIN4","up",NA,NA,NA,NA,NA,FALSE,NA,NA,FALSE
"SPINK8","up",NA,NA,NA,NA,NA,FALSE,NA,NA,FALSE
"SPINT3","up",NA,NA,NA,NA,NA,FALSE,NA,NA,FALSE
"SPNS1","up",NA,NA,NA,NA,NA,FALSE,NA,NA,FALSE
"SPNS2","up",NA,NA,NA,NA,NA,FALSE,NA,NA,FALSE
"SPPL3","up",NA,NA,NA,NA,NA,FALSE,NA,NA,FALSE
"SPRED3","down",NA,NA,NA,NA,NA,FALSE,NA,NA,FALSE
"SREK1","down",NA,NA,NA,NA,NA,FALSE,NA,NA,FALSE
"SRPK3","up",NA,NA,NA,NA,NA,FALSE,NA,NA,FALSE
"SRRT","down",NA,NA,NA,NA,NA,FALSE,NA,NA,FALSE
"SRSF1","up",NA,NA,NA,NA,NA,FALSE,NA,NA,FALSE
"SRSF11","down",NA,NA,NA,NA,NA,FALSE,NA,NA,FALSE
"SRSF3","up",NA,NA,NA,NA,NA,FALSE,NA,NA,FALSE
"SRSF4","down",NA,NA,NA,NA,NA,FALSE,NA,NA,FALSE
"SRSF5","up",NA,NA,NA,NA,NA,FALSE,NA,NA,FALSE
"SRSF6","up",NA,NA,NA,NA,NA,FALSE,NA,NA,FALSE
"SRSF7","up",NA,NA,NA,NA,NA,FALSE,NA,NA,FALSE
"SRSF8","up",NA,NA,NA,NA,NA,FALSE,NA,NA,FALSE
"SRSF9","up",NA,NA,NA,NA,NA,FALSE,NA,NA,FALSE
"ST20","up",NA,NA,NA,NA,NA,FALSE,NA,NA,FALSE
"STPG1","up",NA,NA,NA,NA,NA,FALSE,NA,NA,FALSE
"STRADA","up",NA,NA,NA,NA,NA,FALSE,NA,NA,FALSE
"STRADB","up",NA,NA,NA,NA,NA,FALSE,NA,NA,FALSE
"SUCO","down",NA,NA,NA,NA,NA,FALSE,NA,NA,FALSE
"SUGP2","up",NA,NA,NA,NA,NA,FALSE,NA,NA,FALSE
"SUMO4","down",NA,NA,NA,NA,NA,FALSE,NA,NA,FALSE
"SUN1","up",NA,NA,NA,NA,NA,FALSE,NA,NA,FALSE
"SUN2","down",NA,NA,NA,NA,NA,FALSE,NA,NA,FALSE
"SUN5","down",NA,NA,NA,NA,NA,FALSE,NA,NA,FALSE
"SYBU","down",NA,NA,NA,NA,NA,FALSE,NA,NA,FALSE
"SYNE3","up",NA,NA,NA,NA,NA,FALSE,NA,NA,FALSE
"SYNE4","down",NA,NA,NA,NA,NA,FALSE,NA,NA,FALSE
"SYNRG","up",NA,NA,NA,NA,NA,FALSE,NA,NA,FALSE
"SYPL2","up",NA,NA,NA,NA,NA,FALSE,NA,NA,FALSE
"SYS1","up",NA,NA,NA,NA,NA,FALSE,NA,NA,FALSE
"SZRD1","down",NA,NA,NA,NA,NA,FALSE,NA,NA,FALSE
"TAB1","down",NA,NA,NA,NA,NA,FALSE,NA,NA,FALSE
"TAB2","up",NA,NA,NA,NA,NA,FALSE,NA,NA,FALSE
"TADA1","up",NA,NA,NA,NA,NA,FALSE,NA,NA,FALSE
"TAS2R20","up",NA,NA,NA,NA,NA,FALSE,NA,NA,FALSE
"TBATA","up",NA,NA,NA,NA,NA,FALSE,NA,NA,FALSE
"TBC1D26","up",NA,NA,NA,NA,NA,FALSE,NA,NA,FALSE
"TBC1D3G","up",NA,NA,NA,NA,NA,FALSE,NA,NA,FALSE
"TBCEL","down",NA,NA,NA,NA,NA,FALSE,NA,NA,FALSE
"TBCK","up",NA,NA,NA,NA,NA,FALSE,NA,NA,FALSE
"TCEANC","up",NA,NA,NA,NA,NA,FALSE,NA,NA,FALSE
"TCTEX1D4","up",NA,NA,NA,NA,NA,FALSE,NA,NA,FALSE
"TCTN1","up",NA,NA,NA,NA,NA,FALSE,NA,NA,FALSE
"TCTN3","up",NA,NA,NA,NA,NA,FALSE,NA,NA,FALSE
"TDRD12","up",NA,NA,NA,NA,NA,FALSE,NA,NA,FALSE
"TECPR1","down",NA,NA,NA,NA,NA,FALSE,NA,NA,FALSE
"TELO2","up",NA,NA,NA,NA,NA,FALSE,NA,NA,FALSE
"TESPA1","down",NA,NA,NA,NA,NA,FALSE,NA,NA,FALSE
"TET2","up",NA,NA,NA,NA,NA,FALSE,NA,NA,FALSE
"TEX19","up",NA,NA,NA,NA,NA,FALSE,NA,NA,FALSE
"TEX30","up",NA,NA,NA,NA,NA,FALSE,NA,NA,FALSE
"TGIF1","up",NA,NA,NA,NA,NA,FALSE,NA,NA,FALSE
"TGS1","up",NA,NA,NA,NA,NA,FALSE,NA,NA,FALSE
"THEM6","up",NA,NA,NA,NA,NA,FALSE,NA,NA,FALSE
"THEMIS","up",NA,NA,NA,NA,NA,FALSE,NA,NA,FALSE
"THEMIS2","down",NA,NA,NA,NA,NA,FALSE,NA,NA,FALSE
"THG1L","down",NA,NA,NA,NA,NA,FALSE,NA,NA,FALSE
"TMCO6","up",NA,NA,NA,NA,NA,FALSE,NA,NA,FALSE
"TMED7-TICAM2","up",NA,NA,NA,NA,NA,FALSE,NA,NA,FALSE
"TMEM120A","up",NA,NA,NA,NA,NA,FALSE,NA,NA,FALSE
"TMEM131","down",NA,NA,NA,NA,NA,FALSE,NA,NA,FALSE
"TMEM150A","up",NA,NA,NA,NA,NA,FALSE,NA,NA,FALSE
"TMEM151B","down",NA,NA,NA,NA,NA,FALSE,NA,NA,FALSE
"TMEM168","up",NA,NA,NA,NA,NA,FALSE,NA,NA,FALSE
"TMEM171","up",NA,NA,NA,NA,NA,FALSE,NA,NA,FALSE
"TMEM173","up",NA,NA,NA,NA,NA,FALSE,NA,NA,FALSE
"TMEM176A","up",NA,NA,NA,NA,NA,FALSE,NA,NA,FALSE
"TMEM176B","up",NA,NA,NA,NA,NA,FALSE,NA,NA,FALSE
"TMEM179B","up",NA,NA,NA,NA,NA,FALSE,NA,NA,FALSE
"TMEM180","up",NA,NA,NA,NA,NA,FALSE,NA,NA,FALSE
"TMEM183A","up",NA,NA,NA,NA,NA,FALSE,NA,NA,FALSE
"TMEM184C","up",NA,NA,NA,NA,NA,FALSE,NA,NA,FALSE
"TMEM185B","up",NA,NA,NA,NA,NA,FALSE,NA,NA,FALSE
"TMEM186","up",NA,NA,NA,NA,NA,FALSE,NA,NA,FALSE
"TMEM187","up",NA,NA,NA,NA,NA,FALSE,NA,NA,FALSE
"TMEM191C","down",NA,NA,NA,NA,NA,FALSE,NA,NA,FALSE
"TMEM196","up",NA,NA,NA,NA,NA,FALSE,NA,NA,FALSE
"TMEM201","down",NA,NA,NA,NA,NA,FALSE,NA,NA,FALSE
"TMEM202","down",NA,NA,NA,NA,NA,FALSE,NA,NA,FALSE
"TMEM203","up",NA,NA,NA,NA,NA,FALSE,NA,NA,FALSE
"TMEM206","up",NA,NA,NA,NA,NA,FALSE,NA,NA,FALSE
"TMEM211","up",NA,NA,NA,NA,NA,FALSE,NA,NA,FALSE
"TMEM212","up",NA,NA,NA,NA,NA,FALSE,NA,NA,FALSE
"TMEM213","up",NA,NA,NA,NA,NA,FALSE,NA,NA,FALSE
"TMEM216","up",NA,NA,NA,NA,NA,FALSE,NA,NA,FALSE
"TMEM218","up",NA,NA,NA,NA,NA,FALSE,NA,NA,FALSE
"TMEM219","up",NA,NA,NA,NA,NA,FALSE,NA,NA,FALSE
"TMEM221","up",NA,NA,NA,NA,NA,FALSE,NA,NA,FALSE
"TMEM222","up",NA,NA,NA,NA,NA,FALSE,NA,NA,FALSE
"TMEM223","up",NA,NA,NA,NA,NA,FALSE,NA,NA,FALSE
"TMEM225","down",NA,NA,NA,NA,NA,FALSE,NA,NA,FALSE
"TMEM229A","up",NA,NA,NA,NA,NA,FALSE,NA,NA,FALSE
"TMEM230","up",NA,NA,NA,NA,NA,FALSE,NA,NA,FALSE
"TMEM235","up",NA,NA,NA,NA,NA,FALSE,NA,NA,FALSE
"TMEM237","up",NA,NA,NA,NA,NA,FALSE,NA,NA,FALSE
"TMEM244","up",NA,NA,NA,NA,NA,FALSE,NA,NA,FALSE
"TMEM246","up",NA,NA,NA,NA,NA,FALSE,NA,NA,FALSE
"TMEM248","up",NA,NA,NA,NA,NA,FALSE,NA,NA,FALSE
"TMEM8B","up",NA,NA,NA,NA,NA,FALSE,NA,NA,FALSE
"TMEM91","up",NA,NA,NA,NA,NA,FALSE,NA,NA,FALSE
"TMSB15A","up",NA,NA,NA,NA,NA,FALSE,NA,NA,FALSE
"TMX2","up",NA,NA,NA,NA,NA,FALSE,NA,NA,FALSE
"TOMM6","up",NA,NA,NA,NA,NA,FALSE,NA,NA,FALSE
"TP53AIP1","up",NA,NA,NA,NA,NA,FALSE,NA,NA,FALSE
"TP53TG3B","up",NA,NA,NA,NA,NA,FALSE,NA,NA,FALSE
"TPRA1","up",NA,NA,NA,NA,NA,FALSE,NA,NA,FALSE
"TPSAB1","up",NA,NA,NA,NA,NA,FALSE,NA,NA,FALSE
"TRABD2B","up",NA,NA,NA,NA,NA,FALSE,NA,NA,FALSE
"TRAPPC11","up",NA,NA,NA,NA,NA,FALSE,NA,NA,FALSE
"TRAPPC9","down",NA,NA,NA,NA,NA,FALSE,NA,NA,FALSE
"TRIM13","up",NA,NA,NA,NA,NA,FALSE,NA,NA,FALSE
"TRIM6-TRIM34","down",NA,NA,NA,NA,NA,FALSE,NA,NA,FALSE
"TRIM67","up",NA,NA,NA,NA,NA,FALSE,NA,NA,FALSE
"TRIQK","up",NA,NA,NA,NA,NA,FALSE,NA,NA,FALSE
"TRMT10C","up",NA,NA,NA,NA,NA,FALSE,NA,NA,FALSE
"TRMT11","up",NA,NA,NA,NA,NA,FALSE,NA,NA,FALSE
"TRMT112","up",NA,NA,NA,NA,NA,FALSE,NA,NA,FALSE
"TRMT13","up",NA,NA,NA,NA,NA,FALSE,NA,NA,FALSE
"TRMT61B","up",NA,NA,NA,NA,NA,FALSE,NA,NA,FALSE
"TSPY4","down",NA,NA,NA,NA,NA,FALSE,NA,NA,FALSE
"TTC33","up",NA,NA,NA,NA,NA,FALSE,NA,NA,FALSE
"TTC34","up",NA,NA,NA,NA,NA,FALSE,NA,NA,FALSE
"TTC38","up",NA,NA,NA,NA,NA,FALSE,NA,NA,FALSE
"TTC39B","up",NA,NA,NA,NA,NA,FALSE,NA,NA,FALSE
"TTI1","up",NA,NA,NA,NA,NA,FALSE,NA,NA,FALSE
"TTLL13","down",NA,NA,NA,NA,NA,FALSE,NA,NA,FALSE
"TUBA1C","up",NA,NA,NA,NA,NA,FALSE,NA,NA,FALSE
"TUBA4A","up",NA,NA,NA,NA,NA,FALSE,NA,NA,FALSE
"TUBGCP4","up",NA,NA,NA,NA,NA,FALSE,NA,NA,FALSE
"TXLNG","down",NA,NA,NA,NA,NA,FALSE,NA,NA,FALSE
"UBA1","down",NA,NA,NA,NA,NA,FALSE,NA,NA,FALSE
"UBA5","down",NA,NA,NA,NA,NA,FALSE,NA,NA,FALSE
"UBA6","up",NA,NA,NA,NA,NA,FALSE,NA,NA,FALSE
"UBA7","up",NA,NA,NA,NA,NA,FALSE,NA,NA,FALSE
"UBAC2","down",NA,NA,NA,NA,NA,FALSE,NA,NA,FALSE
"UBAP1L","up",NA,NA,NA,NA,NA,FALSE,NA,NA,FALSE
"UBE2K","down",NA,NA,NA,NA,NA,FALSE,NA,NA,FALSE
"UBE3D","up",NA,NA,NA,NA,NA,FALSE,NA,NA,FALSE
"UBQLNL","down",NA,NA,NA,NA,NA,FALSE,NA,NA,FALSE
"UBR5","down",NA,NA,NA,NA,NA,FALSE,NA,NA,FALSE
"UBXN10","up",NA,NA,NA,NA,NA,FALSE,NA,NA,FALSE
"UBXN11","up",NA,NA,NA,NA,NA,FALSE,NA,NA,FALSE
"UBXN4","down",NA,NA,NA,NA,NA,FALSE,NA,NA,FALSE
"UBXN7","down",NA,NA,NA,NA,NA,FALSE,NA,NA,FALSE
"UBXN8","up",NA,NA,NA,NA,NA,FALSE,NA,NA,FALSE
"UFSP2","up",NA,NA,NA,NA,NA,FALSE,NA,NA,FALSE
"UGT1A7","up",NA,NA,NA,NA,NA,FALSE,NA,NA,FALSE
"UGT1A9","down",NA,NA,NA,NA,NA,FALSE,NA,NA,FALSE
"UNC79","down",NA,NA,NA,NA,NA,FALSE,NA,NA,FALSE
"UNC80","down",NA,NA,NA,NA,NA,FALSE,NA,NA,FALSE
"UQCC","up",NA,NA,NA,NA,NA,FALSE,NA,NA,FALSE
"UQCR11","up",NA,NA,NA,NA,NA,FALSE,NA,NA,FALSE
"URB1","up",NA,NA,NA,NA,NA,FALSE,NA,NA,FALSE
"URGCP","down",NA,NA,NA,NA,NA,FALSE,NA,NA,FALSE
"USP24","down",NA,NA,NA,NA,NA,FALSE,NA,NA,FALSE
"USP27X","down",NA,NA,NA,NA,NA,FALSE,NA,NA,FALSE
"UTP3","up",NA,NA,NA,NA,NA,FALSE,NA,NA,FALSE
"VARS2","up",NA,NA,NA,NA,NA,FALSE,NA,NA,FALSE
"VAT1L","down",NA,NA,NA,NA,NA,FALSE,NA,NA,FALSE
"VCAN","down",NA,NA,NA,NA,NA,FALSE,NA,NA,FALSE
"VEGFA","up",NA,NA,NA,NA,NA,FALSE,NA,NA,FALSE
"VEZF1","down",NA,NA,NA,NA,NA,FALSE,NA,NA,FALSE
"VMA21","up",NA,NA,NA,NA,NA,FALSE,NA,NA,FALSE
"VOPP1","up",NA,NA,NA,NA,NA,FALSE,NA,NA,FALSE
"VPS51","up",NA,NA,NA,NA,NA,FALSE,NA,NA,FALSE
"VSTM1","down",NA,NA,NA,NA,NA,FALSE,NA,NA,FALSE
"VSTM4","down",NA,NA,NA,NA,NA,FALSE,NA,NA,FALSE
"VWA3A","down",NA,NA,NA,NA,NA,FALSE,NA,NA,FALSE
"VWA3B","down",NA,NA,NA,NA,NA,FALSE,NA,NA,FALSE
"VWA5A","up",NA,NA,NA,NA,NA,FALSE,NA,NA,FALSE
"VWA5B1","up",NA,NA,NA,NA,NA,FALSE,NA,NA,FALSE
"VWA5B2","down",NA,NA,NA,NA,NA,FALSE,NA,NA,FALSE
"VWA7","down",NA,NA,NA,NA,NA,FALSE,NA,NA,FALSE
"VWC2L","up",NA,NA,NA,NA,NA,FALSE,NA,NA,FALSE
"WASH1","up",NA,NA,NA,NA,NA,FALSE,NA,NA,FALSE
"WDPCP","up",NA,NA,NA,NA,NA,FALSE,NA,NA,FALSE
"WDR11","up",NA,NA,NA,NA,NA,FALSE,NA,NA,FALSE
"WDR82","up",NA,NA,NA,NA,NA,FALSE,NA,NA,FALSE
"WDR83","up",NA,NA,NA,NA,NA,FALSE,NA,NA,FALSE
"WDR83OS","up",NA,NA,NA,NA,NA,FALSE,NA,NA,FALSE
"WDR91","down",NA,NA,NA,NA,NA,FALSE,NA,NA,FALSE
"WDR92","down",NA,NA,NA,NA,NA,FALSE,NA,NA,FALSE
"WDR96","down",NA,NA,NA,NA,NA,FALSE,NA,NA,FALSE
"WHAMM","up",NA,NA,NA,NA,NA,FALSE,NA,NA,FALSE
"XAGE1A","up",NA,NA,NA,NA,NA,FALSE,NA,NA,FALSE
"XRRA1","up",NA,NA,NA,NA,NA,FALSE,NA,NA,FALSE
"XXYLT1","down",NA,NA,NA,NA,NA,FALSE,NA,NA,FALSE
"YBEY","up",NA,NA,NA,NA,NA,FALSE,NA,NA,FALSE
"ZACN","up",NA,NA,NA,NA,NA,FALSE,NA,NA,FALSE
"ZBTB49","up",NA,NA,NA,NA,NA,FALSE,NA,NA,FALSE
"ZBTB8B","up",NA,NA,NA,NA,NA,FALSE,NA,NA,FALSE
"ZC2HC1A","down",NA,NA,NA,NA,NA,FALSE,NA,NA,FALSE
"ZC3H12C","down",NA,NA,NA,NA,NA,FALSE,NA,NA,FALSE
"ZC3H15","down",NA,NA,NA,NA,NA,FALSE,NA,NA,FALSE
"ZC3H18","down",NA,NA,NA,NA,NA,FALSE,NA,NA,FALSE
"ZC3H4","down",NA,NA,NA,NA,NA,FALSE,NA,NA,FALSE
"ZC4H2","up",NA,NA,NA,NA,NA,FALSE,NA,NA,FALSE
"ZEB1","down",NA,NA,NA,NA,NA,FALSE,NA,NA,FALSE
"ZEB2","down",NA,NA,NA,NA,NA,FALSE,NA,NA,FALSE
"ZFC3H1","up",NA,NA,NA,NA,NA,FALSE,NA,NA,FALSE
"ZFHX3","down",NA,NA,NA,NA,NA,FALSE,NA,NA,FALSE
"ZG16B","up",NA,NA,NA,NA,NA,FALSE,NA,NA,FALSE
"ZKSCAN3","down",NA,NA,NA,NA,NA,FALSE,NA,NA,FALSE
"ZMYM6NB","up",NA,NA,NA,NA,NA,FALSE,NA,NA,FALSE
"ZMYND8","down",NA,NA,NA,NA,NA,FALSE,NA,NA,FALSE
"ZNF260","up",NA,NA,NA,NA,NA,FALSE,NA,NA,FALSE
"ZNF280C","up",NA,NA,NA,NA,NA,FALSE,NA,NA,FALSE
"ZNF280D","up",NA,NA,NA,NA,NA,FALSE,NA,NA,FALSE
"ZNF322","down",NA,NA,NA,NA,NA,FALSE,NA,NA,FALSE
"ZNF385A","down",NA,NA,NA,NA,NA,FALSE,NA,NA,FALSE
"ZNF385C","up",NA,NA,NA,NA,NA,FALSE,NA,NA,FALSE
"ZNF385D","down",NA,NA,NA,NA,NA,FALSE,NA,NA,FALSE
"ZNF391","up",NA,NA,NA,NA,NA,FALSE,NA,NA,FALSE
"ZNF440","down",NA,NA,NA,NA,NA,FALSE,NA,NA,FALSE
"ZNF474","down",NA,NA,NA,NA,NA,FALSE,NA,NA,FALSE
"ZNF728","up",NA,NA,NA,NA,NA,FALSE,NA,NA,FALSE
"ZNF729","down",NA,NA,NA,NA,NA,FALSE,NA,NA,FALSE
"ZNF735","down",NA,NA,NA,NA,NA,FALSE,NA,NA,FALSE
"ZNF75D","up",NA,NA,NA,NA,NA,FALSE,NA,NA,FALSE
"ZNF763","up",NA,NA,NA,NA,NA,FALSE,NA,NA,FALSE
"ZNF766","down",NA,NA,NA,NA,NA,FALSE,NA,NA,FALSE
"ZNF770","up",NA,NA,NA,NA,NA,FALSE,NA,NA,FALSE
"ZNF772","up",NA,NA,NA,NA,NA,FALSE,NA,NA,FALSE
"ZNF783","down",NA,NA,NA,NA,NA,FALSE,NA,NA,FALSE
"ZNF785","down",NA,NA,NA,NA,NA,FALSE,NA,NA,FALSE
"ZNF805","up",NA,NA,NA,NA,NA,FALSE,NA,NA,FALSE
"ZNF880","down",NA,NA,NA,NA,NA,FALSE,NA,NA,FALSE
"ZRSR2","down",NA,NA,NA,NA,NA,FALSE,NA,NA,FALSE
"ZSCAN18","down",NA,NA,NA,NA,NA,FALSE,NA,NA,FALSE
"ZSCAN21","down",NA,NA,NA,NA,NA,FALSE,NA,NA,FALSE
"ZXDB","up",NA,NA,NA,NA,NA,FALSE,NA,NA,FALSE
