"Gene","logFC","AveExpr","t","P.Value","adj.P.Val"
"GDF5",6.42780556666667,5.78980738333333,22.1081322382496,1.76391052889601e-09,4.48448633570781e-06
"KRTAP6-3",-6.9813575,12.1336780833333,-21.756076219058,2.04848261696118e-09,4.48448633570781e-06
"PEX26",-8.33687273333333,11.1588388,-21.5910793441384,2.19899624176585e-09,4.48448633570781e-06
"POM121L12",-7.78772983333333,11.1309830833333,-18.8434393236306,7.78421934914571e-09,8.1566205692734e-06
"PHYHD1",-5.50234866666667,12.426521,-18.6890813077751,8.40012033988173e-09,8.1566205692734e-06
"FKBP5",-5.58601636666667,7.81858115,-18.6398991770018,8.60750284460138e-09,8.1566205692734e-06
"RGR",-6.97041733333333,12.242482,-18.3010492599942,1.01995553847221e-08,8.1566205692734e-06
"HGD",-6.24892366666667,12.5803248333333,-18.2127936400439,1.06657346443588e-08,8.1566205692734e-06
"MTHFD1L",-6.20738316666667,12.3302264166667,-17.9008289549043,1.25118658304412e-08,8.505288350071e-06
"PHF7",-5.20961173333333,8.76279346666667,-17.3378254471304,1.68032025322321e-08,1.02801993092196e-05
"AANAT",-6.56072106666666,10.4454674666667,-16.8270454607384,2.21323095601714e-08,1.12935277319205e-05
"RPS15A",4.771863,13.6488281666667,16.8254683515745,2.21514110465914e-08,1.12935277319205e-05
"RPS23",4.54172483333334,10.62935425,16.0784562022905,3.36263784313996e-08,1.4231799099833e-05
"GAB3",4.99971566666667,8.19498233333333,15.9766040831895,3.56455819363989e-08,1.4231799099833e-05
"KDELR1",4.76972043333333,4.93595121666667,15.9171090127547,3.68866426669346e-08,1.4231799099833e-05
"LSM2",4.53178463333334,7.88094135,15.7989241028777,3.94956598004204e-08,1.4231799099833e-05
"KIAA1456",6.21885813333334,7.0279186,15.7335557039911,4.10255804748716e-08,1.4231799099833e-05
"RPL3",4.50059933333333,10.7584656666667,15.6985384511654,4.18719162793386e-08,1.4231799099833e-05
"ATP8B2",5.34738503333333,8.46238448333333,15.4008701652508,4.98953833820943e-08,1.54724343452556e-05
"FGF17",-7.84818483333333,8.57030891666667,-15.3373895525055,5.18172615188287e-08,1.54724343452556e-05
"DDX39B",4.8866947,6.25761798333333,15.1591422863423,5.76638094447807e-08,1.54724343452556e-05
"SALL4",-5.708675,13.0589348333333,-15.1504178327261,5.79680665362912e-08,1.54724343452556e-05
"MRFAP1",5.2360311,6.66767978333333,15.0861852389069,6.02633216871346e-08,1.54724343452556e-05
"FAM110B",-6.28768566666666,11.5947971666667,-15.0743775394012,6.06960484285934e-08,1.54724343452556e-05
"RPLP2",4.73946900000001,12.8579418333333,14.8764390711796,6.84839934908206e-08,1.67594028870736e-05
"LRCH1",-4.79924033333333,13.4234771666667,-14.7876464192703,7.23299183829532e-08,1.69164116216086e-05
"CYP11A1",4.33962426666667,4.649288,14.7364391204995,7.46556250054647e-08,1.69164116216086e-05
"MYLK2",-6.77362686666667,10.0457782333333,-14.5556717631998,8.35482836377053e-08,1.74267250654981e-05
"STOX2",-8.001159,11.8308518333333,-14.4898657204054,8.70700802392008e-08,1.74267250654981e-05
"RPL22",5.99107643333333,10.40523245,14.4463373350074,8.94893225229897e-08,1.74267250654981e-05
"TMEM115",4.10973983333334,9.92179108333333,14.4419512833832,8.97371682121191e-08,1.74267250654981e-05
"PRR19",-7.48490783333334,10.94358275,-14.4172022965992,9.11499186165312e-08,1.74267250654981e-05
"RPL39",4.39144283333333,13.65810525,14.3252918736648,9.66148618291737e-08,1.79118098385117e-05
"HLA-DPA1",4.5330843,7.73076251666667,14.2753788550385,9.97330905497306e-08,1.79460896465662e-05
"SLC22A1",5.44289383333333,7.98487241666667,14.2059141882821,1.04258723910475e-07,1.82244249395511e-05
"PYROXD2",-6.182804,11.660125,-14.0611276415342,1.14436198347476e-07,1.94477961524961e-05
"GNG3",4.37812196666667,4.86920651666667,13.9046018217965,1.26685220794088e-07,2.09475724545468e-05
"RPL7A",4.100236,10.584196,13.8535426071692,1.30987654076713e-07,2.10890123063507e-05
"ARPC3",4.1053703,8.13410301666667,13.7857625247737,1.3694947264388e-07,2.14835095803912e-05
"KRTCAP2",4.23107313333333,5.1186065,13.6901027169802,1.45877909291372e-07,2.18957363735264e-05
"KIAA0240",-7.94618533333333,8.87106166666667,-13.6812598124255,1.46735075402841e-07,2.18957363735264e-05
"CLDN22",3.87871366666667,6.5730945,13.5005704073331,1.65521924803772e-07,2.28105650098009e-05
"ADORA2A",-6.48064426666667,7.64095153333333,-13.4808088171031,1.67732202151469e-07,2.28105650098009e-05
"BMP3",4.79216766666667,8.3240955,13.4650715392199,1.69515609508718e-07,2.28105650098009e-05
"CDC42EP4",-8.56660683333333,8.91671591666667,-13.4469654362195,1.71593319753908e-07,2.28105650098009e-05
"TSEN54",4.47669713333333,8.03390443333333,13.4377402236385,1.72662694758668e-07,2.28105650098009e-05
"ABCC5",4.3006959,4.66203598333333,13.3787446789525,1.79677260614455e-07,2.28105650098009e-05
"NEUROD2",-5.32414833333333,6.69771033333333,-13.3648063207608,1.81379950674374e-07,2.28105650098009e-05
"SH3RF3",4.76689276666667,7.78355495,13.3541530385749,1.82693312435476e-07,2.28105650098009e-05
"GRAMD1A",4.2141929,9.56709788333333,13.2912273632504,1.90667614495506e-07,2.28940155166052e-05
"FLJ44635",4.20261500000001,13.3541621666667,13.2835047806643,1.91672366660106e-07,2.28940155166052e-05
"RPL22L1",4.16950523333334,6.89036338333333,13.2429317609324,1.97047771433022e-07,2.28940155166052e-05
"ZMAT4",-8.29476965,9.83277409166667,-13.2334335899768,1.98329980774775e-07,2.28940155166052e-05
"NRN1",4.5061125,4.92718021666667,13.2059369722602,2.02093943330253e-07,2.28964952832312e-05
"THG1L",-6.83132466666667,10.4017908333333,-13.1785113137613,2.05926631320394e-07,2.29065296439667e-05
"RGS10",4.04264463333333,4.50079818333333,13.1349164247065,2.12184586847619e-07,2.31811661131024e-05
"COQ4",-5.50622266666667,11.3794073333333,-12.9479617252606,2.4149923535897e-07,2.59209179285294e-05
"KDM1B",4.5377018,6.9374641,12.8687475744218,2.55240898648987e-07,2.6923514102319e-05
"ERI3",3.731691,4.51374716666667,12.8080922284501,2.66344751296858e-07,2.76185964141386e-05
"IL18BP",3.75733233333334,12.8745668333333,12.7790630922141,2.71846085446193e-07,2.77192391793302e-05
"MAB21L1",4.79569886666667,6.29101323333333,12.7145062812662,2.84533809165256e-07,2.85373417126728e-05
"ATP5E",4.264364,11.4952876666667,12.6848440607257,2.90580712854357e-07,2.86737548587573e-05
"PPP1R9A",-7.7793954,10.5761109666667,-12.6533900644472,2.97147694694463e-07,2.88563427958845e-05
"PRDX3",3.97277236666667,9.40183565,12.6301186869487,3.02111349162964e-07,2.88799567840471e-05
"FZD7",3.58458250000001,12.90893125,12.58206024745,3.1265309382605e-07,2.9278079665858e-05
"SPP1",-4.14780878888889,6.34656712777778,-12.567849739029,3.15847214440442e-07,2.9278079665858e-05
"SLC35G2",5.3328075,7.95283725,12.4962974364022,3.3248505544756e-07,3.03603517795249e-05
"PLA2G4E",-6.7547598,11.2519331,-12.4455237841986,3.44875419287107e-07,3.10286443411547e-05
"RPS27A",3.51244133333334,13.7978676666667,12.3289281916725,3.75294875861576e-07,3.32761456597264e-05
"S1PR3",3.9535496,7.53552153333333,12.3020697016248,3.82712848035203e-07,3.3351327969949e-05
"DNMBP",4.17307403333333,6.78126465,12.2863367198425,3.87132873290369e-07,3.3351327969949e-05
"SLC6A8",4.73786026666667,5.61606206666667,12.2675070005539,3.92496831290672e-07,3.3351327969949e-05
"URGCP",-5.73669986666667,6.44331706666667,-12.2431612361099,3.99553613216235e-07,3.3430749046834e-05
"CD33",4.85083043333334,9.15860028333333,12.1957509332985,4.13699567642576e-07,3.3430749046834e-05
"AP3S2",-6.48045046666667,10.7840749333333,-12.1551184243931,4.26262027350617e-07,3.3430749046834e-05
"FAM117A",-3.53635676666667,6.40488495,-12.1425934472209,4.3021851811959e-07,3.3430749046834e-05
"RPL19",5.39605616666667,7.28407791666667,12.132173308928,4.33540889164736e-07,3.3430749046834e-05
"GPC4",3.5026142,9.86745023333333,12.1217036329042,4.36907483781764e-07,3.3430749046834e-05
"KRTAP22-1",4.7828987,5.10974631666667,12.0728332966061,4.5300688257304e-07,3.3430749046834e-05
"COMMD9",3.57213046666667,5.50737145,12.0661292895625,4.55265802345919e-07,3.3430749046834e-05
"EID1",3.90079956666667,5.74439035,12.0477291624033,4.61529620595768e-07,3.3430749046834e-05
"ERH",3.529631,10.3877208333333,12.0380963333427,4.64846585112016e-07,3.3430749046834e-05
"HIST4H4",5.13763366666667,10.5595795,12.0318267767201,4.67019515297828e-07,3.3430749046834e-05
"SCN2B",3.90254426666667,4.98951686666667,12.0252426817676,4.69313485665408e-07,3.3430749046834e-05
"CYR61",-6.04992783333333,11.85261275,-12.0094817695696,4.74855232021764e-07,3.3430749046834e-05
"HIST1H2AC",4.1283484,4.6014654,11.9952285231169,4.79928844861288e-07,3.3430749046834e-05
"RAE1",4.08729636666667,4.57663931666667,11.9939377192549,4.80391256062697e-07,3.3430749046834e-05
"RPS18",4.23422733333333,14.4934466666667,11.9904970551017,4.81626216765849e-07,3.3430749046834e-05
"SLC25A22",-5.72587253333333,6.01901006666667,-11.9774939339737,4.8632505151491e-07,3.3430749046834e-05
"AKR7A2",-5.58797533333333,12.1305546666667,-11.9407028697132,4.9989514291401e-07,3.3981760937199e-05
"ADHFE1",3.9296353,4.90329555,11.9214120933401,5.0717629522079e-07,3.40978524633054e-05
"EPHX1",4.42506943333334,5.06633745,11.8449709916129,5.37196120520094e-07,3.50215645225311e-05
"CELSR1",-8.43982886666667,11.5555165666667,-11.8308056589621,5.42970778238863e-07,3.50215645225311e-05
"PIGV",4.0152674,5.6119803,11.8216027282636,5.46758999382463e-07,3.50215645225311e-05
"FOXJ1",-5.34565546666667,8.22460826666667,-11.8189327726437,5.47863467555331e-07,3.50215645225311e-05
"CCL23",4.07869996666667,6.28374451666667,11.8148972927761,5.49537462269204e-07,3.50215645225311e-05
"FGD2",4.23761713333333,6.19148856666667,11.7894441501994,5.60226337275202e-07,3.5139191478715e-05
"SLC12A8",-7.42014813333334,11.5141459333333,-11.7832303466714,5.62870344052642e-07,3.5139191478715e-05
"PPIA",4.39744566666667,10.5325101666667,11.689911779913,6.04272541799354e-07,3.7079029031592e-05
"GPX1",4.61803213333334,7.1927066,11.682854097257,6.07537290188129e-07,3.7079029031592e-05
"SEC61B",3.64035103333333,9.43665148333333,11.6730061588021,6.12125193231578e-07,3.7079029031592e-05
"F3",3.70920293333334,8.16480353333333,11.6427666858432,6.26452589661971e-07,3.75748719956072e-05
"UGCG",-3.69667186666667,9.09217973333333,-11.6011952593129,6.46754018510201e-07,3.80903126882969e-05
"C14orf2",5.00110443333334,10.7197847833333,11.5881021411714,6.53296905172139e-07,3.80903126882969e-05
"RBM12B",3.399925,8.80933433333333,11.5861037055834,6.54301944399705e-07,3.80903126882969e-05
"PURA",-4.23494343333333,8.46490895,-11.5749357049459,6.59949843896613e-07,3.80903126882969e-05
"LZTFL1",3.64859243333334,4.50724948333333,11.5597240230494,6.67729070085584e-07,3.81791257082579e-05
"GTF2IRD2B",-5.21102226666667,8.25133636666667,-11.5277681554432,6.84401462847859e-07,3.87700754602148e-05
"YARS2",-3.69891336666667,9.38692481666667,-11.5093032273747,6.94243336039811e-07,3.89667956870786e-05
"CIB4",5.32661623333334,6.64121355,11.4643932464931,7.18835789659308e-07,3.97200772805138e-05
"PLA2G10",3.2512056,7.9417662,11.460552094383,7.20983199410301e-07,3.97200772805138e-05
"ZXDA",3.528336,8.18022533333333,11.4496067135798,7.27141002846934e-07,3.97200772805138e-05
"SECTM1",3.5177937,4.34431015,11.3945358500187,7.59013104792502e-07,4.10941785408896e-05
"CD99",3.8320502,9.6394769,11.3549633111695,7.82862641908692e-07,4.17812715632133e-05
"KLK15",-6.91410066666666,10.0993263333333,-11.3455973912225,7.88626986386691e-07,4.17812715632133e-05
"IL1F10",3.57834243333334,8.63435711666667,11.3398433372177,7.92191484362984e-07,4.17812715632133e-05
"MGST3",3.324751,11.0349578333333,11.3223997493178,8.03105956984124e-07,4.17931498496889e-05
"SPTBN2",-5.86931486666667,9.6553989,-11.3176932198123,8.06079058885794e-07,4.17931498496889e-05
"S100A4",3.49724166666667,10.4271975,11.2666502343496,8.39111001066828e-07,4.30051403166988e-05
"ALG8",3.48428395,9.574134775,11.2561043249552,8.46119370425785e-07,4.30051403166988e-05
"ZNF276",-7.40390406666667,10.6756063,-11.2494971224303,8.50542984360993e-07,4.30051403166988e-05
"RPL14",4.15234333333334,9.67764383333333,11.2144330794283,8.74448007730058e-07,4.36679414086997e-05
"SLC33A1",4.46750646666667,5.058407,11.2094180879985,8.77926903117042e-07,4.36679414086997e-05
"BEST1",5.3365566,6.20928203333333,11.194335560602,8.88481570873079e-07,4.38365342790443e-05
"GIMAP7",4.32726216666667,6.45034758333333,11.1634022916077,9.1056722256768e-07,4.45668021413525e-05
"TMEM9B",4.30375653333334,9.43520623333333,11.1362711759328,9.30435150480231e-07,4.51777956399845e-05
"RPS16",3.5679355,12.3159535833333,11.1244240807598,9.39259616045906e-07,4.52471679603847e-05
"KRTAP19-8",4.50496526666667,9.74895803333333,11.1033114260811,9.55214386143851e-07,4.56562626127194e-05
"EMD",3.8060946,4.38252316666667,11.0908310059441,9.64785615005189e-07,4.57562666093158e-05
"PARP9",-6.17019566666667,11.0204838333333,-11.0039664561592,1.03439295070707e-06,4.86801236340451e-05
"AP2A1",4.018636,7.2082105,10.9815542735225,1.05323509215015e-06,4.91884907921727e-05
"VAMP3",4.64363073333334,5.04660976666667,10.9580874047403,1.07336865047715e-06,4.94941352320932e-05
"RAB34",3.62639206666667,4.4993162,10.9551027969237,1.07595946156724e-06,4.94941352320932e-05
"PBX2",4.4560426,4.70749716666667,10.9426328577578,1.08685860193092e-06,4.96223949747268e-05
"IL2RG",3.52291013333334,4.60238186666667,10.9120960078954,1.11406421450009e-06,5.01233880311133e-05
"UQCRB",5.0440177,5.86099315,10.9119266235134,1.11421719062298e-06,5.01233880311133e-05
"CLEC7A",-5.99882403333333,6.60673031666667,-10.8838027433714,1.13993942322776e-06,5.02991657977765e-05
"EGFR",-4.71315405,8.84374264166667,-10.8809062356956,1.14262539184109e-06,5.02991657977765e-05
"MCEE",3.51302,4.68336253333333,10.8807298786045,1.14278915428096e-06,5.02991657977765e-05
"LRRC41",4.4359763,5.84470635,10.8564333453752,1.16559878362481e-06,5.06935507538595e-05
"AGAP6",3.84577283333333,6.89750775,10.8471423719343,1.17445288497989e-06,5.06935507538595e-05
"CCL15",3.37233753333333,4.21337323333333,10.8448931582055,1.17660742187775e-06,5.06935507538595e-05
"UNG",3.14673233333334,7.68056716666667,10.8218072210422,1.1989741752097e-06,5.0805079221484e-05
"FAM83G",-3.5261597,4.65140785,-10.8188602360251,1.2018627904985e-06,5.0805079221484e-05
"RPL15",3.06971066666667,13.525301,10.8156526158337,1.20501556460749e-06,5.0805079221484e-05
"RPL8",4.50973966666667,11.0990411666667,10.8081627133568,1.21241280914297e-06,5.0805079221484e-05
"NPC2",3.07052183333334,13.4962930833333,10.7710670159661,1.2497920176506e-06,5.20006242236124e-05
"NFKB2",3.438176,6.900378,10.763140056608,1.25794252780233e-06,5.20006242236124e-05
"SLC35D1",3.42058383333334,6.84207108333333,10.7338976684377,1.28851807450858e-06,5.2604851039077e-05
"DECR1",4.35127543333334,7.41767411666667,10.726796713069,1.29606525289682e-06,5.2604851039077e-05
"RTN1",3.4499863,4.81330251666667,10.7242057172391,1.29883113796836e-06,5.2604851039077e-05
"FAM63B",-3.54079175,8.68157079166667,-10.7146868538468,1.30904827555138e-06,5.2604851039077e-05
"INPP5E",3.387373,4.2749923,10.7086707381091,1.31555119466799e-06,5.2604851039077e-05
"PLSCR3",3.47745466666667,11.9527793333333,10.695262112322,1.33017275402732e-06,5.28441357736308e-05
"BANF1",3.56422113333334,8.92135243333333,10.6834798770551,1.3431681107344e-06,5.30161451707941e-05
"ZNF678",-7.13105276666667,11.9131206166667,-10.6565136962143,1.37343835244871e-06,5.38634348735974e-05
"CCDC115",3.70459323333334,7.69976371666667,10.6267342962135,1.40773919441444e-06,5.48569961237424e-05
"TPT1",3.23009666666667,14.1373848333333,10.5999034868038,1.43945006449884e-06,5.57376930038223e-05
"C20orf85",3.73375553333334,9.2231244,10.5865147907449,1.45556646262631e-06,5.60072680399231e-05
"TNKS1BP1",3.877497,13.8908615,10.5625349601146,1.48492898606512e-06,5.67799721046652e-05
"CSTA",7.56309576666667,12.11051145,10.5383459611913,1.5152075082129e-06,5.75778853120901e-05
"IHH",-3.8776915,12.84690175,-10.5182511318746,1.5408766827397e-06,5.81918737345769e-05
"VCAM1",3.60387133333333,7.94137016666667,10.4613187188806,1.61623000501822e-06,6.03652994976402e-05
"SYNGR4",3.99212033333333,7.64285983333333,10.4493830793725,1.63253486996966e-06,6.03652994976402e-05
"XRRA1",3.99751763333334,6.75475918333333,10.4479450099506,1.63451151860855e-06,6.03652994976402e-05
"AADAC",3.70253343333333,4.81956731666667,10.4454880762591,1.63789469052113e-06,6.03652994976402e-05
"SAPCD2",3.388994,14.6239353333333,10.4302502758556,1.65904934813246e-06,6.07788258196071e-05
"PTCH2",3.016349,11.9080703333333,10.4198506296084,1.67365924558971e-06,6.09490908602253e-05
"MYBPHL",-3.4263837,8.68791615,-10.3944398177623,1.70995488148925e-06,6.14941801673664e-05
"ACTG1",4.40120543333334,9.30328078333333,10.3938175748839,1.71085442937949e-06,6.14941801673664e-05
"ADH7",4.49006516666667,4.99877328333333,10.3883497104908,1.71878143324937e-06,6.14941801673664e-05
"ALDOB",3.48791956666667,6.63451021666667,10.3639326914415,1.75467498577792e-06,6.23120266683268e-05
"DPAGT1",3.55916656666667,4.59716805,10.3529515271874,1.77108494582476e-06,6.23120266683268e-05
"MRPS14",4.9695154,8.02133596666667,10.3420438929062,1.78755185094959e-06,6.23120266683268e-05
"ACSL5",3.56222463333334,7.08258201666667,10.3281454457988,1.80877771591342e-06,6.23120266683268e-05
"RPS8",3.04471266666667,14.1403346666667,10.3275605482733,1.80967702058113e-06,6.23120266683268e-05
"BANF2",-7.43839513333333,10.0764999333333,-10.3245921840031,1.81424857400871e-06,6.23120266683268e-05
"SPTBN4",3.69842333333334,14.4687106666667,10.3128707175897,1.83242489427952e-06,6.23120266683268e-05
"PFDN5",3.86795246666667,9.8118531,10.3004393172234,1.85192064837371e-06,6.23120266683268e-05
"ANKFY1",-5.12672076666667,8.16590028333333,-10.2970000874933,1.85735438061286e-06,6.23120266683268e-05
"FXYD3",3.63013033333334,13.0669091666667,10.2923613538333,1.86471096363621e-06,6.23120266683268e-05
"CSDA",-4.05931106666667,8.83764113333333,-10.2912700030897,1.86644638123023e-06,6.23120266683268e-05
"KIAA0040",-4.13020526666667,6.30552243333333,-10.2856104584959,1.8754744019099e-06,6.23120266683268e-05
"HLA-F",-4.24170183333333,11.1927189166667,-10.2837956008694,1.87837957066624e-06,6.23120266683268e-05
"HMGN1",-3.489081,13.6967041666667,-10.2757171703624,1.89137130556725e-06,6.23120266683268e-05
"MEF2D",-6.55248606666667,10.3802966333333,-10.2738327559945,1.8944159791286e-06,6.23120266683268e-05
"SPOCD1",-3.13666033333333,14.9817465,-10.2434325716409,1.94428431482376e-06,6.36103285459452e-05
"PODN",3.8083275,5.33365678333333,10.2224457504929,1.97955059598582e-06,6.41974206661196e-05
"EEF1E1",-6.60930166666667,8.3771375,-10.2202883305406,1.98321551256891e-06,6.41974206661196e-05
"GLI3",2.97493526666667,7.68460836666667,10.2009665856339,2.01637213361482e-06,6.49271827023972e-05
"LCP2",3.51966433333334,11.5988231666667,10.1827666441185,2.04816048039582e-06,6.56054754924692e-05
"ATG2A",3.04669666666667,11.6647666666667,10.1666514178521,2.07676682084617e-06,6.61753094267544e-05
"SHBG",3.63387493333333,6.25005058333333,10.1092935693832,2.1821947737168e-06,6.91744436559552e-05
"PTPRR",3.78612416666667,5.63037931666667,10.1013309388675,2.19728899509054e-06,6.91795975424935e-05
"CACNA1A",4.37764533333334,9.10315083333333,10.0973006989845,2.20497246171727e-06,6.91795975424935e-05
"NOS3",-7.4487361,8.40690961666667,-10.0711565105119,2.25553639784506e-06,7.04049575613067e-05
"WASF3",-6.8551351,9.97573778333333,-10.0271562335668,2.34352982131253e-06,7.25357796746441e-05
"THEG",3.10158798333334,6.86332359166667,10.0252075504282,2.34751297410584e-06,7.25357796746441e-05
"UBE2E3",4.230844,12.6805466666667,9.9981792970074,2.4035316938986e-06,7.34168911307101e-05
"YAF2",-3.68559242222222,10.4332613555556,-9.99794066478958,2.40403276463632e-06,7.34168911307101e-05
"RSL24D1",3.82934073333334,8.2395763,9.99413973229796,2.4120292770959e-06,7.34168911307101e-05
"MEPCE",3.0179908,3.98847126666667,9.98282276184393,2.43601144851008e-06,7.37797922870527e-05
"CIB2",2.86057343333333,8.58852895,9.95662345616914,2.49254070827299e-06,7.51200199665723e-05
"KANSL2",3.12465416666667,6.81678591666667,9.94029902495358,2.52848971235498e-06,7.540838013484e-05
"EMID1",3.31031396666667,4.68123925,9.93768282197535,2.53430368061283e-06,7.540838013484e-05
"C14orf118",-3.64573333333333,15.2476566666667,-9.93553590887238,2.53908569921168e-06,7.540838013484e-05
"C9orf69",-5.82822936666667,9.47511198333333,-9.92598261448619,2.56048492281198e-06,7.56765543853318e-05
"UBXN8",4.24315956666667,5.39416915,9.91694455990907,2.58091215326718e-06,7.59135603542722e-05
"TMBIM4",3.17170633333333,11.3070885,9.88213344306894,2.66127579756371e-06,7.79028006195921e-05
"DRAM2",3.22973033333334,10.0173808333333,9.8525942570188,2.73162284102202e-06,7.92151023271202e-05
"ZHX2",3.86085903333334,5.00950198333333,9.85243742510566,2.73200173112494e-06,7.92151023271202e-05
"KLHL23",-3.8384823,5.14042351666667,-9.82925561904511,2.78864542245855e-06,8.04760976160443e-05
"MRPS23",2.97580366666667,3.9673777,9.8218076832314,2.80711639252017e-06,8.06288173213071e-05
"SH2B2",3.1094103,6.92262901666667,9.80834971250264,2.84083336300418e-06,8.12159743685027e-05
"TFF1",4.00077493333334,5.909179,9.78012309808006,2.91300218538266e-06,8.2891848233354e-05
"TXNIP",4.52424636666667,7.18807631666667,9.76909883071957,2.9417323445747e-06,8.33218448338334e-05
"KIF3A",-6.1727938,10.4299177666667,-9.75641147107556,2.97518164623357e-06,8.34727255236484e-05
"TMPRSS2",3.40966966666667,10.4927515,9.75449550811437,2.98026907447068e-06,8.34727255236484e-05
"NLRP7",3.9691992,5.44390546666667,9.75159433894575,2.98799066519761e-06,8.34727255236484e-05
"AIMP2",3.47521806666667,8.02804863333333,9.74440206883088,3.00722794043016e-06,8.34899676514826e-05
"PEX6",3.34050453333333,4.37714546666667,9.74117590132187,3.01590108711632e-06,8.34899676514826e-05
"SRBD1",-4.53940046666667,6.2826079,-9.73510010262123,3.03230964101927e-06,8.35660828097114e-05
"RPS24",4.01790366666667,10.9076928333333,9.72729336201962,3.05353663954939e-06,8.37737092410904e-05
"HIST3H2A",2.7620532,3.99439653333333,9.71708777368503,3.08153223626998e-06,8.37993350123447e-05
"IL8",-5.87373,5.892416,-9.71320568832533,3.09225518380684e-06,8.37993350123447e-05
"RPL39L",2.91122333333333,12.806754,9.71201139759865,3.09556222830826e-06,8.37993350123447e-05
"IFT122",-6.77759586666667,8.03976106666667,-9.70667462679665,3.1103874203601e-06,8.38297367302339e-05
"ILF3",3.33019108333333,6.28618080833333,9.68937219108792,3.15899005994597e-06,8.47662332752169e-05
"N6AMT2",3.2130045,4.35458428333333,9.67052042539957,3.21289415866972e-06,8.53305936662446e-05
"TMEM30B",-6.05899766666667,9.98557416666667,-9.67011923210988,3.21405221703679e-06,8.53305936662446e-05
"IL15",3.18425223333333,7.50191355,9.66741689987857,3.22186452057903e-06,8.53305936662446e-05
"THAP1",2.98389501666667,6.84690029166667,9.64184361912099,3.29683454769369e-06,8.69398007016809e-05
"CMTM4",3.26706,13.4529226666667,9.6360668251511,3.31403305985847e-06,8.69511072569262e-05
"MFSD1",3.75167535,7.86748215833333,9.62754512209589,3.33958339403925e-06,8.69511072569262e-05
"ATXN2L",2.89412316666667,12.5676749166667,9.61742763392787,3.37019895923364e-06,8.69511072569262e-05
"CLDN8",4.56589926666667,8.82336053333333,9.61044209279544,3.39151667311665e-06,8.69511072569262e-05
"SMARCAL1",2.96743916666667,3.98540595,9.60419594651676,3.41070314889271e-06,8.69511072569262e-05
"ACTR2",-2.78355523333333,7.19173738333333,-9.6040421213882,3.41117715629635e-06,8.69511072569262e-05
"RBFOX2",-3.54274204166667,10.8589136875,-9.5982970681611,3.42893215690275e-06,8.69511072569262e-05
"KCNK3",-4.02012703333333,6.31901781666667,-9.59720209156314,3.4323276413819e-06,8.69511072569262e-05
"FOXD3",4.64335463333333,6.10731451666667,9.59151845886735,3.45001168667171e-06,8.69511072569262e-05
"FJX1",2.8524204,3.97838713333333,9.5900858674502,3.45448478609921e-06,8.69511072569262e-05
"HTR5A",-8.1988835,7.87483925,-9.58824643683815,3.46023751393683e-06,8.69511072569262e-05
"FAM110A",3.69000613333334,4.32447893333333,9.58243031769386,3.47849631536427e-06,8.69511072569262e-05
"VAMP1",2.9191519,7.60165438333333,9.58131055336029,3.48202374598675e-06,8.69511072569262e-05
"PEX11B",3.1045822,4.99662956666667,9.57614062596001,3.49836071671364e-06,8.70039466050978e-05
"CCL21",3.12051303333333,4.92003738333333,9.54141570129271,3.61029231129912e-06,8.87777007872274e-05
"CCND3",-7.79975003333333,8.32061465,-9.54117454854705,3.61108322838919e-06,8.87777007872274e-05
"FGA",2.99945673333333,9.07800563333333,9.53791563791881,3.62179022943357e-06,8.87777007872274e-05
"CRYL1",3.35995096666667,4.42010985,9.53611362323577,3.62772559607827e-06,8.87777007872274e-05
"FTL",3.823223,12.154118,9.51451865096183,3.69968896593047e-06,9.01780760699706e-05
"SEC61G",3.18864366666667,12.1867715,9.50526761227579,3.73099451801122e-06,9.0549956335882e-05
"RAB31",-3.2622635,10.40187075,-9.50128906963741,3.74454706652144e-06,9.0549956335882e-05
"ZBTB5",3.14463193333333,4.1077296,9.49667988723217,3.76031530459644e-06,9.05732639115e-05
"NDUFAB1",3.05907753333333,8.36782723333333,9.48878802570956,3.78748292206261e-06,9.08325581142733e-05
"ALG10B",3.3354184,4.81987976666667,9.48494971160699,3.8007739256708e-06,9.08325581142733e-05
"POTED",-3.28375836666667,4.75092461666667,-9.47868527148121,3.82257580283781e-06,9.09981274776721e-05
"C8orf58",2.73982813333333,4.1737256,9.46486078645674,3.87117497062742e-06,9.14185235994606e-05
"CD1E",3.15768145238095,6.06483857857143,9.46186388745947,3.88179942170897e-06,9.14185235994606e-05
"MATK",3.11676700000001,13.2745141666667,9.46094508288132,3.88506311472045e-06,9.14185235994606e-05
"PHF5A",2.7541399,6.02536528333333,9.45660742335546,3.90051159659793e-06,9.14303829424757e-05
"ATP2A1",3.7145066,9.4785567,9.44088481759244,3.95707388829058e-06,9.21418523888746e-05
"CD302",3.7716444,5.21717336666667,9.43586408299886,3.97532484460257e-06,9.21418523888746e-05
"CACFD1",-3.06323006666667,4.75214573333333,-9.4356662339142,3.97604593505441e-06,9.21418523888746e-05
"MAP3K3",-2.83042043333333,5.99249978333333,-9.4275609991148,4.00571019321783e-06,9.24789998570064e-05
"MKNK2",2.80195366666667,14.7702945,9.41523224400614,4.05129794759786e-06,9.31798527947508e-05
"AGBL1",-6.02593966666667,12.6910408333333,-9.40379272912456,4.09410625871962e-06,9.34584562807238e-05
"TMEM35",2.98249813333333,3.98795216666667,9.40259892480936,4.09860211919173e-06,9.34584562807238e-05
"FBRS",-3.20324516666667,6.26047235,-9.39978014879545,4.10923908785791e-06,9.34584562807238e-05
"PIAS3",2.84262513333333,3.93753653333333,9.36778018355264,4.2321379603795e-06,9.58971112651917e-05
"AFAP1",-7.76261593333334,8.5852517,-9.35880111929674,4.26734214709875e-06,9.63380046345023e-05
"TAF9B",-7.1637098,9.1740581,-9.3365120616787,4.35612493108763e-06,9.77711270600835e-05
"CREBRF",-2.9161766,7.0569882,-9.33486018100697,4.3627848459305e-06,9.77711270600835e-05
"ZNF580",3.04317466666667,11.6497723333333,9.32742020148991,4.39291926821018e-06,9.80203514995421e-05
"RNF10",2.72334536666667,7.34595898333333,9.31968118239165,4.4245069696879e-06,9.80203514995421e-05
"SHANK3",3.21236256666667,9.67365605,9.31909928481915,4.42689208732167e-06,9.80203514995421e-05
"DYNC1LI2",-3.25895316666667,9.39809808333333,-9.3163956549006,4.43799237747191e-06,9.80203514995421e-05
"PAOX",2.7317715,9.62612875,9.30869208385066,4.46978843370936e-06,9.83675022929275e-05
"MYO1D",-4.80599866666667,7.256548,-9.30354874541009,4.49115612437589e-06,9.8483488060687e-05
"TAS2R40",4.20763283333334,9.17049958333333,9.2886883257207,4.55352390306738e-06,9.94944972820223e-05
"CD52",2.92201063333333,9.43546901666667,9.25473458726507,4.69961376229093e-06,0.000102321128105679
"SLC50A1",3.05473187777778,5.85042426111111,9.24268278410476,4.75269592587931e-06,0.000102704062146912
"SCIN",2.73125263333333,5.96994355,9.23956907573694,4.76651673617871e-06,0.000102704062146912
"ADRA1D",2.9496984,4.1825166,9.23933364603531,4.7675635256167e-06,0.000102704062146912
"WNT5A",3.3419505,13.4294370833333,9.22472889138998,4.83299534142837e-06,0.000103424640705591
"EHBP1L1",-3.04995643333333,7.60306778333333,-9.22425138126136,4.83515120391945e-06,0.000103424640705591
"VAPA",3.16438013333334,8.2638476,9.21149379337735,4.89314082290811e-06,0.000103424640705591
"SEPW1",2.73365766666667,11.1793368333333,9.20967967495574,4.90144856048016e-06,0.000103424640705591
"SAP18",3.00878936666667,3.98387055,9.20752823571322,4.91132107983553e-06,0.000103424640705591
"NFX1",-3.29701716666667,7.85208075,-9.20694269892331,4.91401175744054e-06,0.000103424640705591
"PIM3",2.93602303333333,3.99078721666667,9.20376096385933,4.92866081169364e-06,0.000103424640705591
"SLC38A7",2.92879726666667,4.22596103333333,9.19993938383661,4.94631901958818e-06,0.000103424640705591
"SLC1A5",2.82144436666667,6.69335626666667,9.19846333893284,4.95315785007162e-06,0.000103424640705591
"MRRF",3.16166246666667,5.13149043333333,9.18866595757779,4.9988144690501e-06,0.00010402294871309
"ZDHHC21",3.81439076666667,4.80811425,9.16980053076596,5.08803232690991e-06,0.000105435166777112
"NUCB1",-5.60733066666667,11.0134,-9.16693810540588,5.10172090619859e-06,0.000105435166777112
"MMP10",2.95418016666667,4.37528158333333,9.16346598324117,5.11837929597944e-06,0.000105435166777112
"MOCS2",2.87828993333333,8.53560353333333,9.15604119947161,5.1542017717811e-06,0.00010547906975813
"G6PC3",3.4779995,4.99186408333333,9.1555436748038,5.15661198101352e-06,0.00010547906975813
"SAA1",-3.87121133333333,9.04884066666667,-9.15232530253168,5.1722329073944e-06,0.00010547906975813
"PABPC1",3.46430883333334,4.39824911666667,9.14124067007746,5.22643185331472e-06,0.000106230266041792
"PHF21B",3.099835,14.9018468333333,9.12806769371335,5.29165182401612e-06,0.000107199754501095
"C2orf76",2.92091953333333,4.04132836666667,9.11181375887804,5.3733565520847e-06,0.000108495694342093
"SDSL",-3.6427231,5.58416295,-9.08922023415356,5.48923177928255e-06,0.000109898404008728
"ART4",2.84431616666667,5.27191891666667,9.08835761438909,5.49370977066439e-06,0.000109898404008728
"RPL9",2.63190266666667,12.0826993333333,9.08608437659264,5.50552966215726e-06,0.000109898404008728
"SLC5A6",2.67567276666667,4.04720315,9.07944778611783,5.54019673497371e-06,0.000109898404008728
"KIR2DL3",-3.87410403333333,6.73649731666667,-9.07834453584947,5.54598283125844e-06,0.000109898404008728
"RYBP",-3.67377596666667,8.55378135,-9.07306393794607,5.57376916035487e-06,0.000109898404008728
"SSR4",3.48320713333334,6.45402846666667,9.07002617419151,5.58982279241779e-06,0.000109898404008728
"PHC2",4.25292966666667,12.5875605,9.06852871174353,5.59775503179577e-06,0.000109898404008728
"TEX264",2.79380656666667,4.14656728333333,9.06272929111087,5.62859172664145e-06,0.000109898404008728
"HCST",2.92065246666667,6.7916921,9.0615636181723,5.63481226143703e-06,0.000109898404008728
"PRB4",3.0770349,4.03595378333333,9.05810156974522,5.65333165486084e-06,0.000109898404008728
"TSPAN13",2.77257056666667,8.85832405,9.05715910996078,5.65838464575828e-06,0.000109898404008728
"TELO2",2.7694154,5.43023403333333,9.04745076205195,5.71072459933557e-06,0.000110563965502326
"FAM109B",3.0676955,4.07970371666667,9.03434670413777,5.78221378973377e-06,0.000110920613176681
"OMP",3.28057953333334,7.9629499,9.02869474263758,5.81334992787088e-06,0.000110920613176681
"VEPH1",2.874540025,5.06229840416667,9.02849314661789,5.81446388610061e-06,0.000110920613176681
"CNPY4",2.96000146666667,4.0300388,9.02844353838156,5.81473804192956e-06,0.000110920613176681
"CBLL1",2.86944453333333,6.64474436666667,9.02752861986692,5.81979680119557e-06,0.000110920613176681
"LRRC3B",-4.26441413333333,7.85893226666667,-9.02246836925073,5.84786303366048e-06,0.000111008431014573
"LMBR1",3.43608893333334,6.89478686666667,9.0201639127423,5.86069356288116e-06,0.000111008431014573
"CCDC89",3.16711806666667,5.87784256666667,9.00606397410895,5.93987195066412e-06,0.000111738558002655
"PPP2R5B",3.0041073,4.29442358333333,9.00605083150377,5.93994629706672e-06,0.000111738558002655
"PCED1B",2.6869463,7.69426418333333,9.00040442701247,5.97198185395483e-06,0.000111738558002655
"KIAA0513",-8.04429743333334,11.01191795,-8.99829069062929,5.98402299541575e-06,0.000111738558002655
"RPS7",4.99257323333334,7.18331721666667,8.99714508776519,5.99056015444116e-06,0.000111738558002655
"EDDM3B",2.8420893,4.22861351666667,8.98743649585049,6.04627517097855e-06,0.000112434989349686
"CDCA7L",3.17783263333333,4.79410808333333,8.97990789928051,6.08987018516832e-06,0.000112902502402605
"TSPAN15",4.07840133333334,11.228988,8.97083351217944,6.14287401634575e-06,0.000113084675046847
"UBASH3A",-2.70406718333333,7.957773725,-8.97045485291634,6.14509672512065e-06,0.000113084675046847
"S100A6",3.1064385,12.55677675,8.96653562502026,6.16815414510252e-06,0.000113084675046847
"TMEM219",4.15306446666667,6.97950643333333,8.96560684866287,6.17363214541468e-06,0.000113084675046847
"NFIA",2.96554136666667,4.39441975,8.95382941364362,6.24356018838607e-06,0.000113708942673054
"ADAM8",2.75586685,6.81891674166667,8.94918344214613,6.27138347309258e-06,0.000113708942673054
"ZNF665",-6.8515567,11.9616973166667,-8.94716545725947,6.28351080191674e-06,0.000113708942673054
"VARS",2.70747233333334,10.7652791666667,8.94656417327638,6.28712925288169e-06,0.000113708942673054
"MSS51",3.0337342,4.31347706666667,8.94432197750574,6.30064262277956e-06,0.000113708942673054
"DHRS1",3.3768908,5.7091227,8.93728128060086,6.34328284425458e-06,0.000114141777768087
"KLF7",-2.70291763333333,7.98099401666667,-8.92439274402043,6.42215951535167e-06,0.000115077281636548
"MAGEC3",2.7472749,7.55761121666667,8.92265251924176,6.43289152005549e-06,0.000115077281636548
"TMEM222",2.8889866,3.92396916666667,8.91493743756331,6.4807075345995e-06,0.000115347639588443
"SNRNP35",3.8471841,6.27875661666667,8.91413352069475,6.48571232730051e-06,0.000115347639588443
"RP11-144F15.1",3.47328256666667,8.85771238333333,8.90348503720064,6.5524051142061e-06,0.000116195984025255
"TBC1D7",3.51470015,6.574595925,8.89435378014668,6.6101932042479e-06,0.000116721677705074
"FOXS1",2.70554133333333,8.93266266666667,8.89278046352501,6.62020630331164e-06,0.000116721677705074
"SLC25A44",-7.47654073333333,9.6194863,-8.88572619801217,6.66530642947119e-06,0.000117179151538807
"NECAB1",-3.0740472,4.98253063333333,-8.8802543584238,6.70052113760609e-06,0.000117460711518264
"TREM2",2.7736152,7.1757924,8.86889787666879,6.77425865302525e-06,0.000118414041254881
"LY96",2.55272873333333,8.6889843,8.85332393432869,6.87682756671386e-06,0.000119854337074701
"PREPL",3.2624993,8.10110835,8.85046559042718,6.89583632727928e-06,0.000119854337074701
"MST1R",-3.74985376666667,9.30772545,-8.83956638597858,6.96884827650077e-06,0.000120283035376847
"ZBTB16",-4.07849176666667,10.05777945,-8.83944160080473,6.96968907311866e-06,0.000120283035376847
"SIPA1L1",-3.84834886666667,9.8126259,-8.83798925283927,6.97948309231461e-06,0.000120283035376847
"GGA3",-4.2441851,5.16596216666667,-8.83062485887213,7.0293777491425e-06,0.00012050452881524
"RBP7",2.57259616666667,9.16253691666667,8.83027925877688,7.03172879814327e-06,0.00012050452881524
"AGAP3",2.76451906666667,4.00563446666667,8.82516779837072,7.06660169005191e-06,0.000120763880278597
"ERBB2",-5.34511058333333,7.36447549166667,-8.8160139730453,7.12952735869489e-06,0.000121499856213079
"ME1",3.78456663333334,4.42499665,8.81029108897049,7.16917915516094e-06,0.000121750425978236
"STEAP2",2.5267755,6.98957258333333,8.80815640330802,7.18403134654186e-06,0.000121750425978236
"PTGES3",3.04737716666667,10.62922975,8.79665137035627,7.26466001939994e-06,0.000122776767952179
"LONRF1",-3.57696946666667,6.44993563333333,-8.78975712409716,7.3134497334137e-06,0.000123260841512466
"NEU2",2.6034746,3.8885686,8.78282211764439,7.36288977146757e-06,0.000123753185774282
"LTK",-2.99921803333333,7.993463,-8.77596544510585,7.41213101720715e-06,0.00012392398500389
"RBPMS2",-6.70281406666667,9.61133063333333,-8.77576679096342,7.41356301265505e-06,0.00012392398500389
"TBL1Y",-2.9003625,8.08494175,-8.75571661354152,7.55966310295933e-06,0.000125877124491469
"ABCC6",2.60739873333333,3.8762275,8.75215955222738,7.5859098631575e-06,0.000125877124491469
"ZNF415",-3.80187646666667,9.0446476,-8.75131838076509,7.59213124180323e-06,0.000125877124491469
"NF2",2.97838266666667,4.60195653333333,8.74026409680029,7.67441038484987e-06,0.000126671866179027
"LINS",2.8661559,6.01514735,8.73932104485595,7.68147472252682e-06,0.000126671866179027
"CABS1",2.62843346666667,3.9324717,8.72232070497204,7.81005062083893e-06,0.000128445940049174
"FBXO38",2.61373796666667,4.24257065,8.71237815619066,7.88633711757843e-06,0.000129329366604798
"S1PR1",2.7381306,5.96449186666667,8.70982669172308,7.90604496734135e-06,0.000129329366604798
"DBC1",-6.21577416666667,13.2404935833333,-8.70385363373958,7.9523926399385e-06,0.00012974063512305
"NDUFV1",3.08464228333333,6.57061719166667,8.69652762323904,8.00964467469869e-06,0.000130195430351074
"TMEM47",2.48715406666667,3.9440835,8.69370092319398,8.03185544597936e-06,0.000130195430351074
"NRARP",3.04443666666667,12.878731,8.69025027448735,8.05906023844353e-06,0.000130195430351074
"METTL22",2.98329623333333,6.37025081666667,8.68800258736936,8.07683511785628e-06,0.000130195430351074
"TMEM99",3.04378366666667,6.70279216666667,8.68676092076168,8.08667269261326e-06,0.000130195430351074
"VPS51",3.4503621,6.53660995,8.68078238958897,8.13422368303152e-06,0.000130285866995408
"ASCL2",2.89319023333334,8.45058388333333,8.68070002962419,8.13488087483589e-06,0.000130285866995408
"EIF2AK1",3.05092276666667,6.96564028333333,8.67307871524813,8.19594724316417e-06,0.000130474104568597
"C4orf33",3.60454313333333,4.82307063333333,8.6724870573699,8.20070887516669e-06,0.000130474104568597
"GYLTL1B",-4.68967656666667,8.62220071666667,-8.67125762169141,8.21061298772635e-06,0.000130474104568597
"CACNA1S",2.50903223333334,4.07043288333333,8.65630544008376,8.33211774726827e-06,0.000132061907714475
"CASP5",-2.5385488,4.44640016666667,-8.6308210330363,8.54376649752755e-06,0.000134237985821358
"SH3BP5",-2.70852815,6.44354255833333,-8.62977467371077,8.55258128954451e-06,0.000134237985821358
"PCGF1",3.37830403333333,5.16032535,8.62855323570968,8.56288357006146e-06,0.000134237985821358
"CHD6",-4.16637286666667,5.13289146666667,-8.62702509106519,8.57579189713073e-06,0.000134237985821358
"TMX2",2.73970565,8.01074200833333,8.62409181470551,8.60062911678722e-06,0.000134237985821358
"CRAMP1L",3.12504223333334,9.35599388333333,8.62404090582243,8.60106087642571e-06,0.000134237985821358
"RARRES3",2.7166012,7.3184284,8.61932852713021,8.6411295126604e-06,0.000134336917716727
"KLF6",-3.02065333333333,10.281464,-8.61663797560388,8.66409836711786e-06,0.000134336917716727
"GPR143",-3.21170906666667,5.32316413333333,-8.61556547907067,8.6732727195337e-06,0.000134336917716727
"MAGEA10",-2.7045771,4.30657498333333,-8.60976269406016,8.72309549625083e-06,0.000134767419813289
"AIMP1",2.50933625,5.38642054166667,8.5989368520013,8.81688493261873e-06,0.000135873304830633
"SELM",3.3908313,5.81405698333333,8.59292311265437,8.8694607821587e-06,0.000136340103179012
"ABCB8",2.7501051,9.07369378333333,8.57799772668714,9.00143496143203e-06,0.000137754961237246
"CCR2",2.60850033333333,4.24718356666667,8.57742569570931,9.00653554999977e-06,0.000137754961237246
"FAM82B",2.67046156666667,5.51915808333333,8.56647653803753,9.10477676921629e-06,0.000138910284972731
"RUNX3",2.73033518333333,8.26053564166667,8.56132633298433,9.15139158688759e-06,0.000139274163503926
"RRN3",2.84691943333334,6.44881028333333,8.54942376820916,9.26012389766219e-06,0.000140579250634981
"CDCA5",3.53600743333334,10.0158512833333,8.53397177597963,9.4033932371848e-06,0.000142227212361844
"ZNF468",-7.4862024,12.34641955,-8.53271289306203,9.41517178923618e-06,0.000142227212361844
"TMEM176B",2.64425208333333,6.96589744166667,8.52004520851095,9.53459700033308e-06,0.000143394217087025
"SPG21",2.8529737,7.91654015,8.51954975277105,9.53930146361872e-06,0.000143394217087025
"SF1",3.04494889333334,9.10548985333333,8.51658418087946,9.56751333824865e-06,0.000143453918231774
"DIABLO",3.1779985,6.84650941666667,8.5128404293242,9.603258465916e-06,0.000143453918231774
"RBM15",2.546214,7.26186333333333,8.51175841855222,9.61361661899759e-06,0.000143453918231774
"ZNF446",-6.2981219,10.1536487166667,-8.50382478769319,9.68993987193809e-06,0.000143907154273982
"LAPTM4A",2.881955,13.8979268333333,8.50371152654952,9.69103425316777e-06,0.000143907154273982
"NFKBIA",-3.041249,12.2669318333333,-8.49762732353616,9.75002166431378e-06,0.000143931954042521
"EXOSC2",2.45034166666667,9.79251183333333,8.49660432098452,9.7599783423865e-06,0.000143931954042521
"TSPAN8",3.45001956666667,5.28104681666667,8.49626510979802,9.76328226996505e-06,0.000143931954042521
"COA1",3.40528336666667,7.29674398333333,8.49102671892668,9.81445989128852e-06,0.000144125070669531
"SEC23IP",-2.955941,13.7770555,-8.48958995721448,9.82854784698547e-06,0.000144125070669531
"SUPT4H1",2.96718356666667,8.01399255,8.48770596965907,9.84705451779406e-06,0.000144125070669531
"RNF126",3.14195876666667,7.41198628333333,8.46498295561132,1.00732915256535e-05,0.000147084481035675
"SH3BP1",3.09227633333334,14.7567108333333,8.46100693691395,1.01134588896639e-05,0.00014731938449277
"PCDHB13",2.6933099,6.06991378333333,8.45201963440605,1.02048989129462e-05,0.000148298269713551
"MYH14",2.93503286666667,6.63287466666667,8.44961867388501,1.02294798230787e-05,0.000148303216961127
"C12orf74",-2.5967788,6.84297606666667,-8.44273413654922,1.03003229107086e-05,0.000148918229902705
"BIRC2",2.51276163333333,8.22707551666667,8.44077473055032,1.03205834388275e-05,0.000148918229902705
"CYFIP2",-3.30003022222222,6.39579107777778,-8.42882457885411,1.04450964815188e-05,0.000150360235938663
"PRDX1",4.01285633333333,10.7945341666667,8.4227041004753,1.05095030257162e-05,0.000150932252374018
"DLK2",-5.4215945,10.5038564166667,-8.41721892078576,1.05675931696722e-05,0.000151411089021204
"FCER1A",3.23961583333333,7.97318091666667,8.41007481373176,1.06437787712407e-05,0.000151900424415707
"SIRPG",2.75628266666667,6.62432556666667,8.40936297208312,1.06514027581462e-05,0.000151900424415707
"RTN3",2.77017926666667,7.75254225,8.40504253384905,1.06978038707765e-05,0.000152207358328862
"EEF1D",2.76005451666667,7.41908390833333,8.3903428293962,1.08573393446893e-05,0.00015411879840095
"NDUFB4",3.54608238333334,7.90833555833333,8.37876046021784,1.09848741295809e-05,0.000154587581171947
"BAX",2.9510665,6.04499708333333,8.3784883086568,1.09878904396315e-05,0.000154587581171947
"LIMS3L",2.4151967,8.13664898333333,8.37831526324424,1.09898088071738e-05,0.000154587581171947
"MARCH1",-3.74773843333333,6.21187811666667,-8.37816862156774,1.09914347515196e-05,0.000154587581171947
"HBS1L",2.74752473333334,6.64262636666667,8.35777956274794,1.1220086150301e-05,0.000157156399982435
"CDIPT",2.98837943333334,6.88652695,8.35730609960024,1.12254571416025e-05,0.000157156399982435
"ERLIN1",3.076909,5.38628013333333,8.349141510842,1.13185200054206e-05,0.000158097500897633
"RNF185",3.64648066666667,9.68388416666667,8.34433272247486,1.13737265450352e-05,0.000158506740324659
"ARL6",2.76926146666667,4.4589415,8.33400613095017,1.14932763595202e-05,0.000159808783562601
"HESX1",3.26019983333334,5.80528565,8.32325283978307,1.16192270172042e-05,0.000161193720841849
"MUL1",2.61741363333333,3.78818268333333,8.31572744646644,1.17082668542027e-05,0.000161749034825313
"ST3GAL5",2.8009566,4.33588416666667,8.31540220856878,1.17121318122938e-05,0.000161749034825313
"OPALIN",2.5998992,7.2364604,8.31207253028615,1.17517802652527e-05,0.000161805323357561
"MBL2",3.01282983333333,4.27589458333333,8.31062166191047,1.17691024671648e-05,0.000161805323357561
"RNF208",2.59992166666667,11.4084328333333,8.30592438590391,1.18253758085945e-05,0.000162214460082917
"SH3TC2",2.45825426666667,3.8369825,8.30156615399244,1.18778504012286e-05,0.000162569773500485
"LRRC42",2.96846696666667,5.08380508333333,8.29068600664262,1.20099647802453e-05,0.000163227091438969
"PPP6C",4.28929036666667,7.71834198333333,8.29042500223209,1.20131537337852e-05,0.000163227091438969
"ATXN3L",-3.34390223333333,5.06288195,-8.28698322059353,1.20552920884659e-05,0.000163227091438969
"ZNF385C",2.40438733333334,11.408202,8.28473435154548,1.20829126141527e-05,0.000163227091438969
"VPS4A",2.84885213333333,5.6860164,8.28360808732287,1.20967713260849e-05,0.000163227091438969
"NUDT6",2.5440778,5.26267796666667,8.28314077539686,1.21025267089286e-05,0.000163227091438969
"ZNF281",-2.39573403333333,8.96409981666667,-8.28232063250624,1.21126347684361e-05,0.000163227091438969
"NEURL2",2.78466406666667,3.9997333,8.27680509204575,1.21808525042101e-05,0.000163657412734452
"BDNF",2.7010447,4.43218508333333,8.27541851438075,1.2198068029897e-05,0.000163657412734452
"MAGEE1",2.501247,9.68555116666667,8.26938127080467,1.22733359315082e-05,0.000164193976426737
"MYO9A",-3.28540243333333,7.00631845,-8.26791154731916,1.22917360580984e-05,0.000164193976426737
"TXN",2.73794966666667,13.2326005,8.25013291937531,1.25167178750598e-05,0.000166835032591755
"LYVE1",3.5483993,4.39269371666667,8.24792052813206,1.25450281383503e-05,0.00016684887424006
"CASP8",2.5794204,3.8351703,8.24350330394899,1.26017614275581e-05,0.00016715693367056
"STC2",2.5343376,3.77872593333333,8.2418680721843,1.26228348080743e-05,0.00016715693367056
"RWDD2A",2.924709,5.26850803333333,8.22037250917007,1.29034584982322e-05,0.000169948443240947
"ELN",-2.66971162222222,8.86169857777778,-8.21965985078009,1.29128781939649e-05,0.000169948443240947
"FAM150B",2.915686,11.7332286666667,8.2165309735573,1.29543236904525e-05,0.000169948443240947
"WNK2",2.54551683333333,10.0638679166667,8.21535383068717,1.29699538690636e-05,0.000169948443240947
"ZNF639",2.68140566666667,9.690106,8.21516015659988,1.29725274588954e-05,0.000169948443240947
"GPR75-ASB3",-4.02627826666667,5.23364763333333,-8.20898830605256,1.30548333886918e-05,0.000170310221615143
"WDR44",3.2287283,7.00345351666667,8.20882352125264,1.30570387123909e-05,0.000170310221615143
"PCDHGB6",2.62152516666667,5.12120021666667,8.20462156367507,1.31134114448518e-05,0.000170310221615143
"MTRNR2L2",3.22371333333334,14.9483123333333,8.20147713058476,1.3155770511285e-05,0.000170310221615143
"APCDD1",2.57120463333333,9.21677568333333,8.20119442708687,1.31595861629251e-05,0.000170310221615143
"CCDC154",2.70840946666667,5.4132066,8.2006329385775,1.3167168163446e-05,0.000170310221615143
"THOC2",-2.9078372,6.10787396666667,-8.19721664476942,1.32134026828681e-05,0.00017054767429069
"WFS1",2.47683033333334,9.93412383333333,8.18040955554195,1.34434589254007e-05,0.000172436614836672
"C17orf97",2.8711078,4.02869386666667,8.1741145955528,1.35307477566118e-05,0.000172436614836672
"PNMA5",2.5965394,7.5992418,8.17405169952587,1.35316230193738e-05,0.000172436614836672
"AGL",2.55133976666667,4.93522965,8.17313720153967,1.35443561857606e-05,0.000172436614836672
"TLE2",2.6719029,8.65660121666667,8.17282179123853,1.35487508886924e-05,0.000172436614836672
"SMPD1",2.7612992,5.6641814,8.17237787781511,1.35549387013806e-05,0.000172436614836672
"TMEM31",2.6982,4.38899666666667,8.17152032566771,1.35669010629532e-05,0.000172436614836672
"DAZAP2",2.51788058333334,8.62547920833333,8.17020783910981,1.35852318325067e-05,0.000172436614836672
"TFPI",3.05168646666667,7.33878176666667,8.16783229473853,1.36184785646468e-05,0.000172500728485526
"NAGPA",-7.0872528,12.8704039333333,-8.16100480197888,1.37145278870999e-05,0.000172916137763408
"ICAM2",2.73282286666667,7.04827623333333,8.15998606754639,1.37289227896463e-05,0.000172916137763408
"PEX12",2.9652269,4.18455278333333,8.15948107405742,1.37360645559033e-05,0.000172916137763408
"EFNB2",-2.78609546666667,5.47973946666667,-8.15349754560032,1.38209949289174e-05,0.000173628022536174
"TP53RK",2.62551493333333,3.8291104,8.14291324671591,1.39726366801527e-05,0.000174639872304421
"DTX4",-3.3892657,5.19504838333333,-8.14091303337906,1.40014974571446e-05,0.000174639872304421
"FRAT2",2.623545,12.2141448333333,8.13961461967169,1.40202669157592e-05,0.000174639872304421
"UBE2D4",2.57655116666667,7.21617241666667,8.13931752700145,1.40245654554147e-05,0.000174639872304421
"KIFC1",2.95103626666667,4.03022693333333,8.13716987885279,1.4055681936364e-05,0.000174639872304421
"AGFG1",2.74328566666667,7.8930029,8.13598985913164,1.40728108934422e-05,0.000174639872304421
"CAPZA3",2.76675723333333,4.27809541666667,8.12863946692809,1.41800224809436e-05,0.000175614124571686
"AMN1",3.36659836666667,5.58509591666667,8.12467849594187,1.42381661205044e-05,0.000175977980455042
"ZDHHC12",3.2243509,5.56671795,8.1208537034742,1.42945579350981e-05,0.000176318760981713
"PDDC1",2.4011198,7.51234143333333,8.11100114226784,1.44409482274012e-05,0.000177664906950645
"ZBTB38",-3.27028966666667,10.8054971666667,-8.10960846931641,1.44617724193235e-05,0.000177664906950645
"AMICA1",2.30862526666667,3.81906476666667,8.09634508440876,1.46617469837569e-05,0.000179706744172876
"EFCAB4A",-2.876337,10.3071321666667,-8.09467891230643,1.46870809131245e-05,0.000179706744172876
"CD37",2.3366143,4.80302611666667,8.09277444984106,1.47160965725091e-05,0.000179706744172876
"TMEM230",2.53192786666667,7.8132642,8.08923231511006,1.47702297898638e-05,0.000179904181467039
"GABARAPL1",2.52524756666667,4.18448225,8.08651500017444,1.48119049520702e-05,0.000179904181467039
"FARP1",2.97079646666667,8.9624571,8.08595680817257,1.48204817684518e-05,0.000179904181467039
"SCRIB",2.4323367,5.73958001666667,8.0789834615279,1.49280879529566e-05,0.000180851568507304
"IKZF3",-3.11012458333333,7.72727720833333,-8.07348094222063,1.50135998912281e-05,0.0001811327357081
"CYP2W1",-3.21891466666667,5.8463775,-8.07215376217896,1.5034304902986e-05,0.0001811327357081
"ORC2",2.95572956666667,6.93063355,8.07178163209672,1.50401160084529e-05,0.0001811327357081
"ASB2",3.0515164,9.50114013333333,8.06701381797591,1.51147865923422e-05,0.000181674389728781
"TMEM179B",2.82062606666667,4.05102676666667,8.0626067387168,1.51841676677045e-05,0.000182059429620529
"HOXB4",3.39423383333334,6.46727998333333,8.06120319112509,1.52063367989687e-05,0.000182059429620529
"ADH1A",3.48218016666667,7.17116241666667,8.05785197947522,1.52594124751572e-05,0.000182291717742844
"PFN1",2.63208866666667,11.5736596666667,8.05622013863339,1.52853303697416e-05,0.000182291717742844
"TM2D3",2.488852,7.67214125,8.04551389243223,1.54565702308994e-05,0.000183726897517798
"CBX1",-3.2682358,7.3341781,-8.04494469615826,1.54657326285823e-05,0.000183726897517798
"EARS2",2.49790693333333,4.0213142,8.03918013843972,1.55588600272066e-05,0.000184234091457814
"UGT1A7",4.25788173333334,5.2176897,8.03857608351527,1.5568654018256e-05,0.000184234091457814
"EEF1B2",2.389713,11.6653171666667,8.02903291147153,1.57242810288947e-05,0.000185716508368297
"C14orf183",3.05859693333334,4.69661553333333,8.0268134513874,1.5760718191704e-05,0.000185788196333035
"DEDD2",2.70943133333334,11.7800233333333,8.02095826200962,1.58572866948328e-05,0.00018656707692113
"MRPS6",2.65884113333333,8.43794743333333,8.01752689029535,1.59141797075553e-05,0.000186877066124421
"NF1",-7.38800495,8.26007869166667,-8.01041740727472,1.60327671828734e-05,0.000187192364468109
"AQP10",-3.22861066666667,13.6537866666667,-8.00894882758097,1.60573833782223e-05,0.000187192364468109
"TFAP4",3.34787033333334,13.6181225,8.0034165079381,1.6150486742781e-05,0.000187192364468109
"MICU1",2.94234543333333,4.84807706666667,8.00323989670503,1.61534686220406e-05,0.000187192364468109
"FAM54B",2.81755561666667,6.12741064166667,8.00253197056758,1.61654271815826e-05,0.000187192364468109
"CCRN4L",-2.92093183333333,6.03646518333333,-8.00168105312361,1.61798139960509e-05,0.000187192364468109
"PPP1R14D",3.41679723333333,5.28191171666667,8.00106075336449,1.61903104696785e-05,0.000187192364468109
"DNAJB12",2.51015413333333,3.80581793333333,8.00008004877256,1.62069207446196e-05,0.000187192364468109
"DLX5",3.87733843333334,5.05280538333333,7.99815546073736,1.62395717518951e-05,0.000187192364468109
"SERGEF",2.59422973333334,4.63244166666667,7.99595284998329,1.62770276091286e-05,0.000187192364468109
"ARL13B",-3.18252836666667,6.90085007222222,-7.99591941464024,1.62775969102704e-05,0.000187192364468109
"BIN1",2.67294761111111,11.3112311388889,7.9919791084571,1.63448406775296e-05,0.00018741841440478
"RHOQ",2.6624217,7.72585765,7.98798757369343,1.64132679854667e-05,0.00018741841440478
"PROZ",-3.78347053333333,8.3689634,-7.98668500066257,1.64356657586343e-05,0.00018741841440478
"RDH5",2.54970676666667,3.82163718333333,7.9850257564423,1.64642448313589e-05,0.00018741841440478
"ANK2",-3.50370588333333,5.41059064166667,-7.98332178986157,1.64936506765181e-05,0.00018741841440478
"ANAPC2",2.6809536,3.88289223333333,7.98259585785993,1.65061957055616e-05,0.00018741841440478
"CREG1",2.6117287,3.96189608333333,7.98227805786418,1.65116909715882e-05,0.00018741841440478
"NRIP1",-2.29994966666667,9.7421025,-7.97982187158778,1.65542297501775e-05,0.000187553291873308
"RAB3IP",2.63706035,5.17458644166667,7.97226400134025,1.66858769110367e-05,0.000188695369578046
"AADACL3",3.21178053333334,4.22564556666667,7.96417114598241,1.68281108753312e-05,0.000189952734935934
"PPP4C",3.08833283333333,12.1103260833333,7.95640808472124,1.69657929957496e-05,0.000191154183329643
"COX7A2",2.39493226666667,3.78720133333333,7.95326270144067,1.70219276776984e-05,0.000191434105757645
"ERAP2",4.44234953333334,4.70065063333333,7.94886636730149,1.71007276583735e-05,0.000191743001276113
"C10orf57",3.8503123,6.25502885,7.94823507384475,1.71120756287607e-05,0.000191743001276113
"GOLT1B",4.00491233333334,5.1366297,7.94625165966128,1.71477824869735e-05,0.00019179183410476
"PAICS",3.4493577,6.06564115,7.93988043989896,1.72630330663139e-05,0.000192728533393628
"C15orf57",2.3771348,3.93830806666667,7.93775646015403,1.73016419445908e-05,0.000192807733000012
"MED15",3.45875466666667,13.5071446666667,7.93032231976767,1.74375208368161e-05,0.000193968640872075
"NOD1",2.89510593333333,3.99000606666667,7.92788994257527,1.7482231592441e-05,0.00019411305423331
"GPX4",2.82101986666667,6.05542426666667,7.92586052544643,1.7519631083377e-05,0.000194175911174095
"ERVMER34-1",2.84372941666667,4.25962385833333,7.92200865948005,1.75908562858107e-05,0.000194612764478462
"DDX21",-3.10400176666667,8.36384978333333,-7.91258683186239,1.77664116014779e-05,0.00019607665086006
"PCSK2",-7.33165733333333,12.6865426666667,-7.91147394253584,1.77872738194399e-05,0.00019607665086006
"CDKN2A",-2.3763186,7.42963893333333,-7.90873015869637,1.78388230765894e-05,0.000196291222270817
"ARHGAP42",-3.37830676666667,4.36021721666667,-7.90499584339949,1.79092442168217e-05,0.000196712309009902
"SYNPO2",2.96159003333334,7.94180081666667,7.89834660900661,1.80353866432467e-05,0.000197397247928031
"ARHGEF1",2.66177933333334,8.544258,7.89830741902416,1.80361329832902e-05,0.000197397247928031
"RGPD8",2.2517888,8.5237436,7.89294116547558,1.81386477210736e-05,0.000197830624733336
"OAT",3.907206,7.700474,7.89284961508693,1.81404021698924e-05,0.000197830624733336
"CHAMP1",2.77872766666667,7.71894716666667,7.88831443358793,1.82275454910025e-05,0.000198427265683191
"FAM134B",2.78696303333333,4.01545071666667,7.88193026085405,1.83509921800411e-05,0.000199295895277458
"CRISP3",3.75679426666667,5.87637683333333,7.88082334583749,1.8372488547971e-05,0.000199295895277458
"MAP2K5",2.2911622,3.91887403333333,7.87758190509868,1.8435595759535e-05,0.00019962650417139
"SLC29A1",3.05395743333333,6.02646541666667,7.87057979434601,1.85727278714382e-05,0.000200756093847101
"TBCK",2.68751061666667,6.447075125,7.8684997479625,1.86136784612179e-05,0.000200831350155026
"CUEDC1",-2.5167186,5.00635846666667,-7.86689481122236,1.86453427407739e-05,0.000200831350155026
"KIF21A",-2.37152233333333,6.08904141666667,-7.86407221004555,1.87011733634895e-05,0.000200885857104552
"GSTA4",3.22958406666667,7.76297146666667,7.86203608717938,1.87415608130697e-05,0.000200885857104552
"C14orf80",-2.90433101666667,6.62530594166667,-7.86107145382069,1.8760727983369e-05,0.000200885857104552
"GPRASP2",2.39245066666667,9.32721166666667,7.86001500417868,1.87817440771173e-05,0.000200885857104552
"KRTAP10-6",4.12950176666667,5.49785491666667,7.8518077365849,1.89458900121889e-05,0.000202044505578809
"MTHFD2",3.35006076666667,6.92497895,7.84922679324613,1.89978320732088e-05,0.000202044505578809
"NEURL",2.44442966666667,6.67607383333333,7.84749345865666,1.90328030246506e-05,0.000202044505578809
"MTMR14",3.55657706666667,4.99177356666667,7.84633626647958,1.90561890907044e-05,0.000202044505578809
"ZNF673",2.26774143333333,3.67774915,7.84332388226078,1.91172144941482e-05,0.000202044505578809
"KEL",2.2967164,3.71389306666667,7.84320973054611,1.91195311886924e-05,0.000202044505578809
"JMJD1C",-2.97280763333333,7.22900555,-7.84312536059556,1.91212436629831e-05,0.000202044505578809
"YPEL5",2.75367456666667,8.20441071666667,7.83995810323749,1.91856513568179e-05,0.000202375543105193
"SORCS2",2.26201936666667,3.74672571666667,7.83678431657117,1.92504293394739e-05,0.000202448667717207
"HAVCR2",3.884752,11.4045253333333,7.83637675588113,1.9258765055805e-05,0.000202448667717207
"IL4R",-4.73626226666667,8.01962746666667,-7.83361562099984,1.93153415396329e-05,0.000202695127855016
"DAGLA",2.4736355,6.52447881666667,7.82196058316684,1.95561629757525e-05,0.00020487089911927
"TMEM248",2.37509166666667,9.4307795,7.81674579344574,1.96649722829731e-05,0.000205345698101378
"ATP6V1H",3.56659836666667,4.85636748333333,7.81577565315768,1.96852875406047e-05,0.000205345698101378
"PHKA1",2.38539393333333,4.00021203333333,7.81496989453064,1.97021779642872e-05,0.000205345698101378
"ADIPOR1",3.4503822,8.83015356666667,7.81014165150282,1.98037200688907e-05,0.000206052992145363
"OSBPL1A",-2.44135708333333,7.38114050833333,-7.8051583734434,1.99091217409469e-05,0.000206797974212416
"XKRY2",3.0165896,3.98777066666667,7.8007719361947,2.00024061476407e-05,0.000207305946563227
"PURG",3.01138606666667,5.29888276666667,7.79967563524781,2.00257950995206e-05,0.000207305946563227
"XRCC6",3.0885307,6.86268718333333,7.79594474953724,2.01056152136597e-05,0.000207629756044196
"LY6G6C",3.41605853333333,6.73274906666667,7.79504344044916,2.01249502017339e-05,0.000207629756044196
"RFK",2.6763429,4.55311318333333,7.79080968549193,2.02160450377671e-05,0.00020821845713983
"SCYL3",2.96301076666667,5.34412285,7.7856590145253,2.03274755066205e-05,0.000209014277562192
"TM9SF1",2.42544826666667,7.88582653333333,7.78023500638845,2.04455441366484e-05,0.000209397543952737
"FAM104B",2.83845366666667,6.145873,7.77896191694605,2.0473364738196e-05,0.000209397543952737
"ARHGEF28",3.9362629,8.13232788333333,7.7788309976042,2.04762280365651e-05,0.000209397543952737
"HNRNPH3",-2.472911,10.8173898333333,-7.77685334680966,2.05195338347828e-05,0.000209397543952737
"MEI1",2.8811318,4.32820436666667,7.77610795460714,2.05358820483233e-05,0.000209397543952737
"ANAPC16",2.256206,9.40073566666667,7.76889561873582,2.0694801511913e-05,0.000210342956428763
"BTN3A1",2.36977757777778,4.8761987,7.76877991665367,2.06973618453931e-05,0.000210342956428763
"FAM110D",2.40930883333334,9.63564858333333,7.76168888225531,2.08549384695987e-05,0.000211055071891758
"MRPL47",2.95296756666667,9.76576621666667,7.76027412526499,2.088653345188e-05,0.000211055071891758
"FABP4",2.42996843333334,7.48446511666667,7.75993686263961,2.0894073055239e-05,0.000211055071891758
"MFSD4",2.25008573333334,7.41966846666667,7.75935789163739,2.09070230425741e-05,0.000211055071891758
"NFATC4",-2.39131916666667,8.83514241666667,-7.75788889817684,2.09399196858936e-05,0.000211055071891758
"FAM83C",-2.4863024,5.57172753333333,-7.74752540628355,2.11736101910549e-05,0.00021305945254749
"SPIN4",3.267909,10.4358715,7.74121715459209,2.13172492444801e-05,0.000213843613896927
"KLHDC8B",2.80728666666667,4.35351043333333,7.73865769217556,2.1375831066552e-05,0.000213843613896927
"HIST1H2BK",2.71652926666667,5.48831573333333,7.73801642565868,2.13905360792588e-05,0.000213843613896927
"SH3BGRL",2.71371966666667,10.0012175,7.73798085729142,2.13913520276102e-05,0.000213843613896927
"LOC100507003",2.7002755,5.78068141666667,7.73526855070696,2.14536732134863e-05,0.000214116758107845
"JKAMP",4.05257998333334,6.286610175,7.72559856124482,2.16774791552011e-05,0.000215880695639744
"BUD13",2.36860385,5.463417325,7.72344075878862,2.17277668926614e-05,0.000215880695639744
"CACUL1",-3.05403133333333,8.28188433333333,-7.72231002737575,2.17541694611042e-05,0.000215880695639744
"CDK5RAP3",-2.33901576666667,5.03855631666667,-7.71947891852724,2.18204294384471e-05,0.000215880695639744
"ACSF2",2.51105883333333,3.80849035,7.71847332037752,2.18440176577289e-05,0.000215880695639744
"MOAP1",2.29221416666667,3.69585188333333,7.71829451590652,2.18482147683763e-05,0.000215880695639744
"EPHB4",2.5697433,5.25293708333333,7.71705152548187,2.18774160341029e-05,0.000215880695639744
"PRKCE",-2.5531085,4.08057568333333,-7.70587546427657,2.21418926746253e-05,0.000218138646350012
"FOXA3",2.28584643333333,9.34409178333333,7.70405068321787,2.21854055176696e-05,0.000218215934014634
"NDFIP1",2.6490938,9.31845543333333,7.69624084388483,2.2372691669755e-05,0.000219704859768155
"UBE2V2",2.9888445,7.92928408333333,7.69249233884144,2.2463195599648e-05,0.00021998671034072
"CD97",2.53998536666667,4.07922618333333,7.69207455478415,2.24733072839081e-05,0.00021998671034072
"RALGAPA2",-2.98063163333333,4.63743821666667,-7.68437391463811,2.26605786519962e-05,0.000220948557038981
"CSTF2T",2.712167,10.2239908333333,7.68364733584463,2.26783359396247e-05,0.000220948557038981
"LIPT2",2.57915046666667,3.80265376666667,7.68358292992805,2.26799107258058e-05,0.000220948557038981
"SLC25A36",-2.61590666666666,8.69784683333333,-7.68140437897948,2.27332486771976e-05,0.00022111608172829
"RETN",2.28270466666667,7.00811366666667,7.67411302705879,2.29127618897663e-05,0.000222255690350154
"MINA",2.90934373333333,4.1311956,7.6736962426545,2.29230697304588e-05,0.000222255690350154
"FAM122A",2.54318276666667,9.28221961666667,7.67163854868905,2.29740344308522e-05,0.000222272801109287
"PCDHB8",2.4503229,4.18552338333333,7.67069294607824,2.29974964207549e-05,0.000222272801109287
"MBD1",2.52274226666667,4.33417103333333,7.66859473292755,2.30496499769524e-05,0.000222379311642622
"TRIM32",2.96408556666667,6.39406111666667,7.66684005107351,2.30933636893813e-05,0.000222379311642622
"BBX",-3.2778479,7.10492721666667,-7.66569034756592,2.31220548263894e-05,0.000222379311642622
"INPP5K",4.19958513333333,8.27280626666667,7.66317631234945,2.31849287191273e-05,0.000222379311642622
"CMPK1",3.02896885,8.44219865833333,7.66296354543717,2.31902583896686e-05,0.000222379311642622
"MINK1",-2.69344893333333,5.3474886,-7.65799898819541,2.33149972990793e-05,0.000223225592293845
"MLEC",-3.311349,10.7170428333333,-7.65389432904808,2.34186830801745e-05,0.000223433978526836
"RNASE2",-2.48013953333333,5.22142903333333,-7.652825525941,2.34457640221537e-05,0.000223433978526836
"OVOL1",-8.077118,11.314411,-7.65280341383909,2.34463246509037e-05,0.000223433978526836
"MS4A6A",2.66630338888889,9.34416858333333,7.65007012541962,2.35157369675758e-05,0.000223746934319796
"RTN2",2.605603,4.6014295,7.64824407363488,2.35622346924099e-05,0.000223841229577894
"INSM1",3.85634713333334,5.84270463333333,7.64559577512133,2.362984793688e-05,0.000224135518880359
"AQP5",-3.06787056666667,5.15884111666667,-7.63837874909165,2.38151807176318e-05,0.000225356445523536
"SIPA1",2.61421926666667,5.07258303333333,7.63631932391126,2.38683568527253e-05,0.000225356445523536
"FYTTD1",-3.20605883333333,7.29384391666667,-7.63549655843245,2.38896375471867e-05,0.000225356445523536
"FRRS1L",-3.8747524,6.33581396666667,-7.63446244313873,2.39164141157172e-05,0.000225356445523536
"FBLN5",3.49622713333333,4.9344108,7.633446923747,2.39427410248935e-05,0.000225356445523536
"CHD1",-3.38101106666667,5.79640396666667,-7.62539125126303,2.41527038521405e-05,0.000226769890124169
"ATRX",-2.84457671666667,7.284396725,-7.62484389141475,2.41670428834518e-05,0.000226769890124169
"LCN15",-2.7021385,5.54949958333333,-7.6202723098011,2.42871664322558e-05,0.000227548061611854
"FAM86C1",2.29585433333333,3.77996116666667,7.60943445468974,2.45745525570725e-05,0.00022988855129078
"IL1RAP",-2.83461843333333,7.02817565,-7.60225543822667,2.47669579095033e-05,0.000231136184624148
"STOML1",2.1458619,8.77544505,7.60164176447886,2.47834810580976e-05,0.000231136184624148
"RPA2",2.64763796666667,6.93804251666667,7.59994664876729,2.48291844779723e-05,0.000231209970526993
"CLU",2.5089399,6.08699441666667,7.59590862593012,2.49384275288648e-05,0.000231874315534339
"SLC2A9",2.21701273333333,3.76559263333333,7.59081647743024,2.50769361173583e-05,0.000232808338643396
"LPXN",2.36656773333333,3.7522574,7.58918342898043,2.51215331488954e-05,0.000232868999704458
"IRF9",2.83415673333334,8.71601096666667,7.58365320054899,2.5273201868118e-05,0.00023363242708809
"ADORA1",2.40737533333333,4.03882086666667,7.58339651057673,2.5280265892827e-05,0.00023363242708809
"C9orf153",-2.4181654,6.83251796666667,-7.58024575438432,2.53671492537224e-05,0.000233925713590124
"SPAG9",-2.90546276666667,5.49643073333333,-7.5794742869885,2.53884723478003e-05,0.000233925713590124
"LIMS1",-2.34817091111111,7.38032242222222,-7.57561126155684,2.54955393276322e-05,0.000234558961814216
"ATP1B3",3.14085623333334,8.48992988333333,7.57011208763064,2.56488034783865e-05,0.000235614684205358
"ZNFX1",-3.0777674,5.84385563333333,-7.56769321735261,2.57165361346691e-05,0.000235882710752482
"RSPO3",-2.23034946666667,8.2129326,-7.5646879209764,2.58009615006409e-05,0.000236302818055271
"PRCP",2.9615406,5.77708903333333,7.55170741515662,2.61690988157222e-05,0.000239047544664803
"GPR137",2.74198533333334,10.3126926666667,7.55136829710367,2.61787928939879e-05,0.000239047544664803
"ABHD6",2.44960866666667,6.11887383333333,7.54914020518286,2.62425828811618e-05,0.000239272909190683
"DUSP26",-4.1323415,8.29295225,-7.54593021009058,2.63347826912809e-05,0.000239569955500227
"C9orf66",3.2230665,5.95283158333333,7.54528080545066,2.63534782693123e-05,0.000239569955500227
"SLC6A16",2.4030773,4.08658758333333,7.54018416363135,2.65007077308137e-05,0.000240550934565457
"CYP26A1",2.47373366666667,3.7729328,7.5311281583809,2.67645300751964e-05,0.000242365696567687
"PSMG2",2.90272046666667,8.92787276666667,7.5306047825304,2.67798644785479e-05,0.000242365696567687
"NKX2-5",-2.27437311666667,7.96580249166667,-7.51997678456259,2.70933351006193e-05,0.000244840508339127
"MEFV",-2.44564606666667,4.11952573333333,-7.51668225042952,2.71913169611849e-05,0.000245363535646798
"NRM",2.546965,8.29096483333333,7.5076944524026,2.74605899820352e-05,0.000247120082373126
"KRTAP5-9",3.1287183,4.55536291666667,7.50748953714004,2.74667629966861e-05,0.000247120082373126
"VASH2",-2.70391543333333,6.22896106666667,-7.50407858814536,2.75697392845668e-05,0.000247326490286752
"GIT1",-2.42281436666667,4.64167048333333,-7.50405156532875,2.75705567792685e-05,0.000247326490286752
"TAGLN",3.73488233333334,9.19565416666667,7.50204503280243,2.76313323043028e-05,0.000247508771651134
"ROCK1",-2.48244933333333,6.95189366666667,-7.49770039538768,2.77634272062179e-05,0.000247594616612219
"AQP3",5.3176272,7.33160706666667,7.49627733871042,2.78068434971011e-05,0.000247594616612219
"PSMB11",3.6514669,9.71930955,7.49621147040565,2.78088548758005e-05,0.000247594616612219
"GAS7",2.35867686666667,8.88792056666667,7.49517326004218,2.78405790014808e-05,0.000247594616612219
"GOLGA6L9",-2.50645076666667,7.70745628333333,-7.49508541157113,2.78432651567843e-05,0.000247594616612219
"TAF7",2.33953186666667,7.75598173333333,7.4904421394272,2.79856459284494e-05,0.000248499538157116
"RPL27A",3.97114813333334,6.12344926666667,7.48763181171798,2.8072206805869e-05,0.000248906900345372
"CDC42",2.1150238,11.85093585,7.48622060740783,2.81157832987395e-05,0.000248932506833124
"FAM208B",-2.17654246666667,5.34973056666667,-7.48381135070403,2.81903490349786e-05,0.000249076666482129
"CSPG4",2.33684453333333,5.6365707,7.48306507641984,2.82134896816142e-05,0.000249076666482129
"EGFL8",2.7325833,4.63555421666667,7.4801717410254,2.8303402793339e-05,0.000249465213219109
"MCCD1",2.7683572,4.64631106666667,7.4790273324713,2.83390524987383e-05,0.000249465213219109
"ADH1C",3.3488083,6.64267895,7.46116544486937,2.89018603124375e-05,0.000253618660159826
"ZNF300",2.982645,5.2538629,7.46100036982539,2.89071181035938e-05,0.000253618660159826
"NDUFB1",2.430885,13.3495741666667,7.46011786650264,2.89352443268321e-05,0.000253618660159826
"C14orf1",3.20131853333334,8.37673306666667,7.45823906218632,2.89952229826125e-05,0.00025378079285783
"GOPC",-3.22601993333333,8.9648292,-7.4537957715931,2.91376096226335e-05,0.000254437373522152
"IL6ST",-4.15138371111111,6.99995347777778,-7.45298601554258,2.91636404895368e-05,0.000254437373522152
"DNA2",3.6520925,11.3548389166667,7.45201141067447,2.91950042844967e-05,0.000254437373522152
"NOX4",2.51418655,4.63764510833333,7.4410513252428,2.95502529501487e-05,0.000256748695888755
"GCH1",2.83389285,6.80679609166667,7.44053178624595,2.95672092581044e-05,0.000256748695888755
"KCNIP2",2.62213063333333,10.4445137944444,7.43995300437711,2.95861115726662e-05,0.000256748695888755
"ATP13A2",2.68368706666667,4.54651026666667,7.43665828605507,2.96939641877301e-05,0.000257236439468968
"DGCR14",2.34685,11.9346093333333,7.43566973905549,2.97264077647205e-05,0.000257236439468968
"SLC35C2",2.6754912,4.37218646666667,7.43386355163612,2.97857856499179e-05,0.000257275103754897
"BRPF3",2.6214202,6.9609259,7.43227744639378,2.98380349698696e-05,0.000257275103754897
"RPL36",3.14866266666667,12.6265726666667,7.43117577618867,2.98743848429492e-05,0.000257275103754897
"RNPEP",3.13922883333333,4.62824998333333,7.43042802776562,2.98990844671023e-05,0.000257275103754897
"MSL3",2.58929083333333,9.91385041666667,7.42248592766599,3.01628054274812e-05,0.00025917983652434
"DDX56",2.3451453,7.73433568333333,7.41977172701696,3.02535118253157e-05,0.00025936427227627
"PDLIM1",2.20711616666667,13.4769610833333,7.41930746148233,3.02690569475738e-05,0.00025936427227627
"KDM2B",2.34871866666667,9.58902666666667,7.41585890719703,3.03847985278976e-05,0.000259991884466682
"C18orf8",2.270151,9.86814416666667,7.41266370340668,3.04924674883765e-05,0.000260548765494256
"TRAM1L1",2.6401828,7.3621416,7.40934768483515,3.06046472279056e-05,0.000261142582622492
"SLC30A5",2.582899,7.8685515,7.40335348176681,3.08085716271093e-05,0.000262516491942416
"RPL21",2.8949705,12.95303975,7.40185748909112,3.08596961996474e-05,0.00026258639965152
"PRRX1",2.37539283333333,8.13800575,7.39589530967878,3.10643698588691e-05,0.000263960853884113
"RABL2B",3.69085216666667,9.78940975,7.39233112399958,3.1187429508746e-05,0.000264638964957709
"TRUB2",2.8649303,4.52238728333333,7.38960032603022,3.1282074315232e-05,0.000265074419197492
"HIP1R",2.49154593333333,5.60546683333333,7.38766371611817,3.13493835204995e-05,0.000265136566221453
"TMEM87B",3.67339313333334,5.55405686666667,7.38689678590528,3.13760826976679e-05,0.000265136566221453
"FAXC",2.25846613333333,4.17239613333333,7.37960000859966,3.16313482883206e-05,0.000266924950107511
"AXL",2.13235171666667,6.909491425,7.3747576818143,3.18019973380769e-05,0.000267284786897485
"ASTN1",2.54751343333333,4.51634015,7.37409134325101,3.18255582466118e-05,0.000267284786897485
"SLAIN2",-3.144162,9.57239666666667,-7.37400560112814,3.18285913626116e-05,0.000267284786897485
"CSTF1",3.3422347,5.31743748333333,7.37131315891328,3.19239965102817e-05,0.000267284786897485
"CAMKK2",2.15715983333333,8.89806491666667,7.37064869194218,3.19475894101874e-05,0.000267284786897485
"CGRRF1",2.203811,9.87783816666667,7.36991475120338,3.19736711573114e-05,0.000267284786897485
"KCNC4",-2.44020733333333,6.3307929,-7.36878482753054,3.20138701354906e-05,0.000267284786897485
"C7orf26",2.21434753333333,3.7194954,7.36851448924974,3.20234960437818e-05,0.000267284786897485
"TMEM168",2.99980413333334,5.4116442,7.36231971599885,3.22449387969567e-05,0.000267841873459988
"EPAS1",-2.8009399,6.05159671666667,-7.36173882541383,3.22657890991545e-05,0.000267841873459988
"LOC283710",-7.27605586666667,8.2340834,-7.36081725838292,3.22988976686964e-05,0.000267841873459988
"IFNGR2",2.444916,10.1114836666667,7.36060305727786,3.23065984383443e-05,0.000267841873459988
"C3orf20",2.2287576,3.7268142,7.36053244686454,3.23091374000443e-05,0.000267841873459988
"STRADA",2.40879408333333,3.94661620833333,7.35879323723975,3.23717433831182e-05,0.000267997734800971
"ANGPTL3",-3.12791206666667,5.98525436666667,-7.35427153735215,3.25351292987293e-05,0.000268630584288618
"CAMKMT",2.39545726666667,6.45463196666667,7.35424743954875,3.25360024448948e-05,0.000268630584288618
"IAH1",2.18818773333333,7.03627746666667,7.34423088700037,3.29011563224893e-05,0.00027127934552694
"C16orf5",2.2843117,6.38244085,7.34007373597626,3.30540140352771e-05,0.000271981648691556
"TMEM246",3.07101923333334,4.98474148333333,7.33949800070244,3.307524462676e-05,0.000271981648691556
"SNX15",2.32920803333333,6.38772135,7.33641679444572,3.31891187160154e-05,0.000272551715845077
"SWAP70",-2.80196923333333,8.43956105,-7.33469007149353,3.32531209464618e-05,0.000272711251944308
"RHOT1",2.4253384,7.82045224444444,7.3288890213065,3.34691273434476e-05,0.000273949722449106
"MARCH6",-2.12690796666667,6.22652498333333,-7.32823196494975,3.34936895050558e-05,0.000273949722449106
"PPP1R12A",-3.38857183333333,10.70260575,-7.32636247916337,3.3563682304808e-05,0.000274155685368244
"SLITRK5",2.47771263333334,7.75737051666667,7.32192233899615,3.37305586533386e-05,0.000274966979238395
"HSD11B1L",2.78160476666667,6.20682005,7.32132988771047,3.37528933324673e-05,0.000274966979238395
"CHD5",2.16462633333333,3.77901903333333,7.31526490538015,3.3982464283238e-05,0.00027646903787879
"LHFP",2.97794376666667,6.08962975,7.31203941665546,3.41052472601252e-05,0.00027657896031317
"SYK",-2.23651218333333,9.246843425,-7.31158872700774,3.41224418587336e-05,0.00027657896031317
"HSPD1",3.09978036666667,7.07013115,7.31134884175371,3.41315977503177e-05,0.00027657896031317
"GRIN2C",3.04413733333334,11.974545,7.30738584982548,3.42832442462956e-05,0.000277440328437615
"ATP1B4",2.26999113333333,3.82522353333333,7.29913044177378,3.46015043935798e-05,0.000279286093469328
"GORAB",2.51999496666667,5.05802701666667,7.29860081395631,3.46220319961667e-05,0.000279286093469328
"C19orf42",2.82578256666667,5.32314135,7.29792422856356,3.46482747537136e-05,0.000279286093469328
"C10orf120",2.79563003333334,5.68474425,7.29445486051323,3.4783182081078e-05,0.000279886830452359
"MMP16",3.47769653333334,5.5248128,7.29265932677022,3.48532264298801e-05,0.000279886830452359
"PSMA1",2.3031614,7.63962413333333,7.29248470807317,3.48600465519283e-05,0.000279886830452359
"RPL41",2.5625265,10.3791450833333,7.28003155096036,3.53502000485371e-05,0.000283450227912123
"GPR50",2.31219443333334,7.25571478333333,7.27648751303768,3.54910606292823e-05,0.000284179227391214
"CAPN14",-2.56032066666667,4.4466425,-7.27439656360565,3.55744536366106e-05,0.000284179227391214
"HEATR2",2.21435316666667,5.39906741666667,7.27264533167594,3.56444619281394e-05,0.000284179227391214
"VMA21",2.87490043333333,5.34491055,7.27210697887498,3.56660135754301e-05,0.000284179227391214
"SIRT2",3.11102586666667,5.1496696,7.27192342557735,3.56733649291357e-05,0.000284179227391214
"APH1B",2.40079218333334,6.27948300833333,7.26866757019772,3.58040372720926e-05,0.000284849284825309
"C4orf48",2.50774066666667,12.2068584166667,7.26671529618455,3.58826408203917e-05,0.000285103891609294
"IFIT1",2.53667616666667,6.64373918333333,7.26379620276993,3.60005217082348e-05,0.000285669509482465
"RPL26",3.659393,10.3647245,7.25801352597864,3.62352887300016e-05,0.000286854699967396
"SENP8",2.1683152,3.76742463333333,7.25703985310655,3.62749819289621e-05,0.000286854699967396
"MDH1",2.9819379,9.40047605,7.25614774940048,3.63113914015408e-05,0.000286854699967396
"KLK3",-2.12328333333333,6.85534133333333,-7.25490194587514,3.63623030360607e-05,0.000286854699967396
"LRRC3",2.25248316666667,9.90518091666667,7.25436387086417,3.6384316308385e-05,0.000286854699967396
"PPFIBP2",-3.238903,5.78846816666667,-7.25308231242851,3.64368048033809e-05,0.000286898805388783
"KLHL13",2.35373393333333,3.77471076666667,7.24806529456297,3.66430801431667e-05,0.000288152139223514
"DBI",3.02069563333333,7.52896925,7.24491929201754,3.67730768057717e-05,0.000288803188572158
"HADHB",2.254423,9.85433916666667,7.23409465590471,3.72242140619209e-05,0.000291484996051469
"FOXL1",2.89112586666667,7.28775406666667,7.23349203960157,3.72495056863285e-05,0.000291484996051469
"MEF2C",-2.19321556666667,5.00359625,-7.23330211363952,3.72574806983081e-05,0.000291484996051469
"OR1D5",2.1958629,7.99284388333333,7.23048467935997,3.73760036383588e-05,0.000291806539296495
"TMEM229A",2.23678013333333,3.685866,7.23005837503834,3.73939729990931e-05,0.000291806539296495
"EFHC1",3.83181576666667,5.25831265,7.22624493722588,3.75551340650657e-05,0.000292690841031939
"WNT3A",-4.78204996666667,9.58948368333333,-7.22479266029287,3.76167079405117e-05,0.000292797734325764
"SEC63",-2.194027,9.3207245,-7.22137440824,3.7762069748932e-05,0.000293508201981902
"SLC2A5",2.0754136,7.70068475,7.22039262603688,3.78039331745242e-05,0.000293508201981902
"ANXA2",3.00302633333333,12.2380478333333,7.21893062829752,3.78663667658332e-05,0.000293593046047482
"PCDHB14",2.9535666,4.3628667,7.21789085355463,3.79108379172133e-05,0.000293593046047482
"CUTA",2.06710301111111,8.97937416111111,7.21627650099611,3.79799964554104e-05,0.000293756786743617
"HPS3",2.4311972,7.37368773333333,7.21089218929772,3.8211653996362e-05,0.000295049593510789
"KCNC3",2.62648866666667,10.9167283333333,7.2095655132743,3.82689695090719e-05,0.000295049593510789
"EIF4E3",2.05501976666667,3.84846568333333,7.20903711338536,3.82918236756401e-05,0.000295049593510789
"ASB6",2.47589148333333,5.87520019166667,7.20124103837607,3.86307490832968e-05,0.000297286695461144
"SFRP2",2.42112166666667,8.38055166666667,7.19831068170635,3.87589861719207e-05,0.000297898840954536
"SLC4A1",-3.09798433333333,5.4909866,-7.19604273860414,3.88585530684966e-05,0.000298289369727807
"EXD2",-2.41204113333333,4.991939,-7.19352830442907,3.8969266926253e-05,0.000298764379767939
"MYL12B",2.659354,12.2057213333333,7.19145059460741,3.90610103227078e-05,0.000299092942621184
"EID2B",2.65688063333333,6.89747721666667,7.19008805093527,3.91213024527161e-05,0.000299180160507147
"PHLPP1",-3.6449465,8.86478041666667,-7.18607194673764,3.92996038750052e-05,0.000300142813031695
"DERL2",2.26845123333334,7.89032071666667,7.18504590282423,3.93452984719548e-05,0.000300142813031695
"XRCC3",2.56685396666667,5.14527131666667,7.1810970720501,3.95216989202583e-05,0.00030098464692229
"C2CD4B",-2.4379104,4.9823557,-7.18037503488546,3.95540464409155e-05,0.00030098464692229
"C9orf50",-2.20841723333333,4.83064051666667,-7.17708305388787,3.97018939941888e-05,0.000301192835669245
"GPR161",2.07157366666667,9.16982583333333,7.17666631802336,3.97206530453676e-05,0.000301192835669245
"NANS",-2.08310083333333,10.5424974166667,-7.17647879321636,3.97290974803989e-05,0.000301192835669245
"ASB12",-5.916787,13.5956208333333,-7.17517353948489,3.97879285587751e-05,0.000301265528369537
"RARB",2.28396216666667,5.18049028333333,7.17256625925432,3.99057293232852e-05,0.000301445119263894
"SUCLG2",2.2264243,8.18536968333333,7.17246768080866,3.99101906838434e-05,0.000301445119263894
"NKX1-2",-6.12574786666667,8.89258506666667,-7.17070994817353,3.99898315189036e-05,0.000301674216069855
"TYSND1",2.33165396666667,3.87843258333333,7.16605271432657,4.02016829040026e-05,0.000302898886707743
"RPLP1",2.25262166666667,15.6975621666667,7.16280889141484,4.03499616508154e-05,0.000303642146838486
"UBD",2.48456956666667,5.83525211666667,7.15661714946085,4.06346481363632e-05,0.000305408817319742
"IGFLR1",2.17556813333333,7.3156596,7.15405716713489,4.07529901595793e-05,0.000305922446375836
"NME2",2.73945833333334,10.9632371666667,7.15194310841633,4.08510009577286e-05,0.000306282382180617
"GRM8",2.08351306666667,3.8672183,7.15027731170738,4.09284103891365e-05,0.000306460376256296
"PRIMA1",2.27015406666667,3.78751526666667,7.14927801002104,4.09749244487822e-05,0.000306460376256296
"CNNM1",-8.9682801,11.36821895,-7.14720905732426,4.1071410043753e-05,0.000306806943403762
"IQGAP2",-3.23171713333333,5.111124,-7.14468402660857,4.11894999857751e-05,0.000307313854771917
"MRAS",-3.0070991,6.58119945,-7.14186655894996,4.13217028728625e-05,0.000307924699361964
"COL15A1",4.48615196666667,6.31659101666667,7.13632186372908,4.15832249132377e-05,0.000309496557200959
"MIF4GD",2.14055596666667,3.54975385,7.13480383080321,4.165513838904e-05,0.000309655087076727
"SPHAR",2.11001433333334,11.6101288333333,7.128882369647,4.19369509159096e-05,0.000310777045701185
"TM6SF1",2.38770868333334,7.55183565833333,7.12732865398689,4.20112380552997e-05,0.000310777045701185
"FEZ1",2.04652906666667,8.25882213333333,7.12723829370259,4.20155628166409e-05,0.000310777045701185
"ZNF626",2.91811183333334,7.10847191666667,7.12651549301874,4.20501744440612e-05,0.000310777045701185
"BMP4",2.13375166666667,9.6981855,7.12630935167308,4.20600512979047e-05,0.000310777045701185
"TGFBR2",-3.14494101666667,6.80096349166667,-7.12396704294363,4.21724558543345e-05,0.000310911908499632
"SLC25A5",2.84040766666667,10.0935765,7.12381129023669,4.21799418199893e-05,0.000310911908499632
"TMEM66",2.40167916666667,9.69965958333333,7.12034476107945,4.23469289110208e-05,0.000311479853015097
"CRTAP",2.47861543333333,5.52049571666667,7.12009855638816,4.23588162321936e-05,0.000311479853015097
"TMEM87A",3.43690863333333,6.33167611666667,7.11828882751096,4.24463055657921e-05,0.000311748496340355
"MED22",-2.59676466666667,4.96616766666667,-7.11551859385263,4.25806105293485e-05,0.000312025882808306
"PHF12",2.55547616666667,5.30219981666667,7.11540606480873,4.25860758654684e-05,0.000312025882808306
"B3GNT6",2.24122533333333,5.42657616666667,7.11384303069234,4.2662068646818e-05,0.000312028109695463
"C19orf35",-6.3243907,9.27910165,-7.11330249597096,4.26883831015206e-05,0.000312028109695463
"DDT",2.27656766666667,8.82040083333333,7.11020768857343,4.28393857721776e-05,0.000312454920211656
"SLC39A13",2.3743324,7.81658496666667,7.11001273110281,4.28489176295488e-05,0.000312454920211656
"FAU",2.29533283333334,11.9850385833333,7.1052824926324,4.3080897062555e-05,0.000313290313960444
"PSMC5",2.98103416666667,4.28034528333333,7.10475363123198,4.31069181931264e-05,0.000313290313960444
"SEMA4A",2.10672036666667,7.49428415,7.10378200815536,4.31547687411192e-05,0.000313290313960444
"C2CD2",2.43265316666667,3.72666018333333,7.10350721395937,4.31683123028202e-05,0.000313290313960444
"BET1",2.4168415,8.26342125,7.10095099033399,4.32945206905383e-05,0.000313317839534444
"RAB3C",2.4194198,4.38796476666667,7.1008696560829,4.32985429899045e-05,0.000313317839534444
"DENND2A",2.2977926,6.91291636666667,7.09997112523398,4.33430059500443e-05,0.000313317839534444
"AGR2",-2.22382266666667,10.8984026666667,-7.09831138508792,4.34252673321624e-05,0.000313317839534444
"CYP2C8",2.5829397,6.35627131666667,7.09825293529489,4.34281673627343e-05,0.000313317839534444
"CEP170",-2.77852176666667,7.43156455,-7.09603940061842,4.35381488009583e-05,0.000313741336118095
"ELK4",1.99364413333334,5.66758793333333,7.09296703786703,4.36913043978905e-05,0.00031447458859564
"DYNLL1",2.84163933333333,13.649806,7.09082958866164,4.37982007854839e-05,0.000314617683771087
"CSNK2B",2.25561483333334,12.8962264166667,7.09051345650928,4.38140350724038e-05,0.000314617683771087
"KDELR2",2.55693408333334,10.587801875,7.08834270341757,4.39229311497052e-05,0.000315029886018636
"CATSPERB",-2.75093783333333,4.19317271666667,-7.08555807166479,4.40630538816223e-05,0.00031566482862736
"STAT5A",-2.81893123333333,4.61299468333333,-7.07992034138226,4.43482359851607e-05,0.000317268585537599
"GINS3",2.79200806666667,4.79595793333333,7.07811403088904,4.44400316736542e-05,0.000317268585537599
"LSM5",2.8145395,10.1229165,7.07806563592033,4.44424939205169e-05,0.000317268585537599
"SAMD13",2.08401043333333,6.97637355,7.07599053113278,4.45482111786644e-05,0.00031765262936022
"PPT2",-2.39222533333333,5.40732115,-7.07287359573896,4.47075194685871e-05,0.000318417466948563
"CTAGE1",3.323512,7.36186133333333,7.06923055997198,4.48945029987967e-05,0.000319205990767264
"BPTF",-2.9437779,7.15978305,-7.06868491286818,4.49225822246836e-05,0.000319205990767264
"ZNF347",-2.21715456666667,5.19821218333333,-7.06521109349739,4.51017950258694e-05,0.000320107635694047
"FAHD2A",2.5606837,5.45350701666667,7.06301682137869,4.52153972678337e-05,0.000320496062843359
"NBPF10",-3.00556533333333,10.9133103333333,-7.06213200327399,4.52612942622854e-05,0.000320496062843359
"GTF2H2C",-2.9410303,4.28179325,-7.06090849669052,4.53248431093611e-05,0.000320575017506441
"ZBED3",2.21017453333333,8.29174006666667,7.05769476796365,4.54922267400009e-05,0.000321387347800607
"REPIN1",2.34503146666667,7.76730626666667,7.05496291852922,4.56350410152189e-05,0.000322024430139687
"SPESP1",2.07190536666667,6.18463231666667,7.05343020207106,4.57153811313926e-05,0.000322176070222617
"WHAMM",2.72023843333333,4.35312011666667,7.05254499212007,4.57618510989628e-05,0.000322176070222617
"KCTD13",2.5066189,5.09962955,7.05042557848213,4.58733207324743e-05,0.000322309808995765
"RGMA",-2.15416766666667,4.57334503333333,-7.05018083776959,4.58862117743235e-05,0.000322309808995765
"SLC46A3",2.31192843333333,7.07299873333333,7.04568041674409,4.61239628640644e-05,0.000323608262388012
"DESI2",-2.8005889,8.23109721666667,-7.04400322349862,4.62129091560921e-05,0.000323860914337883
"RGS13",2.9717455,5.09326798333333,7.04094955702731,4.63753331919174e-05,0.000324325799460213
"UGT1A6",3.456595,5.58088668333333,7.04076313951252,4.63852688015179e-05,0.000324325799460213
"KLRD1",2.2389043,3.59892801666667,7.03885353717841,4.64871795062754e-05,0.000324667310752732
"MINPP1",3.1094573,7.1425006,7.02963978005703,4.69823291205525e-05,0.000326960911163781
"MITF",-2.44592053333333,5.51594977777778,-7.0291917827177,4.70065504133941e-05,0.000326960911163781
"CSMD2",2.6122466,3.85650866666667,7.02854182358664,4.70417150633128e-05,0.000326960911163781
"DIRC2",3.08886243333334,7.34209245,7.02849103336663,4.70444641647091e-05,0.000326960911163781
"GTF2H5",2.96984453333333,9.83719906666667,7.02720040832386,4.71143799676776e-05,0.000326960911163781
"MLL3",-3.5638224,6.84338813333333,-7.02640610423507,4.71574652240977e-05,0.000326960911163781
"COMMD6",2.10258291666667,14.3339909583333,7.0258126527639,4.71896836478618e-05,0.000326960911163781
"METTL10",1.99841466666667,9.43074566666667,7.02300014584119,4.73427003310818e-05,0.000327650045956514
"SDF2",2.8885411,5.11512385,7.01786000357137,4.76237501610195e-05,0.000329222715802392
"UCP3",2.42697403333333,6.01778891666667,7.01679043660406,4.76824591335989e-05,0.000329256529322075
"VDAC1",3.64723253333333,6.31583243333333,7.01219306767343,4.79357084924451e-05,0.000330632090819368
"GOT1",3.28434496666667,6.79018218333333,7.00943502082738,4.80883392812784e-05,0.000330692017535939
"SDK2",-2.8420234,4.79491913333333,-7.00859103039972,4.81351514160891e-05,0.000330692017535939
"SLPI",3.00320016666667,13.81740225,7.00856450047434,4.81366237080838e-05,0.000330692017535939
"CHM",-2.74560946666667,5.24824728333333,-7.00813247610339,4.81606060190458e-05,0.000330692017535939
"COMMD4",2.53471343333333,4.23069308333333,7.00093571105775,4.85620262583148e-05,0.000333074525390549
"PRAMEF10",2.85887203333334,5.05769621666667,6.99305447524188,4.90058035529871e-05,0.000335741888171529
"IGLL1",2.4444616,4.4053259,6.9905250684125,4.91491629608477e-05,0.000335870186216471
"EPHA4",-3.1322528,7.92048793333333,-6.98980110095362,4.91902792302964e-05,0.000335870186216471
"SOWAHA",2.79574323333334,6.76007838333333,6.98964713894158,4.91990280142289e-05,0.000335870186216471
"MTMR11",2.11958873333333,8.03609166666667,6.98885398866296,4.92441250467758e-05,0.000335870186216471
"TERF2",2.90171926666667,5.03252573333333,6.98226049298092,4.96207636760681e-05,0.000338062173908892
"TSPAN6",2.77442966666667,8.61887483333333,6.98087047563932,4.97005644421341e-05,0.000338229202733011
"TATDN3",2.40339525,6.50555525833333,6.97931586111309,4.97899800813599e-05,0.000338461220153067
"ZNHIT1",2.55273503333333,6.75238181666667,6.97726184810447,4.99083876186933e-05,0.000338889584296521
"LPAR6",3.76898773333334,10.3888771333333,6.97141116367821,5.0247343163996e-05,0.000340812910728744
"CAPN12",-4.8204228,7.3423256,-6.96725561469791,5.0489612308545e-05,0.000341953392572944
"IFITM10",2.79525126666667,4.98871746666667,6.96655444591213,5.05306156553854e-05,0.000341953392572944
"PCBP2",2.08733141666667,10.072198625,6.96565669440098,5.05831677473871e-05,0.000341953392572944
"UBE2D1",2.32513093333334,8.5843602,6.95781671617358,5.10446340178149e-05,0.000344672588650658
"SPEN",-2.11269113333333,3.70584396666667,-6.95691373355368,5.10980774609589e-05,0.000344672588650658
"CCNB1IP1",2.18520163333333,8.65859918333333,6.9541099240502,5.12644103498897e-05,0.00034541372524298
"ALG10",2.972413,5.0199315,6.94835211476552,5.16078348564961e-05,0.000347017424827564
"NDUFAF2",3.0578715,5.95936458333333,6.94760994085329,5.16522835079192e-05,0.000347017424827564
"LRRC45",-6.72757883333333,8.15637641666667,-6.94727119383373,5.16725848345719e-05,0.000347017424827564
"RPL12",2.723403,10.1134588333333,6.94066427501763,5.20702814762606e-05,0.000349304804903248
"ATOH7",2.70015143333333,4.53909601666667,6.93771953657253,5.22486080968261e-05,0.000350117178900747
"AP5M1",2.89173256666667,6.31970458333333,6.93498271411876,5.24149392574169e-05,0.000350847481812775
"PABPC4",2.16582283333334,7.72914863888889,6.93286459907974,5.25440634874146e-05,0.000351327410290713
"C12orf66",2.26707283333333,5.85275758333333,6.93124966392608,5.26427452969885e-05,0.000351590094987632
"KIF13A",-2.21098636666667,5.03058548333333,-6.92978643539282,5.27323309696002e-05,0.000351590094987632
"RRBP1",-3.35569906666667,6.7663288,-6.92940429470772,5.27557546908543e-05,0.000351590094987632
"TDRD1",-2.31099233333333,3.86656386666667,-6.92425171595286,5.3072694504103e-05,0.000353206743705777
"FOXP2",2.32210676666667,5.41534571666667,6.92299537034592,5.31502869820286e-05,0.000353206743705777
"ATP2A2",2.40229545,10.5289284416667,6.92215475420478,5.32022726804954e-05,0.000353206743705777
"ANXA11",2.03067616666667,9.94174525,6.92171870421017,5.32292608199945e-05,0.000353206743705777
"CLEC10A",2.54022245,5.41696529166667,6.91699222219655,5.35227506074382e-05,0.000354319274814667
"NHS",2.08375166666667,8.7216529,6.91676462391289,5.3536927596278e-05,0.000354319274814667
"NSA2",2.29483483333333,10.8414760833333,6.91572806307451,5.36015461330217e-05,0.000354319274814667
"NRXN3",-2.01170156666667,4.56957711666667,-6.91529481994903,5.36285793524651e-05,0.000354319274814667
"PCDHB3",1.99569783333333,7.67760558333333,6.90903876603999,5.40205972369044e-05,0.000356524286834284
"TRIM41",2.91323113333333,6.83688375,6.90726156082258,5.41325281457893e-05,0.000356878024995624
"ELMO1",-2.22529235,5.30470979166667,-6.90175323139242,5.44810552751787e-05,0.000358789123975827
"WDR52",-2.34760536666667,7.68714065,-6.89518723349961,5.48996941831515e-05,0.000361157343024216
"PFN2",2.37722866666667,6.13830668333333,6.89027136231611,5.52154121718599e-05,0.000362840445435547
"CCL20",-2.5704624,8.16318488333333,-6.88933146441074,5.52760008336333e-05,0.000362840445435547
"TENC1",2.7112072,4.56286473333333,6.88612356566078,5.54833365546768e-05,0.000362840445435547
"ABL2",-2.43363673333333,6.06067406666667,-6.88612279185428,5.54833866698821e-05,0.000362840445435547
"NSUN5",2.49869293333333,4.36269553333333,6.8858806434781,5.54990717099323e-05,0.000362840445435547
"PRKRA",2.0617721,4.93312328333333,6.88569059205679,5.55113855717018e-05,0.000362840445435547
"CYP1B1",-2.33306806666667,8.15906196666667,-6.88380262907682,5.56338723798277e-05,0.000363252968217488
"LIF",2.148565,10.8272141666667,6.88255091113436,5.5715242972986e-05,0.000363396435510372
"IGFBP3",2.53534203333333,5.73585285,6.87886007758493,5.59559274946646e-05,0.000364466272689906
"SLC1A6",-2.9143341,6.39353828333333,-6.87811974527579,5.60043415695856e-05,0.000364466272689906
"EPB49",2.10761246666667,4.77960598333333,6.87730023344673,5.60579866951948e-05,0.000364466272689906
"CCL19",-2.99469076666667,7.02576068333333,-6.87124071236825,5.64563796405811e-05,0.00036666680535146
"ZFY",-2.26912536666667,4.17656796666667,-6.86885160738568,5.66143001394825e-05,0.000367302532612253
"CDC20",2.156234,10.317826,6.86280778818786,5.70159459443418e-05,0.000369516480177419
"ATF5",2.29058046666667,7.60624043333333,6.86150325302262,5.71030453962632e-05,0.000369689345750622
"TTC30A",2.44994346666667,7.49144326666667,6.85763942042884,5.7361870157775e-05,0.000370752433752801
"RNF183",-6.42828883333333,12.9530609166667,-6.8564921810828,5.743896503026e-05,0.000370752433752801
"NDRG3",3.05327408333333,5.082205075,6.85605001580333,5.74687087462422e-05,0.000370752433752801
"MLLT1",-2.63128143333333,5.65263975,-6.85544174555566,5.75096534212828e-05,0.000370752433752801
"CDHR2",2.43393623333333,4.37155425,6.85164858178523,5.7765700174189e-05,0.000372011109121777
"NKD1",2.094931,3.67149993333333,6.84935062940986,5.7921419382376e-05,0.000372621707446242
"ITM2B",2.12895083333334,15.3937145833333,6.84817220663833,5.80014513262868e-05,0.000372744621023343
"TRIM55",2.5278625,8.22513183333333,6.8461840172925,5.81367506903423e-05,0.000373222078408724
"PCDHB15",2.19486983333333,7.41319608333333,6.84299274865601,5.83546391291403e-05,0.000374228178398407
"ATF4",2.85811813333334,5.3637795,6.8367420410576,5.87839910900894e-05,0.000376586866480803
"ASNS",3.44267408333333,5.395280475,6.83480785773054,5.89175418783785e-05,0.00037704761633046
"DHCR7",3.05673226666667,4.40500613333333,6.83206645470057,5.91073944513364e-05,0.000377221650876174
"SPEF2",-2.4193936,5.9141218,-6.83185864477936,5.91218131617931e-05,0.000377221650876174
"FAM98C",2.04467986666667,7.27787873333333,6.83174486089766,5.91297095767001e-05,0.000377221650876174
"FAM153B",-2.2411243,5.17998575,-6.83064437298909,5.92061408082689e-05,0.00037731580152603
"TAF5L",-2.0517113,4.44696631666667,-6.82821032236761,5.93755724233695e-05,0.000378001823190608
"KLHDC9",2.2237088,5.78363276666667,6.82593692976644,5.9534296769278e-05,0.000378552752829257
"SMYD5",2.04121763333333,3.55930785,6.82519978980577,5.95858615519082e-05,0.000378552752829257
"NT5DC2",1.94518926666667,8.4093697,6.8216061500112,5.98379416343042e-05,0.000379553999697313
"CNTRL",-4.0137029,6.11322055,-6.82118527688744,5.98675399980234e-05,0.000379553999697313
"MRPS27",2.31202246666667,6.62960743333333,6.81402841194091,6.03732974434124e-05,0.000382364217141612
"NKTR",-2.76137526666667,7.42208853333333,-6.811746030519,6.05355624381314e-05,0.000382995419851591
"CLEC4F",3.30838043333333,5.40909098333333,6.80964303237019,6.06854937951757e-05,0.000383547366775708
"ZNF295",-2.2189694,4.63181553333333,-6.80868999107578,6.0753572835515e-05,0.000383581381432075
"TSC22D2",-2.68797096666666,6.54016775,-6.80378732843043,6.11051009933597e-05,0.00038540310090451
"EEF1A1",2.53257916666667,7.42940841666667,6.80279034718591,6.11768560800962e-05,0.000385458296084479
"DAD1",1.92564233333334,13.0500581666667,6.79993435492352,6.13829158372838e-05,0.000386164460406835
"RPS17",2.12044083333334,14.78377425,6.79893304839967,6.14553385187168e-05,0.000386164460406835
"CCDC152",-2.5607494,5.05690763333333,-6.79831665138935,6.14999675586762e-05,0.000386164460406835
"BLVRA",2.2709457,5.28041025,6.79774469566472,6.15414104113541e-05,0.000386164460406835
"TUSC1",2.03471753333333,7.1585509,6.79681758140961,6.16086518637247e-05,0.00038619029928511
"EFHB",3.70175233333333,4.64917126666667,6.79146363866379,6.19985258134316e-05,0.0003882364185533
"SPINK8",2.69790506666667,3.97367706666667,6.78934720555978,6.2153382979632e-05,0.000388808176962565
"KHDRBS1",-2.331259,8.4662035,-6.78744547594693,6.22928890196609e-05,0.000389282834547789
"MPP2",2.0593746,7.67700153333333,6.78397473392049,6.25483716309796e-05,0.000390480548610544
"HM13",2.060849,9.93881316666667,6.78112361636908,6.27590951975305e-05,0.000391396681364416
"TSHZ3",5.1414284,6.36338646666667,6.77869603180599,6.29391238067017e-05,0.000392119714306926
"HOXB7",2.06410853333333,3.68510753333333,6.77752030934685,6.30265164691912e-05,0.000392260952926613
"CACNA1B",2.19661526666667,5.8867613,6.77666700831513,6.30900257730937e-05,0.000392260952926613
"OCA2",2.79410363333333,8.19132051666667,6.77387518697804,6.32983011798553e-05,0.000393156351896807
"CAPRIN1",2.66227596666667,6.18700401666667,6.77007376497562,6.35830966977956e-05,0.000394524731842914
"ZBTB37",-2.7101746,4.15582826666667,-6.76794733590872,6.3743011731868e-05,0.000395116257118104
"CDK2",2.30267528333333,4.461788175,6.7659234576945,6.38956204759653e-05,0.000395284432401154
"MTMR1",3.36828383333333,9.07707075,6.76587388904102,6.38993631325174e-05,0.000395284432401154
"MAP7D3",-2.06189953333333,4.29837455,-6.76277380810456,6.41339070765346e-05,0.000395995019598107
"CT45A6",-6.46675533333333,12.4293726666667,-6.76264483698126,6.41436849332665e-05,0.000395995019598107
"SNX17",2.0827836,7.8601557,6.75986171358071,6.43550805366859e-05,0.000396899579358311
"ZXDB",1.96219983333333,11.23167075,6.7569910120743,6.4573921423957e-05,0.000397848188591912
"NUPL2",2.82474306666667,4.65913403333333,6.7527240054155,6.49007014397081e-05,0.000399459246889471
"PAQR8",2.24238993333333,3.9779989,6.74889206845529,6.51956938555054e-05,0.000400871613073349
"TMEM106B",2.3451592,6.48558583333333,6.74505227881287,6.54927523329902e-05,0.000402293834109672
"USH1G",1.93501406666667,7.70840796666667,6.73939183929758,6.59333466515593e-05,0.000403586163271758
"ACOT7",2.51373025,10.217395825,6.73933688335055,6.59376400327775e-05,0.000403586163271758
"AKR1D1",-2.3021353,4.73238078333333,-6.7390846092343,6.59573526057019e-05,0.000403586163271758
"CALD1",-2.72396598888889,7.42742673888889,-6.73896105558346,6.59670093611896e-05,0.000403586163271758
"LMNA",-1.99997966666667,12.7480978333333,-6.73776936652043,6.60602287483733e-05,0.000403752726755792
"MED30",3.23592913333333,7.36294676666667,6.73596689239889,6.62014985393468e-05,0.00040421234337697
"PGK1",3.5892779,7.85823438333333,6.73225159144535,6.64937234449744e-05,0.000405591824562665
"NOL6",2.28478683333333,4.56570348333333,6.73052642000115,6.66298919143189e-05,0.000406017608298609
"MBIP",2.12459275,10.019697875,6.72922892276789,6.67325034411318e-05,0.000406238264729198
"PGM1",2.12705413333333,3.86200893333333,6.72772474908677,6.68516746833583e-05,0.000406240933551773
"HSP90B1",-2.94335433333333,12.5092601666667,-6.72754736260031,6.68657437212546e-05,0.000406240933551773
"C7orf25",2.476159,4.04896615,6.72414978729977,6.71358369174805e-05,0.000406842178794774
"CD164",2.48521688666667,9.89212415666667,6.72392286504272,6.71539184662959e-05,0.000406842178794774
"BMP6",2.46921816666667,4.10947091666667,6.72300493953355,6.72271143119021e-05,0.000406842178794774
"HDLBP",-2.18411353333333,6.65200643333333,-6.72262533526001,6.72574094721409e-05,0.000406842178794774
"FAM25A",3.06735146666667,8.24174993333333,6.721476361267,6.73491962849162e-05,0.000406842178794774
"BOD1L2",2.24182786666667,6.66693693333333,6.72129493997703,6.73637017193701e-05,0.000406842178794774
"NRG4",2.33223343333334,5.41237141666667,6.71644586077562,6.77526671650259e-05,0.000408761316472927
"AGAP1",-2.44293143333333,5.55356811666667,-6.71567044432447,6.78150925498563e-05,0.000408761316472927
"EED",2.03246983333333,8.7830492,6.71460784897917,6.79007389269687e-05,0.000408874725152751
"MRPL30",3.58463503333333,5.52666255,6.71263998135047,6.80596616632115e-05,0.00040942872178518
"CXCL2",-4.98368846666667,7.57601093333333,-6.70834642332125,6.84078085195696e-05,0.000410603812374514
"PACS2",-2.43899423333333,6.75603378333333,-6.70715814723314,6.85045022804961e-05,0.000410603812374514
"ISL1",2.5753858,4.45582536666667,6.7069798707818,6.85190219966335e-05,0.000410603812374514
"ANKRD12",-2.82885758333333,6.61511785833333,-6.70665548881561,6.85454498427679e-05,0.000410603812374514
"SQLE",3.82380576666667,5.39515951666667,6.7061020086194,6.85905681998615e-05,0.000410603812374514
"MACC1",-2.62406586666667,4.3077914,-6.70286509150053,6.88550805130706e-05,0.000411784342696937
"FAM178B",-2.08949393333333,4.91515188333333,-6.70014466819995,6.90782431478076e-05,0.000412715519119421
"ITPKB",-6.1111241,8.66592045,-6.69874591231965,6.91932919972307e-05,0.000412999571160056
"FOXN1",1.96839823333333,7.12885288333333,6.69595447337428,6.94235126990077e-05,0.000413569436255585
"SLC25A38",2.08460246666667,6.6296019,6.69594901262129,6.94239638827207e-05,0.000413569436255585
"MRPS22",2.55881586666667,6.79767963333333,6.69498083649109,6.95040078379441e-05,0.00041364350189936
"NR2C1",2.77826203333334,6.78794559444444,6.68922469683699,6.99819706538427e-05,0.000415360168629611
"IL1RL1",-3.7158071,4.33824945,-6.68922304621661,6.99821082244537e-05,0.000415360168629611
"C17orf89",-2.32981566666667,9.36392483333333,-6.68871185844732,7.00247271943793e-05,0.000415360168629611
"TBC1D19",1.91103933333333,8.904255,6.68824082665575,7.00640232144097e-05,0.000415360168629611
"ANKS1A",-2.03798086666667,4.6969788,-6.68251506608592,7.05436166634135e-05,0.000417450435231331
"TACR1",1.97276401666667,6.08223564166667,6.68188891691659,7.05962791765784e-05,0.000417450435231331
"ADO",2.10512166666667,11.1871611666667,6.68135766669152,7.06409936542948e-05,0.000417450435231331
"ASH1L",-2.77407766666667,5.47215103333333,-6.68075797187974,7.06915059584406e-05,0.000417450435231331
"TMEM65",2.16729263333333,8.23873585,6.67997184873457,7.07577805385567e-05,0.000417450435231331
"FOXJ3",-2.25382243333333,5.63932628333333,-6.67369278276758,7.12895689900402e-05,0.000420182642659987
"IARS2",3.19764766666667,6.2800155,6.66843864415394,7.17378896103973e-05,0.000420856633345214
"PAMR1",1.97369666666667,5.6168496,6.66783736897594,7.17893895959712e-05,0.000420856633345214
"TAGLN2",2.52559983333334,13.3041009166667,6.66732864818793,7.18329935310852e-05,0.000420856633345214
"SYBU",-3.18397513333333,5.19026986666667,-6.66721231803408,7.18429685654765e-05,0.000420856633345214
"FEZF1",2.17494083333334,7.12982525,6.6672042966927,7.18436564318754e-05,0.000420856633345214
"CHRNA7",1.97911356666667,3.61270821666667,6.66686191380375,7.18730239853484e-05,0.000420856633345214
"ANG",2.6004315,4.83649175,6.66671709269668,7.18854497949899e-05,0.000420856633345214
"SIX4",-2.94510203333333,7.08291475,-6.66521357684343,7.20145910059771e-05,0.000421209625023487
"GNLY",1.96990083333334,7.06347608333333,6.66378382157967,7.21376304111117e-05,0.000421211454647244
"TMEM133",2.01532533333333,10.3572083333333,6.6629775470961,7.22071160228248e-05,0.000421211454647244
"KDM5A",-2.23831866666666,8.63308966666667,-6.66204286900931,7.22877585641035e-05,0.000421211454647244
"IDUA",2.48257496666667,6.87247401666667,6.66201348424357,7.22902954200075e-05,0.000421211454647244
"ZBTB9",2.26630863333333,6.62704018333333,6.66007871994954,7.24575410726765e-05,0.000421784240040566
"C1orf88",2.19363596666667,3.60439171666667,6.65836216609855,7.26062758388169e-05,0.000422248284773652
"ATG4A",2.53818241666667,5.877637575,6.65659298573264,7.27599175132002e-05,0.000422380065963923
"SNX9",-2.3375596,5.4439405,-6.65651137187247,7.27670136524967e-05,0.000422380065963923
"TSN",3.75452526666667,5.8101679,6.6532670639511,7.3049708374287e-05,0.000423619067141126
"MT1X",2.574917,10.7647038333333,6.65124019824379,7.32269255688958e-05,0.000424244631278887
"GSS",2.3354668,5.22676273333333,6.64849597317913,7.34676086607683e-05,0.000425236357413984
"CKAP5",3.08660586666667,5.02560756666667,6.64494173523022,7.37806115827272e-05,0.000426472251599526
"KIAA1462",2.16805586666667,4.62247356666667,6.6444894203884,7.38205482909281e-05,0.000426472251599526
"GPR37",2.06480683333334,3.73159741666667,6.6406180076536,7.41633326727461e-05,0.000428048367256473
"PGAP2",2.02553278333333,5.181810025,6.63899894361245,7.43072007038196e-05,0.000428217673295183
"PABPC4L",2.19874676666667,9.04414028333333,6.63871286622429,7.43326526707232e-05,0.000428217673295183
"GATA3",-2.976717,10.0036058333333,-6.63664305508307,7.45170835232369e-05,0.000428876309496861
"SLC27A2",2.09565813333333,4.7195864,6.63326310299421,7.48193235645789e-05,0.000430211110496329
"MTRNR2L8",-2.1347,14.0847013333333,-6.63148008866721,7.49792991853318e-05,0.000430726152503155
"HK1",-4.55357436666667,7.24705381666667,-6.62961090461755,7.51474049023593e-05,0.000431211211451611
"KIAA1919",2.17363926666667,4.05017866666667,6.62897485724539,7.52047013107011e-05,0.000431211211451611
"NIPA1",1.89007653333333,7.80189173333333,6.62767520642744,7.53219239442094e-05,0.000431478961320855
"SLC7A7",2.9142204,5.01097286666667,6.62496063233058,7.55674065986627e-05,0.000431971789048846
"KCTD18",2.5009881,6.05367461666667,6.62447914003213,7.56110392253882e-05,0.000431971789048846
"TMEM218",1.938068,9.56284,6.62407769088232,7.56474392836478e-05,0.000431971789048846
"TMEM173",2.8578903,6.81177818333333,6.62360435215413,7.56903821282058e-05,0.000431971789048846
"ZNF467",2.7457393,6.48484455,6.6221209090548,7.58251364764032e-05,0.00043218910051098
"SLA2",1.89414656666667,3.62983031666667,6.62163047729374,7.58697440256281e-05,0.00043218910051098
"PSMB2",2.68349006666667,8.92230163333333,6.61836485223183,7.61674984974222e-05,0.00043348163330905
"BTF3L4",2.31166606666667,10.9550459666667,6.61677229744543,7.63131650364795e-05,0.000433703711732654
"FNDC3B",-2.649646,6.41487693333333,-6.61638866837079,7.63482996953364e-05,0.000433703711732654
"LRFN3",3.14500916666667,4.58198821666667,6.61209402398748,7.67428254123203e-05,0.000435540450716675
"BABAM1",-2.02178023333333,7.56842521666667,-6.6111815261675,7.68269363725775e-05,0.000435613713371111
"ITGB1",-2.33559486666667,8.9061909,-6.60907635697423,7.70213657218562e-05,0.000436311773598441
"HEATR5B",3.0555913,7.80887301666667,6.60309796257118,7.75764367074053e-05,0.000439049620514251
"ZDHHC2",2.04766683333333,7.17450641666667,6.59722108030649,7.81263171424568e-05,0.00044157894624142
"CCL13",2.7467307,4.91893555,6.59678059851451,7.81677016638538e-05,0.00044157894624142
"ZFC3H1",2.46651086666667,7.42477956666667,6.59410858502551,7.84192554665797e-05,0.000442116539378937
"GCLM",2.44615523333334,6.78084571666667,6.59369003931434,7.84587385313589e-05,0.000442116539378937
"CA13",-3.95276186666667,8.55546556666667,-6.59346834776851,7.84796603081931e-05,0.000442116539378937
"VIT",2.06664656666667,3.64356705,6.5910450661573,7.87087488142984e-05,0.000442999195258397
"SCAMP3",2.20224033333334,13.4592511666667,6.58883585087008,7.89182328130992e-05,0.000443769989292776
"LPCAT4",2.1689959,3.56397381666667,6.58794057934093,7.90032972092961e-05,0.000443840378628534
"CLK3",-1.98733453333333,5.0793979,-6.58434932257572,7.9345522760964e-05,0.000445216060161271
"HLA-DQB1",2.06499966666667,8.86985683333333,6.58384499782,7.93937106302626e-05,0.000445216060161271
"ALOXE3",1.99755328333333,5.10886744166667,6.58034126160158,7.97293682537056e-05,0.000446321843642759
"RANBP2",-2.41872616666667,7.47924125,-6.58026381148508,7.97368053451349e-05,0.000446321843642759
"ATAT1",2.10583566666667,9.53869283333333,6.57364792291138,8.0374878869897e-05,0.00044940952532935
"SCMH1",-2.412562,5.77603065555556,-6.57191012581758,8.05433992735963e-05,0.00044940952532935
"TMSB15A",1.9038869,8.92025788333333,6.57159217841938,8.05742732473077e-05,0.00044940952532935
"FAM118B",2.76123673333334,4.81438723333333,6.5704566679591,8.06846407761144e-05,0.00044940952532935
"KCNRG",3.4530856,4.28141106666667,6.56821723280721,8.09027869654549e-05,0.00044940952532935
"FZD8",-2.4478359,5.47801081666667,-6.56805606618651,8.0918511079719e-05,0.00044940952532935
"C1orf95",-2.661955,4.80095966666667,-6.56805121632302,8.09189843048282e-05,0.00044940952532935
"LRRC8B",2.36275473333333,6.37953436666667,6.56793067046528,8.09307475240562e-05,0.00044940952532935
"ZNF498",-2.3295388,5.46896063333333,-6.56710898991529,8.10109789816297e-05,0.00044940952532935
"SIGMAR1",2.18233826666667,5.53145603333333,6.5669859668676,8.10229987640199e-05,0.00044940952532935
"FAM129A",-2.05285163333333,5.85673835,-6.56459398276485,8.1257089048106e-05,0.000450299701808254
"NEIL2",-1.93813066666666,9.04830966666667,-6.56368563678646,8.13461760510693e-05,0.000450385434461938
"THAP4",3.03471263333333,5.04138965,6.56095166697482,8.16149532885464e-05,0.000451106447140177
"SLAMF7",-3.17021793333333,6.44502806666667,-6.56086113423821,8.16238700529873e-05,0.000451106447140177
"PHACTR2",-2.59191946666667,7.60007716666667,-6.55833799386356,8.1872805386818e-05,0.000452073847794723
"OVCA2",2.64983433333333,4.44123503333333,6.55703204586155,8.20019748768648e-05,0.000452378793775166
"EIF5AL1",2.62724666666667,9.071125,6.55616914448852,8.20874445710429e-05,0.000452442329626703
"BOD1L1",-2.51917406666667,6.75729793333333,-6.55334360461297,8.23679892625231e-05,0.000453579980475352
"SERF1B",-1.91675233333333,5.63937683333333,-6.55111872819575,8.25896269370409e-05,0.000453977709292184
"KIF2A",2.12108006666667,7.48997796666667,6.55029602046803,8.26717472388806e-05,0.000453977709292184
"PRR24",-2.92109423333333,8.02415121666667,-6.54956159856856,8.27451299610292e-05,0.000453977709292184
"TMEM206",2.01534996666667,3.55042211666667,6.54891683383327,8.28096124943381e-05,0.000453977709292184
"TJP1",-3.44686778333333,7.87702144166667,-6.54890063719377,8.2811233012435e-05,0.000453977709292184
"BANP",1.95433676666667,5.84654838333333,6.54478286797633,8.3224345735343e-05,0.00045567776431023
"NUMBL",2.09089333333334,10.5597143333333,6.54421197291753,8.32817967296143e-05,0.00045567776431023
"GPR182",-1.94651266666667,7.27796483333333,-6.54358650606825,8.33447888628878e-05,0.00045567776431023
"CCDC104",2.27243083333334,12.1183809166667,6.54134447961658,8.35710134056788e-05,0.00045650666072852
"KCNIP4",-7.1636688,13.3173499333333,-6.5385920258261,8.38496525132201e-05,0.000457297548215908
"AMBN",2.04304823333333,5.55029825,6.53843784192193,8.386529079736e-05,0.000457297548215908
"LDB3",-4.69968956666667,8.35428288333333,-6.53736117804953,8.39745809467392e-05,0.000457485740188914
"BEX1",-2.22584023333333,8.85587221666667,-6.53657957654487,8.40540166738177e-05,0.000457511097874036
"KLHDC3",2.37482586666667,5.20271773333333,6.53172305735035,8.45494253313236e-05,0.000459570987545453
"SLC25A26",2.15115391666667,8.19317445833333,6.53134105037925,8.45885276665774e-05,0.000459570987545453
"RCL1",2.4240515,5.56834618333333,6.53066463861055,8.4657813495215e-05,0.000459570987545453
"YPEL2",-2.38219196666667,4.24251178333333,-6.52908742820213,8.4819608723605e-05,0.000460041104761538
"FBLN2",2.06447828333333,4.012675225,6.52707779321036,8.50262497006532e-05,0.000460210265003038
"LUC7L2",2.38319136666667,5.56153711666667,6.5270268983865,8.50314900541351e-05,0.000460210265003038
"PUSL1",2.18905913333333,3.59562563333333,6.52659024221622,8.50764644848702e-05,0.000460210265003038
"PRR21",2.772523,10.4912888333333,6.52523852342039,8.52158516351568e-05,0.000460557049738418
"IFT52",2.10373356666667,6.68997221666667,6.5191760159985,8.58440629282369e-05,0.000463542786403313
"MLC1",2.2365372,4.7727178,6.51660777262341,8.61117039349812e-05,0.000464577958266504
"IBTK",-2.39088266666667,8.214972,-6.51253096558204,8.65384158853073e-05,0.000466468747476925
"C2orf43",2.22639683333333,3.70215338333333,6.51153598318213,8.66429067791588e-05,0.000466620865910998
"RUNDC3A",-2.51679995,8.77386160833333,-6.51060199412335,8.67411168440472e-05,0.000466738920714055
"S100A11",2.08904483333334,11.9232954166667,6.50868872954354,8.69426762078308e-05,0.000466914968115105
"SLMO1",-2.14279686666667,5.1736249,-6.5083590865286,8.69774548584958e-05,0.000466914968115105
"CEP44",2.10005753333333,4.92839956666667,6.50811905070796,8.70027890897712e-05,0.000466914968115105
"HMBOX1",-2.13936316666667,9.61709341666667,-6.50661832487349,8.71613626142156e-05,0.000467356017943708
"GAB2",-2.29183636666667,4.22994498333333,-6.50487125570996,8.73463609807649e-05,0.000467937860315516
"RUNX1",-2.45776597777778,6.16475796666667,-6.50411763440897,8.74262939324564e-05,0.00046795631345474
"PIK3C2A",-2.1729004,5.29362736666667,-6.49964897793106,8.79018959563186e-05,0.000470090733794368
"CHI3L1",2.01569036666667,3.53156518333333,6.49736838736752,8.81457018249032e-05,0.000470905124081507
"NECAP1",2.39718626666667,4.22418696666667,6.49656319238552,8.82319561003566e-05,0.000470905124081507
"TBC1D5",-2.05085326666667,6.84645303333333,-6.4960676103979,8.82850894608513e-05,0.000470905124081507
"ALS2",3.04445736666667,5.34607841666667,6.49293900453891,8.86213222951579e-05,0.000471859579217071
"SEPP1",3.09749613333333,6.2143258,6.49288215814079,8.86274444407936e-05,0.000471859579217071
"GDE1",2.25535986666667,6.47622573333333,6.49225136210732,8.86954096272691e-05,0.000471859579217071
"GPM6B",2.87153591666667,8.58535684166667,6.48708916596792,8.9253740298148e-05,0.000474317879035064
"CDC14A",-2.39906856666667,5.01027395,-6.48654744156594,8.93125525741081e-05,0.000474317879035064
"DOC2A",-2.65782123333333,5.77711855,-6.48524110650634,8.94545477416118e-05,0.000474373867566871
"ITGA10",2.2845271,9.09103311666667,6.48502400470711,8.94781698548822e-05,0.000474373867566871
"TMEM216",1.90835393333334,7.7163247,6.4825903171394,8.97434347392425e-05,0.000475368254315745
"HINT1",2.3971495,14.9835289166667,6.48135805477476,8.98780729650728e-05,0.000475669593771899
"C5orf45",2.35242346666667,4.42006875,6.47887455123957,9.0150089313802e-05,0.000476696842196923
"XAGE1A",3.001543,5.23159506666667,6.47785744352494,9.02617500243482e-05,0.000476875118004285
"RABGAP1",-4.93151513333333,9.94466143333333,-6.4752232149822,9.0551640444164e-05,0.000477993905295423
"PVRIG",2.157265,7.22077883333333,6.47314858442894,9.07806593384874e-05,0.000478789718821436
"ETV5",-2.3598536,6.654553,-6.47189943757884,9.09188558871105e-05,0.000479105564442155
"PDLIM3",2.53788175,6.02871595833333,6.47089327792882,9.1030336020722e-05,0.000479274899959953
"PHF8",1.9800279,7.15409138333333,6.47019611207171,9.11076673183108e-05,0.000479274899959953
"HOXD8",2.15634203333334,6.55336035,6.46638074450764,9.15321409579032e-05,0.000480765080135602
"GPD1",1.85112546666667,3.65899616666667,6.46623760936548,9.15481069561909e-05,0.000480765080135602
"GLO1",2.61750096666667,8.21171418333333,6.46148734752804,9.20796918866661e-05,0.000483141985388185
"TPSAB1",2.31230266666667,9.856935,6.45997163234914,9.22500139946814e-05,0.000483310447116004
"ARAF",2.21335226666667,7.3208117,6.45979580095341,9.22697944150855e-05,0.000483310447116004
"KCNIP1",2.10187153333333,4.12394033333333,6.45697779120799,9.25874391553278e-05,0.000484550449424557
"OTUD7A",-2.1621111,6.01109755,-6.45609414165634,9.26872878209715e-05,0.000484550449424557
"PVRL1",-3.09003866666667,12.0306796666667,-6.45536461211316,9.27698095865308e-05,0.000484550449424557
"FASTKD3",2.63929456666667,7.49436671666667,6.45484486542031,9.28286500748486e-05,0.000484550449424557
"COLEC10",-1.8950142,3.427853,-6.45419278086962,9.29025297768887e-05,0.000484550449424557
"SATL1",2.2402393,6.39859721666667,6.45021823220387,9.33542183021889e-05,0.000486491573741731
"NGRN",1.86141513333333,8.67541826666667,6.44817251819671,9.35876319097317e-05,0.000487292878318075
"NTN5",3.00991503333333,3.99496458333333,6.44682152553465,9.37421255846428e-05,0.000487682248577249
"TNFSF4",2.1753903,6.16571928333333,6.44530435839225,9.39159520385934e-05,0.000488171448234592
"TOR1B",2.2465897,4.46146191666667,6.44075654074726,9.44391070861861e-05,0.000489832579339001
"PPIC",1.877981,10.9148895,6.43972157395876,9.45586046922559e-05,0.000489832579339001
"CIRBP",2.05318333333334,13.5663836666667,6.4390045186361,9.46414922906401e-05,0.000489832579339001
"SLC26A6",-1.98473455555555,6.57615233333333,-6.43870185635237,9.46765020086192e-05,0.000489832579339001
"PREB",2.42506423333333,4.28057001666667,6.43869829155548,9.46769144414385e-05,0.000489832579339001
"IL12RB1",2.3043902,4.17203953333333,6.43789515475496,9.4769883861279e-05,0.000489832579339001
"GLG1",-2.5159682,9.79587856666667,-6.43766991581199,9.47959748181395e-05,0.000489832579339001
"CENPE",-2.09267816666667,3.91407608333333,-6.43446425536075,9.51681538187221e-05,0.000491340730010921
"OR6T1",2.85533133333333,4.34892623333333,6.4323191897252,9.54180819240749e-05,0.00049221570422554
"ZNF770",3.55836416666667,4.37968421666667,6.42698441242366,9.6042744634194e-05,0.000495020650102779
"PUS1",-2.35223096666667,5.46310505,-6.42626578397219,9.61272290303545e-05,0.000495039046471136
"KCNMB3",2.22926395,7.06120870833333,6.42544826148673,9.62234377421147e-05,0.000495083881486341
"CHST1",-2.3523488,7.39574793333333,-6.42472575358526,9.63085517479621e-05,0.000495083881486341
"KRTAP10-2",1.83922,10.2021346666667,6.42413078336171,9.63787026561347e-05,0.000495083881486341
"RBM6",-2.4125642,5.4426218,-6.42151153709873,9.66881885993532e-05,0.000496256994841311
"LRRFIP1",-3.09169139166667,6.89059995416667,-6.4207636653305,9.67767535826889e-05,0.000496295204039305
"RHOB",3.356898,13.162637,6.41787546058881,9.71196092859997e-05,0.000497636322957911
"PURB",2.03898283333334,6.70314125,6.41412260693956,9.75670754789095e-05,0.000499394841024387
"DSN1",2.45869404444445,5.01465988888889,6.41357697909981,9.7632318562851e-05,0.000499394841024387
"TP53TG3B",3.03642783333334,11.43677625,6.41294717083112,9.770768628738e-05,0.000499394841024387
"FNDC3A",-3.1565795,5.17883855,-6.40927951784488,9.81478412468025e-05,0.000501225786934839
"MED6",2.21769646666667,8.13236176666667,6.4075407609221,9.83572602354167e-05,0.000501876328707489
"FAM19A3",2.34099738333333,6.07215845833333,6.40600037277981,9.85431921007905e-05,0.00050240604106053
"SLC9A3R1",3.3634329,4.92883621666667,6.40176573890071,9.90562983907689e-05,0.000504601526690029
"KRTAP1-3",2.7076703,4.82414265,6.40020785866243,9.92457934125422e-05,0.000505017595958695
"ANKRD36",-2.76077423333333,6.16355275,-6.39973762910767,9.93030676590896e-05,0.000505017595958695
"ZFP64",1.90739716666667,3.84280438333333,6.39589774335143,9.97721114565603e-05,0.000506550854220765
"ASMT",2.16187006666667,5.31793213333333,6.39555830694526,9.98136891706685e-05,0.000506550854220765
"HMGB3",2.2928098,6.28909236666667,6.39393988141302,0.000100012189300819,0.000506550854220765
"RPS28",2.747279,13.635042,6.3928080120443,0.000100151267555354,0.000506550854220765
"OSTC",2.19266326666667,8.57793236666667,6.39139196891271,0.000100325558943742,0.000506550854220765
"SCN1B",1.89902165,5.518048525,6.39104437891486,0.00010036839174735,0.000506550854220765
"ARL17B",1.90507133333333,3.43201153333333,6.39090992076497,0.000100384966067429,0.000506550854220765
"TMEM88",2.0163231,9.33089278333333,6.39077350584605,0.000100401784626001,0.000506550854220765
"SLTM",-3.2309063,7.61066118333333,-6.39071749605002,0.000100408690943279,0.000506550854220765
"ASB1",1.95783503333333,3.51873155,6.3901742921887,0.000100475697706229,0.000506550854220765
"SEMA4D",1.88446733333334,15.9238423333333,6.38985325854315,0.000100515321514222,0.000506550854220765
"BDKRB1",2.155995,11.4959551666667,6.38814410383257,0.000100726560543606,0.000506616569002206
"PRRT2",2.15689006666667,3.6527269,6.38814319212045,0.000100726673352912,0.000506616569002206
"ANKRD26",-3.00106976666667,5.06372831666667,-6.38773831297801,0.000100776783994064,0.000506616569002206
"TRIM4",2.53495826666667,4.35361673333333,6.38424991624773,0.000101209653368705,0.000508374925541655
"TUBA1C",2.309856,10.0819776666667,6.38328076597653,0.000101330271114578,0.000508563247480711
"USP19",2.57693633333334,8.64690283333333,6.38221857446455,0.00010146264753737,0.000508810227568547
"GTF2H3",2.77237776666667,4.92478255,6.38014416255305,0.000101721713608468,0.00050969160021016
"IFITM3",-2.87626486666667,8.60721123333333,-6.37898287438361,0.000101867055858396,0.000509957816176745
"LAMP2",2.4236354,9.20285185555556,6.37838835220858,0.000101941551027159,0.000509957816176745
"CCDC102B",-2.66231693333333,4.7431815,-6.37610354893487,0.000102228392884765,0.00051068243197463
"FAM157A",-2.1958809,4.86229611666667,-6.37590450001763,0.000102253423554172,0.00051068243197463
"EVI2B",3.13146846666667,4.1455354,6.37471206950597,0.000102403512484795,0.00051068243197463
"FABP6",-4.63332893333333,6.42141393333333,-6.37457888007114,0.000102420291603935,0.00051068243197463
"SNX2",2.49465623333333,3.78632011666667,6.37367420343247,0.000102534341088605,0.000510834770993555
"SECISBP2L",-3.1431419,7.21458221666667,-6.37001125941599,0.000102997525064987,0.000512645838431902
"SF3B1",2.352547,9.34688283333333,6.36947565210904,0.000103065443163001,0.000512645838431902
"PRH2",-2.5556693,4.43701218333333,-6.36706136653934,0.000103372191715392,0.000513753914634253
"IL32",2.87520276666667,6.411470925,6.3618401421224,0.000104038967447306,0.000516648054255372
"RNF139",2.856312,7.84329916666667,6.36103377510199,0.000104142359381898,0.000516742055716506
"FAHD2B",2.05931106666667,5.52977206666667,6.35938317327517,0.000104354346133962,0.000517070626128579
"ATP7B",-2.54185953333333,5.3257809,-6.35920224743666,0.000104377610864465,0.000517070626128579
"MTX3",-4.39169756666667,6.64174555,-6.358452852402,0.000104474033292641,0.000517129559615192
"CAND2",2.0386608,3.5728388,6.35454158320917,0.000104978854155182,0.000519208269782862
"LGI4",3.07405253333333,5.2438066,6.35346915038322,0.000105117732667789,0.000519475192618362
"SET",-2.9452277,7.35758248333333,-6.35118339342403,0.000105414399926459,0.000520369914615513
"AADACL2",2.5143212,7.52617873333333,6.35076428566802,0.000105468894103177,0.000520369914615513
"VPS72",1.88817733333333,11.2640266666667,6.34827050403883,0.000105793778251939,0.000520715393543407
"LALBA",1.85112153333333,3.77646323333333,6.3481103048191,0.000105814685685735,0.000520715393543407
"OAS2",2.4703051,6.11904621666667,6.34779930200872,0.000105855287126929,0.000520715393543407
"ORC4",2.40242426666667,5.95415061111111,6.34729357240852,0.000105921346224581,0.000520715393543407
"SLC35A1",2.04370118333334,9.39427674166667,6.34696356659135,0.000105964476129706,0.000520715393543407
"FDXACB1",1.963223,3.5019888,6.34586983516579,0.0001061075568207,0.000521000026187031
"SH2D5",1.88507355,8.57799955833333,6.34373536228693,0.00010638738956801,0.000521339199980333
"ARHGAP33",1.94803533333334,13.719297,6.3429914154586,0.000106485110059721,0.000521339199980333
"TOR1AIP1",1.80435633333333,9.26323983333333,6.3429326319595,0.00010649283566158,0.000521339199980333
"CNBP",1.80528183333333,10.8213705833333,6.34274507471686,0.000106517489371595,0.000521339199980333
"SLC25A42",2.50938536666667,3.73416855,6.34176183333223,0.000106646834095057,0.000521555020778223
"B4GALT3",2.2883949,5.94319701666667,6.33522601522035,0.000107510955087507,0.00052536104091483
"CYP2D6",1.90048633333333,10.3943465,6.33413302990066,0.000107656201283371,0.000525650949283052
"LURAP1L",2.41424256666667,7.58183671666667,6.33309416690016,0.000107794452344692,0.000525752699357082
"EIF1",1.795241,14.6304315,6.33195501179168,0.000107946271410462,0.000525752699357082
"GPR125",2.69059736666667,8.22348031666667,6.33175071809328,0.000107973522822821,0.000525752699357082
"ATRN",-2.10030003333333,4.72528275,-6.33043778450947,0.000108148837411446,0.000525752699357082
"OR51B6",2.30973943333333,4.29592405,6.33034634144119,0.00010816105919081,0.000525752699357082
"SRP54",2.9737627,7.71573798333333,6.33011001231119,0.000108192652581001,0.000525752699357082
"RPLP0",2.22699866666667,12.1355453333333,6.3294044981739,0.000108287027942984,0.000525793680123158
"GYG1",1.9420609,7.55461025,6.32431641995991,0.000108970298675975,0.000528691742505641
"KCNJ4",-6.973266,12.7309263333333,-6.31062944159214,0.000110831600640042,0.000536774344680113
"CST11",-2.0930386,6.09846303333333,-6.31050086402555,0.000110849248506288,0.000536774344680113
"CTNNBL1",1.93278223333333,3.63922168333333,6.31013530630905,0.000110899439633158,0.000536774344680113
"MCMDC2",1.8486593,3.86217588333333,6.30872321867304,0.000111093550889056,0.000537239246839286
"APOL3",1.93145513333333,3.55047803333333,6.30772951363149,0.000111230370281252,0.000537239246839286
"RPP30",2.52766558333334,8.68316254166667,6.30700883607921,0.000111329711806011,0.000537239246839286
"PLAA",2.82851256666667,7.83153505,6.30688536278219,0.000111346741580944,0.000537239246839286
"ITGB3",-2.4494429,6.64362501666667,-6.30560039529396,0.000111524135454443,0.000537671127431273
"MYO18B",2.11456066666667,11.572213,6.30463555306088,0.000111657536314523,0.000537890399348228
"BCAM",2.04533253333333,3.96363223333333,6.3019132509799,0.000112034859863741,0.000539043266146163
"KCNAB2",-2.25294966666667,7.33005993333333,-6.30163813690137,0.00011207306873781,0.000539043266146163
"ABCB11",2.1519023,4.30557351666667,6.29955781449202,0.000112362449187318,0.0005395213221981
"TOP2B",-2.5834916,6.31252836666667,-6.29942810880213,0.000112380518517158,0.0005395213221981
"LRRN2",2.80579576666667,4.74312431666667,6.299022677283,0.000112437019581984,0.0005395213221981
"ALG9",2.14582061666667,8.40528569166667,6.29737692776402,0.00011266668802363,0.000540199684426777
"MTO1",1.96123865,7.31334705833333,6.29644301704566,0.000112797243625014,0.000540350217073379
"LRRC27",-3.05204456666667,6.38173095,-6.29588930729869,0.000112874726613236,0.000540350217073379
"ERCC3",1.99354476666667,7.28658061666667,6.29036106847144,0.000113651486857718,0.000543643312428083
"SLC38A6",1.8497535,10.1372969166667,6.28703497774562,0.000114121617506517,0.000545465668675679
"CYP2F1",1.93059943333333,3.48422991666667,6.28539812178949,0.000114353754326211,0.000545773851157745
"PPP1R12B",-3.27905283333333,5.83467138333333,-6.2853223623177,0.000114364510817952,0.000545773851157745
"ZNF24",-2.63954783333333,12.6979524166667,-6.2844422261971,0.000114489554803297,0.000545944735998887
"EBPL",3.10969516666667,6.10657011666667,6.28135581162538,0.000114929224295619,0.00054761448149579
"PRICKLE3",-1.93161026666667,5.49731566666667,-6.27711129102861,0.000115536860006383,0.000549961004896379
"ARHGEF3",2.0687855,6.92578491666667,6.27649051096084,0.000115626020808696,0.000549961004896379
"C10orf71",2.12235433333333,12.3681711666667,6.27603583472831,0.000115691371902851,0.000549961004896379
"ZFX",-2.03150403333333,5.74250276666667,-6.2749052758128,0.000115854041850066,0.000550306698787815
"TREM1",-4.25274903333333,7.09548381666667,-6.27124857947907,0.000116381883098645,0.000551733198925897
"SPRY4",2.0064234,4.85678296666667,6.27119010504576,0.000116390344973265,0.000551733198925897
"HBG2",2.99777183333333,4.21628318333333,6.27051516642741,0.000116488064057642,0.000551733198925897
"C5orf15",2.71637613333334,8.29462543333333,6.26955364627048,0.000116627428579214,0.000551733198925897
"LOC100288966",-2.15329486666667,3.7657404,-6.26925340069637,0.000116670983732469,0.000551733198925897
"GPR174",2.2390667,4.36678915,6.26908480094909,0.00011669544939688,0.000551733198925897
"MOSPD3",2.46924135,6.76507959166667,6.26634021407778,0.000117094501580943,0.000552886167257366
"TRMT13",2.45071293333333,7.12986253333333,6.26616483563707,0.000117120051122188,0.000552886167257366
"IL36A",-3.69788856666667,6.97352388333333,-6.26348006229263,0.000117511929997821,0.000554308394546391
"GPX8",2.8932122,6.70972946666667,6.26198045335027,0.000117731436258671,0.000554874032317942
"PON3",1.8749363,6.31492161666667,6.26142240459617,0.000117813234387219,0.000554874032317942
"RPL35",2.462116,13.2166373333333,6.26076090784591,0.000117910275553741,0.000554903896798299
"SLC9A9",2.85644146666667,3.95933766666667,6.25930481358873,0.000118124188904559,0.000555483311082314
"AKNAD1",2.1088029,4.21803318333333,6.25718230967558,0.000118436757236579,0.000556525407660055
"CARHSP1",2.84238833333334,12.9751635,6.2547172412344,0.00011880089795716,0.000557808053493402
"ATP5J",2.23893783333334,6.12941305,6.25057991612935,0.000119414793842366,0.000560260512827911
"OR2H2",1.96301513333334,8.20899043333333,6.24986444287635,0.000119521303771534,0.000560330526033904
"TMCO3",1.9216868,8.49478226666667,6.24873816081909,0.000119689177886088,0.000560460920156555
"SEMA6C",1.87720133333333,10.925947,6.24820076942036,0.00011976936691212,0.000560460920156555
"C16orf52",-2.5867672,6.99113756666667,-6.24783524713623,0.000119823943047528,0.000560460920156555
"SLC11A2",2.0200058,6.66125846666667,6.24656795462192,0.000120013371210899,0.00056052679420979
"KRT20",2.18850783333334,9.37210508333333,6.24651519020398,0.000120021265187124,0.00056052679420979
"ZCCHC7",2.17085303333333,4.28303945,6.24500913858625,0.000120246819780494,0.000561151825642304
"BMP2K",2.22008686666667,8.7803289,6.24329336891611,0.000120504342554826,0.000561924975419534
"MTG1",2.5149315,4.02420878333333,6.23955032171157,0.00012106821842779,0.000563366945928203
"INS",1.9165349,3.50118068333333,6.2394332070114,0.000121085907360486,0.000563366945928203
"RAB26",2.05134803333334,5.97892585,6.23940728837398,0.000121089822473944,0.000563366945928203
"RSPRY1",-2.00912556666667,8.82547521666667,-6.23679889598393,0.000121484532666371,0.000564773838034087
"DNAJB6",1.94094633333334,7.52729705,6.23445816627737,0.000121839925882294,0.0005656551487055
"PAPD5",-1.92254536666667,7.37290565,-6.2343326141582,0.000121859020267056,0.0005656551487055
"NME1-NME2",3.07933556666667,9.82517655,6.23193196656748,0.000122224742922995,0.000566922651404764
"TXNDC5",2.3866936,6.3883461,6.22975895642881,0.000122556811752172,0.000568032253257414
"DKK3",-2.4198187,6.88747051666667,-6.22873496819409,0.000122713631261985,0.00056832853600365
"MGST1",1.920059,8.4474245,6.22652533564271,0.000123052768221197,0.000569444091698514
"CARS",1.97686566666667,6.20697443333333,6.22515943451616,0.000123262915912673,0.000569444091698514
"THAP2",2.19189383333334,8.32053641666667,6.22489577375202,0.000123303525594723,0.000569444091698514
"SEC24D",-2.92211373333333,5.7163014,-6.22474464299707,0.000123326809660106,0.000569444091698514
"ZC3H12C",-1.89750146666667,7.22901183333333,-6.22321188590354,0.000123563224194943,0.000570105434106081
"MESP2",-6.45073313333334,8.2362011,-6.21682929749088,0.000124552974063093,0.000574238956532031
"SPSB4",2.17494266666667,10.5203433333333,6.2117805329166,0.000125341969660454,0.000577441393360435
"DENND1A",-2.61593603333333,6.96595996666667,-6.21104905774229,0.000125456729135946,0.000577535191011073
"DAZAP1",2.60968588333333,4.64747500833333,6.2080369455035,0.000125930493005333,0.000579280267824532
"FEZ2",2.0083632,5.56266536666667,6.20698910214686,0.000126095758314759,0.000579604695243951
"WDFY3",-2.2829163,4.78149261666667,-6.20221405722167,0.000126851855543457,0.000582642381542693
"MYH9",-1.9111006,4.86590213333333,-6.2000249964405,0.000127200119085964,0.000583803697350286
"MEF2BNB-MEF2B",-2.56304066666667,6.34486543333333,-6.19750892766833,0.000127601686646228,0.000585207735308564
"TH",2.18474108333333,4.02714829166667,6.19538916559249,0.000127941068746278,0.000585894150297384
"RIC8A",1.9218455,10.3319639166667,6.19504626439234,0.000127996060341255,0.000585894150297384
"VWA5A",2.6788371,4.64236501666667,6.19478078673009,0.000128038652982609,0.000585894150297384
"IP6K2",2.13517993333334,8.65088253333333,6.19090383035838,0.000128662414943488,0.000587737188834201
"AGTPBP1",2.152758,5.03115243333333,6.19012081921511,0.000128788792242853,0.000587737188834201
"NUP133",2.07662026666667,8.48658986666667,6.18993627893235,0.000128818596447977,0.000587737188834201
"IRX6",2.15474823333333,3.57613685,6.18989236542754,0.000128825689804947,0.000587737188834201
"RUNX1T1",-2.17084003333333,4.64165263888889,-6.18889706639755,0.000128986574129909,0.000588032682955874
"UGDH",2.51022546666667,3.98185433333333,6.18746443363556,0.000129218532996631,0.000588651515170061
"RPP14",2.19697066666667,12.843565,6.18468131608933,0.000129670442138923,0.000590270658486555
"FAM154B",1.89345446666667,3.7483551,6.18358204708585,0.000129849407307499,0.000590387464473848
"GBE1",2.5735124,5.0920365,6.18333844901503,0.000129889102187283,0.000590387464473848
"GRIK3",-2.09748143333333,5.34073798333333,-6.18172042060561,0.000130153097440146,0.000591148218365861
"GSPT2",1.95342646666667,9.13323376666667,6.17941979625755,0.00013052946489961,0.000592417853305499
"AKAP17A",1.78614633333334,13.8895925,6.17831975682085,0.000130709840622462,0.000592796741977926
"CCNT1",-2.42287143333333,4.52734058333333,-6.17594751220243,0.000131099741655977,0.00059354993810125
"SNX7",1.80921735,6.98937554166667,6.17557796241376,0.000131160593971306,0.00059354993810125
"DDOST",1.92546163333334,7.90965518333333,6.17553925829868,0.000131166968995242,0.00059354993810125
"CELF4",1.93478333333333,5.10247345,6.17384806324598,0.00013144585662033,0.000594372321362292
"ATP6AP1L",1.85328196666667,3.53529991666667,6.16682224700355,0.000132611346246499,0.000598577449131878
"C12orf51",-3.47138323333333,5.67792631666667,-6.1666933150167,0.000132632838619686,0.000598577449131878
"QSER1",-2.6472775,4.26290045,-6.16647439742309,0.000132669339820665,0.000598577449131878
"HLX",2.16732263333333,3.79105525,6.16399069329565,0.000133084222449977,0.000600006833418539
"ACTR1A",2.3935036,6.45333013333333,6.16271013934932,0.000133298677217603,0.000600499516553759
"TMC4",1.9380601,8.87012988333333,6.16162161518126,0.000133481266892869,0.000600499516553759
"CRISPLD1",-2.36528646666667,4.14059326666667,-6.16158174112934,0.000133487960528459,0.000600499516553759
"C6orf108",1.93817333333333,10.639609,6.16018968831932,0.000133721871630163,0.000601109780039192
"HNRNPH1",-2.4064171,5.84861131666667,-6.15891968401587,0.000133935661654534,0.000601628765053188
"CENPA",2.9071999,5.94980481666667,6.15768326720181,0.000134144153152796,0.000602123205420987
"BCAP31",3.1804256,8.4915212,6.15693814972491,0.000134269968671491,0.000602246091152627
"EIF4G1",-2.50078605555556,6.76274820555556,-6.15567878997681,0.000134482906195696,0.000602393606937298
"CBL",-2.15194496666667,4.04790228333333,-6.15557907428978,0.000134499782130819,0.000602393606937298
"PRPF4",2.27256246666667,8.1515521,6.1527576918938,0.000134978225758931,0.000603385327794272
"PAK2",-2.5992308,7.0240321,-6.15263881817851,0.000134998424501791,0.000603385327794272
"JPH2",1.8705624,5.0311657,6.15252902626555,0.000135017082992867,0.000603385327794272
"NEXN",-2.85904241666667,8.04121445833333,-6.15167463084226,0.000135162377910035,0.000603593743104812
"JMJD7-PLA2G4B",2.16576133333333,5.82702466666667,6.15061732433324,0.000135342413416596,0.000603956882044298
"CSN3",1.90305453333333,3.6200345,6.14962042559915,0.000135512400634579,0.000604274684462358
"ZFP2",1.87067346666667,8.71869526666667,6.14781036183357,0.00013582163662369,0.000605212507548242
"LARP1B",2.16618286666667,6.7841418,6.14709590875136,0.000135943905837171,0.000605316459906706
"C18orf34",-2.5514736,4.57672553333333,-6.14550044680556,0.000136217378440843,0.000606093033673513
"AKR1B1",1.8193485,10.0789264166667,6.14257497935473,0.000136720371044746,0.000607888975328312
"SLA",-1.97307663333333,4.69811825,-6.14189956670477,0.000136836784111267,0.000607964738702056
"GLE1",2.65080713333334,7.5447731,6.14033604023296,0.000137106682982906,0.000608528491314464
"UTS2",3.2537649,4.88167341666667,6.13961837344337,0.000137230760878923,0.000608528491314464
"PIGC",2.22167146666667,9.1164606,6.13864577961123,0.000137399107301131,0.000608528491314464
"PTK7",1.97505006666667,8.12286085,6.13832976898459,0.000137453853737404,0.000608528491314464
"LMX1B",-2.0882785,4.98136651666667,-6.13767013708938,0.000137568206043645,0.000608528491314464
"GAPDH",2.181316,10.5302723333333,6.13752317304522,0.000137593697425626,0.000608528491314464
"ASAP1",-2.32555296666667,4.34922951666667,-6.13714148241168,0.000137659926770059,0.000608528491314464
"FAM122B",2.29653865555556,6.75882839444444,6.13387075572147,0.000138228866240673,0.000610602313112228
"MPV17L",2.19695913333333,4.28091343333333,6.13230540000754,0.000138502058337038,0.000610680132477233
"ALOX12B",2.40030363333333,3.67962768333333,6.13225283625232,0.000138511242108427,0.000610680132477233
"CTSB",2.74314736666667,4.50054031666667,6.13110490785013,0.000138711968961259,0.000610680132477233
"WDR33",3.3051055,5.06642968333333,6.13082330290056,0.00013876125850492,0.000610680132477233
"RNF166",1.92143765,4.09112254166667,6.13013900774436,0.000138881110265525,0.000610680132477233
"EFEMP2",2.36994053333333,5.71569926666667,6.12971513779512,0.000138955405712154,0.000610680132477233
"SLC34A1",2.09657806666667,6.0075177,6.12946461280141,0.000138999337676979,0.000610680132477233
"LPCAT3",1.85252123333333,6.33702715,6.12909623304006,0.000139063963916083,0.000610680132477233
"PLIN3",2.3369194,4.54036986666667,6.12860738702364,0.000139149774220947,0.000610680132477233
"PLEKHG1",1.81871066666667,7.74682,6.12806726131653,0.000139244652632517,0.000610680132477233
"DAG1",-2.6970158,4.0631151,-6.12594054562673,0.000139618912445867,0.000611759392202963
"BTNL9",-2.04204516666667,6.61785115,-6.12553316518078,0.000139690727510222,0.000611759392202963
"GPR116",-1.84151286666667,4.301168,-6.12396678295963,0.000139967229848237,0.000612308306088115
"COPA",-2.01345668333333,7.971302825,-6.1236895239124,0.000140016234098933,0.000612308306088115
"PDIA6",2.19551106666667,8.42352246666667,6.12071514856363,0.000140543110891608,0.000613940427988715
"CAMK2G",2.09918724444444,6.61350142222222,6.12009396078557,0.000140653417895073,0.000613940427988715
"ICA1L",-5.17671666666667,10.156228,-6.11988525242315,0.000140690500170019,0.000613940427988715
"SPON2",-4.87380666666667,10.2726996666667,-6.11746764698846,0.000141120820451117,0.000615379315409789
"BTBD18",-2.490067,7.88607483333333,-6.11465046549868,0.000141624060991034,0.000617133906797113
"TOR2A",1.97116718333334,3.84184550833333,6.11263763183859,0.000141984808242089,0.000618141605264434
"DCTN4",2.36862833333334,12.3717588333333,6.11222502960813,0.000142058879043685,0.000618141605264434
"C11orf68",2.10928233333334,11.9909378333333,6.11167089279729,0.000142158424093995,0.000618141605264434
"TFDP2",-1.79417035,7.74337909166667,-6.10698145617248,0.000143003862714166,0.000621311437307835
"SRPX2",-1.78226603333333,7.97205231666667,-6.10602692113512,0.000143176617419781,0.000621311437307835
"TEX30",2.4179159,8.31486105,6.10594156231506,0.000143192076921224,0.000621311437307835
"NIT1",1.76368981666667,8.94698700833333,6.10455655071839,0.000143443171679073,0.000621882285774415
"SNX27",-3.02726783333333,5.39737191666667,-6.10409510555883,0.000143526934866537,0.000621882285774415
"CXCL1",-2.6480349,7.84199655,-6.09980702188142,0.000144307859656442,0.000624525865044397
"COL21A1",-1.97125723333333,4.59539598333333,-6.09962440846536,0.000144341218236806,0.000624525865044397
"RTEL1",2.15160163333333,5.32901361666667,6.09639258255053,0.000144932969057604,0.00062664304218687
"MAGIX",-3.46290706666667,9.0224648,-6.09558465970616,0.000145081310437593,0.000626841424616663
"H2AFV",1.7714015,6.25477491666667,6.09269578404589,0.0001456130777095,0.000628694996066844
"TMEM19",2.333413,9.91323383333333,6.09201648490286,0.00014573842515748,0.000628792443662527
"ZNF574",2.53984406666667,4.4379814,6.08961992574534,0.000146181582921036,0.000630259988943552
"CACYBP",1.7873244,8.3053948,6.08873503782201,0.00014634557966678,0.000630318833427994
"NFYC",2.66952346666667,5.36359956666667,6.08843470845555,0.000146401285109706,0.000630318833427994
"B3GNT1",2.08025993333333,4.86761783333333,6.08175028782546,0.000147647076513797,0.000635059957877229
"C5orf25",1.80217493333333,6.60814836666667,6.08141381491964,0.000147710088273831,0.000635059957877229
"CASD1",2.64141166666667,6.9526605,6.07968943661587,0.000148033472062521,0.000636003358201195
"EIF3A",-2.31462613333333,5.62417116666667,-6.0772994585163,0.000148482947402306,0.00063690056886559
"GSDMB",3.1908198,5.47071543333333,6.07729676023579,0.000148483455692826,0.00063690056886559
"KRT80",1.75247133333334,9.58262416666667,6.07639467576075,0.000148653492075756,0.00063690056886559
"FICD",-1.98223916666666,7.31931208333333,-6.07636698977586,0.000148658714014394,0.00063690056886559
"PTPN11",-2.14974263333333,6.76701058333333,-6.07487192929128,0.000148940996928999,0.000637663414423803
"GRIN1",-1.96754123333333,4.59152611666667,-6.07208653340905,0.000149468456567131,0.000639153371465223
"NR1I2",-3.19984546666667,5.85488826666667,-6.07084614246273,0.000149703994709041,0.000639153371465223
"TLR9",-2.58202933333333,8.38298533333333,-6.07051315293048,0.000149767294528008,0.000639153371465223
"HMGCL",2.4995916,6.6365344,6.07036669780052,0.000149795144161219,0.000639153371465223
"DLL1",2.20619463333333,5.12841705,6.07028140642982,0.000149811365590247,0.000639153371465223
"KIFC2",2.2858586,4.83943953333333,6.06913498615072,0.000150029585984736,0.000639638332442241
"PDE8A",-2.15365583333333,4.66842595,-6.06679088272235,0.00015047685593553,0.000640688044635119
"RASL10B",-1.8844337,4.40190158333333,-6.0664020317662,0.000150551190597065,0.000640688044635119
"HGFAC",1.98194416666667,7.22342525,6.06619928000662,0.000150589965378441,0.000640688044635119
"ELP2",2.89973146666667,5.80621306666667,6.0656072050014,0.000150703257222805,0.000640724480673468
"ZNF880",-1.81977723333333,7.70163671666667,-6.06242501816765,0.000151313741306381,0.000642740191490409
"MELK",1.90290153333333,4.4318014,6.06178943142191,0.00015143599521047,0.000642740191490409
"CPEB2",1.98609535,5.50199104166667,6.06100123786181,0.00015158775120029,0.000642740191490409
"CCNG1",2.7915228,7.6225686,6.06077299105812,0.000151631727744986,0.000642740191490409
"PRKACG",-2.000287,4.32313493333333,-6.06040502144284,0.000151702653892146,0.000642740191490409
"HLA-A",-1.826598,13.27869,-6.05935215971396,0.000151905791350496,0.000642920814484891
"YIPF1",2.44137866666667,8.896595,6.05845770720421,0.000152078596795707,0.000642920814484891
"PLBD2",-2.2905763,7.14911275,-6.05769561746421,0.000152225997966789,0.000642920814484891
"TM2D2",2.18996483333334,7.60631998333333,6.05766938605007,0.000152231074321156,0.000642920814484891
"ALG6",2.53157496666667,7.17215495,6.05746455863702,0.000152270719220106,0.000642920814484891
"AAMP",2.02505,3.60029663333333,6.05518058090745,0.000152713546768043,0.000644345847673716
"RINT1",2.59081256666667,5.45733535,6.05366402581039,0.000153008352649523,0.000645144797732449
"HERC4",2.3613046,7.4853907,6.05261053730718,0.000153213504551546,0.000645564890390053
"CHRM1",2.10502416666667,13.7044715833333,6.05078465206514,0.000153569774900249,0.000646387771838113
"TMEM143",-1.84995703333333,5.74656725,-6.05052706486635,0.000153620107919682,0.000646387771838113
"USP8",3.09424933333333,9.991322,6.04669065090072,0.00015437186642237,0.000648832174969272
"SLC25A20",2.09890793333333,5.18560803333333,6.04648056021736,0.000154413149191772,0.000648832174969272
"IL9",-2.1689824,4.20508826666667,-6.0457000604734,0.000154566621838985,0.000649031291977288
"ASCL4",2.43888913333333,4.59203433333333,6.04245313693717,0.000155206850214833,0.000651051635191869
"RRM2B",2.65309653333333,7.45952506666667,6.04218121641554,0.000155260597539218,0.000651051635191869
"GOLGA2",2.62683166666667,12.4754961666667,6.03970967237706,0.000155750042725165,0.000652516903925641
"C17orf61",1.969896,12.0863036666667,6.03928849120617,0.000155833616462598,0.000652516903925641
"KRTAP4-11",-2.80845436666667,4.42260848333333,-6.03880307837462,0.000155929995674941,0.000652516903925641
"TM4SF18",2.85760986666667,4.836808,6.03600359111082,0.000156487096493431,0.000654400585336168
"DDX47",2.3728827,7.17947365,6.03527145898458,0.000156633146437389,0.000654502894899002
"PLP1",2.42473953333333,5.53412886666667,6.03480877380054,0.000156725521580098,0.000654502894899002
"CTBP1",2.01609423333333,3.50395288333333,6.03320108704656,0.000157046954804912,0.000655397864595125
"PDZD9",-1.9908541,3.47577295,-6.03170564447651,0.000157346586686157,0.000656200693487325
"CREB1",-1.94401013333333,6.20856616666667,-6.03087719664925,0.000157512843390291,0.000656286531933479
"ACAD10",2.62296826666667,4.2840743,6.03036761086586,0.000157615203781653,0.000656286531933479
"UCP2",2.243623,4.39941836666667,6.03000053088086,0.000157688983645344,0.000656286531933479
"SERPINE2",1.94978896666667,9.91007801666667,6.02831725789616,0.000158027785522989,0.000657249484588473
"PPP1R11",2.1616575,5.60698688333333,6.02750711959024,0.000158191127240795,0.000657481872594556
"IDI2",2.62434196666667,6.11512611666667,6.02424915072224,0.000158849851776232,0.000659309191031044
"NPIP",1.83629366666667,15.2320788333333,6.02320400890884,0.000159061795729357,0.000659309191031044
"RNF175",2.52720293333333,6.058915,6.02301762903632,0.000159099623766141,0.000659309191031044
"ARL17A",2.2556916,7.3870837,6.02279102820587,0.000159145628237465,0.000659309191031044
"NLRP14",-2.9037406,6.46955903333333,-6.02257608619026,0.00015918927903468,0.000659309191031044
"CRYBA2",2.15695773333333,5.65628486666667,6.02214248137512,0.000159277375669154,0.000659309191031044
"COX6C",2.22393416666667,12.33143325,6.02119138916595,0.000159470796324888,0.000659374382848969
"LOXL4",2.06886916666667,4.27127705,6.0210052670197,0.000159508677119398,0.000659374382848969
"FAM220A",2.28829296666667,8.96577385,6.01650863782373,0.000160426824724225,0.000662722021379345
"E2F4",2.01685976666667,7.89825111666667,6.01480611066957,0.000160775946975379,0.000663716088795795
"NEMF",-2.59540403333333,8.27786998333333,-6.01415138847712,0.000160910423777572,0.000663823312657575
"BACE1",1.8290407,7.75659631666667,6.01320931191081,0.000161104135294742,0.000663841716958203
"CD34",2.84099503333334,5.04782271666667,6.01307439583307,0.000161131897627154,0.000663841716958203
"C19orf81",1.9451261,6.67507491666667,6.01167766871351,0.000161419613161501,0.000664182415095687
"MRPL1",2.02430216666667,5.33816875,6.01161896388919,0.000161431718085532,0.000664182415095687
"KBTBD13",1.80013793333333,3.49680893333333,6.00908154910555,0.000161955872011434,0.000665710076049363
"PEX2",2.3375123,6.63010548333333,6.00852099536647,0.000162071913677855,0.000665710076049363
"AQP1",2.4393589,4.75934081666667,6.0082431897822,0.000162129456246085,0.000665710076049363
"C14orf159",2.09203136666667,5.82844115,6.0052383585926,0.000162753268404295,0.000667507327317251
"EIF4A2",1.91526116666667,10.65049225,6.00493883740008,0.000162815592044682,0.000667507327317251
"TMED7-TICAM2",2.02027053333333,4.00869643333333,6.00455987885201,0.000162894481805272,0.000667507327317251
"CPT1A",1.82518436666667,5.69637548333333,5.99837468539169,0.000164187946135006,0.000671932645014439
"CRLS1",2.25473903333334,5.33970405,5.9983455396981,0.000164194067390746,0.000671932645014439
"TMEM62",2.2585469,6.22407911666667,5.99767208803621,0.000164335576248208,0.000672062202865331
"NFATC1",-2.0401651,6.60060933333333,-5.99554399101191,0.000164783609641562,0.000673394264839866
"RBMY1B",2.55131746666667,9.7630676,5.99508017448787,0.000164881433267427,0.000673394264839866
"FAM214B",3.12016646666667,5.23754746666667,5.99445881114314,0.000165012583554711,0.000673480310999146
"CCR7",-1.80812153333333,6.98420596666667,-5.99357841233447,0.00016519860128853,0.000673790028455483
"RNF217",1.76424706666667,3.39985396666667,5.99269359822356,0.000165385780418127,0.000674104067020719
"TADA1",2.2411933,6.21179601666667,5.99047199906876,0.000165856763042827,0.000675573685949409
"ARHGAP27",2.05992796666667,4.10922918333333,5.98917132759652,0.000166133180510255,0.000675756321221778
"MYO1A",2.2061427,3.64322928333333,5.98897789165215,0.000166174331868407,0.000675756321221778
"IFI6",-1.7508577,4.29236351666667,-5.98805221388412,0.000166371412220786,0.000675756321221778
"RRP1B",-2.4351186,5.50546973333333,-5.98784058356739,0.000166416504616412,0.000675756321221778
"PABPC3",2.34369813333334,3.65132493333333,5.98766526554256,0.000166453869905397,0.000675756321221778
"RNASE1",2.39744293333334,8.8452607,5.98546475385251,0.000166923634262809,0.000677214054655083
"NFAT5",-1.76089896666667,6.72027418333333,-5.98493960385526,0.000167035954834615,0.00067722065717573
"GAB4",-2.07314206666667,5.07004213333333,-5.98283954558099,0.00016748593881734,0.000678595346810918
"MGAT5",-3.5123742,6.17183456666667,-5.98152986008905,0.000167767231456714,0.000678773631918672
"SHISA2",2.52846753333333,4.5274598,5.98115123839585,0.000167848646514841,0.000678773631918672
"REG3A",2.132828,4.42439266666667,5.98047334012488,0.000167994521784545,0.000678773631918672
"CHRDL1",-2.27017277777778,4.33299032222222,-5.98009363736374,0.000168076288983567,0.000678773631918672
"E2F5",1.9599586,7.7671802,5.97987868867571,0.000168122596245036,0.000678773631918672
"ABHD14B",-3.03366276666666,8.01393661666667,-5.97953984030521,0.0001681956237314,0.000678773631918672
"RSC1A1",2.30675536666667,8.34422648333333,5.97864931494963,0.000168387710400066,0.000678806906765419
"ERAP1",1.77016563333334,8.54732235,5.97830532961003,0.00016846197166988,0.000678806906765419
"SNF8",-2.12695833333333,11.2209565,-5.97745609976625,0.000168645459315512,0.000678806906765419
"TRAF7",2.50926346666667,4.13692393333333,5.97744583398048,0.000168647678699483,0.000678806906765419
"ETV3",-2.22072698333333,6.23026319166667,-5.97508054265565,0.000169159879384825,0.000679535377078582
"ARSJ",2.0265997,5.89341838333333,5.97475663344966,0.000169230152332742,0.000679535377078582
"MTERFD1",1.7873611,8.37996311666667,5.974723158198,0.000169237416675445,0.000679535377078582
"ALG1L",1.86281456666667,7.28352438333333,5.97442311653293,0.000169302542683156,0.000679535377078582
"HTR2A",1.91038428333333,4.873502675,5.97375756284096,0.000169447102211345,0.000679535377078582
"KIAA1143",2.50619386666667,4.10811473333333,5.9735367435904,0.000169495094053925,0.000679535377078582
"C9orf123",3.31454173333334,6.199838,5.97145325293509,0.000169948634558609,0.000680319416185402
"NME3",2.3927192,6.8112402,5.97127528814239,0.000169987435252762,0.000680319416185402
"NTRK2",-1.707,11.7015793333333,-5.97110645340312,0.000170024254224825,0.000680319416185402
"MLXIPL",-2.3120346,4.52465706666667,-5.96952274253466,0.00017037004521995,0.000681257474938337
"H2AFB1",2.32119656666667,4.36409498333333,5.96674124581984,0.000170979205338791,0.000683111522282055
"SKAP1",1.84302793333333,3.40744423333333,5.96638670405262,0.000171057020617213,0.000683111522282055
"BIRC7",-2.49015546666667,5.9266155,-5.96294993141534,0.000171813315511151,0.000685684190670072
"PRRC2C",-3.20399766666667,11.4254438333333,-5.96216730539083,0.000171986044781522,0.000685926089943516
"SLC41A3",1.86030946666667,6.71089645555556,5.96042716738293,0.000172370774653905,0.000687012638001687
"BEAN1",1.70594693333333,8.06576386666667,5.95900487271371,0.000172685923113234,0.000687640728596526
"MED12L",-2.02364293333333,3.75972093333333,-5.95870181387055,0.000172753154601644,0.000687640728596526
"DGCR8",1.711465,3.57358206666667,5.95671912679652,0.000173193698663692,0.000687869578681951
"TCF12",-1.94934183333333,5.39717756666667,-5.95668579527278,0.000173201115149893,0.000687869578681951
"BBS1",1.7645194,3.43564173333333,5.9565457430359,0.00017323228145858,0.000687869578681951
"KIAA0895L",2.57980116666667,12.0773965833333,5.95641948811064,0.000173260382600341,0.000687869578681951
"GIPR",2.5101211,8.81889345,5.9553186655709,0.000173505606670485,0.000688365281311313
"HERC6",2.84141828333333,4.58098419166667,5.95484934099601,0.000173610269542883,0.000688365281311313
"EXOC8",2.3827025,11.5359185833333,5.95081785439757,0.000174512137519177,0.000691493042320159
"OR51T1",-2.44186176666667,4.11824311666667,-5.9473233904533,0.000175297968650529,0.000694157263562417
"MED9",1.83209266666667,3.7490392,5.94556190126731,0.000175695539801436,0.000695281573418618
"ARHGAP24",1.75977233333333,3.57886666666667,5.94491260385468,0.000175842333125977,0.000695412665846623
"YBX2",1.738913,9.84115383333333,5.94348263011697,0.000176166089694259,0.00069590239499717
"SLC38A3",1.7451848,6.84384563333333,5.94336098985169,0.000176193659668293,0.00069590239499717
"SPEG",1.87865466666667,9.39081,5.94283400161036,0.000176313156341041,0.000695925090641604
"NFYA",-2.57915963333333,5.54111838333333,-5.94011974381368,0.000176930014290678,0.000697835501788317
"FKTN",1.82080746666667,4.74023136666667,5.93970144831359,0.000177025285841038,0.000697835501788317
"UQCRFS1",2.83600366666667,5.87378196666667,5.93823233842672,0.000177360331955594,0.000698296813951476
"GOLGA6D",2.010382,9.96707066666667,5.93818742115389,0.0001773705866101,0.000698296813951476
"TAZ",2.23718258888889,4.41055303888889,5.93734868909583,0.000177562187672357,0.000698474111232493
"RNFT1",2.6926893,7.90385501666667,5.93680158141534,0.000177687290237234,0.000698474111232493
"WDR81",1.7291903,3.37869685,5.93649199879123,0.000177758122129616,0.000698474111232493
"GSTM3",1.93623466666667,8.961269,5.93557190424901,0.00017796881815876,0.000698853163989276
"ABLIM1",-2.7991375,10.1952800833333,-5.93435684789062,0.000178247472378194,0.000699148993871301
"GNG5",1.79703833333334,11.2224961666667,5.93424690869965,0.000178272708473231,0.000699148993871301
"KRTAP4-12",2.4784272,4.2211471,5.93365948172502,0.000178407615415901,0.000699229846966358
"ABCF1",-2.33406476666666,7.29045728333333,-5.92865743566624,0.000179560852898444,0.000703299166474186
"CIDEA",1.98439313333333,3.63947353333333,5.92678662100695,0.00017999424335507,0.000704395792207658
"DOK7",-1.8230554,5.6723942,-5.92645534201183,0.00018007110477489,0.000704395792207658
"NDNL2",1.73755133333333,12.8154436666667,5.92276041719826,0.000180930788243951,0.000707306429697441
"MRPL18",1.91368166666667,8.05823083333333,5.91983978437975,0.000181613459338221,0.000709521803468223
"ZBTB49",1.9229263,4.00027131666667,5.91559538186889,0.000182610516912884,0.000712961801195295
"FAM209A",1.84461713333333,4.95627646666667,5.91497812913331,0.000182756008547737,0.00071307478335144
"SNX11",2.04432843333333,3.73202285,5.91397475857189,0.000182992778802225,0.000713543544112179
"KIF14",-2.29240633333333,3.62654906666667,-5.91343269942796,0.000183120829061361,0.000713588045985609
"IL12RB2",1.84795126666667,3.83405743333333,5.91268680626728,0.00018329718922777,0.000713820626158815
"TMUB2",2.1456957,3.79810918333333,5.91162187800793,0.00018354930076921,0.000714347723986023
"LPCAT2",1.96683683333334,7.70929908333333,5.91062412409134,0.000183785849507488,0.000714541373112095
"CHST2",2.29111466666667,8.80348333333333,5.91042690743313,0.000183832644864079,0.000714541373112095
"PTDSS1",2.43605333333334,6.56297066666667,5.90908081535736,0.000184152388246002,0.000714981459782201
"ADAMTS2",1.86533836666667,3.80597205,5.90896638124434,0.000184179598008622,0.000714981459782201
"ST5",1.784178,8.05672466666667,5.90817148637538,0.000184368725425229,0.000715261802252093
"TRIO",-2.49702046666667,7.28837576666667,-5.90760726295621,0.000184503097100286,0.000715329498136596
"GRP",1.85849538333333,4.45998670833333,5.90628885348261,0.000184817493459563,0.000715732735661134
"FAM221A",2.19802966666667,6.77127583333333,5.90580181068408,0.000184933783210348,0.000715732735661134
"NACA2",2.15726866666667,11.4309976666667,5.90502503528288,0.000185119415210531,0.000715732735661134
"SRSF7",1.6786605,13.2925999166667,5.9045898650369,0.000185223499195419,0.000715732735661134
"MAP3K7",2.03749993333333,6.41205226666667,5.90440636660899,0.00018526740729013,0.000715732735661134
"GABARAPL2",1.800292,10.8293373333333,5.90348574368824,0.000185487866759334,0.000715732735661134
"SPHK1",-4.4621051,6.09978991666667,-5.90342098207935,0.000185503385743589,0.000715732735661134
"TNFRSF10A",-1.79602446666667,8.22823043333333,-5.90325566554544,0.000185543007315881,0.000715732735661134
"SORCS1",-2.2994422,5.4896426,-5.90195377480278,0.000185855352513872,0.000716485851720144
"MLLT6",-2.0376849,5.12570778333333,-5.90080967516583,0.000186130310131252,0.000716666293844946
"MT1F",1.8808345,9.42965925,5.90070611370625,0.000186155220396289,0.000716666293844946
"KCNK16",1.89147533333333,3.54810133333333,5.90011584152411,0.000186297270944823,0.000716666293844946
"IGSF9",1.83914353333334,6.6555537,5.8998108186682,0.000186370721397076,0.000716666293844946
"KCNN2",1.93703908333333,4.71512610833333,5.89773699730063,0.000186870934481332,0.000718138427862304
"IQCF5",2.23014956666667,4.49476368333333,5.89660247689254,0.000187145198638536,0.000718740944928162
"FCGR3A",-2.07360641666667,11.9335917083333,-5.89522745454346,0.000187478186054419,0.000719307076229034
"MARCH2",2.25107346666667,9.54917633333333,5.89500396771751,0.000187532368037559,0.000719307076229034
"CMTM6",2.33052246666667,8.45557376666667,5.89453827657194,0.000187645324233661,0.000719307076229034
"PRR5-ARHGAP8",2.02745536666667,3.56004211666667,5.88963455316622,0.00018883922521984,0.000723430419470872
"SMAD5",-2.0856464,8.67292668888889,-5.88214889109998,0.000190677603966434,0.000730016008176872
"TRIM54",-1.77164206666667,6.80847736666667,-5.88068202643682,0.000191040107319161,0.000730605174778084
"CTSL2",2.62257803333333,7.48493365,5.88055986617196,0.000191070330115223,0.000730605174778084
"KCTD6",2.5405469,5.12442088333333,5.8790283661512,0.000191449666256332,0.000731142795411552
"SSR3",1.67964463333333,6.80530375,5.87845189044252,0.000191592663840557,0.000731142795411552
"ZNF322",-2.1908765,7.28839408333333,-5.87808783702707,0.000191683028498812,0.000731142795411552
"ATG14",-2.01259483333333,6.08845025,-5.87783337203423,0.000191746218667146,0.000731142795411552
"NCOA1",-2.68521763333333,7.30013162777778,-5.87758279788352,0.000191808464634773,0.000731142795411552
"TMEM237",1.75005986666667,3.5027176,5.87646689405922,0.000192085935299148,0.000731401508744979
"ANTXR1",-1.90139646666667,6.9071101,-5.87555209126978,0.00019231372548427,0.000731401508744979
"SLC3A2",1.95980034166667,4.77181720416667,5.8754214334435,0.000192346283709045,0.000731401508744979
"GPR137B",2.140707,9.50324183333333,5.87524355667922,0.000192390617850133,0.000731401508744979
"LOC100505549",2.2533776,4.77020436666667,5.87490880624414,0.000192474081248679,0.000731401508744979
"FOXD4",2.58089633333333,6.78975183333333,5.87304988288209,0.000192938279418726,0.000732710362187318
"MRGPRG",1.98735716666667,10.7317374166667,5.87120101300858,0.000193401167126136,0.00073360858011108
"SCUBE1",-2.0459652,4.95182206666667,-5.87114735449473,0.000193414619110685,0.00073360858011108
"RPS4Y1",-2.12767006666667,5.91491203333333,-5.87001228479441,0.000193699413750678,0.000734161670385113
"HMSD",1.86095046666667,6.5375824,5.86961006680782,0.000193800440940169,0.000734161670385113
"ATRNL1",-1.868577,3.57769313333333,-5.86840982115919,0.000194102251462946,0.000734849984189544
"SELK",-1.742814,11.4813746666667,-5.86595986817093,0.000194719887384962,0.000736280126270341
"CRYZ",2.11376478333334,7.02925244166667,5.86595664923096,0.000194720700278753,0.000736280126270341
"ACADVL",1.97279996666667,5.74775378333333,5.86486275100911,0.00019499715990154,0.000736870058232009
"MRPS34",3.37425383333333,6.51767908333333,5.8640485234607,0.000195203213969861,0.000737193372263955
"MAP1B",-3.2242522,4.3642349,-5.85721838325477,0.000196940988489229,0.000743150306405717
"PYGO1",-1.969441,3.9587603,-5.85689568597199,0.000197023503921228,0.000743150306405717
"TSPAN14",1.78503786666667,3.42102836666667,5.85550491428366,0.000197379559335267,0.000744034592737623
"IRF2",2.25769363333333,5.91456321666667,5.8529000745675,0.00019804830336788,0.000746095763549686
"PGM2",2.51251116666667,8.29286591666667,5.84991175251073,0.000198818515489202,0.000748536417084885
"MED28",1.8313241,7.69734761666667,5.84908883387875,0.000199031182871516,0.000748876246499345
"IL31RA",2.17728186666667,6.9363204,5.8479662886382,0.000199321679279363,0.000749467778710409
"WDR60",-2.1802178,7.1585021,-5.84753504282166,0.000199433400415257,0.000749467778710409
"TGM3",2.48247876666667,3.72071525,5.84556111820009,0.000199945641357186,0.000750931512475912
"GCFC1",2.55303378333333,4.750627525,5.84439557819988,0.000200248770642971,0.000751203279213434
"MYOM1",-2.80373943333333,6.63151351666667,-5.84391833647033,0.000200373033104536,0.000751203279213434
"UCN3",-2.93080896666667,6.43393835,-5.84386717150137,0.000200386360195542,0.000751203279213434
"ZNF721",-1.69068933333333,9.16186,-5.84122219721176,0.000201076610343963,0.000753329272556254
"INTS8",2.75430316666667,5.77929745,5.84005041243175,0.000201383227694623,0.000754016271135681
"FBXL16",-3.36044183333333,5.49967321666667,-5.83928686506984,0.000201583294549195,0.000754303728472156
"MED31",-4.36450833333333,10.5284475,-5.83716272043421,0.000202140999258148,0.000755928260061948
"PROX2",2.04982806666667,3.77809976666667,5.83552700336306,0.000202571600722309,0.000756632183327975
"BAZ1A",-2.67460883333333,7.95046666666667,-5.83550811074636,0.000202576579975682,0.000756632183327975
"FCER1G",1.84679093333333,7.26178653333333,5.83447797479016,0.000202848278217511,0.000756877832226298
"GMPR2",2.76225086666667,5.46561511666667,5.8343207712859,0.000202889775229017,0.000756877832226298
"SLC19A1",1.9038988,3.44527393333333,5.83376730630945,0.000203035946373362,0.000756961559970888
"STAT3",-2.72468533333333,5.1913831,-5.83311950536163,0.000203207176322131,0.000757138553434104
"TSHR",1.8645276,3.8320142,5.83212568034523,0.000203470172339108,0.000757457518775243
"RBBP4",2.2821907,9.18160906666667,5.8313638491677,0.00020367202473106,0.000757457518775243
"TIMM9",2.192201,10.7926878333333,5.83036872930384,0.000203936014403514,0.000757457518775243
"RPN2",2.35741933333334,6.7471471,5.82988625830665,0.000204064139393259,0.000757457518775243
"CRNN",5.471818,7.637908,5.82902484424103,0.000204293112742162,0.000757457518775243
"SCML4",1.88875833333333,5.55938116666667,5.82899685902187,0.000204300556174319,0.000757457518775243
"HRASLS5",1.9187983,3.51118365,5.82866957581205,0.00020438762781632,0.000757457518775243
"PACRG",1.76056613333333,5.85465616666667,5.82856020213834,0.000204416734929999,0.000757457518775243
"SPINK4",1.6968842,8.4234159,5.82813804366719,0.000204529124023744,0.000757457518775243
"CDC23",2.5732506,5.48302296666667,5.82802195066803,0.000204560042569148,0.000757457518775243
"GPR160",1.74833103333333,6.22071778333333,5.82756952331903,0.000204680583765224,0.000757457518775243
"TMEM33",2.18393013333333,7.9716816,5.82648552012809,0.000204969709312298,0.000757457518775243
"POGZ",-2.3512005,5.83049180555556,-5.82645343129254,0.000204978274772351,0.000757457518775243
"EPHA5",1.83369763333333,8.16452218333333,5.82627430753754,0.000205026095307585,0.000757457518775243
"APIP",1.82976506666667,6.57285976666667,5.82390791200561,0.000205658982520798,0.000759337148498637
"FKBP1A",2.12105346666667,7.22915793333333,5.8218682512433,0.000206206178526013,0.000760898311352322
"EIF3M",1.83315233333334,15.1500958333333,5.81938527161826,0.000206874430378379,0.000762904017513515
"SLC35F5",2.79383053333333,8.0469614,5.81851090932195,0.000207110306681754,0.000763313768842753
"COPS3",2.27924246666667,7.93497143333333,5.81687218390329,0.000207553167565366,0.000764037214620723
"SIRT3",2.17605233333333,4.3120415,5.81596116063321,0.000207799811250119,0.000764037214620723
"XRCC4",3.0828805,6.64586308333333,5.81568007810677,0.00020787597333325,0.000764037214620723
"CRISP2",2.9587468,4.9403113,5.8155068374208,0.000207922929622047,0.000764037214620723
"SPATA5",1.97715303333333,4.52904485,5.81547700388395,0.000207931017055166,0.000764037214620723
"BST2",2.03556496666667,6.78419201666667,5.8140819541157,0.000208309574165917,0.000764968772357191
"RASGRP3",-2.11277386666667,5.37349503333333,-5.8125834520211,0.000208717033151872,0.000765700858635394
"PPCS",2.27874756666667,9.50063988333333,5.81208048186444,0.000208853989067142,0.000765700858635394
"CHD2",-1.85123143333333,3.54725498333333,-5.81170862395163,0.000208955306264209,0.000765700858635394
"EML4",-1.83827201666667,7.03649854166667,-5.81150961251353,0.000209009551147615,0.000765700858635394
"PRSS45",-2.32807656666667,6.82305838333333,-5.80815038392705,0.000209927480306407,0.000767995062809876
"ELP3",2.5749963,4.45348811666667,5.80787236936555,0.000210003644266407,0.000767995062809876
"ALS2CL",2.0503745,4.96818441666667,5.80784048950424,0.000210012379875927,0.000767995062809876
"PPTC7",-1.81397523333333,5.53595138333333,-5.8031701864445,0.000211296369779316,0.000772228906995133
"TBL1X",-2.04075875,5.11135599166667,-5.80124954457536,0.000211826862820546,0.000773705520439463
"FBXO11",-2.26016706666667,4.16956296666667,-5.79941929862071,0.000212333726478624,0.000775094116107532
"AAAS",1.99375791666667,9.20694904166667,5.79877238462805,0.000212513194336001,0.000775286656498302
"FLYWCH1",1.72461196666667,4.94710948333333,5.7970806441361,0.00021298329426917,0.000775827189852882
"FLNA",-2.2159163,3.93605218333333,-5.79688741087756,0.000213037061237635,0.000775827189852882
"KBTBD7",1.83584283333334,11.2948464166667,5.79687041414299,0.000213041791263949,0.000775827189852882
"OPN3",2.05759363333333,6.35708075,5.79570939152194,0.000213365161196618,0.000776387757454814
"TAS2R10",-1.77818726666667,4.27024143333333,-5.79540679721614,0.000213449527302876,0.000776387757454814
"ABCB6",2.31386996666667,4.12090141666667,5.79488405152118,0.000213595358541873,0.000776456567771349
"ANKAR",1.70945686666667,5.0192608,5.79358472898139,0.000213958298969015,0.000777196241954801
"PEX19",1.6928274,6.95794336666667,5.79324643448297,0.000214052904167022,0.000777196241954801
"TP53BP1",-2.33096313333333,4.47788896666667,-5.79001570655734,0.000214958667009468,0.000779865038411134
"SDF2L1",-1.70303783333333,10.3242159166667,-5.78971608952796,0.000215042876724352,0.000779865038411134
"GAGE1",1.92509463333334,8.74483268333333,5.78925387733659,0.000215172854953346,0.00077987412713541
"SMPD4",-2.1197033,4.13455535,-5.7884137050235,0.000215409336263154,0.000780268987127279
"SYNPO",1.73237715,8.62618250833333,5.78681879966838,0.00021585902284873,0.000781435208158895
"TMEM14A",2.60368566666667,10.9012315,5.78468636544143,0.000216461851032403,0.000782802988343294
"RCBTB1",2.85928033333334,4.53815216666667,5.78457722997075,0.000216492751924952,0.000782802988343294
"B4GALNT2",2.16093473333333,4.20369816666667,5.78245847482383,0.000217093606385195,0.000784511921951935
"BTC",-2.319406,9.47807533333333,-5.78137837198512,0.000217400603751984,0.000785157552393527
"ZNF19",2.4549905,5.74208665,5.7805211363063,0.000217644589274915,0.000785574983589341
"NAT1",2.0217446,5.88497066666667,5.77969681739294,0.00021787948491531,0.000785806386806138
"KLK11",2.0030195,11.8545560833333,5.77894810739969,0.000218093072466085,0.000785806386806138
"POC1B",2.1811373,3.71070085,5.7789447702476,0.000218094024974963,0.000785806386806138
"KCNK17",2.45849246666667,6.18304476666667,5.77698745368634,0.000218653468006216,0.000786920295837919
"NFE2L1",2.0548255,5.83376585,5.77664996834821,0.000218750085059178,0.000786920295837919
"PTPRE",-2.67296226666667,4.79424476666667,-5.77638230365908,0.000218826746270382,0.000786920295837919
"CLRN1",-1.79141866666667,4.1363929,-5.77606495028339,0.000218917676285737,0.000786920295837919
"C8orf59",2.760434,10.9961038333333,5.77461697178176,0.000219333077878479,0.000787856977267296
"DHRS12",2.0250228,5.35708506666667,5.77425932971416,0.000219435810602071,0.000787856977267296
"PBRM1",-2.40486645,7.35048394166667,-5.77303044963117,0.000219789202663128,0.000788662957122004
"SEP15",1.88825975,11.9151339583333,5.77060901625416,0.000220487339699069,0.000790072705121745
"VCAN",-2.70697758333333,4.41690789166667,-5.7700580323891,0.000220646531077303,0.000790072705121745
"PPM1M",1.9411398,6.0032525,5.76965047073672,0.000220764364456788,0.000790072705121745
"SDHD",1.98227766666667,4.5426884,5.76952620060826,0.000220800306692542,0.000790072705121745
"NCAM1",-1.7734041,3.92438053333333,-5.76943124472885,0.000220827774723469,0.000790072705121745
"FAM218A",2.02962193333334,5.00135003333333,5.76894588416863,0.000220968233339153,0.000790113180344206
"NR3C1",2.2260088,6.94378143333333,5.76750759433956,0.000221385027091227,0.00079114111900942
"INPP5A",2.48199196666667,4.30440125,5.76341189558308,0.000222576552615585,0.000794934821308902
"PHACTR1",-2.03012076666667,6.63725935,-5.76184622248975,0.000223033867631909,0.000795630746929032
"PA2G4",2.02087016666667,12.1925704166667,5.76132796305556,0.000223185468595197,0.000795630746929032
"MSMO1",4.41105588333334,7.605819975,5.76125447605201,0.000223206973976462,0.000795630746929032
"BTD",2.73931323333333,4.31830138333333,5.76096537998087,0.000223291597331995,0.000795630746929032
"C21orf56",-2.82536583333333,10.0849780833333,-5.7604433142827,0.000223444502633126,0.000795712146163833
"AP5Z1",1.82523943333334,6.37388095,5.759522236547,0.000223714548345852,0.000795961099884124
"RABL5",1.66811065,7.42803665833333,5.75926149944233,0.000223791056390458,0.000795961099884124
"SPINT1",2.06220788333334,5.86966779166667,5.75848900578381,0.000224017894929235,0.000795961099884124
"C5orf4",-1.7267753,6.98086975,-5.75843140989378,0.000224034817587522,0.000795961099884124
"BARHL1",-2.11336406666667,5.28580556666667,-5.7577027544589,0.000224249028232216,0.000796259753177421
"WDR89",2.86541146666667,4.549749,5.75707219815862,0.000224434578081902,0.000796456350757005
"CCT3",2.29200323333333,7.73360771666667,5.75648647655497,0.000224607083189324,0.000796606455044802
"CGGBP1",1.73360356666667,6.76692745,5.75545624774118,0.000224910850712239,0.000797221659708852
"APC",-2.93893543333333,6.67920148333333,-5.7526518305329,0.000225739994483738,0.000799697328460629
"NPLOC4",-2.38904233333333,6.65462423333333,-5.74977535474359,0.000226593871772277,0.000802058128597965
"LRRC6",-1.90299283333333,7.13028191666667,-5.74952416782254,0.000226668601560294,0.000802058128597965
"SALL1",2.0857435,3.85785738333333,5.74854910563136,0.000226958941248402,0.000802400149337928
"SBSPON",2.3935539,4.68844468333333,5.74821102618926,0.000227059703278597,0.000802400149337928
"ZNF331",-3.2936496,9.5569692,-5.74787895506555,0.000227158721584389,0.000802400149337928
"DUSP15",1.894096,3.6408649,5.74738248135143,0.000227306849063381,0.000802460070726926
"THPO",-2.12534286666667,6.22483676666667,-5.74513729578065,0.000227978023840053,0.00080414304382619
"GNRH1",1.7383079,7.53640871666667,5.74428712696369,0.000228232731032579,0.00080414304382619
"UXT",1.90381406666667,9.15437163333333,5.74374861059973,0.000228394227281857,0.00080414304382619
"TUBB3",2.31256436666667,6.73507838333333,5.74359953230488,0.000228438956327563,0.00080414304382619
"DPF3",1.9290552,3.5946733,5.743593499416,0.000228440766618163,0.00080414304382619
"FAM120A",-2.0338352,3.8645462,-5.74246724439875,0.000228778993697365,0.000804870548269396
"LAMA3",-1.98789201666667,5.00787275833333,-5.74182206866866,0.000228972990719864,0.000805090090358694
"SPATA21",1.7978948,6.87445626666667,5.74054791798824,0.000229356635160891,0.000805141307337022
"GPR6",1.67940643333333,3.44451891666667,5.74054496939067,0.00022935752378247,0.000805141307337022
"POLE2",2.6947386,6.27427516666667,5.74042914706871,0.000229392432202831,0.000805141307337022
"PPP1R13B",-2.14837486666667,7.6762229,-5.74002606174189,0.000229513965347461,0.000805141307337022
"MKRN2",2.1364078,3.71647143333333,5.73873565021186,0.00022990350136662,0.000806045628287095
"ZEB1",-2.392125025,4.6204637125,-5.73820157077806,0.000230064932450491,0.000806149631576235
"SLC28A1",2.2630639,4.41197171666667,5.73747114790979,0.000230285908495907,0.000806462042460193
"GTF2H1",-2.03196256666667,5.66115381666667,-5.7360640419473,0.000230712248606974,0.000807492870124408
"EPT1",2.55737793333334,5.6347529,5.73469524394095,0.000231127799301096,0.000808484777658152
"CEND1",-1.97105923333333,5.23101961666667,-5.73368313842217,0.000231435581898398,0.000809098794316799
"CEACAM20",2.35943183333334,13.0453634166667,5.73269078942181,0.000231737786046057,0.000809259600939871
"NOMO3",-2.82113133333333,10.2399513333333,-5.73266341150088,0.000231746129592457,0.000809259600939871
"MRPS2",2.81212236666667,5.00077528333333,5.73168748664118,0.000232043759018515,0.000809836690060054
"TAF1L",1.6720802,7.5499974,5.72995440394101,0.000232573317430826,0.000811222095804899
"GPBAR1",1.85735433333333,9.21264783333333,5.72729419680289,0.000233388705977682,0.000813602337989434
"CBY1",2.06730263333333,5.99861145,5.72564364135212,0.000233896173610805,0.000814907055894592
"NHEJ1",2.65449053333333,4.31301426666667,5.72359631819262,0.000234527283760206,0.000816613572046531
"LAMB4",2.0080137,3.48348271666667,5.72318941320038,0.000234652935543936,0.000816613572046531
"CTH",1.96808456666667,3.8595936,5.71776518591855,0.000236334887905369,0.000821363133460818
"TMED5",-1.69491936666666,7.39987265,-5.71757800521939,0.000236393160914998,0.000821363133460818
"OR10G2",2.0278064,6.91524666666667,5.71749027957975,0.000236420476957257,0.000821363133460818
"SARDH",2.4000422,7.01313256666667,5.71695424463819,0.00023658746173069,0.000821476782558662
"ZNF729",-2.23022366666667,4.7041375,-5.71590963635824,0.000236913242293509,0.000822141359246561
"ATP5B",2.09147903333333,6.29858728333333,5.71462687212569,0.000237313958617356,0.000822839289894829
"TMED7",2.14333713333333,8.2042951,5.71440496947038,0.000237383351857531,0.000822839289894829
"KLF8",2.04454958333333,7.44026404166667,5.71379843274976,0.000237573139336887,0.00082303084171182
"PHACTR4",-1.84934106666667,5.95654153333333,-5.71295093084226,0.000237838599962462,0.000823274587726956
"SLC25A43",2.69897716666667,7.10613355,5.71271476630859,0.000237912630124429,0.000823274587726956
"MSH5",1.94566358333333,4.594951025,5.71172518519694,0.000238223103216648,0.00082388190703555
"PCDHGA3",2.14625816666667,4.37887325,5.7112973584652,0.000238357465749089,0.00082388190703555
"TMEM63B",2.09518193333333,4.62714596666667,5.7102394374691,0.000238690065866894,0.000824192347640795
"CEP350",-2.6303752,5.2989023,-5.71015475343856,0.000238716711346762,0.000824192347640795
"C12orf69",2.40941433333334,4.76946783333333,5.70802633600288,0.000239387464323246,0.000825672554441775
"SYTL1",1.92171763333333,8.04678185,5.7079379890704,0.000239415350045719,0.000825672554441775
"FOXO3",-2.48113723333333,6.74539438333333,-5.70729565012693,0.000239618202578302,0.000825731079761066
"IFI44L",2.30422106666667,4.74370186666667,5.70642371122344,0.000239893860259463,0.000825731079761066
"ZAP70",-2.1362963,5.73909991666667,-5.70618593510702,0.000239969090962903,0.000825731079761066
"TBCC",-2.57198953333333,5.42046046666667,-5.70617614121425,0.000239972190228044,0.000825731079761066
"AREG",-2.16377566666666,11.3246265,-5.70477787055783,0.000240415114825973,0.000826790147557787
"ST8SIA1",2.6565715,6.12069308333333,5.70398918207987,0.000240665333563785,0.000827034358714972
"PAPD4",2.11957063333333,8.70688218333333,5.70260618610223,0.000241104780539051,0.000827034358714972
"MUC1",1.73666653333333,3.41552963333333,5.70231430669081,0.000241197635826012,0.000827034358714972
"STRN",-2.86906116666667,5.94446175,-5.70130680544994,0.000241518447713392,0.000827034358714972
"STX4",-2.12519166666667,10.6737545,-5.70126229818954,0.000241532630477844,0.000827034358714972
"PATZ1",1.98673688333333,4.122921775,5.70069735072355,0.000241712735785569,0.000827034358714972
"TMEM8B",1.829811,5.7772235,5.70017514693466,0.000241879343289851,0.000827034358714972
"ITGAX",-1.86873946666667,3.93162376666667,-5.69968301389724,0.000242036470232544,0.000827034358714972
"C6orf211",2.63081936666667,5.48909731666667,5.69962892333208,0.000242053746842582,0.000827034358714972
"SMCHD1",-3.13261143333333,7.31023161666667,-5.69873160401564,0.000242340546234905,0.000827034358714972
"UNC80",-2.4676375,4.51420891666667,-5.6979838194828,0.000242579831723052,0.000827034358714972
"CFL1",1.89892233333334,10.3643555,5.69777959409,0.000242645226639935,0.000827034358714972
"CSGALNACT1",2.0711354,4.86747553333333,5.69776252133332,0.000242650694360799,0.000827034358714972
"GPNMB",1.7185329,7.77212121666667,5.69725332498936,0.000242813830701526,0.000827034358714972
"RFX7",2.54706486666667,4.66149603333333,5.69717227870915,0.000242839807226363,0.000827034358714972
"WNK1",-2.24572003333333,6.69321098333333,-5.69690241895905,0.000242926322861576,0.000827034358714972
"PDE4B",-2.97987916666667,4.22406051666667,-5.6968291623988,0.000242949814273503,0.000827034358714972
"UNC93B1",1.6964005,4.64843068333333,5.69679519661451,0.000242960707020217,0.000827034358714972
"GZMA",1.73190613333333,7.01434493333333,5.6965026228714,0.000243054556549447,0.000827034358714972
"BSG",2.09226066666667,6.08592066666667,5.69593188756137,0.000243237745175668,0.000827197623671337
"CYBASC3",1.92534535,4.52550810833333,5.69482209603165,0.000243594381018864,0.000827950235040785
"IL20RB",3.37051326666667,7.61504636666667,5.69369158120828,0.00024395825653534,0.000828458020879725
"TXLNG",-2.80590455,6.125383775,-5.69351667628989,0.000244014605038455,0.000828458020879725
"ATIC",2.166602,6.1922768,5.69238041928013,0.000244381011079076,0.000829241833489621
"HMX1",2.51266363333333,4.53050181666667,5.68865046281622,0.000245587979778387,0.000832875421443553
"FAM3C",-2.1230497,7.34364781666667,-5.68699080161977,0.000246127092164468,0.000834241301862723
"GTPBP3",2.19351966666667,8.7987025,5.68577642235564,0.000246522371255032,0.000835118420453094
"PHF1",2.22497313333333,6.67821863333333,5.6846762976125,0.000246881051932334,0.000835719498193427
"C16orf13",1.6881015,10.6974795833333,5.68439453806459,0.000246973006331108,0.000835719498193427
"D2HGDH",2.28300746666667,4.03111393333333,5.6827549688981,0.000247508825994457,0.000836925774481917
"LRRC28",2.60902743333333,7.18883128333333,5.68204628122997,0.000247740816868568,0.000836925774481917
"ZADH2",2.33168423333333,4.68722668333333,5.68199034872814,0.000247759136513679,0.000836925774481917
"USP24",-2.02286636666667,4.13261041666667,-5.68163159015133,0.000247876675933513,0.000836925774481917
"ID3",2.2277253,7.44915835,5.67984162282282,0.000248464019208943,0.000838446149762998
"PDGFA",-2.1666328,4.76257893333333,-5.67811548354972,0.000249031840816462,0.000839899008883744
"TIAL1",2.28372911666667,7.01265099166667,5.67692330263651,0.000249424831576543,0.00084012374735244
"SCNN1D",-2.4502003,6.01401635,-5.67667859381324,0.000249505580171517,0.00084012374735244
"ADAM29",1.73852983333334,7.45498908333333,5.67640465574807,0.000249596007237951,0.00084012374735244
"MCRS1",1.90571435,4.46277329166667,5.67624793644645,0.000249647756241703,0.00084012374735244
"SLC47A2",-1.6228172,5.92955506666667,-5.67292641031023,0.000250747257000163,0.000843166073311887
"TACC1",-2.50188585,5.547896275,-5.6719584992376,0.000251068639688641,0.000843166073311887
"LUM",3.34710616666667,11.82110925,5.67153624010995,0.000251208984704953,0.000843166073311887
"SIRT5",1.9904759,6.45913415,5.6714393079981,0.000251241213686057,0.000843166073311887
"CELA3B",2.07434513333333,6.45445736666667,5.67124131763389,0.000251307057410652,0.000843166073311887
"SRSF1",2.16826986666667,8.85265673333333,5.67102593850472,0.000251378705086774,0.000843166073311887
"CNPY3",2.334049,5.8569775,5.67012612848922,0.00025167827286516,0.000843708314185781
"CHADL",1.9915308,5.15285593333333,5.66825630849017,0.000252302011951228,0.000845336094807017
"CYBRD1",1.70349743333334,7.88168728333333,5.66750820120664,0.000252552034265281,0.000845487011903068
"HAND1",1.77217603333334,5.67017748333333,5.6672946650037,0.000252623448473163,0.000845487011903068
"CDK5R1",1.90565146666667,4.1305836,5.6667221419531,0.000252815028350506,0.000845582565965184
"DKK1",2.15638953333334,7.57097523333333,5.66623934483929,0.000252976705594237,0.000845582565965184
"GTF2F1",-2.28665166666667,7.10330616666667,-5.66597094100318,0.000253066635874837,0.000845582565965184
"PEX3",2.49186,9.75293033333333,5.66547969110397,0.000253231321368478,0.000845670973871369
"REM1",1.6541354,5.95195203333333,5.66350482193721,0.000253894539458705,0.00084742323644755
"CORO7",1.77654666666667,4.01565176666667,5.6625176864872,0.000254226750173228,0.000848069387982447
"FAM22G",2.34469006666667,7.8649783,5.65785414930387,0.000255802570304734,0.000852453273621481
"ITGA11",-1.9877046,3.9574429,-5.65780396981349,0.000255819583257444,0.000852453273621481
"TMEM25",1.75039615,6.741143975,5.6560266565695,0.000256422954879485,0.000853998714182193
"IFITM1",-1.83183833333333,12.7225665,-5.65468845803269,0.000256878266463918,0.000854765163441299
"BTN3A2",-1.85047266666667,10.794749,-5.6545275444555,0.000256933074755282,0.000854765163441299
"ERC1",-2.6487455,6.86034675,-5.65411916114172,0.000257072229606406,0.000854765163441299
"METTL13",1.779306,3.718289,5.6522170417529,0.000257721440498314,0.000856458323176908
"ATP6V0B",1.93992466666667,8.98305333333333,5.65043920476235,0.000258329831692467,0.000857933724420397
"C22orf29",2.2965981,5.69663141666667,5.65010062093923,0.000258445873505523,0.000857933724420397
"RND1",-1.80064266666667,5.24930653333333,-5.64896273690142,0.000258836269217767,0.000858763717502332
"ALG14",2.57071056666667,8.63910505,5.648345610511,0.000259048264588833,0.000859001237265302
"ART1",1.72161433333333,9.27364616666667,5.64673151001118,0.000259603626642539,0.000860376483098077
"TEAD3",-1.83949646666667,4.42735543333333,-5.64626145230401,0.00025976560029179,0.000860435442962263
"SESN3",2.03983646666667,5.93793633333333,5.645863836776,0.00025990269673002,0.000860435442962263
"AFF1",-2.7898732,4.90653601666667,-5.64505109359581,0.000260183170565882,0.000860898127378077
"CD9",2.30442533333333,15.618248,5.64445257806057,0.000260389924158817,0.000861116516758727
"HSF4",1.8637107,8.08338765,5.64346424983701,0.000260731724190133,0.000861576363946344
"SMG7",-2.0408396,5.37646646666667,-5.64323629303404,0.000260810628641489,0.000861576363946344
"CLEC4A",1.64807253333334,5.9288345,5.64192547335958,0.000261264852900668,0.000862611100942412
"IQCF6",-2.32726326666667,4.1610394,-5.6396975649079,0.000262038824573566,0.000864242757903788
"KRTAP4-8",-2.8885832,4.5301719,-5.63968967911668,0.000262041568471972,0.000864242757903788
"FOXD4L1",2.81141923333334,6.58733328333333,5.63900358347709,0.00026228041736954,0.000864422370745268
"SHISA7",-1.94969993333333,6.9315645,-5.63872171662864,0.000262378611061452,0.000864422370745268
"C1orf194",-2.36257066666667,6.42142533333333,-5.63525397844193,0.000263589913442421,0.000867945689150016
"NFU1",1.68213891666667,9.55051154166667,5.63400945496202,0.000264026102594903,0.000868914306441967
"BLOC1S4",1.98740026666667,8.9330502,5.63264054480053,0.000264506786817673,0.000870028237500283
"TMEM211",1.66658173333333,3.4062179,5.62947736612964,0.000265621130917014,0.000873224115502574
"BCL6B",-2.0715891,4.21429425,-5.62813802767569,0.000266094486014815,0.000874310454048677
"SEMA3D",1.76381806666667,3.48488453333333,5.62771433936796,0.000266244417201064,0.000874333518215838
"TSSK3",1.6763208,3.65007603333333,5.62654485817515,0.000266658736144768,0.000874889409401134
"MRPL44",2.97312446666667,7.36983626666667,5.62642934503294,0.000266699697373834,0.000874889409401134
"HMOX2",-2.2180586,8.0957777,-5.62532240858725,0.000267092563832891,0.000875708631044817
"MCHR1",3.6389746,4.36372176666667,5.62431159297721,0.000267451860888555,0.000876416971031699
"CLSTN3",-1.62480676666667,3.85498605,-5.62345379930557,0.000267757174719489,0.000876947748893916
"RAC1",2.08728233333334,14.8053828333333,5.62225057636958,0.000268186070413206,0.000877882492663453
"PMFBP1",-2.91811646666667,6.42817136666667,-5.62115489987084,0.000268577275055838,0.000878381609185071
"RNASEH2C",1.7263905,3.46052208333333,5.62101941128942,0.000268625693165294,0.000878381609185071
"PLA2G16",1.6590318,8.76373443333333,5.62000701114151,0.000268987781869149,0.000879095752924921
"SMR3B",2.31383933333333,12.0743283333333,5.61445586265105,0.000270982547783692,0.000884705672255831
"TAF6L",2.20656253333333,3.98982086666667,5.61409838782728,0.000271111549339971,0.000884705672255831
"ZBED4",1.98747966666667,6.1633584,5.61402472781619,0.00027113813917615,0.000884705672255831
"INHBA",-1.66002046666667,4.06868566666667,-5.61013585640796,0.000272545947197359,0.000888576080529515
"SIX5",-1.70887033333333,8.2122075,-5.60944715904415,0.000272796082561636,0.000888576080529515
"PAF1",-1.849373,11.2122181666667,-5.60926175566349,0.000272863463477663,0.000888576080529515
"TUFT1",-2.64184606666666,8.47507463333333,-5.60914674080917,0.000272905272199241,0.000888576080529515
"TRMT112",1.688144,10.0308433333333,5.60512253584087,0.000274372456770201,0.000892878026872389
"RSPH9",1.92104155,3.80677035833333,5.60319796089995,0.000275077141584934,0.000894695349397462
"MDN1",-2.08981153333333,5.27027243333333,-5.60220792104373,0.000275440405419212,0.000895400850347895
"DPYD",2.3389103,5.04992795,5.60075612283539,0.000275974032497537,0.000896659124174155
"ZMYM3",-1.90479184444444,6.41466216666667,-5.60006144261532,0.000276229765301336,0.000897013643372386
"MAP4",-1.85185752222222,7.17127832777778,-5.59711875793913,0.000277315893348725,0.000899880080991543
"MRPL49",1.73784306666667,5.82788346666667,5.59629087733215,0.000277622288543249,0.000899880080991543
"TCIRG1",1.91248703333333,5.82060118333333,5.5961802761376,0.000277663249215856,0.000899880080991543
"GPR98",1.95495206666667,3.9308051,5.59607885424068,0.000277700816101999,0.000899880080991543
"NRN1L",1.7090452,5.4091393,5.59544871833682,0.000277934342594756,0.000900160035995086
"PDE12",2.5050701,4.90246888333333,5.59442403134522,0.000278314540716963,0.00090091447624676
"PTPN20A",2.36235476666667,3.78691688333333,5.59234655784154,0.00027908708477648,0.000902712537668375
"TEF",1.96575936666667,3.46235555,5.59213709195232,0.00027916510645122,0.000902712537668375
"AGPAT2",1.6460345,10.5249499166667,5.59158762186897,0.000279369884360428,0.000902897492085101
"C17orf72",1.92448166666667,11.2602186666667,5.5903395329846,0.000279835627205965,0.000903925220298888
"SRGAP2",1.89887273333334,7.89430113333333,5.58975945233005,0.000280052377750243,0.000904147993179941
"C2CD4D",-2.2817505,7.31007441666667,-5.58808419144373,0.000280679365537006,0.000904791116323661
"XRCC2",1.92519186666667,4.1230814,5.58793487011748,0.000280735324355536,0.000904791116323661
"SAFB2",-3.16951623333333,7.75224471666667,-5.58768090485096,0.000280830526571384,0.000904791116323661
"SLC51B",-2.1827408,5.19984363333333,-5.58742318930007,0.000280927170209038,0.000904791116323661
"F11R",2.19613736666667,3.57754455,5.58725294972779,0.000280991029914181,0.000904791116323661
"S100G",-1.73225333333333,3.34647256666667,-5.58680668827119,0.000281158504322969,0.00090485414489633
"KCNJ11",-2.15711413333333,7.57586726666667,-5.58246801976662,0.000282792353418412,0.000909633868671842
"CCNL2",1.96873546666667,6.65158301666667,5.58079376031557,0.000283425577717411,0.000911191636613305
"SF3B2",1.78134983333334,9.08283441666667,5.58012750008384,0.000283677990029147,0.00091152412972601
"C12orf68",1.70352733333333,8.584177,5.57843080179084,0.000284321878112891,0.000913113517215048
"C7orf10",1.76338016666667,5.94063178333333,5.57688271116182,0.000284910744931953,0.000914524626177173
"YY1",-1.9026195,10.6254024166667,-5.57557119083718,0.00028541065318303,0.000915607343076886
"FCRL1",-1.75119483333333,3.69048335,-5.57521294201066,0.000285547370152125,0.000915607343076886
"GALNT10",1.7625703,7.01637815,5.57369257109018,0.000286128368785267,0.000916989712010614
"PLAT",-1.70754113333333,4.9441435,-5.57163099507883,0.000286918221162573,0.000919039621503989
"DRP2",1.98370455,5.27178910833333,5.57037214243212,0.000287401681268268,0.000919128417037992
"KIAA1429",1.91153518333334,7.67423499166667,5.57024704836131,0.000287449771362027,0.000919128417037992
"C10orf122",-1.68177933333333,5.97188366666667,-5.56987564333505,0.000287592602239951,0.000919128417037992
"KIAA1109",1.9418795,11.21223425,5.56970250352908,0.000287659212590827,0.000919128417037992
"PSMG4",1.56917848888889,6.69117844444444,5.56960401650106,0.000287697109942425,0.000919128417037992
"DEK",-2.2349,10.8040163333333,-5.56876129423555,0.000288021605672358,0.000919618382940192
"C3orf33",1.60741326666667,6.1327165,5.56830152185933,0.000288198810341688,0.000919618382940192
"PHOX2A",-1.65928416666666,7.05603541666667,-5.56803544409716,0.000288301415246696,0.000919618382940192
"TMEFF2",1.79299273333333,4.81985003333333,5.56678866661863,0.000288782722325444,0.000920528124620587
"CCT6A",2.261187,6.39711466666667,5.5665174314839,0.00028888754483026,0.000920528124620587
"USMG5",2.16314616666667,13.98272175,5.56505292931733,0.000289454230533349,0.000921853712859462
"LOC100506388",2.14255066666667,4.8225991,5.56434162755696,0.000289729899258335,0.000922018218264929
"GLA",-1.73788633333333,10.6223171666667,-5.56394143200134,0.000289885121517399,0.000922018218264929
"CDC16",1.67203386666667,8.01982456666667,5.56375361230218,0.000289958001298092,0.000922018218264929
"KRT24",2.1115884,4.7326488,5.56317667147243,0.000290181995489121,0.000922251142027241
"NOP10",1.67793533333334,13.9346373333333,5.56149605412295,0.000290835549716995,0.000923848334978491
"USP40",1.66259783333333,4.54215321666667,5.56061271481429,0.000291179696362636,0.000924461537284176
"SEC14L1",-1.67907378333333,7.36065595833333,-5.5594497117055,0.000291633468751148,0.000925406239289238
"ACE",1.60354206666667,6.7122077,5.55907516118017,0.000291779770446051,0.000925406239289238
"RESP18",1.6025057,3.42961438333333,5.55779964234181,0.000292278589444521,0.000926093679494883
"WDR92",-2.41720333333333,13.9204236666667,-5.55774682740049,0.000292299263665351,0.000926093679494883
"FAM127C",2.09168933333334,9.74231766666667,5.55680887241358,0.000292666685456587,0.000926777837279194
"MFF",1.64047103333334,8.37023331666667,5.55486410813661,0.000293430087975605,0.000928714577462366
"C8orf46",-1.64334266666667,5.99598776666667,-5.55421006019048,0.000293687311555069,0.00092904807243739
"C2orf42",1.70373603333334,7.91667031666667,5.55240285823526,0.000294399311020461,0.000930819113603711
"SPATA7",2.0637639,3.78484685,5.55196221891851,0.000294573195550119,0.000930887815276669
"DLEC1",-4.91334056666667,9.41032488333333,-5.55096218470979,0.0002949682385519,0.000931650305045523
"ATP6V1B1",2.76758766666667,10.7813791666667,5.55040483848716,0.000295188654476333,0.000931650305045523
"GARS",2.1302061,8.81167095,5.55012547186031,0.000295299203482049,0.000931650305045523
"GAGE12J",1.99970833333333,9.7640325,5.54981124325558,0.000295423601142255,0.000931650305045523
"MSC",1.62472216666667,3.30253048333333,5.54813423368156,0.000296088455811055,0.000933265691837815
"TTC39B",2.53516793333334,6.45225746666667,5.54775022425814,0.000296240924084511,0.000933265691837815
"PTPN7",-1.7168091,4.71295701666667,-5.54621746301845,0.000296850339636337,0.00093441641622275
"ZEB2",-2.53437466666667,5.6796153,-5.54594993779978,0.000296956844269282,0.00093441641622275
"NFATC2",-2.70062306666667,6.49510806666667,-5.54558932150466,0.000297100474617337,0.00093441641622275
"ZNF232",1.6145408,3.42914036666667,5.54529659286239,0.00029721712094957,0.00093441641622275
"SNX6",1.84461,10.463068,5.54490481844439,0.000297373312211941,0.000934427285111791
"JTB",1.697363,11.7486008333333,5.54434042887069,0.000297598476595135,0.00093465476376234
"VPS13C",-1.87660096666667,5.31945175,-5.54342192710791,0.000297965307642972,0.000934944128427695
"B2M",3.59808183333333,7.93270375,5.5433445097105,0.000297996248845048,0.000934944128427695
"FAM156B",1.80308153333333,3.76167313333333,5.54095267642005,0.000298953894313832,0.000937019441162147
"DEFB132",-1.94459996666667,3.94544881666667,-5.54086958095639,0.000298987223738522,0.000937019441162147
"C1orf74",2.16482243333333,7.94563945,5.54054565001058,0.000299117190027733,0.000937019441162147
"SMAD3",-2.08270456666667,7.12188515,-5.53942739317549,0.000299566320623822,0.000937786683049078
"SDAD1",-1.98023146666667,8.5123176,-5.53917279664026,0.000299668676914179,0.000937786683049078
"SLCO2B1",-1.85908236666667,5.37147271666667,-5.53872899803299,0.000299847188852347,0.000937865593762095
"TMEM191C",-1.8085211,5.10845731666667,-5.53722947080119,0.000300451201396746,0.000939274629609245
"CEPT1",2.04456306666667,5.99309676666667,5.53438739978171,0.000301599593487021,0.000942383203755666
"KIAA0825",2.1243018,6.1351159,5.5332017493723,0.000302080075091846,0.000943402705161774
"HSD11B2",1.770793,5.85418613333333,5.53037810510941,0.000303227673459668,0.000946359093124894
"MPLKIP",1.72894216666667,9.56784725,5.53011195053746,0.000303336087220974,0.000946359093124894
"FIZ1",-2.32318653333333,8.4156124,-5.5283883798772,0.000304039167582272,0.000948069127048083
"SLC39A8",2.4987828,4.29215526666667,5.52673495434005,0.000304715284606252,0.000949250769956134
"SOX21",5.70062603333334,10.37571715,5.52670285582811,0.000304728426314784,0.000949250769956134
"MDM1",2.24215876666667,3.63227175,5.52275338255363,0.000306350081218705,0.000953816690532335
"ATP8B1",-1.87496773333333,4.45903356666667,-5.52170069221222,0.00030678388386182,0.000954681485995228
"L3MBTL1",3.00863056666667,5.32781718333333,5.52087677001486,0.000307123875252944,0.00095525361911414
"SCN8A",-1.61082093333333,7.79276453333333,-5.52029637394788,0.000307363619306933,0.000955430597341534
"ZRANB2",1.6425325,10.9681960833333,5.51967827838249,0.000307619157595513,0.000955430597341534
"TLR5",4.18629233333334,9.25094816666667,5.51960546203397,0.000307649277012557,0.000955430597341534
"ZNF280D",2.23216703333333,5.86199318333333,5.51856660804878,0.000308079329940977,0.000955814862700926
"LCTL",-2.2131499,5.25359671666667,-5.51819797996798,0.000308232086034974,0.000955814862700926
"FOLH1",2.60684983333333,9.52521158333333,5.51785569838627,0.000308373997443249,0.000955814862700926
"TMEM69",3.01778886666667,7.7066659,5.51779798998164,0.000308397930528216,0.000955814862700926
"ZFPL1",2.374413,4.1616985,5.51641846934257,0.000308970647528419,0.000957105023584237
"RWDD3",1.88773483333333,8.55268238333333,5.51557451386719,0.000309321585991832,0.000957707218167018
"OR5C1",-2.52838663333333,6.62311198333333,-5.5145538256082,0.000309746588340279,0.000958311514884723
"TMEM185B",1.666851,9.03743083333333,5.51409632863319,0.000309937288735543,0.000958311514884723
"CXCL9",2.77237443333333,4.55866898333333,5.5136356452843,0.000310129445134904,0.000958311514884723
"WDR46",1.73958043333333,3.34926608333333,5.51360240568624,0.000310143314722418,0.000958311514884723
"GPR34",1.99462576666667,6.92278735,5.51208450499918,0.00031077738799749,0.000959785996854439
"TPST2",1.667203,10.2829501666667,5.5110459413994,0.000311212032165207,0.000960314157165361
"GCA",1.812752,10.5166815,5.51092584265634,0.000311262336328688,0.000960314157165361
"FUZ",1.9131488,3.49435933333333,5.50881689990255,0.000312147110041296,0.00096255847743581
"CARD8",1.67945508333333,4.561786475,5.50811079606235,0.000312443949890598,0.000962988456136363
"ZNF649",-2.906885,7.86608483333333,-5.50300279326711,0.00031460038725302,0.000969146610883169
"BTBD7",-1.75128013333333,4.82835173333333,-5.50125947874792,0.000315340024697379,0.000970936220985688
"MRPS16",2.18993716666667,4.72982725,5.50082556222449,0.000315524413799786,0.000971015273454271
"ZMYND8",-1.679932,9.74490733333333,-5.49912417157865,0.000316248526403988,0.000971804916243941
"TGFB1",1.8969624,6.0446993,5.49870641703376,0.000316426596506255,0.000971804916243941
"ATP6V0C",3.14168956666667,5.32867548333333,5.49858331238856,0.00031647909111785,0.000971804916243941
"ALG12",1.9551489,3.61653701666667,5.49839561627518,0.000316559147051444,0.000971804916243941
"C7orf31",1.6800617,5.98065205,5.49797249879303,0.000316739694662463,0.000971804916243941
"SLC17A4",2.52939276666667,4.35152051666667,5.49752307184848,0.000316931590216608,0.000971804916243941
"CIB3",1.7249463,3.65595685,5.49734773558003,0.000317006488953596,0.000971804916243941
"FAM111B",-1.57852628333333,6.729271325,-5.4972417996924,0.000317051751033492,0.000971804916243941
"IQGAP1",-2.1014596,5.5970573,-5.49650876393214,0.000317365138085702,0.000971854425127259
"RNF19B",1.78752946666667,3.93108533333333,5.4964609135877,0.000317385606636853,0.000971854425127259
"TRAPPC1",2.02610613333334,8.9515056,5.49450840407595,0.000318222029676563,0.000973928152857036
"ZNF674",1.73752463333333,3.67617385,5.49263548841291,0.000319026587423243,0.0009759023309277
"TAS2R20",2.10891346666667,5.4567315,5.49158923158877,0.000319476986806403,0.000976791706787393
"DEFB112",-2.5780596,4.88913706666667,-5.4887623465512,0.000320697351210749,0.000979747649470984
"BMPR2",-1.63271166666666,9.07525883333333,-5.48860814602393,0.000320764063728405,0.000979747649470984
"PYY",1.80217066666667,3.50934223333333,5.48740723949364,0.000321284129488189,0.000980499983455649
"QRFPR",-1.93743706666667,4.10850113333333,-5.48729933451377,0.000321330903371784,0.000980499983455649
"NUMB",1.90085816666667,5.01140745,5.48640087780222,0.000321720644886437,0.000981199853148165
"PANX2",-2.4789645,6.16396548333333,-5.48546582877872,0.000322126800498746,0.000981919857466413
"ZDHHC9",1.64350143333333,6.73327248333333,5.48511871278746,0.000322277717193945,0.000981919857466413
"DNAJC28",1.8778109,4.29279738333333,5.48440473656648,0.000322588374305533,0.000982377139871206
"HOXA13",1.64146666666667,3.3002092,5.48151174120729,0.000323850446110159,0.000985729865324353
"FAM155A",2.03994936666667,4.00254698333333,5.48063575217158,0.000324233645216067,0.000986405490518099
"KIAA0284",-2.89045836666667,5.91304051666667,-5.47894186941566,0.000324976015590655,0.000988172596115121
"TAOK2",1.79556523333333,6.16312905,5.4782849721762,0.000325264403413997,0.000988558181861318
"DUSP11",2.32909833333334,9.36464583333333,5.47777179073626,0.00032548988958831,0.000988752306107885
"DLL3",-6.5855592,13.4989997333333,-5.47481128973567,0.000326793991762618,0.000992221162086202
"CCL14",1.71697066666667,10.986432,5.47440319075392,0.000326974200413311,0.000992275872087616
"DCTN6",2.83576473333333,5.43820486666667,5.47360579700995,0.000327326623050913,0.000992852890344812
"DYTN",1.6215158,3.44221076666667,5.47300640488089,0.000327591804590065,0.000993164846621418
"TBL1XR1",-1.99571096666667,6.47740695,-5.47225530855904,0.000327924429358527,0.000993680861226086
"SH3D21",-1.7986976,5.1970476,-5.47067687905742,0.000328624626449609,0.000995279284853984
"KCTD3",2.0864152,4.8674083,5.47033322532138,0.000328777285827052,0.000995279284853984
"C17orf51",1.9978159,8.99304271666667,5.4694296810079,0.000329179026739789,0.000996002614042548
"IRF2BP2",1.783693,5.80613548333333,5.46831142914653,0.000329676964729754,0.000997016149390329
"IL27",1.78354443333333,3.56466538333333,5.46772949167772,0.000329936412131196,0.000997307791214752
"CHTF8",1.80236366666667,4.77481836666667,5.46254086040129,0.000332259422944285,0.00100383365411019
"GRIK1",-1.93543063333333,6.92968258333333,-5.46116436364859,0.000332878648289468,0.00100520808007649
"N4BP1",1.93964376666667,9.25896111666667,5.4567501834093,0.000334872790260277,0.0010107309969474
"MED17",1.98278333333333,7.19945833333333,5.45629399937862,0.000335079607305193,0.0010108565273635
"HAUS4",2.4034105,6.10762958333333,5.45550799482974,0.000335436275532295,0.00101143377708555
"FAM208A",-2.3624573,7.63408768333333,-5.45511260109172,0.000335615849348534,0.00101147673217455
"CYHR1",1.68058995,6.28060410833333,5.45377478813604,0.000336224204570701,0.00101280002292062
"TMEM38B",2.15771976666667,8.13535978333333,5.45341939274986,0.000336386016112242,0.00101280002292062
"CDCA7",2.41902983333333,4.41895621666667,5.45284698698003,0.000336646808798173,0.00101308665825245
"SMAGP",2.61335733333333,8.538207,5.45209279719008,0.000336990756178589,0.0010136231299413
"PCDHB5",2.91856946666667,8.3560986,5.45146352684667,0.000337278023739469,0.00101367984117689
"GNA11",-1.65046656666667,8.42935105,-5.45125345447207,0.000337373982357191,0.00101367984117689
"WFIKKN2",1.86636956666667,3.85669348333333,5.45096307044106,0.000337506674808325,0.00101367984117689
"FBF1",1.89743696666667,6.13900238333333,5.45046940543219,0.000337732386512288,0.00101386002977536
"USP10",2.22460116666667,6.76712241666667,5.44979556452749,0.000338040739938754,0.00101428800732972
"ZBTB6",1.9493882,3.72603606666667,5.44422364495874,0.000340602128300622,0.00102137467926723
"PLCB1",1.8414221,4.14241218333333,5.44351339583806,0.000340930125470594,0.00102137467926723
"IPPK",2.39472206666667,3.6768369,5.44325299876327,0.000341050463530891,0.00102137467926723
"RNPC3",2.44762633333334,11.5260751666667,5.44320995216104,0.000341070361187144,0.00102137467926723
"SHISA8",-2.29767926666667,7.44670503333333,-5.44241470698829,0.000341438176433149,0.00102197591165264
"SLC10A5",1.65273493333333,3.52180286666667,5.44147875676899,0.00034187161745195,0.00102277288780979
"MTF2",-1.70800205,8.308215725,-5.44050648706173,0.000342322505500924,0.00102322539838599
"BARD1",-2.8914485,7.63717525,-5.43981175617315,0.000342645077652246,0.00102322539838599
"PLTP",2.41657576666667,5.93930043333333,5.43980351033229,0.000342648908262735,0.00102322539838599
"CNTNAP3B",1.7572636,6.29121626666667,5.43971104373682,0.000342691866834407,0.00102322539838599
"PCBP3",1.82728443333333,6.87549725,5.4392945742024,0.000342885424117692,0.00102330391451319
"ACVR1B",1.76940553333333,4.98445216666667,5.43617634294912,0.000344338390043666,0.00102713908838964
"WRNIP1",2.03213423333333,5.67013876666667,5.43505906715693,0.000344860605807291,0.00102748598979065
"EPM2AIP1",2.9993339,8.33080005,5.43491650347051,0.000344927301521335,0.00102748598979065
"LPAR3",1.80192493333333,3.6174872,5.43484978423427,0.000344958519619157,0.00102748598979065
"FOXJ2",-2.3793665,5.39629008333333,-5.43353664218492,0.000345573561529228,0.00102881705568653
"CRTAC1",2.54146083333334,11.3720015833333,5.43141278223307,0.000346570822918849,0.00103128418998907
"IGFL2",1.58114753333333,3.40619173333333,5.43096005012055,0.000346783804237017,0.00103133673696563
"FNBP1",-1.5439965,7.97081508333333,-5.43065873848687,0.0003469256300548,0.00103133673696563
"FIBIN",2.63005286666667,9.20554273333333,5.42968384439912,0.000347384935626424,0.00103220060037031
"AGAP9",-2.158266,9.326034,-5.42817177719742,0.000348098617101102,0.00103352810104247
"PLEKHF2",2.65619926666667,6.35693886666667,5.42781584373308,0.00034826684373502,0.00103352810104247
"MCM4",-1.76762043333333,5.12998135,-5.42766428933404,0.000348338500220591,0.00103352810104247
"TMED4",-1.80835516666667,9.92672741666667,-5.42670815323517,0.000348790937307982,0.00103407237383885
"RPL37A",1.54988466666667,16.2502206666667,5.42642921151168,0.000348923049792668,0.00103407237383885
"FBLIM1",-1.82141443333333,7.53399988333333,-5.42611112735313,0.000349073766669863,0.00103407237383885
"NR2F2",2.1038965,5.73883325,5.4258489919017,0.000349198026209721,0.00103407237383885
"AUP1",1.70973433333333,10.5057735,5.42366680525457,0.000350234293634844,0.00103663928807836
"NUCKS1",-2.10013666666666,11.928176,-5.42184013902572,0.000351104278334403,0.00103854728342739
"FYB",-2.36885868333333,8.020767325,-5.42160083041277,0.000351218425859966,0.00103854728342739
"NCAPH",-2.30414166666667,8.34093716666667,-5.4202729947545,0.000351852514742195,0.00103971546922794
"UBA1",-2.0437467,6.62723075,-5.42006202623884,0.000351953373123745,0.00103971546922794
"SLC25A35",2.33058666666667,5.85798186666667,5.41909495961589,0.000352416100140537,0.00104057997136091
"NEFM",-3.12005433333333,9.2510125,-5.41671421900906,0.00035355804182795,0.0010434481909809
"CYP19A1",2.49412,6.47620776666667,5.4157360376218,0.000354028388350854,0.00104428015012304
"GPR35",-1.74690573333333,6.0450736,-5.41541828787042,0.000354181319304561,0.00104428015012304
"HMGA1",-2.491101,7.79474845,-5.41473356444094,0.000354511114137782,0.00104454423392845
"PTPRF",-1.9719614,4.01158243333333,-5.41415726694855,0.000354788942133775,0.00104454423392845
"ST3GAL3",1.74438987777778,4.49149572777778,5.4138511132949,0.000354936631450085,0.00104454423392845
"DLGAP4",1.88955316666667,12.19275025,5.41381549392481,0.000354953818623284,0.00104454423392845
"ZNF18",2.16594433333333,4.54538453333333,5.41224244550754,0.000355713745044947,0.00104604813119484
"SMARCC1",-3.267986,6.17135333333333,-5.41205001668187,0.000355806825926195,0.00104604813119484
"USP33",2.39229005,7.37823659166667,5.41074805797415,0.000356437293177846,0.00104739834758024
"CEACAM1",-2.370102,8.29332033333333,-5.41034853690134,0.000356631000349228,0.00104746445517839
"GATM",3.45394733333334,10.1823013333333,5.40888146377505,0.000357343280966701,0.00104905287569783
"MFGE8",2.2505133,6.03690558333333,5.40737053842387,0.000358078453049727,0.0010507069428097
"SV2B",-1.82641446666667,4.04032256666667,-5.40613343112522,0.000358681605343341,0.00105173094540729
"PIGO",1.98841483333334,8.57053525,5.40594976300861,0.000358771246006049,0.00105173094540729
"ASUN",2.67114316666667,3.93659575,5.40532718030738,0.000359075281795618,0.00105201105291096
"ORAI3",2.56174956666667,4.50310755,5.40501284913233,0.000359228889508349,0.00105201105291096
"FURIN",-1.68425926666667,4.73623416666667,-5.4046983341548,0.000359382657826725,0.00105201105291096
"ZDHHC16",1.76184381666667,6.586550325,5.40333218361347,0.000360051399870908,0.00105346459321388
"DNAJB4",2.55297263333333,5.83858125,5.40264781848224,0.000360386905662984,0.00105394220308133
"CNKSR3",-1.77955336666667,4.69532531666667,-5.40223869646089,0.00036058763589443,0.00105402539722987
"C15orf44",2.76212196666667,5.1000014,5.40137070537417,0.000361013902625368,0.00105476745762273
"LRP11",2.09497986666667,5.91533126666667,5.40007638160713,0.000361650547100154,0.00105612317286814
"NUP35",1.95578563333334,8.00970218333333,5.39898603205538,0.000362187799580354,0.00105718747988197
"TMPRSS11A",4.97757903333334,7.30578923333333,5.39780938534619,0.000362768537340842,0.00105837764017705
"COQ10A",1.61391408333333,3.55466529166667,5.39577874037817,0.000363773126976798,0.00106080266484464
"TMEM184C",2.2733006,6.96764286666667,5.39390455852814,0.000364702968998413,0.00106300751040128
"OMA1",1.94143666666667,10.2930836666667,5.39298932531642,0.000365157974886748,0.00106382690017006
"PAAF1",1.74641173333333,5.97131733333333,5.39119156814944,0.000366053504751386,0.00106592829227462
"LCN6",-1.77381786666667,6.55926093333333,-5.39006262181039,0.000366617082871474,0.00106706151903315
"ZBTB8B",1.78038126666667,3.57227303333333,5.38784802051233,0.000367725341869198,0.00106977824134843
"TANC2",-1.94063246666667,4.84814506666667,-5.38721042534491,0.000368045083326927,0.00107019953412269
"HEPACAM",1.70643976666667,3.42060665,5.38536689090027,0.00036897126383281,0.00107187990364986
"IL12A",2.1691064,5.83329176666667,5.38484028739408,0.000369236286517839,0.00107187990364986
"SEPT10",2.33802108333333,7.34664459166667,5.38455703614411,0.000369378922515575,0.00107187990364986
"OCLN",2.468274,5.49913433333333,5.38442727605463,0.000369444285222453,0.00107187990364986
"PBXIP1",1.71362843333333,7.70354445,5.38351105106727,0.000369906160081917,0.00107187990364986
"TGIF1",1.83882581666667,6.17529734166667,5.38347985266332,0.000369921898330837,0.00107187990364986
"CEP97",1.74004443333334,4.44385348333333,5.38346549962885,0.000369929139059532,0.00107187990364986
"SREK1",-1.79168643333333,6.89163455,-5.38327634650553,0.000370024576088345,0.00107187990364986
"ALAS1",-1.6958177,5.52447605,-5.38252359245195,0.000370404640017095,0.00107201174059359
"DZIP3",1.6427832,5.12383283333333,5.38230343994405,0.000370515873924436,0.00107201174059359
"MORC3",-3.27844456666667,9.96987671666667,-5.38185193972016,0.000370744110671979,0.00107201174059359
"VDAC2",2.29098566666667,11.5566688333333,5.38179881027797,0.000370770977949662,0.00107201174059359
"HAGH",2.73308816666667,5.28916791666667,5.38084449969293,0.000371253924702545,0.00107204571391059
"FAM176A",-1.78239256666667,5.96093795,-5.38082512490011,0.000371263736687192,0.00107204571391059
"PCGF6",-2.18161683333333,5.86512881666667,-5.38073691475394,0.000371308412516598,0.00107204571391059
"ANAPC10",1.8222987,7.74972631666667,5.37951401809748,0.000371928369827926,0.00107292645937176
"PSMA5",1.93117886666667,9.22552823333333,5.3794433939486,0.000371964207310804,0.00107292645937176
"RPL34",1.67028133333334,15.224031,5.37855862247399,0.000372413490284758,0.00107371617981251
"PNISR",-2.1818195,5.90587915,-5.37653252638044,0.000373444533780574,0.00107568786568072
"KIAA1217",-2.2260576,5.8785788,-5.37652374860475,0.000373449007307264,0.00107568786568072
"VNN2",1.98930653333333,3.9898287,5.37584995298964,0.000373792574266929,0.00107617080911298
"SAMD9L",-3.20909953333333,7.7402179,-5.37471129830422,0.000374373945069004,0.00107733762743752
"FMO4",1.81847383333333,5.91658641666667,5.37424602037515,0.000374611785164307,0.00107751523349094
"EP400",-1.5126153,7.20385878333333,-5.36941122441419,0.000377092873154155,0.0010841420103182
"ITIH1",-1.9672464,3.57588123333333,-5.36586315651857,0.000378924892383223,0.00108836070820976
"PENK",2.24842456666667,4.15418548333333,5.36529518552749,0.000379219048139528,0.00108836070820976
"C16orf87",1.87568753333333,5.42048943333333,5.36527925563935,0.000379227301869895,0.00108836070820976
"UBB",1.59037423333333,8.90906555,5.36519332997742,0.00037927182574423,0.00108836070820976
"TDRD12",2.16139686666667,3.7665593,5.36435286644625,0.000379707623168203,0.00108910044001081
"FBXL18",1.85528056666667,4.41661145,5.36251934870681,0.000380660210040969,0.0010913210707735
"FHL3",1.8614131,3.56878141666667,5.36119402105965,0.000381350372230434,0.00109278762403082
"PIGM",1.7610242,6.99475356666667,5.35959530376374,0.000382184693428867,0.00109466570898774
"SH3BGR",2.0494669,3.90726338333333,5.35914067361749,0.000382422309308605,0.00109483373343474
"TRABD",-1.64980516666667,8.27223208333333,-5.35787466220996,0.000383084837606859,0.00109554664952072
"PPP1R36",1.6941707,3.66509305,5.35770357621143,0.000383174464887554,0.00109554664952072
"AASDHPPT",2.27703836666667,6.10764268333333,5.35763854839653,0.000383208537099434,0.00109554664952072
"SSH3",-2.28826596666667,8.07397701666667,-5.3569836575503,0.000383551857853596,0.00109590437789476
"CGB2",-2.4224939,4.25696938333333,-5.35671666404409,0.000383691921780089,0.00109590437789476
"RNF135",1.87304837777778,5.16867202222222,5.35611363220469,0.00038400847284259,0.00109629670408351
"HS2ST1",2.029142,6.81032833333333,5.35471750576119,0.00038474242374418,0.00109787973342672
"SRSF5",2.24683953333333,8.31078356666667,5.35360396612775,0.000385328899055936,0.00109890248920077
"KRTAP16-1",-1.75894916666667,3.68501268333333,-5.35335515116443,0.000385460075486245,0.00109890248920077
"CBX2",2.0393594,8.62768163333333,5.34984086436912,0.000387317963697701,0.00110328532643557
"BMP8A",1.64614683333334,9.90075275,5.34976513698595,0.000387358104149004,0.00110328532643557
"ARHGAP35",-2.50488623333333,7.05353778333333,-5.3474749892882,0.000388574148170473,0.00110623389414004
"MCFD2",1.83851923333333,8.05855805,5.34693418592535,0.000388861907918865,0.00110653821053377
"DUSP14",2.1311599,6.57048308333333,5.34624372390299,0.000389229633753111,0.00110706968819225
"FAM211B",1.7802514,3.42615936666667,5.34525855219479,0.000389754963617425,0.00110804873020976
"EIF3J",-1.99349566666667,8.98873416666667,-5.34431031344396,0.000390261319810231,0.00110897294686437
"RDM1",-2.66504235,6.470237625,-5.34339610616712,0.000390750173309203,0.00110984659252818
"LINGO3",2.30831016666667,13.44112625,5.34234777781719,0.0003913115560959,0.00111048643918003
"CHCHD8",1.58820266666667,9.39511,5.34131656572097,0.000391864619523386,0.00111048643918003
"KIAA1598",2.40603486666667,5.90648033333333,5.34113757852915,0.000391960700185962,0.00111048643918003
"PLA2G15",1.67405353333333,5.27101156666667,5.34103151876141,0.00039201764522487,0.00111048643918003
"KRT8",1.7262745,11.29556975,5.34099266415774,0.000392038509056269,0.00111048643918003
"C15orf39",2.52276396666667,4.57837641666667,5.34094423475576,0.000392064515957644,0.00111048643918003
"PARP4",2.31330966666667,8.8028015,5.33941014981504,0.000392889290585105,0.00111213247725461
"SEC61A2",1.72106255,5.26588099166667,5.33918736659658,0.000393009221285463,0.00111213247725461
"XPOT",1.8833255,11.1453755833333,5.33835144870806,0.000393459571417341,0.00111250238687961
"HIST1H1E",-1.9804152,7.09603216666667,-5.33826973766596,0.000393503622949897,0.00111250238687961
"SORBS1",-1.6089908,5.34081196666667,-5.33518502997028,0.000395170516968201,0.00111649983185356
"SHPRH",2.62181563333334,7.06677035,5.33497820842364,0.000395282549165546,0.00111649983185356
"LRIG1",1.7766193,7.48831868333333,5.33146364461305,0.000397191568358116,0.00112120110051244
"TNNT3",-2.04364485,9.019187075,-5.33109767868396,0.000397390920747812,0.00112120110051244
"USP5",1.87083306666667,3.9853056,5.33090345917157,0.000397496761525251,0.00112120110051244
"AP4M1",2.42044313333334,7.69009226666667,5.32962584679132,0.000398193758113268,0.00112264949868063
"COG5",1.76047623333333,7.75663555,5.32897044699367,0.000398551818960095,0.00112314142256926
"ZNF473",-2.67585056666667,5.86755505,-5.32831652492984,0.000398909417601882,0.0011236315915692
"KIAA1614",3.16230533333334,7.29674333333333,5.32376883983054,0.000401405892950415,0.00113014323657185
"KLHL34",-2.15329743333333,8.05357361666667,-5.32154046160862,0.000402635301595336,0.00113308315324759
"CD109",2.3077278,6.07350666666667,5.32108400632375,0.000402887629821978,0.00113327196287396
"USP13",-1.61594806666667,7.4654203,-5.31920900779981,0.000403925913289369,0.00113547816916797
"NCAN",1.7211287,3.51179588333333,5.31870566086425,0.000404205132110145,0.00113547816916797
"SBF2",-1.87550566666667,5.909837,-5.31866311391305,0.000404228743453388,0.00113547816916797
"LYSMD2",1.6216322,6.21314376666667,5.31740234774424,0.000404929076615269,0.00113692340097853
"GEMIN2",2.0632903,9.03537685,5.31654980228523,0.000405403389818695,0.00113773299950036
"GOLGA8A",1.517444,13.4013423333333,5.31573501408036,0.000405857255159641,0.00113848449659179
"PROS1",3.0716071,4.17062878333333,5.31466222408458,0.000406455669940035,0.00113964059976771
"MYOC",-2.2798707,6.22895418333333,-5.31418288512336,0.000406723357414513,0.00113986875889235
"LDLR",-2.8448922,8.05896856666667,-5.31247625806221,0.000407677965596677,0.00114202096772915
"FAM190A",1.8578627,3.87829011666667,5.31188995422293,0.00040800647259835,0.00114211527408301
"SLC10A1",-2.9433166,4.41784136666667,-5.31170940667465,0.000408107690997829,0.00114211527408301
"ZNF624",-2.8573827,5.48197018333333,-5.31141700457087,0.000408271674471975,0.00114211527408301
"RIPK1",1.68170433333334,5.76798176666667,5.31034108327259,0.00040887567748237,0.0011431816944886
"UTP14C",-1.6396141,6.39648078333333,-5.31007251194625,0.000409026598436671,0.0011431816944886
"CRYGC",-1.928687,5.03816963333333,-5.30934087795488,0.000409438036720878,0.00114380909071157
"SLC25A39",2.17067426666667,7.15110286666667,5.30758057581592,0.000410429776498557,0.00114605630881706
"HSPBAP1",1.70762026666667,6.01319696666667,5.30575452495915,0.000411461288544528,0.00114827546658697
"LRRC70",3.00032826666667,7.01975073333333,5.30522958884727,0.000411758333598318,0.00114827546658697
"TMEM130",1.70386783333333,3.50565285,5.3049874068719,0.00041189545457999,0.00114827546658697
"ZNF586",-3.693971,10.7027878333333,-5.30484649263797,0.000411975261385812,0.00114827546658697
"TRAPPC2L",1.78908476666667,6.33438995,5.30307585487389,0.000412979480632683,0.00115055030168978
"TXNDC12",1.54988743333334,8.07832028333333,5.30081768300362,0.000414264025715265,0.00115360369109057
"GAK",-2.75653453333333,5.2527672,-5.30035225029543,0.000414529317382255,0.00115381727194933
"GNG10",1.56891333333333,14.519599,5.29908229664304,0.000415254106950307,0.00115530906153796
"SH3RF1",-2.58520566666667,8.11608216666667,-5.29856407124877,0.000415550260534035,0.00115560749724874
"CAB39L",2.15558273333333,4.5527521,5.29721275640472,0.000416323573678307,0.00115701503100639
"RGPD2",1.67274456666667,3.93436055,5.29683691926475,0.000416538927834873,0.00115701503100639
"DCTN1",1.73516283333334,5.55784731666667,5.2966889414628,0.000416623751766441,0.00115701503100639
"ZDHHC4",1.7415565,9.48161258333333,5.29562086083157,0.000417236548677437,0.00115819110925978
"EBF4",1.65892246666667,3.5078252,5.29481148064277,0.000417701565055432,0.00115895608843952
"METTL24",-2.87205996666667,7.06345835,-5.29408402335226,0.00041811998940876,0.0011591124338434
"GCNT4",-1.68640083333333,4.69569345,-5.29405475688445,0.000418136832542071,0.0011591124338434
"ACVR1C",-2.91464186666667,6.39463806666667,-5.29270946562046,0.000418911848524706,0.00116036233138031
"SLC37A4",1.9829103,6.93924203333333,5.29233178710943,0.000419129704873909,0.00116036233138031
"TOMM6",1.75524933333333,11.9208673333333,5.29228498522346,0.000419156710093246,0.00116036233138031
"DNAI2",1.6201639,7.36802785,5.29168589975806,0.00041950255447565,0.00116079449492629
"MB",-1.98310493333333,4.63652336666667,-5.29110552628737,0.000419837889225111,0.0011611971999454
"CKS2",3.1749403,9.31584635,5.2884466647512,0.000421377844747135,0.00116492980305602
"PANK2",1.92685601666667,8.466123325,5.2878798937839,0.000421706890822917,0.00116531289885032
"THSD1",1.56755975,3.482306075,5.28631788906521,0.000422615162929738,0.00116702376280279
"SLC30A6",2.26389093333333,4.61451225,5.28589525625449,0.000422861276123122,0.00116702376280279
"C6orf118",-2.30955706666666,7.1152597,-5.28583173354823,0.00042289828083259,0.00116702376280279
"SERPINB7",1.70654346666667,4.9555029,5.28534158824088,0.000423183928648724,0.00116728551644405
"SULT1A1",1.70506948333333,4.370765725,5.28439600779936,0.000423735582015739,0.00116828043748188
"ZCCHC17",-2.29424373333333,9.05368613333333,-5.28358013274526,0.000424212186292424,0.00116906763771939
"TMEM212",1.81923993333334,3.78041923333333,5.27992364755158,0.000426355260405995,0.00117430628282758
"ZNF772",1.72095553333333,3.9297711,5.27961620358123,0.000426535983668045,0.00117430628282758
"OR2A7",1.88625193333333,6.22058186666667,5.27935612467316,0.0004266889288535,0.00117430628282758
"HMGN3",1.59482983333333,11.11578975,5.27855289603054,0.000427161657610867,0.00117507869661119
"SLC12A5",1.91054643333333,7.44022561666667,5.27737048385942,0.000427858574054712,0.0011764668566592
"GIPC2",2.12549173333333,6.1000224,5.27651569792249,0.000428363147935488,0.00117732512986043
"LRRC16A",-2.94059376666667,6.17944725,-5.27560668080465,0.000428900435927672,0.0011782725042683
"PAK4",-1.82417813333333,5.0278649,-5.27359854917637,0.000430089941164627,0.00118100999104362
"SERHL2",1.77672123333333,3.47976728333333,5.27300313254113,0.000430443313974667,0.00118104884146904
"HIST1H3H",2.09339796666667,4.10622741666667,5.27292420625758,0.000430490179221306,0.00118104884146904
"IRX5",3.3405005,5.47395951666667,5.27227036770663,0.000430878629747056,0.00118158469600739
"RALGAPA1",-2.06162126666667,4.80783795,-5.27179810286079,0.000431159440266715,0.00118181971974257
"SPTBN1",-2.12792008333333,4.74819055833333,-5.27147667379138,0.000431350675741283,0.00118181971974257
"BRD3",-2.00582776666667,5.82865558333333,-5.26868148369751,0.000433017533645825,0.00118548032918286
"HSD17B13",3.11100483333333,6.12168158333333,5.26837843896664,0.000433198664094392,0.00118548032918286
"ZDHHC15",2.37566353333333,5.57787415,5.26826236370358,0.00043326806408187,0.00118548032918286
"ABCC11",-2.00002553333333,5.16401426666667,-5.26748670519768,0.000433732127703498,0.00118621956070183
"ATP1B1",-2.89482913333333,5.95851103333333,-5.26565238233868,0.000434831699515368,0.00118749266886877
"BNC2",-2.85553683333333,6.61460525,-5.26552917262781,0.000434905664002685,0.00118749266886877
"ZSCAN2",1.53495748333333,5.483395375,5.26545593347505,0.000434949636883116,0.00118749266886877
"SSX3",1.75725936666667,3.85534428333333,5.26541532102512,0.000434974022709205,0.00118749266886877
"MRPS31",2.37684206666667,6.52459613333333,5.26497628625304,0.000435237735832832,0.00118768263506925
"ROBO1",-1.7583924,4.72716866666667,-5.26359284573255,0.000436069845538702,0.00118942278867846
"UACA",-1.80077778333333,4.00242724166667,-5.26268520670086,0.000436616699630441,0.00119017031614838
"PDPN",1.856333,3.9830243,5.26249237153088,0.000436732978057065,0.00119017031614838
"RFC3",1.4998741,5.19507838333333,5.2620749238256,0.000436984810489178,0.00119032638939127
"PQLC3",1.68128333333334,9.738012,5.25968489111978,0.000438429646280901,0.00119330238568483
"SPATA9",-1.99523513333333,6.93719573333333,-5.25922090652417,0.000438710731447483,0.00119330238568483
"NAPSA",2.6854128,4.93015993333333,5.25901917037666,0.000438833005043284,0.00119330238568483
"ARF1",1.5473771,6.92447941666667,5.25897871473939,0.000438857529877551,0.00119330238568483
"C20orf43",1.75881366666667,9.23700016666667,5.25864762151732,0.000439058299085957,0.00119331793594309
"DPM3",-1.84437216666667,11.68886125,-5.2571616626846,0.000439960575244637,0.00119523925370635
"HTR2B",1.7155925,9.31312141666667,5.25546454399872,0.000440993506118224,0.0011973756907962
"DUSP13",1.63179083333333,5.95389658333333,5.25522680284843,0.000441138412398601,0.0011973756907962
"AGPHD1",2.30033136666667,5.38915541666667,5.25195742388983,0.000443136339470081,0.00120199352728405
"FBXO15",1.64639386666667,3.9586336,5.25180021118533,0.000443232657331288,0.00120199352728405
"ACER1",1.826577,6.5736416,5.25120435208779,0.000443597920357639,0.00120245107520959
"KCTD8",1.68578353333333,5.55605433333333,5.25029682822843,0.000444154856255089,0.00120251382235187
"ASNSD1",1.56514033333334,13.4039645,5.25002095652495,0.00044432430411162,0.00120251382235187
"IGIP",1.479882,12.3777973333333,5.24994431469852,0.000444371391922441,0.00120251382235187
"FAF1",1.6704304,3.47583096666667,5.24988590428661,0.000444407282173518,0.00120251382235187
"SLC7A4",1.7740951,5.37703558333333,5.24939966593786,0.000444706172028735,0.00120279061028815
"WDR49",1.81835563333333,4.69711285,5.24814660122138,0.000445477424796142,0.00120400913054739
"IL5RA",1.60731616666667,6.50182975,5.24802833739839,0.000445550289565101,0.00120400913054739
"THAP10",-4.7704097,7.52627448333333,-5.24753846171023,0.000445852248456654,0.00120429318148248
"LRRC38",1.80785866666667,5.4932565,5.24696818917231,0.000446204040913575,0.00120471152793877
"UBE2G1",2.09664886666667,8.84766456666667,5.2437270269314,0.000448209138035267,0.00120959131296858
"G3BP1",2.3848934,4.69724056666667,5.24302635267315,0.000448643871268894,0.0012102306897809
"PANK1",1.85192166666667,4.5815252,5.24214920036894,0.000449188739017204,0.00121086708707702
"RAB9A",2.15270566666667,8.71832883333333,5.24200942949182,0.00044927562727441,0.00121086708707702
"VIM",1.71468116666667,15.7451230833333,5.24085613386277,0.000449993260623473,0.00121157882677464
"ADAMTS12",-1.82191803333333,3.72180758333333,-5.24070595415579,0.000450086799912545,0.00121157882677464
"TRIM24",-2.5753622,6.78778473333333,-5.24063048471441,0.000450133813870341,0.00121157882677464
"SH2D1A",1.81982023333333,4.73379755,5.23963430775228,0.000450754880619359,0.00121271695674109
"UBXN11",1.74409526666667,4.38630318333333,5.23892248427524,0.000451199231114544,0.0012133788553665
"MED21",2.41960556666667,8.98685688333333,5.23847468939167,0.000451479004886084,0.00121359778202683
"DCUN1D4",1.91332313333334,6.30956376666667,5.23622506688116,0.000452887349672576,0.00121684883851419
"NDUFA5",2.1643155,4.72332338333333,5.23391339663508,0.000454339457209803,0.0012202145738409
"PTGR1",2.17648186666667,9.1849864,5.23152694093864,0.000455843791521953,0.00122371755881146
"TRIP11",-2.46080606666667,4.55946763333333,-5.22885128035447,0.000457536796075281,0.00122762352816195
"FAM71F1",1.8741066,4.60202553333333,5.22850813228065,0.000457754408767283,0.00122762352816195
"CYP17A1",-1.77169886666667,4.3194392,-5.22827744248238,0.000457900766797248,0.00122762352816195
"CAMK2B",-1.70479288888889,5.19848486666667,-5.22755354106053,0.000458360362786833,0.00122831743299599
"ATP6V1E1",2.154427,9.7515965,5.22699229968121,0.000458717029005406,0.00122868612160699
"LYZ",4.32367826666667,4.94680153333333,5.22665710685468,0.000458930184652982,0.00122868612160699
"PDE7B",-2.11464013333333,5.2276072,-5.22638950060566,0.000459100437069887,0.00122868612160699
"TMEM64",2.69672573333333,5.0859868,5.22585372000166,0.000459441507294503,0.00122891986934749
"KCNK9",1.55948843333333,5.64389661666667,5.2256213483717,0.000459589516356172,0.00122891986934749
"PPP1R2",1.87414566666667,13.4756021666667,5.22480436528032,0.000460110300354034,0.00122960999587185
"DACT2",-2.32011066666667,4.26180533333333,-5.22458604806772,0.00046024957347933,0.00122960999587185
"C5orf44",2.12571083333333,6.7450676,5.22230125919694,0.00046170985028689,0.00123297287824321
"MAP7D2",2.0877579,5.54218611666667,5.22131835835101,0.000462339582066514,0.00123411586521943
"SCRT1",-1.79584346666667,5.2059142,-5.22046423805148,0.000462887555129801,0.0012350397131636
"C20orf94",-2.84078136666667,8.28974098333333,-5.21901574756049,0.000463818450430462,0.00123698399290914
"ACAN",-3.0251612,8.16216473333333,-5.21849446117934,0.000464153955306156,0.0012373393893521
"IGJ",4.33200853333334,10.5400874,5.21781337420757,0.000464592702255054,0.00123796957856987
"PABPN1",-1.96585746666667,9.0118736,-5.21580415906448,0.000465889609016265,0.00124033952951932
"ELF1",-2.3195863,8.6358226,-5.21573696048832,0.000465933051459657,0.00124033952951932
"ZNF148",-3.19550623333333,9.03013255,-5.21549374709713,0.000466090320098877,0.00124033952951932
"SYS1",2.11288223333333,7.63967355,5.21405273426239,0.000467023290224623,0.0012422819519975
"ZMPSTE24",2.92328813333333,6.5061011,5.21373602871664,0.000467228607013207,0.00124228796945102
"CLDN12",1.9367042,4.13533253333333,5.21315751182076,0.00046760390364055,0.00124274573521846
"AP4B1",1.86792113333333,5.8589579,5.21227803401094,0.000468175060689173,0.00124372341350254
"RAB11FIP2",-1.78395463333333,5.55774948333333,-5.20786429271349,0.000471052805373205,0.00124967240324364
"ING4",2.33338985833334,6.70778102916667,5.20767212280413,0.000471178530379204,0.00124967240324364
"LMBRD1",2.963046,4.9342461,5.20745014917444,0.000471323798998527,0.00124967240324364
"SOX5",-1.87858333333333,4.5975916,-5.20730557729643,0.000471418438616016,0.00124967240324364
"ZBTB20",-2.111972,4.39726433333333,-5.20727913867552,0.000471435748069028,0.00124967240324364
"RIMBP3C",2.46013463333334,8.26045901666667,5.20581387292556,0.00047239613058916,0.00125167584536357
"MRPS24",1.93310253333334,8.1169279,5.20242965230749,0.000474622299158653,0.00125702996807474
"RHOJ",1.96995026666667,7.00587,5.20128133330661,0.0004753802311954,0.0012584925376259
"FRG2B",-1.55616823333333,4.11174301666667,-5.20089924357892,0.000475632712382237,0.0012586163210876
"CCDC19",1.50831276666667,6.11087341666667,5.19879668077464,0.000477024644831024,0.00126107635820022
"HADH",1.68105831666667,7.46310409166667,5.19870278201236,0.00047708690938278,0.00126107635820022
"KLHDC7A",1.5409801,3.43973121666667,5.19856130407549,0.000477180740312767,0.00126107635820022
"IGSF23",1.85110033333333,8.90985483333333,5.19698045401743,0.000478230540038742,0.0012633050276153
"CXCL3",-2.9774585,4.88380378333333,-5.19652770751288,0.000478531653463331,0.00126355487953762
"CCDC113",-2.24899878333333,5.85709614166667,-5.19540342724161,0.000479280272721806,0.00126498563783952
"HLA-DQA2",2.63218476666667,5.16498198333333,5.19451724314482,0.000479871238429211,0.00126509814479054
"C17orf58",1.571961,7.13822641666667,5.19448731674359,0.000479891208972545,0.00126509814479054
"GGA2",1.9024258,6.28884393333333,5.19410352745522,0.000480147399113675,0.00126509814479054
"UROD",1.79563153333334,6.5163001,5.19409958523865,0.000480150031416089,0.00126509814479054
"MFN1",2.50339463333333,3.95972335,5.18877462681869,0.00048371980934108,0.00127395514143294
"ZNF609",-2.0015134,6.33184416666667,-5.18845792050666,0.000483933020954015,0.00127396825395726
"MRPL15",2.86998496666667,5.33179371666667,5.18711389042195,0.00048483896650456,0.00127580421379566
"TTI1",1.9302941,5.76278348333333,5.18641316486137,0.000485312013811248,0.00127595388757958
"BEND2",-2.54783833333333,5.43251233333333,-5.1864117622835,0.000485312961163399,0.00127595388757958
"SZRD1",-2.11351313333333,7.33140056666667,-5.184986303501,0.000486276795316888,0.00127793876020134
"F8A1",1.77181033333334,10.6017868333333,5.18065864092414,0.000489215590234877,0.00128466972918889
"RSF1",-1.65439606666667,7.4159493,-5.18059638691902,0.000489258004087956,0.00128466972918889
"SYN2",1.79373596666667,4.19476168333333,5.1800440727581,0.00048963447045832,0.00128510668822995
"INTS6",-1.67921986666667,4.4936423,-5.1783419284444,0.000490796637682747,0.0012871002119822
"SLC18B1",2.27179813333334,6.3155578,5.17774907248502,0.000491202115121233,0.0012871002119822
"MMS22L",1.8737618,3.71054643333333,5.1775472851248,0.00049134020744961,0.0012871002119822
"NSUN4",1.9758248,5.80317153333333,5.17743825332902,0.000491414840246058,0.0012871002119822
"CHST15",-2.20767403333333,6.70897981666667,-5.17739286420545,0.000491445912911149,0.0012871002119822
"TNFSF9",2.36132133333333,4.5433528,5.17682559136323,0.000491834436792329,0.00128717354387192
"DRAP1",-1.64619166666666,9.3232465,-5.17673765277158,0.000491894695255402,0.00128717354387192
"SLC2A6",1.53516123333334,5.51230405,5.17501062911225,0.000493079717619747,0.00128972283556973
"TPTE",1.8401107,8.0336706,5.17312468819373,0.000494377285775892,0.00129178446989912
"NPC1L1",1.92545953333333,4.35878553333333,5.17287671813466,0.000494548167086433,0.00129178446989912
"MT1G",3.69448633333334,10.4177045,5.17280415681468,0.00049459818259042,0.00129178446989912
"C5orf65",2.0808448,4.6287307,5.17260955836392,0.000494732343399751,0.00129178446989912
"PPP2R2A",2.9168916,4.7396643,5.1723321907913,0.000494923634757033,0.00129178446989912
"GRB2",-1.99911531666667,6.71327660833333,-5.1711269557635,0.000495755768772919,0.00129340460270905
"HYLS1",2.7922525,4.71582281666667,5.17053506845895,0.000496164977202106,0.00129392043074275
"HIPK2",-1.93274316666667,7.09816888333333,-5.16926904057397,0.000497041478862801,0.00129517296351756
"DEFB1",4.00295353333333,11.8264995666667,5.16922980487737,0.000497068669228382,0.00129517296351756
"LPHN2",1.98757913333333,8.03017143333333,5.1672103612593,0.000498470303839428,0.00129827216640682
"SPPL3",2.69119046666667,7.55602143333333,5.16676778677357,0.000498778047922679,0.00129852089242168
"CDC42SE2",1.77473553333333,4.83317516666667,5.16619521920678,0.000499176485367509,0.00129900541789809
"SNAPC2",1.75577636666667,5.64951041666667,5.16531767191219,0.000499787815022629,0.00130004330455291
"OTUD1",2.38741823333333,7.59662088333333,5.16138296065355,0.000502538769368991,0.0013066435150869
"MGAT1",1.63663733333333,11.1956913333333,5.15952453336063,0.00050384373767355,0.00130885068078453
"JOSD1",1.58249696666667,6.26131981666667,5.15939934711522,0.000503931772842047,0.00130885068078453
"SHC1",-4.47987826666667,6.05910596666667,-5.15926047071034,0.000504029454712055,0.00130885068078453
"NIPSNAP3B",1.68900376666667,8.63589445,5.15630635010985,0.000506112124879009,0.00131370130675001
"ASAP3",-1.6671657,3.80747531666667,-5.15530901270304,0.00050681733734968,0.0013148910483093
"GGCX",2.09925716666667,7.48923983333333,5.155050469514,0.000507000324119261,0.0013148910483093
"CCDC57",1.58971883333333,3.56345011666667,5.1537712663993,0.000507906738296796,0.00131668365461856
"ZBED5",2.22053166666667,10.670247,5.15270965440829,0.000508660293305656,0.00131807864228886
"GCN1L1",-1.85551206666667,5.15173083333333,-5.15177819241429,0.000509322453587504,0.00131923572017288
"TRIM39",-2.60257966666667,5.9918147,-5.15136090058793,0.000509619399233619,0.00131926622459131
"PIGT",2.18821608333333,4.385526075,5.15115567791988,0.000509765504238944,0.00131926622459131
"NR2C2",-1.78242166666667,5.4544415,-5.15063787502182,0.000510134345647123,0.00131966254827446
"ANGEL1",-3.93395893333333,6.71692893333333,-5.14934865418644,0.000511053928741433,0.00132094528179011
"C1orf94",-2.364881,4.3940075,-5.14933731161208,0.00051106202713259,0.00132094528179011
"TMEM39B",1.6251297,8.89670815,5.14849580099145,0.00051166323476944,0.00132194073915517
"GUCY1B3",2.4398666,4.40128313333333,5.14559193916558,0.000513743702687546,0.00132675558169794
"DRAM1",1.64031816666667,6.65740715,5.14516776397829,0.000514048361738893,0.0013269822266323
"RPS6KA1",2.15293106666667,5.46563626666667,5.14472829178713,0.000514364212250382,0.00132723755822347
"LRRC15",1.91687896666667,3.60161335,5.14385300677952,0.000514993904059216,0.0013283021522067
"LARP4",-1.52212416666666,7.58735425,-5.14320300502401,0.000515462059457223,0.00132894938042954
"B3GNT5",2.10510146666667,7.28999193333333,5.14253485417998,0.000515943762660599,0.0013296309772357
"ERMN",-2.2484174,4.4762982,-5.1413812985554,0.000516776555954263,0.00133109501981013
"C4orf26",-3.6180061,6.09085205,-5.1411454467549,0.00051694700344375,0.00133109501981013
"STXBP3",1.81556683333333,9.51346458333333,5.14036962291723,0.000517508108608349,0.00133148462000723
"CXCL6",1.63141456666667,3.31234548333333,5.14026131043711,0.000517586496282473,0.00133148462000723
"ABLIM2",-2.2883712,7.96768806666667,-5.14003377210656,0.00051775121134312,0.00133148462000723
"DBNDD2",2.13157775,6.23328535833333,5.13941785032746,0.000518197359633778,0.00133207203623506
"NAA20",-3.3966444,7.42009446666667,-5.13851409991928,0.000518852746210462,0.00133319659862058
"TNFAIP8",2.28422818333333,5.961365625,5.1380012298414,0.000519225067747688,0.00133359318408075
"PSG3",1.72853153333333,3.75629456666667,5.13734638964416,0.000519700870339969,0.00133425510899703
"ATG9A",-2.17070256666667,6.61694738333333,-5.1369733755964,0.000519972109094611,0.00133439151151042
"DCAF5",-1.49710066666667,6.6442809,-5.13626356394377,0.000520488671417372,0.00133515710345136
"LRRC19",-1.578453,4.27815726666667,-5.13535056310464,0.000521153913796575,0.00133630328776507
"CTNS",1.72115661666667,3.90545469166667,5.132707661826,0.000523084767960691,0.0013403297495581
"UGT1A9",-2.64957633333333,10.5469928333333,-5.13248308386653,0.00052324919398243,0.0013403297495581
"C2orf27B",1.57088196666667,3.47191338333333,5.13207920797523,0.000523545033597995,0.0013403297495581
"THEMIS",1.5806168,3.5287291,5.13200345924912,0.00052360053962796,0.0013403297495581
"PAQR4",1.6758016,4.67260866666667,5.13151270574461,0.000523960299758585,0.00134055378929462
"CDR2L",-1.78549603333333,4.09085998333333,-5.13128639334182,0.000524126293558798,0.00134055378929462
"ZNRD1",2.06944366666667,9.73848916666667,5.12942483893541,0.000525493834926528,0.0013433890655101
"ARID4B",-3.02608095,7.890573525,-5.12905977027883,0.000525762471757952,0.0013433890655101
"RNLS",2.06889266666667,8.86726933333333,5.1288711965305,0.000525901292023275,0.0013433890655101
"ELOVL7",2.39559893333333,3.9514083,5.12858352240847,0.0005261131417068,0.0013433890655101
"CASS4",1.95260186666667,4.3470585,5.12718980451706,0.000527140804402455,0.0013448285455967
"DCK",2.55806166666667,7.45434083333333,5.12664709185904,0.000527541558043311,0.0013448285455967
"C9orf170",1.83462946666667,4.1155073,5.12626422387393,0.000527824474766765,0.0013448285455967
"MPZ",2.22305133333334,11.9827356666667,5.12623110992631,0.000527848951658736,0.0013448285455967
"C5orf54",1.7748734,8.84236746666667,5.12617532299981,0.000527890190529207,0.0013448285455967
"SEPN1",-1.65674313333333,4.51494576666667,-5.12566647167786,0.000528266503783678,0.0013448285455967
"NAIF1",-2.3865217,6.92585671666667,-5.12564793596973,0.000528280217018011,0.0013448285455967
"DHX29",2.00974533333333,8.186858,5.12543820618594,0.000528435407586543,0.0013448285455967
"DCUN1D5",1.4958985,9.50492108333333,5.12305102615401,0.000530205264802009,0.00134877164659405
"EIF5A",-1.6570191,5.40046768333333,-5.12216746629103,0.000530861948890892,0.00134988088250809
"ZMAT3",1.50223433333333,3.4486398,5.12159157963518,0.00053129043226012,0.00135040916683316
"AKR1C2",2.49497883333333,7.29703108333333,5.11984539543425,0.000532591935550465,0.00135315509206717
"SLFN11",1.71633993333333,4.0299529,5.11951305276543,0.00053284003162176,0.0013532134531354
"NAV1",1.68134623333333,7.49039565,5.11922217287428,0.000533057277223982,0.0013532134531354
"USP36",-1.8086944,6.16180696666667,-5.11823836798249,0.000533792743178821,0.00135451845821984
"ZNF644",-1.61532406666667,6.6433052,-5.11611838786265,0.000535381287060479,0.00135798619993201
"KCNQ1",1.53073996666667,5.90220221666667,5.11232803498064,0.000538234132090563,0.00136456800041786
"DMRT2",1.65333486666667,3.72186833333333,5.11188326646542,0.000538569959183257,0.00136456800041786
"ATOX1",1.90999,9.74852533333333,5.11178310096186,0.000538645621203598,0.00136456800041786
"SPATA13",-2.20747766666667,4.18009083333333,-5.11148838781667,0.000538868304839744,0.00136456800041786
"WEE1",-2.34340313333333,8.0872881,-5.11107534468925,0.000539180564215723,0.00136479383197012
"MSRA",1.65483776666667,6.68657055,5.11007634554552,0.000539936607570428,0.00136614233462195
"UBAC2",-2.4960153,6.72921901666667,-5.10863270326534,0.000541031167538756,0.00136834587970323
"SEH1L",1.9819885,8.45186108333333,5.10791945149959,0.000541572828795488,0.00136914982089702
"TTLL6",-2.66374363333333,5.36396871666667,-5.10733024622423,0.000542020724916721,0.00136971614830256
"TPH1",-2.34469436666667,4.66366668333333,-5.10691887181208,0.000542333674978637,0.00136994113274951
"DERL3",1.900041,15.1875481666667,5.10619928031864,0.000542881565195314,0.00137075914810769
"RAB13",-1.965636,12.3642816666667,-5.10464387118654,0.000544067869394186,0.00137318779907328
"SIT1",2.27407173333333,4.26776036666667,5.1028169590756,0.000545464800914325,0.00137580637789962
"ST7",1.55624361666667,6.983330525,5.10265393647376,0.000545589641533692,0.00137580637789962
"FAM70B",2.31401946666667,4.47125943333333,5.1024054263348,0.000545780006401174,0.00137580637789962
"CHST10",1.72071536666667,3.65283858333333,5.10206274584288,0.000546042624968201,0.00137590147428149
"MRM1",1.66321053333333,3.35393733333333,5.10103876445592,0.000546828177347691,0.00137731362248381
"MEA1",-1.67962116666666,11.84110625,-5.10024838839543,0.000547435347365194,0.00137827549595895
"C10orf118",-1.84089133333333,4.47986433333333,-5.0997522445939,0.000547816856500216,0.00137866866642054
"FBXO7",1.9768692,6.43594626666667,5.09932634339747,0.000548144580211395,0.00137892620959429
"GLUL",-1.86027983333333,10.13645975,-5.09714331668889,0.000549827687498031,0.00138250416937282
"LCE1D",-3.10328333333333,9.35914933333333,-5.09689586551083,0.000550018821224818,0.00138250416937282
"ASIC2",-3.16976946666667,6.9988882,-5.09594875723068,0.00055075103579422,0.0013837761137532
"COX5B",2.57885746666667,10.1347869333333,5.09432773957902,0.000552006681132203,0.00138636160721134
"ABHD10",1.99491153333334,6.79386053333333,5.09285867350825,0.000553147277367123,0.00138865615220848
"C11orf48",-2.56929136666667,5.91105481666667,-5.09254548430808,0.000553390767119545,0.0013886975854132
"YIPF4",1.94410533333334,10.1165243333333,5.09194946061746,0.000553854464966837,0.00138886582452017
"HS3ST3B1",1.83582056666667,4.24494405,5.09187575495256,0.000553911835866168,0.00138886582452017
"CEACAM19",1.52725083333333,3.43324855,5.09114989709888,0.000554477168625268,0.00138971377208086
"UCN",1.82809023333334,5.36486578333333,5.09016171216017,0.00055524780941822,0.00139107538821485
"MFNG",-1.9250201,5.76424888333333,-5.08921050583293,0.000555990697677399,0.00139236638902592
"RASSF7",2.03800983333333,7.32943818333333,5.08840160373214,0.000556623285849283,0.00139338022210553
"E2F1",-1.63386066666667,4.75703136666667,-5.08680488490783,0.000557874240112805,0.00139594053211049
"SUCO",-1.92070333333333,5.592546,-5.08478122061333,0.000559464021100846,0.00139832059457258
"DIXDC1",-3.62644733333333,8.31512316666667,-5.08467361149237,0.000559548694282338,0.00139832059457258
"WWTR1",1.45447933333334,11.5019456666667,5.08464248630229,0.000559573187974427,0.00139832059457258
"HOXA10",1.5348303,5.35510755,5.08441637199002,0.000559751161156565,0.00139832059457258
"NABP1",-1.80878746666667,5.18842416666667,-5.08395295290959,0.000560116105234699,0.00139832059457258
"PGAP3",1.59861316666667,4.23824321666667,5.08385057837599,0.000560196759937461,0.00139832059457258
"FAM8A1",1.85469846666667,5.0074392,5.08351759833299,0.00056045918094387,0.0013984050852425
"OR2T12",-1.90680633333333,5.30416613333333,-5.08302775623578,0.000560845464374109,0.00139879843091757
"POU2F1",-1.6237596,4.60626353333333,-5.08158812731762,0.000561982391938343,0.00140076179815268
"PRKACA",-1.69328506666667,3.75175686666667,-5.08083857542589,0.000562575318918687,0.00140076179815268
"FAM127A",2.80672726666667,5.38281033333333,5.08060270012795,0.000562762044951888,0.00140076179815268
"FRMD1",1.7366083,3.56231621666667,5.08046426328478,0.0005628716667094,0.00140076179815268
"FASTKD1",2.30313756666667,9.12031621666667,5.08015229139949,0.000563118786848587,0.00140076179815268
"C2orf44",2.25388773333333,4.42390895,5.07984039188735,0.000563365965998904,0.00140076179815268
"ZNF200",1.5349162,5.30166463333333,5.07974263401878,0.000563443462682406,0.00140076179815268
"SLC15A2",1.7336156,3.8293891,5.07970298810229,0.000563474894890183,0.00140076179815268
"HIC1",1.61654633333334,8.8658445,5.07920963574405,0.000563866193521332,0.00140076179815268
"CCNA1",-1.7565791,4.54596948333333,-5.07891871649364,0.000564097070493339,0.00140076179815268
"ZDHHC13",1.883658,10.2335066666667,5.07864129182179,0.000564317332463273,0.00140076179815268
"CYP7B1",1.8802237,6.71887675,5.07856217769044,0.000564380162217449,0.00140076179815268
"ATP5H",1.98084016666667,14.6519434166667,5.07771053947307,0.000565056979669703,0.00140187291225436
"FSD1",1.58744816666667,3.28796418333333,5.07733681699457,0.000565354260746446,0.00140204189997842
"ARL6IP1",-1.75151866666667,12.6197953333333,-5.07601950147575,0.000566403470378951,0.00140407472924571
"FAM18B2",1.71985883333333,5.39926891666667,5.07411298474898,0.000567925664709515,0.00140727793304691
"SPARCL1",2.54114306666667,5.3274567,5.07335767505633,0.000568529929379694,0.00140774845686119
"SLC39A7",1.63842346666667,7.9099776,5.07330043633544,0.000568575749739129,0.00140774845686119
"C2orf54",-1.48327176666667,4.54042265,-5.07253262723938,0.000569190774230243,0.00140836120668994
"C1orf68",1.9068168,6.08531203333333,5.07234359188093,0.000569342303305166,0.00140836120668994
"UTP6",1.58068333333334,8.90540066666667,5.0721296714867,0.00056951383219204,0.00140836120668994
"USH1C",-1.6471922,4.41711973333333,-5.07110083858351,0.000570339561220322,0.00140983330729129
"FZD6",2.25501333333333,6.00659591666667,5.07062953054814,0.000570718256197264,0.00141019963304316
"OSBP",-2.50050556666667,7.68153421666667,-5.0698237714715,0.000571366306646482,0.00141104145059949
"ANKRD17",-2.44877515,5.64372830833333,-5.06949458966787,0.000571631285793899,0.00141104145059949
"NUDT21",2.8183827,8.87258965,5.06933618773843,0.000571758840441849,0.00141104145059949
"SLC24A1",1.57327226666667,3.5847862,5.06885061007036,0.000572150046698445,0.00141104145059949
"PKD1L2",1.8221085,8.52588441666667,5.06877357744256,0.000572212134510843,0.00141104145059949
"TSPAN31",1.68027853333333,7.0278789,5.06760891668089,0.000573151724782168,0.00141278898155411
"ADRBK1",-1.70935103333333,5.81863511666667,-5.06674754713083,0.000573847699215497,0.0014139348464762
"GATAD2B",-1.46562746666667,6.0828286,-5.0659592695774,0.0005744854106613,0.00141415695196452
"NPL",2.06905913333333,7.63389743333333,5.0658792172013,0.000574550215015469,0.00141415695196452
"CABP2",-2.2206064,4.61374813333333,-5.06577908948135,0.000574631281886858,0.00141415695196452
"PRKCB",1.80667326666667,5.5482421,5.06474063667977,0.000575472772993068,0.00141565839371596
"PSME1",-1.6802331,8.83156511666667,-5.06420825057443,0.00057590469463146,0.00141615149588234
"RBM14",1.64064733333334,7.74115733333333,5.06283369927617,0.000577021468230594,0.00141832757839887
"HHLA3",1.8642399,6.35282118333333,5.06220107249924,0.000577536235014283,0.00141902276538851
"SH2B1",1.79521143333333,7.51007361666667,5.06098923549424,0.000578523679459665,0.00142087831029074
"STAG2",-1.57682473333333,9.67497913333333,-5.06000900704096,0.000579323726242336,0.00142172081185283
"CA11",2.20703953333333,4.9796887,5.05999951627292,0.000579331478252551,0.00142172081185283
"LOC100127983",1.97916193333333,7.9398927,5.05747796738439,0.000581395012580608,0.00142476484558712
"KLRG1",2.37332986666667,5.00011636666667,5.05741421668249,0.000581447285645015,0.00142476484558712
"MBNL3",1.95097038888889,5.91452191666667,5.05740913583452,0.000581451451957058,0.00142476484558712
"KLRB1",1.8314052,6.7230324,5.05734578446099,0.0005815034029799,0.00142476484558712
"SNRK",-2.1183003,4.55641071666667,-5.05564450045819,0.000582900396996503,0.00142737466711247
"PTGER3",1.56993848333333,5.301901225,5.05548057836119,0.000583035190113445,0.00142737466711247
"ASB3",1.69419973333333,6.36146616666667,5.05511156158485,0.000583338754891189,0.00142754660096972
"ZNF627",2.22520216666667,3.93265741666667,5.05393805114228,0.000584305248451689,0.00142898994766346
"TOB2",-2.32392263333333,8.54036435,-5.05355872559083,0.000584618024979989,0.00142898994766346
"RBM24",-1.53482933333333,5.2333801,-5.05354509894445,0.000584629264302326,0.00142898994766346
"ANXA3",2.64210633333333,9.93326416666667,5.05255283371452,0.000585448312420473,0.00143042043745545
"WT1",1.80577918333333,4.627995125,5.05207421321668,0.000585843821221868,0.00143045078594921
"ALKBH4",1.73490556666667,3.44386098333333,5.05156749833809,0.000586262858112415,0.00143045078594921
"OXA1L",-1.9959812,6.1879936,-5.05139848287926,0.000586402699925871,0.00143045078594921
"AZGP1",1.7298205,9.47217691666667,5.05128931196512,0.000586493045934578,0.00143045078594921
"PIGK",2.00113173333333,7.5944843,5.05112411615169,0.000586629784561389,0.00143045078594921
"AXIN1",1.59294493333333,3.3417391,5.04942377129523,0.000588039210734349,0.00143331629134372
"CLCN6",1.5853286,3.7756159,5.04885077408596,0.000588514989225509,0.00143390470094849
"ING3",-1.88932116666667,10.2673305833333,-5.04854255925174,0.000588771080887789,0.00143395759270362
"DNASE2",1.64798583333333,7.29157958333333,5.04791503501093,0.000589292851926254,0.00143465724953634
"ZP3",1.66687496666667,6.22488651666667,5.04682285383411,0.000590202156616017,0.00143629944080222
"SNX14",3.18051546666667,4.95629793333333,5.04596824438482,0.000590914718115078,0.00143671039541449
"RFESD",1.9776244,5.5773278,5.0459369109809,0.00059094086099626,0.00143671039541449
"IKZF1",-2.1126587,3.81440865,-5.04577553308796,0.000591075525540744,0.00143671039541449
"AFF3",-2.75376336666667,5.04107618333333,-5.0440654934412,0.000592504520769934,0.00143932882036233
"NDUFA11",2.34427096666667,3.86944635,5.04392356262346,0.000592623291679095,0.00143932882036233
"BICC1",-1.83920523333333,5.08825671666667,-5.04303629804501,0.000593366353524657,0.0014405616471682
"SDR42E1",2.07289273333333,4.48863373333333,5.04217681008343,0.000594087105759187,0.00144119071860772
"C15orf41",1.74434456666667,8.67929746666667,5.04204787824087,0.000594195306790036,0.00144119071860772
"MFAP3L",-1.7343554,6.88640213333333,-5.041567824571,0.000594598358979459,0.00144119071860772
"SRSF6",1.45292833333334,14.2992861666667,5.04156001877125,0.000594604915136203,0.00144119071860772
"DOHH",-2.05502346666667,5.9685544,-5.04132386903642,0.000594803295927507,0.00144119071860772
"C1orf43",1.6483287,9.19571131666667,5.04076817247296,0.000595270396396018,0.00144175149847618
"TCTE3",-1.78423866666667,4.6197119,-5.04030219224454,0.000595662387403001,0.00144184781105791
"C10orf128",1.58815843333333,7.22747621666667,5.04014493124752,0.000595794740655827,0.00144184781105791
"FBXO10",1.5195176,6.83191646666667,5.03988071374191,0.000596017181131981,0.00144184781105791
"SPRR4",-3.29806663333333,8.36848968333333,-5.03898720665023,0.000596770070339997,0.00144303435437054
"ATP5G2",2.30615583333334,12.37611225,5.03873899853963,0.000596979397010763,0.00144303435437054
"PINX1",-2.30462086666667,9.68069523333333,-5.03829507088247,0.00059735398037918,0.00144322834025711
"KDM2A",-3.16658436666667,8.26856481666667,-5.03792415516455,0.000597667149967762,0.00144322834025711
"UBXN7",-1.76837336666667,5.97739588333333,-5.03772283715713,0.000597837199412079,0.00144322834025711
"FAM108C1",2.99882543333333,5.75705061666667,5.03752632046944,0.000598003243306927,0.00144322834025711
"CLDN18",1.60984033333333,3.30802123333333,5.03658862338567,0.000598796217829654,0.0014445722636758
"CDY1B",1.70820233333333,9.63164716666667,5.03611744789889,0.000599195098390996,0.00144496476624206
"MYL4",-2.1653698,5.49834776666667,-5.03500622407874,0.000600136949914348,0.00144666582331599
"ANKHD1-EIF4EBP3",1.75365583333334,11.3447685833333,5.03367241660701,0.000601269555396088,0.00144882518310881
"GALK2",1.62294106666667,5.76549755,5.03317436518479,0.000601693064254855,0.00144904393692884
"PDE6G",1.53318666666667,3.5154567,5.03282554810422,0.000601989864855156,0.00144904393692884
"ELF2",-2.2652384,7.72978196666667,-5.0327303580763,0.000602070887164613,0.00144904393692884
"LEPREL1",1.65181821666667,4.16836960833333,5.03221030051037,0.000602513747818258,0.00144953956317424
"BCAS3",-2.2196179,7.71510205,-5.0310692397697,0.000603486654652916,0.00145130949416924
"SLC6A9",-2.06616146666667,6.29344525555556,-5.03070621834247,0.000603796531988527,0.00145148415823411
"SLC1A4",1.62151206666667,6.84136266666667,5.02963477123578,0.000604712120984001,0.00145311420117051
"ANKRD13B",-2.05569186666667,4.39579463333333,-5.02902121241755,0.000605237098546777,0.00145380469921837
"GABRG2",1.60804043333333,4.85245641666667,5.02626855241462,0.000607598369366466,0.00145890377699531
"TPTE2",-2.84316683333333,4.70547671666667,-5.02553608526175,0.000608228352280445,0.00145967363526574
"HOXA9",1.44018313333334,5.73306743333333,5.02534110414286,0.000608396170305269,0.00145967363526574
"TBATA",1.58140543333333,3.47194925,5.02459929310485,0.000609035092394401,0.00146063374961542
"STYK1",2.03110023333333,4.26669041666667,5.02406129634141,0.000609498919155538,0.00146117334929216
"MYCBP2",1.6115616,5.9102552,5.02372403299336,0.000609789879353094,0.00146129826944075
"ANKRD13D",-2.8719865,7.48315608333333,-5.02271329173242,0.000610662747240853,0.00146281702725902
"HOXB6",-4.31191393333333,6.95498453333333,-5.02096484972894,0.000612175851408385,0.00146568643827576
"METTL23",1.65642463333333,7.94901135,5.0207757478333,0.000612339741129919,0.00146568643827576
"SUN5",-2.0218916,4.83535083333333,-5.02010228272514,0.000612923798038679,0.00146651067516646
"ESCO2",1.8222272,6.3709714,5.01981536078793,0.000613172810029143,0.00146653293657478
"WISP1",-2.44036853333333,5.81825003333333,-5.01830777679144,0.000614482985498401,0.00146909218651005
"ZMYND15",1.9988809,4.05013381666667,5.01770375093607,0.000615008759720378,0.00146975647268667
"SLC35A2",2.4764404,5.11305163333333,5.01723347481124,0.000615418445373879,0.00146975647268667
"SYCE1",-1.63927893333333,5.9006519,-5.01716107462894,0.000615481543482062,0.00146975647268667
"PLAC8L1",1.5063838,4.8291577,5.01635500720731,0.00061618451482859,0.00147086104632123
"OMG",-1.7567542,3.49505576666667,-5.01590981487181,0.000616573135908834,0.00147121468232849
"CYTIP",-1.791265,6.99065596666667,-5.01385923841039,0.000618366537486821,0.00147439986654249
"LRRC25",1.51549503333333,3.68403428333333,5.01383244661297,0.000618390006137303,0.00147439986654249
"WBSCR28",2.11439353333333,4.47525743333333,5.01351743279639,0.000618666018520332,0.00147448332734998
"CEACAM16",-3.07696726666667,5.49866823333333,-5.01255672656864,0.000619508596738359,0.00147591650889614
"SRP72",-3.58105666666667,10.64067,-5.01151764153388,0.000620421301095755,0.00147719151452826
"LGALS3BP",1.89097176666667,4.71088088333333,5.01139778317356,0.00062052667413168,0.00147719151452826
"FAM59A",1.83394763333333,5.24535728333333,5.01088390470956,0.000620978665955428,0.00147769252365434
"MYLK",2.66323833333333,5.37740316666667,5.01034221468463,0.000621455502039876,0.00147825224007775
"MLX",2.22957948333333,4.44037415833333,5.00931495913252,0.000622360847343851,0.00147983041743089
"ODZ1",1.77167826666667,4.34163563333333,5.0083058006692,0.000623251619835799,0.00148137273121811
"SPTA1",-2.52834573333333,4.8896383,-5.00774556895523,0.000623746719654571,0.0014819737595521
"FAM110C",-1.5344214,4.63231293333333,-5.00600682402862,0.000625286006217699,0.00148505426476704
"TP53AIP1",2.42471966666667,9.4172035,5.00398493380522,0.000627081078662994,0.00148840595643699
"HEATR4",-2.7097964,6.36689413333333,-5.00382765913959,0.000627220941416468,0.00148840595643699
"GDPD2",2.42232903333333,4.91872641666667,5.00359591044671,0.000627427094091368,0.00148840595643699
"PTPN14",-1.78045106666667,4.60792986666667,-5.00263059498035,0.000628286574586647,0.0014897341167291
"RHBDF1",1.58960843333333,7.13640191666667,5.0024203106849,0.000628473971114383,0.0014897341167291
"EMC6",2.6014152,4.36212576666667,5.00103281584959,0.000629711950747001,0.0014920330129906
"SRSF11",-1.94098066666666,10.148436,-5.0007869910143,0.000629931558116169,0.0014920330129906
"ELOVL4",3.29030656666667,6.19563871666667,5.00029755324069,0.000630369041281599,0.00149249140656379
"HPR",1.581434,6.4119338,4.99948681384406,0.00063109443593491,0.00149363085456471
"IRF2BP1",1.79995083333333,10.2499445833333,4.99920669097296,0.000631345278788422,0.00149364671911352
"SIRT4",1.6478322,3.30339196666667,4.99800770673844,0.000632420146479288,0.00149537286805494
"JAKMIP3",-2.6296783,4.32897048333333,-4.99784769377601,0.000632563743466196,0.00149537286805494
"FAM98B",-1.62814723333333,3.79363408333333,-4.99642436358801,0.000633842590803584,0.00149781729259804
"KCND3",-3.00030923333333,4.30458621666667,-4.99454313126243,0.00063553711109107,0.00150124171646918
"SIAH1",1.56551268333333,6.77816710833333,4.99324917584832,0.000636705459119787,0.00150342107251828
"PCBP1",1.606123,15.5355795,4.99270067070521,0.000637201413961492,0.0015040116707625
"ZNF142",-1.66835123333333,7.22157471666667,-4.99083255809835,0.000638893657712949,0.0015074243724982
"OTUD5",-1.43190188333333,7.00659100833333,-4.99011080077251,0.000639548756146203,0.00150784043107123
"GTF3C5",2.18343115,5.909466575,4.99009520910721,0.00063956291576166,0.00150784043107123
"FAM76A",-1.67802446666667,7.2581392,-4.98868510099994,0.000640844899524583,0.00150984842371001
"KIAA1549",1.99493133333333,4.0794822,4.98848759271697,0.00064102468166941,0.00150984842371001
"EPG5",2.1929042,5.77050353333333,4.98815353311146,0.000641328882831557,0.00150984842371001
"DZIP1",-2.573971,8.29635883333333,-4.98807351264693,0.000641401773982072,0.00150984842371001
"CD8A",1.67599173333333,4.43757336666667,4.98627027928871,0.000643046706874677,0.00151313836640741
"RPS3",1.58167400000001,16.278971,4.98591998757871,0.000643366771536534,0.00151329678441666
"SPINT3",2.01334136666667,5.73148281666667,4.98565529826543,0.000643608733745039,0.00151329678441666
"CXorf66",-2.66799136666667,5.94349105,-4.9839599119999,0.000645160862744154,0.00151636348761765
"CARD9",-1.5988143,7.29068468333333,-4.98292133932684,0.000646113658378788,0.0015179412402742
"ERP29",1.7259132,7.75874106666667,4.98252842950374,0.000646474510263662,0.0015179412402742
"DIRAS2",1.57694843333333,3.63081148333333,4.98241744917764,0.000646576474690189,0.0015179412402742
"CCDC27",2.06259286666667,7.14535623333333,4.98144361416529,0.000647471935929435,0.00151929324032843
"MAD2L1BP",-1.7019077,6.36759148333333,-4.98101669698963,0.00064786491386637,0.00151929324032843
"RPL28",1.67820616666667,16.3490449166667,4.9809814583131,0.000647897362539535,0.00151929324032843
"C16orf73",2.05817936666667,3.50856555,4.97862244319778,0.000650073568943035,0.001523300831118
"MS4A7",-1.91579948333333,8.46375359166667,-4.97858912710517,0.000650104359275759,0.001523300831118
"ZNF385D",-1.6750851,6.45122545,-4.9772554553179,0.000651338206823164,0.00152560763757432
"CREBBP",-2.65483233333333,6.98818133333333,-4.97653489470459,0.000652005877803871,0.00152658704952319
"ENTPD1",1.80938586666667,4.0551709,4.97573616231351,0.00065274683970095,0.00152773724762449
"SLC25A37",-2.42410403333333,8.83435098333333,-4.97453809825839,0.000653859942457552,0.00152975721910337
"BTAF1",-3.2241356,5.89721863333333,-4.97409935321893,0.000654268082248687,0.00153012695993787
"SLC24A3",1.83109843333333,5.12077205,4.97294924025128,0.000655339263582334,0.00153092217805064
"RFFL",1.63374823333333,3.33031438333333,4.97294124549128,0.00065534671623858,0.00153092217805064
"SRSF8",2.38509076666667,6.87742881666667,4.97209897096381,0.00065613238724698,0.00153092217805064
"GBA",1.61449456666667,7.94991271666667,4.9720609130332,0.000656167911383421,0.00153092217805064
"PARP3",-1.8909774,4.24109916666667,-4.97197391439117,0.000656249125629958,0.00153092217805064
"TEX261",1.49227826666667,5.4582258,4.97177164940617,0.000656437983976631,0.00153092217805064
"KRTAP12-1",1.58429066666667,3.4839235,4.97129555928389,0.000656882747495129,0.00153092217805064
"UHRF2",1.8749398,5.6589159,4.97105537345837,0.00065710725166468,0.00153092217805064
"ZNF169",1.86890323333333,7.32242505,4.97089793512854,0.000657254455494923,0.00153092217805064
"DAP3",1.62342493333334,7.7681302,4.97051405600094,0.000657613528125711,0.00153092217805064
"ARRDC3",-2.16375133333333,7.09419,-4.97027986640068,0.000657832687461831,0.00153092217805064
"PLA2R1",1.8501292,6.82031846666667,4.97023278463591,0.000657876756969599,0.00153092217805064
"LETMD1",1.78571398333333,6.08607525833333,4.97002227760592,0.000658073834600415,0.00153092217805064
"CNOT4",1.73330878333333,4.52526074166667,4.96998219792756,0.000658111364542854,0.00153092217805064
"MYO9B",1.533241,12.1006308333333,4.96845459091241,0.000659543500802634,0.00153334784258512
"C1QTNF7",1.9638827,3.82203365,4.96807360367778,0.000659901197424887,0.00153334784258512
"CCDC96",1.85662466666667,7.899774,4.96803742202193,0.00065993517801778,0.00153334784258512
"IQCK",1.806786,5.34087203333333,4.96780168238083,0.000660156622649427,0.00153334784258512
"ALDH3A2",3.06121533333334,8.69254466666667,4.96663127751232,0.00066125723466936,0.00153532135169152
"DEFB110",-2.47137793333333,4.6052156,-4.9662667774811,0.000661600400346499,0.00153553537531103
"COL4A3BP",-1.74175766666666,9.59242616666667,-4.96546583397469,0.000662355134625992,0.00153634032468793
"GUCA1B",-2.1996066,4.41348173333333,-4.96536580560994,0.000662449456771291,0.00153634032468793
"HIPK3",-1.68208836666667,6.38514995,-4.9650134876399,0.000662781791012858,0.00153642174185515
"BMP2",1.72006856666667,3.91788048333333,4.96479621850354,0.000662986825514481,0.00153642174185515
"GAGE2D",2.05243833333334,9.8215465,4.96344843051452,0.000664260237278375,0.00153878990218444
"PAX1",-1.5448671,6.80194388333333,-4.96229591917063,0.000665351226709157,0.00154062944150154
"BICD2",-1.7608285,4.91137138333333,-4.96207775362762,0.000665557962387804,0.00154062944150154
"PRM1",-1.93175683333333,4.59901591666667,-4.96154047911175,0.00066606738211228,0.00154122550823106
"TULP3",1.556025,6.4476364,4.96104227918633,0.000666540126272397,0.00154173629207354
"FBXW2",2.0386556,4.62800033333333,4.96045834036825,0.000667094686016646,0.00154243586131891
"GMPR",1.68176936666667,3.89054965,4.95819978475223,0.000669244266448617,0.00154682146661603
"MPPE1",1.5262855,9.29574941666667,4.95737085807065,0.000670035057662989,0.00154799839987968
"RBBP6",-1.8107524,5.5105406,-4.95700818171993,0.000670381363483729,0.00154799839987968
"OS9",2.2114436,6.94815146666667,4.95687084980555,0.000670512546531736,0.00154799839987968
"PSTPIP2",-3.4179262,8.41675856666667,-4.95519935009185,0.000672111412728791,0.00155110434668983
"GALNT14",-3.2185553,6.50056068333333,-4.95316528633648,0.000674062598459339,0.00155502073053327
"IL1RN",1.96270943333333,3.57574105,4.95106070854695,0.000676087812835824,0.00155760086340194
"C19orf53",1.58375533333333,11.2301493333333,4.95096545116764,0.000676179632097696,0.00155760086340194
"DTX1",1.62665286666667,3.32491763333333,4.95087083930339,0.00067627084236358,0.00155760086340194
"HIATL1",2.23969766666667,6.45721483333333,4.9504516386503,0.000676675129984847,0.00155760086340194
"LCN12",2.59667046666667,4.56417753333333,4.95043233043714,0.000676693757544785,0.00155760086340194
"MORF4L2",1.73518346666667,8.37579226666667,4.95041696635381,0.000676708580405747,0.00155760086340194
"PCDH7",1.75857933333333,9.92495633333333,4.94972601129166,0.00067737555518236,0.00155854969785847
"NCK1",1.82959003333334,6.22265645,4.94812261481704,0.000678926018331276,0.00156111813114526
"LOC100505679",1.55319226666667,7.64256636666667,4.9478892196809,0.000679152025056362,0.00156111813114526
"COX16",1.76800016666667,12.5241305833333,4.94778048033176,0.000679257349641826,0.00156111813114526
"PTBP2",2.07221713333333,3.89343776666667,4.94638440335813,0.000680611140504474,0.00156253131254433
"DUSP22",1.96869266666667,10.789687,4.94626770781339,0.000680724432225646,0.00156253131254433
"SAE1",1.41843846666667,8.10935687777778,4.94617159345759,0.000680817758246251,0.00156253131254433
"CSF2RB",-1.76608586666667,6.4188779,-4.94609325472332,0.000680893834462765,0.00156253131254433
"THAP11",1.56551966666667,12.9630311666667,4.94495336378598,0.000682001834614901,0.00156448714817172
"ZNF174",2.7012039,7.46897138333333,4.94422373340261,0.000682712065555229,0.00156552939170423
"OSBPL3",-1.91211013333333,6.1170926,-4.94366948633733,0.000683252105657694,0.00156568428297329
"FGFR1",-3.66581565555556,8.27352276111111,-4.94362913460684,0.000683291440918386,0.00156568428297329
"TMEM223",1.72835256666667,3.34365215,4.94268634306028,0.000684211173946844,0.00156713544852119
"RECK",1.5102586,5.2115667,4.94227387605104,0.000684613969780366,0.00156713544852119
"TLR4",-1.6289845,3.93618195,-4.94176485390612,0.000685111406914441,0.00156713544852119
"PTAFR",-3.16131626666667,7.4584982,-4.94170567548914,0.000685169263580685,0.00156713544852119
"C3orf55",-2.0376941,5.32286093333333,-4.94149131233531,0.000685378882739359,0.00156713544852119
"TAF15",-2.10516656666667,5.99637178333333,-4.94140667696715,0.000685461663982137,0.00156713544852119
"FLT1",-1.94874025,4.564930525,-4.9406789826315,0.000686173858530292,0.00156817768639833
"MKLN1",1.9528358,5.34070943333333,4.94035584225368,0.000686490370103933,0.00156831519204476
"ZNF451",2.12269265,5.22592439166667,4.93643409082154,0.000690344159803139,0.00157653063444405
"EPN2",1.50614813333333,5.83565315,4.93602182761932,0.000690750622404212,0.00157687026413021
"ZC3H4",-2.53755226666667,4.74297376666667,-4.93525304524013,0.000691509272603437,0.00157801332703761
"SCYL1",1.75585466666667,13.5112086666667,4.93460852440701,0.000692145986550713,0.00157826382878263
"GID8",2.83477273333334,7.21642663333333,4.93455253440897,0.00069220132798838,0.00157826382878263
"PGLYRP2",-2.06197883333333,6.89555381666667,-4.93435869576417,0.000692392957903332,0.00157826382878263
"MARVELD3",-1.58085073333333,6.5387808,-4.93211962083185,0.000694610642042561,0.00158272920224074
"TMEM80",-1.9167299,5.96788873333333,-4.93180670333239,0.000694921175377846,0.00158278637558688
"TFCP2L1",-1.9756709,4.79264978333333,-4.93157304216945,0.000695153153187633,0.00158278637558688
"SPRED3",-2.20909803333333,11.3285504,-4.9309930789414,0.000695729296623231,0.00158323105858366
"MARCH4",-1.66210823333333,3.87567505,-4.93085552358382,0.000695866021008738,0.00158323105858366
"SLC52A2",1.58839586666667,5.42780783333333,4.93054980325101,0.00069616999752634,0.00158333384567515
"NMRAL1",2.281076,6.237969,4.92994060472371,0.000696776145248217,0.00158412354389766
"ESYT3",1.4351375,3.52546161666667,4.92861383137378,0.000698098230761172,0.00158618374729033
"CMTM1",-3.01292576666667,5.51965408333333,-4.9285109557082,0.000698200855091999,0.00158618374729033
"FBXO3",2.19798573333334,7.74578605,4.92663211911366,0.000700077945776191,0.0015898577848028
"ZNF581",1.51136733333334,9.388235,4.92552867295065,0.000701182884603197,0.00159177621076154
"SLC31A2",1.6208064,6.92726536666667,4.92508600417073,0.000701626676864305,0.00159219288169726
"SPSB3",2.40360446666667,4.889559,4.92296428707584,0.000703757958050704,0.00159543647662863
"EPHB3",1.61849433333333,3.54906003333333,4.92290466426138,0.000703817949668353,0.00159543647662863
"INIP",2.16656456666667,7.74661671666667,4.92288438650168,0.000703838354106025,0.00159543647662863
"KRTAP17-1",2.12553773333333,4.723063,4.92240593536048,0.000704319978016304,0.00159593689833472
"GOLGA7",1.7902081,6.35064685,4.92196060106277,0.000704768582552416,0.00159599330516889
"NRAP",-1.85353716666667,4.00841225,-4.92186333014862,0.000704866608461317,0.00159599330516889
"MMP7",-3.51619423333333,5.46709121666667,-4.91993907067342,0.000706808807401108,0.00159979884708841
"VAV3",2.69327403333333,6.34229565,4.91835502462992,0.000708411920868589,0.00160283436829661
"GSG1L",-1.3873524,4.61785486666667,-4.9154356783021,0.000711376615030225,0.00160894718327354
"DHRS4L2",2.36410116666667,4.20578825,4.9141405286506,0.000712696134109164,0.00161133590113816
"CFL2",-1.85042666666667,8.413009,-4.91166608650122,0.000715224426055414,0.00161645476121427
"C20orf27",2.6052826,5.65401213333333,4.91121988098443,0.00071568136304391,0.00161689016953569
"ZNF621",1.46820346666667,4.84491696666667,4.91048157020446,0.000716438117071819,0.00161800236258597
"UFM1",1.785462,12.0591786666667,4.90965822086525,0.000717283044363141,0.00161931279166557
"SLC12A6",-2.8496357,5.69404981666667,-4.90906179180541,0.000717895770569525,0.00162009823841548
"DNAAF2",1.9814611,7.05042521666667,4.90654071895634,0.000720491927138675,0.00162535752589765
"XPNPEP1",1.99684606666667,8.13106763333333,4.90389564875448,0.000723226581285815,0.00163003901944689
"SYT6",1.43872836666667,3.28634805,4.90358804544774,0.000723545323033639,0.00163003901944689
"KRTAP2-4",-2.57135453333333,4.9210283,-4.90348106076905,0.00072365621691259,0.00163003901944689
"FBXW11",-2.38600946666667,8.3228966,-4.90327895921784,0.000723865752865808,0.00163003901944689
"CACNA1I",1.59882233333333,4.6593599,4.90324659264648,0.000723899316089768,0.00163003901944689
"PNMA1",1.74059116666667,14.0539034166667,4.90235438657999,0.000724825164843367,0.00163147206533449
"ARHGAP44",1.6921893,3.39388298333333,4.90211955111882,0.00072506906597654,0.00163147206533449
"PPP1R9B",-1.8219672,6.57581823333333,-4.90083912372276,0.000726400469720022,0.00163386693887761
"CHST12",1.451022,9.831112,4.89890518666859,0.00072841636415985,0.00163742925087419
"EDEM2",2.0428843,4.61527325,4.89880637920606,0.000728519519594563,0.00163742925087419
"SCRN1",1.88914243333334,6.02021425,4.89806625764853,0.000729292707230298,0.00163856510570509
"GTF2I",-1.54345726666667,5.33784986666667,-4.89706291749244,0.000730342275897887,0.00163932548061057
"MPO",-2.95349946666667,6.74235616666667,-4.89701536007767,0.000730392064617912,0.00163932548061057
"DOCK5",-1.64830623333333,5.38055735,-4.89697436255672,0.000730434988581955,0.00163932548061057
"ROPN1",-2.2238941,4.42951641666667,-4.89644348655547,0.000730991053963164,0.00163997186217332
"UTS2R",-2.1539939,4.34014305,-4.8959712573246,0.000731486070647541,0.00164038312403866
"ECSIT",1.84945863333334,5.81531085,4.89575716187995,0.000731710615479161,0.00164038312403866
"LY75",2.48227216666667,5.42422441666667,4.89505828003644,0.000732444121387522,0.00164142605664793
"SUGP2",1.56345966666667,10.2436918333333,4.89241935685609,0.000735220886552026,0.00164632808881202
"ODF3B",-1.4018561,7.80022395,-4.89224255805761,0.000735407322566102,0.00164632808881202
"CCNC",2.31519193333333,7.55413403333333,4.8922126987949,0.000735438814436622,0.00164632808881202
"CCDC127",1.54388456666667,7.30281405,4.89140916770737,0.000736286822267271,0.00164729612184263
"NCOR1",-1.9181477,4.98388358333333,-4.89129276293913,0.000736409756985877,0.00164729612184263
"TMEM171",1.5085316,3.23374166666667,4.89097663783741,0.000736743726589375,0.00164744083306791
"KIF5C",-2.2893338,4.84752543333333,-4.89001627405767,0.000737759295208467,0.00164874551237065
"RALGPS1",1.71406343333334,4.03197073333333,4.88986729613966,0.000737916971053754,0.00164874551237065
"PROL1",-1.55257246666667,5.69270966666667,-4.88966072865864,0.000738135658447732,0.00164874551237065
"UQCR11",1.69327116666667,13.84058325,4.88808486617726,0.000739806266056867,0.0016513426346886
"LPPR2",1.50194433333334,7.49520616666667,4.88805477208267,0.000739838208839728,0.0016513426346886
"CDCA4",2.23041926666667,4.29352113333333,4.88705302761446,0.000740902333505081,0.00165311468868858
"SLC35B2",1.511772,5.866043,4.88615220322313,0.00074186065250043,0.00165464946117303
"CCR4",-3.14375246666667,7.29436563333333,-4.88531073134336,0.000742757029238575,0.00165508609572818
"C11orf86",1.76865873333333,5.04032456666667,4.88528835747294,0.000742780878786199,0.00165508609572818
"PCYT2",1.47678996666667,8.10512701666667,4.88493458728564,0.00074315809096882,0.00165508609572818
"CACNA1H",1.77724916666667,5.57014735,4.88477226927526,0.000743331233318355,0.00165508609572818
"CRTC2",-2.14096236666667,5.61883021666667,-4.88467559117094,0.000743434379012019,0.00165508609572818
"WDSUB1",2.1369562,3.77220663333333,4.88444582170957,0.000743679581097868,0.00165508609572818
"AMY1A",1.50417133333334,15.1416626666667,4.88419069632673,0.000743951943558976,0.00165509017843411
"LAMTOR1",1.8800292,9.4297714,4.88371133938723,0.000744463976124846,0.00165562726496976
"COX6A1",3.2279177,7.91555715,4.88314152505252,0.000745073122816886,0.00165620823661429
"TGFB1I1",1.6315505,9.91121608333333,4.8827203477868,0.000745523715353078,0.00165620823661429
"ADRM1",1.85940106666667,3.41400086666667,4.88270761108833,0.000745537346132031,0.00165620823661429
"SLC38A8",1.548242,3.3893681,4.88179196548043,0.000746517966606575,0.00165778472584357
"EPHA10",-1.58712663333333,4.82636831666667,-4.88093610254719,0.000747435810319514,0.00165915124279998
"PACS1",-3.4833649,7.04048355,-4.88057093500151,0.000747827790432681,0.00165915124279998
"SERINC4",1.49176213333333,7.7068236,4.88046001444469,0.000747946898928138,0.00165915124279998
"PI4K2B",-5.7731029,7.56995488333333,-4.87984877700782,0.000748603620990928,0.00166000614469826
"PNLDC1",1.4306179,3.32941831666667,4.87854263553302,0.000750009026685109,0.00166252000915199
"C2orf69",-1.38141416666666,10.0767965833333,-4.87806891514978,0.000750519446381278,0.00166282307107201
"AGPAT4",1.4815774,3.38168373333333,4.87791132246615,0.000750689330222443,0.00166282307107201
"MT1B",1.80703913333333,6.40628386666667,4.87710781434199,0.000751556146511668,0.00166410435035175
"RB1CC1",1.77698355,8.08020814166667,4.87674533714849,0.000751947533687231,0.00166410435035175
"CCL25",2.15772546666667,4.31650966666667,4.87661920774508,0.000752083773900388,0.00166410435035175
"PRAMEF15",-2.34825656666667,6.44746135,-4.87478727279032,0.000754065541468691,0.00166788611088411
"ARHGEF10L",-2.19613886666667,5.45777266666667,-4.87424295435627,0.000754655455559637,0.00166807752054394
"NOP16",-1.60120366666667,11.8790891666667,-4.87415687494986,0.000754748790750519,0.00166807752054394
"AP5B1",1.54077823333333,5.93101188333333,4.87395287847524,0.000754970031772829,0.00166807752054394
"MRTO4",-1.7790133,6.57535241666667,-4.87352795064095,0.000755431103125241,0.00166849367831055
"MYLIP",-1.63119586666667,8.99924006666667,-4.87221061230477,0.000756862407585741,0.00167053708007565
"RXRB",2.23883773333333,5.3263888,4.87217385714736,0.000756902384107501,0.00167053708007565
"KBTBD4",2.15160303333333,4.78952001666667,4.87130027548394,0.000757853195152933,0.00167162561348566
"THOC6",1.7546129,6.48405621666667,4.87121869928742,0.000757942048350641,0.00167162561348566
"MCTS1",2.00278965,10.3062722583333,4.87038285104029,0.000758853100894538,0.00167298610295761
"PKD1L1",-2.848919,5.5146897,-4.8701511810077,0.000759105822460009,0.00167298610295761
"LIPT1",2.32781796666667,6.46429821666667,4.8695846270694,0.000759724237844965,0.0016737460882735
"UNC13B",1.77293186666667,4.03997666666667,4.86773733823987,0.000761744371608057,0.00167759253617642
"C19orf26",-2.29772046666667,6.2307743,-4.86686537608346,0.000762699916513462,0.00167909251141755
"KLK9",1.5403752,3.48203393333333,4.86545966047392,0.000764243079654857,0.00168141603412651
"CPT1B",-2.78920513333333,6.2704054,-4.86540331854856,0.00076430500014806,0.00168141603412651
"GUSB",1.43493533333333,9.475942,4.86231727190588,0.000767704817156645,0.00168828830746382
"ADCK5",1.65663006666667,3.40424743333333,4.86184542133631,0.000768226067101162,0.00168882755247032
"RPS5",1.39228933333334,16.8090856666667,4.86102262040965,0.000769135915418547,0.00169022037734579
"FBXO8",1.64393383333334,9.52767591666667,4.85919107716891,0.000771165366867218,0.0016930058754745
"HNRNPA0",1.42755133333333,10.8012896666667,4.85917463510305,0.000771183611512418,0.0016930058754745
"ROBO2",-2.0999611,6.43976108333333,-4.85912955668031,0.000771233634349041,0.0016930058754745
"TFPI2",-1.60172843333333,7.21432261666667,-4.85819253243281,0.0007722742222403,0.00169468209887595
"TBC1D9B",-2.1048702,6.3464009,-4.856351722816,0.000774322861885926,0.00169849461708542
"EHMT2",1.5524935,3.46894171666667,4.8561328350183,0.000774566848916039,0.00169849461708542
"NR2C2AP",2.40047436666667,7.85818081666667,4.85563590478487,0.000775121066065561,0.0016991009251842
"KLRG2",1.5814719,3.41061931666667,4.85528247274558,0.000775515500470335,0.00169935667330856
"RGS7",1.70606326666667,4.09538603333333,4.85500616362599,0.000775824014320159,0.00169942403136797
"ZIC2",1.843179,12.8188948333333,4.85387850790901,0.000777084463995621,0.00170129804248844
"APBB1IP",1.81077866666667,3.92120036666667,4.85357158014682,0.000777427915052705,0.00170129804248844
"SCGB1A1",2.18031716666667,11.3729349166667,4.85335753832877,0.00077766752317922,0.00170129804248844
"PRB1",-2.21617053333333,7.57492153333333,-4.85320659917173,0.00077783653881987,0.00170129804248844
"TAF11",1.52131046666667,8.5860331,4.85299821390553,0.000778069944897461,0.00170129804248844
"TMEM107",1.56467776666667,7.12406145,4.85165386027485,0.000779577516973711,0.00170398544081642
"CYP27A1",1.71632966666667,7.88815283333333,4.85133599139451,0.000779934434998703,0.00170401630009584
"PHF14",-1.8845167,9.15830648333333,-4.85114004398512,0.000780154540989627,0.00170401630009584
"ACOT11",1.46188416666667,8.95351008333333,4.85077653973414,0.000780563038088446,0.00170401630009584
"CA5B",1.67216973333334,5.66309136666667,4.8505364319503,0.000780832990763984,0.00170401630009584
"GRAPL",1.69654986666667,4.7953324,4.85007214603524,0.000781355269747852,0.00170401630009584
"TFR2",-1.7254853,5.28536755,-4.84997898063878,0.000781460117266213,0.00170401630009584
"VSTM1",-1.9948123,5.45956818333333,-4.8497794486162,0.000781684719486306,0.00170401630009584
"CNPPD1",3.65499256666667,6.76700721666667,4.84965944373944,0.000781819835627497,0.00170401630009584
"ACADL",1.39691906666667,7.14005973333333,4.84924519283957,0.00078228644186731,0.00170442608666104
"COX7A2L",1.46330633333334,9.13197016666667,4.84885900766697,0.000782721703584462,0.00170476731311133
"POU5F1B",-1.57293283333333,11.1210319166667,-4.84822105692126,0.000783441292868271,0.00170572734155448
"HRH1",1.4546412,3.46959573333333,4.84792700318426,0.000783773214888337,0.00170584294866128
"XAGE2",-3.0845161,5.65140675,-4.84760128326008,0.00078414105667595,0.00170603662330849
"PRDM2",1.54081333333334,6.17265105,4.84625911156048,0.000785658746419868,0.00170873096715135
"SETD2",-2.4434346,7.34749916666667,-4.84564437769905,0.000786354918913873,0.00170951355284001
"C11orf75",-2.796719,8.55799716666667,-4.84527897239575,0.000786769044990553,0.00170951355284001
"SOAT2",1.6605667,4.02121195,4.84515870877616,0.000786905394801148,0.00170951355284001
"MLH1",2.2416241,4.20416561666667,4.84474035819959,0.000787379899932033,0.00170951355284001
"SCG2",1.74164996666667,7.93806268333333,4.84470881451854,0.000787415690078972,0.00170951355284001
"PPP1CA",1.9933715,6.86063297222222,4.84301875853957,0.00078933581091158,0.00171295842803243
"KIFAP3",-2.5338439,8.07735538333333,-4.84254643752801,0.000789873323253016,0.00171295842803243
"BIRC6",-1.6276305,4.13608608333333,-4.8422402876873,0.000790221938040307,0.00171295842803243
"AKAP12",-2.6401341,5.80021305,-4.84200012815963,0.00079049552441982,0.00171295842803243
"VGLL4",-2.8024308,4.68024716666667,-4.84191077751132,0.000790597337287112,0.00171295842803243
"MRAP",-1.67941926666667,8.55712786666667,-4.84183618242486,0.000790682347297088,0.00171295842803243
"DDX46",-3.43876033333333,9.44008716666667,-4.84028443666073,0.000792452965829868,0.00171604842117603
"CPN1",2.3942785,11.66835125,4.83987723524874,0.000792918304878329,0.00171604842117603
"FAM115C",2.65195826666667,8.28338786666667,4.83984939681217,0.000792950128581995,0.00171604842117603
"FAM75A5",-2.95701553333333,7.71998056666667,-4.83918282528176,0.000793712532604777,0.00171709097400142
"IGBP1",1.479434,9.97032266666667,4.8376994660853,0.0007954119683877,0.00171992445898647
"GNPDA2",1.8459583,7.30122635,4.83754902543471,0.000795584540524961,0.00171992445898647
"ABI3BP",-3.5711208,9.2748566,-4.83447268774457,0.000799122237603214,0.00172658473193463
"TEK",-1.79824456666667,5.15861328333333,-4.83437937481075,0.000799229807263627,0.00172658473193463
"CYP11B2",-1.51747833333333,5.98450103333333,-4.83354039164233,0.000800197669522558,0.00172769626186068
"CNOT1",2.95669846666667,8.4294171,4.83344385002259,0.000800309121626867,0.00172769626186068
"ISCU",1.38887975,10.7079747916667,4.83292855204866,0.000800904286267886,0.00172837122518057
"C9orf64",1.69947343333333,3.33781401666667,4.83256254704434,0.000801327306340087,0.00172867435126539
"C16orf91",-2.52184696666667,6.07161818333333,-4.83210323061674,0.000801858511712314,0.00172921056561718
"PLAGL2",2.030422,11.3438096666667,4.8309294702052,0.000803217692367947,0.00173153130440701
"LYNX1",-3.06905433333333,11.3049885,-4.82975898012642,0.00080457553993542,0.00173384753551423
"NELF",-2.28298315,4.81890870833333,-4.82917644372997,0.000805252236214989,0.00173469478209975
"CLDN6",1.563399,5.10960933333333,4.82822292180352,0.000806361197150318,0.00173570195880746
"SYT13",1.58100103333333,5.63586185,4.82818885012261,0.000806400853258879,0.00173570195880746
"ASIC4",1.74690173333333,6.8427492,4.82804278357167,0.000806570884094411,0.00173570195880746
"TAF1A",1.6937604,5.69832696666667,4.82774194951804,0.000806921195040132,0.0017358452430575
"TMEM42",2.01455,7.77327433333333,4.82673435193763,0.0008080956935012,0.00173736280115593
"ANKRD65",-1.559241,5.06159863333333,-4.82664957625075,0.000808194594980348,0.00173736280115593
"NCOR2",1.8877853,6.50308908333333,4.8257008438426,0.000809302293841918,0.00173913292368277
"SFXN4",2.01191723333333,5.79682028333333,4.82523485747909,0.000809846953779067,0.00173969229747905
"ST6GAL2",-1.9060305,11.5841294166667,-4.82422147563202,0.000811032780869499,0.00174099740017582
"RAPGEF3",1.82673136666667,5.85801298333333,4.82411059883513,0.00081116263800626,0.00174099740017582
"PARD3B",-1.74099788333333,4.082497825,-4.82392912366187,0.000811375226814603,0.00174099740017582
"CDC25C",-1.56049036666667,6.18805445,-4.82374346927174,0.000811592773014293,0.00174099740017582
"C20orf26",1.43053233333334,9.0890415,4.82338875516415,0.000812008593550636,0.00174127885571076
"ATAD5",2.0595101,7.51768361666667,4.82288919061159,0.000812594604256248,0.00174192494353179
"KIAA1244",-1.96064653333333,3.88236143333333,-4.82264121778326,0.000812885654987971,0.00174193850690592
"CADM3",-2.4351285,5.84493631666667,-4.82181527084056,0.000813855889931877,0.00174340697990309
"RHOV",3.1595006,5.9709839,4.81905718488279,0.000817104779021246,0.00174975395101575
"ARAP1",1.94883556666667,6.56975768333333,4.8177770346668,0.000818617442480746,0.00175237981563933
"RELT",-1.51565776666667,4.55575538333333,-4.81721065275264,0.000819287651348754,0.00175300816723084
"PSG4",1.46952343333333,6.87328621666667,4.81704478173727,0.000819484040255018,0.00175300816723084
"TMCC3",-2.4940142,6.3620876,-4.81605593023645,0.000820655871275601,0.0017549013004069
"RPS6KA5",1.49342466666667,7.11197425,4.81568520330018,0.00082109566010615,0.00175522824896206
"UPF3B",-2.919062,8.81746766666667,-4.81487241490202,0.000822060743179549,0.00175667748053527
"CPM",1.45562326666667,4.8550519,4.81425759515199,0.000822791569294286,0.00175735878578315
"FOPNL",2.82303666666667,7.65911733333333,4.81412097890721,0.000822954057088708,0.00175735878578315
"C11orf94",1.9381197,5.53300935,4.81385868146709,0.000823266122996834,0.00175741177267782
"VPS18",-3.10753953333333,7.37589966666667,-4.81137987057003,0.000826221520504175,0.00176215335213752
"AGK",1.70711633333333,5.30840296666667,4.81132103431407,0.00082629180653553,0.00176215335213752
"CD44",-1.6611175,9.76378408333333,-4.81119672345421,0.000826440329818983,0.00176215335213752
"S1PR2",-2.1035979,4.75291998333333,-4.81081145263294,0.000826900822414243,0.00176215335213752
"CEP128",1.92001323333333,3.85489648333333,4.81077833806312,0.00082694041520263,0.00176215335213752
"CACNA1G",-2.62396383333333,6.1234579,-4.81034117789195,0.000827463287260618,0.00176215335213752
"BTBD19",-1.56779376666667,3.48382051666667,-4.81030754635639,0.000827503527409464,0.00176215335213752
"GALNTL6",-1.8215371,3.67534055,-4.80971666218427,0.000828210862017847,0.00176304594774711
"POT1",1.8640798,8.5236631,4.809214207805,0.000828812847802471,0.00176371374012366
"CD300LB",1.4746544,3.5162747,4.80889059801012,0.000829200809264972,0.00176392578271318
"SSSCA1",1.7741271,5.44395778333333,4.80863542245342,0.000829506864858791,0.00176396350337368
"PDPK1",-1.85176,8.60029633333333,-4.80774043393836,0.000830581262187642,0.00176526755351011
"MOG",1.85408482222222,4.61767104444444,4.80764395496235,0.00083069717008101,0.00176526755351011
"C5orf60",-3.84962706666667,7.57889213333333,-4.80643916093961,0.000832146042510803,0.00176773246113927
"BCAS2",2.30450966666667,4.99062003333333,4.804297185476,0.000834728635072739,0.0017726031896477
"RAD9A",1.48955403333334,6.71930151666667,4.80345971522539,0.000835740706849711,0.00177413658726805
"ZCCHC11",1.63732116666667,10.7295270833333,4.80279962038546,0.000836539347264356,0.00177484611922205
"TOR3A",1.4574012,6.5111365,4.80270396264758,0.000836655150022295,0.00177484611922205
"SMURF2",-2.0847554,6.65856833333333,-4.80218210468432,0.00083728721039524,0.00177557128360419
"BRSK2",-2.39999326666667,4.72851913333333,-4.80118627485727,0.000838494749674489,0.0017773605319772
"AMPD1",1.54634153333333,3.59533376666667,4.80100729782167,0.000838711973817942,0.0017773605319772
"TICAM2",1.62674936666667,5.70949845,4.79971433526555,0.000840283028675389,0.00177951628227909
"FAM108B1",1.58243365,7.13299180833333,4.79969135986297,0.000840310974093541,0.00177951628227909
"ECI2",1.48449685,8.34090140833333,4.7989208801628,0.00084124869872692,0.00178088565356792
"TRIM13",2.09888166666667,8.26411816666667,4.79853238285428,0.000841721949759687,0.00178098501114718
"PDIA2",-1.63137793333333,5.75451323333333,-4.79840445821982,0.000841877844432437,0.00178098501114718
"TIE1",1.6947088,9.07423893333333,4.79793196908257,0.000842453908382085,0.00178135084410738
"ACIN1",-1.80453513333333,4.05981771666667,-4.79778506111466,0.000842633106055369,0.00178135084410738
"ALG1L2",2.2106884,6.62544086666667,4.79550584317545,0.00084541851191557,0.00178662191913625
"MRPL43",1.38709866666667,8.960214,4.7930594936503,0.000848419122255705,0.001792343988246
"CLEC1B",2.0854757,6.09642398333333,4.79230952759065,0.000849341283852937,0.00179328082618604
"PRICKLE2",-1.803261,6.01153983333333,-4.79222213454848,0.000849448812403914,0.00179328082618604
"TNFRSF19",1.55669726666667,3.42580783333333,4.79174015361582,0.000850042104067077,0.00179391431275694
"AK3",1.85314956666667,4.19177448333333,4.79034039635158,0.000851767639698007,0.0017965059304656
"TMEM9",2.2114075,4.70391745,4.79026764824755,0.00085185742142542,0.0017965059304656
"CYB5R1",1.640588,9.34199066666667,4.78941852658498,0.000852906109304997,0.0017980977176871
"ABRACL",2.44420633333334,11.3516055,4.78828558561973,0.000854307470952725,0.00180043165941742
"DENND4A",-1.45846316666667,5.71426771666667,-4.7878450446764,0.000854853050897878,0.00180096107623733
"CALCOCO2",1.78116876666667,7.71311461666667,4.78665515662501,0.000856328508364813,0.00180307145487271
"PDCD7",-2.7962776,10.4483668666667,-4.78638788918491,0.000856660293365296,0.00180307145487271
"PDZD11",1.9495821,7.74126728333333,4.78615032702897,0.000856955317656588,0.00180307145487271
"ARMCX1",1.3628265,12.2177319166667,4.7860872767466,0.000857033636935245,0.00180307145487271
"AIPL1",-2.28307156666667,7.78002821666667,-4.78572636498593,0.000857482098582717,0.00180339480203818
"UBAP1L",1.6342275,7.23759091666667,4.78501644178012,0.000858364966865302,0.00180429435350318
"KDM4B",-2.29438623333333,8.14631605,-4.78490820976816,0.00085849965071065,0.00180429435350318
"ZFP91",-2.01216956666666,7.80145288333333,-4.78451468552423,0.000858989542418543,0.00180470399056203
"CR1",-2.57996833333333,5.32986993333333,-4.7831857236199,0.000860646154215264,0.00180756373892516
"FBXL6",1.85208286666667,3.61300746666667,4.78273216075639,0.000861212322359108,0.00180813211674435
"LILRB5",1.57384803333333,6.48871426111111,4.78234426146352,0.000861696840545389,0.00180818090895101
"C1orf27",-2.17844486666667,6.25461306666667,-4.78224036598246,0.000861826664024378,0.00180818090895101
"OXCT1",1.69398246666667,6.0068371,4.78176345498603,0.000862422860474272,0.00180881147081988
"TOMM7",1.40360833333334,15.4954191666667,4.78079389605614,0.000863636285881102,0.00181073570836895
"TOP3B",-2.84620346666666,8.60276393333333,-4.77989002262796,0.000864769147889097,0.00181248977279393
"DMBT1",-2.42681305,6.33978825833333,-4.77846677057558,0.000866556189065847,0.00181433366981322
"DYM",1.54139366666667,9.43419116666667,4.7784370107653,0.000866593597705748,0.00181433366981322
"FBXW9",-1.66280846666667,7.84379243333333,-4.77825445972847,0.000866823105551365,0.00181433366981322
"DCN",1.68958450000001,14.6333664166667,4.77824489798191,0.000866835128614589,0.00181433366981322
"AKR1C4",2.58317023333333,7.05346188333333,4.77798698735034,0.000867159496008852,0.00181439185929622
"IL4I1",-2.0708894,7.98555913333333,-4.77706592049026,0.000868318956730242,0.0018161967101797
"GTSF1",1.73800573333333,4.09188313333333,4.77589613866492,0.000869793894538969,0.00181842200050674
"GUCY1A3",-1.76220783333333,11.0636260833333,-4.77575081733388,0.000869977312109061,0.00181842200050674
"ACTR6",1.9391971,7.77059265,4.77458021711255,0.000871456295594699,0.00182089126244821
"MAP9",-1.51562163333333,5.40788295,-4.77420537529829,0.00087193045361959,0.00182125999154819
"BAG3",1.70184433333333,9.7023555,4.77369681094691,0.000872574205461926,0.0018214030699539
"ZAR1",1.6548299,5.09398498333333,4.77368088195701,0.000872594376926264,0.0018214030699539
"UBE2A",1.85785122222222,9.99677761111111,4.77110304874035,0.000875865356692685,0.00182760718016571
"TRIM48",-4.02960843333333,5.68149235,-4.77016945407631,0.000877053212975467,0.00182892519939169
"SLC22A15",1.62237486666667,3.35160913333333,4.7700214440158,0.000877241691160291,0.00182892519939169
"MUC20",-1.61598078333333,5.771170375,-4.7699019946066,0.000877393831352505,0.00182892519939169
"RAB40B",-1.92443846666667,6.97736166666667,-4.76775725627907,0.000880130342796464,0.0018340045767128
"ANKRD20A3",-2.84188983333333,5.75048608333333,-4.76607365246227,0.000882284873511296,0.00183740949728415
"SUN1",1.86908534444444,5.82938477222222,4.76601112017755,0.000882365005397324,0.00183740949728415
"CDX2",1.54710316666667,3.35765545,4.76552142782306,0.000882992789768004,0.00183802361760322
"C6orf223",-2.33961626666667,6.2355938,-4.76529329529132,0.000883285418049881,0.00183802361760322
"CXCR2",1.34748366666667,9.90177633333333,4.76507836522845,0.000883561206173763,0.00183802361760322
"CDSN",1.50334943333333,3.40797705,4.76479605299272,0.000883923595734009,0.00183802840558512
"WDR82",1.74129953333333,5.75557763333333,4.76450740388077,0.000884294283823527,0.00183802840558512
"ANKRD13C",1.73776403333333,4.99779108333333,4.76425285662412,0.000884621315561788,0.00183802840558512
"UGT2A1",-2.25527266666667,5.2064236,-4.76414087463991,0.000884765226290976,0.00183802840558512
"SRSF3",1.433328,14.2349826666667,4.76290176641906,0.000886359304828879,0.00184071494465142
"CCL18",1.94842906666667,4.50555226666667,4.76241678597957,0.000886984054145172,0.00184138732380732
"THYN1",1.7295441,8.88739895,4.76199922270602,0.000887522333968721,0.00184187979620781
"DSTN",1.68274108333333,12.912105875,4.7614988582099,0.000888167812406648,0.0018425943290281
"ALPL",-2.673933,5.84268476666667,-4.76096960783506,0.000888851100000887,0.00184338678976455
"SLC6A12",1.57449693333333,3.76962663333333,4.76069717614887,0.000889203041311289,0.00184349176778803
"SAA2",-2.59280903333333,4.07245151666667,-4.76029907385074,0.000889717598186627,0.00184393369434478
"TMEM151B",-3.12659,8.17239166666667,-4.759484712436,0.000890771171368947,0.00184509901077812
"CRK",1.79256293333334,5.244469,4.75939829886818,0.000890883046394011,0.00184509901077812
"ST7L",1.65702014444445,8.00928798333333,4.75841375259419,0.000892158746242057,0.00184711580694041
"MARCKS",-2.45737916666667,5.28492761666667,-4.75709035737693,0.00089387657646861,0.00185004631083726
"RABEP1",1.92184318333333,4.66770805833333,4.75679689794261,0.000894257979334918,0.00185020977936119
"RTN4",1.8258228,8.12367120833333,4.75602015028299,0.00089526834084871,0.00185167400585274
"ZNF420",-1.58103666666667,11.5072556666667,-4.75531241122768,0.000896190000741049,0.00185258220384541
"FUBP3",-2.30378543333333,9.48155295,-4.75521797055266,0.000896313063645375,0.00185258220384541
"TIFA",1.77811036666667,7.51534965,4.75487320252026,0.000896762474152023,0.0018528851120777
"SYPL2",2.087463,4.02063626666667,4.75417840402872,0.000897668886428723,0.00185413175123934
"FLJ27352",2.08534393333333,6.51837886666667,4.75338286737885,0.00089870792065875,0.00185565138663187
"TMCO6",2.1778184,5.82153663333333,4.75278122750922,0.00089949456352135,0.00185664903496073
"APOO",1.707093,8.03509416666667,4.75237270444565,0.000900029125877465,0.00185712586580719
"GEMIN4",1.5108641,4.77726151666667,4.7518344589577,0.000900733951404875,0.00185786615520292
"PRR22",-1.55730676666667,6.72268161666667,-4.75163503768628,0.000900995240681113,0.00185786615520292
"UBA52",1.39242966666667,14.3551461666667,4.75092436467882,0.000901927049946796,0.00185916094729599
"JAKMIP1",1.47323926666667,3.7263061,4.75020645807201,0.000902869389022291,0.00186047656518638
"LRPAP1",1.59549046666667,3.2772211,4.74943628996067,0.000903881497211246,0.00186193501681428
"RHBDD2",1.98968046666667,6.31595113333333,4.74779120965523,0.000906047423651531,0.00186576847455405
"AOC2",-1.86679456666667,3.97501835,-4.744712702553,0.00091011552186739,0.00187301193755554
"SLC6A19",-3.2784685,6.17403208333333,-4.74466609424082,0.000910177262234817,0.00187301193755554
"TMPRSS13",1.538385,3.57967383333333,4.74327324338119,0.00091202438827618,0.00187559651819847
"FOXN4",-3.2909389,7.87019921666667,-4.74325669206676,0.000912046361824198,0.00187559651819847
"CHPT1",1.37499866666667,12.39129,4.74237128936857,0.000913222648364007,0.00187708558323257
"UNC79",-2.35061713333333,6.31353376666667,-4.74224987570612,0.000913384076705355,0.00187708558323257
"SRPK3",1.66977283333334,10.8644620833333,4.74158773744134,0.000914264974503386,0.00187826498119937
"FKBP6",2.32361613333333,5.27637463333333,4.74120899822124,0.000914769250861306,0.00187867011640466
"GOSR1",-1.49026258333333,10.3070722916667,-4.7406219350774,0.000915551489593624,0.00187964564205832
"ZNF692",1.50240298333333,5.26153520833333,4.73960094582386,0.000916913620331085,0.00188181064380596
"CDC25B",-2.36461353333333,6.0143799,-4.73900998023709,0.000917703033246295,0.00188279918088559
"HIBCH",1.92275983333333,9.93916275,4.73668510991402,0.000920815652045767,0.00188855184687094
"STARD3",1.65426405,3.64398075833333,4.73608300757825,0.000921623605049867,0.00188957547442865
"POLRMT",2.03494,12.1391106666667,4.7346454444244,0.000923555715425951,0.00189290246799865
"GPR83",-1.9107193,4.92452615,-4.73334516026597,0.000925307046984341,0.00189585683638654
"NAA25",1.718138,6.59220973333333,4.73067792563912,0.000928910612247259,0.00190260298819174
"ZDHHC6",1.952187,7.3448125,4.73019543742401,0.000929564077004535,0.00190330422460299
"HUWE1",-1.7048191,6.33752881666667,-4.7287018769139,0.000931590015949447,0.00190575939019202
"KDSR",1.5866246,8.3326827,4.72845922417957,0.000931919607121807,0.00190575939019202
"NEIL3",2.3501083,6.22738768333333,4.72839859490023,0.000932001978307681,0.00190575939019202
"CCDC68",-1.5324237,5.52224361666667,-4.72839330252419,0.000932009168920323,0.00190575939019202
"ELF3",1.825383,3.95305596666667,4.72778215221862,0.000932839921427376,0.00190682079495245
"TNK2",1.88254021666667,3.90364145833333,4.72643714100668,0.000934671016890179,0.0019094012809292
"OR9Q1",-3.14421,5.43641493333333,-4.72635133574042,0.000934787962182317,0.0019094012809292
"NAPA",2.22051716666667,6.72129751666667,4.72616746607774,0.000935038613544274,0.0019094012809292
"PLCXD2",2.77829596666667,5.84461018333333,4.72415161518354,0.000937791336080658,0.00191358354041893
"FAM157B",1.71356833333333,3.73586546666667,4.72405437077646,0.00093792434571734,0.00191358354041893
"STIM2",1.62017126666667,6.47208863333333,4.72398078093559,0.000938025014337424,0.00191358354041893
"PPIAL4B",1.61400666666667,16.281595,4.72371373524387,0.000938390421484279,0.00191369086621361
"TRPS1",-2.34067533333333,4.5062494,-4.72347840393243,0.000938712558839119,0.00191370990835646
"C3orf38",1.76469153333334,7.54176356666667,4.72289322968428,0.00093951409682543,0.00191470594416322
"OTX1",-2.24181286666667,5.68637233333333,-4.72243539478382,0.000940141722325358,0.00191534700539012
"AAR2",1.65430683333334,6.06132108333333,4.72083064391982,0.000942345141416433,0.00191894214668501
"LRRTM4",-2.62435693333333,6.8827257,-4.72053767450265,0.000942748000948064,0.00191894214668501
"TRIP10",1.95439336666667,7.35514798333333,4.72046544529489,0.000942847350921076,0.00191894214668501
"SPTAN1",-1.84479433333333,5.7558695,-4.71747450631129,0.000946971166530187,0.00192669424570392
"FTSJ1",1.5149526,7.93305786666667,4.71716994058001,0.000947392171708408,0.00192691000881384
"MYO3B",-1.93206313333333,5.22191843333333,-4.71651514068543,0.00094829798705698,0.00192805903043175
"LRRN3",-2.8213744,5.93578596666667,-4.71620609765785,0.000948725821943677,0.00192805903043175
"FKBP9",1.69380453333333,4.48190526666667,4.71607849013644,0.000948902540148743,0.00192805903043175
"SLC18A1",1.53805156666667,6.22705031666667,4.71474379503244,0.000950753010277453,0.00193117759524484
"HIST1H4H",1.37752106666667,6.25143966666667,4.71442277801399,0.000951198654620097,0.00193132021050561
"CHML",1.41801466666667,11.42463,4.71423849711345,0.000951454579023198,0.00193132021050561
"SGK110",-1.73554293333333,5.03488146666667,-4.71363375263175,0.00095229494871862,0.00193238490754909
"HDGFRP3",-1.6356665,11.12312375,-4.71271441773684,0.000953574000576341,0.00193396420571086
"GDPD3",3.6505237,6.11123115,4.71262000371019,0.00095370546071096,0.00193396420571086
"DEAF1",1.3906682,6.112405,4.71187548552208,0.000954742790628463,0.00193542624024683
"EMILIN2",-4.54298426666667,8.28144353333333,-4.71134868035968,0.000955477510890644,0.00193627406811161
"CENPV",1.71094606666667,6.3555747,4.71029065487766,0.000956954933532284,0.00193821224870527
"FAM48A",1.65895286666667,8.25638756666667,4.71021008638912,0.00095706753895695,0.00193821224870527
"SPRN",1.4664173,5.18171205,4.70900640218617,0.000958751537035258,0.00194036615229579
"SRF",-1.54364173333333,3.69175636666667,-4.70899648380505,0.000958765426346875,0.00194036615229579
"SNRPA",1.41659853333333,7.5648614,4.70822466850161,0.000959846905306742,0.00194191248897707
"CTR9",-1.470909,7.40108916666667,-4.70749316197494,0.000960873105312334,0.00194334600274409
"MEIG1",1.41216916666667,3.34576358333333,4.70666366970091,0.000962038182900893,0.00194505935326757
"TNFRSF1A",1.59472666666667,6.53344136666667,4.70418577195787,0.000965527548049032,0.00195070563393769
"TBC1D1",1.86929436666667,4.84203805,4.70417288843174,0.000965545725847358,0.00195070563393769
"ADARB2",1.40064413333333,5.63784496666667,4.70400162030379,0.000965787408499061,0.00195070563393769
"ZC3HC1",1.45287083333333,6.99236285,4.70347476675347,0.000966531275622561,0.00195156380998641
"LAT",1.38965568333333,4.99172114166667,4.70272750286837,0.000967587390437186,0.00195263005377582
"MMRN1",2.226743,6.07747066666667,4.70259554460559,0.000967774016202631,0.00195263005377582
"CCNB3",-1.9339309,6.38710428333333,-4.70242389938081,0.000968016827901613,0.00195263005377582
"TBP",1.4844697,5.24140758333333,4.70158783411607,0.00096920046765398,0.00195437325679204
"MBD3L2",1.7164342,9.0980939,4.70079657816114,0.000970322092900267,0.00195599030127309
"RHBDD1",1.62545096666667,5.35881238333333,4.70017255176129,0.000971207643422416,0.00195626578349623
"ARSI",1.99903106666667,5.98839286666667,4.70004872064553,0.000971383473671905,0.00195626578349623
"CDK3",1.46490613333333,6.72513886666667,4.70002439323444,0.000971418020637717,0.00195626578349623
"VN1R2",1.5264691,3.70030205,4.69866026501539,0.000973357297685818,0.00195920465182127
"MEOX2",1.84362206666667,4.86314176666667,4.69854746665673,0.000973517839414296,0.00195920465182127
"MYOF",-1.49675816666667,5.29592685,-4.69637670380457,0.000976612918741841,0.00196478718739316
"TCL1A",-2.78120773333333,6.17381923333333,-4.69582473737228,0.000977401587893453,0.00196572745388959
"CLDN15",1.4554595,6.28040798333333,4.69547355795138,0.000977903719340946,0.00196609101377848
"MEOX1",1.61056843333334,3.92226645,4.69478070736875,0.000978895194705166,0.00196643914682132
"MAP3K1",-2.16522946666667,8.5514386,-4.69475168714301,0.000978936746314868,0.00196643914682132
"OR2L13",1.48206283333334,9.35670358333333,4.6945081436051,0.000979285529945129,0.00196643914682132
"BBS10",2.33220013333334,5.7500775,4.69439782196644,0.000979443567450484,0.00196643914682132
"TSNARE1",-3.2177979,8.68542271666667,-4.69423004100833,0.00097968396853733,0.00196643914682132
"OR51B5",1.6207713,3.61247715,4.69383370196806,0.000980252103990911,0.00196693419882466
"TMEM213",1.54150133333333,3.26686933333333,4.692888748879,0.000981608074144013,0.00196900924511904
"DESI1",1.85153063333333,6.53367305,4.69180195373677,0.000983170058078175,0.00197149603910923
"TKTL1",-1.6290107,6.76399811666667,-4.69150165009618,0.000983602133765193,0.0019717162039238
"SNRNP40",1.87777176666667,7.33420195,4.69078726453814,0.0009846308037035,0.00197313175796201
"CACTIN",-2.29140426666667,7.13121633333333,-4.69042986212685,0.000985145871448339,0.00197351749886082
"FMOD",-2.4227815,6.83320991666667,-4.68882569449341,0.000987461250367688,0.00197750832397693
"ST3GAL1",-2.3907744,7.505041,-4.68751619674473,0.000989355623023599,0.00198065369818664
"ORC3",2.04026488333333,6.87234259166667,4.68649504994116,0.000990835547323396,0.00198291632081611
"AZI2",1.41560155,9.16714255833333,4.68628928158797,0.000991134048554377,0.00198291632081611
"TSPYL5",1.50032233333333,12.2582603333333,4.68589608332887,0.000991704715034393,0.00198340943006879
"PRICKLE4",1.3944068,5.3744196,4.68513413456887,0.000992811564388372,0.00198497423232943
"ZFP36L1",-1.758507,8.15709683333333,-4.68484937072162,0.000993225566688247,0.00198515322345596
"AFAP1L1",-2.52743316666666,6.43707425,-4.6841492507703,0.000994244215739822,0.00198628668235684
"SRRT",-1.72571273333333,6.11291916666667,-4.68401340731348,0.00099444199216394,0.00198628668235684
"OPCML",-2.4213275,4.97190935,-4.68345863891786,0.000995250123393255,0.00198725204142295
"UFSP2",1.5806915,9.24493508333333,4.68308779629412,0.000995790720783377,0.00198768275032715
"PTPRO",1.56544161666667,3.954540525,4.6823882370349,0.000996811359664241,0.00198907106928435
"NR4A3",1.80094043333334,9.20170578333333,4.68113101658585,0.000998648419237146,0.00199208706517537
"H1F0",1.85795366666667,15.2489191666667,4.68006637247572,0.0010002069105196,0.00199408289482786
"PCK2",2.18173266666667,11.5011303333333,4.68000227854222,0.00100030081795141,0.00199408289482786
"EXOG",1.84070485,3.99944010833333,4.67956353660187,0.00100094389483803,0.00199440300557663
"MPP4",-2.10537183333333,7.95905708333333,-4.67944795792158,0.00100111337530661,0.00199440300557663
"OSR2",2.08480801666667,8.33824049166667,4.67877613936332,0.00100209911276414,0.00199571691793328
"ATP6V1G3",-2.24576566666667,5.30045106666667,-4.67832640114127,0.00100275957779685,0.00199597055249783
"NARG2",1.9814796,7.5047763,4.67824514242895,0.00100287896017952,0.00199597055249783
"NUDCD1",1.85338196666667,5.41393048333333,4.67796135604083,0.00100329600795933,0.00199615121193339
"SYT3",-2.15975803333333,5.91997901666667,-4.67750393723686,0.00100396861272257,0.00199669227675886
"TLE3",-2.57080648333333,8.224928925,-4.67719597057646,0.00100442172883622,0.00199669227675886
"KHDC1L",1.414892,5.19263946666667,4.67711082315099,0.00100454704607123,0.00199669227675886
"NTM",-3.21489253333333,7.6808619,-4.67645691755908,0.00100550999955534,0.00199784658467527
"RHOC",1.45530933333334,8.13101866666667,4.67627308693256,0.00100578088931021,0.00199784658467527
"FOXQ1",4.91682666666667,11.91521,4.67477690146437,0.00100798854209059,0.00200014151747766
"PI4KA",-2.1024841,4.13547255,-4.67470742929415,0.00100809117527872,0.00200014151747766
"ENTPD7",1.64295463333333,7.84339685,4.67457074562218,0.00100829313446318,0.00200014151747766
"SERPINB11",2.80944973333333,4.48436943333333,4.67438358291455,0.00100856974981521,0.00200014151747766
"NISCH",-2.1988005,8.08618708333333,-4.6743828252269,0.00100857086979709,0.00200014151747766
"TMEM225",-1.5859557,3.63327595,-4.6740078613845,0.0010091252883954,0.00200028642940477
"RPS29",1.35746966666667,16.9007841666667,4.67389120383001,0.00100929784366991,0.00200028642940477
"FBP1",-1.6138486,6.49152293333333,-4.67232493041391,0.00101161766580831,0.00200423474074328
"AFMID",-1.52256846666667,4.1290533,-4.67198359761014,0.00101212397174597,0.00200458868861827
"B3GALT6",1.64188433333333,11.2829088333333,4.67122440067229,0.00101325107400796,0.00200578882319587
"CASP4",2.32125903333333,8.24675248333333,4.67113382976648,0.00101338562479543,0.00200578882319587
"GH1",1.6881079,4.37727448333333,4.6702911878157,0.00101463835540065,0.00200734002029493
"C18orf1",-1.75655003333333,5.89834651666667,-4.66998036338718,0.00101510086592254,0.00200734002029493
"OR2F1",1.51568376666667,5.27104925,4.66994490098284,0.00101515364870751,0.00200734002029493
"FAT2",-3.4351478,7.2067922,-4.66826064868067,0.00101766389147133,0.00201163364097359
"PPAP2B",-2.579486,10.8730143333333,-4.66787579179913,0.00101823841893689,0.00201163364097359
"KIAA0494",-1.7817349,6.71463605,-4.66766800210826,0.00101854875834342,0.00201163364097359
"ATP2B2",-2.601814,4.87992513333333,-4.66759221163257,0.00101866197854613,0.00201163364097359
"SURF6",-2.22148303333333,6.56833495,-4.66738670027935,0.00101896905089525,0.00201163364097359
"HUS1B",1.58132583333333,6.73138395,4.66553371196671,0.0010217422261152,0.00201645772237833
"DNAL4",2.21437886666667,5.56762656666667,4.6648250960338,0.00102280486584991,0.00201790395655263
"AKAP13",-1.59692151111111,8.44229685555556,-4.66384158702633,0.00102428168962994,0.00202016614350612
"RNF5",2.23012653333333,4.42217596666667,4.66313174728327,0.00102534898900921,0.00202161943756312
"MAGI3",1.4390428,5.83558186666667,4.66281352501328,0.00102582784617704,0.00202191197258734
"UBE4A",-1.68043996666667,7.15047321666667,-4.66162941629551,0.0010276117762103,0.00202477579608845
"CABIN1",-1.59590886666667,5.22127833333333,-4.66092675666035,0.00102867193935214,0.0020252883976902
"MTCP1NB",1.45899766666667,10.0970801666667,4.66072201438818,0.00102898107118353,0.0020252883976902
"C7orf73",2.66677216666667,10.5402319166667,4.6606298249421,0.00102912029655235,0.0020252883976902
"TBC1D26",1.57795196666667,3.72583725,4.66033498145467,0.00102956570691655,0.0020252883976902
"SLC16A11",2.48087613333333,5.1228859,4.66029002090082,0.00102963364541964,0.0020252883976902
"ATXN7L1",2.41906463333334,9.40885685,4.66003126050957,0.00103002474324512,0.0020252883976902
"ZACN",1.3548066,3.60316936666667,4.65992248645176,0.00103018919477148,0.0020252883976902
"CYB561D1",1.36528776666667,5.39923496666667,4.65936563301182,0.00103103152007855,0.0020262932347705
"MRPL52",1.53283216666667,11.4334664166667,4.65783525798391,0.00103335023159994,0.00203019804654092
"SCAF8",1.88431463333334,5.38874435,4.65734618363964,0.00103409241366323,0.00203100397649811
"SLC17A6",-1.7779059,3.64290578333333,-4.65557789978774,0.00103678057600901,0.00203563015533476
"HOPX",1.4476225,9.24739775,4.65383486717772,0.00103943764899381,0.002040192344095
"BAG4",-2.99408493333333,8.12625186666667,-4.65349109304995,0.00103996255432935,0.00204050069588579
"MPDU1",1.63146206666667,5.02098223333333,4.65301554398389,0.00104068913175404,0.00204050069588579
"PLXND1",-1.64318416666667,4.04410278333333,-4.6529158135573,0.00104084157562563,0.00204050069588579
"RAET1L",1.509789,10.2167208333333,4.65285872820211,0.00104092884469754,0.00204050069588579
"CDK11A",-2.27265666666667,5.76293566666667,-4.65153955043533,0.00104294771000206,0.00204353491572049
"RPL10A",1.3650965,13.9877100833333,4.65141094958035,0.0010431447436736,0.00204353491572049
"PCSK6",2.14895821666667,4.38707495833333,4.65098372911144,0.00104379958759186,0.00204416321283195
"FAM18A",1.6499659,5.13006801666667,4.65071710922363,0.00104420848503977,0.00204430960367145
"HSD17B4",2.0527491,5.15998845,4.65004033482266,0.00104524717719894,0.00204568849331515
"KLHL29",1.36263036666667,5.19903465,4.64895337446421,0.00104691771740723,0.00204830271669249
"GPR113",1.4760603,3.34809311666667,4.64846384707295,0.00104767099795924,0.00204912121659675
"RBMX2",1.74907493333333,5.3088564,4.64721445499484,0.0010495961740878,0.00205223055067727
"SLC2A13",1.55667076666667,5.85214958333333,4.64689217920022,0.00105009337778294,0.00205254673650992
"COMMD10",1.45272666666667,9.449023,4.64622978065275,0.00105111610839562,0.0020538896043323
"NPIPL3",-1.8878265,12.6171680833333,-4.64576630320277,0.00105183234048843,0.00205463290520696
"PPP2R5A",2.47071036666667,6.67658615,4.64462363528088,0.00105360038047905,0.00205721550612493
"BSDC1",1.56091366666667,3.4243274,4.6444773411163,0.00105382696897606,0.00205721550612493
"CES4A",-2.23369908333333,7.728120375,-4.64365952982335,0.00105509459826299,0.00205839898321102
"TAB2",1.84506283333333,7.63030125,4.64365210462668,0.001055106114964,0.00205839898321102
"LRTOMT",1.8062811,6.97749165,4.64315733027753,0.00105587382696121,0.00205924006163491
"TMEM150A",1.70846416666667,5.35199985,4.64284850986893,0.00105635330727923,0.00205951865326141
"RASA2",-1.9916555,7.52237725,-4.64100637159154,0.0010592182746596,0.00206444644930469
"AGTRAP",1.68874996666667,4.61941848333333,4.64076499539894,0.00105959428633871,0.00206452160631218
"APTX",1.84230143333333,5.39935695,4.64046904747268,0.00106005550324298,0.00206476267712211
"ADM",2.33526433333333,6.19833273333333,4.63995125479227,0.00106086296692443,0.00206567779492159
"PNRC1",-2.07235933333333,11.657439,-4.6387152979728,0.00106279301364316,0.00206809018220961
"LYAR",-1.50192166666667,8.99688783333333,-4.63851127257905,0.00106311197583547,0.00206809018220961
"SPRED2",-1.5894009,6.45267155,-4.63850870571349,0.00106311598938366,0.00206809018220961
"SEC13",1.39137936666667,7.08493421666667,4.638082096158,0.00106378326023238,0.00206873044694905
"PTEN",1.46668900000001,14.5773578333333,4.63755469821983,0.00106460879432331,0.00206967798019385
"CCM2",-1.70753378888889,5.02026162777778,-4.63637684181243,0.00106645495695632,0.00207203047498451
"ATPIF1",-2.04353683333333,11.0668569166667,-4.63627571586013,0.00106661362005686,0.00207203047498451
"GPR183",-2.5683961,8.89007795,-4.63613469893013,0.00106683491274946,0.00207203047498451
"ARHGAP6",-3.20575053333333,8.6933314,-4.63336597524303,0.00107118970342093,0.00207982818328444
"TBC1D3G",2.42244113333333,5.20057803333333,4.63234606292514,0.00107279864897689,0.0020822912863073
"FMNL1",1.92747793333333,5.2038677,4.63145971566774,0.00107419898457495,0.0020843480455533
"C18orf32",1.3569655,12.3234555833333,4.63091949249359,0.0010750534365803,0.00208534461794491
"TRIM21",1.96611066666667,5.35400763333333,4.63015157476402,0.00107626927284059,0.00208704133478249
"KHDC1",1.5496926,3.84770003333333,4.62785905843828,0.00107990772266631,0.00209343328494058
"NNAT",1.39634333333333,5.87969733333333,4.62753856986001,0.00108041741391485,0.00209375791521414
"CHEK2",1.4199906,7.8299707,4.62588105630538,0.00108305754992878,0.00209820965499185
"HNRNPL",1.68938366666667,11.0958248333333,4.62470611021058,0.00108493320515954,0.00210025848041615
"DNAJC14",1.7257026,7.6280957,4.62463840153664,0.00108504139914496,0.00210025848041615
"HPS5",-2.14657583333333,4.37994561666667,-4.62457357949059,0.00108514499127092,0.00210025848041615
"ZG16B",1.54875266666667,11.1858016666667,4.62400868651468,0.00108604819344185,0.00210098021559341
"RGS9",1.9506819,4.28071233333333,4.62391084610756,0.00108620471100392,0.00210098021559341
"LYPLA1",1.76751096666667,6.83791408333333,4.62356707404661,0.00108675484189418,0.00210137993764493
"ZC3HAV1L",1.37418893333333,4.6285757,4.62315630499544,0.00108741257626376,0.0021019874065029
"RNASE4",1.72905983333334,6.50619241666667,4.62257809576307,0.00108833913977302,0.00210299823710077
"KRTAP10-7",1.31253376666667,3.41298751666667,4.62240107162609,0.0010886229841285,0.00210299823710077
"SPNS1",1.52815306666667,5.16036915,4.62194793196815,0.00108934991785819,0.00210373825677286
"SLAMF8",1.43298016666667,3.22699071666667,4.62111934369396,0.00109068049113914,0.00210564318232543
"NARS",1.71267066666667,9.43375733333333,4.62044291131912,0.00109176801260306,0.0021070778236926
"PICK1",1.53488503333333,3.41851828333333,4.61857732672415,0.00109477336802096,0.00211221175198747
"TNFRSF21",1.3763562,5.93327923333333,4.61821259368801,0.00109536196342167,0.00211268111356045
"SYNRG",1.99371273333333,6.4193264,4.61709353103779,0.00109716998060882,0.00211550139973677
"SLC39A4",1.47714993333333,3.4559396,4.61576141948456,0.00109932636060161,0.00211899139072485
"MGST2",2.10917666666667,12.8245343333333,4.61458897294426,0.00110122801922303,0.00212109615184107
"RRAS2",1.63833716666667,6.99038088333333,4.61456263962583,0.00110127077100472,0.00212109615184107
"CPNE5",-1.37706693333333,4.38055693333333,-4.61444708255238,0.00110145839725385,0.00212109615184107
"EPB41L4B",2.86662393333333,5.39975066666667,4.61399694909967,0.0011021895893005,0.0021218363459221
"CEP85L",-1.55082543333333,4.94255451666667,-4.6128194119218,0.00110410481730071,0.002124692618308
"PIH1D1",2.21481886666667,8.70556156666667,4.61265785998066,0.00110436785325588,0.002124692618308
"NOTCH4",-1.38363333333333,11.088124,-4.6116787115555,0.00110596351542896,0.00212709361439622
"BRCA1",-1.99209373333333,3.91613048333333,-4.60994608966531,0.00110879309685207,0.00213149488321283
"ATAD1",2.1974726,5.78359446666667,4.60985094018581,0.00110894871089677,0.00213149488321283
"ID1",2.29974773333334,8.87376696666667,4.60957232576738,0.00110940451013744,0.00213170125408946
"CCL24",-2.1225726,5.70554503333333,-4.608490407329,0.00111117636927752,0.00213443548735946
"ALPK1",-2.74125283333333,7.52640791666667,-4.60714365268159,0.00111338616749792,0.00213800896822106
"NOL7",-1.41649316666667,8.77198741666667,-4.60622316369227,0.00111489923069794,0.00213972202688208
"TMEM89",-3.27258466666667,8.089838,-4.60617543719683,0.00111497774136974,0.00213972202688208
"ATP6V0A4",-3.1856085,6.57572141666667,-4.6054829331375,0.00111611758255957,0.00214123780812149
"AGBL5",1.63856383333333,3.29875778333333,4.60496658880442,0.00111696827852055,0.00214162224783539
"CRY2",-1.38124406666667,5.78167996666667,-4.6049363759867,0.00111701807663334,0.00214162224783539
"IDH3B",1.32011016666667,9.70287625,4.60281401205184,0.00112052218163646,0.00214766751480321
"PRMT8",1.48305903333334,7.99568815,4.60214707245144,0.00112162574323546,0.00214845799027601
"CCBL2",2.11621078333333,7.53828834166667,4.60214030707628,0.00112163694359947,0.00214845799027601
"REC8",2.050156,13.011941,4.60183111123071,0.00112214895764025,0.0021487659852404
"MED7",2.50537046666667,5.25221893333333,4.59943726730397,0.00112612149508648,0.00215569815611361
"SUPT5H",-1.83381756666667,3.98279915,-4.59829623713235,0.00112802028614706,0.00215865752600804
"FAM50A",-1.46918533333333,11.8242696666667,-4.59798286966047,0.00112854235888884,0.00215898128570417
"CLN3",1.44910063333334,7.08189468333333,4.59731639877274,0.0011296535614385,0.00215921590476368
"OR51E2",-3.44236526666667,5.64075213333333,-4.59703460466365,0.00113012374569524,0.00215921590476368
"HOXB2",2.2592521,7.89960728333333,4.59687959756304,0.00113038246991134,0.00215921590476368
"PPARGC1B",-1.3724433,5.15260488333333,-4.59677465477885,0.00113055766701846,0.00215921590476368
"CD276",1.74960233333334,9.3235505,4.59675210596902,0.00113059531498767,0.00215921590476368
"ZFAND6",1.5134995,8.55601875,4.59663996409503,0.00113078256928128,0.00215921590476368
"CCDC90A",1.82078483333333,10.04083175,4.59619314183226,0.00113152900063186,0.002159613354084
"BRWD1",1.8317416,6.92564053333333,4.59609279806323,0.00113169670042388,0.002159613354084
"ARF6",1.62040716666667,10.3494074166667,4.59567388553548,0.00113239709534528,0.00216027609271045
"HDAC11",-2.26211556666667,5.94632425,-4.59504586003565,0.00113344797952904,0.0021610779708906
"MCMBP",-1.44604366666667,10.6498648333333,-4.59500051390282,0.00113352389810198,0.0021610779708906
"IFRD1",1.87366006666667,6.7074017,4.59418305826819,0.00113489341374803,0.00216301492377273
"OPHN1",-1.4508503,5.69175018333333,-4.59286406318585,0.00113710689852025,0.00216635294793063
"CRYBB2",1.6230815,5.62756478333333,4.59253795773679,0.00113765486486441,0.00216635294793063
"AMELY",1.36442956666667,5.66158345,4.5924233559166,0.00113784750112865,0.00216635294793063
"FAM84A",-2.965823,7.98494316666667,-4.5921736506894,0.00113826735556914,0.00216635294793063
"ZNF391",1.29433976666667,3.31592768333333,4.59208569281994,0.00113841528728293,0.00216635294793063
"TMEM98",1.68656676666667,8.13787195,4.5908409544763,0.00114051094569525,0.00216966603413046
"C2orf68",-2.53152126666667,8.16653903333333,-4.58846417444128,0.0011445239558254,0.00217662342609257
"CLEC4E",-4.71942446666667,6.651131,-4.58753313234764,0.00114610004893615,0.00217894347401845
"NFATC2IP",-2.41122813333333,9.45603826666667,-4.58669868212474,0.00114751459459678,0.00218095504496523
"A4GALT",1.372048,3.65249733333333,4.58608048308047,0.00114856375489187,0.00218227113429455
"EIF4H",1.66282833333334,9.9287305,4.58365082960728,0.00115269709342938,0.00218944452579974
"UBE2E2",1.45961476666667,7.14915761666667,4.58343022408097,0.00115307317294371,0.00218947910368393
"HNRNPM",-1.38480988333333,8.150507225,-4.58129669590346,0.00115671708225978,0.00219571675745125
"DCBLD1",1.55684556666667,5.62309165,4.58077757995398,0.00115760554921024,0.00219672169667128
"TUBGCP4",2.3075582,5.53206356666667,4.58038509711158,0.00115827776640103,0.00219731577514465
"RBM38",-3.25842253333333,8.12005265,-4.5800079373974,0.00115892413119403,0.00219734423581292
"RIMS3",-2.42370216666667,5.95866715,-4.57995721322252,0.00115901109005693,0.00219734423581292
"GRIK2",-4.45632083333333,7.07849091666667,-4.57952185916575,0.00115975772422825,0.00219807861116123
"M6PR",-1.45036466666667,10.107004,-4.57656917506434,0.00116483513804307,0.00220481151653631
"LCLAT1",-1.82978593333333,3.9311699,-4.57649260722562,0.0011649671182365,0.00220481151653631
"P2RY10",1.72067063333333,3.40551911666667,4.57645402001468,0.00116503363715696,0.00220481151653631
"UPK2",-1.735208,10.175849,-4.57641504564733,0.00116510082758941,0.00220481151653631
"RLF",-1.4870834,4.1464383,-4.57640852569894,0.0011651120681533,0.00220481151653631
"C10orf11",-2.46882973333333,5.8285477,-4.57593515492277,0.00116592848079503,0.00220567422557328
"EMILIN3",1.33125523333333,3.21469881666667,4.57513063981936,0.00116731740995836,0.00220761913883315
"MDGA2",-2.28557943333333,4.84459018333333,-4.57459009647785,0.00116825160385375,0.00220870312496206
"C9orf3",1.3475383,3.62915678333333,4.57404416827517,0.00116919591283909,0.00220926933506653
"C5orf28",1.73218936666667,7.58136408333333,4.57391636875466,0.00116941708911703,0.00220926933506653
"GPATCH4",-1.861148,6.37839953333333,-4.57379081675673,0.00116963441913705,0.00220926933506653
"RAP1GAP",-2.4850557,6.86854165,-4.57341582643395,0.00117028378221716,0.00220981363568042
"AGXT2L2",-1.6430017,7.23230248333333,-4.57270364443675,0.00117151811114733,0.00221146183400166
"SLC12A9",-2.9222234,5.70574216666667,-4.57172842630922,0.00117321057611032,0.00221397356713231
"PALLD",-2.41324783333333,9.14869925,-4.57029648873611,0.0011757003886407,0.00221798796722288
"ZMYM1",2.44273683333333,7.38563758333333,4.56995182091448,0.00117630052764525,0.00221843607525697
"SYN3",-2.62198553333333,9.62502423333333,-4.5693760575754,0.00117730378067071,0.00221964392300259
"HIAT1",2.64883656666667,6.38948388333333,4.56887288667941,0.00117818128980089,0.00222061402680279
"LEF1",1.48329681111111,4.87367288333333,4.56812881275569,0.00117948020136006,0.00222237753985858
"PPAPDC1A",1.5790286,3.43701176666667,4.56757578184658,0.00118044660231139,0.00222351364314688
"ING5",1.46916686666667,3.596595,4.56720784076316,0.00118109003305543,0.00222404088095818
"SAP30",-1.36014666666667,11.1457373333333,-4.56687326110147,0.00118167544799725,0.00222432110870433
"CNNM3",1.50721913333333,3.92958866666667,4.56670727469077,0.00118196598960408,0.00222432110870433
"NDOR1",1.3176491,7.46515058333333,4.56580029653091,0.00118355490353722,0.00222662635296454
"LRRC8A",-2.83115006666667,5.22710563333333,-4.56515589737348,0.00118468519429363,0.00222806763562509
"PCDHB4",2.92525713333333,8.1592491,4.56444502051557,0.00118593342280952,0.00222942424800173
"LILRA3",2.50950946666667,3.94938526666667,4.56433010956561,0.00118613532645401,0.00222942424800173
"ST14",-4.22220466666667,7.20878733333333,-4.56371152568799,0.00118722283524113,0.00223048008243516
"EXOSC3",1.7543827,8.99391415,4.56339567736503,0.00118777852583141,0.00223048008243516
"SLC10A3",1.37863545,6.54340724166667,4.56338870318321,0.00118779079904769,0.00223048008243516
"FOXP3",-1.76394263333333,5.93837861666667,-4.56281178194412,0.00118880653732962,0.00223170248400817
"HIST2H2BE",1.78154233333334,11.9121818333333,4.56236529758917,0.00118959326125962,0.00223249434735778
"LEPR",1.73323016666667,7.08498575,4.56148252493466,0.00119115037634149,0.00223473106484429
"MTRNR2L4",-3.2056558,6.57333876666667,-4.56099557072381,0.00119201023988591,0.00223534091355269
"PCSK1N",-2.6470219,8.39992671666667,-4.56088465989193,0.00119220617864048,0.00223534091355269
"SNAI2",2.20277763333334,7.09357535,4.56037642580638,0.00119310448083784,0.00223556639045645
"DBR1",1.6523382,7.3940629,4.56034201701475,0.00119316532433086,0.00223556639045645
"ART5",1.8248951,3.86504925,4.56019650701214,0.00119342265956698,0.00223556639045645
"EIF2C1",1.46918276666667,7.29185075,4.55709575548096,0.00119892043469689,0.00224468582553295
"ZKSCAN1",-1.29928483333333,8.97619541666667,-4.55700146766495,0.00119908803347497,0.00224468582553295
"C8orf48",2.1327902,8.4764289,4.55683070854162,0.00119939162531337,0.00224468582553295
"AJUBA",2.5300545,4.73827175,4.55571364778524,0.0012013796635116,0.00224771889338348
"CENPI",1.761949,3.8588423,4.55526027353756,0.00120218753705809,0.00224854275503559
"TRMT61B",1.779135,10.3646241666667,4.55406766671941,0.00120431542372831,0.00225183427945287
"TMEM187",2.25615346666667,8.6240936,4.55320351874575,0.00120585977061434,0.00225378750145856
"RPGR",-1.42426746666667,7.75535205,-4.55307098675047,0.00120609680937812,0.00225378750145856
"MTFR1",2.2878512,7.3186419,4.55281776639977,0.00120654984211825,0.00225394562872656
"GNAS",1.3057955,15.0014669166667,4.55205714518183,0.00120791174858515,0.00225548351551426
"HHEX",1.76903013333333,5.9742474,4.55194627038944,0.00120811040868588,0.00225548351551426
"CTAGE5",1.83951966666667,3.6875404,4.55147048029809,0.00120896330164166,0.00225638727255756
"BET3L",-2.34116186666667,5.5984045,-4.55080314514672,0.00121016063582354,0.00225682517721592
"UQCRQ",1.7533675,11.91250975,4.55058186662808,0.00121055793305094,0.00225682517721592
"XXYLT1",-1.4093816,6.27517343333333,-4.55057814784017,0.00121056461118133,0.00225682517721592
"PAM16",2.0975819,5.09463588333333,4.5503624877105,0.00121095195678209,0.00225682517721592
"ZNF254",2.03504213333334,9.06140993333333,4.55031217427099,0.00121104234338017,0.00225682517721592
"CTNNA1",-1.74581736666667,7.95332931666667,-4.54990464659912,0.00121177471963809,0.00225750235528192
"ITFG3",1.5100581,3.81983198333333,4.54943258799274,0.00121262365558205,0.00225839620238996
"FAM111A",-2.2567293,6.66231448333333,-4.54879206045576,0.00121377657415582,0.00225902494333134
"CALU",-1.64231536666667,7.44353415,-4.54878997873909,0.00121378032304818,0.00225902494333134
"CTSS",-1.4017235,9.47232325,-4.54862971196925,0.00121406897902476,0.00225902494333134
"SIGLEC10",-1.48817513333333,3.7585324,-4.54761154142237,0.00121590451160975,0.00226167561998234
"SLC25A16",1.76620476666667,5.93945058333333,4.54742956531727,0.00121623288488753,0.00226167561998234
"TAF13",-2.02473493333333,4.5151286,-4.54411722652328,0.00122222649058382,0.00227213055891577
"CD14",1.6181743,5.77124778333333,4.54379393032749,0.00122281317106601,0.00227253067453884
"CXorf56",-1.46563976666667,6.88985788333333,-4.54265989314754,0.00122487346300232,0.00227566834091958
"CNFN",4.7426659,10.6751013833333,4.54168480295918,0.00122664794030913,0.00227827325404107
"PEA15",-1.633199,7.67060683333333,-4.54099167526878,0.0012279109647336,0.00227953251135874
"PVR",-1.84369786666667,4.35445263333333,-4.54090383480486,0.00122807112740085,0.00227953251135874
"LRRC4",1.726302,11.3059806666667,4.54060556814886,0.00122861513376231,0.00227985058791562
"USP28",2.24988913333334,8.5423791,4.53932400697789,0.00123095548615696,0.00228350080785576
"GNAL",1.49476753333333,3.29978703333333,4.53908481152795,0.00123139282400871,0.00228361967180519
"HPX",1.687106,6.16477266666667,4.53876675274722,0.00123197460957937,0.0022840062610323
"KCNJ6",-2.38020333333333,5.59852833333333,-4.53576259624631,0.00123748420500143,0.00229352570923924
"SERPINA9",1.50628718333333,4.286447225,4.53509136976615,0.00123871881132103,0.00229502532054777
"WDR36",1.47911266666667,7.76636166666667,4.53491491801348,0.00123904358185179,0.00229502532054777
"STRADB",2.700651,5.40792596666667,4.53459933685021,0.00123962465495223,0.00229517284536397
"THY1",-1.74827063333333,6.73336505,-4.53446422107423,0.00123987352957305,0.00229517284536397
"PDE4DIP",-1.40022775,7.59326819166667,-4.53339732920863,0.00124184054617772,0.0022981187118921
"KCNE2",-1.40056603333333,5.32331358333333,-4.53318430347881,0.0012422336972293,0.00229815112175653
"EXOC4",-2.25310143333333,7.01736848333333,-4.53123217720958,0.00124584263600088,0.00230332292308716
"SPATA18",1.6866354,5.64394603333333,4.5312315989733,0.00124584370665172,0.00230332292308716
"CNEP1R1",1.85813233333333,3.48114143333333,4.53092205278191,0.00124641699693591,0.00230332292308716
"KRT79",-1.3973954,5.41018613333333,-4.53078330405812,0.00124667405556555,0.00230332292308716
"SCGB1C1",-2.23638923333333,4.39124381666667,-4.53065508421926,0.00124691165761109,0.00230332292308716
"C9orf86",-1.67542,6.8883124,-4.52970116047754,0.00124868087253594,0.00230566143836981
"C10orf54",-1.48999883333333,5.10792191666667,-4.52956622392615,0.00124893135121895,0.00230566143836981
"CCL5",-2.0891249,8.58896088333333,-4.52898025465483,0.0012500196893008,0.00230697449747882
"SYT10",-2.3788613,4.70387448333333,-4.52753031467023,0.00125271704956714,0.00231125540085999
"ABCC4",1.59506186666667,4.6548897,4.52717823963584,0.00125337295853995,0.00231176839323105
"ZFP161",1.83146846666667,4.51055476666667,4.52647094846117,0.00125469173387108,0.00231294847062918
"TMEM71",1.60609193333333,3.9091144,4.52642960059814,0.00125476887447176,0.00231294847062918
"SETDB2",2.0651442,4.81261323333333,4.52532529061749,0.00125683099913162,0.00231605182309857
"RC3H2",-1.30782366666667,10.5278411666667,-4.52440402725848,0.00125855407420396,0.00231852870399874
"ZMYM2",-1.88380633333333,7.1385125,-4.52375093239183,0.00125977710681994,0.00232008318468525
"PRG4",1.3280846,3.30931643333333,4.52339441259699,0.00126044528548636,0.0023203704018762
"SRM",1.38256066666667,6.93456113333333,4.52326303682301,0.00126069160115013,0.0023203704018762
"IDI1",2.507779,4.6407831,4.52203485274464,0.00126299679714646,0.00232391410674949
"TK2",1.55244363333334,4.89610418333333,4.52104334043439,0.00126486105478801,0.00232664459807368
"BCL2L12",1.49677636666667,3.26165511666667,4.52032292202545,0.00126621743503789,0.0023284395153477
"ESR1",-1.39776943333333,5.36779048333333,-4.5195153224276,0.00126773979861902,0.00233033628880482
"C11orf31",2.094144,5.76650243333333,4.51937171630566,0.00126801070700086,0.00233033628880482
"HDAC1",1.57214066666667,9.70186566666667,4.51907860144598,0.00126856385018877,0.00233054815327021
"ABCB10",1.77736353333333,3.50514843333333,4.5188184467955,0.0012690550086903,0.00233054815327021
"CX3CR1",-1.43836693333333,4.92361663333333,-4.5186623637272,0.00126934978261534,0.00233054815327021
"IFI16",-1.655073,10.6791598333333,-4.51850358552798,0.00126964972128957,0.00233054815327021
"C11orf93",1.72131026666667,6.6038038,4.51796374061951,0.00127067007553835,0.00233172151234063
"ZNF311",-2.63725226666667,5.20545643333333,-4.51753695373055,0.00127147735817187,0.0023324357455471
"SP1",-1.385207,4.98979193333333,-4.51735495595792,0.00127182177952682,0.0023324357455471
"CBFA2T3",1.46623816666667,3.77064925,4.51699455582031,0.00127250411127324,0.00233298775929568
"TMEM14B",1.309118,10.6484763333333,4.51648155382705,0.00127347603059429,0.00233407020826119
"ZNF443",2.5311856,4.02317283333333,4.51545198468314,0.00127542900937771,0.00233671864506065
"TERF2IP",1.36518676666667,7.93735761666667,4.51531720409355,0.00127568490920277,0.00233671864506065
"WDR66",2.3436254,4.5079261,4.51497926913804,0.00127632676643125,0.00233719459952899
"GABRG3",1.63747346666667,6.5272722,4.5144019468522,0.0012774240999198,0.00233850408237863
"FBXL15",1.96992833333333,7.7822335,4.51398623309371,0.00127821488134999,0.00233925176311674
"NLRP1",1.70752501111111,5.49234673888889,4.51359780150207,0.00127895423695624,0.00233990491079494
"STXBP1",-2.8240615,9.86331458333333,-4.51291620758026,0.0012802527096906,0.00234158029234293
"PLIN5",1.5784361,4.43796621666667,4.51270058227406,0.00128066377956942,0.00234163209904534
"PLAUR",-1.9578648,8.32453076666667,-4.51200715422578,0.00128198668943643,0.00234310688918519
"NT5DC3",-2.50595046666667,7.2681672,-4.51187638605006,0.0012822363296816,0.00234310688918519
"SLC25A3",2.7657903,5.61060851666667,4.51123027347953,0.0012834705371574,0.00234466191290802
"PCF11",1.88848833333333,8.05309616666667,4.51097057097571,0.00128396697847978,0.0023448686490565
"ATP6V0A1",-2.5285454,7.9512155,-4.51070850335091,0.00128446814815088,0.00234508389447541
"EXD3",-1.50893556666667,6.64250988333333,-4.51029621688801,0.00128525701307059,0.00234582410679172
"ASCC1",2.4203882,4.4005812,4.50908688617997,0.00128757391152032,0.00234882981091415
"PNPO",1.39402916666667,5.45009298333333,4.50903591878887,0.00128767165508435,0.00234882981091415
"MRPL28",1.93678796666667,5.28510458333333,4.50879139807391,0.00128814069863206,0.00234898503553829
"ELP4",1.96641346666667,9.0574746,4.50858728826011,0.00128853236462493,0.00234899910809754
"MED19",-2.27841606666667,7.4044215,-4.50713485008859,0.00129132310945502,0.00235338539876253
"AQR",1.97937156666667,7.38456598333333,4.50534986078593,0.00129476164085469,0.00235894929087224
"TRPM6",-1.38633956666667,6.20807031666667,-4.50416670872019,0.00129704618788939,0.00236240803141033
"NIPSNAP3A",1.525641,10.3213093333333,4.50384317129942,0.00129767165280605,0.00236284380115102
"ANAPC13",1.348704,8.07895216666667,4.50329840246677,0.0012987255294715,0.00236405914588117
"C12orf5",2.2990015,5.01241785,4.50291075937185,0.00129947599502966,0.00236472163521459
"PLAC1",-1.74190833333333,4.86797843333333,-4.50261502305692,0.00130004884220498,0.00236506060559324
"SLC26A4",1.35407196666667,3.40761025,4.50130434462585,0.00130259089021554,0.00236898069748474
"ABCF2",1.61686735,7.36482165833333,4.50069734090104,0.00130376996014363,0.00237021213609696
"GDF6",-1.6856994,5.27348493333333,-4.5005538587394,0.00130404883198908,0.00237021213609696
"F2RL1",2.44206393333333,4.90530726666667,4.50035766910714,0.00130443024881308,0.00237021213609696
"C2orf53",1.59870963333333,4.09212461666667,4.49864328139878,0.00130776828686227,0.00237557196526822
"NEK4",-1.6824024,4.39870866666667,-4.4977552933065,0.00130950083787918,0.00237801309769809
"REEP1",1.5001076,3.5214611,4.49692685403857,0.00131111940635342,0.00238010182048498
"VN1R4",1.75288976666667,4.39287888333333,4.4967684659465,0.00131142910049932,0.00238010182048498
"ABLIM3",-3.5665837,8.47127201666667,-4.49612391254533,0.00131269019062997,0.00238168404100658
"ZNF696",2.64828673333333,5.5369452,4.49522902645408,0.00131444320547705,0.00238415758408201
"SGCA",1.52081036666667,6.58077475,4.49458193743762,0.00131571235662912,0.00238575228152251
"PPP1R8",2.04826166666667,8.89134016666667,4.49399587275833,0.00131686294490178,0.00238713111019528
"DEDD",1.67445586666667,6.50257393333333,4.49376133843246,0.00131732369313025,0.00238725899128285
"SLC12A4",-3.1493468,6.72517436666667,-4.49263787330923,0.00131953314764986,0.00239019473249389
"FAM133B",-1.36605891666667,9.90284254166667,-4.49254039328461,0.00131972504190329,0.00239019473249389
"DCAF6",1.44876166666667,10.1734598333333,4.49093453977781,0.0013228905224926,0.00239479064751574
"USP51",-1.50780326666667,4.4891405,-4.4908560228544,0.00132304550320419,0.00239479064751574
"TGS1",1.37859376666667,7.32058035,4.490100170335,0.00132453843226907,0.00239678382982021
"CARNS1",-2.19280216666667,5.72135575,-4.48959893416793,0.00132552944213094,0.00239786786722563
"G2E3",-1.485043,6.25447293333333,-4.48891402655485,0.00132688487065042,0.00239961029814936
"RYK",1.89657016666667,6.50344261666667,4.48858854804061,0.00132752950787183,0.00240006664573283
"SLC35A3",1.7838956,6.16561853333333,4.48729776083049,0.00133008930296011,0.00240330066243597
"AKAP14",-2.70153456666667,6.09145215,-4.48712321131279,0.00133043585983692,0.00240330066243597
"C19orf76",1.40381403333333,6.13169675,4.48709252920153,0.00133049678713152,0.00240330066243597
"ABL1",1.6769409,4.21639568333333,4.48675818825921,0.00133116090034971,0.00240379055145794
"NFASC",-2.44367446666667,8.2680941,-4.48578303943421,0.00133309988863866,0.00240658162251146
"PLRG1",2.01418666666667,7.844917,4.48549107580813,0.00133368101433385,0.00240692048545559
"STMN3",-1.60795633333333,9.85829916666667,-4.48484922301919,0.00133495950896913,0.0024083658731504
"GP2",-1.6134807,5.07401111666667,-4.48469383855615,0.00133526921244298,0.0024083658731504
"LCN8",1.46764766666667,3.50594183333333,4.48448540706275,0.0013356847663183,0.0024084053640835
"RIOK1",-1.5053304,8.22060313333333,-4.48393124555843,0.00133679027829007,0.00240968854525004
"BOP1",-2.45747913333333,7.19717576666667,-4.48300575219599,0.00133863874196646,0.00241230981541998
"PDLIM4",1.40965433333334,10.4542451666667,4.48121033840012,0.00134223243594429,0.00241807362871236
"C3orf32",1.8551125,5.76853445,4.48100024042104,0.00134265363781681,0.00241812038744871
"TSSC4",-1.69774306666667,6.51932673333333,-4.48069358000794,0.00134326867937586,0.00241851612137184
"MPDZ",1.32946313333333,6.48413276666667,4.48044069721416,0.00134377608948989,0.00241871789217392
"PIK3CA",2.16725343333333,4.00178388333333,4.47981907405502,0.00134502424539098,0.00242025245097118
"ARFIP1",-2.44838423333333,8.72746955,-4.47941310863896,0.00134584004841727,0.00242074202654128
"KLRC3",1.9260495,7.05035768333333,4.47928993656446,0.00134608767150922,0.00242074202654128
"FAM196B",1.34451576666667,7.71188478333333,4.47899667514938,0.00134667743453291,0.00242109096223107
"CORT",-1.35508056666667,4.78809805,-4.47853860666502,0.00134759918283773,0.00242177594970054
"XPNPEP2",1.98655223333333,6.14926031666667,4.47828461913342,0.00134811055854337,0.00242177594970054
"PIGS",1.7606471,4.32310775,4.47804855766333,0.00134858602725818,0.00242177594970054
"TMEM27",1.29612286666667,6.30673803333333,4.47802086292302,0.00134864182095942,0.00242177594970054
"B3GALNT1",1.34189983333333,7.04408308333333,4.47641674781895,0.00135187765910772,0.00242670718987978
"APOLD1",-2.45541286666667,4.3227218,-4.47605899424183,0.00135260044950033,0.00242670718987978
"USP16",-1.92898208333333,9.459709375,-4.47583202764799,0.00135305921650978,0.00242670718987978
"FRMD6",-1.50417686666667,5.1224171,-4.47572732091167,0.00135327091578093,0.00242670718987978
"MARCH11",-1.90560116666667,5.98841348333333,-4.47560407278678,0.00135352014775505,0.00242670718987978
"GAGE12C",1.5539948,8.9647716,4.47548161048774,0.00135376783900943,0.00242670718987978
"PAX9",-4.97322523333334,8.86490971666667,-4.47454315466845,0.00135566755383066,0.00242940073061979
"H1FNT",1.76821536666667,4.06565038333333,4.47413115334148,0.00135650246335821,0.00242990939217991
"TMEM176A",1.67973116666667,5.36024141666667,4.47383304177644,0.00135710691951508,0.00242990939217991
"P4HA3",1.46841496666667,3.61544498333333,4.47370621745494,0.0013573641575879,0.00242990939217991
"SIGLEC14",-2.03731553333333,6.47207836666667,-4.47361949086447,0.0013575400952061,0.00242990939217991
"ZNF521",1.76576403333334,5.64740501666667,4.47337813708674,0.00135802984450285,0.00243007504787026
"CNGA3",-3.35906646666667,7.16008743333333,-4.47284800705948,0.00135910623170458,0.00243129003671597
"ATL2",1.7583047,7.18033448333333,4.47230116942134,0.00136021749356166,0.00243256668389659
"HOGA1",1.6446546,6.1763129,4.47141493579988,0.00136202051600122,0.0024350793445048
"PKIA",2.06859686666667,5.17525566666667,4.47113407324971,0.00136259245506562,0.00243539019576145
"C19orf24",1.9246069,6.49431065,4.46989209058013,0.00136512465192637,0.00243901773811639
"ZNF783",-2.3748975,4.81549735,-4.46974769380467,0.00136541937774577,0.00243901773811639
"CPSF6",-2.5305865,8.78430441666667,-4.46780304426895,0.00136939517092674,0.00244540562046988
"LMO4",2.31351996666667,5.63656718333333,4.46692348718679,0.0013711974495058,0.00244782148570183
"LMO2",1.63184826666667,9.0083392,4.46675244196051,0.00137154822703267,0.00244782148570183
"MON1B",2.26422183333333,5.49109108333333,4.46646143788216,0.00137214523415152,0.00244788376928912
"FAM53A",1.34107896666667,5.44197701666667,4.46603982244439,0.00137301068646469,0.00244788376928912
"FOXB1",-1.78910823333333,5.89981661666667,-4.46585885910276,0.00137338232901064,0.00244788376928912
"LCOR",1.36801466666667,9.56042233333333,4.46583823489676,0.00137342469152258,0.00244788376928912
"AIFM1",-2.07403733333333,6.05652843333333,-4.46575418950867,0.0013735973367261,0.00244788376928912
"HLA-DMB",1.427449,10.0142258333333,4.46537814001764,0.00137437009667933,0.00244788376928912
"EHD1",-2.1393328,7.7091838,-4.46537142116751,0.00137438390773261,0.00244788376928912
"HBEGF",-2.73876176666667,6.70165188333333,-4.46455624763885,0.00137606064851406,0.00245015688230763
"IRX4",-2.18329656666667,5.43113875,-4.46279824947937,0.00137968410904355,0.0024558939130429
"ZNF547",1.4276197,3.29948411666667,4.46252145209087,0.0013802555483858,0.00245619646452133
"AMHR2",-2.45152333333333,7.82290033333333,-4.46146083415214,0.00138244749199046,0.00245873358532674
"VAMP2",1.315908,9.9765465,4.46144267670109,0.00138248504961164,0.00245873358532674
"TMEM53",1.59277746666667,3.5666556,4.46026135811823,0.00138493087175976,0.00246236764702883
"NSUN3",1.75847523333334,7.41133705,4.45976231107793,0.00138596548989323,0.00246349124554527
"AK4",1.5293002,4.9796956,4.45905622420997,0.00138743074528118,0.00246537940738607
"PAM",-2.639092,9.40596766666667,-4.45862620279493,0.00138832392324249,0.00246625022136979
"ZC3H18",-3.156621,15.5816765,-4.45792340199104,0.00138978499584749,0.00246769575907508
"MAGEA1",1.3391364,3.27105946666667,4.45784679334608,0.00138994435857678,0.00246769575907508
"GAS1",1.34142166666667,11.5516888333333,4.4570167815948,0.00139167221119377,0.0024700465877817
"C17orf96",-1.87320333333333,9.71844333333333,-4.45673109023832,0.00139226746923309,0.00247025293494343
"LYRM2",1.35500263333334,7.76439935,4.4565734655482,0.00139259600729322,0.00247025293494343
"RBBP5",-1.7573489,4.45950508333333,-4.45615213142773,0.00139347460134837,0.00247070956584437
"ELOVL5",2.27822853333333,7.0153564,4.45593806658468,0.00139392120952487,0.00247070956584437
"TTC14",-1.7749743,5.91026601666667,-4.45576676441754,0.00139427871066343,0.00247070956584437
"SDCBP",2.46387766666667,9.23210283333333,4.45567569823825,0.00139446880203671,0.00247070956584437
"NPSR1",-1.56053803333333,4.94642928333333,-4.45346101907408,0.00139910021667866,0.0024766946703678
"C2orf47",1.842152,9.92148633333333,4.45332217053976,0.00139939112612473,0.0024766946703678
"STPG1",2.12313126666667,3.97732746666667,4.4531765491189,0.00139969629495335,0.0024766946703678
"MRC1",-2.00663066666667,6.32479333333333,-4.45293758526187,0.00140019722852289,0.0024766946703678
"OR2AT4",-2.79440053333333,6.19118626666667,-4.45291024136587,0.00140025456096108,0.0024766946703678
"TMEM120A",1.432278,12.3101546666667,4.45290014939496,0.00140027572160873,0.0024766946703678
"SPTY2D1",-1.40819693333333,6.5562597,-4.45253705900976,0.00140103726874481,0.00247732543646842
"C18orf21",1.2907226,8.24025586666667,4.45145154080471,0.00140331666712516,0.00248003045121558
"EDA",-3.99580723333333,8.92454038333333,-4.45142245007274,0.00140337780681732,0.00248003045121558
"MGLL",1.30962181666667,7.076313375,4.45020192285521,0.00140594553110551,0.00248250553611063
"PIP5K1C",-1.34884676666667,5.91489661666667,-4.45013147545671,0.00140609388958956,0.00248250553611063
"FBLN1",2.15744691666667,11.2085712083333,4.44986545301549,0.00140665426891117,0.00248250553611063
"SCRN3",1.7786381,6.63317338333333,4.44983817630162,0.00140671174104669,0.00248250553611063
"LCMT2",1.32015426666667,3.32246216666667,4.44979285443943,0.00140680723989793,0.00248250553611063
"FZD2",1.437539,10.3555075,4.44927631547948,0.0014078961395807,0.00248371066377011
"PLAC9",1.80520126666667,3.8041689,4.44904025607495,0.00140839406746684,0.00248387284657311
"DSG4",-2.25669006666667,4.91536383333333,-4.44768572072516,0.00141125485674943,0.00248798138054054
"MAP4K3",-1.6940444,6.5276833,-4.44753451653238,0.00141157458443696,0.00248798138054054
"PLXNB3",1.37536273333334,8.7361888,4.44736001705224,0.00141194366675985,0.00248798138054054
"HTR3D",1.62082566666667,7.50220983333333,4.44650747768289,0.00141374834155983,0.00249026122657864
"CLDN19",1.371835,7.77977183333333,4.4463643446217,0.00141405156932563,0.00249026122657864
"RECQL5",-1.51495206666667,7.15463096666667,-4.44595774283878,0.00141491333366989,0.0024910618058683
"GABBR1",-1.94033256666667,5.94856048333333,-4.44542726126003,0.00141603849249592,0.00249121201496055
"ADAMTS4",-3.27038246666667,4.78516803333333,-4.4453443295001,0.00141621447790799,0.00249121201496055
"F11",-2.31193003333333,5.84936985,-4.44534161744718,0.00141622023341497,0.00249121201496055
"EDEM3",-1.8481862,3.7841808,-4.44458326774283,0.00141783057628595,0.0024931108334433
"ASXL1",-2.25468133333333,5.62661623333333,-4.44444956466473,0.00141811469440711,0.0024931108334433
"TUBE1",1.614659,6.9594195,4.44387929387255,0.00141932719598159,0.00249452564924313
"APOBEC3H",1.8524419,3.9605141,4.44364625362718,0.00141982300009512,0.00249468038902411
"KRT28",1.4953582,3.29357646666667,4.44320232520871,0.00142076798845319,0.0024956240463269
"TMEM43",1.52203846666667,6.8918528,4.44275278590047,0.00142172560233491,0.002496589332688
"ASB11",-3.56656043333333,5.02258365,-4.44236138374769,0.0014225599307726,0.00249666429383441
"TMEM91",1.3044352,8.67240515,4.44234988007695,0.00142258446033128,0.00249666429383441
"CC2D1B",1.7155135,8.62347825,4.44122617277119,0.00142498273828209,0.00250015612067961
"F2RL3",1.37133533333333,9.394893,4.44101852097887,0.00142542639065868,0.00250016985553131
"ATG7",1.825922,7.596521,4.44084001835745,0.00142580788263301,0.00250016985553131
"ARFGAP2",1.460474,9.109435,4.43929430601315,0.00142911589034707,0.00250525244044223
"CCDC116",-1.3545507,5.27117951666667,-4.43844152404882,0.00143094443757823,0.00250773934949975
"CXXC5",-1.2994485,10.1829865833333,-4.43813385112021,0.00143160476485411,0.0025081781074964
"AMOTL2",-2.7427455,7.29295258333333,-4.43785117187988,0.00143221173632979,0.00250852316142732
"DDX19B",1.67027406666667,6.16983256666667,4.43733149787958,0.0014333282992367,0.00250976031331716
"OR52N4",1.60604433333333,3.70302216666667,4.43687902145601,0.00143430123641113,0.00250986672752625
"GRB7",2.45712816666667,4.31534325,4.43679667774661,0.00143447837144479,0.00250986672752625
"LHPP",-1.47047746666666,5.7691485,-4.43673093971652,0.00143461980159517,0.00250986672752625
"CEP78",1.93609641666667,6.53762114166667,4.43600257929856,0.00143618780383424,0.00251189164775812
"ARMC5",1.85087006666667,4.00948783333333,4.43355302669694,0.00144147454423906,0.00252041762265064
"ZNF404",1.96300246666667,7.81192976666667,4.43303646762722,0.00144259204624288,0.00252165089683255
"PLXNA3",1.40212066666667,3.30992956666667,4.43284351486735,0.00144300970835116,0.00252166049577047
"RFPL2",1.5869985,5.39382641666667,4.43231766049778,0.00144414861618557,0.00252293010674567
"AHCY",1.86059833333333,8.02561816666667,4.43186862921843,0.00144512189529939,0.00252390972179322
"TMED10",1.63668376666667,6.57921588333333,4.43037322508081,0.00144836822865047,0.00252849758153621
"GPR144",1.31634,3.4029405,4.43027793443199,0.00144857535522792,0.00252849758153621
"SLC4A3",1.52822,8.995473,4.42979147493078,0.00144963322890248,0.00252918451264561
"GPBP1L1",1.74909033333333,8.50378616666667,4.42971679711108,0.00144979569889639,0.00252918451264561
"AURKB",1.7058065,10.0806839166667,4.42831723461881,0.00145284418870581,0.00253378014438488
"PPP1R3G",2.50399586666667,7.58201006666667,4.42743544404808,0.00145476838065007,0.00253641292471277
"GPR126",-3.41698733333333,9.05634833333333,-4.42684694336297,0.00145605407999911,0.00253793129955401
"ENPP4",1.7792278,4.3096804,4.42564077675966,0.0014586929730371,0.00254131945914889
"TBCA",1.44032633333334,10.8806321666667,4.42541137538029,0.00145919544057076,0.00254131945914889
"PRDX6",1.74316183333334,11.81043425,4.42521928438164,0.00145961632715872,0.00254131945914889
"INA",2.29167663333333,5.35600698333333,4.42519960181144,0.00145965946051801,0.00254131945914889
"ZNF267",-1.51888843333333,8.11284111666667,-4.42452602769208,0.00146113638123656,0.00254316710680093
"OR1J4",1.3597622,7.6863289,4.42402631884877,0.00146223310060194,0.00254435213580281
"HNRNPC",1.28279616666667,9.29088008333333,4.4236084458711,0.0014631508853499,0.00254487320620398
"GUF1",2.27685396666667,4.41811915,4.42351123112402,0.00146336448830102,0.00254487320620398
"CDC42BPA",-1.46827408333333,4.28457155833333,-4.42328136854547,0.00146386968064342,0.00254502833366764
"CDC42BPG",-2.2072012,6.3277099,-4.42034764823382,0.00147033372563131,0.00255554026517396
"MAPT",-1.9811116,5.88783163333333,-4.41997917037327,0.00147114775789163,0.00255622890735046
"SERINC3",1.776928,6.57519666666667,4.41894750122665,0.00147342944568983,0.00255946659532379
"EGFL6",1.75319786666667,8.16163173333333,4.41738793412348,0.00147688580207824,0.00256474236080462
"POP7",1.52750183333334,11.5794764166667,4.41593974545191,0.00148010303679003,0.00256959999406396
"IFFO2",1.60973723333333,4.22087221666667,4.41565984731408,0.00148072570531128,0.00256995173477855
"CSNK1G3",2.03016533333333,6.18629566666667,4.41533090487962,0.0014814578349618,0.00257049320314698
"ZFHX3",-1.41776156666667,4.84543581666667,-4.41301207496118,0.00148662980194078,0.00257873578913346
"HTATSF1",1.29659283333333,7.66091825,4.41202181257177,0.00148884434924675,0.00258133066486852
"B3GALNT2",-1.53060543333333,6.74855725,-4.41196585897191,0.00148896958423031,0.00258133066486852
"KIAA0664",1.67742556666667,5.57974078333333,4.41134963990848,0.00149034954266852,0.00258299107706686
"PSMD1",-1.85456183333333,12.7199904166667,-4.41074137767777,0.00149171301587807,0.00258462198559672
"PRKDC",1.67420935,6.12877314166667,4.41012669759524,0.00149309222229345,0.0025862792231006
"CDH12",-1.7414855,4.71233158333333,-4.40987134882384,0.00149366556699434,0.00258654003364601
"PEX7",1.98679633333333,9.57989183333333,4.40887285642454,0.00149590976909877,0.00258921481102314
"SH3KBP1",-1.79514896666667,5.10674571666667,-4.40864109365927,0.00149643118921523,0.00258921481102314
"PER2",-1.31881696666667,3.99082871666667,-4.4086194800439,0.00149647982539684,0.00258921481102314
"PARS2",1.29102383333334,7.07832841666667,4.40790368529051,0.00149809149687288,0.00258922045285277
"SLC25A1",2.2399137,5.66670481666667,4.40774647022454,0.00149844572671955,0.00258922045285277
"OR10A4",1.33956536666667,3.48775848333333,4.40771199124153,0.00149852342510055,0.00258922045285277
"C20orf151",-1.98716766666667,6.56214896666667,-4.40757283982806,0.00149883704629923,0.00258922045285277
"SGCD",-2.52664036666667,7.21506031666667,-4.40740349186351,0.00149921881897993,0.00258922045285277
"COX15",1.59199913333333,7.67780043333333,4.40723804880227,0.00149959188837978,0.00258922045285277
"LAMP1",1.46703976666667,4.75836191666667,4.40713277564757,0.0014998293277183,0.00258922045285277
"IRGQ",1.91607716666667,6.55508458333333,4.40711527901988,0.00149986879452603,0.00258922045285277
"GNB4",1.65400946666667,7.9200106,4.40634997712799,0.0015015961518333,0.00259147115850949
"OR4K17",-3.10944156666667,4.78114288333333,-4.40497209781186,0.00150471148572655,0.002595462283664
"SLC24A4",-2.96626883333333,5.83275651666667,-4.40495188913371,0.00150475722787777,0.002595462283664
"LMAN1L",-1.52390636666667,6.26519395,-4.40431652042783,0.00150619613284855,0.00259673622846921
"SLC4A10",-2.3186035,5.91304251666667,-4.40425095524309,0.00150634470003878,0.00259673622846921
"SAMM50",1.6393053,8.52228551666667,4.40392314157366,0.0015070877418623,0.00259728529710241
"USP46",1.623318,3.41946886666667,4.40338997544285,0.0015082970798291,0.00259863743576301
"ATAD2B",-1.69865766666667,6.1185182,-4.40311222286167,0.00150892749227957,0.00259899166603784
"FCHSD2",-1.40936073333333,4.71981716666667,-4.40202750858982,0.00151139214173711,0.00260250411571845
"PNLIPRP3",1.80334356666667,7.95042455,4.40163123974352,0.00151229359650184,0.0026033236419241
"ACTR3B",1.31570793333333,7.02764196666667,4.40068275319113,0.00151445358877237,0.00260588564395579
"QSOX1",1.44137513333333,5.6362829,4.40046102557151,0.0015149590026434,0.00260588564395579
"ACSM3",1.59121811666667,6.93109870833333,4.40029199350576,0.0015153444207956,0.00260588564395579
"MUSTN1",2.30550793333334,7.9006697,4.40023007246309,0.00151548563602398,0.00260588564395579
"ZC3H15",-1.833419,12.0359185,-4.39952422123542,0.00151709636738271,0.0026078373657695
"PIPOX",1.38394166666667,3.31228676666667,4.39935920252106,0.00151747319747294,0.0026078373657695
"CEP72",-3.5310608,8.87208743333333,-4.39875475106758,0.00151885434817295,0.00260947792814437
"ERCC1",-1.4878419,9.36009738333333,-4.39757295534409,0.0015215585713515,0.00261290646337655
"DNAJC11",1.2882336,3.41592113333333,4.3975094167024,0.00152170410738978,0.00261290646337655
"GPR150",2.46464383333334,12.3995590833333,4.39723371930987,0.00152233576702226,0.00261325763822732
"CABLES1",-1.77641256666667,3.88102868333333,-4.39650702866357,0.00152400204809379,0.00261445573527595
"MOV10",1.398836,11.1191253333333,4.39644856310909,0.00152413619216748,0.00261445573527595
"VIP",1.4897664,5.48103763333333,4.3963703236506,0.00152431572535621,0.00261445573527595
"SMN1",-4.68798093333333,8.35216286666667,-4.39546399201447,0.00152639708978596,0.00261729187088299
"IDE",2.049036,7.0648112,4.39521148858817,0.00152697749435694,0.00261731267242746
"LYN",-1.79516695,5.66247094166667,-4.39508652098561,0.00152726483173685,0.00261731267242746
"PP2D1",-1.83992036666667,4.26543768333333,-4.39247717350714,0.00153327763457473,0.00262688114486928
"EYA1",-1.59111725,4.53248254166667,-4.39209525149213,0.00153415981788491,0.00262765670935607
"ACSM2B",1.45265323333333,3.89792891666667,4.39180073552763,0.00153484047447098,0.00262808676820975
"TCEANC",1.50109803333334,4.77387065,4.39125467576543,0.001536103323727,0.00262951318818181
"STMN2",-1.33874656666667,8.07337838333333,-4.39084581554154,0.00153704960023397,0.00263039705013467
"CDK12",1.69532783333334,11.7964225833333,4.38961158766106,0.00153990988760738,0.00263340043775948
"ZNF540",1.77551633333333,5.29326763333333,4.38955617028306,0.00154003844837513,0.00263340043775948
"GYS2",1.61601436666667,4.78631698333333,4.38953140325677,0.00154009590818951,0.00263340043775948
"ANGPTL7",1.3943319,5.29771138333333,4.38871451282467,0.00154199238153294,0.00263590650746535
"MPHOSPH8",1.3389765,10.0050615833333,4.38832017445902,0.00154290875596194,0.00263655958951131
"SEZ6L2",1.823402,5.87132346666667,4.38817927007648,0.00154323633377574,0.00263655958951131
"ABCE1",2.77962793333333,5.9873777,4.38616115838943,0.0015479362044626,0.00264385083721445
"REPS1",1.97336816666667,8.27760158333333,4.38591912671059,0.00154850087936665,0.00264407713646809
"CLVS1",2.16548346666667,4.6601423,4.38428819646951,0.00155231165156483,0.00264962809858486
"PIK3R1",-1.69082048333333,5.38365049166667,-4.38399318914323,0.00155300201844703,0.00264962809858486
"PTHLH",2.5108385,10.47149975,4.38384108983202,0.0015533580839205,0.00264962809858486
"C16orf46",1.55121893333334,7.11655873333333,4.38378725027805,0.00155348414344947,0.00264962809858486
"TWISTNB",-1.76336133333333,9.962938,-4.38261185651732,0.00155623891208898,0.00265358686292095
"HMGCS1",2.08412086666667,5.84282826666667,4.38181983413359,0.00155809810032482,0.00265601676728539
"SERPINB6",1.29738313333334,8.51084576666667,4.38162623622544,0.0015585529096081,0.00265605200584466
"UBL3",1.90905846666667,7.382917,4.381332584461,0.00155924303934207,0.0026564881411013
"C12orf56",2.89471986666667,5.41615193333333,4.38087085496792,0.00156032883592167,0.0026575979449245
"FAM122C",1.57834383333333,5.40119431666667,4.37938582237352,0.00156382646746816,0.00266281389590041
"PSIP1",-1.6256128,7.55744476666667,-4.37835363732097,0.00156626243330823,0.00266621969031155
"GEM",-2.31342196666667,6.48246225,-4.37775900353277,0.00156766760408599,0.0026678693746309
"LTBP4",-1.66862171666666,7.464477725,-4.377411090385,0.00156849037373583,0.00266844085216299
"SLC39A14",1.80309711666667,6.24610685833333,4.37724820479869,0.00156887573475487,0.00266844085216299
"ALDH16A1",2.68945536666667,5.12295318333333,4.37561498256477,0.00157274523999842,0.00267427887112572
"KCNB2",1.58963796666667,5.05308491666667,4.37496174688125,0.00157429575336055,0.002676171552948
"RFC1",1.72021693333333,5.25483976666667,4.37453664904835,0.00157530563323899,0.0026770310309543
"CDRT15L2",2.53930436666667,5.44712548333333,4.37438061524747,0.00157567648618281,0.0026770310309543
"CACNB4",-3.61005643333333,8.73526845,-4.37403151479603,0.0015765065457104,0.00267769768091511
"SIGLEC5",-3.19694806666667,8.42557063333333,-4.37176435568431,0.00158190850808419,0.00268612718636112
"MAGEF1",1.480027,12.0525031666667,4.37039237682012,0.00158518707024006,0.00269094741834869
"UROS",-1.33615916666667,9.86988375,-4.37017953513027,0.0015856963357481,0.00269106523775504
"NFE2L2",2.03682416666667,10.5947049166667,4.36994215767224,0.0015862645128942,0.00269128294228694
"ZNF490",-1.94711013333333,5.30075036666667,-4.36943165587731,0.00158748716221758,0.00269229092197
"STOX1",1.43426535,6.64680549166667,4.36932666216018,0.00158773874574497,0.00269229092197
"SPHK2",-1.70718086666667,7.56858903333333,-4.36848260220329,0.00158976280216085,0.00269497612181215
"DENND2D",2.23631183333333,7.41342941666667,4.368298844909,0.00159020381546887,0.00269497699253146
"CFB",-1.5096975,7.03393405,-4.36742137074912,0.00159231152593307,0.00269780169361909
"ST6GALNAC2",3.64084716666667,8.00514675,4.36649965334257,0.00159452870535586,0.00270081024899422
"SOX13",-1.51107913333333,7.99927826666667,-4.36596057326189,0.00159582697514253,0.00270226112203763
"TSSK4",1.4845981,6.80406035,4.36572613001079,0.00159639193649263,0.00270246980283948
"C12orf75",-1.9006608,5.9038647,-4.3651736101831,0.00159772423922785,0.00270378795642572
"OR2V1",1.35324043333333,3.28863868333333,4.36503673551673,0.00159805447048634,0.00270378795642572
"FERMT1",-3.63664046666667,8.7957601,-4.36426809245801,0.00159991028762886,0.0027061794690941
"RSU1",1.5582462,7.554656,4.36322592155356,0.00160243016887122,0.00270952804225616
"ZMYM6NB",1.31328233333334,10.05358,4.36308313568084,0.00160277574124306,0.00270952804225616
"F8A2",1.5226395,10.5528810833333,4.36287211710982,0.00160328659627877,0.00270964292708109
"C6orf120",-1.99619133333333,7.08102256666667,-4.36226430693848,0.00160475901108625,0.00271067629474762
"MED23",1.40807433333333,10.1085585,4.36212768477055,0.00160509017473569,0.00271067629474762
"CACNB2",-4.89645043333333,7.92173061666667,-4.36207114959718,0.00160522723371537,0.00271067629474762
"IRAK2",-2.74756836666667,5.09010615,-4.361664609736,0.00160621317988967,0.00271159277995722
"MYEOV",1.31446966666667,7.8845475,4.36078829306219,0.00160834062338407,0.00271443529210034
"PRSS57",-3.27760753333333,8.35567256666667,-4.36016965106323,0.00160984430921507,0.00271600961706726
"ABCA6",1.40818963333333,5.61056971666667,4.36003931076444,0.00161016130779715,0.00271600961706726
"LUZP6",-2.30083933333333,6.53144043333333,-4.35978996426123,0.00161076792422004,0.00271628394718253
"INS-IGF2",1.44489516666667,11.6755964166667,4.35848280962015,0.00161395197651248,0.00272029695858256
"OGFRL1",1.87065996666667,8.10405851666667,4.35844796956541,0.001614036933582,0.00272029695858256
"GATA1",2.1425554,4.67858393333333,4.35790330990277,0.00161536569750817,0.00272125535926161
"CLDN23",-1.90912996666667,4.01264468333333,-4.35780213268465,0.00161561265963819,0.00272125535926161
"SFR1",2.22657746666667,5.0028127,4.35766806422116,0.00161593996734185,0.00272125535926161
"CIZ1",1.81521793333333,5.87237566666667,4.35747843918777,0.00161640302817848,0.00272128611073087
"BNIP3",2.58459133333333,5.148587,4.35706548055248,0.00161741195322816,0.00272223557905086
"MON1A",-2.33337088333333,6.03413225833333,-4.35611624493439,0.00161973362636159,0.0027251346556026
"CDPF1",1.35926943333333,3.69195895,4.35599709675396,0.00162002529297592,0.0027251346556026
"ZNF519",-5.49874766666666,13.7949768333333,-4.35461933299006,0.00162340201888662,0.00272981145466166
"REL",-4.8682713,9.11326601666667,-4.3543209217177,0.00162413437169009,0.00272981145466166
"BCAT2",2.09297593333333,5.0381349,4.35431695262147,0.00162414411490167,0.00272981145466166
"FUS",-1.65821066666666,9.87738966666667,-4.35405087128869,0.00162479742449513,0.00273015947351311
"ARHGEF5",1.30195323333333,7.86840471666667,4.35355241697933,0.00162602203070417,0.00273094208980322
"SETD4",1.73103503333333,6.46404801666667,4.35349793626432,0.00162615593873049,0.00273094208980322
"WDR85",1.4068805,4.49763051666667,4.35326908202051,0.00162671856698537,0.00273113726476853
"PALM3",-3.89176223333333,6.48821541666667,-4.35301641223823,0.00162733998481621,0.00273143100880812
"APBB3",1.5781338,5.2709846,4.35237479181882,0.00162891912364565,0.00273333165070326
"AIDA",-1.90450916666667,8.12996941666667,-4.35191317416834,0.00163005625096123,0.00273447796289909
"PRR5",1.60476811666667,4.50092584166667,4.3515650527812,0.00163091435441682,0.00273447796289909
"STYXL1",1.91751146666667,8.10027726666667,4.35155338112744,0.00163094313282425,0.00273447796289909
"VWA7",-2.20579733333333,9.39820166666667,-4.35114782147357,0.00163194344270761,0.00273466896464125
"WWP2",-3.39587423333333,7.14584261666667,-4.35101326377494,0.00163227547218947,0.00273466896464125
"VPS28",1.58170225,10.520844125,4.35096360942303,0.00163239801550668,0.00273466896464125
"BTNL8",1.5072065,4.88252581666667,4.35058323759949,0.00163333706952093,0.00273513185780839
"COX11",1.338115,10.3944785,4.35048954855008,0.00163356845512126,0.00273513185780839
"LTBR",1.60291513333333,5.6365729,4.35018069332676,0.00163433148718515,0.00273540899130376
"PRDM1",-2.4050957,4.72230301666667,-4.35006063682494,0.00163462819094582,0.00273540899130376
"RTF1",-1.371131,6.2703206,-4.34877423205872,0.00163781096230711,0.00273914908023342
"DCAF17",1.55886766666667,4.80353496666667,4.34865516652305,0.00163810588203651,0.00273914908023342
"GFAP",-1.3719133,6.25998031666667,-4.34861460828228,0.00163820635576563,0.00273914908023342
"TMEM18",1.37670986666667,7.85888006666667,4.34824128732209,0.00163913148009787,0.00273964144849592
"TP73",1.53621376666667,4.36969295,4.34806123311465,0.00163957786957832,0.00273964144849592
"FAM188A",1.75070023333333,6.54841811666667,4.34795382060828,0.00163984422758942,0.00273964144849592
"UBAP1",-1.37539756666666,5.87053575,-4.34730391938455,0.00164145681164033,0.00274156353149457
"ZMAT5",1.56753913333333,5.50028863333333,4.34712907287706,0.00164189094138544,0.00274156353149457
"ATR",-1.58050123333333,4.64860221666667,-4.34635171090558,0.00164382254475125,0.00274391588489767
"LOC81691",1.90544676666667,4.38482871666667,4.34603975029043,0.0016445983885398,0.00274391588489767
"MEX3C",1.55950396666667,6.10584665,4.34602091856026,0.00164464523535792,0.00274391588489767
"HIPK1",-1.38387983333333,4.05772381666667,-4.34501732670873,0.00164714387497942,0.00274610744965495
"BSND",1.2931767,5.44044478333333,4.34495252925919,0.00164730533945091,0.00274610744965495
"CCL27",-1.3481592,7.14699353333333,-4.34495251132163,0.00164730538415065,0.00274610744965495
"DPF1",-2.86767946666667,5.7633201,-4.34441637690099,0.00164864198696261,0.00274758694531116
"HNRNPCL1",1.80653893333333,6.33975073333333,4.34389326041723,0.00164994724548369,0.0027490134117291
"SLC25A31",-1.3107075,3.90593815,-4.34274246132516,0.00165282253488691,0.00275280998315754
"LRRC49",1.8107543,5.09828735,4.34262119186628,0.00165312583820216,0.00275280998315754
"MXD3",-2.44309663333333,5.76221141666667,-4.34223578361737,0.00165409016331655,0.00275328650613682
"FZD1",1.59191,10.7780606666667,4.34211648559326,0.00165438877842642,0.00275328650613682
"KIAA0182",1.53392926666667,6.1930317,4.34181885349034,0.00165513403145682,0.00275328650613682
"ANKRD49",1.88488913333334,6.81072486666667,4.34162286019388,0.00165562498160627,0.00275328650613682
"NDUFC1",1.62275433333334,14.0885375,4.3414817324228,0.00165597859301542,0.00275328650613682
"FNIP2",1.75765003333333,4.09024488333333,4.34127535645212,0.00165649583545153,0.00275328650613682
"ZNF766",-2.3685245,9.64513708333333,-4.34124887659718,0.00165656221462727,0.00275328650613682
"ATG4D",2.04623273333333,3.92332316666667,4.33971099760211,0.00166042218800706,0.0027584051915549
"SCG5",1.417614,5.6686939,4.33966264914877,0.00166054369409884,0.0027584051915549
"YIF1A",-1.26790633333333,10.5574581666667,-4.33939837416203,0.00166120801911744,0.0027587596799567
"PIGG",1.25627966666667,6.6657905,4.33900402797357,0.00166219983716596,0.00275888096720308
"FBXO33",1.57836413333333,7.1356921,4.33887273518615,0.00166253019045273,0.00275888096720308
"EBLN1",-2.6544141,5.12554455,-4.33883152827632,0.00166263388788456,0.00275888096720308
"FLT3",1.64956646666667,4.2388482,4.33799117194167,0.00166475014815668,0.00276118805723177
"SLC22A20",-1.6606784,3.9187302,-4.33778326965497,0.00166527414736144,0.00276118805723177
"HDGF",-1.65600576666667,4.54439255,-4.33774198720687,0.00166537821693122,0.00276118805723177
"OXSM",2.80324206666667,6.2728168,4.3365384139161,0.00166841536067816,0.00276524605084936
"ASPSCR1",1.5399399,4.18433425,4.33620181358301,0.00166926580284909,0.00276524605084936
"PIGY",1.263769,12.3846625,4.33603710879895,0.00166968210764411,0.00276524605084936
"RBM15B",1.71693383333333,5.69744875,4.33588393062176,0.00167006937691706,0.00276524605084936
"SLC30A7",-1.97624906666667,5.31544783333333,-4.33587748511604,0.00167008567471206,0.00276524605084936
"NBEAL2",-1.77517876666667,6.16231748333333,-4.33470474632738,0.00167305381736533,0.00276871189450219
"ATAD2",-2.54477456666667,7.74480448333333,-4.33469283470802,0.00167308399378467,0.00276871189450219
"MAP3K4",1.41620133333333,7.36422933333333,4.33321897897945,0.00167682226316418,0.00277414781125972
"SCP2",1.30409991666667,11.3808439583333,4.33288175462447,0.00167767884065285,0.00277481458424281
"ASB13",1.58399396666667,5.66314675,4.33185929172797,0.00168027882055006,0.00277796947064053
"DUSP10",1.3424061,6.59177371666667,4.33169451632282,0.00168069822134855,0.00277796947064053
"NUDT15",1.5450981,6.98131261666667,4.33159620323274,0.00168094850936764,0.00277796947064053
"METTL9",1.37103983333334,10.1957139166667,4.33094445260749,0.00168260875391038,0.00277996228906933
"C1QTNF9B-AS1",-1.68265116666666,13.5233569166667,-4.32999446291178,0.00168503183955299,0.00278321403736101
"ANKRD6",1.46697206666667,3.550781,4.32944738130354,0.0016864289305124,0.00278453438106441
"DPP9",2.1720739,5.40304141666667,4.32932505441263,0.00168674148679711,0.00278453438106441
"TEDDM1",-1.3807038,6.5787759,-4.32839750053129,0.0016891134726633,0.00278720335709757
"GPSM1",1.4145542,4.8131997,4.32833658333026,0.00168926937693982,0.00278720335709757
"UPF2",-2.6979262,9.09214456666667,-4.32753558864765,0.00169132076936294,0.00278918783501693
"C18orf56",-2.00079886666666,7.5831409,-4.32736042114537,0.0016917697354389,0.00278918783501693
"FRAS1",1.66944606666667,4.24312943333333,4.32733307921908,0.00169183982604574,0.00278918783501693
"PCDH8",-1.62108366666667,6.69223326666667,-4.32714340825685,0.00169232612949596,0.00278923794726732
"MECR",1.8203423,5.08840968333333,4.32648964898567,0.00169400346117516,0.00279125051857518
"TMEM60",1.78969966666667,9.7271225,4.32538638471824,0.00169683807790815,0.00279516837927896
"TRAPPC9",-1.7051444,5.62456793333333,-4.32488417786386,0.00169813006493549,0.00279645144705813
"TREX1",2.66129316666667,6.63367341666667,4.32472835491797,0.0016985311502563,0.00279645144705813
"POU5F1",1.3533372,6.72520806666667,4.32442927249234,0.00169930126450222,0.00279696667641232
"ZNF75D",1.54727626666667,5.65037876666667,4.32412824780799,0.00170007675414163,0.00279749047386727
"LYST",-3.2816038,8.57226776666667,-4.32287435974676,0.00170331102143453,0.00280205884085412
"IGFBP2",1.84991336666667,5.08667645,4.3222125315121,0.00170502076760291,0.00280397853117822
"SGK1",1.61181523333333,4.25385995,4.32206792105727,0.00170539459210758,0.00280397853117822
"GNGT2",2.32741176666667,9.61158445,4.32144950292692,0.00170699421235979,0.00280585453820989
"PTPN1",-3.12767133333333,7.51087733333333,-4.32057140940092,0.00170926825367663,0.00280811303077679
"UPP1",-1.34206466666667,9.32728533333333,-4.32056448741467,0.00170928619264674,0.00280811303077679
"DHX34",1.4756443,3.39092288333333,4.31913798606047,0.00171298737036937,0.00281343804883753
"TCTN3",1.2881652,7.81665473333333,4.31858540061068,0.00171442338446867,0.00281504008317486
"RIPPLY1",1.55063136666667,3.99726101666667,4.31822932916875,0.00171534939076767,0.00281504008317486
"TBCEL",-1.33522093333333,5.6455706,-4.31804322539376,0.00171583358705431,0.00281504008317486
"ZDHHC24",2.17302653333333,4.37923053333333,4.31785544424874,0.00171632229446195,0.00281504008317486
"CLIP1",-2.57371145,4.637129575,-4.31782854332091,0.00171639231722207,0.00281504008317486
"UBA5",-2.2098118,8.67509776666667,-4.31758531087803,0.00171702558571379,0.00281504008317486
"ITPRIPL1",1.47796283333333,3.77154891666667,4.31752461348933,0.00171718365322141,0.00281504008317486
"NDUFA2",1.72491216666667,10.5948420833333,4.31665713792907,0.00171944441229686,0.00281799113700299
"UVRAG",1.2979277,7.78632681666667,4.31598748072463,0.00172119179013865,0.00282009945690098
"VMO1",-1.5340472,4.75436986666667,-4.31515231001422,0.00172337369366297,0.00282291840905757
"FANCF",2.41915063333333,5.90188651666667,4.31478259769971,0.00172434051305791,0.00282374605430629
"SLC39A1",1.35310966666667,3.23500576666667,4.31405591651662,0.00172624250486141,0.00282610426672253
"GNA14",1.41226463333333,4.65839591666667,4.31386553695222,0.00172674116611336,0.00282616438049266
"COX6B1",2.51857966666667,10.8639211666667,4.31356705693399,0.00172752328263937,0.00282668827044334
"ZSCAN21",-1.9412132,8.74911706666667,-4.31318214935927,0.00172853242299795,0.00282736473443247
"RAB14",-2.0394465,11.0397290833333,-4.31305688245018,0.00172886097932525,0.00282736473443247
"CSNK1A1",-1.36712313333333,7.8586541,-4.31273607796449,0.00172970270362408,0.00282793715556116
"TPP1",1.3724278,6.27180226666667,4.31257120517081,0.00173013546473773,0.00282793715556116
"RBM42",1.34977466666667,10.2377813333333,4.31088529178307,0.00173456728090449,0.002834423777931
"DERL1",2.0033009,7.97377871666667,4.31034378326226,0.00173599331694228,0.00283558116882018
"FDFT1",1.70169403333334,8.44147098333333,4.31026437976369,0.00173620252670814,0.00283558116882018
"FAM57A",2.44653903333333,5.36111071666667,4.30967377719562,0.00173775946700619,0.00283694237613994
"NFIC",-1.271617,9.6247245,-4.30959646321794,0.00173796339094025,0.00283694237613994
"C16orf86",1.42368566666667,5.74478376666667,4.30670757003792,0.00174560138709513,0.00284820882371906
"MOB3B",1.42550533333334,5.7278139,4.30653416189617,0.00174606099566096,0.00284820882371906
"SBF1",1.293876,8.927773,4.30645831559217,0.00174626206240114,0.00284820882371906
"GNB2L1",1.27148766666667,15.6613955,4.30589876254405,0.00174774618354925,0.00284986970974263
"RRM1",2.55540316666667,7.07884901666667,4.30536929060503,0.00174915175193337,0.00285140165689539
"KHK",1.37460643333333,5.33773698333333,4.30445721960655,0.00175157580423943,0.00285459263994056
"TSPAN3",1.42731666666667,10.1116851666667,4.30417135787332,0.00175233628531017,0.00285507147630563
"ATP5G3",1.68966866666667,14.9364863333333,4.30398991471108,0.00175281916226116,0.00285509787931677
"NAT2",1.5188476,5.14603376666667,4.30347373314559,0.00175419365496898,0.00285657619938787
"GLB1L",1.5923934,3.99151403333333,4.30291231332679,0.00175568990685297,0.00285711459625109
"VOPP1",1.30181283333334,14.2165205833333,4.30274077403762,0.00175614734987848,0.00285711459625109
"DCP1A",1.28847426666667,5.5488168,4.3027098251487,0.0017562298946012,0.00285711459625109
"PLN",2.30576236666667,8.12295915,4.30258942786535,0.00175655104901365,0.00285711459625109
"RGS3",-2.1211892,5.08076633333333,-4.30244345012064,0.0017569405217466,0.00285711459625109
"PTPRC",-1.51161143333333,5.42840538333333,-4.30222397699659,0.00175752625465507,0.00285711459625109
"TSPAN2",1.83945963333333,7.40843068333333,4.30212394554563,0.00175779328870368,0.00285711459625109
"LYRM1",1.3363289,7.83155555,4.30110249067062,0.00176052252869859,0.00286079065885205
"ASZ1",-1.76195323333333,6.64246628333333,-4.30073791863815,0.00176149772232156,0.00286086757114723
"CLIC2",1.34974633333333,9.56001883333333,4.30073516508426,0.00176150508998229,0.00286086757114723
"THBS4",-1.3438795,9.39016875,-4.30053464424441,0.00176204170977674,0.00286097961263643
"LIMK1",-1.67728943333333,3.73015428333333,-4.29965970511128,0.0017643851906183,0.00286402456784367
"IMPDH1",1.24906406666667,3.37673485,4.29937696098268,0.00176514321342926,0.00286428642326345
"SSPN",-2.33359443333333,8.50806795,-4.29925031602801,0.00176548285422139,0.00286428642326345
"DNAJC19",1.53570916666667,9.60576041666667,4.29897040156117,0.00176623378445061,0.00286474504063331
"EIF1B",1.28982333333333,12.3347946666667,4.29823526415541,0.00176820756126847,0.00286718628673218
"ARHGAP12",2.09544656666667,9.88668005,4.29778894149615,0.00176940703835648,0.0028683710282631
"PTGFR",2.75361456666667,4.96558628333333,4.2972857516576,0.00177076037933246,0.00286980450351152
"PNPLA5",-2.34320533333333,9.38639733333333,-4.2970078923729,0.00177150815901894,0.0028698882566061
"CD36",3.30436466666667,8.04563283333333,4.29691796820923,0.00177175023622119,0.0028698882566061
"CADM1",-1.30943216666666,9.01314458333333,-4.29618206356166,0.00177373262181212,0.00287233885130931
"CSF1R",-1.4108689,4.67903711666667,-4.29561694561115,0.00177525653810181,0.00287404591164512
"SUMF1",1.62491503333333,7.80196973888889,4.29416597538877,0.00177917563848612,0.0028796287185868
"COQ2",1.88066933333334,9.678906,4.29329711567005,0.00178152683904136,0.00288148785363137
"CPVL",1.4201965,6.79057491666667,4.29329102919577,0.00178154332112485,0.00288148785363137
"FAM124B",1.75509726666667,4.40938353333333,4.29321941666726,0.00178173725895513,0.00288148785363137
"BMP5",-2.1600671,7.46379645,-4.29223369101315,0.00178440903376166,0.00288371820290532
"GATA2",-3.4625223,7.90461535,-4.29212421845321,0.0017847060173896,0.00288371820290532
"UBE2U",-3.40604113333333,6.29069193333333,-4.29211966530664,0.00178471837057022,0.00288371820290532
"LILRA6",-2.50168823333333,7.59199331666667,-4.29201521853275,0.00178500177090592,0.00288371820290532
"TRMT10C",1.44011783333334,11.5786869166667,4.29165784516798,0.00178597180998889,0.00288452363609081
"ALS2CR11",-2.3089698,5.0121125,-4.29121383695724,0.00178717778603591,0.00288507041338752
"KRT72",-1.43088583333333,5.39179221666667,-4.29118597448195,0.00178725349243849,0.00288507041338752
"AFG3L2",1.53839543333333,7.17336541666667,4.29044671169499,0.001789263420106,0.00288755304779966
"FIP1L1",1.72447046666667,3.76412486666667,4.2898488542616,0.00179089064461708,0.00288941692082471
"ZNF714",-1.72330193333333,6.2492191,-4.28936259602308,0.00179221528043375,0.00289029198854946
"ANXA8",-1.3927307,5.81417561666667,-4.28917202579956,0.0017927347039452,0.00289029198854946
"PITX3",1.63354083333334,6.99916875,4.28912962529775,0.0017928502936491,0.00289029198854946
"ARMC10",1.38000066666667,10.6236196666667,4.28832127632591,0.00179505547875552,0.00289308467308384
"GLUD2",2.18612866666667,9.94248933333333,4.28812404063295,0.00179559397646062,0.00289319039978564
"ALDH5A1",2.01036696666667,4.16926445,4.28791086097476,0.00179617619745871,0.00289336650238346
"PKD2L2",-1.46952766666667,4.58830473333333,-4.28745284168736,0.00179742778428434,0.00289433709484752
"CBX3",-2.0411995,13.1041414166667,-4.28734416028848,0.001797724903632,0.00289433709484752
"ZNF785",-4.18924663333333,6.70586301666667,-4.28609146521741,0.00180115335540717,0.0028990939827364
"CTF1",-2.3583892,6.69417186666667,-4.28583457418032,0.00180185728688582,0.0028994641980977
"ZDHHC8",-3.46301416666667,9.59134658333333,-4.28540142048553,0.00180304487326375,0.00290025720992163
"GRAMD1B",1.28868113333333,4.7873809,4.2853090603297,0.00180329820636513,0.00290025720992163
"ADAM12",-2.46428863333333,5.86031635,-4.28498145064145,0.00180419710590555,0.00290094031377928
"BIRC3",-1.69588633333333,8.0653635,-4.28416880576688,0.00180642890318159,0.00290376564100498
"VEZF1",-1.86310716666667,6.15672861666667,-4.28395403676871,0.00180701922043587,0.00290395156044829
"GM2A",2.37172736666667,6.81480088333333,4.2835682895414,0.00180808000480741,0.00290489324301779
"NQO1",1.61648841111111,9.19001096111111,4.28261254787765,0.00181071108995416,0.00290835664172737
"SUSD4",2.48712876666667,4.61545938333333,4.28235658688198,0.00181141642055203,0.00290852027340584
"SP110",1.50629166666667,11.2137835,4.28223057330967,0.00181176377279334,0.00290852027340584
"SLCO4A1",1.307238,5.1053738,4.28109283398982,0.00181490311362806,0.00291279571069687
"EIF3E",1.8740767,7.37064575,4.2804426077392,0.00181669985988641,0.00291491469781932
"CHORDC1",-1.37611773333333,7.9008038,-4.27912601343542,0.00182034373602659,0.00291999553670966
"FANCL",1.33544426666667,8.3066652,4.27796619404709,0.00182356013540851,0.00292375422361523
"KCNH7",-2.12480196666667,4.56312688333333,-4.27793644555247,0.00182364271286625,0.00292375422361523
"XPO4",-2.50502506666667,7.88033013333333,-4.27771087801593,0.00182426898431228,0.00292399204768733
"ATAD3A",-2.15838576666667,5.90727748333333,-4.27703985705401,0.00182613337280966,0.00292593490875032
"DDR1",-2.35350308333333,6.81817539166667,-4.27693041958021,0.0018264376293752,0.00292593490875032
"COL13A1",-2.35773146666667,6.43047706666667,-4.27586201643284,0.00182941081501082,0.00292925375669877
"FAM43B",-1.69825336666667,7.74738698333333,-4.27584187373706,0.00182946691800359,0.00292925375669877
"BRMS1L",-1.5019733,7.15297015,-4.27500672912232,0.00183179463412194,0.00293215797681519
"IL1B",-1.34609336666667,7.22875258333333,-4.27479384897734,0.00183238847610632,0.00293215797681519
"LPP",-1.39199723333333,4.79926958333333,-4.27467555505633,0.00183271855236046,0.00293215797681519
"KCNN1",-2.30721566666667,6.194663,-4.27389107342245,0.00183490909241907,0.00293489511827971
"PIN1",-1.5155433,6.20842508333333,-4.27308480994917,0.00183716334816289,0.00293773271407751
"RBPJL",-2.1546342,6.47591356666667,-4.27209014892078,0.00183994839712606,0.00294141737486732
"TDRD10",1.80998673333333,6.56660921666667,4.2716048578655,0.00184130883582235,0.00294282326477563
"THOC7",-3.54170766666667,15.1483241666667,-4.27097731584617,0.00184306963480789,0.00294346842340866
"NCOA3",-1.7290652,4.02432026666667,-4.27091866799175,0.00184323428404872,0.00294346842340866
"HMGB2",1.99879453333333,8.63110406666667,4.27082838899974,0.00184348776570545,0.00294346842340866
"GBP6",3.06694666666667,4.74633033333333,4.27077525422759,0.0018436369726221,0.00294346842340866
"ZNF431",1.78019053333333,8.0098344,4.2704591424574,0.00184452490584917,0.00294375718095212
"SERPINA10",1.5128427,3.82374868333333,4.27027249428516,0.0018450493988673,0.00294375718095212
"NDRG2",-1.21617795,6.11321230833333,-4.27019709321556,0.0018452613254252,0.00294375718095212
"FPGT",2.2733743,7.32258418333333,4.26865159945079,0.00184961086988055,0.00294992682532044
"UMPS",2.8046143,6.51702518333333,4.26650097353898,0.00185568155944786,0.00295883757641439
"IGF1",-3.1681545,5.71534808333333,-4.26560106716151,0.00185822804074324,0.00296212588672932
"GK",1.9299175,8.09078108333333,4.26422389090552,0.00186213223729426,0.00296757619894928
"BTG2",-2.4566147,7.44693298333333,-4.26377334016937,0.00186341140382622,0.00296805910556575
"CWH43",2.82587523333333,8.42938538333333,4.26362848622784,0.00186382285908753,0.00296805910556575
"CHD4",-1.60551713333333,5.77577323333333,-4.26360461850743,0.00186389066420131,0.00296805910556575
"C4orf3",1.63132483333334,15.3301989166667,4.26330185937466,0.00186475099085994,0.00296865640439268
"LSR",-1.4863162,6.3724054,-4.26248215334983,0.00186708239829173,0.00297109375774652
"SIM1",-1.75604696666667,4.86828838333333,-4.26242211919869,0.00186725326880277,0.00297109375774652
"QRICH1",-1.4407219,4.92423761666667,-4.2620220844083,0.00186839227994086,0.00297213311718101
"YWHAZ",2.7847808,8.37346793333333,4.26144743418955,0.00187002975938605,0.00297331106719006
"RNF144B",-1.56058043333333,4.48724768333333,-4.26142112284557,0.0018701047706027,0.00297331106719006
"C2orf29",1.34624283333334,11.5197844166667,4.26115411713981,0.00187086615972274,0.00297374880882923
"KLHL28",-1.95416673333333,8.01598453333333,-4.26071486318844,0.00187211944426757,0.00297496798961792
"ZCCHC14",-1.2539352,4.5625795,-4.26028769051991,0.00187333911208294,0.00297613313106296
"C10orf137",-2.98547066666667,5.51786616666667,-4.25899252221238,0.00187704224181213,0.00298034975985769
"TMED1",-1.3734556,7.91121703333333,-4.25892804904976,0.00187722678536083,0.00298034975985769
"ZNF285",1.55655693333333,4.13016856666667,4.25883306118916,0.00187749870712869,0.00298034975985769
"PSMB5",1.23816318333334,8.16422834166667,4.25867828861973,0.00187794186404894,0.00298034975985769
"RGPD4",1.40038936666667,4.75717635,4.25820939320363,0.00187928511906075,0.00298170808050147
"DNALI1",1.46949793333333,3.27892846666667,4.25753501332807,0.00188121881613265,0.00298400226007248
"DYRK3",-3.21294313333333,8.40274543333333,-4.25697775365741,0.00188281827776617,0.00298540807457752
"EIF3H",1.43901583333334,15.1199335833333,4.25688625654496,0.00188308103298376,0.00298540807457752
"PCDHB10",1.44214356666667,7.50928788333333,4.25628647429016,0.00188480440996086,0.00298736616065817
"MORC1",-2.54478046666667,6.9122031,-4.25479603418019,0.00188909419149691,0.0029933898636566
"SPATA24",-1.36731233333333,7.82109583333333,-4.25333352669153,0.00189331363931302,0.00299929902778794
"POP4",1.6554325,6.93121995,4.25283646117555,0.00189474998573608,0.00300079741463456
"ACOXL",-2.8692435,10.2791560833333,-4.2515954219955,0.00189834120169608,0.00300332948499129
"SRP9",1.44272483333334,11.37939475,4.25159463617099,0.00189834347793405,0.00300332948499129
"FAM103A1",1.9632068,9.1055176,4.2515534512562,0.00189846277918728,0.00300332948499129
"SLC22A6",1.31118463333334,5.98169331666667,4.25140919454542,0.0018988807134639,0.00300332948499129
"UBXN4",-2.6393935,11.09280075,-4.25130182569828,0.00189919184112998,0.00300332948499129
"CD84",1.3626532,3.36769916666667,4.25111991496056,0.001899719095611,0.00300332948499129
"TMPRSS9",1.50776513333333,6.19699956666667,4.25109715382647,0.00189978507795297,0.00300332948499129
"TTC16",1.34068696666667,3.46325935,4.24933946058433,0.00190488780611187,0.00301061834094353
"ANKRD63",-1.34091906666667,4.32695876666667,-4.24871120381101,0.00190671520981907,0.00301272821634119
"AVPR2",1.49876716666667,3.22885945,4.24851030600349,0.00190729995112551,0.00301287402555794
"NDUFA9",1.40141866666667,12.0671113333333,4.24773343012529,0.00190956294684663,0.00301567013650173
"MPG",1.97827605,4.41271354166667,4.24707648992042,0.00191147879749395,0.00301750744096453
"FAM160A1",-2.52942703333333,4.26913755,-4.24692873179828,0.00191190998867058,0.00301750744096453
"C6orf162",1.2373027,6.66020145,4.24682731450206,0.00191220600663934,0.00301750744096453
"SUPT3H",1.28525983333333,4.64078225,4.24566209062421,0.00191561056291861,0.00302210041875608
"MRPS12",1.44195253333333,4.8967879,4.24466901904805,0.00191851719478855,0.00302582370895908
"AKTIP",1.61353833333333,10.8572718333333,4.2445179433801,0.0019189597892712,0.00302582370895908
"SAMD5",-1.6261234,4.0742433,-4.24416541053131,0.0019199929979275,0.00302667280631808
"CTSA",1.24896018333333,7.703111825,4.24382406829819,0.00192099397078998,0.00302747066287818
"ATP5C1",1.31194166666667,14.2591315,4.24295051649437,0.00192355814727141,0.00303001578867847
"UBE3D",1.8246731,6.17375861666667,4.24293646199817,0.00192359943171415,0.00303001578867847
"CDK10",1.49567256666667,3.25231065,4.2423180951016,0.00192541678623339,0.00303209778588826
"NKAIN1",1.40077353333333,3.60353976666667,4.24151926230817,0.00192776721668058,0.00303499828695247
"CLPSL2",-1.78389966666667,3.9067371,-4.2413550394697,0.00192825079133446,0.00303499828695247
"MAP4K4",2.12669563333334,7.98487551666667,4.24025266909368,0.00193150018820189,0.00303933080026213
"DUS2L",-3.11911133333333,8.57635533333333,-4.23942580975613,0.00193394128481617,0.00304134961374736
"ATG16L1",1.2705369,8.23971021666667,4.23941190047855,0.00193398237645137,0.00304134961374736
"MSANTD4",1.48177436666667,5.86053448333333,4.23911490027938,0.00193486001337992,0.00304134961374736
"TIGD1",1.53544466666667,10.287513,4.2389908813485,0.0019352266147901,0.00304134961374736
"HCRTR1",-1.68307733333333,6.1602105,-4.23881961569627,0.00193573299908283,0.00304134961374736
"ABCA2",1.506088,4.3350761,4.23871031930988,0.00193605623110982,0.00304134961374736
"CRIPAK",1.48815283333333,11.3148685833333,4.2384947014204,0.00193669406500997,0.00304134961374736
"ZFP90",-1.78073043333333,5.53857075,-4.23847239364657,0.00193676006785873,0.00304134961374736
"POFUT2",1.50142326666667,3.67542503333333,4.23783057534424,0.00193866006104833,0.0030432620319985
"NEO1",-1.81418056666667,4.17787858333333,-4.23756615762536,0.00193944339885437,0.0030432620319985
"MYBPH",-2.85634876666666,7.61900528333333,-4.23755662758325,0.00193947163787706,0.0030432620319985
"LOC389831",2.04148366666667,6.15817746666667,4.23738926720179,0.00193996762418996,0.0030432620319985
"TTLL1",1.64404696666667,3.89842235,4.23714213912582,0.00194070025444767,0.00304363090405303
"POLDIP3",-1.3163531,5.99495445,-4.23659848006781,0.00194231300587714,0.0030453795412497
"LILRA2",-1.91826333333333,7.14493443333333,-4.23608389102639,0.00194384083020265,0.00304699415812959
"COL17A1",1.48364316666667,3.32086045,4.23469652270623,0.00194796630092676,0.003052659443548
"SNRPC",1.50399766666667,10.3367056666667,4.23453307235608,0.00194845294656014,0.003052659443548
"STIP1",1.243678,11.5154716666667,4.23357743831589,0.00195130076414417,0.0030560003823311
"ENPP7",-3.108625,7.81778716666667,-4.23339011369574,0.00195185951386856,0.0030560003823311
"JAK3",1.6234783,4.93848591666667,4.23331489209492,0.00195208393170153,0.0030560003823311
"MCF2L",-1.34058193333333,5.5903271,-4.23293563712385,0.00195321582611232,0.00305699013153113
"GORASP2",2.29308626666667,5.02286626666667,4.23263254571777,0.0019541209087439,0.00305706744506208
"C19orf21",-2.51061666666667,7.24297816666667,-4.23241829809607,0.00195476095677393,0.00305706744506208
"OR2B6",1.58182566666667,4.5091309,4.23241718697577,0.00195476427673796,0.00305706744506208
"E2F7",-2.29482733333333,3.76938496666667,-4.23215993522395,0.00195553309113856,0.00305748823194115
"ZBTB3",1.97220676666667,3.89643145,4.23193541776364,0.00195620433872036,0.00305775629644639
"CDK16",-1.2943307,6.21116425,-4.23055537765339,0.00196033565821602,0.00306343130446121
"ITGB5",1.36829926666667,8.33432486666667,4.23031460128103,0.00196105739853764,0.0030637765996561
"GDAP2",1.29812066666667,8.99691066666667,4.22882130287613,0.00196553993474983,0.0030690161376982
"OSBPL9",1.83931778333333,5.855583175,4.22878826288947,0.00196563923581573,0.0030690161376982
"PPP1R3C",3.51873266666667,6.70237813333333,4.22861466728579,0.00196616106151742,0.0030690161376982
"SOCS6",1.80807646666667,9.33019576666667,4.22848134426255,0.00196656192811643,0.0030690161376982
"C1QTNF1",1.35481223333333,3.46231275,4.22836251137309,0.00196691929975721,0.0030690161376982
"POMT1",-1.3443909,4.33265828333333,-4.22727873093767,0.00197018178003128,0.00307332282769796
"CAAP1",1.6689357,7.1852619,4.226090696991,0.00197376468068064,0.00307812702431919
"ASB8",1.38604473333333,8.4531253,4.22513378760175,0.0019766555698686,0.0030817600801812
"ATXN10",1.51956015,9.69471284166667,4.22498624056837,0.00197710171865172,0.0030817600801812
"RGPD3",-2.77825996666667,4.75859461666667,-4.22441003371491,0.00197884505969748,0.00308369181742974
"TUBB",1.32071133333334,16.0126773333333,4.22411076234,0.001979751161915,0.00308431820947185
"ZBTB40",-2.06086256666667,6.39585648333333,-4.22230627551674,0.00198522392014176,0.00309205701207416
"DPM2",-1.4077815,4.82629165,-4.22127515518734,0.00198835835907071,0.00309615078666191
"TMTC4",-1.25552303333333,5.16958161666667,-4.22109709124449,0.00198890017530681,0.00309620643066846
"FAM101A",1.74406166666667,11.7157501666667,4.22018872759801,0.00199166659608792,0.00309866836706457
"CASC1",-1.66055796666667,3.89593321666667,-4.22015794733796,0.00199176040872183,0.00309866836706457
"MRPL21",1.5008815,9.70926241666667,4.22007898495441,0.00199200109311294,0.00309866836706457
"ZNF226",1.3873582,6.7773389,4.21888353726551,0.00199564869099772,0.00310329648620357
"LOC147646",1.53117656666667,4.59974628333333,4.21877153691933,0.00199599079326758,0.00310329648620357
"DEFA4",1.24077593333333,3.40841666666667,4.21833360669393,0.00199732903672267,0.00310458817242614
"OASL",1.72212713333333,5.61862413333333,4.21782410331643,0.00199888719237355,0.00310622094054899
"LTF",1.19504676666667,7.66199928333333,4.21723060580348,0.00200070384137898,0.00310778806742503
"RHBDF2",-1.4258748,4.69375951666667,-4.21716276610118,0.00200091160470533,0.00310778806742503
"ETV2",1.55643153333334,5.7373191,4.21642068379206,0.002003185771095,0.00311043445952932
"ZNF735",-1.7182105,5.25316588333333,-4.21627509294533,0.00200363226626431,0.00311043445952932
"LPL",-1.80410983333333,5.74959081666667,-4.21601729419457,0.0020044231370719,0.0031108728443952
"SSBP2",-1.91957866666667,9.48264033333333,-4.21486560855128,0.00200796030010086,0.00311557218260641
"C9orf24",1.63528731666667,6.11681524166667,4.21462980074779,0.00200868534990462,0.00311590693983683
"TNNT1",1.274356,10.440886,4.21317298151882,0.00201317085676998,0.00312207333376901
"CD207",1.76505323333333,4.23349885,4.21168721967506,0.00201775640683171,0.00312839171236604
"EDEM1",-1.84944833333333,7.9800575,-4.21009819681465,0.00202267290013453,0.00313510085298299
"PELI1",2.4090156,5.56152186666667,4.20995758796013,0.00202310855959086,0.00313510085298299
"CHAF1B",1.42780513333333,6.932866,4.20915646758708,0.00202559263078434,0.00313612516789531
"RD3",-2.68144766666667,7.32841416666667,-4.2091105856824,0.00202573499671253,0.00313612516789531
"TK1",2.05875776666667,4.32299645,4.20907429160804,0.00202584762028546,0.00313612516789531
"CC2D2B",1.79608583333333,5.18819755,4.20895663526574,0.00202621276343484,0.00313612516789531
"S100A2",3.25536383333334,12.52865975,4.20886885487461,0.00202648523281385,0.00313612516789531
"CRB1",1.5941922,3.88754353333333,4.20875290586217,0.00202684519677314,0.00313612516789531
"CLTC",2.83001033333333,7.39250416666667,4.20814291275902,0.00202874003731369,0.00313826334975604
"FGFR3",-1.79790693333333,5.71981953333333,-4.20720082397694,0.00203167016430857,0.0031414025474667
"CADPS",-3.37286083333333,6.67901158333333,-4.20716029524612,0.00203179631911176,0.0031414025474667
"KAAG1",1.4249401,3.83059915,4.20617259580975,0.00203487332228649,0.00314536507977483
"CAPZA1",-1.22467886666667,4.88751616666667,-4.2058322363033,0.00203593479528561,0.00314559553801659
"PTCRA",1.56418946666667,7.3213867,4.20579507528472,0.00203605072418203,0.00314559553801659
"ABCC9",2.073221,7.13403616666667,4.20510462964283,0.0020382059362468,0.00314813024942134
"MYCT1",2.1061502,7.9097999,4.20468796052076,0.00203950772935478,0.00314934585769625
"PTPN21",-1.6162378,4.94600046666667,-4.20369585025071,0.00204261091040144,0.00315334179910068
"CYP2C19",-1.69549066666667,4.47008753333333,-4.20331987620632,0.00204378821042107,0.00315436333787995
"RBM4B",1.3099715,9.91590691666667,4.20165222323718,0.00204901885714129,0.00316163868045155
"RFX2",-2.1142581,7.41954895,-4.20080241087623,0.0020516897718377,0.00316496168030839
"CORO1B",1.6992711,4.48721231666667,4.19925427456976,0.00205656496208903,0.00317168249005815
"PPARD",-1.3869219,6.71192555,-4.19893547600638,0.00205757040354714,0.00317243339942071
"ZNF260",1.86556366666667,4.27918786666667,4.19821223280798,0.00205985333144814,0.00317515310702941
"FBXO9",-2.11198373333333,4.18005913333333,-4.19780365159198,0.00206114420965729,0.00317634263845926
"KCTD15",1.7043785,3.48179555,4.19754621248818,0.0020619580068973,0.00317679654651163
"CHST14",1.80460563333333,5.46860261666667,4.19733539411991,0.00206262468355392,0.00317702361882752
"ARHGAP30",-2.15253223333333,7.93159455,-4.19663148142382,0.00206485233971493,0.00317954254403807
"C9orf72",1.6461838,3.50884858333333,4.19649029502111,0.00206529945570567,0.00317954254403807
"CD55",1.38678093333334,8.48892515,4.19542993260105,0.00206866074126448,0.0031839160792594
"ING1",-1.42254506666667,8.66997113333333,-4.19507838553054,0.0020697764026835,0.00318483199990384
"ENG",-5.709398,13.9643126666667,-4.19452415930867,0.00207153657601965,0.00318547282081473
"RNF128",1.33578173333333,3.4481949,4.19452364695142,0.00207153820395394,0.00318547282081473
"CBS",-3.61520616666667,6.56934635,-4.19445545673231,0.00207175487970281,0.00318547282081473
"TAPBPL",-1.22134313333333,6.37736633333333,-4.19399408679055,0.00207322152228366,0.00318692695309835
"FREM2",-2.46469163333333,5.57305098333333,-4.19235938664401,0.00207842690278936,0.0031939408675219
"SORBS2",-1.66444464444444,7.45842167777778,-4.19211649834673,0.00207920151278117,0.0031939408675219
"HOXD11",1.48820473333333,5.48234023333333,4.19206978663427,0.00207935051901598,0.0031939408675219
"LDLRAD1",1.44541833333333,5.63917283333333,4.19160910176426,0.00208082066881134,0.00319539680014753
"BRPF1",1.32617616666667,3.82545398333333,4.1913247582379,0.00208172862267304,0.00319598888670356
"METTL17",1.949413,10.5205045,4.19079570896076,0.00208341907721306,0.00319735538006202
"JAM2",1.54512683333334,8.23374325,4.19071911804633,0.00208366392616987,0.00319735538006202
"GFM2",1.27552666666667,10.3056113333333,4.19023886612206,0.00208519990972026,0.00319885440287901
"ZNF750",2.18771333333334,5.28818543333333,4.19008679281755,0.00208568653368493,0.00319885440287901
"B4GALT5",-3.59868853333333,7.1878138,-4.18893680041644,0.00208937032396767,0.00320370116341709
"LHX9",1.54685876666667,3.79532071666667,4.18834506388129,0.00209126852741299,0.00320580828131112
"EPS8L3",-3.1700757,7.47378925,-4.18742835836433,0.00209421278946869,0.00320905972871075
"MAGEB16",-2.15550866666667,4.28502623333333,-4.18735810065385,0.00209443862320072,0.00320905972871075
"PSPH",1.94145966666667,8.53600583333333,4.18690509255284,0.00209589537456156,0.00320938055419755
"SLC6A13",1.79864416666667,8.31293008333333,4.18685127998736,0.00209606849246642,0.00320938055419755
"OPRD1",-3.0550957,5.75795801666667,-4.1868036433884,0.00209622175458865,0.00320938055419755
"SLC4A8",-1.61439976666667,3.59322278333333,-4.18644727077045,0.00209736869533685,0.00321033316939475
"GPR162",1.4355004,4.8551073,4.18625024502523,0.00209800308326226,0.0032105009663328
"SPDYE3",-2.01948246666667,8.12795976666667,-4.1853746917021,0.00210082466775931,0.00321213825913715
"RPL13A",1.7238078,7.13025353333333,4.18535409290454,0.00210089109841486,0.00321213825913715
"ITIH5",1.63051043333333,3.95931711666667,4.18530337734898,0.00210105466441103,0.00321213825913715
"PCOLCE2",2.37024636666667,7.59723731666667,4.18526664305719,0.00210117314695438,0.00321213825913715
"FGFR1OP2",1.82745931666667,6.96038434166667,4.18434212705988,0.00210415740520183,0.00321589682863472
"VAT1L",-1.43993113333333,3.639109,-4.18410716626333,0.00210491655335985,0.00321625361474913
"DNMT1",-1.54742776666667,7.31319255,-4.18375818839529,0.00210604462093478,0.00321709713791221
"RGL4",-2.97591223333333,8.09005921666667,-4.18361109518119,0.00210652029004189,0.00321709713791221
"TRAT1",-1.75804353333333,7.04458183333333,-4.18203078819509,0.00211163785758803,0.00322410791433081
"RPS6",-1.18534933333333,15.409357,-4.18142820831998,0.00211359267928277,0.00322628742810679
"PLB1",1.27788436666667,7.07893848333333,4.18048508453873,0.00211665610168612,0.0032301576528101
"CACNG1",-2.23825453333333,6.42156226666667,-4.17915650105743,0.00212097953783384,0.00323594833228615
"ZSCAN18",-1.35236816666667,4.70577975,-4.17861547280855,0.00212274281318601,0.00323783109725057
"NDUFB3",1.883792,10.2124903333333,4.17805323965226,0.00212457684209715,0.00323925842962776
"CCDC88A",1.6161409,3.90635985,4.17800401077286,0.00212473750867868,0.00323925842962776
"CD99L2",-3.3677891,7.76006311666667,-4.177818541577,0.00212534293355598,0.00323937420714885
"DUSP23",1.2613098,7.26719343333333,4.17728268918006,0.00212709313628276,0.00324056563838613
"THRAP3",-1.5711544,4.91366553333333,-4.1772475547421,0.00212720794577331,0.00324056563838613
"VAMP5",-1.27397453333333,8.8922044,-4.17709281816054,0.00212771365959416,0.00324056563838613
"CRCP",-1.36299943333333,5.98450338333333,-4.17680535512425,0.0021286534910578,0.00324119015885804
"ZFYVE19",1.4884911,4.36854255,4.17634524313712,0.00213015869555241,0.00324267501850949
"C3orf35",1.52321818333333,4.605022475,4.17609970396358,0.00213096241027424,0.0032430915487706
"HSDL1",1.77811436666667,4.87850253333333,4.17551696985283,0.00213287113842994,0.00324448989761466
"TFRC",-1.32451983333333,5.64527155,-4.1754953857581,0.00213294187123344,0.00324448989761466
"HIVEP2",-2.97834286666667,8.04170623333333,-4.1750343945982,0.00213445316907625,0.0032459817271709
"SLC22A8",-2.28234986666667,8.09728573333333,-4.1747197731821,0.00213548526402973,0.00324674424585832
"TUBD1",1.44164885555556,6.29335866111111,4.17367770568117,0.00213890747214893,0.00325113935766638
"CD247",1.39055726666667,3.9197726,4.17332264317275,0.00214007484283756,0.00325210578452066
"POC1A",1.22387511666667,5.571890175,4.17288907364838,0.00214150124262344,0.00325324918679457
"FOXF1",-2.12180136666667,7.07126148333333,-4.17271460891979,0.00214207549779155,0.00325324918679457
"ALOX12",3.05423116666667,7.91947625,4.17259001401459,0.00214248570490684,0.00325324918679457
"TSC22D4",-3.5326979,7.92908505,-4.17244772459949,0.00214295426982382,0.00325324918679457
"ANGPT4",-1.26020083333333,4.52524975,-4.17198168032848,0.00214448973240248,0.00325406706976309
"FRA10AC1",1.55536366666667,10.2578678333333,4.17196133581725,0.00214455678739535,0.00325406706976309
"TMEM5",1.63543256666667,7.66075938333333,4.17178403088273,0.00214514127391763,0.00325414686680587
"SSX1",-1.43669416666667,5.53763491666667,-4.17131491784638,0.00214668852049871,0.00325568675468793
"DNAH9",-2.97933583333333,5.79852841666667,-4.16990352820925,0.00215135074673642,0.00326194891413468
"STARD7",1.7343149,4.38985821666667,4.16891017114727,0.002154638515854,0.00326612448959237
"VPS16",1.4581874,3.89152593333333,4.16825716927424,0.00215680268898591,0.00326859520713792
"RELN",1.67824133333333,7.20953416666667,4.16796378168363,0.00215777578049049,0.00326873581967633
"KLHL36",1.6191589,5.86963571666667,4.16790703854721,0.00215796403655977,0.00326873581967633
"INTS12",1.35389756666667,7.48329801666667,4.16749330182523,0.00215933721180474,0.00327000620342114
"HARS2",1.80414423333333,5.95705721666667,4.16714653321899,0.00216048883495966,0.00327081040058305
"UTS2D",-2.8309778,5.04225856666667,-4.16701148663316,0.00216093750231394,0.00327081040058305
"PSMD6",1.94449716666667,9.19897891666667,4.16643321785782,0.00216285980900691,0.00327291029223455
"TECPR1",-1.7809423,5.16786491666667,-4.16606515535113,0.00216408428115747,0.00327395342040588
"DIAPH2",-1.7668278,8.9975381,-4.16531383307259,0.00216658606160559,0.0032769279418796
"C20orf194",1.51709453333333,5.6473563,4.16481865130187,0.00216823660928135,0.00327861383479568
"SLC6A1",1.7737206,4.7133779,4.16424769014016,0.00217014139789278,0.00328068324000692
"ZNF330",-1.24777316666666,9.31179891666667,-4.16377027436409,0.00217173546831679,0.00328228201461515
"FES",-2.96382413333333,6.10012696666667,-4.16261545288295,0.00217559649275628,0.003286348631806
"HOXA11",1.62257916666667,6.05582621666667,4.16259099720608,0.00217567833624737,0.003286348631806
"EIF5B",-1.71777233333333,12.7079188333333,-4.16237971254894,0.00217638555822596,0.003286348631806
"NAE1",1.26662466666667,11.8287,4.16232318688223,0.00217657480485092,0.003286348631806
"TNFRSF18",1.5079158,4.72891356666667,4.161646320607,0.00217884229070812,0.00328892049164895
"PSORS1C2",1.3387115,5.39875045,4.16138888854454,0.00217970533799588,0.00328892049164895
"BTN2A1",1.4447942,3.28016676666667,4.16133354941358,0.00217989091102264,0.00328892049164895
"IGSF1",-1.21844513333333,8.24687576666667,-4.16115104486205,0.00218050303627464,0.00328903293292117
"TTYH2",1.28385323333334,7.42740471666667,4.16083805799909,0.00218155322624689,0.00328980592511178
"PGAP1",1.59429846666667,5.65954243333333,4.16034943486014,0.00218319381289956,0.00329087300648727
"EGFL7",-1.34126646666667,5.99825276666667,-4.16030691589237,0.00218333663506568,0.00329087300648727
"C6orf62",1.65655833333333,9.19560783333333,4.15973634176027,0.00218525416319385,0.00329295196315763
"OPN1SW",-2.54669133333333,5.44541383333333,-4.15833375010159,0.00218997543062182,0.00329925380067577
"CCDC85C",-1.93021656666666,7.74202205,-4.15809894333634,0.00219076686842239,0.00329963360438409
"ADPRM",1.44634933333334,8.75609366666667,4.15775215051435,0.00219193631915129,0.00330058242691794
"TRIM38",-3.12983776666667,8.71365945,-4.15693492429998,0.00219469477306825,0.00330357821472594
"CADPS2",1.43825116666667,7.51629575,4.15684284890901,0.00219500579321035,0.00330357821472594
"PAX7",1.368965,10.5963831666667,4.15561989942495,0.00219914120301521,0.00330897100129903
"PKP2",1.87158216666667,7.14715745,4.15542116419481,0.00219981400549226,0.00330897100129903
"UCKL1",-1.41076086666667,4.90687143333333,-4.15530377713052,0.00220021151246886,0.00330897100129903
"MRS2",2.1481095,8.00978225,4.1543262427133,0.00220352468339697,0.00331249507775989
"FCN3",-1.44140633333333,5.00696283333333,-4.15429294839793,0.00220363762119692,0.00331249507775989
"LRGUK",-1.47055096666667,4.67216605,-4.15321923902243,0.00220728304112464,0.00331665692634593
"LPPR4",1.3014191,3.56008605,4.15274681404947,0.00220888902241554,0.00331665692634593
"PCBP4",1.41849496666667,5.17368715,4.15266708271133,0.00220916018638334,0.00331665692634593
"DDX3X",-1.85583118333333,6.737627025,-4.15265923126206,0.00220918689083933,0.00331665692634593
"VARS2",1.4530667,5.47501331666667,4.15235003939993,0.00221023879000143,0.00331665692634593
"TM4SF19",3.25335486666667,5.88629356666667,4.15234352099564,0.00221026097191536,0.00331665692634593
"HNRNPR",-1.3313935,8.42413991666667,-4.15223679020909,0.00221062420675079,0.00331665692634593
"ACTR3C",1.428149,9.97998116666667,4.15194760418818,0.0022116087054066,0.00331665692634593
"GCNT2",-2.04231726666667,5.8327652,-4.15192719779767,0.00221167819400205,0.00331665692634593
"BASP1",-2.54982263333333,7.46914985,-4.15181554238125,0.00221205844805435,0.00331665692634593
"ADCYAP1",1.95650056666667,4.69066371666667,4.15172420700151,0.0022123695515557,0.00331665692634593
"IFIT5",2.08132446666667,5.2286616,4.15102839861471,0.00221474111085622,0.00331939885257676
"KCNE4",1.65324123333333,6.22208471666667,4.15019580618329,0.00221758241339465,0.00332284330275496
"TIMD4",-1.3627571,4.54990131666667,-4.14967461686616,0.00221936298497453,0.00332469704752061
"STAC3",-2.4277721,5.81777815,-4.14866393869685,0.00222282013969364,0.0033287461382441
"PHAX",1.7521035,6.22478691666667,4.1484861737755,0.00222342879642234,0.0033287461382441
"SMEK1",2.63071703333333,5.37283358333333,4.14840751367582,0.00222369818028827,0.0033287461382441
"PHF20L1",1.3938295,6.94574448333333,4.14809954413709,0.00222475320262249,0.00332951078611654
"ANKRD33",1.3891481,3.32688858333333,4.14750836090214,0.00222677992451966,0.00333172892595042
"SNX25",1.37114833333334,9.9763205,4.14707408056748,0.00222826998898144,0.00333314322557175
"TMEM14C",1.18539766666667,9.50045016666667,4.14609642405764,0.00223162829950372,0.00333735075442771
"RAB6C",1.5351535,14.6508509166667,4.14539632761331,0.0022340364638225,0.00334013565143354
"SLC22A18",1.25884183333334,9.21650775,4.14443712851328,0.00223734034368475,0.00334425805586692
"KIAA1549L",-2.55222466666667,5.29523233333333,-4.14396936369519,0.00223895339441697,0.00334585170176918
"AMACR",1.46930476666667,8.58830528333333,4.14324864505894,0.00224144114525068,0.00334875138623776
"DNAJA4",-1.26541753333333,4.73171196666667,-4.14239680579713,0.00224438526448802,0.00335133442309499
"CROT",2.75273766666667,7.27847216666667,4.14220198460957,0.00224505917832532,0.00335133442309499
"LDOC1L",-2.4490906,6.22221746666667,-4.14203628545708,0.0022456325234029,0.00335133442309499
"C7orf63",-1.54542833333333,4.76406883333333,-4.1418709407454,0.00224620479645015,0.00335133442309499
"FRS3",-1.90182423333333,7.66609645,-4.1418704620099,0.00224620645362113,0.00335133442309499
"CD6",-2.39905116666667,8.80165141666667,-4.14175872414744,0.00224659327615197,0.00335133442309499
"ZNF117",-1.474224,10.9986496666667,-4.14163994715226,0.00224700454454653,0.00335133442309499
"WDPCP",1.4200372,5.42998096666667,4.14024702833076,0.00225183350931214,0.00335771811113129
"C2orf18",1.2445146,5.88294703333333,4.13888772762402,0.00225655651110257,0.00336394072488438
"LENEP",-2.67267083333333,10.6171304166667,-4.13851610480572,0.00225784956814681,0.00336471861814075
"TMEM26",1.87411946666667,4.4539686,4.1384216726891,0.0022581782684024,0.00336471861814075
"SCAPER",1.38376693333334,6.4770065,4.13701695682697,0.00226307379834869,0.00337119198887199
"PKIB",1.55578493333334,5.20228356666667,4.13656008691235,0.00226466843915607,0.0033727462294929
"FUCA2",1.2123281,7.70888161666667,4.13536252258822,0.00226885401374884,0.00337815742421889
"SHQ1",2.30886766666667,3.7887424,4.13478329605043,0.00227088138768871,0.0033803533649342
"CASKIN2",-1.4481074,3.4604989,-4.13456560165974,0.00227164384382586,0.00338066578363576
"CDH22",1.73888046666667,3.92832786666667,4.13400940268927,0.00227359311339733,0.00338274383943697
"DERA",1.6927175,12.33756425,4.13371112448517,0.00227463919572065,0.0033834774129392
"JMJD4",-2.08167686666667,7.0630101,-4.1332063260451,0.00227641071870777,0.00338503477918569
"ZBTB11",-2.2562748,6.6567507,-4.1329861760067,0.00227718376288613,0.00338503477918569
"SDR39U1",-3.43606213333333,9.54876226666667,-4.13293996859063,0.002277346052816,0.00338503477918569
"IRF8",-2.5527509,5.62844211666667,-4.13122037995832,0.00228339430744327,0.00339320047921737
"STK17B",-1.21954613333333,6.45115603333333,-4.13026584448791,0.00228675899502118,0.0033963295090935
"PCDH15",-2.6186461,5.34726135,-4.1301812307108,0.0022870575070523,0.0033963295090935
"NPTXR",1.63008503333333,3.52455378333333,4.13015066687081,0.00228716534446963,0.0033963295090935
"RPS12",-1.1816825,15.82039675,-4.12978778725223,0.00228844609200582,0.00339740674372522
"FRAT1",1.87371403333333,4.08421585,4.12956983851041,0.00228921568496981,0.00339748712097994
"TBC1D10B",2.19861866666667,4.3988043,4.12938422862066,0.00228987130287848,0.00339748712097994
"MCU",1.4551227,3.54981658333333,4.12930075607896,0.00229016621231142,0.00339748712097994
"BCLAF1",-1.79761026666667,4.02884413333333,-4.12883980347857,0.00229179548655164,0.00339852347267228
"CRYAA",-1.9728439,6.63290408333333,-4.12878881512693,0.0022919757842834,0.00339852347267228
"PHTF1",1.76349833333333,3.6027391,4.1284991424047,0.0022930003683386,0.00339888955182852
"FAM192A",1.64524333333333,7.04647333333333,4.12840490884256,0.00229333378063879,0.00339888955182852
"MRPS35",1.70412425,9.32113479166667,4.1278628963228,0.00229525249697352,0.00340090936703415
"ISG20",-1.72210046666666,8.28600226666667,-4.12730051874992,0.00229724509988842,0.00340285272546941
"BNIP1",1.46192543333333,3.94659521666667,4.12717884154414,0.00229767646435341,0.00340285272546941
"PKN2",-1.86824066666667,6.97324273333333,-4.12618555476518,0.00230120102449145,0.0034069709903564
"TMOD4",1.8344417,4.58639895,4.12608139472855,0.00230157095507405,0.0034069709903564
"RNASE9",-3.4793328,8.1386176,-4.12377426105826,0.00230978102118437,0.00341748779653758
"C1QL1",1.74685093333333,4.51168186666667,4.12377097158407,0.00230979274904918,0.00341748779653758
"SLC25A11",1.36673806666667,6.80263196666667,4.1234255027261,0.00231102478955545,0.00341848396095267
"NUP37",2.3195299,10.20475405,4.12276114318248,0.00231339603874087,0.00342065530748435
"FAM129C",1.74106256666667,5.46101438333333,4.12270097241997,0.0023136109287954,0.00342065530748435
"DNAJC15",1.24129433333334,10.1662835,4.12235508007791,0.00231484663629872,0.00342165540489867
"SGTA",1.25625816666667,3.23185795,4.12194485589143,0.00231631307533911,0.00342252138705346
"EI24",1.34885158333333,10.9927845416667,4.12187823082825,0.00231655133438842,0.00342252138705346
"CNIH",1.34466,12.0174113333333,4.1210846821026,0.00231939115110102,0.00342588968190151
"DNAJB11",-1.17274133333333,9.82197633333333,-4.12061118944031,0.00232108735905636,0.00342753013707529
"HS6ST2",-2.65217043333333,8.55318111666667,-4.12046195341147,0.00232162224387708,0.00342753013707529
"ARHGAP5",-2.40210896666667,4.79276808333333,-4.12022975294706,0.00232245474513107,0.00342793199775921
"CD5",1.4392936,3.7691583,4.11970928748319,0.00232432190097965,0.00342839385247822
"NME1",-1.42882966666666,13.1786496666667,-4.1191480015245,0.00232633727817102,0.00342839385247822
"SLC44A3",1.2677387,3.34458335,4.11913807276378,0.00232637294542748,0.00342839385247822
"OLFML3",2.0421998,4.7917456,4.11913356389981,0.00232638914288737,0.00342839385247822
"PDE6B",1.60692866666667,4.40517013333333,4.11910269554127,0.0023265000363278,0.00342839385247822
"ACD",1.31000235,7.54770014166667,4.11908569448952,0.00232656111436644,0.00342839385247822
"EFCAB2",-1.2818992,5.84906175,-4.11904973635199,0.00232669030328368,0.00342839385247822
"HEPN1",-3.0501076,5.94052376666667,-4.11881987499741,0.00232751631893672,0.00342878517680108
"CYTH4",2.07531473333334,4.89859743333333,4.11794455168806,0.00233066466662081,0.00343154652189756
"SUN2",-2.0140028,6.61605073333333,-4.11783615102743,0.00233105487345844,0.00343154652189756
"KIAA1009",-1.98615416666667,4.97586031666667,-4.11783099188856,0.00233107344638873,0.00343154652189756
"SORD",1.27629306666667,5.7293287,4.11603797669402,0.00233753779752204,0.00344023484369494
"PLEKHM1",-2.2192603,7.01807351666667,-4.11583031456376,0.0023382877047858,0.00344051086529089
"BAI2",1.343178,8.81903733333333,4.11470206665949,0.00234236646897529,0.00344536476374213
"SCG3",-1.6469338,3.91160523333333,-4.11449554132648,0.00234311389926684,0.00344536476374213
"PDP2",1.3637687,7.11680248333333,4.11445075018175,0.00234327603496748,0.00344536476374213
"CHST9",-2.39415336666667,7.12502965,-4.11322326063819,0.00234772394088881,0.00345070638027415
"ALOX15B",1.20505782222222,5.77527245555556,4.11308370075916,0.00234823021201419,0.00345070638027415
"AMPD2",1.25255121666667,6.85222404166667,4.11298148841071,0.00234860107346544,0.00345070638027415
"OLIG1",-3.26642733333333,7.68081776666667,-4.1125254419875,0.00235025652091358,0.00345230957861928
"TCEAL3",-1.57509,9.99190366666667,-4.11225667030585,0.00235123273919723,0.00345291452194159
"RNF24",1.28652048333334,5.336717675,4.11122449529738,0.00235498573670379,0.00345759604923297
"ADAT3",1.26946433333333,11.2692068333333,4.11073777108499,0.00235675766702212,0.0034593674200675
"UBQLNL",-3.23034616666667,5.98214568333333,-4.11043101896673,0.00235787512893401,0.00346017750991084
"ZNF707",1.4538489,5.65125868333333,4.10961951320602,0.00236083405080894,0.00346299749538555
"CEBPZ",1.72410223333333,6.06377421666667,4.10959353838608,0.00236092882531107,0.00346299749538555
"SLC13A2",1.57784433333333,3.88350163333333,4.10925072477607,0.00236218002855828,0.00346400225664419
"OTX2",1.39344443333333,7.63168345,4.10887158127574,0.00236356464523528,0.00346520213265024
"SNX1",-1.282342,9.283283,-4.10724214719752,0.00236952504646801,0.00347231308619891
"TMEM244",1.4047322,4.90152763333333,4.10723532411618,0.0023695500383917,0.00347231308619891
"FAM82A1",1.43852493333333,4.7329176,4.10662001416986,0.00237180497243717,0.00347449426468195
"LY6K",-3.212961,9.0976285,-4.10651928584459,0.00237217432879642,0.00347449426468195
"COPS5",1.83287616666667,7.44288741666667,4.10550714972231,0.00237588906383376,0.00347910227202846
"FAM98A",-3.36303083333333,8.12455658333333,-4.10457850128218,0.00237930279222571,0.00348326740436394
"PPP1R21",1.44571897777778,7.32078162222222,4.10402566797341,0.00238133747901267,0.0034854121283731
"LMBRD2",1.89340213333333,4.67740663333333,4.10334543260336,0.00238384358943583,0.00348824565419001
"NR0B2",-3.85329786666667,9.07985873333333,-4.10272408295448,0.00238613519044353,0.00349076401127057
"PLEKHN1",-1.66859386666667,6.18250768333333,-4.10164008455005,0.00239013866361927,0.00349496369642096
"CAT",1.99902296666667,6.24830541666667,4.10163744201785,0.00239014843181192,0.00349496369642096
"SEMG2",-1.70072086666667,4.12610773333333,-4.0998166121379,0.00239688922108356,0.0035033722363207
"BPIFB4",-1.48342196666667,3.75380038333333,-4.09977482305616,0.00239704416169311,0.0035033722363207
"CAND1",2.31085133333333,7.58089366666667,4.09949303839388,0.00239808920588934,0.00350406251770503
"MBLAC2",1.30232586666667,4.39328373333333,4.0991336772367,0.00239942265380953,0.00350445582379906
"NCR1",-1.7765718,5.88039776666667,-4.09905002665471,0.00239973316064428,0.00350445582379906
"STARD3NL",1.57308833333334,9.376037,4.09895746177098,0.00240007680642662,0.00350445582379906
"FGF7",-1.90630623333333,8.08158988333333,-4.09874233476577,0.00240087566321556,0.00350456833388357
"KIAA1377",-2.74042753333333,6.72383573333333,-4.0986282239108,0.00240129951873813,0.00350456833388357
"SCARF1",1.54821806666667,4.08718486666667,4.09740576656813,0.00240584520241716,0.00351036512005441
"SNRPG",1.61839033333334,12.4279728333333,4.09672347893922,0.00240838622919667,0.00351323484745475
"SRSF4",-1.621713,7.19847273333333,-4.09645232147097,0.00240939688166901,0.00351387130442216
"CBLB",1.27092863333334,6.23785698333333,4.09601272783138,0.00241103627837218,0.00351542420187822
"DHRS3",-1.436468,10.4431053333333,-4.09568292878709,0.0024122669870263,0.00351638061153845
"MEF2BNB",1.63139233333334,10.7636725,4.09550373890137,0.00241293594694037,0.00351651789504077
"TMEM101",1.99347583333333,6.24548241666667,4.09534326516105,0.00241353520128942,0.00351655355119997
"KCNA7",1.5331395,9.30361391666667,4.09438467791755,0.00241711811466528,0.00352093538702909
"CYB561D2",1.78005856666667,5.91688495,4.09418890455011,0.00241785054813159,0.00352116392608166
"DLST",-2.615148,8.731382,-4.09347033091573,0.00242054090936281,0.00352363605234314
"PDLIM5",-1.30304061666667,6.96697850833333,-4.09342787739986,0.00242069995554074,0.00352363605234314
"PNPLA4",2.59378553333333,7.43469056666667,4.0931630668759,0.00242169228057106,0.00352424200107843
"PJA1",1.19231333333333,3.34900376666667,4.09235135234301,0.00242473669944067,0.00352658812278988
"ACLY",-1.926421,8.98475516666667,-4.09233661480055,0.00242479201147848,0.00352658812278988
"TNFSF11",1.49723716666667,13.6257429166667,4.09219078835426,0.00242533939020324,0.00352658812278988
"C12orf49",2.0899788,4.91518423333333,4.09211867180125,0.00242561013741415,0.00352658812278988
"TMEM203",1.5513743,8.35616418333333,4.09082142227408,0.00243048586051039,0.0035328373710151
"ALDH9A1",2.07095586666667,6.39943426666667,4.09010094031626,0.0024331982702713,0.0035359399091496
"GATAD1",-1.2666527,5.97569178333333,-4.08948354089167,0.00243552514857073,0.00353848084990637
"DDA1",1.60598073333333,5.4056506,4.08923763833552,0.00243645257008335,0.00353898784989789
"NOS1AP",-2.1198569,4.98901151666667,-4.08898489169842,0.00243740619295481,0.00353953265808154
"DNAJC8",-1.32243,10.4628846666667,-4.08834172732062,0.00243983465635101,0.00354190018654707
"GRWD1",1.1870335,8.32655825,4.08824651112902,0.00244019439135271,0.00354190018654707
"MFSD7",1.2205796,3.44518746666667,4.08762526154453,0.00244254290219992,0.00354381098870038
"ABCC3",-2.87638283333333,10.0811774166667,-4.08746539409949,0.00244314763566551,0.00354381098870038
"DCAF4",1.80236246666667,4.22567776666667,4.08728143170177,0.00244384370931604,0.00354381098870038
"TNP2",1.4704524,4.0880325,4.08716676227996,0.00244427769945346,0.00354381098870038
"HTATIP2",3.39669753333333,6.50171623333333,4.08713258753166,0.00244440705660602,0.00354381098870038
"ACP1",1.83456983333334,7.89526575,4.0863537025938,0.00244735722870091,0.00354724745917843
"C1orf198",1.51754858333333,3.69436269166667,4.08447690637228,0.00245448141013167,0.00355673075963657
"AEBP2",2.00658576666667,6.29432488333333,4.08400313724727,0.00245628326475826,0.00355849893767252
"NUP98",1.28405487777778,6.21327825,4.0837551298501,0.00245722705205714,0.00355902346223617
"DEFB128",-2.797502,9.03829566666667,-4.08288881455855,0.00246052680582773,0.00356295928948025
"ECE2",1.88233583333334,12.2763830833333,4.08231863249264,0.00246270115672082,0.00356441893296234
"FGL2",-2.05429383333333,9.24365091666667,-4.08222184911137,0.00246307043512255,0.00356441893296234
"SPATC1",-1.17930513333333,4.87242896666667,-4.08216623728451,0.00246328264932409,0.00356441893296234
"UBA6",1.80758046666667,3.68027876666667,4.08182556004754,0.00246458309213247,0.00356545740308972
"DCTN3",-1.27643,11.7680696666667,-4.08082017857388,0.00246842509344891,0.00357017132901192
"DGUOK",1.211627,12.0389275,4.08050225606783,0.00246964133051971,0.00357108618769075
"KLHL20",-1.397489,6.77998123333333,-4.07967791544964,0.00247279785916496,0.00357351970931646
"SHISA6",-2.33286626666667,6.90751453333333,-4.07960700652478,0.00247306957950464,0.00357351970931646
"TAB1",-3.1937074,10.0673583,-4.07953795428487,0.00247333421541349,0.00357351970931646
"SEC11A",1.31050966666667,12.2552121666667,4.07945278269607,0.00247366066834835,0.00357351970931646
"SCTR",1.4604162,4.64988923333333,4.07838021057636,0.00247777561271557,0.00357861926312415
"LACTB2",-1.68260186666667,6.72118316666667,-4.07810511604412,0.00247883218322368,0.00357900586822543
"KCNV2",-1.7644684,5.27836646666667,-4.07800592102299,0.00247921328367757,0.00357900586822543
"CALCA",-1.60375796666667,4.41457555,-4.07772279005562,0.00248030139391495,0.00357973199527522
"HIST1H2BC",-3.61094043333333,9.39499245,-4.07735619932831,0.00248171100076386,0.00358024975036406
"EPRS",1.32952666666667,8.99096266666667,4.07730167490934,0.00248192072918604,0.00358024975036406
"GAL3ST4",1.365143,11.0820128333333,4.07717300552035,0.00248241573080162,0.00358024975036406
"PHF11",1.57604276666667,7.11241218333333,4.0764294949603,0.00248527811978329,0.0035835332398855
"BCAN",1.68637206666667,6.8473355,4.0755807198561,0.00248855002199562,0.00358740552181178
"SLC39A5",1.52328856666667,3.54427408333333,4.07519798574503,0.00249002689356007,0.0035881863578111
"C4B",-2.10644016666667,5.71040848333333,-4.07502584104147,0.0024906914571284,0.0035881863578111
"TMEM121",-1.4103178,3.91791403333333,-4.07498447702371,0.0024908511705825,0.0035881863578111
"CERS4",1.64094286666667,3.73815696666667,4.07416940750795,0.00249400049951159,0.00359183151396403
"RAD51D",1.55179663333333,3.78715001666667,4.0740258163144,0.00249455575397731,0.00359183151396403
"MTA1",1.2629702,4.4831836,4.07359560937318,0.00249622010808938,0.00359338226383313
"SAMD4B",-2.40955766666666,6.99907473333333,-4.07329469383924,0.00249738496594843,0.00359421341370795
"NOTCH1",-2.50942766666667,6.04230733333333,-4.07305074398176,0.00249832972849896,0.00359472748799544
"RELL1",-1.2870678,4.60522996666667,-4.07251720884458,0.00250039730529742,0.00359685650454023
"PLAC8",1.25176746666667,5.1457256,4.07183443379285,0.00250304585952995,0.00359982006784302
"BRE",1.225646,9.39005233333333,4.07069010627145,0.00250749147067671,0.00360536611459462
"SPRY2",1.722572,10.3422386666667,4.07040970386581,0.00250858208092891,0.00360536826393503
"CEACAM21",2.00712608333334,6.332993525,4.07038669996663,0.00250867157560827,0.00360536826393503
"PODXL",-3.0570709,5.51856321666667,-4.06951738543686,0.00251205604155358,0.00360897452195626
"ATP5A1",1.58843533333333,11.4552096666667,4.06943920479157,0.00251236065528141,0.00360897452195626
"ZNF658",-1.58190443333333,6.26338721666667,-4.06708165167761,0.00252156469512526,0.00362057283455364
"ZBED1",1.41562116666667,12.7049695833333,4.06706794408197,0.00252161831448726,0.00362057283455364
"YME1L1",1.94684046666667,7.33362651666667,4.06653503870415,0.0025237037893301,0.00362271698336967
"MARCKSL1",1.9347112,4.43545433333333,4.06558341919974,0.00252743239467973,0.0036272182478655
"RUVBL2",-1.56600566666667,10.2992888333333,-4.06484051474765,0.00253034726324645,0.00363054984909516
"ZNF202",-1.3432081,3.41235761666667,-4.06417488279433,0.00253296196036034,0.00363344930210657
"AMY1C",-1.26163266666667,9.254775,-4.06382089771405,0.00253435362631773,0.00363444929962115
"GPRASP1",1.5222195,11.32534875,4.06369540163511,0.00253484719867334,0.00363444929962115
"ZNF79",1.31299933333333,10.902435,4.06268706140665,0.00253881665765149,0.00363928779557446
"C9",-2.53182583333333,5.65900005,-4.0622956884847,0.00254035911476439,0.00364064583371481
"GJC3",1.273319,4.8239805,4.06200626913267,0.00254150039469709,0.00364129862217558
"MYH11",-2.65970926666667,6.23241698333333,-4.06187835630714,0.00254200497144686,0.00364129862217558
"SOGA3",-2.14012346666667,4.89540613333333,-4.06121644061536,0.00254461771600874,0.00364418801183087
"PYHIN1",-2.1485696,7.5784654,-4.05994512742258,0.00254964386068052,0.00365053150939468
"OR5AS1",-1.7962323,4.44497071666667,-4.05913733892102,0.0025528429039588,0.00365425664165183
"NPM3",1.88145743333333,3.88295988333333,4.05839915421048,0.00255577000570218,0.00365759085260489
"GDI2",1.79107633333333,9.80628816666667,4.057095534482,0.00256094786961838,0.00366414384151666
"SLFN14",-2.3051547,6.16964718333333,-4.05616424064975,0.00256465367042983,0.0036685880653939
"HSD17B2",-1.4691729,4.28108888333333,-4.05529226781542,0.00256812855467046,0.0036726999760341
"C16orf62",1.56832536666667,7.53971511666667,4.05493923166441,0.00256953684668145,0.00367385520635595
"HES1",1.393671,7.40593916666667,4.05476605848885,0.00257022794768227,0.00367398471586919
"IPP",1.61274,5.9679979,4.05448045472551,0.00257136816646487,0.00367475600150247
"EFCAB5",-1.97005446666667,6.16453923333333,-4.0542377560764,0.00257233751452169,0.00367528279164962
"MPP1",1.38965976666667,4.61652378333333,4.05375130572345,0.00257428157853961,0.00367720165713409
"PTPRH",-3.2806981,6.15031798333333,-4.05340222057246,0.00257567762845162,0.00367833700533777
"TTC17",1.3251568,6.50500216666667,4.05288275671386,0.00257775653140383,0.00368044678159362
"CFC1B",1.46281226666667,4.33994936666667,4.05223662820731,0.00258034482110739,0.00368328269144541
"DEPDC1B",2.79085326666667,6.13198126666667,4.05183184628566,0.0025819677120874,0.00368386231082564
"STON2",1.3105004,4.25330466666667,4.05181119061389,0.00258205055570823,0.00368386231082564
"TTC18",-3.24531323333333,8.11618548333333,-4.05158383936212,0.00258296257794751,0.00368386231082564
"STRA6",1.51728833333334,10.0539648333333,4.05153478192784,0.00258315941703857,0.00368386231082564
"SSX7",-1.66352216666667,3.81553145,-4.05109524967045,0.00258492371242561,0.00368473037701366
"SHC2",1.70746613333333,3.38727193333333,4.05108305826038,0.00258497266723482,0.00368473037701366
"RASSF8",-1.38025206666667,3.87046073333333,-4.05070713855461,0.00258648265961227,0.00368602397193289
"OR2A4",1.843883,4.5229455,4.04988131100782,0.00258980311073142,0.00368989646750229
"TMEM61",1.4506271,4.93335878333333,4.04945326131135,0.00259152596488982,0.00369117765730563
"MS4A5",1.28115373333333,3.66236626666667,4.04931281409306,0.00259209151352153,0.00369117765730563
"ASB9",1.23791216666667,5.04202011666667,4.04909414327028,0.00259297231001169,0.00369117765730563
"SLC16A8",-1.6955389,5.97313785,-4.04905856341749,0.00259311565398817,0.00369117765730563
"SASS6",-1.60748956666667,5.81284785,-4.04840912592362,0.0025957335759453,0.00369404466565093
"STOM",1.99974326666667,6.9678625,4.0478017117593,0.00259818462485133,0.00369667291507917
"USP27X",-2.26656573333333,7.69224563333333,-4.04756088503762,0.0025991570896692,0.00369719671578613
"C9orf129",-1.38183823333333,5.96464355,-4.04716293240993,0.00260076487540541,0.00369862378143429
"MGAT2",1.20204333333333,10.998089,4.0446937492903,0.00261076422773179,0.00371198130264073
"TARSL2",-1.21803583333333,6.45693541666667,-4.04423296881476,0.00261263472165453,0.00371377770145967
"PLGLB2",1.23684856666667,6.90346658333333,4.04332515117722,0.00261632406056513,0.00371815809582752
"C21orf58",1.67508463333333,4.09095048333333,4.04303908694133,0.00261748775483858,0.00371894799909485
"RHEB",1.24354083333334,10.1684604166667,4.04255669896164,0.00261945132154508,0.00372050030560217
"CD86",1.43124733333333,4.06485123333333,4.04247192545318,0.00261979655386305,0.00372050030560217
"SH2D2A",-1.7662204,8.18587413333333,-4.04153133785633,0.00262363023502098,0.00372508001342733
"TMEM201",-1.88008353333333,4.32493273333333,-4.04104258087076,0.00262562466635436,0.00372704680017541
"SHROOM1",-2.46757866666666,9.149621,-4.04038268730099,0.00262831998055594,0.00373000733960595
"RANGRF",1.18874566666667,10.5774498333333,4.04022611034223,0.00262895994277764,0.00373005030842152
"CDK2AP2",1.48957233333333,5.7017595,4.03966115692958,0.00263127039134713,0.00373246284587567
"NOL10",1.61284896666667,4.93360075,4.03857958113226,0.0026356996144531,0.00373787905452574
"PTPRS",-1.379277,4.39134766666667,-4.03840302640686,0.00263642338074068,0.0037380389903526
"TCF4",-2.07320415,4.80620050833333,-4.03716769046434,0.00264149337484133,0.00374435970048175
"C14orf129",2.18439366666667,8.40677616666667,4.03624581798307,0.00264528357562889,0.00374886377477358
"GIMAP1",-1.40117563333333,6.11282241666667,-4.03583564813282,0.00264697179917639,0.00374995862397254
"WDR91",-2.27681733333333,8.27628566666667,-4.03569930134208,0.00264753324257146,0.00374995862397254
"PTGES3L-AARSD1",1.5950781,3.81995078333333,4.03550942489376,0.00264831531768192,0.00374995862397254
"EPHX3",1.50482933333333,3.61084116666667,4.03546268247499,0.00264850788071026,0.00374995862397254
"SLC41A2",-2.72061056666667,7.59390671666667,-4.0352941595606,0.00264920226108317,0.00375007390867812
"OR6C76",-1.86873016666667,3.73610911666667,-4.03324548981184,0.00265765896596467,0.00376034012201924
"CREB3L2",-1.3851305,6.37413078333333,-4.03323943640261,0.0026576839960136,0.00376034012201924
"LIPK",2.79122126666667,5.6473645,4.03272767138777,0.00265980097680741,0.00376246528927346
"ANKS6",1.215753,3.51171383333333,4.03250132729168,0.00266073784542183,0.00376292051278103
"C9orf11",-1.37760306666667,3.73050776666667,-4.03232571730156,0.00266146495869697,0.00376307895015208
"CASP6",1.8495999,7.88843638333333,4.03204446505946,0.00266262992072754,0.00376308519873385
"SGSM2",-1.55107336666667,3.76120178333333,-4.031924088182,0.0026631286927367,0.00376308519873385
"SIRPB2",-1.57021896666667,3.37722545,-4.0318792187986,0.00266331463068283,0.00376308519873385
"LIPN",1.99000023333334,6.36210021666667,4.03123092373856,0.00266600268386691,0.00376601348877805
"CCNT2",1.44508086666667,6.67693076666667,4.03084611432806,0.00266759958949041,0.00376739942024523
"CYP21A2",1.46112243333333,5.90074308333333,4.03069340830888,0.00266823357804003,0.00376742511665102
"PLK1S1",1.6088655,3.70207418333333,4.03041031567805,0.00266940931250887,0.00376821554543823
"LIN54",-1.41723723333333,5.61382848333333,-4.02925112301944,0.00267422935392844,0.00377387313081978
"PIGP",1.33595875,9.64033195833333,4.02912970519116,0.00267473475283455,0.00377387313081978
"FGFR2",1.51766835,5.39943040833333,4.02900169614572,0.00267526769669261,0.00377387313081978
"PNP",1.32364363333333,5.49135448333333,4.02854660018248,0.00267716331886496,0.00377567662167262
"JUND",1.44134033333334,15.9077618333333,4.02802739881238,0.00267932769210116,0.00377785822085156
"GRPEL2",1.49217056666667,4.19033488333333,4.0277044031889,0.00268067508225532,0.0037788871320825
"GPN1",1.76922666666667,7.85259261666667,4.02727289456408,0.00268247625496492,0.00378055510893236
"C19orf18",-2.32459156666667,7.16039188333333,-4.02699331298419,0.00268364394638203,0.00378132972454289
"NPM2",-1.42328893333333,8.43435053333333,-4.02623698496515,0.00268680549081575,0.00378491273147842
"ATP8B4",-2.19447196666667,3.70934425,-4.0260272695041,0.00268768282318445,0.0037852770516212
"COX4I2",1.67523246666667,5.9550427,4.0253826397232,0.00269038148757516,0.00378733215630024
"TRMT5",1.87028533333333,9.334752,4.02533392026556,0.00269058556186716,0.00378733215630024
"LEMD2",1.2141828,3.1546326,4.02523519143739,0.00269099916368701,0.00378733215630024
"LGALS14",-2.3728488,8.16402626666667,-4.0241821132712,0.00269541497044039,0.0037926745145249
"RFWD2",1.53702873333334,7.19101831666667,4.02364850589063,0.00269765543125395,0.00379495422589369
"IL17F",-1.84811736666667,5.30759745,-4.02278205195772,0.00270129760432748,0.00379920430879898
"RIMBP3",1.9759301,4.66429478333333,4.02243916481295,0.00270274037662369,0.00380035983088571
"TOP1",-1.28754606666667,7.3254571,-4.02134560314743,0.00270734721000061,0.00380596282876465
"PHGR1",1.41906726666667,3.2101357,4.02033034960946,0.00271163157320467,0.00381111003098235
"ZMAT2",2.53738113333333,6.09554136666667,4.01969793892278,0.0027143039577873,0.00381398980563682
"RAB37",1.28337936666667,3.63774328333333,4.01868619846273,0.00271858506106529,0.00381912822126233
"TCF3",1.2276625,8.26686808333333,4.01835464820861,0.00271998954038718,0.00381949465093937
"LEPROTL1",1.51239805,6.70553820833333,4.01832987637025,0.00272009450705178,0.00381949465093937
"LRRN1",2.7027039,5.56147428333333,4.01793623361968,0.00272176307835805,0.00382096065015937
"CMIP",-1.80327396666667,4.11620038333333,-4.01752207754006,0.00272351976738984,0.00382213986298419
"ARHGEF11",-2.10404473333333,5.33196276666667,-4.01744365642861,0.00272385253393447,0.00382213986298419
"ACVRL1",1.39022446666667,6.3250048,4.01720629604612,0.00272485999348469,0.00382267678058687
"RARA",-2.27473606666667,7.56650046666667,-4.01678467284932,0.00272665051323756,0.00382396937714957
"EVI5L",-1.8285047,6.28952111666667,-4.01669501004876,0.00272703144696037,0.00382396937714957
"ABCD1",-2.3767677,5.22184271666667,-4.01634637847974,0.00272851314700868,0.0038250419512837
"ORAI1",1.8279642,5.71251676666667,4.01622087122287,0.00272904676648469,0.0038250419512837
"EHD2",-2.2140172,7.18903273333333,-4.01458966178584,0.00273599220736734,0.00383355546019146
"TRAPPC3",1.7816089,8.71088588333333,4.01450009894539,0.00273637409196733,0.00383355546019146
"UQCC",1.61261748333333,5.029169475,4.01381596775244,0.00273929299674774,0.00383597760648754
"ATP5O",1.34549086666667,7.7896379,4.01380097391928,0.00273935700600589,0.00383597760648754
"ITGB1BP1",1.286147,13.5338573333333,4.01323709682082,0.00274176536525951,0.00383847151136331
"C17orf79",1.45372483333333,4.36937825,4.01249707928444,0.00274492942292969,0.00384066555686137
"FNDC4",-1.95678466666666,9.33834033333333,-4.01240193499735,0.00274533650621545,0.00384066555686137
"ARHGEF10",1.76760213333333,5.22123793333333,4.01212878894328,0.00274650553981539,0.00384066555686137
"IRF2BPL",1.15323316666667,13.9028280833333,4.01212401761296,0.00274652596522519,0.00384066555686137
"ANO3",-1.41790883333333,4.59366701666667,-4.01203790764515,0.00274689461771692,0.00384066555686137
"GNRH2",-2.2826281,5.67534781666667,-4.01192569646373,0.00274737509260843,0.00384066555686137
"FHL2",-2.2396033,5.04967178333333,-4.01184354892108,0.00274772689479932,0.00384066555686137
"MPPED2",1.28916406666667,8.38499713333333,4.00954844273539,0.00275757507330624,0.00385291242607159
"LRRC20",-1.4359696,3.504214,-4.00950817215427,0.00275774820427713,0.00385291242607159
"AGPAT9",2.06634443333333,4.68797598333333,4.00864310457374,0.00276147006633106,0.00385723147621311
"BCR",1.9858999,4.27775785,4.00771475782619,0.00276547007548428,0.0038619369828379
"BBS2",1.50910096666667,6.79131318333333,4.0075008213576,0.00276639273939781,0.00386234385660333
"ALDH1L1",1.3599873,3.57419815,4.00555370588568,0.0027748051897503,0.00387320514508152
"TMEM202",-3.03817046666667,9.34698976666667,-4.0050314965065,0.0027770659649258,0.0038754766362719
"LCA5",-2.30021393333333,6.11054246666667,-4.00465689429766,0.00277868890844959,0.00387685718173194
"INSC",-1.34897756666667,5.61831221666667,-4.00432997705479,0.00278010607702178,0.00387795006366148
"WDR75",1.66862573333333,7.0614438,4.00182708083268,0.00279098129151961,0.00389216840910889
"SOCS1",1.8978656,4.26027153333333,4.00146901986811,0.00279254075016967,0.00389216840910889
"ACOT9",1.2655073,6.61155908333333,4.00146875611029,0.00279254189924965,0.00389216840910889
"ICA1",-2.46114803333333,5.62044098333333,-4.00139942675505,0.00279284395488526,0.00389216840910889
"ARFGEF2",-2.1549762,5.46933333333333,-4.00073219863063,0.00279575271118106,0.00389533479549208
"HSF2",1.29492785,6.33341800833333,4.00050394512989,0.00279674850723952,0.00389555531534857
"UPF3A",-1.22664616666667,7.99412458333333,-4.00028340617431,0.00279771100258993,0.00389555531534857
"AMY2A",-1.2280965,9.76925608333333,-4.00018894111372,0.00279812338211748,0.00389555531534857
"PCSK5",-1.25930133333333,11.312783,-4.00011231615685,0.00279845792921821,0.00389555531534857
"KANK2",-2.01467166666666,12.7482515,-3.99942905459998,0.00280144293779702,0.00389882345164745
"CTC1",-1.47435006666667,5.6753469,-3.99905059834387,0.00280309776894625,0.0038995186407125
"GPR85",2.32104813333334,5.2535816,3.99902328815209,0.00280321722488617,0.0038995186407125
"ELL2",1.21860066666667,12.8442516666667,3.99862110578779,0.00280497700951856,0.00390107964179008
"TRAF3IP1",-2.13839046666667,6.0008899,-3.99828085129628,0.00280646673311121,0.00390226442572146
"NTF3",2.2202103,5.10889868333333,3.99698001797557,0.00281216982119041,0.00390906997730764
"THAP5",-2.01770343333333,5.63189955,-3.99687310179506,0.00281263910430013,0.00390906997730764
"SF3A1",1.14525346666667,8.0067786,3.99629632630017,0.0028151721479459,0.0039117018399121
"COG7",1.62248696666667,3.49919778333333,3.99561669310734,0.00281816000313977,0.00391476225181428
"N4BP2L1",1.24959426666667,6.2318068,3.99550430456964,0.00281865441635206,0.00391476225181428
"TMIE",-2.35238523333333,6.01233405,-3.99332756850692,0.00282824825349418,0.0039264572338797
"CLYBL",1.26546343333333,8.23935361666667,3.99330261018305,0.00282835845532982,0.0039264572338797
"TAF9",1.46206,12.1423823333333,3.99174434760329,0.00283524783625426,0.00393445893757614
"BLK",-2.0338519,4.56643088333333,-3.99165312971733,0.00283565167610751,0.00393445893757614
"MRPL32",1.54382826666667,6.30407626666667,3.99154780126102,0.00283611806174226,0.00393445893757614
"CABYR",-3.0249885,8.82968208333333,-3.99140632933288,0.00283674461495446,0.00393445893757614
"IFI30",1.2734498,6.504266,3.99127241574453,0.00283733782814415,0.00393445893757614
"SKAP2",1.41700266666667,15.1963906666667,3.99110625319565,0.00283807408031655,0.00393458808596797
"IDO2",-1.37560543333333,4.53309928333333,-3.9895249309609,0.00284509087517671,0.00394264306495824
"YWHAE",2.22337746666667,9.72489526666667,3.98950642105973,0.00284517311732439,0.00394264306495824
"KIAA1683",-1.2058893,4.89821415,-3.98757112549621,0.00285378576172444,0.00395368235738906
"ETNK1",1.14100333333333,9.46712533333333,3.98710177807497,0.00285587863740824,0.00395568609999176
"OAS1",-1.89533033333333,9.7914025,-3.98689676782416,0.00285679331016274,0.00395605737247073
"RPS9",1.46382333333334,11.921283,3.98648265701493,0.00285864184724785,0.00395772138978555
"MDFI",1.17662663333333,3.41960918333333,3.98604561981522,0.00286059409273151,0.00395952820346864
"CAPN2",1.35372876666667,3.44074185,3.98490640052015,0.00286568959727334,0.00396556525348713
"GABPB1",1.59982728333333,4.35992285833333,3.9847807998809,0.00286625196974829,0.00396556525348713
"HLA-DOA",-2.72119523333333,7.74774138333333,-3.9842020334766,0.00286884488001771,0.0039682552511753
"C1GALT1",1.6918329,5.98386321666667,3.98387074507284,0.00287033018600275,0.00396923280148685
"ELMO2",-2.6425632,8.04418373333333,-3.98375503423137,0.00287084915766252,0.00396923280148685
"TAF1C",1.47134536666667,7.08291748333333,3.98337928182885,0.00287253511728714,0.00397066648160025
"HIST2H2BF",-2.89577556666667,8.50588655,-3.98264300107002,0.00287584175552336,0.00397433925012241
"IL17REL",1.27510516666667,3.41366918333333,3.98242503686919,0.0028768214028323,0.00397479524447335
"IRS2",1.96141826666667,6.14249693333333,3.98200261030611,0.00287872101484437,0.00397628516366754
"MTMR2",2.0380596,4.00598743333333,3.98177372592284,0.00287975083847886,0.00397628516366754
"GNG11",1.294825,11.4221725,3.98175179075345,0.00287984955217569,0.00397628516366754
"SYNE3",1.59154243333333,4.34242385,3.98149419392412,0.00288100906871511,0.00397698860162433
"OGG1",1.41582905555556,4.96544678333333,3.98078529969632,0.00288420254489985,0.00398049879758567
"OR5AC2",-1.761933,3.79328903333333,-3.98037729339238,0.00288604225210023,0.0039820068044635
"ORC1",-1.2696138,4.64093353333333,-3.98025432612021,0.00288659695616143,0.0039820068044635
"SNCG",-2.0225246,8.60383986666667,-3.97942390378704,0.00289034592634884,0.00398551490276853
"ACTL6A",1.48358473333334,9.30873823333333,3.97917124308402,0.00289148759000845,0.00398551490276853
"PKMYT1",1.2354917,8.21918181666667,3.9790216409071,0.00289216380115732,0.00398551490276853
"C11orf49",1.44852976666667,5.09719436666667,3.97893038815742,0.00289257635112446,0.00398551490276853
"C8orf73",-1.20890776666667,3.99845845,-3.97893038021128,0.00289257638705132,0.00398551490276853
"KRT73",1.54828866666667,10.2672913333333,3.97882593473554,0.0028930486569459,0.00398551490276853
"CNOT7",1.4935347,7.10543231666667,3.97780146386691,0.00289768530639963,0.00399067479666045
"CRTC3",1.3402452,4.92997033333333,3.97767229047924,0.00289827048774994,0.00399067479666045
"TUBA4A",1.67587876666667,7.48639328333333,3.97756623595323,0.00289875102915316,0.00399067479666045
"PPP2R3A",-2.25323663333333,6.27941421666667,-3.97712880998318,0.00290073392849366,0.0039925062259897
"PASK",2.16993963333333,4.67240421666667,3.97653233144686,0.00290344013502149,0.00399533215161077
"SMG1",-1.4185971,3.47686911666667,-3.97571394168069,0.00290715747841398,0.00399954788687581
"OR7D2",2.3643532,3.82032893333333,3.9747939053471,0.00291134251890756,0.0040044050203859
"DUS1L",1.61702723333333,3.28798948333333,3.97405893756116,0.00291469028676013,0.00400810860292166
"NUDT9",1.21175523333334,7.97681138333333,3.97382606813535,0.00291575185007364,0.00400866737500011
"KRTAP5-5",-1.90858006666667,4.99687276666667,-3.97358765686883,0.00291683909877073,0.00400926120114116
"C14orf101",-1.3493472,6.46607206666667,-3.97268227923033,0.00292097186981585,0.00401403995946391
"SLC34A3",1.17395046666667,6.44784166666667,3.97211021885599,0.00292358633159738,0.00401673055843538
"USP53",-1.3284985,3.61895818333333,-3.97139880101616,0.00292684113420731,0.00402029951932651
"ZNF354B",1.33524766666667,5.9276155,3.97122076931617,0.00292765624311119,0.00402051647482699
"OSBPL7",-2.83059433333333,6.8589055,-3.97082496471234,0.0029294692714039,0.00402210345656397
"ALDH3B2",2.67497136666667,7.27398165,3.97013125824486,0.00293264972862698,0.00402556675785055
"CRYGD",-1.15728533333333,10.054309,-3.96941291117794,0.00293594699241192,0.00402886918440522
"CRIM1",-1.8882207,4.69193938333333,-3.96926554687225,0.00293662388787858,0.00402886918440522
"CORIN",2.31080973333333,4.9574136,3.96914994564753,0.00293715499960671,0.00402886918440522
"GNAO1",-2.23328866666667,4.45468136666667,-3.9690335910128,0.00293768967499701,0.00402886918440522
"KLRK1",2.2120948,5.57076106666667,3.96845876344728,0.00294033264108532,0.00403113957744224
"WAPAL",-1.4266568,6.38218933333333,-3.96838696152539,0.00294066295098475,0.00403113957744224
"CPNE3",2.16872776666667,7.53454645,3.96804845231916,0.00294222071952792,0.00403237149687989
"KHDRBS3",1.3038732,8.64580106666667,3.96743478956768,0.00294504692133847,0.00403534088796164
"EFHA2",-1.407771,5.42158716666667,-3.96641150478646,0.0029497659881917,0.00404090199636293
"CT47A7",1.25920116666667,3.28555038333333,3.96569231223748,0.00295308744616943,0.00404454645078679
"L3MBTL3",-1.27116926666667,4.6440389,-3.96473431139432,0.00295751791966911,0.00404970784076447
"ZGPAT",-1.67570698333333,8.53007309166667,-3.96409175946453,0.00296049345895884,0.00405287513580447
"ADCY9",1.30322376666667,3.30322955,3.96357098904354,0.00296290736529819,0.00405527231787345
"STX6",-1.466882,7.77982716666667,-3.96320442329349,0.00296460773674289,0.0040563349950399
"GNG8",1.3327094,4.98634363333333,3.96311777398337,0.00296500982311514,0.0040563349950399
"FOXD1",1.61563066666667,3.41512966666667,3.96242027540689,0.0029682485808722,0.00405896228399169
"PPP1R14B",1.30956700000001,13.8546525,3.9624184305009,0.00296825715243197,0.00405896228399169
"HIBADH",1.27300983333333,7.86193041666667,3.96208553851916,0.0029698042184984,0.00406017032598284
"PEX1",-1.4078676,6.39321096666667,-3.96185861405019,0.0029708593033315,0.00406070536590307
"C9orf171",1.71204686666667,4.5212626,3.96117505020297,0.00297403991983869,0.00406366813140633
"FDCSP",1.6494637,7.07500681666667,3.96110730623501,0.00297435532730264,0.00406366813140633
"ATL3",1.66901753333333,4.36566713333333,3.95984916248615,0.00298021949875606,0.00407077090720911
"MIB2",-1.422376,7.67158816666667,-3.95954609656835,0.0029816339003047,0.0040717937951036
"C16orf59",1.674281,8.1647245,3.95919203697483,0.0029832871841268,0.00407314237725681
"KAT5",-1.20675306666667,5.58702626666667,-3.95891412704264,0.00298458556327281,0.00407400590720728
"ZNF76",1.97385533333333,5.09327633333333,3.95846084092093,0.00298670456769809,0.00407582316391027
"RAP1A",-1.15067066666667,10.007336,-3.9583443747062,0.0029872492754125,0.00407582316391027
"SLC1A7",-1.92317233333333,8.4741335,-3.95818954724713,0.00298797355918357,0.00407590239355297
"EXOC7",1.2019113,5.98265285,3.95780654823093,0.00298976602603375,0.00407729013757862
"PFKFB2",-1.54649,4.79592946666667,-3.9576874228342,0.00299032377367036,0.00407729013757862
"GZMK",1.69906906666667,7.21498483333333,3.95722020402076,0.00299251236060429,0.00407936511189328
"IKBKG",1.15897643333333,3.12714925,3.95651853801622,0.00299580233683149,0.00408294023095011
"SLC19A3",-1.60563873333333,3.40209343333333,-3.95557490199038,0.00300023287437792,0.00408790456688308
"TIRAP",1.62449063333333,3.63657341666667,3.95545821824139,0.0030007812046211,0.00408790456688308
"NETO2",2.4063366,4.6819072,3.95509070531285,0.00300250894294985,0.00408934766539787
"ARL5B",1.32921173333333,5.4599823,3.95351321902702,0.00300993687780287,0.00409855192931181
"EPHB2",-1.57079683333333,4.57561141666667,-3.95333831569802,0.00301076163949587,0.00409876273040404
"LOC100128071",1.3820562,6.77536023333333,3.95278266934444,0.00301338338613485,0.00410088075465774
"FBXL5",2.4480715,7.45649458333333,3.95272448992279,0.00301365803742092,0.00410088075465774
"LIMD2",1.39949096666667,4.16934728333333,3.95206956192129,0.0030167516178289,0.0041040979123178
"ENTPD4",1.46114893333333,5.3048931,3.95194001990362,0.00301736391134447,0.0041040979123178
"GTF2IRD1",2.49432253333334,6.27967103333333,3.95151901203385,0.00301935475227428,0.00410589294830275
"GBP2",1.44120083333333,9.08274408333333,3.95119733510377,0.0030208768147072,0.00410704985608415
"COQ5",1.51220666666667,9.58618466666667,3.95088938844238,0.00302233466771986,0.00410735448113175
"LOC643669",-1.96222183333333,5.99279315,-3.95086638707645,0.0030224435884366,0.00410735448113175
"GBF1",-1.38071393333333,5.9512813,-3.94949271030148,0.00302895600501508,0.00411529043719349
"GNL1",-2.08446533333333,5.93780246666667,-3.94908950708759,0.00303087034244922,0.00411572876675031
"CHMP6",1.71032066666667,5.01470886666667,3.9490500535325,0.00303105772939409,0.00411572876675031
"CCDC120",1.40439956666667,7.54053821666667,3.94899972190451,0.00303129680009429,0.00411572876675031
"GIMAP4",1.4118318,5.39362723333333,3.94880307989093,0.00303223102239395,0.004115922367572
"UBE2D3",-2.01165833333333,10.7075695,-3.9486865252668,0.00303278490242147,0.004115922367572
"MAP2K6",1.74106373333333,7.09057943333333,3.94792355921801,0.00303641323220323,0.00411993261357714
"ATP11C",-1.9858203,7.90857051666667,-3.94764745356015,0.00303772739554097,0.00412034214640515
"PPP1R37",-2.11170706666667,6.96118303333333,-3.94757716962384,0.0030380620173968,0.00412034214640515
"STARD13",-1.68465533333333,5.83036233333333,-3.94675922151406,0.00304195912569079,0.00412471319392205
"WFDC9",-2.12746603333333,5.56800421666667,-3.94595557155799,0.00304579324006094,0.00412899690731063
"NEDD4L",-1.6659953,3.31334355,-3.94411850878272,0.00305457677140524,0.00413956666498849
"CDH23",1.40638466666667,10.2267536666667,3.94399407598577,0.00305517268491712,0.00413956666498849
"KCNQ4",1.656665,6.99945283333333,3.9439006922921,0.00305561998350573,0.00413956666498849
"COBRA1",1.69419773333333,5.96704376666667,3.94274930456248,0.00306114068847236,0.00414612768033515
"FREM1",1.271919,3.54209226666667,3.94254212738178,0.00306213518212754,0.00414655667203548
"FAM89B",1.48770683333334,6.72924958333333,3.94204055143862,0.00306454426086797,0.00414890059481971
"C15orf63",-1.38531366666667,13.0002665,-3.94128557307256,0.00306817420119538,0.00415078384996785
"CRBN",1.16524166666667,10.2850441666667,3.94105516690031,0.00306928289720261,0.00415078384996785
"ANKRD11",1.77843863333334,6.60221775,3.94105489576911,0.00306928420211274,0.00415078384996785
"IER5L",1.789002,10.0752626666667,3.94104856853469,0.00306931465422352,0.00415078384996785
"LIMCH1",-1.6446682,3.536065,-3.94104588278589,0.00306932758046005,0.00415078384996785
"POLQ",-2.4402571,5.41566545,-3.94013526435894,0.0030737136020667,0.00415579664473902
"STYX",1.5532938,4.61088233333333,3.93942908502952,0.0030771194813287,0.00415948232142487
"CMC2",1.241796,10.1797646666667,3.93840771640382,0.00308205254222185,0.00416523027464398
"GRAMD3",1.46157866666667,6.01698451666667,3.93749630331759,0.00308646156719698,0.00417026763871712
"C21orf91",1.64023456666667,5.99966905,3.93677074310723,0.00308997626511979,0.00417336636121521
"NDUFB5",1.76128436666667,9.74742148333333,3.93668150683062,0.00309040882703545,0.00417336636121521
"ZNF655",2.08740283333333,4.52905978333333,3.93656027485267,0.00309099658637597,0.00417336636121521
"ISCA1",1.23342866666667,8.83387833333333,3.93637021699683,0.00309191826572529,0.00417336636121521
"CSH1",-2.0639836,8.17669486666667,-3.93631920543003,0.00309216569391771,0.00417336636121521
"PKNOX1",-2.39394516666667,8.59144341666667,-3.93593938934618,0.00309400862226321,0.00417493267556381
"PPIH",2.0541145,9.22396975,3.93552001054891,0.00309604485918854,0.00417675908456791
"C3orf62",1.2208349,5.20493931666667,3.9346185721454,0.0031004264501517,0.00418174802072929
"MAPK14",1.39285923333333,7.83600405,3.93253614478297,0.00311057342278616,0.00419450919122894
"LSM4",1.5233342,8.63219323333333,3.93235990434482,0.00311143378730282,0.0041947448018331
"CCDC69",-2.6426236,8.03932886666667,-3.93117759004478,0.00311721205265639,0.00420160901920066
"ACHE",-1.2679257,7.80163781666667,-3.93064443347042,0.00311982141811224,0.00420419987577328
"LIME1",1.20137766666667,9.12148116666667,3.93018487046474,0.00312207244915633,0.0042063068143445
"PPAPDC1B",-1.19296783333333,8.45792225,-3.92962416750878,0.00312482120052711,0.00420908324632867
"TBRG4",1.6893959,4.83709781666667,3.9294496846921,0.00312567709285922,0.00420930936696296
"SRPRB",1.5627752,8.3747304,3.92926251413295,0.00312659549696622,0.00420961955335373
"HEMK1",1.7959413,4.01891465,3.92862719147344,0.00312971500324135,0.00421289249501223
"ANKRD46",1.71858373333333,6.2951401,3.92834470155601,0.00313110311328162,0.00421383388628617
"ZC3H10",1.2781359,5.16148371666667,3.92776924230834,0.00313393283346924,0.00421671455358804
"COX7C",1.29217333333333,13.838295,3.92692990561785,0.00313806495426202,0.00422064412748744
"KCNS3",1.11123033333333,10.2993876666667,3.92689577467634,0.00313823310492651,0.00422064412748744
"CLEC18C",-1.45051053333333,4.07081226666667,-3.92566044854688,0.00314432549562087,0.00422790843565021
"BMP1",1.61742141666667,4.63575405833333,3.92545911139251,0.00314531963147155,0.00422831586581914
"ARHGEF4",-1.73492023333333,6.14345128333333,-3.92521855797814,0.00314650783812743,0.0042289839529138
"RTN4R",-1.40529836666667,5.77903648333333,-3.92460935999564,0.00314951906866552,0.00423210139734146
"PLA2G12A",1.276864,11.3071946666667,3.9243433680849,0.00315083480292499,0.00423293968473761
"RNF34",-2.0023244,4.948851,-3.92403609426131,0.00315235545949972,0.00423380584204736
"TRABD2B",1.428826,3.9761749,3.92393345377413,0.00315286358554557,0.00423380584204736
"FSTL3",1.22806146666667,7.07837016666667,3.9233683786,0.00315566255873371,0.00423663452585755
"HNF4A",-1.71179093333333,6.5069442,-3.92251290390436,0.00315990494065499,0.00424139939160317
"AP1G2",2.56858813333333,6.26354773333333,3.92106342190066,0.00316710677552381,0.00425013363734473
"TANK",1.24813433333333,10.7028971666667,3.9203468807266,0.00317067333303213,0.00425398672181811
"TMEM41B",1.424829,5.6840895,3.91931447435827,0.00317581953559139,0.00425995700915328
"CD2AP",-2.0560012,5.76906993333333,-3.91890877518365,0.00317784421733093,0.00426104677695474
"FLRT1",1.28653566666667,10.3831955,3.91887258036344,0.00317802491716974,0.00426104677695474
"FCF1",1.48541866666667,8.1132045,3.91867646925526,0.00317900417481643,0.00426142584170178
"IL2RA",-1.64977613333333,6.48878416666667,-3.91799632022298,0.00318240288086647,0.00426504727823463
"MCPH1",1.43209053333333,4.2926416,3.91770709936173,0.00318384927711814,0.00426605122150872
"MTX2",1.82670496666667,8.15856001666667,3.91611922588437,0.00319180258736134,0.00427566896295865
"ATP6V0D1",1.633434,6.39554976666667,3.91599514804115,0.00319242494651767,0.00427566896295865
"UBR5",-1.5629772,3.66203246666667,-3.91540133619681,0.00319540520273186,0.00427872379739844
"METAP1D",1.51056936666667,5.89109735,3.91513828293442,0.00319672636522426,0.00427955621497637
"SCN3B",-1.501214,8.78589966666667,-3.9146363443385,0.00319924890462769,0.00428199623682175
"CRISP1",-2.0965474,4.87215816666667,-3.9142904764499,0.003200988315481,0.00428338725155572
"ZNF292",-1.59703623333333,6.08949378333333,-3.9136200072563,0.00320436302117617,0.00428696544140735
"AKNA",-1.7305029,4.95466321666667,-3.91292752608575,0.00320785245297589,0.00429069551974343
"NOA1",1.3777435,10.27576075,3.912714401677,0.00320892719760431,0.00429119488414058
"CDH13",1.93105278333333,8.379961775,3.9114114360309,0.00321550604581449,0.00429881556625693
"TMUB1",-1.56016806666667,3.9593866,-3.91130754936485,0.003216031194305,0.00429881556625693
"EIF6",1.64255576666667,9.17716178333333,3.91055156617663,0.00321985541942927,0.00430298721189783
"BCAR1",-1.59858616666667,6.34015063333333,-3.91039351267639,0.00322065555549506,0.00430311655132536
"ZC3H7A",1.51207403333333,3.96770811666667,3.91007868832311,0.00322224995803033,0.00430430682166584
"KCNB1",1.28185973333333,5.64879946666667,3.90959322482692,0.00322471017734673,0.00430624757358058
"DYX1C1",1.6707219,8.02998505,3.90937649216403,0.00322580916785155,0.00430624757358058
"USP42",1.35308656666667,7.78349338333333,3.90937545630791,0.00322581442133374,0.00430624757358058
"GJB4",-2.538529,5.1737811,-3.90868434518668,0.00322932149160531,0.00430864788889955
"HTT",1.23423986666667,3.20089613333333,3.90864874593579,0.00322950225004394,0.00430864788889955
"INO80E",1.85632303333333,6.22124935,3.90860482589642,0.00322972527271875,0.00430864788889955
"MRPS28",1.84961403333333,7.91915365,3.90701932644938,0.00323778718586098,0.00431678930953652
"PSD",1.61200966666667,10.6712828333333,3.90701058235222,0.00323783170634148,0.00431678930953652
"UGT2B7",-1.7689086,4.76513236666667,-3.90677838329721,0.00323901418120394,0.00431678930953652
"HIF1A",1.57338666666667,9.67277283333333,3.90671245046573,0.00323935002733303,0.00431678930953652
"NINJ2",1.22954863333333,4.27150045,3.90671128722379,0.00323935595293922,0.00431678930953652
"ITFG1",1.6587421,7.71421105,3.90653479094603,0.0032402551650392,0.00431704727781137
"FOXD4L3",1.91268206666667,7.4066373,3.90596048095917,0.00324318297466108,0.0043197238911174
"SLC35G5",-2.07402723333333,5.33099671666667,-3.90586376705041,0.00324367629221859,0.0043197238911174
"ZNF638",1.27694683333334,12.13620025,3.90523683872955,0.00324687603929846,0.00432304409323786
"SLC25A21",1.25934056666667,6.68958518333333,3.90421806749948,0.00325208278082157,0.00432903447629817
"CC2D2A",-1.37168326666667,5.78514213333333,-3.90316301984827,0.00325748418786739,0.00433528132725096
"ZNF747",1.21877626666667,6.72642163333333,3.90207212708712,0.00326307903662397,0.00434178285038396
"APP",-1.2129528,6.64184073333333,-3.90087747477831,0.00326921763933417,0.00434900489616144
"WDR19",1.15001166666667,9.11223083333333,3.90034884984152,0.00327193780387577,0.00435167727915477
"FN1",-2.05040006666667,5.39427596666667,-3.8987662080925,0.00328009591074592,0.00436157939185906
"TRPV2",1.60520083333333,6.33629118333333,3.89826975623741,0.00328265939941084,0.00436403959269786
"SIAE",1.5630731,4.09545521666667,3.89647405084893,0.0032919493579879,0.00437543909888551
"PTMA",1.22056266666667,15.6134376666667,3.89623351018744,0.00329319587819864,0.0043761451743743
"NEDD9",-1.60176486666667,5.57251133333333,-3.89597150490067,0.00329455419669933,0.00437699947348676
"BET1L",-1.2842319,5.64914028333333,-3.89540825848702,0.00329747624110327,0.00437993044790921
"TEX19",1.31979713333333,4.432366,3.8945477901265,0.00330194549842576,0.00438491481644645
"TPBG",1.138541,10.7762631666667,3.89430405350877,0.00330321262020458,0.00438564557517613
"KLC1",-1.29512398333333,9.399885675,-3.89400287204947,0.00330477908921877,0.004386143606914
"UBAP2",-2.3827111,6.50221711666667,-3.89384487847791,0.0033056011390593,0.004386143606914
"NPVF",-1.57590816666667,6.39937421666667,-3.89381848157841,0.00330573850465519,0.004386143606914
"PARP8",1.4914953,7.56998285,3.89275195672733,0.00331129357058104,0.00439256159254441
"CELF5",1.22414713333333,6.8856572,3.89213898739228,0.00331449070640269,0.00439513731431346
"CABP4",1.40171033333334,9.6046905,3.89210423907879,0.00331467204449858,0.00439513731431346
"SLC22A12",-1.35301843333333,5.08662478333333,-3.8918497739978,0.00331600031814919,0.00439594581721273
"FOXM1",-2.10749896666667,4.79318745,-3.89094658599325,0.00332071936203818,0.0044012480625974
"EFCAB1",1.23711363333333,6.42130598333333,3.88987069153116,0.00332634999907957,0.00440775596585852
"HIGD2A",1.34270983333333,10.9053885833333,3.88933222559894,0.00332917180314776,0.00441053986393634
"IFLTD1",-2.0019055,8.17532325,-3.88843065173266,0.00333390209655438,0.00441585040630433
"TRIM62",-2.37640213333333,5.0817151,-3.88738553039377,0.0033393943925502,0.00442200119422704
"MYCL1",1.3665686,3.47933466666667,3.88727203152396,0.00333999142179195,0.00442200119422704
"CSMD3",-2.381682,6.34562933333333,-3.88694097006015,0.00334173352014447,0.00442335042757331
"SYDE1",-1.10793566666667,10.1433971666667,-3.88618915718624,0.00334569323110065,0.00442742744820975
"UBA7",1.34851803333333,6.27619898333333,3.8860483523094,0.0033464353826653,0.00442742744820975
"NCKIPSD",-1.7033793,6.59826255,-3.88594416795318,0.0033469846269974,0.00442742744820975
"SPG7",1.26478253333333,6.4549131,3.88492958819695,0.00335233830099704,0.00443355074048851
"AHI1",1.22928143333333,6.66096985,3.88358760711244,0.003359433429314,0.00444136375738556
"MFAP3",1.39151326666667,6.85779393333333,3.88353765120661,0.00335969785373985,0.00444136375738556
"KRTAP5-11",-2.29256466666667,5.60675513333333,-3.88243651116958,0.00336553192390437,0.00444811499469581
"P4HTM",1.14901436666667,5.62910025,3.88225394642908,0.00336650021955861,0.00444843376744267
"NGLY1",1.646232,11.5440316666667,3.88195187992178,0.00336810297807711,0.00444959058947867
"C22orf43",1.4836077,3.66377441666667,3.88134846034444,0.00337130711345854,0.00445286202939105
"MOGAT3",1.62692033333333,12.1180951666667,3.88094687484849,0.00337344129436003,0.00445471915365738
"PLCE1",1.1091163,5.02083328333333,3.87971563944466,0.00337999341890286,0.00446240822979018
"TSPY4",-1.59803563333333,4.99431161666667,-3.87938788107538,0.00338173986821749,0.00446375070415417
"MRPS33",1.52949566666667,9.71607583333333,3.87816945390826,0.00338824054352525,0.00447136661891447
"SHISA9",-1.76705846666667,5.31570253333333,-3.87762831956482,0.00339113187189802,0.00447421712147338
"CASP8AP2",-1.56888133333333,5.59404233333333,-3.87730930829283,0.00339283759300105,0.00447550245665814
"ZNF124",-1.453488,9.204842,-3.87699915847794,0.00339449679799136,0.00447672589137985
"KCTD14",1.43426333333333,10.8731443333333,3.87639917171215,0.00339770896339188,0.0044798926407478
"APEX1",1.1060205,13.58474625,3.87627717431372,0.00339836249521257,0.0044798926407478
"RNF149",1.34085566666667,9.6704785,3.87545199302,0.00340278640871736,0.00448475813195451
"DUSP19",1.42762403333333,4.6750072,3.87510955925567,0.00340462402249733,0.00448530206716566
"PNO1",1.1577685,9.06261941666667,3.87510185449261,0.0034046653808299,0.00448530206716566
"C6orf25",-1.3702847,4.63125608333333,-3.87490502791009,0.00340572210377466,0.0044857282736046
"TCEAL2",-1.36829433333333,9.72934583333333,-3.87416839823965,0.00340967998497131,0.00448997463367509
"C16orf82",1.38815983333333,5.08278541666667,3.87260540162126,0.00341809393270741,0.00450008579305013
"MUC7",-1.971943,10.4523528333333,-3.87218258754044,0.00342037378263211,0.00450211850304287
"SNRPB",1.17847766666667,12.3086278333333,3.87185796479948,0.00342212526167108,0.00450306364191915
"RAPSN",-2.31013573333333,4.77210663333333,-3.87177669418553,0.00342256389913764,0.00450306364191915
"GLOD5",-1.6937361,7.63786845,-3.86869764409593,0.00343922592084293,0.00452401293995206
"FAM54A",1.88130026666667,5.21804193333333,3.86844236978594,0.00344061114042532,0.00452486220058514
"SERBP1",1.40410733333334,13.5621915833333,3.86819722257428,0.00344194195863754,0.00452563956650429
"CDKL2",1.36612743333333,5.24594071666667,3.86779697739265,0.00344411591282762,0.00452752495803166
"NIPA2",1.4949439,6.64466081666667,3.86732181916558,0.00344669863618817,0.00452994677899017
"CCNI",1.1246675,12.76761225,3.86660167121891,0.00345061688484365,0.00453412244447454
"SLC3A1",1.6810015,4.44013615,3.86605050943234,0.00345361886187781,0.00453709259114633
"CENPBD1",1.79460553333333,4.41880643333333,3.86581493334367,0.00345490279648294,0.00453780491818004
"COPS4",1.088229,11.6658258333333,3.86546889297756,0.0034567896926887,0.00453835930625747
"CSF3",1.38495036666667,4.11576188333333,3.86546544595395,0.00345680849414184,0.00453835930625747
"IQCE",-1.37673423333333,4.86669551666667,-3.86513440532024,0.00345861462404384,0.00453975633338344
"C12orf61",2.19765456666667,6.39518411666667,3.86295107367275,0.00347055157959109,0.00455444756841233
"CHMP4A",-1.46830533333333,11.4080863333333,-3.86251560625673,0.00347293759332475,0.00455645477948253
"OSBPL8",-1.32062286666667,4.77618743333333,-3.86239583535443,0.00347359414462812,0.00455645477948253
"CENPB",1.22786566666667,11.1009558333333,3.86226429040702,0.00347431538840896,0.00455645477948253
"MEN1",1.629129,4.70886083333333,3.86160827316085,0.00347791459681308,0.00456019749320669
"ZNF280C",2.01310503333333,4.30896828333333,3.86017663848082,0.00348578281455957,0.00456829428749463
"LRRC59",-1.25116723333333,6.21881528333333,-3.86008737108539,0.00348627404474156,0.00456829428749463
"CNTLN",-1.1291823,6.15993301666667,-3.86007723069287,0.00348632985098274,0.00456829428749463
"INCA1",-1.7499201,6.99069788333333,-3.8595761767135,0.00348908850205178,0.00457093007613551
"STAT6",-1.16411346666667,4.4245809,-3.85815791395322,0.00349690947536375,0.00458019528372413
"PTTG2",1.57981166666667,11.7988935,3.85728856776207,0.00350171257219008,0.00458550460544925
"PAQR7",-1.18961793333333,5.0160156,-3.85675457275079,0.00350466630773371,0.00458839042814355
"SCN4A",-2.21855246666667,4.52402926666667,-3.85659433468863,0.00350555315806077,0.00458856958087629
"FAF2",-1.35491226666667,7.60529903333333,-3.85591747133598,0.00350930191623919,0.00459249393017141
"OR52I1",1.14198363333333,3.40940735,3.85553329648492,0.00351143151523125,0.00459429812022772
"RAB3GAP2",1.54251053333333,6.67610206666667,3.85518166069098,0.00351338193115566,0.00459586714877278
"RNF219",1.97355786666667,6.30394606666667,3.85489805509848,0.00351495583411933,0.0045969430938739
"CCL1",2.45798706666667,6.2522418,3.8541427771135,0.00351915095563286,0.00460048737150802
"CWF19L1",1.97422136666667,4.78730925,3.85413938473104,0.00351916981017612,0.00460048737150802
"F2",-1.9487663,5.16542285,-3.85398066853887,0.00352005205859452,0.00460065765744099
"CUL4B",1.2043259,7.46882061666667,3.85361507843111,0.00352208513229714,0.00460233166155359
"DNASE2B",1.96401846666667,4.6169512,3.85271073222721,0.00352711957386737,0.00460792602026918
"CPNE8",-1.75249146666667,4.33738206666667,-3.85228389836541,0.00352949835989644,0.00461004930953169
"TPM4",1.24084446666667,5.2217948,3.85208504985363,0.00353060713751061,0.00461051322674278
"CCDC132",1.50014055,7.135999725,3.85167936796708,0.00353287035193848,0.00461231916335112
"ELAVL1",1.16507553333334,7.9193419,3.85156693499969,0.00353349786182195,0.00461231916335112
"SEPT7",1.56042843333334,7.54720325,3.84990826789906,0.0035427688260546,0.00461953572795304
"RERGL",1.58412843333333,4.05103678333333,3.84982876887851,0.00354321382000127,0.00461953572795304
"CTRB1",1.59452233333334,12.0069145,3.84979901628078,0.0035433803745941,0.00461953572795304
"SGK2",-2.01866233333333,7.5200104,-3.84974239012256,0.0035436973897098,0.00461953572795304
"LGR6",-1.57080736666667,3.67208321666667,-3.84963569039389,0.00354429481703959,0.00461953572795304
"NRD1",1.10060086666667,7.68240773333333,3.84953354441463,0.00354486684645345,0.00461953572795304
"ME2",1.13115533333334,9.64970866666667,3.849459692081,0.00354528048859306,0.00461953572795304
"SOX30",-1.4035722,6.88296923333333,-3.84940499175059,0.00354558689430811,0.00461953572795304
"NOV",-2.06322253333333,7.84633906666667,-3.84928787434504,0.00354624302494532,0.00461953572795304
"POLDIP2",1.77618993333333,6.44613503333333,3.84922823369244,0.00354657720075113,0.00461953572795304
"TM9SF3",1.90098166666667,9.3502085,3.84712339195668,0.00355839217791248,0.00463393855778386
"SSH1",-1.4368631,3.93928605,-3.84656629521823,0.00356152621336497,0.00463703285238708
"OR2T6",-1.72064293333333,7.42630476666667,-3.84639081835222,0.0035625139868604,0.00463733203651317
"WDR83",1.16077106666667,3.3614034,3.84610371067311,0.00356413076027173,0.00463844968971335
"GMPPB",-1.5173645,9.91701841666667,-3.84564421051667,0.00356671992281703,0.0046408320901307
"GPR25",1.2372404,4.30243473333333,3.84535497544301,0.00356835070016557,0.0046419667411467
"CUX1",1.39560573333333,3.86724123333333,3.84422812373205,0.00357471164080323,0.0046492529375923
"ABCA9",1.48260323333333,3.29786471666667,3.84390773376061,0.00357652237825843,0.00465061932203721
"EMR3",-2.38800833333333,7.95875116666667,-3.8433655491107,0.00357958882172417,0.00465361759696312
"CDC42EP2",-1.29383866666667,6.20854643333333,-3.84307744186833,0.00358121939918114,0.00465474830766734
"ASB7",-1.95185116666667,5.79475448333333,-3.84277605026078,0.00358292599657226,0.00465597732519734
"C6orf226",1.41890033333334,10.5854211666667,3.84219194863235,0.00358623584269782,0.00465928878437572
"BRI3BP",-1.45573623333333,7.39825335,-3.84203070186593,0.0035871501228329,0.00465948714469037
"ZNF3",2.122445,4.87099363333333,3.84097550760012,0.00359313919595004,0.00466589520453077
"SPATA25",1.462577,4.3254948,3.84089286033881,0.00359360872895538,0.00466589520453077
"CDK8",2.042868,4.65755343333333,3.83950309436771,0.0036015138893458,0.00467306703500687
"HSD17B1",1.70522253333333,3.69937406666667,3.83947997307824,0.00360164556053587,0.00467306703500687
"SLC6A3",1.52057293333333,4.5048132,3.83945748728419,0.00360177361755694,0.00467306703500687
"TMIGD2",-2.42600926666667,4.88307533333333,-3.8393847895215,0.00360218766542864,0.00467306703500687
"HHATL",-1.55484716666667,4.08158925,-3.8386164474933,0.0036065667930856,0.00467706727435877
"OR51F1",-1.37052696666667,3.85834265,-3.83857552888658,0.00360680016352152,0.00467706727435877
"DLGAP5",2.1477004,6.22247133333333,3.83829967196928,0.00360837386803236,0.00467811640699766
"RPS20",1.37949213333333,7.64462593333333,3.83791112604068,0.00361059166317658,0.00467992809454577
"TTC34",1.08844646666667,8.03675143333333,3.83766235962262,0.00361201235798492,0.00467992809454577
"C14orf119",1.33194143333333,9.01519228333333,3.83765294951737,0.00361206611023948,0.00467992809454577
"NFXL1",1.31625076666667,6.76187988333333,3.83656189924484,0.00361830409271106,0.00468602986561377
"MAGEL2",1.21219063333334,5.07709155,3.8365613095434,0.00361830746733564,0.00468602986561377
"SMYD3",1.3665946,3.32253603333333,3.8360968912301,0.0036209661741127,0.00468848064618444
"ALG3",1.9274839,5.31031341666667,3.83515103741267,0.00362638735784747,0.00469450652884274
"GCC2",-1.4389453,5.04447025,-3.83292126436263,0.00363920113393948,0.00471009785010403
"CXorf40A",1.18498438333333,6.37867890833333,3.83262371725208,0.0036409146342647,0.0047113188943383
"KCTD2",-1.80309923333333,7.57678671666667,-3.83241836672768,0.00364209769161117,0.00471185317768601
"PCIF1",1.6640831,4.23799145,3.83219898956951,0.00364336200489591,0.00471249233529665
"LOR",1.32844333333333,10.2880546666667,3.83035802604475,0.00365399002580102,0.00472524011368647
"RNF151",1.32460386666667,3.43643403333333,3.82978722908488,0.00365729189122704,0.00472851052208939
"SLC22A17",1.56619136666667,4.40160048333333,3.82914588843695,0.00366100556797994,0.0047321486671134
"RGS4",1.5539713,4.39099298333333,3.8290341845233,0.0036616527934153,0.0047321486671134
"EXT1",1.6762154,4.4407592,3.82755687773817,0.00367022379741164,0.00474222369431139
"ISM1",-1.42360023333333,4.34353441666667,-3.82713073379894,0.00367270010440709,0.004744328564089
"SLN",1.55555863333333,4.05569228333333,3.82700969209482,0.00367340379341118,0.004744328564089
"NUBPL",-1.6348534,3.99840336666667,-3.826709346612,0.00367515049613969,0.00474558267948135
"FCAR",1.16491328333333,7.11094469166667,3.82572565939906,0.00368087738316866,0.00475197464237727
"DUS3L",1.29768223333333,4.91477825,3.8254293569577,0.00368260425053232,0.00475251847461805
"WAC",-1.37654356666667,6.77801788333333,-3.82538681562134,0.00368285225370451,0.00475251847461805
"IMPA1",1.76350375,6.25823110833333,3.82511457452328,0.00368443975274464,0.00475356440474308
"OSCP1",-1.3382415,6.91904185,-3.82454772971869,0.00368774745932494,0.00475682879109213
"VPS39",-1.3257771,5.37331315,-3.82345339966615,0.00369414202543822,0.00476356346382953
"MCOLN1",-1.3837771,6.74933951666667,-3.82338779178535,0.00369452576591552,0.00476356346382953
"MARK2",-2.37403713333333,7.2019809,-3.82309887645057,0.00369621612992268,0.00476473878695048
"TEAD2",1.54996636666667,3.82767815,3.8221051613068,0.00370203628874568,0.0047712361522111
"CXCR7",1.2357689,6.13050875,3.82147371792998,0.00370573963465713,0.00477403731136735
"CD46",2.01883955,8.264648725,3.82146847824313,0.00370577038111859,0.00477403731136735
"ELK1",1.2612136,6.43688933333333,3.82117034540492,0.00370752026489197,0.00477456074876451
"CYP51A1",1.694149,10.0318788333333,3.82113334216379,0.00370773751509974,0.00477456074876451
"ESD",1.19827133333334,11.726904,3.81996248387415,0.0037146186666843,0.00478241519418657
"LRP1",-2.1293809,4.96469788333333,-3.81907178066044,0.00371986232587603,0.00478815857557533
"NADSYN1",1.79595526666667,3.86739626666667,3.81858679955906,0.00372272072699615,0.00479082991328617
"GFRA3",1.57064146666667,4.21846973333333,3.81817677402686,0.00372513915172886,0.00479189954712295
"CLIC6",2.02974356666667,4.60742468333333,3.81815970883687,0.00372523984190086,0.00479189954712295
"RERE",-1.49949446666667,3.97323566666667,-3.81804756034012,0.00372590162563973,0.00479189954712295
"MANEAL",-1.19044055555555,5.982598,-3.81777987915209,0.00372748170065828,0.00479292413716422
"CCDC126",-2.03055926666667,8.3797977,-3.81744952370837,0.00372943270113482,0.0047944251451025
"DPYSL3",-2.11581316666666,10.18291125,-3.81598608141519,0.00373808835087832,0.00480454296862891
"SLC44A1",1.729525,9.50462716666667,3.81413417562855,0.00374907185389915,0.00481764788955157
"ZNF384",-1.5828928,6.44573566666667,-3.81383248478537,0.00375086436602178,0.00481893914139464
"RORC",-1.751495,4.98245123333333,-3.81351176287398,0.00375277093933653,0.00481956990036205
"PHOSPHO2",1.23555513333333,8.26546976666667,3.81348486884891,0.00375293086062844,0.00481956990036205
"FOSL1",-2.22784513333333,5.53625243333333,-3.81311282117032,0.00375514392093706,0.00482139989680859
"TGFBR1",1.2459295,4.06707498333333,3.81205147624725,0.0037614646797937,0.00482850207951696
"DMKN",1.35078775,7.58855424166667,3.8096798359459,0.0037756292161637,0.0048456680395405
"CNKSR2",1.84787593333333,3.99044583333333,3.80849341584288,0.00378273607647166,0.00485377082966728
"VWA5B1",1.1269353,4.69596445,3.80824405917185,0.00378423155147979,0.00485388441424474
"SH3BP5L",-1.8159806,5.87573793333333,-3.80821408594121,0.00378441135272106,0.00485388441424474
"TRIQK",1.5144949,7.84101988333333,3.80789925565086,0.00378630047590117,0.00485528952244044
"APC2",-1.24742326666667,6.93415636666667,-3.80732125892843,0.00378977129420884,0.00485872187300287
"FAM26F",1.4566732,5.52799506666667,3.80679648853267,0.00379292538687754,0.00486174680848875
"C3orf26",-1.89849633333333,8.42789183333333,-3.80514227024247,0.00380288599262073,0.0048730958537847
"LATS1",-1.32706523333333,6.47662678333333,-3.80506159644158,0.00380337245861751,0.0048730958537847
"C11orf54",1.2986496,8.20776603333333,3.80477203192336,0.00380511908158703,0.00487431292737635
"MTHFSD",-1.4480418,5.40357323333333,-3.80436450172623,0.00380757868812431,0.00487644262381087
"TSNAXIP1",-1.70025563333333,3.97433685,-3.80331978568004,0.00381389159228403,0.00488350539171069
"CDO1",1.9017129,6.32176801666667,3.80313037739784,0.0038150373058035,0.00488395024835862
"GOLGA8B",1.09826166666667,12.1892348333333,3.80297186664979,0.00381599640069961,0.00488415606265276
"PLA2G3",-1.2226193,5.70036105,-3.80258287181062,0.00381835114994944,0.00488614773800266
"DTNB",-1.881497,7.984262,-3.80236748217266,0.00381965565016108,0.00488679491168663
"SCML2",1.253505,3.77911993333333,3.80158723879115,0.00382438508739269,0.00489182269802812
"OXGR1",2.08019373333333,4.56715213333333,3.80128417540426,0.00382622376050665,0.0048931515398787
"MUTYH",-2.08313643333333,6.64711811666667,-3.80088754113114,0.00382863152664152,0.00489520745663382
"FCGR2B",1.2503503,7.62053583333333,3.80060530335741,0.00383034581816336,0.00489595868304418
"LMLN",-1.27596656666667,4.85437518333333,-3.80052732679739,0.00383081958413411,0.00489595868304418
"MAGEA2",-1.3922557,3.87246235,-3.79971654334716,0.0038357493476513,0.00490087371103886
"GAD1",1.32858766666667,4.4015466,3.79958175144506,0.00383656956116392,0.00490087371103886
"TSPO",1.51000093333333,8.24749486666667,3.79949977203506,0.00383706849883559,0.00490087371103886
"PPP2R5C",1.59537753333333,7.8087641,3.79877668850544,0.00384147223346108,0.00490429874227511
"KLRC2",1.14076746666667,4.8092906,3.79864739718228,0.0038422602045389,0.00490429874227511
"POC5",1.99793373333333,4.45503716666667,3.79862679688943,0.00384238576950918,0.00490429874227511
"BCS1L",1.24576826666667,6.12248686666667,3.7985331631428,0.0038429565496023,0.00490429874227511
"MCM3",1.88446546666667,3.94656603333333,3.79610272185274,0.0038578034129625,0.00492209232003092
"SVIL",-1.14702193333333,4.99773666666667,-3.79598754930404,0.00385850846140378,0.00492209232003092
"BLM",-1.51990833333333,3.77320756666667,-3.79568734850215,0.0038603468277924,0.00492341085937751
"MDP1",1.14045166666667,10.7597021666667,3.79366286383098,0.00387276837774696,0.0049382236213122
"GLYR1",-1.5357552,6.27279883333333,-3.79284399384322,0.00387780459691261,0.0049436150289459
"PTGS2",-1.26678366666667,5.97718056666667,-3.7910210006275,0.00388904108481993,0.00495690694936007
"WTAP",-1.2615211,3.36996711666667,-3.79053482466006,0.00389204352451986,0.00495970053801551
"MAN2C1",1.33969676666667,5.92664828333333,3.79038982723568,0.00389293944495755,0.0049598091470742
"FAM178A",2.01678026666667,5.26555056666667,3.79010419221529,0.00389470498031174,0.00496102541527112
"ESM1",-1.8721248,6.40896106666667,-3.78921878398053,0.00390018310938309,0.00496696924712859
"MAGEB6",-1.32293453333333,4.8369932,-3.78844259119613,0.0039049921618128,0.00497205869843303
"PSG6",1.81091026666667,4.6214752,3.78806151764066,0.0039073554541576,0.00497328385844622
"EEF1G",1.35906566666667,9.99609016666667,3.78802529477982,0.00390758017449346,0.00497328385844622
"HSD3B7",-2.2518792,5.7986004,-3.78642289615148,0.00391753476223279,0.00498491632182617
"PDE1B",-1.57013566666667,5.8415967,-3.78534621212212,0.00392423839822964,0.00499240809323538
"MTNR1B",1.4058797,3.28877255,3.78461435010559,0.00392880198012689,0.0049971747431219
"MCM9",1.64622013333333,6.4700998,3.7842770407356,0.00393090717341437,0.00499881315463503
"PRR25",-1.63178926666667,5.92005543333333,-3.78389476587091,0.00393329443358748,0.00500080950637743
"PLP2",1.830922,13.069703,3.78338188796727,0.0039364996841927,0.00500384480945168
"CNOT6",-1.52354106666666,7.87194313333333,-3.78302601989646,0.00393872530644871,0.00500563386473893
"RAPGEF4",-1.41517803333333,3.39945598333333,-3.78277846654606,0.00394027430012629,0.00500656244406493
"MMP23B",1.14285033333334,9.15717383333333,3.78235171256524,0.00394294609119464,0.00500891698212807
"KIR3DL2",-1.52451883333333,3.67430415,-3.78114491029229,0.00395051184826981,0.00501665629806498
"CASP2",1.21084546666667,3.42876203333333,3.78111838177651,0.0039506783334549,0.00501665629806498
"NDE1",-1.55920916666667,9.38631575,-3.78069458860965,0.00395333893360634,0.00501899306823067
"SLIT2",-1.2655689,5.49894488333333,-3.77931860543847,0.00396199041329777,0.00502790498928697
"MRPL10",1.19563936666667,5.99542151666667,3.77931672014112,0.00396200228070489,0.00502790498928697
"TLE1",-1.09729883333333,11.8885750833333,-3.77905245622705,0.00396366611549637,0.00502897330871149
"PPP2R2B",1.16719503333333,3.48994848333333,3.77862872418828,0.00396633550974639,0.00503131674240688
"COCH",1.2933862,4.9441179,3.7782373470406,0.0039688027530506,0.00503340282818482
"C12orf52",-1.86198633333333,8.98930116666667,-3.7774908044151,0.00397351342785444,0.00503833267390952
"SNAPC5",1.4033859,4.47143381666667,3.77702214871164,0.00397647363684992,0.00504104138214833
"PLEKHG4",-1.11333128333333,9.23380385833333,-3.77634510514203,0.00398075419023987,0.00504403113586875
"AHDC1",1.53383946666667,7.7065305,3.77630568608775,0.00398100356293105,0.00504403113586875
"AQP7",1.23409766666667,12.9512738333333,3.77618327911549,0.00398177803800006,0.00504403113586875
"SNTB2",-1.17671316666666,8.52208191666667,-3.77612607636826,0.00398214001685842,0.00504403113586875
"GGNBP2",1.24853166666667,12.4938421666667,3.77599741662042,0.00398295430163157,0.00504403113586875
"CDK5RAP1",1.3029787,3.83018448333333,3.77516511009953,0.00398822617423,0.00504966219659336
"ZC2HC1A",-1.08376033333333,11.0697568333333,-3.77498563308718,0.00398936395024071,0.00505005765519815
"GPR62",-1.52063346666667,7.10660626666667,-3.7744928391997,0.00399248971793899,0.00505296898931543
"RGP1",1.17793066666667,6.1162859,3.77399605118539,0.00399564342128714,0.00505542624831043
"TOPBP1",1.63559316666667,3.49250678333333,3.77380958412431,0.00399682782365671,0.00505542624831043
"MSX2",-1.15929,10.3571143333333,-3.77379661321112,0.00399691022606694,0.00505542624831043
"FOSL2",-1.08872823333333,5.68366388333333,-3.77301790215818,0.00400186053640945,0.00506064133149091
"CYP39A1",1.88572506666667,7.00937513333333,3.77271405020981,0.00400379388482704,0.00506203988166395
"OLA1",1.36276386666667,6.95371943333333,3.77152813980081,0.00401134897364835,0.00507054401255797
"TGFBI",1.75749943333333,4.62965811666667,3.77059510955133,0.00401730354919268,0.005075305615204
"ZNF419",1.39767756666667,6.99184045,3.77051802235857,0.00401779593227386,0.005075305615204
"ZKSCAN3",-1.62372113333333,4.93312866666667,-3.77046531747592,0.00401813261338464,0.005075305615204
"RPAP3",1.33340816666667,9.48315725,3.77041811121447,0.00401843419418898,0.005075305615204
"KPTN",1.1695189,5.03142155,3.77001768488605,0.00402099330358596,0.00507748958335169
"TRIM67",1.747246,4.74452776666667,3.7697956558663,0.00402241301938735,0.00507823418337016
"FILIP1L",-1.2835033,5.25076368333333,-3.76767641038241,0.00403599056330154,0.00509432437926116
"MRPL37",1.537248,7.394441,3.76703058848051,0.0040401377551247,0.00509719550967524
"MFSD11",1.3309047,6.45643485,3.7670086519553,0.00404027870057692,0.00509719550967524
"DNMT3A",-1.45435456666666,7.05976371666667,-3.76693302334633,0.00404076466523781,0.00509719550967524
"WIF1",-1.95542386666667,5.80750326666667,-3.76667013799469,0.00404245435743005,0.00509825627579757
"PITX2",-2.00648176666667,5.92596955,-3.76654293465238,0.00404327222134191,0.00509825627579757
"EPSTI1",-1.15700853333333,7.60226793333333,-3.7662267038887,0.00404530620419014,0.00509976990670415
"IMMT",1.45456046666667,8.3210011,3.76607665055109,0.00404627171634964,0.00509993620944109
"CCDC43",-2.15416966666667,9.1956485,-3.76573633387464,0.00404846236623945,0.0051016462938523
"TMEM125",-1.49517643333333,8.02546711666667,-3.76530791800043,0.00405122188785478,0.00510407238671654
"OSBPL11",-1.89677,8.15022966666667,-3.76471937594535,0.00405501603519207,0.00510780061176562
"ANK1",-1.7980781,6.07007191666667,-3.7645899615936,0.00405585082902213,0.00510780061176562
"GHDC",1.39169833333333,6.6135134,3.76384482733635,0.00406066086366046,0.00511280575506785
"TMC5",-1.26656776666667,4.01044531666667,-3.76305104128004,0.00406579154124823,0.0051182124792915
"MRPS18B",-1.2922172,6.9851686,-3.76233355835513,0.00407043488041305,0.00512250902931452
"ADAM33",1.360685,3.63221373333333,3.76226494879894,0.00407087919263276,0.00512250902931452
"RPAIN",1.15840183333334,11.3818615833333,3.76208012195335,0.00407207637561102,0.00512296180670126
"DPP7",-1.266883,9.1470015,-3.76140235272579,0.00407646966606934,0.00512743450185284
"RARRES1",-1.4639536,7.8289663,-3.76105987094873,0.00407869151856433,0.00512917465787802
"CTRB2",1.25246733333334,9.173449,3.7599662714996,0.0040857947586784,0.00513705144545714
"FAM83A",-1.26217483333333,7.85993358333333,-3.75963767307847,0.00408793163318773,0.00513868208996148
"ZNF493",-1.29680333333333,9.464032,-3.75942007377314,0.00408934732587583,0.00513940569837887
"PAX3",-2.00544293333333,4.46936876666667,-3.75926559399171,0.00409035267747298,0.00513961340743062
"CLCN3",2.11029453333333,4.76679513333333,3.75905177742346,0.00409174461952338,0.00514030669039919
"ZDHHC7",1.97600843333333,4.00405111666667,3.7574722811704,0.00410204251441481,0.00515218560935943
"CCNJ",1.25430063333333,6.51926615,3.75703271227165,0.00410491321879624,0.00515473297877573
"ERG",-1.21819926666666,5.87178016666667,-3.75577030641971,0.00411316936685764,0.00516404067031296
"PPP2CA",1.26820216666667,12.05006325,3.75533750895669,0.00411600387406325,0.0051665391262862
"CDC27",-1.27158823333333,7.71035421666667,-3.75507839562521,0.00411770185736442,0.00516761024889343
"SEC61A1",1.2117527,6.01168865,3.75467415477953,0.00412035233602762,0.00516987604426107
"SLC22A23",-1.1228178,6.84718476666667,-3.75445394483966,0.00412179693529343,0.00517043195512802
"REXO4",1.26756953333333,3.4856797,3.75434899116235,0.00412248562881898,0.00517043195512802
"CPNE2",-1.49972933333333,9.43361083333333,-3.75376316698735,0.00412633195450851,0.00517419530594037
"ANKRD10",1.09874863333333,8.05655801666667,3.75336090486071,0.00412897525229807,0.00517644889212287
"UTY",1.56243423333333,3.59429535,3.7523479737162,0.00413563917505689,0.00518374113357879
"HECTD1",-1.4600352,4.14205473333333,-3.75213878323088,0.00413701681259031,0.00518440574752714
"CTAGE15P",1.80294666666667,9.28695266666667,3.75127369985528,0.00414271898722511,0.00519048838088127
"WDR11",1.90171923333333,5.70505931666667,3.75101586011524,0.00414442012499793,0.00519155657754655
"CHMP3",-1.699683,10.7117701666667,-3.75045966731877,0.00414809218817481,0.00519509273434053
"KRTAP5-8",1.3318458,3.23259186666667,3.75005926079142,0.00415073784044243,0.00519734222427892
"SLC5A8",1.3745893,3.58559328333333,3.74966307109062,0.00415335737194041,0.00519955809321289
"ZNF584",-1.3327869,3.33298158333333,-3.74937743641866,0.00415524700980924,0.00520085949386516
"H2AFY2",1.412619,11.0334218333333,3.74813094846349,0.00416350380224913,0.00521012809616694
"FOXE3",1.27521066666667,7.349785,3.74658688208187,0.00417375562755483,0.00522188894261359
"INTS9",1.59235026666667,3.80805093333333,3.74433278464773,0.00418876924877251,0.00523904213655409
"ANP32E",-1.59748503333333,7.49470348333333,-3.74427145793238,0.00418917851128189,0.00523904213655409
"CD8B",1.66736116666667,5.84879958333333,3.74400968485243,0.00419092591972357,0.00524006382769501
"HEXB",1.27901766666667,10.1538171666667,3.74389249200161,0.00419170846236342,0.00524006382769501
"SULT1C2",1.76972373333334,7.6095288,3.74340277643097,0.00419498014328107,0.005243082434442
"NMNAT2",-1.88819983333333,4.45098735,-3.74301063157956,0.00419760190607528,0.00524528767593312
"YTHDF1",1.65648656666667,5.54542885,3.74246978079012,0.00420122069092645,0.0052487376326502
"HDGFRP2",-1.49287266666667,6.92727593333333,-3.74231829994435,0.00420223482208407,0.00524893275653539
"HBA2",1.567177,15.6113601666667,3.74209935679632,0.00420370105216946,0.00524969239378909
"EMP2",2.1603,12.4963813333333,3.74183819560327,0.00420545071175879,0.0052508056029674
"THTPA",1.91862396666667,4.21969335,3.74028212219728,0.00421589152445502,0.00526276766917279
"FAM105A",1.12276013333333,7.83311493333333,3.73998522891837,0.00421788667948068,0.00526418415035961
"SGOL1",-1.75213425,7.74745059166667,-3.7396901939447,0.00421987032704815,0.00526558569465237
"RNASE6",1.7786327,7.83618665,3.73930715325005,0.00422244713422613,0.00526772666541506
"IK",-1.515873,11.2695258333333,-3.73858014392367,0.00422734243876595,0.00527275862188993
"WDR1",1.17818723333333,7.33254478333333,3.73816786790586,0.0042301211352509,0.00527514902272014
"PSMB3",1.203806,11.381609,3.73760666098453,0.00423390668752859,0.00527879378730383
"C11orf87",1.27738816666667,10.4035804166667,3.73669550613014,0.00424006033544358,0.00528538898374976
"DGKI",-1.45282346666667,5.02541176666667,-3.73642745675394,0.00424187243919464,0.00528657070340045
"CYP20A1",1.35462913333333,6.88044536666667,3.73562860815443,0.00424727774011366,0.00529222916782391
"NOSTRIN",-1.38267756666667,5.17991891666667,-3.73515278602958,0.00425050075655617,0.005294486766524
"ANKFN1",1.16748593333333,5.79038636666667,3.73510562193431,0.00425082036566948,0.005294486766524
"GSR",-1.41128663333333,8.06505068333333,-3.73406085262471,0.00425790674396946,0.00530223355579181
"AKIRIN2",1.20770083333333,11.3046679166667,3.73192966122562,0.0042724004372211,0.00531919940474535
"DNASE1L1",1.43674633333333,4.82418613333333,3.73170344092726,0.00427394193702712,0.00532003596556092
"VWA3B",-1.74573116666667,9.11140225,-3.73148668833219,0.00427541946929376,0.00532032026529158
"ASMTL",1.27151543333333,3.24456525,3.73141480847394,0.00427590956921195,0.00532032026529158
"BACE2",1.29883645,6.88329149166667,3.73036425452356,0.0042830793058408,0.00532815762365474
"RIMBP3B",-1.45168516666667,5.90659785,-3.72998042791287,0.00428570195666721,0.00533033636326286
"OSGIN2",1.3634088,6.23784693333333,3.72909460233383,0.00429176114526827,0.00533678753795757
"C16orf93",1.7399241,4.42902821666667,3.72812515283777,0.00429840262515645,0.00534396002046478
"MAST2",-1.59269723333333,4.91996791666667,-3.72789170889338,0.00430000350549658,0.0053448641703836
"NOTCH2",-1.492594,5.24312123333333,-3.72757512301166,0.00430217554370782,0.00534647775267204
"C1orf122",-1.3768961,6.90164095,-3.72600658860687,0.00431295394617483,0.00535837177795546
"SNURF",1.54115543333333,5.59835771666667,3.72592751798301,0.0043134980396258,0.00535837177795546
"SLC25A48",1.22757,6.55757326666667,3.7251417896693,0.00431890863077512,0.00536400385771055
"MAPK1",1.97690166666667,8.07742883333333,3.72406958497703,0.00432630339885086,0.00537209746177584
"SKP1",1.12916746666667,7.80941918333333,3.72392187821671,0.00432732314028796,0.00537227333041431
"DMRTC2",1.1252155,6.33926788333333,3.72236083845928,0.00433811569308459,0.00538384652551156
"LETM2",-1.66889916666667,3.82943261666667,-3.72231901167849,0.00433840525838052,0.00538384652551156
"TMEM180",1.19473066666667,5.41322533333333,3.721953997129,0.00434093310067434,0.00538589103831385
"RASGRF1",1.27717353333333,3.11806263333333,3.72141543097607,0.00434466566203708,0.00538942914037771
"AKAP7",-1.68237543333333,7.42405028333333,-3.72127022316275,0.00434567260797972,0.00538958544812892
"HFM1",1.4164547,3.99333471666667,3.72052333397422,0.00435085578816727,0.00539464970089848
"RGPD6",1.44019593333333,5.12592603333333,3.72034192347711,0.00435211569841564,0.00539464970089848
"TGIF2",1.75138176666667,7.81616578333333,3.72030081366394,0.00435240126244441,0.00539464970089848
"CXorf61",-1.72938783333333,4.31807688333333,-3.72013303570939,0.00435356691400109,0.0053950014948063
"APOC4",-1.3258938,6.0353193,-3.71970130377226,0.00435656791224145,0.00539735439117451
"ATF2",1.8449497,5.64758265,3.71960609129221,0.0043572300323653,0.00539735439117451
"BAG2",1.9326217,4.83684751666667,3.71943024422731,0.00435845317320938,0.00539777662220546
"SPR",1.07545446666667,7.02770856666667,3.71919036902611,0.0043601222551835,0.00539875085149012
"RNF8",1.7030814,9.35455996666667,3.71891979888199,0.00436200572019876,0.00539999008421207
"PLEKHA3",1.8461952,7.52394646666667,3.71806048210505,0.00436799316247048,0.00540630834877491
"RHOA",1.09016233333334,11.4571355,3.71779564846382,0.00436984017321705,0.00540750044088631
"RUSC1",1.2102431,5.63537033333333,3.71757359664504,0.00437138944435307,0.00540832368464148
"COX5A",1.62314533333333,14.9324553333333,3.71627712018958,0.00438044654768002,0.00541755306696009
"FAM149B1",1.11772133333334,7.6127818,3.71625227529952,0.00438062030438895,0.00541755306696009
"THEMIS2",-1.55748846666667,5.997498,-3.71479973783828,0.00439079141920622,0.00542903433765231
"UBE2F",-1.214472,12.4493476666667,-3.71388152626463,0.00439723377989961,0.00543569776113148
"WBP4",-1.475188,9.83111033333333,-3.71377846610227,0.00439795748898347,0.00543569776113148
"PIP4K2A",-1.32781066666667,3.83517653333333,-3.71361493788587,0.00439910607292628,0.00543601917878469
"CSF2RA",-1.1939115,5.64077805,-3.7127875638444,0.00440492217362124,0.00544210699883174
"KIAA0930",1.6217432,5.53823563333333,3.71196751199592,0.00441069475140925,0.00544799346080818
"KIAA0754",-1.2349872,3.637284,-3.71185778733373,0.00441146773534549,0.00544799346080818
"C1orf158",-1.4750244,5.53156003333333,-3.71159982919991,0.00441328554756825,0.00544863725953071
"MNX1",1.15118263333333,3.42838548333333,3.71153106894292,0.00441377022854433,0.00544863725953071
"DARC",1.8494398,4.84753753333333,3.71113654869697,0.0044165522219215,0.00545097165497594
"C14orf182",1.7701412,4.19682593333333,3.71020618997836,0.00442312000187883,0.00545797663805863
"USP22",1.18570196666667,3.27108848333333,3.70864681968184,0.00443415118420245,0.00547048536901605
"KANSL3",1.54454826666667,4.25118216666667,3.70796162005049,0.00443900748257861,0.00547470364228522
"TMEM109",1.1560293,6.37175408333333,3.70789397613493,0.00443948720553724,0.00547470364228522
"THBD",-1.07994253333333,5.3952145,-3.70778574249659,0.0044402548991532,0.00547470364228522
"HSPBP1",1.74600356666667,6.69915585,3.70717951111948,0.00444455742718707,0.00547890404753165
"PPP1R26",1.39407456666667,7.59722421666667,3.70703709035085,0.00444556884509884,0.00547890404753165
"DUT",-1.114491,12.8386358333333,-3.70692736311942,0.00444634825040775,0.00547890404753165
"C3orf23",1.57616013333333,5.67730973333333,3.70664084201703,0.00444838411805879,0.00548030890742725
"APCDD1L",-1.76992506666667,4.17433246666667,-3.70614985761494,0.00445187506430429,0.00548350546475007
"AKR1E2",1.1269346,5.1292743,3.70574924436098,0.00445472558875335,0.00548591206763144
"LAS1L",1.4796863,4.39818449444444,3.70528609906807,0.00445802343648569,0.00548826705411974
"QPRT",-1.6486437,6.18639568333333,-3.70522873944914,0.00445843204625287,0.00548826705411974
"FUT7",1.14783566666667,3.28181453333333,3.70491015164123,0.00446070226791892,0.00548944534764315
"KRTAP10-8",-1.166229,10.4734841666667,-3.70484260350464,0.0044611837640539,0.00548944534764315
"PTBP3",1.29896656666667,5.28733815,3.70467899123761,0.00446235024943975,0.00548977655863109
"SOD3",1.3921227,3.64603568333333,3.70375515344024,0.00446894281424697,0.00549678169231262
"AKR1A1",1.30005053333333,8.83645273333333,3.70266577881235,0.00447672976841175,0.00550525280867198
"MPV17",1.1933297,6.86873158333333,3.70244482267165,0.00447831091673922,0.00550609047198765
"GJA1",1.59296523333334,6.13951718333333,3.70230509007884,0.00447931113630771,0.00550621368935716
"TAC4",-1.13313423333333,4.47327288333333,-3.70185978877491,0.0044825002076906,0.00550902697281059
"SLX1A",1.4802677,5.37951128333333,3.70153954952817,0.00448479510401461,0.00551074039894786
"CNTN2",-1.1302687,4.38100081666667,-3.70120093285704,0.00448722303493303,0.00551112422460375
"SCML1",-1.47737633333333,7.69363786666667,-3.70118758295237,0.00448731878389599,0.00551112422460375
"CHD3",1.3331343,3.63285441666667,3.7011191150881,0.00448780988672375,0.00551112422460375
"DHX36",-1.28568803333333,7.71584898333333,-3.70095656778971,0.00448897602319816,0.00551144999195793
"IFT27",1.25641223333333,8.69167488333333,3.70058440779123,0.00449164714490667,0.00551362304023656
"EVPL",-1.83003036666667,5.81318075,-3.70027365681564,0.00449387878786719,0.00551442637419155
"LMBR1L",-1.18443106666667,7.60799463333333,-3.70024226845806,0.00449410426638101,0.00551442637419155
"TIMP3",-1.526286,9.54091466666667,-3.69953276053661,0.00449920418398881,0.00551957714009295
"GADD45G",-1.5603189,5.05646518333333,-3.69820022344958,0.00450879879966983,0.00553023878435847
"FBXO46",1.08294216666667,9.80812225,3.69778739558378,0.00451177561355906,0.00553278075841939
"SNRPB2",1.15698583333333,9.71806558333333,3.69765909498585,0.00451270118100383,0.00553280677863355
"KCNH1",1.21566693333333,3.23898633333333,3.69702978727868,0.00451724392102049,0.00553726674189608
"FAM49B",1.7998741,7.31412028333333,3.69666653756217,0.00451986826613033,0.00553937380853072
"BEX2",-1.26399766666666,9.90750216666667,-3.69617177856076,0.00452344528562496,0.00554264735779161
"ART3",1.3655802,3.60986496666667,3.69422844078506,0.0045375239839612,0.0055587848886413
"BRAP",1.4739699,4.04291738333333,3.69383026406197,0.00454041427281668,0.00556121211633483
"CD58",1.74728083333333,11.7765360833333,3.69201553563368,0.00455361147372143,0.00557626000725134
"GRK5",1.7384439,5.53002978333333,3.69182863695842,0.00455497293123765,0.00557681096524154
"SAP30L",1.35212416666667,9.62017725,3.6914112356508,0.00455801501685658,0.00557941894220259
"MRPL33",1.06139508333334,12.179572625,3.69127066922775,0.00455903996552946,0.0055795572132645
"RAB2A",-1.32239766666667,11.6112665,-3.6910387714501,0.00456073138980703,0.00558051092856788
"SNX16",1.93764223333333,7.85806055,3.68918041364384,0.00457430969721398,0.00559600614428217
"IZUMO4",-1.05378113333333,7.79725296666667,-3.6881655918844,0.00458174247035628,0.00560397849532982
"ALG13",1.2619785,9.49460625,3.6879992012994,0.00458296235682541,0.00560435012973373
"LRRFIP2",-1.7931906,4.5674283,-3.68734984125576,0.00458772636991986,0.00560905474243999
"GRAP2",1.3421239,3.53505948333333,3.68717792727666,0.00458898848009946,0.00560947682742228
"MFSD2A",1.063266,7.61042866666667,3.6853924667549,0.00460211798810982,0.00562440228750617
"GATS",1.41895333333333,5.43029386666667,3.6827004131901,0.00462198858203905,0.00564687701316053
"AURKA",1.971673,4.33077316666667,3.6826510574835,0.00462235372375089,0.00564687701316053
"ZNF430",1.4651288,7.44996436666667,3.68247046744213,0.00462369001624102,0.00564692474267484
"PLEKHB2",-1.23955903333333,6.65265188333333,-3.68239631959096,0.0046242387971234,0.00564692474267484
"MORF4L1",-1.64252916666667,9.09887658333333,-3.68180963992416,0.00462858331785805,0.00565110212306038
"RPS6KB2",1.72242933333333,6.03165,3.68019884652955,0.0046405336585294,0.00566456203569092
"TAPBP",1.642556,11.843648,3.67941022168775,0.00464639617137475,0.00567058682953735
"C8orf31",-2.01267386666667,7.39773306666667,-3.67896288562216,0.00464972504233657,0.00567351771220884
"CSTL1",1.6318831,3.70781858333333,3.67866488046754,0.00465194404601768,0.00567509345434421
"MAG",1.35289723333333,3.82242948333333,3.67817736454269,0.00465557657335678,0.0056775927266259
"NDUFA13",-1.24899216666667,13.15368575,-3.6780610149849,0.00465644394365198,0.0056775927266259
"CHMP5",1.202816,12.136299,3.67796903716419,0.00465712974562429,0.0056775927266259
"ZNF706",1.84067266666667,11.7006183333333,3.67789192499025,0.00465770478831896,0.0056775927266259
"XCR1",-1.4093876,5.55268943333333,-3.67640098306188,0.00466883769557431,0.00569002968556247
"B4GALNT1",-1.699284,4.6544496,-3.67497830183494,0.00467948686548051,0.00570029280927551
"MCF2L2",1.82751713333333,3.39323443333333,3.67494628793625,0.00467972679076841,0.00570029280927551
"RNF125",1.1084299,6.87310271666667,3.67490262134751,0.00468005406685042,0.00570029280927551
"PTPN4",1.54439526666667,4.89581143333333,3.67476387886162,0.00468109408485968,0.00570042468375229
"UBE2K",-1.9001222,9.3028729,-3.67389595553617,0.00468760555654858,0.0057072180686496
"BRD9",1.38920356666667,4.69951598333333,3.67304085598582,0.00469403008974468,0.005713902922614
"C17orf99",-1.04330686666667,6.74512036666667,-3.67289975598764,0.00469509108747457,0.00571405754389684
"POU2F2",-1.769002,10.1531976666667,-3.67252747200202,0.00469789167187848,0.00571632880838356
"SEC22A",1.44273743333333,8.19443028333333,3.67211625410251,0.00470098717682204,0.00571895795342956
"CCDC84",1.57421043333333,6.38509445,3.6717693774767,0.00470360000265346,0.00572099896943019
"LRP10",1.23469683333333,9.11342191666667,3.67098490145679,0.00470951462377004,0.00572705435663389
"TRPM7",-1.65884263333333,5.18690281666667,-3.67066933079397,0.00471189608915599,0.00572881166006684
"SH3YL1",1.867038,10.8006253333333,3.66975912522421,0.00471877204973551,0.00573603167102759
"OR5K3",1.18463113333333,6.26468933333333,3.6674650409646,0.00473614885580151,0.00575561507065733
"TTC21B",-1.24681993333333,6.23334196666667,-3.66738399700822,0.00473676395566519,0.00575561507065733
"LRCH3",-1.15339693333333,6.28053053333333,-3.66603015741879,0.00474705157071096,0.00576697011707896
"LST1",1.26811836666667,8.03932131666667,3.66526360862257,0.00475288681773189,0.00577291275578395
"MZF1",1.58058996666667,4.32110585,3.66466195254884,0.00475747209815936,0.00577733511245315
"VBP1",1.4480345,8.99881825,3.66452679999049,0.00475850274560357,0.0057774399280815
"ERBB4",1.34098706666667,3.6440084,3.66288180119733,0.00477106593128726,0.00579073974508142
"ADAR",-1.32225546666667,3.8113958,-3.66276583409572,0.00477195290365989,0.00579073974508142
"OR10H3",1.60510453333333,4.3431557,3.66272092079991,0.00477229646856825,0.00579073974508142
"TSPYL4",1.06045833333333,12.4166121666667,3.66197649956055,0.00477799470013917,0.00579646706189742
"SPNS2",1.5262111,4.75407475,3.66185682974882,0.0047789113861083,0.00579646706189742
"BZW1",1.41311773333333,4.57653213333333,3.66155247462133,0.0047812436141748,0.00579814636898344
"ZHX1",1.8651525,6.32879075,3.66139849212713,0.00478242401268479,0.00579842847990597
"TACC2",-1.30790746666667,5.6056964,-3.66020355899426,0.00479159449590338,0.00580654101045762
"RRAGB",1.11983543333333,7.67981395,3.66011585946609,0.00479226826783748,0.00580654101045762
"ABHD11",1.79127866666667,5.00531016666667,3.66010218313469,0.00479237334835323,0.00580654101045762
"FGF11",1.0542933,6.20087231666667,3.65994677846883,0.00479356755150451,0.00580654101045762
"C5orf38",1.84649696666667,3.93169855,3.65990866029963,0.00479386051713329,0.00580654101045762
"CCDC106",1.2962796,3.53666283333333,3.65810099498685,0.00480777525641574,0.00582224248193814
"TESPA1",-1.3990828,7.11018993333333,-3.65783854655298,0.00480979899701219,0.00582354052319821
"USHBP1",1.14332056666667,3.22807795,3.65751109894229,0.00481232519592917,0.0058248519813767
"LYRM4",1.15766423333333,6.41969293333333,3.65739094709938,0.00481325249362803,0.0058248519813767
"PRKAR1A",-1.83011573333333,5.80866893333333,-3.6573279950587,0.00481373841416159,0.0058248519813767
"NGF",1.7201577,4.64560161666667,3.65716427761541,0.00481500237307121,0.00582522928978637
"FST",1.08498966666667,6.90176,3.65702220520656,0.00481609950568941,0.00582540466109288
"SERPIND1",-1.6074665,4.03230475,-3.65671745888129,0.00481845374504742,0.00582685780874131
"ANKLE2",1.32601603333333,5.48916631666667,3.65662015347189,0.00481920570647778,0.00582685780874131
"KCNJ13",-1.44200243333333,3.44003685,-3.65615468259299,0.00482280449312535,0.00583005688380574
"PIGZ",1.10331466666667,9.52033266666667,3.6540383576675,0.00483920233206559,0.0058487237984151
"ANKH",1.96519226666667,5.74466693333333,3.6531472738714,0.00484612411844578,0.00585593271906997
"SLC24A5",1.87371203333333,8.12801381666667,3.65193068979173,0.00485559105918228,0.00586621368484937
"TSNAX",1.17717433333333,8.88871916666667,3.65100077937391,0.00486284026852969,0.00587381179918355
"MRPL50",1.68512356666667,8.35131888333333,3.65035363267852,0.00486789184389039,0.00587875292161891
"PIAS4",-1.41460316666667,4.69133055,-3.64982163312919,0.00487204869994376,0.00588261179124846
"CDH1",-1.16220936666667,5.87350001666667,-3.64942877793666,0.00487512071399365,0.00588399913157771
"MSANTD2",1.3088513,4.83676325,3.64942871379203,0.00487512121575146,0.00588399913157771
"ZNF268",1.10258973333333,4.40337593333333,3.64876175414242,0.00488034128772532,0.00588872753027427
"RPS6KC1",-1.34771393333333,5.65468383333333,-3.64844424186177,0.00488282840443067,0.00588872753027427
"CCDC117",-1.1722402,4.32699503333333,-3.64844162510462,0.00488284890734996,0.00588872753027427
"IDS",1.66582666666667,11.2855236666667,3.64843651111212,0.00488288897696655,0.00588872753027427
"KDM3B",-1.250227,3.6109877,-3.64816954275318,0.00488498122919864,0.00589008970442201
"ZNF138",1.40825316666667,8.43733775,3.64793798973881,0.00488679668777568,0.00589111766222888
"ILDR2",-1.52509846666667,7.26483133333333,-3.64779156349403,0.0048879450861335,0.00589134122083624
"UTRN",-1.3121361,4.45024248333333,-3.64713601185446,0.00489308993723292,0.00589638058617116
"KLHL2",-1.2257661,3.88336621666667,-3.64696933176667,0.00489439896611986,0.00589679654878324
"MAPK11",1.37932983333333,12.0375354166667,3.64512696711302,0.00490889247087328,0.0059130939430602
"SELT",1.59280716666667,6.66457275,3.64485976300299,0.00491099823436472,0.00591446598382744
"MAP2K1",-1.17312313333333,6.0743491,-3.64447357107222,0.0049140433780328,0.00591696858626347
"YBEY",1.40977133333333,8.14739633333333,3.64384562621646,0.00491899897205907,0.00592177011236863
"PTGDR",-1.43187333333333,7.88924533333333,-3.6423047648837,0.00493118124538074,0.00593526792430442
"TRIM9",-1.25503193333333,7.08419036666667,-3.64183030703514,0.00493493872698749,0.00593862217382169
"NACAD",1.32953396666667,5.24167001666667,3.64105247925085,0.00494110523300524,0.00594487351337779
"KLK5",1.4519453,5.36372971666667,3.63967403006461,0.00495205317612096,0.00595615263385242
"COMMD7",1.14517505,7.58645714166667,3.6396270171047,0.0049524270102006,0.00595615263385242
"SMIM1",1.23006216666667,8.47752958333333,3.63940960144494,0.00495415622328593,0.00595630713898796
"GALNT9",1.0548007,6.62332468333333,3.63928100802923,0.00495517928670495,0.00595630713898796
"PIKFYVE",-1.4701754,3.83131726666667,-3.63924369397876,0.00495547619114886,0.00595630713898796
"ZFAND2A",1.13088133333333,9.426167,3.63900763371107,0.00495735493191148,0.00595652751156729
"LPIN3",-1.19993903333333,4.16828415,-3.63897600050328,0.00495760674875786,0.00595652751156729
"FAM21B",1.02379533333333,13.55867,3.63804327833304,0.00496503771773997,0.00596428446046204
"CD164L2",1.217417,5.39923983333333,3.63782382133254,0.00496678781660297,0.00596443904695347
"POPDC3",1.11401203333333,3.51536688333333,3.63778265140643,0.00496711620533311,0.00596443904695347
"PHF20",-1.13645813333333,4.8231344,-3.63762114593769,0.00496840466040501,0.00596481548515656
"YTHDC1",1.41085585,7.222234825,3.63492288799377,0.00498998252699998,0.00598847036677686
"AIM1L",-1.6169593,6.41102701666667,-3.63491251149839,0.00499006569627794,0.00598847036677686
"TTC33",1.36523976666667,6.51080858333333,3.63433584053262,0.00499469008554859,0.00599263056056972
"LARP7",-1.8291072,9.8044534,-3.63423598241146,0.00499549131397607,0.00599263056056972
"BUB1",1.07440866666667,9.42149766666667,3.63061875609594,0.00502460550471069,0.00602637453005685
"MAPK6",1.562283,12.4463895,3.62983201274577,0.0050309612645472,0.00603281478175221
"TTC22",-1.75064126666667,4.0541066,-3.62934522216952,0.00503489804316176,0.00603635238645183
"SPG11",1.05517696666667,6.69603575,3.62916578931763,0.00503634996672805,0.00603691008942833
"NODAL",1.17496466666667,11.415813,3.62842981493111,0.00504230985859733,0.00604199815186103
"KIAA0922",1.49766013333333,3.7462785,3.6283977253851,0.00504256988613966,0.00604199815186103
"WDHD1",-1.70320153333333,6.0553451,-3.62772873015984,0.00504799407149809,0.00604731304668598
"CYP4V2",1.167021,5.3426226,3.62746779185158,0.00505011140125637,0.00604809106179545
"SPOCK2",-1.52119336666667,6.69553781666667,-3.62740504745974,0.00505062066602042,0.00604809106179545
"TRIM36",-1.16399713333333,5.64652876666667,-3.6255849772334,0.00506541664750311,0.00606462212317496
"BPIFC",1.6276368,3.8414666,3.62531416528179,0.00506762204035425,0.00606607545350955
"CLHC1",1.40069466666667,5.3760921,3.62453449829122,0.00507397696635531,0.00607249434275465
"ZNF317",-1.27548376666667,5.68912745,-3.62427687084883,0.00507607867170769,0.00607382149687222
"FAM216A",-1.07824966666667,9.27181216666667,-3.62397059101151,0.0050785784634218,0.00607562437215772
"MAMLD1",-1.64755636666667,5.19888901666667,-3.6233976822043,0.00508325787936414,0.00608003356910065
"GPR171",1.159789,9.37623083333333,3.62245458358331,0.00509097075513738,0.00608806862391136
"CYP2E1",1.122263,3.4010946,3.6221889002148,0.00509314578154623,0.0060894793612468
"PSG1",-1.90310396666667,3.81813301666667,-3.62206534363664,0.00509415761267905,0.0060894990766648
"ECHDC3",1.85501713333333,5.7517211,3.6212216595305,0.00510107233819884,0.00609657365991414
"FOXF2",-1.4025075,6.26841681666667,-3.61967394681323,0.00511378270242424,0.00611057081512334
"CCDC111",1.21097723333333,6.46056981666667,3.61949859414245,0.00511522484626161,0.00611110049002705
"ECD",1.18556624444445,7.98874827777778,3.61932853977813,0.00511662382141992,0.00611157839505019
"GSTT1",1.2294104,8.68845446666667,3.6188240178434,0.00512077669219387,0.00611429558361859
"TRAF6",1.5293213,4.68330001666667,3.6188093542439,0.005120897445319,0.00611429558361859
"PCDH19",-1.35893763333333,4.55922745,-3.6166307099371,0.0051388714427587,0.00613455911937516
"SPTB",1.13721833333334,8.9141795,3.6157522780085,0.00514613721525736,0.00614132641598561
"IL25",-1.77043733333333,4.93595876666667,-3.61551154409528,0.00514813027047206,0.00614132641598561
"ZNF569",1.59592343333333,5.60000305,3.61548953116983,0.00514831255747246,0.00614132641598561
"C4orf34",1.28156066666667,9.428704,3.61546018216239,0.00514855560437892,0.00614132641598561
"LHX2",-1.688609,5.30394116666667,-3.61503229500098,0.00515210041309487,0.00614435678895018
"AKAP11",1.71468333333333,3.99666026666667,3.61466759483103,0.00515512376539362,0.00614676421685406
"RNF212",1.21785393333333,6.54716203333333,3.6145227234901,0.00515632525835052,0.00614699881733992
"SEL1L",-1.19890506666667,5.0674832,-3.61429661749438,0.00515820105698951,0.00614803702837752
"ISYNA1",1.09898341111111,4.56490233888889,3.61343369715387,0.00516536648805469,0.00615537829643914
"KIF12",1.1159071,7.64039835,3.6121733178159,0.00517585099144763,0.0061666711520305
"VPS54",-1.13234383333333,6.68349965,-3.61178244599744,0.00517910698507929,0.00616934901376852
"CLK1",-1.18223583333333,4.56290545,-3.61129195401292,0.00518319585030239,0.00617301775591786
"HLA-DQA1",1.03966533333333,9.02360533333333,3.6108133687665,0.00518718870859371,0.00617657075110477
"PRAME",1.5648875,4.43665148333333,3.6105796460245,0.00518913983564245,0.00617692088800873
"CCNDBP1",1.2372151,7.82684978333333,3.61053627045906,0.00518950202098151,0.00617692088800873
"ARHGAP26",-1.2295716,4.47210763333333,-3.60905962281799,0.00520184777270018,0.00618973859909827
"MRGPRX3",1.67326423333333,3.99488911666667,3.60900629602009,0.00520229419361937,0.00618973859909827
"ARID2",-1.3403101,3.86279498333333,-3.60615391231992,0.00522623110533962,0.00621700989742714
"SLC25A14",1.55710518333334,5.33320489166667,3.60580065328479,0.00522920361524943,0.00621933664815242
"SCO2",-1.7622945,11.7134400833333,-3.6054682001523,0.0052320026662023,0.00622145623164735
"FAM18B1",1.39369016666667,11.9731404166667,3.60510072130006,0.00523509843319584,0.00622306693131113
"GNE",-1.6247546,5.76868256666667,-3.6049866081879,0.00523606015017679,0.00622306693131113
"C2orf56",1.20868641666667,7.87212315833333,3.60494525356869,0.00523640872219511,0.00622306693131113
"MTRNR2L10",-1.22117116666667,11.9691664166667,-3.60468895895626,0.00523856953252098,0.0062244257914087
"AQP12A",1.38116483333333,4.10752535,3.60452348093969,0.00523996516627425,0.00622487512374094
"TRIM6-TRIM34",-1.11973276666667,4.31790395,-3.60138314958464,0.00526652431523122,0.00625521175705389
"RSPO4",1.121669,5.823869,3.60019941908963,0.00527657209222801,0.00626592935952076
"TRAF3IP2",1.52512813333334,8.47002543333333,3.59970781510276,0.00528075082182738,0.00626915943879577
"IST1",1.26861866666667,8.87114966666667,3.59947673711844,0.00528271622359566,0.00626915943879577
"HPCA",-1.07924,3.9741718,-3.59942506053958,0.00528315585608614,0.00626915943879577
"C11orf10",1.015472,13.9551193333333,3.59939742377838,0.0052833909883019,0.00626915943879577
"SLC15A4",1.415888,5.62164333333333,3.5991528225233,0.00528547252030429,0.0062704132013228
"TRMT11",1.12437733333333,10.0441956666667,3.59891182433751,0.00528752422815434,0.00627163110272359
"TMEM68",1.80932126666667,7.9863377,3.59732748135398,0.00530103305677511,0.00628643540247143
"MORC4",1.42498791666667,7.68920195833333,3.59625960091268,0.00531015862007187,0.00629603690651157
"GPSM2",1.61545766666667,8.1885005,3.59600303100371,0.00531235357923234,0.0062974189493787
"MGRN1",-1.38709033333333,8.68436983333333,-3.59499138950727,0.00532101742301992,0.00630646737583027
"ARPC5",1.5232212,8.28394973333333,3.59305355640809,0.00533765453003684,0.00632496037473666
"SUDS3",-1.163867,9.0003155,-3.59265327620713,0.00534109786620068,0.00632680645850782
"NCBP1",1.64232746666667,7.46848183333333,3.59263202904082,0.00534128070581773,0.00632680645850782
"RASGRF2",1.1845928,5.17331526666667,3.59180977389907,0.00534836153382689,0.0063339674533397
"KLRC4",1.1993492,4.7442177,3.59095636403583,0.00535572101562615,0.00634145561710873
"SCNN1G",-1.59865386666667,3.95084263333333,-3.5902264098418,0.00536202425216373,0.00634769047498794
"ITGA2",1.11987876666667,7.19401041666667,3.58955412542763,0.00536783635530705,0.00635334161767625
"SMOX",1.43772965,4.197835175,3.58910953631475,0.00537168357614449,0.00635630304912083
"KREMEN1",1.21806823333333,7.20906311666667,3.58902489690815,0.00537241632347234,0.00635630304912083
"DENND1C",1.3256542,6.59690676666667,3.58788680469541,0.00538227925184699,0.00636674100208815
"CNTD2",1.530537,10.9353708333333,3.58716693959469,0.00538852750094187,0.00637289991315723
"KRTAP1-5",1.09216946666667,7.16373223333333,3.58660343041437,0.0053934239034733,0.00637745795157512
"FOLR3",1.09726716666667,3.28580675,3.58620242020688,0.00539691116049273,0.00638034830529363
"MXD4",-1.2887543,6.80276635,-3.58586634429161,0.00539983555016404,0.00638257223645742
"PMPCB",1.260652,13.7814333333333,3.58517483499156,0.00540585797477843,0.00638845645928036
"ARHGEF7",1.63703966666667,9.89581683333333,3.58208435450292,0.00543285909782134,0.00641912552345905
"ZC4H2",1.12487976666667,5.71727735,3.58098970428136,0.00544245664360039,0.00642922373924448
"IRAK4",1.72754676666667,3.91192718333333,3.58077758809013,0.00544431845704855,0.00643018152900058
"VPREB1",1.406686,4.63755186666667,3.58045050040801,0.00544719071605711,0.00643233213681479
"BRF2",1.21438446666667,6.87566333333333,3.57973919668552,0.00545344235697456,0.00643752969345483
"CAPRIN2",1.27853413333333,6.75852726666667,3.5797102760559,0.00545369669845969,0.00643752969345483
"RIMBP2",-1.76712376666667,4.43652378333333,-3.57937359276606,0.00545665855931778,0.00643967356145424
"TET2",1.10507713333333,5.1131771,3.57926456212911,0.00545761808044136,0.00643967356145424
"ST3GAL4",1.76293143333334,4.70730155,3.57905909340021,0.00545942678101088,0.00644056557003945
"HBZ",-1.18480366666667,8.2953085,-3.57846734880518,0.00546463928787244,0.00644547198056749
"JSRP1",-1.3997336,4.2055993,-3.57792318721324,0.00546943723442607,0.00644988762533128
"HGF",-1.7753254,7.09371316666667,-3.57770029573862,0.00547140376786455,0.00645096323989117
"MTERF",1.2723499,6.71532761666667,3.57664705903567,0.0054807062827532,0.00646017233232581
"SLC5A2",-1.1310247,6.79681321666667,-3.57657692155782,0.00548132634473737,0.00646017233232581
"PAH",1.3230566,3.22273193333333,3.57609562209509,0.00548558332779502,0.00646394429881547
"CSH2",1.1319453,4.71367865,3.57542773847833,0.00549149632161911,0.0064696657992809
"METTL12",1.1222851,4.43251111666667,3.57375086834439,0.00550637153947199,0.00648577249264769
"DCST2",-1.14159806666667,5.6585002,-3.57362937348277,0.00550745093124946,0.00648577249264769
"DUX4L4",1.2156805,6.22750248333333,3.57352840469957,0.00550834813203619,0.00648577249264769
"FFAR2",-1.157351,8.7106325,-3.57319534005244,0.00551130880025507,0.00648800985952676
"CPE",1.33568366666667,11.2801665,3.57251694823087,0.0055173442773351,0.00649386538836786
"DUSP18",1.62283596666667,4.56781411666667,3.57183743388734,0.00552339665582692,0.00649973855363514
"ANKRD28",-1.3304104,4.812799,-3.57005843432057,0.00553927489359661,0.00651716996135078
"UBOX5",1.13789673333333,6.31448733333333,3.56971554158909,0.00554234081068989,0.00651828453128101
"CHCHD2",1.14051333333334,15.306877,3.56971416999896,0.00554235307808496,0.00651828453128101
"PXDN",1.11325286666667,4.07636853333333,3.56937531841071,0.00554538460850029,0.00652059639338935
"MPP6",-1.43825496666667,6.20733998333333,-3.56750802024316,0.00556212142813018,0.0065390197727326
"METTL21A",-1.0887156,6.1704703,-3.56733064032552,0.00556371404461062,0.00653963545147507
"OR2A14",-1.71871766666667,4.41565123333333,-3.56705981834706,0.00556614655420845,0.00654010262233818
"HLA-DMA",1.40359833333334,9.1098455,3.5670483612371,0.00556624948586383,0.00654010262233818
"IL2RB",1.08061163333333,7.45746168333333,3.56688813362361,0.00556768919255651,0.00654053811061074
"RUSC1-AS1",-1.38736356666667,7.26720711666667,-3.56656037125783,0.00557063547379065,0.00654274291200829
"PSMB4",1.26331533333334,10.8817536666667,3.56598855162709,0.00557577949977657,0.00654752763524626
"LANCL1",1.40329956666667,4.34669631666667,3.56564783988853,0.00557884686075136,0.0065490926280308
"PTBP1",1.06096847777778,8.92041707222222,3.56560272525587,0.00557925315091477,0.0065490926280308
"GALNT5",-1.30779083333333,7.84745075,-3.56467869505428,0.00558758151141125,0.00655679009170646
"OST4",1.08057133333333,12.5612326666667,3.56457511392627,0.00558851590479055,0.00655679009170646
"CHIA",1.14712633333333,7.05049966666667,3.56451858892027,0.00558902587908617,0.00655679009170646
"MYO7A",1.4372755,4.80842805,3.56222135230161,0.00560979291491981,0.00657989130626522
"TSEN2",1.12299158333333,4.07904055833333,3.56030786334849,0.00562715231595169,0.00659898751562055
"HNRPDL",-1.13247666666667,12.9749473333333,-3.55967691019517,0.00563288867620822,0.00660444862419355
"CHID1",1.03655583333334,8.0762586,3.55955342685049,0.0056340120483035,0.00660450004052899
"CLN5",1.0794335,8.96629375,3.55889817541546,0.00563997701614871,0.00661022593578502
"ST20",1.4194275,5.10406325,3.55610052947514,0.00566551910263982,0.00663889022600085
"NCKAP1L",1.1839444,7.35602546666667,3.55544085502684,0.00567155939145909,0.00664469558731266
"FAM117B",-1.3849691,4.82611518333333,-3.55517634079554,0.0056739832941576,0.0066462626447743
"EFS",-1.04664596666667,4.91966945,-3.554119772918,0.00568367604230557,0.00665634188874914
"SLC9A3",1.66329616666667,3.68984408333333,3.55374031705069,0.00568716131003383,0.00665914887938506
"NFKBID",1.09475843333333,8.64787011666667,3.55308850384784,0.00569315335908973,0.00666488944717011
"IL34",1.5875924,6.1842732,3.55251248478596,0.00569845412110052,0.0066698186938766
"PARD6B",-1.3775499,3.45540258333333,-3.55064092164313,0.00571571256652566,0.00668861779266161
"ATP6V0E2",-1.20441116666667,8.36781108333333,-3.55053380992271,0.00571670193491787,0.00668861779266161
"TRAK1",-1.59942026666667,6.70566386666667,-3.54933730794001,0.00572776591955086,0.00670028143323368
"TMEM86B",1.49554756666667,6.97116081666667,3.54861810046179,0.00573442713259095,0.00670679128220062
"ANKRD54",-1.37956923333333,4.16064795,-3.54798108380117,0.00574033385046504,0.00671241637942376
"HLA-DRB1",1.07299266666667,12.4806283333333,3.547818638432,0.00574184113527916,0.00671289586578213
"HERPUD1",1.058361,8.7000135,3.54750619051459,0.00574474141189197,0.00671500343101931
"TWIST1",1.28368153333333,5.76111056666667,3.5460621682681,0.00575816530840679,0.00672846489754344
"CCBL1",-1.26947683333333,4.63650448333333,-3.54603078969094,0.0057584573722683,0.00672846489754344
"PRMT2",-1.09536836666667,7.76075881666667,-3.54568231958955,0.00576170188233089,0.00673097042507168
"PTPLB",1.16687266666667,8.93683733333333,3.54476671479093,0.0057702359159542,0.00673899090230515
"SGPP1",1.62911113333334,5.89196023333333,3.54470941719581,0.00577077040489975,0.00673899090230515
"PCDHGC5",-1.7667394,7.14896096666667,-3.54434844737334,0.00577413882558681,0.00674163765933972
"C2CD3",1.20369813333333,4.8239906,3.54379157982749,0.00577933930390443,0.00674642203039253
"LRPPRC",1.31754866666667,9.74133666666667,3.5402999984253,0.00581205800431812,0.00678332141747773
"LYPD1",1.2656947,8.29890031666667,3.53968879512922,0.00581780526392124,0.0067887340462846
"ING2",-1.26305466666666,9.04626433333333,-3.53948380292091,0.00581973417077569,0.00678968986590497
"ANAPC5",1.2871633,5.44709148333333,3.53832287362488,0.00583067070683136,0.00680115221818766
"ZNF438",1.1237014,4.15474083333333,3.53730839515906,0.0058402451439698,0.00681102169096592
"CNTFR",1.17310266666667,9.54398166666667,3.53671662702735,0.00584583769591211,0.00681624452517444
"CTPS1",1.6729795,4.79219158333333,3.53586874722112,0.00585386038302562,0.00682362855861205
"C17orf62",1.21637386666667,7.5936234,3.53581163852102,0.00585440116118906,0.00682362855861205
"FAM100A",-1.09741476666666,5.10667938333333,-3.53562674636504,0.00585615231367702,0.00682436949620495
"TMEM131",-1.40748003333333,5.21420545,-3.53542771814827,0.00585803796200065,0.00682526685422204
"FAM120AOS",-1.2034416,3.74542786666667,-3.53518145115359,0.00586037203965321,0.00682668624116496
"DDX26B",1.07539033333334,7.5039425,3.53294901878112,0.00588157493858888,0.00685008099643761
"METAP2",-1.0888665,8.91756158333333,-3.5314679000364,0.00589568622060721,0.00686520904028833
"PGBD4",1.56557566666667,6.8755193,3.53115974211611,0.00589862661130195,0.00686641006422073
"TOMM20",1.22672516666667,15.0921669166667,3.53112457247768,0.00589896229119715,0.00686641006422073
"ZNF385A",-1.3101183,3.77485455,-3.52844929551947,0.00592455517071746,0.00689436036574278
"DDX60L",1.2448608,5.5702047,3.52837909348617,0.0059252283104079,0.00689436036574278
"SIX3",-1.32500273333333,4.64400063333333,-3.52800958934735,0.00592877265436676,0.0068971726753025
"RNASEL",1.28703843333333,5.46725555,3.52525271908474,0.00595528684207572,0.00692670055129643
"CES3",1.54943473333333,4.45639963333333,3.52486034852285,0.00595907049696522,0.00692978393849709
"SCGB3A2",1.27908096666667,3.97794728333333,3.52457200874904,0.00596185257295506,0.00693170164221571
"KNCN",1.6811613,7.57374001666667,3.52432121607397,0.00596427347246741,0.00693319876582854
"MTRF1L",-1.20067686666667,6.43415596666667,-3.52386391651315,0.00596869041837475,0.00693701519369618
"OLFML1",1.27024646666667,6.20368443333333,3.52310245973049,0.00597605270994558,0.00694425270264901
"WDR3",1.42592853333333,6.60198113333333,3.52282655523955,0.00597872268064977,0.00694603595902303
"TLR6",1.2857626,4.93741203333333,3.52177104500279,0.00598894849625673,0.00695659519652529
"COMMD3",1.29082966666667,11.9704791666667,3.52050645531599,0.0060012238806797,0.00696953069514017
"SLC9A1",-1.42150813333333,4.85617966666667,-3.51958941993066,0.00601014194825291,0.00697856299855975
"MR1",-1.09851723333333,6.92785271666667,-3.51917222141233,0.00601420372641249,0.00698195415525457
"TMEM45A",1.33785016666667,7.94582258333333,3.5176749472187,0.00602880451467796,0.00699757655488518
"CENPT",1.4103633,3.74291075,3.5167042523295,0.0060382900506234,0.00700725692900492
"PKN3",1.07173636666667,5.07007505,3.5145541311496,0.00605935622883094,0.00703037007547652
"WFDC13",1.11564933333333,3.6686218,3.51405635453833,0.00606424418537063,0.00703470722906665
"SRSF9",1.28637983333334,9.88601108333333,3.51250667596469,0.00607948769143496,0.00705105321254959
"SGSM3",1.1459286,7.51489713333333,3.51080459528739,0.0060962763134971,0.00706918470166324
"NHLRC3",1.6858479,7.06704705,3.5102412986376,0.00610184306916923,0.00707429901405673
"UTP11L",1.13016933333333,9.742009,3.50938630967042,0.0061103025812764,0.00708276453055116
"SCCPDH",1.11912783333333,8.33366641666667,3.50926237298215,0.00611152986064251,0.00708284517662643
"IRAK3",-1.37089556666667,4.13141065,-3.50715183240023,0.00613246888536231,0.00710576603042549
"KIAA0947",1.08325646666667,8.1666481,3.50649200364202,0.00613903047689513,0.00711202205219549
"C20orf152",1.11471883333334,6.37724165,3.50607386424699,0.00614319240089079,0.00711549623412531
"MEIS1",-1.22451706666667,7.60556846666667,-3.50541027897391,0.00614980338810153,0.00712180524860972
"CHRM5",1.65996106666667,3.39487806666667,3.50478039685971,0.00615608546114834,0.00712685772916303
"NOL9",1.2867529,5.88313398333333,3.50469271621471,0.00615696046598506,0.00712685772916303
"MEX3D",-1.00317653333333,5.59649983333333,-3.5046225286101,0.00615766099319317,0.00712685772916303
"MED18",1.52895306666667,4.76618173333333,3.50303860762838,0.00617349185589425,0.00714382885840004
"CETN2",1.39656933333333,8.717383,3.50261860548486,0.00617769676936674,0.00714661590680835
"TMEM196",1.11794576666667,3.69737398333333,3.50256470658914,0.00617823660201199,0.00714661590680835
"TBCE",1.43168256666667,3.65197945,3.50195678349109,0.0061843287516609,0.00715111963497175
"FAM210A",1.47837226666667,5.6182487,3.50194291561504,0.00618446779807707,0.00715111963497175
"KLHL17",1.1451831,8.18579378333333,3.50149309463334,0.00618897969904738,0.00715384035829683
"SERAC1",1.31304823333333,6.41043311666667,3.50147518927875,0.00618915936849708,0.00715384035829683
"PTPN18",1.59547313333333,4.13793473333333,3.49863837029308,0.00621769384823472,0.00718546485899132
"PFDN6",-1.16804366666667,9.4781435,-3.49808576222509,0.00622326824462839,0.00719054865356685
"NFIB",-1.14014,10.7454733333333,-3.49673053812753,0.00623696101562178,0.00720500896781988
"ANP32A",-1.31034933333333,10.482079,-3.49620603448485,0.00624226885652345,0.00720977928340768
"CXorf49",-1.59438823333333,6.64231621666667,-3.49598165655966,0.00624454093905831,0.00721007774770221
"APLP2",-1.47480393333333,6.4511916,-3.49594775820241,0.00624488427346747,0.00721007774770221
"ATN1",1.51426853333333,7.0324419,3.49566423041535,0.00624775671174914,0.00721203312499645
"COG1",1.02749,10.6588263333333,3.49513578496875,0.00625311409837859,0.00721685569777027
"GATSL3",1.61861966666667,8.25301866666667,3.49475119621334,0.00625701607091872,0.00721999704298015
"HSP90AA1",-1.057233,10.1795981666667,-3.49462154034273,0.00625833210876311,0.0072201538452598
"SH2D3C",-1.02065333333333,10.1372526666667,-3.49401782960154,0.00626446371194945,0.00722586519413777
"AP4S1",1.19693,8.61616733333333,3.49376449001325,0.00626703862441772,0.00722747263038409
"AMZ2",1.08199766666667,8.85234516666667,3.49214334960811,0.00628354180222527,0.00724513922842333
"BBS7",1.24938996666667,8.60394468333333,3.49189105500718,0.00628611422184812,0.00724631387146484
"SMC4",-1.23164866666667,9.103547,-3.49181112802732,0.00628692939354942,0.00724631387146484
"NBPF15",-1.1440991,7.83861045,-3.49109099814236,0.00629427893030441,0.00725341843955593
"LCE2C",-1.358883,7.04372606666667,-3.49047032731993,0.0063006205791416,0.00725904573511653
"MUC22",1.1281761,5.35421558333333,3.49038087233404,0.006301535125728,0.00725904573511653
"COPS8",1.43940466666667,5.932808,3.48992727997665,0.00630617457240379,0.00726302259675572
"DPY19L4",1.32995473333333,5.40559673333333,3.48933684295246,0.0063122190247901,0.00726861584672799
"C16orf95",1.68165543333334,5.88921775,3.48779226843146,0.00632805976305174,0.00728548544041222
"CLDN5",1.1278732,3.4006368,3.48660283678912,0.00634028645001263,0.00729818861734285
"TRAM1",1.2446332,8.08686606666667,3.48636335966851,0.00634275111212843,0.00729965223927798
"SUMF2",-1.0741233,5.22026041666667,-3.48453040353064,0.00636164867535377,0.00732002380963219
"TCP11L1",1.29327436666667,3.29396931666667,3.48275618921714,0.00637999643450308,0.00733975520614702
"FLJ43860",-1.44290226666667,5.0586772,-3.48224112233463,0.00638533322622282,0.00734451375785509
"HTRA2",1.13862343333333,7.30251571666667,3.4812749537918,0.00639535657788708,0.00735466006457014
"ZNF182",1.20056706666667,4.38117713333333,3.48085522152873,0.00639971611959775,0.00735829040024413
"RB1",1.06224046666667,7.8028331,3.47998629774399,0.00640875101199275,0.00736729400439151
"SUMO4",-1.12117176666666,7.03736355,-3.47844997910235,0.00642475783535744,0.00738430742752523
"OSGIN1",1.45504216666667,11.1105049166667,3.47777666975313,0.00643178611653413,0.00739099689349283
"RNF144A",1.02327396666667,7.26128068333333,3.4775222155183,0.00643444429759316,0.00739266295073707
"PPDPF",1.31127416666667,8.37405708333333,3.47712072910149,0.00643864078976974,0.00739609544720452
"T",1.3754101,8.51564561666667,3.47624140845707,0.006447841743125,0.00740527422272174
"CPSF7",-1.3505994,4.9514079,-3.4758814278857,0.00645161242014232,0.00740799945648902
"RAB11FIP1",-1.46992996666667,6.39125198333333,-3.47578371405161,0.00645263633599706,0.00740799945648902
"DPH3",1.06212416666667,8.19206341666667,3.47510763408624,0.00645972542199448,0.0074147467414188
"PHF23",-1.650757,7.43803616666667,-3.47478122869359,0.00646315086976342,0.00741728700454185
"OTOP2",1.1681262,5.1296063,3.47442886093901,0.00646685089993631,0.00742014137393293
"FAM127B",1.18752363333333,5.66854281666667,3.47376832814315,0.0064737927496302,0.00742671367752439
"TMCC1",-1.41400273333333,3.67430663333333,-3.47238004015137,0.00648840820423488,0.00744208500065785
"MT1H",1.265962,8.16943066666667,3.47194914633883,0.00649295149508456,0.00744590014000513
"AP5S1",1.5267807,3.66787165,3.47149429762953,0.00649775095437275,0.00745000755975496
"BRIX1",1.05784933333334,11.203306,3.46911225613079,0.00652294605582285,0.00747699593102939
"AMELX",1.6373361,4.53120305,3.46903792042137,0.00652373394570691,0.00747699593102939
"MAPK10",-1.05895841666666,9.536315125,-3.46841616303638,0.00653032787817472,0.00748315151876249
"SBK2",-1.43176696666667,6.79971785,-3.46807297250935,0.00653397049082865,0.00748592349492317
"GBAS",1.2246035,8.52377191666667,3.46757118339921,0.00653930026837806,0.00749062704398745
"LAMB2",1.29831966666667,10.6820935,3.4673987020979,0.00654113333119888,0.00749100793267298
"DHX33",-1.252796,5.4865051,-3.46725105672769,0.00654270287219623,0.00749100793267298
"MAN1A1",-1.08069796666667,7.07064068333333,-3.46719432644449,0.00654330604645381,0.00749100793267298
"TTLL4",1.20633976666667,4.96670801666667,3.46670603198999,0.00654850013925918,0.00749555170289759
"NGFRAP1",-1.39271133333333,10.9491216666667,-3.46537129107032,0.0065627199604938,0.00751042288034064
"GOLGA6A",1.49369966666667,8.73997483333333,3.46445680413967,0.00657248109393352,0.0075201868959576
"ZNF571",1.59886423333333,4.09241061666667,3.46389779237032,0.00657845536016123,0.00752561516332581
"S100A13",-1.20564033333333,12.3766978333333,-3.46345963673093,0.00658314196216607,0.00752828919985381
"SSBP4",1.45306133333333,12.0919526666667,3.46344917765922,0.00658325387695618,0.00752828919985381
"NOB1",1.25181513333333,7.3292943,3.46332350935133,0.00658459871530421,0.00752841991034035
"NMT2",-1.07341143333333,7.42247371666667,-3.46166849382352,0.00660233653490903,0.00754728978336575
"CCDC74B",1.15426086666667,7.8306499,3.46064633127657,0.00661331649802548,0.00755842898093029
"CREB3",1.1499186,5.95995093333333,3.45980877278067,0.00662232761888081,0.00756731422717833
"ZRSR2",-1.45128186666667,3.95767473333333,-3.45923123764756,0.00662854863889704,0.00757300851032158
"SLC41A1",1.03078923333333,4.61924388333333,3.45906411512128,0.0066303499617855,0.00757365217815603
"DCAF12L1",1.17232126666667,3.56935963333333,3.45857821773251,0.00663559007790715,0.00757822290398282
"TLR1",1.45461016666667,8.74745058333333,3.4584563289994,0.00663690525141311,0.00757831025161355
"PML",-1.16781656666667,4.90831805,-3.45779874011614,0.00664400528116469,0.00758500173729531
"GSTM2",1.2926989,9.35788421666667,3.45745494516222,0.00664772040131651,0.00758782712971164
"RAB3IL1",-1.63838173333333,8.49929046666667,-3.45709160803648,0.0066516490462847,0.00759089514366159
"XPO7",-1.44465286666667,5.18407,-3.45618380071998,0.00666147542415734,0.00760069128030485
"TMCO1",1.50433733333334,8.752151,3.4560431739861,0.00666299895973846,0.0076010120521499
"RBM25",1.17771766666667,10.2072918333333,3.45579877362902,0.00666564763019813,0.00760261599581509
"P2RY12",1.56399303333333,3.43129345,3.45545197320515,0.0066694079328432,0.00760548699592445
"HCK",-1.51877903333333,6.76036835,-3.455252401367,0.00667157285886422,0.00760653797065436
"DPH5",1.2664029,8.23957338333333,3.45510701585716,0.00667315043959979,0.00760691902170142
"KCNA4",1.22147013333333,3.56586643333333,3.45494502991802,0.00667490860875433,0.00760750575043946
"RILPL2",-1.21058016666667,10.06414425,-3.4524155146904,0.00670242613080273,0.00763744516078434
"GALT",1.05509283333333,7.05859735,3.45210417702506,0.00670582118411663,0.0076398908760569
"ANKRD33B",-1.4876661,6.88773961666667,-3.45161898917768,0.00671111559169485,0.00764449919754033
"PDIA5",1.3342884,7.51618313333333,3.45071299622974,0.00672101349508825,0.00765434857836
"IFT80",1.30210996666667,7.89336301666667,3.44995042941728,0.00672935624199295,0.00766242350428306
"NUDT4",1.3352308,6.5744502,3.44853507965211,0.00674486920999212,0.00767865832280085
"ASF1A",1.49974983333334,11.0107469166667,3.44801949332902,0.00675052953812939,0.0076836725049815
"VEGFA",1.2245207,5.86821681666667,3.44788190121665,0.00675204091805395,0.00768396323226452
"PIWIL1",1.07290616666667,6.51996385,3.44742796832885,0.00675702963693086,0.00768821039961744
"VWA3A",-1.57288596666667,4.98728565,-3.44727395077134,0.00675872315915935,0.00768822336017976
"FAM22D",1.03846656666667,6.54957298333333,3.44719837358471,0.0067595543403738,0.00768822336017976
"PHEX",1.25547903333333,5.16189361666667,3.44671955842549,0.00676482271354169,0.00769278538316878
"CD93",-1.1940845,5.46353285,-3.44480973683876,0.00678587886426679,0.007715295835641
"HS6ST1",1.39489516666667,14.1484420833333,3.44347963141758,0.00680058377024872,0.00773057813199213
"ICAM3",1.12696536666667,3.13307998333333,3.44261323326097,0.00681017999740225,0.00774004852760671
"REV1",1.28907666666667,12.0737798333333,3.44243347588647,0.0068121727527533,0.00774087535314723
"TSFM",1.19823836666667,3.82331701666667,3.44148434326623,0.00682270470590636,0.0077514034151783
"LGALS4",-1.58631976666667,7.49491411666667,-3.43994737233474,0.00683979545362401,0.00776937775441361
"TRIB2",-1.15484526666667,5.51822066666667,-3.43972213225193,0.00684230380496273,0.00777078423589418
"MAN1B1",1.23967353333333,3.6274451,3.43897849650472,0.00685059198024271,0.00777875310599943
"ZNF526",1.09962733333333,5.57819786666667,3.43861439961556,0.0068546538181572,0.00778192096112187
"CELF6",1.00239706666667,4.6932674,3.43656044597681,0.00687761450501097,0.00780653906153193
"MAP3K12",1.09306366666667,5.12172366666667,3.43563894894612,0.00688794167300854,0.00781617739490176
"CDC37",-1.04307133333333,9.08102033333333,-3.43557480911747,0.00688866108422856,0.00781617739490176
"MTMR3",1.04581043333333,5.32618391666667,3.43474161576417,0.00689801352482438,0.00782424666093188
"UHRF1",1.33715366666667,9.34454416666667,3.43471339041387,0.00689833058010242,0.00782424666093188
"PRELP",-1.21393426666667,4.6991876,-3.43227796415959,0.00692574482051388,0.00785249547634354
"PPIP5K1",1.03192328333333,6.76972670833333,3.43227276516813,0.00692580346360734,0.00785249547634354
"SERF2",-1.09846133333333,13.2796503333333,-3.43213527177746,0.00692735453585234,0.00785279878642664
"SYNE4",-1.59797763333333,5.51079118333333,-3.4304528832906,0.00694636292916853,0.00787288781042109
"PLD2",1.53187313333333,7.0320782,3.43012084708436,0.00695012082470569,0.00787568794323938
"ARMC1",1.21765966666667,8.59572883333333,3.4295379350809,0.00695672317425117,0.00788170970001272
"BEX4",-1.03423366666667,9.92298116666667,-3.42936007157826,0.00695873904148978,0.00788253387443704
"SIVA1",1.12859066666667,10.8646386666667,3.42826692429374,0.00697114187564459,0.00789512143561526
"SMARCA4",-1.30425633333333,9.67439916666667,-3.42788196251127,0.00697551511299207,0.00789861215274579
"CNGA4",-1.08327773333333,7.3588922,-3.42768915369566,0.00697770652812764,0.00789963148391653
"NOVA1",1.1766508,6.03794183333333,3.42637997580577,0.00699260523393754,0.00791503400947824
"SLC9A4",-1.47725073333333,4.92667876666667,-3.42571525089538,0.00700018258233525,0.00792214521619072
"DEGS2",1.0650271,6.39560801666667,3.42407987447342,0.00701886093439787,0.00794049271390173
"POM121C",1.02219463333333,4.37910078333333,3.42399140183392,0.00701987289426903,0.00794049271390173
"MLF2",1.37464886666667,5.85911956666667,3.42395506983538,0.00702028850759962,0.00794049271390173
"ZDHHC19",1.0951692,3.4044263,3.42193874374842,0.0070433940234152,0.00796397358757849
"METTL21B",1.20657093333333,8.34828503333333,3.42191629635957,0.00704365169702308,0.00796397358757849
"C2orf40",1.230121,13.6139391666667,3.4201847702364,0.00706355742520106,0.00798455526937517
"UBXN10",1.3768251,3.59466681666667,3.42010593309362,0.00706446513127294,0.00798455526937517
"FAM26E",1.32304686666667,5.4721412,3.41953025478727,0.00707109698370752,0.00798986305733281
"TSC22D1",1.0206409,6.40415901666667,3.41947158705038,0.00707177320291879,0.00798986305733281
"MDH2",1.00518516666667,11.5565604166667,3.41879129784809,0.00707961929547932,0.00799725089544728
"VPS37A",1.129119,8.50745308333333,3.41849205175955,0.00708307350291235,0.00799967577825692
"SCO1",1.38093676666667,8.18068361666667,3.41648024558827,0.0071063413338829,0.00802414018499768
"SCAF4",1.1291091,3.73064821666667,3.41639250585629,0.007107357904953,0.00802414018499768
"XRN2",-1.38310603333333,7.13856735,-3.41596908975063,0.0071122658168051,0.00802819968029771
"L3MBTL4",1.097887,4.9306283,3.41527780831925,0.00712028618149263,0.00803577031145027
"LILRB4",1.2065383,6.26602711666667,3.41464202590892,0.0071276709289032,0.00804262094117112
"ITM2A",1.25795816666667,7.77705425,3.41443841365277,0.00713003760952814,0.00804267432877748
"GBP3",-1.04256883333333,9.49131458333333,-3.41438294436001,0.00713068249652997,0.00804267432877748
"SMC6",1.19799883333333,3.29429795,3.41429870168692,0.00713166201922488,0.00804267432877748
"ILK",1.26624286666667,5.0356219,3.41407416180328,0.00713427351538523,0.00804372310829665
"PARK2",-1.51928113333333,8.25266476666667,-3.41399267153809,0.00713522152806897,0.00804372310829665
"PITPNM1",1.4917193,3.69379601666667,3.4138494292404,0.00713688824683789,0.00804411980363932
"SNRPF",1.24953666666667,13.2137596666667,3.41326650216964,0.00714367515993543,0.00805028635632436
"MANSC1",1.54421393333333,7.28692296666667,3.4130740663822,0.00714591712571975,0.00805132982967834
"WHSC1",1.12705473333333,4.7558218,3.41130632890737,0.00716654629862031,0.00807308603479268
"METTL1",1.07202743333333,6.43893848333333,3.41047720121145,0.00717624336182928,0.00808252151834896
"FIG4",1.5557451,6.01167388333333,3.40812952593598,0.00720377456987394,0.00811203622648422
"EPS15",-1.20735603333333,6.25851748333333,-3.40652953782448,0.00722260046196299,0.00813173898165064
"BCAP29",1.13602626666667,8.37315686666667,3.4060736754397,0.00722797360621393,0.00813629117255139
"GPR31",1.44079613333333,4.1202798,3.4053960596031,0.00723596817712214,0.0081437919991967
"CYBA",1.5032071,5.78041648333333,3.40430918247003,0.00724881042469685,0.00815674492887536
"CYB5B",1.362167,6.4468385,3.40359890336518,0.00725721567316322,0.00816470126671801
"FRMD4A",1.07074826666667,7.1271824,3.40268720556006,0.00726801928562918,0.00817535245256101
"NLRC5",1.0739641,4.19203791666667,3.40238742766074,0.00727157529784027,0.00817784883679904
"YSK4",-1.41704716666667,8.07307575,-3.40042674752521,0.00729487777012026,0.00820254772975478
"VWC2L",1.20325583333334,5.19183991666667,3.3999954651174,0.00730001390737791,0.00820681460590556
"C1orf61",1.28302923333333,3.74462588333333,3.3994063930987,0.00730703522468044,0.00821252667266378
"PDCD10",1.50664966666667,11.9064605,3.39933538478927,0.00730788206623902,0.00821252667266378
"WDR83OS",1.058944,11.453727,3.39923143989493,0.00730912189157474,0.00821252667266378
"OSTM1",1.4211974,5.9660636,3.39895455083262,0.00731242561159385,0.0082147300572404
"HSPB11",1.27672866666667,13.070825,3.39806572179628,0.00732304121069968,0.00822514524087767
"TMEM116",1.21551536666667,7.78458465,3.39761636392759,0.00732841413657928,0.00822966917907342
"MAP4K5",-1.24442343333333,8.94419178333333,-3.39741088822693,0.00733087235146935,0.00823091889269398
"CRHR1",1.09621263333333,4.89173531666667,3.3962720741771,0.00734451211279451,0.00824425571358768
"GAL3ST1",1.48299043333333,3.67989705,3.39619419215537,0.00734544588015143,0.00824425571358768
"RRNAD1",1.35740556666667,6.07198968333333,3.39601726534136,0.0073475676040412,0.00824512446836465
"EFEMP1",1.31736346666667,8.72818376666667,3.3950201815602,0.00735953662983849,0.00825704109689197
"SGMS1",1.36605716666667,9.09722491666667,3.39431520622359,0.00736801138594951,0.00826503367422792
"NDUFAF3",1.1828436,5.94758203333333,3.39362782069596,0.00737628444085879,0.00827279710525648
"AIFM2",-1.24805356666667,5.62300865,-3.39227164480573,0.00739263503139988,0.00828961530830361
"C16orf80",1.01337333333333,10.7308856666667,3.39113612348082,0.00740635425129444,0.008303477241968
"MRPS36",1.3954154,7.27174036666667,3.39070488170771,0.00741157137742538,0.00830747153426797
"GNA12",1.4216273,4.01894088333333,3.39061718920094,0.00741263274036758,0.00830747153426797
"PARP6",1.405044,13.3577653333333,3.39026650090688,0.00741687877962048,0.00831070776075423
"FCGR2A",1.1022355,5.63646975,3.38906415317927,0.00743145565064345,0.00832551651174448
"TXNDC2",-1.55087736666667,3.78192908333333,-3.38893879171034,0.00743297720244994,0.00832569654423082
"COL11A2",-1.18562383333333,8.58108725,-3.38695237636784,0.00745713014092454,0.00835060325645842
"ZNF805",1.09181653333333,7.38691073333333,3.38688527829945,0.00745794741052073,0.00835060325645842
"CAMSAP3",1.34332923333333,4.81016715,3.3867735843614,0.00745930807396948,0.00835060325645842
"ZNF687",1.25067886666667,4.5672689,3.38629726105738,0.00746511356996736,0.00835509008355605
"FAM13B",1.01899826666667,3.55871286666667,3.38618347806138,0.00746650106679224,0.00835509008355605
"SIL1",1.0625547,3.20271121666667,3.38600813102048,0.00746863981406349,0.00835509008355605
"MYL7",-1.14870673333333,4.5588989,-3.38599675176095,0.00746877863141027,0.00835509008355605
"MKKS",1.10529533333333,9.804628,3.38579934107869,0.00747118730093933,0.00835625665578552
"ZNF763",1.03498606666667,6.02692613333333,3.38415598474206,0.00749126971083438,0.008377186636974
"NRBP1",1.1948503,7.50693125,3.38315798814525,0.0075034929148514,0.00838932193952135
"VIL1",-1.11035856666667,6.02077605,-3.38112088951211,0.0075285070314983,0.00841450803867098
"C18orf63",1.07680763333333,8.29961118333333,3.38109948272224,0.00752877035038983,0.00841450803867098
"TRO",-1.16273136666667,5.85154828333333,-3.38039846835849,0.00753739861166694,0.00842261273172207
"ZBTB1",1.12513216666667,12.0313134166667,3.37981316851833,0.00754461048645393,0.00842913202266712
"RBM45",1.32798233333333,8.9387295,3.37944822499833,0.00754911082459536,0.00843262005201285
"IER5",1.011104,14.632079,3.3790872908622,0.00755356445941735,0.00843605464817732
"PANK3",1.53991706666667,7.0526253,3.37859266847101,0.0075596721258648,0.00844133492718394
"CPZ",1.16648906666667,6.6221389,3.37803947089331,0.00756650915555879,0.00844742755724611
"DDX24",1.133431,10.0095956666667,3.37640570269453,0.00758673854144621,0.00846846677550957
"TBK1",1.21475633333333,10.1750255,3.37488452883604,0.00760562420951906,0.00848799870737643
"ANKRD7",-1.42564493333333,3.84818936666667,-3.37374255856574,0.00761983402768074,0.008502306142869
"MAZ",-1.05568126666667,5.8619438,-3.37354841454918,0.00762225254660399,0.00850345388040175
"ZFYVE28",1.29327166666667,3.68701856666667,3.37322186130806,0.00762632232866192,0.00850644302766702
"PGP",-1.08304766666667,9.71590383333333,-3.37247250607442,0.00763566994705112,0.00851531694058673
"DHODH",-1.0103703,6.07360151666667,-3.37192645395384,0.00764248900171207,0.00852136827273089
"SCAP",-1.48270423333333,4.30397808333333,-3.37119584697908,0.00765162264118296,0.00852962796016428
"PHIP",-1.06051356666667,5.13334551666667,-3.37111091315236,0.00765268517053641,0.00852962796016428
"RABGAP1L",1.15449906666667,5.23193963333333,3.37097698917945,0.00765436088160232,0.00852994168918816
"PLD4",1.21865293333333,3.53624456666667,3.37082215805299,0.00765629866569468,0.00853050655351219
"WWC1",1.136779,11.0622088333333,3.37071369598041,0.00765765642234209,0.00853050655351219
"AKT3",-1.3170031,5.72276445,-3.37049998699124,0.00766033241817177,0.00853193404958582
"GTPBP1",-1.09278453333333,5.2240803,-3.3701202151972,0.00766509019245458,0.00853526941916016
"CAMK1D",1.23641726666667,6.5638614,3.37003826459193,0.00766611727006948,0.00853526941916016
"UROC1",1.08858536666667,4.35745221666667,3.3699029414519,0.00766781357198478,0.00853560470040082
"CDC37L1",1.138129,11.0537755,3.36888191978193,0.00768062483062922,0.00854831048095135
"TTF1",1.51483683333333,4.24137775,3.36698571937134,0.00770447630297565,0.00857329683914242
"SMCR7",-1.23304223333333,6.91461615,-3.36621635756598,0.00771417565651921,0.00858252894464167
"UBE3B",-1.34699326666667,5.70604733333333,-3.36610409287252,0.00771559203697155,0.00858254401494399
"SNED1",1.3275538,5.14171543333333,3.36588025307097,0.00771841690257,0.00858412554261466
"TNFRSF11A",-1.11817033333333,5.3480846,-3.36425599633449,0.00773894722303838,0.00860539424037601
"LIX1L",1.01408823333333,6.74412198333333,3.36213051051384,0.00776589854083335,0.00863379379844056
"TUBB2A",1.32728066666667,6.45826746666667,3.36193287619383,0.00776840949808254,0.008635016226248
"RASSF1",1.03910133333333,5.87271813333333,3.36145044429271,0.00777454236295537,0.00863985350070176
"PTP4A1",1.30183836666667,7.36126915,3.36136413072165,0.00777564014437297,0.00863985350070176
"LXN",1.15565166666667,11.5519901666667,3.3612573930519,0.00777699791244927,0.00863985350070176
"TRPC4",1.2496482,5.1563213,3.36019435185099,0.00779053386351346,0.00865318900607473
"MAGEA6",1.06459653333333,7.7264919,3.36009263126373,0.00779183037503526,0.00865318900607473
"SPTLC1",1.2012715,8.86734958333333,3.3594612032679,0.00779988344269099,0.00865985245419417
"ATP2A3",1.15831186666667,3.2834491,3.35940023518681,0.00780066147026219,0.00865985245419417
"FLOT1",-1.09040133333333,9.565063,-3.35878476874255,0.00780852008418098,0.00866700396861743
"ASAH1",1.17091333333334,9.25727533333333,3.35838689643099,0.00781360470343543,0.0086710744740827
"CPXM2",-1.35641,4.9768633,-3.35746216162196,0.00782543563702671,0.00868262880437603
"RGPD5",1.01206266666667,9.44679233333333,3.35713678418809,0.00782960288712647,0.00868567732791292
"ZNF554",1.25328186666667,5.1420865,3.35659163035988,0.00783659006496687,0.00869185243246325
"MMP27",1.452688,4.0682948,3.35571012839057,0.00784790185763665,0.00870282101957967
"NIPBL",-1.49665966666667,11.1413738333333,-3.35555039894422,0.00784995338141751,0.00870351844645022
"APEX2",1.31586683333333,4.01503231666667,3.35526707285159,0.00785359371609053,0.00870597687172348
"LAMP5",1.1483182,3.474314,3.35459200960655,0.00786227436476508,0.00871402075428129
"MRVI1",1.07416843333333,6.50098301666667,3.35411512698145,0.00786841259890854,0.00871924439053114
"DTWD2",1.09364143333333,6.66219368333333,3.35387068675876,0.00787156085657528,0.00872115344449973
"COL1A2",-1.5080065,8.84977108333333,-3.35227125488759,0.00789219291548674,0.00874242916113487
"OAZ2",1.1220567,7.01578498333333,3.35148004685042,0.00790241990711748,0.00874952555878925
"SLC25A2",1.07224213333333,3.31988056666667,3.35147031466479,0.00790254578880579,0.00874952555878925
"IL37",1.27486243333333,3.19196308333333,3.35144373892843,0.00790288954525489,0.00874952555878925
"PTPRU",1.32734386666667,5.83544043333333,3.34880207432058,0.00793713684752246,0.00878443673802298
"S100A10",1.39229066666667,15.505125,3.34878995953702,0.00793729426083541,0.00878443673802298
"BTN2A2",-1.12682196666667,4.50511925,-3.34849235055806,0.00794116225596214,0.00878712799456979
"CECR5",-1.40016086666667,5.86412656666667,-3.34828735117162,0.0079438277491662,0.00878779182783897
"PLEKHG2",1.08564873333333,5.0568073,3.34822528484049,0.00794463494602441,0.00878779182783897
"CERS5",-1.07476616666667,8.88996675,-3.347914187698,0.00794868216655196,0.00878921760371972
"BATF2",-1.2780308,4.92893193333333,-3.34790535120574,0.00794879715615907,0.00878921760371972
"CXorf58",1.07456723333333,3.09218731666667,3.34754773123712,0.00795345232503646,0.00879277580856036
"LIN52",1.2488732,4.8376952,3.34713107563276,0.00795887952866274,0.00879718608064293
"THBS2",1.35697333333333,8.730751,3.34614903419373,0.0079716864270803,0.00880975028195037
"C16orf88",1.40654573333333,8.19614796666667,3.34449081457692,0.00799335991846882,0.00883210691370638
"ATF3",1.13866856666667,3.55569665,3.3437605723022,0.00800292378573326,0.0088410775950011
"ULK4",1.1573183,4.25582295,3.34308872763268,0.00801173329973602,0.00884921183025545
"EID2",1.2217035,12.55448325,3.34264049837566,0.00801761625963944,0.00885411124124081
"SHC3",-1.10051046666667,7.1945798,-3.34060782306106,0.00804435111720626,0.0088820321485414
"TMED9",1.2820133,8.86936668333333,3.33945385668416,0.00805956979314012,0.0088972298799046
"ANKRD27",1.10535653333333,5.30161986666667,3.3390521742597,0.00806487423410131,0.00890147944510767
"DCDC2",-1.08074953333333,3.75326076666667,-3.33805524118609,0.00807805492364303,0.00891199778509428
"DEFB131",-1.00286476666667,5.09385085,-3.33800943539641,0.00807866106878826,0.00891199778509428
"ATXN7L3B",1.14031933333333,13.878475,3.33800089694521,0.00807877406278732,0.00891199778509428
"CD79B",-1.055054,5.17275536666667,-3.33668302983991,0.00809623375932042,0.00892964812322378
"SRPK1",1.00882416666667,8.03339225,3.33602797614777,0.00810492674216445,0.00893741977811871
"AURKC",1.4076903,3.67858405,3.33593195949301,0.00810620175691087,0.00893741977811871
"TRIM43",-1.23806996666667,4.08564001666667,-3.33512539785286,0.0081169203749798,0.00894762501876151
"CALN1",1.0095014,6.42719036666667,3.33432962971036,0.00812750994145863,0.00895768434909817
"MS4A4A",1.29863471666667,6.550686675,3.33276826411526,0.00814832918145668,0.00897901259584869
"TMEM37",1.14209266666667,4.9809878,3.3325501988231,0.00815124125524133,0.00898040432729689
"SIGLEC6",-1.32047866666667,6.64068286666667,-3.33245387720685,0.00815252789045553,0.00898040432729689
"TNFSF14",-1.45862866666667,6.42517833333333,-3.33230574362081,0.00815450702485739,0.00898096741279524
"KCNMB4",-1.00620606666667,7.5872545,-3.33173638960222,0.0081621184949316,0.00898773235277025
"HOXC12",1.15160213333333,3.70580053333333,3.33156584972046,0.00816439980722669,0.00898862660079411
"MTERFD2",-1.34496836666667,8.22744815,-3.32991873949151,0.00818646721854581,0.00901062232013925
"LRRC4C",-1.10841186666667,4.5406518,-3.32985486695533,0.00818732420360479,0.00901062232013925
"CRYAB",1.00382233333333,14.7215178333333,3.32938919005684,0.00819357505161031,0.0090158798859266
"EFNA4",1.014011,8.97426283333333,3.328957480549,0.00819937436470174,0.00902063879936077
"MAPK3",1.16356276666667,8.03654661666667,3.32880366239715,0.00820144168752573,0.00902129094647293
"ADAT2",-1.47945266666667,6.70345966666667,-3.32747339077425,0.00821934313085781,0.0090393566914593
"PDE11A",-1.27664213333333,5.05862576666667,-3.32667536270327,0.00823010159233929,0.0090495617436973
"SPIN1",-1.15667266666667,10.185678,-3.32630856703807,0.00823505136723338,0.00905337722636726
"WDR5",1.42508733333334,8.595338,3.32517162808277,0.00825041354021351,0.0090686363706479
"TNS1",-1.1950992,4.1205305,-3.32432030975729,0.00826193586801057,0.00907815612165688
"CD40",1.25262156666667,5.32303521666667,3.32431247001646,0.00826204205383875,0.00907815612165688
"ISG20L2",-1.0763843,6.53643338333333,-3.32366988827073,0.00827075034571618,0.00908609276622223
"ARHGEF26",1.25018943333333,6.70291321666667,3.32339284296146,0.00827450780528048,0.00908858864501005
"ALDH1A3",1.21700973333333,6.50637886666667,3.32274799021823,0.00828326054196811,0.00909584680025956
"EMC8",1.02532023333333,7.63499761666667,3.32268696811409,0.00828408930549956,0.00909584680025956
"PDZD3",1.0646542,4.8583325,3.32251562314182,0.00828641686324418,0.00909676984915269
"EOMES",1.27394883333333,3.89536801666667,3.32219581120993,0.00829076301405522,0.00909990816648544
"EXT2",1.11534326666667,7.28877536666667,3.32090184322671,0.00830837176475475,0.00911712183382156
"STK24",1.30315673333333,5.24377493333333,3.3207561761848,0.00831035647381867,0.00911712183382156
"TMEM159",-1.0448517,8.23477431666667,-3.32071506393451,0.00831091671579321,0.00911712183382156
"FUK",1.20747083333333,3.13526281666667,3.32039353251275,0.00831529961504315,0.00912029455805557
"C10orf10",1.043069,9.06518083333333,3.31769205723645,0.00835221893632321,0.00915914598537828
"ZNF181",1.2867843,5.84755015,3.31556896113252,0.00838135296927471,0.00918944757455603
"LANCL2",-1.07838796666667,4.58190168333333,-3.31478924701434,0.00839207892993125,0.00919955902048367
"ODF3",1.43432963333333,6.65853165,3.31053410553976,0.00845086464357818,0.0092606824089936
"FAM168B",-1.16429066666667,4.30824663333333,-3.31027747349684,0.00845442366859091,0.00926292335323052
"LCE1C",-1.18865906666667,6.26536353333333,-3.31003136866521,0.00845783815701013,0.00926500516465317
"SLFN12",1.25921793333333,3.8842047,3.30932483907016,0.00846764856566465,0.00927409128620414
"ZFHX4",1.3604913,4.88255658333333,3.30899154576198,0.0084722805456587,0.00927750355796311
"CA2",1.3856492,8.03027473333333,3.30778839219452,0.00848902332983235,0.00929417407514572
"TRPV4",1.08756943333334,8.31899795,3.30576061706747,0.00851731885587809,0.00932348483812169
"JOSD2",1.16256246666667,5.51729263333333,3.30562192203391,0.00851925776503789,0.0093239389993742
"USF2",1.34392866666667,5.0472977,3.30544532705067,0.00852172716345426,0.00932497349061226
"HYI",-1.227181,12.2487418333333,-3.30384597752162,0.00854412526137035,0.00934781086356648
"SON",1.209658,9.82883133333333,3.30308642688919,0.0085547837138979,0.00935779845550284
"ZNF383",-1.1502716,7.04642956666667,-3.30152157590553,0.00857678598900371,0.00937994127616931
"RALYL",1.06511763333333,3.33912441666667,3.30142876688058,0.00857809274929181,0.00937994127616931
"DSCAML1",1.1606588,6.5257721,3.30020016106496,0.00859541106404439,0.00939719887237734
"ITPKC",-1.08848306666667,4.44015663333333,-3.29982713078214,0.00860067641934815,0.0094001499149748
"CCT4",1.24088483333334,8.44326975,3.29979123507007,0.00860118326643167,0.0094001499149748
"TCTN1",1.13363566666667,8.86509483333333,3.2984033406053,0.00862080403240002,0.00941991053227779
"ROMO1",1.19490366666667,15.0730421666667,3.29689888544397,0.00864212492488567,0.0094415214804376
"MYO18A",1.44480603333333,3.53900848333333,3.2955802723638,0.00866085694283808,0.00946029687132358
"CCDC81",-1.33307596666667,3.29755558333333,-3.29489967723662,0.00867054180030855,0.00946918506502815
"ARF4",1.2464395,11.4262210833333,3.29435476878282,0.00867830391206294,0.00947597061110138
"RUNX2",1.13954266666667,8.845054,3.29362506578082,0.0086887096423136,0.00948563982720817
"THAP9",1.2401991,5.86595945,3.29320180485712,0.00869475135128881,0.00949054215293219
"TMEM186",1.0874815,5.51228041666667,3.29262167277927,0.00870303932894277,0.00949789415170744
"BAHD1",-1.1819028,8.12673026666667,-3.29237349707071,0.00870658735200884,0.0094986966227701
"PLXDC1",1.0777646,4.65245513333333,3.29235304519654,0.00870687980720738,0.0094986966227701
"DEFB106B",-1.2647163,3.47636555,-3.29011054682475,0.00873900851412043,0.00953204743971987
"MBNL2",1.3372404,5.33668463333333,3.28949060586097,0.00874791214072658,0.00953979081006472
"TTC38",1.07966953333333,4.9371846,3.28939916200001,0.0087492262561741,0.00953979081006472
"NUDCD3",-1.31724893333333,5.126334,-3.28895176249541,0.00875565865877074,0.0095451032919386
"ANO2",-1.14664466666667,5.00613866666667,-3.2878596401329,0.00877138098871033,0.00956053962033312
"CAPN3",1.09656986666667,6.22518316666667,3.28728004503414,0.00877973676622028,0.00956794256069392
"GRHPR",1.2451731,6.65782261666667,3.28631773152056,0.00879362821401742,0.00958137442802468
"ARL2BP",1.26595733333333,9.026137,3.28599746142881,0.00879825650179203,0.00958471034151774
"DTNA",1.15484263333333,7.74828435,3.28581485787827,0.00880089646985594,0.009585879402275
"GSTK1",1.22876233333333,7.47469576666667,3.2856938704382,0.00880264608175905,0.00958607844930613
"PDP1",-1.04467633333333,8.69139216666667,-3.2851289176663,0.00881082068369058,0.00959327299213721
"XPR1",1.0169792,4.14150333333333,3.28403863287336,0.0088266187899395,0.00960876401367436
"KRTAP10-10",1.31206416666667,15.4619980833333,3.28292657204817,0.00884276259871864,0.00962462579237869
"MED20",1.28212003333333,3.79799245,3.28118026903888,0.00886817534253902,0.00965056861359903
"SCAMP2",1.001253,8.86043983333333,3.279529844536,0.00889226222700391,0.0096750596309461
"CCT7",-1.0450825,9.96251991666667,-3.27809729662155,0.0089132241639065,0.00969614250262801
"ORMDL3",-1.3449691,4.78284055,-3.27778581502553,0.00891778871355554,0.00969938335102805
"VIPR1",-1.33274886666667,5.01561253333333,-3.27764970817341,0.00891978402481065,0.00969982912616274
"ITGAV",-1.28940296666667,6.08977191666667,-3.2752140957604,0.00895556794503086,0.00973667528237229
"CD74",1.06819083333334,10.83864825,3.27512701805055,0.00895685003092371,0.00973667528237229
"ZNF514",1.39218003333333,3.67324531666667,3.27482429015667,0.00896130871170361,0.00973979156123693
"PHLDB3",1.094681,4.22901483333333,3.27353865841512,0.00898026950996466,0.00975788471557345
"CD200R1",1.02674013333333,5.42734003333333,3.27347932260991,0.00898114560859662,0.00975788471557345
"WNT2",1.35037446666667,5.51439193333333,3.27335593012689,0.00898296779282415,0.00975813156187823
"ZNF576",1.17677776666667,7.14074945,3.2731838287302,0.00898550991838187,0.00975916024865263
"CISH",-1.14658266666667,9.465184,-3.27290692544199,0.00898960164281379,0.00976187129051025
"EYA4",-1.05488556666667,5.54479265,-3.27263899684666,0.00899356258357569,0.00976443937645361
"NSUN6",-1.0760567,6.34324045,-3.27171749359715,0.00900719946415422,0.0097775099932036
"TMEM139",-1.1289271,4.20823708333333,-3.27156798899836,0.00900941392410705,0.00977817888729589
"SPAST",-1.1438567,6.36862725,-3.26917482423301,0.00904493812624558,0.00981499316359887
"RAB12",-1.1777014,4.86371946666667,-3.26740242557943,0.00907134092683997,0.00984189817173381
"FAM60A",-1.33751996666667,6.04378651666667,-3.26527187079892,0.00910318447903129,0.0098746955040272
"DEFB119",1.1919647,3.80476875,3.26393644441399,0.00912320279588725,0.00989370012686374
"DTD1",-1.14542966666667,9.67036583333333,-3.26388741905725,0.00912393856092926,0.00989370012686374
"KIAA0146",-1.36847156666667,5.08153668333333,-3.25999438651883,0.00918256073336715,0.00995389574614466
"LOC100132247",-1.324738,14.2829063333333,-3.25998485493055,0.00918270473867938,0.00995389574614466
"FAM75A3",-1.35546693333333,3.61531376666667,-3.25957015788228,0.00918897233111442,0.0099589251942884
"GNG4",-1.29110406666667,4.512402,-3.25829356731318,0.00920829404584438,0.00997672332355238
"POLR3H",1.28252446666667,5.1223104,3.25826968794771,0.00920865586925471,0.00997672332355238
"KCNV1",1.1380423,3.88796565,3.25739128648501,0.00922197573835704,0.00998938519250502
"EXOC6",-1.05253856666667,5.78604861666667,-3.25645280611839,0.00923622861839059,0.010003053051392
"GRK4",1.1563963,5.82630061666667,3.2560627058947,0.00924215983688011,0.0100077051118642
"ATP1A2",1.07346503333333,5.98264631666667,3.25440107381575,0.00926746796055974,0.010033333743179
"RASGEF1B",1.03170156666667,4.35317708333333,3.25420274791231,0.00927049341649288,0.0100341074776699
"ENOX2",-1.08586963333333,5.68280271666667,-3.25413921491086,0.0092714628262942,0.0100341074776699
"IFNAR1",-1.11719066666667,9.97819566666667,-3.25372325919769,0.00927781221774601,0.0100392032451663
"PQBP1",-1.1594545,8.90298525,-3.25232027014664,0.00929926139891949,0.0100606332871069
"VAV1",-1.19441076666667,5.75356001666667,-3.25039237115307,0.0093288190683261,0.0100902334423203
"URB1",1.2343276,3.5897189,3.25032068453152,0.00932992000379303,0.0100902334423203
"TNFRSF10C",-1.35150533333333,7.424492,-3.24947974961083,0.00934284477966773,0.0101024256560635
"UNC45B",-1.28329353333333,5.39902543333333,-3.24897767630661,0.00935057022361999,0.010108992512477
"ACN9",1.21949366666667,10.1379051666667,3.24849576399325,0.00935799165254016,0.0101152284329047
"BOLA3",1.3138345,9.67526891666667,3.24797771335676,0.00936597639324034,0.010120283216857
"AMTN",-1.1194999,5.54449428333333,-3.24715376864734,0.00937869038843653,0.0101322316433789
"LEAP2",-1.000098,9.50134,-3.24681939431012,0.00938385508053751,0.0101360214305665
"IPO4",1.1241095,6.38088745,3.24411251415209,0.009425773364952,0.0101795024619199
"C1orf87",1.04295096666667,3.46576665,3.24221236472419,0.0094553141911791,0.0102096032865573
"MYNN",1.12219566666667,10.2732008333333,3.24084041440283,0.009476702727016,0.0102308924093672
"GMFB",1.34139433333334,8.47988316666667,3.24022487195016,0.00948631518133959,0.0102394629991947
"ZNF548",1.00622096666667,4.00455488333333,3.23971361449912,0.00949430674730671,0.0102462812982929
"TRPC4AP",1.03659576666667,5.31140921666667,3.23825127075492,0.00951720331510552,0.0102691798733361
"L1CAM",-1.02423373333333,4.6944263,-3.23802392909436,0.00952076802021058,0.0102712147324367
"PFN4",1.28337696666667,4.38929045,3.2371642777649,0.00953425976885603,0.0102839564996229
"PDF",1.14446616666667,6.07488795,3.23690943464426,0.00953826318027435,0.0102864611558115
"ALDH4A1",1.1843663,4.39882535,3.23662882050835,0.00954267344371863,0.0102877552586852
"ATP6V1G2",-1.22912043333333,4.11063361666667,-3.23661909922911,0.00954282626561598,0.0102877552586852
"RHD",1.18662556666667,7.09193965,3.23601463027806,0.00955233369113761,0.0102961905430549
"ZNF440",-1.011315,9.8571825,-3.23431670407969,0.00957909195184157,0.0103232137680759
"CERS6",1.13105256666667,7.10171051666667,3.23400402821869,0.00958402795660849,0.0103267141667014
"DYNC2LI1",1.2728786,6.7587536,3.23373622568697,0.00958825766280223,0.0103294524354682
"FAM48B1",1.27904633333334,10.5805395,3.23356206276256,0.00959100944717516,0.0103305978517285
"EAF1",-1.0406469,5.01293321666667,-3.23276382411158,0.00960363209550344,0.0103423730259268
"RNF214",-1.02990996666667,5.04279285,-3.23154435796655,0.00962294877434436,0.0103613517425975
"RNF165",1.11400336666667,5.01196268333333,3.23076472659357,0.00963531935399282,0.0103728459981925
"LRRC32",1.0502594,6.27913086666667,3.23046888271006,0.00964001786648499,0.0103760783439752
"TCTEX1D4",1.0002589,3.22769131666667,3.23021873974395,0.00964399241378583,0.0103785304463574
"BIVM",-1.06073,8.806654,-3.22971364328196,0.00965202309813298,0.0103853459926798
"TPRA1",1.13175263333333,5.54174885,3.22859203782629,0.00966988052997989,0.0104027306281725
"CYP11B1",-1.3087889,5.57709088333333,-3.22769757693713,0.00968414595105175,0.0104162455922178
"PTRF",-1.0558809,3.75756638333333,-3.22678416207907,0.0096987360699054,0.0104301049878153
"C11orf58",1.001509,14.0731871666667,3.22545435049311,0.0097200179107728,0.0104511545831473
"CTHRC1",-1.21034476666667,6.83879585,-3.22495326060624,0.00972804966988713,0.0104579525356474
"RWDD2B",1.10657466666667,8.715788,3.22408425966732,0.00974199475612609,0.0104711039912121
"APBB2",-2.00552525555555,8.34906346111111,-3.22089273489879,0.00979338717050342,0.0105231829963584
"WDR96",-1.33089213333333,4.40061343333333,-3.22086174627717,0.00979388754188703,0.0105231829963584
"GFRA2",1.3501318,6.287177,3.22049537220578,0.00979980536083838,0.0105276925720122
"ATG10",-1.30235446666667,6.5584731,-3.21924505891541,0.00982002869946871,0.0105475659380881
"TSPAN10",-1.21450953333333,5.25945933333333,-3.21898584314897,0.00982422679932292,0.0105502228468067
"ADRB2",1.23258533333334,11.3778423333333,3.21828331260256,0.00983561386256534,0.0105605976853588
"CTBS",1.140452,9.42725566666667,3.21811550093511,0.00983833587462125,0.0105616667627536
"NTPCR",1.13789223333333,7.49976708333333,3.21501457775633,0.00988877487658118,0.0106139517008638
"TTC5",-1.32888596666667,4.65395385,-3.21474521265309,0.00989316888530393,0.0106168053394649
"PANX1",-1.00353116666667,7.62795325,-3.21421398901595,0.009901840353547,0.0106242475066644
"TM9SF2",1.24185483333334,9.87584441666667,3.21186658085843,0.00994025237885202,0.0106635918032293
"DDX11",1.18210666666667,3.29863976666667,3.20768326868239,0.0100090877031481,0.0107355537461185
"UBE2J1",-1.04116216666667,9.39069025,-3.2067597470125,0.0100243501222541,0.0107500392722087
"FGFBP2",1.07088563333333,6.15733215,3.20608228096014,0.0100355613996151,0.0107601760677962
"C4orf52",1.1599374,7.17732246666667,3.20577382979594,0.010040670190038,0.0107637673423256
"TEAD1",1.05488356666667,5.51940668333333,3.2038527403777,0.0100725490584662,0.0107960503047821
"PYGM",-1.2528565,5.29416885,-3.20346876525181,0.0100789333040174,0.0108010008677489
"CDKN2AIP",-1.27815756666667,6.35054688333333,-3.20153526240462,0.0101111445447673,0.0108336221234477
"MICAL1",1.16561023333333,3.68607461666667,3.20101765855708,0.0101197855700734,0.0108409819852406
"DONSON",1.0322121,3.39868155,3.19816988588875,0.0101674634076,0.0108899653304377
"TXNL1",1.00807,11.510598,3.19807414850139,0.0101690702734212,0.0108899653304377
"NFATC3",1.0223127,6.91389535,3.1968105893436,0.0101903025122826,0.0109107929244216
"ZXDC",1.30788123333333,5.69010551666667,3.19603656346112,0.0102033314280687,0.0109228314395319
"WDR37",-1.14697813333333,4.14776993333333,-3.19457648626653,0.0102279551629295,0.0109472760123868
"RNASEH2B",1.143751,11.7490425,3.19250682074415,0.010262964366135,0.0109828259562732
"AMT",1.0601908,5.8850666,3.19113813565844,0.0102861840110998,0.0110057491745206
"ZRANB1",1.12366383333333,5.12040165,3.18919969679571,0.0103191621317059,0.0110391036757784
"SFTPA2",1.01845796666667,6.87498098333333,3.1889491634862,0.0103234323265804,0.0110417410793739
"GAMT",-1.1534699,8.33378838333333,-3.18737250532707,0.0103503473569114,0.0110685937999622
"HPCAL1",-1.33462183333333,10.2447635833333,-3.18593703183146,0.0103749150973106,0.0110929273969497
"AFTPH",-1.28668033333333,9.1785925,-3.18579606306612,0.0103773309763947,0.0110935717130146
"ESAM",1.0462039,6.40072661666667,3.18462785410339,0.0103973736910079,0.0111130559471674
"VWA5B2",-1.2073035,8.47946841666667,-3.18303091039605,0.0104248366418699,0.0111404629825258
"UXS1",1.08204693333333,6.8520509,3.18129160266514,0.0104548328642576,0.0111705671434732
"C19orf12",-1.09055473333333,4.87716253333333,-3.18023012944182,0.0104731827682596,0.0111882193427994
"FAM134A",1.11764916666667,10.14781225,3.17913806184978,0.0104920961804231,0.01120646725416
"WSB1",-1.11867733333333,8.41623766666667,-3.17880945293219,0.0104977942076371,0.0112105960834917
"H3F3B",1.01628783333333,13.4959075833333,3.17776898319305,0.0105158568167671,0.0112279253062794
"GCOM1",1.08497446666667,7.86239076666667,3.17555319616613,0.0105544297158942,0.0112671437797663
"TMC7",1.08486083333333,5.58575618333333,3.1749099853857,0.0105656541285715,0.0112753328483624
"MLL5",-1.0501429,5.95349655,-3.17490239086409,0.0105657867309025,0.0112753328483624
"RBBP8",1.30175633333334,10.9299321666667,3.17344468554159,0.0105912704003589,0.0113001974285147
"KDELC1",1.01754086666667,6.82565133333333,3.17335840809887,0.0105927806885472,0.0113001974285147
"NLRP13",1.19062453333333,3.70960966666667,3.17161308079833,0.0106233803291431,0.011330864862918
"SLC47A1",1.27194203333333,3.79429118333333,3.17025977458396,0.010647169555497,0.0113542589054437
"SH2D7",1.0686605,10.22519025,3.1694588813411,0.0106612739594789,0.011367318592557
"NBPF16",-1.174017,9.96492683333333,-3.16894332801912,0.0106703634612953,0.0113739149360755
"CCDC64B",-1.07837813333333,5.68902893333333,-3.1688600293516,0.0106718328131219,0.0113739149360755
"ZNF708",1.30062416666667,8.62666241666667,3.16879172295222,0.0106730378633556,0.0113739149360755
"BBS9",1.11381743333333,6.53161398333333,3.16647766546363,0.0107139449388504,0.0114155198773749
"ARFIP2",-1.00004173333333,5.88035263333333,-3.16542882871441,0.0107325390111582,0.0114333403570026
"RFXAP",-1.09701396666667,6.11855608333333,-3.16416862802543,0.0107549241367191,0.0114551925258439
"RAD17",1.04219403333334,8.52488548333333,3.16313977525835,0.0107732354218444,0.0114726987486239
"PTGDR2",-1.00842526666667,4.28584463333333,-3.16157224420034,0.0108011956809824,0.0115004725332841
"G3BP2",1.00803486666667,6.2355792,3.16005922280641,0.0108282544715701,0.0115272769892232
"SNAI1",1.29171973333333,6.0212436,3.15847830459767,0.0108566020503042,0.0115554438663468
"MMS19",1.13780366666667,10.0575701666667,3.15811196004188,0.0108631818962934,0.0115604360482732
"NCOA6",1.03505166666667,9.27448716666667,3.15450950960188,0.0109281037965676,0.0116275024395479
"KRTAP6-1",-1.03551763333333,7.93910351666667,-3.15214592382786,0.0109709161196104,0.0116710250077858
"RANBP9",1.1176658,6.8724593,3.15183828490207,0.0109765011498294,0.0116749363759833
"LY6G6F",1.04516846666667,7.6841611,3.15136898641764,0.0109850266625096,0.011681973426253
"BRD4",1.19720476666667,3.97083738333333,3.15036567369897,0.0110032762013784,0.0116993472019522
"SBDS",1.028145,9.74185483333333,3.14779238434469,0.0110502251847,0.0117472246185916
"TIGD7",1.00533533333334,10.102124,3.14688927447587,0.0110667509862869,0.0117627488766683
"COPZ2",1.14099216666667,14.33220125,3.14451562296797,0.0111103071959029,0.0118069931256789
"TCEB1",1.06342833333334,14.9538845,3.14400257748377,0.0111197446639408,0.011814970103159
"PSENEN",1.20099996666667,8.34806518333333,3.14338769549122,0.0111310662751249,0.0118249459057499
"MAD2L2",-1.04571846666666,7.62314676666667,-3.14152234692545,0.0111654848757076,0.0118594507759686
"ALDH18A1",1.0179205,5.31121698333333,3.14090809604442,0.011176842701317,0.0118694538529174
"PLA2G4B",1.19665983333333,3.42559268333333,3.14064793330588,0.0111816568293589,0.011872505463731
"SAP30BP",1.17867003333333,3.35052241666667,3.13836453902794,0.0112240010093703,0.0119153979134699
"UTP3",1.01859866666667,12.3048066666667,3.13626991439987,0.0112629895478031,0.0119532673951563
"ECH1",-1.12441683333333,10.64625525,-3.13623821433129,0.0112635806690219,0.0119532673951563
"LIMK2",1.05034416666667,3.25456651666667,3.13542441836252,0.0112787667037436,0.0119673074390398
"FOXK2",1.0615764,5.79201796666667,3.13482751826712,0.011289918680181,0.0119770630284979
"PDXP",-1.15355603333333,4.43792511666667,-3.13302003317366,0.0113237573805826,0.0120108785808607
"TSPAN32",1.08294303333334,9.10592698333333,3.13211215735687,0.0113407934268089,0.0120268632666349
"FAM227B",-1.27341003333333,5.27892281666667,-3.13125488954091,0.0113569040091939,0.0120418611314122
"LARP6",1.14378206666667,5.25946516666667,3.12996411726152,0.0113812058000086,0.012065537529796
"TRIOBP",1.01247033333333,10.4492838333333,3.12964674969698,0.0113871891643503,0.0120697892078127
"TTLL13",-1.15658553333333,4.58271146666667,-3.12725802432174,0.011432327918009,0.0121155347656988
"SFSWAP",1.1718234,6.54117996666667,3.12655070990852,0.0114457289991902,0.0121261893576938
"CCZ1",1.20329666666667,9.94093583333333,3.12651817595389,0.0114463457895851,0.0121261893576938
"BCL7B",-1.2142649,7.84544405,-3.12516518406858,0.0114720265638062,0.0121512912945579
"RAI1",1.24369476666667,3.77816995,3.12451598253442,0.0114843698949959,0.0121608210636882
"WARS2",1.27452593333333,6.73681253333333,3.12448291183143,0.0114849990366117,0.0121608210636882
"YPEL3",1.04804333333334,10.8627506666667,3.12427012820974,0.0114890479086551,0.0121630031329212
"SYNJ2BP",-1.01792,9.569099,-3.12339125855554,0.0115057866898832,0.0121786164305719
"TNRC6B",-1.0171318,3.83854846666667,-3.12215769237317,0.0115293232292684,0.0122006390897003
"NMNAT3",1.0783056,5.092862,3.12209183895553,0.0115305811076573,0.0122006390897003
"GREM1",-1.2166674,5.8133897,-3.12159860802214,0.0115400068875171,0.0122085011478177
"PPT1",1.09672781666667,6.56479600833333,3.12043003605071,0.0115623702299288,0.0122300451360139
"PEX10",1.21322583333333,4.27348508333333,3.11714280752207,0.0116255180722962,0.0122947138403299
"MET",1.24348526666667,3.7321607,3.11383832009234,0.0116893545726477,0.0123600883642341
"EHD4",1.25594086666667,4.01324276666667,3.11369930425468,0.0116920479761927,0.0123607999858903
"HVCN1",1.20687716666667,6.22257991666667,3.11251983150019,0.0117149256814464,0.0123828464614874
"BPHL",-1.2543897,8.55641448333333,-3.11100202141489,0.0117444336274275,0.0124118923704615
"PTCHD1",-1.08139273333333,4.37216166666667,-3.11068685034217,0.0117505704741404,0.0124162331883922
"DYRK1A",1.00775093333333,6.07507533333333,3.11008762145262,0.0117622474305336,0.0124264254498368
"HOXA1",-1.0790199,5.79218368333333,-3.10958478223133,0.011772055271079,0.0124346398736984
"LAG3",1.13375256666667,6.80298598333333,3.10712727825416,0.011820109650962,0.0124832437156198
"GAS2",1.2609768,4.22064273333333,3.10478182078903,0.0118661609140572,0.0125297156493272
"SPDYA",1.08680463333333,3.61580705,3.10457265420958,0.0118702766758865,0.0125318986545424
"BCL2A1",-1.04883166666666,9.65700683333333,-3.10349787049522,0.0118914482745241,0.0125520842897755
"RNF180",1.06453643333333,3.72583941666667,3.10204472890849,0.0119201346009142,0.0125801938051394
"HEATR7A",1.15890593333333,5.3137285,3.10013512849992,0.011957939887364,0.0126169102703221
"C12orf60",1.22984013333333,4.56367066666667,3.10007919199385,0.0119590491431183,0.0126169102703221
"GABRA5",1.02582853333333,5.49061463333333,3.09909214015621,0.0119786403811867,0.0126354003193276
"GPR89C",1.06625356666667,7.83132455,3.09762417932396,0.012007837761572,0.0126640150707288
"PSRC1",1.12951746666667,5.2290785,3.09696315708021,0.01202100917354,0.0126755539377873
"NADK",1.06356216666667,3.14466818333333,3.09686719936362,0.0120229224421346,0.0126755539377873
"LMX1A",-1.10616203333333,5.95979621666667,-3.09625997276419,0.0120350369774616,0.012686139942817
"ITGB4",1.03792703333333,5.31255248333333,3.09587331369008,0.012042757586066,0.0126920914576316
"ZNF394",-1.02604866666667,11.3201413333333,-3.09516636033948,0.0120568868108894,0.0127047939216365
"CST1",-1.10198883333333,4.62659291666667,-3.09404319916063,0.0120793693918346,0.0127262927396666
"CCNYL1",-1.19046216666667,7.06109625,-3.09125858179138,0.0121352954720374,0.0127830126890366
"POLB",1.05571536666667,7.53749398333333,3.09037367523861,0.0121531234573341,0.0127995884510191
"GRIK5",1.07936036666667,3.67116515,3.08861695337483,0.0121885953541216,0.0128347377584365
"RAB3GAP1",1.1741893,4.86903501666667,3.08758327583979,0.0122095170939978,0.0128545561144516
"PDCD2",-1.1435128,5.3383159,-3.08659654975504,0.0122295229035825,0.0128734034969232
"GPBP1",1.09552856666667,8.56545171666667,3.0760571412534,0.0124453181993536,0.0130983066822029
"STON1",-1.08770203333333,3.44090968333333,-3.0751241038379,0.0124646094158285,0.0131163536990091
"NOL3",1.1025005,6.47816825,3.07476218972705,0.0124721005002138,0.0131219795116609
"HLA-DRA",1.11569,12.167133,3.07382491269084,0.0124915222078714,0.0131401535192155
"RPL13",1.206113,10.8232701666667,3.07330968195865,0.0125022117242738,0.0131471503033425
"ZNF236",1.02385586666667,3.37108016666667,3.07329716784294,0.0125024714718611,0.0131471503033425
"POR",1.23071153333333,3.53358043333333,3.07208790761401,0.0125275974403099,0.0131713079807211
"IPO13",1.0797586,6.4747543,3.06928839690209,0.0125859644278305,0.0132304004071249
"FAM170A",1.0940686,7.88127836666667,3.06900812432759,0.0125918231611024,0.0132342851914833
"ASPH",-1.21285926666667,8.53275803333333,-3.06710247675043,0.0126317324399985,0.0132739503723653
"ZNF506",1.09179766666667,9.05926383333333,3.06693815858099,0.0126351797617172,0.0132752927669906
"E2F3",-1.1830467,5.29130921666667,-3.06680615854327,0.0126379497619808,0.0132759231874654
"SLC39A3",-1.12871196666666,8.39367068333333,-3.06648600509536,0.0126446707182939,0.0132807030823214
"WDR76",-1.03785433333333,5.94155606666667,-3.06546808555565,0.0126660641759018,0.0133008892255694
"RASGEF1C",-1.0365958,5.29610256666667,-3.06513984634535,0.0126729706362117,0.01330433003987
"ZNF619",1.08592763333333,3.77169788333333,3.06510566770962,0.0126736900085587,0.01330433003987
"CDKL3",1.11984803333334,7.98772598333333,3.06447440655851,0.0126869839593117,0.0133160006627327
"NFKB1",-1.02468886666667,4.45850053333333,-3.06355757632866,0.0127063172673013,0.0133340049813635
"ADSL",1.14528866666667,12.241094,3.06319661078774,0.0127139372724016,0.0133397132966135
"ATP6AP2",1.09612466666667,10.774717,3.06221365271995,0.0127347113287168,0.0133592187772787
"HOMEZ",1.01542066666667,3.3442018,3.06017749714231,0.0127778546310587,0.0134021797758987
"PCDHGA8",1.1373374,5.26146176666667,3.05948679749036,0.0127925235932201,0.0134152655713611
"NEUROG3",-1.13894336666667,6.42194298333333,-3.05823337652409,0.0128191876213944,0.0134409237134003
"PRKCH",-1.19410653333333,4.45527973333333,-3.05736026318847,0.0128377950089325,0.0134581271186856
"CLIP2",-1.02849003333333,3.84131145,-3.05342255142669,0.0129220581544461,0.0135441411322428
"MRPL45",1.08274666666667,8.825399,3.05304320060876,0.0129302057533435,0.0135503595065015
"EIF2B4",1.10246963333333,3.96439361666667,3.05278998459404,0.0129356471901521,0.0135537402824714
"U2AF2",1.01484293333333,4.73510786666667,3.05256430410863,0.012940498884542,0.0135565020848678
"WDR7",-1.0007181,4.08062598333333,-3.05022072651786,0.0129909915963293,0.0136070684106048
"STX16",1.0738663,4.08018795,3.0497694218107,0.0130007381702555,0.0136149462727873
"PGRMC2",1.13565683333334,9.40221608333333,3.04939490226195,0.0130088321449772,0.0136210910598957
"R3HCC1L",1.0065637,3.60414208333333,3.04869875168483,0.0130238908037997,0.0136345249722188
"DMTF1",1.09753966666667,5.42108716666667,3.04849150448097,0.0130283772831381,0.0136362934873872
"DAB2IP",-1.04317503333333,6.5074567,-3.04841481402671,0.0130300378763101,0.0136362934873872
"TMEM183A",1.183907,12.7042855,3.04795590339938,0.013039979287316,0.0136443634820933
"SLC39A6",1.12655516666667,9.98229508333333,3.04765347582544,0.0130465350420061,0.0136488887460659
"FAM70A",1.1836447,3.47831411666667,3.04732431646316,0.0130536741009003,0.0136540225934875
"TAGAP",1.19196536666667,5.92249465,3.04538408641173,0.0130958366601738,0.0136957826815287
"USP21",1.20402336666667,5.45546878333333,3.04239148206762,0.0131611416754468,0.0137617270159602
"C16orf58",1.08291236666667,3.51507581666667,3.04132725127056,0.0131844457617413,0.0137837387509114
"C1orf63",-1.143914,12.3368143333333,-3.03848579779487,0.0132468739490735,0.0138466384453155
"MYD88",1.0156541,5.25469558333333,3.03701755227253,0.013279250562311,0.013878109829214
"ZNF141",-1.17964623333333,5.56344255,-3.03332329020104,0.0133610723715501,0.0139612366813226
"HNRNPUL2",-1.06856766666666,8.13381816666667,-3.03218522759474,0.0133863824140143,0.0139852950151877
"ARHGAP25",1.02922433333333,8.67608783333333,3.03124767190495,0.0134072701272861,0.0140047257365095
"CYSLTR2",1.00575736666667,4.44512918333333,3.03022811916466,0.0134300225081829,0.014026097252486
"CCR6",1.1691347,3.75295595,3.02903620571591,0.0134566714039204,0.014051530235396
"TERT",-1.19088786666667,6.15564313333333,-3.02586321009037,0.0135278775715448,0.0141219191237688
"CDHR1",-1.19744666666667,9.32267366666667,-3.025826797243,0.0135286969572424,0.0141219191237688
"THEM6",1.14273663333333,4.20796641666667,3.0251828292911,0.0135431963383948,0.0141346426472705
"CCNY",1.13252453333333,5.74539806666667,3.02433826735373,0.0135622363344801,0.0141520999308117
"IQCB1",1.02255433333333,6.23441193333333,3.02126676251077,0.013631712249564,0.0142221718183548
"ATG13",1.18996173333334,8.9291613,3.02016251928325,0.0136567785709648,0.0142458945093202
"RPH3AL",1.01367383333333,10.2626820833333,3.01368271732103,0.0138048231392028,0.0143978704339657
"DDX18",-1.03442466666667,10.4185456666667,-3.01141294885238,0.0138570680242503,0.0144498963989029
"FAM200B",1.05551886666667,6.94120493333333,3.00904298518425,0.0139118349672575,0.0145045341393458
"MRPL55",1.06751903333333,5.33587881666667,3.00833587627978,0.0139282182126761,0.0145191410845379
"IPO7",-1.17347966666667,7.35821216666667,-3.00754115267826,0.0139466549778025,0.0145358833312088
"SOWAHD",1.14177806666667,7.7611204,3.00621491056738,0.0139774780017043,0.014563708900829
"AKAP2",-1.1038822,4.5307216,-3.00618759612532,0.0139781135445682,0.014563708900829
"TMEM221",1.11520973333333,3.39624086666667,3.00511202458377,0.0140031630652129,0.0145873236221645
"ZNF528",1.1042737,6.65302985,3.00470568858197,0.0140126383651556,0.0145947091450497
"ALKBH1",1.12312233333333,5.07077163333333,3.00306702187119,0.014050916793301,0.014632086628326
"SMURF1",1.0676149,3.60643188333333,3.00129997839483,0.0140923138235157,0.0146726984295897
"IP6K1",-1.06896143333333,6.24466531666667,-3.00105048270121,0.0140981688650531,0.0146762969400025
"SCUBE2",1.17167563333333,4.06632228333333,2.9999783790217,0.0141233567738753,0.014700016458416
"RAB3A",1.1025673,3.73454725,2.99752249602811,0.0141812285566387,0.0147573565670662
"INO80C",1.04025683333334,9.22501091666667,2.99743597675982,0.0141832717578211,0.0147573565670662
"AKIRIN1",1.01379843333333,5.48529855,2.99249330323651,0.0143004966242075,0.0148767961820951
"CHRNA2",1.1537447,4.49817488333333,2.99125842768825,0.0143299382863839,0.0149048899075309
"FAM109A",1.04651716666667,9.04747141666667,2.98644332765384,0.0144453316624319,0.0150223591893181
"MAGEA3",1.00075286666667,3.2577159,2.98567272007022,0.0144638871075394,0.0150390994772138
"WASH1",1.107643,15.1115101666667,2.98476545133843,0.0144857644192231,0.015059287462499
"C5orf24",-1.10149483333333,6.09749235,-2.98434403941889,0.0144959375745838,0.015067303105896
"TRAPPC11",1.095235,10.0404908333333,2.98253609292392,0.0145396654352709,0.0151101873845741
"FSTL1",1.0469595,6.24042935,2.98185610167544,0.0145561468690302,0.0151247463561016
"LRRC58",-1.123308,5.28318463333333,-2.98056549349803,0.0145874807478497,0.0151547303812777
"POLG2",1.12552896666667,5.90207965,2.98038609742859,0.0145918416431388,0.015156687126099
"NR1H3",1.04874683333333,7.12320148333333,2.97773885823907,0.0146563477054897,0.0152186845819488
"RBM27",1.12222253333334,7.39777693333333,2.9777324714038,0.0146565036869634,0.0152186845819488
"MTMR9",1.123015,3.67034686666667,2.97755950506391,0.0146607285745534,0.0152204882774678
"NACA",-1.0182765,5.93392675,-2.97504316886797,0.0147223335855276,0.0152818522016047
"TNFSF13",1.01426143333333,7.63703361666667,2.97470524785379,0.0147306266808224,0.0152878666723107
"GTSF1L",-1.0396245,4.92809858333333,-2.97416693957738,0.0147438474344056,0.0152989923004907
"SNRPD3",-1.15412683333333,13.2194100833333,-2.97224157979702,0.014791233136886,0.0153455594932116
"KRT76",1.14761936666667,3.96350751666667,2.96891531452523,0.0148734635808945,0.0154282553726539
"COIL",1.0944001,7.91845951666667,2.96749676815723,0.0149086740242265,0.01546215759963
"FLT4",1.07749736666667,3.09064288333333,2.96645309228113,0.0149346339261928,0.0154864559932962
"HAUS2",1.11944056666667,6.27192838333333,2.96417086195999,0.0149915618816176,0.0155428530065644
"RNASEH1",-1.094696,10.1680676666667,-2.95935755121533,0.0151123520978755,0.0156654303854291
"ALYREF",-1.1249882,7.9375947,-2.95830145572825,0.0151389874064187,0.015690382001096
"KLHL25",-1.09164033333333,5.76989916666667,-2.95623384723271,0.0151912723573644,0.0157419045193691
"TCEAL1",-1.02592033333333,9.44859683333333,-2.9530826610376,0.0152713129277085,0.0158221663830179
"CCT8",1.12119523333333,6.63995075,2.95106163115941,0.0153228736136923,0.0158715976042967
"PRDM10",1.06761826666667,4.93703613333333,2.95100927525315,0.0153242116784212,0.0158715976042967
"PTPN9",1.09084303333333,4.59297411666667,2.94968166055763,0.0153581814948586,0.0159040884200313
"DNAJB5",-1.12487166666667,10.2261418333333,-2.94891625760437,0.0153778008239853,0.0159217101778883
"KAT6B",-1.09721786666667,4.07684696666667,-2.9459469121926,0.0154541552722733,0.015998057860536
"FBXO21",-1.11747953333333,5.81133536666667,-2.94333135630354,0.0155217324203189,0.01606529503426
"KIAA2013",1.01001416666667,10.7067770833333,2.94179753320942,0.0155615012744192,0.0161037322051584
"MOGS",-1.04835153333333,3.8761528,-2.94083036376443,0.0155866313492528,0.0161270100785944
"SMARCC2",1.03322883333334,11.3852394166667,2.93918972210178,0.0156293549597303,0.0161684804943574
"ARMC7",1.0917635,4.87148281666667,2.939020373051,0.0156337717334222,0.0161703153787113
"GHRH",1.07369093333333,6.07921956666667,2.93734442751747,0.0156775505238548,0.0162101156168571
"ZNF474",-1.01117936666667,7.56221038333333,-2.93597396646328,0.0157134423290794,0.0162444812722723
"ANXA7",1.125365,8.4144205,2.93567651302947,0.0157212435632409,0.0162498003243635
"NUDT22",1.10114296666667,5.81823831666667,2.932732977024,0.0157986559959293,0.0163270569903878
"PHACTR3",1.12311033333333,3.7070502,2.93218617549287,0.0158130791176303,0.0163392025066141
"CNOT8",1.05571733333333,7.4785775,2.93041371976048,0.0158599239111476,0.0163848386505236
"PARP14",1.0443492,5.04771223333333,2.92863887356598,0.0159069735440426,0.0164306709678293
"STK16",1.08721836666667,8.07985048333333,2.92714632704622,0.0159466496970187,0.0164688728640041
"PHF21A",-1.05008403333333,5.90242548333333,-2.92588650796339,0.0159802177293099,0.0165007547793954
"ANKRA2",1.04716966666667,9.8451525,2.92450103692294,0.0160172168732632,0.0165361682130652
"SCNN1A",-1.0289888,6.15018366666667,-2.92226435888932,0.0160771317857066,0.0165952239353726
"TMEM104",1.03456023333333,4.56813035,2.92186158749904,0.0160879452316721,0.016603584501918
"C12orf50",-1.08262976666667,5.00781835,-2.91743495100317,0.0162072788955343,0.0167239217883082
"KRR1",-1.001126,10.3708853333333,-2.91638494469875,0.0162357170548589,0.016750441305502
"RPE",1.0438525,11.48772125,2.91444203957124,0.0162884723361917,0.0168020357027181
"NAPEPLD",1.0019004,6.5072198,2.91122654032336,0.0163761657364211,0.0168896463208739
"TCN2",1.0100264,3.44119226666667,2.91064449179488,0.0163920907083324,0.0169032211281945
"MOK",-1.04849723333333,5.52093681666667,-2.90996244342471,0.0164107717534602,0.0169196328931024
"METTL21D",1.06164483333334,9.39169875,2.90333229568265,0.0165935017559185,0.0171051463761937
"ASB14",1.00709056666667,3.15957575,2.9030681271949,0.0166008250996951,0.017109812661714
"BTG3",1.069005,9.5995485,2.90282107159122,0.0166076770113726,0.0171133707725948
"PSME3",-1.04674933333333,10.170203,-2.9027419573797,0.0166098717959575,0.0171133707725948
"ZNF728",1.08023193333334,5.76885883333333,2.89893475221706,0.0167158406893233,0.0172196520184004
"CLIP3",-1.02313233333333,4.49679793333333,-2.89650075535512,0.0167839481121582,0.0172869014394249
"AMOT",-1.07688026666667,4.5207587,-2.88381785446563,0.0171434307545651,0.0176541843724002
"KIAA0196",1.013379,9.96982383333333,2.88335666868459,0.01715664904545,0.017664823099977
"DNAJB14",-1.05481723333333,6.81082481666667,-2.87723227965343,0.0173331686642216,0.017843568212638
"PPFIBP1",-1.00886546666667,5.5269863,-2.8763624330306,0.0173583889738603,0.0178665248556657
"PLA2G7",1.0714428,3.51335253333333,2.86826188704884,0.0175950535462956,0.0181040258318595
"FABP1",1.06009156666667,3.85481061666667,2.86679841816109,0.0176381583413958,0.0181422751736145
"RAC2",-1.01900806666667,6.9950789,-2.86623064307649,0.0176549103630115,0.0181564534545141
"SOST",-1.0543969,4.26274128333333,-2.86596420375256,0.0176627771386471,0.0181614908460912
"BATF3",-1.04896466666667,4.85886456666667,-2.8614184337865,0.017797543364623,0.0182969871122103
"FMO5",1.03617016666667,3.39135511666667,2.85523125110353,0.0179826508451457,0.0184841831099801
"CCRL2",1.04765426666667,3.81173306666667,2.854305197484,0.0180105240629781,0.0185097238732236
"C19orf66",1.0289324,7.7143008,2.85147858750526,0.0180958734336441,0.0185943153622833
"SNX13",1.04547783333333,8.55083375,2.84951292617449,0.0181554683304378,0.0186524190168965
"ASIC3",1.01549164444444,11.1484507333333,2.84609131207729,0.0182596801809902,0.0187563336714738
"TDRD3",-1.0631797,6.19416205,-2.84498390249436,0.0182935382923643,0.018787958246212
"JMJD6",-1.03662536666667,4.22162175,-2.84347796757759,0.0183396831867713,0.0188321889453955
"AKAP9",-1.04694043333333,7.49288698333333,-2.8328945604544,0.0186673275625978,0.0191621996691231
"MAPK8IP2",1.02483336666667,8.25256965,2.82241979058889,0.0189974524751029,0.0194978047714611
"RIC8B",1.01066156666667,5.99055201666667,2.81636058793787,0.0191911098655277,0.0196932589998824
"SNAP25",1.0414741,3.46945215,2.80883436793548,0.0194344412276317,0.0199396128510231
"RBP4",-1.02719236666667,5.38556785,-2.79616256669228,0.0198512135105713,0.0203603896492331
"HOXC6",-1.64349215,5.895223525,-2.79409905768434,0.0199199331263471,0.0204274473461266
"SLC25A23",1.0149271,4.10897701666667,2.78638260544963,0.0201790481543311,0.0206896960965641
"NCAPD3",-1.01767076666667,3.36933911666667,-2.77535407996611,0.0205553094262551,0.0210684173345333
"PSMA3",1.00025916666667,12.3390629166667,2.7609037892319,0.0210590649266083,0.0215775178732188
"TMEM106C",-1.23177741666667,9.75176219166667,-2.74856948292578,0.0214989071323468,0.0220244999724879
"PILRA",1.0803809,6.7133218,2.73191308188601,0.0221076250842635,0.0226443077625187
