"GeneSymbol","Direction","PValue","FDR","FoldChange","EntrezID","logFC"
"RPS23","up",2.001186e-07,0.003042524,23.29139,6228,4.54172483517755
"RPS15A","up",3.239818e-07,0.003042524,27.3195724,6210,4.77186299794336
"COMMD9","up",5.208201e-07,0.003042524,28.3426327,29099,4.82490186890989
"GDF5","up",7.901646e-07,0.003042524,86.0918979,8200,6.42780556701015
"TMEM115","up",9.107129e-07,0.003042524,17.2645381,11070,4.10973983135184
"PTCH2","up",1.1285294e-06,0.003042524,15.9924382,8643,3.99931800311716
"RPL3","up",1.3046293e-06,0.003042524,22.636819,6122,4.50059933506442
"LSM2","up",1.3252281e-06,0.003042524,23.1314634,57819,4.53178463510004
"ELK4","up",1.3660426e-06,0.003042524,3.9824166,2005,1.99364414906351
"PLA2G10","up",1.5600687e-06,0.003042524,9.5216104,8399,3.25120559870237
"FZD7","up",1.7894888e-06,0.003042524,11.9968397,8324,3.58458250491995
"RPS27A","up",1.9393065e-06,0.003042524,11.4116961,6233,3.51244132763636
"SKP1","up",1.9590317e-06,0.003042524,18.0901024,6500,4.17712866932269
"RPL15","up",2.0957116e-06,0.003042524,8.3960495,6138,3.06971067225108
"PHYHD1","down",2.6343923e-06,0.003550394,45.3285676,254295,5.50234866711881
"CLDN22","up",2.7948982e-06,0.003550394,14.709881,53842,3.87871367041251
"ALG8","up",3.2184338e-06,0.003680587,12.5859967,79053,3.65374756464091
"STOML1","up",3.4958243e-06,0.003680587,4.4255658,9399,2.14586191274868
"NPC2","up",3.5458922e-06,0.003680587,8.4007715,10577,3.07052182647634
"NKX2-5","down",3.621734e-06,0.003680587,91.4912689,1482,6.5155621670743
"HIST3H2A","up",3.8830613e-06,0.003758249,6.7836099,92815,2.76205320829774
"FKBP5","down",4.640838e-06,0.004287501,48.0350761,2289,5.58601636811688
"SDHC","down",5.0348177e-06,0.004449247,39.6236717,6391,5.30829066764242
"GPC4","up",6.2374485e-06,0.005282339,11.3342278,2239,3.50261419862069
"PHF7","down",6.6422755e-06,0.005357961,37.0040618,51533,5.2096117336585
"CYP11A1","up",6.8539726e-06,0.005357961,20.2468318,1583,4.33962426935266
"ERI3","up",7.7183403e-06,0.005810195,13.2846747,79033,3.7316909960735
"EP400","down",8.5906017e-06,0.005889457,2.8532681,57634,1.51261531241847
"KRTAP6-3","down",8.644268e-06,0.005889457,126.3566252,337968,6.98135750021967
"KDELR1","up",8.6929254e-06,0.005889457,27.2790299,10945,4.76972043487465
"FAM117A","down",9.3664609e-06,0.005950633,11.6024435,81558,3.53635676697265
"CIB2","up",9.4201981e-06,0.005950633,7.2630395,10518,2.86057342616831
"DAD1","up",9.6615445e-06,0.005950633,3.7990596,1603,1.92564234531432
"RPL7A","up",1.04478326e-05,0.006245653,17.1511808,6130,4.10023599931237
"IGIP","up",1.10334391e-05,0.006373321,2.7892592,492311,1.47988200721636
"IL18BP","up",1.14098166e-05,0.006373321,13.5228969,10068,3.75733233641712
"TMEM47","up",1.1602109e-05,0.006373321,5.6067085,83604,2.48715406417972
"ARPC3","up",1.2922464e-05,0.006646652,17.2123276,10094,4.10537029917523
"ERH","up",1.2987654e-05,0.006646652,11.5484794,2079,3.52963099791395
"RGPD8","up",1.32212355e-05,0.006646652,4.7627301,727851,2.25178879467625
"STEAP2","up",1.37179738e-05,0.006646652,5.7628222,261729,2.5267755090296
"UNG","up",1.37347785e-05,0.006646652,8.8564734,7374,3.14673233973225
"LEPREL1","up",1.4895484e-05,0.007040714,3.4243153,55214,1.77581554659996
"EIF1","up",1.53118164e-05,0.007059881,3.4707345,10209,1.79524100786795
"RBM12B","up",1.56307337e-05,0.007059881,10.5555145,389677,3.39992499555333
"METTL10","up",1.60435071e-05,0.007088789,3.9956069,399818,1.99841465337124
"PABPC4","up",1.72204692e-05,0.007093208,5.1939995,8761,2.37684587513539
"TMEM91","up",1.72559585e-05,0.007093208,2.3406326,641649,1.2268984979888
"EIF4E3","up",1.74992401e-05,0.007093208,4.1554933,317649,2.05501974997276
"MGST3","up",1.75802546e-05,0.007093208,10.019586,4259,3.32475099383104
"ZNF391","up",1.84340404e-05,0.007093208,2.4526473,346157,1.29433978378315
"C8orf58","up",1.85149135e-05,0.007093208,6.6799075,541565,2.73982812512219
"ACTR2","down",1.86899173e-05,0.007093208,6.8854705,10097,2.78355524039141
"LY96","up",1.91288386e-05,0.007093208,5.86743,23643,2.55272872511568
"GSG1L","down",1.91944134e-05,0.007093208,2.6159816,146395,1.387352393404
"GLI3","up",1.99560058e-05,0.007242961,7.862212,2737,2.97493526572399
"GAB3","up",2.07573987e-05,0.007401651,31.9936939,139716,4.99971566638297
"RPL39","up",2.22784956e-05,0.007570017,20.9872733,6170,4.39144283645314
"NT5DC2","up",2.24986933e-05,0.007570017,3.8508829,64943,1.94518925344966
"RPL9","up",2.25768956e-05,0.007570017,6.1984292,6133,2.63190265541996
"EXOSC2","up",2.27978962e-05,0.007570017,5.4654552,23404,2.45034165828218
"TOR1AIP1","up",2.32467528e-05,0.007570017,3.4927329,26092,1.80435631963537
"LIMS3L","up",2.34642597e-05,0.007570017,5.3339219,100288695,2.41519670090916
"CUTA","up",2.39664402e-05,0.007611217,5.5495766,51596,2.47237770652917
"AXL","up",2.47478949e-05,0.007616007,5.512382,558,2.46267586816006
"TMEM176B","up",2.48224978e-05,0.007616007,11.2410134,28959,3.49070019817308
"PHF5A","up",2.53408232e-05,0.007616007,6.7465031,84844,2.75413990697322
"NIPA1","up",2.5480367e-05,0.007616007,3.7065489,123606,1.89007654479461
"COPS4","up",2.64300459e-05,0.007667464,2.1261288,51138,1.088228997383
"ARL13B","down",2.71878549e-05,0.007667464,4.5910998,200894,2.1988397932788
"NRIP1","down",2.81826231e-05,0.007667464,4.9244058,8204,2.29994965327746
"CACNA1S","up",2.83404148e-05,0.007667464,5.692381,779,2.50903222694084
"SRSF7","up",2.88258538e-05,0.007667464,3.2013058,6432,1.67866049477524
"ATXN2L","up",2.91845566e-05,0.007667464,6.0362505,11273,2.59365267790052
"PTBP1","up",2.93312916e-05,0.007667464,8.1293246,5725,3.02313549538679
"RPS8","up",2.93729135e-05,0.007667464,8.2518218,6202,3.04471266622777
"TBC1D19","up",2.95111407e-05,0.007667464,3.7607993,55296,1.91103931711455
"CD37","up",2.97219198e-05,0.007667464,5.0511585,951,2.33661431272066
"FAM21B","up",2.98021973e-05,0.007667464,2.0332609,55747,1.02379534798447
"ZNF281","down",3.01797702e-05,0.007667548,5.2624479,23528,2.39573404508474
"KRTCAP2","up",3.10914961e-05,0.007688736,18.7793228,200185,4.23107313388027
"RNF10","up",3.12094435e-05,0.007688736,6.604024,9921,2.72334536322786
"CXCR2","up",3.13980354e-05,0.007688736,2.544679,3579,1.34748367818065
"SORCS2","up",3.31561804e-05,0.007731504,4.796624,57537,2.26201935331971
"RBP7","up",3.3793465e-05,0.007731504,5.9487897,116362,2.57259617742561
"SLA2","up",3.39138121e-05,0.007731504,3.7170203,84174,1.89414656730361
"RGS10","up",3.39529167e-05,0.007731504,16.4800034,6001,4.04264463505186
"HGD","down",3.40098633e-05,0.007731504,76.0524947,3081,6.24892366739057
"FEZ1","up",3.41765513e-05,0.007731504,4.1311088,9638,2.0465290566001
"PEX26","down",3.45384712e-05,0.007731504,323.3320552,55670,8.33687273338344
"RPLP2","up",3.57037602e-05,0.007731504,26.7129796,6181,4.73946899989057
"SAE1","up",3.58033491e-05,0.007731504,2.6910148,10055,1.42815032551118
"ZNF385C","up",3.60575643e-05,0.007731504,5.2941069,201181,2.40438732640543
"C2orf69","down",3.62582941e-05,0.007731504,2.6052362,205327,1.38141417830828
"ZNF673","up",3.65212465e-05,0.007731504,4.8156864,55634,2.26774144610598
"PAOX","up",3.73720018e-05,0.007731504,6.642708,196743,2.73177149785621
"CNBP","up",3.75045187e-05,0.007731504,4.521509,7555,2.17680433536122
"DDX39B","up",3.84619719e-05,0.007731504,29.582964,7919,4.88669470222206
"PRDX3","up",3.8570795e-05,0.007731504,19.9418,10935,4.31772373199913
"JMJD1C","down",3.88307915e-05,0.007731504,3.9342372,221037,1.97608394209724
"MTHFD1L","down",3.94847797e-05,0.007731504,73.8938897,25902,6.2073831674595
"GNG3","up",3.95798278e-05,0.007731504,20.7943829,2785,4.37812196668001
"GPD1","up",3.9765799e-05,0.007731504,3.6078153,2819,1.85112548255263
"HLA-DPA1","up",4.02269997e-05,0.007731504,23.152311,3113,4.53308430141111
"FNBP1","down",4.04032081e-05,0.007731504,2.9160117,23048,1.54399650824445
"KRTAP10-2","up",4.10825303e-05,0.007731504,3.5781652,386679,1.83921999659018
"TM9SF1","up",4.17847228e-05,0.007791509,6.3558184,10548,2.66807790423925
"USH1G","up",4.24313106e-05,0.007840149,3.8238186,124590,1.93501408422664
"MFSD4","up",4.48201991e-05,0.008206942,4.7571111,148808,2.25008571912996
"HTR2A","up",4.58574037e-05,0.008262911,4.6654612,3356,2.22201970445634
"LRCH1","down",4.59389402e-05,0.008262911,27.8429532,23143,4.79924033556522
"GPR161","up",4.71282362e-05,0.008333909,4.2034493,23432,2.07157367210682
"RPL22L1","up",4.7971495e-05,0.008333909,17.9947635,200916,4.16950523634871
"ANAPC16","up",4.81570508e-05,0.008333909,4.7773348,119504,2.25620598574245
"SLC5A6","up",4.82586362e-05,0.008333909,6.3893659,8884,2.67567276085641
"NTRK2","down",4.84223838e-05,0.008333909,3.2648122,4915,1.70700000680355
"MAP2K5","up",4.90434017e-05,0.008333909,4.8945024,5607,2.29116219557095
"SSR3","up",4.92038907e-05,0.008333909,3.2034903,6747,1.67964462210414
"SCIN","up",5.01158486e-05,0.008402509,6.6403194,85477,2.73125263701101
"FLJ44635","up",5.08402771e-05,0.008402509,18.4125176,392490,4.20261499918016
"ATG2A","up",5.16982389e-05,0.008402509,8.2631775,23130,3.04669665839878
"GRAMD1A","up",5.22889726e-05,0.008402509,18.560876,57655,4.21419289646449
"UBASH3A","down",5.25553152e-05,0.008402509,167.1840996,53347,7.38529383313225
"LIMS1","down",5.25992756e-05,0.008402509,5.097418,3987,2.3497666624057
"FJX1","up",5.26534428e-05,0.008402509,7.22211,24147,2.85242039415057
"ALOX15B","up",5.31332962e-05,0.008402509,14.1996523,247,3.82778369847597
"PKP4","up",5.33295761e-05,0.008402509,3.9342083,8502,1.97607334435295
"CASP5","down",5.49591752e-05,0.008457925,5.8100428,838,2.53854879136136
"BEAN1","up",5.50461079e-05,0.008457925,3.26243,146227,1.70594694697408
"CLEC4A","up",5.5122293e-05,0.008457925,4.064977,50856,2.02324718942704
"PCDHB3","up",5.70920103e-05,0.008457925,3.9880896,56132,1.99569782298173
"TSPAN17","down",5.74349431e-05,0.008457925,2.652472,26262,1.40733752185659
"MKNK2","up",5.75759943e-05,0.008457925,6.9738419,2872,2.8019536579673
"SEPW1","up",5.80302231e-05,0.008457925,6.6513983,6415,2.73365766518732
"MARCH6","down",5.87975091e-05,0.008457925,4.3678035,10299,2.12690795333828
"ZXDA","up",5.98847339e-05,0.008457925,11.5381179,7789,3.52833600537126
"FAM208B","down",5.99608286e-05,0.008457925,4.5206884,54906,2.17654247964155
"C11orf10","up",6.01932455e-05,0.008457925,2.0215642,746,1.01547202084973
"RFC3","up",6.04540447e-05,0.008457925,2.8281803,5983,1.49987409667641
"ABCC5","up",6.09785083e-05,0.008457925,19.7078146,10057,4.300695899653
"CELF2","down",6.09961848e-05,0.008457925,8.1807478,10659,3.03223272556819
"EMR2","up",6.22354053e-05,0.008457925,2.4793712,30817,1.30997428123051
"RPL39L","up",6.24022163e-05,0.008457925,7.522558,116832,2.91122332498697
"CD209","down",6.24307702e-05,0.008457925,3.9312185,30835,1.97497655203622
"RGR","down",6.25262985e-05,0.008457925,125.4020683,5995,6.97041733298282
"SLC47A2","down",6.27621678e-05,0.008457925,3.0797584,146802,1.62281717923407
"SECTM1","up",6.31128705e-05,0.008457925,11.4541119,6398,3.51779369782188
"PCBP2","up",6.3114444e-05,0.008457925,7.0722243,5094,2.82216403142704
"AP2A1","up",6.34596042e-05,0.008457925,15.4385216,160,3.94846270096045
"TMEM235","up",6.40306739e-05,0.008457925,4.4177431,283999,2.14330952572529
"NANS","down",6.42468605e-05,0.008457925,4.2371695,54187,2.08310084215902
"TPT1","up",6.51367317e-05,0.008457925,9.3833083,7178,3.23009666757146
"RPL37A","up",6.51930695e-05,0.008457925,2.9279373,6168,1.54988465951417
"MOCS2","up",6.53011657e-05,0.008457925,21.0521577,4338,4.3958962019823
"KRTAP10-7","up",6.54801987e-05,0.008457925,2.4837738,386675,1.31253379172355
"ADAM8","up",6.57491796e-05,0.008457925,3.1960006,101,1.67626767910974
"NEU2","up",6.7121037e-05,0.00847263,6.0774857,4759,2.60347459367344
"ROBO1","down",6.71866156e-05,0.00847263,2.3924001,6091,1.25845868302115
"GOLGA8A","up",6.72523796e-05,0.00847263,2.862834,23015,1.51744401881092
"KEL","up",6.75309228e-05,0.00847263,4.913382,3792,2.29671640845216
"SEC61B","up",6.81976197e-05,0.008503783,12.469667,10952,3.64035103368259
"SLC2A9","up",6.88317294e-05,0.008525511,4.6492975,56606,2.21701274421404
"MEPCE","up",6.92107924e-05,0.008525511,8.1003868,56257,3.01799079949335
"KRT80","up",7.07438979e-05,0.008588561,3.6570314,144501,1.87067301399944
"LTF","up",7.11955942e-05,0.008588561,2.2895225,4057,1.19504674298871
"NGRN","up",7.22838045e-05,0.008588561,3.6336391,51335,1.86141513545087
"ATP8B2","up",7.2318755e-05,0.008588561,40.7120802,57198,5.34738503332799
"S100A4","up",7.25892093e-05,0.008588561,11.2920981,6275,3.49724166224215
"DGCR8","up",7.26805635e-05,0.008588561,3.2749321,54487,1.71146499519703
"MAP3K3","down",7.31535544e-05,0.008594486,7.112814,4215,2.83042043757649
"PCED1B","up",7.54047707e-05,0.008640759,6.4394894,91523,2.68694629869829
"KCNS3","up",7.60405325e-05,0.008640759,2.160298,3790,1.11123033714253
"POM121L12","down",7.67889767e-05,0.008640759,220.9735425,285877,7.78772983364919
"APH1B","up",7.68270066e-05,0.008640759,9.4565759,83464,3.24131789748398
"MRPS23","up",7.7621467e-05,0.008640759,7.8669459,51649,2.97580366240532
"RPS6","down",7.77907292e-05,0.008640759,2.2741845,6194,1.18534930191597
"MRFAP1","up",7.8239242e-05,0.008640759,37.6879417,93621,5.23603110028258
"GRM8","up",7.85888881e-05,0.008640759,4.2383804,2918,2.08351307722519
"ISYNA1","up",7.89428447e-05,0.008640759,7.5211413,51477,2.91095160112042
"ARMCX1","up",7.91661895e-05,0.008640759,2.5718857,51309,1.3628265276941
"ABCC6","up",7.93159441e-05,0.008640759,6.094039,368,2.60739873286433
"AMICA1","up",7.94992323e-05,0.008640759,6.9409367,120425,2.79513037191807
"SH3TC2","up",8.10970143e-05,0.008767536,5.4955134,79628,2.45825426644023
"TMSB15A","up",8.23336109e-05,0.008810231,3.7422006,11013,1.90388689606355
"SPOCD1","down",8.23588613e-05,0.008810231,8.7948583,90853,3.13666033363423
"NRXN3","down",8.29449066e-05,0.008824526,4.0325756,9369,2.01170158030534
"ZXDB","up",8.33608405e-05,0.008824526,3.8965568,158586,1.96219984662011
"CAMKK2","up",8.44142985e-05,0.0088729,4.460359,10645,2.15715983271866
"S1PR3","up",8.46908997e-05,0.0088729,15.4930534,1903,3.95354959607903
"LZTFL1","up",8.5172823e-05,0.008877629,12.5411039,54585,3.64859243831931
"CCL15","up",8.69794667e-05,0.008992091,10.3555877,6359,3.37233752655451
"TSEN54","up",8.79880403e-05,0.008992091,22.2648677,283989,4.47669713406001
"PDDC1","up",8.80406477e-05,0.008992091,5.28213,347862,2.4011198085189
"VASH2","down",8.86656049e-05,0.009010642,9.9999377,79805,3.32191910686926
"BIRC2","up",8.95333955e-05,0.009041378,5.707115,329,2.51276163402507
"KLK3","down",8.98577305e-05,0.009041378,4.3568436,354,2.12328332496888
"IL1F10","up",9.15692568e-05,0.009168203,11.945062,84639,3.57834243690768
"DACH1","up",9.29237556e-05,0.009208711,2.3557174,1602,1.23616647886597
"SLC50A1","up",9.29307954e-05,0.009208711,9.4725904,55974,3.24375900290599
"AKAP17A","up",9.33330582e-05,0.009208711,3.448924,8227,1.78614633812577
"F3","up",9.41785915e-05,0.00921979,13.0792049,2152,3.70920293528814
"UGCG","down",9.57619056e-05,0.009244351,12.9660925,7357,3.69667186513015
"WWTR1","up",9.64487804e-05,0.009244351,2.7405764,25937,1.45447935375781
"AANAT","down",9.65789954e-05,0.009244351,94.4003999,15,6.56072106604784
"SHBG","up",9.67107217e-05,0.009244351,11.6384151,6462,3.54082270269963
"PIAS3","up",9.68780696e-05,0.009244351,7.1732412,10401,2.84262514215971
"FBXO38","up",9.79669861e-05,0.009279284,6.1208753,81545,2.61373797655745
"HNRNPH3","down",9.81572504e-05,0.009279284,5.2172877,3189,2.38329999095029
"RBM15","up",9.94456602e-05,0.00935756,5.8409944,64783,2.54621400160934
"CDC42","up",9.99876548e-05,0.009365203,8.5507439,998,3.09604993744361
"EID1","up",0.0001005424549,0.00937397,14.9368038,23741,3.90079956595935
"RSPO3","down",0.0001010289107,0.009376313,4.6924763,84870,2.23034945854388
"ARHGAP24","up",0.0001019921732,0.009422686,4.1161539,83478,2.0412969245584
"SCN2B","up",0.0001040144923,0.009566039,14.9548783,6327,3.90254426501023
"FXN","down",0.0001059615503,0.009649965,2.8496349,2395,1.51077709061049
"EEF1B2","up",0.0001084237758,0.009649965,5.240531,1933,2.38971300112419
"RAB3IP","up",0.0001084358051,0.009649965,10.65211,117177,3.41306732674934
"CABS1","up",0.0001091875226,0.009649965,6.183542,85438,2.62843346628761
"VARS","up",0.0001092560938,0.009649965,6.5317625,7407,2.70747233433172
"ZKSCAN1","down",0.0001099244704,0.009649965,2.4610685,7586,1.29928481351935
"YARS2","down",0.0001102061608,0.009649965,12.9862535,51067,3.69891337197276
"CD1E","up",0.0001121479612,0.009649965,7.8637998,913,2.97522659339471
"FAM65A","down",0.0001123203538,0.009649965,2.4005925,79567,1.26339052721509
"KLF7","down",0.0001123653479,0.009649965,6.5111737,8609,2.70291762611664
"YAF2","down",0.0001135604057,0.009649965,79.1128789,10138,6.30584066711667
"CLEC10A","up",0.000115039084,0.009649965,5.7557442,10462,2.52500247644376
"ISCU","up",0.0001152722052,0.009649965,2.8423834,23479,1.50710116822323
"FOXA3","up",0.0001160236052,0.009649965,4.8765013,3171,2.28584644134971
"NRN1","up",0.0001161058475,0.009649965,22.7234896,51299,4.50611249848134
"NR1I3","up",0.0001161597968,0.009649965,3.9736233,9970,1.99045511139451
"SPESP1","up",0.0001161737268,0.009649965,4.2044158,246777,2.07190535315702
"TTC34","up",0.0001171252001,0.009649965,2.1264493,100287898,1.08844645782728
"HOXA9","up",0.0001175328247,0.009649965,2.7135531,3205,1.44018314024734
"MOAP1","up",0.000118577275,0.009649965,4.8980726,64112,2.29221415791245
"TACR1","up",0.0001187264263,0.009649965,5.735379,6869,2.51988882422787
"INPP5E","up",0.0001188165128,0.009649965,10.4640759,56623,3.38737300530049
"ANXA11","up",0.0001192332732,0.009649965,4.0859631,311,2.03067617526855
"ATP5E","up",0.0001199947602,0.009649965,19.217703,514,4.26436400287485
"HNRNPM","down",0.0001207150541,0.009649965,2.9120991,4670,1.54205945191224
"RESP18","up",0.0001209210187,0.009649965,3.0367028,389075,1.60250571984975
"RPS16","up",0.0001228718897,0.009649965,11.8592059,6217,3.56793550422426
"COMMD6","up",0.0001231650626,0.009649965,4.0189287,170622,2.00681098270423
"PPIC","up",0.0001232270296,0.009649965,3.6756031,5480,1.87798098953874
"CAMK2G","up",0.0001235039518,0.009649965,14.1093918,818,3.81858389529347
"ACE","up",0.0001239756644,0.009649965,3.038885,1636,1.60354208023404
"ZNF721","down",0.0001244643242,0.009649965,3.2281091,170960,1.69068933802373
"KIF21A","down",0.0001249895261,0.009649965,10.4832531,55605,3.39001456968014
"SALL4","down",0.0001253027955,0.009649965,52.2976784,57167,5.70867499862252
"SMARCAL1","up",0.0001257390695,0.009649965,7.8214667,50485,2.96743917050006
"FOXS1","up",0.0001259187589,0.009649965,6.5230258,2307,2.70554133470831
"ILF3","up",0.0001260052287,0.009649965,21.9337796,3609,4.45508253162933
"SAMD13","up",0.0001264819806,0.009649965,4.2398418,148418,2.08401043492681
"TMEM218","up",0.0001270119634,0.009649965,3.8319215,219854,1.93806800660626
"ADHFE1","up",0.0001272163909,0.009649965,15.2383554,137872,3.92963530321111
"RETN","up",0.0001272692486,0.009649965,4.8658932,56729,2.28270465535212
"PSMB5","up",0.0001275546147,0.009649965,11.8711876,5693,3.56939236507575
"RPS5","up",0.0001279894632,0.009649965,2.6249489,6193,1.39228933804194
"C3orf33","up",0.0001289365898,0.009649965,3.0470502,285315,1.607413268549
"ODF3B","down",0.0001293084512,0.009649965,2.6424132,440836,1.40185608164153
"LALBA","up",0.0001299274787,0.009649965,3.6078054,3906,1.8511215237301
"SLC35D1","up",0.0001302244032,0.009649965,10.7077528,23169,3.4205838331951
"CHD5","up",0.0001304410846,0.009649965,4.4835029,26038,2.16462633089525
"P2RX6","up",0.0001304898282,0.009649965,2.4281004,9127,1.27982807710736
"CLSTN3","down",0.0001308626282,0.009649965,3.0840086,9746,1.62480678832689
"TBC1D7","up",0.0001312493592,0.009649965,6.3839127,51256,2.67444092284186
"PATZ1","up",0.0001326738577,0.009649965,4.1188883,23598,2.04225500233602
"SERF1B","down",0.0001327624722,0.009649965,3.7757214,728492,1.9167523161651
"NFKB2","up",0.0001329522034,0.009649965,10.839122,4791,3.43817599387185
"H2AFV","up",0.0001330023884,0.009649965,3.4138543,94239,1.77140148685043
"TSPAN13","up",0.0001330265794,0.009649965,6.8332436,27075,2.77257055872351
"KIAA1456","up",0.0001330594776,0.009649965,74.4839735,57604,6.2188581333565
"TELO2","up",0.0001334140349,0.009649965,6.8183157,9894,2.76941540034028
"SNX7","up",0.0001339025546,0.009650955,3.476216,51375,1.7975177290013
"C15orf57","up",0.0001349294931,0.009658359,5.1950398,90416,2.37713480188072
"DNAJB11","down",0.0001352620813,0.009658359,2.2543966,51726,1.17274134094097
"EPB49","up",0.0001363858917,0.009692459,5.4193305,2039,2.43811463313086
"BTN3A1","up",0.0001382169301,0.009788359,4.9284719,11119,2.30114040035001
"RAI14","up",0.0001394293536,0.009839936,2.7820944,26064,1.47617137318758
"MANEAL","down",0.0001411145238,0.009896025,24.9100648,149175,4.63865686943749
"RPL14","up",0.0001416847842,0.009896025,32.9597258,9045,5.0426323353264
"IL2RG","up",0.0001435771363,0.009901192,11.4948054,3561,3.52291013720867
"CCR2","up",0.0001438460675,0.009901192,6.098694,729230,2.60850033096242
"SCRIB","up",0.0001443643492,0.009901192,5.3976697,23513,2.43233669656178
"MCEE","up",0.0001453280674,0.009901192,11.4162743,84693,3.51301999901266
"BMP3","up",0.0001453440545,0.009901192,27.7067899,651,4.79216766519335
"KANSL2","up",0.0001454372514,0.009901192,8.7219708,54934,3.12465416047619
"SPHAR","up",0.0001456058772,0.009901192,4.3169558,10638,2.1100143215584
"PDLIM1","up",0.0001457668892,0.009901192,4.6175135,9124,2.20711617915132
"FOXN1","up",0.0001467442234,0.009901192,3.913334,8456,1.96839824838843
"MAGEE1","up",0.0001472000013,0.009901192,5.6617459,57692,2.50124700232807
"RTN1","up",0.0001473266975,0.009901192,10.9282183,6252,3.44998630291624
"TMEM230","up",0.0001479728973,0.009901192,5.0484896,29058,2.33585182894972
"FAM63B","down",0.0001485358611,0.009901192,11.7771931,54629,3.55792383242264
"DNMBP","up",0.0001485787775,0.009901192,18.0393323,23268,4.1730740351821
"TEX264","up",0.0001516737413,0.009999072,6.9345707,51368,2.79380657207278
"ZP3","up",0.0001518755279,0.009999072,4.0959256,7784,2.03418950989702
"AGFG1","up",0.0001528279193,0.009999072,8.2228452,3267,3.03963766953978
"SH3RF3","up",0.0001529993265,0.009999072,27.2256156,344558,4.766892765061
"COX7A2","up",0.0001542595475,0.01004912,5.2595241,1347,2.39493226536719
"C14orf80","down",0.0001558227924,0.010089153,134.6249439,283643,7.07280193335417
"PPIL2","up",0.0001571333731,0.010089153,2.80535,23759,1.48818077502809
"WFS1","up",0.0001571975061,0.010089153,5.5667309,7466,2.47683034391526
"SEMA4A","up",0.0001572588974,0.010089153,4.3071106,64218,2.10672037025329
"MAGEC3","up",0.0001576805755,0.010089153,6.7144764,139081,2.7472749015774
"SRPX2","down",0.0001581211202,0.010089153,3.4396602,27286,1.78226604981441
"ZFX","down",0.0001586445049,0.010089153,2.1832177,7543,1.12645599613304
"IAH1","up",0.0001588452114,0.010089153,4.5573265,285148,2.18818773309289
"WDR81","up",0.0001608588354,0.010156075,3.3154169,124997,1.72919029469546
"PAIP1","up",0.0001608982084,0.010156075,6.0943941,10605,2.60748279633746
"COLEC10","down",0.0001619094173,0.010188263,3.7192564,10584,1.8950142086269
"KDM1B","up",0.0001635277042,0.010258335,23.2265311,221656,4.53770179752627
"ABL2","down",0.000164702374,0.010300233,6.4704351,27,2.69386272852484
"FAM83G","down",0.0001654732694,0.0103167,11.5207258,644815,3.5261597036013
"TEPP","up",0.0001669547945,0.010354773,4.3396439,374739,2.11757666368779
"RAE1","up",0.0001678354768,0.010354773,16.9980385,8480,4.08729637009784
"TH","up",0.0001678626466,0.010354773,5.3117541,7054,2.40918836074321
"PLSCR3","up",0.0001685440816,0.010354773,11.1382808,57048,3.47745466394584
"CREBRF","down",0.0001692441327,0.010354773,7.54843,153222,2.91617660910658
"SPINK4","up",0.0001694428485,0.010354773,3.2420002,27290,1.69688417985576
"C17orf99","down",0.0001698338135,0.010354773,2.0609462,100141515,1.04330684451508
"BIN1","up",0.0001701596224,0.010354773,5.8236945,274,2.54193467646809
"SRSF6","up",0.0001719561583,0.010374729,2.7376316,6431,1.45292831781116
"FGA","up",0.0001721915182,0.010374729,7.9969881,2243,2.99945674107928
"PIGV","up",0.0001729124862,0.010374729,16.17022,55650,4.01526740206937
"SH2B2","up",0.000173084141,0.010374729,8.6302975,10603,3.10941029224049
"CGRRF1","up",0.0001735502076,0.010374729,4.606947,10668,2.2038110007472
"SLC22A1","up",0.000174443186,0.01039753,43.4985026,6580,5.44289383311914
"TMEM216","up",0.0001755245046,0.010431391,3.7538056,51259,1.90835393861365
"IDH3B","up",0.0001762080654,0.010441484,2.4968518,3420,1.32011019301215
"SENP8","up",0.0001803577494,0.010639614,4.4949816,123228,2.16831521014616
"HIST1H2AC","up",0.0001813238886,0.010639614,17.4886667,8334,4.12834840023499
"PGAP2","up",0.0001820114354,0.010639614,3.7321991,27315,1.90002595106664
"GNLY","up",0.0001821690327,0.010639614,3.9174119,10578,1.96990082980639
"SAPCD2","up",0.0001845968246,0.010742913,10.4758398,89958,3.38899399768844
"RAB34","up",0.0001849948043,0.010742913,12.3495971,83871,3.62639207019419
"NEIL2","down",0.0001861178752,0.010777338,3.8320879,252969,1.93813065382975
"GNAS","up",0.0001866485858,0.010777365,2.4722001,2778,1.30579551977722
"PAMR1","up",0.0001898094709,0.010848522,3.9277325,25891,1.97369667759945
"FAM110B","down",0.0001906463977,0.010848522,78.1235535,90362,6.28768566751494
"CD99","up",0.0001918499017,0.010848522,14.2417073,4267,3.83205020225895
"C12orf74","down",0.0001921349161,0.010848522,6.0493444,338809,2.59677879823527
"FAM86C1","up",0.0001923768661,0.010848522,4.9104469,55199,2.29585433025768
"ART4","up",0.0001934183557,0.010848522,7.1816541,420,2.84431616814708
"SLC38A6","up",0.0001939634639,0.010848522,3.6043859,145389,1.8497534801337
"YBX2","up",0.0001943979531,0.010848522,3.3378358,51087,1.73891298515217
"SLC10A3","up",0.00019451836,0.010848522,2.0602697,8273,1.04283320604158
"TAF6","up",0.0001949220656,0.010848522,9.6619597,6878,3.27231583530659
"ACADL","up",0.0001950428745,0.010848522,2.6333861,33,1.39691906096566
"CCL23","up",0.0001969184931,0.010848522,16.8970556,6368,4.0786999661662
"TMBIM4","up",0.0001974378853,0.010848522,9.0111194,51643,3.17170633495296
"C7orf26","up",0.0001979183732,0.010848522,4.6407164,79034,2.21434753529842
"SEMA4D","up",0.0001981353809,0.010848522,3.6921658,10507,1.88446733994657
"IL17RE","up",0.0001989665232,0.010848522,4.1642017,132014,2.05803994965133
"MAP4","down",0.0001989692925,0.010848522,37.1047505,4134,5.21353200097998
"HLA-F","down",0.0001992706875,0.010848522,72.7192963,3134,6.18426633361888
"TACC1","down",0.0002005258686,0.010848522,5.131537,6867,2.35939100715067
"TAF1L","up",0.0002007559476,0.010848522,3.1867375,138474,1.67208018540213
"CDK5RAP3","down",0.0002007792041,0.010848522,5.0595735,80279,2.33901577713932
"NUDT6","up",0.0002016036047,0.010848522,5.832352,11162,2.54407779328104
"CACYBP","up",0.0002018644733,0.010848522,3.4517414,27101,1.78732438371948
"MRPL47","up",0.0002023405834,0.010848522,15.3813863,57129,3.94311363186745
"TMEM248","up",0.0002033031378,0.010848522,5.1876878,55069,2.37509165943839
"SPP1","down",0.000203388453,0.010848522,11.7100408,6696,3.54967419735801
"PEX19","up",0.0002038596574,0.010848522,3.2328967,5824,1.69282741009973
"SYDE1","down",0.0002040103875,0.010848522,2.1553702,85360,1.10793568362297
"BMP4","up",0.0002051606937,0.010848522,4.3885723,652,2.13375167536145
"CD52","up",0.0002053815099,0.010848522,7.5790164,1043,2.92201062848621
"TMEM35","up",0.000205928135,0.010848522,7.9035354,59353,2.98249814228996
"ZNF232","up",0.0002060283982,0.010848522,3.0621412,7775,1.61454080923974
"TMEM14C","up",0.0002060285026,0.010848522,2.2742607,51522,1.18539764079104
"GPRASP2","up",0.0002066203964,0.010851575,5.2504849,114928,2.39245066668749
"CHRNA7","up",0.0002081424328,0.010903337,3.9425077,1139,1.97911357270531
"STC2","up",0.0002101425576,0.010969378,5.7931082,8614,2.53433761100414
"TREM2","up",0.0002104825391,0.010969378,6.8381933,54209,2.77361520501901
"KDM4C","up",0.0002123350407,0.011011864,5.9395997,23081,2.57036570370531
"GATAD2B","down",0.0002123813435,0.011011864,2.7618356,57459,1.46562744482272
"CDCA7L","up",0.0002138815983,0.011061434,20.5506241,55536,4.36111030253169
"MIF4GD","up",0.0002152213513,0.011102472,4.4093193,57409,2.14055595321747
"RPS18","up",0.0002179314533,0.011123687,18.8204254,6222,4.2342273327059
"MYBPHL","down",0.0002180571979,0.011123687,10.7508863,343263,3.42638369497252
"SEC61A2","up",0.0002180585275,0.011123687,3.9595267,55176,1.98532798879682
"REM1","up",0.0002183269777,0.011123687,3.1473452,28954,1.65413542173003
"NDNL2","up",0.0002197579579,0.011123687,3.334687,56160,1.73755135369189
"BANF1","up",0.0002199059114,0.011123687,11.8287124,8815,3.56422113431019
"AGAP3","up",0.0002201919645,0.011123687,6.7952144,116988,2.7645190710717
"DUSP15","up",0.0002209119938,0.011123687,4.3858601,128853,2.13285979371346
"RPL22","up",0.0002211123265,0.011123687,63.6053597,6146,5.99107643408907
"TAF5L","down",0.0002215772569,0.011123687,3.7710019,27097,1.91494787737427
"GPR6","up",0.0002220471045,0.011123687,3.2029614,2830,1.67940641179847
"IGFL2","up",0.0002228803543,0.011123687,2.9920775,147920,1.58114754401487
"CCDC19","up",0.0002231784039,0.011123687,2.8447715,25790,1.50831277588654
"APEX1","up",0.0002232946799,0.011123687,2.1525108,328,1.10602047621322
"RPS12","down",0.0002240020962,0.011131568,2.2684117,6206,1.18168250255775
"SLC38A3","up",0.0002245482282,0.011131568,3.3523779,10991,1.74518478738035
"ARMC10","up",0.0002254768753,0.011150408,2.2037675,83787,1.1399720259552
"VAMP1","up",0.0002285496006,0.011263068,14.0557481,6843,3.81308833632799
"FAM82B","up",0.0002291633329,0.011263068,6.3663283,51115,2.67046155605794
"SCN8A","down",0.0002318480554,0.011292812,3.0542559,6334,1.61082094301049
"RTN4","up",0.0002320991259,0.011292812,3.3148461,57142,1.72894189117621
"RASGRP4","up",0.0002325384268,0.011292812,3.1900361,115727,1.67357275032127
"CACNA1C","up",0.0002327112638,0.011292812,3.7559512,775,1.9091783185893
"GPNMB","up",0.0002345003257,0.011292812,3.2261318,10457,1.68980537938699
"PRKRA","up",0.000234928939,0.011292812,4.1749881,8575,2.06177208546802
"NFAT5","down",0.0002354030803,0.011292812,3.3890924,10725,1.7608989709041
"SMYD5","up",0.000235468595,0.011292812,4.1159277,10322,2.04121764020866
"SLC38A7","up",0.000235483254,0.011292812,7.6147531,55238,2.92879725966986
"EDDM3B","up",0.0002355794531,0.011292812,7.1705774,64184,2.84208929446096
"C3orf20","up",0.0002383287971,0.011369822,4.6873015,84077,2.2287575958763
"GPR182","down",0.0002383342462,0.011369822,3.854417,11318,1.94651266174465
"FAM98C","up",0.0002393109833,0.011369822,4.1258171,147965,2.04467986708682
"RNF217","up",0.0002394235499,0.011369822,3.3969667,154214,1.76424707574425
"ADRA1D","up",0.0002403271714,0.011384056,7.7258753,146,2.94969839184328
"EMD","up",0.0002411766159,0.011384056,13.9877751,2010,3.80609460010175
"PIM3","up",0.0002415029867,0.011384056,7.6529874,415116,2.93602302438747
"TRIM55","up",0.0002419636891,0.011384056,6.4933773,84675,2.69896904010965
"WNK2","up",0.0002440292252,0.01140554,5.8381725,65268,2.545516838661
"NDUFAB1","up",0.0002443842764,0.01140554,8.3343953,4706,3.05907752862516
"S1PR1","up",0.0002446649748,0.01140554,6.6720523,1901,2.73813059763373
"TUSC1","up",0.000245751083,0.011429956,4.097425,286319,2.03471754221837
"KCNMB3","up",0.0002467267868,0.011449137,3.5612853,27094,1.83239801683205
"APH1A","down",0.0002478589503,0.011473938,13.4628163,51107,3.7509083352246
"CBLL1","up",0.0002483902881,0.011473938,7.3078374,79872,2.86944453423588
"TMEM14B","up",0.0002504783293,0.011525562,2.5524476,81853,1.3518813438666
"MAB21L1","up",0.0002506419836,0.011525562,27.7746893,4081,4.79569886796505
"PEX11B","up",0.000251650654,0.011545823,8.6014638,8799,3.10458219903518
"MAGEA10","down",0.0002530488116,0.011564303,6.5186675,4109,2.70457708905614
"PPM1A","up",0.0002532759576,0.011564303,5.5196276,5494,2.46457093407648
"DRAM2","up",0.0002539884132,0.011564303,9.380926,128338,3.22973033954982
"MCMDC2","up",0.0002567276653,0.011612785,3.5575412,157777,1.83088046474656
"SLC38A10","up",0.0002571096205,0.011612785,2.775264,124565,1.47262501592214
"MBIP","up",0.0002586642445,0.011626958,6.6590029,51562,2.73530616844982
"CD33","up",0.0002595919427,0.011626958,38.1263857,945,5.2527178680224
"ETNK1","up",0.0002598634569,0.011626958,2.2053434,55500,1.14100331923102
"NEUROD2","down",0.000260263917,0.011626958,40.0616055,4761,5.32414833432243
"FGD2","up",0.0002602836939,0.011626958,18.8646984,221472,4.23761713008428
"MEF2C","down",0.0002630938223,0.011652851,4.5732366,4208,2.19321556004073
"MSC","up",0.0002642550228,0.011652851,3.0838277,9242,1.62472216107018
"RARRES3","up",0.0002645819696,0.011652851,6.5732242,5920,2.71660119343389
"PLCE1","up",0.0002647131195,0.011652851,2.1571347,51196,1.1091162668806
"SDF2L1","down",0.0002656057894,0.011652851,3.2558581,23753,1.7030378240245
"BANP","up",0.0002659413688,0.011652851,3.8753773,54971,1.95433677550703
"AKR1B1","up",0.0002671082741,0.011652851,3.5292179,231,1.8193485073476
"C2orf76","up",0.0002672794079,0.011652851,7.5732866,130355,2.92091952643535
"VPS72","up",0.0002673524741,0.011652851,3.7016727,6944,1.8881773384927
"ALDOB","up",0.0002678776983,0.011652851,11.2193685,229,3.48791956873441
"MRPL43","up",0.0002683165732,0.011652851,2.6155216,84545,1.38709868440482
"NFU1","up",0.0002696020319,0.011663983,3.8131131,27247,1.93096932319339
"IZUMO4","down",0.000270494769,0.011663983,2.1059011,113177,1.07443768427915
"CACFD1","down",0.0002707887858,0.011663983,8.3584189,11094,3.06323006421289
"KCNIP2","up",0.0002718498926,0.011663983,4.8797596,30819,2.28681007556874
"ZMAT4","down",0.0002718614311,0.011663983,365.9546499,79698,8.51552106664985
"OPALIN","up",0.0002720161378,0.011663983,6.0624427,93377,2.59989920642358
"OR1D5","up",0.0002729249651,0.011678316,4.5816362,8386,2.19586290750924
"ATPAF1","down",0.0002740733373,0.011691348,13.2879668,64756,3.73204846872961
"NRD1","up",0.0002753579876,0.011691348,2.1444399,4898,1.1006008836177
"RNF208","up",0.0002759914705,0.011691348,6.0625371,727800,2.59992167085884
"NDOR1","up",0.0002763131548,0.011691348,2.4925961,27158,1.31764912762077
"SEC63","down",0.000276815049,0.011691348,4.5758095,11231,2.19402699111846
"ARL17B","up",0.0002778547863,0.011691348,3.7452742,100506084,1.90507134551953
"EARS2","up",0.0002785096271,0.011691348,5.6486532,124454,2.49790692889091
"NFATC4","down",0.0002785529709,0.011691348,5.2463686,4776,2.39131917220656
"MMP10","up",0.0002801026359,0.011691348,7.7499133,4319,2.95418017072756
"ZFP64","up",0.0002805141123,0.011691348,3.751317,55734,1.90739718115566
"CCL21","up",0.0002810334356,0.011691348,8.6969711,6366,3.12051304005861
"AGL","up",0.0002815581835,0.011691348,5.8617838,178,2.55133975812983
"HEATR2","up",0.000281905418,0.011691348,4.6407345,54919,2.21435316217304
"MYOF","down",0.0002821404132,0.011691348,3.0928728,26509,1.62894750119868
"C5orf25","up",0.0002824431002,0.011691348,3.4874558,375484,1.80217493234687
"CASP8","up",0.0002826150177,0.011691348,5.9769953,841,2.57942040830319
"LAT","up",0.0002838875291,0.011691348,2.2028216,27040,1.13935266016948
"FGF17","down",0.0002862507256,0.011691348,230.4300141,8822,7.84818483352135
"PLEKHG1","up",0.0002872554483,0.011691348,3.5276579,57480,1.81871066012902
"IL15","up",0.0002873575123,0.011691348,9.0898232,3600,3.1842522338073
"EMID1","up",0.0002877619392,0.011691348,9.9198202,129080,3.31031397152756
"SF3A1","up",0.0002885047707,0.011691348,2.2118499,10291,1.14525348508747
"ERVMER34-1","up",0.0002890588229,0.011691348,8.6669591,100288413,3.11552589645864
"IL32","up",0.0002901936316,0.011691348,17.6404962,9235,4.14081923714397
"HCST","up",0.0002918124643,0.011691348,7.5718848,10870,2.92065246179003
"PYROXD2","down",0.00029202679,0.011691348,72.6456245,84795,6.1828040007668
"DCAF5","down",0.0002925721512,0.011691348,2.8227486,8816,1.49710064501717
"MYLK2","down",0.0002926819029,0.011691348,109.4119772,85366,6.77362686667328
"IGFLR1","up",0.0002928615357,0.011691348,4.5176363,79713,2.1755681287861
"ERAP1","up",0.0002941278953,0.011691348,3.4109311,51752,1.77016561314767
"C18orf8","up",0.0002944863446,0.011691348,4.8237362,29919,2.27015101143405
"ELAVL4","up",0.0002945410853,0.011691348,7.8354772,1996,2.9700211410806
"PARP2","down",0.0002945419213,0.011691348,8.2702503,10038,3.04793099337529
"GABARAPL1","up",0.0002952813413,0.011691348,5.7567221,23710,2.52524756927567
"FAXC","up",0.0002956327668,0.011691348,4.7848249,84553,2.25846613045345
"ANKAR","up",0.0002957586742,0.011691348,3.2703768,150709,1.70945686696924
"TXNDC12","up",0.0002962383311,0.011691348,2.9279429,51060,1.54988741882343
"APCDD1","up",0.000297145595,0.011704427,5.9430546,147495,2.57120463532974
"MUL1","up",0.0002985308952,0.011717649,6.1364898,79594,2.61741363991865
"HMGN1","down",0.0002986343001,0.011717649,11.2284042,3150,3.48908099890918
"ZNF580","up",0.0002992392648,0.011718763,8.2430295,51157,3.04317465796341
"CDHR5","up",0.000300050717,0.011727944,5.0710336,53841,2.34227983354333
"BBS1","up",0.0003027060161,0.011809021,3.397608,582,1.76451941076838
"LAMP2","up",0.0003034705028,0.011816165,4.6411693,3920,2.21448832491934
"CHPT1","up",0.0003091706817,0.011945802,2.5936767,56994,1.37499865986132
"PURA","down",0.0003095940207,0.011945802,18.8297695,5813,4.23494343455048
"GFRA4","down",0.0003101227167,0.011945802,8.5925202,64096,3.10308133820718
"VCAM1","up",0.0003121069483,0.011945802,12.1583145,7412,3.60387133756412
"N6AMT2","up",0.0003123942604,0.011945802,9.2727965,221143,3.21300449400256
"SCMH1","down",0.0003125920903,0.011945802,3.8868469,22955,1.95860028211478
"BTF3L4","up",0.0003129764748,0.011945802,3.8830762,91408,1.95720001841906
"AGPAT2","up",0.0003130404176,0.011945802,3.129722,10555,1.64603451433569
"MATK","up",0.0003131692355,0.011945802,8.6744182,4145,3.11676699825315
"FAM110D","up",0.0003142456048,0.011945802,5.3121977,79927,2.40930883936219
"RC3H2","down",0.0003148708259,0.011945802,2.475678,54542,1.30782368207534
"EPHX1","up",0.0003155028087,0.011945802,21.4821939,2052,4.42506943304416
"SPEN","down",0.0003170198884,0.011945802,4.324973,23013,2.11269112630134
"EEF1D","up",0.000318818257,0.011945802,18.5038623,1936,4.20975452992534
"NEURL","up",0.0003188375906,0.011945802,5.4431042,9148,2.44442965454258
"LMNA","down",0.0003190419135,0.011945802,4.4925732,4000,2.1675420105614
"DCUN1D5","up",0.000319620272,0.011945802,2.8203975,84259,1.49589850690245
"DPAGT1","up",0.0003199904388,0.011945802,11.7873423,1798,3.55916656444904
"NXF1","up",0.0003200191364,0.011945802,2.5634903,10482,1.35810943872668
"SAP18","up",0.0003201110038,0.011945802,8.0488874,10284,3.00878937286241
"CCDC115","up",0.0003201124415,0.011945802,13.0374809,84317,3.7045932340757
"CYFIP2","down",0.0003208949876,0.011945802,8.1696764,26999,3.0302789345079
"SLC6A8","up",0.0003209056875,0.011945802,26.6832089,6535,4.73786026912117
"ZBTB5","up",0.0003246473986,0.012062995,8.8435887,9925,3.14463192946569
"NOL6","up",0.0003267642294,0.012119494,3.8265523,65083,1.93604511805564
"ESYT3","up",0.0003283259282,0.012128806,2.7040794,83850,1.43513751415873
"FAM111B","down",0.0003288055255,0.012128806,2.6924861,374393,1.42893889685385
"AGAP6","up",0.0003309764962,0.012135201,14.3778179,414189,3.84577283160141
"ACSL5","up",0.0003310525451,0.012135201,11.8123543,51703,3.56222462934583
"TMEM222","up",0.0003312158735,0.012135201,7.4074994,84065,2.88898660432972
"DNAJB12","up",0.0003313671162,0.012135201,5.6968094,54788,2.51015413830006
"PCDHB13","up",0.0003322432165,0.012145402,6.4679562,56123,2.69330990913675
"SCN1B","up",0.0003340584872,0.012189836,4.3770078,6324,2.12994495491854
"PLA2G16","up",0.0003385371085,0.012299046,3.1580452,11145,1.65903182013709
"ABCB8","up",0.0003388260917,0.012299046,6.7276614,11194,2.75010509726465
"PSMG4","up",0.0003395392153,0.012299046,4.8103044,389362,2.26612819180718
"CYB561D1","up",0.0003399816164,0.012299046,3.0614338,284613,1.61420748680098
"PON3","up",0.0003410397509,0.012299046,3.6678542,5446,1.87493629184529
"CLK3","down",0.0003419667678,0.012299046,3.9650376,1198,1.98733454690689
"RGMA","down",0.0003421187446,0.012299046,4.4511178,56963,2.15416768259807
"TMEM133","up",0.0003429900436,0.012299046,4.0427173,83935,2.01532532204942
"CYP2D6","up",0.0003434664335,0.012299046,3.7333903,1565,1.90048634026171
"PPIA","up",0.0003435836472,0.012299046,21.07478,5478,4.39744566581436
"PLAT","down",0.0003437076474,0.012299046,3.6346681,5327,1.86182363034965
"ENSA","down",0.0003455882406,0.012344606,4.4384447,2029,2.15005422236671
"MPP2","up",0.0003467896247,0.012365788,4.1680558,4355,2.05937459187852
"C20orf85","up",0.000351700824,0.012396028,13.3036991,128602,3.73375553845027
"UBE2D4","up",0.0003520644809,0.012396028,5.96512,51619,2.57655116083141
"SELK","down",0.0003522152527,0.012396028,3.3468734,58515,1.74281398017098
"TMEM27","up",0.0003528094498,0.012396028,2.4556805,57393,1.2961228689125
"C2orf54","down",0.0003530711723,0.012396028,2.7958206,79919,1.48327178997157
"IRF2BPL","up",0.0003536545462,0.012396028,2.2241177,64207,1.15323313730297
"MRPL33","up",0.0003543352796,0.012396028,2.0299448,9553,1.02144049694295
"LCP2","up",0.000355523084,0.012396028,11.4689732,3937,3.51966432969551
"HM13","up",0.0003560241425,0.012396028,4.1723177,81502,2.060849015663
"RBFOX2","down",0.0003566643095,0.012396028,64.7329718,23543,6.01642883238837
"RPS29","up",0.000357001303,0.012396028,2.5623538,6235,1.35746969123969
"CNPY4","up",0.0003578069508,0.012396028,7.7812475,245812,2.96000146855153
"EHBP1L1","down",0.0003585199128,0.012396028,8.2818693,254102,3.04995643505146
"BOLL","up",0.0003589161689,0.012396028,15.913408,66037,3.99217092981361
"RHOT1","up",0.0003591505215,0.012396028,5.3566444,55288,2.42132952615189
"MFF","up",0.0003592256028,0.012396028,3.1176761,56947,1.64047105209068
"FABP4","up",0.0003620644183,0.01244653,5.3888164,2167,2.42996843413502
"PNMA5","up",0.0003630436834,0.01244653,6.0483407,114824,2.59653940813644
"TMED5","down",0.0003631386033,0.01244653,3.2375879,50999,1.69491936227335
"SEC61G","up",0.0003649642397,0.012484654,9.117534,23480,3.18864367449448
"C9orf50","down",0.0003654794117,0.012484654,4.6216796,375759,2.2084172477949
"COQ4","down",0.0003668124179,0.012504172,45.4504498,51117,5.50622266699692
"ASIC3","up",0.0003675895375,0.012504172,7.4009647,9311,2.8877133352274
"INHBA","down",0.0003686812316,0.012504172,3.1602101,3624,1.66002047617201
"TMEM211","up",0.0003697520589,0.012504172,3.1746152,255349,1.66658173119327
"LPXN","up",0.0003697772369,0.012504172,5.1571276,9404,2.36656774179655
"DUT","up",0.0003698073017,0.012504172,2.6126635,1854,1.3855213236082
"MBD1","up",0.0003711306293,0.012504172,6.1410624,4152,2.61848826253748
"SLC2A5","up",0.0003714085109,0.012504172,2.7157206,6518,1.4413350592111
"SEMA6C","up",0.0003715876964,0.012504172,4.1434428,10500,2.05083000598644
"PRR19","down",0.0003731021631,0.012511279,179.1355463,284338,7.48490783297433
"HOXB7","up",0.000373120161,0.012511279,4.181755,3217,2.06410854001476
"FBLN2","up",0.000373645585,0.012511279,6.0536045,2199,2.59779442268322
"TMEM237","up",0.0003751094367,0.012539637,3.3637252,65062,1.75005984923428
"KRTAP22-1","up",0.0003789260644,0.01263022,27.5293511,337979,4.78289869915991
"CMTM4","up",0.000379061955,0.01263022,9.6268246,146223,3.26706000478822
"ZACN","up",0.0003798103497,0.012634444,2.5576283,353174,1.35480661265138
"C8orf46","down",0.0003823689599,0.012673585,3.1238879,254778,1.64334268362848
"AADAC","up",0.0003828576284,0.012673585,13.01888,13,3.70253343525363
"FLYWCH1","up",0.0003835705959,0.01267654,3.3049122,84256,1.72461194486242
"ZMAT3","up",0.0003849631429,0.012701909,2.832811,64393,1.50223435093644
"PCDHGB6","up",0.0003862202208,0.012722733,6.1540031,56100,2.62152517041073
"ARF1","up",0.0003907142969,0.012807403,2.9228526,375,1.54737707559932
"NKD1","up",0.0003907417831,0.012807403,4.2720573,85407,2.09493099765081
"TMEM229A","up",0.0003913110467,0.012807403,4.7134392,730130,2.23678011847188
"FXYD3","up",0.0003925912024,0.012809761,12.3816385,5349,3.63013033830945
"C16orf13","up",0.0003926436101,0.012809761,3.2223239,84326,1.68810151745776
"TMX2","up",0.0003937468675,0.012825168,5.074326,51075,2.34321620830118
"MTO1","up",0.0003958071941,0.01287165,5.6620852,25821,2.50133345830277
"C18orf21","up",0.000396877668,0.012873545,2.4465056,83608,1.29072258507342
"ATP6AP1L","up",0.0003972456241,0.012873545,3.6132122,92270,1.85328198516002
"PEX6","up",0.0003980311669,0.012873545,10.1295946,5190,3.34050453158584
"MTERFD1","up",0.0003989206513,0.012873545,3.4518292,51001,1.78736108027317
"TAF7","up",0.0003991649626,0.012873545,5.0613838,6879,2.33953187671033
"CSPG4","up",0.0003996657796,0.012873545,5.0519646,1464,2.33684452994427
"STOX2","down",0.0004004073655,0.012877025,256.2057422,56977,8.00115900015619
"SPAG8","down",0.0004040441864,0.012947249,2.9595493,26206,1.56537748931282
"KBTBD13","up",0.0004048316039,0.012947249,3.4825352,390594,1.80013793505447
"DAGLA","up",0.0004054183347,0.012947249,5.554417,747,2.47363549210971
"ANKS1A","down",0.0004056290296,0.012947249,4.1067037,23294,2.03798086015814
"PIGG","up",0.0004057760234,0.012947249,2.3887894,54872,1.25627966879283
"LINS","up",0.0004075469297,0.012967647,7.2911981,55180,2.86615589972457
"C16orf5","up",0.0004076913463,0.012967647,4.8713164,29965,2.2843116916338
"HNRNPC","up",0.0004091018424,0.012969171,2.4331009,3183,1.28279614966855
"NFIA","up",0.0004092199524,0.012969171,7.8111847,4774,2.96554137438475
"LRRC3","up",0.0004109496127,0.012969171,4.765023,81543,2.25248317780906
"ZC2HC1A","down",0.0004117211029,0.012969171,2.1195534,51101,1.08376031409044
"ATP1B4","up",0.0004119455256,0.012969171,4.8232017,23439,2.26999114298499
"ZNF880","down",0.000412128464,0.012969171,3.5302668,400713,1.8197772193298
"OPRM1","up",0.0004122058644,0.012969171,3.7721475,4988,1.91538608994674
"GPR116","down",0.0004143722366,0.01301718,3.5838565,221395,1.84151287208216
"SLC41A3","up",0.0004173933483,0.013071679,2.8156021,54946,1.49344346717229
"UNC93B1","up",0.0004221965132,0.013160474,3.2409135,81622,1.69640051563064
"ADORA2A","down",0.0004225242132,0.013160474,89.3034661,135,6.4806442660708
"DYTN","up",0.0004229950944,0.013160474,3.0769816,391475,1.621515816545
"EMILIN3","up",0.0004243189645,0.013160474,2.5162151,90187,1.3312552570498
"SLC35G2","up",0.000425547866,0.013160474,40.3027814,80723,5.33280750122174
"RDH5","up",0.0004256785943,0.013160474,5.8551526,5959,2.54970677147701
"GPX1","up",0.0004268393571,0.013160474,24.5564845,2876,4.61803213452716
"SUCLG2","up",0.0004274731796,0.013160474,4.6797268,8801,2.22642430848605
"PPP2R5B","up",0.0004277760955,0.013160474,8.0228082,5526,3.0041073073891
"KIAA1429","up",0.0004279986778,0.013160474,7.049621,25962,2.81754569777835
"TPTE","up",0.0004295918191,0.01318099,42.6577589,7179,5.41473626804859
"C17orf58","up",0.0004299629238,0.01318099,4.2657532,284018,2.09280049933157
"SPTBN4","up",0.0004326622737,0.013243766,12.9818432,57731,3.69842333082162
"FBRS","down",0.0004352237826,0.01330214,9.210281,64319,3.2032451727251
"TM2D3","up",0.0004361485844,0.013302873,5.1029086,80213,2.35131980133295
"NF2","up",0.0004365567593,0.013302873,9.0449553,4771,3.17711337309221
"MEX3D","down",0.0004384894024,0.013341762,2.0044085,399664,1.00317656086149
"HADHB","up",0.0004411070045,0.013401345,4.7714343,3032,2.25442300762598
"RAB31","down",0.0004427420133,0.013430804,9.5948716,11031,3.26226350019004
"FRAT2","up",0.0004433982691,0.013430804,6.162625,23401,2.62354500478486
"TP53RK","up",0.0004445107871,0.013441663,6.1710455,112858,2.62551493181984
"GAS7","up",0.0004462052467,0.013441663,5.1289975,8522,2.35867686811022
"TBL1Y","down",0.0004470612853,0.013441663,7.4661397,90665,2.90036250336528
"BABAM1","down",0.0004470634453,0.013441663,4.0608458,29086,2.02178024573085
"TSSK3","up",0.0004495190973,0.013460698,3.1961183,81629,1.67632080866161
"TNKS1BP1","up",0.0004503169867,0.013460698,14.6974809,85456,3.87749699794134
"SF1","up",0.0004534804671,0.013460698,25.5527041,7536,4.67540406648987
"SLC46A3","up",0.0004545737165,0.013460698,5.5675435,283537,2.47704092503626
"SPATC1","down",0.0004545851859,0.013460698,2.2646767,375686,1.17930510916869
"HIST1H4H","up",0.000454867115,0.013460698,2.5982154,8365,1.37752103957337
"TMPRSS2","up",0.0004552774006,0.013460698,10.627053,7113,3.40966967183709
"PDLIM3","up",0.0004561057567,0.013460698,7.2568226,27295,2.85933800240381
"SLC27A2","up",0.0004581798112,0.013460698,7.6205854,11001,2.92990182727733
"HLA-A","down",0.0004587185271,0.013460698,3.5469967,3105,1.8265979880414
"PNLDC1","up",0.0004609645197,0.013460698,2.6956214,154197,1.43061788424311
"SYT6","up",0.0004613089987,0.013460698,2.7108182,148281,1.43872836262116
"CUEDC1","down",0.000461961854,0.013460698,5.7227897,404093,2.51671859197483
"LY6H","up",0.0004632422571,0.013460698,3.2350921,4062,1.69380678496025
"MGLL","up",0.000463271933,0.013460698,2.2527102,11343,1.17166172994507
"UBB","up",0.0004643222854,0.013460698,3.0112745,7314,1.59037422640803
"DAZAP2","up",0.0004656610545,0.013460698,9.7031578,9802,3.27845433503258
"PTGER3","up",0.0004663307791,0.013460698,4.0473485,5733,2.01697707870218
"MBNL3","up",0.0004663798191,0.013460698,3.2697845,55796,1.70919555589881
"KIAA0040","down",0.0004667619542,0.013460698,13.5026203,9674,3.75516749675551
"LPCAT3","up",0.0004669750433,0.013460698,3.6113074,10162,1.85252122991823
"ZRANB2","up",0.0004678748909,0.013460698,3.1221341,9406,1.64253250440426
"IHH","down",0.0004681882738,0.013460698,14.6994625,3549,3.87769149738017
"TMEM9B","up",0.000468983996,0.013460698,19.7496685,56674,4.30375653261154
"GNG10","up",0.000469193463,0.013460698,2.9668116,2790,1.56891331496256
"JKAMP","up",0.0004698580171,0.013460698,30.4213907,51528,4.92701420160305
"GYG1","up",0.0004702607626,0.013460698,5.2594291,2992,2.39490620649493
"SIRPG","up",0.0004703564741,0.013460698,6.7565308,55423,2.75628267219593
"GIMAP7","up",0.0004705486454,0.013460698,20.0740828,168537,4.3272621663101
"PHOX2A","down",0.0004713546352,0.013460698,3.1585976,401,1.65928415187971
"C9orf3","up",0.000471635087,0.013460698,2.9975036,84909,1.58376148631641
"SNX17","up",0.0004726351586,0.013460698,4.2362379,9784,2.08278361093384
"LEF1","up",0.0004727669349,0.013460698,2.3824222,51176,1.25242910248492
"BMPR2","down",0.0004733129392,0.013460698,3.100953,659,1.63271165972004
"ASB6","up",0.0004737290314,0.013460698,6.9589746,140459,2.79887474163731
"GPR160","up",0.0004738836148,0.013460698,3.3596968,26996,1.74833104107731
"PHF21B","up",0.0004741874269,0.013460698,8.5732071,112885,3.0998349945057
"POTED","down",0.000477686239,0.013541106,9.7388969,317754,3.28375837117567
"BDNF","up",0.0004789707303,0.013558607,6.5027263,627,2.70104470196631
"DGCR14","up",0.0004801308877,0.013572546,5.0871231,8220,2.34685000546666
"ADORA1","up",0.0004818496759,0.013602215,5.305083,134,2.40737532281802
"CCR7","down",0.0004871742071,0.013694195,3.5018603,1236,1.80812153136791
"TM6SF1","up",0.0004893261416,0.013694195,5.8451248,53346,2.54723382825034
"ASCL2","up",0.0004897525949,0.013694195,7.4291144,430,2.89319024213972
"PRB4","up",0.0004898081213,0.013694195,8.4387827,5545,3.07703490422474
"C5orf4","down",0.0004903538989,0.013694195,3.3098717,10826,1.72677529517112
"SYNPO2","up",0.0004912238117,0.013694195,13.5320327,171024,3.75830666339194
"SHANK3","up",0.000491771632,0.013694195,9.2686715,85358,3.21236256887108
"PHF8","up",0.0004927397234,0.013694195,3.9450071,23133,1.98002789672177
"ZNF639","up",0.0004928057602,0.013694195,6.4148061,51193,2.68140565770838
"FAM109B","up",0.0004931540826,0.013694195,8.38433,150368,3.06769550122581
"HIST4H4","up",0.0004938428471,0.013694195,35.2031755,121504,5.13763366782576
"DDX56","up",0.0004938669004,0.013694195,5.0811156,54606,2.34514528713298
"HBS1L","up",0.0004966475692,0.013752537,6.7156392,10767,2.74752472307524
"UBA52","up",0.0005000417831,0.013775646,2.6252042,7311,1.39242964634808
"PCDHB8","up",0.0005000903094,0.013775646,5.4653841,56128,2.45032289016848
"NOX4","up",0.0005001931939,0.013775646,3.4490197,50507,1.78618636916152
"VAPA","up",0.0005012730466,0.013786705,8.9654757,9218,3.16438013321341
"HNRNPA0","up",0.0005020556886,0.01378957,2.6898978,10949,1.42755136005546
"THSD1","up",0.0005054862644,0.013865058,3.0210599,55901,1.59505478935424
"TRIM54","down",0.0005076137797,0.013892964,3.4144236,57159,1.77164205300802
"MSS51","up",0.0005080076833,0.013892964,8.1892663,118490,3.03373420244414
"KDM2B","up",0.0005091299598,0.013892964,5.0937165,84678,2.34871866604599
"FAM83C","down",0.0005096142456,0.013892964,5.6033997,128876,2.4863024061217
"NUP98","up",0.000511208787,0.013892964,2.2534959,4928,1.17216482522299
"TLE2","up",0.0005115056189,0.013892964,6.3726918,7089,2.67190288994143
"MRRF","up",0.0005123824899,0.013892964,8.9486029,92399,3.16166245929585
"SERGEF","up",0.0005124648609,0.013892964,6.0386654,26297,2.59422973604809
"C9orf153","down",0.0005146683575,0.013892964,5.3449091,389766,2.41816541247442
"TMEM25","up",0.0005149352108,0.013892964,5.4338026,84866,2.44196215606892
"RRN3","up",0.0005153386293,0.013892964,7.1946247,54700,2.84691943226502
"AGR2","down",0.000515617076,0.013892964,4.6712954,10551,2.22382268012843
"SLC33A1","up",0.0005172436821,0.013892964,22.1234805,9197,4.46750646531938
"SLC6A16","up",0.0005188754913,0.013892964,5.2893018,28968,2.40307729584461
"CHCHD8","up",0.0005192364021,0.013892964,3.0067453,51287,1.58820266305993
"LARP4","down",0.0005197583613,0.013892964,2.8721362,113251,1.52212416504031
"USP40","up",0.0005198101073,0.013892964,3.1658608,55230,1.66259782288993
"AIMP2","up",0.0005212121266,0.013892964,11.1210266,7965,3.47521806661487
"TOMM7","up",0.0005217557453,0.013892964,2.6456245,54543,1.40360831088692
"TMEM206","up",0.000522810988,0.013892964,4.0427864,55248,2.01534998105176
"ZBED3","up",0.0005238727344,0.013892964,4.6273125,84327,2.2101745328726
"JPH2","up",0.0005241196115,0.013892964,3.656751,57158,1.87056239225338
"ITM2B","up",0.000524474526,0.013892964,4.3739928,9445,2.1289508455774
"CRYL1","up",0.0005245012584,0.013892964,10.2670582,51084,3.35995096317999
"KLHDC7A","up",0.0005247779259,0.013892964,2.9099212,127707,1.54098008581106
"RTN3","up",0.0005267879294,0.013892964,10.6546237,10313,3.41340773580426
"RPLP1","up",0.0005270566935,0.013892964,4.7654804,6176,2.25262165710748
"ST5","up",0.0005275770374,0.013892964,3.4442217,6764,1.78417801009722
"THG1L","down",0.0005276731109,0.013892964,113.8763752,54974,6.83132466625861
"ALG10B","up",0.0005286757412,0.013892964,10.0939462,144245,3.33541839719706
"RUNX1","down",0.000528789709,0.013892964,13.2706417,861,3.73016622859656
"ASB1","up",0.0005290604586,0.013892964,3.8847857,51665,1.957835016117
"ZC3H12C","down",0.0005324912601,0.013910581,3.7256741,85463,1.89750148134416
"AKAP13","down",0.0005329321975,0.013910581,4.0655557,11214,2.02345256037932
"KIAA0240","down",0.0005331533882,0.013910581,246.6267253,23506,7.94618533326506
"RPL19","up",0.0005342106596,0.013920297,42.1089841,6143,5.39605616508514
"ZFP2","up",0.0005349636885,0.01392207,3.6570325,80108,1.87067344794821
"PFN1","up",0.0005371289228,0.013940919,6.1992284,5216,2.63208865860144
"TMED7-TICAM2","up",0.0005380601455,0.013940919,4.1923177,100302736,2.06774805056979
"ZNF347","down",0.0005384315473,0.013940919,4.6497546,84671,2.21715457714424
"KLHL29","up",0.0005452831527,0.014006547,2.571536,114818,1.36263035071854
"SLC2A6","up",0.0005468333757,0.014006547,2.8982082,11182,1.53516123820691
"DYNC1LI2","down",0.0005469003961,0.014006547,9.5728809,1783,3.25895316031005
"C18orf32","up",0.0005474940586,0.014006547,2.5614585,497661,1.35696551785954
"TROVE2","down",0.000547709117,0.014006547,3.5711267,6738,1.83637932020767
"SNX15","up",0.0005486023152,0.014006547,5.0252941,29907,2.32920803095734
"CGGBP1","up",0.0005493770757,0.014006547,3.3255744,8545,1.73360354736913
"C7orf25","up",0.0005499793027,0.014006547,7.1420927,79020,2.83634685934576
"LIF","up",0.0005500077076,0.014006547,4.4338655,3976,2.14856500714115
"APOL3","up",0.000550133377,0.014006547,3.8143973,80833,1.93145511970938
"DERL2","up",0.0005508022236,0.014006547,4.8180562,51009,2.26845122192599
"PODN","up",0.0005518153354,0.014006547,14.0094411,127435,3.80832749617058
"CTNNBL1","up",0.0005525919338,0.014006547,3.8179077,56259,1.93278222522433
"GNG5","up",0.0005526814614,0.014006547,3.4750611,2787,1.79703834413602
"CYBRD1","up",0.0005535560964,0.014011242,3.2568955,79901,1.70349743049513
"B3GNT6","up",0.000555473412,0.014032287,4.7279846,192134,2.2412253363742
"TATDN3","up",0.0005569866783,0.014032287,10.3999551,128387,3.37850539468189
"PFDN5","up",0.000557091857,0.014032287,14.6005668,5204,3.86795247109381
"ARL6","up",0.000557657006,0.014032287,6.8175882,84100,2.76926145958931
"PACRG","up",0.0005592107742,0.014032287,3.3883106,135138,1.76056612984744
"C4orf48","up",0.0005594903213,0.014032287,5.4463197,401115,2.44528167134006
"CCDC154","up",0.0005599106932,0.014032287,6.5360067,645811,2.70840946237769
"NSUN5","up",0.0005624423354,0.014061058,6.9861853,55695,2.80450490895747
"PIGY","up",0.0005637296682,0.014075928,2.4012223,84992,1.26376897135748
"CREG1","up",0.000565271917,0.014084705,6.1123565,8804,2.61172869026225
"PPP6R3","up",0.0005658988301,0.014084705,5.7969571,55291,2.5352958090821
"TMEM31","up",0.0005664471097,0.014084705,6.4899169,203562,2.69820000538536
"RPS17","up",0.0005680494081,0.014084705,4.3482679,6218,2.12044082861154
"C14orf118","down",0.0005695934169,0.014084705,12.5162748,55668,3.64573333389404
"ARHGAP33","up",0.0005698726807,0.014084705,3.8584872,115703,1.94803531981176
"SYNGR4","up",0.000570869428,0.014084705,15.9128499,23546,3.99212033208987
"RPL10A","up",0.0005718162494,0.014084705,2.5759356,4736,1.36509652562566
"HOXA13","up",0.0005725016721,0.014084705,3.1198284,3209,1.64146667867812
"KRTAP19-8","up",0.0005725886544,0.014084705,22.7054271,728299,4.50496526969218
"GPR50","up",0.0005729262305,0.014084705,4.9663792,9248,2.31219442040997
"TXN","up",0.000573089861,0.014084705,6.6712156,7295,2.73794966700244
"XRRA1","up",0.0005749723609,0.014113905,15.9724933,143570,3.99751762935098
"FOSL2","down",0.0005761810269,0.014126513,2.1268647,2355,1.08872825951034
"BACE1","up",0.00057831813,0.014146,3.5530074,23621,1.82904069343474
"KIF9","up",0.0005783678324,0.014146,2.1282353,64147,1.08965766558373
"ZDHHC9","up",0.0005798261129,0.014164622,3.1242317,51114,1.64350145093363
"STRADA","up",0.000580968968,0.014175503,5.9546103,92335,2.57400709387373
"URGCP","down",0.0005822542381,0.014177346,53.3235109,55665,5.73669986764858
"FGF11","up",0.000583355495,0.014177346,2.0767007,2256,1.05429330585985
"CCNB1IP1","up",0.0005839473361,0.014177346,4.5479035,57820,2.18520164263199
"SLC35C2","up",0.0005845674016,0.014177346,5.4798121,51006,2.45412642474679
"SLC25A38","up",0.0005856469173,0.014177346,4.241582,54977,2.08460245296638
"GOLGA8B","up",0.000586185728,0.014177346,2.1409657,440270,1.09826168276859
"GUSB","up",0.0005882562376,0.014177346,2.7037005,2990,1.43493534722073
"CPT1A","up",0.000588313027,0.014177346,3.5435229,1374,1.82518437247675
"C14orf2","up",0.0005888618903,0.014177346,32.0245065,9556,5.00110443358892
"ZDHHC2","up",0.0005902533721,0.014177346,4.1343681,51201,2.04766684362615
"CYP2F1","up",0.0005917922206,0.014177346,3.8121356,1572,1.9305994377075
"GRWD1","up",0.0005918820505,0.014177346,2.2768409,83743,1.18703348304221
"CDC16","up",0.0005921314652,0.014177346,3.1866352,8881,1.67203387155555
"S100A6","up",0.0005925555384,0.014177346,8.6125383,6277,3.10643849350311
"GPR37","up",0.0005926398385,0.014177346,4.1837795,2861,2.06480681844928
"FAM154B","up",0.0005942145853,0.014177346,3.7152376,283726,1.89345447816104
"HNRNPA1","down",0.0005946028494,0.014177346,3.0876449,3178,1.62650684248069
"AGTRAP","up",0.0005946828309,0.014177346,3.1011823,57085,1.63281833587495
"PTPRR","up",0.0005954130407,0.014177346,13.795484,5801,3.78612416789973
"TAZ","up",0.0005956926511,0.014177346,3.9696207,6901,1.98900116344593
"HLA-DQA1","up",0.0005970292321,0.014192537,2.0557507,3117,1.03966532013444
"ASNSD1","up",0.0005987714847,0.014217325,2.9590628,54529,1.56514031508106
"RNASE2","down",0.0005997757989,0.014224554,5.5795143,6036,2.48013954006891
"C6orf162","up",0.0006006798519,0.014229392,2.3575734,57150,1.23730268804461
"NPIP","up",0.00060276001,0.014262046,3.5709147,9284,1.83629367204865
"SLC1A5","up",0.0006045209772,0.014271123,15.5309194,6510,3.95707133186044
"EFCAB2","down",0.0006047556041,0.014271123,2.0724965,84288,1.05136966532204
"ACSF2","up",0.0006056235102,0.014271123,5.7003829,80221,2.51105882969455
"TNFRSF25","up",0.0006060151041,0.014271123,2.4241839,8718,1.27749914664685
"TRMT112","up",0.0006070841512,0.014271123,3.2224188,51504,1.68814400534774
"PRIMA1","up",0.000607583341,0.014271123,4.8237464,145270,2.27015406207224
"CAPZA1","down",0.0006080586795,0.014271123,2.3370342,829,1.22467884657661
"INS","up",0.0006091517646,0.014280288,3.7751524,3630,1.91653488610295
"NECAB1","down",0.0006115192906,0.0142899,8.4213247,64168,3.07404719146256
"CCL20","down",0.000611901611,0.0142899,96.7155482,6364,6.59567593399884
"CDC20","up",0.0006134063495,0.0142899,4.4574975,991,2.15623398871093
"PBX2","up",0.0006135540861,0.0142899,21.9483807,5089,4.45604259992109
"LAPTM4A","up",0.0006136505071,0.0142899,7.3714836,9741,2.88195500832432
"SLC35A1","up",0.0006146259261,0.0142899,4.9463793,10559,2.30637287321908
"PRICKLE3","down",0.0006154833645,0.0142899,3.8148075,4007,1.93161025868437
"FOXJ1","down",0.0006160456482,0.0142899,40.663302,2302,5.34565546662687
"PRRX1","up",0.0006160977811,0.0142899,5.1887709,5396,2.37539283791356
"GNRH1","up",0.0006171094585,0.0142899,3.3364362,2796,1.73830791661171
"TAPBPL","down",0.0006172955671,0.0142899,2.3316369,55080,1.22134313872898
"TMCO3","up",0.0006192502589,0.014302406,3.7886577,55002,1.92168680022655
"GIT1","down",0.0006198811407,0.014302406,5.3621604,28964,2.42281437575901
"BUD13","up",0.0006199468383,0.014302406,4.9184474,84811,2.29820297373099
"CHI3L1","up",0.000621022593,0.01431098,4.0437404,1116,2.015690382094
"TNFRSF10A","down",0.0006242328163,0.01431858,3.4726198,8797,1.7960244658077
"MFSD2A","up",0.0006247226658,0.01431858,2.0896568,84879,1.06326601714085
"CXXC5","down",0.0006254086123,0.01431858,2.4613477,51523,1.29944847316919
"SH3BP5","down",0.0006254883663,0.01431858,5.3103676,9467,2.40881173228007
"YIF1A","down",0.000626411389,0.01431858,2.4081184,10897,1.26790632685407
"METTL22","up",0.0006267109762,0.01431858,7.9079088,79091,2.98329623291001
"CDC42EP4","down",0.0006275321252,0.01431858,379.1452487,23580,8.56660683351502
"KCNK9","up",0.0006277297282,0.01431858,2.9474931,51305,1.55948843589972
"TMEM143","down",0.0006277632056,0.01431858,3.6048945,55260,1.84995703850799
"MTMR11","up",0.000628397211,0.01431858,4.6929985,10903,2.23050999924474
"ST3GAL5","up",0.0006355981055,0.014437516,6.9690239,8869,2.80095660254363
"MRPS6","up",0.0006357479337,0.014437516,6.3152556,64968,2.65884112599858
"PTGES3","up",0.0006377218032,0.014438014,8.2670761,10728,3.04737716713467
"AKR7A2","down",0.0006396582252,0.014438014,48.1003449,8574,5.58797533365889
"LRRC41","up",0.0006399982563,0.014438014,21.6452161,10489,4.43597629898774
"NEURL2","up",0.0006405836165,0.014438014,6.8907646,140825,2.78466407341241
"SPG21","up",0.0006409326417,0.014438014,19.3953477,51324,4.27763873415289
"ABHD6","up",0.0006412045653,0.014438014,5.4626791,57406,2.44960867574752
"PTK7","up",0.000641452738,0.014438014,4.2128004,5754,2.07477956347867
"CSNK2B","up",0.0006426567546,0.014449113,4.7753777,1460,2.25561484505775
"CHST12","up",0.0006442558081,0.01446906,2.7340166,55501,1.45102200251419
"CCDC89","up",0.0006461518964,0.014495626,8.9825065,220388,3.16711807420343
"PRG4","up",0.0006472184863,0.014503545,2.5106912,10216,1.32808459666012
"FDXACB1","up",0.0006488777181,0.014517162,3.8993212,91893,1.96322299919848
"ICAM2","up",0.0006501313167,0.014517162,6.6475507,3384,2.73282287537134
"PARS2","up",0.0006506831196,0.014517162,2.4470165,25973,1.29102382940583
"NOP10","up",0.0006523418737,0.014530191,3.1996971,55505,1.67793533854663
"MS4A6A","up",0.0006526969034,0.014530191,10.1438237,64231,3.34252967160646
"DECR1","up",0.0006537952904,0.014538719,20.4110067,1666,4.35127543479258
"GABARAPL2","up",0.0006550725889,0.014551203,3.4829071,11345,1.80029199225948
"PAPD5","down",0.0006568501905,0.01457476,3.7909131,64282,1.92254538564705
"MGST1","up",0.000659552219,0.014580208,3.7843853,4257,1.92005898141009
"KLRD1","up",0.0006599914235,0.014580208,4.7203842,3824,2.23890428773904
"C10orf122","down",0.0006605558782,0.014580208,3.2082339,387718,1.68177932697638
"SLC25A22","down",0.0006606824836,0.014580208,52.9248193,79751,5.72587253336796
"DNAJC11","up",0.0006618096383,0.014589242,2.4422884,55735,1.28823357243122
"TCF12","down",0.0006654228267,0.014624837,4.1090475,6938,2.0388040079498
"MYH9","down",0.0006655772015,0.014624837,3.7609591,4627,1.91110061731999
"NFX1","down",0.0006655829888,0.014624837,9.8288128,4799,3.29701716722821
"DEAF1","up",0.0006663405152,0.014625671,2.6220009,10522,1.39066818076383
"TSPAN14","up",0.0006712386472,0.014709259,3.4462751,81619,1.78503786974759
"MEFV","down",0.000671596184,0.014709259,5.4476955,4210,2.44564606588355
"RHOQ","up",0.0006759379427,0.014772515,6.3309487,23433,2.66242170537726
"GTF2IRD2B","down",0.0006774352338,0.014789335,37.0402586,389524,5.21102226582988
"FAM129A","down",0.0006783747807,0.014791756,4.149253,116496,2.05285162797774
"FAM178B","down",0.0006798089279,0.014791756,7.0619092,51252,2.82005827145834
"AMBN","up",0.0006804931004,0.014791756,4.1211536,258,2.04304823547685
"STAG2","down",0.0006811849067,0.014791756,4.4020996,10735,2.13819178739224
"C14orf159","up",0.0006827536019,0.014809997,3.5298054,80017,1.81958864916396
"FRG2B","down",0.0006864269691,0.014833851,2.9407176,441581,1.55616824745475
"RSL24D1","up",0.0006869178757,0.014833851,14.2149856,51187,3.82934073243118
"SPR","up",0.000687628235,0.014833851,2.1073858,6697,1.07545445311864
"IFI6","down",0.0006889266082,0.014833851,5.3821617,2537,2.42818573551265
"DDT","up",0.0006905751646,0.014852847,4.8452384,1652,2.27656765223194
"CSDA","down",0.0006918420678,0.014864366,16.6714891,8531,4.0593110667125
"VAMP3","up",0.0006932780838,0.014869445,24.9960934,9341,4.64363073086084
"PJA1","up",0.0006935416627,0.014869445,2.2851888,64219,1.19231336422054
"VIT","up",0.0006956588343,0.014899121,4.1891181,5212,2.0666465573681
"RPL8","up",0.000697294195,0.014906083,22.780692,6132,4.50973966677118
"SMPD1","up",0.0006976615925,0.014906083,6.7800654,6609,2.7612991895564
"SEC14L1","down",0.000698829343,0.014906083,4.4165403,6397,2.14291667584097
"HYAL1","up",0.0006989174392,0.014906083,2.959327,3373,1.56526912039566
"HLA-DQB1","up",0.0007016984554,0.014949708,4.1843388,3119,2.06499966929308
"NDUFB1","up",0.0007027948931,0.014954675,5.3922411,4707,2.43088500430872
"DPH2","up",0.0007034031426,0.014954675,6.2065788,1802,2.63379824294343
"PLA2G4E","down",0.0007049850424,0.014958901,107.9904407,123745,6.75475980063493
"TMEM185B","up",0.0007051673532,0.014958901,3.1752078,79134,1.66685101148147
"GZMA","up",0.0007058099016,0.014958901,3.321664,3001,1.73190614613295
"WNT5A","up",0.0007071105862,0.014970857,10.1397523,7474,3.34195050463232
"ADO","up",0.000708553223,0.014984169,4.3023404,84890,2.10512167491528
"FKTN","up",0.0007092137895,0.014984169,3.5327887,2218,1.82080746262273
"RAP1A","down",0.0007100766284,0.01498682,2.2201708,5906,1.15067066884311
"C20orf26","up",0.0007127625106,0.015027903,2.6954616,26074,1.43053235683884
"CD97","up",0.000715760607,0.015075476,5.8158311,976,2.53998537195169
"TPST2","up",0.0007190772114,0.015129653,3.1759826,8459,1.66720300852543
"CYR61","down",0.0007207491707,0.015149149,66.2536409,3491,6.04992783343612
"NRARP","up",0.0007228625761,0.01516221,8.2502433,441478,3.0444366651194
"PGM1","up",0.0007242410524,0.015169039,4.3682461,5236,2.12705413767901
"TMEM99","up",0.0007248993741,0.015169039,8.2465099,147184,3.04378366901861
"ANAPC2","up",0.0007254270839,0.015169039,6.4127964,29882,2.68095360374936
"MUC1","up",0.0007289113152,0.015188094,3.3326424,4582,1.73666652134115
"KIF13A","down",0.0007293989497,0.015188094,4.6299171,63971,2.21098636184629
"ELMO1","down",0.0007303230544,0.015188094,2.8563198,9844,1.51415751579729
"MCL1","up",0.0007303816316,0.015188094,5.4018216,4170,2.43344599433683
"KLF6","down",0.0007309682768,0.015188094,9.1809302,1316,3.19864033304433
"MICU1","up",0.0007322769175,0.015188094,11.5989703,10367,3.535924830497
"ELN","down",0.000732316479,0.015188094,13.9333507,2006,3.80047033466291
"PRKCE","down",0.0007342878123,0.015200465,5.8689747,5581,2.55310848895298
"CSN3","up",0.0007360936178,0.015200465,3.7400422,1448,1.9030545485587
"CYP26A1","up",0.0007367221805,0.015200465,5.554795,1592,2.47373366986087
"CIB4","up",0.0007368591752,0.015200465,40.1301942,130106,5.32661623258262
"HTATSF1","up",0.000737772453,0.015200465,2.4564806,27336,1.29659284548245
"PTPRO","up",0.0007382196222,0.015200465,2.6522355,5800,1.40720888238782
"CAMKMT","up",0.0007394990526,0.015200465,5.2614384,79823,2.39545726508034
"OTUD5","down",0.0007396437963,0.015200465,2.7228876,55593,1.44513742958351
"SYK","down",0.0007419709778,0.015232889,49.8500023,6850,5.6395216660745
"RIC8A","up",0.0007460149318,0.015285034,3.7890745,60626,1.92184550609732
"KCNQ1","up",0.0007471633414,0.015287188,2.88934,3784,1.53073998149072
"DEDD2","up",0.0007481740625,0.015287188,6.5406378,162989,2.70943132471909
"EIF2AK1","up",0.0007486831072,0.015287188,8.2874184,27102,3.05092276015797
"FAM122A","up",0.0007509702776,0.015305789,5.8287348,116224,2.54318276235317
"CD164","up",0.000751546236,0.015305789,5.7437546,8763,2.52199411181312
"AP3S2","down",0.00075272108,0.015312661,89.2914706,10239,6.48045046608174
"CLU","up",0.0007533904392,0.015312661,5.6920167,1191,2.5089398946423
"CAPZA3","up",0.00075637854,0.015348468,6.8057645,93661,2.76675723056235
"KLHL13","up",0.0007566624599,0.015348468,5.1114547,90293,2.35373393496101
"SEC23IP","down",0.0007582228824,0.015350277,7.759378,11196,2.95594100907722
"SORBS1","down",0.0007582621573,0.015350277,3.0503839,10580,1.60899082161744
"MYH14","up",0.0007592946099,0.015355884,7.6477368,79784,2.93503287323122
"MFSD1","up",0.0007602776493,0.01536048,16.102928,64747,4.00925113273109
"VPS4A","up",0.0007621101402,0.015382213,7.2042694,27183,2.84885213110219
"DOK7","down",0.0007633028809,0.015386528,3.5382976,285489,1.82305539567899
"GNA11","down",0.0007638967079,0.015386528,3.1393515,2767,1.65046657046717
"PHKA1","up",0.0007645949873,0.015386528,5.2228878,5255,2.38484771153666
"EPHB4","up",0.0007655729827,0.01539097,5.9370378,2050,2.56974329850307
"PPP1R9A","down",0.0007667752781,0.015399909,219.700661,55607,7.77939540009116
"FAU","up",0.0007701292185,0.015423922,4.9086722,2197,2.29533282707784
"EFNB2","down",0.000771006384,0.015423922,6.8976048,1948,2.78609547159184
"DRP2","up",0.000772564093,0.015439887,4.4189916,1821,2.14371718869848
"ART1","up",0.0007740900438,0.015455187,3.2980524,417,1.72161432073402
"MED9","up",0.0007778961254,0.015495623,3.5605316,55090,1.83209265676125
"RUNX3","up",0.0007783752792,0.015495623,10.5452496,864,3.39852133818592
"ARHGEF1","up",0.0007784025177,0.015495623,6.3281304,9138,2.66177932887123
"SUPT4H1","up",0.0007802622786,0.015503372,7.8200811,6827,2.96718356942024
"OMP","up",0.0007809757717,0.015503372,9.7174618,4975,3.28057953124377
"SIX5","down",0.000781080082,0.015503372,3.2690475,147912,1.70887033994292
"DENND2A","up",0.0007885653688,0.015636674,4.9170485,27147,2.29779258545432
"TSPYL4","up",0.0007903643098,0.015652469,2.085594,23270,1.0604583375341
"FAM54B","up",0.0007918874324,0.015652469,7.0067928,56181,2.80875423448865
"CTNS","up",0.0007924432533,0.015652469,3.5863482,1497,1.84251556685267
"TAS2R10","down",0.0007932390889,0.015652469,3.4299493,50839,1.77818725127297
"KLHL23","down",0.0007935949089,0.015652469,14.3053441,151230,3.83848229547701
"TBCK","up",0.0007955989373,0.015669136,8.7503915,93627,3.12934756579904
"CEACAM19","up",0.0007968728324,0.015675066,2.8823606,56971,1.5272508363066
"ZHX2","up",0.0007974424529,0.015675066,14.528955,22882,3.86085903526112
"CCNI","up",0.0007993285611,0.015696959,2.1805129,10983,1.12466752548532
"SKAP1","up",0.0008016129813,0.015709347,3.5876221,8631,1.84302793285227
"TLE1","down",0.0008031315421,0.015709347,2.1395373,7088,1.0972988306585
"SLC25A36","down",0.0008037547024,0.015709347,5.1712904,55186,2.37052432336241
"CRYGD","down",0.0008041816731,0.015709347,2.2303735,1421,1.15728532515788
"IGSF1","down",0.0008043176985,0.015709347,2.3269579,3547,1.21844510932055
"VAMP2","up",0.0008045968162,0.015709347,2.4895897,6844,1.3159079966909
"CLTA","down",0.0008059714959,0.015721085,8.6592015,1211,3.11423399433959
"SH2D5","up",0.0008072794565,0.015723746,5.3150748,400745,2.41008999520506
"TYSND1","up",0.0008076551676,0.015723746,5.0338212,219743,2.33165397326201
"ROCK1","down",0.0008106517735,0.015766983,5.5884544,6093,2.48244933176632
"TBC1D5","down",0.0008123593004,0.015785089,4.1435096,9779,2.05085326472478
"SIRPB1","up",0.0008136557289,0.015795179,3.5454281,10326,1.8259598391595
"CALD1","down",0.0008168575311,0.015824528,3.0124233,800,1.59092450902116
"PCDHB15","up",0.0008178721565,0.015824528,4.5784835,56121,2.194869823361
"DDOST","up",0.000819495932,0.015824528,3.7985838,1650,1.92546164867848
"BANF2","down",0.0008195309446,0.015824528,186.863938,140836,7.54584436673145
"ST3GAL3","up",0.0008204515583,0.015824528,2.7733834,6487,1.47164707221723
"RABL5","up",0.0008214451583,0.015824528,2.6110019,64792,1.38460350748591
"SLC10A5","up",0.0008243803149,0.015824528,3.1442914,347051,1.65273492683754
"HMGN3","up",0.0008244850164,0.015824528,3.0205889,9324,1.59482984765765
"FAM110A","up",0.0008254800201,0.01582819,12.906323,83541,3.69000613153103
"RASL10B","down",0.0008267183366,0.015836994,3.6920797,91608,1.88443369641643
"ADAM29","up",0.00083002682,0.0158854,3.3369495,11086,1.73852985354125
"NRN1L","up",0.0008312964688,0.015894733,3.2694437,123904,1.70904518021063
"LIPT2","up",0.000836345817,0.015976249,5.9758771,387787,2.5791504779391
"C12orf68","up",0.0008379416736,0.015991704,3.256963,387856,1.70352733041244
"ZNF621","up",0.0008399229574,0.016014479,2.7667714,285268,1.46820344853386
"GALNT9","up",0.0008471796696,0.016120779,2.0774312,50614,1.05480069886691
"ACTG1","up",0.0008478776272,0.016120779,21.129774,71,4.40120543145397
"BEST1","up",0.0008524425529,0.016166624,40.4076515,7439,5.33655659914909
"STIP1","up",0.000852675089,0.016166624,2.3680146,10963,1.2436779759342
"TMEM88","up",0.0008572996018,0.016224036,4.0455142,92162,2.01632308625058
"CMPK1","up",0.0008583826054,0.016228936,11.6741483,51727,3.54524539529876
"MBP","up",0.0008591554628,0.016228936,3.8006289,4155,1.92623816482978
"BPTF","down",0.0008620499497,0.016241942,7.1025402,2186,2.82833509201517
"BAX","up",0.0008623463165,0.016241942,7.7332052,581,2.95106649535663
"FUCA2","up",0.0008630404494,0.016241942,2.3171125,2519,1.21232809135508
"CAND2","up",0.0008651618568,0.016266804,4.8652529,23066,2.28251479947563
"PLAC8L1","up",0.0008660745171,0.016268914,2.8409704,153770,1.50638380020198
"KCNC4","down",0.0008680274091,0.016290542,5.4271972,3749,2.4402073306986
"OR2H2","up",0.0008754607296,0.016414889,3.8987594,7932,1.96301512597507
"UQCRB","up",0.0008810207159,0.016503913,32.991391,7381,5.04401770172308
"ADARB2","up",0.0008828575001,0.016520927,2.6401944,105,1.4006441604892
"IKZF3","down",0.0008835675952,0.016520927,8.7936481,22806,3.13646180062619
"PRICKLE4","up",0.0008851831424,0.016520927,2.6288044,29964,1.39440680013467
"TEX261","up",0.0008855028658,0.016520927,2.813329,113419,1.49227827604898
"ZNF185","up",0.000886805974,0.016520927,3.9429101,7739,1.97926081677016
"THAP1","up",0.0008882917587,0.016531881,16.3951281,55145,4.03519526886675
"GOLGA6L9","down",0.0008900987915,0.016536799,5.6822045,440295,2.50645075441143
"ZCCHC14","down",0.0008926293872,0.016554425,2.3849106,23174,1.25393518683707
"AAAS","up",0.0008967168317,0.016571609,4.0681499,8086,2.0243728394713
"IFNGR2","up",0.0008971137591,0.016571609,5.4449394,3460,2.44491599241216
"ZC3HAV1L","up",0.000897155522,0.016571609,2.5922214,92092,1.37418894316129
"C7orf31","up",0.0008976797652,0.016571609,3.2044166,136895,1.68006172192989
"C15orf41","up",0.0009008946642,0.016590907,2.4484615,84529,1.2918755110576
"ADH7","up",0.0009010378893,0.016590907,22.4721331,131,4.49006516941542
"JTB","up",0.0009011740012,0.016590907,3.2430764,10899,1.69736301102863
"NFKBIA","down",0.0009030377309,0.016608174,8.2320343,4792,3.0412489934487
"USP13","down",0.000903746138,0.016608174,3.0651296,8975,1.61594807532697
"DEFA4","up",0.0009057243492,0.016629492,2.363256,1669,1.24077591789656
"AMELY","up",0.000908001921,0.016655241,2.574745,266,1.36442955639201
"RNASEH2C","up",0.0009087656739,0.016655241,3.308989,84153,1.72639049573875
"PREPL","up",0.0009113093999,0.016686814,9.59644,9581,3.26249930720046
"CRAMP1L","up",0.0009173252944,0.016781851,8.7243173,57585,3.1250422411859
"ALOXE3","up",0.0009214078176,0.016816386,6.3899315,59344,2.67580046557916
"PABPC1","up",0.0009215931563,0.016816386,11.0372498,26986,3.46430882912437
"NUMBL","up",0.0009252551991,0.01685109,4.2601178,9253,2.09089332414268
"ANK2","down",0.0009254884063,0.01685109,25.271569,287,4.65944333250798
"G6PC3","up",0.000926084483,0.01685109,11.142488,92579,3.47799950211571
"C17orf97","up",0.0009308959465,0.016901207,7.3162674,400566,2.87110780466619
"ALG1L","up",0.0009310621316,0.016901207,3.6371655,200810,1.86281457346935
"NFIC","down",0.0009313334036,0.016901207,2.4143202,4782,1.27161702668015
"HOXA10","up",0.0009330183825,0.01691668,2.8975435,3206,1.53483032016641
"C2orf42","up",0.0009362317324,0.016947054,3.2574342,54980,1.70373603672358
"PURB","up",0.0009364496951,0.016947054,4.1095569,5814,2.03898284825383
"FBXO10","up",0.0009376658983,0.016947054,2.8669517,26267,1.51951759946597
"ATAT1","up",0.0009396964067,0.016947054,4.3044702,79969,2.10583567969675
"COASY","down",0.0009423056729,0.016979045,4.8715922,80347,2.28439337058794
"RARB","up",0.0009439469288,0.016993553,6.9805408,5915,2.80333880996715
"C6orf108","up",0.0009487784019,0.017037496,3.8322013,10591,1.93817334575156
"SPTBN2","down",0.000949604155,0.017037496,58.4574449,6712,5.86931486705805
"DZIP3","up",0.0009514277582,0.017037496,3.1226767,9666,1.64278321058456
"ATP2A1","up",0.0009544882512,0.017037496,13.1273754,487,3.71450659711187
"NLRP7","up",0.0009546394856,0.017037496,15.6620288,199713,3.96919920088275
"TMEM179B","up",0.0009552190873,0.017037496,7.0646891,374395,2.82062607241236
"HNRNPAB","down",0.0009552597234,0.017037496,3.0034646,3182,1.58662765980065
"RFK","up",0.0009564389038,0.017037496,6.3923345,55312,2.67634290402068
"CDIPT","up",0.0009574576085,0.017037496,7.9358207,10423,2.98837943019265
"ZNF200","up",0.0009575976111,0.017037496,2.897716,7752,1.53491620584405
"GNB2L1","up",0.0009584477834,0.017037496,2.4141037,10399,1.27148764968963
"CACNA1B","up",0.0009599671495,0.017037496,4.5840261,774,2.19661525836911
"CIRBP","up",0.0009600354959,0.017037496,4.1502071,1153,2.0531833303603
"TFF1","up",0.0009601763847,0.017037496,16.0085966,7031,4.00077493384928
"MPDZ","up",0.0009605615259,0.017037496,2.5130914,8777,1.32946314234026
"RTN2","up",0.0009627402081,0.017055303,6.0864584,6253,2.60560299413876
"MTRNR2L8","down",0.000963320409,0.017055303,4.391458,100463486,2.13470000585397
"HRH1","up",0.0009676012777,0.01710849,2.7408839,3269,1.45464121891828
"ERCC3","up",0.0009689217835,0.01710849,3.9821423,2071,1.99354477601477
"FAM209A","up",0.0009702350349,0.01710849,3.5915762,200232,1.84461712451396
"C12orf66","up",0.000970326,0.01710849,4.8134551,144577,2.26707283291708
"CLRN1","down",0.0009722441706,0.01710849,3.4615512,7401,1.79141868729656
"TNFRSF21","up",0.000972378779,0.01710849,2.5961184,27242,1.37635618117898
"IGSF9","up",0.0009736047186,0.01710849,3.5779756,57549,1.83914354896639
"TPBG","up",0.0009741298004,0.01710849,2.2015826,7162,1.1385409729938
"FAM150B","up",0.0009749265232,0.01710849,7.5458635,285016,2.91568600292377
"ZFYVE27","down",0.0009757856326,0.01710849,5.1237762,118813,2.35720746197905
"MELK","up",0.0009764255145,0.01710849,3.7396455,9833,1.90290151620061
"ECI2","up",0.0009789211424,0.017118437,2.6075236,10455,1.3826803102518
"SERPINB6","up",0.0009795090208,0.017118437,2.4578266,5269,1.29738313696997
"LYSMD2","up",0.0009802359888,0.017118437,3.0772298,256586,1.6216321846338
"LCMT2","up",0.0009812790152,0.017118437,2.4969281,9836,1.32015427890854
"THOC2","down",0.0009816434231,0.017118437,7.5049226,57187,2.90783719307555
"UBE2E3","up",0.0009820466349,0.017118437,18.7763404,10477,4.23084399700277
"KLHDC9","up",0.0009863294197,0.017178359,4.6709267,126823,2.22370880536584
"RWDD2A","up",0.00098922289,0.017214003,7.5932052,112611,2.92470899631966
"DHRS1","up",0.0009910708064,0.017219731,10.3883225,115817,3.37689080241915
"IKBKG","up",0.0009912465246,0.017219731,2.2329894,8517,1.15897640270372
"LMBR1","up",0.0009928283055,0.017227448,10.823453,64327,3.43608892965736
"LRRC42","up",0.0009951227259,0.017227448,7.8270408,115353,2.96846696522969
"SAP30","down",0.0009958679936,0.017227448,2.5671128,8819,1.36014668992393
"CYHR1","up",0.0009991398642,0.017227448,5.043102,50626,2.33431140503071
"S100A11","up",0.0009992900739,0.017227448,4.2546629,6282,2.0890448306741
"NRM","up",0.0009992996482,0.017227448,5.8440357,11270,2.54696499129262
"THBD","down",0.0009996991866,0.017227448,2.1139519,7056,1.07994255059905
"SPG11","up",0.0010001280995,0.017227448,2.0779731,80208,1.0551769782326
"ZNF295","down",0.0010001667211,0.017227448,4.6556074,49854,2.21896940318729
"GSPT2","up",0.0010020409639,0.017227784,3.8729328,23708,1.95342646910501
"SPRED3","down",0.0010026591519,0.017227784,92.9656535,399473,6.5386259005963
"FTL","up",0.0010027290762,0.017227784,14.1548347,2512,3.82322299645298
"IL12RB2","up",0.0010053802433,0.017253465,3.5998861,3595,1.84795126056475
"SIPA1","up",0.0010059215548,0.017253465,6.1229176,6494,2.61421926795684
"SSR4","up",0.0010073748255,0.017263822,11.1827812,6748,3.4832071314096
"RPS24","up",0.0010121547495,0.017285383,16.1997952,6229,4.01790366936689
"CPNE5","down",0.001012339476,0.017285383,2.5973977,57699,1.37706692887576
"HIP1R","up",0.0010124428623,0.017285383,5.6238025,9026,2.49154592988809
"CACNA1A","up",0.0010131956449,0.017285383,20.787514,773,4.37764533002823
"LRRC25","up",0.0010142397247,0.017285383,2.8589691,126364,1.51549502727308
"HDLBP","down",0.0010153265322,0.017285383,4.5444747,3069,2.18411354161334
"CD302","up",0.0010154365152,0.017285383,13.6577166,9936,3.7716443980454
"NDFIP1","up",0.0010171886237,0.017298681,6.2727315,80762,2.64909381039155
"CRISP3","up",0.0010191191859,0.017304593,71.1619612,10321,6.15303436623618
"TMEM65","up",0.0010248445865,0.017372783,4.4917967,157378,2.16729263242704
"CNTLN","down",0.0010315435214,0.017421079,2.1873473,54875,1.12918230507197
"SLC12A8","down",0.0010317065865,0.017421079,171.272312,84561,7.4201481329718
"ETS1","up",0.0010325468987,0.017421079,6.3217309,2113,2.66031962469221
"SH3BP1","up",0.0010346247933,0.017431233,8.5284073,23616,3.09227634002701
"PPARGC1B","down",0.001040769821,0.017487739,2.5890867,133522,1.3724432771599
"EFCAB4A","down",0.0010410905049,0.017487739,7.3428341,283229,2.87633700487391
"GPR144","up",0.0010440591379,0.017523123,2.4903353,347088,1.31634000055863
"UBXN8","up",0.0010463582319,0.01754722,18.9373108,7993,4.24315956978238
"IFT52","up",0.001058428658,0.017713441,4.2982028,51098,2.10373355434594
"FAM153B","down",0.001059517428,0.017713441,4.7276535,202134,2.24112430113508
"MBL2","up",0.0010597561607,0.017713441,8.071461,4153,3.01282983666053
"REPIN1","up",0.0010622600545,0.017740703,5.0807147,29803,2.3450314540094
"EXD2","down",0.0010666185028,0.017798868,5.3222679,55218,2.41204113123085
"GPR143","down",0.0010691467226,0.017826421,9.264474,4935,3.21170906808918
"CARD8","up",0.0010707123947,0.017837893,3.8752176,22900,1.95427732241962
"PLEKHG4","down",0.0010745840782,0.017839597,9.5961114,25894,3.26244990578628
"ACOT11","up",0.0010747115486,0.017839597,2.7546789,26027,1.46188416040225
"SLC39A13","up",0.0010757564787,0.017839597,5.1849583,91252,2.37433238621784
"MED28","up",0.0010765630174,0.017839597,3.5586353,80306,1.831324088554
"TAC3","up",0.0010769597597,0.017839597,2.1162705,6866,1.08152404336254
"SLITRK5","up",0.0010774843412,0.017839597,5.5701363,26050,2.47771263042495
"DNAI2","up",0.0010793512837,0.017839597,3.0740996,64446,1.62016390871712
"RANGRF","up",0.0010800565803,0.017839597,2.2795446,29098,1.18874563625658
"TBC1D2B","up",0.001081738099,0.017839597,3.1896306,23102,1.67338935113527
"MEIG1","up",0.0010818871093,0.017839597,2.6613701,644890,1.41216915083626
"PPTC7","down",0.001082225,0.017839597,3.5160979,160760,1.81397524052631
"DIABLO","up",0.0010869727529,0.017878338,6.2887393,56616,2.65277082983376
"CHAMP1","up",0.0010872140539,0.017878338,6.8624687,283489,2.77872766394184
"KCNN2","up",0.0010890924955,0.017894749,3.5448369,3781,1.82571924975695
"YPEL5","up",0.0010920181981,0.017921948,6.7443274,51646,2.75367457288905
"SFRP2","up",0.0010927435653,0.017921948,5.3558727,6423,2.42112167065825
"RBM24","down",0.0010933931082,0.017921948,2.8975415,221662,1.53482932436046
"FEZF1","up",0.0010949184882,0.017932489,4.5156724,389549,2.17494082622631
"PTPN7","down",0.0010993422551,0.017977907,3.2870858,5778,1.71680911434916
"S100G","down",0.0010994607092,0.017977907,3.3224635,795,1.73225335039438
"LOC100507003","up",0.0011030564471,0.018007729,6.4992602,100507003,2.70027550790513
"CD300LG","up",0.0011054687846,0.018032627,4.3828822,146894,2.13187990364931
"HPS3","up",0.0011078785848,0.018045732,5.3934081,84343,2.43119720157901
"SPRY4","up",0.0011080478895,0.018045732,4.0178492,81848,2.00642341710882
"A4GALT","up",0.0011092966863,0.018051605,2.5883774,53947,1.37204798572798
"COX7A2L","up",0.0011114063622,0.018067014,2.7573957,9167,1.46330631611998
"KIAA1462","up",0.0011121332329,0.018067014,4.4941736,57608,2.16805585371716
"SRSF3","up",0.0011133059972,0.018067014,2.7006899,6428,1.43332799548708
"KCNK3","down",0.0011137992203,0.018067014,16.2247803,3777,4.02012703768827
"FAM134B","up",0.0011174006767,0.018106359,6.9017539,54463,2.78696303164368
"LTK","down",0.0011188681067,0.018106359,2.2576582,4058,1.17482708465355
"RNF126","up",0.0011193627344,0.018106359,8.8272176,55658,3.14195876207986
"MRPL49","up",0.0011202372157,0.018106359,3.3353613,740,1.73784304851196
"IL5RA","up",0.0011209868754,0.018106359,3.0468451,3568,1.60731615603281
"STK17B","down",0.0011215697843,0.018106359,2.3287344,9262,1.21954610470399
"CELSR1","down",0.0011238461585,0.018114332,347.2495144,9620,8.43982886649197
"PCYT2","up",0.0011248482771,0.018116118,2.7832876,5833,1.47678999154987
"NSA2","up",0.0011282786594,0.018144058,4.9069781,10412,2.29483483262646
"MYOM1","down",0.0011311235631,0.018173981,8.066196,8736,3.01188846212768
"GCH1","up",0.0011342540533,0.018202201,10.7119174,2643,3.42114483602912
"BMP8A","up",0.0011364151003,0.018202201,3.1299657,353500,1.64614684734606
"SH3BGRL","up",0.001136462158,0.018202201,6.5601085,6451,2.71371967629419
"ERLIN1","up",0.0011376587724,0.018207019,8.4380463,10613,3.07690900372189
"SEC13","up",0.0011398603867,0.018216547,2.6232938,6396,1.3913793935985
"GPX4","up",0.0011400466094,0.018216547,7.0666177,2879,2.82101986213224
"HIST1H2BK","up",0.0011442501192,0.018247403,6.5728965,85236,2.71652926785587
"TRABD","down",0.0011443286768,0.018247403,3.1379126,80305,1.64980516960921
"CHML","up",0.0011446710641,0.018247403,2.6721753,1122,1.41801465457281
"KIFC1","up",0.0011510607801,0.018310481,7.7330432,3833,2.95103627256561
"APIP","up",0.0011520488984,0.018310481,3.5547918,51074,1.82976506535707
"PEX12","up",0.001152231512,0.018310481,7.8094822,5193,2.96522689506929
"RP11-144F15.1","up",0.0011544799874,0.018319685,11.1061168,NA,3.47328256843952
"KLK15","down",0.0011546133635,0.018319685,120.6012179,55554,6.91410066624505
"SNRPA","up",0.0011580270488,0.018332989,2.6695536,6626,1.41659851610408
"SPATA21","up",0.0011617765769,0.018356794,3.4771247,374955,1.7978948073145
"SPEG","up",0.0011634400151,0.018356794,3.6773199,10290,1.87865468594253
"RPA2","up",0.001163531822,0.018356794,6.2664048,6118,2.64763796857416
"ADAMTS2","up",0.0011663331803,0.018356794,3.6435338,9509,1.86533837421798
"TMEM66","up",0.0011667560285,0.018356794,5.2841784,51669,2.40167917446714
"CRY2","down",0.0011673751943,0.018356794,2.604929,1408,1.38124405091306
"ECE1","down",0.001168615025,0.018356794,8.3047891,1889,3.05394353143299
"NOTCH4","down",0.0011686932893,0.018356794,2.6092467,4855,1.38363335505631
"MRPS14","up",0.0011726870685,0.018405301,31.3309237,63931,4.96951539883715
"UBE2D1","up",0.0011757417467,0.018439005,5.0111125,7321,2.3251309267857
"EPHA5","up",0.0011795181185,0.018442998,3.5644948,2044,1.8336976163094
"PARP9","down",0.00118047733,0.018442998,72.0135092,83666,6.17019566571557
"KIAA1919","up",0.0011807035262,0.018442998,4.5116003,91749,2.17363925950295
"ANKRD10","up",0.0011815748614,0.018442998,2.1416885,55608,1.09874866114077
"BSND","up",0.0011815971803,0.018442998,2.4506708,7809,1.29317669917612
"SDSL","down",0.0011829204129,0.018442998,12.4901864,113675,3.64272310236558
"PDE6G","up",0.0011832925837,0.018442998,2.8942442,5148,1.53318665347495
"TDRD1","down",0.0011841629678,0.018442998,4.9622428,56165,2.3109923272872
"HAND1","up",0.0011915763666,0.018510757,3.4156876,9421,1.77217603159171
"C2CD4B","down",0.0011927143612,0.018510757,5.4185634,388125,2.43791040685259
"CPM","up",0.0011928776878,0.018510757,2.7427503,1368,1.45562328520136
"SPAG9","down",0.0011930672262,0.018510757,4.3364661,9043,2.11651983141942
"NDRG3","up",0.0011984883454,0.018566521,8.6637671,57446,3.11499446083737
"EIF3M","up",0.0011998916424,0.018574103,3.5631478,10480,1.83315232795748
"CLEC7A","down",0.0012039237421,0.018604125,63.9478537,64581,5.9988240332229
"PRCP","up",0.0012043491474,0.018604125,17.7202043,5547,4.1473233320138
"MINK1","down",0.0012052327756,0.018604125,6.4685795,50488,2.69344893118107
"C2orf27B","up",0.0012070619085,0.018614213,2.9708628,408029,1.57088198035673
"KCNIP1","up",0.0012094956325,0.018624036,4.2926589,30820,2.10187153900295
"AZI2","up",0.0012095541296,0.018624036,3.3256371,64343,1.73363074752028
"FAHD2B","up",0.0012104478098,0.018624036,4.1678723,151313,2.05931107536617
"CENPE","down",0.0012140003245,0.01864387,4.2653915,1062,2.09267816573744
"TCIRG1","up",0.0012144887432,0.01864387,4.1995913,10312,2.07024893309298
"C1orf88","up",0.0012172262646,0.018668736,4.5745695,128344,2.19363598177083
"CSTF2T","up",0.0012179455979,0.018668736,6.5530521,23283,2.71216700191161
"ANAPC13","up",0.0012224397932,0.018709404,2.5468324,25847,1.34870402296325
"RSPRY1","down",0.0012284264667,0.01876487,4.0253816,89970,2.00912555498675
"ATF5","up",0.0012285329689,0.01876487,4.8925292,22809,2.2905804612904
"JOSD1","up",0.001230051449,0.01876487,2.9948774,9929,1.58249694524035
"ASTN1","up",0.0012302193351,0.01876487,5.8462577,460,2.54751342379294
"RYBP","down",0.0012351321576,0.018790465,12.7619419,23429,3.67377596602314
"MOV10L1","up",0.0012365604668,0.018798124,3.903276,54456,1.96468547911127
"FOXP2","up",0.0012382710345,0.018810059,5.0006193,93986,2.32210677602963
"ME2","up",0.0012397585256,0.01881859,2.1903408,4200,1.13115535942366
"AMPD2","up",0.0012422965203,0.018831914,2.6066135,271,1.3821766806982
"UTP14C","down",0.0012434159183,0.018831914,3.1158248,9724,1.6396141142477
"ORC2","up",0.0012513118928,0.018906274,7.7582409,4999,2.95572957347689
"ATRN","down",0.0012526014625,0.018906274,38.2950425,8455,5.25908573446349
"AGPAT4","up",0.0012529876519,0.018906274,2.7925389,56895,1.48157737755593
"PAQR8","up",0.0012534855883,0.018906274,4.7318027,85315,2.24238991947951
"UBE2J2","down",0.001253906886,0.018906274,2.0259249,118424,1.01858069516288
"CORO7","up",0.0012560840342,0.018912381,3.4260511,79585,1.77654666956751
"GLA","down",0.001256172889,0.018912381,3.3354614,2717,1.73788634565239
"EIF4A2","up",0.0012574641016,0.018917807,3.7718209,1974,1.91526117314548
"LPCAT4","up",0.0012592980016,0.018931385,4.4971029,254531,2.16899589526361
"SLA","down",0.001260462049,0.018934879,3.9260448,6503,1.9730766354554
"KIF2A","up",0.0012630282127,0.018944901,8.4970359,3796,3.08695966029112
"FARP1","up",0.0012650541138,0.018944901,7.8396892,10160,2.97079646065341
"SEMA3D","up",0.0012665636058,0.018944901,3.3959567,223117,1.76381806398709
"BET1","up",0.0012688398063,0.018944901,5.3400065,10282,2.41684149800123
"HMSD","up",0.0012690696357,0.018944901,3.632469,284293,1.8609504857488
"GLRX2","up",0.0012692455849,0.018944901,3.9652647,51022,1.98741717579832
"FCER1G","up",0.0012702006737,0.018944901,3.596992,2207,1.84679095080686
"FBXO46","up",0.0012719851579,0.018944901,2.1183517,23403,1.08294213310894
"CCRN4L","down",0.0012720845198,0.018944901,7.5733512,25819,2.9209318325459
"MDFI","up",0.0012722254909,0.018944901,2.2604761,4188,1.17662666413167
"ANKFY1","down",0.0012733965456,0.018944901,34.9378946,51479,5.1267207672045
"GORAB","up",0.0012741077905,0.018944901,5.735801,92344,2.51999497151308
"ACTR3B","up",0.0012757044061,0.018944901,2.4892445,57180,1.31570794249792
"SLC11A2","up",0.0012760428045,0.018944901,4.0558542,4891,2.02000579121757
"RAB3C","up",0.0012797216158,0.018967473,5.3495584,115827,2.41941980358387
"ZNF276","down",0.0012806314907,0.018967473,169.3546825,92822,7.40390406633893
"B3GALNT1","up",0.0012809029092,0.018967473,2.534849,8706,1.34189980898815
"BLVRA","up",0.0012812959883,0.018967473,4.826394,644,2.27094569397142
"BCAM","up",0.0012848948645,0.018990912,4.127684,4059,2.04533252766932
"MSL3","up",0.0012849802228,0.018990912,6.0180281,10943,2.58929084306806
"PER2","down",0.0012858637382,0.018990912,2.4946146,8864,1.3188169467783
"TCTN3","up",0.001286803029,0.018990912,2.4421727,26123,1.2881652251508
"CXorf36","up",0.0012875511078,0.018990912,2.9848299,79742,1.57764871727941
"TOR2A","up",0.0012917164856,0.019024737,6.3964071,27433,2.67726176221735
"LCN15","down",0.0012940028138,0.019038693,6.5076583,389812,2.70213850088175
"PABPC4L","up",0.0012952802922,0.019038693,4.5908038,132430,2.19874677602425
"TMTC4","down",0.0012954741466,0.019038693,2.3875369,84899,1.25552303054551
"ZDHHC21","up",0.0012966782972,0.01904262,14.068443,340481,3.81439076457941
"SLC30A5","up",0.0012986353642,0.019044574,5.9914243,64924,2.5828990057331
"PDLIM5","down",0.0012986853603,0.019044574,2.519849,10611,1.33333728393226
"LRRC19","down",0.0013021198945,0.019057903,2.9864944,64922,1.57845301657287
"HMBOX1","down",0.0013029224127,0.019057903,4.4056753,79618,2.13936317176563
"TOR3A","up",0.0013036801876,0.019057903,2.7461324,64222,1.45740118419538
"RPL34","up",0.0013038524646,0.019057903,3.1827665,6164,1.6702813191954
"MPLKIP","up",0.001304282595,0.019057903,3.3148467,136647,1.72894215230958
"DMRT2","up",0.0013070514275,0.019084305,3.8942052,10655,1.96132890697102
"RHOA","up",0.0013079673812,0.019084305,2.1289799,387,1.09016232916681
"KBTBD7","up",0.0013110365355,0.019115364,3.569799,84078,1.83584284459979
"FEZ2","up",0.0013157892741,0.019156682,4.0232551,9637,2.00836321691878
"BOD1L2","up",0.0013186737461,0.019156682,4.7299596,284257,2.24182786112734
"SLMO1","down",0.001318929784,0.019156682,4.4161735,10650,2.14279685297491
"PCGF1","up",0.0013200988338,0.019156682,10.3985036,84759,3.37830402669732
"NOD1","up",0.0013204679719,0.019156682,7.4389857,10392,2.8951059243794
"FAM196B","up",0.001323129859,0.019167433,2.5394495,100131897,1.34451578451822
"NNAT","up",0.0013242493348,0.019167433,2.6323354,4826,1.39634332231348
"ANKRD12","down",0.0013242919185,0.019167433,6.5993468,23253,2.72232323431401
"TFPI","up",0.001324981192,0.019167433,8.2918066,7035,3.05168646708954
"METTL13","up",0.0013280982168,0.019193126,3.4326101,51603,1.7793059951507
"C2CD2","up",0.0013291470976,0.019193126,5.3988539,25966,2.43265317611345
"WDR19","up",0.0013295902302,0.019193126,2.2191569,57728,1.15001167332567
"RWDD3","up",0.0013311888836,0.019202565,5.2796306,25950,2.40043699204746
"ERCC1","down",0.0013334074618,0.01920784,19.2828091,2067,4.26924333211033
"MT1F","up",0.0013334446129,0.01920784,3.6828803,4494,1.88083450790756
"ARHGEF5","up",0.0013381945372,0.019262609,2.4656247,7984,1.30195321958905
"SLC34A3","up",0.001342339167,0.019297027,2.2562868,142680,1.17395046252371
"ATRNL1","down",0.0013434338486,0.019297027,3.6517222,26033,1.86857701835433
"KHDC1L","up",0.0013472840683,0.019324654,2.6663977,100129128,1.41489197811134
"RECK","up",0.001348796869,0.019324654,2.848611,8434,1.51025862387733
"FAM53A","up",0.0013490811332,0.019324654,2.5334072,152877,1.34107898317194
"TXNIP","up",0.0013501241036,0.019324654,23.0109137,10628,4.52424636503292
"ALG9","up",0.0013505027935,0.019324654,4.488206,79796,2.16613889438654
"FURIN","down",0.0013535128371,0.019324654,3.2137535,5045,1.68425927625454
"THEMIS","up",0.0013539053359,0.019324654,2.990977,387357,1.5806168164708
"COPA","down",0.0013545349184,0.019324654,4.014937,1314,2.00537735000892
"FCRL1","down",0.00135548165,0.019324654,3.3663725,115350,1.75119482437104
"AP5Z1","up",0.0013558158327,0.019324654,3.5436581,9907,1.82523941618723
"CREB1","down",0.0013601908462,0.019337558,4.6079367,1385,2.20412089837238
"FCER1A","up",0.0013614782694,0.019337558,9.4454258,2205,3.23961583480336
"FAM110C","down",0.0013625048422,0.019338625,2.8967223,642273,1.53442138443015
"VPS51","up",0.0013670462743,0.019381045,10.9310653,738,3.45036210231386
"SLC26A4","up",0.0013676168542,0.019381045,2.5563262,5172,1.35407194312965
"CCDC57","up",0.0013683542378,0.019381045,3.0099068,284001,1.58971881547019
"MAGEA1","up",0.0013715975003,0.019386453,2.5299983,4100,1.33913641551943
"SAA1","down",0.0013741818532,0.019409483,14.6335849,6288,3.87121133558034
"BRPF3","up",0.0013754751396,0.019414258,6.1535554,27154,2.62142021140199
"CYP1B1","down",0.0013804968835,0.019471616,5.0387576,1545,2.33306805410693
"SELM","up",0.0013826221867,0.019488069,10.4891895,140606,3.39083130001841
"COL21A1","down",0.0013871341112,0.019524585,3.9210967,81578,1.97125722127052
"SRBD1","down",0.0013884398387,0.019529439,23.2538948,55133,4.53940046865876
"KDELR2","up",0.0013916696811,0.019547814,4.6425164,11014,2.21490700658652
"SIGMAR1","up",0.0013930544965,0.019551858,4.538886,10280,2.18233825357652
"PDE9A","up",0.0013938815707,0.019551858,2.3470482,5152,1.23084746997652
"KLHDC8B","up",0.0013957307596,0.019564295,6.9996688,200942,2.80728666035735
"CHD2","down",0.0014007709626,0.019600173,3.6080803,1106,1.85123144699757
"CRBN","up",0.0014011313501,0.019600173,2.2427078,51185,1.16524166547467
"DGUOK","up",0.0014011833086,0.019600173,2.3159868,1716,1.21162703068949
"IFIT1","up",0.0014053461981,0.019644884,5.8025062,3434,2.53667615909573
"CIB3","up",0.001408391647,0.019670024,3.3056782,117286,1.72494628849571
"PPM1B","down",0.0014090802055,0.019670024,11.4861919,5495,3.52182866505545
"ANKHD1","up",0.0014101197795,0.019671026,4.0149982,54882,2.00539934095513
"FAM104B","up",0.0014130440586,0.019685651,7.1525301,90736,2.8384536638563
"ATP2A2","up",0.0014131052468,0.019685651,11.0932657,488,3.47161223186047
"LONRF1","down",0.001417757672,0.019711193,11.9336996,91694,3.57696946123629
"DUSP13","up",0.0014213182913,0.019711193,3.0989744,51207,1.63179083716176
"CCL14","up",0.0014214665996,0.019711193,3.2874539,6358,1.71697066361933
"SERINC4","up",0.0014221511274,0.019711193,2.8123227,619189,1.49176214596751
"CDK2","up",0.0014227080765,0.019711193,5.422738,1017,2.43902146811602
"WDR52","down",0.0014227294184,0.019711193,5.0897873,55779,2.3476053679617
"SH2D3C","down",0.0014227870783,0.019711193,2.0288375,10044,1.02065331687744
"CELF6","up",0.0014238440105,0.019711193,2.0033258,60677,1.00239706509563
"MINA","up",0.0014266571458,0.019725719,7.6065068,84864,2.92723406485448
"UBD","up",0.0014277308054,0.019727144,5.5966734,10537,2.4845695601423
"DENND4A","down",0.001428858007,0.019729306,2.7481546,10260,1.45846316659398
"KCNK16","up",0.0014323015348,0.019756409,3.7101444,83795,1.89147533808862
"PRRT4","down",0.001435536023,0.019777131,4.618613,401399,2.20745966582941
"GAS1","up",0.0014371868184,0.019777131,2.534009,2619,1.34142164848516
"PSG4","up",0.001438381847,0.019780183,2.769304,5672,1.46952343406564
"SLC25A26","up",0.0014468424183,0.01985233,5.2176097,115286,2.38338902829977
"TSHR","up",0.0014470934109,0.01985233,3.6414868,7253,1.86452761554245
"MRPS27","up",0.0014480433066,0.01985233,4.9657873,23107,2.31202246775579
"SCAMP3","up",0.0014490137573,0.01985233,4.6019341,10067,2.20224032422173
"DCP1A","up",0.0014491990406,0.01985233,2.4426959,55802,1.28847426848853
"NDUFB4","up",0.0014494886871,0.01985233,7.8524994,4710,2.97315192764266
"GRIN1","down",0.0014534705627,0.019875586,3.91101,2902,1.96754122487985
"KDM5A","down",0.0014538521169,0.019875586,4.7184685,5927,2.23831867187753
"KIR2DL3","down",0.0014541203943,0.019875586,14.6629556,3804,3.87410403053409
"RPL41","up",0.0014685668072,0.02005524,5.9074131,6171,2.56252650183413
"YY1AP1","up",0.0014709893253,0.02005524,3.7562078,55249,1.90927687761811
"CAPN14","down",0.0014720561466,0.02005524,5.8983878,440854,2.56032067807014
"ASB2","up",0.0014721977061,0.02005524,8.2908292,51676,3.05151639881431
"GRP","up",0.0014774531426,0.020110841,2.995124,2922,1.5826157327242
"ZNF581","up",0.0014782581039,0.020110841,2.850801,51545,1.5113673355462
"CRTAP","up",0.0014834810048,0.020144838,5.573623,10491,2.47861542181299
"TRAM1L1","up",0.0014835640695,0.020144838,6.2341065,133022,2.6401828013716
"IGBP1","up",0.00148483803,0.020144838,2.7883932,3476,1.47943401446749
"C19orf81","up",0.0014853188095,0.020144838,3.8507143,342918,1.945126087751
"C7orf10","up",0.0014863569552,0.020144838,3.3949261,79783,1.76338017054544
"MGAT2","up",0.001486703888,0.020144838,2.3006529,4247,1.20204334026707
"COL4A3BP","down",0.0014903622809,0.020180955,2.4929881,10087,1.31787599630235
"GALNT10","up",0.0014918737835,0.020187972,3.3930209,55568,1.7625703166488
"ARL17A","up",0.0014943772466,0.020208395,4.2407212,51326,2.08430963818101
"UCP3","up",0.0014986514173,0.020225823,5.3776432,7352,2.42697403734785
"WDR46","up",0.0015063028396,0.020302125,3.3393804,9277,1.73958044498368
"FOXJ3","down",0.0015082465718,0.020314852,4.7694484,22887,2.25382242417618
"PVRIG","up",0.0015097858979,0.020322118,4.4606842,79037,2.15726501423544
"CLDN8","up",0.0015156069504,0.02038158,23.684959,9073,4.56589926942234
"HESX1","up",0.0015162090217,0.02038158,9.5811567,8820,3.26019983807185
"TERF2IP","up",0.0015208270584,0.020430145,2.5760967,54386,1.36518674950533
"HOXD8","up",0.0015242383037,0.020462446,4.4578313,3234,2.15634202098112
"RAB26","up",0.0015266584554,0.020473086,4.1449308,25837,2.05134801599601
"PIK3C2A","down",0.0015287787715,0.020473086,4.5092903,5286,2.17290039107741
"ARHGEF3","up",0.0015304573423,0.020473086,4.1953335,50650,2.06878549950229
"P4HTM","up",0.0015318141805,0.020473086,2.2176234,54681,1.14901438575057
"MEI1","up",0.0015322549975,0.020473086,7.3672786,150365,2.88113180041457
"MPPE1","up",0.0015341753463,0.020473086,2.8804326,65258,1.52628550021138
"EIF1B","up",0.0015342276401,0.020473086,2.4449811,10289,1.28982331301323
"COA1","up",0.001536065585,0.020473086,10.5947921,55744,3.40528337308902
"MCRS1","up",0.0015361110347,0.020473086,5.9881192,10445,2.58210294008992
"ORC4","up",0.0015385336463,0.020481932,4.6681483,5000,2.22285039400929
"GPR137","up",0.0015398551631,0.020482694,6.6899032,56834,2.74198533584576
"PLA2G15","up",0.0015459573496,0.020549674,3.1910994,23659,1.67405354802606
"PUSL1","up",0.0015486346209,0.020549674,4.56008,126789,2.18905913460731
"ST7L","up",0.0015488668724,0.020549674,4.2418297,54879,2.08468670104353
"TGFB1I1","up",0.0015489348012,0.020549674,3.1774153,7041,1.6678536679844
"C14orf183","up",0.0015504832244,0.020556798,8.3316194,196913,3.05859693656123
"TAS2R40","up",0.0015552412702,0.02060644,18.4766696,259286,4.2076328308316
"SEP15","up",0.0015579116069,0.020613175,4.1679125,9403,2.05932499039446
"MRPL18","up",0.0015586534919,0.020613175,3.7676937,29074,1.91368168377955
"FICD","down",0.0015587921177,0.020613175,3.9510584,11153,1.98223917073161
"LPPR2","up",0.0015609419144,0.020626095,2.8322416,64748,1.50194433754484
"ZMYM6NB","up",0.0015617987546,0.020626095,2.4850628,100506144,1.31328231058183
"ATG16L1","up",0.0015648022517,0.020652341,2.4125133,55054,1.27053689586928
"SBF1","up",0.0015701140637,0.02069557,2.451859,6305,1.29387601579471
"RND1","down",0.0015739016849,0.020732049,3.4837538,27289,1.80064267098912
"ATP13A2","up",0.0015761659993,0.020748429,6.4249582,23400,2.68368706833782
"TGIF1","up",0.0015783388916,0.020758869,3.8138701,7050,1.93125570645159
"PCBP3","up",0.0015790017683,0.020758869,3.0870228,54039,1.62621613838727
"MST1R","down",0.0015813548297,0.020764518,13.452979,4486,3.74985377046814
"FOXD3","up",0.0015840031184,0.020764518,24.9913102,27022,4.64335463334652
"AUP1","up",0.0015840279596,0.020764518,3.2710058,550,1.70973431754476
"ZNF674","up",0.0015842554219,0.020764518,3.3346252,641339,1.73752461673586
"MYO9B","up",0.0015845396113,0.020764518,2.8943532,4650,1.53324098572458
"EBF4","up",0.0015885216805,0.020768521,3.1578058,57593,1.65892245049143
"CST11","down",0.0015913622117,0.020768521,4.2664573,140880,2.093038609158
"UVRAG","up",0.0015921751322,0.020768521,2.4587545,7405,1.29792769291936
"OTUD7A","down",0.0015924048528,0.020768521,4.4756931,161725,2.16211111355114
"AKR1D1","down",0.0015925956141,0.020768521,4.9318718,6718,2.30213529854284
"C17orf61","up",0.0015932317986,0.020768521,3.9173988,254863,1.96989600536181
"HGFAC","up",0.0015938740586,0.020768521,3.9502506,3083,1.98194417934269
"ZNF678","down",0.0015944153994,0.020768521,140.171843,339500,7.13105276705508
"ARSA","up",0.0015944307136,0.020768521,4.9023335,410,2.29346863239531
"CORT","down",0.0015950632556,0.020768521,2.558114,1325,1.3550805580311
"C4orf33","up",0.0015981154674,0.020787602,12.1639774,132321,3.60454313592328
"ERBB2","down",0.0015995806627,0.020787602,22.9025817,2064,4.51743833058297
"CD300LB","up",0.0015999678552,0.020787602,2.7791706,124599,1.47465439740988
"TSPAN8","up",0.0016006197615,0.020787602,10.9284703,7103,3.45001957045799
"IRF2BP2","up",0.0016078844608,0.020857406,2.1565072,359948,1.10869653285282
"SNRNP35","up",0.0016081827518,0.020857406,14.3918894,11066,3.84718409968802
"ETV3","down",0.0016090731668,0.020857406,3.1338433,2117,1.64793304325502
"OR52I1","up",0.0016106841917,0.020864982,2.2068424,390037,1.14198360430854
"KHDRBS1","down",0.0016149492969,0.020877679,5.0324433,10657,2.33125901254758
"ZBTB9","up",0.001615611961,0.020877679,4.8109061,221504,2.26630864095279
"APBB2","up",0.0016159040704,0.020877679,2.7605321,323,1.46494637716374
"MRPL52","up",0.0016166469481,0.020877679,2.7422321,122704,1.45535068466488
"ALAS1","down",0.0016176325641,0.020877679,3.2396045,211,1.69581769560477
"MYEOV","up",0.0016186736757,0.020877679,2.4871089,26579,1.31446967846367
"SLC24A1","up",0.0016188547073,0.020877679,2.9757891,9187,1.57327228344669
"ANTXR1","down",0.0016229122208,0.020915082,3.7357463,84168,1.90139648284206
"WDR44","up",0.0016238463718,0.020915082,9.3744126,54521,3.22872829416343
"MTRNR2L2","up",0.0016252025283,0.020915082,9.3418827,100462981,3.22371333026006
"ACD","up",0.0016279094808,0.020915082,2.466369,65057,1.30238866131602
"NR2C1","up",0.0016279291301,0.020915082,9.8465969,7181,3.2996251982939
"AMY1A","up",0.0016310482886,0.020930517,2.8366169,276,1.50417132023132
"PARL","down",0.001631901439,0.020930517,4.6677835,55486,2.22273764786622
"MFSD7","up",0.0016322198875,0.020930517,2.3304032,84179,1.22057958763319
"GRAMD1B","up",0.0016350904589,0.020949431,2.4430462,57476,1.28868114640527
"RNF166","up",0.0016359064853,0.020949431,4.050866,115992,2.01823036240452
"DBI","up",0.0016389582139,0.020949431,3.3206874,1622,1.73148191805399
"VWA5B1","up",0.0016395411633,0.020949431,2.1839431,127731,1.12693526907041
"IGLL1","up",0.0016396623365,0.020949431,5.4432247,3543,2.4444615927201
"MYO9A","down",0.001642817977,0.020973791,9.7500014,4649,3.28540242601844
"NDUFV1","up",0.0016470557971,0.020980356,4.1393167,4723,2.04939263369509
"ZNF680","up",0.0016474611784,0.020980356,2.5358286,340252,1.34245723511189
"EGFL8","up",0.0016493178539,0.020990849,6.6464469,80864,2.73258330156703
"NDRG2","down",0.0016537385684,0.02103394,2.5332535,57447,1.34099145324208
"TMEM8B","up",0.0016583550016,0.021079466,3.554905,51754,1.82981100629752
"ME1","up",0.0016594255618,0.02107989,13.7805984,4199,3.78456663096791
"ZBTB49","up",0.0016611072406,0.02108785,3.7919141,166793,1.9229262825622
"ZGPAT","up",0.0016621272193,0.02108785,3.3492495,84619,1.74383785260634
"TMEM171","up",0.0016661313403,0.021125464,2.845203,134285,1.50853158984127
"ZNF330","down",0.0016718675618,0.02118498,2.3747459,27309,1.2477731520028
"NRG1","up",0.0016748463142,0.021196296,2.3927331,3084,1.25865947887335
"SF3B2","up",0.0016797009789,0.02123156,3.4374765,10992,1.78134985070303
"WWOX","down",0.0016797219201,0.02123156,2.9161481,51741,1.54406399048443
"CDCA5","up",0.0016819776548,0.021246859,11.5996344,113130,3.53600742975581
"TMC4","up",0.0016868434089,0.021295088,5.7896287,147798,2.53347082837942
"SLC25A31","down",0.0016937045961,0.021366487,2.4806316,83447,1.310707495683
"EI24","up",0.0016946015808,0.021366487,2.4123145,9538,1.27041800757474
"SCML4","up",0.0016964803812,0.021376915,3.7031637,256380,1.88875832589575
"PIP5K1C","down",0.001697786746,0.021380121,2.5470844,23396,1.34884676544016
"SIPA1L1","down",0.001701426569,0.021385783,14.4035135,26037,3.84834887118949
"XRCC3","up",0.001701777607,0.021385783,5.9251594,7517,2.56685396624654
"GSTM3","up",0.0017026327302,0.021385783,3.8270551,2947,1.93623467234806
"GALK2","up",0.0017083028526,0.021415085,3.4880543,2585,1.8024224993267
"SLC3A2","up",0.0017093821514,0.021415085,5.0948884,6520,2.349050545502
"TMPRSS4","up",0.0017104908357,0.021415085,4.026979,56649,2.00969794889781
"BTBD7","down",0.001711213388,0.021415085,3.3665716,55727,1.75128014828832
"PPP6C","up",0.0017112932041,0.021415085,33.5918055,5537,5.07003743484482
"TNFSF4","up",0.0017121531906,0.021415085,4.5170795,7292,2.17539030524022
"ZNF415","down",0.0017135822684,0.021419778,62.534344,55786,5.96657683362336
"CARS","up",0.0017195148033,0.02146753,4.3228478,833,2.11198204232897
"ATXN3L","down",0.001721028391,0.021473236,10.153479,92552,3.34390223373305
"UTP6","up",0.001722781885,0.021481927,2.9911149,55813,1.5806833308773
"OSBPL1A","down",0.0017280026191,0.021533816,8.4256277,114876,3.07478416949259
"SCYL3","up",0.0017304863104,0.021546637,7.7974952,57147,2.96301075950217
"PPP1R36","up",0.0017311517203,0.021546637,3.2359082,145376,1.69417068030085
"PPP4C","up",0.0017338262579,0.021559142,8.5051273,5531,3.08833282950468
"SYNPO","up",0.0017342778516,0.021559142,2.9804902,11346,1.5755496296635
"E2F5","up",0.0017382045489,0.021594748,3.8905081,1875,1.95995858335572
"BEX1","down",0.0017435620191,0.021634858,4.6778326,55859,2.2258402346123
"HEPACAM","up",0.001745554934,0.021646372,3.2635446,220296,1.7064397554837
"CSTA","up",0.0017509471548,0.021700001,189.111825,1475,7.56309576636477
"ZDHHC12","up",0.0017527730857,0.021709392,9.3460121,84885,3.22435090501768
"IRF9","up",0.0017573605867,0.021736478,7.1312587,10379,2.83415674146291
"MEF2D","down",0.0017576113121,0.021736478,93.8630911,4209,6.55248606687947
"PSMA1","up",0.0017639488426,0.021736478,4.3444629,5682,2.11917782965127
"SLC35B2","up",0.0017646259707,0.021736478,2.8516007,347734,1.51177198021785
"MYO18B","up",0.0017646610693,0.021736478,4.3305812,84700,2.11456065961454
"KCTD13","up",0.001765608274,0.021736478,5.6828668,253980,2.50661890063796
"PAICS","up",0.0017656546469,0.021736478,7.5352889,10606,2.91366282524146
"MCCD1","up",0.0017667238597,0.021736478,6.8133164,401250,2.76835720487427
"BDKRB1","up",0.0017700078722,0.021745511,4.4567592,623,2.15599501382228
"PRKACG","down",0.0017704035413,0.021745511,4.0007958,5568,2.00028699563044
"CTAGE5","up",0.0017706676458,0.021745511,2.6004391,4253,1.37875525167886
"RGPD2","up",0.0017756481202,0.021785702,3.1882054,729857,1.67274457789039
"PRRT2","up",0.0017760840337,0.021785702,4.459525,112476,2.15689005170635
"ASMT","up",0.0017850473059,0.02186925,4.4749454,438,2.16187007977806
"TSPAN15","up",0.0017889214,0.021903511,16.8935583,23555,4.07840133072859
"C5orf45","up",0.001795456861,0.021969592,6.3954396,51149,2.67704352829266
"CPEB2","up",0.0017964802564,0.021969592,3.1612029,132864,1.66047363677024
"PDZD9","down",0.0018027311563,0.021976596,3.9747224,255762,1.99085410413826
"HSD11B2","up",0.001802981662,0.021976596,3.4124147,3291,1.77079298349035
"LYRM2","up",0.0018032325149,0.021976596,2.5579758,57226,1.35500261551543
"SLC29A1","up",0.0018036967276,0.021976596,8.3048691,2030,3.05395742884158
"FSD1","up",0.001803713246,0.021976596,3.0051733,79187,1.5874481895526
"TMEM106B","up",0.0018048848275,0.021976596,5.0811646,54664,2.34515919976983
"RPAIN","up",0.0018067843764,0.021976596,2.2654877,84268,1.17982165805626
"TIAL1","up",0.0018088954078,0.021989114,7.9337575,7073,2.98800430132815
"PHACTR4","down",0.0018104969395,0.021995428,3.6033557,65979,1.84934107233006
"PHF12","up",0.0018117253093,0.021997202,5.8786145,57649,2.55547617385239
"EFS","down",0.0018129131528,0.021998483,2.0657218,10278,1.04664597308706
"EEF1E1","down",0.001814657476,0.022002856,97.6333187,9521,6.60930166603897
"COG1","up",0.0018164132174,0.022002856,2.0384746,9382,1.02748998052902
"INF2","up",0.0018165211545,0.022002856,2.8772678,64423,1.5246995053148
"NRG4","up",0.0018178773362,0.022006168,5.0358434,145957,2.33223342015856
"CYP2W1","down",0.0018217867428,0.022040366,9.3108615,54905,3.21891466126165
"C2orf43","up",0.0018256950621,0.022057334,4.6796377,60526,2.22639683992701
"SLC19A1","up",0.0018262222646,0.022057334,3.7422315,6573,1.90389880859777
"RIPK1","up",0.0018264449026,0.022057334,3.2080671,8737,1.68170431754871
"PURG","up",0.0018283585261,0.022063043,8.0633876,29942,3.01138607286653
"GPBAR1","up",0.0018296845056,0.022063043,3.6234258,151306,1.85735435132056
"POGZ","down",0.0018312039625,0.022063043,5.9608741,23126,2.57552390237705
"PHC2","up",0.0018379813996,0.022117805,19.0659917,1912,4.25292966835698
"XKRY2","up",0.0018394432222,0.022122298,8.0925232,353515,3.01658959642172
"PAX1","down",0.0018412113813,0.022130468,2.9177719,5075,1.54486710340607
"C9orf69","down",0.0018429464747,0.022138231,56.8161578,90120,5.82822936727527
"SIAH1","up",0.0018446765214,0.022145925,3.0155423,6477,1.59241747249597
"DDX21","down",0.0018465393818,0.022155202,8.5980039,9188,3.10400176471868
"NOX5","up",0.0018490500812,0.022172238,5.9472709,79400,2.57222779240914
"VOPP1","up",0.001853049636,0.022180939,2.4653848,81552,1.30181284162361
"PBXIP1","up",0.0018544229809,0.022184313,3.2798468,57326,1.71362842885492
"C2orf18","up",0.0018595092541,0.022219004,2.3693882,54978,1.24451458875661
"OR10A4","up",0.0018628939127,0.022227079,2.5307506,283297,1.33956533997654
"ZBTB38","down",0.0018633036332,0.022227079,9.6483996,253461,3.27028965941461
"BTNL9","down",0.0018650850805,0.022227079,4.1182893,153579,2.04204517941536
"C17orf72","up",0.0018658138446,0.022227079,7.0266888,92340,2.81284500548668
"KCNC3","up",0.0018675312557,0.022227079,6.175212,3748,2.62648866642987
"TMEM219","up",0.0018691913736,0.022230143,17.7908615,124446,4.15306446786932
"MLC1","up",0.0018726847497,0.022258665,4.7126456,23209,2.23653719199467
"TM2D2","up",0.0018840724393,0.022380931,4.7942298,83877,2.26129906279904
"TMEFF2","up",0.0018859427692,0.022381536,3.46533,23671,1.79299274534777
"C17orf89","down",0.0018863257305,0.022381536,5.0274111,284184,2.32981566549669
"CHEK2","up",0.0018879007763,0.022387155,2.6758377,11200,1.41999061354812
"AKNAD1","up",0.0018913645151,0.022415151,4.3133324,254268,2.10880289932147
"SRM","up",0.0018950891878,0.022435103,2.6073074,6723,1.38256068579302
"NUP133","up",0.0018952556909,0.022435103,4.2181789,55746,2.07662028353121
"IFITM1","down",0.0018972667649,0.022445836,3.559904,8519,1.83183833653118
"LRRC3B","down",0.0019037795614,0.022509785,19.2183708,116135,4.26441413451699
"CCNL2","up",0.0019107999735,0.022575139,7.553684,81669,2.91718043149206
"ARAF","up",0.0019115284171,0.022575139,4.637516,369,2.21335225921718
"RNF144A","up",0.0019141368541,0.022592817,2.0325262,9781,1.02327394928257
"LDHA","up",0.0019185209045,0.02263142,9.8772585,3939,3.30411066759002
"C10orf71","up",0.0019230872113,0.022662538,4.354039,118461,2.12235433009263
"NCAM1","down",0.0019255571822,0.022662538,4.2380136,4684,2.08338821739887
"CCT3","up",0.0019256743532,0.022662538,6.8292376,7203,2.7717245284286
"SPEF2","down",0.0019404020526,0.02278375,5.3494612,79925,2.41939358997492
"AQP10","down",0.001950712863,0.022850981,9.3736483,89872,3.22861066580429
"CARD9","down",0.0019514328545,0.022850981,3.6607792,64170,1.87215076007474
"PGAP3","up",0.0019520862869,0.022850981,3.0285205,93210,1.598613177
"DYSF","up",0.0019523256423,0.022850981,4.1360298,8291,2.04824658027503
"DNAJC15","up",0.0019523932105,0.022850981,2.3641054,29103,1.24129435728684
"RAD9A","up",0.0019538898961,0.022850981,2.8080216,5883,1.48955403325395
"ZBTB16","down",0.0019547820191,0.022850981,16.8946173,7704,4.07849176556395
"TMEM107","up",0.0019555581741,0.022850981,3.8474632,84314,1.94390752761095
"CDHR2","up",0.0019565362841,0.022850981,5.4036575,54825,2.43393623522787
"IL17RC","up",0.0019602471528,0.022850981,3.250168,84818,1.70051429244961
"TRIM32","up",0.0019614263856,0.022850981,7.8033065,22954,2.96408556761013
"CLCN6","up",0.0019626732768,0.022850981,3.0007614,1185,1.5853286102652
"TMEM39B","up",0.0019634040148,0.022850981,3.084699,55116,1.62512972036549
"FAHD2A","up",0.0019649901344,0.022850981,5.8998722,51011,2.56068370389428
"BUB1","up",0.0019652405931,0.022850981,2.1058587,699,1.07440863691053
"CYP2C8","up",0.0019677753139,0.022867372,5.9915933,1558,2.58293969923286
"CBX1","down",0.0019696304315,0.022875851,9.6346737,10951,3.26823580722019
"RALGAPA2","down",0.0019709851571,0.022878511,7.8933167,57186,2.98063163499124
"SUPT3H","up",0.0019726116716,0.022884322,2.4372594,8464,1.28525980673536
"CCDC116","down",0.0019748686318,0.022888841,2.5571747,164592,1.35455072538758
"TXLNG","down",0.0019752535289,0.022888841,7.0517743,55787,2.81798630031301
"UBE2V2","up",0.0019767223037,0.02289281,7.9383793,7336,2.9888444967237
"DUSP23","up",0.0019800060751,0.022900617,2.3971327,54935,1.26130977562569
"MED22","down",0.0019806700319,0.022900617,6.0492851,6837,2.59676465583742
"ZC3HC1","up",0.0019811853958,0.022900617,2.7375225,51530,1.45287082243254
"NOL7","down",0.0019819033431,0.022900617,2.6693587,51406,1.41649318331426
"MDH2","up",0.0019836686748,0.022907667,2.0072011,4191,1.00518516649549
"MYO1D","down",0.0019869284913,0.022919592,27.97369,4642,4.80599866666972
"TNNT1","up",0.0019933120696,0.022972335,2.4189082,7138,1.27435601862837
"GCNT4","down",0.0019937613451,0.022972335,3.2185276,51301,1.68640084051529
"AADACL3","up",0.0019949191548,0.022972653,9.2649329,126767,3.21178052777032
"HRASLS5","up",0.0019994154659,0.023011393,3.7810798,117245,1.91879829784389
"AAMP","up",0.0020037295652,0.023036126,4.0700598,14,2.02504999167325
"GOPC","down",0.002005339575,0.023036126,8.4807902,57120,3.08419869456547
"ANGPT4","down",0.0020071058706,0.023036126,2.3952908,51378,1.26020081681741
"OSTC","up",0.0020083648414,0.023036126,4.5714862,58505,2.19266326480212
"CCDC104","up",0.0020140640674,0.023050564,4.8313649,112942,2.27243081976226
"COMMD4","up",0.0020159942209,0.023050564,5.7946175,54939,2.53471343274757
"MAGI3","up",0.0020162056243,0.023050564,2.7114091,260425,1.43904280480732
"CTBP1","up",0.0020171919176,0.023050564,4.0448725,1487,2.01609422762021
"ZNF644","down",0.0020176035787,0.023050564,3.0638041,84146,1.61532405411867
"STMN2","down",0.0020180481602,0.023050564,2.5293147,11075,1.33874654980606
"TTC30A","up",0.0020181538754,0.023050564,5.4639469,92104,2.44994346322557
"PPT2","down",0.0020214927217,0.023050564,58.8955557,9374,5.88008686626937
"SP1","down",0.0020242098751,0.023050564,2.6120943,6667,1.38520698099101
"AMN1","up",0.0020245307574,0.023050564,10.3144741,196394,3.36659835986709
"PNO1","up",0.0020263402948,0.023050564,2.2311206,56902,1.15776849848545
"XRCC6","up",0.0020273947603,0.023050564,8.5062939,2547,3.08853070221826
"TEAD3","down",0.0020278172699,0.023050564,3.578851,7005,1.83949648059816
"FAF1","up",0.0020280526483,0.023050564,3.1830954,11124,1.67043039638458
"SNX9","down",0.0020280800798,0.023050564,5.0544692,51429,2.33755959405984
"TFDP2","down",0.0020289032946,0.023050564,3.5650785,7029,1.83393384393813
"EID2B","up",0.0020317866623,0.023070427,6.3066796,126272,2.65688064143285
"MYL12B","up",0.0020379175452,0.023106188,6.3175011,103910,2.65935401037138
"DTX4","down",0.0020391327529,0.023106188,10.4778129,23220,3.38926570034901
"WASF3","down",0.002039483497,0.023106188,115.7714011,10810,6.8551350995187
"GSS","up",0.0020413827811,0.02310914,5.0471424,2937,2.33546679138682
"JAKMIP1","up",0.0020420179435,0.02310914,2.7764459,152789,1.47323928479616
"BRE","up",0.0020435860593,0.023114016,2.3386014,9577,1.2256459842863
"MPHOSPH8","up",0.0020525712114,0.023195786,2.5297179,54737,1.33897651260239
"ABCB11","up",0.0020530980731,0.023195786,4.4441339,8647,2.1519022852139
"TULP3","up",0.0020629243314,0.023269228,2.9404256,7289,1.55602498722864
"IL8","down",0.0020630331838,0.023269228,58.6366184,3576,5.87372999989006
"TBATA","up",0.0020661901069,0.023275912,2.9926124,219793,1.58140543459644
"FST","up",0.0020680348239,0.023275912,2.1213603,10468,1.08498967455921
"DAB2IP","down",0.0020682064686,0.023275912,9.1799449,153090,3.19848549429972
"GDE1","up",0.0020717674102,0.023283663,4.7745338,51573,2.25535987089423
"PSMG2","up",0.0020722518031,0.023283663,7.4783525,56984,2.90272047574492
"TGFBR2","down",0.0020734570179,0.023283663,8.5334889,7048,3.0931357051586
"LCOR","up",0.0020734774661,0.023283663,2.5811512,84458,1.36801465483794
"C10orf128","up",0.0020761539809,0.023294644,3.0066531,170371,1.58815842302329
"POC1A","up",0.0020767475805,0.023294644,2.7077824,25886,1.43711180720891
"MGAT1","up",0.0020803499714,0.02332218,3.1094024,4245,1.63663733360333
"FAM157A","down",0.0020855913788,0.023358149,4.5816933,728262,2.19588088741203
"LYN","down",0.0020865245186,0.023358149,2.6106562,4067,1.38441248016592
"CACUL1","down",0.0020872949116,0.023358149,8.3052945,143384,3.05403132606322
"SRSF11","down",0.0020890216745,0.023358149,3.8492463,9295,1.94457598718408
"ITGAX","down",0.0020893045098,0.023358149,3.6521334,3687,1.86873946302299
"GRIK3","down",0.0020913607986,0.023368284,4.2796162,2899,2.09748142018147
"AXIN1","up",0.0020955391665,0.023402106,3.016645,8312,1.59294492953939
"ZDHHC16","up",0.0020977656707,0.023411872,4.3186088,84287,2.11056663632696
"LPCAT2","up",0.0020987173636,0.023411872,3.9091009,54947,1.9668368233202
"E2F4","up",0.0021021486951,0.023425123,4.0470194,1874,2.01685976480094
"GCFC1","up",0.0021024717713,0.023425123,8.2756047,94104,3.04886473377089
"TARSL2","down",0.0021086746353,0.023460839,2.3262979,123283,1.21803585662768
"LOC100505679","up",0.0021088784062,0.023460839,2.9346578,100505679,1.5531922856094
"BTN3A2","down",0.0021124083745,0.023487254,3.6061831,11118,1.85047264989164
"CLDN15","up",0.0021136094902,0.02348776,2.7424389,24146,1.45545947855046
"NOS3","down",0.0021178067943,0.023489118,174.7000366,4846,7.44873610027687
"KIF3A","down",0.0021194457429,0.023489118,72.1433144,11127,6.17279379966799
"SATL1","up",0.0021195000514,0.023489118,4.7247543,340562,2.24023930724099
"TGS1","up",0.0021195651372,0.023489118,2.600148,96764,1.37859374355727
"MED6","up",0.0021208406078,0.023489118,4.6515014,10001,2.21769646089135
"DRAP1","down",0.0021218214037,0.023489118,3.1300629,10589,1.64619164904488
"FCGR3A","down",0.0021237959229,0.023492486,3.805434,2214,1.92806099878589
"CXCL6","up",0.0021248058779,0.023492486,3.0981663,6372,1.63141458562073
"CNTNAP3B","up",0.0021274642581,0.023492486,3.3805632,728577,1.75726361874417
"GPR35","down",0.0021287247158,0.023492486,3.3563792,2859,1.74690571907174
"VCAN","down",0.0021290033938,0.023492486,8.016867,1462,3.00303854009026
"RNF185","up",0.0021324615086,0.023507365,12.5227601,91445,3.6464806718322
"PQLC3","up",0.0021332984786,0.023507365,3.2071311,130814,1.68128332897571
"EPAS1","down",0.002133878906,0.023507365,6.9689432,2034,2.80093989630678
"LYVE1","up",0.0021362870223,0.02350841,11.6996973,10894,3.54839929910304
"MEMO1","down",0.0021442481577,0.023557753,7.0450276,51072,2.81660535852996
"FAM156B","up",0.0021496572039,0.023604421,3.489648,727866,1.80308151945332
"RPP30","up",0.0021531468222,0.023629973,9.0480151,10556,3.17760133700644
"CTSS","down",0.0021566116299,0.023655225,2.6421704,1520,1.40172351249978
"ZNHIT1","up",0.0021608195175,0.023688596,5.8674557,10467,2.55273504426756
"HSD11B1L","up",0.0021647258304,0.023718627,6.8761679,374875,2.78160477249777
"CEP44","up",0.0021670927266,0.023727556,3.5743752,80817,1.83769108115289
"UROS","down",0.0021689349826,0.023727556,2.5247826,7390,1.33615916790214
"ITGB1","down",0.0021690430258,0.023727556,5.0475905,3688,2.33559487236819
"TMEM30B","down",0.0021717015546,0.023729905,66.6714716,161291,6.05899766610897
"TRIM41","up",0.0021727602628,0.023729905,7.4339925,90933,2.89413723269546
"CADM1","down",0.0021750581666,0.023742243,2.4784397,23705,1.30943215871978
"LOC100288966","down",0.0021781141847,0.02376284,4.4484257,100288966,2.15329485593274
"MRPL1","up",0.0021826746382,0.023792955,4.0679506,65008,2.02430215963598
"ANKS6","up",0.0021834504162,0.023792955,2.3226198,203286,1.21575301228433
"TMEM130","up",0.0021872632726,0.023792955,3.2577318,222865,1.70386783568142
"NFATC1","down",0.0021875922315,0.023792955,4.3209751,4772,2.11135691729422
"HOXB4","up",0.0021893587612,0.023792955,10.513957,3214,3.39423383458512
"DNAJB6","up",0.002189647411,0.023792955,4.1848938,10049,2.06519101198532
"TRPM6","down",0.0021902395695,0.023792955,2.6141457,140803,1.38633955230762
"CIDEA","up",0.002193387691,0.023809894,3.9569618,1149,1.98439313778558
"TOR1B","up",0.0021946816458,0.023809894,4.7455974,27348,2.24658971248708
"LMX1B","down",0.0021953132617,0.023809894,4.2524035,4010,2.08827849711121
"RNF19B","up",0.0022015375999,0.023858205,3.4522321,127544,1.78752946285478
"SWAP70","down",0.002202115211,0.023858205,6.9739172,23075,2.80196923537092
"TFAP4","up",0.0022054668911,0.023881787,10.1814444,7023,3.34787034008269
"LRRC6","down",0.0022159655426,0.023982694,3.7398822,23639,1.90299282836095
"KRT79","down",0.0022207957511,0.024005976,2.6342557,338785,1.39739539085542
"ZBP1","up",0.0022228134327,0.024005976,7.5341695,81030,2.91344849068624
"TAF11","up",0.0022228472493,0.024005976,2.8705167,6882,1.52131044889854
"LEMD2","up",0.0022242493272,0.024005976,2.3200933,221496,1.21418282291354
"CEP97","up",0.0022255464249,0.024005976,3.3404546,79598,1.74004445136297
"ZNF468","down",0.0022265534764,0.024005976,280.1376988,90333,8.12999233317319
"MARCH1","down",0.0022265934436,0.024005976,13.4332682,55016,3.74773843780048
"GSTA4","up",0.0022275656117,0.024005976,9.3799749,2941,3.22958406221891
"RSF1","down",0.0022312142097,0.024032554,3.1479139,51773,1.65439608158817
"HSPBAP1","up",0.002239010239,0.024096929,3.2662161,79663,1.70762024591631
"TMEM191C","down",0.0022395620968,0.024096929,3.5028303,645426,1.80852109625336
"DRAM1","up",0.0022419802915,0.024110185,3.1173457,55332,1.64031815240332
"SPRN","up",0.0022514161586,0.024181071,2.7633481,503542,1.46641731043528
"LSM5","up",0.0022518291402,0.024181071,7.3075012,23658,2.86937816094325
"CD55","up",0.0022521410833,0.024181071,2.2779346,1604,1.18772632755081
"GAGE1","up",0.0022540922604,0.024185814,3.7976176,2543,1.92509464104332
"HPR","up",0.0022558983063,0.024185814,2.9926717,3250,1.58143402198327
"SLAMF8","up",0.0022585229903,0.024185814,2.7000389,56833,1.43298019262159
"GAB2","down",0.0022585326199,0.024185814,4.8967901,9846,2.29183635651652
"ZFY","down",0.0022637204563,0.024215852,10.1695293,7544,3.34618100001482
"KCTD8","up",0.0022656271431,0.024223499,3.2171507,386617,1.68578351729325
"PAAF1","up",0.0022685595724,0.0242421,3.3552302,80227,1.74641175212003
"ZNF498","down",0.0022741186911,0.024288735,5.0264464,221785,2.3295388030267
"CSMD2","up",0.0022768741178,0.024293639,6.1145512,114784,2.61224661072389
"TRUB2","up",0.0022781173319,0.024293639,7.2850067,26995,2.86493029913294
"C10orf120","up",0.0022793961873,0.024293639,6.943341,399814,2.79563002653409
"CXorf40A","up",0.0022808173021,0.024293639,2.1712802,91966,1.11854591529709
"ITGA10","up",0.0022824978192,0.024293639,4.8720438,8515,2.28452710322757
"KCNE2","down",0.002283337745,0.024293639,2.6400514,9992,1.40056601814556
"OR1J4","up",0.0022845454162,0.024293639,2.5664287,26219,1.35976218044512
"SLCO4A1","up",0.0022853351675,0.024293639,2.4746732,28231,1.30723801857858
"RHOC","up",0.002288375375,0.024313241,2.7421535,389,1.45530933241926
"KRT8","up",0.0022919119906,0.024338094,3.308723,3856,1.72627451701949
"SLC34A1","up",0.002297960298,0.024384506,4.2769373,6569,2.09657805742652
"CDK3","up",0.0022986821274,0.024384506,2.7604551,1018,1.46490613525985
"AQP5","down",0.002300173159,0.024387595,8.3853475,362,3.06787057223787
"DIRAS2","up",0.0023027174649,0.024394629,2.9833814,54769,1.57694842578412
"HIC1","up",0.0023032370659,0.024394629,3.0664009,3090,1.61654632668746
"ITPRIPL1","up",0.0023053247117,0.024397739,2.5484618,150771,1.34962672822324
"CYP11B2","down",0.0023059314197,0.024397739,2.8629021,1585,1.51747833668047
"HOPX","up",0.0023121872832,0.0244512,2.7275819,84525,1.44762251642053
"SERPINA9","up",0.0023142582967,0.024453165,3.1434078,327657,1.65232944772476
"ACVR1B","up",0.0023147792629,0.024453165,3.4091345,91,1.76940551900123
"IL27","up",0.0023172366822,0.024466408,3.4427095,246778,1.78354444968765
"SLC22A18","up",0.0023200631196,0.024478185,2.3930356,5002,1.25884185929239
"GTF2I","down",0.0023207607594,0.024478185,2.914922,2969,1.54345727906256
"FAM216A","down",0.0023244549183,0.024504433,2.1114728,29902,1.07824966245635
"HSF4","up",0.0023263651529,0.024511857,3.6394254,3299,1.86371069272974
"GFM2","up",0.0023282793806,0.024519315,2.4208718,84340,1.2755266818146
"RBBP4","up",0.0023381440857,0.024563544,3.2572121,5928,1.70363766681862
"IFT122","down",0.0023395175785,0.024563544,109.713395,55764,6.77759586611135
"SLC22A23","down",0.0023406967569,0.024563544,2.177719,63027,1.12281780921533
"NCOA1","down",0.0023407963639,0.024563544,10.9829441,8648,3.45719293148298
"MCM4","down",0.0023420858688,0.024563544,3.4049189,4173,1.76762043584051
"PAF1","down",0.0023428557676,0.024563544,3.6034354,54623,1.8493729818979
"RPL21","up",0.002344576278,0.024563544,7.4382874,6144,2.89497049177141
"XXYLT1","down",0.0023448282598,0.024563544,2.6562328,152002,1.40938159423274
"PPP1R14D","up",0.0023450623767,0.024563544,10.6796853,54866,3.41679723041296
"SCP2","up",0.0023476088195,0.024563544,2.6469067,6342,1.40430734261586
"COQ10A","up",0.0023478785211,0.024563544,2.8320873,93058,1.50186573764403
"ESR1","down",0.0023493740024,0.024563544,2.6349388,2099,1.39776945371757
"CHD6","down",0.0023493987739,0.024563544,17.9557358,84181,4.16637286865076
"IP6K2","up",0.0023526863351,0.02458527,4.3929191,51447,2.13517993100283
"PNPO","up",0.0023556491699,0.024597401,2.6281164,55163,1.39402917443645
"SERPINB7","up",0.0023564157546,0.024597401,3.2637792,8710,1.70654345993199
"NCAN","up",0.0023591086375,0.024597401,3.2969424,1463,1.72112868228878
"ADH1A","up",0.0023597104046,0.024597401,11.1748237,124,3.48218016574633
"DCN","up",0.0023598982921,0.024597401,2.7501087,1634,1.45948864331063
"B3GNT1","up",0.0023661325301,0.024636329,4.228834,11041,2.08025992946646
"RPS3","up",0.0023669887717,0.024636329,2.9931695,6188,1.58167397943253
"IGFBP3","up",0.0023672693656,0.024636329,5.7971428,3486,2.53534202370358
"ARSJ","up",0.0023697567199,0.02463755,4.0744341,79642,2.0265996966891
"NAE1","up",0.0023718119243,0.02463755,2.40598,8883,1.26662464998666
"ACADVL","up",0.002373201533,0.02463755,3.925292,37,1.97279997917182
"CTR9","down",0.0023738845826,0.02463755,2.7719649,9646,1.47090898946772
"C19orf42","up",0.0023746598378,0.02463755,7.089985,79086,2.82578257521536
"CCDC127","up",0.0023771201282,0.024637649,2.9157854,133957,1.5438845421104
"THAP11","up",0.0023772718436,0.024637649,2.959841,57215,1.565519677654
"PYGO1","down",0.0023784147018,0.024637649,3.9161635,26108,1.96944099878101
"GINS3","up",0.0023795180719,0.024637649,5.2030514,64785,2.37935795950734
"CELF1","down",0.0023807505224,0.024637859,4.058257,10658,2.02086023051724
"PDE4DIP","down",0.002388023738,0.024691588,2.883445,9659,1.52779350410684
"GOLGA6D","up",0.0023883720173,0.024691588,4.0288888,653643,2.01038198669711
"RHBDF1","up",0.0023899006959,0.024694831,3.0096765,64285,1.58960842488283
"CLDN19","up",0.0023970054274,0.024755658,2.5879953,149461,1.37183499728682
"FAM13C","up",0.002402467734,0.024786882,3.5835537,220965,1.84139097364285
"ZCCHC7","up",0.0024065725459,0.024816635,4.5028956,84186,2.17085302906588
"RELT","down",0.0024088774965,0.024827807,2.8592916,84957,1.51565775827664
"TAOK2","up",0.0024155348858,0.024838651,3.4715146,9344,1.79556523893195
"POU2F1","down",0.0024160560474,0.024838651,3.0817709,5451,1.62375961535072
"MED12L","down",0.002417083209,0.024838651,4.0660922,116931,2.02364292914592
"AGAP1","down",0.0024176885267,0.024838651,5.4374545,116987,2.44293142359144
"PLXNB3","up",0.002418025113,0.024838651,3.2875826,5365,1.71702714234816
"PACS2","down",0.0024246511208,0.024876847,5.4226356,23241,2.43899422479963
"KIAA1683","down",0.0024395198409,0.024978963,2.3067942,80726,1.20588930012699
"CFL1","up",0.002440882419,0.02498033,3.7293452,1072,1.89892234371341
"F2RL3","up",0.0024426050027,0.024985378,2.5870991,9002,1.37133531816654
"GCA","up",0.00244758221,0.02499282,3.5131179,25801,1.81275199412109
"NME2","up",0.0024479438522,0.02499282,6.6781955,4831,2.739458328015
"VAMP5","down",0.0024480467232,0.02499282,2.4182687,10791,1.27397455501722
"PYY","up",0.0024488707847,0.02499282,3.4874455,5697,1.80217067142381
"ACOT7","up",0.0024558549189,0.025035651,6.7634093,11332,2.75775066371387
"DIP2A","up",0.0024561420592,0.025035651,3.920277,23181,1.97095559628118
"ARHGAP42","down",0.0024584735187,0.025042645,10.3985233,143872,3.37830675988533
"AGBL1","down",0.0024603565271,0.025042645,65.1611277,123624,6.02593966672377
"AP5B1","up",0.0024605245826,0.025042645,2.9095141,91056,1.54077823765163
"COX11","up",0.0024635124846,0.025060506,2.5282077,1353,1.33811499019665
"LRRC8B","up",0.0024698749494,0.025088955,5.1435154,23507,2.36275472451845
"ZNF300","up",0.00246992997,0.025088955,7.90434,91975,2.98264500483809
"RPLP0","up",0.0024800580403,0.02513415,4.6815902,6175,2.22699865459028
"CDK16","down",0.0024802911663,0.02513415,2.4526319,5127,1.29433072517396
"C11orf68","up",0.002480644775,0.02513415,4.314766,83638,2.10928232074987
"ZNFX1","down",0.0024860305695,0.025160898,8.4430684,57169,3.07776740189137
"KLRC2","up",0.0024877423615,0.025160898,2.2049829,3822,1.14076746749216
"MRGPRG","up",0.0024882364529,0.025160898,3.9650998,386746,1.9873571784521
"RPS7","up",0.0024913066986,0.025179418,31.8356923,6201,4.99257323234351
"AGTPBP1","up",0.0024950048224,0.02519174,4.4467707,23287,2.15275801330154
"PRDX1","up",0.0025032062737,0.025248808,16.1432185,5052,4.01285633466079
"CHID1","up",0.0025035875361,0.025248808,2.0586844,66005,1.04172267919145
"SH3D21","down",0.0025043835836,0.025248808,3.4790601,79729,1.79869760141341
"CLDN18","up",0.0025063376354,0.02525598,3.0521806,51208,1.60984033013304
"IRX6","up",0.0025117232883,0.025297709,4.4529093,79190,2.15474822624907
"CELF4","up",0.0025140378788,0.02530562,4.0790223,56853,2.02822339436051
"MTHFD2","up",0.0025149988503,0.02530562,10.1969145,10797,3.35006076581314
"COMMD10","up",0.0025176772273,0.025320034,2.737249,51397,1.45272667866544
"KLK9","up",0.0025260302657,0.02537338,2.9087014,284366,1.54037520058043
"PPM1M","up",0.0025267267511,0.02537338,3.8400891,132160,1.94113978559145
"BMP6","up",0.002532926494,0.025386265,5.5374362,654,2.46921817164078
"DPF3","up",0.0025329924425,0.025386265,3.8080573,8110,1.92905518710276
"MTCP1NB","up",0.0025330058854,0.025386265,2.7491729,100272147,1.45899764316534
"KRT20","up",0.0025343381817,0.025387099,4.5583378,54474,2.18850784086624
"SGTA","up",0.0025364466811,0.025392382,2.3887538,6449,1.25625816822598
"KRTAP12-1","up",0.0025373642544,0.025392382,2.9986033,353332,1.58429067359766
"LOXL4","up",0.0025408270578,0.025413066,4.1955768,84171,2.06886916329823
"C1orf43","up",0.0025466212299,0.025436521,2.0631826,25912,1.04487151121787
"MACF1","down",0.0025472240577,0.025436521,2.9857107,23499,1.57807438252026
"ZNF397","down",0.0025489166214,0.025436521,3.536473,84307,1.82231124676483
"PLB1","up",0.0025497470264,0.025436521,2.4248313,151056,1.27788437982781
"SLC38A8","up",0.0025524160322,0.025436521,2.9246054,146167,1.54824198337408
"TPSAB1","up",0.0025525283189,0.025436521,4.9667518,7177,2.31230265379026
"RELA","up",0.0025538470565,0.025436521,5.1984598,5970,2.37808424478404
"GABRG2","up",0.0025542897359,0.025436521,3.0483751,2566,1.60804043616921
"E2F1","down",0.0025603002194,0.025483889,3.1034237,1869,1.63386067661514
"MDP1","up",0.0025632933783,0.025501193,2.2045003,145553,1.14045167328321
"MED15","up",0.0025662631665,0.025504981,10.9948397,51586,3.45875466536484
"SPIN4","up",0.002566539635,0.025504981,9.6324914,139886,3.26790899283054
"STOX1","up",0.0025674386591,0.025504981,2.8458713,219736,1.50887041975262
"PROL1","down",0.0025763073951,0.025572093,2.9333973,58503,1.5525724832742
"SPSB4","up",0.0025767107347,0.025572093,4.5156782,92369,2.17494267924511
"FTSJ1","up",0.002581045311,0.025602609,2.421399,24140,1.2758408273302
"IL12RB1","up",0.0025852357601,0.025631667,4.9395862,3594,2.30439018913532
"NUCB1","down",0.0025914076325,0.025680332,48.7500119,4924,5.60733066591513
"EEF1A1","up",0.0025930692427,0.025684275,5.7860515,1915,2.5325791643432
"CTH","up",0.0026025386385,0.025750701,4.0580349,1491,2.02078127264519
"CHTF8","up",0.0026052273399,0.025750701,3.4879121,54921,1.80236368274901
"DNAJA4","down",0.0026054414698,0.025750701,2.4039677,55466,1.26541751195472
"GOSR1","down",0.0026063354896,0.025750701,2.1139457,9527,1.07993831931907
"CDSN","up",0.0026079156736,0.025750701,2.8350014,1041,1.50334944760932
"VMA21","up",0.0026092977464,0.025750701,7.3355261,203547,2.87490043892426
"ARHGAP27","up",0.0026099111383,0.025750701,4.1696548,201176,2.05992794987074
"PHACTR2","down",0.0026123481078,0.025762239,4.6564908,9749,2.2192431281364
"FAM105A","up",0.0026140810567,0.025765275,2.1776319,54491,1.12276010606307
"CENPA","up",0.0026157911568,0.025765275,5.0311591,1058,2.33089081259136
"BBX","down",0.0026177265715,0.025765275,8.2699859,56987,3.04788486966047
"ZNF772","up",0.0026212503188,0.02578747,3.2965467,400720,1.72095551921239
"STAT6","down",0.0026226732046,0.025788985,2.2409547,6778,1.16411348564175
"SLCO2B1","down",0.0026284746048,0.025833533,3.9662377,11309,1.98777114209904
"ASAP3","down",0.0026313744272,0.025849534,3.1759005,55616,1.66716571399057
"CBL","down",0.0026384993698,0.025885364,4.4442654,867,2.15194497330463
"EML4","down",0.0026396680665,0.025885364,4.7057266,27436,2.23441750324769
"LAMA3","down",0.0026405369129,0.025885364,2.9111334,3909,1.54158095114355
"GDAP2","up",0.0026425555126,0.025885364,2.4590834,54834,1.29812066487545
"MYCBP2","up",0.0026426632811,0.025885364,3.0558243,23077,1.61156159546603
"SYTL1","up",0.0026453184815,0.025898891,3.7887387,84958,1.921717644145
"ZNF365","up",0.0026474581279,0.025900353,2.4531515,22891,1.29463633358955
"ATP1B3","up",0.0026480164225,0.025900353,8.8204743,483,3.14085623535877
"THAP2","up",0.0026516711129,0.025923625,4.5690487,83591,2.19189381984425
"WHAMM","up",0.0026553651922,0.025936402,6.5898171,123720,2.72023842386993
"SRPK2","up",0.0026555302613,0.025936402,2.5822202,6733,1.36861203236563
"SNX6","up",0.0026577962095,0.025946065,3.5915585,58533,1.84461001460908
"FYTTD1","down",0.0026591954768,0.025947263,9.2282612,84248,3.20605883915436
"INTS6","down",0.002666844597,0.026002424,3.2025473,26512,1.67921987859862
"WDR83","up",0.0026687007271,0.026002424,2.2357689,84292,1.1607710718776
"SPATA5","up",0.0026692361897,0.026002424,3.9371537,166378,1.97715303403607
"LCN6","down",0.0026704883598,0.026002424,3.419577,158062,1.77381787547808
"CNKSR3","down",0.0026730688655,0.026002424,3.4331987,154043,1.7795533572104
"SEPN1","down",0.0026735063936,0.026002424,3.1530393,57190,1.65674315212139
"KLHDC3","up",0.0026742065217,0.026002424,5.1867321,116138,2.37482585495626
"DCUN1D4","up",0.002675083364,0.026002424,5.8641256,23142,2.55191600397592
"SPINT1","up",0.0026789372273,0.026013909,2.7958042,6692,1.483263327244
"HMGB3","up",0.0026800995498,0.026013909,4.9000953,3149,2.2928098079014
"CATSPERB","down",0.0026801045524,0.026013909,6.7315458,79820,2.75093783647271
"PIGM","up",0.0026860966497,0.026059625,3.3893866,93183,1.76102420279795
"SLC25A20","up",0.0026887066982,0.026072502,4.2838499,788,2.09890793099401
"CDK5R1","up",0.0026918213648,0.026090257,3.7467805,8851,1.90565146183111
"KRTAP16-1","down",0.002697394493,0.026121309,3.3845151,100505753,1.75894915346462
"C19orf53","up",0.0026980116926,0.026121309,2.9974908,28974,1.58375532567795
"EIF5A","down",0.0027055552868,0.026142941,3.1536424,1984,1.65701907832893
"HTR2B","up",0.0027069513671,0.026142941,3.284315,3357,1.71559250322534
"ATG14","down",0.0027079554882,0.026142941,4.0350732,22863,2.01259484557718
"HERPUD1","up",0.0027123211869,0.026151769,2.0825642,9709,1.05836097078601
"C8orf73","down",0.0027166166608,0.026180765,2.3116256,642475,1.20890775217987
"CHRM1","up",0.0027221918619,0.02620964,4.3020496,1128,2.10502415824808
"HLX","up",0.0027253042744,0.02621477,4.4918901,3142,2.16732263073839
"YPEL2","down",0.0027287823155,0.026235809,5.2132822,388403,2.38219195652345
"CCND3","down",0.0027401055463,0.02633222,222.8223338,896,7.79975003307959
"LUC7L2","up",0.0027426214005,0.026339908,5.2168949,51631,2.38319136900374
"EXOC7","up",0.0027434974552,0.026339908,2.3004423,23265,1.20191127102589
"CCDC152","down",0.0027463982559,0.026342871,5.9001409,100129792,2.56074940757686
"HTR5A","down",0.0027477334034,0.026343246,293.839289,3361,8.19888350008634
"SLC39A7","up",0.0027514878106,0.026357925,3.1132544,7922,1.63842347164242
"PLTP","up",0.0027518581789,0.026357925,7.6586938,5360,2.93709835965013
"RANBP2","down",0.0027548859425,0.026374497,5.346987,5903,2.41872616915128
"MSRA","up",0.0027608753176,0.026418961,3.1488778,4482,1.65483777120632
"GAB4","down",0.002762603239,0.026418961,4.2080215,128954,2.07314207579565
"GYLTL1B","down",0.0027634298203,0.026418961,25.8067501,120071,4.6896765660432
"TBP","up",0.0027675853877,0.026419068,2.798143,6908,1.48446969378183
"KRTAP5-9","up",0.0027685716817,0.026419068,8.7465756,3846,3.12871829330143
"LY6G6C","up",0.0027699229744,0.026419068,10.6742184,80740,3.41605852991097
"FOXL1","up",0.0027699401947,0.026419068,7.4184916,2300,2.89112587385095
"TMEM168","up",0.0027713186951,0.026419818,7.998914,64418,2.99980414085396
"JMJD7-PLA2G4B","up",0.0027729343132,0.026422827,4.4870316,8681,2.16576134425557
"TBCEL","down",0.0027764005796,0.026423202,2.5231412,219899,1.33522094465734
"LPAR3","up",0.0027775417885,0.026423202,3.4868515,23566,1.80192492311215
"OR2L13","up",0.0027787734074,0.026423202,2.7934787,284521,1.48206281992626
"KCNAB2","down",0.0027801319595,0.026423202,4.766564,8514,2.25294966740358
"ZBTB8B","up",0.0027811640218,0.026423202,3.4351695,728116,1.7803812870423
"OR2V1","up",0.0027826392443,0.026423202,2.5548533,26693,1.35324045380921
"SUGP2","up",0.0027860268616,0.026423202,2.9556177,10147,1.56345967341412
"SLC1A4","up",0.0027866870124,0.026423202,3.0769736,6509,1.62151206560436
"BMP2K","up",0.0027872020368,0.026423202,4.6592149,55589,2.22008687434296
"LARP1B","up",0.0027923788167,0.02644978,4.4883428,55132,2.16618286689446
"ELAVL1","up",0.0027926803028,0.02644978,2.2424496,1994,1.16507556032975
"PCBP1","up",0.0027942764093,0.026450363,3.0443263,5093,1.60612299949937
"PRR5-ARHGAP8","up",0.0027953446061,0.026450363,4.0768514,553158,2.02745537198708
"VIM","up",0.0027984418703,0.026455412,3.282241,7431,1.71468117326354
"PPAPDC1B","down",0.0027985176944,0.026455412,2.2862257,84513,1.19296783583477
"FAM149B1","up",0.0027997830597,0.026455412,2.1700395,317662,1.11772130346951
"MARVELD3","down",0.0028019916918,0.026463978,2.991462,91862,1.58085073681545
"ADIPOR1","up",0.002806480116,0.026479724,10.9312176,51094,3.45038220290955
"PANK2","up",0.0028070462824,0.026479724,6.0629076,80025,2.6000098356274
"MAP9","down",0.0028088915039,0.026479724,2.85922,79884,1.51562163105608
"SORBS2","down",0.0028094255667,0.026479724,2.3220886,8470,1.21542301972373
"ETV5","down",0.0028101728857,0.026479724,5.1331827,2119,2.35985360979712
"SLC22A6","up",0.0028142341459,0.026493784,2.4814521,9356,1.31118460625324
"IDUA","up",0.0028159248942,0.026493784,5.5889411,3425,2.4825749709954
"EPN2","up",0.0028174941247,0.026493784,3.3047094,22905,1.72452341375668
"GPR174","up",0.002817523226,0.026493784,4.7209156,84636,2.23906669083221
"MAP3K7","up",0.0028181826278,0.026493784,4.1053349,6885,2.03749991721901
"CYBASC3","up",0.0028195871776,0.026494734,3.6433242,220002,1.86525537853433
"AIMP1","up",0.0028320786373,0.026587553,5.8749762,9255,2.5545830072161
"ZDHHC4","up",0.0028332091861,0.026587553,3.3439575,55146,1.74155651161471
"SNX11","up",0.0028356844708,0.026587553,4.1248122,29916,2.04432843589266
"ELL2","up",0.0028366572418,0.026587553,2.3272088,22936,1.21860065690165
"TUBA1C","up",0.002838374968,0.026587553,4.9583359,84790,2.30985600939344
"LHFP","up",0.0028384381913,0.026587553,7.8786244,10186,2.9779437585471
"MLLT6","down",0.002838621889,0.026587553,4.1058613,4302,2.03768489262383
"IBTK","down",0.0028448452068,0.02660751,5.2447815,25998,2.39088267071815
"DUSP10","up",0.0028458391872,0.02660751,2.5357387,11221,1.3424060878919
"DNM1L","down",0.0028459889919,0.02660751,2.4892851,10059,1.31573147290685
"SECISBP2L","down",0.0028482238286,0.026616161,6.9534968,9728,2.79773866809924
"FAM176A","down",0.0028585810841,0.026698433,3.4399619,84141,1.78239258615253
"GCLM","up",0.0028632290098,0.026705066,5.4496185,2730,2.44615523770193
"MLEC","down",0.0028666960346,0.026705066,9.9269395,9761,3.31134899985464
"RPP14","up",0.0028685972596,0.026705066,4.5851555,11102,2.19697066190642
"CCL27","down",0.0028698088339,0.026705066,2.5458708,10850,1.34815920599147
"TAF9B","down",0.00287191806,0.026705066,143.3809752,51616,7.1637097995505
"FAM133B","down",0.0028771216775,0.026705066,2.2936472,257415,1.19764349861036
"EHMT2","up",0.002878240573,0.026705066,2.9332367,10919,1.55249349528088
"SVIL","down",0.002878269026,0.026705066,2.2145628,6840,1.14702190937673
"RBM14","up",0.0028788360872,0.026705066,3.1180571,10432,1.64064734789861
"ASB9","up",0.0028798063443,0.026705066,2.3585696,140462,1.23791217457677
"MCMBP","down",0.0028803639876,0.026705066,2.7245985,79892,1.44604364833517
"NME1","down",0.0028826380615,0.026705066,3.2486763,4830,1.6998519998539
"PAX2","up",0.0028869722427,0.026705066,2.8433292,5076,1.50758114358542
"MYB","down",0.0028870526864,0.026705066,2.0603797,4602,1.04291023101465
"SLC41A1","up",0.0028874843454,0.026705066,2.0431417,254428,1.0307892641779
"COG5","up",0.0028900638893,0.026705066,3.3880995,10466,1.76047624363373
"B4GALT3","up",0.00289056889,0.026705066,4.885123,8703,2.28839488752755
"MLLT1","down",0.0028907871029,0.026705066,6.1957607,4298,2.63128142372879
"MINPP1","up",0.0028918925225,0.026705066,9.7068639,9562,3.27900526405663
"C19orf76","up",0.0028918991,0.026705066,2.6460018,199800,1.40381404304145
"ATP5J","up",0.0028972215389,0.026732189,4.720494,522,2.23893784561621
"TBL1X","down",0.0028974667576,0.026732189,4.9050623,6907,2.29427146046699
"GPC3","up",0.0029060404582,0.026782991,7.0042244,2719,2.80822530529933
"SLC25A5","up",0.0029063682283,0.026782991,7.1622241,292,2.8404076600855
"RTEL1","up",0.0029073904239,0.026782991,4.4432079,51750,2.15160164737578
"GPR75-ASB3","down",0.0029082441043,0.026782991,16.2941057,100302652,4.02627826699571
"ARID1A","up",0.0029103087501,0.026787991,5.0472271,8289,2.33549100216491
"MMP23B","up",0.0029140589127,0.026787991,2.2081686,8510,1.14285033022192
"GEMIN4","up",0.0029155271367,0.026789371,2.8498068,50628,1.51086411642483
"C9orf66","up",0.0029198655011,0.026797353,9.3376952,157983,3.22306649705887
"TMED4","down",0.002923132169,0.026797353,3.5024274,222068,1.80835514608921
"TCF3","up",0.002923433199,0.026797353,2.3418724,6929,1.22766247084243
"ZEB1","down",0.0029239260354,0.026797353,9.9018679,6935,3.30770070255334
"HPCA","down",0.0029245422131,0.026797353,2.1129227,3208,1.07923998811214
"PLGLB2","up",0.0029262904321,0.026797353,2.3568314,5342,1.23684855660084
"ATOH7","up",0.0029269433777,0.026797353,6.4987013,220202,2.70015143887186
"RPGR","down",0.0029295813038,0.026809428,2.8845966,6103,1.52836957749409
"MTMR14","up",0.0029326034184,0.026825007,11.7662041,64419,3.55657706187624
"USH1C","down",0.0029344672694,0.026829981,3.1322344,10083,1.6471921804016
"NUDT9","up",0.0029366559135,0.026837919,2.3161926,53343,1.21175522375542
"CLN3","up",0.0029395790402,0.026852559,2.7303779,1201,1.44910064225326
"PUS1","down",0.0029437279627,0.026878379,5.1061325,80324,2.35223097499781
"NECAP1","up",0.0029458534723,0.026885708,5.2677478,25977,2.39718627642225
"TNIK","down",0.0029495372653,0.026894472,3.6421318,23043,1.86478313092701
"FBLIM1","down",0.0029499360282,0.026894472,5.1257811,54751,2.3577718686631
"CHST1","down",0.0029507833763,0.026894472,5.1065495,8534,2.35234879005019
"POLR2M","down",0.0029523730077,0.026896899,2.4203432,81488,1.27521163338083
"KAT5","down",0.0029558908502,0.026909491,2.3081757,10524,1.206753047151
"STAT5A","down",0.0029586971446,0.026914982,7.0563946,6776,2.81893123996931
"GAPDH","up",0.0029601898645,0.026914982,4.535671,2597,2.18131599656706
"ATP5C1","up",0.0029609791191,0.026914982,2.4827546,509,1.31194166994838
"AFAP1","down",0.0029644113209,0.026934135,217.1602039,60312,7.76261593335661
"FZD8","down",0.0029699031784,0.026960531,5.4559707,8325,2.44783589673045
"PAQR4","up",0.0029699694686,0.026960531,3.1949683,124222,1.67580161703779
"RCL1","up",0.0029747055279,0.02697031,5.3667605,10171,2.4240515070467
"SLC52A2","up",0.0029753166433,0.02697031,3.007148,79581,1.58839587343625
"SDHD","up",0.0029755555448,0.02697031,3.9511638,6392,1.98227765612305
"ZFC3H1","up",0.0029775564132,0.02697031,5.5270546,196441,2.46651086454414
"PTEN","up",0.0029777295203,0.02697031,2.7638685,5728,1.46668897646751
"SREK1","down",0.0029790084094,0.02697031,3.4621937,140890,1.79168644169244
"UPP1","down",0.0029821302188,0.026974542,2.5351387,7378,1.34206468069141
"MRM1","up",0.0029873191626,0.026998133,3.1672056,79922,1.66321052334106
"PTPN11","down",0.002995044694,0.027036859,4.4374862,5781,2.14974263291933
"RNPEP","up",0.0029956707219,0.027036859,8.8105302,6051,3.1392288402461
"CDC14A","down",0.0029972544502,0.027039146,5.2746251,8556,2.39906855626689
"DESI2","down",0.0029993062571,0.027045652,6.9672479,51029,2.80058889639621
"UACA","down",0.0030025070999,0.027061516,3.8801963,55075,1.95612964052395
"HINT1","up",0.0030061571672,0.027061516,5.2676135,3094,2.39714949478022
"MDH1","up",0.0030072811918,0.027061516,7.9004668,4190,2.98193789761243
"NIPSNAP3B","up",0.0030077227329,0.027061516,3.2243397,55335,1.68900374687088
"DYNLL1","up",0.0030105989265,0.027075408,7.1683413,8655,2.84163932881507
"PROZ","down",0.0030160145527,0.02710434,13.7701325,8858,3.78347053643527
"RPL12","up",0.0030164830442,0.02710434,6.6042878,6136,2.7234029910243
"RPL36","up",0.0030196169601,0.027111013,8.8683313,25873,3.14866266690562
"ATP6V1H","up",0.0030206952195,0.027111013,11.8482195,51606,3.56659836822873
"HFE","up",0.0030223389794,0.027111013,3.9065782,3077,1.9659054936534
"GPM6B","up",0.0030234172227,0.027111013,14.1786523,2824,3.82564850387461
"PCDHB14","up",0.0030248365238,0.027111013,7.746618,56122,2.9535665994776
"TAGLN2","up",0.0030278299365,0.027122364,5.7581279,8407,2.52559983451552
"SMAD3","down",0.0030295323425,0.027125659,2.545368,4088,1.34787425095502
"OPHN1","down",0.0030384921697,0.027193903,2.7336912,4983,1.45085028413273
"LYRM1","up",0.0030435640899,0.027227306,2.5250797,57149,1.33632892488626
"TMEM246","up",0.0030477538738,0.027252793,8.4036684,84302,3.07101923589078
"SLC44A3","up",0.0030515623292,0.027274848,2.4078386,126969,1.26773868994498
"KCTD18","up",0.003054986812,0.027290755,5.6607299,130535,2.50098808754806
"GRIN2C","up",0.0030567816127,0.027290755,8.2485317,2905,3.04413733176394
"CEND1","down",0.0030573701891,0.027290755,3.9205586,51286,1.97105922373734
"OR51B6","up",0.0030608551811,0.027309869,4.9579353,390058,2.30973944468438
"PDE8A","down",0.0030683118801,0.027364387,4.4495389,5151,2.15365583919129
"SRGAP2","up",0.0030722791416,0.027365781,3.729217,23380,1.89887274876487
"TTYH2","up",0.0030726984785,0.027365781,2.4348843,94015,1.28385322044643
"TOMM6","up",0.0030747914655,0.027365781,3.3758466,100188893,1.75524934881779
"FAM211B","up",0.0030768741633,0.027368695,3.4348602,388886,1.78025138205034
"SCUBE1","down",0.0030789551616,0.027375225,4.1294945,80274,2.04596518915614
"VPS13C","down",0.0030830030885,0.027387183,3.6720888,54832,1.87660094703347
"C14orf1","up",0.0030889871217,0.02740448,9.1979894,11161,3.20131853511986
"CHD1","down",0.0030945285884,0.027441664,10.4180334,1105,3.38101106234655
"TSPAN6","up",0.0030966918997,0.027448872,6.8420548,7105,2.77442965911482
"MRPS22","up",0.0030998309246,0.027464718,5.8922387,56945,2.55881587645841
"SERPINE2","up",0.0031050818772,0.02748847,6.1778747,5270,2.62711061044082
"CDPF1","up",0.0031052166291,0.02748847,2.5655523,150383,1.35926943585151
"GPR113","up",0.0031106781959,0.027516489,2.7818802,165082,1.47606029242244
"MPV17L","up",0.0031128838682,0.027518251,4.5851189,255027,2.19695914586313
"SNRPB","up",0.0031169360255,0.027518251,2.2633782,6628,1.17847767239801
"RNF125","up",0.0031169443695,0.027518251,2.1561087,54941,1.10842991324711
"LRIG1","up",0.0031213301279,0.027518251,3.4262236,26018,1.77661930672976
"DMRTC2","up",0.0031218022999,0.027518251,2.1813413,63946,1.12521551656042
"PLAC8","up",0.0031221199459,0.027518251,2.3813298,51316,1.25176743911945
"DLX5","up",0.0031353290886,0.027540187,14.6958656,1749,3.87733843244408
"ISL1","up",0.0031405732352,0.027540187,5.9603035,3670,2.57538579491509
"PDLIM4","up",0.0031427198966,0.027540187,2.656735,8572,1.40965433123359
"GBA","up",0.0031458991364,0.027540187,3.0620431,2629,1.61449458973471
"DNASE2","up",0.0031461523172,0.027540187,3.133958,1777,1.64798584554191
"TENC1","up",0.0031462018562,0.027540187,6.5486939,23371,2.711207197965
"KLK11","up",0.003147343715,0.027540187,4.0083806,11012,2.00301950046511
"TSC22D1","up",0.0031476614755,0.027540187,2.02882,8848,1.02064087267129
"PFN2","up",0.003148532364,0.027540187,5.1634818,5217,2.36834422100079
"POM121C","up",0.0031489984805,0.027540187,2.0310062,100101267,1.02219464371856
"RORA","up",0.0031508759329,0.027544754,5.8620043,6095,2.55139402629876
"SOWAHA","up",0.0031537667886,0.027558173,6.9438859,134548,2.79574324201388
"PDIA6","up",0.0031570347946,0.027574874,4.580519,10130,2.19551107349803
"SLAIN2","down",0.0031628905473,0.027580905,8.8407085,57606,3.14416199274765
"VPS28","up",0.0031674896925,0.027580905,2.1684841,51160,1.11668686495096
"NAV1","up",0.0031715989717,0.027580905,3.2072709,89796,1.68134621520166
"ANGPTL3","down",0.0031720591652,0.027580905,8.7416891,27329,3.1279120692853
"NLRP1","up",0.0031731038092,0.027580905,5.6325869,22861,2.49379766664658
"GSPT1","up",0.0031753535717,0.027580905,4.9426851,2935,2.30529499485721
"MS4A7","down",0.0031771044357,0.027580905,5.3148819,58475,2.41003763452641
"ZNF626","up",0.0031776780568,0.027580905,7.5585622,199777,2.91811182912809
"ANKS1B","up",0.0031804455339,0.027580905,4.1288136,56899,2.04572728787087
"ANXA2","up",0.00318388746,0.027580905,8.0167992,302,3.00302633892272
"UPF3A","down",0.0031844214203,0.027580905,2.3402233,65110,1.22664619580546
"SF3B1","up",0.0031845766503,0.027580905,5.1072511,23451,2.3525469914606
"ATRX","down",0.0031860968331,0.027580905,4.5735989,546,2.19332984840059
"ATP6V0B","up",0.0031970610912,0.027651177,3.8368561,533,1.93992465816213
"ATP8B1","down",0.0032042237333,0.027664069,3.6679341,5205,1.87496771896098
"C10orf57","up",0.0032044091725,0.027664069,14.4231292,80195,3.85031229632894
"RNF135","up",0.0032046698297,0.027664069,5.0294065,84282,2.33038816344522
"FAM98B","down",0.0032059854746,0.027664069,3.0911576,283742,1.62814721063167
"LIME1","up",0.0032067181486,0.027664069,2.2995916,54923,1.20137766596473
"YY1","down",0.0032104862375,0.027677932,3.7389146,7528,1.90261951918657
"HSPD1","up",0.0032123820472,0.027677932,8.5728825,3329,3.0997803699445
"M6PR","down",0.0032124104566,0.027677932,2.7327712,4074,1.45036467594483
"POLDIP3","down",0.0032210403168,0.027740527,2.4903579,84271,1.31635309307673
"IFITM10","up",0.0032279111854,0.027776162,6.9415184,402778,2.79525127498596
"RHEB","up",0.0032419810576,0.027873632,2.3677895,6009,1.24354082893779
"SYCE1","down",0.003244713954,0.027885332,3.115101,93426,1.63927894008296
"AMY2A","down",0.003255041858,0.027962268,2.342577,279,1.22809646973822
"ADAT3","up",0.0032596278208,0.027973826,2.4107204,113179,1.26946433409068
"PIGZ","up",0.0032605162716,0.027973826,2.1484775,80235,1.10331466852056
"SDK2","down",0.0032732245034,0.028071008,7.1702499,54549,2.84202340110403
"AMPD1","up",0.00327556381,0.028072148,2.9207554,270,1.54634154406823
"PLCB1","up",0.0032781253861,0.028072148,3.583631,23236,1.84142209334503
"PIGC","up",0.0032830084777,0.028095641,4.6643352,5279,2.22167147078557
"SNF8","down",0.0032875850448,0.028122966,4.367956,11267,2.12695832354222
"BST2","up",0.0032920775343,0.028149548,4.0998325,684,2.03556496915617
"SLC26A6","down",0.0032950508004,0.028163123,2.2008332,65010,1.13804980826825
"MEA1","down",0.0032997900249,0.028191775,3.2034382,4201,1.67962115862656
"IL9","down",0.0033074903386,0.028233827,4.4970608,3578,2.16898238929168
"SSX3","up",0.0033119181057,0.028259755,3.3805532,10214,1.75725935112044
"PROX2","up",0.0033174810697,0.028295343,4.1405662,283571,2.04982806194669
"ANKRD65","down",0.0033204918305,0.028299208,2.9469876,441869,1.55924099006621
"FBLN5","up",0.0033230525644,0.028299208,11.2841601,10516,3.49622713506896
"CRYBA2","up",0.0033237737978,0.028299208,4.4597342,1412,2.1569577281346
"REG3A","up",0.0033255424111,0.028299208,4.3857634,5068,2.13282798463947
"THBS4","down",0.0033260702607,0.028299208,2.5383298,7060,1.34387952777367
"SV2B","down",0.0033279694854,0.028299208,3.5465455,9899,1.82641445660253
"RALGPS1","up",0.0033287412502,0.028299208,4.3895383,9649,2.13406920232793
"POU5F1","up",0.0033301822461,0.028299208,2.5550246,5460,1.35333718162362
"TSC22D2","down",0.0033314519619,0.028299208,6.4440646,9819,2.6879709567435
"CAPRIN1","up",0.0033347323249,0.028299208,6.3303092,4076,2.66227596891305
"ZNF268","up",0.0033356168529,0.028299208,2.1473982,10795,1.10258974028747
"PPP1R11","up",0.0033374268549,0.028299208,4.4742861,6992,2.16165750982897
"FANCL","up",0.003339335074,0.02830358,2.5235318,55120,1.33544426670895
"TNK2","up",0.0033440180937,0.028309266,4.4123545,10188,2.14154870544571
"TSPYL5","up",0.0033441843651,0.028309266,2.8290591,85453,1.50032231543559
"DAP3","up",0.0033457348767,0.0283106,3.0810561,7818,1.62342495126884
"C16orf80","up",0.0033476714539,0.028315199,2.0186256,29105,1.01337335489361
"MT1X","up",0.0033491334816,0.028315781,5.9583671,4501,2.57491701197855
"RBM6","down",0.0033522316094,0.028326831,5.3241979,10180,2.41256419710299
"FAM19A3","up",0.0033568024721,0.028326831,3.5857598,284467,1.84227884934536
"PREB","up",0.0033572972781,0.028326831,5.3705291,10113,2.42506422831191
"ZNF665","down",0.0033584391805,0.028326831,115.4846025,79788,6.85155670048351
"RBPMS","down",0.0033588026321,0.028326831,6.5383501,11030,2.70892662917171
"SIRT2","up",0.003360990839,0.028327936,8.6399674,22933,3.11102586887635
"PIPOX","up",0.0033653260341,0.028334818,2.6098044,51268,1.38394168352904
"PLA2R1","up",0.0033761322522,0.028414032,4.2125547,22925,2.07469541980343
"CDC25C","down",0.0033794809701,0.028430443,2.9495408,995,1.56049036561695
"SHISA7","down",0.0033889204459,0.028448701,3.8629418,729956,1.94969994174694
"PRAMEF10","up",0.0033897322201,0.028448701,7.2544791,343071,2.85887202685901
"DYM","up",0.0033899057375,0.028448701,2.9107555,54808,1.54139365988256
"C20orf43","up",0.0033905888526,0.028448701,3.3841973,51507,1.75881368058375
"FCAR","up",0.003391449095,0.028448701,2.4156115,2204,1.27238844634668
"RBM42","up",0.0033936271904,0.028455228,2.5487231,79171,1.34977464367928
"UBE2E2","up",0.0033981542431,0.028480691,2.7503491,7325,1.45961475059139
"MACC1","down",0.0034012081838,0.028480691,6.1648503,346389,2.6240658623378
"CLDN6","up",0.0034022689869,0.028480691,2.9554934,9074,1.5633989988673
"TSPAN3","up",0.0034077253758,0.028514623,2.9895141,10099,1.57991101536446
"DHRS12","up",0.0034135173782,0.028524778,4.0699831,79758,2.0250228039272
"UGT1A6","up",0.0034146143894,0.028524778,7.469018,54578,2.90091857505479
"XRCC2","up",0.0034160652933,0.028524778,3.7978735,7516,1.92519185283812
"OAT","up",0.003417903967,0.028524778,15.0032797,4942,3.90720600159025
"EPHA10","down",0.0034183508602,0.028524778,3.0045036,284656,1.58712665051183
"SDF2","up",0.0034192133772,0.028524778,7.4052123,6388,2.88854109672502
"ANG","up",0.0034211575682,0.028524778,6.0646799,283,2.60043150043735
"POU5F1B","down",0.0034215698952,0.028524778,2.975089,5462,1.57293282739136
"SPINK8","up",0.0034298607089,0.028582173,6.4885903,646424,2.69790507481771
"MRAS","down",0.0034339184152,0.028604259,8.0394628,22808,3.00709910318669
"GOLT1B","up",0.0034362877034,0.028605083,16.0545724,51026,4.00491233549669
"BOD1L1","down",0.003436832158,0.028605083,5.7325382,259282,2.51917406354649
"FMO4","up",0.0034439513003,0.028634713,3.5270789,2329,1.81847384890438
"PA2G4","up",0.0034460273979,0.028634713,4.058285,5036,2.02087018437718
"ADH1C","up",0.0034528309159,0.028672513,10.188066,126,3.34880830566278
"WDFY3","down",0.0034533979126,0.028672513,4.8666071,23001,2.28291630497139
"MLXIPL","down",0.0034583990417,0.02868632,7.8621504,51085,2.97492396224315
"CACNA1I","up",0.0034596133169,0.02868632,3.0289596,8911,1.59882233572049
"SPTY2D1","down",0.0034618709305,0.02868632,2.6540525,144108,1.40819690904289
"ANAPC10","up",0.0034621177778,0.02868632,3.5364422,10393,1.82229868192954
"PSMC5","up",0.0034648488741,0.028686565,7.8955194,5705,2.98103417566835
"GTF2H2C","down",0.003468196596,0.028686565,7.6795954,728340,2.94103030446339
"PPP1R21","up",0.0034685187411,0.028686565,2.5211024,129285,1.33405471755065
"SORD","up",0.0034688971851,0.028686565,2.4221582,6652,1.27629309579273
"SLC39A1","up",0.0034699713679,0.028686565,2.5546217,27173,1.35310966613662
"ALS2CL","up",0.0034845725796,0.028776551,4.1421348,259173,2.05037450482038
"NAT1","up",0.0034881178084,0.028776551,5.0251814,9,2.32917567592476
"GATAD1","down",0.0034895010701,0.028776551,2.4060268,57798,1.26665271234431
"LGALS12","up",0.0034912870928,0.028776551,2.533232,85329,1.34097920887924
"FAM218A","up",0.0034954797517,0.028776551,4.0829784,152756,2.0296219353575
"SULT1A1","up",0.003496581067,0.028776551,3.7208867,6817,1.89564646145623
"NHS","up",0.003498239154,0.028776551,6.127414,4810,2.61527833059857
"DNAJC28","up",0.0034984807851,0.028776551,3.6751698,54943,1.87781090680854
"FAM50A","down",0.0034998565212,0.028776551,2.7686551,9130,1.46918534387776
"RPS6KA5","up",0.0035001128905,0.028776551,3.2856053,9252,1.7161591796385
"DLL1","up",0.0035001352209,0.028776551,4.6145649,28514,2.20619462485814
"RBM4B","up",0.0035013240731,0.028776551,2.4793664,83759,1.30997148820666
"IER5","up",0.0035086606594,0.028813547,2.0154528,51278,1.01110399703008
"SLC39A4","up",0.0035149786335,0.028844867,2.7839821,55630,1.4771499352081
"HAVCR2","up",0.003518089059,0.028855997,14.7715775,84868,3.88475199884384
"PLXNA3","up",0.0035238817703,0.02889185,2.6428979,55558,1.40212069209683
"CRYZ","up",0.0035306468998,0.028935644,6.5917497,1429,2.72066146196522
"TRAPPC2L","up",0.0035324267574,0.028938563,3.4559558,51693,1.7890847662489
"LAMB4","up",0.0035372338726,0.028939895,4.0222805,22798,2.00801369373881
"SPNS1","up",0.0035373556176,0.028939895,3.9415752,83985,1.97877229949727
"RFFL","up",0.0035389381974,0.028939895,3.1031818,117584,1.63374821967533
"ACSM3","up",0.0035395043428,0.028939895,3.2802517,6296,1.71380651984633
"CLIC2","up",0.0035399872095,0.028939895,2.5486731,1193,1.34974634109137
"KIAA0513","down",0.0035411325322,0.028939895,263.9823079,9764,8.04429743314545
"PHACTR1","down",0.0035441428559,0.028952855,4.0843904,221692,2.03012077053145
"KLRG2","up",0.0035474767706,0.028968447,2.9927503,346689,1.58147191265505
"UGT1A7","up",0.0035528575487,0.028995506,19.1315484,54577,4.25788173692478
"SLC4A1","down",0.0035536435757,0.028995506,8.5622166,6521,3.09798433212363
"METTL23","up",0.0035564160333,0.029006483,3.1523432,124512,1.65642461156591
"DBC1","down",0.0035611177489,0.02902719,74.3249234,1620,6.21577416616529
"CX3CR1","down",0.0035618111563,0.02902719,2.7101392,1524,1.43836695415929
"ZBTB37","down",0.0035662797189,0.029051958,6.5440084,84614,2.71017460014864
"CBLB","up",0.0035694755047,0.029065518,2.4131685,868,1.27092865555662
"SERHL2","up",0.0035708043426,0.029065518,3.4264657,253190,1.77672124524011
"FAM122B","up",0.003574069238,0.029080447,6.0005146,159090,2.58508623055996
"WFIKKN2","up",0.0035782454127,0.029102776,3.646139,124857,1.86636956159323
"TUBB","up",0.0035816845108,0.029119095,2.4978924,203068,1.32071133229823
"TMEM80","down",0.0035847383308,0.02913227,5.2522664,283232,2.39294009296573
"TERF2","up",0.0035895269401,0.029159526,7.4731644,7014,2.90171926008338
"SIRT4","up",0.0035941300626,0.029171708,3.1336243,23409,1.64783222096626
"MTA1","up",0.0035963558097,0.029171708,2.3998932,9112,1.26297020447598
"TSPAN31","up",0.0035996759379,0.029171708,3.2048982,6302,1.68027853198047
"AKR1E2","up",0.0036004202415,0.029171708,2.1839421,83592,1.12693460847839
"DTX1","up",0.0036006483624,0.029171708,3.0879574,1840,1.62665285000474
"RBPMS2","down",0.0036010732654,0.029171708,104.1713013,348093,6.70281406648062
"SLC25A44","down",0.0036141804654,0.029254567,178.099633,9673,7.47654073333595
"PRPF4","up",0.0036185293899,0.029278109,4.8318058,9128,2.27256247101084
"TMEM106C","down",0.003620615604,0.029283332,30.8477993,79022,4.94709566522722
"RTF1","down",0.0036226158094,0.029283474,2.5867327,23168,1.37113098084585
"TNFRSF19","up",0.0036235146848,0.029283474,2.9417961,55504,1.55669725484797
"PSME1","down",0.0036296468667,0.029307769,3.2047973,5720,1.68023311081198
"NKTR","down",0.0036318127668,0.029307769,6.7804229,4820,2.76137525812647
"THEG","up",0.0036320622891,0.029307769,8.663344,51298,3.11492400428309
"OPN3","up",0.0036337307334,0.029307769,4.1629136,23596,2.05759361609402
"KLF8","up",0.0036407093048,0.029352406,3.5364735,11279,1.82231145073852
"RGS13","up",0.0036438126175,0.029365778,7.844848,6003,2.97174549413147
"RHCE","up",0.0036467159317,0.029365888,2.6682799,6006,1.41591001178545
"GFAP","down",0.0036529557227,0.029404485,2.5881358,2670,1.37191331781208
"TGFB1","up",0.0036587152386,0.029406494,3.7242822,7040,1.89696239435629
"DHODH","down",0.0036622130514,0.02941724,2.0144281,1723,1.01037031299477
"CTSA","up",0.0036641774645,0.02941724,2.1843377,5476,1.12719591507315
"SIRT5","up",0.003664671714,0.02941724,3.9736806,23408,1.99047591503481
"CDX2","up",0.0036703193448,0.029450944,2.9222977,1045,1.5471031557035
"LETMD1","up",0.0036717985144,0.029451186,3.7367834,25875,1.90179694134717
"GTF2H5","up",0.0036839472086,0.029525326,7.8345181,404672,2.96984453747748
"MITF","down",0.0036867349107,0.029529728,4.5882848,4286,2.1979549438375
"NBPF10","down",0.0036896933927,0.029529728,8.0309204,100132406,3.00556534022352
"ATG4A","up",0.0036921920917,0.029529728,4.0249467,115201,2.00896967859252
"BTBD19","down",0.0036944197229,0.029529728,2.9645102,149478,1.56779376062183
"CSTF1","up",0.0036953320357,0.029529728,10.1417499,1477,3.34223469735085
"TMPRSS13","up",0.0036956876505,0.029529728,2.9046916,84000,1.53838499641142
"CHADL","up",0.0036978486743,0.029529728,3.9765872,150356,1.99153080719647
"EPHB3","up",0.00369902523,0.029529728,3.0705441,2049,1.61849432361478
"FAM120A","down",0.0037052644511,0.029567413,4.0949198,23196,2.0338351966098
"AMY1C","down",0.0037066552652,0.029567413,2.3976693,278,1.26163268788032
"CCDC68","down",0.003709149472,0.029575701,2.892714,80323,1.53242369237285
"AP5M1","up",0.0037176975043,0.029606459,7.4216119,55745,2.89173255983565
"SLC7A4","up",0.0037192051006,0.029606459,3.4202342,6545,1.77409511681006
"NFE2L1","up",0.0037210295122,0.029606459,4.1549338,4779,2.05482549091318
"ITGA11","down",0.0037211718639,0.029606459,3.9660548,22801,1.9877046117932
"GTF2H1","down",0.003724877028,0.029609766,4.089608,2965,2.03196256356818
"DLK2","down",0.0037255487239,0.029609766,42.8610266,65989,5.42159450050126
"SLC31A2","up",0.0037279897219,0.029609766,3.0754689,1318,1.62080638708032
"PRKACA","down",0.0037309763052,0.029621911,3.2339224,5566,1.6932850608529
"GPR98","up",0.003735620261,0.029647201,3.8770305,84059,1.95495208459275
"TLR4","down",0.0037401416724,0.029657172,3.0929521,7099,1.62898449083825
"ARHGEF28","up",0.0037405286728,0.029657172,15.3085199,64283,3.93626289789791
"ENDOV","down",0.0037436655387,0.029664718,4.0938983,284131,2.03347526359531
"KIAA1109","up",0.0037516208269,0.029681736,3.8420585,84162,1.94187948595226
"HSF2","up",0.003761810751,0.029744704,2.6711047,3298,1.41743652678185
"LURAP1L","up",0.0037625404718,0.029744704,5.3303954,286343,2.41424255370892
"HLA-DRB1","up",0.0037671825823,0.029766637,2.1037929,3123,1.07299269091884
"CREM","up",0.0037705101309,0.029772968,2.1171733,1390,1.08213936514981
"PPFIBP2","down",0.0037856960194,0.029881271,9.44076,8495,3.23890300408889
"IL1B","down",0.0037920047736,0.029919448,2.5422279,3553,1.34609336766075
"OR10G2","up",0.0037968579506,0.029939893,4.0778435,26534,2.02780640848193
"UBAP1","down",0.0037975420992,0.029939893,2.594394,51271,1.37539759241998
"NUMB","up",0.0038006120047,0.029952477,3.7343526,8650,1.9008581541991
"FUZ","up",0.0038050496464,0.029972677,3.7663023,80199,1.91314880165359
"NOP16","down",0.0038075991234,0.029972677,3.0339634,51491,1.60120368184171
"SLFN11","up",0.00381787947,0.030041967,3.286017,91607,1.71633994399835
"SYT13","up",0.0038201499117,0.030048199,2.9917737,57586,1.58100105282077
"ZNF692","up",0.003825251243,0.030076685,3.8304434,55657,1.93751140362684
"TMUB2","up",0.0038307482918,0.030092653,4.425056,79089,2.14569571291565
"TMEM18","up",0.0038312856059,0.030092653,2.5967549,129787,1.37670984873259
"IL2RB","up",0.003831723796,0.030092653,2.1149325,3560,1.08061161915172
"KRTAP10-6","up",0.0038340397789,0.030099211,17.5026537,386674,4.12950177063548
"FAM22D","up",0.0038358464354,0.030101768,2.0540433,728130,1.03846659452701
"PRMT8","up",0.0038495886197,0.0301863,2.7954083,56341,1.48305901987144
"CYP17A1","down",0.0038554112757,0.030200044,3.4145581,1586,1.77169888212004
"GIT2","down",0.0038577219797,0.030200044,2.1544332,9815,1.10730836717758
"SLPI","up",0.003866282398,0.030242004,8.0177652,6590,3.00320016882872
"MLX","up",0.0038671078946,0.030242004,5.4958406,6945,2.45834016119306
"MAPK10","down",0.0038692429782,0.030247063,2.0491342,5602,1.03501447109123
"ANGPTL7","up",0.0038708196608,0.030247755,2.6286679,10218,1.39433188661658
"FNDC3B","down",0.0038763965706,0.030265603,6.2751328,64778,2.64964599099554
"ING5","up",0.0038796437891,0.030265603,2.7686196,84289,1.46916684536478
"HIPK2","down",0.0038801077377,0.030265603,6.6887338,28996,2.74173312964791
"METTL9","up",0.003880545512,0.030265603,2.5865693,51108,1.37103984509937
"DSN1","up",0.0038805491354,0.030265603,9.1092828,79980,3.18733747097412
"PSG3","up",0.0038836916042,0.030278493,3.3139034,5671,1.72853154873554
"BLOC1S4","up",0.0038859972077,0.030284852,3.9652182,55330,1.98740025745419
"SNX1","down",0.0038875116877,0.030285042,2.4323351,6642,1.28234200090514
"OST4","up",0.0038905314702,0.030289756,2.1148734,100128731,1.08057130369568
"PAX8","up",0.0038910973357,0.030289756,3.5024903,7849,1.80838105517821
"VN1R2","up",0.0038943297454,0.030303312,2.8807992,317701,1.52646910400344
"TEF","up",0.0038981000721,0.030321042,3.9061825,7008,1.96575935467638
"RPS4Y1","down",0.0039023484953,0.030342476,4.3701114,6192,2.1276700564259
"IL6ST","down",0.003916331592,0.03041229,13.9345805,3572,3.80059766570515
"COX6C","up",0.0039170009662,0.03041229,4.6716564,1345,2.22393416800104
"MOV10","up",0.0039171008861,0.03041229,2.6368875,4343,1.3988360214663
"HLA-DMB","up",0.0039178339232,0.03041229,2.689707,3109,1.42744902309051
"GLG1","down",0.0039194905284,0.03041229,5.7198139,2734,2.51596820820737
"OCA2","up",0.0039203049756,0.03041229,6.9359987,4948,2.7941036281584
"CNTN2","down",0.0039252496477,0.030429346,2.1889951,6900,1.13026872509281
"LYAR","down",0.0039408520142,0.030522953,2.8321971,55646,1.50192166983398
"MYO1A","up",0.0039423133533,0.030522953,4.6143988,4640,2.20614269451058
"OR2F1","up",0.0039427496811,0.030522953,2.8593431,26211,1.51568374307844
"LPPR4","up",0.0039435805747,0.030522953,2.464712,9890,1.30141907847091
"PPP1R12A","down",0.0039467329495,0.030530902,10.4727748,4659,3.38857183513342
"ATF4","up",0.0039476118592,0.030530902,7.2506892,468,2.85811813418479
"CLN5","up",0.0039576404745,0.030573562,2.1132061,1203,1.07943347950559
"MCFD2","up",0.003960379813,0.0305831,3.5764276,90411,1.83851923638693
"ZNF547","up",0.0039626890056,0.030584209,2.6900252,284306,1.42761968792864
"INSM1","up",0.0039643083524,0.030584209,14.4835879,3642,3.85634712854812
"AUTS2","up",0.0039664511734,0.030584209,2.7666469,26053,1.46813852825388
"ZNF446","down",0.0039693699113,0.030593123,78.6907362,55663,6.29812190056967
"ALG10","up",0.0039722644876,0.030593123,7.8484785,84920,2.97241300136002
"ERAP2","up",0.0039737192751,0.030593123,21.7410473,64167,4.44234953378633
"USP24","down",0.0039757016426,0.030596795,4.0639041,23358,2.02286635779737
"TTC16","up",0.0039796080951,0.03060938,2.5327189,158248,1.34068696489875
"NACA2","up",0.003980348904,0.03060938,4.4606955,342538,2.15726866892889
"RAET1L","up",0.0039862764486,0.030624297,2.8476839,154064,1.50978901245177
"ASB3","up",0.0039882961623,0.030624297,3.2359734,51130,1.69419974873025
"TFPI2","down",0.0039883156138,0.030624297,3.0350671,7980,1.60172841228562
"DEFB132","down",0.0039908253213,0.030631996,3.8493103,400830,1.94459997414356
"DCTN1","up",0.0039924512518,0.030632907,2.5063918,1639,1.32561195485724
"FAM13B","up",0.0039959304138,0.030635841,2.0265114,51306,1.01899829118895
"ANKRD63","down",0.0039989162722,0.030635841,2.5331264,100131244,1.34091906761631
"GPR137B","up",0.0039990611176,0.030635841,4.409781,7107,2.14070700996437
"BEX4","down",0.0040084071257,0.030635841,2.0480255,56271,1.03423367847
"HSP90AA1","down",0.004008471201,0.030635841,2.0809366,3320,1.05723301108048
"EIF2C1","up",0.0040103316014,0.030635841,2.7686502,26523,1.46918279057599
"CSNK1A1","down",0.0040104070018,0.030635841,2.5795567,1452,1.36712315802763
"C2orf29","up",0.0040113701313,0.030635841,2.5424913,55571,1.34624283741873
"SLC18A1","up",0.0040136896371,0.030635841,2.9040204,6570,1.53805158793265
"PKMYT1","up",0.004014074254,0.030635841,2.3546158,9088,1.23549167612122
"SLC1A6","down",0.0040145708501,0.030635841,7.5387958,6511,2.91433409483173
"PSMB11","up",0.0040146457407,0.030635841,12.566116,122706,3.65146689791406
"ZBED4","up",0.0040150380839,0.030635841,3.9654365,9889,1.9874796809922
"EIF5AL1","up",0.0040175336362,0.030635841,6.1784573,143244,2.6272466563372
"FBF1","up",0.0040207163356,0.030641567,3.7255075,85302,1.8974369672827
"FRRS1L","down",0.0040256155336,0.030664867,14.6695468,23732,3.8747523960628
"SEH1L","up",0.0040276605643,0.030664867,6.5227681,81929,2.70548433817519
"IMPDH1","up",0.0040305644084,0.030670618,2.3868882,3614,1.25513099328063
"UCP2","up",0.0040370688314,0.030690702,4.7358487,7351,2.24362299075436
"PSMB2","up",0.0040389474201,0.030690702,6.4240809,5690,2.6834900611762
"PAQR7","down",0.0040392436924,0.030690702,2.2809233,164091,1.189617934344
"DEFB131","down",0.0040531325145,0.030773715,2.0039754,644414,1.00286479869488
"OAS2","up",0.0040589740946,0.030802081,5.5416097,4939,2.47030510423268
"CHST10","up",0.0040599643173,0.030802081,3.295998,9486,1.72071536709912
"MSX2","down",0.00407585269,0.030878384,2.2334748,4488,1.15928997699616
"DBNDD2","up",0.0040794518155,0.030878384,3.6259425,55861,1.85835604708356
"TXNDC5","up",0.0040811297862,0.030878384,5.2295746,81567,2.38669359514691
"PRR22","down",0.0040857318683,0.030878384,2.9430392,163154,1.55730675847571
"DIRC2","up",0.0040864321337,0.030878384,8.50825,84925,3.08886242498421
"SNX2","up",0.0040886239126,0.030878384,5.6359399,6643,2.49465622725538
"DCTN3","down",0.004089261377,0.030878384,2.4223881,11258,1.27643002320331
"ZNF142","down",0.0040893542417,0.030878384,3.1785113,7701,1.6683512173993
"CXorf56","down",0.004091385947,0.030878384,2.7618592,63932,1.46563977265914
"FBXL18","up",0.0040917549456,0.030878384,3.6182211,80028,1.85528056996229
"TAC4","down",0.0040995940784,0.030906621,2.1933472,255061,1.13313420420045
"RASGRP3","down",0.0041064572864,0.03092898,4.325221,25780,2.11277385008077
"AFMID","down",0.0041074034211,0.03092898,2.8730209,125061,1.52256848789887
"EPSTI1","down",0.0041086467238,0.03092898,2.2299456,94240,1.15700851572068
"ASAP1","down",0.0041135524836,0.030954444,5.0125786,50807,2.32555295399971
"SLC37A4","up",0.0041156340896,0.030958647,3.2287004,2542,1.69095357551752
"SLC6A9","down",0.0041183688074,0.030967757,2.7015255,6536,1.43377429978875
"IQGAP2","down",0.0041209326432,0.030975575,9.3938538,10788,3.23171714057715
"SNAPC2","up",0.0041277202236,0.031015125,3.37708,6618,1.75577635590334
"ITGB3","down",0.004129768169,0.031019046,5.4620514,3690,2.44944289048112
"FKBP1A","up",0.0041326986628,0.031019521,4.3501148,2280,2.12105347434189
"OVCA2","up",0.0041328837454,0.031019521,6.2759521,124641,2.64983434125499
"C3orf62","up",0.0041355573736,0.03102813,2.3308156,375341,1.22083487169599
"NUPL2","up",0.0041378734526,0.031034051,7.0848783,11097,2.82474307156327
"HIPK1","down",0.0041412516063,0.03104793,2.6096925,204851,1.38387982409002
"DNA2","up",0.0041471276276,0.031070787,12.5715663,1763,3.65209250220094
"C1orf95","down",0.0041473577396,0.031070787,6.328901,375057,2.66195500052199
"INPP4A","up",0.0041514261771,0.031089807,3.4961824,3631,1.8057804539206
"TAGLN","up",0.004158149664,0.031128689,13.3140938,6876,3.73488233231783
"SMG7","down",0.0041599203012,0.031130479,4.4173039,9887,2.14316608977923
"ITGB1BP1","up",0.0041648077744,0.03114412,2.6365238,9270,1.39863702003919
"KRTAP1-5","up",0.0041686815072,0.031161623,2.1319439,83895,1.09216947550016
"KIFC2","up",0.0041707916815,0.031165934,4.8765424,90990,2.28585860058287
"ADRBK1","down",0.0041750674911,0.031186419,3.2701369,156,1.70935103352669
"CBY1","up",0.0041853873415,0.03125202,4.1910236,25776,2.06730264542632
"DLGAP4","up",0.0041920444016,0.031290232,3.7052045,22839,1.88955317086955
"FHL3","up",0.0041956933435,0.031305972,3.633634,2275,1.8614131105525
"FCHSD2","down",0.0042038474135,0.031331794,2.6561944,9873,1.40936073766851
"TMEM212","up",0.0042087114259,0.031336425,3.5289523,389177,1.81923992968733
"ASH1L","down",0.0042090253647,0.031336425,6.8403857,55870,2.77407767478795
"TPP1","up",0.0042136671598,0.031354428,2.5890589,1200,1.37242778631617
"RALGAPA1","down",0.0042145287961,0.031354428,6.9306009,253959,2.79298044296381
"SLC12A6","down",0.0042197706857,0.031372146,3.6230207,9990,1.85719304860159
"SRF","down",0.004230812498,0.031441047,2.9152947,6722,1.5436417293052
"SALL1","up",0.0042353109415,0.031452648,4.2449381,6299,2.08574351644636
"RRAGB","up",0.0042364149727,0.031452648,2.1732218,10325,1.119835424142
"MCF2L","down",0.0042427168399,0.031467514,2.5325345,23263,1.34058192258609
"TADA1","up",0.0042430828958,0.031467514,4.7278796,117143,2.24119329636684
"RAB11FIP2","down",0.0042436632626,0.031467514,3.4436885,22841,1.78395464917206
"PLIN3","up",0.0042476989932,0.031485953,5.0522268,10226,2.33691940474124
"TMEM120A","up",0.0042525252182,0.031510235,2.698725,83862,1.43227797371121
"DCAF6","up",0.0042600201214,0.031554267,2.7297364,55827,1.44876164243672
"ASNS","up",0.0042659370237,0.031579686,10.3665818,440,3.37386836385775
"MMP16","up",0.0042681129693,0.031579686,11.1401483,4325,3.47769653315332
"PLBD2","down",0.004273998319,0.031587337,4.8925151,196463,2.29057630351667
"F8A1","up",0.0042753635591,0.031587337,3.4148219,8263,1.7718103367329
"NDUFAF2","up",0.0042786815715,0.031591394,8.327431,91942,3.05787149496745
"TEDDM1","down",0.0042790213256,0.031591394,2.6039537,127670,1.38070379667012
"CRISPLD1","down",0.0042838014356,0.031603726,5.1525495,83690,2.36528645965031
"TRIM4","up",0.0042858482428,0.031607353,5.795601,89122,2.53495827551324
"GJC3","up",0.0042914478238,0.031633121,2.4171701,349149,1.27331900135818
"QRFPR","down",0.0042937905366,0.031633121,3.830246,84109,1.93743705313793
"RGPD5","up",0.0042952850766,0.031633121,2.0167925,84220,1.01206265825905
"CD8A","up",0.0042955677629,0.031633121,3.1953894,925,1.67599175314945
"RLF","down",0.0042983786576,0.031642356,2.8032169,6018,1.48708337778028
"LRRC38","up",0.004305553198,0.031683175,3.5012223,126755,1.80785866443025
"FAM18B2","up",0.004309206919,0.031683175,3.2940417,201158,1.71985881857441
"EIF4G1","down",0.004309471506,0.031683175,2.972002,1981,1.57143508673422
"CRLS1","up",0.0043147338758,0.031705338,4.7724796,54675,2.25473903083157
"DKK3","down",0.0043205417633,0.031731854,5.3510377,27122,2.41981869328453
"LIX1L","up",0.004321464766,0.031731854,2.0196261,128077,1.01408822683581
"AADACL2","up",0.0043231050417,0.031732434,5.7132878,344752,2.51432120577952
"ZNF467","up",0.0043275056053,0.031733238,6.7073333,168544,2.74573929406248
"SMPD4","down",0.0043339313701,0.031750441,4.3460456,55627,2.11970331178306
"ZFHX3","down",0.0043355410229,0.031750441,2.6717066,463,1.41776158342339
"SCRT1","down",0.004336331966,0.031750441,3.4721842,83482,1.7958434850455
"SLC25A42","up",0.0043369032841,0.031750441,5.6937745,284439,2.50938535676583
"TRMT13","up",0.004338055395,0.031750441,5.4668619,54482,2.45071293165573
"PAK4","down",0.0043438025804,0.031775463,3.5410523,10298,1.82417815194499
"BRPF1","up",0.0043459736654,0.031775463,2.5073722,7862,1.32617616898304
"CCL19","down",0.0043461641605,0.031775463,7.9706135,6363,2.99469077306691
"TMEM62","up",0.0043516119909,0.031803852,4.7850928,80021,2.25854690398017
"EIF3A","down",0.004358073979,0.031839631,4.9747573,8661,2.31462614362064
"FAM221A","up",0.0043616841319,0.031843114,4.5885225,340277,2.19802968194632
"DDX26B","up",0.0043690021306,0.031854494,2.1072921,203522,1.07539030561861
"ZNF385D","down",0.0043690313863,0.031854494,3.1933819,79750,1.67508509668801
"TMEM213","up",0.0043694066784,0.031854494,2.9109727,155006,1.54150130948497
"EPHA4","down",0.0043695118389,0.031854494,8.7680304,2043,3.13225280033462
"C16orf87","up",0.0043785993894,0.031909298,3.6697646,388272,1.87568752320345
"TMEM87B","up",0.0043912066908,0.031966789,12.7585558,84910,3.67339312790109
"GLO1","up",0.0043954009278,0.031983089,6.1368613,2739,2.61750097730573
"RPL28","up",0.0043965929379,0.031983089,3.2002978,6158,1.67820615967294
"RAPGEF6","up",0.0044047836411,0.032001568,3.915455,51735,1.96917996731242
"POPDC3","up",0.0044049553682,0.032001568,2.1644673,64208,1.11401200499277
"RFESD","up",0.0044054311441,0.032001568,3.555178,317671,1.8299217942437
"RABL2B","up",0.0044089487007,0.032007482,12.9138938,11158,3.69085216284155
"N4BP2L1","up",0.0044093948369,0.032007482,2.3777454,90634,1.24959424501553
"APP","down",0.0044122462769,0.032016746,2.3181161,351,1.21295282376446
"CSGALNACT1","up",0.0044177132633,0.032034651,4.2021725,55790,2.07113538613911
"SLC6A12","up",0.00442089293,0.032034651,2.9783162,6539,1.57449692919045
"SESN3","up",0.0044210183009,0.032034651,4.1119892,143686,2.03983647534723
"TMEM19","up",0.0044241182208,0.032045689,5.0399625,55266,2.33341299934716
"KHK","up",0.00442576541,0.032046199,2.5929717,3795,1.37460646053272
"INPP5K","up",0.0044319371562,0.032070354,18.3738893,51763,4.19958513668325
"METTL21A","down",0.0044382143181,0.032097759,2.126846,151194,1.08871557486902
"CRYAB","up",0.0044395820151,0.032097759,2.0053059,1410,1.00382232982265
"RPL35","up",0.0044429632291,0.032100394,5.5102432,11224,2.46211599496539
"CCL13","up",0.0044443055324,0.032100394,6.7119441,6357,2.74673070043378
"ALG12","up",0.0044479161663,0.032115061,3.8775594,79087,1.95514888195229
"ATP7B","down",0.0044512865175,0.032127982,5.8233912,540,2.54185953846065
"CDY1B","up",0.0044535239139,0.03213272,3.2675342,253175,1.70820233622337
"PPP2R2B","up",0.0044582782402,0.032148782,2.2457464,5521,1.16719502118495
"CBFA2T3","up",0.0044589134392,0.032148782,2.763005,863,1.46623817288825
"CDC42SE2","up",0.0044607448354,0.032150581,3.4217528,56990,1.77473553799913
"SDAD1","down",0.0044670328897,0.032160545,3.9455638,55153,1.98023146838744
"ZNF322","down",0.0044673429481,0.032160545,4.565828,79692,2.19087651260228
"GRIK1","down",0.0044694851657,0.032160545,3.8249228,2897,1.935430629588
"WDR49","up",0.0044709686771,0.032160545,3.5267899,151790,1.81835563324745
"BARHL1","down",0.004471138683,0.032160545,4.3269908,56751,2.11336405332082
"FZD2","up",0.0044823169886,0.032214672,2.7085843,2535,1.43753899289475
"ACTR1A","up",0.0044867205991,0.032234923,5.2543183,10121,2.39350359977152
"FAM220A","up",0.0044938849636,0.032255694,4.8847779,84792,2.28829296754618
"EFEMP2","up",0.0044940899386,0.032255694,5.1691982,30008,2.36994051988417
"POMT1","down",0.0044948295977,0.032255694,2.5392297,10585,1.34439090781004
"PRH2","down",0.0044959597295,0.032255694,5.8794015,5555,2.5556693018425
"DOC2A","down",0.0045035940915,0.032299065,6.3107927,8448,2.65782123381804
"PTMA","up",0.0045154151241,0.032361006,2.1221344,5757,1.08551602857753
"SLC15A2","up",0.0045219662064,0.032378745,3.3256022,6565,1.73361560746753
"MYLIP","down",0.0045226694454,0.032378745,3.0976966,29116,1.63119584809444
"ATP5B","up",0.0045279622483,0.032397523,4.2618477,506,2.09147903836214
"IL31RA","up",0.004528480267,0.032397523,4.5230059,133396,2.17728187788292
"IL1RAP","down",0.0045301020068,0.032397721,10.807768,3556,3.43399670604388
"FAM48A","up",0.0045357556745,0.032415343,4.1512152,55578,2.05353372354
"USP19","up",0.0045475051334,0.032469304,5.9667128,10869,2.576936336305
"FASTKD3","up",0.0045478625619,0.032469304,6.2302695,79072,2.63929457061753
"IL4R","down",0.0045480987647,0.032469304,240.433009,3566,7.90949116673669
"TFRC","down",0.0045521020384,0.032486473,2.5044952,7037,1.32451984659568
"FAM190A","up",0.0045542729214,0.032490529,3.6247028,401145,1.85786270918449
"CD84","up",0.0045597128222,0.032497302,2.7521514,8832,1.46055983705351
"WDR60","down",0.0045600149604,0.032497302,4.5322197,55112,2.18021779770256
"N4BP1","up",0.004563032769,0.032499285,3.8361091,9683,1.93964375158407
"FOLR3","up",0.0045668891207,0.032501026,2.1394903,2352,1.0972671380997
"ARID4B","down",0.0045669338785,0.032501026,6.9851389,51742,2.80428880401681
"SH2D1A","up",0.0045718301952,0.032506267,3.5303721,4068,1.81982025106955
"UROD","up",0.0045724652632,0.032506267,3.4716741,7389,1.79563152255725
"FRMD1","up",0.0045724682432,0.032506267,3.3325079,79981,1.73660829535245
"MARCH4","down",0.0045789990232,0.032532396,3.1647866,57574,1.66210822271798
"ACER1","up",0.0045809455196,0.032532396,3.5469451,125981,1.82657700025599
"DCTN4","up",0.0045828002642,0.0325342,5.1644988,51164,2.36862834641081
"USP5","up",0.004593671318,0.032547333,3.6574371,8078,1.87083305334575
"CDC37","down",0.0045946698993,0.032547333,2.0606098,11140,1.04307133995669
"KCNMB4","down",0.0045947073828,0.032547333,2.008622,27345,1.00620609068368
"RHBDF2","down",0.0045960723123,0.032547333,2.8355532,79651,1.50363022407026
"TCOF1","up",0.0045964008909,0.032547333,3.6839096,6949,1.88123765935762
"ADAMTS12","down",0.0045974608631,0.032547333,3.5355092,81792,1.82191801345352
"TMEM63B","up",0.0045994308863,0.032549458,4.2728004,55362,2.09518192440119
"HNRNPH1","down",0.004602297601,0.032549458,5.3015606,3187,2.40641710278339
"ZBED5","up",0.0046046878582,0.032549458,5.3053503,58486,2.40744801209914
"CHM","down",0.0046057683653,0.032549458,8.7462733,1121,3.12866842987285
"PKN3","up",0.0046131630809,0.032582774,2.1019617,29941,1.07173638208626
"RPL27A","up",0.0046148126254,0.032582774,15.6832009,6157,3.97114813465116
"WDR36","up",0.0046167060691,0.032582774,2.7877722,134430,1.47911267764915
"CCNT1","down",0.0046268080737,0.032630074,5.3623725,904,2.42287144036426
"FAM118B","up",0.0046339695412,0.032669244,6.7797719,79607,2.761236735858
"GAGE12J","up",0.0046365925041,0.032671416,3.9991914,729396,1.99970832971592
"CELA3B","up",0.0046408413535,0.032671416,4.211532,23436,2.07434512800846
"DOCK5","down",0.0046408967562,0.032671416,3.1346541,80005,1.64830625459134
"HIPK3","down",0.0046470596598,0.032682176,3.2089212,10114,1.68208836245703
"CTAGE1","up",0.0046493404945,0.032686906,10.0109848,64693,3.3235119967528
"ZNF420","down",0.0046540552721,0.032708739,2.9918476,147923,1.58103668848626
"PRDM2","up",0.0046667660778,0.032777688,4.0016358,7799,2.00058986953162
"BSG","up",0.0046676007484,0.032777688,4.2641573,682,2.09226065848737
"SYN2","up",0.0046703166171,0.032777688,3.4671157,6854,1.79373598105505
"DUSP26","down",0.0046832687699,0.03283318,17.537139,78986,4.13234150132583
"THPO","down",0.0046846849599,0.03283318,4.3630677,7066,2.12534285961781
"RNF128","up",0.0047015827373,0.032937411,2.5241222,79589,1.33578175701872
"SRPK1","up",0.0047049620553,0.032941217,2.0122704,6732,1.0088241811512
"ALOX12B","up",0.0047074709434,0.032947434,5.2791426,242,2.40030363655869
"GMPR","up",0.0047132755759,0.032952793,3.2082118,2766,1.68176938890103
"DGKZ","up",0.0047145220205,0.032952793,7.4904064,8525,2.90504399576799
"ZNF747","up",0.0047147219329,0.032952793,2.3274921,65988,1.21877627098056
"IQCF5","up",0.0047191294578,0.032967468,4.6918262,389124,2.2301495723941
"XPOT","up",0.0047226750307,0.032967468,3.6892447,11260,1.88332548319604
"SIGLEC10","down",0.0047233095341,0.032967468,2.805339,89790,1.48817511809524
"SIRT3","up",0.0047267535248,0.03298018,4.5191528,23410,2.1760523377293
"DHCR7","up",0.0047304081337,0.032983034,8.3208578,1717,3.05673226394503
"AZGP1","up",0.0047325287105,0.032986504,3.3168655,563,1.72982051154795
"TMEM33","up",0.0047347954954,0.03299099,4.543897,55161,2.18393013253771
"HSP90B1","down",0.0047393893776,0.032991042,7.6919764,7184,2.94335433630558
"GEMIN2","up",0.0047417510661,0.032991042,3.9439383,8487,1.97963698199465
"PILRA","up",0.0047422308012,0.032991042,11.418835,29992,3.51334356297358
"NR2C2","down",0.0047472855268,0.03299883,3.4400312,7182,1.78242164977655
"NAA16","down",0.0047501310376,0.033006715,4.3297755,79612,2.11429222277341
"RELL1","down",0.0047516677808,0.033006715,2.4403157,768211,1.28706779916608
"GOT1","up",0.004762914175,0.03305251,9.7428575,2805,3.28434496496392
"MED23","up",0.0047680464696,0.03305251,2.653827,9439,1.40807432610486
"FSTL3","up",0.0047687398124,0.03305251,2.3425202,10272,1.22806148857354
"TMEM87A","up",0.0047705713767,0.03305251,10.8296044,25963,3.43690863787217
"AMACR","up",0.0047724106523,0.03305251,2.2518712,23600,1.17112431212716
"SBF2","down",0.0047727678217,0.03305251,3.669302,81846,1.87550564974101
"BIRC6","down",0.0047802244403,0.033091983,3.0900507,57448,1.62763050933952
"ISCA1","up",0.004783159782,0.033101029,2.3512512,81689,1.23342868005197
"RPL26","up",0.0047890581059,0.033128416,12.6353437,6154,3.65939300313851
"TIMM9","up",0.0047903771028,0.033128416,4.5700217,26520,2.19220101570086
"ZBTB6","up",0.0048001857542,0.033175381,3.8621072,10773,1.94938820954024
"B4GALNT2","up",0.0048004328089,0.033175381,4.4720451,124872,2.16093473764851
"ABCA6","up",0.0048056000804,0.033199803,2.6540391,23460,1.40818962502633
"BAZ1A","down",0.0048072707357,0.03320006,7.5608952,11177,2.9185570577455
"KPTN","up",0.0048160060841,0.033239665,2.2493667,11133,1.16951887371975
"PCSK5","down",0.0048162762236,0.033239665,2.3937979,5125,1.25930135571689
"ZFAND6","up",0.0048195350814,0.033250866,2.8550173,54469,1.51349948763666
"DPM3","down",0.0048224149708,0.033259445,3.5909664,54344,1.84437215403845
"ALKBH4","up",0.0048307466779,0.033303906,3.3285771,54784,1.73490558586143
"CALN1","up",0.004833410829,0.033303906,2.0132152,83698,1.00950139549754
"BRIX1","up",0.0048337771908,0.033303906,2.0818258,55299,1.05784935394448
"TMEM173","up",0.0048391796228,0.03332606,7.2495442,340061,2.85789029153154
"C5orf54","up",0.0048470539375,0.033352031,3.4220798,63920,1.77487340264495
"MKRN2","up",0.0048473259928,0.033352031,4.3966595,23609,2.13640780712802
"WT1","up",0.0048642303293,0.033432096,2.8862861,7490,1.5292143125088
"GPR34","up",0.0048646964564,0.033432096,3.9851272,2857,1.99462577387207
"WDR85","up",0.0048655419305,0.033432096,2.6516319,92715,1.40688051417467
"MTMR3","up",0.0048690882605,0.033433915,2.0645258,8897,1.04581044772188
"TPD52L2","up",0.004870033318,0.033433915,2.9223896,7165,1.54714852465738
"ATXN10","up",0.0048723301081,0.033433915,3.2843302,25814,1.71559918008608
"RB1","up",0.0048723864858,0.033433915,2.0881719,5925,1.06224048061924
"HERC4","up",0.0048743432748,0.033436054,5.138348,26091,2.36130460158023
"RSC1A1","up",0.0048799272682,0.033463064,4.9476909,6248,2.30675537279478
"CDKN2A","down",0.0048896428613,0.033518378,5.6848075,1029,2.50711149713909
"MAD2L1BP","down",0.0048977347689,0.03355664,3.2533086,9587,1.70190767899539
"PRR21","up",0.0049015390686,0.033565964,6.8330183,643905,2.77252299060355
"CHORDC1","down",0.0049043499174,0.033568599,2.5956894,26973,1.37611776088385
"ARL6IP1","down",0.0049065355615,0.033568599,3.3671282,23204,1.75151865136551
"MTG1","up",0.0049076717811,0.033568599,5.7157052,92170,2.51493150819966
"UBXN11","up",0.0049085302194,0.033568599,3.169067,91544,1.66405816131243
"C1QTNF1","up",0.0049111212519,0.033575022,2.5576383,114897,1.3548122533937
"ST7","up",0.0049129222783,0.033576041,2.3412938,7982,1.22730598408998
"MS4A5","up",0.0049216787867,0.033582063,2.4303325,64232,1.28115370612956
"DSTN","up",0.0049219126092,0.033582063,3.4749459,11034,1.79699051728671
"PAPD4","up",0.0049224140945,0.033582063,4.3456459,167153,2.11957062294838
"MFAP3L","down",0.0049233878578,0.033582063,3.327308,9848,1.73435541882247
"BCL6B","down",0.0049247217432,0.033582063,4.2034943,255877,2.07158911678682
"TBCA","up",0.0049370582045,0.033650472,2.7138224,6902,1.44032630991556
"PEX2","up",0.0049512169548,0.033724358,5.0543035,5828,2.33751229760252
"MBLAC2","up",0.0049638995218,0.033786086,2.4662617,153364,1.30232589514222
"PPP1R13B","down",0.0049652663932,0.033786086,4.4332812,23368,2.14837487456703
"FBXO8","up",0.0049703464745,0.033796098,3.1251682,26269,1.64393383930292
"PDPN","up",0.0049704939196,0.033796098,3.6208615,10630,1.8563329939683
"LCN8","up",0.0049732451887,0.033796098,2.7657057,138307,1.46764764682106
"CUL4B","up",0.0049744662808,0.033796098,2.3042958,8450,1.20432592589535
"CCNA1","down",0.004975051655,0.033796098,3.3789596,8900,1.75657910124806
"TEX30","up",0.0049909377828,0.033847159,5.3439848,93081,2.41791590433221
"SPATA24","down",0.0049919253387,0.033847159,2.579895,202051,1.36731235012067
"CDR2L","down",0.0049932143745,0.033847159,3.4473697,30850,1.78549602332261
"STX4","down",0.0049937697576,0.033847159,4.3626105,6810,2.12519167362213
"NAGPA","down",0.0049987342558,0.033866425,135.9802013,51172,7.08725280032663
"COMMD7","up",0.0050091504168,0.033914384,2.1636167,149951,1.11344493817171
"PHLPP1","down",0.0050129657746,0.033928914,12.5094504,23239,3.6449465012886
"TOP2B","down",0.0050159804316,0.03393748,5.9938858,7155,2.58349159680725
"DPH3","up",0.0050175708812,0.03393748,2.0880036,285381,1.0621241993109
"MAP7D3","down",0.0050195192723,0.033939364,3.5977176,79649,1.84708194782645
"SIX4","down",0.0050230761695,0.033952119,7.7013002,51804,2.94510203460488
"FUT7","up",0.0050258869436,0.033959825,2.2158123,2529,1.1478356768166
"POC1B","up",0.0050309957766,0.033970813,4.5351092,282809,2.18113728954139
"SPTBN1","down",0.0050338995467,0.033970813,3.6173445,6711,1.85493100047486
"C10orf54","down",0.0050379624704,0.033973652,2.8088875,64115,1.48999884360198
"CNNM3","up",0.0050451866471,0.0340014,2.8426158,26505,1.50721912156531
"GNAL","up",0.005051585905,0.034031264,2.8181874,2774,1.4947675492137
"CCDC102B","down",0.005070705906,0.03411502,6.3304889,79839,2.66231692246065
"DDX47","up",0.0050713653758,0.03411502,5.1797508,51202,2.3728826909133
"FAM3C","down",0.0050744517125,0.03411502,4.3561381,10447,2.12304969166432
"LOC100505549","up",0.0050761257681,0.03411502,4.7679781,100505549,2.25337760931225
"H2AFB1","up",0.0050773562788,0.03411502,4.9974654,474382,2.32119657849142
"SLC7A7","up",0.0050786285606,0.03411502,7.5382017,9056,2.91422039777445
"ZAP70","down",0.0050790677228,0.03411502,4.3963197,7535,2.13629630276437
"MNX1","up",0.0050832610716,0.034127534,2.2209588,3110,1.15118263035135
"PSMA5","up",0.0050864077359,0.034127534,3.813667,5686,1.93117887657609
"ECD","up",0.0050893261722,0.034127534,2.1055391,11319,1.07418966669786
"ZSCAN2","up",0.0050947058826,0.034134436,3.8792204,54993,1.95576674569506
"TMED7","up",0.005095393828,0.034134436,4.4178276,51014,2.14333712048631
"LRPAP1","up",0.0051026628195,0.034171869,3.0219724,4043,1.59549048427344
"ACOT9","up",0.0051113741041,0.034218932,2.4041173,23597,1.26550728872788
"OMA1","up",0.0051186899359,0.034256626,3.8408794,115209,1.94143666531302
"SNTB2","down",0.0051310786047,0.034317046,2.2606116,6645,1.17671314118811
"PABPC3","up",0.0051325444777,0.034317046,5.0760213,5042,2.34369812302849
"KDSR","up",0.00513655959,0.034317046,3.0034582,2531,1.58662458559824
"GALT","up",0.0051395368588,0.034317046,2.0778519,2592,1.0550928290497
"TMED1","down",0.005146244212,0.034350263,2.5909041,11018,1.37345561643853
"PCDHGA3","up",0.0051494673056,0.034350263,4.4267815,56112,2.14625816570008
"SCOC","up",0.0051499473636,0.034350263,6.4136266,60592,2.68114036282079
"PICK1","up",0.0051528047204,0.034350263,2.8976534,9463,1.53488503864717
"RAC1","up",0.0051534879144,0.034350263,4.2494683,5879,2.08728234032318
"TANC2","down",0.0051571700598,0.034350263,3.838739,26115,1.94063247312933
"P4HA3","up",0.0051610812488,0.034351323,2.7671771,283208,1.46841497973229
"MED17","up",0.0051615714766,0.034351323,3.952549,9440,1.9827833478762
"SYNE2","up",0.0051667694012,0.034360955,3.7599475,23224,1.91071251774907
"UGDH","up",0.0051692923328,0.034360955,5.6970911,7358,2.51022547597641
"CHRDL1","down",0.0051697811452,0.034360955,4.546145,91851,2.18464369987173
"KIF14","down",0.0051736937574,0.034375719,4.8987251,9928,2.29240633469193
"CHST2","up",0.0051820877603,0.034408995,4.8943412,9435,2.29111467975598
"KRTAP1-3","up",0.0051940897791,0.034477425,6.5326588,81850,2.70767028991467
"CMC2","up",0.0052022388178,0.034516147,2.3649276,56942,1.2417960175098
"TBL1XR1","down",0.0052033197855,0.034516147,3.9881259,79718,1.99571095448
"SEPT9","down",0.0052075591714,0.034532998,2.5241989,10801,1.33582559524036
"EGFR","down",0.005211367636,0.034546982,5.5298828,1956,2.46724890439297
"NINJ2","up",0.0052262192986,0.03463414,2.3449361,4815,1.22954860953418
"WRNIP1","up",0.0052293412662,0.034643534,4.6086723,56897,2.20435118837911
"ADCK5","up",0.0052385608404,0.034682003,3.1527922,203054,1.65663008536888
"FAM25A","up",0.0052467188684,0.034719318,8.3823309,643161,3.06735147426813
"EFHC1","up",0.0052476135743,0.034719318,14.2393932,114327,3.831815763242
"CELF5","up",0.0052495371884,0.034720743,2.336173,60680,1.22414711368735
"GBP3","down",0.0052532250293,0.034722745,2.0598922,2635,1.0425688390615
"FLNA","down",0.005253256592,0.034722745,4.6457654,2316,2.21591630334989
"C17orf51","up",0.0052552518818,0.034724641,3.993949,339263,1.9978159106695
"KIF12","up",0.0052595696903,0.034741876,2.1673124,113220,1.11590712087369
"RGP1","up",0.0052648406899,0.034755052,2.2625202,9827,1.17793067277473
"IRF2","up",0.0052649842743,0.034755052,4.7822635,3660,2.25769362391613
"TICAM2","up",0.0052700732353,0.03477735,3.088164,353376,1.62674937038582
"GUCY1A3","down",0.0052718488763,0.034777776,4.5451524,2982,2.18432866912524
"NUP35","up",0.0052736753531,0.034778537,3.8792712,129401,1.95578563826126
"FBXO15","up",0.005278409184,0.034798465,4.3883192,201456,2.13366846911127
"CLYBL","up",0.0052836681922,0.034809548,2.4040442,171425,1.26546342122988
"GATA3","down",0.0052849119895,0.034809548,7.8719279,2625,2.97671700690825
"RRBP1","down",0.0052869409262,0.034809548,10.2368438,6238,3.35569907038464
"HNRNPR","down",0.0052890706921,0.034811112,2.5164562,10236,1.33139348732708
"CDK18","up",0.005293835597,0.034821103,2.5158777,5129,1.3310617926894
"OR2A7","up",0.0052993238777,0.034845926,3.6967358,401427,1.88625194002233
"SORCS1","down",0.0053122962505,0.034919929,4.922674,114815,2.29944220145452
"C16orf52","down",0.0053209125459,0.03496137,6.0075102,730094,2.58676719287273
"CEPT1","up",0.0053278841302,0.034977146,4.1254831,10390,2.04456307091356
"NF1","down",0.0053310419673,0.034986577,201.049727,4763,7.65140856691766
"RUNX1T1","down",0.0053335586143,0.034991794,6.2678477,862,2.6479701247492
"MDN1","down",0.00533866768,0.035004678,4.2569246,23195,2.08981153687333
"NFKBID","up",0.0053424114288,0.035004678,2.1357732,84807,1.09475845385707
"PTPRF","down",0.0053715793987,0.035139154,3.9230111,5792,1.9719614174676
"TET2","up",0.0053828536639,0.035156568,2.1511038,54790,1.10507714267455
"ITFG3","up",0.0053830268322,0.035156568,2.8482151,83986,1.51005810416422
"AREG","down",0.0053855233833,0.035156568,4.48086,374,2.16377565162745
"ERP29","up",0.0053881888117,0.035156568,3.3078944,10961,1.72591317918027
"BCL2L12","up",0.0053919952271,0.035156568,2.8221142,83596,1.496776369381
"MAMSTR","up",0.0053926446627,0.035156568,2.3479579,284358,1.23140654047278
"ANKHD1-EIF4EBP3","up",0.0053948948633,0.035156568,3.3721199,404734,1.75365583404397
"SLC2A13","up",0.005395274577,0.035156568,2.9417421,114134,1.5566707723031
"ANXA8","down",0.0053967277519,0.035156568,2.6257521,653145,1.39273071631348
"SPATA7","up",0.0053987877025,0.035158718,4.3318386,55812,2.11497949056456
"PDIA2","down",0.0054019616242,0.035163103,3.0980876,64714,1.63137793763905
"ESD","up",0.0054150664725,0.035208326,2.2946456,2098,1.19827135163297
"RSPH9","up",0.0054190714765,0.035218424,3.2718392,221421,1.7101018463655
"TRAPPC1","up",0.0054200851889,0.035218424,4.0730404,58485,2.02610612433165
"SLC4A4","up",0.0054223443578,0.035219407,4.6886012,8671,2.2291575724581
"ARFGAP2","up",0.0054239056401,0.035219407,2.7519877,84364,1.46047402193367
"ZNF24","down",0.0054352014966,0.035257562,6.2313633,7572,2.63954783114367
"MLL3","down",0.0054365166397,0.035257562,11.8254436,58508,3.56382239832657
"RPS28","up",0.0054434640404,0.03527198,6.7144955,6234,2.74727900546196
"PSORS1C2","up",0.0054454728568,0.03527198,2.5292533,170680,1.33871152745368
"ITGB5","up",0.0054456813636,0.03527198,2.5816605,3693,1.36829929221362
"HTT","up",0.0054522586091,0.035283852,2.3525736,3064,1.23423985821164
"STXBP3","up",0.0054527272276,0.035283852,3.519979,6814,1.81556682184944
"YIPF1","up",0.0054547024832,0.035283852,5.4316054,54432,2.44137867322372
"CYP2E1","up",0.0054572669683,0.035283852,2.1768817,1571,1.12226300814132
"KHDC1","up",0.0054580736033,0.035283852,2.9275475,80759,1.54969257891044
"MEF2BNB-MEF2B","down",0.0054597096308,0.035283852,5.9095188,4207,2.56304065948613
"BTBD18","down",0.005461402076,0.035283852,5.6180404,643376,2.49006699909409
"BMP2","up",0.0054642649627,0.03529113,3.2945206,650,1.72006854768521
"GPR125","up",0.0054664596239,0.035294089,6.4558066,166647,2.69059735968753
"PRR24","down",0.005470696186,0.035310225,7.5742038,255783,2.92109424051117
"ANKRD36","down",0.0054769429453,0.035339322,6.7775988,375248,2.76077423900819
"ZG16B","up",0.0054847295153,0.035364997,2.9256408,124220,1.54875265127074
"G2E3","down",0.0054847906668,0.035364997,2.7992552,55632,1.48504301924065
"COG6","down",0.0054899044041,0.03537803,7.249505,57511,2.85788249051717
"ZCCHC11","up",0.0054948111656,0.035387915,3.1108766,23318,1.63732116822525
"EFNA4","up",0.0054949205022,0.035387915,2.019518,1945,1.01401100486497
"SCG5","up",0.0054978818443,0.035395771,2.6714333,6447,1.41761399658778
"ATIC","up",0.0055090136317,0.035439757,4.4896469,471,2.16660198491062
"IGSF23","up",0.0055099449709,0.035439757,3.6077524,147710,1.85110032984896
"TMEM109","up",0.0055210912987,0.035477768,2.2284326,79073,1.15602932661526
"METAP2","down",0.0055264468194,0.035500958,2.1270685,10988,1.0888664945205
"SOAT2","up",0.0055341408845,0.035522989,3.1614068,8435,1.66056668870066
"SLC22A15","up",0.0055352831288,0.035522989,3.0788143,55356,1.62237485323903
"ASCL4","up",0.005536867422,0.035522989,5.4222406,121549,2.43888913101508
"PARD3B","down",0.0055443162131,0.035559554,5.0806654,117583,2.3450174549532
"BSDC1","up",0.0055509339957,0.035587312,2.9504064,55108,1.56091369036682
"CT47A7","up",0.0055539060585,0.035587312,2.3936317,653282,1.25920118675946
"MAP3K4","up",0.0055540986451,0.035587312,2.6688188,4216,1.41620135672916
"USP36","down",0.005555647722,0.035587312,3.5032511,57602,1.80869439885699
"NR3C1","up",0.0055640135271,0.035629671,4.6783792,2908,2.22600880221789
"GPSM1","up",0.0055746918014,0.035661018,2.6657735,26086,1.41455420566749
"UFSP2","up",0.0055768139429,0.035661018,2.9911318,55325,1.58069148217811
"ARHGAP44","up",0.0055803025725,0.035661018,3.2314671,9912,1.6921893034189
"ANKFN1","up",0.0055819616544,0.035661018,2.2461993,162282,1.1674859403678
"EGFL7","down",0.0055825419223,0.035661018,2.5337364,51162,1.3412664399506
"RNASE1","up",0.0055828176216,0.035661018,5.268685,6035,2.39744292757195
"MSL2","up",0.0055860728515,0.035661018,25.489732,55167,4.67184429977735
"ZNF763","up",0.0055871827797,0.035661018,2.0490939,284390,1.03498609755577
"FAM71F1","up",0.0055882087284,0.035661018,3.6657454,84691,1.87410658868395
"DKK1","up",0.0055981933307,0.035702315,4.4579781,22943,2.1563895293166
"FBXO3","up",0.0056033361276,0.035723904,5.4690369,26273,2.45128679610212
"GBE1","up",0.0056110024795,0.035761563,5.9525688,2632,2.57351239031211
"PDGFA","down",0.005618234738,0.035774528,4.4897428,5154,2.16663280091461
"PRMT2","down",0.005624065766,0.035774528,2.1366763,3275,1.0953683606147
"LPP","down",0.0056250701145,0.035774528,2.6244175,4026,1.39199724635356
"ZFAND2A","up",0.0056252265243,0.035774528,2.1899248,90637,1.13088132985851
"PPP1R2","up",0.0056253575927,0.035774528,3.6658447,5504,1.87414566877861
"CMTM6","up",0.0056357296737,0.03582254,5.0298747,54918,2.3305224612753
"NME3","up",0.0056384355903,0.03582254,5.2514623,4832,2.39271920548514
"GTF2H3","up",0.0056423414269,0.03582254,6.8323305,2967,2.77237776406532
"UBAP1L","up",0.0056437518412,0.03582254,3.1042129,390595,1.63422750702283
"AP4B1","up",0.0056448476172,0.03582254,3.6500624,10717,1.86792112793814
"UBXN7","down",0.0056452446233,0.03582254,3.4066964,26043,1.76837338220652
"OMG","down",0.0056534053121,0.035863128,3.3793697,4974,1.756754188673
"CLEC4F","up",0.005662489595,0.035909548,9.9065343,165530,3.30838043352764
"FBXO11","down",0.005665009609,0.035914323,4.7904695,80204,2.26016705724085
"GPR64","up",0.0056680999457,0.03592271,2.7124208,10149,1.43958101290628
"CKAP5","up",0.0056756931268,0.035934282,8.4949524,9793,3.08660586353941
"TNFRSF1A","up",0.00567571589,0.035934282,3.0203729,7132,1.59472667795081
"PIGO","up",0.0056758572735,0.035934282,3.9680077,84720,1.9884148253067
"RAB37","up",0.0056769977337,0.035934282,2.4340847,326624,1.28337937106885
"CRYGC","down",0.0056847695379,0.035961077,3.8070856,1420,1.92868700838379
"VDAC1","up",0.0056893950563,0.035976512,12.529288,7416,3.64723252805832
"SRSF1","up",0.0056907495472,0.035976512,4.4948403,6426,2.16826985823339
"EXOC8","up",0.0056935817104,0.035977327,5.2151274,149371,2.38270249667662
"C18orf34","down",0.0056944188045,0.035977327,5.8623276,374864,2.55147359131122
"CEP85L","down",0.0057056158617,0.03602369,2.9298472,387119,1.55082542589307
"SLC12A5","up",0.0057060015998,0.03602369,3.7595147,57468,1.91054644246396
"FAM155A","up",0.0057186560554,0.03605738,4.112311,728215,2.03994937474368
"COPS3","up",0.00571950759,0.03605738,4.85423,8533,2.27924246695593
"PANX2","down",0.0057229162385,0.036067681,7.5282773,56666,2.91231976993239
"FAM127C","up",0.0057269545885,0.036075065,4.262469,441518,2.09168934177109
"ZSCAN18","down",0.0057276376886,0.036075065,2.553309,65982,1.35236814244215
"PCSK2","down",0.0057342665584,0.036094447,161.0826536,5126,7.33165733364748
"ITIH1","down",0.0057362223678,0.036095579,3.9102108,3697,1.96724638551649
"GNA14","up",0.0057383787778,0.036097972,2.6615462,9630,1.41226460925885
"CA5B","up",0.0057440964303,0.03612276,3.1869353,11238,1.67216973034368
"CYB5R1","up",0.0057473374,0.036131962,3.1179288,51706,1.64058798350082
"PPCS","up",0.0057494634872,0.036134151,4.8525651,79717,2.27874756766685
"IFI30","up",0.0057551009172,0.036151427,2.4173893,10437,1.27344982558724
"AHI1","up",0.0057564627755,0.036151427,2.3445019,54806,1.2292814482289
"SEC11A","up",0.0057581818499,0.036151427,2.4802915,23478,1.31050968548748
"HEATR5B","up",0.0057610887479,0.036151427,8.3142798,54497,3.05559129971596
"AQP1","up",0.0057611056343,0.036151427,5.4240065,358,2.43935890736661
"MED30","up",0.0057693771849,0.03616902,9.4213195,90390,3.23592913019832
"TUBD1","up",0.0057733045685,0.03616902,2.8883854,51174,1.53026325523489
"OR6T1","up",0.0057738663972,0.03616902,7.2366968,219874,2.85533132745967
"UQCR11","up",0.0057741187524,0.03616902,3.2338913,10975,1.6932711866698
"SUMF2","down",0.0057745864638,0.03616902,2.1054422,25870,1.07412327022657
"ORC1","down",0.0057950791109,0.036266265,2.4109702,4998,1.2696138190956
"FAM108B1","up",0.0058017770534,0.036294589,2.017175,51104,1.01233625037638
"HMGCL","up",0.0058049958277,0.036303551,5.6552531,3155,2.49959159325907
"CNOT4","up",0.0058134888853,0.036325921,3.1571207,4850,1.65860941743352
"LHPP","down",0.0058151750657,0.036325921,2.7711359,64077,1.47047746413886
"TBC1D26","up",0.0058157219447,0.036325921,2.9854574,353149,1.57795198279948
"TOP1","down",0.0058368594373,0.03644322,2.4411248,7150,1.28754605330777
"HUS1B","up",0.0058380873505,0.03644322,2.9924473,135458,1.58132584008502
"GTPBP3","up",0.005846957555,0.036487385,4.5742007,84705,2.19351966757346
"TMEM225","down",0.0058494469044,0.036491715,3.002066,338661,1.58595569475541
"KIAA0947","up",0.0058528543171,0.036501769,2.1188133,23379,1.08325646971538
"REEP1","up",0.0058606449924,0.036539144,2.8286381,65055,1.50010760807609
"RRP1B","down",0.0058633231704,0.036544632,5.4080879,23076,2.43511860055936
"MAGEL2","up",0.0058747817592,0.036584862,2.3168917,54551,1.21219060893101
"SNRPB2","up",0.0058749526821,0.036584862,2.2299105,6629,1.15698580709745
"SOX5","down",0.0058751777955,0.036584862,3.677138,6660,1.87858332072933
"TRIM6-TRIM34","down",0.0058827319993,0.03660947,2.1730672,445372,1.11973278915689
"THAP4","up",0.0058895795998,0.036640865,8.1948221,51078,3.03471263044327
"TMEM223","up",0.0059001686233,0.036676062,3.3134923,79064,1.72835256683709
"KRT24","up",0.005913374713,0.036739058,4.3216685,192666,2.11158841237601
"SH2B1","up",0.005916208392,0.036739058,3.4706634,25970,1.7952114531244
"SYBU","down",0.0059203565189,0.036753588,9.0880775,55638,3.18397513770229
"ACSM2B","up",0.0059238731956,0.036754367,2.7371097,348158,1.45265325730953
"NABP1","down",0.0059240987077,0.036754367,3.5034771,64859,1.80878746628306
"PPIAL4B","up",0.0059305029294,0.036780012,3.0610077,653505,1.6140066739854
"TCTE3","down",0.0059318513748,0.036780012,3.4443665,6991,1.78423866178256
"STARD3","up",0.0059385057381,0.036810042,3.9678119,10948,1.98834363425063
"EXD3","down",0.005941517574,0.036817483,2.8459998,54932,1.50893556048034
"C9orf170","up",0.0059475249318,0.036843476,3.5667979,401535,1.8346294729037
"MORF4L2","up",0.0059562136903,0.036868752,3.3292183,9643,1.73518347246127
"IARS2","up",0.0059617613147,0.036868752,9.1746153,55699,3.19764766570321
"VNN2","up",0.0059627329729,0.036868752,3.970461,8875,1.98930652469867
"PAK2","down",0.0059628964732,0.036868752,6.0596346,5062,2.59923080084976
"C5orf15","up",0.0059634631111,0.036868752,6.5721989,56951,2.71637614244585
"ZNF574","up",0.0059643028804,0.036868752,5.8152615,64763,2.5398440680993
"ZNF280D","up",0.0059757970833,0.036886941,4.6427939,54816,2.21499323911102
"CD44","down",0.0059763196834,0.036886941,3.162614,960,1.66111748431933
"TANK","up",0.0059812857082,0.036899006,2.3753405,10010,1.24813433552813
"CCM2","down",0.0059892411561,0.036933048,4.1897218,83605,2.06685445130284
"ZNF729","down",0.0059944434806,0.036953917,4.6920672,100287226,2.23022367585843
"CSF1R","down",0.0060105029989,0.037019234,2.6589726,1436,1.41086891068644
"INTS12","up",0.0060159884701,0.037041795,2.5560172,57117,1.35389754452873
"USHBP1","up",0.0060258657134,0.037083276,2.2088885,83878,1.14332059634962
"MRAP","down",0.0060263744781,0.037083276,3.2029899,56246,1.67941924886411
"MTMR1","up",0.0060428255075,0.037157773,10.3265313,8776,3.36828382666373
"ODZ1","up",0.0060437164298,0.037157773,3.4145093,10178,1.77167826334038
"IL17REL","up",0.0060452134218,0.037157773,2.4201646,400935,1.27510517127187
"GCN1L1","down",0.0060515359144,0.037181621,3.6188017,10985,1.85551205430763
"LRFN3","up",0.006053332556,0.037181621,8.8459014,79414,3.1450091614629
"SCAMP2","up",0.0060569622515,0.037192676,2.0017378,10066,1.00125301342814
"EFCAB1","up",0.0060718410024,0.037250277,2.3572645,79645,1.23711364718755
"RSPO4","up",0.0060744576133,0.037255085,2.1759856,343637,1.12166900931007
"STIM2","up",0.0060916174517,0.037333113,3.0741153,57620,1.62017127681095
"PHF20","down",0.0060947656863,0.037333113,2.1984064,51230,1.1364581092481
"PRKCB","up",0.0060961651614,0.037333113,3.4983467,5579,1.80667327313173
"AQP3","up",0.0060992006742,0.037333113,39.8809314,360,5.31762719846675
"MMS22L","up",0.0060995536452,0.037333113,3.6648694,253714,1.87376178790084
"ALG6","up",0.0061146979856,0.037391458,5.7820255,29929,2.53157497143039
"LRRFIP1","down",0.0061154618413,0.037391458,7.6796337,9208,2.94103749951461
"FAM100A","down",0.006122447527,0.037413934,2.1397092,124402,1.09741473857718
"LPAR6","up",0.0061289467551,0.037442393,13.6325896,10161,3.76898773246821
"SLC28A1","up",0.0061565384281,0.03757707,4.8000981,9154,2.2630638906124
"DNAJC8","down",0.0061587150388,0.03757907,2.5008699,22826,1.32243000773606
"IFITM3","down",0.0061666383505,0.037604838,7.3424669,10410,2.87626485686426
"RNF139","up",0.0061712801239,0.037613728,7.2416176,11236,2.85631199604227
"RB1CC1","up",0.0061747352561,0.037613728,3.5742801,9821,1.83765269622799
"QSER1","down",0.0061790330046,0.037613728,6.2648393,79832,2.64727750331146
"SCN5A","up",0.0061839382738,0.037613728,2.0183754,6331,1.01319452793781
"PANK1","up",0.0061851131304,0.037613728,4.8143458,53354,2.26733976998608
"PHF1","up",0.0061854387686,0.037613728,4.6750219,5252,2.22497312327779
"MPPED2","up",0.0061857217354,0.037613728,2.4438641,744,1.2891640610538
"LAMP1","up",0.0061870575401,0.037613728,2.7645406,3916,1.46703975924216
"XAGE1A","up",0.0061871768116,0.037613728,8.0085608,653219,3.00154300252692
"HIST1H1E","down",0.0061884529286,0.037613728,3.9460663,3008,1.98041519576691
"OR51T1","down",0.0061917835516,0.037618617,5.4334245,401665,2.44186176560313
"TNFAIP8","up",0.0061937635261,0.037618617,4.2984179,25816,2.10380575101814
"VWA5A","up",0.0061948098524,0.037618617,6.4033954,4013,2.6788370969549
"CENPB","up",0.0061997169903,0.037637171,2.3422023,1059,1.22786568924746
"ABCB6","up",0.0062034478511,0.037648575,4.9721505,10058,2.31386996540037
"PPARD","down",0.0062102415462,0.037656877,3.1689906,5467,1.66402338034069
"INS-IGF2","up",0.0062115599422,0.037656877,2.7224304,723961,1.44489516634958
"USP51","down",0.0062135954698,0.037656877,2.843767,158880,1.50780326463558
"UCN","up",0.006219922265,0.037681049,3.5506674,7349,1.8280902257929
"AMZ2","up",0.0062253597126,0.037702752,2.1169654,51321,1.08199768991407
"PRSS45","down",0.0062340803338,0.037722882,5.0213545,377047,2.32807658067961
"GGA3","down",0.0062379028559,0.037722882,67.7440187,23163,6.08202166758584
"L3MBTL3","down",0.0062387772011,0.037722882,2.413571,84456,1.27116926715595
"MEOX1","up",0.0062396419286,0.037722882,3.0537214,4222,1.61056844681954
"ZNF79","up",0.00624158809,0.037722882,2.4845754,7633,1.31299932436156
"CRCP","down",0.0062427413118,0.037722882,2.572194,27297,1.36299945770591
"RIOK1","down",0.0062430203973,0.037722882,2.8388968,83732,1.50533040495017
"GARS","up",0.0062453267594,0.037722882,4.3778002,2617,2.13020611234278
"HHLA3","up",0.006250893625,0.037735492,3.7407709,11147,1.90333561209165
"ID3","up",0.006252587572,0.037735492,4.6839488,3399,2.22772530590108
"CAAP1","up",0.0062559689993,0.037741932,3.1957746,79886,1.67616565766212
"ITGA2","up",0.0062638009155,0.037777968,2.1732871,3673,1.1198787729483
"LOC100506388","up",0.0062690646995,0.037798499,4.41542,100506388,2.14255067526848
"LRRN2","up",0.0062743504725,0.03781915,6.992439,10446,2.80579576310528
"RGPD4","up",0.0062773476413,0.037825184,2.6397282,285190,1.40038938992502
"KCNJ11","down",0.0062836459824,0.037833769,4.4602177,3767,2.15711412876562
"ALS2","up",0.0062842215926,0.037833769,8.2503617,57679,3.04445736921998
"PTPN14","down",0.0062884947194,0.037840806,3.4353357,5784,1.78045108566958
"WNK1","down",0.0063011826199,0.037858793,4.7427375,65125,2.24572002065688
"MRPL10","up",0.0063032726257,0.037858793,2.2904632,124995,1.1956393838103
"ASB8","up",0.0063046932243,0.037858793,2.6136115,140461,1.38604470782115
"UBA1","down",0.0063098350899,0.037858793,4.1231493,7317,2.04374670242652
"KLC1","down",0.0063099894331,0.037858793,2.6591896,3831,1.41098664490074
"RNF175","up",0.006312590767,0.037858793,5.7645298,285533,2.52720293521903
"ALDH3B1","down",0.0063140157207,0.037858793,3.0832597,221,1.62445641137915
"ZAR1","up",0.0063158972845,0.037858793,3.1488606,326340,1.65482989080446
"CABIN1","down",0.0063168525983,0.037858793,3.0228489,23523,1.59590886627332
"C16orf86","up",0.006320936971,0.037858793,2.6826999,388284,1.42368567666441
"KIAA0825","up",0.0063210076481,0.037858793,4.3599204,285600,2.12430179565047
"EIF3J","down",0.0063216541413,0.037858793,3.9820068,8669,1.99349568472439
"VEPH1","up",0.0063271966662,0.037858793,63.3327199,79674,5.98487913390168
"GRAPL","up",0.006327494214,0.037858793,3.241249,400581,1.69654985597398
"TRMT11","up",0.0063336160466,0.037884269,2.1800743,60487,1.12437730491729
"FRMD6","down",0.0063382925544,0.037894487,2.8366278,122786,1.50417686392872
"KRTAP10-8","down",0.0063395200928,0.037894487,2.2442432,386681,1.16622902372852
"PLAA","up",0.00634511696,0.037894487,7.103414,9373,2.82851257068511
"HS3ST3B1","up",0.0063453743219,0.037894487,3.5697439,9953,1.83582057636837
"PKD1L2","up",0.0063467301399,0.037894487,3.535976,114780,1.82210848264832
"C10orf118","down",0.0063517243138,0.037894487,3.5823128,55088,1.84089131591294
"STON2","up",0.0063538054408,0.037894487,2.4802755,85439,1.31050037884143
"PLP1","up",0.0063538818151,0.037894487,4.2275425,5354,2.07981925829724
"BTC","down",0.0063570010811,0.037894487,4.9912667,685,2.31940599389902
"PXDN","up",0.0063636083829,0.037894487,2.1633287,7837,1.1132528875984
"BICD2","down",0.0063643322291,0.037894487,3.3889269,23299,1.76082851786502
"IQGAP1","down",0.0063643617438,0.037894487,4.2914334,8826,2.10145960895308
"DCBLD1","up",0.0063646223516,0.037894487,2.9420985,285761,1.55684554811643
"GLE1","up",0.0063656638003,0.037894487,6.2801853,2733,2.65080712718174
"TLR9","down",0.0063751567608,0.037923501,5.9878137,54106,2.58202933524615
"CYTIP","down",0.0063756262111,0.037923501,3.4611825,9595,1.79126501341999
"WDR1","up",0.0063907508728,0.037986075,2.4629384,9948,1.30038054536596
"NTN5","up",0.0063917628616,0.037986075,8.05517,126147,3.00991503655058
"MOB3B","up",0.0063968336415,0.037986075,2.6860857,79817,1.42550533491898
"TP53BP1","down",0.006397359645,0.037986075,5.0314113,7158,2.33096312963858
"HIBADH","up",0.0064045015726,0.038006574,2.4166522,11112,1.27300985810956
"SLAMF7","down",0.0064078312464,0.038007309,9.0018276,57823,3.17021793497377
"KCTD3","up",0.0064096524719,0.038007309,4.2469149,51133,2.08641520014328
"RUNDC3A","down",0.0064134799987,0.038007309,12.5802934,10900,3.6530936643056
"GGA2","up",0.0064141530559,0.038007309,3.7384126,23062,1.90242580480382
"PTDSS1","up",0.0064158956189,0.038007309,5.411593,9791,2.43605333987588
"CPVL","up",0.0064301013779,0.038080364,2.6762196,54504,1.420196502688
"BIRC7","down",0.0064539309584,0.038210354,5.6183849,79444,2.49015546289436
"FBXW9","down",0.0064559985118,0.038211465,3.1663231,84261,1.66280847941195
"SPRED2","down",0.0064604095803,0.038226441,3.0092436,200734,1.58940089839173
"PCDH7","up",0.0064668741549,0.03824521,3.3836476,5099,1.75857932253404
"ZNF226","up",0.0064846194256,0.038314384,2.6159921,7769,1.38735818406687
"PRKDC","up",0.0064846977164,0.038314384,3.4569886,5591,1.78951584607917
"RGS7","up",0.0064873094231,0.038318676,3.262693,6000,1.70606324479589
"RPN2","up",0.0064903987075,0.038325786,7.9950458,6185,2.99910629827642
"TRAF7","up",0.0064948968432,0.038325907,5.6932935,84231,2.50926347529203
"SEPP1","up",0.0064964601148,0.038325907,8.5593197,6414,3.09749613489289
"KIAA1143","up",0.0064995126871,0.038325907,5.6811928,57456,2.50619386388157
"TAS2R20","up",0.0065010450818,0.038325907,4.313663,259295,2.10891347199681
"USMG5","up",0.0065017331491,0.038325907,4.4789053,84833,2.16314616280787
"NMT2","down",0.0065040107386,0.038328216,2.1044036,9397,1.07341142320364
"NDUFA9","up",0.0065223015156,0.038424863,2.6416122,4704,1.40141868831007
"SLC51B","down",0.0065320520002,0.03845097,4.5401526,123264,2.18274078904997
"OR51B5","up",0.0065330334211,0.03845097,3.0753941,282763,1.62077129815408
"LRCH3","down",0.0065356261345,0.03845097,2.2243702,84859,1.15339691452633
"CNIH","up",0.0065420104896,0.038462934,2.5397034,10175,1.34466002127517
"RINT1","up",0.0065465210219,0.038478323,6.0243791,60561,2.59081255827034
"TAF1A","up",0.0065535186459,0.038508316,3.2349881,9015,1.6937604052309
"TAF6L","up",0.0065685113206,0.038548051,4.6157418,10629,2.20656252331656
"RHBDD1","up",0.0065694972216,0.038548051,3.0853859,84236,1.62545094357189
"VPS54","down",0.0065697637424,0.038548051,2.1921459,51542,1.13234382120066
"KRTAP4-12","up",0.0065721983231,0.038551207,5.5728959,83755,2.47842720456326
"KRT28","up",0.0065794502563,0.03858261,2.8193414,162605,1.49535818747366
"SGCA","up",0.0065864278693,0.038601738,2.8695219,6442,1.52081038499965
"TUBB3","up",0.0065865105576,0.038601738,4.9676529,10381,2.31256437304655
"NIPSNAP3A","up",0.0065942153288,0.03861887,2.8791461,25934,1.52564099918183
"SCYL1","up",0.0065951339271,0.03861887,3.3772633,57410,1.75585465988918
"HMOX2","down",0.0065981223074,0.038625241,4.6526691,3163,2.21805858559835
"BAI2","up",0.0066073140049,0.038667912,2.5370958,576,1.3431779961758
"SHISA2","up",0.0066093813852,0.038668876,5.7695849,387914,2.52846752610578
"CXCL1","down",0.0066114497737,0.038669847,6.2681291,2919,2.64803489423483
"NKAIN1","up",0.0066163781907,0.038687539,2.6404312,79570,1.40077355053189
"WNT3A","down",0.0066222607523,0.038701784,27.5131604,89780,4.78204996451334
"C9orf64","up",0.0066264309778,0.038701784,3.247824,84267,1.69947345481161
"COL15A1","up",0.0066312387693,0.038718738,22.4112617,1306,4.48615196627446
"SET","down",0.0066502738751,0.038796446,7.701971,6418,2.94522769100883
"FBP1","down",0.0066550011328,0.038802769,3.0606723,2203,1.61384858669002
"KLRB1","up",0.0066554795145,0.038802769,3.5588354,3820,1.83140520817919
"GIPR","up",0.0066570852239,0.038802769,5.6966789,2696,2.51012108929911
"HDGFRP3","down",0.0066654199262,0.038811316,3.1073107,50810,1.63566650375085
"PNMA1","up",0.0066666781172,0.038811316,3.3417207,9240,1.740591158425
"SRP54","up",0.0066668196581,0.038811316,8.8879701,6729,3.15185396336806
"SMAD5","down",0.0066676633607,0.038811316,4.3262669,4090,2.11312267210261
"CSF2RB","down",0.0066720835537,0.038811316,3.4012991,1439,1.76608587788149
"PVRL1","down",0.0066739111337,0.038811316,8.5151897,5818,3.09003867038541
"RBMY1B","up",0.0066757372344,0.038811316,5.8616932,378948,2.55131745959661
"F11R","up",0.0066831018397,0.038843021,4.5825079,50848,2.19613736789686
"ANKRD26","down",0.0066874563346,0.038855493,8.0059342,22852,3.00106975840297
"COX16","up",0.00669194183,0.038855493,3.4058152,51241,1.7680001563093
"TP53TG3B","up",0.0066940364348,0.038855493,8.2045706,729355,3.03642782984363
"MB","down",0.0066948062599,0.038855493,3.9534301,4151,1.98310491680263
"CASD1","up",0.0067032453656,0.038893366,6.2394189,64921,2.64141167185574
"MIER1","up",0.0067207517028,0.038971592,3.8963266,57708,1.96211461285451
"IRF2BP1","up",0.0067252520239,0.038971592,3.4820836,26145,1.79995084051273
"OVOL1","down",0.0067260369669,0.038971592,270.0566006,5017,8.07711800018835
"CARHSP1","up",0.0067304047761,0.038978311,7.1720639,23589,2.84238834205493
"HS2ST1","up",0.0067313098141,0.038978311,4.0816204,9653,2.0291420146825
"C1orf74","up",0.0067357712243,0.038993036,4.4841124,148304,2.16482244158897
"GLUL","down",0.0067383342891,0.038996767,3.6307808,2752,1.86027983338823
"DAG1","down",0.006741269715,0.039002649,6.484592,1605,2.69701580530291
"EPRS","up",0.0067531567461,0.039060305,2.5132021,2058,1.32952669069495
"SLC9A9","up",0.0067738824776,0.039125202,7.2422675,285195,2.85644146510409
"MR1","down",0.0067756749861,0.039125202,2.141345,3140,1.09851725237518
"CYP27A1","up",0.0067759267092,0.039125202,3.2859936,1593,1.71632967041055
"CLDN12","up",0.0067792841021,0.03913347,3.8283008,9069,1.93670419074845
"D2HGDH","up",0.0067908974187,0.039155517,4.8669146,728294,2.28300745979467
"FAM8A1","up",0.0067915575566,0.039155517,3.6167615,51439,1.85469846553255
"TIMD4","down",0.0067920101184,0.039155517,2.5717619,91937,1.36275708061685
"TKTL1","down",0.0067927356894,0.039155517,3.0930083,8277,1.62901070486357
"EFHB","up",0.0067997865422,0.039185047,13.0118332,151651,3.70175232844458
"IFI44L","up",0.006805019417,0.039192978,4.9390072,10964,2.30422107185398
"NR2F2","up",0.006814245843,0.039226957,7.0481388,7026,2.81724233573675
"PGK1","up",0.006814779124,0.039226957,12.0359482,5230,3.58927789765132
"FREM1","up",0.0068168788479,0.039227934,2.4148256,158326,1.27191900061365
"NFYC","up",0.0068220375744,0.039246508,6.36219,4802,2.66952345706521
"MRPS24","up",0.006835470841,0.039293815,3.8187554,64951,1.93310251500933
"SPTB","up",0.0068360604995,0.039293815,2.1995651,6710,1.13721830097856
"NEMF","down",0.0068484526272,0.039348491,6.0435826,9147,2.5954040242181
"OGG1","up",0.0068494445841,0.039348491,2.2532196,4968,1.17198792626396
"RASSF1","up",0.0068759710025,0.039456271,2.0549472,11186,1.03910132564576
"GOLGA2","up",0.0068808598535,0.039465797,6.1766803,2801,2.62683165988983
"ACHE","down",0.006881514669,0.039465797,2.4081507,43,1.2679256775377
"MRPL30","up",0.0069009331153,0.039543977,11.9972765,51263,3.58463503189687
"KRT72","down",0.0069039757499,0.039543977,2.6961221,140807,1.43088583371402
"TRIO","down",0.0069042805317,0.039543977,5.6451835,7204,2.49702047740878
"UBE2A","up",0.0069048745704,0.039543977,3.5794088,7319,1.83972132163995
"CAMK2B","down",0.0069112353252,0.039569256,2.5540807,816,1.35280410986854
"ACAD10","up",0.0069201566085,0.039605385,6.1601619,80724,2.62296826800747
"ESCO2","up",0.00692144285,0.039605385,3.536267,157570,1.82222720714836
"GPX8","up",0.0069412562081,0.039696408,7.4292275,493869,2.89321220539918
"PAX7","up",0.0069555251483,0.039751343,2.582852,5081,1.36896497795713
"ZC4H2","up",0.0069567295134,0.039751343,2.1808337,55906,1.12487976111454
"TTI1","up",0.0069631289829,0.039755347,3.8113289,9675,1.9302941114103
"EMC8","up",0.0069651652344,0.039755347,2.0354111,10328,1.02532021072382
"GTF2F1","down",0.0069670237795,0.039755347,4.8792238,2962,2.28665165824759
"GGCX","up",0.006971649772,0.039755347,4.6109818,2677,2.20507397130144
"IDI2","up",0.0069719120881,0.039755347,6.1660302,91734,2.62434195549821
"SH3BGR","up",0.0069723335464,0.039755347,4.1395298,6450,2.04946690450402
"BICC1","down",0.0069735048428,0.039755347,3.5781286,80114,1.83920523961122
"PIWIL1","up",0.006977254915,0.039755347,2.1036667,9271,1.07290614552969
"CTSB","up",0.0069796643059,0.039755347,6.6952938,1508,2.74314736466131
"METTL12","up",0.0069797691532,0.039755347,2.176915,751071,1.12228507703805
"TIE1","up",0.0069809019943,0.039755347,3.2371154,7075,1.69470879713193
"MAN1A1","down",0.0069921285533,0.039796979,2.1150591,4121,1.0806979763881
"TFR2","down",0.0070079334374,0.039853455,3.3069135,7036,1.72548530898438
"NEXN","down",0.0070307051191,0.039965102,5.0203951,91624,2.32780090727973
"NPC1L1","up",0.0070314983399,0.039965102,3.7985782,29881,1.92545952180736
"RRM2B","up",0.0070343181998,0.039969952,6.2901592,50484,2.6530965312769
"NUCKS1","down",0.0070389040099,0.039984831,4.2875,64710,2.10013667128545
"SLC25A21","up",0.0070448256522,0.040000077,2.393863,89874,1.25934058967649
"AAR2","up",0.0070455240685,0.040000077,3.1477192,25980,1.65430684744124
"LILRB5","up",0.007067294775,0.040112473,2.6177452,10990,1.38832467841911
"DAZAP1","up",0.0070794749778,0.040159176,13.3200482,26528,3.73552739785023
"TTC17","up",0.0070846241481,0.040177061,2.5056012,55761,1.32515680868733
"DEGS2","up",0.0070865812502,0.040177061,2.0922092,123099,1.06502711387595
"AGK","up",0.0070982553554,0.040209599,3.2650755,55750,1.70711635232798
"PALLD","down",0.0071036475337,0.040228932,2.9955266,23022,1.58280964455886
"CEACAM20","up",0.007110979737,0.040254996,5.1316822,125931,2.3594318285179
"MOG","up",0.0071122111208,0.040254996,2.7941265,4340,1.48239733813871
"CTNND1","up",0.0071344465684,0.040358371,3.7533267,1500,1.90816987188127
"GNG11","up",0.0071491461853,0.040406483,2.4534723,2791,1.294824983296
"SRPK3","up",0.0071493530028,0.040406483,3.1816449,26576,1.66977282699623
"KIAA0895L","up",0.0071529847783,0.040407008,5.978573,653319,2.57980117480832
"SERBP1","up",0.0071701970621,0.040481738,2.5705297,26135,1.36206568113908
"LRP11","up",0.0071832275011,0.040540427,4.272202,84918,2.09497986273439
"TK2","up",0.0071845813991,0.040540427,2.9331353,7084,1.55244362143136
"OXCT1","up",0.0071892956642,0.040544399,3.2354861,5019,1.69398247925811
"PPP1CA","up",0.0071954628751,0.040544399,5.518235,5499,2.46420689672661
"ABCC11","down",0.0071956746884,0.040544399,4.0000708,85320,2.00002553547624
"CDC42BPA","down",0.007197103038,0.040544399,2.9722128,8476,1.57153741147347
"FNDC3A","down",0.0071988821853,0.040544399,8.9171303,22862,3.15657949847869
"LGI4","up",0.007200815901,0.040544399,8.4213559,163175,3.0740525364651
"C22orf29","up",0.0072012437543,0.040544399,4.9129791,79680,2.2965981018224
"VIP","up",0.0072050457608,0.040550535,2.808435,7432,1.48976641275706
"ENTPD1","up",0.0072063238951,0.040550535,3.5049306,953,1.80938587817967
"SPATA9","down",0.0072106829655,0.040557646,3.9868108,83890,1.99523514173393
"LRRC15","up",0.0072115785084,0.040557646,3.7760529,131578,1.91687897604326
"RECQL5","down",0.0072159931781,0.040569757,2.8578933,9400,1.51495205414037
"PABPN1","down",0.0072206785413,0.040575143,3.9064482,8106,1.96585748399728
"GPR25","up",0.0072350377429,0.040633363,2.3574716,2848,1.23724039113963
"NPLOC4","down",0.0072388911581,0.040643774,5.2380954,55666,2.38904233533829
"SNX25","up",0.0072416376063,0.040647966,2.5867638,83891,1.37114832610384
"IQCK","up",0.007253088288,0.040679577,3.4986201,124152,1.80678601707797
"PPAPDC1A","up",0.0072555724676,0.040679577,2.9876861,196051,1.57902857993358
"TGM3","up",0.0072612480634,0.040679577,5.5885684,7053,2.48247876129109
"FAM59A","up",0.0072612794115,0.040679577,3.5651126,64762,1.83394764325997
"TRMT10C","up",0.0072703022145,0.040684277,2.7134303,54931,1.44011785058714
"BRD3","down",0.0072705569342,0.040684277,4.0161907,8019,2.00582777412245
"DEK","down",0.0072724500592,0.040684277,4.7073007,7913,2.23490001460406
"ZADH2","up",0.0072727514524,0.040684277,5.0339268,284273,2.3316842379441
"TPM4","up",0.0072817895241,0.040715921,2.3633683,7171,1.24084447196088
"CASP2","up",0.0072861515203,0.040729106,2.3147325,835,1.21084547935079
"SBSPON","up",0.0072917462881,0.040749173,5.2545015,157869,2.39355390070665
"KCNRG","up",0.0072967074142,0.040765689,10.9517203,283518,3.45308560154872
"EVI2B","up",0.0073062394931,0.040807727,8.7632649,2124,3.13146846999632
"CNTRL","down",0.0073097587556,0.040816167,16.152694,11064,4.013702897349
"SEC24D","down",0.0073189840663,0.040853038,7.5795581,9871,2.92211373948837
"CYP7B1","up",0.0073203820656,0.040853038,3.6813214,9420,1.8802237105871
"MAGEF1","up",0.0073227851239,0.040855231,2.7895395,64110,1.48002698015482
"DPM2","down",0.0073274695883,0.040861995,2.6532884,8818,1.40778149827161
"CD9","up",0.0073280183328,0.040861995,4.9397065,928,2.30442532448735
"LEAP2","down",0.007338093191,0.040906951,2.0001359,116842,1.00009802779757
"IL1RL1","down",0.0073462247834,0.040941053,13.1392143,9173,3.71580710271014
"DERL3","up",0.0073519093184,0.040950276,3.732238,91319,1.90004098792377
"AFAP1L2","up",0.0073659345232,0.041017156,4.3589158,84632,2.12396933581036
"A1CF","up",0.0073765786826,0.041053933,2.2805609,29974,1.18938869637627
"HBG2","up",0.0073821998042,0.041063233,7.987654,3048,2.9977718411325
"ZDHHC13","up",0.007382290531,0.041063233,3.6900951,54503,1.88365799745923
"MRPS16","up",0.0073908039301,0.041088571,4.5628561,51021,2.18993715584581
"THOC6","up",0.007390888843,0.041088571,3.3743577,79228,1.75461291513793
"CNPY3","up",0.0073965647335,0.041097643,5.0421848,10695,2.33404899506233
"DMD","up",0.0074048101698,0.041132213,2.165147,1756,1.11446497828758
"RASSF7","up",0.0074138308809,0.041159823,4.6184203,8045,2.2073994717551
"TMEM64","up",0.0074274471792,0.041207883,7.3871892,169200,2.8850255282951
"ENTPD7","up",0.0074302854566,0.041207883,3.1230478,57089,1.64295465078507
"WDR83OS","up",0.0074415370792,0.041239207,2.083406,51398,1.05894400937901
"MPDU1","up",0.0074423327385,0.041239207,3.0982683,9526,1.63146208225507
"RHOJ","up",0.0074462950631,0.041249917,3.9175461,57381,1.96995025181338
"KCTD6","up",0.0074493995647,0.041255871,5.8180952,200845,2.5405469030804
"B3GALT6","up",0.0074520710218,0.041259423,3.1207317,126792,1.64188432915136
"SCG2","up",0.0074558143224,0.041261484,3.3441741,7857,1.74164995706843
"TMEM38B","up",0.0074585063268,0.041261484,4.4620905,55151,2.15771977458097
"LRRC27","down",0.007462146101,0.041261484,8.293865,80313,3.05204456455571
"ATOX1","up",0.0074624467422,0.041261484,3.7580649,475,1.90998998163281
"PGM2","up",0.0074625936076,0.041261484,5.7061243,55276,2.5125111743715
"PLA2G3","down",0.0074696166007,0.041289083,2.3337003,50487,1.22261929820636
"RBBP6","down",0.0074727437571,0.041295138,3.508252,5930,1.81075238121841
"AK4","up",0.0074807891979,0.041317131,2.8864579,205,1.5293001832864
"LCTL","down",0.0074946207816,0.041371039,4.6368656,197021,2.2131499106625
"BAG3","up",0.0075004707868,0.04139209,3.2531658,9531,1.70184435227213
"SQLE","up",0.0075051822892,0.041406849,14.1605536,6713,3.82380576287625
"NQO1","up",0.0075131382394,0.041410246,4.3159483,1728,2.10967758313447
"C11orf86","up",0.0075158819777,0.041410246,3.4073703,254439,1.76865874254537
"TMEM43","up",0.0075200600037,0.041410246,2.8719656,79188,1.52203846886618
"SLC25A11","up",0.0075543113427,0.041505419,2.5788682,8402,1.36673804219836
"ZC3H10","up",0.0075543979599,0.041505419,2.4252541,84872,1.27813591002348
"ZNF19","up",0.0075557220206,0.041505419,5.4830951,7567,2.45499049626987
"UFM1","up",0.0075579161959,0.041506254,3.4472884,51569,1.78546199955954
"PLA2G12A","up",0.0075684324468,0.041541558,2.4231169,81579,1.27686400734066
"CD247","up",0.0075731750708,0.041556214,2.6217993,919,1.39055725078584
"CCT6A","up",0.0075760861491,0.041556214,4.7938574,908,2.26118699464148
"LOC283710","down",0.0075772364062,0.041556214,154.9926365,283710,7.27605586632405
"PNP","up",0.0075800258965,0.041560298,2.5029746,4860,1.3236436507386
"TSSK4","up",0.0075826237704,0.04156333,2.7983921,283629,1.48459812157814
"SLTM","down",0.0075885255212,0.041584465,9.3885756,79811,3.23090629412027
"IQCF6","down",0.0075950825759,0.041605458,5.0185245,440956,2.32726325871151
"C2CD4D","down",0.0075964503624,0.041605458,4.8626761,100191040,2.28175049770733
"ANKRD6","up",0.0076025427192,0.041627608,2.7644109,22881,1.46697207279317
"FAM22G","up",0.0076048439518,0.041628994,5.0795126,441457,2.34469007115141
"SARDH","up",0.0076096004719,0.041643815,5.278186,1757,2.40004219123816
"PDP2","up",0.007612976945,0.041644163,2.5735659,57546,1.36376872537947
"KCNK17","up",0.0076137619059,0.041644163,5.4964208,89822,2.45849245954788
"SLC5A2","down",0.0076270581731,0.041686489,2.1901424,6524,1.13102467489265
"TSN","up",0.0076276532472,0.041686489,13.4966108,7247,3.75452526542979
"USP22","up",0.0076582439111,0.041842421,2.2747405,23326,1.18570197356773
"XPNPEP1","up",0.0076611492464,0.041847046,5.1745017,7511,2.37141993902699
"XPR1","up",0.0076809235653,0.04192126,2.0236772,9213,1.0169791817814
"SLC24A3","up",0.0076830032605,0.041921353,3.5580787,57419,1.83109842146624
"SMR3B","up",0.007686316609,0.041928176,4.9720449,10879,2.31383932469186
"FYB","down",0.0076892737161,0.041933053,9.1987458,2533,3.20143717079273
"AGAP9","down",0.0077125855,0.042017849,4.4637802,642517,2.15826598949302
"CACNA1H","up",0.007713367892,0.042017849,3.4277198,8912,1.77724918072448
"TCEANC","up",0.0077151593499,0.042017849,2.8305807,170082,1.50109805555499
"LRRC59","down",0.0077182255365,0.042023288,2.3803393,55379,1.25116723384327
"ZNF267","down",0.0077399694102,0.042105299,2.8657017,10308,1.51888844270247
"CCNG1","up",0.0077426481271,0.042105299,6.923602,900,2.79152279444321
"CDH1","down",0.0077433176939,0.042105299,2.237999,999,1.16220939167831
"ASB12","down",0.0077441351259,0.042105299,60.4129948,142689,5.91678700068078
"CSH2","up",0.0077457177755,0.042105299,2.1915404,1443,1.13194527450136
"OR2T12","down",0.0077488007183,0.042108594,3.749781,127064,1.90680633975784
"ZNF202","down",0.0077504674856,0.042108594,2.5371487,7753,1.34320807693665
"C12orf69","up",0.0077691484615,0.042187535,5.3125862,440087,2.40941434494779
"PLXND1","down",0.0077738151088,0.0422016,3.1235447,23129,1.64318417597575
"MDM1","up",0.0077764283929,0.042204515,4.7310446,56890,2.24215876133479
"CAPN12","down",0.0077798905837,0.042212033,28.2547751,147968,4.8204228006782
"FOXD4","up",0.0077930586433,0.042251387,5.9831131,2298,2.58089633480749
"EBPL","up",0.0077984114035,0.04226739,8.6320018,84650,3.10969516566592
"CXCR7","up",0.0078060949593,0.042297755,2.3550683,57007,1.23576890045056
"NSUN4","up",0.0078106876294,0.04230304,3.9335306,387338,1.97582480676316
"ASIC4","up",0.0078112329354,0.04230304,3.3563699,55515,1.74690172158466
"LMBR1L","down",0.0078261641387,0.042361328,2.2727375,55716,1.1844310632505
"UNC13B","up",0.0078512574669,0.042463251,3.4174776,10497,1.77293188165728
"ING3","down",0.0078529270187,0.042463251,3.7046087,54556,1.88932116563973
"HDAC1","up",0.0078533510385,0.042463251,2.9734559,3065,1.57214067893487
"SEPT10","up",0.0078587853647,0.042470038,4.9819566,151011,2.31671245368684
"RHOB","up",0.0078625773191,0.042479236,10.2453545,388,3.35689799886012
"GOLGA7","up",0.0078761885761,0.042523774,3.6754802,51125,1.87793274978596
"PIGT","up",0.0078762192759,0.042523774,4.6139973,51604,2.20601715979078
"C1orf68","up",0.0078791897609,0.042523774,3.7498082,100129271,1.90681680467906
"NKX1-2","down",0.0078829214645,0.04253262,69.8286834,390010,6.12574786626056
"SPG7","up",0.0078889932194,0.042542793,2.4029099,6687,1.26478255389426
"QRICH1","down",0.0078928594273,0.042552352,2.7145666,54870,1.44072187981895
"MRTO4","down",0.0079069244416,0.042607052,3.4319138,51154,1.7790133168601
"TMEM180","up",0.0079120183152,0.042621726,2.2890209,79847,1.19473063554048
"INPP5A","up",0.0079203167407,0.042655124,5.586683,3632,2.48199196110047
"EIF3H","up",0.0079277401271,0.042672489,2.7113584,8667,1.43901582794041
"APOO","up",0.0079456004103,0.042745984,3.2650226,79135,1.7070929779264
"ZNF18","up",0.0079672671747,0.042835649,4.4876008,7566,2.16594434495839
"FAM76A","down",0.0079723970309,0.042835649,2.2595422,199870,1.17603050153744
"SLC4A3","up",0.0079728250174,0.042835649,2.8842975,6508,1.52821997860057
"ATP5SL","up",0.0079730398011,0.042835649,5.0027095,55101,2.32270967957877
"SUCO","down",0.0079753929217,0.042835649,3.7860759,51430,1.92070333324342
"C1orf194","down",0.0079757954854,0.042835649,5.1428592,127003,2.36257065646261
"NCK1","up",0.0079770199651,0.042835649,3.5543605,4690,1.82959001372064
"SLC9A3R1","up",0.0079822647489,0.042851529,10.2918676,9368,3.36343289760299
"MARCH2","up",0.0079874307888,0.042851529,7.1792344,51257,2.84383000195709
"NME1-NME2","up",0.0079932818804,0.042851529,8.4522507,654364,3.07933555930821
"MFNG","down",0.0079976423535,0.042851529,3.7974214,4242,1.92502010376521
"SRP9","up",0.0079977664474,0.042851529,3.1401569,6726,1.65083664612223
"KRTAP4-11","down",0.0079978460237,0.042851529,7.0053366,653240,2.80845437249535
"FAM18A","up",0.0079989520423,0.042851529,3.1382622,780776,1.64996589368172
"CASS4","up",0.0080154230705,0.042917143,3.8707198,57091,1.95260187524024
"KHDRBS3","up",0.0080176302714,0.042917655,2.4689082,10656,1.30387319457428
"PHOSPHO2","up",0.0080220623966,0.042930073,2.3547194,493911,1.23555515141016
"GAGE12C","up",0.0080262036496,0.042940929,2.9362907,729422,1.55399480560868
"CTSL2","up",0.008030424072,0.042952202,6.1584959,1515,2.62257804206049
"ARF6","up",0.0080445318216,0.043005026,3.074618,382,1.6204071767153
"NFYA","down",0.0080504101759,0.043025135,8.4360113,4800,3.07656102761656
"HADH","up",0.0080537701151,0.043025855,4.5883495,3033,2.19797528732425
"DPYD","up",0.0080597307197,0.043025855,5.0592036,1806,2.33891029939421
"RNFT1","up",0.0080619349467,0.043025855,6.4651745,51136,2.6926893100026
"SCAPER","up",0.0080632464229,0.043025855,2.6094883,49855,1.38376693345112
"PCDHB10","up",0.0080719111941,0.043049487,2.717243,56126,1.44214358993188
"ANKRD33","up",0.0080798506004,0.043056458,2.6192397,341405,1.38914809412044
"ADCY9","up",0.0080805840501,0.043056458,2.4677971,115,1.30322378230858
"PLAUR","down",0.0080815058222,0.043056458,3.8725083,5329,1.95326833116617
"ZNF638","up",0.0080816918815,0.043056458,2.423256,27332,1.27694682345258
"PSMB3","up",0.0080887021233,0.043082513,2.3034655,5691,1.20380599023574
"ZNF609","down",0.0080937644778,0.043098183,4.0041982,23060,2.0015133865316
"CDC23","up",0.0080979135657,0.04310892,5.9514887,8697,2.57325058799505
"LPHN2","up",0.0081191986487,0.043188357,3.9657099,23266,1.98757914525738
"TMEM44","down",0.0081329170849,0.043237345,38.3518695,93109,5.26122499993346
"SEC61A1","up",0.0081341153515,0.043237345,2.3161885,29927,1.21175266997173
"TCTEX1D4","up",0.0081347900962,0.043237345,2.0003589,343521,1.00025886839882
"CSF2RA","down",0.0081389170937,0.043247971,2.2877216,1438,1.19391149672417
"DHX34","up",0.0081471474884,0.04328039,2.7810782,9704,1.47564431180651
"MAZ","down",0.0081515798067,0.043292621,2.0786996,4150,1.05568128445708
"FKBP9","up",0.0081564225219,0.043307024,3.2350871,11328,1.69380455519969
"RNF24","up",0.0081649388857,0.043332487,2.3643798,11237,1.24146180013711
"PLIN5","up",0.0081676030498,0.043332487,2.9864594,440503,1.57843610891609
"PIGP","up",0.0081676142098,0.043332487,2.7668955,51227,1.46826815732744
"CRYBB2","up",0.0081761366589,0.043355484,3.0803227,1415,1.62308149809632
"POP7","up",0.008206064829,0.043462357,2.8828621,10248,1.52750182802105
"DUSP14","up",0.0082091998777,0.043462357,4.3806954,11072,2.13115990418679
"APOBEC3H","up",0.0082279009031,0.043536111,2.9419454,164668,1.55677047165046
"C19orf35","down",0.0082411874028,0.043586296,80.1366724,374872,6.32439069934425
"ING4","up",0.0082447314118,0.043593449,9.4075753,51147,3.2338229319415
"HUWE1","down",0.0082468294964,0.043593449,3.2598805,10075,1.70481907942038
"RRAS2","up",0.0082563654123,0.04360983,3.1130682,22800,1.63833718320735
"CCDC96","up",0.0082590081555,0.043610483,3.6215936,257236,1.85662466220192
"KCNB1","up",0.0082607803764,0.043610483,2.4315221,3745,1.2818597042295
"ELP3","up",0.0082769529959,0.043684516,5.9586946,55140,2.57499630713333
"PHF20L1","up",0.0082868801317,0.043696574,2.6277527,51105,1.39382950881418
"FLT1","down",0.0082874186152,0.043696574,3.6576691,2321,1.87092456404715
"IL12A","up",0.0082884557498,0.043696574,4.4974474,3592,2.16910640850224
"USP10","up",0.0082898493219,0.043696574,4.6738167,9100,2.22460115491952
"FLRT1","up",0.0082899872341,0.043696574,2.4394158,23769,1.2865356873964
"TM4SF18","up",0.0082923237975,0.043697558,7.2481352,116441,2.85760986633204
"LMAN1L","down",0.008297760821,0.043701946,2.8756864,79748,1.52390635525109
"YIPF4","up",0.0082979624789,0.043701946,3.8479908,84272,1.94410534983294
"ELP2","up",0.0082996070254,0.043701946,7.4628747,55250,2.89973146379932
"MRPS12","up",0.0083093744796,0.043730719,2.7168832,6183,1.44195254480066
"LST1","up",0.0083237064472,0.043794805,2.4944795,7940,1.31873881311468
"METTL1","up",0.0083395046204,0.043866571,2.1023858,4234,1.07202743650977
"HNRPDL","down",0.0083512746895,0.043897705,2.1923478,9987,1.13247668950834
"LGALS3BP","up",0.0083557245477,0.043897705,3.7088496,3959,1.89097176535142
"GTSF1","up",0.0083595782016,0.043897705,3.3357374,121355,1.73800571964902
"THYN1","up",0.0083614791424,0.043897705,3.3162301,29087,1.72954411317016
"SIL1","up",0.0083627247847,0.043897705,2.0886268,64374,1.06255473180721
"UNC80","down",0.0083634241696,0.043897705,5.5313725,285175,2.4676375009414
"PTPN20A","up",0.0083670212955,0.043897705,5.1420897,653129,2.36235477715259
"CD34","up",0.0083718507582,0.043900378,7.1651407,947,2.84099503459199
"ZNF438","up",0.0083882383376,0.043974966,2.1790532,220929,1.12370141923457
"B3GALNT2","down",0.0083921476855,0.043979429,2.8890705,148789,1.53060540942672
"FOXO3","down",0.0083952940029,0.043979429,5.5833741,2309,2.48113722352523
"CA13","down",0.0083955810819,0.043979429,15.4845963,377677,3.95276186578628
"SCNN1D","down",0.0084028621697,0.043999241,5.4649197,6339,2.45020029749592
"KAAG1","up",0.0084051651705,0.043999241,2.6850335,353219,1.42494008820412
"TDRD12","up",0.0084070637695,0.043999241,4.4734778,91646,2.16139685690657
"COX7C","up",0.0084080222668,0.043999241,2.448967,1350,1.29217333361724
"CASZ1","down",0.0084188435641,0.044044529,2.6176917,54897,1.38829519313023
"AGBL5","up",0.0084229955141,0.044048102,3.1135573,60509,1.63856382993469
"ZNF770","up",0.0084252042367,0.044048102,11.7807882,54989,3.55836416157612
"MPV17","up",0.0084260280463,0.044048102,2.2867992,4358,1.19332969068069
"ZNF548","up",0.0084302119416,0.044049414,2.0086427,147694,1.00622095840566
"PPP1R12B","down",0.0084306307055,0.044049414,9.707184,4660,3.27905283854341
"ABCC4","up",0.0084427554222,0.044090186,3.0210747,10257,1.59506185701758
"GPR171","up",0.0084548255611,0.044124789,2.2342475,29909,1.15978901001314
"PPP1R9B","down",0.0084612954234,0.044132198,3.5356297,84687,1.82196718368052
"UBOX5","up",0.0084629057983,0.044132198,2.2005997,22888,1.1378967357121
"ZNF169","up",0.0084638282312,0.044132198,3.652548,169841,1.86890323234621
"CHAF1B","up",0.008466111538,0.044132782,2.690371,8208,1.42780513298781
"PPP1R14B","up",0.0084732332185,0.044145656,2.4786714,26472,1.30956702454565
"MT1B","up",0.0084738922807,0.044145656,3.499234,4490,1.80703914338647
"SRRT","down",0.0084751065091,0.044145656,2.4118582,51593,1.27014508958857
"PCGF6","down",0.008487122145,0.04417433,4.5366169,84108,2.18161683473691
"CFB","down",0.0084925055871,0.044179723,2.8475033,629,1.50969751388804
"HIST1H3H","up",0.0084976926342,0.044184089,4.2675202,8357,2.09339798216241
"RAB13","down",0.0085102880359,0.044238262,3.9058485,5872,1.96563599107377
"WFDC13","up",0.0085228315399,0.044292138,2.1669252,164237,1.11564935396155
"C11orf58","up",0.0085253545608,0.044293924,2.002093,10944,1.00150899091844
"FRMD4A","up",0.0085293261955,0.044293993,2.1005225,55691,1.07074823950906
"ANKRD13C","up",0.0085297263192,0.044293993,3.3351786,81573,1.73776402031095
"PNISR","down",0.0085341037999,0.04430503,4.5372542,25957,2.1818194890486
"GMPR2","up",0.0085362114151,0.04430503,7.8225772,51292,2.96764399130673
"FAM157B","up",0.0085433229799,0.044308758,3.2797102,NA,1.71356834182691
"ING1","down",0.0085444828014,0.044308758,2.6805798,3621,1.42254508430802
"AKIRIN2","up",0.0085501735927,0.044308758,2.3096926,55122,1.20770085425336
"PKD2L2","down",0.0085521898778,0.044308758,2.7693121,27039,1.46952765383088
"NAA25","up",0.0085565836962,0.044313472,3.290115,80018,1.71813801162925
"GAL3ST4","up",0.0085575023556,0.044313472,2.5760186,79690,1.36514301038998
"ERG","down",0.0085596404065,0.044313472,2.3265614,2078,1.21819926158759
"SOX13","down",0.0085730637138,0.044349076,2.8502316,9580,1.51107915246898
"CCDC117","down",0.0085755971,0.044350893,2.2536136,150275,1.17224017515906
"UHRF2","up",0.0085802210401,0.044352236,3.6678631,115426,1.8749397925216
"FIZ1","down",0.00858694372,0.044375701,5.0043633,84922,2.3231865281294
"SEPT8","down",0.0086030298126,0.044441795,3.3205073,23176,1.73140367027218
"WDR82","up",0.00861251018,0.044466012,3.3433619,80335,1.74129952697939
"CBX2","up",0.008615467207,0.044466012,6.1741768,84733,2.6262467956889
"NLRP14","down",0.0086408861263,0.044529922,7.4836423,338323,2.90374060289338
"DCST2","down",0.0086436128515,0.044532682,2.2062527,127579,1.14159804394721
"SNX27","down",0.0086491570621,0.044538667,8.152643,81609,3.02726784153418
"NPSR1","down",0.0086517797603,0.044540887,2.9496383,387129,1.5605380545459
"UBE4A","down",0.0086653679045,0.044588254,3.2052568,9354,1.68043994787204
"TMEM14A","up",0.0086850764568,0.044667049,6.0783749,28978,2.60368565967278
"CHCHD2","up",0.0086913775999,0.044670144,2.2045945,51142,1.14051331943918
"TRIM36","down",0.0086925004809,0.044670144,2.240774,55521,1.16399714883893
"CENPV","up",0.0086925748672,0.044670144,3.2737543,201161,1.71094604952344
"C1orf198","up",0.00869750826,0.044670144,2.7374193,84886,1.45281643422763
"CD244","up",0.0087259390112,0.044769183,2.2435508,51744,1.16578385086442
"NELF","down",0.0087282244753,0.044769183,4.3205465,26012,2.11121380844751
"SSSCA1","up",0.0087291647741,0.044769183,3.42031,10534,1.77412708978792
"BTNL8","up",0.0087347357928,0.044775343,2.8425909,79908,1.5072064841685
"MOSPD3","up",0.0087398886273,0.044775343,15.0757587,64598,3.91415870365846
"ABLIM1","down",0.0087400974729,0.044775343,6.9602422,3983,2.79913750932965
"C20orf152","up",0.0087413805608,0.044775343,2.165528,140894,1.11471882638839
"TGFBR1","up",0.0087597779448,0.044858273,2.3717131,7046,1.24592950135062
"FBXO7","up",0.0087662964018,0.044869347,3.9363792,25793,1.97686920533377
"KLHL34","down",0.008766355536,0.044869347,4.4484336,257240,2.15329741802582
"EPT1","up",0.0087695673075,0.044874485,5.8863688,85465,2.55737793460976
"PHIP","down",0.0087799156526,0.04491613,2.0856738,55023,1.0605135375691
"MAP2K1","down",0.0087822052964,0.044916538,2.2549933,5604,1.17312314697461
"CNGA4","down",0.0087887806266,0.044925764,2.1188445,1262,1.0832777135663
"EXOG","up",0.0087906401852,0.044925764,3.7441885,9941,1.9046530687807
"BET1L","down",0.0087985206065,0.044943436,2.4355235,51272,1.28423190359302
"TMEM71","up",0.0088039518638,0.044950571,3.0442607,137835,1.6060919115656
"HMX1","up",0.0088235999841,0.044980783,5.7067273,3166,2.51266362445864
"NRAP","down",0.0088259757731,0.044980783,3.6138514,4892,1.85353718442866
"PEX3","up",0.0088616432167,0.045129767,5.6250269,8504,2.49185999560146
"CD14","up",0.0088695959273,0.045147643,3.0698631,929,1.61817432030071
"CYP4V2","up",0.0088754126614,0.045156973,2.2454755,285440,1.16702098120396
"UBE2G1","up",0.0088764775466,0.045156973,4.2771472,7326,2.09664885908604
"PARP3","down",0.0088798327829,0.045156973,3.7088641,10039,1.89097740565487
"NLRC5","up",0.0088803158314,0.045156973,2.1052099,84166,1.07396408440434
"TSNAX","up",0.008883513741,0.045161935,2.2613344,7257,1.17717434969632
"APBB1IP","up",0.0088945741286,0.045190313,3.5083159,54518,1.81077865851364
"CNNM1","down",0.0088975693279,0.045190313,500.8657323,26507,8.96828009996905
"TEK","down",0.0088979892919,0.045190313,3.4779678,7010,1.79824457583157
"GIPC2","up",0.0089006712725,0.045192641,4.363518,54810,2.12549174845012
"CFL2","down",0.0089053040519,0.045195473,3.6060682,1073,1.85042668209232
"OR5K3","up",0.0089137439438,0.045202798,2.2730527,403277,1.18463113296671
"UCKL1","down",0.008913791521,0.045202798,2.6587735,54963,1.41076087973597
"UQCRFS1","up",0.0089241889783,0.045244236,7.1403939,7386,2.83600366275603
"BCAP31","up",0.0089350221182,0.045287861,9.0657451,10134,3.18042559778514
"DHX29","up",0.0089822185221,0.045447745,4.0271113,54505,2.00974534557374
"MBD3L2","up",0.0089868775216,0.045460001,3.2862317,125997,1.7164342029467
"GRB2","down",0.0090007666536,0.04549629,4.5929045,2885,2.19940678599544
"APC2","down",0.0090035026948,0.045498805,2.37417,10297,1.24742324137241
"MAP7D2","up",0.0090113450328,0.045515802,4.2508693,256714,2.08775790161632
"RFX7","up",0.0090244468496,0.045548021,5.8444403,64864,2.54706486991046
"MFGE8","up",0.0090285018629,0.045557175,4.7585212,4240,2.25051329855462
"SCCPDH","up",0.0090315039626,0.045561012,2.1721562,51097,1.11912785123747
"HOXC6","up",0.0090394713121,0.045589889,2.552174,3223,1.35172669132053
"AQP7","up",0.009046552908,0.045614286,2.3523417,364,1.23409764056949
"TSHZ3","up",0.0090655883562,0.045678609,35.2958926,57616,5.14142840103573
"F8A2","up",0.00906679307,0.045678609,2.8731623,474383,1.52263949053548
"CAB39L","up",0.009068299443,0.045678609,4.4554858,81617,2.15558274331635
"KIAA1217","down",0.0090726196763,0.045689047,4.6785374,56243,2.22605758631317
"C2orf53","up",0.0090754591999,0.045692026,3.028723,339779,1.59870963861522
"ATP5H","up",0.0091082032213,0.045817914,3.9472289,10476,1.98084018361398
"AGXT2L2","down",0.0091089861052,0.045817914,3.1231497,85007,1.64300172282359
"STAT3","down",0.0091094805459,0.045817914,6.6101606,6774,2.72468532377667
"ECSIT","up",0.0091118415358,0.045818451,3.6036493,51295,1.84945861776377
"ATP5O","up",0.0091245848435,0.045871182,2.5411664,539,1.34549084866742
"C5orf44","up",0.009130406371,0.045889097,4.7015447,80006,2.23313483442769
"TBCC","down",0.0091384429282,0.045912957,5.9462888,6903,2.57198953391654
"SLC25A39","up",0.0091476521375,0.045941693,4.5023377,51629,2.17067427088438
"ABHD10","up",0.0091502188553,0.045943231,3.9859166,55347,1.99491152401912
"DUSP11","up",0.0091556493259,0.045959144,5.024912,8446,2.32909833096315
"BCS1L","up",0.0091601309247,0.045968455,2.3714481,617,1.24576829485979
"GH1","up",0.0091620275188,0.045968455,4.1264952,2688,2.04491696221213
"TMEM196","up",0.0091822016785,0.046038576,2.1703772,256130,1.11794579717597
"SHISA8","down",0.0091873290289,0.046038576,4.9166623,440829,2.2976792673313
"DNALI1","up",0.0091917512908,0.046049383,2.7692551,7802,1.46949795892446
"OTX2","up",0.0091945508073,0.046052056,2.6270514,5015,1.39344442803137
"C10orf10","up",0.0092090481975,0.046113305,2.0606065,11067,1.04306902952535
"HK1","down",0.009214722317,0.046118249,23.4834809,3098,4.55357436640854
"PRR5","up",0.0092153612595,0.046118249,3.7240739,55615,1.89688170181875
"WDR92","down",0.00922289402,0.046118251,5.341346,116143,2.41720334169423
"ZFPL1","up",0.0092230318614,0.046118251,5.185248,7542,2.37441299189556
"LRRC45","down",0.0092236501019,0.046118251,105.9749028,201255,6.72757883293091
"CALCOCO2","up",0.009227536272,0.046126334,3.4370451,10241,1.78116878249853
"INTS8","up",0.0092410246495,0.046171049,6.7472666,55656,2.75430316715764
"PTPRE","down",0.0092520201048,0.046214625,6.377373,5791,2.67296226405989
"SGK110","down",0.0092696592246,0.046279986,3.3300479,100130827,1.7355429294273
"TMEM159","down",0.0092766181477,0.046303356,2.0631543,57146,1.04485172210678
"CXCL2","down",0.0092926836111,0.046370619,31.6402362,2920,4.98368846471377
"USP33","up",0.0092946569368,0.046370619,6.2062518,23032,2.6337222310661
"USP53","down",0.0093112298179,0.046430507,2.5114116,54532,1.32849849400789
"GPR162","up",0.0093267398542,0.046485039,2.7047597,27239,1.43550042583843
"PDE7B","down",0.0093343235348,0.046510181,4.3308198,27115,2.11464014491648
"PCBP4","up",0.0093363610605,0.046510181,2.6730651,57060,1.418494973497
"LOC100127983","up",0.0093429273858,0.046528763,3.9426399,100127983,1.97916194828282
"ZNF440","down",0.0093446696172,0.046528763,2.0157476,126070,1.01131500440089
"CD200R1","up",0.0093502138359,0.046531724,2.0374154,131450,1.02674015527774
"UTS2","up",0.009351784104,0.046531724,9.5385165,10911,3.25376490517027
"PANX1","down",0.0093521323777,0.046531724,2.0049012,24145,1.00353114352206
"PEA15","down",0.009381499804,0.046655,3.1020007,8682,1.63319901193378
"USP8","up",0.0093862391262,0.046655737,8.5400785,9101,3.09424933109169
"TMEM184C","up",0.0094342576499,0.046871495,4.8342785,55751,2.27330058832799
"SYS1","up",0.0094573687398,0.046949994,4.3255459,90196,2.11288221772596
"MAP3K12","up",0.0094589483011,0.046949994,2.1332657,7786,1.09306366572523
"PENK","up",0.0094606023082,0.046949994,4.7516368,5179,2.24842456533391
"CHIA","up",0.0094661364251,0.046949994,2.2147231,27159,1.14712633434291
"FGFR1","down",0.0094887650556,0.047018803,7.2691699,2260,2.86179062555759
"NCAPH","down",0.0094930372985,0.047018803,4.9387354,23397,2.30414167628192
"NODAL","up",0.0094956446818,0.047018803,2.2578735,4838,1.17496465970038
"EIF4H","up",0.0094985167518,0.047018803,3.1663667,7458,1.66282834506328
"C5orf65","up",0.0094986078763,0.047018803,4.2305487,389333,2.08084479228878
"ELK1","up",0.0095070382371,0.047034826,2.3969729,2002,1.26121359807481
"ADRM1","up",0.0095087872016,0.047034826,3.6285699,11047,1.85940106207759
"CALU","down",0.0095168450427,0.04706323,3.1216642,813,1.64231535376345
"CEACAM21","up",0.0095244091981,0.047075989,33.2578223,90273,5.05562179989714
"ZBTB20","down",0.0095263736475,0.047075989,4.3228177,26137,2.11197199680483
"HNRNPL","up",0.0095334875126,0.047099692,3.2251889,3191,1.68938366196601
"CEP350","down",0.0095435407089,0.047131987,6.1918701,9857,2.63037520532412
"RNF183","down",0.009554013829,0.047166707,86.1207413,138065,6.42828883270685
"INSC","down",0.0095644355025,0.047206691,2.5473153,387755,1.34897754366911
"GSDMB","up",0.0095676249179,0.047210968,9.131297,55876,3.19081979367848
"SRSF5","up",0.0095719755338,0.04721263,4.7464192,6430,2.24683952384699
"VAT1L","down",0.0095758890406,0.047217357,2.7130791,57687,1.43993111010197
"SCML2","up",0.009593538091,0.047279605,2.3841996,10389,1.25350502014406
"ZIC2","up",0.0095943969093,0.047279605,3.5879978,7546,1.84317900566128
"NHEJ1","up",0.0095954918522,0.047279605,6.29624,79840,2.65449053452561
"TMEM53","up",0.0096077777417,0.047317732,3.0162949,79639,1.59277748628859
"DBR1","up",0.0096078858676,0.047317732,3.1434269,51163,1.65233821381345
"WDR33","up",0.0096116601225,0.047317942,9.8840719,55339,3.30510550534458
"ABHD14B","down",0.0096330096211,0.047385371,8.1888608,84836,3.03366276413674
"STMN3","down",0.009633192345,0.047385371,3.0481974,50861,1.60795633418934
"UBE2F","down",0.0096418071373,0.047388768,2.3205584,140739,1.21447200534271
"C6orf211","up",0.009644189036,0.047388768,6.1937767,79624,2.63081937145143
"LRRC28","up",0.0096452813733,0.047388768,6.1009226,123355,2.60902742788838
"LDLRAD1","up",0.0096459569349,0.047388768,2.7234178,388633,1.44541832345814
"PDE12","up",0.0096491992753,0.047388768,5.6767693,201626,2.50507011266989
"PRICKLE2","down",0.0096535638109,0.047388768,3.4900822,166336,1.80326101584347
"NR1I2","down",0.0096542777062,0.047388768,9.1886026,8856,3.19984547355562
"TIFA","up",0.0096549514731,0.047388768,3.4297665,92610,1.7781103604334
"ALG14","up",0.0096673897642,0.047438362,5.9410197,199857,2.57071057241945
"RAB9A","up",0.0096725341799,0.047449429,4.4466094,9367,2.15270568073338
"SLC35F5","up",0.0096743140703,0.047449429,6.9346859,80255,2.79383053852946
"OSBPL3","down",0.0096820395226,0.047475863,3.7635917,26031,1.91211012319497
"RAPGEF3","up",0.009688218292,0.047479439,3.5473246,10411,1.82673135096203
"C16orf46","up",0.0096897768189,0.047479439,2.9306464,123775,1.5512189087505
"ZNF354B","up",0.0096985294829,0.047500613,2.5231879,117608,1.33524764678361
"WDPCP","up",0.0097070540747,0.04751817,2.6759241,51057,1.42003719590967
"OXA1L","down",0.0097106006706,0.04751817,3.988873,5018,1.99598119081366
"RPAP3","up",0.0097141891873,0.04751817,2.6835207,79657,1.42412701673858
"CD79B","down",0.0097153614545,0.04751817,2.077796,974,1.05505401601514
"MAGEA6","up",0.0097210604138,0.04751817,2.0915849,4105,1.06459655993415
"POLE2","up",0.0097248668877,0.047525347,6.4743645,5427,2.69473859006661
"SSX1","down",0.0097314426659,0.047546051,2.7069986,6756,1.436694141423
"FAM208A","down",0.0097378373905,0.04756586,5.1424551,23272,2.36245729229126
"TMEM150A","up",0.0097433021421,0.047581119,3.2681273,129303,1.70846418039357
"VDAC2","up",0.0097671310417,0.047686029,4.8939035,7417,2.29098565404419
"GNG8","up",0.0097782296247,0.047720652,2.5187526,94235,1.33270942287343
"LSR","down",0.0097792729918,0.047720652,2.8017266,51599,1.4863161805837
"TMEM244","up",0.0097863996711,0.04772365,2.6476863,253582,1.40473220060287
"ST8SIA1","up",0.0097916606839,0.04772365,6.3053283,6489,2.65657148941968
"SLC25A35","up",0.0097917117711,0.04772365,5.0300986,399512,2.33058668001824
"GALNTL6","down",0.0097950486406,0.04772365,3.5345758,442117,1.82153708124153
"PIGK","up",0.0098014523501,0.04772365,4.0031391,10026,2.00113174697541
"PRM1","down",0.0098017318527,0.04772365,3.8151951,5619,1.93175683493805
"ACTR3C","up",0.0098028976431,0.04772365,2.6910123,653857,1.42814898522153
"CRTC3","up",0.009803013019,0.04772365,2.5319435,64784,1.34024521156749
"GP2","down",0.0098145684126,0.047768463,3.0598919,2813,1.61348068622228
"SZRD1","down",0.0098221078445,0.047785037,4.327438,26099,2.11351314998283
"BTD","up",0.0098387004777,0.047848136,6.6775239,686,2.7393132345219
"TDRD10","up",0.0098403546204,0.047848136,3.7787572,126668,1.91791182274995
"ARL5B","up",0.0098454889083,0.047861651,2.5126535,221079,1.32921173437087
"C3orf38","up",0.0098479300634,0.04786207,3.3980134,285237,1.76469154177329
"C8orf59","up",0.0098530612792,0.047875561,6.7760006,401466,2.7604340024176
"RNLS","up",0.0098698648636,0.047921456,4.1956452,55328,2.06889268319576
"SUDS3","down",0.0098703479761,0.047921456,2.2405719,64426,1.16386702334785
"ZNRD1","up",0.0098711848348,0.047921456,4.1972479,30834,2.06944367493189
"ATP6V1E1","up",0.0098768508219,0.047929067,4.4519179,529,2.15442698747884
"AASDHPPT","up",0.0098788421255,0.047929067,4.8468195,60496,2.27703835621925
"TP73","up",0.0098805800499,0.047929067,2.9003234,7161,1.53621377664124
"SCRN1","up",0.0098915034099,0.047945352,3.7041498,9805,1.88914244399423
"CCT7","down",0.0098918408127,0.047945352,2.0165204,10574,1.01186800074997
"IL36A","down",0.009892374798,0.047945352,12.9770321,27179,3.69788856572795
"SUN1","up",0.0098965447249,0.04794929,3.0012937,23353,1.58558450480781
"GNPDA2","up",0.0099020896629,0.047964722,3.5949166,132789,1.84595830135662
"FAM214B","up",0.0099144395877,0.047971784,8.6948821,80256,3.12016646515135
"LAMTOR1","up",0.00991968414,0.047971784,3.6808251,55004,1.88002919950263
"PTPRC","down",0.0099202547189,0.047971784,2.8512834,5788,1.51161144139963
"C12orf51","down",0.0099234400394,0.047971784,11.091505,283450,3.47138323213826
"CRK","up",0.0099258066386,0.047971784,3.4642978,1398,1.79256295319293
"NDUFA5","up",0.0099262292845,0.047971784,4.482537,4698,2.16431549151444
"KIAA0182","up",0.0099269783601,0.047971784,2.8957344,23199,1.5339292828855
"FCGR2B","up",0.0099373649106,0.048009732,2.7379491,2213,1.45309562634009
"RFPL2","up",0.0099631053901,0.048105758,3.0042367,10739,1.58699848544313
"LDB3","down",0.0099681487758,0.04811271,25.9864844,11155,4.69968956587521
"CHMP5","up",0.0099795120557,0.048156121,2.3018854,51510,1.20281601028718
"RASSF8","down",0.0100015214219,0.048204007,2.6031385,11228,1.38025207238265
"ZNF526","up",0.0100048019316,0.048204007,2.1429933,116115,1.09962733948162
"GABRG3","up",0.0100070449841,0.048204007,3.111205,2567,1.63747345843368
"PIK3R1","down",0.0100093200037,0.048204007,2.1662867,5295,1.1152241909132
"SLC25A43","up",0.0100101621667,0.048204007,6.4934139,203427,2.69897717185485
"TJP1","down",0.0100107804068,0.048204007,8.9590608,7082,3.16334749900132
"SSH3","down",0.0100146579214,0.048211256,4.8846865,54961,2.28826597275479
"FFAR2","down",0.0100393001851,0.048295568,2.230475,2867,1.15735097793523
"TMEM98","up",0.0100530952932,0.048350488,3.2188978,26022,1.6865667719775
"GGNBP2","up",0.0100644552858,0.048393673,2.3759948,79893,1.24853167872183
"UTP11L","up",0.0100672243055,0.048395538,2.1888443,51118,1.13016933432382
"CT45A6","down",0.0100881473112,0.04847319,88.4478601,541465,6.46675533378429
"EXOSC3","up",0.0100963182896,0.048490974,3.2506209,51010,1.70071531315498
"PTGR1","up",0.0101175706437,0.048556158,4.5204985,22949,2.17648187525601
"MSANTD4","up",0.0101194593971,0.048556158,2.7929202,84437,1.48177435317069
"C18orf63","up",0.0101197482865,0.048556158,2.1093634,644041,1.07680766327495
"KLHL20","down",0.0101271484713,0.048578939,2.6344266,27252,1.39748898411785
"ALDH1L1","up",0.0101319648968,0.04858037,2.5668292,10840,1.35998730038895
"BRMS1L","down",0.0101378602137,0.048585713,2.8322985,84312,1.5019733211327
"FOXJ2","down",0.0101428837734,0.048598268,5.2030822,55810,2.37936649966433
"HAUS4","up",0.0101452619894,0.048598268,5.2905236,54930,2.40341051208253
"SP110","up",0.0101501380591,0.048604247,2.840789,3431,1.50629167913099
"CADPS2","up",0.0101512929096,0.048604247,2.7099217,93664,1.43825116720511
"SERF2","down",0.0101640585804,0.048639642,2.141262,10169,1.09846133144272
"NAT2","up",0.0101768122703,0.048665162,2.8656206,10,1.51884761353193
"C9orf129","down",0.0101771746219,0.048665162,2.6060021,445577,1.38183824647641
"C15orf44","up",0.0101783815783,0.048665162,7.2008543,81556,2.84816807617436
"IPPK","up",0.0101917522163,0.04871763,5.2587579,64768,2.39472208029281
"ERC1","down",0.0102090160946,0.04877721,6.2712173,23085,2.64874551036636
"ZMYND15","up",0.0102196902118,0.048816734,3.9968984,84225,1.99888090033426
"B3GNT5","up",0.0102376788591,0.048889685,4.3022801,84002,2.10510145449743
"SLC25A48","up",0.0102397730609,0.048889685,2.3417223,153328,1.2275699997643
"UCN3","down",0.0102475609598,0.048904047,7.6253786,114131,2.93080896914095
"NARS","up",0.010250729418,0.048904047,3.2776701,4677,1.71267065338633
"QSOX1","up",0.0102516266459,0.048904047,2.6654405,5768,1.41437397750586
"ITPKB","down",0.0102592198719,0.048925069,69.1244456,3707,6.11112409940884
"ZDHHC19","up",0.0102662698553,0.048947205,2.1363814,131540,1.09516922884625
"ASPSCR1","up",0.010273617262,0.048970748,2.9078239,79058,1.53993990120746
"PTPRS","down",0.0102763230949,0.048972161,2.6013797,5802,1.37927699187106
"SLC39A8","up",0.0102797743232,0.048976755,5.6520836,64116,2.49878280474005
"C11orf49","up",0.0102821065078,0.048976755,2.5758768,79096,1.36506359334404
"COL17A1","up",0.0103001204697,0.049026745,2.7965404,1308,1.48364317225399
"C1QTNF7","up",0.0103020793262,0.049026745,3.9011046,114905,1.96388268174575
"CEACAM1","down",0.0103033526425,0.049026745,5.1697768,634,2.37010199495331
"KCNH1","up",0.0103091568432,0.049036652,2.3224812,3756,1.21566691834031
"FOXP3","down",0.0103173644617,0.049041261,3.3063364,50943,1.72523351770995
"CDCA7","up",0.01032714872,0.049076291,5.3481126,83879,2.41902984047829
"ZFP36L1","down",0.0103322449065,0.049081686,3.383478,677,1.75850700790788
"BTN2A1","up",0.0103417950499,0.049099973,2.7222399,11120,1.44479421132742
"C9orf11","down",0.0103511909356,0.049133105,2.5983631,54586,1.37760304971046
"CAPN2","up",0.0103566375528,0.04914748,2.5557182,824,1.35372876982348
"FCN3","down",0.0103590721571,0.049147559,2.7158548,8547,1.44140634964169
"RCBTB1","up",0.0103727248154,0.049193594,7.2565325,55213,2.8592803278236
"RSU1","up",0.010373615975,0.049193594,2.9449562,6251,1.55824617717536
"TTC39B","up",0.0103761343152,0.049194059,5.7964433,158219,2.53516793344822
"ZEB2","down",0.0103880329013,0.049238305,5.793257,9839,2.53437466715046
"C21orf56","down",0.0103903118535,0.049238305,7.0879373,84221,2.82536584184734
"CRIPAK","up",0.0104016110498,0.049274973,2.8052957,285464,1.48815285013498
"MPP1","up",0.0104072467539,0.049274973,2.6201688,4354,1.38965975797583
"LINGO3","up",0.0104091141138,0.049274973,4.9530259,645191,2.30831016502722
"MYOC","down",0.010412595817,0.049274973,4.8563443,4653,2.279870707898
"MAGIX","down",0.0104365646881,0.049353927,11.0265309,79917,3.46290706527432
"C14orf101","down",0.0104543107245,0.049414852,2.5479681,54916,1.34934721548279
"IFI16","down",0.0104708052505,0.049469809,3.1493913,3428,1.65507301803156
"SUMO4","down",0.0104753507279,0.049479283,2.1752357,387082,1.12117173420164
"C2orf56","up",0.0104776794502,0.049479283,2.3922517,55471,1.25836919022081
"PDPK1","down",0.0104943024839,0.049522481,3.6094024,5170,1.85175999336593
"WTAP","down",0.0104962439464,0.049522481,2.3974839,9589,1.2615211270398
"PARP4","up",0.0104993076176,0.049522481,4.9702198,143,2.31330965407291
"ADPRM","up",0.0105009311162,0.049522481,2.7251759,56985,1.44634935351069
"MKLN1","up",0.0105015751772,0.049522481,3.8713475,4289,1.95283581267428
"PHF14","down",0.0105078644261,0.049522481,3.6922921,9678,1.88451669018627
"VMO1","down",0.010508755649,0.049522481,2.8959711,284013,1.53404720528896
"OR52N4","up",0.0105142841757,0.049537048,3.0441603,390072,1.60604433056484
"HCFC1R1","down",0.0105213537969,0.049558868,4.2415215,54985,2.08458187487253
"IL1RN","up",0.0105271225908,0.049574552,3.8979334,3557,1.96270944095225
"DNAJC14","up",0.0105299062536,0.049576174,3.3074116,85406,1.7257025968831
"C18orf1","down",0.0105393624616,0.049609204,3.3788915,753,1.75655002468783
"PRRC2C","down",0.0105441557618,0.049620275,9.2150862,23215,3.20399766121474
"KIAA1549","up",0.0105631874733,0.049686828,3.9859713,57670,1.99493132244573
"NUDT15","up",0.0105679069892,0.049696472,2.9182391,55270,1.54509809238965
"NCOR1","down",0.0105705067061,0.049696472,3.7793751,9611,1.91814771204967
"MRPS2","up",0.0105768853833,0.049696472,7.02317,51116,2.81212235688383
"SUN5","down",0.0105773890879,0.049696472,4.0611592,140732,2.02189158292555
"TNNT3","down",0.0105784057744,0.049696472,2.4080426,7140,1.26786091463296
"HES1","up",0.0105865061912,0.049715975,2.627464,3280,1.39367099734548
"ELF1","down",0.0105908702512,0.04972498,5.7977854,1997,2.53550193428142
"TUFT1","down",0.0106023911465,0.049756084,6.2412979,7286,2.64184607382892
"AVPR2","up",0.0106110027885,0.049785003,2.8260112,554,1.49876718334787
"NOMO3","down",0.0106237330277,0.049833227,7.0671637,408050,2.82113132720594
"CDK10","up",0.0106266972147,0.04983563,2.8199558,8558,1.49567254999267
"COX15","up",0.0106460187416,0.049892096,3.014668,1355,1.59199912944645
"CD109","up",0.0106514329219,0.049892096,4.9510269,135228,2.30772778779556
"RABGAP1","down",0.010651680901,0.049892096,30.5164478,23637,4.9315151330893
"CRISP2","up",0.0106522194322,0.049892096,7.7744833,7180,2.95874679546209
"RNASE4","up",0.010657513134,0.049892096,3.3151171,6038,1.7290598316065
"MUC22","up",0.0106583291695,0.049892096,2.1858223,100507679,1.12817611952337
"TUBE1","up",0.0106588969118,0.049892096,3.0623921,51175,1.6146590132459
"WDR89","up",0.0106627785777,0.049892096,7.2874368,112840,2.86541146665317
"OR5C1","down",0.0106661046984,0.049893804,5.7692614,392391,2.52838663208333
"STYK1","up",0.0106757583492,0.049915985,4.0871643,55359,2.03110023945127
"SERPINA10","up",0.0106836161247,0.049941237,2.8537178,51156,1.5128426758543
"MTX3","down",0.0106917490975,0.049967763,20.9909793,345778,4.39169756967828
