"GO_ID","TERM","GeneRatio","BgRatio","Count","pvalue","p.adjust","geneID"
"GO:0032148","activation of protein kinase B activity","5/612","26/37734",5,5.47707079389628e-05,0.0236369083801891,"ADRA2C/MIR143/NTF3/NTRK3/TXN"
"GO:0009968","negative regulation of signal transduction","6/612","42/37734",6,5.67187889531039e-05,0.0236369083801891,"RGS7BP/RGS18/PRR5L/RGS5/RGS20/RGS6"
"GO:0150104","transport across blood-brain barrier","8/612","84/37734",8,6.75867085987307e-05,0.0236369083801891,"SLC27A4/SLC7A8/ATP1A2/ATP1B2/ABCB1/SLC2A4/SLC6A1/ABCG2"
"GO:0006940","regulation of smooth muscle contraction","4/612","15/37734",4,8.11311785614427e-05,0.0236369083801891,"ADRA2C/MIR143/MIR145/ATP1A2"
"GO:0007219","Notch signaling pathway","9/612","111/37734",9,8.53103233275916e-05,0.0236369083801891,"HEY2/SUSD5/HOXD3/KCNA5/ANGPT4/PLN/NLE1/WDR12/SORBS2"
"GO:0030216","keratinocyte differentiation","7/612","65/37734",7,8.79785671719199e-05,0.0236369083801891,"CDSN/TXNIP/ACER1/SLC39A2/POU3F1/SPRR2F/TGM3"
"GO:0006665","sphingolipid metabolic process","4/612","16/37734",4,0.000106788488696302,0.0245918633969198,"ACER1/ALOX12B/ALOXE3/PSAPL1"
"GO:0051145","smooth muscle cell differentiation","4/612","18/37734",4,0.000174976412155856,0.0352577470494051,"HEY2/MEF2C/WNT4/ITGA8"
"GO:0019229","regulation of vasoconstriction","4/612","19/37734",4,0.000218800835926488,0.0391896608348332,"ADRA2C/KCNA5/ASIC2/ATP1A2"
"GO:0045165","cell fate commitment","6/612","55/37734",6,0.000262319841651668,0.0395677684804041,"GATA5/HEY2/WNT4/SOX5/TAL1/WNT9A"
"GO:0006941","striated muscle contraction","4/612","20/37734",4,0.000270003382930797,0.0395677684804041,"DTNA/RYR2/RYR3/CASQ2"
"GO:0001580","detection of chemical stimulus involved in sensory perception of bitter taste","5/612","37/37734",5,0.000313326861865341,0.0420902417772441,"TAS2R31/TAS2R46/TAS2R20/TAS2R50/PIGR"
"GO:0010881","regulation of cardiac muscle contraction by regulation of the release of sequestered calcium ion","4/612","22/37734",4,0.000397300842672616,0.0450224756175467,"ATP1A2/PLN/RYR2/CASQ2"
"GO:0006937","regulation of muscle contraction","3/612","10/37734",3,0.000467954098364444,0.0450224756175467,"MYL9/ATP1A2/TPM1"
"GO:0033138","positive regulation of peptidyl-serine phosphorylation","7/612","85/37734",7,0.000472203253479137,0.0450224756175467,"SH2D3C/ANGPT1/IL11/NTF3/NTRK3/TXN/VEGFA"
"GO:0019934","cGMP-mediated signaling","4/612","23/37734",4,0.00047480278256718,0.0450224756175467,"IRAG1/GUCY1A2/PDE3A/PRKG1"
"GO:0035855","megakaryocyte development","4/612","23/37734",4,0.00047480278256718,0.0450224756175467,"FLI1/ZNF385A/PIP4K2A/TAL1"
"GO:0030219","megakaryocyte differentiation","3/612","11/37734",3,0.000635691570163255,0.0487968957668175,"IL11/TESC/TAL1"
"GO:0038166","angiotensin-activated signaling pathway","3/612","11/37734",3,0.000635691570163255,0.0487968957668175,"AGTR2/MIR143/MIR145"
"GO:0061049","cell growth involved in cardiac muscle cell development","3/612","11/37734",3,0.000635691570163255,0.0487968957668175,"ADRA1A/PRKG1/SORBS2"
"GO:0071313","cellular response to caffeine","3/612","11/37734",3,0.000635691570163255,0.0487968957668175,"RYR2/RYR3/CASQ2"
"GO:0071560","cellular response to transforming growth factor beta stimulus","6/612","66/37734",6,0.000707568524439598,0.0518454755180287,"MIR27A/MEF2C/PDE3A/WNT4/ACTA2/SOX5"
"GO:0032543","mitochondrial translation","7/612","94/37734",7,0.000864362799784681,0.0605805579675177,"MRPL15/MRPL30/MRPS17/MRPL12/MRPS12/MRPL17/MRPL57"
"GO:0010628","positive regulation of gene expression","18/612","482/37734",18,0.00102970454071085,0.069161821651079,"OCLN/GATA5/ALOX12B/ANGPT1/HOXD3/IL7R/MUSTN1/MIR27A/MEF2C/NTRK3/LEF1/PF4/PGR/POU3F1/TESC/ACTA2/VEGFA/MYOM1"
"GO:0086064","cell communication by electrical coupling involved in cardiac conduction","3/612","13/37734",3,0.00107552995913099,0.0693501717647661,"ATP1A2/ATP1B2/RYR2"
"GO:0008217","regulation of blood pressure","6/612","72/37734",6,0.00112132752467856,0.0695223065300709,"AGTR2/ATP1A2/NPY1R/P2RX1/ACTA2/SCNN1A"
"GO:0003151","outflow tract morphogenesis","5/612","49/37734",5,0.00116847737758097,0.069762427135575,"HEY2/MEF2C/NPY1R/NPY5R/VEGFA"
"GO:0006968","cellular defense response","5/612","50/37734",5,0.00128120042697955,0.0719227910618538,"KLRG1/PRF1/IL1RL2/FCMR/NCR1"
"GO:0006816","calcium ion transport","6/612","74/37734",6,0.00129389636525668,0.0719227910618538,"NMUR1/ATP2B2/BSPRY/PRKCB/RYR2/RYR3"
"GO:0015671","oxygen transport","3/612","15/37734",3,0.00167024132794858,0.0897476340217706,"HBM/HBD/HBG1"
"GO:0030511","positive regulation of transforming growth factor beta receptor signaling pathway","4/612","33/37734",4,0.00193031874268478,0.0972398066627458,"GIPC1/FERMT1/ITGA8/ZEB2"
"GO:0046513","ceramide biosynthetic process","4/612","33/37734",4,0.00193031874268478,0.0972398066627458,"ALOX12B/P2RX1/ALOXE3/CERS4"
"GO:0071880","adenylate cyclase-activating adrenergic receptor signaling pathway","3/612","16/37734",3,0.0020310381370068,0.0977333764348697,"ADRA1D/ADRA1A/ADRA2C"
"GO:0008544","epidermis development","6/612","81/37734",6,0.00206137394465606,0.0977333764348697,"CDSN/ACER1/CRABP2/KLK5/PTHLH/SPRR2F"
"GO:0042273","ribosomal large subunit biogenesis","4/612","34/37734",4,0.00215993708853954,0.0994805310493066,"MRTO4/WDR74/WDR12/AFG2B"
"GO:0007166","cell surface receptor signaling pathway","12/612","283/37734",12,0.00246005446180699,0.102457598237308,"KLRG1/GPR182/FCRL3/AGTR2/CLCF1/FCRL6/IL7R/KLRD1/GPR157/CD247/CD27/CDA"
"GO:0006700","C21-steroid hormone biosynthetic process","2/612","5/37734",2,0.00254237216469748,0.102457598237308,"CYP11A1/TSPO"
"GO:0098914","membrane repolarization during atrial cardiac muscle cell action potential","2/612","5/37734",2,0.00254237216469748,0.102457598237308,"KCNA5/KCNJ3"
"GO:0150099","neuron-glial cell signaling","2/612","5/37734",2,0.00254237216469748,0.102457598237308,"ADRA1D/ADRA1A"
"GO:1905605","positive regulation of blood-brain barrier permeability","2/612","5/37734",2,0.00254237216469748,0.102457598237308,"OCLN/ANGPT1"
"GO:0001822","kidney development","7/612","114/37734",7,0.00263596622584822,0.103638476977252,"HAS2/MPST/WNT4/NLE1/STRA6/VEGFA/ITGA8"
"GO:0033280","response to vitamin D","3/612","18/37734",3,0.00288906831188191,0.105862345987618,"PRKCB/STC2/KL"
"GO:0030168","platelet activation","5/612","60/37734",5,0.002893191855052,0.105862345987618,"ADRA2C/DGKG/P2RX1/PF4/TYRO3"
"GO:0030166","proteoglycan biosynthetic process","3/612","19/37734",3,0.00338974346362356,0.105862345987618,"CHST12/CSGALNACT1/GAL3ST3"
"GO:0006605","protein targeting","4/612","39/37734",4,0.00359426128291945,0.105862345987618,"GIPC1/AP1S3/TRAK2/RASSF9"
"GO:0033627","cell adhesion mediated by integrin","4/612","39/37734",4,0.00359426128291945,0.105862345987618,"ITGA1/ITGA7/CCN3/ITGA8"
"GO:0007200","phospholipase C-activating G protein-coupled receptor signaling pathway","6/612","91/37734",6,0.00369803491001718,0.105862345987618,"NMUR1/ADRA1D/ADRA1A/GNA15/GPR20/GPR157"
"GO:0014050","negative regulation of glutamate secretion","2/612","6/37734",2,0.00377262247623887,0.105862345987618,"NPY5R/PRKG1"
"GO:0032229","negative regulation of synaptic transmission, GABAergic","2/612","6/37734",2,0.00377262247623887,0.105862345987618,"NPY5R/SLC6A1"
"GO:0036324","vascular endothelial growth factor receptor-2 signaling pathway","2/612","6/37734",2,0.00377262247623887,0.105862345987618,"SLC31A1/VEGFA"
"GO:0036446","myofibroblast differentiation","2/612","6/37734",2,0.00377262247623887,0.105862345987618,"MIR145/ZEB2"
"GO:0043457","regulation of cellular respiration","2/612","6/37734",2,0.00377262247623887,0.105862345987618,"CISD1/PRDM16"
"GO:0044381","glucose import in response to insulin stimulus","2/612","6/37734",2,0.00377262247623887,0.105862345987618,"SLC27A4/SLC2A4"
"GO:0055129","L-proline biosynthetic process","2/612","6/37734",2,0.00377262247623887,0.105862345987618,"PYCR1/PYCR3"
"GO:0060414","aorta smooth muscle tissue morphogenesis","2/612","6/37734",2,0.00377262247623887,0.105862345987618,"MIR143/MIR145"
"GO:0061156","pulmonary artery morphogenesis","2/612","6/37734",2,0.00377262247623887,0.105862345987618,"HEY2/STRA6"
"GO:1990962","xenobiotic transport across blood-brain barrier","2/612","6/37734",2,0.00377262247623887,0.105862345987618,"ABCB1/ABCG2"
"GO:0030198","extracellular matrix organization","8/612","155/37734",8,0.00393489584986812,0.105862345987618,"ADAMTS19/CSGALNACT1/SMOC1/SMOC2/ADAMTS10/COLQ/ITGA8/ADAMTSL1"
"GO:0030220","platelet formation","3/612","20/37734",3,0.00394028583080464,0.105862345987618,"ZNF385A/MEF2C/TAL1"
"GO:0045653","negative regulation of megakaryocyte differentiation","3/612","20/37734",3,0.00394028583080464,0.105862345987618,"PF4/H4C1/H4C3"
"GO:0043410","positive regulation of MAPK cascade","8/612","157/37734",8,0.00425027007316383,0.112318612425247,"FCRL3/ADRA1A/ADRA2C/DOK6/ALOX12B/IL11/ITGA1/MEF2C"
"GO:0031589","cell-substrate adhesion","3/612","21/37734",3,0.00454212171062096,0.113821435478729,"SORBS1/ANGPT1/ATP1B2"
"GO:0030501","positive regulation of bone mineralization","4/612","42/37734",4,0.00470810946920783,0.113821435478729,"FBN2/MEF2C/WNT4/KL"
"GO:0060048","cardiac muscle contraction","4/612","42/37734",4,0.00470810946920783,0.113821435478729,"ATP1A2/RYR2/TPM1/CASQ2"
"GO:0009410","response to xenobiotic stimulus","10/612","231/37734",10,0.00473524146865828,0.113821435478729,"TXNIP/ADRA1A/GCLM/PNP/PDE3A/ABCB1/PRKCB/SRR/ABCC8/TSPO"
"GO:0006821","chloride transport","4/612","43/37734",4,0.00512547580807544,0.113821435478729,"NMUR1/SLC4A1/TSPO/BEST1"
"GO:0006883","intracellular sodium ion homeostasis","3/612","22/37734",3,0.00519656711082333,0.113821435478729,"ATP1A2/ATP1B2/SCNN1A"
"GO:0006166","purine ribonucleoside salvage","2/612","7/37734",2,0.00522505348971831,0.113821435478729,"APRT/PNP"
"GO:0006563","L-serine metabolic process","2/612","7/37734",2,0.00522505348971831,0.113821435478729,"PSPH/SRR"
"GO:0030213","hyaluronan biosynthetic process","2/612","7/37734",2,0.00522505348971831,0.113821435478729,"HAS1/HAS2"
"GO:0030854","positive regulation of granulocyte differentiation","2/612","7/37734",2,0.00522505348971831,0.113821435478729,"LEF1/TESC"
"GO:0034440","lipid oxidation","2/612","7/37734",2,0.00522505348971831,0.113821435478729,"ALOX12B/ALOXE3"
"GO:0048733","sebaceous gland development","2/612","7/37734",2,0.00522505348971831,0.113821435478729,"ACER1/KRT76"
"GO:0099536","synaptic signaling","2/612","7/37734",2,0.00522505348971831,0.113821435478729,"DTNA/UTRN"
"GO:1990573","potassium ion import across plasma membrane","4/612","44/37734",4,0.00556690706858977,0.11965138926089,"KCNJ3/ATP1A2/ATP1B2/ABCC8"
"GO:0060392","negative regulation of SMAD protein signal transduction","3/612","23/37734",3,0.00590483176006176,0.121711262323015,"MIR27A/CCN3/PBLD"
"GO:0042127","regulation of cell population proliferation","7/612","134/37734",7,0.00638885463353175,0.121711262323015,"TXNIP/SLC7A11/NR5A2/PF4/TAL1/TSPO/ECRG4"
"GO:0007188","adenylate cyclase-modulating G protein-coupled receptor signaling pathway","4/612","46/37734",4,0.00652432125060332,0.121711262323015,"ADRA1D/GNA15/GPR171/PRKACB"
"GO:0030325","adrenal gland development","3/612","24/37734",3,0.00666802300446185,0.121711262323015,"WNT4/STRA6/TSPO"
"GO:0061484","hematopoietic stem cell homeostasis","3/612","24/37734",3,0.00666802300446185,0.121711262323015,"CCN3/NLE1/ARHGEF5"
"GO:0007160","cell-matrix adhesion","6/612","103/37734",6,0.0067480627955337,0.121711262323015,"SORBS1/HOXD3/ITGA1/ITGA7/FERMT1/ITGA8"
"GO:0001915","negative regulation of T cell mediated cytotoxicity","2/612","8/37734",2,0.00689215827537674,0.121711262323015,"IL7R/KLRD1"
"GO:0006271","DNA strand elongation involved in DNA replication","2/612","8/37734",2,0.00689215827537674,0.121711262323015,"MCM4/POLD2"
"GO:0007207","phospholipase C-activating G protein-coupled acetylcholine receptor signaling pathway","2/612","8/37734",2,0.00689215827537674,0.121711262323015,"GNA15/PRKCB"
"GO:0010827","regulation of glucose transmembrane transport","2/612","8/37734",2,0.00689215827537674,0.121711262323015,"OCLN/PRKCB"
"GO:0035767","endothelial cell chemotaxis","2/612","8/37734",2,0.00689215827537674,0.121711262323015,"CCN3/VEGFA"
"GO:0045652","regulation of megakaryocyte differentiation","2/612","8/37734",2,0.00689215827537674,0.121711262323015,"EIF6/MEF2C"
"GO:0048512","circadian behavior","2/612","8/37734",2,0.00689215827537674,0.121711262323015,"C3orf70/GPR157"
"GO:0051151","negative regulation of smooth muscle cell differentiation","2/612","8/37734",2,0.00689215827537674,0.121711262323015,"RBPMS2/PRDM6"
"GO:1902732","positive regulation of chondrocyte proliferation","2/612","8/37734",2,0.00689215827537674,0.121711262323015,"MUSTN1/LEF1"
"GO:0008277","regulation of G protein-coupled receptor signaling pathway","4/612","47/37734",4,0.00704144558370344,0.121711262323015,"RGS18/RGS5/RGS20/RGS6"
"GO:0007169","transmembrane receptor protein tyrosine kinase signaling pathway","6/612","104/37734",6,0.00706556646230937,0.121711262323015,"DOK6/SHC4/NTF3/NTRK3/BLK/TYRO3"
"GO:0031424","keratinization","5/612","74/37734",5,0.00709730686002695,0.121711262323015,"KRT76/PPL/SPRR2F/TGM3/LCE3D"
"GO:0045669","positive regulation of osteoblast differentiation","5/612","74/37734",5,0.00709730686002695,0.121711262323015,"FBN2/SCUBE3/MIR27A/MEF2C/WNT4"
"GO:0006874","intracellular calcium ion homeostasis","6/612","105/37734",6,0.00739373429500923,0.123503898872631,"PLN/PRKCB/RYR2/RYR3/CASQ2/STC2"
"GO:0002092","positive regulation of receptor internalization","3/612","25/37734",3,0.007487149593266,0.123503898872631,"ANGPT1/NTF3/VEGFA"
"GO:0006936","muscle contraction","5/612","75/37734",5,0.00750515484019296,0.123503898872631,"SGCA/SNTB1/TPM2/UTRN/MYOM2"
"GO:0008542","visual learning","4/612","48/37734",4,0.00758491686624717,0.123503898872631,"SLC7A11/ATP1A2/ABCC8/PDE8B"
"GO:0043536","positive regulation of blood vessel endothelial cell migration","4/612","48/37734",4,0.00758491686624717,0.123503898872631,"ANGPT1/MIR143/ANGPT4/VEGFA"
"GO:1904753","negative regulation of vascular associated smooth muscle cell migration","3/612","26/37734",3,0.00836312535630709,0.128044096745273,"MEF2C/PRKG1/TPM1"
"GO:0007599","hemostasis","2/612","9/37734",2,0.00876661427690652,0.128044096745273,"FLI1/ZNF385A"
"GO:0014808","release of sequestered calcium ion into cytosol by sarcoplasmic reticulum","2/612","9/37734",2,0.00876661427690652,0.128044096745273,"RYR2/RYR3"
"GO:0050915","sensory perception of sour taste","2/612","9/37734",2,0.00876661427690652,0.128044096745273,"ASIC2/SCNN1A"
"GO:0051122","hepoxilin biosynthetic process","2/612","9/37734",2,0.00876661427690652,0.128044096745273,"ALOX12B/ALOXE3"
"GO:0051481","negative regulation of cytosolic calcium ion concentration","2/612","9/37734",2,0.00876661427690652,0.128044096745273,"KCNA5/ATP1A2"
"GO:0060253","negative regulation of glial cell proliferation","2/612","9/37734",2,0.00876661427690652,0.128044096745273,"ABCC8/TSPO"
"GO:0061042","vascular wound healing","2/612","9/37734",2,0.00876661427690652,0.128044096745273,"MCAM/VEGFA"
"GO:0090037","positive regulation of protein kinase C signaling","2/612","9/37734",2,0.00876661427690652,0.128044096745273,"ADRA1A/VEGFA"
"GO:0090150","establishment of protein localization to membrane","2/612","9/37734",2,0.00876661427690652,0.128044096745273,"RAB10/COLQ"
"GO:1900748","positive regulation of vascular endothelial growth factor signaling pathway","2/612","9/37734",2,0.00876661427690652,0.128044096745273,"SMOC2/VEGFA"
"GO:0007218","neuropeptide signaling pathway","6/612","109/37734",6,0.00881693222005291,0.128044096745273,"NMUR1/CMKLR2/GPR171/NPY1R/NPY5R/TYRO3"
"GO:0042744","hydrogen peroxide catabolic process","3/612","27/37734",3,0.00929677277601863,0.133791023076679,"HBM/HBD/HBG1"
"GO:0006487","protein N-linked glycosylation","4/612","51/37734",4,0.00937865112138012,0.133791023076679,"MGAT4A/FUT6/DOLPP1/MAGT1"
"GO:0002062","chondrocyte differentiation","4/612","52/37734",4,0.0100326673862772,0.138699541796236,"MUSTN1/MEF2C/CCN3/SOX5"
"GO:0009612","response to mechanical stimulus","4/612","52/37734",4,0.0100326673862772,0.138699541796236,"TXNIP/KCNA5/PPL/PSPH"
"GO:0007202","activation of phospholipase C activity","3/612","28/37734",3,0.0102888264566237,0.138699541796236,"NMUR1/ADRA1A/GNA15"
"GO:0007613","memory","5/612","81/37734",5,0.0102994293475031,0.138699541796236,"FEN1/NTF3/SLC6A1/ABCC8/ITGA8"
"GO:0000353","formation of quadruple SL/U4/U5/U6 snRNP","2/612","10/37734",2,0.010841279321542,0.138699541796236,"RNU4-2/RNU4-1"
"GO:0003214","cardiac left ventricle morphogenesis","2/612","10/37734",2,0.010841279321542,0.138699541796236,"HEY2/NPY5R"
"GO:0016126","sterol biosynthetic process","2/612","10/37734",2,0.010841279321542,0.138699541796236,"ERG28/PRKAG2"
"GO:0048023","positive regulation of melanin biosynthetic process","2/612","10/37734",2,0.010841279321542,0.138699541796236,"GIPC1/ZEB2"
"GO:0048048","embryonic eye morphogenesis","2/612","10/37734",2,0.010841279321542,0.138699541796236,"FBN2/VAX2"
"GO:0070233","negative regulation of T cell apoptotic process","2/612","10/37734",2,0.010841279321542,0.138699541796236,"IL7R/CD27"
"GO:0070633","transepithelial transport","2/612","10/37734",2,0.010841279321542,0.138699541796236,"ABCB1/ABCG2"
"GO:0071803","positive regulation of podosome assembly","2/612","10/37734",2,0.010841279321542,0.138699541796236,"FSCN1/ARHGEF5"
"GO:0140115","export across plasma membrane","2/612","10/37734",2,0.010841279321542,0.138699541796236,"ABCB1/ABCG2"
"GO:0050853","B cell receptor signaling pathway","4/612","56/37734",4,0.0129415687927281,0.154309682792943,"MEF2C/PRKCB/BLK/CD79B"
"GO:0010459","negative regulation of heart rate","2/612","11/37734",2,0.0131091877107373,0.154309682792943,"AGTR2/PLN"
"GO:0010764","negative regulation of fibroblast migration","2/612","11/37734",2,0.0131091877107373,0.154309682792943,"HAS1/ZEB2"
"GO:0019372","lipoxygenase pathway","2/612","11/37734",2,0.0131091877107373,0.154309682792943,"ALOX12B/ALOXE3"
"GO:0030210","heparin biosynthetic process","2/612","11/37734",2,0.0131091877107373,0.154309682792943,"ANGPT1/CSGALNACT1"
"GO:0032780","negative regulation of ATP-dependent activity","2/612","11/37734",2,0.0131091877107373,0.154309682792943,"PPIF/PLN"
"GO:0042753","positive regulation of circadian rhythm","2/612","11/37734",2,0.0131091877107373,0.154309682792943,"PRKG1/BMAL2"
"GO:0048333","mesodermal cell differentiation","2/612","11/37734",2,0.0131091877107373,0.154309682792943,"MIR145/ITGA8"
"GO:0051775","response to redox state","2/612","11/37734",2,0.0131091877107373,0.154309682792943,"SLC7A11/RYR2"
"GO:2001028","positive regulation of endothelial cell chemotaxis","2/612","11/37734",2,0.0131091877107373,0.154309682792943,"SMOC2/VEGFA"
"GO:0071277","cellular response to calcium ion","5/612","86/37734",5,0.0131144085252067,0.154309682792943,"PPIF/RASGRP2/ACER1/MEF2C/RYR3"
"GO:0010667","negative regulation of cardiac muscle cell apoptotic process","3/612","31/37734",3,0.0136215229992212,0.159115181701048,"SIRT4/HEY2/MIR145"
"GO:0048812","neuron projection morphogenesis","4/612","57/37734",4,0.0137441193053359,0.159392232519435,"GPM6A/ITGA1/NEK3/NTF3"
"GO:0045785","positive regulation of cell adhesion","4/612","58/37734",4,0.0145775855728279,0.16785048530999,"ANGPT1/RHOD/TPM1/VEGFA"
"GO:0043122","regulation of canonical NF-kappaB signal transduction","3/612","32/37734",3,0.0148529060797056,0.1686118633837,"CARD8/ANGPT1/TRAF5"
"GO:0046676","negative regulation of insulin secretion","3/612","32/37734",3,0.0148529060797056,0.1686118633837,"SIRT4/CCN3/ABCC8"
"GO:0050731","positive regulation of peptidyl-tyrosine phosphorylation","5/612","89/37734",5,0.015030818067064,0.169438312755994,"ANGPT1/IL11/NTF3/ANGPT4/VEGFA"
"GO:0043117","positive regulation of vascular permeability","2/612","12/37734",2,0.0155635463898727,0.170669637962414,"PDE3A/VEGFA"
"GO:0050927","positive regulation of positive chemotaxis","2/612","12/37734",2,0.0155635463898727,0.170669637962414,"NTRK3/VEGFA"
"GO:0071786","endoplasmic reticulum tubular network organization","2/612","12/37734",2,0.0155635463898727,0.170669637962414,"RAB10/REEP1"
"GO:0086009","membrane repolarization","2/612","12/37734",2,0.0155635463898727,0.170669637962414,"ATP1A2/ATP1B2"
"GO:0002040","sprouting angiogenesis","3/612","33/37734",3,0.0161451648134077,0.171223721573771,"ANGPT1/LEF1/VEGFA"
"GO:0035924","cellular response to vascular endothelial growth factor stimulus","3/612","33/37734",3,0.0161451648134077,0.171223721573771,"MIR27A/MT1G/VEGFA"
"GO:0043542","endothelial cell migration","3/612","33/37734",3,0.0161451648134077,0.171223721573771,"GIPC1/STARD13/ZEB2"
"GO:0050873","brown fat cell differentiation","3/612","33/37734",3,0.0161451648134077,0.171223721573771,"FABP3/PRDM16/SLC2A4"
"GO:0061436","establishment of skin barrier","3/612","33/37734",3,0.0161451648134077,0.171223721573771,"ALOX12B/CYSRT1/ALOXE3"
"GO:0030097","hemopoiesis","4/612","60/37734",4,0.0163386968520829,0.172143655722599,"EBP/ANGPT1/IL7R/TAL1"
"GO:0005513","detection of calcium ion","2/612","13/37734",2,0.0181977311954621,0.182203370727236,"RYR2/CASQ2"
"GO:0006110","regulation of glycolytic process","2/612","13/37734",2,0.0181977311954621,0.182203370727236,"EIF6/PRKAG2"
"GO:0015670","carbon dioxide transport","2/612","13/37734",2,0.0181977311954621,0.182203370727236,"HBD/HBG1"
"GO:0045039","protein insertion into mitochondrial inner membrane","2/612","13/37734",2,0.0181977311954621,0.182203370727236,"TIMM8A/TIMM8B"
"GO:0055119","relaxation of cardiac muscle","2/612","13/37734",2,0.0181977311954621,0.182203370727236,"ATP1A2/PLN"
"GO:0060402","calcium ion transport into cytosol","2/612","13/37734",2,0.0181977311954621,0.182203370727236,"ADRA1A/RYR2"
"GO:0071498","cellular response to fluid shear stress","2/612","13/37734",2,0.0181977311954621,0.182203370727236,"HAS2/MEF2C"
"GO:0086004","regulation of cardiac muscle cell contraction","2/612","13/37734",2,0.0181977311954621,0.182203370727236,"ATP1A2/PLN"
"GO:0010595","positive regulation of endothelial cell migration","4/612","64/37734",4,0.0202466719264449,0.199179508726572,"ANGPT1/ANGPT4/SMOC2/VEGFA"
"GO:0001913","T cell mediated cytotoxicity","2/612","14/37734",2,0.0210052831783606,0.199179508726572,"IL7R/PRF1"
"GO:0003407","neural retina development","2/612","14/37734",2,0.0210052831783606,0.199179508726572,"GPM6A/ATP2B2"
"GO:0032516","positive regulation of phosphoprotein phosphatase activity","2/612","14/37734",2,0.0210052831783606,0.199179508726572,"AGTR2/ITGA1"
"GO:0036376","sodium ion export across plasma membrane","2/612","14/37734",2,0.0210052831783606,0.199179508726572,"ATP1A2/ATP1B2"
"GO:0050884","neuromuscular process controlling posture","2/612","14/37734",2,0.0210052831783606,0.199179508726572,"ADARB1/SLURP1"
"GO:0050930","induction of positive chemotaxis","2/612","14/37734",2,0.0210052831783606,0.199179508726572,"NTF3/VEGFA"
"GO:0071468","cellular response to acidic pH","2/612","14/37734",2,0.0210052831783606,0.199179508726572,"ASIC2/SCNN1A"
"GO:0085029","extracellular matrix assembly","2/612","14/37734",2,0.0210052831783606,0.199179508726572,"HAS1/HAS2"
"GO:0060173","limb development","3/612","37/37734",3,0.0219274736105391,0.206708113802275,"SLC7A11/SMOC1/KREMEN1"
"GO:0006869","lipid transport","4/612","66/37734",4,0.0223980696905477,0.207825843346342,"STARD10/VPS13C/APOL3/ABCG2"
"GO:0051649","establishment of localization in cell","5/612","99/37734",5,0.022743538012056,0.207825843346342,"SLC27A4/SLC31A1/ASIC2/RYR2/TYRO3"
"GO:0045214","sarcomere organization","3/612","38/37734",3,0.0235269470908533,0.207825843346342,"LDB3/TPM1/MYOM2"
"GO:0010629","negative regulation of gene expression","10/612","296/37734",10,0.0236272087532122,0.207825843346342,"OCLN/GATA5/HEY2/MIR27A/MEF2C/PGR/WNT4/FERMT1/VEGFA/STC2"
"GO:0000463","maturation of LSU-rRNA from tricistronic rRNA transcript (SSU-rRNA, 5.8S rRNA, LSU-rRNA)","2/612","15/37734",2,0.023979905001501,0.207825843346342,"RPL7L1/WDR12"
"GO:0003085","negative regulation of systemic arterial blood pressure","2/612","15/37734",2,0.023979905001501,0.207825843346342,"IER3/KL"
"GO:0010989","negative regulation of low-density lipoprotein particle clearance","2/612","15/37734",2,0.023979905001501,0.207825843346342,"MIR27A/ABCC8"
"GO:0030007","intracellular potassium ion homeostasis","2/612","15/37734",2,0.023979905001501,0.207825843346342,"ATP1A2/ATP1B2"
"GO:0032230","positive regulation of synaptic transmission, GABAergic","2/612","15/37734",2,0.023979905001501,0.207825843346342,"ADRA1A/NALCN"
"GO:0042308","negative regulation of protein import into nucleus","2/612","15/37734",2,0.023979905001501,0.207825843346342,"ANGPT1/FERMT1"
"GO:0043116","negative regulation of vascular permeability","2/612","15/37734",2,0.023979905001501,0.207825843346342,"ANGPT1/PDE3A"
"GO:0045651","positive regulation of macrophage differentiation","2/612","15/37734",2,0.023979905001501,0.207825843346342,"MIR145/PF4"
"GO:0048599","oocyte development","2/612","15/37734",2,0.023979905001501,0.207825843346342,"YBX2/WNT4"
"GO:0048745","smooth muscle tissue development","2/612","15/37734",2,0.023979905001501,0.207825843346342,"STRA6/ITGA8"
"GO:1902166","negative regulation of intrinsic apoptotic signaling pathway in response to DNA damage by p53 class mediator","2/612","15/37734",2,0.023979905001501,0.207825843346342,"ZNF385A/TRIAP1"
"GO:0007417","central nervous system development","6/612","137/37734",6,0.0246252828987893,0.212277839747852,"VAX2/ASIC2/ADAM22/CAPG/ECRG4/ARNT2"
"GO:0051480","regulation of cytosolic calcium ion concentration","3/612","39/37734",3,0.0251880042415144,0.21597373849639,"ATP2B2/PLN/RYR2"
"GO:0006813","potassium ion transport","4/612","69/37734",4,0.0258772303207127,0.220709498820047,"KCNA5/KCNJ3/ATP1A2/ABCC8"
"GO:0043537","negative regulation of blood vessel endothelial cell migration","3/612","40/37734",3,0.0269105616486459,0.225309883227173,"AGTR2/MEF2C/ANGPT4"
"GO:0048286","lung alveolus development","3/612","40/37734",3,0.0269105616486459,0.225309883227173,"SLC7A11/PGR/STRA6"
"GO:0043524","negative regulation of neuron apoptotic process","6/612","140/37734",6,0.0270140928315321,0.225309883227173,"CLCF1/GCLM/ANGPT1/MEF2C/NTF3/TYRO3"
"GO:0015909","long-chain fatty acid transport","2/612","16/37734",2,0.0271154574107144,0.225309883227173,"SLC27A4/FABP3"
"GO:0055091","phospholipid homeostasis","2/612","16/37734",2,0.0271154574107144,0.225309883227173,"FABP3/LIPG"
"GO:0008284","positive regulation of cell population proliferation","14/612","484/37734",14,0.0279478507945944,0.231035566568647,"ADRA1D/MAPK15/CLCF1/HAS2/NCCRP1/IL7R/IL11/SHC4/NTF3/NTRK3/PTHLH/PDF/TRAF5/VEGFA"
"GO:0046627","negative regulation of insulin receptor signaling pathway","3/612","41/37734",3,0.0286944848597523,0.235549378671522,"SLC27A4/PIP4K2A/PRKCB"
"GO:0050728","negative regulation of inflammatory response","6/612","143/37734",6,0.0295514993188128,0.235549378671522,"MIR145/MVK/CCN3/IL22RA1/TYRO3/IER3"
"GO:0000712","resolution of meiotic recombination intermediates","2/612","17/37734",2,0.0304059557772193,0.235549378671522,"EME1/CENPX"
"GO:0001779","natural killer cell differentiation","2/612","17/37734",2,0.0304059557772193,0.235549378671522,"TYRO3/TOX"
"GO:0002026","regulation of the force of heart contraction","2/612","17/37734",2,0.0304059557772193,0.235549378671522,"ATP1A2/PLN"
"GO:0003184","pulmonary valve morphogenesis","2/612","17/37734",2,0.0304059557772193,0.235549378671522,"HEY2/STRA6"
"GO:0008637","apoptotic mitochondrial changes","2/612","17/37734",2,0.0304059557772193,0.235549378671522,"PPIF/GCLM"
"GO:0010614","negative regulation of cardiac muscle hypertrophy","2/612","17/37734",2,0.0304059557772193,0.235549378671522,"GATA5/MIR145"
"GO:0030224","monocyte differentiation","2/612","17/37734",2,0.0304059557772193,0.235549378671522,"MT1G/VEGFA"
"GO:0048738","cardiac muscle tissue development","2/612","17/37734",2,0.0304059557772193,0.235549378671522,"GATA5/PLN"
"GO:0071310","cellular response to organic substance","2/612","17/37734",2,0.0304059557772193,0.235549378671522,"TBX21/ABCC8"
"GO:0098662","inorganic cation transmembrane transport","2/612","17/37734",2,0.0304059557772193,0.235549378671522,"ASIC2/ABCC8"
"GO:0006633","fatty acid biosynthetic process","3/612","42/37734",3,0.0305395906590249,0.235549378671522,"PRKAG2/ELOVL4/LIPG"
"GO:1904706","negative regulation of vascular associated smooth muscle cell proliferation","3/612","42/37734",3,0.0305395906590249,0.235549378671522,"MEF2C/PRKG1/TPM1"
"GO:0031398","positive regulation of protein ubiquitination","4/612","74/37734",4,0.0323597327367566,0.24839947224596,"CENPX/ANGPT1/RNF180/AIMP2"
"GO:0006820","monoatomic anion transport","2/612","18/37734",2,0.0338455667103865,0.253763039707642,"SLC4A1/TSPO"
"GO:0010737","protein kinase A signaling","2/612","18/37734",2,0.0338455667103865,0.253763039707642,"PRKACB/MYOM1"
"GO:0048535","lymph node development","2/612","18/37734",2,0.0338455667103865,0.253763039707642,"IL7R/TOX"
"GO:0061644","protein localization to CENP-A containing chromatin","2/612","18/37734",2,0.0338455667103865,0.253763039707642,"H4C1/H4C3"
"GO:0090190","positive regulation of branching involved in ureteric bud morphogenesis","2/612","18/37734",2,0.0338455667103865,0.253763039707642,"AGTR2/VEGFA"
"GO:0048863","stem cell differentiation","3/612","44/37734",3,0.0344123865073039,0.256818365971176,"GPM6A/HOXD4/SHC4"
"GO:0007565","female pregnancy","4/612","76/37734",4,0.0351950436829645,0.261448895930593,"PTHLH/PZP/ABCC8/ENDOU"
"GO:0030890","positive regulation of B cell proliferation","3/612","45/37734",3,0.0364394858194878,0.264626801929565,"FCRL3/CLCF1/MEF2C"
"GO:0035725","sodium ion transmembrane transport","5/612","113/37734",5,0.0372498078535322,0.264626801929565,"NALCN/ASIC2/ATP1A2/SCNN1A/SLC6A1"
"GO:0001825","blastocyst formation","2/612","19/37734",2,0.0374286047394174,0.264626801929565,"RPL7L1/WDR74"
"GO:0030206","chondroitin sulfate biosynthetic process","2/612","19/37734",2,0.0374286047394174,0.264626801929565,"CHST12/CSGALNACT1"
"GO:0030705","cytoskeleton-dependent intracellular transport","2/612","19/37734",2,0.0374286047394174,0.264626801929565,"MAP6D1/TUBA1C"
"GO:0032332","positive regulation of chondrocyte differentiation","2/612","19/37734",2,0.0374286047394174,0.264626801929565,"MUSTN1/SOX5"
"GO:0043149","stress fiber assembly","2/612","19/37734",2,0.0374286047394174,0.264626801929565,"SORBS1/ZEB2"
"GO:0043388","positive regulation of DNA binding","2/612","19/37734",2,0.0374286047394174,0.264626801929565,"NME1/TXN"
"GO:0043401","steroid hormone mediated signaling pathway","2/612","19/37734",2,0.0374286047394174,0.264626801929565,"PAQR7/PDE3A"
"GO:0045055","regulated exocytosis","2/612","19/37734",2,0.0374286047394174,0.264626801929565,"RAB10/RAB11FIP2"
"GO:0061744","motor behavior","2/612","19/37734",2,0.0374286047394174,0.264626801929565,"ADARB1/ATP1B2"
"GO:0042100","B cell proliferation","3/612","46/37734",3,0.0385265903242938,0.270021146098963,"IL7R/MEF2C/LEF1"
"GO:0070527","platelet aggregation","3/612","46/37734",3,0.0385265903242938,0.270021146098963,"MYL9/SLC7A11/TYRO3"
"GO:0051056","regulation of small GTPase mediated signal transduction","5/612","115/37734",5,0.0396947652625427,0.277004162784497,"CHN2/PLEKHG4/RHOD/ARHGEF5/STARD13"
"GO:0051781","positive regulation of cell division","3/612","47/37734",3,0.0406733047384248,0.277544103970317,"PPBP/TAL1/VEGFA"
"GO:0000027","ribosomal large subunit assembly","2/612","20/37734",2,0.0411495290625966,0.277544103970317,"MRTO4/NLE1"
"GO:0007263","nitric oxide mediated signal transduction","2/612","20/37734",2,0.0411495290625966,0.277544103970317,"AGTR2/GUCY1A2"
"GO:0016125","sterol metabolic process","2/612","20/37734",2,0.0411495290625966,0.277544103970317,"CYP11A1/EBPL"
"GO:0030279","negative regulation of ossification","2/612","20/37734",2,0.0411495290625966,0.277544103970317,"MEF2C/KREMEN1"
"GO:0046889","positive regulation of lipid biosynthetic process","2/612","20/37734",2,0.0411495290625966,0.277544103970317,"SORBS1/SIRT4"
"GO:0051259","protein complex oligomerization","2/612","20/37734",2,0.0411495290625966,0.277544103970317,"SLC31A1/CD247"
"GO:0090201","negative regulation of release of cytochrome c from mitochondria","2/612","20/37734",2,0.0411495290625966,0.277544103970317,"PPIF/TRIAP1"
"GO:0055085","transmembrane transport","7/612","196/37734",7,0.0415437982372862,0.279035844827106,"SLC25A43/SLC35E4/ABCB1/SLC4A1/ABCC8/MAGT1/ABCG2"
"GO:0007399","nervous system development","11/612","373/37734",11,0.0425088476176923,0.283379919818863,"BPNT1/TIMM8A/C3orf70/MEF2C/NME1/NTF3/NTRK3/TYRO3/VEGFA/ITGA8/ZEB2"
"GO:0030900","forebrain development","3/612","48/37734",3,0.0428791972632367,0.283379919818863,"VAX2/POU3F1/PRKG1"
"GO:0050918","positive chemotaxis","3/612","48/37734",3,0.0428791972632367,0.283379919818863,"ANGPT1/NTF3/VEGFA"
"GO:0001933","negative regulation of protein phosphorylation","4/612","81/37734",4,0.0428937347616641,0.283379919818863,"OCLN/ANGPT1/NTRK3/PRR5L"
"GO:0045766","positive regulation of angiogenesis","6/612","157/37734",6,0.0434370448213203,0.28531869677657,"ECM1/MIR143/ANGPT4/PRKCB/SMOC2/VEGFA"
"GO:0070588","calcium ion transmembrane transport","5/612","118/37734",5,0.0435411906991539,0.28531869677657,"NALCN/GPM6A/ATP2B2/P2RX1/RYR3"
"GO:0007626","locomotory behavior","4/612","82/37734",4,0.0445382470919619,0.289927521393427,"ZNF385A/NPY1R/SLURP1/TAL1"
"GO:0006939","smooth muscle contraction","2/612","21/37734",2,0.0450029403628046,0.289927521393427,"NMUR1/ADRA1A"
"GO:0010460","positive regulation of heart rate","2/612","21/37734",2,0.0450029403628046,0.289927521393427,"HEY2/RYR2"
"GO:0043651","linoleic acid metabolic process","2/612","21/37734",2,0.0450029403628046,0.289927521393427,"ALOX12B/ALOXE3"
"GO:0046854","phosphatidylinositol phosphate biosynthetic process","3/612","49/37734",3,0.0451438014080336,0.289927521393427,"BPNT1/PIP4K2A/PIP5K1B"
"GO:0035556","intracellular signal transduction","11/612","380/37734",11,0.0474188620581356,0.296983991736023,"ADRA1A/DGKG/AGTR2/MAPK15/SHC4/PRKAG2/PRKAR2B/PRKCB/BLK/ARHGEF5/RGS6"
"GO:0051592","response to calcium ion","3/612","50/37734",3,0.0474666177553878,0.296983991736023,"TXNIP/S100A16/SLC6A1"
"GO:0001525","angiogenesis","8/612","245/37734",8,0.047569646396496,0.296983991736023,"SLC31A1/ECM1/ANGPT1/MCAM/CCN3/ANGPT4/TAL1/VEGFA"
"GO:0030335","positive regulation of cell migration","8/612","246/37734",8,0.0485053794274016,0.296983991736023,"SEMA4B/RHOD/HAS2/MCAM/NTF3/NTRK3/LEF1/VEGFA"
"GO:0007274","neuromuscular synaptic transmission","2/612","22/37734",2,0.0489835776880027,0.296983991736023,"ADARB1/DTNA"
"GO:0010613","positive regulation of cardiac muscle hypertrophy","2/612","22/37734",2,0.0489835776880027,0.296983991736023,"ADRA1A/PDE9A"
"GO:0030318","melanocyte differentiation","2/612","22/37734",2,0.0489835776880027,0.296983991736023,"MEF2C/MREG"
"GO:0032331","negative regulation of chondrocyte differentiation","2/612","22/37734",2,0.0489835776880027,0.296983991736023,"PTHLH/WNT9A"
"GO:0046928","regulation of neurotransmitter secretion","2/612","22/37734",2,0.0489835776880027,0.296983991736023,"CPLX1/MEF2C"
"GO:0050905","neuromuscular process","2/612","22/37734",2,0.0489835776880027,0.296983991736023,"STRA6/ABCC8"
"GO:0051924","regulation of calcium ion transport","2/612","22/37734",2,0.0489835776880027,0.296983991736023,"PLN/BEST1"
"GO:0090370","negative regulation of cholesterol efflux","2/612","22/37734",2,0.0489835776880027,0.296983991736023,"MIR145/MIR27A"
"GO:1903589","positive regulation of blood vessel endothelial cell proliferation involved in sprouting angiogenesis","2/612","22/37734",2,0.0489835776880027,0.296983991736023,"MIR27A/VEGFA"
"GO:2000377","regulation of reactive oxygen species metabolic process","2/612","22/37734",2,0.0489835776880027,0.296983991736023,"EIF6/IER3"
"GO:0071456","cellular response to hypoxia","5/612","122/37734",5,0.0490060433013537,0.296983991736023,"SIRT4/ANGPT4/SLC2A4/VEGFA/STC2"
"GO:0045666","positive regulation of neuron differentiation","4/612","85/37734",4,0.0496809064089956,0.299826680821125,"KCTD11/ADRA2C/HOXD3/MEF2C"
"GO:0051496","positive regulation of stress fiber assembly","3/612","51/37734",3,0.0498471156700133,0.299826680821125,"WNT4/TPM1/ARHGEF5"
"GO:0016525","negative regulation of angiogenesis","5/612","123/37734",5,0.0504325402846595,0.302220278583164,"MIR143/MIR145/ANGPT4/PF4/ABCC8"
"GO:0043066","negative regulation of apoptotic process","13/612","479/37734",13,0.0507004441879303,0.302700429744236,"PPIF/ANGPT1/ASIC2/NPY5R/LEF1/ANGPT4/PDE3A/TRIAP1/VEGFA/IER3/FCMR/FANK1/CD27"
"GO:0030036","actin cytoskeleton organization","7/612","206/37734",7,0.051751974771829,0.304590618682621,"LDB3/MIR143/MIR145/PRKG1/FSCN1/ARHGEF5/STARD13"
"GO:0007584","response to nutrient","3/612","52/37734",3,0.052284734952691,0.304590618682621,"SLC27A4/GCLM/LIPG"
"GO:0030148","sphingolipid biosynthetic process","3/612","52/37734",3,0.052284734952691,0.304590618682621,"ACER1/ELOVL4/CERS4"
"GO:0050890","cognition","3/612","52/37734",3,0.052284734952691,0.304590618682621,"STRA6/MAGT1/CBR3"
"GO:0007155","cell adhesion","13/612","482/37734",13,0.0527561607623681,0.304590618682621,"CDSN/SUSD5/HAS1/RPSA2/MCAM/CCN3/ADAM22/FERMT1/SLURP1/PCDH20/TYRO3/ENTPD1/CD72"
"GO:0006123","mitochondrial electron transport, cytochrome c to oxygen","2/612","23/37734",2,0.0530863153954256,0.304590618682621,"COX5B/CYCS"
"GO:0030101","natural killer cell activation","2/612","23/37734",2,0.0530863153954256,0.304590618682621,"ULBP3/NCR1"
"GO:0036120","cellular response to platelet-derived growth factor stimulus","2/612","23/37734",2,0.0530863153954256,0.304590618682621,"HAS1/HAS2"
"GO:0051493","regulation of cytoskeleton organization","2/612","23/37734",2,0.0530863153954256,0.304590618682621,"ARHGEF5/NEXN"
"GO:0019722","calcium-mediated signaling","4/612","87/37734",4,0.0532829940981511,0.304590618682621,"RCAN2/NMUR1/RYR2/NCALD"
"GO:0051209","release of sequestered calcium ion into cytosol","3/612","53/37734",3,0.054778887440706,0.304590618682621,"PLCB4/RYR2/RYR3"
"GO:0006893","Golgi to plasma membrane transport","2/612","24/37734",2,0.0573061601582405,0.304590618682621,"RAB10/EXOC6"
"GO:0035023","regulation of Rho protein signal transduction","2/612","24/37734",2,0.0573061601582405,0.304590618682621,"EPS8L1/STARD13"
"GO:0050807","regulation of synapse organization","2/612","24/37734",2,0.0573061601582405,0.304590618682621,"SLC7A11/GPM6A"
"GO:0071294","cellular response to zinc ion","2/612","24/37734",2,0.0573061601582405,0.304590618682621,"MT1G/TSPO"
"GO:0098719","sodium ion import across plasma membrane","2/612","24/37734",2,0.0573061601582405,0.304590618682621,"SCNN1A/SLC6A1"
"GO:0043065","positive regulation of apoptotic process","9/612","302/37734",9,0.0593340213310987,0.304590618682621,"PANO1/TXNIP/SLC27A4/ENDOG/PHLDA3/MIR27A/TSPO/CASP6/FANK1"
"GO:1903078","positive regulation of protein localization to plasma membrane","3/612","55/37734",3,0.0599343088039854,0.304590618682621,"SORBS1/RAB11FIP2/STAC2"
"GO:0009952","anterior/posterior pattern specification","4/612","91/37734",4,0.0609005042359851,0.304590618682621,"HEY2/HOXC6/HOXD3/HOXD4"
"GO:0006400","tRNA modification","2/612","25/37734",2,0.0616382480334557,0.304590618682621,"METTL2A/METTL1"
"GO:0032781","positive regulation of ATP-dependent activity","2/612","25/37734",2,0.0616382480334557,0.304590618682621,"ATP1B2/TPM1"
"GO:0042573","retinoic acid metabolic process","2/612","25/37734",2,0.0616382480334557,0.304590618682621,"CRABP2/CYP27C1"
"GO:0045332","phospholipid translocation","2/612","25/37734",2,0.0616382480334557,0.304590618682621,"TRIAP1/ABCB1"
"GO:0046697","decidualization","2/612","25/37734",2,0.0616382480334557,0.304590618682621,"TPPP3/STC2"
"GO:0048844","artery morphogenesis","2/612","25/37734",2,0.0616382480334557,0.304590618682621,"STRA6/VEGFA"
"GO:1904659","glucose transmembrane transport","2/612","25/37734",2,0.0616382480334557,0.304590618682621,"PPBP/SLC2A4"
"GO:0006629","lipid metabolic process","6/612","172/37734",6,0.0622120040870199,0.304590618682621,"BTN2A1/ALDH3A1/VSIG2/PDE3A/PLCXD1/LIPG"
"GO:0006954","inflammatory response","11/612","400/37734",11,0.063528876128119,0.304590618682621,"KLRG1/TXNIP/AGTR2/ECM1/CARD8/PF4/PPBP/PTGDR/APOL3/SPINK7/IL1RL2"
"GO:0032024","positive regulation of insulin secretion","3/612","57/37734",3,0.0653081727705158,0.304590618682621,"PRKCB/BLK/AACS"
"GO:0000244","spliceosomal tri-snRNP complex assembly","2/612","26/37734",2,0.0660778415898848,0.304590618682621,"RNU4-2/RNU4-1"
"GO:0001782","B cell homeostasis","2/612","26/37734",2,0.0660778415898848,0.304590618682621,"IL7R/MEF2C"
"GO:0001954","positive regulation of cell-matrix adhesion","2/612","26/37734",2,0.0660778415898848,0.304590618682621,"FERMT1/UTRN"
"GO:0009312","oligosaccharide biosynthetic process","2/612","26/37734",2,0.0660778415898848,0.304590618682621,"FUT6/MPDU1"
"GO:0051894","positive regulation of focal adhesion assembly","2/612","26/37734",2,0.0660778415898848,0.304590618682621,"WNT4/VEGFA"
"GO:0007229","integrin-mediated signaling pathway","4/612","94/37734",4,0.0669711301465874,0.304590618682621,"ITGA1/ITGA7/FERMT1/ITGA8"
"GO:0007015","actin filament organization","5/612","134/37734",5,0.0677168564326719,0.304590618682621,"KPTN/NOSTRIN/RHOD/TPM1/TPM2"
"GO:0009653","anatomical structure morphogenesis","5/612","134/37734",5,0.0677168564326719,0.304590618682621,"FBN2/FOXD2/PHLDA3/MCAM/IER3"
"GO:0006412","translation","6/612","176/37734",6,0.0679150899742357,0.304590618682621,"RPSA2/MRPS17/MRPL12/MRPS12/PDF/AIMP2"
"GO:0015908","fatty acid transport","2/612","27/37734",2,0.0706203270949941,0.304590618682621,"SLC27A4/CRABP2"
"GO:0032200","telomere organization","2/612","27/37734",2,0.0706203270949941,0.304590618682621,"H4C1/H4C3"
"GO:0030336","negative regulation of cell migration","6/612","178/37734",6,0.0708768255686662,0.304590618682621,"ADARB1/MAPK15/MIR145/WNT4/SLURP1/TPM1"
"GO:0043406","positive regulation of MAP kinase activity","3/612","59/37734",3,0.0708949188794442,0.304590618682621,"NTF3/NTRK3/VEGFA"
"GO:0051216","cartilage development","3/612","59/37734",3,0.0708949188794442,0.304590618682621,"HOXD3/CSGALNACT1/SOX5"
"GO:0098609","cell-cell adhesion","6/612","179/37734",6,0.0723851925957731,0.304590618682621,"CDSN/RAB10/VSIG10L2/ITGA1/ITGA7/ITGA8"
"GO:0043087","regulation of GTPase activity","3/612","60/37734",3,0.0737662989861475,0.304590618682621,"CHN2/PRKG1/ARHGEF5"
"GO:0003333","amino acid transmembrane transport","2/612","28/37734",2,0.075261211759484,0.304590618682621,"SLC7A8/SLC7A11"
"GO:0006261","DNA-templated DNA replication","2/612","28/37734",2,0.075261211759484,0.304590618682621,"POLD2/RFC2"
"GO:0006626","protein targeting to mitochondrion","2/612","28/37734",2,0.075261211759484,0.304590618682621,"TIMM8B/TSPO"
"GO:0007422","peripheral nervous system development","2/612","28/37734",2,0.075261211759484,0.304590618682621,"ASIC2/NTF3"
"GO:0010592","positive regulation of lamellipodium assembly","2/612","28/37734",2,0.075261211759484,0.304590618682621,"OCLN/FSCN1"
"GO:0007517","muscle organ development","4/612","98/37734",4,0.0755332112031175,0.304590618682621,"ITGA7/MEF2C/SGCA/UTRN"
"GO:0007267","cell-cell signaling","7/612","227/37734",7,0.0779428722601088,0.304590618682621,"ADRA1D/ADRA1A/ADRA2C/NTF3/PGR/PTHLH/FGFBP2"
"GO:0006974","DNA damage response","8/612","273/37734",8,0.0783544453332458,0.304590618682621,"MACROD2/ENDOG/MAPK15/SIRT4/ZBTB38/ZNF385A/H2AX/IER3"
"GO:0000054","ribosomal subunit export from nucleus","1/612","5/37734",1,0.0785098255266383,0.304590618682621,"EIF6"
"GO:0000472","endonucleolytic cleavage to generate mature 5'-end of SSU-rRNA from (SSU-rRNA, 5.8S rRNA, LSU-rRNA)","1/612","5/37734",1,0.0785098255266383,0.304590618682621,"TBL3"
"GO:0002071","glandular epithelial cell maturation","1/612","5/37734",1,0.0785098255266383,0.304590618682621,"PGR"
"GO:0002634","regulation of germinal center formation","1/612","5/37734",1,0.0785098255266383,0.304590618682621,"MEF2C"
"GO:0003056","regulation of vascular associated smooth muscle contraction","1/612","5/37734",1,0.0785098255266383,0.304590618682621,"P2RX1"
"GO:0003274","endocardial cushion fusion","1/612","5/37734",1,0.0785098255266383,0.304590618682621,"GATA5"
"GO:0006204","IMP catabolic process","1/612","5/37734",1,0.0785098255266383,0.304590618682621,"PNP"
"GO:0006489","dolichyl diphosphate biosynthetic process","1/612","5/37734",1,0.0785098255266383,0.304590618682621,"DOLPP1"
"GO:0006564","L-serine biosynthetic process","1/612","5/37734",1,0.0785098255266383,0.304590618682621,"PSPH"
"GO:0008582","regulation of synaptic assembly at neuromuscular junction","1/612","5/37734",1,0.0785098255266383,0.304590618682621,"COLQ"
"GO:0009113","purine nucleobase biosynthetic process","1/612","5/37734",1,0.0785098255266383,0.304590618682621,"PAICS"
"GO:0009268","response to pH","1/612","5/37734",1,0.0785098255266383,0.304590618682621,"ABCC8"
"GO:0009744","response to sucrose","1/612","5/37734",1,0.0785098255266383,0.304590618682621,"SLC6A1"
"GO:0010668","ectodermal cell differentiation","1/612","5/37734",1,0.0785098255266383,0.304590618682621,"MIR145"
"GO:0010700","negative regulation of norepinephrine secretion","1/612","5/37734",1,0.0785098255266383,0.304590618682621,"ADRA2C"
"GO:0010750","positive regulation of nitric oxide mediated signal transduction","1/612","5/37734",1,0.0785098255266383,0.304590618682621,"GUCY1A2"
"GO:0010829","negative regulation of glucose transmembrane transport","1/612","5/37734",1,0.0785098255266383,0.304590618682621,"PRKCB"
"GO:0014829","vascular associated smooth muscle contraction","1/612","5/37734",1,0.0785098255266383,0.304590618682621,"ACTA2"
"GO:0019346","transsulfuration","1/612","5/37734",1,0.0785098255266383,0.304590618682621,"MPST"
"GO:0021764","amygdala development","1/612","5/37734",1,0.0785098255266383,0.304590618682621,"ATP1A2"
"GO:0030208","dermatan sulfate biosynthetic process","1/612","5/37734",1,0.0785098255266383,0.304590618682621,"CHST12"
"GO:0032201","telomere maintenance via semi-conservative replication","1/612","5/37734",1,0.0785098255266383,0.304590618682621,"FEN1"
"GO:0032263","GMP salvage","1/612","5/37734",1,0.0785098255266383,0.304590618682621,"APRT"
"GO:0032264","IMP salvage","1/612","5/37734",1,0.0785098255266383,0.304590618682621,"APRT"
"GO:0032273","positive regulation of protein polymerization","1/612","5/37734",1,0.0785098255266383,0.304590618682621,"TPPP3"
"GO:0032400","melanosome localization","1/612","5/37734",1,0.0785098255266383,0.304590618682621,"MREG"
"GO:0032417","positive regulation of sodium:proton antiporter activity","1/612","5/37734",1,0.0785098255266383,0.304590618682621,"TESC"
"GO:0032534","regulation of microvillus assembly","1/612","5/37734",1,0.0785098255266383,0.304590618682621,"FSCN1"
"GO:0032811","negative regulation of epinephrine secretion","1/612","5/37734",1,0.0785098255266383,0.304590618682621,"ADRA2C"
"GO:0033080","immature T cell proliferation in thymus","1/612","5/37734",1,0.0785098255266383,0.304590618682621,"WNT4"
"GO:0035089","establishment of apical/basal cell polarity","1/612","5/37734",1,0.0785098255266383,0.304590618682621,"FSCN1"
"GO:0035470","positive regulation of vascular wound healing","1/612","5/37734",1,0.0785098255266383,0.304590618682621,"SMOC2"
"GO:0035624","receptor transactivation","1/612","5/37734",1,0.0785098255266383,0.304590618682621,"ADRA2C"
"GO:0038033","positive regulation of endothelial cell chemotaxis by VEGF-activated vascular endothelial growth factor receptor signaling pathway","1/612","5/37734",1,0.0785098255266383,0.304590618682621,"VEGFA"
"GO:0042256","cytosolic ribosome assembly","1/612","5/37734",1,0.0785098255266383,0.304590618682621,"EIF6"
"GO:0043266","regulation of potassium ion transport","1/612","5/37734",1,0.0785098255266383,0.304590618682621,"KCNA5"
"GO:0044209","AMP salvage","1/612","5/37734",1,0.0785098255266383,0.304590618682621,"APRT"
"GO:0044572","[4Fe-4S] cluster assembly","1/612","5/37734",1,0.0785098255266383,0.304590618682621,"ISCU"
"GO:0045053","protein retention in Golgi apparatus","1/612","5/37734",1,0.0785098255266383,0.304590618682621,"VPS13C"
"GO:0045636","positive regulation of melanocyte differentiation","1/612","5/37734",1,0.0785098255266383,0.304590618682621,"ZEB2"
"GO:0045822","negative regulation of heart contraction","1/612","5/37734",1,0.0785098255266383,0.304590618682621,"ATP1A2"
"GO:0045836","positive regulation of meiotic nuclear division","1/612","5/37734",1,0.0785098255266383,0.304590618682621,"WNT4"
"GO:0046069","cGMP catabolic process","1/612","5/37734",1,0.0785098255266383,0.304590618682621,"PDE9A"
"GO:0046487","glyoxylate metabolic process","1/612","5/37734",1,0.0785098255266383,0.304590618682621,"MGAT4A"
"GO:0048341","paraxial mesoderm formation","1/612","5/37734",1,0.0785098255266383,0.304590618682621,"LEF1"
"GO:0048541","Peyer's patch development","1/612","5/37734",1,0.0785098255266383,0.304590618682621,"TOX"
"GO:0050974","detection of mechanical stimulus involved in sensory perception","1/612","5/37734",1,0.0785098255266383,0.304590618682621,"ASIC2"
"GO:0051208","sequestering of calcium ion","1/612","5/37734",1,0.0785098255266383,0.304590618682621,"CASQ2"
"GO:0051900","regulation of mitochondrial depolarization","1/612","5/37734",1,0.0785098255266383,0.304590618682621,"GCLM"
"GO:0060700","regulation of ribonuclease activity","1/612","5/37734",1,0.0785098255266383,0.304590618682621,"PDE3A"
"GO:0061419","positive regulation of transcription from RNA polymerase II promoter in response to hypoxia","1/612","5/37734",1,0.0785098255266383,0.304590618682621,"VEGFA"
"GO:0070257","positive regulation of mucus secretion","1/612","5/37734",1,0.0785098255266383,0.304590618682621,"ALOX12B"
"GO:0070296","sarcoplasmic reticulum calcium ion transport","1/612","5/37734",1,0.0785098255266383,0.304590618682621,"RYR2"
"GO:0070453","regulation of heme biosynthetic process","1/612","5/37734",1,0.0785098255266383,0.304590618682621,"TMEM14EP"
"GO:0071731","response to nitric oxide","1/612","5/37734",1,0.0785098255266383,0.304590618682621,"TXN"
"GO:0071799","cellular response to prostaglandin D stimulus","1/612","5/37734",1,0.0785098255266383,0.304590618682621,"PTGDR"
"GO:0071864","positive regulation of cell proliferation in bone marrow","1/612","5/37734",1,0.0785098255266383,0.304590618682621,"LEF1"
"GO:0072162","metanephric mesenchymal cell differentiation","1/612","5/37734",1,0.0785098255266383,0.304590618682621,"WNT4"
"GO:0072656","maintenance of protein location in mitochondrion","1/612","5/37734",1,0.0785098255266383,0.304590618682621,"TSPO"
"GO:0072676","lymphocyte migration","1/612","5/37734",1,0.0785098255266383,0.304590618682621,"TBX21"
"GO:0072734","cellular response to staurosporine","1/612","5/37734",1,0.0785098255266383,0.304590618682621,"CASP6"
"GO:0090131","mesenchyme migration","1/612","5/37734",1,0.0785098255266383,0.304590618682621,"ACTA2"
"GO:0090324","negative regulation of oxidative phosphorylation","1/612","5/37734",1,0.0785098255266383,0.304590618682621,"PPIF"
"GO:0090425","acinar cell differentiation","1/612","5/37734",1,0.0785098255266383,0.304590618682621,"NR5A2"
"GO:0090461","intracellular glutamate homeostasis","1/612","5/37734",1,0.0785098255266383,0.304590618682621,"SLC7A11"
"GO:0097070","ductus arteriosus closure","1/612","5/37734",1,0.0785098255266383,0.304590618682621,"STRA6"
"GO:0098735","positive regulation of the force of heart contraction","1/612","5/37734",1,0.0785098255266383,0.304590618682621,"RYR2"
"GO:0098957","anterograde axonal transport of mitochondrion","1/612","5/37734",1,0.0785098255266383,0.304590618682621,"TRAK2"
"GO:0140206","dipeptide import across plasma membrane","1/612","5/37734",1,0.0785098255266383,0.304590618682621,"SLC7A11"
"GO:1901020","negative regulation of calcium ion transmembrane transporter activity","1/612","5/37734",1,0.0785098255266383,0.304590618682621,"PLN"
"GO:1902164","positive regulation of DNA damage response, signal transduction by p53 class mediator resulting in transcription of p21 class mediator","1/612","5/37734",1,0.0785098255266383,0.304590618682621,"ZNF385A"
"GO:1902262","apoptotic process involved in blood vessel morphogenesis","1/612","5/37734",1,0.0785098255266383,0.304590618682621,"LEF1"
"GO:1902731","negative regulation of chondrocyte proliferation","1/612","5/37734",1,0.0785098255266383,0.304590618682621,"CCN3"
"GO:1902975","mitotic DNA replication initiation","1/612","5/37734",1,0.0785098255266383,0.304590618682621,"MCM4"
"GO:1903691","positive regulation of wound healing, spreading of epidermal cells","1/612","5/37734",1,0.0785098255266383,0.304590618682621,"FERMT1"
"GO:1904672","regulation of somatic stem cell population maintenance","1/612","5/37734",1,0.0785098255266383,0.304590618682621,"TAL1"
"GO:1990379","lipid transport across blood-brain barrier","1/612","5/37734",1,0.0785098255266383,0.304590618682621,"SLC27A4"
"GO:1990791","dorsal root ganglion development","1/612","5/37734",1,0.0785098255266383,0.304590618682621,"TUBB3"
"GO:2000224","regulation of testosterone biosynthetic process","1/612","5/37734",1,0.0785098255266383,0.304590618682621,"PRKG1"
"GO:2000491","positive regulation of hepatic stellate cell activation","1/612","5/37734",1,0.0785098255266383,0.304590618682621,"ACTA2"
"GO:0001570","vasculogenesis","3/612","62/37734",3,0.0796612733910602,0.304590618682621,"HEY2/HAS2/VEGFA"
"GO:0006879","intracellular iron ion homeostasis","3/612","62/37734",3,0.0796612733910602,0.304590618682621,"CYB561/ISCU/FRRS1"
"GO:0007631","feeding behavior","2/612","29/37734",2,0.0799961210384768,0.304590618682621,"NPY1R/STRA6"
"GO:0034612","response to tumor necrosis factor","2/612","29/37734",2,0.0799961210384768,0.304590618682621,"ENDOG/AFF3"
"GO:0045070","positive regulation of viral genome replication","2/612","29/37734",2,0.0799961210384768,0.304590618682621,"ADARB1/NR5A2"
"GO:0048041","focal adhesion assembly","2/612","29/37734",2,0.0799961210384768,0.304590618682621,"SORBS1/RHOD"
"GO:0048662","negative regulation of smooth muscle cell proliferation","2/612","29/37734",2,0.0799961210384768,0.304590618682621,"MIR143/MIR145"
"GO:0042632","cholesterol homeostasis","4/612","100/37734",4,0.0800110868431839,0.304590618682621,"FABP3/NR5A2/TSPO/LIPG"
"GO:0045907","positive regulation of vasoconstriction","2/612","30/37734",2,0.0848207959882018,0.304590618682621,"ADRA1D/ADRA1A"
"GO:0060045","positive regulation of cardiac muscle cell proliferation","2/612","30/37734",2,0.0848207959882018,0.304590618682621,"HEY2/MEF2C"
"GO:0099171","presynaptic modulation of chemical synaptic transmission","2/612","30/37734",2,0.0848207959882018,0.304590618682621,"GIPC1/PRKCB"
"GO:1990830","cellular response to leukemia inhibitory factor","4/612","104/37734",4,0.0893510028926779,0.304590618682621,"NR5A2/GCLM/MRPL15/BSPRY"
"GO:0001662","behavioral fear response","2/612","31/37734",2,0.0897310906770971,0.304590618682621,"ATP1A2/PDE8B"
"GO:0006139","nucleobase-containing compound metabolic process","2/612","31/37734",2,0.0897310906770971,0.304590618682621,"BPNT1/PNP"
"GO:0030488","tRNA methylation","2/612","31/37734",2,0.0897310906770971,0.304590618682621,"METTL2A/METTL1"
"GO:0030534","adult behavior","2/612","31/37734",2,0.0897310906770971,0.304590618682621,"SLC7A11/RNF180"
"GO:0051491","positive regulation of filopodium assembly","2/612","31/37734",2,0.0897310906770971,0.304590618682621,"GPM6A/FSCN1"
"GO:0060325","face morphogenesis","2/612","31/37734",2,0.0897310906770971,0.304590618682621,"LEF1/STRA6"
"GO:0001764","neuron migration","4/612","105/37734",4,0.0917644836687874,0.304590618682621,"GPM6A/MEF2C/PRKG1/TYRO3"
"GO:0007611","learning or memory","3/612","66/37734",3,0.09203786375371,0.304590618682621,"ZNF385A/MEF2C/SLC2A4"
"GO:0000018","regulation of DNA recombination","1/612","6/37734",1,0.0934572661367178,0.304590618682621,"IL7R"
"GO:0006189","'de novo' IMP biosynthetic process","1/612","6/37734",1,0.0934572661367178,0.304590618682621,"PAICS"
"GO:0006382","adenosine to inosine editing","1/612","6/37734",1,0.0934572661367178,0.304590618682621,"ADARB1"
"GO:0006704","glucocorticoid biosynthetic process","1/612","6/37734",1,0.0934572661367178,0.304590618682621,"CYP11A1"
"GO:0007171","activation of transmembrane receptor protein tyrosine kinase activity","1/612","6/37734",1,0.0934572661367178,0.304590618682621,"ANGPT1"
"GO:0008366","axon ensheathment","1/612","6/37734",1,0.0934572661367178,0.304590618682621,"POU3F1"
"GO:0008635","activation of cysteine-type endopeptidase activity involved in apoptotic process by cytochrome c","1/612","6/37734",1,0.0934572661367178,0.304590618682621,"CYCS"
"GO:0009134","nucleoside diphosphate catabolic process","1/612","6/37734",1,0.0934572661367178,0.304590618682621,"ENTPD1"
"GO:0009649","entrainment of circadian clock","1/612","6/37734",1,0.0934572661367178,0.304590618682621,"BMAL2"
"GO:0010649","regulation of cell communication by electrical coupling","1/612","6/37734",1,0.0934572661367178,0.304590618682621,"CASQ2"
"GO:0010894","negative regulation of steroid biosynthetic process","1/612","6/37734",1,0.0934572661367178,0.304590618682621,"WNT4"
"GO:0014031","mesenchymal cell development","1/612","6/37734",1,0.0934572661367178,0.304590618682621,"HEY2"
"GO:0014842","regulation of skeletal muscle satellite cell proliferation","1/612","6/37734",1,0.0934572661367178,0.304590618682621,"ANGPT1"
"GO:0015811","L-cystine transport","1/612","6/37734",1,0.0934572661367178,0.304590618682621,"SLC7A11"
"GO:0015827","tryptophan transport","1/612","6/37734",1,0.0934572661367178,0.304590618682621,"SLC7A8"
"GO:0016070","RNA metabolic process","1/612","6/37734",1,0.0934572661367178,0.304590618682621,"WDR74"
"GO:0017038","protein import","1/612","6/37734",1,0.0934572661367178,0.304590618682621,"PRF1"
"GO:0018206","peptidyl-methionine modification","1/612","6/37734",1,0.0934572661367178,0.304590618682621,"PDF"
"GO:0018406","protein C-linked glycosylation via 2'-alpha-mannosyl-L-tryptophan","1/612","6/37734",1,0.0934572661367178,0.304590618682621,"DPY19L2"
"GO:0030431","sleep","1/612","6/37734",1,0.0934572661367178,0.304590618682621,"PTGDR"
"GO:0030859","polarized epithelial cell differentiation","1/612","6/37734",1,0.0934572661367178,0.304590618682621,"RAB10"
"GO:0031000","response to caffeine","1/612","6/37734",1,0.0934572661367178,0.304590618682621,"RYR2"
"GO:0031630","regulation of synaptic vesicle fusion to presynaptic active zone membrane","1/612","6/37734",1,0.0934572661367178,0.304590618682621,"CPLX1"
"GO:0032218","riboflavin transport","1/612","6/37734",1,0.0934572661367178,0.304590618682621,"ABCG2"
"GO:0032376","positive regulation of cholesterol transport","1/612","6/37734",1,0.0934572661367178,0.304590618682621,"LIPG"
"GO:0032814","regulation of natural killer cell activation","1/612","6/37734",1,0.0934572661367178,0.304590618682621,"KLRD1"
"GO:0034775","glutathione transmembrane transport","1/612","6/37734",1,0.0934572661367178,0.304590618682621,"SLC7A11"
"GO:0038154","interleukin-11-mediated signaling pathway","1/612","6/37734",1,0.0934572661367178,0.304590618682621,"IL11"
"GO:0040020","regulation of meiotic nuclear division","1/612","6/37734",1,0.0934572661367178,0.304590618682621,"PDE3A"
"GO:0042297","vocal learning","1/612","6/37734",1,0.0934572661367178,0.304590618682621,"STRA6"
"GO:0042415","norepinephrine metabolic process","1/612","6/37734",1,0.0934572661367178,0.304590618682621,"RNF180"
"GO:0042760","very long-chain fatty acid catabolic process","1/612","6/37734",1,0.0934572661367178,0.304590618682621,"SLC27A4"
"GO:0044206","UMP salvage","1/612","6/37734",1,0.0934572661367178,0.304590618682621,"CDA"
"GO:0044387","negative regulation of protein kinase activity by regulation of protein phosphorylation","1/612","6/37734",1,0.0934572661367178,0.304590618682621,"ADARB1"
"GO:0045347","negative regulation of MHC class II biosynthetic process","1/612","6/37734",1,0.0934572661367178,0.304590618682621,"PF4"
"GO:0045760","positive regulation of action potential","1/612","6/37734",1,0.0934572661367178,0.304590618682621,"ADRA1A"
"GO:0045843","negative regulation of striated muscle tissue development","1/612","6/37734",1,0.0934572661367178,0.304590618682621,"LEF1"
"GO:0046085","adenosine metabolic process","1/612","6/37734",1,0.0934572661367178,0.304590618682621,"PTGDR"
"GO:0046826","negative regulation of protein export from nucleus","1/612","6/37734",1,0.0934572661367178,0.304590618682621,"TXN"
"GO:0046951","ketone body biosynthetic process","1/612","6/37734",1,0.0934572661367178,0.304590618682621,"AACS"
"GO:0050957","equilibrioception","1/612","6/37734",1,0.0934572661367178,0.304590618682621,"USH1G"
"GO:0051546","keratinocyte migration","1/612","6/37734",1,0.0934572661367178,0.304590618682621,"FERMT1"
"GO:0051702","biological process involved in interaction with symbiont","1/612","6/37734",1,0.0934572661367178,0.304590618682621,"CYSRT1"
"GO:0051712","positive regulation of killing of cells of another organism","1/612","6/37734",1,0.0934572661367178,0.304590618682621,"PRF1"
"GO:0051939","gamma-aminobutyric acid import","1/612","6/37734",1,0.0934572661367178,0.304590618682621,"SLC6A1"
"GO:0060087","relaxation of vascular associated smooth muscle","1/612","6/37734",1,0.0934572661367178,0.304590618682621,"PRKG1"
"GO:0060129","thyroid-stimulating hormone-secreting cell differentiation","1/612","6/37734",1,0.0934572661367178,0.304590618682621,"WNT4"
"GO:0060372","regulation of atrial cardiac muscle cell membrane repolarization","1/612","6/37734",1,0.0934572661367178,0.304590618682621,"KCNA5"
"GO:0060415","muscle tissue morphogenesis","1/612","6/37734",1,0.0934572661367178,0.304590618682621,"ADARB1"
"GO:0060510","type II pneumocyte differentiation","1/612","6/37734",1,0.0934572661367178,0.304590618682621,"AIMP2"
"GO:0060754","positive regulation of mast cell chemotaxis","1/612","6/37734",1,0.0934572661367178,0.304590618682621,"VEGFA"
"GO:0061038","uterus morphogenesis","1/612","6/37734",1,0.0934572661367178,0.304590618682621,"STRA6"
"GO:0070295","renal water absorption","1/612","6/37734",1,0.0934572661367178,0.304590618682621,"HAS2"
"GO:0070574","cadmium ion transmembrane transport","1/612","6/37734",1,0.0934572661367178,0.304590618682621,"SLC39A2"
"GO:0072498","embryonic skeletal joint development","1/612","6/37734",1,0.0934572661367178,0.304590618682621,"WNT9A"
"GO:0072537","fibroblast activation","1/612","6/37734",1,0.0934572661367178,0.304590618682621,"ZEB2"
"GO:0090119","vesicle-mediated cholesterol transport","1/612","6/37734",1,0.0934572661367178,0.304590618682621,"PIP4K2A"
"GO:0090494","dopamine uptake","1/612","6/37734",1,0.0934572661367178,0.304590618682621,"MAPK15"
"GO:0090649","response to oxygen-glucose deprivation","1/612","6/37734",1,0.0934572661367178,0.304590618682621,"ZEB2"
"GO:0097035","regulation of membrane lipid distribution","1/612","6/37734",1,0.0934572661367178,0.304590618682621,"TRIAP1"
"GO:0097340","inhibition of cysteine-type endopeptidase activity","1/612","6/37734",1,0.0934572661367178,0.304590618682621,"CARD8"
"GO:1901018","positive regulation of potassium ion transmembrane transporter activity","1/612","6/37734",1,0.0934572661367178,0.304590618682621,"ATP1B2"
"GO:1903902","positive regulation of viral life cycle","1/612","6/37734",1,0.0934572661367178,0.304590618682621,"TYRO3"
"GO:1904894","positive regulation of receptor signaling pathway via STAT","1/612","6/37734",1,0.0934572661367178,0.304590618682621,"IL7R"
"GO:1905144","response to acetylcholine","1/612","6/37734",1,0.0934572661367178,0.304590618682621,"TSPO"
"GO:1905691","lipid droplet disassembly","1/612","6/37734",1,0.0934572661367178,0.304590618682621,"PLIN3"
"GO:1990748","cellular detoxification","1/612","6/37734",1,0.0934572661367178,0.304590618682621,"ABCG2"
"GO:1990776","response to angiotensin","1/612","6/37734",1,0.0934572661367178,0.304590618682621,"KL"
"GO:2000987","positive regulation of behavioral fear response","1/612","6/37734",1,0.0934572661367178,0.304590618682621,"MEF2C"
"GO:0001569","branching involved in blood vessel morphogenesis","2/612","32/37734",2,0.0947229696502564,0.304590618682621,"LEF1/VEGFA"
"GO:0001958","endochondral ossification","2/612","32/37734",2,0.0947229696502564,0.304590618682621,"MEF2C/CSGALNACT1"
"GO:0006904","vesicle docking involved in exocytosis","2/612","32/37734",2,0.0947229696502564,0.304590618682621,"EXOC6/SYTL2"
"GO:0008015","blood circulation","2/612","32/37734",2,0.0947229696502564,0.304590618682621,"FLI1/PLN"
"GO:0030225","macrophage differentiation","2/612","32/37734",2,0.0947229696502564,0.304590618682621,"GAB3/VEGFA"
"GO:0045931","positive regulation of mitotic cell cycle","2/612","32/37734",2,0.0947229696502564,0.304590618682621,"SMOC2/TAL1"
"GO:0070269","pyroptosis","2/612","32/37734",2,0.0947229696502564,0.304590618682621,"CASP6/ZEB2"
"GO:2000300","regulation of synaptic vesicle exocytosis","2/612","32/37734",2,0.0947229696502564,0.304590618682621,"P2RX1/PRKCB"
"GO:0010468","regulation of gene expression","6/612","193/37734",6,0.0954083467994212,0.304590618682621,"AFF3/SHC4/CCN3/YBX2/PTHLH/PRDM6"
"GO:0090263","positive regulation of canonical Wnt signaling pathway","4/612","107/37734",4,0.0966836756183534,0.304590618682621,"MIR145/NLE1/PPM1B/ZEB2"
"GO:0030182","neuron differentiation","5/612","150/37734",5,0.0979792363340079,0.304590618682621,"VAX2/MEF2C/ATP2B2/WNT4/WNT9A"
"GO:0090630","activation of GTPase activity","4/612","108/37734",4,0.0991887918870174,0.304590618682621,"SLC27A4/NTF3/NTRK3/ARHGEF5"
"GO:0002027","regulation of heart rate","2/612","33/37734",2,0.0997925054461822,0.304590618682621,"RYR2/CASQ2"
"GO:0008016","regulation of heart contraction","2/612","33/37734",2,0.0997925054461822,0.304590618682621,"PLN/TPM1"
"GO:0032570","response to progesterone","2/612","33/37734",2,0.0997925054461822,0.304590618682621,"TXNIP/TSPO"
"GO:0033574","response to testosterone","2/612","33/37734",2,0.0997925054461822,0.304590618682621,"PSPH/TSPO"
"GO:0010506","regulation of autophagy","3/612","69/37734",3,0.101807659194268,0.304590618682621,"MAPK15/PIP4K2A/CISD1"
"GO:0016192","vesicle-mediated transport","5/612","153/37734",5,0.104303759962324,0.304590618682621,"PLIN3/RAB10/AP1S3/SYTL2/NCALD"
"GO:0019369","arachidonic acid metabolic process","2/612","34/37734",2,0.104935876164814,0.304590618682621,"ALOX12B/ALOXE3"
"GO:0051017","actin filament bundle assembly","2/612","34/37734",2,0.104935876164814,0.304590618682621,"RHOD/FSCN1"
"GO:0051973","positive regulation of telomerase activity","2/612","34/37734",2,0.104935876164814,0.304590618682621,"MAPK15/PARM1"
"GO:0000183","rDNA heterochromatin formation","1/612","7/37734",1,0.108162634911217,0.304590618682621,"BEND3"
"GO:0001542","ovulation from ovarian follicle","1/612","7/37734",1,0.108162634911217,0.304590618682621,"PGR"
"GO:0002719","negative regulation of cytokine production involved in immune response","1/612","7/37734",1,0.108162634911217,0.304590618682621,"ANGPT1"
"GO:0006085","acetyl-CoA biosynthetic process","1/612","7/37734",1,0.108162634911217,0.304590618682621,"ACSS1"
"GO:0006144","purine nucleobase metabolic process","1/612","7/37734",1,0.108162634911217,0.304590618682621,"GMPR"
"GO:0007077","mitotic nuclear membrane disassembly","1/612","7/37734",1,0.108162634911217,0.304590618682621,"PRKCB"
"GO:0009165","nucleotide biosynthetic process","1/612","7/37734",1,0.108162634911217,0.304590618682621,"PNP"
"GO:0010882","regulation of cardiac muscle contraction by calcium ion signaling","1/612","7/37734",1,0.108162634911217,0.304590618682621,"RYR2"
"GO:0010983","positive regulation of high-density lipoprotein particle clearance","1/612","7/37734",1,0.108162634911217,0.304590618682621,"LIPG"
"GO:0014012","peripheral nervous system axon regeneration","1/612","7/37734",1,0.108162634911217,0.304590618682621,"TSPO"
"GO:0014047","glutamate secretion","1/612","7/37734",1,0.108162634911217,0.304590618682621,"GIPC1"
"GO:0014902","myotube differentiation","1/612","7/37734",1,0.108162634911217,0.304590618682621,"MEF2C"
"GO:0015677","copper ion import","1/612","7/37734",1,0.108162634911217,0.304590618682621,"SLC31A1"
"GO:0019217","regulation of fatty acid metabolic process","1/612","7/37734",1,0.108162634911217,0.304590618682621,"PRKAG2"
"GO:0019367","fatty acid elongation, saturated fatty acid","1/612","7/37734",1,0.108162634911217,0.304590618682621,"ELOVL4"
"GO:0021861","forebrain radial glial cell differentiation","1/612","7/37734",1,0.108162634911217,0.304590618682621,"LEF1"
"GO:0030540","female genitalia development","1/612","7/37734",1,0.108162634911217,0.304590618682621,"STRA6"
"GO:0032374","regulation of cholesterol transport","1/612","7/37734",1,0.108162634911217,0.304590618682621,"TSPO"
"GO:0032696","negative regulation of interleukin-13 production","1/612","7/37734",1,0.108162634911217,0.304590618682621,"LEF1"
"GO:0034625","fatty acid elongation, monounsaturated fatty acid","1/612","7/37734",1,0.108162634911217,0.304590618682621,"ELOVL4"
"GO:0034626","fatty acid elongation, polyunsaturated fatty acid","1/612","7/37734",1,0.108162634911217,0.304590618682621,"ELOVL4"
"GO:0034983","peptidyl-lysine deacetylation","1/612","7/37734",1,0.108162634911217,0.304590618682621,"SIRT4"
"GO:0035524","proline transmembrane transport","1/612","7/37734",1,0.108162634911217,0.304590618682621,"SLC7A8"
"GO:0038001","paracrine signaling","1/612","7/37734",1,0.108162634911217,0.304590618682621,"PGR"
"GO:0038094","Fc-gamma receptor signaling pathway","1/612","7/37734",1,0.108162634911217,0.304590618682621,"CD247"
"GO:0038203","TORC2 signaling","1/612","7/37734",1,0.108162634911217,0.304590618682621,"PRR5L"
"GO:0042421","norepinephrine biosynthetic process","1/612","7/37734",1,0.108162634911217,0.304590618682621,"KL"
"GO:0042428","serotonin metabolic process","1/612","7/37734",1,0.108162634911217,0.304590618682621,"RNF180"
"GO:0042698","ovulation cycle","1/612","7/37734",1,0.108162634911217,0.304590618682621,"TYRO3"
"GO:0043067","regulation of programmed cell death","1/612","7/37734",1,0.108162634911217,0.304590618682621,"CASP6"
"GO:0043462","regulation of ATP-dependent activity","1/612","7/37734",1,0.108162634911217,0.304590618682621,"TPM2"
"GO:0045588","positive regulation of gamma-delta T cell differentiation","1/612","7/37734",1,0.108162634911217,0.304590618682621,"LEF1"
"GO:0046514","ceramide catabolic process","1/612","7/37734",1,0.108162634911217,0.304590618682621,"ACER1"
"GO:0048643","positive regulation of skeletal muscle tissue development","1/612","7/37734",1,0.108162634911217,0.304590618682621,"MEF2C"
"GO:0048842","positive regulation of axon extension involved in axon guidance","1/612","7/37734",1,0.108162634911217,0.304590618682621,"VEGFA"
"GO:0051223","regulation of protein transport","1/612","7/37734",1,0.108162634911217,0.304590618682621,"SLC7A11"
"GO:0060019","radial glial cell differentiation","1/612","7/37734",1,0.108162634911217,0.304590618682621,"GPR157"
"GO:0060323","head morphogenesis","1/612","7/37734",1,0.108162634911217,0.304590618682621,"STRA6"
"GO:0060710","chorio-allantoic fusion","1/612","7/37734",1,0.108162634911217,0.304590618682621,"LEF1"
"GO:0060736","prostate gland growth","1/612","7/37734",1,0.108162634911217,0.304590618682621,"PSAPL1"
"GO:0071286","cellular response to magnesium ion","1/612","7/37734",1,0.108162634911217,0.304590618682621,"RYR3"
"GO:0071321","cellular response to cGMP","1/612","7/37734",1,0.108162634911217,0.304590618682621,"PDE3A"
"GO:0071340","skeletal muscle acetylcholine-gated channel clustering","1/612","7/37734",1,0.108162634911217,0.304590618682621,"COLQ"
"GO:0086036","regulation of cardiac muscle cell membrane potential","1/612","7/37734",1,0.108162634911217,0.304590618682621,"PLN"
"GO:0090027","negative regulation of monocyte chemotaxis","1/612","7/37734",1,0.108162634911217,0.304590618682621,"CCN3"
"GO:0097294","'de novo' XMP biosynthetic process","1/612","7/37734",1,0.108162634911217,0.304590618682621,"PAICS"
"GO:0097720","calcineurin-mediated signaling","1/612","7/37734",1,0.108162634911217,0.304590618682621,"NR5A2"
"GO:0140507","granzyme-mediated programmed cell death signaling pathway","1/612","7/37734",1,0.108162634911217,0.304590618682621,"PRF1"
"GO:1901017","negative regulation of potassium ion transmembrane transporter activity","1/612","7/37734",1,0.108162634911217,0.304590618682621,"CASQ2"
"GO:1901165","positive regulation of trophoblast cell migration","1/612","7/37734",1,0.108162634911217,0.304590618682621,"VEGFA"
"GO:1901621","negative regulation of smoothened signaling pathway involved in dorsal/ventral neural tube patterning","1/612","7/37734",1,0.108162634911217,0.304590618682621,"PRKACB"
"GO:1903361","protein localization to basolateral plasma membrane","1/612","7/37734",1,0.108162634911217,0.304590618682621,"RAB10"
"GO:1904491","protein localization to ciliary transition zone","1/612","7/37734",1,0.108162634911217,0.304590618682621,"MAPK15"
"GO:2000404","regulation of T cell migration","1/612","7/37734",1,0.108162634911217,0.304590618682621,"ECM1"
"GO:2000660","negative regulation of interleukin-1-mediated signaling pathway","1/612","7/37734",1,0.108162634911217,0.304590618682621,"MIR27A"
"GO:2001140","positive regulation of phospholipid transport","1/612","7/37734",1,0.108162634911217,0.304590618682621,"TRIAP1"
"GO:0006302","double-strand break repair","3/612","71/37734",3,0.108540159085881,0.304590618682621,"EME1/FEN1/H2AX"
"GO:0015701","bicarbonate transport","2/612","35/37734",2,0.110149363085832,0.304590618682621,"SLC4A1/BEST1"
"GO:0030010","establishment of cell polarity","2/612","35/37734",2,0.110149363085832,0.304590618682621,"RAB11FIP2/NEK3"
"GO:0030032","lamellipodium assembly","2/612","35/37734",2,0.110149363085832,0.304590618682621,"RHOD/ARHGEF6"
"GO:0030326","embryonic limb morphogenesis","2/612","35/37734",2,0.110149363085832,0.304590618682621,"FBN2/LEF1"
"GO:0032435","negative regulation of proteasomal ubiquitin-dependent protein catabolic process","2/612","35/37734",2,0.110149363085832,0.304590618682621,"PANO1/GIPC1"
"GO:0051966","regulation of synaptic transmission, glutamatergic","2/612","35/37734",2,0.110149363085832,0.304590618682621,"MEF2C/ATP1A2"
"GO:0090050","positive regulation of cell migration involved in sprouting angiogenesis","2/612","35/37734",2,0.110149363085832,0.304590618682621,"MIR27A/VEGFA"
"GO:0042274","ribosomal small subunit biogenesis","3/612","72/37734",3,0.111969588113369,0.304590618682621,"TBL3/PNO1/RRP9"
"GO:0003180","aortic valve morphogenesis","2/612","36/37734",2,0.115429348336241,0.304590618682621,"GATA5/HEY2"
"GO:0006695","cholesterol biosynthetic process","2/612","36/37734",2,0.115429348336241,0.304590618682621,"EBP/MVK"
"GO:0019216","regulation of lipid metabolic process","2/612","36/37734",2,0.115429348336241,0.304590618682621,"ACER1/PSAPL1"
"GO:0042542","response to hydrogen peroxide","2/612","36/37734",2,0.115429348336241,0.304590618682621,"TXNIP/KCNA5"
"GO:0045582","positive regulation of T cell differentiation","2/612","36/37734",2,0.115429348336241,0.304590618682621,"IL1RL2/CD27"
"GO:0032868","response to insulin","3/612","73/37734",3,0.11543996205239,0.304590618682621,"EIF6/VPS13C/ABCC8"
"GO:0098869","cellular oxidant detoxification","3/612","73/37734",3,0.11543996205239,0.304590618682621,"HBM/HBD/HBG1"
"GO:0031297","replication fork processing","2/612","37/37734",2,0.120772312606281,0.304590618682621,"EME1/CENPX"
"GO:0042311","vasodilation","2/612","37/37734",2,0.120772312606281,0.304590618682621,"AGTR2/ITGA1"
"GO:0046326","positive regulation of glucose import","2/612","37/37734",2,0.120772312606281,0.304590618682621,"OCLN/SORBS1"
"GO:0009636","response to toxic substance","3/612","75/37734",3,0.122499994428269,0.304590618682621,"SLC7A11/MPST/SLC6A1"
"GO:0000255","allantoin metabolic process","1/612","8/37734",1,0.122629845859194,0.304590618682621,"PNP"
"GO:0000480","endonucleolytic cleavage in 5'-ETS of tricistronic rRNA transcript (SSU-rRNA, 5.8S rRNA, LSU-rRNA)","1/612","8/37734",1,0.122629845859194,0.304590618682621,"TBL3"
"GO:0001504","neurotransmitter uptake","1/612","8/37734",1,0.122629845859194,0.304590618682621,"ATP1A2"
"GO:0002638","negative regulation of immunoglobulin production","1/612","8/37734",1,0.122629845859194,0.304590618682621,"FCRL3"
"GO:0006369","termination of RNA polymerase II transcription","1/612","8/37734",1,0.122629845859194,0.304590618682621,"MED18"
"GO:0006942","regulation of striated muscle contraction","1/612","8/37734",1,0.122629845859194,0.304590618682621,"ATP1A2"
"GO:0009235","cobalamin metabolic process","1/612","8/37734",1,0.122629845859194,0.304590618682621,"MMACHC"
"GO:0009950","dorsal/ventral axis specification","1/612","8/37734",1,0.122629845859194,0.304590618682621,"VAX2"
"GO:0010042","response to manganese ion","1/612","8/37734",1,0.122629845859194,0.304590618682621,"TSPO"
"GO:0010466","negative regulation of peptidase activity","1/612","8/37734",1,0.122629845859194,0.304590618682621,"ECM1"
"GO:0014074","response to purine-containing compound","1/612","8/37734",1,0.122629845859194,0.304590618682621,"SLC6A1"
"GO:0014894","response to denervation involved in regulation of muscle adaptation","1/612","8/37734",1,0.122629845859194,0.304590618682621,"SGCA"
"GO:0015014","heparan sulfate proteoglycan biosynthetic process, polysaccharide chain biosynthetic process","1/612","8/37734",1,0.122629845859194,0.304590618682621,"CSGALNACT1"
"GO:0016479","negative regulation of transcription by RNA polymerase I","1/612","8/37734",1,0.122629845859194,0.304590618682621,"BEND3"
"GO:0018401","peptidyl-proline hydroxylation to 4-hydroxy-L-proline","1/612","8/37734",1,0.122629845859194,0.304590618682621,"P4HA3"
"GO:0021930","cerebellar granule cell precursor proliferation","1/612","8/37734",1,0.122629845859194,0.304590618682621,"PSMG1"
"GO:0030212","hyaluronan metabolic process","1/612","8/37734",1,0.122629845859194,0.304590618682621,"ITIH3"
"GO:0030223","neutrophil differentiation","1/612","8/37734",1,0.122629845859194,0.304590618682621,"LEF1"
"GO:0032713","negative regulation of interleukin-4 production","1/612","8/37734",1,0.122629845859194,0.304590618682621,"LEF1"
"GO:0032714","negative regulation of interleukin-5 production","1/612","8/37734",1,0.122629845859194,0.304590618682621,"LEF1"
"GO:0032825","positive regulation of natural killer cell differentiation","1/612","8/37734",1,0.122629845859194,0.304590618682621,"TOX"
"GO:0035148","tube formation","1/612","8/37734",1,0.122629845859194,0.304590618682621,"VEGFA"
"GO:0035912","dorsal aorta morphogenesis","1/612","8/37734",1,0.122629845859194,0.304590618682621,"HEY2"
"GO:0040011","locomotion","1/612","8/37734",1,0.122629845859194,0.304590618682621,"ATP1A2"
"GO:0042117","monocyte activation","1/612","8/37734",1,0.122629845859194,0.304590618682621,"MT1G"
"GO:0044208","'de novo' AMP biosynthetic process","1/612","8/37734",1,0.122629845859194,0.304590618682621,"PAICS"
"GO:0044539","long-chain fatty acid import into cell","1/612","8/37734",1,0.122629845859194,0.304590618682621,"SLC27A4"
"GO:0045743","positive regulation of fibroblast growth factor receptor signaling pathway","1/612","8/37734",1,0.122629845859194,0.304590618682621,"SMOC2"
"GO:0045823","positive regulation of heart contraction","1/612","8/37734",1,0.122629845859194,0.304590618682621,"ATP1A2"
"GO:0046322","negative regulation of fatty acid oxidation","1/612","8/37734",1,0.122629845859194,0.304590618682621,"SIRT4"
"GO:0046486","glycerolipid metabolic process","1/612","8/37734",1,0.122629845859194,0.304590618682621,"DGKG"
"GO:0046631","alpha-beta T cell activation","1/612","8/37734",1,0.122629845859194,0.304590618682621,"CD247"
"GO:0046822","regulation of nucleocytoplasmic transport","1/612","8/37734",1,0.122629845859194,0.304590618682621,"IER3"
"GO:0048066","developmental pigmentation","1/612","8/37734",1,0.122629845859194,0.304590618682621,"ZEB2"
"GO:0048311","mitochondrion distribution","1/612","8/37734",1,0.122629845859194,0.304590618682621,"TRAK2"
"GO:0048667","cell morphogenesis involved in neuron differentiation","1/612","8/37734",1,0.122629845859194,0.304590618682621,"MEF2C"
"GO:0048672","positive regulation of collateral sprouting","1/612","8/37734",1,0.122629845859194,0.304590618682621,"CRABP2"
"GO:0050859","negative regulation of B cell receptor signaling pathway","1/612","8/37734",1,0.122629845859194,0.304590618682621,"FCRL3"
"GO:0051205","protein insertion into membrane","1/612","8/37734",1,0.122629845859194,0.304590618682621,"REEP1"
"GO:0051782","negative regulation of cell division","1/612","8/37734",1,0.122629845859194,0.304590618682621,"TXNIP"
"GO:0055015","ventricular cardiac muscle cell development","1/612","8/37734",1,0.122629845859194,0.304590618682621,"HEY2"
"GO:0060008","Sertoli cell differentiation","1/612","8/37734",1,0.122629845859194,0.304590618682621,"WNT4"
"GO:0060081","membrane hyperpolarization","1/612","8/37734",1,0.122629845859194,0.304590618682621,"KCNA5"
"GO:0060346","bone trabecula formation","1/612","8/37734",1,0.122629845859194,0.304590618682621,"FBN2"
"GO:0060426","lung vasculature development","1/612","8/37734",1,0.122629845859194,0.304590618682621,"STRA6"
"GO:0060539","diaphragm development","1/612","8/37734",1,0.122629845859194,0.304590618682621,"STRA6"
"GO:0060545","positive regulation of necroptotic process","1/612","8/37734",1,0.122629845859194,0.304590618682621,"CASP6"
"GO:0061180","mammary gland epithelium development","1/612","8/37734",1,0.122629845859194,0.304590618682621,"WNT4"
"GO:0070268","cornification","1/612","8/37734",1,0.122629845859194,0.304590618682621,"KLK5"
"GO:0071476","cellular hypotonic response","1/612","8/37734",1,0.122629845859194,0.304590618682621,"TSPO"
"GO:0071636","positive regulation of transforming growth factor beta production","1/612","8/37734",1,0.122629845859194,0.304590618682621,"FERMT1"
"GO:0090091","positive regulation of extracellular matrix disassembly","1/612","8/37734",1,0.122629845859194,0.304590618682621,"FSCN1"
"GO:0090279","regulation of calcium ion import","1/612","8/37734",1,0.122629845859194,0.304590618682621,"FCRL3"
"GO:1903401","L-lysine transmembrane transport","1/612","8/37734",1,0.122629845859194,0.304590618682621,"SLC25A2"
"GO:1904045","cellular response to aldosterone","1/612","8/37734",1,0.122629845859194,0.304590618682621,"SCNN1A"
"GO:1904117","cellular response to vasopressin","1/612","8/37734",1,0.122629845859194,0.304590618682621,"SCNN1A"
"GO:1905598","negative regulation of low-density lipoprotein receptor activity","1/612","8/37734",1,0.122629845859194,0.304590618682621,"MIR27A"
"GO:1905832","positive regulation of spindle assembly","1/612","8/37734",1,0.122629845859194,0.304590618682621,"MAPK15"
"GO:2000556","positive regulation of T-helper 1 cell cytokine production","1/612","8/37734",1,0.122629845859194,0.304590618682621,"TBX21"
"GO:2000678","negative regulation of transcription regulatory region DNA binding","1/612","8/37734",1,0.122629845859194,0.304590618682621,"HEY2"
"GO:0006334","nucleosome assembly","4/612","117/37734",4,0.123042807987194,0.305146163808241,"H2AX/H1-9P/H4C1/H4C3"
"GO:0006749","glutathione metabolic process","2/612","38/37734",2,0.126174832912694,0.309873754071944,"SLC7A11/MMACHC"
"GO:0086091","regulation of heart rate by cardiac conduction","2/612","38/37734",2,0.126174832912694,0.309873754071944,"KCNA5/KCNJ3"
"GO:0008203","cholesterol metabolic process","3/612","77/37734",3,0.12971312259563,0.309873754071944,"EBP/CYP11A1/FDXR"
"GO:0051402","neuron apoptotic process","3/612","77/37734",3,0.12971312259563,0.309873754071944,"AGTR2/ANGPT1/TYRO3"
"GO:0001974","blood vessel remodeling","2/612","39/37734",2,0.131633580408433,0.309873754071944,"AGTR2/MEF2C"
"GO:0007595","lactation","2/612","39/37734",2,0.131633580408433,0.309873754071944,"NME1/VEGFA"
"GO:0050767","regulation of neurogenesis","2/612","39/37734",2,0.131633580408433,0.309873754071944,"HEY2/LEF1"
"GO:0050804","modulation of chemical synaptic transmission","3/612","78/37734",3,0.133374857412209,0.309873754071944,"SLC7A11/NTF3/PRKAR2B"
"GO:0051260","protein homooligomerization","4/612","121/37734",4,0.134358471785769,0.309873754071944,"KCTD11/KCNA5/PRF1/BEND3"
"GO:0001775","cell activation","1/612","9/37734",1,0.136862749806981,0.309873754071944,"SLURP1"
"GO:0003143","embryonic heart tube morphogenesis","1/612","9/37734",1,0.136862749806981,0.309873754071944,"RYR2"
"GO:0003208","cardiac ventricle morphogenesis","1/612","9/37734",1,0.136862749806981,0.309873754071944,"HEY2"
"GO:0003416","endochondral bone growth","1/612","9/37734",1,0.136862749806981,0.309873754071944,"ECM1"
"GO:0006048","UDP-N-acetylglucosamine biosynthetic process","1/612","9/37734",1,0.136862749806981,0.309873754071944,"GNPNAT1"
"GO:0006069","ethanol oxidation","1/612","9/37734",1,0.136862749806981,0.309873754071944,"ACSS1"
"GO:0006177","GMP biosynthetic process","1/612","9/37734",1,0.136862749806981,0.309873754071944,"PAICS"
"GO:0006198","cAMP catabolic process","1/612","9/37734",1,0.136862749806981,0.309873754071944,"PDE8B"
"GO:0006228","UTP biosynthetic process","1/612","9/37734",1,0.136862749806981,0.309873754071944,"NME1"
"GO:0008299","isoprenoid biosynthetic process","1/612","9/37734",1,0.136862749806981,0.309873754071944,"MVK"
"GO:0008347","glial cell migration","1/612","9/37734",1,0.136862749806981,0.309873754071944,"TSPO"
"GO:0009888","tissue development","1/612","9/37734",1,0.136862749806981,0.309873754071944,"NR5A2"
"GO:0010890","positive regulation of sequestering of triglyceride","1/612","9/37734",1,0.136862749806981,0.309873754071944,"PLIN3"
"GO:0010968","regulation of microtubule nucleation","1/612","9/37734",1,0.136862749806981,0.309873754071944,"HAUS2"
"GO:0014909","smooth muscle cell migration","1/612","9/37734",1,0.136862749806981,0.309873754071944,"CCN3"
"GO:0030321","transepithelial chloride transport","1/612","9/37734",1,0.136862749806981,0.309873754071944,"BEST1"
"GO:0033625","positive regulation of integrin activation","1/612","9/37734",1,0.136862749806981,0.309873754071944,"FERMT1"
"GO:0035357","peroxisome proliferator activated receptor signaling pathway","1/612","9/37734",1,0.136862749806981,0.309873754071944,"ALOXE3"
"GO:0035590","purinergic nucleotide receptor signaling pathway","1/612","9/37734",1,0.136862749806981,0.309873754071944,"P2RX1"
"GO:0038007","netrin-activated signaling pathway","1/612","9/37734",1,0.136862749806981,0.309873754071944,"TUBB3"
"GO:0042355","L-fucose catabolic process","1/612","9/37734",1,0.136862749806981,0.309873754071944,"FUT6"
"GO:0043267","negative regulation of potassium ion transport","1/612","9/37734",1,0.136862749806981,0.309873754071944,"CASQ2"
"GO:0043268","positive regulation of potassium ion transport","1/612","9/37734",1,0.136862749806981,0.309873754071944,"ABCC8"
"GO:0043586","tongue development","1/612","9/37734",1,0.136862749806981,0.309873754071944,"LEF1"
"GO:0046324","regulation of glucose import","1/612","9/37734",1,0.136862749806981,0.309873754071944,"PRKAG2"
"GO:0046888","negative regulation of hormone secretion","1/612","9/37734",1,0.136862749806981,0.309873754071944,"IL11"
"GO:0050650","chondroitin sulfate proteoglycan biosynthetic process","1/612","9/37734",1,0.136862749806981,0.309873754071944,"CSGALNACT1"
"GO:0050953","sensory perception of light stimulus","1/612","9/37734",1,0.136862749806981,0.309873754071944,"USH1G"
"GO:0051901","positive regulation of mitochondrial depolarization","1/612","9/37734",1,0.136862749806981,0.309873754071944,"TSPO"
"GO:0060158","phospholipase C-activating dopamine receptor signaling pathway","1/612","9/37734",1,0.136862749806981,0.309873754071944,"GNA15"
"GO:0060231","mesenchymal to epithelial transition","1/612","9/37734",1,0.136862749806981,0.309873754071944,"WNT4"
"GO:0060452","positive regulation of cardiac muscle contraction","1/612","9/37734",1,0.136862749806981,0.309873754071944,"ADRA1A"
"GO:0060982","coronary artery morphogenesis","1/612","9/37734",1,0.136862749806981,0.309873754071944,"VEGFA"
"GO:0061179","negative regulation of insulin secretion involved in cellular response to glucose stimulus","1/612","9/37734",1,0.136862749806981,0.309873754071944,"PDE8B"
"GO:0061909","autophagosome-lysosome fusion","1/612","9/37734",1,0.136862749806981,0.309873754071944,"PIP4K2A"
"GO:0070168","negative regulation of biomineral tissue development","1/612","9/37734",1,0.136862749806981,0.309873754071944,"HEY2"
"GO:0070837","dehydroascorbic acid transport","1/612","9/37734",1,0.136862749806981,0.309873754071944,"SLC2A4"
"GO:0071243","cellular response to arsenic-containing substance","1/612","9/37734",1,0.136862749806981,0.309873754071944,"PPIF"
"GO:0071875","adrenergic receptor signaling pathway","1/612","9/37734",1,0.136862749806981,0.309873754071944,"ADRA2C"
"GO:0086014","atrial cardiac muscle cell action potential","1/612","9/37734",1,0.136862749806981,0.309873754071944,"KCNA5"
"GO:0090522","vesicle tethering involved in exocytosis","1/612","9/37734",1,0.136862749806981,0.309873754071944,"EXOC6"
"GO:0097400","interleukin-17-mediated signaling pathway","1/612","9/37734",1,0.136862749806981,0.309873754071944,"TRAF5"
"GO:0097475","motor neuron migration","1/612","9/37734",1,0.136862749806981,0.309873754071944,"VEGFA"
"GO:0098712","L-glutamate import across plasma membrane","1/612","9/37734",1,0.136862749806981,0.309873754071944,"SLC7A11"
"GO:1900264","positive regulation of DNA-directed DNA polymerase activity","1/612","9/37734",1,0.136862749806981,0.309873754071944,"RFC2"
"GO:1901537","positive regulation of DNA demethylation","1/612","9/37734",1,0.136862749806981,0.309873754071944,"TOX"
"GO:2000096","positive regulation of Wnt signaling pathway, planar cell polarity pathway","1/612","9/37734",1,0.136862749806981,0.309873754071944,"NKD1"
"GO:2000480","negative regulation of cAMP-dependent protein kinase activity","1/612","9/37734",1,0.136862749806981,0.309873754071944,"PRKAR2B"
"GO:0007275","multicellular organism development","3/612","79/37734",3,0.137072175027241,0.309873754071944,"NTRK3/TYRO3/KREMEN1"
"GO:0030593","neutrophil chemotaxis","3/612","79/37734",3,0.137072175027241,0.309873754071944,"ITGA1/PF4/PPBP"
"GO:0019233","sensory perception of pain","2/612","40/37734",2,0.137145318237896,0.309873754071944,"NPY1R/ALOXE3"
"GO:0035094","response to nicotine","2/612","40/37734",2,0.137145318237896,0.309873754071944,"SLC7A11/ATP1A2"
"GO:0045333","cellular respiration","2/612","40/37734",2,0.137145318237896,0.309873754071944,"COX5B/CYCS"
"GO:0051225","spindle assembly","2/612","40/37734",2,0.137145318237896,0.309873754071944,"SAC3D1/HAUS2"
"GO:0034765","regulation of monoatomic ion transmembrane transport","4/612","122/37734",4,0.137251774446258,0.309873754071944,"NALCN/KCNA5/KCNJ3/ASIC2"
"GO:0008285","negative regulation of cell population proliferation","10/612","415/37734",10,0.140372408662032,0.316475975892581,"ADARB1/ADRA1A/FABP3/ITGA1/NME1/TESC/SLURP1/PTHLH/WNT9A/AIMP2"
"GO:0001756","somitogenesis","2/612","41/37734",2,0.142706899436775,0.317072487993945,"LEF1/NLE1"
"GO:0001895","retina homeostasis","2/612","41/37734",2,0.142706899436775,0.317072487993945,"ATP1B2/PIGR"
"GO:0007189","adenylate cyclase-activating G protein-coupled receptor signaling pathway","4/612","125/37734",4,0.146080070072006,0.317072487993945,"GPR26/PF4/PTHLH/GPR157"
"GO:0007268","chemical synaptic transmission","6/612","219/37734",6,0.147140324659554,0.317072487993945,"GIPC1/CPLX1/DTNA/ASIC2/NPY5R/SLC6A1"
"GO:0043010","camera-type eye development","2/612","42/37734",2,0.148315264875663,0.317072487993945,"FBN2/STRA6"
"GO:0043154","negative regulation of cysteine-type endopeptidase activity involved in apoptotic process","2/612","42/37734",2,0.148315264875663,0.317072487993945,"TRIAP1/VEGFA"
"GO:0048704","embryonic skeletal system morphogenesis","2/612","42/37734",2,0.148315264875663,0.317072487993945,"HOXD3/HOXD4"
"GO:0007265","Ras protein signal transduction","3/612","82/37734",3,0.148368635373452,0.317072487993945,"RASGRP2/DOK6/RGL3"
"GO:0002467","germinal center formation","1/612","10/37734",1,0.150865135416474,0.317072487993945,"MEF2C"
"GO:0006081","cellular aldehyde metabolic process","1/612","10/37734",1,0.150865135416474,0.317072487993945,"ALDH3A1"
"GO:0006183","GTP biosynthetic process","1/612","10/37734",1,0.150865135416474,0.317072487993945,"NME1"
"GO:0006241","CTP biosynthetic process","1/612","10/37734",1,0.150865135416474,0.317072487993945,"NME1"
"GO:0006497","protein lipidation","1/612","10/37734",1,0.150865135416474,0.317072487993945,"ALOX12B"
"GO:0006829","zinc ion transport","1/612","10/37734",1,0.150865135416474,0.317072487993945,"SLC39A2"
"GO:0009247","glycolipid biosynthetic process","1/612","10/37734",1,0.150865135416474,0.317072487993945,"GAL3ST3"
"GO:0015695","organic cation transport","1/612","10/37734",1,0.150865135416474,0.317072487993945,"SLC7A8"
"GO:0015820","leucine transport","1/612","10/37734",1,0.150865135416474,0.317072487993945,"SLC7A8"
"GO:0032940","secretion by cell","1/612","10/37734",1,0.150865135416474,0.317072487993945,"TYRO3"
"GO:0034380","high-density lipoprotein particle assembly","1/612","10/37734",1,0.150865135416474,0.317072487993945,"PRKACB"
"GO:0042276","error-prone translesion synthesis","1/612","10/37734",1,0.150865135416474,0.317072487993945,"POLD2"
"GO:0042359","vitamin D metabolic process","1/612","10/37734",1,0.150865135416474,0.317072487993945,"CYP11A1"
"GO:0043583","ear development","1/612","10/37734",1,0.150865135416474,0.317072487993945,"STRA6"
"GO:0045063","T-helper 1 cell differentiation","1/612","10/37734",1,0.150865135416474,0.317072487993945,"LEF1"
"GO:0046415","urate metabolic process","1/612","10/37734",1,0.150865135416474,0.317072487993945,"ABCG2"
"GO:0046629","gamma-delta T cell activation","1/612","10/37734",1,0.150865135416474,0.317072487993945,"CD247"
"GO:0046638","positive regulation of alpha-beta T cell differentiation","1/612","10/37734",1,0.150865135416474,0.317072487993945,"PNP"
"GO:0048681","negative regulation of axon regeneration","1/612","10/37734",1,0.150865135416474,0.317072487993945,"KREMEN1"
"GO:0050810","regulation of steroid biosynthetic process","1/612","10/37734",1,0.150865135416474,0.317072487993945,"TSPO"
"GO:0050861","positive regulation of B cell receptor signaling pathway","1/612","10/37734",1,0.150865135416474,0.317072487993945,"PRKCB"
"GO:0050909","sensory perception of taste","1/612","10/37734",1,0.150865135416474,0.317072487993945,"LEF1"
"GO:0051873","killing by host of symbiont cells","1/612","10/37734",1,0.150865135416474,0.317072487993945,"PF4"
"GO:0060068","vagina development","1/612","10/37734",1,0.150865135416474,0.317072487993945,"TYRO3"
"GO:0060075","regulation of resting membrane potential","1/612","10/37734",1,0.150865135416474,0.317072487993945,"NALCN"
"GO:0060259","regulation of feeding behavior","1/612","10/37734",1,0.150865135416474,0.317072487993945,"GPR171"
"GO:0060575","intestinal epithelial cell differentiation","1/612","10/37734",1,0.150865135416474,0.317072487993945,"GATA5"
"GO:0060998","regulation of dendritic spine development","1/612","10/37734",1,0.150865135416474,0.317072487993945,"MEF2C"
"GO:0061072","iris morphogenesis","1/612","10/37734",1,0.150865135416474,0.317072487993945,"WNT9A"
"GO:0070314","G1 to G0 transition","1/612","10/37734",1,0.150865135416474,0.317072487993945,"ECRG4"
"GO:0070613","regulation of protein processing","1/612","10/37734",1,0.150865135416474,0.317072487993945,"PRKACB"
"GO:0071372","cellular response to follicle-stimulating hormone stimulus","1/612","10/37734",1,0.150865135416474,0.317072487993945,"GCLM"
"GO:0071374","cellular response to parathyroid hormone stimulus","1/612","10/37734",1,0.150865135416474,0.317072487993945,"MEF2C"
"GO:0090281","negative regulation of calcium ion import","1/612","10/37734",1,0.150865135416474,0.317072487993945,"PLN"
"GO:0090331","negative regulation of platelet aggregation","1/612","10/37734",1,0.150865135416474,0.317072487993945,"PRKG1"
"GO:0090382","phagosome maturation","1/612","10/37734",1,0.150865135416474,0.317072487993945,"MREG"
"GO:0097084","vascular associated smooth muscle cell development","1/612","10/37734",1,0.150865135416474,0.317072487993945,"HEY2"
"GO:0099566","regulation of postsynaptic cytosolic calcium ion concentration","1/612","10/37734",1,0.150865135416474,0.317072487993945,"ATP2B2"
"GO:1901653","cellular response to peptide","1/612","10/37734",1,0.150865135416474,0.317072487993945,"KLF1"
"GO:2000048","negative regulation of cell-cell adhesion mediated by cadherin","1/612","10/37734",1,0.150865135416474,0.317072487993945,"VEGFA"
"GO:2000288","positive regulation of myoblast proliferation","1/612","10/37734",1,0.150865135416474,0.317072487993945,"KCNA5"
"GO:2000320","negative regulation of T-helper 17 cell differentiation","1/612","10/37734",1,0.150865135416474,0.317072487993945,"TBX21"
"GO:2000369","regulation of clathrin-dependent endocytosis","1/612","10/37734",1,0.150865135416474,0.317072487993945,"USH1G"
"GO:2000727","positive regulation of cardiac muscle cell differentiation","1/612","10/37734",1,0.150865135416474,0.317072487993945,"MEF2C"
"GO:0006631","fatty acid metabolic process","3/612","83/37734",3,0.152199297496093,0.319044561201172,"SLC27A4/PRKAR2B/AACS"
"GO:0031647","regulation of protein stability","3/612","83/37734",3,0.152199297496093,0.319044561201172,"PANO1/GIPC1/TMEM183BP"
"GO:0001654","eye development","2/612","43/37734",2,0.153967441246532,0.321080873595614,"CPAMD8/SMOC1"
"GO:0007566","embryo implantation","2/612","43/37734",2,0.153967441246532,0.321080873595614,"TPPP3/STC2"
"GO:0045494","photoreceptor cell maintenance","2/612","43/37734",2,0.153967441246532,0.321080873595614,"USH1G/ATP1B2"
"GO:1901223","negative regulation of non-canonical NF-kappaB signal transduction","2/612","43/37734",2,0.153967441246532,0.321080873595614,"CCN3/PPM1B"
"GO:0000278","mitotic cell cycle","4/612","128/37734",4,0.155122680887018,0.322872088882628,"TUBB3/NEK3/NLE1/TUBA1C"
"GO:0014823","response to activity","2/612","44/37734",2,0.159660539091257,0.322872088882628,"GCLM/KL"
"GO:0043280","positive regulation of cysteine-type endopeptidase activity involved in apoptotic process","2/612","44/37734",2,0.159660539091257,0.322872088882628,"CARD8/CYCS"
"GO:0032259","methylation","3/612","86/37734",3,0.163874276585575,0.322872088882628,"TMT1B/PRDM16/PRDM6"
"GO:0000050","urea cycle","1/612","11/37734",1,0.164640730187047,0.322872088882628,"SLC25A2"
"GO:0001771","immunological synapse formation","1/612","11/37734",1,0.164640730187047,0.322872088882628,"PRF1"
"GO:0003139","secondary heart field specification","1/612","11/37734",1,0.164640730187047,0.322872088882628,"MEF2C"
"GO:0006182","cGMP biosynthetic process","1/612","11/37734",1,0.164640730187047,0.322872088882628,"GUCY1A2"
"GO:0006309","apoptotic DNA fragmentation","1/612","11/37734",1,0.164640730187047,0.322872088882628,"ENDOG"
"GO:0006390","mitochondrial transcription","1/612","11/37734",1,0.164640730187047,0.322872088882628,"MRPL12"
"GO:0007614","short-term memory","1/612","11/37734",1,0.164640730187047,0.322872088882628,"SLC2A4"
"GO:0010248","establishment or maintenance of transmembrane electrochemical gradient","1/612","11/37734",1,0.164640730187047,0.322872088882628,"ATP1A2"
"GO:0014033","neural crest cell differentiation","1/612","11/37734",1,0.164640730187047,0.322872088882628,"MEF2C"
"GO:0015747","urate transport","1/612","11/37734",1,0.164640730187047,0.322872088882628,"ABCG2"
"GO:0015816","glycine transport","1/612","11/37734",1,0.164640730187047,0.322872088882628,"SLC7A8"
"GO:0022407","regulation of cell-cell adhesion","1/612","11/37734",1,0.164640730187047,0.322872088882628,"WNT4"
"GO:0030049","muscle filament sliding","1/612","11/37734",1,0.164640730187047,0.322872088882628,"TPM1"
"GO:0030238","male sex determination","1/612","11/37734",1,0.164640730187047,0.322872088882628,"PTGDR"
"GO:0032330","regulation of chondrocyte differentiation","1/612","11/37734",1,0.164640730187047,0.322872088882628,"PTHLH"
"GO:0032680","regulation of tumor necrosis factor production","1/612","11/37734",1,0.164640730187047,0.322872088882628,"ANGPT1"
"GO:0033089","positive regulation of T cell differentiation in thymus","1/612","11/37734",1,0.164640730187047,0.322872088882628,"IL7R"
"GO:0036302","atrioventricular canal development","1/612","11/37734",1,0.164640730187047,0.322872088882628,"HAS2"
"GO:0043951","negative regulation of cAMP-mediated signaling","1/612","11/37734",1,0.164640730187047,0.322872088882628,"PDE3A"
"GO:0044571","[2Fe-2S] cluster assembly","1/612","11/37734",1,0.164640730187047,0.322872088882628,"ISCU"
"GO:0045577","regulation of B cell differentiation","1/612","11/37734",1,0.164640730187047,0.322872088882628,"FCRL3"
"GO:0045654","positive regulation of megakaryocyte differentiation","1/612","11/37734",1,0.164640730187047,0.322872088882628,"TESC"
"GO:0046834","lipid phosphorylation","1/612","11/37734",1,0.164640730187047,0.322872088882628,"DGKG"
"GO:0048304","positive regulation of isotype switching to IgG isotypes","1/612","11/37734",1,0.164640730187047,0.322872088882628,"TBX21"
"GO:0048668","collateral sprouting","1/612","11/37734",1,0.164640730187047,0.322872088882628,"PRKG1"
"GO:0048711","positive regulation of astrocyte differentiation","1/612","11/37734",1,0.164640730187047,0.322872088882628,"CLCF1"
"GO:0050847","progesterone receptor signaling pathway","1/612","11/37734",1,0.164640730187047,0.322872088882628,"PGR"
"GO:0050891","multicellular organismal-level water homeostasis","1/612","11/37734",1,0.164640730187047,0.322872088882628,"SCNN1A"
"GO:0060315","negative regulation of ryanodine-sensitive calcium-release channel activity","1/612","11/37734",1,0.164640730187047,0.322872088882628,"CASQ2"
"GO:0061061","muscle structure development","1/612","11/37734",1,0.164640730187047,0.322872088882628,"LDB3"
"GO:0061303","cornea development in camera-type eye","1/612","11/37734",1,0.164640730187047,0.322872088882628,"WNT9A"
"GO:0061314","Notch signaling involved in heart development","1/612","11/37734",1,0.164640730187047,0.322872088882628,"HEY2"
"GO:0070828","heterochromatin organization","1/612","11/37734",1,0.164640730187047,0.322872088882628,"PRDM16"
"GO:0071872","cellular response to epinephrine stimulus","1/612","11/37734",1,0.164640730187047,0.322872088882628,"RYR2"
"GO:0072359","circulatory system development","1/612","11/37734",1,0.164640730187047,0.322872088882628,"HEY2"
"GO:0097186","amelogenesis","1/612","11/37734",1,0.164640730187047,0.322872088882628,"KLK5"
"GO:0098761","cellular response to interleukin-7","1/612","11/37734",1,0.164640730187047,0.322872088882628,"GIPC1"
"GO:0098911","regulation of ventricular cardiac muscle cell action potential","1/612","11/37734",1,0.164640730187047,0.322872088882628,"RYR2"
"GO:0099151","regulation of postsynaptic density assembly","1/612","11/37734",1,0.164640730187047,0.322872088882628,"LRFN4"
"GO:1900407","regulation of cellular response to oxidative stress","1/612","11/37734",1,0.164640730187047,0.322872088882628,"SLC7A11"
"GO:1901998","toxin transport","1/612","11/37734",1,0.164640730187047,0.322872088882628,"SLC7A8"
"GO:1903706","regulation of hemopoiesis","1/612","11/37734",1,0.164640730187047,0.322872088882628,"GFI1B"
"GO:1905665","positive regulation of calcium ion import across plasma membrane","1/612","11/37734",1,0.164640730187047,0.322872088882628,"P2RX1"
"GO:1990961","xenobiotic detoxification by transmembrane export across the plasma membrane","1/612","11/37734",1,0.164640730187047,0.322872088882628,"ABCB1"
"GO:2000178","negative regulation of neural precursor cell proliferation","1/612","11/37734",1,0.164640730187047,0.322872088882628,"PDE9A"
"GO:0008202","steroid metabolic process","2/612","45/37734",2,0.165391750871339,0.32355764854927,"SDR9C7/TSPO"
"GO:0022617","extracellular matrix disassembly","2/612","45/37734",2,0.165391750871339,0.32355764854927,"KLK5/TPSAB1"
"GO:0030183","B cell differentiation","3/612","87/37734",3,0.16782396524584,0.327917856940963,"CLCF1/IL11/CD79B"
"GO:0001568","blood vessel development","2/612","46/37734",2,0.171158349078023,0.331311927016647,"MEF2C/STRA6"
"GO:0006661","phosphatidylinositol biosynthetic process","2/612","46/37734",2,0.171158349078023,0.331311927016647,"PIP5K1B/INPP4B"
"GO:0071805","potassium ion transmembrane transport","4/612","134/37734",4,0.173807327449314,0.331311927016647,"NALCN/KCNA5/ATP1A2/ABCC8"
"GO:0034446","substrate adhesion-dependent cell spreading","2/612","47/37734",2,0.176957684382005,0.331311927016647,"TYRO3/ITGA8"
"GO:1904262","negative regulation of TORC1 signaling","2/612","47/37734",2,0.176957684382005,0.331311927016647,"KPTN/PRKACB"
"GO:0006508","proteolysis","10/612","438/37734",10,0.177392259976138,0.331311927016647,"DPP3/ADAMTS19/KLK5/ADAM22/RHBDL2/TPSB2/TPSAB1/ADAMTS10/CASP6/ENDOU"
"GO:0000470","maturation of LSU-rRNA","1/612","12/37734",1,0.178193201441336,0.331311927016647,"EIF6"
"GO:0000727","double-strand break repair via break-induced replication","1/612","12/37734",1,0.178193201441336,0.331311927016647,"MCM4"
"GO:0001960","negative regulation of cytokine-mediated signaling pathway","1/612","12/37734",1,0.178193201441336,0.331311927016647,"ECM1"
"GO:0002087","regulation of respiratory gaseous exchange by nervous system process","1/612","12/37734",1,0.178193201441336,0.331311927016647,"ATP1A2"
"GO:0002675","positive regulation of acute inflammatory response","1/612","12/37734",1,0.178193201441336,0.331311927016647,"NPY5R"
"GO:0003073","regulation of systemic arterial blood pressure","1/612","12/37734",1,0.178193201441336,0.331311927016647,"NCALD"
"GO:0003198","epithelial to mesenchymal transition involved in endocardial cushion formation","1/612","12/37734",1,0.178193201441336,0.331311927016647,"HEY2"
"GO:0006516","glycoprotein catabolic process","1/612","12/37734",1,0.178193201441336,0.331311927016647,"NCCRP1"
"GO:0006688","glycosphingolipid biosynthetic process","1/612","12/37734",1,0.178193201441336,0.331311927016647,"FUT6"
"GO:0009650","UV protection","1/612","12/37734",1,0.178193201441336,0.331311927016647,"FEN1"
"GO:0009972","cytidine deamination","1/612","12/37734",1,0.178193201441336,0.331311927016647,"CDA"
"GO:0010659","cardiac muscle cell apoptotic process","1/612","12/37734",1,0.178193201441336,0.331311927016647,"HEY2"
"GO:0021527","spinal cord association neuron differentiation","1/612","12/37734",1,0.178193201441336,0.331311927016647,"TAL1"
"GO:0021670","lateral ventricle development","1/612","12/37734",1,0.178193201441336,0.331311927016647,"ATP1B2"
"GO:0030518","intracellular steroid hormone receptor signaling pathway","1/612","12/37734",1,0.178193201441336,0.331311927016647,"PGR"
"GO:0031665","negative regulation of lipopolysaccharide-mediated signaling pathway","1/612","12/37734",1,0.178193201441336,0.331311927016647,"CARD8"
"GO:0032926","negative regulation of activin receptor signaling pathway","1/612","12/37734",1,0.178193201441336,0.331311927016647,"IGSF1"
"GO:0035773","insulin secretion involved in cellular response to glucose stimulus","1/612","12/37734",1,0.178193201441336,0.331311927016647,"RAB11FIP2"
"GO:0040015","negative regulation of multicellular organism growth","1/612","12/37734",1,0.178193201441336,0.331311927016647,"STC2"
"GO:0042592","homeostatic process","1/612","12/37734",1,0.178193201441336,0.331311927016647,"NR5A2"
"GO:0043589","skin morphogenesis","1/612","12/37734",1,0.178193201441336,0.331311927016647,"CDSN"
"GO:0043931","ossification involved in bone maturation","1/612","12/37734",1,0.178193201441336,0.331311927016647,"EBP"
"GO:0045475","locomotor rhythm","1/612","12/37734",1,0.178193201441336,0.331311927016647,"CIART"
"GO:0046902","regulation of mitochondrial membrane permeability","1/612","12/37734",1,0.178193201441336,0.331311927016647,"PPIF"
"GO:0051549","positive regulation of keratinocyte migration","1/612","12/37734",1,0.178193201441336,0.331311927016647,"HAS2"
"GO:0051926","negative regulation of calcium ion transport","1/612","12/37734",1,0.178193201441336,0.331311927016647,"PLN"
"GO:0060413","atrial septum morphogenesis","1/612","12/37734",1,0.178193201441336,0.331311927016647,"HEY2"
"GO:0061014","positive regulation of mRNA catabolic process","1/612","12/37734",1,0.178193201441336,0.331311927016647,"PRR5L"
"GO:0070327","thyroid hormone transport","1/612","12/37734",1,0.178193201441336,0.331311927016647,"SLC7A8"
"GO:0071679","commissural neuron axon guidance","1/612","12/37734",1,0.178193201441336,0.331311927016647,"VEGFA"
"GO:0071806","protein transmembrane transport","1/612","12/37734",1,0.178193201441336,0.331311927016647,"PRF1"
"GO:0086012","membrane depolarization during cardiac muscle cell action potential","1/612","12/37734",1,0.178193201441336,0.331311927016647,"ATP1A2"
"GO:0090305","nucleic acid phosphodiester bond hydrolysis","1/612","12/37734",1,0.178193201441336,0.331311927016647,"FEN1"
"GO:0097264","self proteolysis","1/612","12/37734",1,0.178193201441336,0.331311927016647,"CARD8"
"GO:0098915","membrane repolarization during ventricular cardiac muscle cell action potential","1/612","12/37734",1,0.178193201441336,0.331311927016647,"KCNJ3"
"GO:2000310","regulation of NMDA receptor activity","1/612","12/37734",1,0.178193201441336,0.331311927016647,"MEF2C"
"GO:0007420","brain development","5/612","185/37734",5,0.183012752380312,0.338160093712811,"MACROD2/AGTR2/VAX2/AMIGO2/ARNT2"
"GO:0006260","DNA replication","3/612","91/37734",3,0.183889318643288,0.338160093712811,"FEN1/MCM4/POLD2"
"GO:0065003","protein-containing complex assembly","4/612","138/37734",4,0.186672089135347,0.338160093712811,"OCLN/AIMP2/CAPG/CD247"
"GO:0006887","exocytosis","3/612","92/37734",3,0.187967938766127,0.338160093712811,"CPLX1/EXOC6/SYTL2"
"GO:0034599","cellular response to oxidative stress","3/612","92/37734",3,0.187967938766127,0.338160093712811,"SLC7A11/PYCR1/PRR5L"
"GO:0019221","cytokine-mediated signaling pathway","4/612","139/37734",4,0.18993549585501,0.338160093712811,"CLCF1/IL7R/PF4/IL22RA1"
"GO:0000460","maturation of 5.8S rRNA","1/612","13/37734",1,0.191526157295159,0.338160093712811,"EIF6"
"GO:0001706","endoderm formation","1/612","13/37734",1,0.191526157295159,0.338160093712811,"DUSP4"
"GO:0002357","defense response to tumor cell","1/612","13/37734",1,0.191526157295159,0.338160093712811,"PRF1"
"GO:0003215","cardiac right ventricle morphogenesis","1/612","13/37734",1,0.191526157295159,0.338160093712811,"HEY2"
"GO:0003300","cardiac muscle hypertrophy","1/612","13/37734",1,0.191526157295159,0.338160093712811,"RYR2"
"GO:0006122","mitochondrial electron transport, ubiquinol to cytochrome c","1/612","13/37734",1,0.191526157295159,0.338160093712811,"CYCS"
"GO:0006623","protein targeting to vacuole","1/612","13/37734",1,0.191526157295159,0.338160093712811,"VPS13C"
"GO:0006825","copper ion transport","1/612","13/37734",1,0.191526157295159,0.338160093712811,"SLC31A1"
"GO:0007175","negative regulation of epidermal growth factor-activated receptor activity","1/612","13/37734",1,0.191526157295159,0.338160093712811,"GPRC5A"
"GO:0007398","ectoderm development","1/612","13/37734",1,0.191526157295159,0.338160093712811,"VAX2"
"GO:0007512","adult heart development","1/612","13/37734",1,0.191526157295159,0.338160093712811,"ADRA1A"
"GO:0009314","response to radiation","1/612","13/37734",1,0.191526157295159,0.338160093712811,"TXN"
"GO:0010035","response to inorganic substance","1/612","13/37734",1,0.191526157295159,0.338160093712811,"SLC6A1"
"GO:0010762","regulation of fibroblast migration","1/612","13/37734",1,0.191526157295159,0.338160093712811,"PRR5L"
"GO:0010763","positive regulation of fibroblast migration","1/612","13/37734",1,0.191526157295159,0.338160093712811,"MIR145"
"GO:0015693","magnesium ion transport","1/612","13/37734",1,0.191526157295159,0.338160093712811,"MAGT1"
"GO:0017121","plasma membrane phospholipid scrambling","1/612","13/37734",1,0.191526157295159,0.338160093712811,"SLC4A1"
"GO:0030174","regulation of DNA-templated DNA replication initiation","1/612","13/37734",1,0.191526157295159,0.338160093712811,"MCM4"
"GO:0030595","leukocyte chemotaxis","1/612","13/37734",1,0.191526157295159,0.338160093712811,"PF4"
"GO:0032233","positive regulation of actin filament bundle assembly","1/612","13/37734",1,0.191526157295159,0.338160093712811,"SYNPO2"
"GO:0033628","regulation of cell adhesion mediated by integrin","1/612","13/37734",1,0.191526157295159,0.338160093712811,"TESC"
"GO:0035589","G protein-coupled purinergic nucleotide receptor signaling pathway","1/612","13/37734",1,0.191526157295159,0.338160093712811,"GPR171"
"GO:0035810","positive regulation of urine volume","1/612","13/37734",1,0.191526157295159,0.338160093712811,"HAS2"
"GO:0038180","nerve growth factor signaling pathway","1/612","13/37734",1,0.191526157295159,0.338160093712811,"NTF3"
"GO:0042761","very long-chain fatty acid biosynthetic process","1/612","13/37734",1,0.191526157295159,0.338160093712811,"ELOVL4"
"GO:0043403","skeletal muscle tissue regeneration","1/612","13/37734",1,0.191526157295159,0.338160093712811,"SGCA"
"GO:0045667","regulation of osteoblast differentiation","1/612","13/37734",1,0.191526157295159,0.338160093712811,"SMOC1"
"GO:0045953","negative regulation of natural killer cell mediated cytotoxicity","1/612","13/37734",1,0.191526157295159,0.338160093712811,"KLRD1"
"GO:0050732","negative regulation of peptidyl-tyrosine phosphorylation","1/612","13/37734",1,0.191526157295159,0.338160093712811,"NTF3"
"GO:0050790","regulation of catalytic activity","1/612","13/37734",1,0.191526157295159,0.338160093712811,"PRKAG2"
"GO:0051014","actin filament severing","1/612","13/37734",1,0.191526157295159,0.338160093712811,"CAPG"
"GO:0051382","kinetochore assembly","1/612","13/37734",1,0.191526157295159,0.338160093712811,"CENPX"
"GO:0060306","regulation of membrane repolarization","1/612","13/37734",1,0.191526157295159,0.338160093712811,"CASQ2"
"GO:0060322","head development","1/612","13/37734",1,0.191526157295159,0.338160093712811,"STRA6"
"GO:0061029","eyelid development in camera-type eye","1/612","13/37734",1,0.191526157295159,0.338160093712811,"STRA6"
"GO:0071470","cellular response to osmotic stress","1/612","13/37734",1,0.191526157295159,0.338160093712811,"SLC2A4"
"GO:0089718","amino acid import across plasma membrane","1/612","13/37734",1,0.191526157295159,0.338160093712811,"SLC7A8"
"GO:0090043","regulation of tubulin deacetylation","1/612","13/37734",1,0.191526157295159,0.338160093712811,"NEK3"
"GO:1900226","negative regulation of NLRP3 inflammasome complex assembly","1/612","13/37734",1,0.191526157295159,0.338160093712811,"CARD8"
"GO:1903377","negative regulation of oxidative stress-induced neuron intrinsic apoptotic signaling pathway","1/612","13/37734",1,0.191526157295159,0.338160093712811,"PYCR1"
"GO:0007162","negative regulation of cell adhesion","2/612","50/37734",2,0.194526754500874,0.342707243994982,"ANGPT1/ADAM22"
"GO:0042149","cellular response to glucose starvation","2/612","50/37734",2,0.194526754500874,0.342707243994982,"PLIN3/KPTN"
"GO:0030855","epithelial cell differentiation","3/612","94/37734",3,0.196193871643128,0.344707161912517,"UPK1A/VEGFA/CASP6"
"GO:0032869","cellular response to insulin stimulus","3/612","94/37734",3,0.196193871643128,0.344707161912517,"SORBS1/RAB10/SLC2A4"
"GO:0060070","canonical Wnt signaling pathway","3/612","95/37734",3,0.200339479351473,0.344707161912517,"LEF1/WNT4/WNT9A"
"GO:0031334","positive regulation of protein-containing complex assembly","2/612","51/37734",2,0.200432045881725,0.344707161912517,"TAL1/VEGFA"
"GO:0048661","positive regulation of smooth muscle cell proliferation","2/612","51/37734",2,0.200432045881725,0.344707161912517,"RBPMS2/NPY5R"
"GO:0048666","neuron development","2/612","51/37734",2,0.200432045881725,0.344707161912517,"DGKG/MEF2C"
"GO:0003222","ventricular trabecula myocardium morphogenesis","1/612","14/37734",1,0.204643147611836,0.344707161912517,"HEY2"
"GO:0006112","energy reserve metabolic process","1/612","14/37734",1,0.204643147611836,0.344707161912517,"KL"
"GO:0006287","base-excision repair, gap-filling","1/612","14/37734",1,0.204643147611836,0.344707161912517,"FEN1"
"GO:0006536","glutamate metabolic process","1/612","14/37734",1,0.204643147611836,0.344707161912517,"GCLM"
"GO:0006636","unsaturated fatty acid biosynthetic process","1/612","14/37734",1,0.204643147611836,0.344707161912517,"ELOVL4"
"GO:0006750","glutathione biosynthetic process","1/612","14/37734",1,0.204643147611836,0.344707161912517,"GCLM"
"GO:0006790","sulfur compound metabolic process","1/612","14/37734",1,0.204643147611836,0.344707161912517,"GAL3ST3"
"GO:0007625","grooming behavior","1/612","14/37734",1,0.204643147611836,0.344707161912517,"APRT"
"GO:0009395","phospholipid catabolic process","1/612","14/37734",1,0.204643147611836,0.344707161912517,"LIPG"
"GO:0009584","detection of visible light","1/612","14/37734",1,0.204643147611836,0.344707161912517,"ELOVL4"
"GO:0021895","cerebral cortex neuron differentiation","1/612","14/37734",1,0.204643147611836,0.344707161912517,"TOX"
"GO:0030239","myofibril assembly","1/612","14/37734",1,0.204643147611836,0.344707161912517,"MYL9"
"GO:0031529","ruffle organization","1/612","14/37734",1,0.204643147611836,0.344707161912517,"TPM1"
"GO:0032482","Rab protein signal transduction","1/612","14/37734",1,0.204643147611836,0.344707161912517,"RAB9B"
"GO:0035641","locomotory exploration behavior","1/612","14/37734",1,0.204643147611836,0.344707161912517,"ATP1A2"
"GO:0035988","chondrocyte proliferation","1/612","14/37734",1,0.204643147611836,0.344707161912517,"MUSTN1"
"GO:0042325","regulation of phosphorylation","1/612","14/37734",1,0.204643147611836,0.344707161912517,"PPP1R14A"
"GO:0043086","negative regulation of catalytic activity","1/612","14/37734",1,0.204643147611836,0.344707161912517,"PLN"
"GO:0045579","positive regulation of B cell differentiation","1/612","14/37734",1,0.204643147611836,0.344707161912517,"CD27"
"GO:0045580","regulation of T cell differentiation","1/612","14/37734",1,0.204643147611836,0.344707161912517,"TBX21"
"GO:0045745","positive regulation of G protein-coupled receptor signaling pathway","1/612","14/37734",1,0.204643147611836,0.344707161912517,"KLK5"
"GO:0045820","negative regulation of glycolytic process","1/612","14/37734",1,0.204643147611836,0.344707161912517,"IER3"
"GO:0046323","glucose import","1/612","14/37734",1,0.204643147611836,0.344707161912517,"SLC2A4"
"GO:0046339","diacylglycerol metabolic process","1/612","14/37734",1,0.204643147611836,0.344707161912517,"DGKG"
"GO:0046512","sphingosine biosynthetic process","1/612","14/37734",1,0.204643147611836,0.344707161912517,"ACER1"
"GO:0048546","digestive tract morphogenesis","1/612","14/37734",1,0.204643147611836,0.344707161912517,"STRA6"
"GO:0050687","negative regulation of defense response to virus","1/612","14/37734",1,0.204643147611836,0.344707161912517,"PPM1B"
"GO:0060317","cardiac epithelial to mesenchymal transition","1/612","14/37734",1,0.204643147611836,0.344707161912517,"HEY2"
"GO:0060411","cardiac septum morphogenesis","1/612","14/37734",1,0.204643147611836,0.344707161912517,"HEY2"
"GO:0062009","secondary palate development","1/612","14/37734",1,0.204643147611836,0.344707161912517,"LEF1"
"GO:0070306","lens fiber cell differentiation","1/612","14/37734",1,0.204643147611836,0.344707161912517,"SLC7A11"
"GO:0070593","dendrite self-avoidance","1/612","14/37734",1,0.204643147611836,0.344707161912517,"NEXN"
"GO:0097284","hepatocyte apoptotic process","1/612","14/37734",1,0.204643147611836,0.344707161912517,"CASP6"
"GO:0097320","plasma membrane tubulation","1/612","14/37734",1,0.204643147611836,0.344707161912517,"CAVIN2"
"GO:0140052","cellular response to oxidised low-density lipoprotein particle stimulus","1/612","14/37734",1,0.204643147611836,0.344707161912517,"TXNIP"
"GO:1901029","negative regulation of mitochondrial outer membrane permeabilization involved in apoptotic signaling pathway","1/612","14/37734",1,0.204643147611836,0.344707161912517,"IER3"
"GO:0006486","protein glycosylation","2/612","52/37734",2,0.206357938318887,0.346772737124735,"MGAT4A/FUT6"
"GO:0042572","retinol metabolic process","2/612","52/37734",2,0.206357938318887,0.346772737124735,"SDR9C7/CYP27C1"
"GO:0043547","positive regulation of GTPase activity","4/612","144/37734",4,0.206514781414234,0.346772737124735,"RASGRP2/RAB11FIP2/RGL3/RGS6"
"GO:0035278","miRNA-mediated gene silencing by inhibition of translation","3/612","97/37734",3,0.208691760864241,0.349741065790005,"EIF6/MIR145/MIR27A"
"GO:0042981","regulation of apoptotic process","5/612","195/37734",5,0.211160542647286,0.349741065790005,"CARD8/NME1/NTF3/TRAF5/FANK1"
"GO:0001837","epithelial to mesenchymal transition","2/612","53/37734",2,0.212302214823914,0.349741065790005,"LEF1/WNT4"
"GO:0007193","adenylate cyclase-inhibiting G protein-coupled receptor signaling pathway","2/612","53/37734",2,0.212302214823914,0.349741065790005,"NPY1R/PSAPL1"
"GO:0030218","erythrocyte differentiation","2/612","53/37734",2,0.212302214823914,0.349741065790005,"KLF1/TAL1"
"GO:0043124","negative regulation of canonical NF-kappaB signal transduction","2/612","53/37734",2,0.212302214823914,0.349741065790005,"CARD8/PPM1B"
"GO:0045471","response to ethanol","3/612","98/37734",3,0.212896767695645,0.349741065790005,"PRKCB/SLC2A4/CD27"
"GO:0007204","positive regulation of cytosolic calcium ion concentration","4/612","146/37734",4,0.213261004337393,0.349741065790005,"ADRA1D/ADRA1A/PRKG1/PTGDR"
"GO:0043123","positive regulation of canonical NF-kappaB signal transduction","5/612","196/37734",5,0.214049630175337,0.349741065790005,"ECM1/TRIM58/PRKCB/TRAF5/APOL3"
"GO:0000028","ribosomal small subunit assembly","1/612","15/37734",1,0.217547664941145,0.349741065790005,"RPSA2"
"GO:0002687","positive regulation of leukocyte migration","1/612","15/37734",1,0.217547664941145,0.349741065790005,"VEGFA"
"GO:0006491","N-glycan processing","1/612","15/37734",1,0.217547664941145,0.349741065790005,"MGAT4A"
"GO:0006744","ubiquinone biosynthetic process","1/612","15/37734",1,0.217547664941145,0.349741065790005,"FDXR"
"GO:0006754","ATP biosynthetic process","1/612","15/37734",1,0.217547664941145,0.349741065790005,"PRKAG2"
"GO:0006895","Golgi to endosome transport","1/612","15/37734",1,0.217547664941145,0.349741065790005,"VPS13C"
"GO:0008206","bile acid metabolic process","1/612","15/37734",1,0.217547664941145,0.349741065790005,"NR5A2"
"GO:0008610","lipid biosynthetic process","1/612","15/37734",1,0.217547664941145,0.349741065790005,"DOLPP1"
"GO:0009058","biosynthetic process","1/612","15/37734",1,0.217547664941145,0.349741065790005,"PBLD"
"GO:0010838","positive regulation of keratinocyte proliferation","1/612","15/37734",1,0.217547664941145,0.349741065790005,"HAS2"
"GO:0014898","cardiac muscle hypertrophy in response to stress","1/612","15/37734",1,0.217547664941145,0.349741065790005,"HEY2"
"GO:0030031","cell projection assembly","1/612","15/37734",1,0.217547664941145,0.349741065790005,"CAPG"
"GO:0032688","negative regulation of interferon-beta production","1/612","15/37734",1,0.217547664941145,0.349741065790005,"PPM1B"
"GO:0035729","cellular response to hepatocyte growth factor stimulus","1/612","15/37734",1,0.217547664941145,0.349741065790005,"GCLM"
"GO:0040008","regulation of growth","1/612","15/37734",1,0.217547664941145,0.349741065790005,"PRKCB"
"GO:0044849","estrous cycle","1/612","15/37734",1,0.217547664941145,0.349741065790005,"HAS2"
"GO:0045725","positive regulation of glycogen biosynthetic process","1/612","15/37734",1,0.217547664941145,0.349741065790005,"SORBS1"
"GO:0050427","3'-phosphoadenosine 5'-phosphosulfate metabolic process","1/612","15/37734",1,0.217547664941145,0.349741065790005,"BPNT1"
"GO:0050773","regulation of dendrite development","1/612","15/37734",1,0.217547664941145,0.349741065790005,"DGKG"
"GO:0050848","regulation of calcium-mediated signaling","1/612","15/37734",1,0.217547664941145,0.349741065790005,"JPT2"
"GO:0051963","regulation of synapse assembly","1/612","15/37734",1,0.217547664941145,0.349741065790005,"MEF2C"
"GO:0055093","response to hyperoxia","1/612","15/37734",1,0.217547664941145,0.349741065790005,"KCNA5"
"GO:0060347","heart trabecula formation","1/612","15/37734",1,0.217547664941145,0.349741065790005,"HEY2"
"GO:0061462","protein localization to lysosome","1/612","15/37734",1,0.217547664941145,0.349741065790005,"KPTN"
"GO:0090162","establishment of epithelial cell polarity","1/612","15/37734",1,0.217547664941145,0.349741065790005,"FERMT1"
"GO:0097049","motor neuron apoptotic process","1/612","15/37734",1,0.217547664941145,0.349741065790005,"ADARB1"
"GO:0097623","potassium ion export across plasma membrane","1/612","15/37734",1,0.217547664941145,0.349741065790005,"KCNA5"
"GO:0099509","regulation of presynaptic cytosolic calcium ion concentration","1/612","15/37734",1,0.217547664941145,0.349741065790005,"P2RX1"
"GO:1900029","positive regulation of ruffle assembly","1/612","15/37734",1,0.217547664941145,0.349741065790005,"EPS8L1"
"GO:1903826","L-arginine transmembrane transport","1/612","15/37734",1,0.217547664941145,0.349741065790005,"SLC25A2"
"GO:1903830","magnesium ion transmembrane transport","1/612","15/37734",1,0.217547664941145,0.349741065790005,"MAGT1"
"GO:2000573","positive regulation of DNA biosynthetic process","1/612","15/37734",1,0.217547664941145,0.349741065790005,"SMOC2"
"GO:2001256","regulation of store-operated calcium entry","1/612","15/37734",1,0.217547664941145,0.349741065790005,"STC2"
"GO:0008543","fibroblast growth factor receptor signaling pathway","2/612","54/37734",2,0.218262724680363,0.349741065790005,"WNT4/KL"
"GO:0033674","positive regulation of kinase activity","2/612","54/37734",2,0.218262724680363,0.349741065790005,"NTRK3/TYRO3"
"GO:0042472","inner ear morphogenesis","2/612","54/37734",2,0.218262724680363,0.349741065790005,"USH1G/ITGA8"
"GO:0120009","intermembrane lipid transfer","2/612","54/37734",2,0.218262724680363,0.349741065790005,"TRIAP1/TSPO"
"GO:0051091","positive regulation of DNA-binding transcription factor activity","3/612","100/37734",3,0.221360398076739,0.353815014732503,"TRAF5/ARHGEF5/FANK1"
"GO:0006469","negative regulation of protein kinase activity","2/612","55/37734",2,0.224237381883246,0.353815014732503,"PRKAG2/DBNDD1"
"GO:0120162","positive regulation of cold-induced thermogenesis","3/612","101/37734",3,0.225617397214857,0.353815014732503,"YBX2/PRDM16/VEGFA"
"GO:0007605","sensory perception of sound","4/612","150/37734",4,0.226931206343105,0.353815014732503,"USH1G/TIMM8B/ASIC2/ATP2B2"
"GO:0001701","in utero embryonic development","5/612","201/37734",5,0.228677433667506,0.353815014732503,"ENDOG/ANGPT1/PSPH/VEGFA/ARNT2"
"GO:0007254","JNK cascade","2/612","56/37734",2,0.230224163611524,0.353815014732503,"SH2D3C/ARHGEF6"
"GO:0048167","regulation of synaptic plasticity","2/612","56/37734",2,0.230224163611524,0.353815014732503,"GIPC1/MEF2C"
"GO:0002476","antigen processing and presentation of endogenous peptide antigen via MHC class Ib","1/612","16/37734",1,0.230243145443173,0.353815014732503,"ULBP3"
"GO:0002486","antigen processing and presentation of endogenous peptide antigen via MHC class I via ER pathway, TAP-independent","1/612","16/37734",1,0.230243145443173,0.353815014732503,"ULBP3"
"GO:0003161","cardiac conduction system development","1/612","16/37734",1,0.230243145443173,0.353815014732503,"HEY2"
"GO:0006488","dolichol-linked oligosaccharide biosynthetic process","1/612","16/37734",1,0.230243145443173,0.353815014732503,"MPDU1"
"GO:0006878","intracellular copper ion homeostasis","1/612","16/37734",1,0.230243145443173,0.353815014732503,"SLC31A1"
"GO:0007017","microtubule-based process","1/612","16/37734",1,0.230243145443173,0.353815014732503,"TUBA1C"
"GO:0010273","detoxification of copper ion","1/612","16/37734",1,0.230243145443173,0.353815014732503,"MT1G"
"GO:0010288","response to lead ion","1/612","16/37734",1,0.230243145443173,0.353815014732503,"SLC6A1"
"GO:0010832","negative regulation of myotube differentiation","1/612","16/37734",1,0.230243145443173,0.353815014732503,"CCN3"
"GO:0015918","sterol transport","1/612","16/37734",1,0.230243145443173,0.353815014732503,"TSPO"
"GO:0016575","histone deacetylation","1/612","16/37734",1,0.230243145443173,0.353815014732503,"SIRT4"
"GO:0021756","striatum development","1/612","16/37734",1,0.230243145443173,0.353815014732503,"SLC7A11"
"GO:0022011","myelination in peripheral nervous system","1/612","16/37734",1,0.230243145443173,0.353815014732503,"POU3F1"
"GO:0030277","maintenance of gastrointestinal epithelium","1/612","16/37734",1,0.230243145443173,0.353815014732503,"PBLD"
"GO:0030330","DNA damage response, signal transduction by p53 class mediator","1/612","16/37734",1,0.230243145443173,0.353815014732503,"TRIAP1"
"GO:0033630","positive regulation of cell adhesion mediated by integrin","1/612","16/37734",1,0.230243145443173,0.353815014732503,"FERMT1"
"GO:0034375","high-density lipoprotein particle remodeling","1/612","16/37734",1,0.230243145443173,0.353815014732503,"LIPG"
"GO:0035418","protein localization to synapse","1/612","16/37734",1,0.230243145443173,0.353815014732503,"ASIC2"
"GO:0038084","vascular endothelial growth factor signaling pathway","1/612","16/37734",1,0.230243145443173,0.353815014732503,"VEGFA"
"GO:0042059","negative regulation of epidermal growth factor receptor signaling pathway","1/612","16/37734",1,0.230243145443173,0.353815014732503,"ITGA1"
"GO:0042445","hormone metabolic process","1/612","16/37734",1,0.230243145443173,0.353815014732503,"WNT4"
"GO:0043647","inositol phosphate metabolic process","1/612","16/37734",1,0.230243145443173,0.353815014732503,"INPP4B"
"GO:0045019","negative regulation of nitric oxide biosynthetic process","1/612","16/37734",1,0.230243145443173,0.353815014732503,"TSPO"
"GO:0046325","negative regulation of glucose import","1/612","16/37734",1,0.230243145443173,0.353815014732503,"MIR143"
"GO:0046785","microtubule polymerization","1/612","16/37734",1,0.230243145443173,0.353815014732503,"TPPP3"
"GO:0048143","astrocyte activation","1/612","16/37734",1,0.230243145443173,0.353815014732503,"ZEB2"
"GO:0048266","behavioral response to pain","1/612","16/37734",1,0.230243145443173,0.353815014732503,"TSPO"
"GO:0048566","embryonic digestive tract development","1/612","16/37734",1,0.230243145443173,0.353815014732503,"STRA6"
"GO:0051258","protein polymerization","1/612","16/37734",1,0.230243145443173,0.353815014732503,"CASQ2"
"GO:0051298","centrosome duplication","1/612","16/37734",1,0.230243145443173,0.353815014732503,"SAC3D1"
"GO:0051930","regulation of sensory perception of pain","1/612","16/37734",1,0.230243145443173,0.353815014732503,"GPR171"
"GO:0070131","positive regulation of mitochondrial translation","1/612","16/37734",1,0.230243145443173,0.353815014732503,"METTL8"
"GO:0070266","necroptotic process","1/612","16/37734",1,0.230243145443173,0.353815014732503,"PPIF"
"GO:0071375","cellular response to peptide hormone stimulus","1/612","16/37734",1,0.230243145443173,0.353815014732503,"CYP11A1"
"GO:0071383","cellular response to steroid hormone stimulus","1/612","16/37734",1,0.230243145443173,0.353815014732503,"ATP1A2"
"GO:0086005","ventricular cardiac muscle cell action potential","1/612","16/37734",1,0.230243145443173,0.353815014732503,"RYR2"
"GO:0007266","Rho protein signal transduction","2/612","57/37734",2,0.236221108733016,0.360299767323426,"RHOD/EPS8L1"
"GO:0014070","response to organic cyclic compound","2/612","57/37734",2,0.236221108733016,0.360299767323426,"SLC7A11/SRR"
"GO:0090398","cellular senescence","2/612","57/37734",2,0.236221108733016,0.360299767323426,"H2AX/ECRG4"
"GO:0022008","neurogenesis","2/612","58/37734",2,0.242226316341031,0.360299767323426,"TRAK2/PRDM6"
"GO:0000956","nuclear-transcribed mRNA catabolic process","1/612","17/37734",1,0.242732969797296,0.360299767323426,"MRTO4"
"GO:0002063","chondrocyte development","1/612","17/37734",1,0.242732969797296,0.360299767323426,"ECM1"
"GO:0002076","osteoblast development","1/612","17/37734",1,0.242732969797296,0.360299767323426,"PTHLH"
"GO:0015711","organic anion transport","1/612","17/37734",1,0.242732969797296,0.360299767323426,"ABCG2"
"GO:0030502","negative regulation of bone mineralization","1/612","17/37734",1,0.242732969797296,0.360299767323426,"ECM1"
"GO:0031573","mitotic intra-S DNA damage checkpoint signaling","1/612","17/37734",1,0.242732969797296,0.360299767323426,"EME1"
"GO:0033198","response to ATP","1/612","17/37734",1,0.242732969797296,0.360299767323426,"P2RX1"
"GO:0034122","negative regulation of toll-like receptor signaling pathway","1/612","17/37734",1,0.242732969797296,0.360299767323426,"TYRO3"
"GO:0035162","embryonic hemopoiesis","1/612","17/37734",1,0.242732969797296,0.360299767323426,"TAL1"
"GO:0035640","exploration behavior","1/612","17/37734",1,0.242732969797296,0.360299767323426,"AGTR2"
"GO:0043129","surfactant homeostasis","1/612","17/37734",1,0.242732969797296,0.360299767323426,"VEGFA"
"GO:0043249","erythrocyte maturation","1/612","17/37734",1,0.242732969797296,0.360299767323426,"TAL1"
"GO:0043691","reverse cholesterol transport","1/612","17/37734",1,0.242732969797296,0.360299767323426,"LIPG"
"GO:0043923","positive regulation by host of viral transcription","1/612","17/37734",1,0.242732969797296,0.360299767323426,"LEF1"
"GO:0044342","type B pancreatic cell proliferation","1/612","17/37734",1,0.242732969797296,0.360299767323426,"CCN3"
"GO:0045638","negative regulation of myeloid cell differentiation","1/612","17/37734",1,0.242732969797296,0.360299767323426,"GPR171"
"GO:0045910","negative regulation of DNA recombination","1/612","17/37734",1,0.242732969797296,0.360299767323426,"H1-9P"
"GO:0045926","negative regulation of growth","1/612","17/37734",1,0.242732969797296,0.360299767323426,"MT1G"
"GO:0045987","positive regulation of smooth muscle contraction","1/612","17/37734",1,0.242732969797296,0.360299767323426,"ADRA1A"
"GO:0046596","regulation of viral entry into host cell","1/612","17/37734",1,0.242732969797296,0.360299767323426,"TRIM58"
"GO:0047496","vesicle transport along microtubule","1/612","17/37734",1,0.242732969797296,0.360299767323426,"TRAK2"
"GO:0048545","response to steroid hormone","1/612","17/37734",1,0.242732969797296,0.360299767323426,"PAQR7"
"GO:0048557","embryonic digestive tract morphogenesis","1/612","17/37734",1,0.242732969797296,0.360299767323426,"RBPMS2"
"GO:0051000","positive regulation of nitric-oxide synthase activity","1/612","17/37734",1,0.242732969797296,0.360299767323426,"AGTR2"
"GO:0055078","sodium ion homeostasis","1/612","17/37734",1,0.242732969797296,0.360299767323426,"SCNN1A"
"GO:0060122","inner ear receptor cell stereocilium organization","1/612","17/37734",1,0.242732969797296,0.360299767323426,"USH1G"
"GO:0060216","definitive hemopoiesis","1/612","17/37734",1,0.242732969797296,0.360299767323426,"TAL1"
"GO:0060384","innervation","1/612","17/37734",1,0.242732969797296,0.360299767323426,"ADARB1"
"GO:0060749","mammary gland alveolus development","1/612","17/37734",1,0.242732969797296,0.360299767323426,"VEGFA"
"GO:0061036","positive regulation of cartilage development","1/612","17/37734",1,0.242732969797296,0.360299767323426,"SOX5"
"GO:0061045","negative regulation of wound healing","1/612","17/37734",1,0.242732969797296,0.360299767323426,"WNT4"
"GO:0080009","mRNA methylation","1/612","17/37734",1,0.242732969797296,0.360299767323426,"METTL8"
"GO:1904355","positive regulation of telomere capping","1/612","17/37734",1,0.242732969797296,0.360299767323426,"MAPK15"
"GO:0007612","learning","2/612","59/37734",2,0.24823794432214,0.367793718977288,"PRKAR2B/STRA6"
"GO:0051965","positive regulation of synapse assembly","2/612","59/37734",2,0.24823794432214,0.367793718977288,"AMIGO2/ASIC2"
"GO:0009749","response to glucose","2/612","60/37734",2,0.254254207954415,0.370687996504598,"TXNIP/PRKCB"
"GO:0003091","renal water homeostasis","1/612","18/37734",1,0.255020464096526,0.370687996504598,"PRKACB"
"GO:0006024","glycosaminoglycan biosynthetic process","1/612","18/37734",1,0.255020464096526,0.370687996504598,"HAS1"
"GO:0006810","transport","1/612","18/37734",1,0.255020464096526,0.370687996504598,"TMEM184A"
"GO:0006977","DNA damage response, signal transduction by p53 class mediator resulting in cell cycle arrest","1/612","18/37734",1,0.255020464096526,0.370687996504598,"TRIAP1"
"GO:0007154","cell communication","1/612","18/37734",1,0.255020464096526,0.370687996504598,"KREMEN1"
"GO:0019433","triglyceride catabolic process","1/612","18/37734",1,0.255020464096526,0.370687996504598,"LIPG"
"GO:0030949","positive regulation of vascular endothelial growth factor receptor signaling pathway","1/612","18/37734",1,0.255020464096526,0.370687996504598,"PRKCB"
"GO:0035970","peptidyl-threonine dephosphorylation","1/612","18/37734",1,0.255020464096526,0.370687996504598,"PPM1B"
"GO:0042157","lipoprotein metabolic process","1/612","18/37734",1,0.255020464096526,0.370687996504598,"APOL3"
"GO:0042462","eye photoreceptor cell development","1/612","18/37734",1,0.255020464096526,0.370687996504598,"VEGFA"
"GO:0042574","retinal metabolic process","1/612","18/37734",1,0.255020464096526,0.370687996504598,"CYP27C1"
"GO:0042953","lipoprotein transport","1/612","18/37734",1,0.255020464096526,0.370687996504598,"PRKCB"
"GO:0045104","intermediate filament cytoskeleton organization","1/612","18/37734",1,0.255020464096526,0.370687996504598,"PPL"
"GO:0048593","camera-type eye morphogenesis","1/612","18/37734",1,0.255020464096526,0.370687996504598,"VEGFA"
"GO:0050678","regulation of epithelial cell proliferation","1/612","18/37734",1,0.255020464096526,0.370687996504598,"PGR"
"GO:0050868","negative regulation of T cell activation","1/612","18/37734",1,0.255020464096526,0.370687996504598,"MIR27A"
"GO:0060135","maternal process involved in female pregnancy","1/612","18/37734",1,0.255020464096526,0.370687996504598,"KLF1"
"GO:0071318","cellular response to ATP","1/612","18/37734",1,0.255020464096526,0.370687996504598,"RYR3"
"GO:2000179","positive regulation of neural precursor cell proliferation","1/612","18/37734",1,0.255020464096526,0.370687996504598,"TOX"
"GO:2000649","regulation of sodium ion transmembrane transporter activity","1/612","18/37734",1,0.255020464096526,0.370687996504598,"UTRN"
"GO:0006805","xenobiotic metabolic process","3/612","108/37734",3,0.255812680472642,0.37150454137108,"ALDH3A1/ABCB1/CBR3"
"GO:1902476","chloride transmembrane transport","3/612","110/37734",3,0.264544297258559,0.380706938967898,"SLC4A1/SLC6A1/BEST1"
"GO:0016197","endosomal transport","2/612","62/37734",2,0.266293782040392,0.380706938967898,"RAB10/RASSF9"
"GO:0001502","cartilage condensation","1/612","19/37734",1,0.267108900727477,0.380706938967898,"SOX5"
"GO:0001508","action potential","1/612","19/37734",1,0.267108900727477,0.380706938967898,"GNA15"
"GO:0003094","glomerular filtration","1/612","19/37734",1,0.267108900727477,0.380706938967898,"MCAM"
"GO:0010744","positive regulation of macrophage derived foam cell differentiation","1/612","19/37734",1,0.267108900727477,0.380706938967898,"PF4"
"GO:0010761","fibroblast migration","1/612","19/37734",1,0.267108900727477,0.380706938967898,"CCN3"
"GO:0010996","response to auditory stimulus","1/612","19/37734",1,0.267108900727477,0.380706938967898,"ATP1A2"
"GO:0015813","L-glutamate transmembrane transport","1/612","19/37734",1,0.267108900727477,0.380706938967898,"SLC7A11"
"GO:0030261","chromosome condensation","1/612","19/37734",1,0.267108900727477,0.380706938967898,"H1-9P"
"GO:0035338","long-chain fatty-acyl-CoA biosynthetic process","1/612","19/37734",1,0.267108900727477,0.380706938967898,"ELOVL4"
"GO:0035994","response to muscle stretch","1/612","19/37734",1,0.267108900727477,0.380706938967898,"RYR2"
"GO:0036503","ERAD pathway","1/612","19/37734",1,0.267108900727477,0.380706938967898,"SEL1L2"
"GO:0043277","apoptotic cell clearance","1/612","19/37734",1,0.267108900727477,0.380706938967898,"TYRO3"
"GO:0046677","response to antibiotic","1/612","19/37734",1,0.267108900727477,0.380706938967898,"ENDOG"
"GO:0060716","labyrinthine layer blood vessel development","1/612","19/37734",1,0.267108900727477,0.380706938967898,"HEY2"
"GO:0071168","protein localization to chromatin","1/612","19/37734",1,0.267108900727477,0.380706938967898,"LEF1"
"GO:1903232","melanosome assembly","1/612","19/37734",1,0.267108900727477,0.380706938967898,"AP1S3"
"GO:1904019","epithelial cell apoptotic process","1/612","19/37734",1,0.267108900727477,0.380706938967898,"LEF1"
"GO:2000774","positive regulation of cellular senescence","1/612","19/37734",1,0.267108900727477,0.380706938967898,"YPEL3"
"GO:2000786","positive regulation of autophagosome assembly","1/612","19/37734",1,0.267108900727477,0.380706938967898,"PIP4K2A"
"GO:0070374","positive regulation of ERK1 and ERK2 cascade","5/612","214/37734",5,0.267941793205586,0.381556687851065,"ADRA1A/ANGPT1/MIR27A/NPY5R/ACTA2"
"GO:0006979","response to oxidative stress","3/612","111/37734",3,0.268923791657723,0.38256384320427,"RBPMS/GCLM/STC2"
"GO:0001666","response to hypoxia","4/612","162/37734",4,0.269123696149902,0.38256384320427,"KCNA5/RYR2/VEGFA/ARNT2"
"GO:0002931","response to ischemia","2/612","63/37734",2,0.272313797806819,0.386757570100962,"PPIF/MEF2C"
"GO:0009617","response to bacterium","3/612","112/37734",3,0.27331145254144,0.387491698765876,"MACROD2/GPM6A/C15orf48"
"GO:0034220","monoatomic ion transmembrane transport","3/612","112/37734",3,0.27331145254144,0.387491698765876,"NALCN/ATP2B2/BEST1"
"GO:0007416","synapse assembly","2/612","64/37734",2,0.278331857250222,0.39040834788948,"GPM6A/ASIC2"
"GO:0008585","female gonad development","1/612","20/37734",1,0.279001499236154,0.39040834788948,"WNT4"
"GO:0010880","regulation of release of sequestered calcium ion into cytosol by sarcoplasmic reticulum","1/612","20/37734",1,0.279001499236154,0.39040834788948,"CASQ2"
"GO:0021591","ventricular system development","1/612","20/37734",1,0.279001499236154,0.39040834788948,"SLC7A11"
"GO:0021675","nerve development","1/612","20/37734",1,0.279001499236154,0.39040834788948,"NTF3"
"GO:0030500","regulation of bone mineralization","1/612","20/37734",1,0.279001499236154,0.39040834788948,"ECM1"
"GO:0032402","melanosome transport","1/612","20/37734",1,0.279001499236154,0.39040834788948,"MREG"
"GO:0042246","tissue regeneration","1/612","20/37734",1,0.279001499236154,0.39040834788948,"MUSTN1"
"GO:0043032","positive regulation of macrophage activation","1/612","20/37734",1,0.279001499236154,0.39040834788948,"MIR145"
"GO:0043392","negative regulation of DNA binding","1/612","20/37734",1,0.279001499236154,0.39040834788948,"LEF1"
"GO:0051016","barbed-end actin filament capping","1/612","20/37734",1,0.279001499236154,0.39040834788948,"CAPG"
"GO:0055075","potassium ion homeostasis","1/612","20/37734",1,0.279001499236154,0.39040834788948,"KCNA5"
"GO:0060252","positive regulation of glial cell proliferation","1/612","20/37734",1,0.279001499236154,0.39040834788948,"TSPO"
"GO:2000311","regulation of AMPA receptor activity","1/612","20/37734",1,0.279001499236154,0.39040834788948,"MEF2C"
"GO:2000647","negative regulation of stem cell proliferation","1/612","20/37734",1,0.279001499236154,0.39040834788948,"FERMT1"
"GO:0000165","MAPK cascade","3/612","114/37734",3,0.282108456051092,0.394413556942204,"ADRA1A/MAPK15/MEF2C"
"GO:0050679","positive regulation of epithelial cell proliferation","2/612","65/37734",2,0.284346442605181,0.396854082666279,"NME1/VEGFA"
"GO:0097190","apoptotic signaling pathway","2/612","65/37734",2,0.284346442605181,0.396854082666279,"PDE3A/WNT4"
"GO:0006364","rRNA processing","3/612","115/37734",3,0.286516412952904,0.398478486916558,"MRTO4/WDR74/RRP9"
"GO:0010976","positive regulation of neuron projection development","3/612","115/37734",3,0.286516412952904,0.398478486916558,"ATP1B2/NTRK3/TOX"
"GO:0006909","phagocytosis","2/612","66/37734",2,0.290356085694289,0.398478486916558,"RAB11FIP2/TYRO3"
"GO:0016311","dephosphorylation","2/612","66/37734",2,0.290356085694289,0.398478486916558,"DUSP4/PSPH"
"GO:0035279","miRNA-mediated gene silencing by mRNA destabilization","2/612","66/37734",2,0.290356085694289,0.398478486916558,"MIR145/MIR27A"
"GO:0071466","cellular response to xenobiotic stimulus","2/612","66/37734",2,0.290356085694289,0.398478486916558,"ASIC2/MEF2C"
"GO:0002042","cell migration involved in sprouting angiogenesis","1/612","21/37734",1,0.290701427179821,0.398478486916558,"VEGFA"
"GO:0006268","DNA unwinding involved in DNA replication","1/612","21/37734",1,0.290701427179821,0.398478486916558,"MCM4"
"GO:0006541","glutamine metabolic process","1/612","21/37734",1,0.290701427179821,0.398478486916558,"SIRT4"
"GO:0008154","actin polymerization or depolymerization","1/612","21/37734",1,0.290701427179821,0.398478486916558,"CAPG"
"GO:0009948","anterior/posterior axis specification","1/612","21/37734",1,0.290701427179821,0.398478486916558,"HEY2"
"GO:0014911","positive regulation of smooth muscle cell migration","1/612","21/37734",1,0.290701427179821,0.398478486916558,"HAS2"
"GO:0015804","neutral amino acid transport","1/612","21/37734",1,0.290701427179821,0.398478486916558,"SLC7A8"
"GO:0016079","synaptic vesicle exocytosis","1/612","21/37734",1,0.290701427179821,0.398478486916558,"CPLX1"
"GO:0043523","regulation of neuron apoptotic process","1/612","21/37734",1,0.290701427179821,0.398478486916558,"MEF2C"
"GO:0046628","positive regulation of insulin receptor signaling pathway","1/612","21/37734",1,0.290701427179821,0.398478486916558,"SORBS1"
"GO:0055117","regulation of cardiac muscle contraction","1/612","21/37734",1,0.290701427179821,0.398478486916558,"RYR2"
"GO:0060218","hematopoietic stem cell differentiation","1/612","21/37734",1,0.290701427179821,0.398478486916558,"TAL1"
"GO:0071711","basement membrane organization","1/612","21/37734",1,0.290701427179821,0.398478486916558,"FERMT1"
"GO:1903779","regulation of cardiac conduction","1/612","21/37734",1,0.290701427179821,0.398478486916558,"ATP2B2"
"GO:2000010","positive regulation of protein localization to cell surface","1/612","21/37734",1,0.290701427179821,0.398478486916558,"CD247"
"GO:0071300","cellular response to retinoic acid","2/612","67/37734",2,0.296359366723422,0.405888954255017,"TESC/WNT9A"
"GO:0007411","axon guidance","4/612","170/37734",4,0.297976323839075,0.407181386735102,"TUBB3/SEMA4B/PLEKHG4/NEXN"
"GO:0030308","negative regulation of cell growth","3/612","118/37734",3,0.299769986439607,0.407181386735102,"AGTR2/CCN3/CDA"
"GO:0051897","positive regulation of phosphatidylinositol 3-kinase/protein kinase B signal transduction","4/612","171/37734",4,0.301611219004008,0.407181386735102,"ANGPT1/MIR143/NTRK3/TXN"
"GO:0023019","signal transduction involved in regulation of gene expression","1/612","22/37734",1,0.302211800965146,0.407181386735102,"TRAF5"
"GO:0030879","mammary gland development","1/612","22/37734",1,0.302211800965146,0.407181386735102,"LEF1"
"GO:0031145","anaphase-promoting complex-dependent catabolic process","1/612","22/37734",1,0.302211800965146,0.407181386735102,"ECRG4"
"GO:0035584","calcium-mediated signaling using intracellular calcium source","1/612","22/37734",1,0.302211800965146,0.407181386735102,"RYR2"
"GO:0036092","phosphatidylinositol-3-phosphate biosynthetic process","1/612","22/37734",1,0.302211800965146,0.407181386735102,"INPP4B"
"GO:0040037","negative regulation of fibroblast growth factor receptor signaling pathway","1/612","22/37734",1,0.302211800965146,0.407181386735102,"WNT4"
"GO:0043113","receptor clustering","1/612","22/37734",1,0.302211800965146,0.407181386735102,"PIGR"
"GO:0043473","pigmentation","1/612","22/37734",1,0.302211800965146,0.407181386735102,"KRT76"
"GO:0048821","erythrocyte development","1/612","22/37734",1,0.302211800965146,0.407181386735102,"SLC4A1"
"GO:0050908","detection of light stimulus involved in visual perception","1/612","22/37734",1,0.302211800965146,0.407181386735102,"BEST1"
"GO:0051131","chaperone-mediated protein complex assembly","1/612","22/37734",1,0.302211800965146,0.407181386735102,"PSMG1"
"GO:0090316","positive regulation of intracellular protein transport","1/612","22/37734",1,0.302211800965146,0.407181386735102,"PRR5L"
"GO:0097194","execution phase of apoptosis","1/612","22/37734",1,0.302211800965146,0.407181386735102,"CASP6"
"GO:1900273","positive regulation of long-term synaptic potentiation","1/612","22/37734",1,0.302211800965146,0.407181386735102,"PDE9A"
"GO:0051898","negative regulation of phosphatidylinositol 3-kinase/protein kinase B signal transduction","2/612","68/37734",2,0.302354913102926,0.407181386735102,"PHLDA3/MIR145"
"GO:0060079","excitatory postsynaptic potential","2/612","68/37734",2,0.302354913102926,0.407181386735102,"MEF2C/P2RX1"
"GO:0070098","chemokine-mediated signaling pathway","2/612","68/37734",2,0.302354913102926,0.407181386735102,"PF4/PPBP"
"GO:0006897","endocytosis","4/612","174/37734",4,0.312544555092529,0.417012810987337,"NOSTRIN/NME1/ENDOU/RIN1"
"GO:0001556","oocyte maturation","1/612","23/37734",1,0.313535686672861,0.417012810987337,"PDE3A"
"GO:0002223","stimulatory C-type lectin receptor signaling pathway","1/612","23/37734",1,0.313535686672861,0.417012810987337,"KLRD1"
"GO:0006259","DNA metabolic process","1/612","23/37734",1,0.313535686672861,0.417012810987337,"NME1"
"GO:0006672","ceramide metabolic process","1/612","23/37734",1,0.313535686672861,0.417012810987337,"FUT6"
"GO:0007020","microtubule nucleation","1/612","23/37734",1,0.313535686672861,0.417012810987337,"HAUS2"
"GO:0009311","oligosaccharide metabolic process","1/612","23/37734",1,0.313535686672861,0.417012810987337,"GAL3ST3"
"GO:0009792","embryo development ending in birth or egg hatching","1/612","23/37734",1,0.313535686672861,0.417012810987337,"NR5A2"
"GO:0021542","dentate gyrus development","1/612","23/37734",1,0.313535686672861,0.417012810987337,"LEF1"
"GO:0040014","regulation of multicellular organism growth","1/612","23/37734",1,0.313535686672861,0.417012810987337,"NPY1R"
"GO:0043069","negative regulation of programmed cell death","1/612","23/37734",1,0.313535686672861,0.417012810987337,"AMIGO2"
"GO:0048589","developmental growth","1/612","23/37734",1,0.313535686672861,0.417012810987337,"STRA6"
"GO:0051896","regulation of phosphatidylinositol 3-kinase/protein kinase B signal transduction","1/612","23/37734",1,0.313535686672861,0.417012810987337,"NTRK3"
"GO:0070498","interleukin-1-mediated signaling pathway","1/612","23/37734",1,0.313535686672861,0.417012810987337,"IL1RL2"
"GO:0071577","zinc ion transmembrane transport","1/612","23/37734",1,0.313535686672861,0.417012810987337,"SLC39A2"
"GO:0032922","circadian regulation of gene expression","2/612","70/37734",2,0.314317540681333,0.417708059009324,"CIART/BMAL2"
"GO:0001938","positive regulation of endothelial cell proliferation","2/612","71/37734",2,0.320282102466709,0.424933949939371,"ECM1/VEGFA"
"GO:0042060","wound healing","2/612","71/37734",2,0.320282102466709,0.424933949939371,"PPL/TPM1"
"GO:0006783","heme biosynthetic process","1/612","24/37734",1,0.324676100869149,0.425856692108273,"TSPO"
"GO:0008361","regulation of cell size","1/612","24/37734",1,0.324676100869149,0.425856692108273,"IL7R"
"GO:0010839","negative regulation of keratinocyte proliferation","1/612","24/37734",1,0.324676100869149,0.425856692108273,"SLURP1"
"GO:0014850","response to muscle activity","1/612","24/37734",1,0.324676100869149,0.425856692108273,"RYR2"
"GO:0018279","protein N-linked glycosylation via asparagine","1/612","24/37734",1,0.324676100869149,0.425856692108273,"MAGT1"
"GO:0019882","antigen processing and presentation","1/612","24/37734",1,0.324676100869149,0.425856692108273,"RAB10"
"GO:0043303","mast cell degranulation","1/612","24/37734",1,0.324676100869149,0.425856692108273,"PTGDR"
"GO:0045216","cell-cell junction organization","1/612","24/37734",1,0.324676100869149,0.425856692108273,"OCLN"
"GO:0046716","muscle cell cellular homeostasis","1/612","24/37734",1,0.324676100869149,0.425856692108273,"PLN"
"GO:0050900","leukocyte migration","1/612","24/37734",1,0.324676100869149,0.425856692108273,"ITGA7"
"GO:0055010","ventricular cardiac muscle tissue morphogenesis","1/612","24/37734",1,0.324676100869149,0.425856692108273,"TPM1"
"GO:0060038","cardiac muscle cell proliferation","1/612","24/37734",1,0.324676100869149,0.425856692108273,"HEY2"
"GO:0071353","cellular response to interleukin-4","1/612","24/37734",1,0.324676100869149,0.425856692108273,"LEF1"
"GO:0099560","synaptic membrane adhesion","1/612","24/37734",1,0.324676100869149,0.425856692108273,"LRFN4"
"GO:0060326","cell chemotaxis","2/612","72/37734",2,0.32623388859109,0.427204734694425,"CCN3/LEF1"
"GO:0061844","antimicrobial humoral immune response mediated by antimicrobial peptide","2/612","72/37734",2,0.32623388859109,0.427204734694425,"PF4/PPBP"
"GO:0000413","protein peptidyl-prolyl isomerization","1/612","25/37734",1,0.335636011403969,0.434923834713182,"PPIF"
"GO:0001678","intracellular glucose homeostasis","1/612","25/37734",1,0.335636011403969,0.434923834713182,"ABCC8"
"GO:0006694","steroid biosynthetic process","1/612","25/37734",1,0.335636011403969,0.434923834713182,"FDXR"
"GO:0031214","biomineral tissue development","1/612","25/37734",1,0.335636011403969,0.434923834713182,"ECM1"
"GO:0042908","xenobiotic transport","1/612","25/37734",1,0.335636011403969,0.434923834713182,"SLC31A1"
"GO:0046856","phosphatidylinositol dephosphorylation","1/612","25/37734",1,0.335636011403969,0.434923834713182,"INPP4B"
"GO:0051928","positive regulation of calcium ion transport","1/612","25/37734",1,0.335636011403969,0.434923834713182,"TSPO"
"GO:0055013","cardiac muscle cell development","1/612","25/37734",1,0.335636011403969,0.434923834713182,"VEGFA"
"GO:0060155","platelet dense granule organization","1/612","25/37734",1,0.335636011403969,0.434923834713182,"AP1S3"
"GO:0071542","dopaminergic neuron differentiation","1/612","25/37734",1,0.335636011403969,0.434923834713182,"VEGFA"
"GO:1904754","positive regulation of vascular associated smooth muscle cell migration","1/612","25/37734",1,0.335636011403969,0.434923834713182,"MIR143"
"GO:1905563","negative regulation of vascular endothelial cell proliferation","1/612","25/37734",1,0.335636011403969,0.434923834713182,"MEF2C"
"GO:2001243","negative regulation of intrinsic apoptotic signaling pathway","1/612","25/37734",1,0.335636011403969,0.434923834713182,"PPIF"
"GO:0016477","cell migration","5/612","236/37734",5,0.33713453796749,0.436514759199674,"NOSTRIN/RHOD/GRAPL/FSCN1/TYRO3"
"GO:0001675","acrosome assembly","1/612","26/37734",1,0.346418338196532,0.44425327062276,"PLN"
"GO:0003009","skeletal muscle contraction","1/612","26/37734",1,0.346418338196532,0.44425327062276,"STAC2"
"GO:0007026","negative regulation of microtubule depolymerization","1/612","26/37734",1,0.346418338196532,0.44425327062276,"MAP6D1"
"GO:0010043","response to zinc ion","1/612","26/37734",1,0.346418338196532,0.44425327062276,"ABCC8"
"GO:0031116","positive regulation of microtubule polymerization","1/612","26/37734",1,0.346418338196532,0.44425327062276,"OCLN"
"GO:0032147","activation of protein kinase activity","1/612","26/37734",1,0.346418338196532,0.44425327062276,"VEGFA"
"GO:0032967","positive regulation of collagen biosynthetic process","1/612","26/37734",1,0.346418338196532,0.44425327062276,"WNT4"
"GO:0048015","phosphatidylinositol-mediated signaling","1/612","26/37734",1,0.346418338196532,0.44425327062276,"PLCB4"
"GO:0060349","bone morphogenesis","1/612","26/37734",1,0.346418338196532,0.44425327062276,"HAS2"
"GO:0071280","cellular response to copper ion","1/612","26/37734",1,0.346418338196532,0.44425327062276,"MT1G"
"GO:0090303","positive regulation of wound healing","1/612","26/37734",1,0.346418338196532,0.44425327062276,"OCLN"
"GO:1990000","amyloid fibril formation","1/612","26/37734",1,0.346418338196532,0.44425327062276,"CDSN"
"GO:0001889","liver development","2/612","76/37734",2,0.349890812591257,0.447638087219926,"MPST/WNT4"
"GO:0032355","response to estradiol","2/612","76/37734",2,0.349890812591257,0.447638087219926,"TXNIP/SLC6A1"
"GO:0045732","positive regulation of protein catabolic process","2/612","76/37734",2,0.349890812591257,0.447638087219926,"NKD1/IER3"
"GO:0006325","chromatin organization","4/612","185/37734",4,0.352861682107446,0.450333206464089,"GFI1B/H4C1/H4C3/TOX"
"GO:0000226","microtubule cytoskeleton organization","3/612","130/37734",3,0.352925678112983,0.450333206464089,"TUBB3/MAP6D1/TUBA1C"
"GO:0000245","spliceosomal complex assembly","1/612","27/37734",1,0.35702595400813,0.450333206464089,"ZRSR2"
"GO:0001676","long-chain fatty acid metabolic process","1/612","27/37734",1,0.35702595400813,0.450333206464089,"SLC27A4"
"GO:0002639","positive regulation of immunoglobulin production","1/612","27/37734",1,0.35702595400813,0.450333206464089,"CLCF1"
"GO:0007205","protein kinase C-activating G protein-coupled receptor signaling pathway","1/612","27/37734",1,0.35702595400813,0.450333206464089,"DGKG"
"GO:0010804","negative regulation of tumor necrosis factor-mediated signaling pathway","1/612","27/37734",1,0.35702595400813,0.450333206464089,"CARD8"
"GO:0018149","peptide cross-linking","1/612","27/37734",1,0.35702595400813,0.450333206464089,"TGM3"
"GO:0021510","spinal cord development","1/612","27/37734",1,0.35702595400813,0.450333206464089,"MPST"
"GO:0042755","eating behavior","1/612","27/37734",1,0.35702595400813,0.450333206464089,"NPY5R"
"GO:0043616","keratinocyte proliferation","1/612","27/37734",1,0.35702595400813,0.450333206464089,"FERMT1"
"GO:0045954","positive regulation of natural killer cell mediated cytotoxicity","1/612","27/37734",1,0.35702595400813,0.450333206464089,"KLRD1"
"GO:0071480","cellular response to gamma radiation","1/612","27/37734",1,0.35702595400813,0.450333206464089,"H2AX"
"GO:0072332","intrinsic apoptotic signaling pathway by p53 class mediator","1/612","27/37734",1,0.35702595400813,0.450333206464089,"CASP6"
"GO:0097746","blood vessel diameter maintenance","1/612","27/37734",1,0.35702595400813,0.450333206464089,"GCLM"
"GO:1902017","regulation of cilium assembly","1/612","27/37734",1,0.35702595400813,0.450333206464089,"MAPK15"
"GO:1905564","positive regulation of vascular endothelial cell proliferation","1/612","27/37734",1,0.35702595400813,0.450333206464089,"MIR27A"
"GO:1990138","neuron projection extension","1/612","27/37734",1,0.35702595400813,0.450333206464089,"NRN1"
"GO:0071222","cellular response to lipopolysaccharide","4/612","187/37734",4,0.360206442870155,0.453989668418053,"MEF2C/PF4/PPBP/TSPO"
"GO:0030324","lung development","2/612","78/37734",2,0.361614516611639,0.455408281857783,"STRA6/VEGFA"
"GO:0007005","mitochondrion organization","2/612","79/37734",2,0.367446785224221,0.456706427560886,"SIRT4/VPS13C"
"GO:0007596","blood coagulation","2/612","79/37734",2,0.367446785224221,0.456706427560886,"SLC4A1/ENTPD1"
"GO:0045444","fat cell differentiation","2/612","79/37734",2,0.367446785224221,0.456706427560886,"IL11/ALOXE3"
"GO:0001935","endothelial cell proliferation","1/612","28/37734",1,0.367461685202525,0.456706427560886,"ZEB2"
"GO:0005977","glycogen metabolic process","1/612","28/37734",1,0.367461685202525,0.456706427560886,"PRKAG2"
"GO:0006306","DNA methylation","1/612","28/37734",1,0.367461685202525,0.456706427560886,"BEND3"
"GO:0016540","protein autoprocessing","1/612","28/37734",1,0.367461685202525,0.456706427560886,"CASP6"
"GO:0019228","neuronal action potential","1/612","28/37734",1,0.367461685202525,0.456706427560886,"P2RX1"
"GO:0019915","lipid storage","1/612","28/37734",1,0.367461685202525,0.456706427560886,"PLIN3"
"GO:0032703","negative regulation of interleukin-2 production","1/612","28/37734",1,0.367461685202525,0.456706427560886,"TBX21"
"GO:0035116","embryonic hindlimb morphogenesis","1/612","28/37734",1,0.367461685202525,0.456706427560886,"AFF3"
"GO:0042832","defense response to protozoan","1/612","28/37734",1,0.367461685202525,0.456706427560886,"PF4"
"GO:0045930","negative regulation of mitotic cell cycle","1/612","28/37734",1,0.367461685202525,0.456706427560886,"NLE1"
"GO:0048843","negative regulation of axon extension involved in axon guidance","1/612","28/37734",1,0.367461685202525,0.456706427560886,"SEMA4B"
"GO:0051453","regulation of intracellular pH","1/612","28/37734",1,0.367461685202525,0.456706427560886,"SLC4A1"
"GO:0090102","cochlea development","1/612","28/37734",1,0.367461685202525,0.456706427560886,"HEY2"
"GO:1903672","positive regulation of sprouting angiogenesis","1/612","28/37734",1,0.367461685202525,0.456706427560886,"VEGFA"
"GO:1902600","proton transmembrane transport","3/612","134/37734",3,0.370575835645589,0.460222070154614,"COX5B/ATP1A2/OTOP2"
"GO:0008360","regulation of cell shape","3/612","135/37734",3,0.374975414880773,0.464099115655857,"ITGA7/TPM1/VEGFA"
"GO:0007585","respiratory gaseous exchange by respiratory system","1/612","29/37734",1,0.377728312494097,0.464099115655857,"COX5B"
"GO:0007602","phototransduction","1/612","29/37734",1,0.377728312494097,0.464099115655857,"ASIC2"
"GO:0010800","positive regulation of peptidyl-threonine phosphorylation","1/612","29/37734",1,0.377728312494097,0.464099115655857,"PRKAG2"
"GO:0019933","cAMP-mediated signaling","1/612","29/37734",1,0.377728312494097,0.464099115655857,"PDE3A"
"GO:0042267","natural killer cell mediated cytotoxicity","1/612","29/37734",1,0.377728312494097,0.464099115655857,"ULBP3"
"GO:0043001","Golgi to plasma membrane protein transport","1/612","29/37734",1,0.377728312494097,0.464099115655857,"RAB10"
"GO:0045664","regulation of neuron differentiation","1/612","29/37734",1,0.377728312494097,0.464099115655857,"NTF3"
"GO:0046034","ATP metabolic process","1/612","29/37734",1,0.377728312494097,0.464099115655857,"ATP1A2"
"GO:0048010","vascular endothelial growth factor receptor signaling pathway","1/612","29/37734",1,0.377728312494097,0.464099115655857,"VEGFA"
"GO:0051602","response to electrical stimulus","1/612","29/37734",1,0.377728312494097,0.464099115655857,"KCNJ3"
"GO:0071897","DNA biosynthetic process","1/612","29/37734",1,0.377728312494097,0.464099115655857,"POLD2"
"GO:0099505","regulation of presynaptic membrane potential","1/612","29/37734",1,0.377728312494097,0.464099115655857,"KCNJ3"
"GO:2001238","positive regulation of extrinsic apoptotic signaling pathway","1/612","29/37734",1,0.377728312494097,0.464099115655857,"AGTR2"
"GO:0010508","positive regulation of autophagy","2/612","81/37734",2,0.379047708131024,0.465011343612793,"ENDOG/TRIM58"
"GO:0032956","regulation of actin cytoskeleton organization","2/612","81/37734",2,0.379047708131024,0.465011343612793,"FSCN1/ARHGEF5"
"GO:0090090","negative regulation of canonical Wnt signaling pathway","3/612","137/37734",3,0.383755574409195,0.470059892898148,"FERMT1/KREMEN1/NKD1"
"GO:0032088","negative regulation of NF-kappaB transcription factor activity","2/612","82/37734",2,0.384814684949963,0.470059892898148,"CARD8/MIR27A"
"GO:0001578","microtubule bundle formation","1/612","30/37734",1,0.387828571683956,0.470059892898148,"TPPP3"
"GO:0001656","metanephros development","1/612","30/37734",1,0.387828571683956,0.470059892898148,"ITGA8"
"GO:0001708","cell fate specification","1/612","30/37734",1,0.387828571683956,0.470059892898148,"TBX21"
"GO:0007498","mesoderm development","1/612","30/37734",1,0.387828571683956,0.470059892898148,"VEGFA"
"GO:0009409","response to cold","1/612","30/37734",1,0.387828571683956,0.470059892898148,"GMPR"
"GO:0014059","regulation of dopamine secretion","1/612","30/37734",1,0.387828571683956,0.470059892898148,"PRKCB"
"GO:0016226","iron-sulfur cluster assembly","1/612","30/37734",1,0.387828571683956,0.470059892898148,"ISCU"
"GO:0030878","thyroid gland development","1/612","30/37734",1,0.387828571683956,0.470059892898148,"HOXD3"
"GO:0034113","heterotypic cell-cell adhesion","1/612","30/37734",1,0.387828571683956,0.470059892898148,"ITGA7"
"GO:0035774","positive regulation of insulin secretion involved in cellular response to glucose stimulus","1/612","30/37734",1,0.387828571683956,0.470059892898148,"ABCC8"
"GO:0042771","intrinsic apoptotic signaling pathway in response to DNA damage by p53 class mediator","1/612","30/37734",1,0.387828571683956,0.470059892898148,"PHLDA3"
"GO:0044344","cellular response to fibroblast growth factor stimulus","1/612","30/37734",1,0.387828571683956,0.470059892898148,"GCLM"
"GO:0055074","calcium ion homeostasis","1/612","30/37734",1,0.387828571683956,0.470059892898148,"KL"
"GO:1905606","regulation of presynapse assembly","1/612","30/37734",1,0.387828571683956,0.470059892898148,"LRFN4"
"GO:0042391","regulation of membrane potential","2/612","84/37734",2,0.396277719184165,0.476726712912495,"KCNA5/ASIC2"
"GO:0006654","phosphatidic acid biosynthetic process","1/612","31/37734",1,0.397765154384185,0.476726712912495,"DGKG"
"GO:0008306","associative learning","1/612","31/37734",1,0.397765154384185,0.476726712912495,"SLC6A1"
"GO:0015914","phospholipid transport","1/612","31/37734",1,0.397765154384185,0.476726712912495,"TRIAP1"
"GO:0017157","regulation of exocytosis","1/612","31/37734",1,0.397765154384185,0.476726712912495,"CPLX1"
"GO:0035987","endodermal cell differentiation","1/612","31/37734",1,0.397765154384185,0.476726712912495,"ITGA7"
"GO:0042220","response to cocaine","1/612","31/37734",1,0.397765154384185,0.476726712912495,"SLC6A1"
"GO:0043507","positive regulation of JUN kinase activity","1/612","31/37734",1,0.397765154384185,0.476726712912495,"ARHGEF5"
"GO:0048469","cell maturation","1/612","31/37734",1,0.397765154384185,0.476726712912495,"VEGFA"
"GO:0048568","embryonic organ development","1/612","31/37734",1,0.397765154384185,0.476726712912495,"HOXD4"
"GO:0048706","embryonic skeletal system development","1/612","31/37734",1,0.397765154384185,0.476726712912495,"HOXC6"
"GO:0060828","regulation of canonical Wnt signaling pathway","1/612","31/37734",1,0.397765154384185,0.476726712912495,"KREMEN1"
"GO:0070372","regulation of ERK1 and ERK2 cascade","1/612","31/37734",1,0.397765154384185,0.476726712912495,"MIR145"
"GO:0097193","intrinsic apoptotic signaling pathway","1/612","31/37734",1,0.397765154384185,0.476726712912495,"CYCS"
"GO:1900745","positive regulation of p38MAPK cascade","1/612","31/37734",1,0.397765154384185,0.476726712912495,"VEGFA"
"GO:0007010","cytoskeleton organization","3/612","141/37734",3,0.401226830348318,0.480518313908981,"KRT76/TPM1/SORBS2"
"GO:0002218","activation of innate immune response","1/612","32/37734",1,0.40754070873044,0.483055604759904,"CASP6"
"GO:0003281","ventricular septum development","1/612","32/37734",1,0.40754070873044,0.483055604759904,"STRA6"
"GO:0019082","viral protein processing","1/612","32/37734",1,0.40754070873044,0.483055604759904,"MGAT4A"
"GO:0031507","heterochromatin formation","1/612","32/37734",1,0.40754070873044,0.483055604759904,"H1-9P"
"GO:0034394","protein localization to cell surface","1/612","32/37734",1,0.40754070873044,0.483055604759904,"ANGPT1"
"GO:0046907","intracellular transport","1/612","32/37734",1,0.40754070873044,0.483055604759904,"RASSF9"
"GO:0048008","platelet-derived growth factor receptor signaling pathway","1/612","32/37734",1,0.40754070873044,0.483055604759904,"TXNIP"
"GO:0051881","regulation of mitochondrial membrane potential","1/612","32/37734",1,0.40754070873044,0.483055604759904,"PYCR1"
"GO:0070050","neuron cellular homeostasis","1/612","32/37734",1,0.40754070873044,0.483055604759904,"TYRO3"
"GO:0071345","cellular response to cytokine stimulus","1/612","32/37734",1,0.40754070873044,0.483055604759904,"LEF1"
"GO:0071773","cellular response to BMP stimulus","1/612","32/37734",1,0.40754070873044,0.483055604759904,"GATA5"
"GO:1990090","cellular response to nerve growth factor stimulus","1/612","32/37734",1,0.40754070873044,0.483055604759904,"NTRK3"
"GO:2000379","positive regulation of reactive oxygen species metabolic process","1/612","32/37734",1,0.40754070873044,0.483055604759904,"TSPO"
"GO:2001234","negative regulation of apoptotic signaling pathway","1/612","32/37734",1,0.40754070873044,0.483055604759904,"WNT4"
"GO:0007507","heart development","4/612","201/37734",4,0.411418692321427,0.487293851595989,"LDB3/MEF2C/NTRK3/STRA6"
"GO:0031069","hair follicle morphogenesis","1/612","33/37734",1,0.417157840083073,0.491922778503229,"TGM3"
"GO:0035115","embryonic forelimb morphogenesis","1/612","33/37734",1,0.417157840083073,0.491922778503229,"CRABP2"
"GO:0035633","maintenance of blood-brain barrier","1/612","33/37734",1,0.417157840083073,0.491922778503229,"OCLN"
"GO:0038061","non-canonical NF-kappaB signal transduction","1/612","33/37734",1,0.417157840083073,0.491922778503229,"MIR27A"
"GO:0045648","positive regulation of erythrocyte differentiation","1/612","33/37734",1,0.417157840083073,0.491922778503229,"TAL1"
"GO:0048705","skeletal system morphogenesis","1/612","33/37734",1,0.417157840083073,0.491922778503229,"NLE1"
"GO:0001934","positive regulation of protein phosphorylation","4/612","205/37734",4,0.425915581711967,0.498340585570825,"ANGPT1/NTRK3/VEGFA/PRR5L"
"GO:0006865","amino acid transport","1/612","34/37734",1,0.42661911171696,0.498340585570825,"SLC7A8"
"GO:0006882","intracellular zinc ion homeostasis","1/612","34/37734",1,0.42661911171696,0.498340585570825,"MT1G"
"GO:0030522","intracellular receptor signaling pathway","1/612","34/37734",1,0.42661911171696,0.498340585570825,"NR5A2"
"GO:0031669","cellular response to nutrient levels","1/612","34/37734",1,0.42661911171696,0.498340585570825,"PRKAG2"
"GO:0032212","positive regulation of telomere maintenance via telomerase","1/612","34/37734",1,0.42661911171696,0.498340585570825,"MAPK15"
"GO:0032743","positive regulation of interleukin-2 production","1/612","34/37734",1,0.42661911171696,0.498340585570825,"PNP"
"GO:0035025","positive regulation of Rho protein signal transduction","1/612","34/37734",1,0.42661911171696,0.498340585570825,"GPR20"
"GO:0045824","negative regulation of innate immune response","1/612","34/37734",1,0.42661911171696,0.498340585570825,"TYRO3"
"GO:0048255","mRNA stabilization","1/612","34/37734",1,0.42661911171696,0.498340585570825,"TRAF5"
"GO:0060078","regulation of postsynaptic membrane potential","1/612","34/37734",1,0.42661911171696,0.498340585570825,"RGS7BP"
"GO:0070507","regulation of microtubule cytoskeleton organization","1/612","34/37734",1,0.42661911171696,0.498340585570825,"MAP6D1"
"GO:0071276","cellular response to cadmium ion","1/612","34/37734",1,0.42661911171696,0.498340585570825,"MT1G"
"GO:0008340","determination of adult lifespan","1/612","35/37734",1,0.435927045500228,0.507375016134562,"KL"
"GO:0042113","B cell activation","1/612","35/37734",1,0.435927045500228,0.507375016134562,"PRKCB"
"GO:0043687","post-translational protein modification","1/612","35/37734",1,0.435927045500228,0.507375016134562,"PRKCB"
"GO:0071526","semaphorin-plexin signaling pathway","1/612","35/37734",1,0.435927045500228,0.507375016134562,"SEMA4B"
"GO:2001240","negative regulation of extrinsic apoptotic signaling pathway in absence of ligand","1/612","35/37734",1,0.435927045500228,0.507375016134562,"PF4"
"GO:0051092","positive regulation of NF-kappaB transcription factor activity","3/612","150/37734",3,0.439977151767472,0.51171945789983,"TRIM58/PRKCB/TRAF5"
"GO:0000077","DNA damage checkpoint signaling","1/612","36/37734",1,0.445084122562057,0.51542787756468,"H2AX"
"GO:0001916","positive regulation of T cell mediated cytotoxicity","1/612","36/37734",1,0.445084122562057,0.51542787756468,"ULBP3"
"GO:0036297","interstrand cross-link repair","1/612","36/37734",1,0.445084122562057,0.51542787756468,"CENPX"
"GO:0043029","T cell homeostasis","1/612","36/37734",1,0.445084122562057,0.51542787756468,"IL7R"
"GO:0045184","establishment of protein localization","1/612","36/37734",1,0.445084122562057,0.51542787756468,"ITGA8"
"GO:2000352","negative regulation of endothelial cell apoptotic process","1/612","36/37734",1,0.445084122562057,0.51542787756468,"ANGPT1"
"GO:0007286","spermatid development","2/612","94/37734",2,0.451998255482671,0.523059000601627,"DPY19L2/PRKG1"
"GO:0002052","positive regulation of neuroblast proliferation","1/612","37/37734",1,0.454092783949717,0.523229140619688,"VEGFA"
"GO:0007095","mitotic G2 DNA damage checkpoint signaling","1/612","37/37734",1,0.454092783949717,0.523229140619688,"IER3"
"GO:0048477","oogenesis","1/612","37/37734",1,0.454092783949717,0.523229140619688,"PAQR7"
"GO:0048870","cell motility","1/612","37/37734",1,0.454092783949717,0.523229140619688,"FSCN1"
"GO:0060412","ventricular septum morphogenesis","1/612","37/37734",1,0.454092783949717,0.523229140619688,"HEY2"
"GO:2001237","negative regulation of extrinsic apoptotic signaling pathway","1/612","37/37734",1,0.454092783949717,0.523229140619688,"GCLM"
"GO:0007409","axonogenesis","2/612","96/37734",2,0.462791220062943,0.528529854968391,"RAB10/VAX2"
"GO:0001541","ovarian follicle development","1/612","38/37734",1,0.462955431275042,0.528529854968391,"VEGFA"
"GO:0007029","endoplasmic reticulum organization","1/612","38/37734",1,0.462955431275042,0.528529854968391,"MAPK15"
"GO:0007281","germ cell development","1/612","38/37734",1,0.462955431275042,0.528529854968391,"H1-9P"
"GO:0007616","long-term memory","1/612","38/37734",1,0.462955431275042,0.528529854968391,"SLC2A4"
"GO:0009725","response to hormone","1/612","38/37734",1,0.462955431275042,0.528529854968391,"ADRA1A"
"GO:0030073","insulin secretion","1/612","38/37734",1,0.462955431275042,0.528529854968391,"CPLX1"
"GO:0032007","negative regulation of TOR signaling","1/612","38/37734",1,0.462955431275042,0.528529854968391,"ENDOG"
"GO:0043588","skin development","1/612","38/37734",1,0.462955431275042,0.528529854968391,"SLC27A4"
"GO:0045429","positive regulation of nitric oxide biosynthetic process","1/612","38/37734",1,0.462955431275042,0.528529854968391,"AGTR2"
"GO:0045746","negative regulation of Notch signaling pathway","1/612","38/37734",1,0.462955431275042,0.528529854968391,"HEY2"
"GO:0051604","protein maturation","1/612","38/37734",1,0.462955431275042,0.528529854968391,"TESC"
"GO:0098703","calcium ion import across plasma membrane","1/612","38/37734",1,0.462955431275042,0.528529854968391,"NALF1"
"GO:0016055","Wnt signaling pathway","3/612","156/37734",3,0.465270575006739,0.530797004183202,"VAX2/KREMEN1/NKD1"
"GO:0000724","double-strand break repair via homologous recombination","2/612","97/37734",2,0.468140682361863,0.533693620910412,"FEN1/H2AX"
"GO:0006096","glycolytic process","1/612","39/37734",1,0.471674427350479,0.535450124569699,"IER3"
"GO:0030177","positive regulation of Wnt signaling pathway","1/612","39/37734",1,0.471674427350479,0.535450124569699,"LEF1"
"GO:0033077","T cell differentiation in thymus","1/612","39/37734",1,0.471674427350479,0.535450124569699,"IL7R"
"GO:0046427","positive regulation of receptor signaling pathway via JAK-STAT","1/612","39/37734",1,0.471674427350479,0.535450124569699,"IL7R"
"GO:0050919","negative chemotaxis","1/612","39/37734",1,0.471674427350479,0.535450124569699,"SEMA4B"
"GO:0098655","monoatomic cation transmembrane transport","1/612","39/37734",1,0.471674427350479,0.535450124569699,"ATP1A2"
"GO:0072659","protein localization to plasma membrane","3/612","158/37734",3,0.473590328092698,0.537246733909521,"RAB10/TESC/SLC4A1"
"GO:0016310","phosphorylation","5/612","281/37734",5,0.480014249469611,0.542893674660326,"MVK/NME1/NTRK3/PIP4K2A/PIP5K1B"
"GO:0010719","negative regulation of epithelial to mesenchymal transition","1/612","40/37734",1,0.480252096814904,0.542893674660326,"MIR145"
"GO:0016358","dendrite development","1/612","40/37734",1,0.480252096814904,0.542893674660326,"PRKG1"
"GO:0030030","cell projection organization","1/612","40/37734",1,0.480252096814904,0.542893674660326,"ITGA8"
"GO:0090148","membrane fission","1/612","40/37734",1,0.480252096814904,0.542893674660326,"EXOC6"
"GO:0016567","protein ubiquitination","8/612","467/37734",8,0.487393122752197,0.550118332067014,"LRR1/KCTD11/TRIM58/RNF180/MED18/BSPRY/RNF225/AIMP2"
"GO:0010212","response to ionizing radiation","1/612","41/37734",1,0.488690726749357,0.550118332067014,"H2AX"
"GO:0032467","positive regulation of cytokinesis","1/612","41/37734",1,0.488690726749357,0.550118332067014,"GIPC1"
"GO:0045454","cell redox homeostasis","1/612","41/37734",1,0.488690726749357,0.550118332067014,"TXN"
"GO:0060395","SMAD protein signal transduction","1/612","41/37734",1,0.488690726749357,0.550118332067014,"RBPMS"
"GO:1900016","negative regulation of cytokine production involved in inflammatory response","1/612","41/37734",1,0.488690726749357,0.550118332067014,"SPINK7"
"GO:0007259","receptor signaling pathway via JAK-STAT","1/612","42/37734",1,0.496992567282861,0.55712935915158,"CLCF1"
"GO:0009755","hormone-mediated signaling pathway","1/612","42/37734",1,0.496992567282861,0.55712935915158,"NR5A2"
"GO:0030513","positive regulation of BMP signaling pathway","1/612","42/37734",1,0.496992567282861,0.55712935915158,"SCUBE3"
"GO:0032733","positive regulation of interleukin-10 production","1/612","42/37734",1,0.496992567282861,0.55712935915158,"MIR145"
"GO:0035249","synaptic transmission, glutamatergic","1/612","42/37734",1,0.496992567282861,0.55712935915158,"P2RX1"
"GO:1900026","positive regulation of substrate adhesion-dependent cell spreading","1/612","42/37734",1,0.496992567282861,0.55712935915158,"HAS2"
"GO:0006366","transcription by RNA polymerase II","4/612","227/37734",4,0.503605040649061,0.563151901443875,"YBX2/LEF1/SOX5/TAL1"
"GO:0001658","branching involved in ureteric bud morphogenesis","1/612","43/37734",1,0.505159832188488,0.563151901443875,"WNT4"
"GO:0007043","cell-cell junction assembly","1/612","43/37734",1,0.505159832188488,0.563151901443875,"FSCN1"
"GO:0007163","establishment or maintenance of cell polarity","1/612","43/37734",1,0.505159832188488,0.563151901443875,"FSCN1"
"GO:0031667","response to nutrient levels","1/612","43/37734",1,0.505159832188488,0.563151901443875,"PSPH"
"GO:0045663","positive regulation of myoblast differentiation","1/612","43/37734",1,0.505159832188488,0.563151901443875,"MEF2C"
"GO:0048856","anatomical structure development","1/612","43/37734",1,0.505159832188488,0.563151901443875,"ZEB2"
"GO:0050796","regulation of insulin secretion","1/612","43/37734",1,0.505159832188488,0.563151901443875,"KCNA5"
"GO:0051607","defense response to virus","4/612","228/37734",4,0.507031907821046,0.564848262202852,"ADARB1/CARD8/IFIT1B/PRF1"
"GO:0007156","homophilic cell adhesion via plasma membrane adhesion molecules","3/612","167/37734",3,0.510259593623588,0.568051426050569,"AMIGO2/PCDH20/NEXN"
"GO:0002376","immune system process","1/612","44/37734",1,0.51319469946982,0.568961386207255,"FCMR"
"GO:0003007","heart morphogenesis","1/612","44/37734",1,0.51319469946982,0.568961386207255,"VEGFA"
"GO:0032691","negative regulation of interleukin-1 beta production","1/612","44/37734",1,0.51319469946982,0.568961386207255,"CARD8"
"GO:0043409","negative regulation of MAPK cascade","1/612","44/37734",1,0.51319469946982,0.568961386207255,"DUSP4"
"GO:0050885","neuromuscular process controlling balance","1/612","44/37734",1,0.51319469946982,0.568961386207255,"PDE8B"
"GO:0090051","negative regulation of cell migration involved in sprouting angiogenesis","1/612","44/37734",1,0.51319469946982,0.568961386207255,"STARD13"
"GO:0032760","positive regulation of tumor necrosis factor production","2/612","106/37734",2,0.51481047580664,0.570360472165157,"PF4/ABCC8"
"GO:0008584","male gonad development","2/612","107/37734",2,0.519826636928655,0.574170943844158,"WNT4/TESC"
"GO:0009615","response to virus","2/612","107/37734",2,0.519826636928655,0.574170943844158,"TBX21/ACTA2"
"GO:0030512","negative regulation of transforming growth factor beta receptor signaling pathway","2/612","107/37734",2,0.519826636928655,0.574170943844158,"PRDM16/PBLD"
"GO:0007098","centrosome cycle","1/612","45/37734",1,0.521099311937967,0.574170943844158,"HAUS2"
"GO:0021549","cerebellum development","1/612","45/37734",1,0.521099311937967,0.574170943844158,"PRKG1"
"GO:0030968","endoplasmic reticulum unfolded protein response","1/612","45/37734",1,0.521099311937967,0.574170943844158,"STC2"
"GO:0043434","response to peptide hormone","1/612","45/37734",1,0.521099311937967,0.574170943844158,"STC2"
"GO:0045747","positive regulation of Notch signaling pathway","1/612","45/37734",1,0.521099311937967,0.574170943844158,"CCN3"
"GO:0001755","neural crest cell migration","1/612","46/37734",1,0.528875777779299,0.579964458353898,"SEMA4B"
"GO:0006275","regulation of DNA replication","1/612","46/37734",1,0.528875777779299,0.579964458353898,"ZBTB38"
"GO:0007173","epidermal growth factor receptor signaling pathway","1/612","46/37734",1,0.528875777779299,0.579964458353898,"PIGR"
"GO:0008630","intrinsic apoptotic signaling pathway in response to DNA damage","1/612","46/37734",1,0.528875777779299,0.579964458353898,"IER3"
"GO:0031146","SCF-dependent proteasomal ubiquitin-dependent protein catabolic process","1/612","46/37734",1,0.528875777779299,0.579964458353898,"NCCRP1"
"GO:0045739","positive regulation of DNA repair","1/612","46/37734",1,0.528875777779299,0.579964458353898,"H2AX"
"GO:0072089","stem cell proliferation","1/612","46/37734",1,0.528875777779299,0.579964458353898,"ABCB1"
"GO:0006091","generation of precursor metabolites and energy","1/612","47/37734",1,0.536526171114023,0.586757250906245,"FDXR"
"GO:0006310","DNA recombination","1/612","47/37734",1,0.536526171114023,0.586757250906245,"ENDOG"
"GO:0030178","negative regulation of Wnt signaling pathway","1/612","47/37734",1,0.536526171114023,0.586757250906245,"NKD1"
"GO:0070534","protein K63-linked ubiquitination","1/612","47/37734",1,0.536526171114023,0.586757250906245,"TRAF5"
"GO:0006811","monoatomic ion transport","2/612","111/37734",2,0.539541767769363,0.589255643390388,"P2RX1/MFSD5"
"GO:0050852","T cell receptor signaling pathway","2/612","111/37734",2,0.539541767769363,0.589255643390388,"BTN2A1/CD247"
"GO:0000086","G2/M transition of mitotic cell cycle","1/612","48/37734",1,0.544052532545769,0.591735871986503,"ABCB1"
"GO:0008344","adult locomotory behavior","1/612","48/37734",1,0.544052532545769,0.591735871986503,"ATP1A2"
"GO:0034198","cellular response to amino acid starvation","1/612","48/37734",1,0.544052532545769,0.591735871986503,"KPTN"
"GO:0050714","positive regulation of protein secretion","1/612","48/37734",1,0.544052532545769,0.591735871986503,"MYOM1"
"GO:0140374","antiviral innate immune response","1/612","48/37734",1,0.544052532545769,0.591735871986503,"CARD8"
"GO:1900087","positive regulation of G1/S transition of mitotic cell cycle","1/612","48/37734",1,0.544052532545769,0.591735871986503,"KCNA5"
"GO:0042593","glucose homeostasis","2/612","112/37734",2,0.544382318955325,0.591735871986503,"CMKLR2/SLC2A4"
"GO:0031648","protein destabilization","1/612","49/37734",1,0.551456869702326,0.597813365137962,"ISOC2"
"GO:0032968","positive regulation of transcription elongation by RNA polymerase II","1/612","49/37734",1,0.551456869702326,0.597813365137962,"MED18"
"GO:0045860","positive regulation of protein kinase activity","1/612","49/37734",1,0.551456869702326,0.597813365137962,"PRKAG2"
"GO:0051123","RNA polymerase II preinitiation complex assembly","1/612","49/37734",1,0.551456869702326,0.597813365137962,"MED18"
"GO:0007519","skeletal muscle tissue development","1/612","50/37734",1,0.558741157767661,0.604490433772798,"MEF2C"
"GO:0034614","cellular response to reactive oxygen species","1/612","50/37734",1,0.558741157767661,0.604490433772798,"TPM1"
"GO:0070830","bicellular tight junction assembly","1/612","50/37734",1,0.558741157767661,0.604490433772798,"OCLN"
"GO:0045596","negative regulation of cell differentiation","1/612","51/37734",1,0.56590734000538,0.611422675662649,"WNT4"
"GO:0097191","extrinsic apoptotic signaling pathway","1/612","51/37734",1,0.56590734000538,0.611422675662649,"CD27"
"GO:0018108","peptidyl-tyrosine phosphorylation","1/612","52/37734",1,0.572957328273742,0.617797467008209,"BLK"
"GO:0043525","positive regulation of neuron apoptotic process","1/612","52/37734",1,0.572957328273742,0.617797467008209,"ITGA1"
"GO:1904707","positive regulation of vascular associated smooth muscle cell proliferation","1/612","52/37734",1,0.572957328273742,0.617797467008209,"MIR27A"
"GO:0007157","heterophilic cell-cell adhesion via plasma membrane cell adhesion molecules","1/612","53/37734",1,0.579893003532393,0.622361865309066,"AMIGO2"
"GO:0010718","positive regulation of epithelial to mesenchymal transition","1/612","53/37734",1,0.579893003532393,0.622361865309066,"LEF1"
"GO:0022900","electron transport chain","1/612","53/37734",1,0.579893003532393,0.622361865309066,"CYB561"
"GO:0030282","bone mineralization","1/612","53/37734",1,0.579893003532393,0.622361865309066,"PTHLH"
"GO:0032092","positive regulation of protein binding","1/612","53/37734",1,0.579893003532393,0.622361865309066,"BLK"
"GO:0043627","response to estrogen","1/612","53/37734",1,0.579893003532393,0.622361865309066,"CITED4"
"GO:0050808","synapse organization","1/612","53/37734",1,0.579893003532393,0.622361865309066,"SLC6A1"
"GO:0006413","translational initiation","1/612","54/37734",1,0.586716216340922,0.62842959517712,"EIF6"
"GO:0007187","G protein-coupled receptor signaling pathway, coupled to cyclic nucleotide second messenger","1/612","54/37734",1,0.586716216340922,0.62842959517712,"NPY1R"
"GO:0033209","tumor necrosis factor-mediated signaling pathway","1/612","54/37734",1,0.586716216340922,0.62842959517712,"TRAF5"
"GO:0032508","DNA duplex unwinding","1/612","55/37734",1,0.593428787349397,0.633934529627057,"RFC2"
"GO:0034644","cellular response to UV","1/612","55/37734",1,0.593428787349397,0.633934529627057,"TRIAP1"
"GO:0045597","positive regulation of cell differentiation","1/612","55/37734",1,0.593428787349397,0.633934529627057,"LEF1"
"GO:0045600","positive regulation of fat cell differentiation","1/612","55/37734",1,0.593428787349397,0.633934529627057,"ZNF385A"
"GO:0001649","osteoblast differentiation","2/612","123/37734",2,0.595259604443972,0.635469193618332,"MEF2C/LEF1"
"GO:0045599","negative regulation of fat cell differentiation","1/612","56/37734",1,0.600032507780995,0.63971719744905,"MIR27A"
"GO:0060041","retina development in camera-type eye","1/612","56/37734",1,0.600032507780995,0.63971719744905,"VAX2"
"GO:0009306","protein secretion","1/612","57/37734",1,0.606529139906852,0.645363018831581,"PRF1"
"GO:0031397","negative regulation of protein ubiquitination","1/612","57/37734",1,0.606529139906852,0.645363018831581,"TSPO"
"GO:2000134","negative regulation of G1/S transition of mitotic cell cycle","1/612","57/37734",1,0.606529139906852,0.645363018831581,"GFI1B"
"GO:0006282","regulation of DNA repair","1/612","58/37734",1,0.61292041751327,0.650018232257494,"IER3"
"GO:0010507","negative regulation of autophagy","1/612","58/37734",1,0.61292041751327,0.650018232257494,"ADRA1A"
"GO:0031640","killing of cells of another organism","1/612","58/37734",1,0.61292041751327,0.650018232257494,"PRF1"
"GO:0042475","odontogenesis of dentin-containing tooth","1/612","58/37734",1,0.61292041751327,0.650018232257494,"LEF1"
"GO:0060261","positive regulation of transcription initiation by RNA polymerase II","1/612","58/37734",1,0.61292041751327,0.650018232257494,"MED18"
"GO:0005975","carbohydrate metabolic process","2/612","128/37734",2,0.616938955906212,0.653849833610002,"SLC2A4/KL"
"GO:0051289","protein homotetramerization","1/612","59/37734",1,0.619208046361393,0.655823502453722,"RYR3"
"GO:0006959","humoral immune response","1/612","60/37734",1,0.625393704639477,0.661940020931606,"MEF2C"
"GO:0006006","glucose metabolic process","1/612","61/37734",1,0.631479043407875,0.667504405228521,"NPY1R"
"GO:0042102","positive regulation of T cell proliferation","1/612","61/37734",1,0.631479043407875,0.667504405228521,"PNP"
"GO:0071356","cellular response to tumor necrosis factor","2/612","132/37734",2,0.633632063325922,0.66934134081349,"HAS2/SLC2A4"
"GO:0000281","mitotic cytokinesis","1/612","62/37734",1,0.63746568703685,0.672509612240447,"EXOC6"
"GO:0032731","positive regulation of interleukin-1 beta production","1/612","62/37734",1,0.63746568703685,0.672509612240447,"CARD8"
"GO:0032496","response to lipopolysaccharide","2/612","134/37734",2,0.641763014732338,0.67660037916843,"SRR/ABCC8"
"GO:0007623","circadian rhythm","1/612","63/37734",1,0.643355233637335,0.677392969708285,"BMAL2"
"GO:0030163","protein catabolic process","1/612","63/37734",1,0.643355233637335,0.677392969708285,"DPP3"
"GO:0001817","regulation of cytokine production","1/612","64/37734",1,0.649149255484749,0.682156844746686,"BTN2A1"
"GO:0001947","heart looping","1/612","64/37734",1,0.649149255484749,0.682156844746686,"MEF2C"
"GO:0006493","protein O-linked glycosylation","1/612","64/37734",1,0.649149255484749,0.682156844746686,"FUT6"
"GO:0070301","cellular response to hydrogen peroxide","1/612","65/37734",1,0.654849299435992,0.687698417388156,"PPIF"
"GO:0006814","sodium ion transport","1/612","66/37734",1,0.660456887339711,0.692234396873611,"ATP1A2"
"GO:0016042","lipid catabolic process","1/612","66/37734",1,0.660456887339711,0.692234396873611,"PLCB4"
"GO:0042531","positive regulation of tyrosine phosphorylation of STAT protein","1/612","66/37734",1,0.660456887339711,0.692234396873611,"CLCF1"
"GO:0006919","activation of cysteine-type endopeptidase activity involved in apoptotic process","1/612","67/37734",1,0.665973516439958,0.697109940585202,"CARD8"
"GO:0008286","insulin receptor signaling pathway","1/612","67/37734",1,0.665973516439958,0.697109940585202,"SORBS1"
"GO:0030514","negative regulation of BMP signaling pathway","1/612","68/37734",1,0.671400659773347,0.701424409303068,"RBPMS2"
"GO:0045109","intermediate filament organization","1/612","68/37734",1,0.671400659773347,0.701424409303068,"KRT76"
"GO:0071333","cellular response to glucose stimulus","1/612","68/37734",1,0.671400659773347,0.701424409303068,"GCLM"
"GO:0051301","cell division","5/612","350/37734",5,0.672512972563967,0.702131419542172,"CENPX/SAC3D1/NEK3/HAUS2/TUBA1C"
"GO:0007338","single fertilization","1/612","69/37734",1,0.676739766559804,0.705174210532905,"FCRL3"
"GO:0051321","meiotic cell cycle","1/612","69/37734",1,0.676739766559804,0.705174210532905,"H2AX"
"GO:1901224","positive regulation of non-canonical NF-kappaB signal transduction","1/612","69/37734",1,0.676739766559804,0.705174210532905,"CD27"
"GO:0006952","defense response","1/612","71/37734",1,0.687159550588747,0.71556924777071,"TPSAB1"
"GO:0043491","phosphatidylinositol 3-kinase/protein kinase B signal transduction","1/612","72/37734",1,0.692243010616883,0.719932731041558,"TYRO3"
"GO:0071260","cellular response to mechanical stimulus","1/612","72/37734",1,0.692243010616883,0.719932731041558,"ATP1A2"
"GO:0001558","regulation of cell growth","1/612","73/37734",1,0.697244000407719,0.724666233821562,"RASGRP2"
"GO:0006457","protein folding","2/612","150/37734",2,0.701741900285392,0.728871097461374,"PPIF/MPDU1"
"GO:0046777","protein autophosphorylation","2/612","151/37734",2,0.705198493913589,0.731989679451839,"MAPK15/TYRO3"
"GO:0006351","DNA-templated transcription","1/612","75/37734",1,0.707003890800203,0.732448760906123,"HOXD3"
"GO:0021987","cerebral cortex development","1/612","75/37734",1,0.707003890800203,0.732448760906123,"H2AX"
"GO:0030433","ubiquitin-dependent ERAD pathway","1/612","75/37734",1,0.707003890800203,0.732448760906123,"NCCRP1"
"GO:0001503","ossification","1/612","76/37734",1,0.711765398509656,0.735490911793311,"ECM1"
"GO:0009267","cellular response to starvation","1/612","76/37734",1,0.711765398509656,0.735490911793311,"WNT4"
"GO:0030509","BMP signaling pathway","1/612","76/37734",1,0.711765398509656,0.735490911793311,"LEF1"
"GO:0043433","negative regulation of DNA-binding transcription factor activity","1/612","76/37734",1,0.711765398509656,0.735490911793311,"ZNF431"
"GO:0016064","immunoglobulin mediated immune response","1/612","77/37734",1,0.716449650889285,0.739383378510581,"CD27"
"GO:0070373","negative regulation of ERK1 and ERK2 cascade","1/612","77/37734",1,0.716449650889285,0.739383378510581,"DUSP4"
"GO:0001843","neural tube closure","1/612","78/37734",1,0.721057899386397,0.742238399623801,"PRKACB"
"GO:0032720","negative regulation of tumor necrosis factor production","1/612","78/37734",1,0.721057899386397,0.742238399623801,"TSPO"
"GO:0045727","positive regulation of translation","1/612","78/37734",1,0.721057899386397,0.742238399623801,"EIF6"
"GO:0071347","cellular response to interleukin-1","1/612","78/37734",1,0.721057899386397,0.742238399623801,"HAS2"
"GO:0018105","peptidyl-serine phosphorylation","2/612","159/37734",2,0.731662581439096,0.752673951040092,"PRKACB/PRKCB"
"GO:0006468","protein phosphorylation","5/612","377/37734",5,0.733563606025045,0.754086242730931,"NEK3/PRKAG2/PRKACB/PRKCB/BLK"
"GO:0007264","small GTPase mediated signal transduction","1/612","81/37734",1,0.734438834421564,0.754086242730931,"SH2D3C"
"GO:0042147","retrograde transport, endosome to Golgi","1/612","81/37734",1,0.734438834421564,0.754086242730931,"RAB9B"
"GO:0032436","positive regulation of proteasomal ubiquitin-dependent protein catabolic process","1/612","82/37734",1,0.738755181945905,0.757553023725699,"RNF180"
"GO:0032880","regulation of protein localization","1/612","82/37734",1,0.738755181945905,0.757553023725699,"TRIM58"
"GO:0050829","defense response to Gram-negative bacterium","1/612","83/37734",1,0.74300148569203,0.761423010130675,"IL22RA1"
"GO:0006886","intracellular protein transport","3/612","243/37734",3,0.756482016242827,0.774745241539668,"TMED3/EXOC6/SYTL2"
"GO:0007059","chromosome segregation","1/612","88/37734",1,0.763221429810615,0.779665998006787,"CENPX"
"GO:0035264","multicellular organism growth","1/612","88/37734",1,0.763221429810615,0.779665998006787,"ADARB1"
"GO:0036211","protein modification process","1/612","88/37734",1,0.763221429810615,0.779665998006787,"TGM3"
"GO:0046330","positive regulation of JNK cascade","1/612","88/37734",1,0.763221429810615,0.779665998006787,"CD27"
"GO:0006338","chromatin remodeling","4/612","322/37734",4,0.768362200198305,0.784420434907959,"SIRT4/H1-9P/PRKCB/PRDM6"
"GO:0050727","regulation of inflammatory response","1/612","94/37734",1,0.785399741978572,0.80130657219586,"IL1RL2"
"GO:0000902","cell morphogenesis","1/612","95/37734",1,0.788888991657348,0.804357403258472,"IL7R"
"GO:0006606","protein import into nucleus","1/612","99/37734",1,0.802288680686726,0.817502751749054,"TXNIP"
"GO:0006955","immune response","5/612","415/37734",5,0.804813855279007,0.819557760397827,"IL7R/PNP/ULBP3/ENDOU/CD79B"
"GO:0007179","transforming growth factor beta receptor signaling pathway","1/612","100/37734",1,0.805503755149852,0.8197424578924,"ITGA8"
"GO:0030334","regulation of cell migration","1/612","101/37734",1,0.808666631853054,0.821923461883431,"NEXN"
"GO:0032755","positive regulation of interleukin-6 production","1/612","101/37734",1,0.808666631853054,0.821923461883431,"IL1RL2"
"GO:0046718","viral entry into host cell","1/612","102/37734",1,0.811778156879119,0.824566092557744,"TYRO3"
"GO:0015031","protein transport","4/612","345/37734",4,0.812471146343459,0.824750307245375,"TXNIP/RAB9B/TESC/SELENBP1"
"GO:0009887","animal organ morphogenesis","1/612","107/37734",1,0.826594173585864,0.838558721095288,"FLI1"
"GO:0006470","protein dephosphorylation","1/612","111/37734",1,0.837604054626083,0.849193544690092,"PPM1B"
"GO:0031175","neuron projection development","1/612","114/37734",1,0.84540095751038,0.856235041334299,"GPM6A"
"GO:0007283","spermatogenesis","5/612","442/37734",5,0.845611777794171,0.856235041334299,"H2AX/H1-9P/YBX2/TYRO3/ZNF628"
"GO:0007601","visual perception","2/612","206/37734",2,0.849337185437784,0.859467384134154,"VAX2/BEST1"
"GO:0006888","endoplasmic reticulum to Golgi vesicle-mediated transport","1/612","117/37734",1,0.852824100198323,0.861913761454355,"TMED3"
"GO:0050830","defense response to Gram-positive bacterium","1/612","117/37734",1,0.852824100198323,0.861913761454355,"IL7R"
"GO:0050821","protein stabilization","2/612","213/37734",2,0.86216855759726,0.870811851407759,"ATP1B2/TESC"
"GO:0007030","Golgi organization","1/612","122/37734",1,0.864413625728978,0.872532726784666,"TMED3"
"GO:0010467","gene expression","1/612","123/37734",1,0.866619806231314,0.874212220053115,"IL7R"
"GO:0001501","skeletal system development","1/612","128/37734",1,0.877124595067677,0.88425568933652,"PTHLH"
"GO:0008283","cell population proliferation","1/612","129/37734",1,0.879124269263779,0.885717701283257,"IL11"
"GO:0051726","regulation of cell cycle","2/612","227/37734",2,0.884875850707973,0.890454359619127,"ADARB1/WDR12"
"GO:0000209","protein polyubiquitination","1/612","132/37734",1,0.884930449199653,0.890454359619127,"TRIM58"
"GO:0045087","innate immune response","5/612","489/37734",5,0.899744081068816,0.904795669795965,"KLRG1/ADARB1/TRIM58/BLK/IL1RL2"
"GO:0006281","DNA repair","2/612","239/37734",2,0.90153074514897,0.90602715784298,"FEN1/RFC2"
"GO:0002250","adaptive immune response","4/612","416/37734",4,0.907120374566897,0.911076662804883,"KLRD1/PRKCB/CD247/CD79B"
"GO:0042742","defense response to bacterium","1/612","150/37734",1,0.914364837964882,0.917780895890031,"PPBP"
"GO:0007049","cell cycle","2/612","286/37734",2,0.94739977288561,0.950347500865964,"TXNIP/KCTD11"
"GO:0008380","RNA splicing","1/612","181/37734",1,0.948532695332199,0.950892229400189,"ZRSR2"
"GO:0000398","mRNA splicing, via spliceosome","1/612","186/37734",1,0.952592226296077,0.953775570676569,"ZRSR2"
"GO:0006397","mRNA processing","1/612","186/37734",1,0.952592226296077,0.953775570676569,"ADARB1"
"GO:0006511","ubiquitin-dependent protein catabolic process","1/612","201/37734",1,0.962951108513173,0.963548843527769,"TRIM58"
"GO:0043161","proteasome-mediated ubiquitin-dependent protein catabolic process","1/612","211/37734",1,0.9685682652475,0.9685682652475,"TBX21"
