"TERM_ID","Count","M","N","n","pvalue","geneID","p.adjust","TERM"
"GO:0007186",26,454,25792,624,5.19124567690734e-05,"NMUR1/GIPC1/GPR182/ADRA1D/ADRA1A/ADRA2C/AGTR2/TAS2R31/TAS2R46/TAS2R19/TAS2R20/TAS2R50/CMKLR2/GPR171/RGS7BP/NPY5R/PDE3A/PGR/PLCB4/GPRC5D/PTGDR/RGS18/GPR157/RGS5/GPRC5A/RGS6",0.0926591518577697,"G protein-coupled receptor signaling pathway"
"GO:0001580",5,21,25792,624,0.000120343254963541,"TAS2R31/TAS2R46/TAS2R20/TAS2R50/PIGR",0.0926591518577697,"detection of chemical stimulus involved in sensory perception of bitter taste"
"GO:0032148",5,23,25792,624,0.000191190536139593,"ADRA2C/MIR143/NTF3/NTRK3/TXN",0.0926591518577697,"activation of protein kinase B activity"
"GO:0006940",4,13,25792,624,0.000203870521139207,"ADRA2C/MIR143/MIR145/ATP1A2",0.0926591518577697,"regulation of smooth muscle contraction"
"GO:0006665",4,15,25792,624,0.000374491134442994,"ACER1/ALOX12B/ALOXE3/PSAPL1",0.121888909881437,"sphingolipid metabolic process"
"GO:0006396",19,332,25792,624,0.000516871649929448,"MIR6516/ADARB1/SNORA63B/RBPMS/SNORD139/SNORD83B/SNORA74A/SNORA63/SNORD10/SNORA8/SCARNA16/SNORA5C/SNORA12/SNORA16A/SNORD17/SNORD31/SNORD26/SNORD22/SNORD46",0.121888909881437,"RNA processing"
"GO:0019229",4,18,25792,624,0.000792453089276904,"ADRA2C/KCNA5/ASIC2/ATP1A2",0.121888909881437,"regulation of vasoconstriction"
"GO:0051145",4,18,25792,624,0.000792453089276904,"HEY2/MEF2C/WNT4/ITGA8",0.121888909881437,"smooth muscle cell differentiation"
"GO:0033138",8,82,25792,624,0.000830387548075863,"SH2D3C/ANGPT1/IL11/NTF3/NTRK3/TXN/VEGFA/TCL1A",0.121888909881437,"positive regulation of peptidyl-serine phosphorylation"
"GO:0007219",9,104,25792,624,0.000957934976768002,"HEY2/SUSD5/HOXD3/KCNA5/ANGPT4/PLN/NLE1/WDR12/SORBS2",0.121888909881437,"Notch signaling pathway"
"GO:0030216",7,65,25792,624,0.000969151338894834,"CDSN/TXNIP/ACER1/SLC39A2/POU3F1/SPRR2F/TGM3",0.121888909881437,"keratinocyte differentiation"
"GO:0150104",8,84,25792,624,0.000973883043211695,"SLC27A4/SLC7A8/ATP1A2/ATP1B2/ABCB1/SLC2A4/SLC6A1/ABCG2",0.121888909881437,"transport across blood-brain barrier"
"GO:0006941",4,19,25792,624,0.00098468603125226,"DTNA/RYR2/RYR3/CASQ2",0.121888909881437,"striated muscle contraction"
"GO:0006937",3,9,25792,624,0.00106167462597921,"MYL9/ATP1A2/TPM1",0.121888909881437,"regulation of muscle contraction"
"GO:0010881",4,20,25792,624,0.00120747118577593,"ATP1A2/PLN/RYR2/CASQ2",0.121888909881437,"regulation of cardiac muscle contraction by regulation of the release of sequestered calcium ion"
"GO:0045165",6,50,25792,624,0.00125944617270528,"GATA5/HEY2/WNT4/SOX5/TAL1/WNT9A",0.121888909881437,"cell fate commitment"
"GO:0019934",4,21,25792,624,0.00146326599302591,"IRAG1/GUCY1A2/PDE3A/PRKG1",0.121888909881437,"cGMP-mediated signaling"
"GO:0061049",3,10,25792,624,0.0014894853554531,"ADRA1A/PRKG1/SORBS2",0.121888909881437,"cell growth involved in cardiac muscle cell development"
"GO:0006700",2,3,25792,624,0.00172504767939381,"CYP11A1/TSPO",0.121888909881437,"C21-steroid hormone biosynthetic process"
"GO:0045226",2,3,25792,624,0.00172504767939381,"HAS1/HAS2",0.121888909881437,"extracellular polysaccharide biosynthetic process"
"GO:0046320",2,3,25792,624,0.00172504767939381,"FABP3/PRKAG2",0.121888909881437,"regulation of fatty acid oxidation"
"GO:0060748",2,3,25792,624,0.00172504767939381,"PGR/WNT4",0.121888909881437,"tertiary branching involved in mammary gland duct morphogenesis"
"GO:0060948",2,3,25792,624,0.00172504767939381,"HEY2/VEGFA",0.121888909881437,"cardiac vascular smooth muscle cell development"
"GO:0061205",2,3,25792,624,0.00172504767939381,"WNT4/STRA6",0.121888909881437,"paramesonephric duct development"
"GO:1905604",2,3,25792,624,0.00172504767939381,"ABCC8/VEGFA",0.121888909881437,"negative regulation of blood-brain barrier permeability"
"GO:0035855",4,22,25792,624,0.00175451368992041,"FLI1/ZNF385A/PIP4K2A/TAL1",0.121888909881437,"megakaryocyte development"
"GO:0015671",3,11,25792,624,0.0020113681498587,"HBM/HBD/HBG1",0.121888909881437,"oxygen transport"
"GO:0030219",3,11,25792,624,0.0020113681498587,"IL11/TESC/TAL1",0.121888909881437,"megakaryocyte differentiation"
"GO:0038166",3,11,25792,624,0.0020113681498587,"AGTR2/MIR143/MIR145",0.121888909881437,"angiotensin-activated signaling pathway"
"GO:0071313",3,11,25792,624,0.0020113681498587,"RYR2/RYR3/CASQ2",0.121888909881437,"cellular response to caffeine"
"GO:0007165",40,1033,25792,624,0.00250961454167713,"RASGRP2/CHN2/NOSTRIN/LRR1/CRABP2/GAB3/ADRA1A/DTNA/ECM1/FBN2/SCUBE3/IL36RN/RASSF3/GUCY1A2/RHOD/IL7R/GRAPL/CCN3/NTF3/P2RX1/PDE1C/ANGPT4/PDE9A/PGR/PRKACB/PRKCB/PRKG1/TRAF5/TYRO3/LRRC8C/PDE8B/IL1RL2/INPP4B/ENDOU/GPRC5A/STARD13/RASSF9/NCR1/RIN1/CD79B",0.147176749573194,"signal transduction"
"GO:0009968",5,40,25792,624,0.00266578776780508,"RGS7BP/RGS18/PRR5L/RGS5/RGS6",0.151450067558426,"negative regulation of signal transduction"
"GO:0071880",3,13,25792,624,0.00336285751981613,"ADRA1D/ADRA1A/ADRA2C",0.166800734706985,"adenylate cyclase-activating adrenergic receptor signaling pathway"
"GO:0086064",3,13,25792,624,0.00336285751981613,"ATP1A2/ATP1B2/RYR2",0.166800734706985,"cell communication by electrical coupling involved in cardiac conduction"
"GO:0000353",2,4,25792,624,0.00339473442472961,"RNU4-2/RNU4-1",0.166800734706985,"formation of quadruple SL/U4/U5/U6 snRNP"
"GO:0002074",2,4,25792,624,0.00339473442472961,"MYOM1/MYOM2",0.166800734706985,"extraocular skeletal muscle development"
"GO:1900239",2,4,25792,624,0.00339473442472961,"MIR143/MIR145",0.166800734706985,"regulation of phenotypic switching"
"GO:0008217",6,65,25792,624,0.00482983121431367,"AGTR2/ATP1A2/NPY1R/P2RX1/ACTA2/SCNN1A",0.224194693220684,"regulation of blood pressure"
"GO:0071560",6,65,25792,624,0.00482983121431367,"MIR27A/MEF2C/PDE3A/WNT4/ACTA2/SOX5",0.224194693220684,"cellular response to transforming growth factor beta stimulus"
"GO:0003151",5,46,25792,624,0.00493277652850789,"HEY2/MEF2C/NPY1R/NPY5R/VEGFA",0.224194693220684,"outflow tract morphogenesis"
"GO:0006968",5,47,25792,624,0.00541231558371011,"KLRG1/PRF1/IL1RL2/FCMR/NCR1",0.230030170678189,"cellular defense response"
"GO:0098914",2,5,25792,624,0.00556728685909809,"KCNA5/KCNJ3",0.230030170678189,"membrane repolarization during atrial cardiac muscle cell action potential"
"GO:0150099",2,5,25792,624,0.00556728685909809,"ADRA1D/ADRA1A",0.230030170678189,"neuron-glial cell signaling"
"GO:1905605",2,5,25792,624,0.00556728685909809,"OCLN/ANGPT1",0.230030170678189,"positive regulation of blood-brain barrier permeability"
"GO:0033280",3,16,25792,624,0.00623888741660207,"PRKCB/STC2/KL",0.237132795081306,"response to vitamin D"
"GO:0030511",4,31,25792,624,0.00635693842235335,"GIPC1/FERMT1/ITGA8/ZEB2",0.237132795081306,"positive regulation of transforming growth factor beta receptor signaling pathway"
"GO:0007166",12,216,25792,624,0.00661088158749302,"KLRG1/GPR182/FCRL3/AGTR2/CLCF1/FCRL6/IL7R/KLRD1/GPR157/CD247/CD27/CDA",0.237132795081306,"cell surface receptor signaling pathway"
"GO:0006816",6,70,25792,624,0.00693137396773237,"NMUR1/ATP2B2/BSPRY/PRKCB/RYR2/RYR3",0.237132795081306,"calcium ion transport"
"GO:0006123",3,17,25792,624,0.00744115390311597,"COX5B/COX8A/CYCS",0.237132795081306,"mitochondrial electron transport, cytochrome c to oxygen"
"GO:1904753",3,17,25792,624,0.00744115390311597,"MEF2C/PRKG1/TPM1",0.237132795081306,"negative regulation of vascular associated smooth muscle cell migration"
"GO:0032543",7,94,25792,624,0.0078379497161926,"MRPL15/MRPL30/MRPS17/MRPL12/MRPS12/MRPL17/MRPL57",0.237132795081306,"mitochondrial translation"
"GO:0046513",4,33,25792,624,0.00795933897050446,"ALOX12B/P2RX1/ALOXE3/CERS4",0.237132795081306,"ceramide biosynthetic process"
"GO:0014050",2,6,25792,624,0.00821747309687694,"NPY5R/PRKG1",0.237132795081306,"negative regulation of glutamate secretion"
"GO:0030854",2,6,25792,624,0.00821747309687694,"LEF1/TESC",0.237132795081306,"positive regulation of granulocyte differentiation"
"GO:0032229",2,6,25792,624,0.00821747309687694,"NPY5R/SLC6A1",0.237132795081306,"negative regulation of synaptic transmission, GABAergic"
"GO:0036324",2,6,25792,624,0.00821747309687694,"SLC31A1/VEGFA",0.237132795081306,"vascular endothelial growth factor receptor-2 signaling pathway"
"GO:0036446",2,6,25792,624,0.00821747309687694,"MIR145/ZEB2",0.237132795081306,"myofibroblast differentiation"
"GO:0043457",2,6,25792,624,0.00821747309687694,"CISD1/PRDM16",0.237132795081306,"regulation of cellular respiration"
"GO:0044381",2,6,25792,624,0.00821747309687694,"SLC27A4/SLC2A4",0.237132795081306,"glucose import in response to insulin stimulus"
"GO:0055129",2,6,25792,624,0.00821747309687694,"PYCR1/PYCR3",0.237132795081306,"L-proline biosynthetic process"
"GO:0060414",2,6,25792,624,0.00821747309687694,"MIR143/MIR145",0.237132795081306,"aorta smooth muscle tissue morphogenesis"
"GO:0061156",2,6,25792,624,0.00821747309687694,"HEY2/STRA6",0.237132795081306,"pulmonary artery morphogenesis"
"GO:1990962",2,6,25792,624,0.00821747309687694,"ABCB1/ABCG2",0.237132795081306,"xenobiotic transport across blood-brain barrier"
"GO:0060392",3,18,25792,624,0.00877089406588379,"MIR27A/CCN3/PBLD",0.247563751429127,"negative regulation of SMAD protein signal transduction"
"GO:0042273",4,34,25792,624,0.00885128924251554,"MRTO4/WDR74/WDR12/AFG2B",0.247563751429127,"ribosomal large subunit biogenesis"
"GO:0000027",3,19,25792,624,0.0102308080723772,"NOP2/MRTO4/NLE1",0.26729285366818,"ribosomal large subunit assembly"
"GO:0030166",3,19,25792,624,0.0102308080723772,"CHST12/CSGALNACT1/GAL3ST3",0.26729285366818,"proteoglycan biosynthetic process"
"GO:0045653",3,19,25792,624,0.0102308080723772,"PF4/H4C1/H4C3",0.26729285366818,"negative regulation of megakaryocyte differentiation"
"GO:0008544",6,76,25792,624,0.0102437128950466,"CDSN/ACER1/CRABP2/KLK5/PTHLH/SPRR2F",0.26729285366818,"epidermis development"
"GO:0007218",6,77,25792,624,0.0108886630197014,"NMUR1/CMKLR2/GPR171/NPY1R/NPY5R/TYRO3",0.26729285366818,"neuropeptide signaling pathway"
"GO:0006166",2,7,25792,624,0.0113209844512926,"APRT/PNP",0.26729285366818,"purine ribonucleoside salvage"
"GO:0006563",2,7,25792,624,0.0113209844512926,"PSPH/SRR",0.26729285366818,"L-serine metabolic process"
"GO:0007207",2,7,25792,624,0.0113209844512926,"GNA15/PRKCB",0.26729285366818,"phospholipase C-activating G protein-coupled acetylcholine receptor signaling pathway"
"GO:0030213",2,7,25792,624,0.0113209844512926,"HAS1/HAS2",0.26729285366818,"hyaluronan biosynthetic process"
"GO:0034440",2,7,25792,624,0.0113209844512926,"ALOX12B/ALOXE3",0.26729285366818,"lipid oxidation"
"GO:0048733",2,7,25792,624,0.0113209844512926,"ACER1/KRT76",0.26729285366818,"sebaceous gland development"
"GO:0099536",2,7,25792,624,0.0113209844512926,"DTNA/UTRN",0.26729285366818,"synaptic signaling"
"GO:0006883",3,20,25792,624,0.011823161640601,"ATP1A2/ATP1B2/SCNN1A",0.272082378007754,"intracellular sodium ion homeostasis"
"GO:0030220",3,20,25792,624,0.011823161640601,"ZNF385A/MEF2C/TAL1",0.272082378007754,"platelet formation"
"GO:0007200",6,79,25792,624,0.0122638075400514,"NMUR1/ADRA1D/ADRA1A/GNA15/GPR20/GPR157",0.278405252264499,"phospholipase C-activating G protein-coupled receptor signaling pathway"
"GO:0006605",4,38,25792,624,0.0130623566249538,"GIPC1/AP1S3/TRAK2/RASSF9",0.278405252264499,"protein targeting"
"GO:0060048",4,38,25792,624,0.0130623566249538,"ATP1A2/RYR2/TPM1/CASQ2",0.278405252264499,"cardiac muscle contraction"
"GO:0031589",3,21,25792,624,0.0135498109151968,"SORBS1/ANGPT1/ATP1B2",0.278405252264499,"cell-substrate adhesion"
"GO:0030168",5,59,25792,624,0.0139597824223051,"ADRA2C/DGKG/P2RX1/PF4/TYRO3",0.278405252264499,"platelet activation"
"GO:0010628",18,419,25792,624,0.0142190230254052,"OCLN/GATA5/ALOX12B/ANGPT1/HOXD3/IL7R/MUSTN1/MIR27A/MEF2C/NTRK3/LEF1/PF4/PGR/POU3F1/TESC/ACTA2/VEGFA/MYOM1",0.278405252264499,"positive regulation of gene expression"
"GO:0033627",4,39,25792,624,0.0142832889943358,"ITGA1/ITGA7/CCN3/ITGA8",0.278405252264499,"cell adhesion mediated by integrin"
"GO:0001915",2,8,25792,624,0.0148544056488759,"IL7R/KLRD1",0.278405252264499,"negative regulation of T cell mediated cytotoxicity"
"GO:0006271",2,8,25792,624,0.0148544056488759,"MCM4/POLD2",0.278405252264499,"DNA strand elongation involved in DNA replication"
"GO:0010827",2,8,25792,624,0.0148544056488759,"OCLN/PRKCB",0.278405252264499,"regulation of glucose transmembrane transport"
"GO:0035767",2,8,25792,624,0.0148544056488759,"CCN3/VEGFA",0.278405252264499,"endothelial cell chemotaxis"
"GO:0045652",2,8,25792,624,0.0148544056488759,"EIF6/MEF2C",0.278405252264499,"regulation of megakaryocyte differentiation"
"GO:0048512",2,8,25792,624,0.0148544056488759,"C3orf70/GPR157",0.278405252264499,"circadian behavior"
"GO:0051151",2,8,25792,624,0.0148544056488759,"RBPMS2/PRDM6",0.278405252264499,"negative regulation of smooth muscle cell differentiation"
"GO:0051481",2,8,25792,624,0.0148544056488759,"KCNA5/ATP1A2",0.278405252264499,"negative regulation of cytosolic calcium ion concentration"
"GO:0060253",2,8,25792,624,0.0148544056488759,"ABCC8/TSPO",0.278405252264499,"negative regulation of glial cell proliferation"
"GO:1902732",2,8,25792,624,0.0148544056488759,"MUSTN1/LEF1",0.278405252264499,"positive regulation of chondrocyte proliferation"
"GO:2000480",2,8,25792,624,0.0148544056488759,"PRKAR2A/PRKAR2B",0.278405252264499,"negative regulation of cAMP-dependent protein kinase activity"
"GO:0030325",3,22,25792,624,0.0154122262665562,"WNT4/STRA6/TSPO",0.285912524006115,"adrenal gland development"
"GO:0030501",4,41,25792,624,0.0169360204328659,"FBN2/MEF2C/WNT4/KL",0.294565931387743,"positive regulation of bone mineralization"
"GO:1990573",4,41,25792,624,0.0169360204328659,"KCNJ3/ATP1A2/ATP1B2/ABCC8",0.294565931387743,"potassium ion import across plasma membrane"
"GO:0042744",3,23,25792,624,0.0174115150534585,"HBM/HBD/HBG1",0.294565931387743,"hydrogen peroxide catabolic process"
"GO:0061484",3,23,25792,624,0.0174115150534585,"CCN3/NLE1/ARHGEF5",0.294565931387743,"hematopoietic stem cell homeostasis"
"GO:0001822",7,111,25792,624,0.01838580679963,"HAS2/MPST/WNT4/NLE1/STRA6/VEGFA/ITGA8",0.294565931387743,"kidney development"
"GO:0001960",2,9,25792,624,0.0187951859411321,"ECM1/IL36RN",0.294565931387743,"negative regulation of cytokine-mediated signaling pathway"
"GO:0003214",2,9,25792,624,0.0187951859411321,"HEY2/NPY5R",0.294565931387743,"cardiac left ventricle morphogenesis"
"GO:0007599",2,9,25792,624,0.0187951859411321,"FLI1/ZNF385A",0.294565931387743,"hemostasis"
"GO:0010459",2,9,25792,624,0.0187951859411321,"AGTR2/PLN",0.294565931387743,"negative regulation of heart rate"
"GO:0014808",2,9,25792,624,0.0187951859411321,"RYR2/RYR3",0.294565931387743,"release of sequestered calcium ion into cytosol by sarcoplasmic reticulum"
"GO:0050915",2,9,25792,624,0.0187951859411321,"ASIC2/SCNN1A",0.294565931387743,"sensory perception of sour taste"
"GO:0051122",2,9,25792,624,0.0187951859411321,"ALOX12B/ALOXE3",0.294565931387743,"hepoxilin biosynthetic process"
"GO:0061042",2,9,25792,624,0.0187951859411321,"MCAM/VEGFA",0.294565931387743,"vascular wound healing"
"GO:0070233",2,9,25792,624,0.0187951859411321,"IL7R/CD27",0.294565931387743,"negative regulation of T cell apoptotic process"
"GO:0071803",2,9,25792,624,0.0187951859411321,"FSCN1/ARHGEF5",0.294565931387743,"positive regulation of podosome assembly"
"GO:0090037",2,9,25792,624,0.0187951859411321,"ADRA1A/VEGFA",0.294565931387743,"positive regulation of protein kinase C signaling"
"GO:0090150",2,9,25792,624,0.0187951859411321,"RAB10/COLQ",0.294565931387743,"establishment of protein localization to membrane"
"GO:1900748",2,9,25792,624,0.0187951859411321,"SMOC2/VEGFA",0.294565931387743,"positive regulation of vascular endothelial growth factor signaling pathway"
"GO:0010667",3,24,25792,624,0.0195484433883523,"SIRT4/HEY2/MIR145",0.301139908376899,"negative regulation of cardiac muscle cell apoptotic process"
"GO:0006821",4,43,25792,624,0.0198772216750428,"NMUR1/SLC4A1/TSPO/BEST1",0.301139908376899,"chloride transport"
"GO:0007188",4,43,25792,624,0.0198772216750428,"ADRA1D/GNA15/GPR171/PRKACB",0.301139908376899,"adenylate cyclase-modulating G protein-coupled receptor signaling pathway"
"GO:0043536",4,43,25792,624,0.0198772216750428,"ANGPT1/MIR143/ANGPT4/VEGFA",0.301139908376899,"positive regulation of blood vessel endothelial cell migration"
"GO:0002092",3,25,25792,624,0.0218234569430462,"ANGPT1/NTF3/VEGFA",0.32087854165778,"positive regulation of receptor internalization"
"GO:0008542",4,45,25792,624,0.023114435912797,"SLC7A11/ATP1A2/ABCC8/PDE8B",0.32087854165778,"visual learning"
"GO:0010989",2,10,25792,624,0.0231216110875518,"MIR27A/ABCC8",0.32087854165778,"negative regulation of low-density lipoprotein particle clearance"
"GO:0016126",2,10,25792,624,0.0231216110875518,"ERG28/PRKAG2",0.32087854165778,"sterol biosynthetic process"
"GO:0032780",2,10,25792,624,0.0231216110875518,"PPIF/PLN",0.32087854165778,"negative regulation of ATP-dependent activity"
"GO:0042753",2,10,25792,624,0.0231216110875518,"PRKG1/BMAL2",0.32087854165778,"positive regulation of circadian rhythm"
"GO:0048023",2,10,25792,624,0.0231216110875518,"GIPC1/ZEB2",0.32087854165778,"positive regulation of melanin biosynthetic process"
"GO:0048048",2,10,25792,624,0.0231216110875518,"FBN2/VAX2",0.32087854165778,"embryonic eye morphogenesis"
"GO:0070633",2,10,25792,624,0.0231216110875518,"ABCB1/ABCG2",0.32087854165778,"transepithelial transport"
"GO:0090370",2,10,25792,624,0.0231216110875518,"MIR145/MIR27A",0.32087854165778,"negative regulation of cholesterol efflux"
"GO:0140115",2,10,25792,624,0.0231216110875518,"ABCB1/ABCG2",0.32087854165778,"export across plasma membrane"
"GO:0045669",5,69,25792,624,0.0257959894880741,"FBN2/SCUBE3/MIR27A/MEF2C/WNT4",0.34871466968274,"positive regulation of osteoblast differentiation"
"GO:0030198",8,146,25792,624,0.0259533257201718,"ADAMTS19/CSGALNACT1/SMOC1/SMOC2/ADAMTS10/COLQ/ITGA8/ADAMTSL1",0.34871466968274,"extracellular matrix organization"
"GO:0006874",6,94,25792,624,0.0266323597323461,"PLN/PRKCB/RYR2/RYR3/CASQ2/STC2",0.34871466968274,"intracellular calcium ion homeostasis"
"GO:0007202",3,27,25792,624,0.0267880386032672,"NMUR1/ADRA1A/GNA15",0.34871466968274,"activation of phospholipase C activity"
"GO:0043537",3,27,25792,624,0.0267880386032672,"AGTR2/MEF2C/ANGPT4",0.34871466968274,"negative regulation of blood vessel endothelial cell migration"
"GO:0043410",8,147,25792,624,0.0268896738489865,"FCRL3/ADRA1A/ADRA2C/DOK6/ALOX12B/IL11/ITGA1/MEF2C",0.34871466968274,"positive regulation of MAPK cascade"
"GO:0010764",2,11,25792,624,0.027812776184817,"HAS1/ZEB2",0.34871466968274,"negative regulation of fibroblast migration"
"GO:0015670",2,11,25792,624,0.027812776184817,"HBD/HBG1",0.34871466968274,"carbon dioxide transport"
"GO:0019372",2,11,25792,624,0.027812776184817,"ALOX12B/ALOXE3",0.34871466968274,"lipoxygenase pathway"
"GO:0030210",2,11,25792,624,0.027812776184817,"ANGPT1/CSGALNACT1",0.34871466968274,"heparin biosynthetic process"
"GO:0048333",2,11,25792,624,0.027812776184817,"MIR145/ITGA8",0.34871466968274,"mesodermal cell differentiation"
"GO:0051775",2,11,25792,624,0.027812776184817,"SLC7A11/RYR2",0.34871466968274,"response to redox state"
"GO:0086009",2,11,25792,624,0.027812776184817,"ATP1A2/ATP1B2",0.34871466968274,"membrane repolarization"
"GO:2001028",2,11,25792,624,0.027812776184817,"SMOC2/VEGFA",0.34871466968274,"positive regulation of endothelial cell chemotaxis"
"GO:0031424",4,49,25792,624,0.0305001151789568,"KRT76/PPL/SPRR2F/TGM3",0.364082818614123,"keratinization"
"GO:1904706",3,29,25792,624,0.0323031502049232,"MEF2C/PRKG1/TPM1",0.364082818614123,"negative regulation of vascular associated smooth muscle cell proliferation"
"GO:0042127",7,125,25792,624,0.0325129115040095,"TXNIP/SLC7A11/NR5A2/PF4/TAL1/TSPO/ECRG4",0.364082818614123,"regulation of cell population proliferation"
"GO:0006487",4,50,25792,624,0.032539492626128,"MGAT4A/FUT6/DOLPP1/MAGT1",0.364082818614123,"protein N-linked glycosylation"
"GO:0009612",4,50,25792,624,0.032539492626128,"TXNIP/KCNA5/PPL/PSPH",0.364082818614123,"response to mechanical stimulus"
"GO:0000470",2,12,25792,624,0.032848559317756,"EIF6/NOP2",0.364082818614123,"maturation of LSU-rRNA"
"GO:0043117",2,12,25792,624,0.032848559317756,"PDE3A/VEGFA",0.364082818614123,"positive regulation of vascular permeability"
"GO:0050927",2,12,25792,624,0.032848559317756,"NTRK3/VEGFA",0.364082818614123,"positive regulation of positive chemotaxis"
"GO:0071786",2,12,25792,624,0.032848559317756,"RAB10/REEP1",0.364082818614123,"endoplasmic reticulum tubular network organization"
"GO:0086004",2,12,25792,624,0.032848559317756,"ATP1A2/PLN",0.364082818614123,"regulation of cardiac muscle cell contraction"
"GO:0006936",5,74,25792,624,0.0335651160040166,"SGCA/SNTB1/TPM2/UTRN/MYOM2",0.364082818614123,"muscle contraction"
"GO:0007160",6,100,25792,624,0.0346184291150158,"SORBS1/HOXD3/ITGA1/ITGA7/FERMT1/ITGA8",0.364082818614123,"cell-matrix adhesion"
"GO:0002062",4,51,25792,624,0.0346567891474119,"MUSTN1/MEF2C/CCN3/SOX5",0.364082818614123,"chondrocyte differentiation"
"GO:0045785",4,51,25792,624,0.0346567891474119,"ANGPT1/RHOD/TPM1/VEGFA",0.364082818614123,"positive regulation of cell adhesion"
"GO:0042100",3,30,25792,624,0.0352654025091428,"IL7R/MEF2C/LEF1",0.364082818614123,"B cell proliferation"
"GO:0003085",2,13,25792,624,0.0382095960082906,"IER3/KL",0.364082818614123,"negative regulation of systemic arterial blood pressure"
"GO:0003407",2,13,25792,624,0.0382095960082906,"GPM6A/ATP2B2",0.364082818614123,"neural retina development"
"GO:0005513",2,13,25792,624,0.0382095960082906,"RYR2/CASQ2",0.364082818614123,"detection of calcium ion"
"GO:0006110",2,13,25792,624,0.0382095960082906,"EIF6/PRKAG2",0.364082818614123,"regulation of glycolytic process"
"GO:0010737",2,13,25792,624,0.0382095960082906,"PRKACB/MYOM1",0.364082818614123,"protein kinase A signaling"
"GO:0015909",2,13,25792,624,0.0382095960082906,"SLC27A4/FABP3",0.364082818614123,"long-chain fatty acid transport"
"GO:0036376",2,13,25792,624,0.0382095960082906,"ATP1A2/ATP1B2",0.364082818614123,"sodium ion export across plasma membrane"
"GO:0045039",2,13,25792,624,0.0382095960082906,"TIMM8A/TIMM8B",0.364082818614123,"protein insertion into mitochondrial inner membrane"
"GO:0048599",2,13,25792,624,0.0382095960082906,"YBX2/WNT4",0.364082818614123,"oocyte development"
"GO:0050930",2,13,25792,624,0.0382095960082906,"NTF3/VEGFA",0.364082818614123,"induction of positive chemotaxis"
"GO:0055119",2,13,25792,624,0.0382095960082906,"ATP1A2/PLN",0.364082818614123,"relaxation of cardiac muscle"
"GO:0060402",2,13,25792,624,0.0382095960082906,"ADRA1A/RYR2",0.364082818614123,"calcium ion transport into cytosol"
"GO:0071470",2,13,25792,624,0.0382095960082906,"SLC2A4/LRRC8C",0.364082818614123,"cellular response to osmotic stress"
"GO:0071498",2,13,25792,624,0.0382095960082906,"HAS2/MEF2C",0.364082818614123,"cellular response to fluid shear stress"
"GO:0035924",3,31,25792,624,0.0383627379470132,"MIR27A/MT1G/VEGFA",0.364082818614123,"cellular response to vascular endothelial growth factor stimulus"
"GO:0043122",3,31,25792,624,0.0383627379470132,"CARD8/ANGPT1/TRAF5",0.364082818614123,"regulation of canonical NF-kappaB signal transduction"
"GO:0046676",3,31,25792,624,0.0383627379470132,"SIRT4/CCN3/ABCC8",0.364082818614123,"negative regulation of insulin secretion"
"GO:0050873",3,31,25792,624,0.0383627379470132,"FABP3/PRDM16/SLC2A4",0.364082818614123,"brown fat cell differentiation"
"GO:0050853",4,53,25792,624,0.0391259703276691,"MEF2C/PRKCB/BLK/CD79B",0.364082818614123,"B cell receptor signaling pathway"
"GO:0007169",6,103,25792,624,0.0391330586019969,"DOK6/SHC4/NTF3/NTRK3/BLK/TYRO3",0.364082818614123,"transmembrane receptor protein tyrosine kinase signaling pathway"
"GO:0009410",10,220,25792,624,0.0423170603071594,"TXNIP/ADRA1A/GCLM/PNP/PDE3A/ABCB1/PRKCB/SRR/ABCC8/TSPO",0.364082818614123,"response to xenobiotic stimulus"
"GO:0007613",5,79,25792,624,0.042645934417049,"FEN1/NTF3/SLC6A1/ABCC8/ITGA8",0.364082818614123,"memory"
"GO:0001913",2,14,25792,624,0.043877254439278,"IL7R/PRF1",0.364082818614123,"T cell mediated cytotoxicity"
"GO:0030007",2,14,25792,624,0.043877254439278,"ATP1A2/ATP1B2",0.364082818614123,"intracellular potassium ion homeostasis"
"GO:0032230",2,14,25792,624,0.043877254439278,"ADRA1A/NALCN",0.364082818614123,"positive regulation of synaptic transmission, GABAergic"
"GO:0032516",2,14,25792,624,0.043877254439278,"AGTR2/ITGA1",0.364082818614123,"positive regulation of phosphoprotein phosphatase activity"
"GO:0050884",2,14,25792,624,0.043877254439278,"ADARB1/SLURP1",0.364082818614123,"neuromuscular process controlling posture"
"GO:0071468",2,14,25792,624,0.043877254439278,"ASIC2/SCNN1A",0.364082818614123,"cellular response to acidic pH"
"GO:0085029",2,14,25792,624,0.043877254439278,"HAS1/HAS2",0.364082818614123,"extracellular matrix assembly"
"GO:0002040",3,33,25792,624,0.0449573213484968,"ANGPT1/LEF1/VEGFA",0.364082818614123,"sprouting angiogenesis"
"GO:0043542",3,33,25792,624,0.0449573213484968,"GIPC1/STARD13/ZEB2",0.364082818614123,"endothelial cell migration"
"GO:0061436",3,33,25792,624,0.0449573213484968,"ALOX12B/CYSRT1/ALOXE3",0.364082818614123,"establishment of skin barrier"
"GO:0048812",4,56,25792,624,0.0464173159382327,"GPM6A/ITGA1/NEK3/NTF3",0.364082818614123,"neuron projection morphogenesis"
"GO:0008284",16,417,25792,624,0.048303188988501,"ADRA1D/MAPK15/CLCF1/HAS2/NCCRP1/IL7R/IL11/SHC4/NOP2/NTF3/NTRK3/PTHLH/PDF/TRAF5/VEGFA/TCL1A",0.364082818614123,"positive regulation of cell population proliferation"
"GO:0000463",2,15,25792,624,0.0498336114308059,"RPL7L1/WDR12",0.364082818614123,"maturation of LSU-rRNA from tricistronic rRNA transcript (SSU-rRNA, 5.8S rRNA, LSU-rRNA)"
"GO:0010614",2,15,25792,624,0.0498336114308059,"GATA5/MIR145",0.364082818614123,"negative regulation of cardiac muscle hypertrophy"
"GO:0042308",2,15,25792,624,0.0498336114308059,"ANGPT1/FERMT1",0.364082818614123,"negative regulation of protein import into nucleus"
"GO:0043116",2,15,25792,624,0.0498336114308059,"ANGPT1/PDE3A",0.364082818614123,"negative regulation of vascular permeability"
"GO:0045651",2,15,25792,624,0.0498336114308059,"MIR145/PF4",0.364082818614123,"positive regulation of macrophage differentiation"
"GO:0048745",2,15,25792,624,0.0498336114308059,"STRA6/ITGA8",0.364082818614123,"smooth muscle tissue development"
"GO:0098662",2,15,25792,624,0.0498336114308059,"ASIC2/ABCC8",0.364082818614123,"inorganic cation transmembrane transport"
"GO:1902166",2,15,25792,624,0.0498336114308059,"ZNF385A/TRIAP1",0.364082818614123,"negative regulation of intrinsic apoptotic signaling pathway in response to DNA damage by p53 class mediator"
"GO:0050731",5,83,25792,624,0.05087689230236,"ANGPT1/IL11/NTF3/ANGPT4/VEGFA",0.364082818614123,"positive regulation of peptidyl-tyrosine phosphorylation"
"GO:0030097",4,58,25792,624,0.0516690716336984,"EBP/ANGPT1/IL7R/TAL1",0.364082818614123,"hemopoiesis"
"GO:0045333",3,35,25792,624,0.0520744637975677,"COX5B/COX8A/CYCS",0.364082818614123,"cellular respiration"
"GO:0046627",3,35,25792,624,0.0520744637975677,"SLC27A4/PIP4K2A/PRKCB",0.364082818614123,"negative regulation of insulin receptor signaling pathway"
"GO:0050728",6,112,25792,624,0.0548432747571134,"MIR145/MVK/CCN3/IL22RA1/TYRO3/IER3",0.364082818614123,"negative regulation of inflammatory response"
"GO:0071277",5,85,25792,624,0.0553172089998621,"PPIF/RASGRP2/ACER1/MEF2C/RYR3",0.364082818614123,"cellular response to calcium ion"
"GO:0051480",3,36,25792,624,0.0558244059140787,"ATP2B2/PLN/RYR2",0.364082818614123,"regulation of cytosolic calcium ion concentration"
"GO:0060173",3,36,25792,624,0.0558244059140787,"SLC7A11/SMOC1/KREMEN1",0.364082818614123,"limb development"
"GO:0002026",2,16,25792,624,0.0560614291471208,"ATP1A2/PLN",0.364082818614123,"regulation of the force of heart contraction"
"GO:0016125",2,16,25792,624,0.0560614291471208,"CYP11A1/EBPL",0.364082818614123,"sterol metabolic process"
"GO:0030224",2,16,25792,624,0.0560614291471208,"MT1G/VEGFA",0.364082818614123,"monocyte differentiation"
"GO:0048738",2,16,25792,624,0.0560614291471208,"GATA5/PLN",0.364082818614123,"cardiac muscle tissue development"
"GO:0055091",2,16,25792,624,0.0560614291471208,"FABP3/LIPG",0.364082818614123,"phospholipid homeostasis"
"GO:0006869",4,60,25792,624,0.0572313621696002,"STARD10/VPS13C/APOL3/ABCG2",0.364082818614123,"lipid transport"
"GO:0050918",3,37,25792,624,0.0596991999352848,"ANGPT1/NTF3/VEGFA",0.364082818614123,"positive chemotaxis"
"GO:0007565",4,61,25792,624,0.0601280517969181,"PTHLH/PZP/ABCC8/ENDOU",0.364082818614123,"female pregnancy"
"GO:0010595",4,61,25792,624,0.0601280517969181,"ANGPT1/ANGPT4/SMOC2/VEGFA",0.364082818614123,"positive regulation of endothelial cell migration"
"GO:0000712",2,17,25792,624,0.0625441325129881,"EME1/CENPX",0.364082818614123,"resolution of meiotic recombination intermediates"
"GO:0001779",2,17,25792,624,0.0625441325129881,"TYRO3/TOX",0.364082818614123,"natural killer cell differentiation"
"GO:0003184",2,17,25792,624,0.0625441325129881,"HEY2/STRA6",0.364082818614123,"pulmonary valve morphogenesis"
"GO:0006820",2,17,25792,624,0.0625441325129881,"SLC4A1/TSPO",0.364082818614123,"monoatomic anion transport"
"GO:0008637",2,17,25792,624,0.0625441325129881,"PPIF/GCLM",0.364082818614123,"apoptotic mitochondrial changes"
"GO:0048535",2,17,25792,624,0.0625441325129881,"IL7R/TOX",0.364082818614123,"lymph node development"
"GO:0071310",2,17,25792,624,0.0625441325129881,"TBX21/ABCC8",0.364082818614123,"cellular response to organic substance"
"GO:0090190",2,17,25792,624,0.0625441325129881,"AGTR2/VEGFA",0.364082818614123,"positive regulation of branching involved in ureteric bud morphogenesis"
"GO:1903589",2,17,25792,624,0.0625441325129881,"MIR27A/VEGFA",0.364082818614123,"positive regulation of blood vessel endothelial cell proliferation involved in sprouting angiogenesis"
"GO:0045214",3,38,25792,624,0.063696643647599,"LDB3/TPM1/MYOM2",0.364082818614123,"sarcomere organization"
"GO:0006813",4,63,25792,624,0.0661501652779818,"KCNA5/KCNJ3/ATP1A2/ABCC8",0.364082818614123,"potassium ion transport"
"GO:0006633",3,39,25792,624,0.0678144232020376,"PRKAG2/ELOVL4/LIPG",0.364082818614123,"fatty acid biosynthetic process"
"GO:0030279",2,18,25792,624,0.0692657873188761,"MEF2C/KREMEN1",0.364082818614123,"negative regulation of ossification"
"GO:0032332",2,18,25792,624,0.0692657873188761,"MUSTN1/SOX5",0.364082818614123,"positive regulation of chondrocyte differentiation"
"GO:0043401",2,18,25792,624,0.0692657873188761,"PAQR7/PDE3A",0.364082818614123,"steroid hormone mediated signaling pathway"
"GO:0046889",2,18,25792,624,0.0692657873188761,"SORBS1/SIRT4",0.364082818614123,"positive regulation of lipid biosynthetic process"
"GO:0061644",2,18,25792,624,0.0692657873188761,"H4C1/H4C3",0.364082818614123,"protein localization to CENP-A containing chromatin"
"GO:0071294",2,18,25792,624,0.0692657873188761,"MT1G/TSPO",0.364082818614123,"cellular response to zinc ion"
"GO:0000098",1,3,25792,624,0.0708415026961918,"MPST",0.364082818614123,"sulfur amino acid catabolic process"
"GO:0001562",1,3,25792,624,0.0708415026961918,"IER3",0.364082818614123,"response to protozoan"
"GO:0001754",1,3,25792,624,0.0708415026961918,"NKD1",0.364082818614123,"eye photoreceptor cell differentiation"
"GO:0001996",1,3,25792,624,0.0708415026961918,"ADRA1A",0.364082818614123,"positive regulation of heart rate by epinephrine-norepinephrine"
"GO:0002408",1,3,25792,624,0.0708415026961918,"ARHGEF5",0.364082818614123,"myeloid dendritic cell chemotaxis"
"GO:0002418",1,3,25792,624,0.0708415026961918,"PRF1",0.364082818614123,"immune response to tumor cell"
"GO:0002521",1,3,25792,624,0.0708415026961918,"TOX",0.364082818614123,"leukocyte differentiation"
"GO:0002865",1,3,25792,624,0.0708415026961918,"NPY5R",0.364082818614123,"negative regulation of acute inflammatory response to antigenic stimulus"
"GO:0003138",1,3,25792,624,0.0708415026961918,"MEF2C",0.364082818614123,"primary heart field specification"
"GO:0006157",1,3,25792,624,0.0708415026961918,"PNP",0.364082818614123,"deoxyadenosine catabolic process"
"GO:0006163",1,3,25792,624,0.0708415026961918,"GMPR",0.364082818614123,"purine nucleotide metabolic process"
"GO:0006561",1,3,25792,624,0.0708415026961918,"PYCR1",0.364082818614123,"proline biosynthetic process"
"GO:0006704",1,3,25792,624,0.0708415026961918,"CYP11A1",0.364082818614123,"glucocorticoid biosynthetic process"
"GO:0007320",1,3,25792,624,0.0708415026961918,"P2RX1",0.364082818614123,"insemination"
"GO:0007525",1,3,25792,624,0.0708415026961918,"NKD1",0.364082818614123,"somatic muscle development"
"GO:0009072",1,3,25792,624,0.0708415026961918,"HPDL",0.364082818614123,"aromatic amino acid metabolic process"
"GO:0010609",1,3,25792,624,0.0708415026961918,"ZNF385A",0.364082818614123,"mRNA localization resulting in post-transcriptional regulation of gene expression"
"GO:0015829",1,3,25792,624,0.0708415026961918,"SLC7A8",0.364082818614123,"valine transport"
"GO:0015878",1,3,25792,624,0.0708415026961918,"ABCG2",0.364082818614123,"biotin transport"
"GO:0019276",1,3,25792,624,0.0708415026961918,"CSGALNACT1",0.364082818614123,"UDP-N-acetylgalactosamine metabolic process"
"GO:0019287",1,3,25792,624,0.0708415026961918,"MVK",0.364082818614123,"isopentenyl diphosphate biosynthetic process, mevalonate pathway"
"GO:0021885",1,3,25792,624,0.0708415026961918,"TYRO3",0.364082818614123,"forebrain cell migration"
"GO:0021965",1,3,25792,624,0.0708415026961918,"ADARB1",0.364082818614123,"spinal cord ventral commissure morphogenesis"
"GO:0030046",1,3,25792,624,0.0708415026961918,"FSCN1",0.364082818614123,"parallel actin filament bundle assembly"
"GO:0032224",1,3,25792,624,0.0708415026961918,"NALCN",0.364082818614123,"positive regulation of synaptic transmission, cholinergic"
"GO:0032349",1,3,25792,624,0.0708415026961918,"WNT4",0.364082818614123,"positive regulation of aldosterone biosynthetic process"
"GO:0034633",1,3,25792,624,0.0708415026961918,"STRA6",0.364082818614123,"retinol transport"
"GO:0035669",1,3,25792,624,0.0708415026961918,"RAB11FIP2",0.364082818614123,"TRAM-dependent toll-like receptor 4 signaling pathway"
"GO:0035811",1,3,25792,624,0.0708415026961918,"SLC4A1",0.364082818614123,"negative regulation of urine volume"
"GO:0035886",1,3,25792,624,0.0708415026961918,"MIR145",0.364082818614123,"vascular associated smooth muscle cell differentiation"
"GO:0036303",1,3,25792,624,0.0708415026961918,"VEGFA",0.364082818614123,"lymph vessel morphogenesis"
"GO:0036416",1,3,25792,624,0.0708415026961918,"METTL1",0.364082818614123,"tRNA stabilization"
"GO:0038091",1,3,25792,624,0.0708415026961918,"VEGFA",0.364082818614123,"positive regulation of cell proliferation by VEGF-activated platelet derived growth factor receptor signaling pathway"
"GO:0038179",1,3,25792,624,0.0708415026961918,"NTRK3",0.364082818614123,"neurotrophin signaling pathway"
"GO:0038195",1,3,25792,624,0.0708415026961918,"SLURP1",0.364082818614123,"urokinase plasminogen activator signaling pathway"
"GO:0042278",1,3,25792,624,0.0708415026961918,"MACROD2",0.364082818614123,"purine nucleoside metabolic process"
"GO:0042304",1,3,25792,624,0.0708415026961918,"EIF6",0.364082818614123,"regulation of fatty acid biosynthetic process"
"GO:0042488",1,3,25792,624,0.0708415026961918,"PRKCB",0.364082818614123,"positive regulation of odontogenesis of dentin-containing tooth"
"GO:0043585",1,3,25792,624,0.0708415026961918,"STRA6",0.364082818614123,"nose morphogenesis"
"GO:0043686",1,3,25792,624,0.0708415026961918,"PDF",0.364082818614123,"co-translational protein modification"
"GO:0044752",1,3,25792,624,0.0708415026961918,"GCLM",0.364082818614123,"response to human chorionic gonadotropin"
"GO:0045200",1,3,25792,624,0.0708415026961918,"RAB10",0.364082818614123,"establishment of neuroblast polarity"
"GO:0045876",1,3,25792,624,0.0708415026961918,"FEN1",0.364082818614123,"positive regulation of sister chromatid cohesion"
"GO:0046058",1,3,25792,624,0.0708415026961918,"PTHLH",0.364082818614123,"cAMP metabolic process"
"GO:0047484",1,3,25792,624,0.0708415026961918,"ABCB1",0.364082818614123,"regulation of response to osmotic stress"
"GO:0048021",1,3,25792,624,0.0708415026961918,"SLC7A11",0.364082818614123,"regulation of melanin biosynthetic process"
"GO:0050651",1,3,25792,624,0.0708415026961918,"CSGALNACT1",0.364082818614123,"dermatan sulfate proteoglycan biosynthetic process"
"GO:0051250",1,3,25792,624,0.0708415026961918,"TYRO3",0.364082818614123,"negative regulation of lymphocyte activation"
"GO:0051284",1,3,25792,624,0.0708415026961918,"RYR2",0.364082818614123,"positive regulation of sequestering of calcium ion"
"GO:0051873",1,3,25792,624,0.0708415026961918,"PF4",0.364082818614123,"killing by host of symbiont cells"
"GO:0055059",1,3,25792,624,0.0708415026961918,"SOX5",0.364082818614123,"asymmetric neuroblast division"
"GO:0060025",1,3,25792,624,0.0708415026961918,"MEF2C",0.364082818614123,"regulation of synaptic activity"
"GO:0060977",1,3,25792,624,0.0708415026961918,"HEY2",0.364082818614123,"coronary vasculature morphogenesis"
"GO:0061535",1,3,25792,624,0.0708415026961918,"ABCC8",0.364082818614123,"glutamate secretion, neurotransmission"
"GO:0062100",1,3,25792,624,0.0708415026961918,"TSPO",0.364082818614123,"positive regulation of programmed necrotic cell death"
"GO:0065004",1,3,25792,624,0.0708415026961918,"HEY2",0.364082818614123,"protein-DNA complex assembly"
"GO:0070900",1,3,25792,624,0.0708415026961918,"METTL8",0.364082818614123,"mitochondrial tRNA modification"
"GO:0071073",1,3,25792,624,0.0708415026961918,"FABP3",0.364082818614123,"positive regulation of phospholipid biosynthetic process"
"GO:0072034",1,3,25792,624,0.0708415026961918,"WNT4",0.364082818614123,"renal vesicle induction"
"GO:0072102",1,3,25792,624,0.0708415026961918,"MEF2C",0.364082818614123,"glomerulus morphogenesis"
"GO:0072300",1,3,25792,624,0.0708415026961918,"AGTR2",0.364082818614123,"positive regulation of metanephric glomerulus development"
"GO:0075509",1,3,25792,624,0.0708415026961918,"JPT2",0.364082818614123,"endocytosis involved in viral entry into host cell"
"GO:0097050",1,3,25792,624,0.0708415026961918,"RYR2",0.364082818614123,"type B pancreatic cell apoptotic process"
"GO:0097051",1,3,25792,624,0.0708415026961918,"RAB10",0.364082818614123,"establishment of protein localization to endoplasmic reticulum membrane"
"GO:0097195",1,3,25792,624,0.0708415026961918,"ADRA1A",0.364082818614123,"pilomotor reflex"
"GO:0097324",1,3,25792,624,0.0708415026961918,"ZEB2",0.364082818614123,"melanocyte migration"
"GO:0098713",1,3,25792,624,0.0708415026961918,"SLC7A8",0.364082818614123,"leucine import across plasma membrane"
"GO:0098904",1,3,25792,624,0.0708415026961918,"RYR2",0.364082818614123,"regulation of AV node cell action potential"
"GO:0098907",1,3,25792,624,0.0708415026961918,"RYR2",0.364082818614123,"regulation of SA node cell action potential"
"GO:0098910",1,3,25792,624,0.0708415026961918,"RYR2",0.364082818614123,"regulation of atrial cardiac muscle cell action potential"
"GO:0099625",1,3,25792,624,0.0708415026961918,"KCNJ3",0.364082818614123,"ventricular cardiac muscle cell membrane repolarization"
"GO:0106034",1,3,25792,624,0.0708415026961918,"CISD1",0.364082818614123,"protein maturation by [2Fe-2S] cluster transfer"
"GO:0110076",1,3,25792,624,0.0708415026961918,"SLC7A11",0.364082818614123,"negative regulation of ferroptosis"
"GO:0140291",1,3,25792,624,0.0708415026961918,"MACROD2",0.364082818614123,"peptidyl-glutamate ADP-deribosylation"
"GO:0140576",1,3,25792,624,0.0708415026961918,"CYB561",0.364082818614123,"ascorbate homeostasis"
"GO:1900086",1,3,25792,624,0.0708415026961918,"VEGFA",0.364082818614123,"positive regulation of peptidyl-tyrosine autophosphorylation"
"GO:1900131",1,3,25792,624,0.0708415026961918,"MIR27A",0.364082818614123,"negative regulation of lipid binding"
"GO:1900625",1,3,25792,624,0.0708415026961918,"HAS2",0.364082818614123,"positive regulation of monocyte aggregation"
"GO:1901387",1,3,25792,624,0.0708415026961918,"STAC2",0.364082818614123,"positive regulation of voltage-gated calcium channel activity"
"GO:1901896",1,3,25792,624,0.0708415026961918,"RYR2",0.364082818614123,"positive regulation of ATPase-coupled calcium transmembrane transporter activity"
"GO:1902445",1,3,25792,624,0.0708415026961918,"PPIF",0.364082818614123,"regulation of mitochondrial membrane permeability involved in programmed necrotic cell death"
"GO:1902463",1,3,25792,624,0.0708415026961918,"OCLN",0.364082818614123,"protein localization to cell leading edge"
"GO:1902635",1,3,25792,624,0.0708415026961918,"PIP4K2A",0.364082818614123,"1-phosphatidyl-1D-myo-inositol 4,5-bisphosphate biosynthetic process"
"GO:1902958",1,3,25792,624,0.0708415026961918,"ISCU",0.364082818614123,"positive regulation of mitochondrial electron transport, NADH to ubiquinone"
"GO:1903288",1,3,25792,624,0.0708415026961918,"ATP1B2",0.364082818614123,"positive regulation of potassium ion import across plasma membrane"
"GO:1903392",1,3,25792,624,0.0708415026961918,"VEGFA",0.364082818614123,"negative regulation of adherens junction organization"
"GO:1903801",1,3,25792,624,0.0708415026961918,"SLC7A8",0.364082818614123,"L-leucine import across plasma membrane"
"GO:1904717",1,3,25792,624,0.0708415026961918,"SLC7A11",0.364082818614123,"regulation of AMPA glutamate receptor clustering"
"GO:1905039",1,3,25792,624,0.0708415026961918,"ABCB1",0.364082818614123,"carboxylic acid transmembrane transport"
"GO:1905075",1,3,25792,624,0.0708415026961918,"ABCC8",0.364082818614123,"positive regulation of tight junction disassembly"
"GO:1990575",1,3,25792,624,0.0708415026961918,"SLC25A2",0.364082818614123,"mitochondrial L-ornithine transmembrane transport"
"GO:2000170",1,3,25792,624,0.0708415026961918,"TXN",0.364082818614123,"positive regulation of peptidyl-cysteine S-nitrosylation"
"GO:2000820",1,3,25792,624,0.0708415026961918,"HEY2",0.364082818614123,"negative regulation of transcription from RNA polymerase II promoter involved in smooth muscle cell differentiation"
"GO:2001016",1,3,25792,624,0.0708415026961918,"MEF2C",0.364082818614123,"positive regulation of skeletal muscle cell differentiation"
"GO:2001212",1,3,25792,624,0.0708415026961918,"HEY2",0.364082818614123,"regulation of vasculogenesis"
"GO:0048286",3,40,25792,624,0.0720501232618824,"SLC7A11/PGR/STRA6",0.364082818614123,"lung alveolus development"
"GO:0007417",6,121,25792,624,0.0738734371812739,"VAX2/ASIC2/ADAM22/CAPG/ECRG4/ARNT2",0.364082818614123,"central nervous system development"
"GO:0051649",5,93,25792,624,0.0752382583889092,"SLC27A4/SLC31A1/ASIC2/RYR2/TYRO3",0.364082818614123,"establishment of localization in cell"
"GO:0000244",2,19,25792,624,0.0762110789949348,"RNU4-2/RNU4-1",0.364082818614123,"spliceosomal tri-snRNP complex assembly"
"GO:0001825",2,19,25792,624,0.0762110789949348,"RPL7L1/WDR74",0.364082818614123,"blastocyst formation"
"GO:0007263",2,19,25792,624,0.0762110789949348,"AGTR2/GUCY1A2",0.364082818614123,"nitric oxide mediated signal transduction"
"GO:0007274",2,19,25792,624,0.0762110789949348,"ADARB1/DTNA",0.364082818614123,"neuromuscular synaptic transmission"
"GO:0030206",2,19,25792,624,0.0762110789949348,"CHST12/CSGALNACT1",0.364082818614123,"chondroitin sulfate biosynthetic process"
"GO:0030705",2,19,25792,624,0.0762110789949348,"MAP6D1/TUBA1C",0.364082818614123,"cytoskeleton-dependent intracellular transport"
"GO:0043149",2,19,25792,624,0.0762110789949348,"SORBS1/ZEB2",0.364082818614123,"stress fiber assembly"
"GO:0043388",2,19,25792,624,0.0762110789949348,"NME1/TXN",0.364082818614123,"positive regulation of DNA binding"
"GO:0045055",2,19,25792,624,0.0762110789949348,"RAB10/RAB11FIP2",0.364082818614123,"regulated exocytosis"
"GO:0061744",2,19,25792,624,0.0762110789949348,"ADARB1/ATP1B2",0.364082818614123,"motor behavior"
"GO:0090201",2,19,25792,624,0.0762110789949348,"PPIF/TRIAP1",0.364082818614123,"negative regulation of release of cytochrome c from mitochondria"
"GO:0010629",10,248,25792,624,0.0804025725665097,"OCLN/GATA5/HEY2/MIR27A/MEF2C/PGR/WNT4/FERMT1/VEGFA/STC2",0.364082818614123,"negative regulation of gene expression"
"GO:0030890",3,42,25792,624,0.0808651734681689,"FCRL3/CLCF1/MEF2C",0.364082818614123,"positive regulation of B cell proliferation"
"GO:0030900",3,42,25792,624,0.0808651734681689,"VAX2/POU3F1/PRKG1",0.364082818614123,"forebrain development"
"GO:0035278",3,42,25792,624,0.0808651734681689,"EIF6/MIR145/MIR27A",0.364082818614123,"miRNA-mediated gene silencing by inhibition of translation"
"GO:0048863",3,42,25792,624,0.0808651734681689,"GPM6A/HOXD4/SHC4",0.364082818614123,"stem cell differentiation"
"GO:0007631",2,20,25792,624,0.0833652920343053,"NPY1R/STRA6",0.364082818614123,"feeding behavior"
"GO:0010460",2,20,25792,624,0.0833652920343053,"HEY2/RYR2",0.364082818614123,"positive regulation of heart rate"
"GO:0030101",2,20,25792,624,0.0833652920343053,"ULBP3/NCR1",0.364082818614123,"natural killer cell activation"
"GO:0032331",2,20,25792,624,0.0833652920343053,"PTHLH/WNT9A",0.364082818614123,"negative regulation of chondrocyte differentiation"
"GO:0043651",2,20,25792,624,0.0833652920343053,"ALOX12B/ALOXE3",0.364082818614123,"linoleic acid metabolic process"
"GO:0046928",2,20,25792,624,0.0833652920343053,"CPLX1/MEF2C",0.364082818614123,"regulation of neurotransmitter secretion"
"GO:0051259",2,20,25792,624,0.0833652920343053,"SLC31A1/CD247",0.364082818614123,"protein complex oligomerization"
"GO:0001764",5,96,25792,624,0.0835879445277333,"ACAP3/GPM6A/MEF2C/PRKG1/TYRO3",0.364082818614123,"neuron migration"
"GO:0051781",3,43,25792,624,0.0854392698526534,"PPBP/TAL1/VEGFA",0.364082818614123,"positive regulation of cell division"
"GO:0045666",4,69,25792,624,0.0860012630649661,"KCTD11/ADRA2C/HOXD3/MEF2C",0.364082818614123,"positive regulation of neuron differentiation"
"GO:0016525",5,97,25792,624,0.0864756397752205,"MIR143/MIR145/ANGPT4/PF4/ABCC8",0.364082818614123,"negative regulation of angiogenesis"
"GO:0070527",3,44,25792,624,0.0901207961442935,"MYL9/SLC7A11/TYRO3",0.364082818614123,"platelet aggregation"
"GO:0006939",2,21,25792,624,0.090714290046843,"NMUR1/ADRA1A",0.364082818614123,"smooth muscle contraction"
"GO:0030318",2,21,25792,624,0.090714290046843,"MEF2C/MREG",0.364082818614123,"melanocyte differentiation"
"GO:0035279",2,21,25792,624,0.090714290046843,"MIR145/MIR27A",0.364082818614123,"miRNA-mediated gene silencing by mRNA destabilization"
"GO:0050905",2,21,25792,624,0.090714290046843,"STRA6/ABCC8",0.364082818614123,"neuromuscular process"
"GO:0051924",2,21,25792,624,0.090714290046843,"PLN/BEST1",0.364082818614123,"regulation of calcium ion transport"
"GO:0043524",6,128,25792,624,0.0909691210494341,"CLCF1/GCLM/ANGPT1/MEF2C/NTF3/TYRO3",0.364082818614123,"negative regulation of neuron apoptotic process"
"GO:0000466",1,4,25792,624,0.0933237587866784,"WDR12",0.364082818614123,"maturation of 5.8S rRNA from tricistronic rRNA transcript (SSU-rRNA, 5.8S rRNA, LSU-rRNA)"
"GO:0001826",1,4,25792,624,0.0933237587866784,"NLE1",0.364082818614123,"inner cell mass cell differentiation"
"GO:0002296",1,4,25792,624,0.0933237587866784,"TBX21",0.364082818614123,"T-helper 1 cell lineage commitment"
"GO:0003150",1,4,25792,624,0.0933237587866784,"HEY2",0.364082818614123,"muscular septum morphogenesis"
"GO:0003186",1,4,25792,624,0.0933237587866784,"HEY2",0.364082818614123,"tricuspid valve morphogenesis"
"GO:0003220",1,4,25792,624,0.0933237587866784,"RYR2",0.364082818614123,"left ventricular cardiac muscle tissue morphogenesis"
"GO:0003400",1,4,25792,624,0.0933237587866784,"MAPK15",0.364082818614123,"regulation of COPII vesicle coating"
"GO:0006534",1,4,25792,624,0.0933237587866784,"GCLM",0.364082818614123,"cysteine metabolic process"
"GO:0006873",1,4,25792,624,0.0933237587866784,"SLC4A1",0.364082818614123,"intracellular monoatomic ion homeostasis"
"GO:0010621",1,4,25792,624,0.0933237587866784,"HEY2",0.364082818614123,"negative regulation of transcription by transcription factor localization"
"GO:0010700",1,4,25792,624,0.0933237587866784,"ADRA2C",0.364082818614123,"negative regulation of norepinephrine secretion"
"GO:0010749",1,4,25792,624,0.0933237587866784,"VEGFA",0.364082818614123,"regulation of nitric oxide mediated signal transduction"
"GO:0010750",1,4,25792,624,0.0933237587866784,"GUCY1A2",0.364082818614123,"positive regulation of nitric oxide mediated signal transduction"
"GO:0010983",1,4,25792,624,0.0933237587866784,"LIPG",0.364082818614123,"positive regulation of high-density lipoprotein particle clearance"
"GO:0014054",1,4,25792,624,0.0933237587866784,"SLC6A1",0.364082818614123,"positive regulation of gamma-aminobutyric acid secretion"
"GO:0016553",1,4,25792,624,0.0933237587866784,"ADARB1",0.364082818614123,"base conversion or substitution editing"
"GO:0019732",1,4,25792,624,0.0933237587866784,"IL36RN",0.364082818614123,"antifungal humoral response"
"GO:0021615",1,4,25792,624,0.0933237587866784,"HOXD3",0.364082818614123,"glossopharyngeal nerve morphogenesis"
"GO:0021678",1,4,25792,624,0.0933237587866784,"ATP1B2",0.364082818614123,"third ventricle development"
"GO:0021764",1,4,25792,624,0.0933237587866784,"ATP1A2",0.364082818614123,"amygdala development"
"GO:0021943",1,4,25792,624,0.0933237587866784,"LEF1",0.364082818614123,"formation of radial glial scaffolds"
"GO:0030035",1,4,25792,624,0.0933237587866784,"FSCN1",0.364082818614123,"microspike assembly"
"GO:0031077",1,4,25792,624,0.0933237587866784,"VEGFA",0.364082818614123,"post-embryonic camera-type eye development"
"GO:0031365",1,4,25792,624,0.0933237587866784,"PDF",0.364082818614123,"N-terminal protein amino acid modification"
"GO:0032696",1,4,25792,624,0.0933237587866784,"LEF1",0.364082818614123,"negative regulation of interleukin-13 production"
"GO:0032811",1,4,25792,624,0.0933237587866784,"ADRA2C",0.364082818614123,"negative regulation of epinephrine secretion"
"GO:0033153",1,4,25792,624,0.0933237587866784,"LEF1",0.364082818614123,"T cell receptor V(D)J recombination"
"GO:0033489",1,4,25792,624,0.0933237587866784,"EBP",0.364082818614123,"cholesterol biosynthetic process via desmosterol"
"GO:0033490",1,4,25792,624,0.0933237587866784,"EBP",0.364082818614123,"cholesterol biosynthetic process via lathosterol"
"GO:0035106",1,4,25792,624,0.0933237587866784,"PDE8B",0.364082818614123,"operant conditioning"
"GO:0035470",1,4,25792,624,0.0933237587866784,"SMOC2",0.364082818614123,"positive regulation of vascular wound healing"
"GO:0035481",1,4,25792,624,0.0933237587866784,"GATA5",0.364082818614123,"positive regulation of Notch signaling pathway involved in heart induction"
"GO:0035583",1,4,25792,624,0.0933237587866784,"FBN2",0.364082818614123,"sequestering of TGFbeta in extracellular matrix"
"GO:0035910",1,4,25792,624,0.0933237587866784,"HEY2",0.364082818614123,"ascending aorta morphogenesis"
"GO:0036071",1,4,25792,624,0.0933237587866784,"FUT6",0.364082818614123,"N-glycan fucosylation"
"GO:0038093",1,4,25792,624,0.0933237587866784,"PIGR",0.364082818614123,"Fc receptor signaling pathway"
"GO:0042269",1,4,25792,624,0.0933237587866784,"NCR1",0.364082818614123,"regulation of natural killer cell mediated cytotoxicity"
"GO:0042866",1,4,25792,624,0.0933237587866784,"SRR",0.364082818614123,"pyruvate biosynthetic process"
"GO:0043137",1,4,25792,624,0.0933237587866784,"FEN1",0.364082818614123,"DNA replication, removal of RNA primer"
"GO:0043266",1,4,25792,624,0.0933237587866784,"KCNA5",0.364082818614123,"regulation of potassium ion transport"
"GO:0045822",1,4,25792,624,0.0933237587866784,"ATP1A2",0.364082818614123,"negative regulation of heart contraction"
"GO:0045836",1,4,25792,624,0.0933237587866784,"WNT4",0.364082818614123,"positive regulation of meiotic nuclear division"
"GO:0046059",1,4,25792,624,0.0933237587866784,"PNP",0.364082818614123,"dAMP catabolic process"
"GO:0048014",1,4,25792,624,0.0933237587866784,"ANGPT1",0.364082818614123,"Tie signaling pathway"
"GO:0048541",1,4,25792,624,0.0933237587866784,"TOX",0.364082818614123,"Peyer's patch development"
"GO:0050864",1,4,25792,624,0.0933237587866784,"FCRL3",0.364082818614123,"regulation of B cell activation"
"GO:0050914",1,4,25792,624,0.0933237587866784,"SCNN1A",0.364082818614123,"sensory perception of salty taste"
"GO:0050974",1,4,25792,624,0.0933237587866784,"ASIC2",0.364082818614123,"detection of mechanical stimulus involved in sensory perception"
"GO:0051387",1,4,25792,624,0.0933237587866784,"AGTR2",0.364082818614123,"negative regulation of neurotrophin TRK receptor signaling pathway"
"GO:0051409",1,4,25792,624,0.0933237587866784,"GCLM",0.364082818614123,"response to nitrosative stress"
"GO:0051725",1,4,25792,624,0.0933237587866784,"MACROD2",0.364082818614123,"protein de-ADP-ribosylation"
"GO:0051936",1,4,25792,624,0.0933237587866784,"SLC6A1",0.364082818614123,"gamma-aminobutyric acid reuptake"
"GO:0055012",1,4,25792,624,0.0933237587866784,"MEF2C",0.364082818614123,"ventricular cardiac muscle cell differentiation"
"GO:0060018",1,4,25792,624,0.0933237587866784,"TAL1",0.364082818614123,"astrocyte fate commitment"
"GO:0060033",1,4,25792,624,0.0933237587866784,"LEF1",0.364082818614123,"anatomical structure regression"
"GO:0060129",1,4,25792,624,0.0933237587866784,"WNT4",0.364082818614123,"thyroid-stimulating hormone-secreting cell differentiation"
"GO:0060242",1,4,25792,624,0.0933237587866784,"TSPO",0.364082818614123,"contact inhibition"
"GO:0060319",1,4,25792,624,0.0933237587866784,"VEGFA",0.364082818614123,"primitive erythrocyte differentiation"
"GO:0060415",1,4,25792,624,0.0933237587866784,"ADARB1",0.364082818614123,"muscle tissue morphogenesis"
"GO:0060633",1,4,25792,624,0.0933237587866784,"HEY2",0.364082818614123,"negative regulation of transcription initiation by RNA polymerase II"
"GO:0060742",1,4,25792,624,0.0933237587866784,"PSAPL1",0.364082818614123,"epithelial cell differentiation involved in prostate gland development"
"GO:0060842",1,4,25792,624,0.0933237587866784,"HEY2",0.364082818614123,"arterial endothelial cell differentiation"
"GO:0061182",1,4,25792,624,0.0933237587866784,"PTHLH",0.364082818614123,"negative regulation of chondrocyte development"
"GO:0061333",1,4,25792,624,0.0933237587866784,"MEF2C",0.364082818614123,"renal tubule morphogenesis"
"GO:0070232",1,4,25792,624,0.0933237587866784,"GIMAP8",0.364082818614123,"regulation of T cell apoptotic process"
"GO:0070296",1,4,25792,624,0.0933237587866784,"RYR2",0.364082818614123,"sarcoplasmic reticulum calcium ion transport"
"GO:0070482",1,4,25792,624,0.0933237587866784,"GUCY1A2",0.364082818614123,"response to oxygen levels"
"GO:0070814",1,4,25792,624,0.0933237587866784,"MPST",0.364082818614123,"hydrogen sulfide biosynthetic process"
"GO:0071228",1,4,25792,624,0.0933237587866784,"TXNIP",0.364082818614123,"cellular response to tumor cell"
"GO:0071603",1,4,25792,624,0.0933237587866784,"CCN3",0.364082818614123,"endothelial cell-cell adhesion"
"GO:0071864",1,4,25792,624,0.0933237587866784,"LEF1",0.364082818614123,"positive regulation of cell proliferation in bone marrow"
"GO:0072012",1,4,25792,624,0.0933237587866784,"ANGPT1",0.364082818614123,"glomerulus vasculature development"
"GO:0072144",1,4,25792,624,0.0933237587866784,"ACTA2",0.364082818614123,"glomerular mesangial cell development"
"GO:0072350",1,4,25792,624,0.0933237587866784,"SIRT4",0.364082818614123,"tricarboxylic acid metabolic process"
"GO:0072385",1,4,25792,624,0.0933237587866784,"MREG",0.364082818614123,"minus-end-directed organelle transport along microtubule"
"GO:0072429",1,4,25792,624,0.0933237587866784,"EME1",0.364082818614123,"response to intra-S DNA damage checkpoint signaling"
"GO:0072734",1,4,25792,624,0.0933237587866784,"CASP6",0.364082818614123,"cellular response to staurosporine"
"GO:0090038",1,4,25792,624,0.0933237587866784,"DGKG",0.364082818614123,"negative regulation of protein kinase C signaling"
"GO:0098735",1,4,25792,624,0.0933237587866784,"RYR2",0.364082818614123,"positive regulation of the force of heart contraction"
"GO:0140013",1,4,25792,624,0.0933237587866784,"WNT4",0.364082818614123,"meiotic nuclear division"
"GO:1900039",1,4,25792,624,0.0933237587866784,"MIR145",0.364082818614123,"positive regulation of cellular response to hypoxia"
"GO:1900127",1,4,25792,624,0.0933237587866784,"HAS2",0.364082818614123,"positive regulation of hyaluronan biosynthetic process"
"GO:1901020",1,4,25792,624,0.0933237587866784,"PLN",0.364082818614123,"negative regulation of calcium ion transmembrane transporter activity"
"GO:1901201",1,4,25792,624,0.0933237587866784,"HAS2",0.364082818614123,"regulation of extracellular matrix assembly"
"GO:1903278",1,4,25792,624,0.0933237587866784,"ATP1B2",0.364082818614123,"positive regulation of sodium ion export across plasma membrane"
"GO:1903352",1,4,25792,624,0.0933237587866784,"SLC25A2",0.364082818614123,"L-ornithine transmembrane transport"
"GO:1903416",1,4,25792,624,0.0933237587866784,"ATP1A2",0.364082818614123,"response to glycoside"
"GO:1904238",1,4,25792,624,0.0933237587866784,"WNT4",0.364082818614123,"pericyte cell differentiation"
"GO:1904273",1,4,25792,624,0.0933237587866784,"SLC7A8",0.364082818614123,"L-alanine import across plasma membrane"
"GO:1904539",1,4,25792,624,0.0933237587866784,"SLC4A1",0.364082818614123,"negative regulation of glycolytic process through fructose-6-phosphate"
"GO:1990523",1,4,25792,624,0.0933237587866784,"CCN3",0.364082818614123,"bone regeneration"
"GO:1990748",1,4,25792,624,0.0933237587866784,"ABCG2",0.364082818614123,"cellular detoxification"
"GO:1990791",1,4,25792,624,0.0933237587866784,"TUBB3",0.364082818614123,"dorsal root ganglion development"
"GO:2000111",1,4,25792,624,0.0933237587866784,"MEF2C",0.364082818614123,"positive regulation of macrophage apoptotic process"
"GO:2000741",1,4,25792,624,0.0933237587866784,"SOX5",0.364082818614123,"positive regulation of mesenchymal stem cell differentiation"
"GO:2001013",1,4,25792,624,0.0933237587866784,"MEF2C",0.364082818614123,"epithelial cell proliferation involved in renal tubule morphogenesis"
"GO:2001225",1,4,25792,624,0.0933237587866784,"ABCB1",0.364082818614123,"regulation of chloride transport"
"GO:0010613",2,22,25792,624,0.0982444964248716,"ADRA1A/PDE9A",0.366342499939279,"positive regulation of cardiac muscle hypertrophy"
"GO:0015908",2,22,25792,624,0.0982444964248716,"SLC27A4/CRABP2",0.366342499939279,"fatty acid transport"
"GO:0036120",2,22,25792,624,0.0982444964248716,"HAS1/HAS2",0.366342499939279,"cellular response to platelet-derived growth factor stimulus"
"GO:0051493",2,22,25792,624,0.0982444964248716,"ARHGEF5/NEXN",0.366342499939279,"regulation of cytoskeleton organization"
"GO:2000377",2,22,25792,624,0.0982444964248716,"EIF6/IER3",0.366342499939279,"regulation of reactive oxygen species metabolic process"
"GO:0031398",4,73,25792,624,0.100659382468606,"CENPX/ANGPT1/RNF180/AIMP2",0.366342499939279,"positive regulation of protein ubiquitination"
"GO:0008277",3,47,25792,624,0.104781832551413,"RGS18/RGS5/RGS6",0.366342499939279,"regulation of G protein-coupled receptor signaling pathway"
"GO:0050890",3,47,25792,624,0.104781832551413,"STRA6/MAGT1/CBR3",0.366342499939279,"cognition"
"GO:0007626",4,75,25792,624,0.108392963833,"ZNF385A/NPY1R/SLURP1/TAL1",0.366342499939279,"locomotory behavior"
"GO:0046854",3,48,25792,624,0.109864731388373,"BPNT1/PIP4K2A/PIP5K1B",0.366342499939279,"phosphatidylinositol phosphate biosynthetic process"
"GO:0003333",2,24,25792,624,0.113796914895351,"SLC7A8/SLC7A11",0.366342499939279,"amino acid transmembrane transport"
"GO:0006893",2,24,25792,624,0.113796914895351,"RAB10/EXOC6",0.366342499939279,"Golgi to plasma membrane transport"
"GO:0035023",2,24,25792,624,0.113796914895351,"EPS8L1/STARD13",0.366342499939279,"regulation of Rho protein signal transduction"
"GO:0042573",2,24,25792,624,0.113796914895351,"CRABP2/CYP27C1",0.366342499939279,"retinoic acid metabolic process"
"GO:0046697",2,24,25792,624,0.113796914895351,"TPPP3/STC2",0.366342499939279,"decidualization"
"GO:0050807",2,24,25792,624,0.113796914895351,"SLC7A11/GPM6A",0.366342499939279,"regulation of synapse organization"
"GO:0098719",2,24,25792,624,0.113796914895351,"SCNN1A/SLC6A1",0.366342499939279,"sodium ion import across plasma membrane"
"GO:1904659",2,24,25792,624,0.113796914895351,"PPBP/SLC2A4",0.366342499939279,"glucose transmembrane transport"
"GO:0007584",3,49,25792,624,0.115040684619422,"SLC27A4/GCLM/LIPG",0.366342499939279,"response to nutrient"
"GO:0051592",3,49,25792,624,0.115040684619422,"TXNIP/S100A16/SLC6A1",0.366342499939279,"response to calcium ion"
"GO:0000054",1,5,25792,624,0.115262876768574,"EIF6",0.366342499939279,"ribosomal subunit export from nucleus"
"GO:0000472",1,5,25792,624,0.115262876768574,"TBL3",0.366342499939279,"endonucleolytic cleavage to generate mature 5'-end of SSU-rRNA from (SSU-rRNA, 5.8S rRNA, LSU-rRNA)"
"GO:0002071",1,5,25792,624,0.115262876768574,"PGR",0.366342499939279,"glandular epithelial cell maturation"
"GO:0002634",1,5,25792,624,0.115262876768574,"MEF2C",0.366342499939279,"regulation of germinal center formation"
"GO:0003056",1,5,25792,624,0.115262876768574,"P2RX1",0.366342499939279,"regulation of vascular associated smooth muscle contraction"
"GO:0003274",1,5,25792,624,0.115262876768574,"GATA5",0.366342499939279,"endocardial cushion fusion"
"GO:0006144",1,5,25792,624,0.115262876768574,"GMPR",0.366342499939279,"purine nucleobase metabolic process"
"GO:0006204",1,5,25792,624,0.115262876768574,"PNP",0.366342499939279,"IMP catabolic process"
"GO:0006489",1,5,25792,624,0.115262876768574,"DOLPP1",0.366342499939279,"dolichyl diphosphate biosynthetic process"
"GO:0006564",1,5,25792,624,0.115262876768574,"PSPH",0.366342499939279,"L-serine biosynthetic process"
"GO:0008582",1,5,25792,624,0.115262876768574,"COLQ",0.366342499939279,"regulation of synaptic assembly at neuromuscular junction"
"GO:0009113",1,5,25792,624,0.115262876768574,"PAICS",0.366342499939279,"purine nucleobase biosynthetic process"
"GO:0009268",1,5,25792,624,0.115262876768574,"ABCC8",0.366342499939279,"response to pH"
"GO:0009649",1,5,25792,624,0.115262876768574,"BMAL2",0.366342499939279,"entrainment of circadian clock"
"GO:0009744",1,5,25792,624,0.115262876768574,"SLC6A1",0.366342499939279,"response to sucrose"
"GO:0010668",1,5,25792,624,0.115262876768574,"MIR145",0.366342499939279,"ectodermal cell differentiation"
"GO:0010829",1,5,25792,624,0.115262876768574,"PRKCB",0.366342499939279,"negative regulation of glucose transmembrane transport"
"GO:0014829",1,5,25792,624,0.115262876768574,"ACTA2",0.366342499939279,"vascular associated smooth muscle contraction"
"GO:0014842",1,5,25792,624,0.115262876768574,"ANGPT1",0.366342499939279,"regulation of skeletal muscle satellite cell proliferation"
"GO:0015811",1,5,25792,624,0.115262876768574,"SLC7A11",0.366342499939279,"L-cystine transport"
"GO:0019346",1,5,25792,624,0.115262876768574,"MPST",0.366342499939279,"transsulfuration"
"GO:0021527",1,5,25792,624,0.115262876768574,"TAL1",0.366342499939279,"spinal cord association neuron differentiation"
"GO:0030208",1,5,25792,624,0.115262876768574,"CHST12",0.366342499939279,"dermatan sulfate biosynthetic process"
"GO:0030431",1,5,25792,624,0.115262876768574,"PTGDR",0.366342499939279,"sleep"
"GO:0032201",1,5,25792,624,0.115262876768574,"FEN1",0.366342499939279,"telomere maintenance via semi-conservative replication"
"GO:0032218",1,5,25792,624,0.115262876768574,"ABCG2",0.366342499939279,"riboflavin transport"
"GO:0032263",1,5,25792,624,0.115262876768574,"APRT",0.366342499939279,"GMP salvage"
"GO:0032264",1,5,25792,624,0.115262876768574,"APRT",0.366342499939279,"IMP salvage"
"GO:0032273",1,5,25792,624,0.115262876768574,"TPPP3",0.366342499939279,"positive regulation of protein polymerization"
"GO:0032400",1,5,25792,624,0.115262876768574,"MREG",0.366342499939279,"melanosome localization"
"GO:0032417",1,5,25792,624,0.115262876768574,"TESC",0.366342499939279,"positive regulation of sodium:proton antiporter activity"
"GO:0032534",1,5,25792,624,0.115262876768574,"FSCN1",0.366342499939279,"regulation of microvillus assembly"
"GO:0032714",1,5,25792,624,0.115262876768574,"LEF1",0.366342499939279,"negative regulation of interleukin-5 production"
"GO:0032814",1,5,25792,624,0.115262876768574,"KLRD1",0.366342499939279,"regulation of natural killer cell activation"
"GO:0033080",1,5,25792,624,0.115262876768574,"WNT4",0.366342499939279,"immature T cell proliferation in thymus"
"GO:0035089",1,5,25792,624,0.115262876768574,"FSCN1",0.366342499939279,"establishment of apical/basal cell polarity"
"GO:0035624",1,5,25792,624,0.115262876768574,"ADRA2C",0.366342499939279,"receptor transactivation"
"GO:0038033",1,5,25792,624,0.115262876768574,"VEGFA",0.366342499939279,"positive regulation of endothelial cell chemotaxis by VEGF-activated vascular endothelial growth factor receptor signaling pathway"
"GO:0040020",1,5,25792,624,0.115262876768574,"PDE3A",0.366342499939279,"regulation of meiotic nuclear division"
"GO:0042256",1,5,25792,624,0.115262876768574,"EIF6",0.366342499939279,"cytosolic ribosome assembly"
"GO:0042415",1,5,25792,624,0.115262876768574,"RNF180",0.366342499939279,"norepinephrine metabolic process"
"GO:0042421",1,5,25792,624,0.115262876768574,"KL",0.366342499939279,"norepinephrine biosynthetic process"
"GO:0044209",1,5,25792,624,0.115262876768574,"APRT",0.366342499939279,"AMP salvage"
"GO:0044572",1,5,25792,624,0.115262876768574,"ISCU",0.366342499939279,"[4Fe-4S] cluster assembly"
"GO:0045053",1,5,25792,624,0.115262876768574,"VPS13C",0.366342499939279,"protein retention in Golgi apparatus"
"GO:0045636",1,5,25792,624,0.115262876768574,"ZEB2",0.366342499939279,"positive regulation of melanocyte differentiation"
"GO:0045760",1,5,25792,624,0.115262876768574,"ADRA1A",0.366342499939279,"positive regulation of action potential"
"GO:0046069",1,5,25792,624,0.115262876768574,"PDE9A",0.366342499939279,"cGMP catabolic process"
"GO:0046487",1,5,25792,624,0.115262876768574,"MGAT4A",0.366342499939279,"glyoxylate metabolic process"
"GO:0048341",1,5,25792,624,0.115262876768574,"LEF1",0.366342499939279,"paraxial mesoderm formation"
"GO:0051205",1,5,25792,624,0.115262876768574,"REEP1",0.366342499939279,"protein insertion into membrane"
"GO:0051208",1,5,25792,624,0.115262876768574,"CASQ2",0.366342499939279,"sequestering of calcium ion"
"GO:0051712",1,5,25792,624,0.115262876768574,"PRF1",0.366342499939279,"positive regulation of killing of cells of another organism"
"GO:0051900",1,5,25792,624,0.115262876768574,"GCLM",0.366342499939279,"regulation of mitochondrial depolarization"
"GO:0051939",1,5,25792,624,0.115262876768574,"SLC6A1",0.366342499939279,"gamma-aminobutyric acid import"
"GO:0060087",1,5,25792,624,0.115262876768574,"PRKG1",0.366342499939279,"relaxation of vascular associated smooth muscle"
"GO:0060510",1,5,25792,624,0.115262876768574,"AIMP2",0.366342499939279,"type II pneumocyte differentiation"
"GO:0060700",1,5,25792,624,0.115262876768574,"PDE3A",0.366342499939279,"regulation of ribonuclease activity"
"GO:0061419",1,5,25792,624,0.115262876768574,"VEGFA",0.366342499939279,"positive regulation of transcription from RNA polymerase II promoter in response to hypoxia"
"GO:0070257",1,5,25792,624,0.115262876768574,"ALOX12B",0.366342499939279,"positive regulation of mucus secretion"
"GO:0070453",1,5,25792,624,0.115262876768574,"TMEM14EP",0.366342499939279,"regulation of heme biosynthetic process"
"GO:0071731",1,5,25792,624,0.115262876768574,"TXN",0.366342499939279,"response to nitric oxide"
"GO:0071799",1,5,25792,624,0.115262876768574,"PTGDR",0.366342499939279,"cellular response to prostaglandin D stimulus"
"GO:0072162",1,5,25792,624,0.115262876768574,"WNT4",0.366342499939279,"metanephric mesenchymal cell differentiation"
"GO:0072656",1,5,25792,624,0.115262876768574,"TSPO",0.366342499939279,"maintenance of protein location in mitochondrion"
"GO:0072676",1,5,25792,624,0.115262876768574,"TBX21",0.366342499939279,"lymphocyte migration"
"GO:0090131",1,5,25792,624,0.115262876768574,"ACTA2",0.366342499939279,"mesenchyme migration"
"GO:0090281",1,5,25792,624,0.115262876768574,"PLN",0.366342499939279,"negative regulation of calcium ion import"
"GO:0090324",1,5,25792,624,0.115262876768574,"PPIF",0.366342499939279,"negative regulation of oxidative phosphorylation"
"GO:0090425",1,5,25792,624,0.115262876768574,"NR5A2",0.366342499939279,"acinar cell differentiation"
"GO:0090461",1,5,25792,624,0.115262876768574,"SLC7A11",0.366342499939279,"intracellular glutamate homeostasis"
"GO:0097070",1,5,25792,624,0.115262876768574,"STRA6",0.366342499939279,"ductus arteriosus closure"
"GO:0097340",1,5,25792,624,0.115262876768574,"CARD8",0.366342499939279,"inhibition of cysteine-type endopeptidase activity"
"GO:0098957",1,5,25792,624,0.115262876768574,"TRAK2",0.366342499939279,"anterograde axonal transport of mitochondrion"
"GO:0140206",1,5,25792,624,0.115262876768574,"SLC7A11",0.366342499939279,"dipeptide import across plasma membrane"
"GO:0140361",1,5,25792,624,0.115262876768574,"LRRC8C",0.366342499939279,"cyclic-GMP-AMP transmembrane import across plasma membrane"
"GO:1902164",1,5,25792,624,0.115262876768574,"ZNF385A",0.366342499939279,"positive regulation of DNA damage response, signal transduction by p53 class mediator resulting in transcription of p21 class mediator"
"GO:1902262",1,5,25792,624,0.115262876768574,"LEF1",0.366342499939279,"apoptotic process involved in blood vessel morphogenesis"
"GO:1902731",1,5,25792,624,0.115262876768574,"CCN3",0.366342499939279,"negative regulation of chondrocyte proliferation"
"GO:1902975",1,5,25792,624,0.115262876768574,"MCM4",0.366342499939279,"mitotic DNA replication initiation"
"GO:1903691",1,5,25792,624,0.115262876768574,"FERMT1",0.366342499939279,"positive regulation of wound healing, spreading of epidermal cells"
"GO:1904672",1,5,25792,624,0.115262876768574,"TAL1",0.366342499939279,"regulation of somatic stem cell population maintenance"
"GO:1990379",1,5,25792,624,0.115262876768574,"SLC27A4",0.366342499939279,"lipid transport across blood-brain barrier"
"GO:2000224",1,5,25792,624,0.115262876768574,"PRKG1",0.366342499939279,"regulation of testosterone biosynthetic process"
"GO:2000491",1,5,25792,624,0.115262876768574,"ACTA2",0.366342499939279,"positive regulation of hepatic stellate cell activation"
"GO:2000987",1,5,25792,624,0.115262876768574,"MEF2C",0.366342499939279,"positive regulation of behavioral fear response"
"GO:0001933",4,77,25792,624,0.116384725135326,"OCLN/ANGPT1/NTRK3/PRR5L",0.369262531057632,"negative regulation of protein phosphorylation"
"GO:0031334",3,50,25792,624,0.120306718150909,"TAL1/VEGFA/TCL1A",0.37704039262564,"positive regulation of protein-containing complex assembly"
"GO:0035725",5,108,25792,624,0.121550901045045,"NALCN/ASIC2/ATP1A2/SCNN1A/SLC6A1",0.37704039262564,"sodium ion transmembrane transport"
"GO:0001782",2,25,25792,624,0.121794606891204,"IL7R/MEF2C",0.37704039262564,"B cell homeostasis"
"GO:0001954",2,25,25792,624,0.121794606891204,"FERMT1/UTRN",0.37704039262564,"positive regulation of cell-matrix adhesion"
"GO:0006400",2,25,25792,624,0.121794606891204,"METTL2A/METTL1",0.37704039262564,"tRNA modification"
"GO:0032781",2,25,25792,624,0.121794606891204,"ATP1B2/TPM1",0.37704039262564,"positive regulation of ATP-dependent activity"
"GO:0045332",2,25,25792,624,0.121794606891204,"TRIAP1/ABCB1",0.37704039262564,"phospholipid translocation"
"GO:0048844",2,25,25792,624,0.121794606891204,"STRA6/VEGFA",0.37704039262564,"artery morphogenesis"
"GO:0051894",2,25,25792,624,0.121794606891204,"WNT4/VEGFA",0.37704039262564,"positive regulation of focal adhesion assembly"
"GO:0030148",3,51,25792,624,0.125659838713627,"ACER1/ELOVL4/CERS4",0.37704039262564,"sphingolipid biosynthetic process"
"GO:0051496",3,51,25792,624,0.125659838713627,"WNT4/TPM1/ARHGEF5",0.37704039262564,"positive regulation of stress fiber assembly"
"GO:0009312",2,26,25792,624,0.129924432396199,"FUT6/MPDU1",0.37704039262564,"oligosaccharide biosynthetic process"
"GO:0060045",2,26,25792,624,0.129924432396199,"HEY2/MEF2C",0.37704039262564,"positive regulation of cardiac muscle cell proliferation"
"GO:0032024",3,52,25792,624,0.131097039126302,"PRKCB/BLK/AACS",0.37704039262564,"positive regulation of insulin secretion"
"GO:0051209",3,52,25792,624,0.131097039126302,"PLCB4/RYR2/RYR3",0.37704039262564,"release of sequestered calcium ion into cytosol"
"GO:0071456",5,111,25792,624,0.132115989555042,"SIRT4/ANGPT4/SLC2A4/VEGFA/STC2",0.37704039262564,"cellular response to hypoxia"
"GO:0009952",4,81,25792,624,0.133105312837723,"HEY2/HOXC6/HOXD3/HOXD4",0.37704039262564,"anterior/posterior pattern specification"
"GO:0045766",6,143,25792,624,0.13407323817247,"ECM1/MIR143/ANGPT4/PRKCB/SMOC2/VEGFA",0.37704039262564,"positive regulation of angiogenesis"
"GO:0000018",1,6,25792,624,0.136671957502913,"IL7R",0.37704039262564,"regulation of DNA recombination"
"GO:0002719",1,6,25792,624,0.136671957502913,"ANGPT1",0.37704039262564,"negative regulation of cytokine production involved in immune response"
"GO:0006189",1,6,25792,624,0.136671957502913,"PAICS",0.37704039262564,"'de novo' IMP biosynthetic process"
"GO:0006382",1,6,25792,624,0.136671957502913,"ADARB1",0.37704039262564,"adenosine to inosine editing"
"GO:0007171",1,6,25792,624,0.136671957502913,"ANGPT1",0.37704039262564,"activation of transmembrane receptor protein tyrosine kinase activity"
"GO:0008366",1,6,25792,624,0.136671957502913,"POU3F1",0.37704039262564,"axon ensheathment"
"GO:0008635",1,6,25792,624,0.136671957502913,"CYCS",0.37704039262564,"activation of cysteine-type endopeptidase activity involved in apoptotic process by cytochrome c"
"GO:0009134",1,6,25792,624,0.136671957502913,"ENTPD1",0.37704039262564,"nucleoside diphosphate catabolic process"
"GO:0010649",1,6,25792,624,0.136671957502913,"CASQ2",0.37704039262564,"regulation of cell communication by electrical coupling"
"GO:0010882",1,6,25792,624,0.136671957502913,"RYR2",0.37704039262564,"regulation of cardiac muscle contraction by calcium ion signaling"
"GO:0010894",1,6,25792,624,0.136671957502913,"WNT4",0.37704039262564,"negative regulation of steroid biosynthetic process"
"GO:0014012",1,6,25792,624,0.136671957502913,"TSPO",0.37704039262564,"peripheral nervous system axon regeneration"
"GO:0014031",1,6,25792,624,0.136671957502913,"HEY2",0.37704039262564,"mesenchymal cell development"
"GO:0015827",1,6,25792,624,0.136671957502913,"SLC7A8",0.37704039262564,"tryptophan transport"
"GO:0016070",1,6,25792,624,0.136671957502913,"WDR74",0.37704039262564,"RNA metabolic process"
"GO:0017038",1,6,25792,624,0.136671957502913,"PRF1",0.37704039262564,"protein import"
"GO:0018206",1,6,25792,624,0.136671957502913,"PDF",0.37704039262564,"peptidyl-methionine modification"
"GO:0018406",1,6,25792,624,0.136671957502913,"DPY19L2",0.37704039262564,"protein C-linked glycosylation via 2'-alpha-mannosyl-L-tryptophan"
"GO:0019367",1,6,25792,624,0.136671957502913,"ELOVL4",0.37704039262564,"fatty acid elongation, saturated fatty acid"
"GO:0030859",1,6,25792,624,0.136671957502913,"RAB10",0.37704039262564,"polarized epithelial cell differentiation"
"GO:0031000",1,6,25792,624,0.136671957502913,"RYR2",0.37704039262564,"response to caffeine"
"GO:0031630",1,6,25792,624,0.136671957502913,"CPLX1",0.37704039262564,"regulation of synaptic vesicle fusion to presynaptic active zone membrane"
"GO:0032374",1,6,25792,624,0.136671957502913,"TSPO",0.37704039262564,"regulation of cholesterol transport"
"GO:0032376",1,6,25792,624,0.136671957502913,"LIPG",0.37704039262564,"positive regulation of cholesterol transport"
"GO:0034625",1,6,25792,624,0.136671957502913,"ELOVL4",0.37704039262564,"fatty acid elongation, monounsaturated fatty acid"
"GO:0034626",1,6,25792,624,0.136671957502913,"ELOVL4",0.37704039262564,"fatty acid elongation, polyunsaturated fatty acid"
"GO:0034775",1,6,25792,624,0.136671957502913,"SLC7A11",0.37704039262564,"glutathione transmembrane transport"
"GO:0038154",1,6,25792,624,0.136671957502913,"IL11",0.37704039262564,"interleukin-11-mediated signaling pathway"
"GO:0042117",1,6,25792,624,0.136671957502913,"MT1G",0.37704039262564,"monocyte activation"
"GO:0042297",1,6,25792,624,0.136671957502913,"STRA6",0.37704039262564,"vocal learning"
"GO:0042428",1,6,25792,624,0.136671957502913,"RNF180",0.37704039262564,"serotonin metabolic process"
"GO:0042760",1,6,25792,624,0.136671957502913,"SLC27A4",0.37704039262564,"very long-chain fatty acid catabolic process"
"GO:0043462",1,6,25792,624,0.136671957502913,"TPM2",0.37704039262564,"regulation of ATP-dependent activity"
"GO:0044206",1,6,25792,624,0.136671957502913,"CDA",0.37704039262564,"UMP salvage"
"GO:0044387",1,6,25792,624,0.136671957502913,"ADARB1",0.37704039262564,"negative regulation of protein kinase activity by regulation of protein phosphorylation"
"GO:0045347",1,6,25792,624,0.136671957502913,"PF4",0.37704039262564,"negative regulation of MHC class II biosynthetic process"
"GO:0045823",1,6,25792,624,0.136671957502913,"ATP1A2",0.37704039262564,"positive regulation of heart contraction"
"GO:0045843",1,6,25792,624,0.136671957502913,"LEF1",0.37704039262564,"negative regulation of striated muscle tissue development"
"GO:0046085",1,6,25792,624,0.136671957502913,"PTGDR",0.37704039262564,"adenosine metabolic process"
"GO:0046826",1,6,25792,624,0.136671957502913,"TXN",0.37704039262564,"negative regulation of protein export from nucleus"
"GO:0046951",1,6,25792,624,0.136671957502913,"AACS",0.37704039262564,"ketone body biosynthetic process"
"GO:0050957",1,6,25792,624,0.136671957502913,"USH1G",0.37704039262564,"equilibrioception"
"GO:0051223",1,6,25792,624,0.136671957502913,"SLC7A11",0.37704039262564,"regulation of protein transport"
"GO:0051546",1,6,25792,624,0.136671957502913,"FERMT1",0.37704039262564,"keratinocyte migration"
"GO:0051702",1,6,25792,624,0.136671957502913,"CYSRT1",0.37704039262564,"biological process involved in interaction with symbiont"
"GO:0055015",1,6,25792,624,0.136671957502913,"HEY2",0.37704039262564,"ventricular cardiac muscle cell development"
"GO:0060008",1,6,25792,624,0.136671957502913,"WNT4",0.37704039262564,"Sertoli cell differentiation"
"GO:0060372",1,6,25792,624,0.136671957502913,"KCNA5",0.37704039262564,"regulation of atrial cardiac muscle cell membrane repolarization"
"GO:0060545",1,6,25792,624,0.136671957502913,"CASP6",0.37704039262564,"positive regulation of necroptotic process"
"GO:0060754",1,6,25792,624,0.136671957502913,"VEGFA",0.37704039262564,"positive regulation of mast cell chemotaxis"
"GO:0061038",1,6,25792,624,0.136671957502913,"STRA6",0.37704039262564,"uterus morphogenesis"
"GO:0070295",1,6,25792,624,0.136671957502913,"HAS2",0.37704039262564,"renal water absorption"
"GO:0070574",1,6,25792,624,0.136671957502913,"SLC39A2",0.37704039262564,"cadmium ion transmembrane transport"
"GO:0072498",1,6,25792,624,0.136671957502913,"WNT9A",0.37704039262564,"embryonic skeletal joint development"
"GO:0072537",1,6,25792,624,0.136671957502913,"ZEB2",0.37704039262564,"fibroblast activation"
"GO:0090119",1,6,25792,624,0.136671957502913,"PIP4K2A",0.37704039262564,"vesicle-mediated cholesterol transport"
"GO:0090494",1,6,25792,624,0.136671957502913,"MAPK15",0.37704039262564,"dopamine uptake"
"GO:0090649",1,6,25792,624,0.136671957502913,"ZEB2",0.37704039262564,"response to oxygen-glucose deprivation"
"GO:0097035",1,6,25792,624,0.136671957502913,"TRIAP1",0.37704039262564,"regulation of membrane lipid distribution"
"GO:0097720",1,6,25792,624,0.136671957502913,"NR5A2",0.37704039262564,"calcineurin-mediated signaling"
"GO:1901018",1,6,25792,624,0.136671957502913,"ATP1B2",0.37704039262564,"positive regulation of potassium ion transmembrane transporter activity"
"GO:1901165",1,6,25792,624,0.136671957502913,"VEGFA",0.37704039262564,"positive regulation of trophoblast cell migration"
"GO:1903902",1,6,25792,624,0.136671957502913,"TYRO3",0.37704039262564,"positive regulation of viral life cycle"
"GO:1904894",1,6,25792,624,0.136671957502913,"IL7R",0.37704039262564,"positive regulation of receptor signaling pathway via STAT"
"GO:1905144",1,6,25792,624,0.136671957502913,"TSPO",0.37704039262564,"response to acetylcholine"
"GO:1905598",1,6,25792,624,0.136671957502913,"MIR27A",0.37704039262564,"negative regulation of low-density lipoprotein receptor activity"
"GO:1905691",1,6,25792,624,0.136671957502913,"PLIN3",0.37704039262564,"lipid droplet disassembly"
"GO:1990776",1,6,25792,624,0.136671957502913,"KL",0.37704039262564,"response to angiotensin"
"GO:0001569",2,27,25792,624,0.138175343899633,"LEF1/VEGFA",0.378317432544478,"branching involved in blood vessel morphogenesis"
"GO:0007422",2,27,25792,624,0.138175343899633,"ASIC2/NTF3",0.378317432544478,"peripheral nervous system development"
"GO:0010592",2,27,25792,624,0.138175343899633,"OCLN/FSCN1",0.378317432544478,"positive regulation of lamellipodium assembly"
"GO:0032200",2,27,25792,624,0.138175343899633,"H4C1/H4C3",0.378317432544478,"telomere organization"
"GO:0048662",2,27,25792,624,0.138175343899633,"MIR143/MIR145",0.378317432544478,"negative regulation of smooth muscle cell proliferation"
"GO:0019722",4,83,25792,624,0.141814369195214,"RCAN2/NMUR1/RYR2/NCALD",0.386052511556519,"calcium-mediated signaling"
"GO:0042632",4,83,25792,624,0.141814369195214,"FABP3/NR5A2/TSPO/LIPG",0.386052511556519,"cholesterol homeostasis"
"GO:1903078",3,54,25792,624,0.14221161067612,"SORBS1/RAB11FIP2/STAC2",0.386052511556519,"positive regulation of protein localization to plasma membrane"
"GO:0009653",5,114,25792,624,0.143078345159636,"FBN2/FOXD2/PHLDA3/MCAM/IER3",0.386052511556519,"anatomical structure morphogenesis"
"GO:0006261",2,28,25792,624,0.146536749554492,"POLD2/RFC2",0.386052511556519,"DNA-templated DNA replication"
"GO:0006626",2,28,25792,624,0.146536749554492,"TIMM8B/TSPO",0.386052511556519,"protein targeting to mitochondrion"
"GO:0030225",2,28,25792,624,0.146536749554492,"GAB3/VEGFA",0.386052511556519,"macrophage differentiation"
"GO:0045070",2,28,25792,624,0.146536749554492,"ADARB1/NR5A2",0.386052511556519,"positive regulation of viral genome replication"
"GO:0045907",2,28,25792,624,0.146536749554492,"ADRA1D/ADRA1A",0.386052511556519,"positive regulation of vasoconstriction"
"GO:0090050",2,28,25792,624,0.146536749554492,"MIR27A/VEGFA",0.386052511556519,"positive regulation of cell migration involved in sprouting angiogenesis"
"GO:0099171",2,28,25792,624,0.146536749554492,"GIPC1/PRKCB",0.386052511556519,"presynaptic modulation of chemical synaptic transmission"
"GO:0051056",5,115,25792,624,0.146817553416698,"CHN2/PLEKHG4/RHOD/ARHGEF5/STARD13",0.386052511556519,"regulation of small GTPase mediated signal transduction"
"GO:0070588",5,115,25792,624,0.146817553416698,"NALCN/GPM6A/ATP2B2/P2RX1/RYR3",0.386052511556519,"calcium ion transmembrane transport"
"GO:0030336",6,148,25792,624,0.150265488093229,"ADARB1/MAPK15/MIR145/WNT4/SLURP1/TPM1",0.386052511556519,"negative regulation of cell migration"
"GO:0043406",3,56,25792,624,0.153626278343676,"NTF3/NTRK3/VEGFA",0.386052511556519,"positive regulation of MAP kinase activity"
"GO:0051216",3,56,25792,624,0.153626278343676,"HOXD3/CSGALNACT1/SOX5",0.386052511556519,"cartilage development"
"GO:0001662",2,29,25792,624,0.15499849765446,"ATP1A2/PDE8B",0.386052511556519,"behavioral fear response"
"GO:0034612",2,29,25792,624,0.15499849765446,"ENDOG/AFF3",0.386052511556519,"response to tumor necrosis factor"
"GO:0048041",2,29,25792,624,0.15499849765446,"SORBS1/RHOD",0.386052511556519,"focal adhesion assembly"
"GO:0000183",1,7,25792,624,0.15756378634485,"BEND3",0.386052511556519,"rDNA heterochromatin formation"
"GO:0000255",1,7,25792,624,0.15756378634485,"PNP",0.386052511556519,"allantoin metabolic process"
"GO:0001542",1,7,25792,624,0.15756378634485,"PGR",0.386052511556519,"ovulation from ovarian follicle"
"GO:0002638",1,7,25792,624,0.15756378634485,"FCRL3",0.386052511556519,"negative regulation of immunoglobulin production"
"GO:0006085",1,7,25792,624,0.15756378634485,"ACSS1",0.386052511556519,"acetyl-CoA biosynthetic process"
"GO:0006942",1,7,25792,624,0.15756378634485,"ATP1A2",0.386052511556519,"regulation of striated muscle contraction"
"GO:0007077",1,7,25792,624,0.15756378634485,"PRKCB",0.386052511556519,"mitotic nuclear membrane disassembly"
"GO:0009165",1,7,25792,624,0.15756378634485,"PNP",0.386052511556519,"nucleotide biosynthetic process"
"GO:0009888",1,7,25792,624,0.15756378634485,"NR5A2",0.386052511556519,"tissue development"
"GO:0010466",1,7,25792,624,0.15756378634485,"ECM1",0.386052511556519,"negative regulation of peptidase activity"
"GO:0014047",1,7,25792,624,0.15756378634485,"GIPC1",0.386052511556519,"glutamate secretion"
"GO:0014894",1,7,25792,624,0.15756378634485,"SGCA",0.386052511556519,"response to denervation involved in regulation of muscle adaptation"
"GO:0014902",1,7,25792,624,0.15756378634485,"MEF2C",0.386052511556519,"myotube differentiation"
"GO:0015677",1,7,25792,624,0.15756378634485,"SLC31A1",0.386052511556519,"copper ion import"
"GO:0019217",1,7,25792,624,0.15756378634485,"PRKAG2",0.386052511556519,"regulation of fatty acid metabolic process"
"GO:0021861",1,7,25792,624,0.15756378634485,"LEF1",0.386052511556519,"forebrain radial glial cell differentiation"
"GO:0021930",1,7,25792,624,0.15756378634485,"PSMG1",0.386052511556519,"cerebellar granule cell precursor proliferation"
"GO:0030223",1,7,25792,624,0.15756378634485,"LEF1",0.386052511556519,"neutrophil differentiation"
"GO:0030540",1,7,25792,624,0.15756378634485,"STRA6",0.386052511556519,"female genitalia development"
"GO:0032713",1,7,25792,624,0.15756378634485,"LEF1",0.386052511556519,"negative regulation of interleukin-4 production"
"GO:0034983",1,7,25792,624,0.15756378634485,"SIRT4",0.386052511556519,"peptidyl-lysine deacetylation"
"GO:0035148",1,7,25792,624,0.15756378634485,"VEGFA",0.386052511556519,"tube formation"
"GO:0035524",1,7,25792,624,0.15756378634485,"SLC7A8",0.386052511556519,"proline transmembrane transport"
"GO:0038001",1,7,25792,624,0.15756378634485,"PGR",0.386052511556519,"paracrine signaling"
"GO:0038094",1,7,25792,624,0.15756378634485,"CD247",0.386052511556519,"Fc-gamma receptor signaling pathway"
"GO:0038203",1,7,25792,624,0.15756378634485,"PRR5L",0.386052511556519,"TORC2 signaling"
"GO:0040011",1,7,25792,624,0.15756378634485,"ATP1A2",0.386052511556519,"locomotion"
"GO:0042698",1,7,25792,624,0.15756378634485,"TYRO3",0.386052511556519,"ovulation cycle"
"GO:0043067",1,7,25792,624,0.15756378634485,"CASP6",0.386052511556519,"regulation of programmed cell death"
"GO:0043586",1,7,25792,624,0.15756378634485,"LEF1",0.386052511556519,"tongue development"
"GO:0044539",1,7,25792,624,0.15756378634485,"SLC27A4",0.386052511556519,"long-chain fatty acid import into cell"
"GO:0045588",1,7,25792,624,0.15756378634485,"LEF1",0.386052511556519,"positive regulation of gamma-delta T cell differentiation"
"GO:0045743",1,7,25792,624,0.15756378634485,"SMOC2",0.386052511556519,"positive regulation of fibroblast growth factor receptor signaling pathway"
"GO:0046514",1,7,25792,624,0.15756378634485,"ACER1",0.386052511556519,"ceramide catabolic process"
"GO:0046631",1,7,25792,624,0.15756378634485,"CD247",0.386052511556519,"alpha-beta T cell activation"
"GO:0048643",1,7,25792,624,0.15756378634485,"MEF2C",0.386052511556519,"positive regulation of skeletal muscle tissue development"
"GO:0048842",1,7,25792,624,0.15756378634485,"VEGFA",0.386052511556519,"positive regulation of axon extension involved in axon guidance"
"GO:0050859",1,7,25792,624,0.15756378634485,"FCRL3",0.386052511556519,"negative regulation of B cell receptor signaling pathway"
"GO:0060019",1,7,25792,624,0.15756378634485,"GPR157",0.386052511556519,"radial glial cell differentiation"
"GO:0060158",1,7,25792,624,0.15756378634485,"GNA15",0.386052511556519,"phospholipase C-activating dopamine receptor signaling pathway"
"GO:0060323",1,7,25792,624,0.15756378634485,"STRA6",0.386052511556519,"head morphogenesis"
"GO:0060575",1,7,25792,624,0.15756378634485,"GATA5",0.386052511556519,"intestinal epithelial cell differentiation"
"GO:0060710",1,7,25792,624,0.15756378634485,"LEF1",0.386052511556519,"chorio-allantoic fusion"
"GO:0060736",1,7,25792,624,0.15756378634485,"PSAPL1",0.386052511556519,"prostate gland growth"
"GO:0071286",1,7,25792,624,0.15756378634485,"RYR3",0.386052511556519,"cellular response to magnesium ion"
"GO:0071321",1,7,25792,624,0.15756378634485,"PDE3A",0.386052511556519,"cellular response to cGMP"
"GO:0071340",1,7,25792,624,0.15756378634485,"COLQ",0.386052511556519,"skeletal muscle acetylcholine-gated channel clustering"
"GO:0086036",1,7,25792,624,0.15756378634485,"PLN",0.386052511556519,"regulation of cardiac muscle cell membrane potential"
"GO:0090027",1,7,25792,624,0.15756378634485,"CCN3",0.386052511556519,"negative regulation of monocyte chemotaxis"
"GO:0097294",1,7,25792,624,0.15756378634485,"PAICS",0.386052511556519,"'de novo' XMP biosynthetic process"
"GO:0097475",1,7,25792,624,0.15756378634485,"VEGFA",0.386052511556519,"motor neuron migration"
"GO:0140507",1,7,25792,624,0.15756378634485,"PRF1",0.386052511556519,"granzyme-mediated programmed cell death signaling pathway"
"GO:1901017",1,7,25792,624,0.15756378634485,"CASQ2",0.386052511556519,"negative regulation of potassium ion transmembrane transporter activity"
"GO:1901621",1,7,25792,624,0.15756378634485,"PRKACB",0.386052511556519,"negative regulation of smoothened signaling pathway involved in dorsal/ventral neural tube patterning"
"GO:1903361",1,7,25792,624,0.15756378634485,"RAB10",0.386052511556519,"protein localization to basolateral plasma membrane"
"GO:1904491",1,7,25792,624,0.15756378634485,"MAPK15",0.386052511556519,"protein localization to ciliary transition zone"
"GO:2000404",1,7,25792,624,0.15756378634485,"ECM1",0.386052511556519,"regulation of T cell migration"
"GO:2000660",1,7,25792,624,0.15756378634485,"MIR27A",0.386052511556519,"negative regulation of interleukin-1-mediated signaling pathway"
"GO:2001140",1,7,25792,624,0.15756378634485,"TRIAP1",0.386052511556519,"positive regulation of phospholipid transport"
"GO:0001570",3,57,25792,624,0.159438614480719,"HEY2/HAS2/VEGFA",0.390120324530211,"vasculogenesis"
"GO:0055085",7,184,25792,624,0.15968235897262,"SLC25A43/SLC35E4/ABCB1/SLC4A1/ABCC8/MAGT1/ABCG2",0.390191570715354,"transmembrane transport"
"GO:0043066",14,429,25792,624,0.160298636285168,"PPIF/ANGPT1/ASIC2/NPY5R/LEF1/ANGPT4/PDE3A/TRIAP1/VEGFA/TCL1A/IER3/FCMR/FANK1/CD27",0.391171705726759,"negative regulation of apoptotic process"
"GO:0008015",2,30,25792,624,0.163550861593411,"FLI1/PLN",0.396950464352296,"blood circulation"
"GO:0006879",3,59,25792,624,0.17125831324148,"CYB561/ISCU/FRRS1",0.396950464352296,"intracellular iron ion homeostasis"
"GO:0007267",7,188,25792,624,0.172161088059881,"ADRA1D/ADRA1A/ADRA2C/NTF3/PGR/PTHLH/FGFBP2",0.396950464352296,"cell-cell signaling"
"GO:0002027",2,31,25792,624,0.172184525293163,"RYR2/CASQ2",0.396950464352296,"regulation of heart rate"
"GO:0006139",2,31,25792,624,0.172184525293163,"BPNT1/PNP",0.396950464352296,"nucleobase-containing compound metabolic process"
"GO:0030488",2,31,25792,624,0.172184525293163,"METTL2A/METTL1",0.396950464352296,"tRNA methylation"
"GO:0030534",2,31,25792,624,0.172184525293163,"SLC7A11/RNF180",0.396950464352296,"adult behavior"
"GO:0033574",2,31,25792,624,0.172184525293163,"PSPH/TSPO",0.396950464352296,"response to testosterone"
"GO:0035094",2,31,25792,624,0.172184525293163,"SLC7A11/ATP1A2",0.396950464352296,"response to nicotine"
"GO:0051491",2,31,25792,624,0.172184525293163,"GPM6A/FSCN1",0.396950464352296,"positive regulation of filopodium assembly"
"GO:0060325",2,31,25792,624,0.172184525293163,"LEF1/STRA6",0.396950464352296,"face morphogenesis"
"GO:0043087",3,60,25792,624,0.177259731718947,"CHN2/PRKG1/ARHGEF5",0.396950464352296,"regulation of GTPase activity"
"GO:0000480",1,8,25792,624,0.17795084072999,"TBL3",0.396950464352296,"endonucleolytic cleavage in 5'-ETS of tricistronic rRNA transcript (SSU-rRNA, 5.8S rRNA, LSU-rRNA)"
"GO:0001504",1,8,25792,624,0.17795084072999,"ATP1A2",0.396950464352296,"neurotransmitter uptake"
"GO:0003416",1,8,25792,624,0.17795084072999,"ECM1",0.396950464352296,"endochondral bone growth"
"GO:0006369",1,8,25792,624,0.17795084072999,"MED18",0.396950464352296,"termination of RNA polymerase II transcription"
"GO:0008347",1,8,25792,624,0.17795084072999,"TSPO",0.396950464352296,"glial cell migration"
"GO:0009235",1,8,25792,624,0.17795084072999,"MMACHC",0.396950464352296,"cobalamin metabolic process"
"GO:0009950",1,8,25792,624,0.17795084072999,"VAX2",0.396950464352296,"dorsal/ventral axis specification"
"GO:0010042",1,8,25792,624,0.17795084072999,"TSPO",0.396950464352296,"response to manganese ion"
"GO:0010890",1,8,25792,624,0.17795084072999,"PLIN3",0.396950464352296,"positive regulation of sequestering of triglyceride"
"GO:0014074",1,8,25792,624,0.17795084072999,"SLC6A1",0.396950464352296,"response to purine-containing compound"
"GO:0015014",1,8,25792,624,0.17795084072999,"CSGALNACT1",0.396950464352296,"heparan sulfate proteoglycan biosynthetic process, polysaccharide chain biosynthetic process"
"GO:0015734",1,8,25792,624,0.17795084072999,"LRRC8C",0.396950464352296,"taurine transport"
"GO:0016479",1,8,25792,624,0.17795084072999,"BEND3",0.396950464352296,"negative regulation of transcription by RNA polymerase I"
"GO:0018401",1,8,25792,624,0.17795084072999,"P4HA3",0.396950464352296,"peptidyl-proline hydroxylation to 4-hydroxy-L-proline"
"GO:0030212",1,8,25792,624,0.17795084072999,"ITIH3",0.396950464352296,"hyaluronan metabolic process"
"GO:0030238",1,8,25792,624,0.17795084072999,"PTGDR",0.396950464352296,"male sex determination"
"GO:0032825",1,8,25792,624,0.17795084072999,"TOX",0.396950464352296,"positive regulation of natural killer cell differentiation"
"GO:0033625",1,8,25792,624,0.17795084072999,"FERMT1",0.396950464352296,"positive regulation of integrin activation"
"GO:0035912",1,8,25792,624,0.17795084072999,"HEY2",0.396950464352296,"dorsal aorta morphogenesis"
"GO:0043267",1,8,25792,624,0.17795084072999,"CASQ2",0.396950464352296,"negative regulation of potassium ion transport"
"GO:0044208",1,8,25792,624,0.17795084072999,"PAICS",0.396950464352296,"'de novo' AMP biosynthetic process"
"GO:0046322",1,8,25792,624,0.17795084072999,"SIRT4",0.396950464352296,"negative regulation of fatty acid oxidation"
"GO:0046324",1,8,25792,624,0.17795084072999,"PRKAG2",0.396950464352296,"regulation of glucose import"
"GO:0046415",1,8,25792,624,0.17795084072999,"ABCG2",0.396950464352296,"urate metabolic process"
"GO:0046486",1,8,25792,624,0.17795084072999,"DGKG",0.396950464352296,"glycerolipid metabolic process"
"GO:0046822",1,8,25792,624,0.17795084072999,"IER3",0.396950464352296,"regulation of nucleocytoplasmic transport"
"GO:0046888",1,8,25792,624,0.17795084072999,"IL11",0.396950464352296,"negative regulation of hormone secretion"
"GO:0048066",1,8,25792,624,0.17795084072999,"ZEB2",0.396950464352296,"developmental pigmentation"
"GO:0048311",1,8,25792,624,0.17795084072999,"TRAK2",0.396950464352296,"mitochondrion distribution"
"GO:0048667",1,8,25792,624,0.17795084072999,"MEF2C",0.396950464352296,"cell morphogenesis involved in neuron differentiation"
"GO:0048672",1,8,25792,624,0.17795084072999,"CRABP2",0.396950464352296,"positive regulation of collateral sprouting"
"GO:0050861",1,8,25792,624,0.17795084072999,"PRKCB",0.396950464352296,"positive regulation of B cell receptor signaling pathway"
"GO:0050909",1,8,25792,624,0.17795084072999,"LEF1",0.396950464352296,"sensory perception of taste"
"GO:0051782",1,8,25792,624,0.17795084072999,"TXNIP",0.396950464352296,"negative regulation of cell division"
"GO:0060081",1,8,25792,624,0.17795084072999,"KCNA5",0.396950464352296,"membrane hyperpolarization"
"GO:0060231",1,8,25792,624,0.17795084072999,"WNT4",0.396950464352296,"mesenchymal to epithelial transition"
"GO:0060346",1,8,25792,624,0.17795084072999,"FBN2",0.396950464352296,"bone trabecula formation"
"GO:0060426",1,8,25792,624,0.17795084072999,"STRA6",0.396950464352296,"lung vasculature development"
"GO:0060452",1,8,25792,624,0.17795084072999,"ADRA1A",0.396950464352296,"positive regulation of cardiac muscle contraction"
"GO:0060539",1,8,25792,624,0.17795084072999,"STRA6",0.396950464352296,"diaphragm development"
"GO:0061180",1,8,25792,624,0.17795084072999,"WNT4",0.396950464352296,"mammary gland epithelium development"
"GO:0070268",1,8,25792,624,0.17795084072999,"KLK5",0.396950464352296,"cornification"
"GO:0070475",1,8,25792,624,0.17795084072999,"NOP2",0.396950464352296,"rRNA base methylation"
"GO:0071374",1,8,25792,624,0.17795084072999,"MEF2C",0.396950464352296,"cellular response to parathyroid hormone stimulus"
"GO:0071476",1,8,25792,624,0.17795084072999,"TSPO",0.396950464352296,"cellular hypotonic response"
"GO:0071636",1,8,25792,624,0.17795084072999,"FERMT1",0.396950464352296,"positive regulation of transforming growth factor beta production"
"GO:0090091",1,8,25792,624,0.17795084072999,"FSCN1",0.396950464352296,"positive regulation of extracellular matrix disassembly"
"GO:0090279",1,8,25792,624,0.17795084072999,"FCRL3",0.396950464352296,"regulation of calcium ion import"
"GO:0097400",1,8,25792,624,0.17795084072999,"TRAF5",0.396950464352296,"interleukin-17-mediated signaling pathway"
"GO:1901537",1,8,25792,624,0.17795084072999,"TOX",0.396950464352296,"positive regulation of DNA demethylation"
"GO:1903401",1,8,25792,624,0.17795084072999,"SLC25A2",0.396950464352296,"L-lysine transmembrane transport"
"GO:1904045",1,8,25792,624,0.17795084072999,"SCNN1A",0.396950464352296,"cellular response to aldosterone"
"GO:1904117",1,8,25792,624,0.17795084072999,"SCNN1A",0.396950464352296,"cellular response to vasopressin"
"GO:1905832",1,8,25792,624,0.17795084072999,"MAPK15",0.396950464352296,"positive regulation of spindle assembly"
"GO:2000320",1,8,25792,624,0.17795084072999,"TBX21",0.396950464352296,"negative regulation of T-helper 17 cell differentiation"
"GO:2000556",1,8,25792,624,0.17795084072999,"TBX21",0.396950464352296,"positive regulation of T-helper 1 cell cytokine production"
"GO:2000678",1,8,25792,624,0.17795084072999,"HEY2",0.396950464352296,"negative regulation of transcription regulatory region DNA binding"
"GO:2000727",1,8,25792,624,0.17795084072999,"MEF2C",0.396950464352296,"positive regulation of cardiac muscle cell differentiation"
"GO:0030335",8,225,25792,624,0.180420716844646,"SEMA4B/RHOD/HAS2/MCAM/NTF3/NTRK3/LEF1/VEGFA",0.398617035876133,"positive regulation of cell migration"
"GO:0001958",2,32,25792,624,0.180890569085704,"MEF2C/CSGALNACT1",0.398617035876133,"endochondral ossification"
"GO:0006904",2,32,25792,624,0.180890569085704,"EXOC6/SYTL2",0.398617035876133,"vesicle docking involved in exocytosis"
"GO:0008016",2,32,25792,624,0.180890569085704,"PLN/TPM1",0.398617035876133,"regulation of heart contraction"
"GO:0032570",2,32,25792,624,0.180890569085704,"TXNIP/TSPO",0.398617035876133,"response to progesterone"
"GO:0045931",2,32,25792,624,0.180890569085704,"SMOC2/TAL1",0.398617035876133,"positive regulation of mitotic cell cycle"
"GO:0046326",2,32,25792,624,0.180890569085704,"OCLN/SORBS1",0.398617035876133,"positive regulation of glucose import"
"GO:0070269",2,32,25792,624,0.180890569085704,"CASP6/ZEB2",0.398617035876133,"pyroptosis"
"GO:1901223",2,32,25792,624,0.180890569085704,"CCN3/PPM1B",0.398617035876133,"negative regulation of non-canonical NF-kappaB signal transduction"
"GO:2000300",2,32,25792,624,0.180890569085704,"P2RX1/PRKCB",0.398617035876133,"regulation of synaptic vesicle exocytosis"
"GO:0006629",6,157,25792,624,0.181458180594095,"BTN2A1/ALDH3A1/VSIG2/PDE3A/PLCXD1/LIPG",0.399383743728893,"lipid metabolic process"
"GO:0007517",4,93,25792,624,0.188424466215569,"ITGA7/MEF2C/SGCA/UTRN",0.403181655853562,"muscle organ development"
"GO:0006749",2,33,25792,624,0.189660456036491,"SLC7A11/MMACHC",0.403181655853562,"glutathione metabolic process"
"GO:0030326",2,33,25792,624,0.189660456036491,"FBN2/LEF1",0.403181655853562,"embryonic limb morphogenesis"
"GO:0007229",4,94,25792,624,0.19333360129836,"ITGA1/ITGA7/FERMT1/ITGA8",0.403181655853562,"integrin-mediated signaling pathway"
"GO:0007015",5,127,25792,624,0.194696030512119,"KPTN/NOSTRIN/RHOD/TPM1/TPM2",0.403181655853562,"actin filament organization"
"GO:0035556",12,373,25792,624,0.195538077497769,"ADRA1A/DGKG/AGTR2/MAPK15/SHC4/PRKAG2/PRKAR2A/PRKAR2B/PRKCB/BLK/ARHGEF5/RGS6",0.403181655853562,"intracellular signal transduction"
"GO:0007611",3,63,25792,624,0.19559504277021,"ZNF385A/MEF2C/SLC2A4",0.403181655853562,"learning or memory"
"GO:0010468",6,161,25792,624,0.196089268924937,"AFF3/SHC4/CCN3/YBX2/PTHLH/PRDM6",0.403181655853562,"regulation of gene expression"
"GO:0001775",1,9,25792,624,0.197845297578597,"SLURP1",0.403181655853562,"cell activation"
"GO:0002087",1,9,25792,624,0.197845297578597,"ATP1A2",0.403181655853562,"regulation of respiratory gaseous exchange by nervous system process"
"GO:0002467",1,9,25792,624,0.197845297578597,"MEF2C",0.403181655853562,"germinal center formation"
"GO:0003143",1,9,25792,624,0.197845297578597,"RYR2",0.403181655853562,"embryonic heart tube morphogenesis"
"GO:0003208",1,9,25792,624,0.197845297578597,"HEY2",0.403181655853562,"cardiac ventricle morphogenesis"
"GO:0006048",1,9,25792,624,0.197845297578597,"GNPNAT1",0.403181655853562,"UDP-N-acetylglucosamine biosynthetic process"
"GO:0006069",1,9,25792,624,0.197845297578597,"ACSS1",0.403181655853562,"ethanol oxidation"
"GO:0006177",1,9,25792,624,0.197845297578597,"PAICS",0.403181655853562,"GMP biosynthetic process"
"GO:0006198",1,9,25792,624,0.197845297578597,"PDE8B",0.403181655853562,"cAMP catabolic process"
"GO:0006228",1,9,25792,624,0.197845297578597,"NME1",0.403181655853562,"UTP biosynthetic process"
"GO:0006829",1,9,25792,624,0.197845297578597,"SLC39A2",0.403181655853562,"zinc ion transport"
"GO:0008299",1,9,25792,624,0.197845297578597,"MVK",0.403181655853562,"isoprenoid biosynthetic process"
"GO:0009584",1,9,25792,624,0.197845297578597,"ELOVL4",0.403181655853562,"detection of visible light"
"GO:0010968",1,9,25792,624,0.197845297578597,"HAUS2",0.403181655853562,"regulation of microtubule nucleation"
"GO:0014909",1,9,25792,624,0.197845297578597,"CCN3",0.403181655853562,"smooth muscle cell migration"
"GO:0015747",1,9,25792,624,0.197845297578597,"ABCG2",0.403181655853562,"urate transport"
"GO:0030321",1,9,25792,624,0.197845297578597,"BEST1",0.403181655853562,"transepithelial chloride transport"
"GO:0031665",1,9,25792,624,0.197845297578597,"CARD8",0.403181655853562,"negative regulation of lipopolysaccharide-mediated signaling pathway"
"GO:0034214",1,9,25792,624,0.197845297578597,"LRRC8C",0.403181655853562,"protein hexamerization"
"GO:0034380",1,9,25792,624,0.197845297578597,"PRKACB",0.403181655853562,"high-density lipoprotein particle assembly"
"GO:0035357",1,9,25792,624,0.197845297578597,"ALOXE3",0.403181655853562,"peroxisome proliferator activated receptor signaling pathway"
"GO:0035590",1,9,25792,624,0.197845297578597,"P2RX1",0.403181655853562,"purinergic nucleotide receptor signaling pathway"
"GO:0038007",1,9,25792,624,0.197845297578597,"TUBB3",0.403181655853562,"netrin-activated signaling pathway"
"GO:0042355",1,9,25792,624,0.197845297578597,"FUT6",0.403181655853562,"L-fucose catabolic process"
"GO:0042359",1,9,25792,624,0.197845297578597,"CYP11A1",0.403181655853562,"vitamin D metabolic process"
"GO:0043268",1,9,25792,624,0.197845297578597,"ABCC8",0.403181655853562,"positive regulation of potassium ion transport"
"GO:0046629",1,9,25792,624,0.197845297578597,"CD247",0.403181655853562,"gamma-delta T cell activation"
"GO:0048304",1,9,25792,624,0.197845297578597,"TBX21",0.403181655853562,"positive regulation of isotype switching to IgG isotypes"
"GO:0050650",1,9,25792,624,0.197845297578597,"CSGALNACT1",0.403181655853562,"chondroitin sulfate proteoglycan biosynthetic process"
"GO:0050810",1,9,25792,624,0.197845297578597,"TSPO",0.403181655853562,"regulation of steroid biosynthetic process"
"GO:0050891",1,9,25792,624,0.197845297578597,"SCNN1A",0.403181655853562,"multicellular organismal-level water homeostasis"
"GO:0050953",1,9,25792,624,0.197845297578597,"USH1G",0.403181655853562,"sensory perception of light stimulus"
"GO:0051901",1,9,25792,624,0.197845297578597,"TSPO",0.403181655853562,"positive regulation of mitochondrial depolarization"
"GO:0060068",1,9,25792,624,0.197845297578597,"TYRO3",0.403181655853562,"vagina development"
"GO:0060259",1,9,25792,624,0.197845297578597,"GPR171",0.403181655853562,"regulation of feeding behavior"
"GO:0060982",1,9,25792,624,0.197845297578597,"VEGFA",0.403181655853562,"coronary artery morphogenesis"
"GO:0061072",1,9,25792,624,0.197845297578597,"WNT9A",0.403181655853562,"iris morphogenesis"
"GO:0061179",1,9,25792,624,0.197845297578597,"PDE8B",0.403181655853562,"negative regulation of insulin secretion involved in cellular response to glucose stimulus"
"GO:0061909",1,9,25792,624,0.197845297578597,"PIP4K2A",0.403181655853562,"autophagosome-lysosome fusion"
"GO:0070168",1,9,25792,624,0.197845297578597,"HEY2",0.403181655853562,"negative regulation of biomineral tissue development"
"GO:0070837",1,9,25792,624,0.197845297578597,"SLC2A4",0.403181655853562,"dehydroascorbic acid transport"
"GO:0071243",1,9,25792,624,0.197845297578597,"PPIF",0.403181655853562,"cellular response to arsenic-containing substance"
"GO:0071372",1,9,25792,624,0.197845297578597,"GCLM",0.403181655853562,"cellular response to follicle-stimulating hormone stimulus"
"GO:0071875",1,9,25792,624,0.197845297578597,"ADRA2C",0.403181655853562,"adrenergic receptor signaling pathway"
"GO:0086014",1,9,25792,624,0.197845297578597,"KCNA5",0.403181655853562,"atrial cardiac muscle cell action potential"
"GO:0090522",1,9,25792,624,0.197845297578597,"EXOC6",0.403181655853562,"vesicle tethering involved in exocytosis"
"GO:0097186",1,9,25792,624,0.197845297578597,"KLK5",0.403181655853562,"amelogenesis"
"GO:0098712",1,9,25792,624,0.197845297578597,"SLC7A11",0.403181655853562,"L-glutamate import across plasma membrane"
"GO:1900264",1,9,25792,624,0.197845297578597,"RFC2",0.403181655853562,"positive regulation of DNA-directed DNA polymerase activity"
"GO:2000096",1,9,25792,624,0.197845297578597,"NKD1",0.403181655853562,"positive regulation of Wnt signaling pathway, planar cell polarity pathway"
"GO:0001756",2,34,25792,624,0.198486018695785,"LEF1/NLE1",0.403181655853562,"somitogenesis"
"GO:0001895",2,34,25792,624,0.198486018695785,"ATP1B2/PIGR",0.403181655853562,"retina homeostasis"
"GO:0007595",2,34,25792,624,0.198486018695785,"NME1/VEGFA",0.403181655853562,"lactation"
"GO:0015701",2,34,25792,624,0.198486018695785,"SLC4A1/BEST1",0.403181655853562,"bicarbonate transport"
"GO:0019369",2,34,25792,624,0.198486018695785,"ALOX12B/ALOXE3",0.403181655853562,"arachidonic acid metabolic process"
"GO:0032435",2,34,25792,624,0.198486018695785,"PANO1/GIPC1",0.403181655853562,"negative regulation of proteasomal ubiquitin-dependent protein catabolic process"
"GO:0042542",2,34,25792,624,0.198486018695785,"TXNIP/KCNA5",0.403181655853562,"response to hydrogen peroxide"
"GO:0045582",2,34,25792,624,0.198486018695785,"IL1RL2/CD27",0.403181655853562,"positive regulation of T cell differentiation"
"GO:0050767",2,34,25792,624,0.198486018695785,"HEY2/LEF1",0.403181655853562,"regulation of neurogenesis"
"GO:0051017",2,34,25792,624,0.198486018695785,"RHOD/FSCN1",0.403181655853562,"actin filament bundle assembly"
"GO:0051973",2,34,25792,624,0.198486018695785,"MAPK15/PARM1",0.403181655853562,"positive regulation of telomerase activity"
"GO:0006915",16,524,25792,624,0.204157231931907,"PANO1/ADRA1A/CARD8/ZNF385A/SHC4/MEF2C/P2RX1/TRIAP1/PRF1/PRKCB/TRAF5/AIMP2/CASP6/KREMEN1/IER3/ARHGEF6",0.414238669254696,"apoptotic process"
"GO:0003180",2,35,25792,624,0.207359446265374,"GATA5/HEY2",0.416203304182382,"aortic valve morphogenesis"
"GO:0008202",2,35,25792,624,0.207359446265374,"SDR9C7/TSPO",0.416203304182382,"steroid metabolic process"
"GO:0030010",2,35,25792,624,0.207359446265374,"RAB11FIP2/NEK3",0.416203304182382,"establishment of cell polarity"
"GO:0030032",2,35,25792,624,0.207359446265374,"RHOD/ARHGEF6",0.416203304182382,"lamellipodium assembly"
"GO:0031297",2,35,25792,624,0.207359446265374,"EME1/CENPX",0.416203304182382,"replication fork processing"
"GO:0042311",2,35,25792,624,0.207359446265374,"AGTR2/ITGA1",0.416203304182382,"vasodilation"
"GO:0051966",2,35,25792,624,0.207359446265374,"MEF2C/ATP1A2",0.416203304182382,"regulation of synaptic transmission, glutamatergic"
"GO:0032868",3,66,25792,624,0.214366548202715,"EIF6/VPS13C/ABCC8",0.416203304182382,"response to insulin"
"GO:0006695",2,36,25792,624,0.216273272168392,"EBP/MVK",0.416203304182382,"cholesterol biosynthetic process"
"GO:0019216",2,36,25792,624,0.216273272168392,"ACER1/PSAPL1",0.416203304182382,"regulation of lipid metabolic process"
"GO:0019233",2,36,25792,624,0.216273272168392,"NPY1R/ALOXE3",0.416203304182382,"sensory perception of pain"
"GO:0086091",2,36,25792,624,0.216273272168392,"KCNA5/KCNJ3",0.416203304182382,"regulation of heart rate by cardiac conduction"
"GO:0002675",1,10,25792,624,0.217259040522046,"NPY5R",0.416203304182382,"positive regulation of acute inflammatory response"
"GO:0006081",1,10,25792,624,0.217259040522046,"ALDH3A1",0.416203304182382,"cellular aldehyde metabolic process"
"GO:0006182",1,10,25792,624,0.217259040522046,"GUCY1A2",0.416203304182382,"cGMP biosynthetic process"
"GO:0006183",1,10,25792,624,0.217259040522046,"NME1",0.416203304182382,"GTP biosynthetic process"
"GO:0006241",1,10,25792,624,0.217259040522046,"NME1",0.416203304182382,"CTP biosynthetic process"
"GO:0006497",1,10,25792,624,0.217259040522046,"ALOX12B",0.416203304182382,"protein lipidation"
"GO:0009247",1,10,25792,624,0.217259040522046,"GAL3ST3",0.416203304182382,"glycolipid biosynthetic process"
"GO:0010273",1,10,25792,624,0.217259040522046,"MT1G",0.416203304182382,"detoxification of copper ion"
"GO:0010918",1,10,25792,624,0.217259040522046,"TCL1A",0.416203304182382,"positive regulation of mitochondrial membrane potential"
"GO:0015695",1,10,25792,624,0.217259040522046,"SLC7A8",0.416203304182382,"organic cation transport"
"GO:0015810",1,10,25792,624,0.217259040522046,"LRRC8C",0.416203304182382,"aspartate transmembrane transport"
"GO:0015816",1,10,25792,624,0.217259040522046,"SLC7A8",0.416203304182382,"glycine transport"
"GO:0015820",1,10,25792,624,0.217259040522046,"SLC7A8",0.416203304182382,"leucine transport"
"GO:0030049",1,10,25792,624,0.217259040522046,"TPM1",0.416203304182382,"muscle filament sliding"
"GO:0032680",1,10,25792,624,0.217259040522046,"ANGPT1",0.416203304182382,"regulation of tumor necrosis factor production"
"GO:0032940",1,10,25792,624,0.217259040522046,"TYRO3",0.416203304182382,"secretion by cell"
"GO:0042276",1,10,25792,624,0.217259040522046,"POLD2",0.416203304182382,"error-prone translesion synthesis"
"GO:0043583",1,10,25792,624,0.217259040522046,"STRA6",0.416203304182382,"ear development"
"GO:0045063",1,10,25792,624,0.217259040522046,"LEF1",0.416203304182382,"T-helper 1 cell differentiation"
"GO:0045475",1,10,25792,624,0.217259040522046,"CIART",0.416203304182382,"locomotor rhythm"
"GO:0046638",1,10,25792,624,0.217259040522046,"PNP",0.416203304182382,"positive regulation of alpha-beta T cell differentiation"
"GO:0048681",1,10,25792,624,0.217259040522046,"KREMEN1",0.416203304182382,"negative regulation of axon regeneration"
"GO:0060075",1,10,25792,624,0.217259040522046,"NALCN",0.416203304182382,"regulation of resting membrane potential"
"GO:0060306",1,10,25792,624,0.217259040522046,"CASQ2",0.416203304182382,"regulation of membrane repolarization"
"GO:0060998",1,10,25792,624,0.217259040522046,"MEF2C",0.416203304182382,"regulation of dendritic spine development"
"GO:0061303",1,10,25792,624,0.217259040522046,"WNT9A",0.416203304182382,"cornea development in camera-type eye"
"GO:0070314",1,10,25792,624,0.217259040522046,"ECRG4",0.416203304182382,"G1 to G0 transition"
"GO:0070327",1,10,25792,624,0.217259040522046,"SLC7A8",0.416203304182382,"thyroid hormone transport"
"GO:0070613",1,10,25792,624,0.217259040522046,"PRKACB",0.416203304182382,"regulation of protein processing"
"GO:0070828",1,10,25792,624,0.217259040522046,"PRDM16",0.416203304182382,"heterochromatin organization"
"GO:0090331",1,10,25792,624,0.217259040522046,"PRKG1",0.416203304182382,"negative regulation of platelet aggregation"
"GO:0090382",1,10,25792,624,0.217259040522046,"MREG",0.416203304182382,"phagosome maturation"
"GO:0097084",1,10,25792,624,0.217259040522046,"HEY2",0.416203304182382,"vascular associated smooth muscle cell development"
"GO:0099566",1,10,25792,624,0.217259040522046,"ATP2B2",0.416203304182382,"regulation of postsynaptic cytosolic calcium ion concentration"
"GO:1901653",1,10,25792,624,0.217259040522046,"KLF1",0.416203304182382,"cellular response to peptide"
"GO:1901998",1,10,25792,624,0.217259040522046,"SLC7A8",0.416203304182382,"toxin transport"
"GO:1990961",1,10,25792,624,0.217259040522046,"ABCB1",0.416203304182382,"xenobiotic detoxification by transmembrane export across the plasma membrane"
"GO:2000048",1,10,25792,624,0.217259040522046,"VEGFA",0.416203304182382,"negative regulation of cell-cell adhesion mediated by cadherin"
"GO:2000178",1,10,25792,624,0.217259040522046,"PDE9A",0.416203304182382,"negative regulation of neural precursor cell proliferation"
"GO:2000288",1,10,25792,624,0.217259040522046,"KCNA5",0.416203304182382,"positive regulation of myoblast proliferation"
"GO:2000369",1,10,25792,624,0.217259040522046,"USH1G",0.416203304182382,"regulation of clathrin-dependent endocytosis"
"GO:0098869",3,67,25792,624,0.220707518059417,"HBM/HBD/HBG1",0.422364492454759,"cellular oxidant detoxification"
"GO:0030036",7,203,25792,624,0.222394756977518,"LDB3/MIR143/MIR145/PRKG1/FSCN1/ARHGEF5/STARD13",0.42474605986705,"actin cytoskeleton organization"
"GO:0001525",8,239,25792,624,0.223865488987116,"SLC31A1/ECM1/ANGPT1/MCAM/CCN3/ANGPT4/TAL1/VEGFA",0.42474605986705,"angiogenesis"
"GO:0043010",2,37,25792,624,0.225220362010284,"FBN2/STRA6",0.42474605986705,"camera-type eye development"
"GO:0006412",6,169,25792,624,0.226587625222812,"RPSA2/MRPS17/MRPL12/MRPS12/PDF/AIMP2",0.42474605986705,"translation"
"GO:1990830",4,101,25792,624,0.228724051446438,"NR5A2/GCLM/MRPL15/BSPRY",0.42474605986705,"cellular response to leukemia inhibitory factor"
"GO:0045893",19,650,25792,624,0.230677725138351,"KLF1/RBPMS/CITED4/AGTR2/FLI1/NR5A2/TBX21/MEF2C/LEF1/WNT4/POU3F1/TESC/PRKCB/BMAL2/MRPL12/PRDM16/TAL1/FANK1/ARNT2",0.42474605986705,"positive regulation of DNA-templated transcription"
"GO:0008203",3,69,25792,624,0.233498748313658,"EBP/CYP11A1/FDXR",0.42474605986705,"cholesterol metabolic process"
"GO:0010506",3,69,25792,624,0.233498748313658,"MAPK15/PIP4K2A/CISD1",0.42474605986705,"regulation of autophagy"
"GO:0030183",3,69,25792,624,0.233498748313658,"CLCF1/IL11/CD79B",0.42474605986705,"B cell differentiation"
"GO:0030182",5,136,25792,624,0.233690714839902,"VAX2/MEF2C/ATP2B2/WNT4/WNT9A",0.42474605986705,"neuron differentiation"
"GO:0001974",2,38,25792,624,0.234193901919322,"AGTR2/MEF2C",0.42474605986705,"blood vessel remodeling"
"GO:0043154",2,38,25792,624,0.234193901919322,"TRIAP1/VEGFA",0.42474605986705,"negative regulation of cysteine-type endopeptidase activity involved in apoptotic process"
"GO:0051225",2,38,25792,624,0.234193901919322,"SAC3D1/HAUS2",0.42474605986705,"spindle assembly"
"GO:0000050",1,11,25792,624,0.236203666955769,"SLC25A2",0.42474605986705,"urea cycle"
"GO:0001706",1,11,25792,624,0.236203666955769,"DUSP4",0.42474605986705,"endoderm formation"
"GO:0001771",1,11,25792,624,0.236203666955769,"PRF1",0.42474605986705,"immunological synapse formation"
"GO:0003139",1,11,25792,624,0.236203666955769,"MEF2C",0.42474605986705,"secondary heart field specification"
"GO:0003198",1,11,25792,624,0.236203666955769,"HEY2",0.42474605986705,"epithelial to mesenchymal transition involved in endocardial cushion formation"
"GO:0003300",1,11,25792,624,0.236203666955769,"RYR2",0.42474605986705,"cardiac muscle hypertrophy"
"GO:0006112",1,11,25792,624,0.236203666955769,"KL",0.42474605986705,"energy reserve metabolic process"
"GO:0006309",1,11,25792,624,0.236203666955769,"ENDOG",0.42474605986705,"apoptotic DNA fragmentation"
"GO:0006390",1,11,25792,624,0.236203666955769,"MRPL12",0.42474605986705,"mitochondrial transcription"
"GO:0006516",1,11,25792,624,0.236203666955769,"NCCRP1",0.42474605986705,"glycoprotein catabolic process"
"GO:0007512",1,11,25792,624,0.236203666955769,"ADRA1A",0.42474605986705,"adult heart development"
"GO:0007614",1,11,25792,624,0.236203666955769,"SLC2A4",0.42474605986705,"short-term memory"
"GO:0009972",1,11,25792,624,0.236203666955769,"CDA",0.42474605986705,"cytidine deamination"
"GO:0010248",1,11,25792,624,0.236203666955769,"ATP1A2",0.42474605986705,"establishment or maintenance of transmembrane electrochemical gradient"
"GO:0010659",1,11,25792,624,0.236203666955769,"HEY2",0.42474605986705,"cardiac muscle cell apoptotic process"
"GO:0014033",1,11,25792,624,0.236203666955769,"MEF2C",0.42474605986705,"neural crest cell differentiation"
"GO:0022407",1,11,25792,624,0.236203666955769,"WNT4",0.42474605986705,"regulation of cell-cell adhesion"
"GO:0032330",1,11,25792,624,0.236203666955769,"PTHLH",0.42474605986705,"regulation of chondrocyte differentiation"
"GO:0033089",1,11,25792,624,0.236203666955769,"IL7R",0.42474605986705,"positive regulation of T cell differentiation in thymus"
"GO:0036302",1,11,25792,624,0.236203666955769,"HAS2",0.42474605986705,"atrioventricular canal development"
"GO:0043951",1,11,25792,624,0.236203666955769,"PDE3A",0.42474605986705,"negative regulation of cAMP-mediated signaling"
"GO:0044571",1,11,25792,624,0.236203666955769,"ISCU",0.42474605986705,"[2Fe-2S] cluster assembly"
"GO:0045577",1,11,25792,624,0.236203666955769,"FCRL3",0.42474605986705,"regulation of B cell differentiation"
"GO:0045654",1,11,25792,624,0.236203666955769,"TESC",0.42474605986705,"positive regulation of megakaryocyte differentiation"
"GO:0046834",1,11,25792,624,0.236203666955769,"DGKG",0.42474605986705,"lipid phosphorylation"
"GO:0046902",1,11,25792,624,0.236203666955769,"PPIF",0.42474605986705,"regulation of mitochondrial membrane permeability"
"GO:0048668",1,11,25792,624,0.236203666955769,"PRKG1",0.42474605986705,"collateral sprouting"
"GO:0048711",1,11,25792,624,0.236203666955769,"CLCF1",0.42474605986705,"positive regulation of astrocyte differentiation"
"GO:0050732",1,11,25792,624,0.236203666955769,"NTF3",0.42474605986705,"negative regulation of peptidyl-tyrosine phosphorylation"
"GO:0050847",1,11,25792,624,0.236203666955769,"PGR",0.42474605986705,"progesterone receptor signaling pathway"
"GO:0051930",1,11,25792,624,0.236203666955769,"GPR171",0.42474605986705,"regulation of sensory perception of pain"
"GO:0060315",1,11,25792,624,0.236203666955769,"CASQ2",0.42474605986705,"negative regulation of ryanodine-sensitive calcium-release channel activity"
"GO:0060413",1,11,25792,624,0.236203666955769,"HEY2",0.42474605986705,"atrial septum morphogenesis"
"GO:0061061",1,11,25792,624,0.236203666955769,"LDB3",0.42474605986705,"muscle structure development"
"GO:0061314",1,11,25792,624,0.236203666955769,"HEY2",0.42474605986705,"Notch signaling involved in heart development"
"GO:0070306",1,11,25792,624,0.236203666955769,"SLC7A11",0.42474605986705,"lens fiber cell differentiation"
"GO:0071375",1,11,25792,624,0.236203666955769,"CYP11A1",0.42474605986705,"cellular response to peptide hormone stimulus"
"GO:0071872",1,11,25792,624,0.236203666955769,"RYR2",0.42474605986705,"cellular response to epinephrine stimulus"
"GO:0072359",1,11,25792,624,0.236203666955769,"HEY2",0.42474605986705,"circulatory system development"
"GO:0098761",1,11,25792,624,0.236203666955769,"GIPC1",0.42474605986705,"cellular response to interleukin-7"
"GO:0098911",1,11,25792,624,0.236203666955769,"RYR2",0.42474605986705,"regulation of ventricular cardiac muscle cell action potential"
"GO:0098915",1,11,25792,624,0.236203666955769,"KCNJ3",0.42474605986705,"membrane repolarization during ventricular cardiac muscle cell action potential"
"GO:0099151",1,11,25792,624,0.236203666955769,"LRFN4",0.42474605986705,"regulation of postsynaptic density assembly"
"GO:1900407",1,11,25792,624,0.236203666955769,"SLC7A11",0.42474605986705,"regulation of cellular response to oxidative stress"
"GO:1903377",1,11,25792,624,0.236203666955769,"PYCR1",0.42474605986705,"negative regulation of oxidative stress-induced neuron intrinsic apoptotic signaling pathway"
"GO:1903706",1,11,25792,624,0.236203666955769,"GFI1B",0.42474605986705,"regulation of hemopoiesis"
"GO:1905665",1,11,25792,624,0.236203666955769,"P2RX1",0.42474605986705,"positive regulation of calcium ion import across plasma membrane"
"GO:2000310",1,11,25792,624,0.236203666955769,"MEF2C",0.42474605986705,"regulation of NMDA receptor activity"
"GO:0001568",2,39,25792,624,0.243187387255391,"MEF2C/STRA6",0.436010522712329,"blood vessel development"
"GO:0001654",2,39,25792,624,0.243187387255391,"CPAMD8/SMOC1",0.436010522712329,"eye development"
"GO:0007566",2,39,25792,624,0.243187387255391,"TPPP3/STC2",0.436010522712329,"embryo implantation"
"GO:0090263",4,104,25792,624,0.24436359362159,"MIR145/NLE1/PPM1B/ZEB2",0.437687697737982,"positive regulation of canonical Wnt signaling pathway"
"GO:0007399",11,356,25792,624,0.24617826976795,"BPNT1/TIMM8A/C3orf70/MEF2C/NME1/NTF3/NTRK3/TYRO3/VEGFA/ITGA8/ZEB2",0.438451663723069,"nervous system development"
"GO:0006302",3,71,25792,624,0.246417977504451,"EME1/FEN1/H2AX",0.438451663723069,"double-strand break repair"
"GO:0048704",2,40,25792,624,0.252194611676102,"HOXD3/HOXD4",0.438451663723069,"embryonic skeletal system morphogenesis"
"GO:0030593",3,72,25792,624,0.252919099602066,"ITGA1/PF4/PPBP",0.438451663723069,"neutrophil chemotaxis"
"GO:0042274",3,72,25792,624,0.252919099602066,"TBL3/PNO1/RRP9",0.438451663723069,"ribosomal small subunit biogenesis"
"GO:0000727",1,12,25792,624,0.254690494922861,"MCM4",0.438451663723069,"double-strand break repair via break-induced replication"
"GO:0003073",1,12,25792,624,0.254690494922861,"NCALD",0.438451663723069,"regulation of systemic arterial blood pressure"
"GO:0006122",1,12,25792,624,0.254690494922861,"CYCS",0.438451663723069,"mitochondrial electron transport, ubiquinol to cytochrome c"
"GO:0006688",1,12,25792,624,0.254690494922861,"FUT6",0.438451663723069,"glycosphingolipid biosynthetic process"
"GO:0007625",1,12,25792,624,0.254690494922861,"APRT",0.438451663723069,"grooming behavior"
"GO:0009650",1,12,25792,624,0.254690494922861,"FEN1",0.438451663723069,"UV protection"
"GO:0017121",1,12,25792,624,0.254690494922861,"SLC4A1",0.438451663723069,"plasma membrane phospholipid scrambling"
"GO:0021670",1,12,25792,624,0.254690494922861,"ATP1B2",0.438451663723069,"lateral ventricle development"
"GO:0030174",1,12,25792,624,0.254690494922861,"MCM4",0.438451663723069,"regulation of DNA-templated DNA replication initiation"
"GO:0030518",1,12,25792,624,0.254690494922861,"PGR",0.438451663723069,"intracellular steroid hormone receptor signaling pathway"
"GO:0032233",1,12,25792,624,0.254690494922861,"SYNPO2",0.438451663723069,"positive regulation of actin filament bundle assembly"
"GO:0032926",1,12,25792,624,0.254690494922861,"IGSF1",0.438451663723069,"negative regulation of activin receptor signaling pathway"
"GO:0033628",1,12,25792,624,0.254690494922861,"TESC",0.438451663723069,"regulation of cell adhesion mediated by integrin"
"GO:0035773",1,12,25792,624,0.254690494922861,"RAB11FIP2",0.438451663723069,"insulin secretion involved in cellular response to glucose stimulus"
"GO:0035810",1,12,25792,624,0.254690494922861,"HAS2",0.438451663723069,"positive regulation of urine volume"
"GO:0040015",1,12,25792,624,0.254690494922861,"STC2",0.438451663723069,"negative regulation of multicellular organism growth"
"GO:0042592",1,12,25792,624,0.254690494922861,"NR5A2",0.438451663723069,"homeostatic process"
"GO:0042761",1,12,25792,624,0.254690494922861,"ELOVL4",0.438451663723069,"very long-chain fatty acid biosynthetic process"
"GO:0043589",1,12,25792,624,0.254690494922861,"CDSN",0.438451663723069,"skin morphogenesis"
"GO:0043931",1,12,25792,624,0.254690494922861,"EBP",0.438451663723069,"ossification involved in bone maturation"
"GO:0045745",1,12,25792,624,0.254690494922861,"KLK5",0.438451663723069,"positive regulation of G protein-coupled receptor signaling pathway"
"GO:0050790",1,12,25792,624,0.254690494922861,"PRKAG2",0.438451663723069,"regulation of catalytic activity"
"GO:0051549",1,12,25792,624,0.254690494922861,"HAS2",0.438451663723069,"positive regulation of keratinocyte migration"
"GO:0051926",1,12,25792,624,0.254690494922861,"PLN",0.438451663723069,"negative regulation of calcium ion transport"
"GO:0055093",1,12,25792,624,0.254690494922861,"KCNA5",0.438451663723069,"response to hyperoxia"
"GO:0060322",1,12,25792,624,0.254690494922861,"STRA6",0.438451663723069,"head development"
"GO:0060411",1,12,25792,624,0.254690494922861,"HEY2",0.438451663723069,"cardiac septum morphogenesis"
"GO:0061014",1,12,25792,624,0.254690494922861,"PRR5L",0.438451663723069,"positive regulation of mRNA catabolic process"
"GO:0071679",1,12,25792,624,0.254690494922861,"VEGFA",0.438451663723069,"commissural neuron axon guidance"
"GO:0071806",1,12,25792,624,0.254690494922861,"PRF1",0.438451663723069,"protein transmembrane transport"
"GO:0086012",1,12,25792,624,0.254690494922861,"ATP1A2",0.438451663723069,"membrane depolarization during cardiac muscle cell action potential"
"GO:0090305",1,12,25792,624,0.254690494922861,"FEN1",0.438451663723069,"nucleic acid phosphodiester bond hydrolysis"
"GO:0097264",1,12,25792,624,0.254690494922861,"CARD8",0.438451663723069,"self proteolysis"
"GO:0140052",1,12,25792,624,0.254690494922861,"TXNIP",0.438451663723069,"cellular response to oxidised low-density lipoprotein particle stimulus"
"GO:1900226",1,12,25792,624,0.254690494922861,"CARD8",0.438451663723069,"negative regulation of NLRP3 inflammasome complex assembly"
"GO:1905563",1,12,25792,624,0.254690494922861,"MEF2C",0.438451663723069,"negative regulation of vascular endothelial cell proliferation"
"GO:0006334",4,106,25792,624,0.254919366642071,"H2AX/H1-9P/H4C1/H4C3",0.438451663723069,"nucleosome assembly"
"GO:0043065",9,286,25792,624,0.257931879915232,"PANO1/TXNIP/SLC27A4/ENDOG/PHLDA3/MIR27A/TSPO/CASP6/FANK1",0.443213759627497,"positive regulation of apoptotic process"
"GO:0090630",4,107,25792,624,0.260231942815611,"SLC27A4/NTF3/NTRK3/ARHGEF5",0.446743788516318,"activation of GTPase activity"
"GO:0014823",2,41,25792,624,0.261209656549588,"GCLM/KL",0.447576960986948,"response to activity"
"GO:0022617",2,41,25792,624,0.261209656549588,"KLK5/TPSAB1",0.447576960986948,"extracellular matrix disassembly"
"GO:0098609",6,178,25792,624,0.262560806207296,"CDSN/RAB10/VSIG10L2/ITGA1/ITGA7/ITGA8",0.447898984602816,"cell-cell adhesion"
"GO:0009636",3,74,25792,624,0.265991748818178,"SLC7A11/MPST/SLC6A1",0.447898984602816,"response to toxic substance"
"GO:0051402",3,74,25792,624,0.265991748818178,"AGTR2/ANGPT1/TYRO3",0.447898984602816,"neuron apoptotic process"
"GO:0045494",2,42,25792,624,0.27022688070366,"USH1G/ATP1B2",0.447898984602816,"photoreceptor cell maintenance"
"GO:0000460",1,13,25792,624,0.272730569832408,"EIF6",0.447898984602816,"maturation of 5.8S rRNA"
"GO:0002357",1,13,25792,624,0.272730569832408,"PRF1",0.447898984602816,"defense response to tumor cell"
"GO:0003215",1,13,25792,624,0.272730569832408,"HEY2",0.447898984602816,"cardiac right ventricle morphogenesis"
"GO:0003222",1,13,25792,624,0.272730569832408,"HEY2",0.447898984602816,"ventricular trabecula myocardium morphogenesis"
"GO:0006623",1,13,25792,624,0.272730569832408,"VPS13C",0.447898984602816,"protein targeting to vacuole"
"GO:0006636",1,13,25792,624,0.272730569832408,"ELOVL4",0.447898984602816,"unsaturated fatty acid biosynthetic process"
"GO:0006750",1,13,25792,624,0.272730569832408,"GCLM",0.447898984602816,"glutathione biosynthetic process"
"GO:0006790",1,13,25792,624,0.272730569832408,"GAL3ST3",0.447898984602816,"sulfur compound metabolic process"
"GO:0006825",1,13,25792,624,0.272730569832408,"SLC31A1",0.447898984602816,"copper ion transport"
"GO:0007175",1,13,25792,624,0.272730569832408,"GPRC5A",0.447898984602816,"negative regulation of epidermal growth factor-activated receptor activity"
"GO:0007398",1,13,25792,624,0.272730569832408,"VAX2",0.447898984602816,"ectoderm development"
"GO:0008206",1,13,25792,624,0.272730569832408,"NR5A2",0.447898984602816,"bile acid metabolic process"
"GO:0009314",1,13,25792,624,0.272730569832408,"TXN",0.447898984602816,"response to radiation"
"GO:0010035",1,13,25792,624,0.272730569832408,"SLC6A1",0.447898984602816,"response to inorganic substance"
"GO:0010762",1,13,25792,624,0.272730569832408,"PRR5L",0.447898984602816,"regulation of fibroblast migration"
"GO:0010763",1,13,25792,624,0.272730569832408,"MIR145",0.447898984602816,"positive regulation of fibroblast migration"
"GO:0010832",1,13,25792,624,0.272730569832408,"CCN3",0.447898984602816,"negative regulation of myotube differentiation"
"GO:0010838",1,13,25792,624,0.272730569832408,"HAS2",0.447898984602816,"positive regulation of keratinocyte proliferation"
"GO:0015693",1,13,25792,624,0.272730569832408,"MAGT1",0.447898984602816,"magnesium ion transport"
"GO:0021895",1,13,25792,624,0.272730569832408,"TOX",0.447898984602816,"cerebral cortex neuron differentiation"
"GO:0030502",1,13,25792,624,0.272730569832408,"ECM1",0.447898984602816,"negative regulation of bone mineralization"
"GO:0030595",1,13,25792,624,0.272730569832408,"PF4",0.447898984602816,"leukocyte chemotaxis"
"GO:0035589",1,13,25792,624,0.272730569832408,"GPR171",0.447898984602816,"G protein-coupled purinergic nucleotide receptor signaling pathway"
"GO:0035641",1,13,25792,624,0.272730569832408,"ATP1A2",0.447898984602816,"locomotory exploration behavior"
"GO:0038180",1,13,25792,624,0.272730569832408,"NTF3",0.447898984602816,"nerve growth factor signaling pathway"
"GO:0042325",1,13,25792,624,0.272730569832408,"PPP1R14A",0.447898984602816,"regulation of phosphorylation"
"GO:0043086",1,13,25792,624,0.272730569832408,"PLN",0.447898984602816,"negative regulation of catalytic activity"
"GO:0043403",1,13,25792,624,0.272730569832408,"SGCA",0.447898984602816,"skeletal muscle tissue regeneration"
"GO:0045667",1,13,25792,624,0.272730569832408,"SMOC1",0.447898984602816,"regulation of osteoblast differentiation"
"GO:0045725",1,13,25792,624,0.272730569832408,"SORBS1",0.447898984602816,"positive regulation of glycogen biosynthetic process"
"GO:0045953",1,13,25792,624,0.272730569832408,"KLRD1",0.447898984602816,"negative regulation of natural killer cell mediated cytotoxicity"
"GO:0046323",1,13,25792,624,0.272730569832408,"SLC2A4",0.447898984602816,"glucose import"
"GO:0046325",1,13,25792,624,0.272730569832408,"MIR143",0.447898984602816,"negative regulation of glucose import"
"GO:0051014",1,13,25792,624,0.272730569832408,"CAPG",0.447898984602816,"actin filament severing"
"GO:0051382",1,13,25792,624,0.272730569832408,"CENPX",0.447898984602816,"kinetochore assembly"
"GO:0061029",1,13,25792,624,0.272730569832408,"STRA6",0.447898984602816,"eyelid development in camera-type eye"
"GO:0062009",1,13,25792,624,0.272730569832408,"LEF1",0.447898984602816,"secondary palate development"
"GO:0089718",1,13,25792,624,0.272730569832408,"SLC7A8",0.447898984602816,"amino acid import across plasma membrane"
"GO:0090043",1,13,25792,624,0.272730569832408,"NEK3",0.447898984602816,"regulation of tubulin deacetylation"
"GO:0097623",1,13,25792,624,0.272730569832408,"KCNA5",0.447898984602816,"potassium ion export across plasma membrane"
"GO:1901029",1,13,25792,624,0.272730569832408,"IER3",0.447898984602816,"negative regulation of mitochondrial outer membrane permeabilization involved in apoptotic signaling pathway"
"GO:2000774",1,13,25792,624,0.272730569832408,"YPEL3",0.447898984602816,"positive regulation of cellular senescence"
"GO:0050804",3,76,25792,624,0.279141976846854,"SLC7A11/NTF3/PRKAR2B",0.457787018133554,"modulation of chemical synaptic transmission"
"GO:0006954",11,369,25792,624,0.282937932786385,"KLRG1/TXNIP/AGTR2/ECM1/CARD8/PF4/PPBP/PTGDR/APOL3/SPINK7/IL1RL2",0.457787018133554,"inflammatory response"
"GO:0045444",3,77,25792,624,0.285740243808132,"IL11/ALOXE3/LRRC8C",0.457787018133554,"fat cell differentiation"
"GO:0006091",2,44,25792,624,0.288246630232554,"COX8A/FDXR",0.457787018133554,"generation of precursor metabolites and energy"
"GO:0007162",2,44,25792,624,0.288246630232554,"ANGPT1/ADAM22",0.457787018133554,"negative regulation of cell adhesion"
"GO:0042472",2,44,25792,624,0.288246630232554,"USH1G/ITGA8",0.457787018133554,"inner ear morphogenesis"
"GO:0043280",2,44,25792,624,0.288246630232554,"CARD8/CYCS",0.457787018133554,"positive regulation of cysteine-type endopeptidase activity involved in apoptotic process"
"GO:0002687",1,14,25792,624,0.290334671016495,"VEGFA",0.457787018133554,"positive regulation of leukocyte migration"
"GO:0003091",1,14,25792,624,0.290334671016495,"PRKACB",0.457787018133554,"renal water homeostasis"
"GO:0003161",1,14,25792,624,0.290334671016495,"HEY2",0.457787018133554,"cardiac conduction system development"
"GO:0006287",1,14,25792,624,0.290334671016495,"FEN1",0.457787018133554,"base-excision repair, gap-filling"
"GO:0006536",1,14,25792,624,0.290334671016495,"GCLM",0.457787018133554,"glutamate metabolic process"
"GO:0006754",1,14,25792,624,0.290334671016495,"PRKAG2",0.457787018133554,"ATP biosynthetic process"
"GO:0009058",1,14,25792,624,0.290334671016495,"PBLD",0.457787018133554,"biosynthetic process"
"GO:0009395",1,14,25792,624,0.290334671016495,"LIPG",0.457787018133554,"phospholipid catabolic process"
"GO:0015711",1,14,25792,624,0.290334671016495,"ABCG2",0.457787018133554,"organic anion transport"
"GO:0030239",1,14,25792,624,0.290334671016495,"MYL9",0.457787018133554,"myofibril assembly"
"GO:0030277",1,14,25792,624,0.290334671016495,"PBLD",0.457787018133554,"maintenance of gastrointestinal epithelium"
"GO:0030949",1,14,25792,624,0.290334671016495,"PRKCB",0.457787018133554,"positive regulation of vascular endothelial growth factor receptor signaling pathway"
"GO:0031529",1,14,25792,624,0.290334671016495,"TPM1",0.457787018133554,"ruffle organization"
"GO:0032482",1,14,25792,624,0.290334671016495,"RAB9B",0.457787018133554,"Rab protein signal transduction"
"GO:0032700",1,14,25792,624,0.290334671016495,"IL36RN",0.457787018133554,"negative regulation of interleukin-17 production"
"GO:0034375",1,14,25792,624,0.290334671016495,"LIPG",0.457787018133554,"high-density lipoprotein particle remodeling"
"GO:0035729",1,14,25792,624,0.290334671016495,"GCLM",0.457787018133554,"cellular response to hepatocyte growth factor stimulus"
"GO:0035988",1,14,25792,624,0.290334671016495,"MUSTN1",0.457787018133554,"chondrocyte proliferation"
"GO:0042445",1,14,25792,624,0.290334671016495,"WNT4",0.457787018133554,"hormone metabolic process"
"GO:0043691",1,14,25792,624,0.290334671016495,"LIPG",0.457787018133554,"reverse cholesterol transport"
"GO:0045579",1,14,25792,624,0.290334671016495,"CD27",0.457787018133554,"positive regulation of B cell differentiation"
"GO:0045580",1,14,25792,624,0.290334671016495,"TBX21",0.457787018133554,"regulation of T cell differentiation"
"GO:0045820",1,14,25792,624,0.290334671016495,"IER3",0.457787018133554,"negative regulation of glycolytic process"
"GO:0046339",1,14,25792,624,0.290334671016495,"DGKG",0.457787018133554,"diacylglycerol metabolic process"
"GO:0046512",1,14,25792,624,0.290334671016495,"ACER1",0.457787018133554,"sphingosine biosynthetic process"
"GO:0048546",1,14,25792,624,0.290334671016495,"STRA6",0.457787018133554,"digestive tract morphogenesis"
"GO:0050427",1,14,25792,624,0.290334671016495,"BPNT1",0.457787018133554,"3'-phosphoadenosine 5'-phosphosulfate metabolic process"
"GO:0050687",1,14,25792,624,0.290334671016495,"PPM1B",0.457787018133554,"negative regulation of defense response to virus"
"GO:0050848",1,14,25792,624,0.290334671016495,"JPT2",0.457787018133554,"regulation of calcium-mediated signaling"
"GO:0051963",1,14,25792,624,0.290334671016495,"MEF2C",0.457787018133554,"regulation of synapse assembly"
"GO:0055078",1,14,25792,624,0.290334671016495,"SCNN1A",0.457787018133554,"sodium ion homeostasis"
"GO:0060317",1,14,25792,624,0.290334671016495,"HEY2",0.457787018133554,"cardiac epithelial to mesenchymal transition"
"GO:0060347",1,14,25792,624,0.290334671016495,"HEY2",0.457787018133554,"heart trabecula formation"
"GO:0061045",1,14,25792,624,0.290334671016495,"WNT4",0.457787018133554,"negative regulation of wound healing"
"GO:0070593",1,14,25792,624,0.290334671016495,"NEXN",0.457787018133554,"dendrite self-avoidance"
"GO:0097284",1,14,25792,624,0.290334671016495,"CASP6",0.457787018133554,"hepatocyte apoptotic process"
"GO:0097320",1,14,25792,624,0.290334671016495,"CAVIN2",0.457787018133554,"plasma membrane tubulation"
"GO:0099509",1,14,25792,624,0.290334671016495,"P2RX1",0.457787018133554,"regulation of presynaptic cytosolic calcium ion concentration"
"GO:2001256",1,14,25792,624,0.290334671016495,"STC2",0.457787018133554,"regulation of store-operated calcium entry"
"GO:0031146",2,45,25792,624,0.297239172813963,"FBXL16/NCCRP1",0.467050302723393,"SCF-dependent proteasomal ubiquitin-dependent protein catabolic process"
"GO:0034765",4,114,25792,624,0.297941876812599,"NALCN/KCNA5/KCNJ3/ASIC2",0.467050302723393,"regulation of monoatomic ion transmembrane transport"
"GO:0007275",3,79,25792,624,0.298971613708086,"NTRK3/TYRO3/KREMEN1",0.467050302723393,"multicellular organism development"
"GO:0016192",5,151,25792,624,0.302723634634192,"PLIN3/RAB10/AP1S3/SYTL2/NCALD",0.467050302723393,"vesicle-mediated transport"
"GO:0007265",3,80,25792,624,0.305600270939846,"RASGRP2/DOK6/RGL3",0.467050302723393,"Ras protein signal transduction"
"GO:0030855",3,80,25792,624,0.305600270939846,"UPK1A/VEGFA/CASP6",0.467050302723393,"epithelial cell differentiation"
"GO:0006661",2,46,25792,624,0.306213910785295,"PIP5K1B/INPP4B",0.467050302723393,"phosphatidylinositol biosynthetic process"
"GO:0000028",1,15,25792,624,0.307513318129759,"RPSA2",0.467050302723393,"ribosomal small subunit assembly"
"GO:0001502",1,15,25792,624,0.307513318129759,"SOX5",0.467050302723393,"cartilage condensation"
"GO:0006491",1,15,25792,624,0.307513318129759,"MGAT4A",0.467050302723393,"N-glycan processing"
"GO:0006744",1,15,25792,624,0.307513318129759,"FDXR",0.467050302723393,"ubiquinone biosynthetic process"
"GO:0006895",1,15,25792,624,0.307513318129759,"VPS13C",0.467050302723393,"Golgi to endosome transport"
"GO:0008610",1,15,25792,624,0.307513318129759,"DOLPP1",0.467050302723393,"lipid biosynthetic process"
"GO:0010288",1,15,25792,624,0.307513318129759,"SLC6A1",0.467050302723393,"response to lead ion"
"GO:0014898",1,15,25792,624,0.307513318129759,"HEY2",0.467050302723393,"cardiac muscle hypertrophy in response to stress"
"GO:0019433",1,15,25792,624,0.307513318129759,"LIPG",0.467050302723393,"triglyceride catabolic process"
"GO:0030031",1,15,25792,624,0.307513318129759,"CAPG",0.467050302723393,"cell projection assembly"
"GO:0030261",1,15,25792,624,0.307513318129759,"H1-9P",0.467050302723393,"chromosome condensation"
"GO:0032688",1,15,25792,624,0.307513318129759,"PPM1B",0.467050302723393,"negative regulation of interferon-beta production"
"GO:0034122",1,15,25792,624,0.307513318129759,"TYRO3",0.467050302723393,"negative regulation of toll-like receptor signaling pathway"
"GO:0035640",1,15,25792,624,0.307513318129759,"AGTR2",0.467050302723393,"exploration behavior"
"GO:0038084",1,15,25792,624,0.307513318129759,"VEGFA",0.467050302723393,"vascular endothelial growth factor signaling pathway"
"GO:0040008",1,15,25792,624,0.307513318129759,"PRKCB",0.467050302723393,"regulation of growth"
"GO:0042157",1,15,25792,624,0.307513318129759,"APOL3",0.467050302723393,"lipoprotein metabolic process"
"GO:0042953",1,15,25792,624,0.307513318129759,"PRKCB",0.467050302723393,"lipoprotein transport"
"GO:0043129",1,15,25792,624,0.307513318129759,"VEGFA",0.467050302723393,"surfactant homeostasis"
"GO:0044342",1,15,25792,624,0.307513318129759,"CCN3",0.467050302723393,"type B pancreatic cell proliferation"
"GO:0044849",1,15,25792,624,0.307513318129759,"HAS2",0.467050302723393,"estrous cycle"
"GO:0045019",1,15,25792,624,0.307513318129759,"TSPO",0.467050302723393,"negative regulation of nitric oxide biosynthetic process"
"GO:0045926",1,15,25792,624,0.307513318129759,"MT1G",0.467050302723393,"negative regulation of growth"
"GO:0046596",1,15,25792,624,0.307513318129759,"TRIM58",0.467050302723393,"regulation of viral entry into host cell"
"GO:0048143",1,15,25792,624,0.307513318129759,"ZEB2",0.467050302723393,"astrocyte activation"
"GO:0050773",1,15,25792,624,0.307513318129759,"DGKG",0.467050302723393,"regulation of dendrite development"
"GO:0051258",1,15,25792,624,0.307513318129759,"CASQ2",0.467050302723393,"protein polymerization"
"GO:0061462",1,15,25792,624,0.307513318129759,"KPTN",0.467050302723393,"protein localization to lysosome"
"GO:0086005",1,15,25792,624,0.307513318129759,"RYR2",0.467050302723393,"ventricular cardiac muscle cell action potential"
"GO:0090162",1,15,25792,624,0.307513318129759,"FERMT1",0.467050302723393,"establishment of epithelial cell polarity"
"GO:0097049",1,15,25792,624,0.307513318129759,"ADARB1",0.467050302723393,"motor neuron apoptotic process"
"GO:1900029",1,15,25792,624,0.307513318129759,"EPS8L1",0.467050302723393,"positive regulation of ruffle assembly"
"GO:1903826",1,15,25792,624,0.307513318129759,"SLC25A2",0.467050302723393,"L-arginine transmembrane transport"
"GO:1903830",1,15,25792,624,0.307513318129759,"MAGT1",0.467050302723393,"magnesium ion transmembrane transport"
"GO:1904019",1,15,25792,624,0.307513318129759,"LEF1",0.467050302723393,"epithelial cell apoptotic process"
"GO:2000179",1,15,25792,624,0.307513318129759,"TOX",0.467050302723393,"positive regulation of neural precursor cell proliferation"
"GO:2000573",1,15,25792,624,0.307513318129759,"SMOC2",0.467050302723393,"positive regulation of DNA biosynthetic process"
"GO:0006631",3,81,25792,624,0.312234692405312,"SLC27A4/PRKAR2B/AACS",0.473825267773671,"fatty acid metabolic process"
"GO:0051260",4,117,25792,624,0.314310953839772,"KCTD11/KCNA5/PRF1/BEND3",0.476199661796928,"protein homooligomerization"
"GO:0008543",2,47,25792,624,0.315166447595689,"WNT4/KL",0.476199661796928,"fibroblast growth factor receptor signaling pathway"
"GO:0034446",2,47,25792,624,0.315166447595689,"TYRO3/ITGA8",0.476199661796928,"substrate adhesion-dependent cell spreading"
"GO:1904262",2,47,25792,624,0.315166447595689,"KPTN/PRKACB",0.476199661796928,"negative regulation of TORC1 signaling"
"GO:0007155",13,460,25792,624,0.323402370496943,"CDSN/SUSD5/HAS1/RPSA2/MCAM/CCN3/ADAM22/FERMT1/SLURP1/PCDH20/TYRO3/ENTPD1/CD72",0.476199661796928,"cell adhesion"
"GO:0042572",2,48,25792,624,0.32409260916992,"SDR9C7/CYP27C1",0.476199661796928,"retinol metabolic process"
"GO:0048666",2,48,25792,624,0.32409260916992,"DGKG/MEF2C",0.476199661796928,"neuron development"
"GO:0061844",2,48,25792,624,0.32409260916992,"PF4/PPBP",0.476199661796928,"antimicrobial humoral immune response mediated by antimicrobial peptide"
"GO:0002476",1,16,25792,624,0.324276777395268,"ULBP3",0.476199661796928,"antigen processing and presentation of endogenous peptide antigen via MHC class Ib"
"GO:0002486",1,16,25792,624,0.324276777395268,"ULBP3",0.476199661796928,"antigen processing and presentation of endogenous peptide antigen via MHC class I via ER pathway, TAP-independent"
"GO:0006488",1,16,25792,624,0.324276777395268,"MPDU1",0.476199661796928,"dolichol-linked oligosaccharide biosynthetic process"
"GO:0006878",1,16,25792,624,0.324276777395268,"SLC31A1",0.476199661796928,"intracellular copper ion homeostasis"
"GO:0007017",1,16,25792,624,0.324276777395268,"TUBA1C",0.476199661796928,"microtubule-based process"
"GO:0009948",1,16,25792,624,0.324276777395268,"HEY2",0.476199661796928,"anterior/posterior axis specification"
"GO:0015918",1,16,25792,624,0.324276777395268,"TSPO",0.476199661796928,"sterol transport"
"GO:0016575",1,16,25792,624,0.324276777395268,"SIRT4",0.476199661796928,"histone deacetylation"
"GO:0021756",1,16,25792,624,0.324276777395268,"SLC7A11",0.476199661796928,"striatum development"
"GO:0022011",1,16,25792,624,0.324276777395268,"POU3F1",0.476199661796928,"myelination in peripheral nervous system"
"GO:0030330",1,16,25792,624,0.324276777395268,"TRIAP1",0.476199661796928,"DNA damage response, signal transduction by p53 class mediator"
"GO:0033198",1,16,25792,624,0.324276777395268,"P2RX1",0.476199661796928,"response to ATP"
"GO:0033630",1,16,25792,624,0.324276777395268,"FERMT1",0.476199661796928,"positive regulation of cell adhesion mediated by integrin"
"GO:0035162",1,16,25792,624,0.324276777395268,"TAL1",0.476199661796928,"embryonic hemopoiesis"
"GO:0035418",1,16,25792,624,0.324276777395268,"ASIC2",0.476199661796928,"protein localization to synapse"
"GO:0042059",1,16,25792,624,0.324276777395268,"ITGA1",0.476199661796928,"negative regulation of epidermal growth factor receptor signaling pathway"
"GO:0043249",1,16,25792,624,0.324276777395268,"TAL1",0.476199661796928,"erythrocyte maturation"
"GO:0043647",1,16,25792,624,0.324276777395268,"INPP4B",0.476199661796928,"inositol phosphate metabolic process"
"GO:0045910",1,16,25792,624,0.324276777395268,"H1-9P",0.476199661796928,"negative regulation of DNA recombination"
"GO:0046785",1,16,25792,624,0.324276777395268,"TPPP3",0.476199661796928,"microtubule polymerization"
"GO:0048266",1,16,25792,624,0.324276777395268,"TSPO",0.476199661796928,"behavioral response to pain"
"GO:0048545",1,16,25792,624,0.324276777395268,"PAQR7",0.476199661796928,"response to steroid hormone"
"GO:0048566",1,16,25792,624,0.324276777395268,"STRA6",0.476199661796928,"embryonic digestive tract development"
"GO:0050678",1,16,25792,624,0.324276777395268,"PGR",0.476199661796928,"regulation of epithelial cell proliferation"
"GO:0050868",1,16,25792,624,0.324276777395268,"MIR27A",0.476199661796928,"negative regulation of T cell activation"
"GO:0051000",1,16,25792,624,0.324276777395268,"AGTR2",0.476199661796928,"positive regulation of nitric-oxide synthase activity"
"GO:0051298",1,16,25792,624,0.324276777395268,"SAC3D1",0.476199661796928,"centrosome duplication"
"GO:0060122",1,16,25792,624,0.324276777395268,"USH1G",0.476199661796928,"inner ear receptor cell stereocilium organization"
"GO:0061036",1,16,25792,624,0.324276777395268,"SOX5",0.476199661796928,"positive regulation of cartilage development"
"GO:0070131",1,16,25792,624,0.324276777395268,"METTL8",0.476199661796928,"positive regulation of mitochondrial translation"
"GO:0070266",1,16,25792,624,0.324276777395268,"PPIF",0.476199661796928,"necroptotic process"
"GO:0071383",1,16,25792,624,0.324276777395268,"ATP1A2",0.476199661796928,"cellular response to steroid hormone stimulus"
"GO:0009617",3,83,25792,624,0.325512465633607,"MACROD2/GPM6A/C15orf48",0.476858712749313,"response to bacterium"
"GO:0031647",3,83,25792,624,0.325512465633607,"PANO1/GIPC1/TMEM183BP",0.476858712749313,"regulation of protein stability"
"GO:0032259",3,83,25792,624,0.325512465633607,"TMT1B/PRDM16/PRDM6",0.476858712749313,"methylation"
"GO:0006974",8,269,25792,624,0.327124580591944,"MACROD2/ENDOG/MAPK15/SIRT4/ZBTB38/ZNF385A/H2AX/IER3",0.478834531011396,"DNA damage response"
"GO:0019221",4,120,25792,624,0.330755510544201,"CLCF1/IL7R/PF4/IL22RA1",0.483370995312989,"cytokine-mediated signaling pathway"
"GO:0071805",4,120,25792,624,0.330755510544201,"NALCN/KCNA5/ATP1A2/ABCC8",0.483370995312989,"potassium ion transmembrane transport"
"GO:0007193",2,49,25792,624,0.332988435746537,"NPY1R/PSAPL1",0.485463493333764,"adenylate cyclase-inhibiting G protein-coupled receptor signaling pathway"
"GO:0042149",2,49,25792,624,0.332988435746537,"PLIN3/KPTN",0.485463493333764,"cellular response to glucose starvation"
"GO:0043124",2,49,25792,624,0.332988435746537,"CARD8/PPM1B",0.485463493333764,"negative regulation of canonical NF-kappaB signal transduction"
"GO:1902600",4,121,25792,624,0.336248170992128,"COX5B/COX8A/ATP1A2/OTOP2",0.486086776357414,"proton transmembrane transport"
"GO:0000956",1,17,25792,624,0.34063506770041,"MRTO4",0.486086776357414,"nuclear-transcribed mRNA catabolic process"
"GO:0002063",1,17,25792,624,0.34063506770041,"ECM1",0.486086776357414,"chondrocyte development"
"GO:0002076",1,17,25792,624,0.34063506770041,"PTHLH",0.486086776357414,"osteoblast development"
"GO:0003094",1,17,25792,624,0.34063506770041,"MCAM",0.486086776357414,"glomerular filtration"
"GO:0006977",1,17,25792,624,0.34063506770041,"TRIAP1",0.486086776357414,"DNA damage response, signal transduction by p53 class mediator resulting in cell cycle arrest"
"GO:0008585",1,17,25792,624,0.34063506770041,"WNT4",0.486086776357414,"female gonad development"
"GO:0010744",1,17,25792,624,0.34063506770041,"PF4",0.486086776357414,"positive regulation of macrophage derived foam cell differentiation"
"GO:0010880",1,17,25792,624,0.34063506770041,"CASQ2",0.486086776357414,"regulation of release of sequestered calcium ion into cytosol by sarcoplasmic reticulum"
"GO:0010996",1,17,25792,624,0.34063506770041,"ATP1A2",0.486086776357414,"response to auditory stimulus"
"GO:0031214",1,17,25792,624,0.34063506770041,"ECM1",0.486086776357414,"biomineral tissue development"
"GO:0031573",1,17,25792,624,0.34063506770041,"EME1",0.486086776357414,"mitotic intra-S DNA damage checkpoint signaling"
"GO:0042246",1,17,25792,624,0.34063506770041,"MUSTN1",0.486086776357414,"tissue regeneration"
"GO:0042462",1,17,25792,624,0.34063506770041,"VEGFA",0.486086776357414,"eye photoreceptor cell development"
"GO:0043032",1,17,25792,624,0.34063506770041,"MIR145",0.486086776357414,"positive regulation of macrophage activation"
"GO:0043923",1,17,25792,624,0.34063506770041,"LEF1",0.486086776357414,"positive regulation by host of viral transcription"
"GO:0045638",1,17,25792,624,0.34063506770041,"GPR171",0.486086776357414,"negative regulation of myeloid cell differentiation"
"GO:0045987",1,17,25792,624,0.34063506770041,"ADRA1A",0.486086776357414,"positive regulation of smooth muscle contraction"
"GO:0047496",1,17,25792,624,0.34063506770041,"TRAK2",0.486086776357414,"vesicle transport along microtubule"
"GO:0048557",1,17,25792,624,0.34063506770041,"RBPMS2",0.486086776357414,"embryonic digestive tract morphogenesis"
"GO:0055075",1,17,25792,624,0.34063506770041,"KCNA5",0.486086776357414,"potassium ion homeostasis"
"GO:0060216",1,17,25792,624,0.34063506770041,"TAL1",0.486086776357414,"definitive hemopoiesis"
"GO:0060384",1,17,25792,624,0.34063506770041,"ADARB1",0.486086776357414,"innervation"
"GO:0060749",1,17,25792,624,0.34063506770041,"VEGFA",0.486086776357414,"mammary gland alveolus development"
"GO:0080009",1,17,25792,624,0.34063506770041,"METTL8",0.486086776357414,"mRNA methylation"
"GO:1904355",1,17,25792,624,0.34063506770041,"MAPK15",0.486086776357414,"positive regulation of telomere capping"
"GO:2000649",1,17,25792,624,0.34063506770041,"UTRN",0.486086776357414,"regulation of sodium ion transmembrane transporter activity"
"GO:0048661",2,50,25792,624,0.341850173979688,"RBPMS2/NPY5R",0.487438130427508,"positive regulation of smooth muscle cell proliferation"
"GO:0007268",6,198,25792,624,0.346681997761237,"GIPC1/CPLX1/DTNA/ASIC2/NPY5R/SLC6A1",0.493940338503079,"chemical synaptic transmission"
"GO:0014070",2,51,25792,624,0.35067426929667,"SLC7A11/SRR",0.498846495760052,"response to organic cyclic compound"
"GO:0030218",2,51,25792,624,0.35067426929667,"KLF1/TAL1",0.498846495760052,"erythrocyte differentiation"
"GO:0032869",3,87,25792,624,0.352047910843014,"SORBS1/RAB10/SLC2A4",0.500408992894918,"cellular response to insulin stimulus"
"GO:0000278",4,124,25792,624,0.352743257257038,"TUBB3/NEK3/NLE1/TUBA1C",0.500613979290598,"mitotic cell cycle"
"GO:0006024",1,18,25792,624,0.356597966546383,"HAS1",0.500613979290598,"glycosaminoglycan biosynthetic process"
"GO:0006810",1,18,25792,624,0.356597966546383,"TMEM184A",0.500613979290598,"transport"
"GO:0007154",1,18,25792,624,0.356597966546383,"KREMEN1",0.500613979290598,"cell communication"
"GO:0015813",1,18,25792,624,0.356597966546383,"SLC7A11",0.500613979290598,"L-glutamate transmembrane transport"
"GO:0035338",1,18,25792,624,0.356597966546383,"ELOVL4",0.500613979290598,"long-chain fatty-acyl-CoA biosynthetic process"
"GO:0035970",1,18,25792,624,0.356597966546383,"PPM1B",0.500613979290598,"peptidyl-threonine dephosphorylation"
"GO:0042574",1,18,25792,624,0.356597966546383,"CYP27C1",0.500613979290598,"retinal metabolic process"
"GO:0045104",1,18,25792,624,0.356597966546383,"PPL",0.500613979290598,"intermediate filament cytoskeleton organization"
"GO:0048593",1,18,25792,624,0.356597966546383,"VEGFA",0.500613979290598,"camera-type eye morphogenesis"
"GO:0060135",1,18,25792,624,0.356597966546383,"KLF1",0.500613979290598,"maternal process involved in female pregnancy"
"GO:0071280",1,18,25792,624,0.356597966546383,"MT1G",0.500613979290598,"cellular response to copper ion"
"GO:0071318",1,18,25792,624,0.356597966546383,"RYR3",0.500613979290598,"cellular response to ATP"
"GO:0071542",1,18,25792,624,0.356597966546383,"VEGFA",0.500613979290598,"dopaminergic neuron differentiation"
"GO:1903779",1,18,25792,624,0.356597966546383,"ATP2B2",0.500613979290598,"regulation of cardiac conduction"
"GO:1904754",1,18,25792,624,0.356597966546383,"MIR143",0.500613979290598,"positive regulation of vascular associated smooth muscle cell migration"
"GO:0006469",2,52,25792,624,0.359457358503484,"PRKAG2/DBNDD1",0.503850021402725,"negative regulation of protein kinase activity"
"GO:0006486",2,52,25792,624,0.359457358503484,"MGAT4A/FUT6",0.503850021402725,"protein glycosylation"
"GO:0045471",3,89,25792,624,0.365275428757643,"PRKCB/SLC2A4/CD27",0.511424171446728,"response to ethanol"
"GO:0001837",2,53,25792,624,0.368196262630907,"LEF1/WNT4",0.511424171446728,"epithelial to mesenchymal transition"
"GO:0051898",2,53,25792,624,0.368196262630907,"PHLDA3/MIR145",0.511424171446728,"negative regulation of phosphatidylinositol 3-kinase/protein kinase B signal transduction"
"GO:0120009",2,53,25792,624,0.368196262630907,"TRIAP1/TSPO",0.511424171446728,"intermembrane lipid transfer"
"GO:0006260",3,90,25792,624,0.371872920274943,"FEN1/MCM4/POLD2",0.511424171446728,"DNA replication"
"GO:0034599",3,90,25792,624,0.371872920274943,"SLC7A11/PYCR1/PRR5L",0.511424171446728,"cellular response to oxidative stress"
"GO:0000413",1,19,25792,624,0.372175015854797,"PPIF",0.511424171446728,"protein peptidyl-prolyl isomerization"
"GO:0001508",1,19,25792,624,0.372175015854797,"GNA15",0.511424171446728,"action potential"
"GO:0001556",1,19,25792,624,0.372175015854797,"PDE3A",0.511424171446728,"oocyte maturation"
"GO:0001675",1,19,25792,624,0.372175015854797,"PLN",0.511424171446728,"acrosome assembly"
"GO:0010761",1,19,25792,624,0.372175015854797,"CCN3",0.511424171446728,"fibroblast migration"
"GO:0015804",1,19,25792,624,0.372175015854797,"SLC7A8",0.511424171446728,"neutral amino acid transport"
"GO:0030500",1,19,25792,624,0.372175015854797,"ECM1",0.511424171446728,"regulation of bone mineralization"
"GO:0035994",1,19,25792,624,0.372175015854797,"RYR2",0.511424171446728,"response to muscle stretch"
"GO:0036503",1,19,25792,624,0.372175015854797,"SEL1L2",0.511424171446728,"ERAD pathway"
"GO:0040037",1,19,25792,624,0.372175015854797,"WNT4",0.511424171446728,"negative regulation of fibroblast growth factor receptor signaling pathway"
"GO:0043277",1,19,25792,624,0.372175015854797,"TYRO3",0.511424171446728,"apoptotic cell clearance"
"GO:0046677",1,19,25792,624,0.372175015854797,"ENDOG",0.511424171446728,"response to antibiotic"
"GO:0051016",1,19,25792,624,0.372175015854797,"CAPG",0.511424171446728,"barbed-end actin filament capping"
"GO:0055117",1,19,25792,624,0.372175015854797,"RYR2",0.511424171446728,"regulation of cardiac muscle contraction"
"GO:0060716",1,19,25792,624,0.372175015854797,"HEY2",0.511424171446728,"labyrinthine layer blood vessel development"
"GO:0071168",1,19,25792,624,0.372175015854797,"LEF1",0.511424171446728,"protein localization to chromatin"
"GO:1903232",1,19,25792,624,0.372175015854797,"AP1S3",0.511424171446728,"melanosome assembly"
"GO:2000010",1,19,25792,624,0.372175015854797,"CD247",0.511424171446728,"positive regulation of protein localization to cell surface"
"GO:2000311",1,19,25792,624,0.372175015854797,"MEF2C",0.511424171446728,"regulation of AMPA receptor activity"
"GO:2000786",1,19,25792,624,0.372175015854797,"PIP4K2A",0.511424171446728,"positive regulation of autophagosome assembly"
"GO:0071222",5,166,25792,624,0.374337396525609,"IL36RN/MEF2C/PF4/PPBP/TSPO",0.514007089791206,"cellular response to lipopolysaccharide"
"GO:0033674",2,54,25792,624,0.376887980013784,"NTRK3/TYRO3",0.516728768978174,"positive regulation of kinase activity"
"GO:0048167",2,54,25792,624,0.376887980013784,"GIPC1/MEF2C",0.516728768978174,"regulation of synaptic plasticity"
"GO:0006887",3,91,25792,624,0.378457326346581,"CPLX1/EXOC6/SYTL2",0.518489389071654,"exocytosis"
"GO:0006355",14,521,25792,624,0.382582800759409,"KLF1/CRABP2/ZNF714/ZNF781/ZNF431/NR5A2/ZBTB38/IGSF1/H1-9P/AFF3/MEF2C/BMAL2/ZNF628/ARNT2",0.521665710548228,"regulation of DNA-templated transcription"
"GO:0007420",5,168,25792,624,0.383936244514229,"MACROD2/AGTR2/VAX2/AMIGO2/ARNT2",0.521665710548228,"brain development"
"GO:0060070",3,92,25792,624,0.38502702581142,"LEF1/WNT4/WNT9A",0.521665710548228,"canonical Wnt signaling pathway"
"GO:0007254",2,55,25792,624,0.385529679596494,"SH2D3C/ARHGEF6",0.521665710548228,"JNK cascade"
"GO:0009749",2,55,25792,624,0.385529679596494,"TXNIP/PRKCB",0.521665710548228,"response to glucose"
"GO:0090398",2,55,25792,624,0.385529679596494,"H2AX/ECRG4",0.521665710548228,"cellular senescence"
"GO:0002042",1,20,25792,624,0.387375527634823,"VEGFA",0.521665710548228,"cell migration involved in sprouting angiogenesis"
"GO:0006541",1,20,25792,624,0.387375527634823,"SIRT4",0.521665710548228,"glutamine metabolic process"
"GO:0008154",1,20,25792,624,0.387375527634823,"CAPG",0.521665710548228,"actin polymerization or depolymerization"
"GO:0016079",1,20,25792,624,0.387375527634823,"CPLX1",0.521665710548228,"synaptic vesicle exocytosis"
"GO:0021542",1,20,25792,624,0.387375527634823,"LEF1",0.521665710548228,"dentate gyrus development"
"GO:0021591",1,20,25792,624,0.387375527634823,"SLC7A11",0.521665710548228,"ventricular system development"
"GO:0021675",1,20,25792,624,0.387375527634823,"NTF3",0.521665710548228,"nerve development"
"GO:0023019",1,20,25792,624,0.387375527634823,"TRAF5",0.521665710548228,"signal transduction involved in regulation of gene expression"
"GO:0032402",1,20,25792,624,0.387375527634823,"MREG",0.521665710548228,"melanosome transport"
"GO:0043392",1,20,25792,624,0.387375527634823,"LEF1",0.521665710548228,"negative regulation of DNA binding"
"GO:0043473",1,20,25792,624,0.387375527634823,"KRT76",0.521665710548228,"pigmentation"
"GO:0046628",1,20,25792,624,0.387375527634823,"SORBS1",0.521665710548228,"positive regulation of insulin receptor signaling pathway"
"GO:0055010",1,20,25792,624,0.387375527634823,"TPM1",0.521665710548228,"ventricular cardiac muscle tissue morphogenesis"
"GO:0060252",1,20,25792,624,0.387375527634823,"TSPO",0.521665710548228,"positive regulation of glial cell proliferation"
"GO:1900273",1,20,25792,624,0.387375527634823,"PDE9A",0.521665710548228,"positive regulation of long-term synaptic potentiation"
"GO:1903672",1,20,25792,624,0.387375527634823,"VEGFA",0.521665710548228,"positive regulation of sprouting angiogenesis"
"GO:2000647",1,20,25792,624,0.387375527634823,"FERMT1",0.521665710548228,"negative regulation of stem cell proliferation"
"GO:0007204",4,131,25792,624,0.391189807428004,"ADRA1D/ADRA1A/PRKG1/PTGDR",0.526412338937166,"positive regulation of cytosolic calcium ion concentration"
"GO:0007266",2,56,25792,624,0.39411869445771,"RHOD/EPS8L1",0.529569687009694,"Rho protein signal transduction"
"GO:0022008",2,56,25792,624,0.39411869445771,"TRAK2/PRDM6",0.529569687009694,"neurogenesis"
"GO:0006805",3,94,25792,624,0.398116054678887,"ALDH3A1/ABCB1/CBR3",0.533155333769751,"xenobiotic metabolic process"
"GO:0051091",3,94,25792,624,0.398116054678887,"TRAF5/ARHGEF5/FANK1",0.533155333769751,"positive regulation of DNA-binding transcription factor activity"
"GO:0120162",3,94,25792,624,0.398116054678887,"YBX2/PRDM16/VEGFA",0.533155333769751,"positive regulation of cold-induced thermogenesis"
"GO:0002223",1,21,25792,624,0.402208589514221,"KLRD1",0.533155333769751,"stimulatory C-type lectin receptor signaling pathway"
"GO:0002437",1,21,25792,624,0.402208589514221,"IL36RN",0.533155333769751,"inflammatory response to antigenic stimulus"
"GO:0006268",1,21,25792,624,0.402208589514221,"MCM4",0.533155333769751,"DNA unwinding involved in DNA replication"
"GO:0009792",1,21,25792,624,0.402208589514221,"NR5A2",0.533155333769751,"embryo development ending in birth or egg hatching"
"GO:0014911",1,21,25792,624,0.402208589514221,"HAS2",0.533155333769751,"positive regulation of smooth muscle cell migration"
"GO:0030879",1,21,25792,624,0.402208589514221,"LEF1",0.533155333769751,"mammary gland development"
"GO:0035584",1,21,25792,624,0.402208589514221,"RYR2",0.533155333769751,"calcium-mediated signaling using intracellular calcium source"
"GO:0040014",1,21,25792,624,0.402208589514221,"NPY1R",0.533155333769751,"regulation of multicellular organism growth"
"GO:0042755",1,21,25792,624,0.402208589514221,"NPY5R",0.533155333769751,"eating behavior"
"GO:0043523",1,21,25792,624,0.402208589514221,"MEF2C",0.533155333769751,"regulation of neuron apoptotic process"
"GO:0050908",1,21,25792,624,0.402208589514221,"BEST1",0.533155333769751,"detection of light stimulus involved in visual perception"
"GO:0051131",1,21,25792,624,0.402208589514221,"PSMG1",0.533155333769751,"chaperone-mediated protein complex assembly"
"GO:0060218",1,21,25792,624,0.402208589514221,"TAL1",0.533155333769751,"hematopoietic stem cell differentiation"
"GO:0071711",1,21,25792,624,0.402208589514221,"FERMT1",0.533155333769751,"basement membrane organization"
"GO:0090316",1,21,25792,624,0.402208589514221,"PRR5L",0.533155333769751,"positive regulation of intracellular protein transport"
"GO:0007612",2,57,25792,624,0.402652515547782,"PRKAR2B/STRA6",0.533155333769751,"learning"
"GO:0051965",2,57,25792,624,0.402652515547782,"AMIGO2/ASIC2",0.533155333769751,"positive regulation of synapse assembly"
"GO:0065003",4,134,25792,624,0.407581243050268,"OCLN/AIMP2/CAPG/CD247",0.539288718970442,"protein-containing complex assembly"
"GO:0008285",10,373,25792,624,0.415809824168523,"ADARB1/ADRA1A/FABP3/ITGA1/NME1/TESC/SLURP1/PTHLH/WNT9A/AIMP2",0.544985483100733,"negative regulation of cell population proliferation"
"GO:0001678",1,22,25792,624,0.416683070137524,"ABCC8",0.544985483100733,"intracellular glucose homeostasis"
"GO:0003009",1,22,25792,624,0.416683070137524,"STAC2",0.544985483100733,"skeletal muscle contraction"
"GO:0006259",1,22,25792,624,0.416683070137524,"NME1",0.544985483100733,"DNA metabolic process"
"GO:0006694",1,22,25792,624,0.416683070137524,"FDXR",0.544985483100733,"steroid biosynthetic process"
"GO:0007602",1,22,25792,624,0.416683070137524,"ASIC2",0.544985483100733,"phototransduction"
"GO:0031145",1,22,25792,624,0.416683070137524,"ECRG4",0.544985483100733,"anaphase-promoting complex-dependent catabolic process"
"GO:0036092",1,22,25792,624,0.416683070137524,"INPP4B",0.544985483100733,"phosphatidylinositol-3-phosphate biosynthetic process"
"GO:0043113",1,22,25792,624,0.416683070137524,"PIGR",0.544985483100733,"receptor clustering"
"GO:0048589",1,22,25792,624,0.416683070137524,"STRA6",0.544985483100733,"developmental growth"
"GO:0048821",1,22,25792,624,0.416683070137524,"SLC4A1",0.544985483100733,"erythrocyte development"
"GO:0070498",1,22,25792,624,0.416683070137524,"IL1RL2",0.544985483100733,"interleukin-1-mediated signaling pathway"
"GO:0071577",1,22,25792,624,0.416683070137524,"SLC39A2",0.544985483100733,"zinc ion transmembrane transport"
"GO:0090303",1,22,25792,624,0.416683070137524,"OCLN",0.544985483100733,"positive regulation of wound healing"
"GO:0097194",1,22,25792,624,0.416683070137524,"CASP6",0.544985483100733,"execution phase of apoptosis"
"GO:1905564",1,22,25792,624,0.416683070137524,"MIR27A",0.544985483100733,"positive regulation of vascular endothelial cell proliferation"
"GO:0007605",4,136,25792,624,0.418460896259329,"USH1G/TIMM8B/ASIC2/ATP2B2",0.546917260531604,"sensory perception of sound"
"GO:0035195",5,176,25792,624,0.422208841485181,"EIF6/MIR143/MIR145/MIR27A/CARMN",0.551419305905214,"miRNA-mediated post-transcriptional gene silencing"
"GO:0042981",5,177,25792,624,0.4269681267164,"CARD8/NME1/NTF3/TRAF5/FANK1",0.555073183006378,"regulation of apoptotic process"
"GO:0002931",2,60,25792,624,0.427899967977429,"PPIF/MEF2C",0.555073183006378,"response to ischemia"
"GO:0050679",2,60,25792,624,0.427899967977429,"NME1/VEGFA",0.555073183006378,"positive regulation of epithelial cell proliferation"
"GO:0070098",2,60,25792,624,0.427899967977429,"PF4/PPBP",0.555073183006378,"chemokine-mediated signaling pathway"
"GO:0043547",4,138,25792,624,0.42929373286956,"RASGRP2/RAB11FIP2/RGL3/RGS6",0.555073183006378,"positive regulation of GTPase activity"
"GO:0006672",1,23,25792,624,0.430807624434543,"FUT6",0.555073183006378,"ceramide metabolic process"
"GO:0007020",1,23,25792,624,0.430807624434543,"HAUS2",0.555073183006378,"microtubule nucleation"
"GO:0007205",1,23,25792,624,0.430807624434543,"DGKG",0.555073183006378,"protein kinase C-activating G protein-coupled receptor signaling pathway"
"GO:0009311",1,23,25792,624,0.430807624434543,"GAL3ST3",0.555073183006378,"oligosaccharide metabolic process"
"GO:0043069",1,23,25792,624,0.430807624434543,"AMIGO2",0.555073183006378,"negative regulation of programmed cell death"
"GO:0043303",1,23,25792,624,0.430807624434543,"PTGDR",0.555073183006378,"mast cell degranulation"
"GO:0045216",1,23,25792,624,0.430807624434543,"OCLN",0.555073183006378,"cell-cell junction organization"
"GO:0046716",1,23,25792,624,0.430807624434543,"PLN",0.555073183006378,"muscle cell cellular homeostasis"
"GO:0050900",1,23,25792,624,0.430807624434543,"ITGA7",0.555073183006378,"leukocyte migration"
"GO:0051896",1,23,25792,624,0.430807624434543,"NTRK3",0.555073183006378,"regulation of phosphatidylinositol 3-kinase/protein kinase B signal transduction"
"GO:0051928",1,23,25792,624,0.430807624434543,"TSPO",0.555073183006378,"positive regulation of calcium ion transport"
"GO:0055013",1,23,25792,624,0.430807624434543,"VEGFA",0.555073183006378,"cardiac muscle cell development"
"GO:0060038",1,23,25792,624,0.430807624434543,"HEY2",0.555073183006378,"cardiac muscle cell proliferation"
"GO:1990000",1,23,25792,624,0.430807624434543,"CDSN",0.555073183006378,"amyloid fibril formation"
"GO:0016197",2,61,25792,624,0.436190873099127,"RAB10/RASSF9",0.561213734815437,"endosomal transport"
"GO:0060079",2,61,25792,624,0.436190873099127,"MEF2C/P2RX1",0.561213734815437,"excitatory postsynaptic potential"
"GO:0060326",2,62,25792,624,0.444416202169603,"CCN3/LEF1",0.565616438313453,"cell chemotaxis"
"GO:0006783",1,24,25792,624,0.444590698762334,"TSPO",0.565616438313453,"heme biosynthetic process"
"GO:0008361",1,24,25792,624,0.444590698762334,"IL7R",0.565616438313453,"regulation of cell size"
"GO:0010804",1,24,25792,624,0.444590698762334,"CARD8",0.565616438313453,"negative regulation of tumor necrosis factor-mediated signaling pathway"
"GO:0010839",1,24,25792,624,0.444590698762334,"SLURP1",0.565616438313453,"negative regulation of keratinocyte proliferation"
"GO:0014850",1,24,25792,624,0.444590698762334,"RYR2",0.565616438313453,"response to muscle activity"
"GO:0018279",1,24,25792,624,0.444590698762334,"MAGT1",0.565616438313453,"protein N-linked glycosylation via asparagine"
"GO:0019882",1,24,25792,624,0.444590698762334,"RAB10",0.565616438313453,"antigen processing and presentation"
"GO:0042832",1,24,25792,624,0.444590698762334,"PF4",0.565616438313453,"defense response to protozoan"
"GO:0042908",1,24,25792,624,0.444590698762334,"SLC31A1",0.565616438313453,"xenobiotic transport"
"GO:0060155",1,24,25792,624,0.444590698762334,"AP1S3",0.565616438313453,"platelet dense granule organization"
"GO:0060349",1,24,25792,624,0.444590698762334,"HAS2",0.565616438313453,"bone morphogenesis"
"GO:0071353",1,24,25792,624,0.444590698762334,"LEF1",0.565616438313453,"cellular response to interleukin-4"
"GO:0097746",1,24,25792,624,0.444590698762334,"GCLM",0.565616438313453,"blood vessel diameter maintenance"
"GO:0099560",1,24,25792,624,0.444590698762334,"LRFN4",0.565616438313453,"synaptic membrane adhesion"
"GO:2001243",1,24,25792,624,0.444590698762334,"PPIF",0.565616438313453,"negative regulation of intrinsic apoptotic signaling pathway"
"GO:0007416",2,63,25792,624,0.452574272969583,"GPM6A/ASIC2",0.575370649131959,"synapse assembly"
"GO:0002639",1,25,25792,624,0.458040535923631,"CLCF1",0.579080455013325,"positive regulation of immunoglobulin production"
"GO:0010043",1,25,25792,624,0.458040535923631,"ABCC8",0.579080455013325,"response to zinc ion"
"GO:0018149",1,25,25792,624,0.458040535923631,"TGM3",0.579080455013325,"peptide cross-linking"
"GO:0021510",1,25,25792,624,0.458040535923631,"MPST",0.579080455013325,"spinal cord development"
"GO:0045930",1,25,25792,624,0.458040535923631,"NLE1",0.579080455013325,"negative regulation of mitotic cell cycle"
"GO:0046856",1,25,25792,624,0.458040535923631,"INPP4B",0.579080455013325,"phosphatidylinositol dephosphorylation"
"GO:1902017",1,25,25792,624,0.458040535923631,"MAPK15",0.579080455013325,"regulation of cilium assembly"
"GO:1990138",1,25,25792,624,0.458040535923631,"NRN1",0.579080455013325,"neuron projection extension"
"GO:0006909",2,64,25792,624,0.460663522746245,"RAB11FIP2/TYRO3",0.580378575434978,"phagocytosis"
"GO:0016311",2,64,25792,624,0.460663522746245,"DUSP4/PSPH",0.580378575434978,"dephosphorylation"
"GO:0032922",2,64,25792,624,0.460663522746245,"CIART/BMAL2",0.580378575434978,"circadian regulation of gene expression"
"GO:0071466",2,64,25792,624,0.460663522746245,"ASIC2/MEF2C",0.580378575434978,"cellular response to xenobiotic stimulus"
"GO:0097190",2,64,25792,624,0.460663522746245,"PDE3A/WNT4",0.580378575434978,"apoptotic signaling pathway"
"GO:0006979",3,104,25792,624,0.462189014707375,"RBPMS/GCLM/STC2",0.581494552759867,"response to oxidative stress"
"GO:0034220",3,104,25792,624,0.462189014707375,"NALCN/ATP2B2/BEST1",0.581494552759867,"monoatomic ion transmembrane transport"
"GO:0006508",10,389,25792,624,0.467659273962598,"DPP3/ADAMTS19/KLK5/ADAM22/RHBDL2/TPSB2/TPSAB1/ADAMTS10/CASP6/ENDOU",0.587099586948373,"proteolysis"
"GO:0001676",1,26,25792,624,0.471165180064729,"SLC27A4",0.587099586948373,"long-chain fatty acid metabolic process"
"GO:0005977",1,26,25792,624,0.471165180064729,"PRKAG2",0.587099586948373,"glycogen metabolic process"
"GO:0007026",1,26,25792,624,0.471165180064729,"MAP6D1",0.587099586948373,"negative regulation of microtubule depolymerization"
"GO:0019228",1,26,25792,624,0.471165180064729,"P2RX1",0.587099586948373,"neuronal action potential"
"GO:0030878",1,26,25792,624,0.471165180064729,"HOXD3",0.587099586948373,"thyroid gland development"
"GO:0031116",1,26,25792,624,0.471165180064729,"OCLN",0.587099586948373,"positive regulation of microtubule polymerization"
"GO:0032147",1,26,25792,624,0.471165180064729,"VEGFA",0.587099586948373,"activation of protein kinase activity"
"GO:0032967",1,26,25792,624,0.471165180064729,"WNT4",0.587099586948373,"positive regulation of collagen biosynthetic process"
"GO:0035116",1,26,25792,624,0.471165180064729,"AFF3",0.587099586948373,"embryonic hindlimb morphogenesis"
"GO:0045954",1,26,25792,624,0.471165180064729,"KLRD1",0.587099586948373,"positive regulation of natural killer cell mediated cytotoxicity"
"GO:0048015",1,26,25792,624,0.471165180064729,"PLCB4",0.587099586948373,"phosphatidylinositol-mediated signaling"
"GO:0072332",1,26,25792,624,0.471165180064729,"CASP6",0.587099586948373,"intrinsic apoptotic signaling pathway by p53 class mediator"
"GO:0090051",1,26,25792,624,0.471165180064729,"STARD13",0.587099586948373,"negative regulation of cell migration involved in sprouting angiogenesis"
"GO:1902476",3,106,25792,624,0.474659836196923,"SLC4A1/SLC6A1/BEST1",0.591049028908223,"chloride transmembrane transport"
"GO:0071300",2,66,25792,624,0.476629877034765,"TESC/WNT9A",0.593095904482685,"cellular response to retinoic acid"
"GO:0007189",3,107,25792,624,0.480845256198306,"PF4/PTHLH/GPR157",0.594099913090109,"adenylate cyclase-activating G protein-coupled receptor signaling pathway"
"GO:0001708",1,27,25792,624,0.483972481455694,"TBX21",0.594099913090109,"cell fate specification"
"GO:0006306",1,27,25792,624,0.483972481455694,"BEND3",0.594099913090109,"DNA methylation"
"GO:0006882",1,27,25792,624,0.483972481455694,"MT1G",0.594099913090109,"intracellular zinc ion homeostasis"
"GO:0007498",1,27,25792,624,0.483972481455694,"VEGFA",0.594099913090109,"mesoderm development"
"GO:0007585",1,27,25792,624,0.483972481455694,"COX5B",0.594099913090109,"respiratory gaseous exchange by respiratory system"
"GO:0010800",1,27,25792,624,0.483972481455694,"PRKAG2",0.594099913090109,"positive regulation of peptidyl-threonine phosphorylation"
"GO:0014059",1,27,25792,624,0.483972481455694,"PRKCB",0.594099913090109,"regulation of dopamine secretion"
"GO:0019933",1,27,25792,624,0.483972481455694,"PDE3A",0.594099913090109,"cAMP-mediated signaling"
"GO:0032703",1,27,25792,624,0.483972481455694,"TBX21",0.594099913090109,"negative regulation of interleukin-2 production"
"GO:0042220",1,27,25792,624,0.483972481455694,"SLC6A1",0.594099913090109,"response to cocaine"
"GO:0043616",1,27,25792,624,0.483972481455694,"FERMT1",0.594099913090109,"keratinocyte proliferation"
"GO:0044344",1,27,25792,624,0.483972481455694,"GCLM",0.594099913090109,"cellular response to fibroblast growth factor stimulus"
"GO:0051602",1,27,25792,624,0.483972481455694,"KCNJ3",0.594099913090109,"response to electrical stimulus"
"GO:0060828",1,27,25792,624,0.483972481455694,"KREMEN1",0.594099913090109,"regulation of canonical Wnt signaling pathway"
"GO:0071276",1,27,25792,624,0.483972481455694,"MT1G",0.594099913090109,"cellular response to cadmium ion"
"GO:0071345",1,27,25792,624,0.483972481455694,"LEF1",0.594099913090109,"cellular response to cytokine stimulus"
"GO:0071480",1,27,25792,624,0.483972481455694,"H2AX",0.594099913090109,"cellular response to gamma radiation"
"GO:0090102",1,27,25792,624,0.483972481455694,"HEY2",0.594099913090109,"cochlea development"
"GO:0098656",1,27,25792,624,0.483972481455694,"LRRC8C",0.594099913090109,"monoatomic anion transmembrane transport"
"GO:0042060",2,68,25792,624,0.492304974702073,"PPL/TPM1",0.60368797825826,"wound healing"
"GO:0070374",5,191,25792,624,0.492534258795863,"ADRA1A/ANGPT1/MIR27A/NPY5R/ACTA2",0.60368797825826,"positive regulation of ERK1 and ERK2 cascade"
"GO:0000165",3,109,25792,624,0.493111467389173,"ADRA1A/MAPK15/MEF2C",0.60368797825826,"MAPK cascade"
"GO:0010976",3,109,25792,624,0.493111467389173,"ATP1B2/NTRK3/TOX",0.60368797825826,"positive regulation of neuron projection development"
"GO:0001656",1,28,25792,624,0.496470101155739,"ITGA8",0.603734209967313,"metanephros development"
"GO:0001935",1,28,25792,624,0.496470101155739,"ZEB2",0.603734209967313,"endothelial cell proliferation"
"GO:0016540",1,28,25792,624,0.496470101155739,"CASP6",0.603734209967313,"protein autoprocessing"
"GO:0019915",1,28,25792,624,0.496470101155739,"PLIN3",0.603734209967313,"lipid storage"
"GO:0042267",1,28,25792,624,0.496470101155739,"ULBP3",0.603734209967313,"natural killer cell mediated cytotoxicity"
"GO:0048843",1,28,25792,624,0.496470101155739,"SEMA4B",0.603734209967313,"negative regulation of axon extension involved in axon guidance"
"GO:0051453",1,28,25792,624,0.496470101155739,"SLC4A1",0.603734209967313,"regulation of intracellular pH"
"GO:0055074",1,28,25792,624,0.496470101155739,"KL",0.603734209967313,"calcium ion homeostasis"
"GO:0071897",1,28,25792,624,0.496470101155739,"POLD2",0.603734209967313,"DNA biosynthetic process"
"GO:1900745",1,28,25792,624,0.496470101155739,"VEGFA",0.603734209967313,"positive regulation of p38MAPK cascade"
"GO:0043123",5,193,25792,624,0.501689879022088,"ECM1/TRIM58/PRKCB/TRAF5/APOL3",0.609673930522832,"positive regulation of canonical NF-kappaB signal transduction"
"GO:0001938",2,70,25792,624,0.507680147279803,"ECM1/VEGFA",0.61241980615887,"positive regulation of endothelial cell proliferation"
"GO:0009409",1,29,25792,624,0.508665515566499,"GMPR",0.61241980615887,"response to cold"
"GO:0031069",1,29,25792,624,0.508665515566499,"TGM3",0.61241980615887,"hair follicle morphogenesis"
"GO:0034113",1,29,25792,624,0.508665515566499,"ITGA7",0.61241980615887,"heterotypic cell-cell adhesion"
"GO:0035774",1,29,25792,624,0.508665515566499,"ABCC8",0.61241980615887,"positive regulation of insulin secretion involved in cellular response to glucose stimulus"
"GO:0043001",1,29,25792,624,0.508665515566499,"RAB10",0.61241980615887,"Golgi to plasma membrane protein transport"
"GO:0045664",1,29,25792,624,0.508665515566499,"NTF3",0.61241980615887,"regulation of neuron differentiation"
"GO:0046034",1,29,25792,624,0.508665515566499,"ATP1A2",0.61241980615887,"ATP metabolic process"
"GO:0048010",1,29,25792,624,0.508665515566499,"VEGFA",0.61241980615887,"vascular endothelial growth factor receptor signaling pathway"
"GO:0048469",1,29,25792,624,0.508665515566499,"VEGFA",0.61241980615887,"cell maturation"
"GO:0071773",1,29,25792,624,0.508665515566499,"GATA5",0.61241980615887,"cellular response to BMP stimulus"
"GO:0099505",1,29,25792,624,0.508665515566499,"KCNJ3",0.61241980615887,"regulation of presynaptic membrane potential"
"GO:2000352",1,29,25792,624,0.508665515566499,"ANGPT1",0.61241980615887,"negative regulation of endothelial cell apoptotic process"
"GO:2001238",1,29,25792,624,0.508665515566499,"AGTR2",0.61241980615887,"positive regulation of extrinsic apoptotic signaling pathway"
"GO:0030308",3,112,25792,624,0.511236404106485,"AGTR2/CCN3/CDA",0.615107731744268,"negative regulation of cell growth"
"GO:0001666",4,155,25792,624,0.51858990749665,"KCNA5/RYR2/VEGFA/ARNT2",0.621397915924106,"response to hypoxia"
"GO:0001701",5,197,25792,624,0.519804157400803,"ENDOG/ANGPT1/PSPH/VEGFA/ARNT2",0.621397915924106,"in utero embryonic development"
"GO:0001578",1,30,25792,624,0.520566020875915,"TPPP3",0.621397915924106,"microtubule bundle formation"
"GO:0008306",1,30,25792,624,0.520566020875915,"SLC6A1",0.621397915924106,"associative learning"
"GO:0016226",1,30,25792,624,0.520566020875915,"ISCU",0.621397915924106,"iron-sulfur cluster assembly"
"GO:0035987",1,30,25792,624,0.520566020875915,"ITGA7",0.621397915924106,"endodermal cell differentiation"
"GO:0038061",1,30,25792,624,0.520566020875915,"MIR27A",0.621397915924106,"non-canonical NF-kappaB signal transduction"
"GO:0042771",1,30,25792,624,0.520566020875915,"PHLDA3",0.621397915924106,"intrinsic apoptotic signaling pathway in response to DNA damage by p53 class mediator"
"GO:0043507",1,30,25792,624,0.520566020875915,"ARHGEF5",0.621397915924106,"positive regulation of JUN kinase activity"
"GO:0048706",1,30,25792,624,0.520566020875915,"HOXC6",0.621397915924106,"embryonic skeletal system development"
"GO:0070050",1,30,25792,624,0.520566020875915,"TYRO3",0.621397915924106,"neuron cellular homeostasis"
"GO:1905606",1,30,25792,624,0.520566020875915,"LRFN4",0.621397915924106,"regulation of presynapse assembly"
"GO:0006364",3,115,25792,624,0.529013553377315,"MRTO4/WDR74/RRP9",0.627432519185946,"rRNA processing"
"GO:0071356",3,115,25792,624,0.529013553377315,"HAS2/SLC2A4/TCL1A",0.627432519185946,"cellular response to tumor necrosis factor"
"GO:0030324",2,73,25792,624,0.530165222719857,"STRA6/VEGFA",0.627432519185946,"lung development"
"GO:0002377",1,31,25792,624,0.53217873739534,"IGKV1-12",0.627432519185946,"immunoglobulin production"
"GO:0003281",1,31,25792,624,0.53217873739534,"STRA6",0.627432519185946,"ventricular septum development"
"GO:0006654",1,31,25792,624,0.53217873739534,"DGKG",0.627432519185946,"phosphatidic acid biosynthetic process"
"GO:0015914",1,31,25792,624,0.53217873739534,"TRIAP1",0.627432519185946,"phospholipid transport"
"GO:0017157",1,31,25792,624,0.53217873739534,"CPLX1",0.627432519185946,"regulation of exocytosis"
"GO:0031507",1,31,25792,624,0.53217873739534,"H1-9P",0.627432519185946,"heterochromatin formation"
"GO:0032691",1,31,25792,624,0.53217873739534,"CARD8",0.627432519185946,"negative regulation of interleukin-1 beta production"
"GO:0045596",1,31,25792,624,0.53217873739534,"WNT4",0.627432519185946,"negative regulation of cell differentiation"
"GO:0045824",1,31,25792,624,0.53217873739534,"TYRO3",0.627432519185946,"negative regulation of innate immune response"
"GO:0048477",1,31,25792,624,0.53217873739534,"PAQR7",0.627432519185946,"oogenesis"
"GO:0048568",1,31,25792,624,0.53217873739534,"HOXD4",0.627432519185946,"embryonic organ development"
"GO:0070372",1,31,25792,624,0.53217873739534,"MIR145",0.627432519185946,"regulation of ERK1 and ERK2 cascade"
"GO:0071902",1,31,25792,624,0.53217873739534,"TCL1A",0.627432519185946,"positive regulation of protein serine/threonine kinase activity"
"GO:0097193",1,31,25792,624,0.53217873739534,"CYCS",0.627432519185946,"intrinsic apoptotic signaling pathway"
"GO:2000379",1,31,25792,624,0.53217873739534,"TSPO",0.627432519185946,"positive regulation of reactive oxygen species metabolic process"
"GO:2001234",1,31,25792,624,0.53217873739534,"WNT4",0.627432519185946,"negative regulation of apoptotic signaling pathway"
"GO:0007411",4,158,25792,624,0.533682173617936,"TUBB3/SEMA4B/PLEKHG4/NEXN",0.628797272610115,"axon guidance"
"GO:0032355",2,74,25792,624,0.537503374772681,"TXNIP/SLC6A1",0.632889336357988,"response to estradiol"
"GO:0002218",1,32,25792,624,0.543510613792425,"CASP6",0.634044541908223,"activation of innate immune response"
"GO:0006865",1,32,25792,624,0.543510613792425,"SLC7A8",0.634044541908223,"amino acid transport"
"GO:0019082",1,32,25792,624,0.543510613792425,"MGAT4A",0.634044541908223,"viral protein processing"
"GO:0030522",1,32,25792,624,0.543510613792425,"NR5A2",0.634044541908223,"intracellular receptor signaling pathway"
"GO:0034394",1,32,25792,624,0.543510613792425,"ANGPT1",0.634044541908223,"protein localization to cell surface"
"GO:0045648",1,32,25792,624,0.543510613792425,"TAL1",0.634044541908223,"positive regulation of erythrocyte differentiation"
"GO:0046427",1,32,25792,624,0.543510613792425,"IL7R",0.634044541908223,"positive regulation of receptor signaling pathway via JAK-STAT"
"GO:0046907",1,32,25792,624,0.543510613792425,"RASSF9",0.634044541908223,"intracellular transport"
"GO:0048008",1,32,25792,624,0.543510613792425,"TXNIP",0.634044541908223,"platelet-derived growth factor receptor signaling pathway"
"GO:0051881",1,32,25792,624,0.543510613792425,"PYCR1",0.634044541908223,"regulation of mitochondrial membrane potential"
"GO:0060078",1,32,25792,624,0.543510613792425,"RGS7BP",0.634044541908223,"regulation of postsynaptic membrane potential"
"GO:1900016",1,32,25792,624,0.543510613792425,"SPINK7",0.634044541908223,"negative regulation of cytokine production involved in inflammatory response"
"GO:1990090",1,32,25792,624,0.543510613792425,"NTRK3",0.634044541908223,"cellular response to nerve growth factor stimulus"
"GO:0001889",2,75,25792,624,0.544762142167571,"MPST/WNT4",0.634044541908223,"liver development"
"GO:0007596",2,75,25792,624,0.544762142167571,"SLC4A1/ENTPD1",0.634044541908223,"blood coagulation"
"GO:0032088",2,75,25792,624,0.544762142167571,"CARD8/MIR27A",0.634044541908223,"negative regulation of NF-kappaB transcription factor activity"
"GO:0042391",2,75,25792,624,0.544762142167571,"KCNA5/ASIC2",0.634044541908223,"regulation of membrane potential"
"GO:0045732",2,75,25792,624,0.544762142167571,"NKD1/IER3",0.634044541908223,"positive regulation of protein catabolic process"
"GO:0010508",2,76,25792,624,0.551941065554617,"ENDOG/TRIM58",0.641760285144582,"positive regulation of autophagy"
"GO:0030073",1,33,25792,624,0.554568431222298,"CPLX1",0.641760285144582,"insulin secretion"
"GO:0031669",1,33,25792,624,0.554568431222298,"PRKAG2",0.641760285144582,"cellular response to nutrient levels"
"GO:0035115",1,33,25792,624,0.554568431222298,"CRABP2",0.641760285144582,"embryonic forelimb morphogenesis"
"GO:0035633",1,33,25792,624,0.554568431222298,"OCLN",0.641760285144582,"maintenance of blood-brain barrier"
"GO:0048255",1,33,25792,624,0.554568431222298,"TRAF5",0.641760285144582,"mRNA stabilization"
"GO:0048705",1,33,25792,624,0.554568431222298,"NLE1",0.641760285144582,"skeletal system morphogenesis"
"GO:0048870",1,33,25792,624,0.554568431222298,"FSCN1",0.641760285144582,"cell motility"
"GO:2001240",1,33,25792,624,0.554568431222298,"PF4",0.641760285144582,"negative regulation of extrinsic apoptotic signaling pathway in absence of ligand"
"GO:0051897",4,164,25792,624,0.563138661272009,"ANGPT1/MIR143/NTRK3/TXN",0.64969804790108,"positive regulation of phosphatidylinositol 3-kinase/protein kinase B signal transduction"
"GO:0002052",1,34,25792,624,0.565358807359465,"VEGFA",0.64969804790108,"positive regulation of neuroblast proliferation"
"GO:0007259",1,34,25792,624,0.565358807359465,"CLCF1",0.64969804790108,"receptor signaling pathway via JAK-STAT"
"GO:0008340",1,34,25792,624,0.565358807359465,"KL",0.64969804790108,"determination of adult lifespan"
"GO:0032212",1,34,25792,624,0.565358807359465,"MAPK15",0.64969804790108,"positive regulation of telomere maintenance via telomerase"
"GO:0032467",1,34,25792,624,0.565358807359465,"GIPC1",0.64969804790108,"positive regulation of cytokinesis"
"GO:0032743",1,34,25792,624,0.565358807359465,"PNP",0.64969804790108,"positive regulation of interleukin-2 production"
"GO:0035025",1,34,25792,624,0.565358807359465,"GPR20",0.64969804790108,"positive regulation of Rho protein signal transduction"
"GO:0042113",1,34,25792,624,0.565358807359465,"PRKCB",0.64969804790108,"B cell activation"
"GO:0045746",1,34,25792,624,0.565358807359465,"HEY2",0.64969804790108,"negative regulation of Notch signaling pathway"
"GO:0070507",1,34,25792,624,0.565358807359465,"MAP6D1",0.64969804790108,"regulation of microtubule cytoskeleton organization"
"GO:0007005",2,79,25792,624,0.572995188306513,"SIRT4/VPS13C",0.656816027732163,"mitochondrion organization"
"GO:0032956",2,79,25792,624,0.572995188306513,"FSCN1/ARHGEF5",0.656816027732163,"regulation of actin cytoskeleton organization"
"GO:0001916",1,35,25792,624,0.575888200332821,"ULBP3",0.656816027732163,"positive regulation of T cell mediated cytotoxicity"
"GO:0007281",1,35,25792,624,0.575888200332821,"H1-9P",0.656816027732163,"germ cell development"
"GO:0009725",1,35,25792,624,0.575888200332821,"ADRA1A",0.656816027732163,"response to hormone"
"GO:0010719",1,35,25792,624,0.575888200332821,"MIR145",0.656816027732163,"negative regulation of epithelial to mesenchymal transition"
"GO:0010975",1,35,25792,624,0.575888200332821,"ACAP3",0.656816027732163,"regulation of neuron projection development"
"GO:0043687",1,35,25792,624,0.575888200332821,"PRKCB",0.656816027732163,"post-translational protein modification"
"GO:0045184",1,35,25792,624,0.575888200332821,"ITGA8",0.656816027732163,"establishment of protein localization"
"GO:0045429",1,35,25792,624,0.575888200332821,"AGTR2",0.656816027732163,"positive regulation of nitric oxide biosynthetic process"
"GO:0060412",1,35,25792,624,0.575888200332821,"HEY2",0.656816027732163,"ventricular septum morphogenesis"
"GO:0071526",1,35,25792,624,0.575888200332821,"SEMA4B",0.656816027732163,"semaphorin-plexin signaling pathway"
"GO:0000077",1,36,25792,624,0.58616291256609,"H2AX",0.665196114260395,"DNA damage checkpoint signaling"
"GO:0001541",1,36,25792,624,0.58616291256609,"VEGFA",0.665196114260395,"ovarian follicle development"
"GO:0009755",1,36,25792,624,0.58616291256609,"NR5A2",0.665196114260395,"hormone-mediated signaling pathway"
"GO:0031640",1,36,25792,624,0.58616291256609,"PRF1",0.665196114260395,"killing of cells of another organism"
"GO:0031667",1,36,25792,624,0.58616291256609,"PSPH",0.665196114260395,"response to nutrient levels"
"GO:0036297",1,36,25792,624,0.58616291256609,"CENPX",0.665196114260395,"interstrand cross-link repair"
"GO:0043029",1,36,25792,624,0.58616291256609,"IL7R",0.665196114260395,"T cell homeostasis"
"GO:2001237",1,36,25792,624,0.58616291256609,"GCLM",0.665196114260395,"negative regulation of extrinsic apoptotic signaling pathway"
"GO:0000226",3,126,25792,624,0.590953660604497,"TUBB3/MAP6D1/TUBA1C",0.670214444777901,"microtubule cytoskeleton organization"
"GO:0007286",2,82,25792,624,0.593320421515123,"DPY19L2/PRKG1",0.672479131118761,"spermatid development"
"GO:0007029",1,37,25792,624,0.596189094525974,"MAPK15",0.673630686046128,"endoplasmic reticulum organization"
"GO:0007095",1,37,25792,624,0.596189094525974,"IER3",0.673630686046128,"mitotic G2 DNA damage checkpoint signaling"
"GO:0033077",1,37,25792,624,0.596189094525974,"IL7R",0.673630686046128,"T cell differentiation in thymus"
"GO:0043588",1,37,25792,624,0.596189094525974,"SLC27A4",0.673630686046128,"skin development"
"GO:0098655",1,37,25792,624,0.596189094525974,"ATP1A2",0.673630686046128,"monoatomic cation transmembrane transport"
"GO:0090090",3,128,25792,624,0.601635678058342,"FERMT1/KREMEN1/NKD1",0.679362523422401,"negative regulation of canonical Wnt signaling pathway"
"GO:0006096",1,38,25792,624,0.605972748380208,"IER3",0.680456118934662,"glycolytic process"
"GO:0007616",1,38,25792,624,0.605972748380208,"SLC2A4",0.680456118934662,"long-term memory"
"GO:0032007",1,38,25792,624,0.605972748380208,"ENDOG",0.680456118934662,"negative regulation of TOR signaling"
"GO:0043434",1,38,25792,624,0.605972748380208,"STC2",0.680456118934662,"response to peptide hormone"
"GO:0050796",1,38,25792,624,0.605972748380208,"KCNA5",0.680456118934662,"regulation of insulin secretion"
"GO:0050919",1,38,25792,624,0.605972748380208,"SEMA4B",0.680456118934662,"negative chemotaxis"
"GO:0051604",1,38,25792,624,0.605972748380208,"TESC",0.680456118934662,"protein maturation"
"GO:0098703",1,38,25792,624,0.605972748380208,"NALF1",0.680456118934662,"calcium ion import across plasma membrane"
"GO:1900087",1,38,25792,624,0.605972748380208,"KCNA5",0.680456118934662,"positive regulation of G1/S transition of mitotic cell cycle"
"GO:0002250",5,218,25792,624,0.609700092719555,"IGKV1-12/KLRD1/PRKCB/CD247/CD79B",0.683991698150708,"adaptive immune response"
"GO:0006897",4,174,25792,624,0.60987378586485,"NOSTRIN/NME1/ENDOU/RIN1",0.683991698150708,"endocytosis"
"GO:0001658",1,39,25792,624,0.615519731567703,"WNT4",0.686512191404959,"branching involved in ureteric bud morphogenesis"
"GO:0006120",1,39,25792,624,0.615519731567703,"NDUFA1",0.686512191404959,"mitochondrial electron transport, NADH to ubiquinone"
"GO:0016358",1,39,25792,624,0.615519731567703,"PRKG1",0.686512191404959,"dendrite development"
"GO:0021549",1,39,25792,624,0.615519731567703,"PRKG1",0.686512191404959,"cerebellum development"
"GO:0030177",1,39,25792,624,0.615519731567703,"LEF1",0.686512191404959,"positive regulation of Wnt signaling pathway"
"GO:0030513",1,39,25792,624,0.615519731567703,"SCUBE3",0.686512191404959,"positive regulation of BMP signaling pathway"
"GO:0032733",1,39,25792,624,0.615519731567703,"MIR145",0.686512191404959,"positive regulation of interleukin-10 production"
"GO:0045663",1,39,25792,624,0.615519731567703,"MEF2C",0.686512191404959,"positive regulation of myoblast differentiation"
"GO:0060395",1,39,25792,624,0.615519731567703,"RBPMS",0.686512191404959,"SMAD protein signal transduction"
"GO:0030030",1,40,25792,624,0.624835760282872,"ITGA8",0.695622420204691,"cell projection organization"
"GO:0048856",1,40,25792,624,0.624835760282872,"ZEB2",0.695622420204691,"anatomical structure development"
"GO:0090148",1,40,25792,624,0.624835760282872,"EXOC6",0.695622420204691,"membrane fission"
"GO:0006325",4,179,25792,624,0.632054983726178,"GFI1B/H4C1/H4C3/TOX",0.700169027101421,"chromatin organization"
"GO:0007010",3,134,25792,624,0.632563317239696,"KRT76/TPM1/SORBS2",0.700169027101421,"cytoskeleton organization"
"GO:0008360",3,134,25792,624,0.632563317239696,"ITGA7/TPM1/VEGFA",0.700169027101421,"regulation of cell shape"
"GO:0002376",1,41,25792,624,0.633926412876204,"FCMR",0.700169027101421,"immune system process"
"GO:0003007",1,41,25792,624,0.633926412876204,"VEGFA",0.700169027101421,"heart morphogenesis"
"GO:0010212",1,41,25792,624,0.633926412876204,"H2AX",0.700169027101421,"response to ionizing radiation"
"GO:0032689",1,41,25792,624,0.633926412876204,"IL36RN",0.700169027101421,"negative regulation of type II interferon production"
"GO:0035249",1,41,25792,624,0.633926412876204,"P2RX1",0.700169027101421,"synaptic transmission, glutamatergic"
"GO:0043409",1,41,25792,624,0.633926412876204,"DUSP4",0.700169027101421,"negative regulation of MAPK cascade"
"GO:0045454",1,41,25792,624,0.633926412876204,"TXN",0.700169027101421,"cell redox homeostasis"
"GO:0050885",1,41,25792,624,0.633926412876204,"PDE8B",0.700169027101421,"neuromuscular process controlling balance"
"GO:1900026",1,41,25792,624,0.633926412876204,"HAS2",0.700169027101421,"positive regulation of substrate adhesion-dependent cell spreading"
"GO:1901796",1,41,25792,624,0.633926412876204,"NOP2",0.700169027101421,"regulation of signal transduction by p53 class mediator"
"GO:0007409",2,89,25792,624,0.637904567775581,"RAB10/VAX2",0.703707830228159,"axonogenesis"
"GO:0030512",2,89,25792,624,0.637904567775581,"PRDM16/PBLD",0.703707830228159,"negative regulation of transforming growth factor beta receptor signaling pathway"
"GO:0007098",1,42,25792,624,0.642797133173095,"HAUS2",0.707816588799931,"centrosome cycle"
"GO:0045747",1,42,25792,624,0.642797133173095,"CCN3",0.707816588799931,"positive regulation of Notch signaling pathway"
"GO:1904707",1,42,25792,624,0.642797133173095,"MIR27A",0.707816588799931,"positive regulation of vascular associated smooth muscle cell proliferation"
"GO:0007043",1,43,25792,624,0.651453233712901,"FSCN1",0.715182354402206,"cell-cell junction assembly"
"GO:0007163",1,43,25792,624,0.651453233712901,"FSCN1",0.715182354402206,"establishment or maintenance of cell polarity"
"GO:0030968",1,43,25792,624,0.651453233712901,"STC2",0.715182354402206,"endoplasmic reticulum unfolded protein response"
"GO:0072089",1,43,25792,624,0.651453233712901,"ABCB1",0.715182354402206,"stem cell proliferation"
"GO:2000134",1,43,25792,624,0.651453233712901,"GFI1B",0.715182354402206,"negative regulation of G1/S transition of mitotic cell cycle"
"GO:0016477",5,229,25792,624,0.652693024858204,"NOSTRIN/RHOD/GRAPL/FSCN1/TYRO3",0.716110995288,"cell migration"
"GO:0001755",1,44,25792,624,0.659899898910118,"SEMA4B",0.721405902717135,"neural crest cell migration"
"GO:0006959",1,44,25792,624,0.659899898910118,"MEF2C",0.721405902717135,"humoral immune response"
"GO:0007187",1,44,25792,624,0.659899898910118,"NPY1R",0.721405902717135,"G protein-coupled receptor signaling pathway, coupled to cyclic nucleotide second messenger"
"GO:0030178",1,44,25792,624,0.659899898910118,"NKD1",0.721405902717135,"negative regulation of Wnt signaling pathway"
"GO:0050714",1,44,25792,624,0.659899898910118,"MYOM1",0.721405902717135,"positive regulation of protein secretion"
"GO:0070830",1,44,25792,624,0.659899898910118,"OCLN",0.721405902717135,"bicellular tight junction assembly"
"GO:0007507",4,186,25792,624,0.661715288729369,"LDB3/MEF2C/NTRK3/STRA6",0.722955766171871,"heart development"
"GO:0007519",1,45,25792,624,0.668142188139576,"MEF2C",0.728663766069436,"skeletal muscle tissue development"
"GO:0008344",1,45,25792,624,0.668142188139576,"ATP1A2",0.728663766069436,"adult locomotory behavior"
"GO:0016064",1,45,25792,624,0.668142188139576,"CD27",0.728663766069436,"immunoglobulin mediated immune response"
"GO:0051092",3,143,25792,624,0.675751316991884,"TRIM58/PRKCB/TRAF5",0.733913074891261,"positive regulation of NF-kappaB transcription factor activity"
"GO:0006275",1,46,25792,624,0.676185038747449,"ZBTB38",0.733913074891261,"regulation of DNA replication"
"GO:0007173",1,46,25792,624,0.676185038747449,"PIGR",0.733913074891261,"epidermal growth factor receptor signaling pathway"
"GO:0008630",1,46,25792,624,0.676185038747449,"IER3",0.733913074891261,"intrinsic apoptotic signaling pathway in response to DNA damage"
"GO:0045739",1,46,25792,624,0.676185038747449,"H2AX",0.733913074891261,"positive regulation of DNA repair"
"GO:0045860",1,46,25792,624,0.676185038747449,"PRKAG2",0.733913074891261,"positive regulation of protein kinase activity"
"GO:0070534",1,46,25792,624,0.676185038747449,"TRAF5",0.733913074891261,"protein K63-linked ubiquitination"
"GO:0140374",1,46,25792,624,0.676185038747449,"CARD8",0.733913074891261,"antiviral innate immune response"
"GO:0000724",2,96,25792,624,0.678559650617586,"FEN1/H2AX",0.736050981397836,"double-strand break repair via homologous recombination"
"GO:0006310",1,47,25792,624,0.684033268989879,"ENDOG",0.741125909804607,"DNA recombination"
"GO:0008584",2,97,25792,624,0.684053507509423,"WNT4/TESC",0.741125909804607,"male gonad development"
"GO:0001934",4,192,25792,624,0.685815616490191,"ANGPT1/NTRK3/VEGFA/PRR5L",0.742592490041196,"positive regulation of protein phosphorylation"
"GO:0000086",1,48,25792,624,0.691691580900941,"ABCB1",0.747174862791391,"G2/M transition of mitotic cell cycle"
"GO:0007157",1,48,25792,624,0.691691580900941,"AMIGO2",0.747174862791391,"heterophilic cell-cell adhesion via plasma membrane cell adhesion molecules"
"GO:0034198",1,48,25792,624,0.691691580900941,"KPTN",0.747174862791391,"cellular response to amino acid starvation"
"GO:0034614",1,48,25792,624,0.691691580900941,"TPM1",0.747174862791391,"cellular response to reactive oxygen species"
"GO:0045944",24,1080,25792,624,0.695134253365265,"GATA5/FOXD2/FLI1/HEY2/NR5A2/ZBTB38/TBX21/HOXD3/HOXD4/IL11/MEF2C/LEF1/TRIAP1/PF4/PGR/BMAL2/PRDM16/TAL1/VEGFA/GFI1B/ITGA8/FHL5/ZEB2/ARNT2",0.750447786590292,"positive regulation of transcription by RNA polymerase II"
"GO:0031648",1,49,25792,624,0.699164563091659,"ISOC2",0.751674261206762,"protein destabilization"
"GO:0032968",1,49,25792,624,0.699164563091659,"MED18",0.751674261206762,"positive regulation of transcription elongation by RNA polymerase II"
"GO:0042531",1,49,25792,624,0.699164563091659,"CLCF1",0.751674261206762,"positive regulation of tyrosine phosphorylation of STAT protein"
"GO:0043627",1,49,25792,624,0.699164563091659,"CITED4",0.751674261206762,"response to estrogen"
"GO:0045597",1,49,25792,624,0.699164563091659,"LEF1",0.751674261206762,"positive regulation of cell differentiation"
"GO:0045599",1,49,25792,624,0.699164563091659,"MIR27A",0.751674261206762,"negative regulation of fat cell differentiation"
"GO:0051123",1,49,25792,624,0.699164563091659,"MED18",0.751674261206762,"RNA polymerase II preinitiation complex assembly"
"GO:0009615",2,101,25792,624,0.705262665175615,"TBX21/ACTA2",0.755937768540158,"response to virus"
"GO:0032760",2,101,25792,624,0.705262665175615,"PF4/ABCC8",0.755937768540158,"positive regulation of tumor necrosis factor production"
"GO:0042593",2,101,25792,624,0.705262665175615,"CMKLR2/SLC2A4",0.755937768540158,"glucose homeostasis"
"GO:0033209",1,50,25792,624,0.706456693481699,"TRAF5",0.755937768540158,"tumor necrosis factor-mediated signaling pathway"
"GO:0043525",1,50,25792,624,0.706456693481699,"ITGA1",0.755937768540158,"positive regulation of neuron apoptotic process"
"GO:0045600",1,50,25792,624,0.706456693481699,"ZNF385A",0.755937768540158,"positive regulation of fat cell differentiation"
"GO:0050829",1,50,25792,624,0.706456693481699,"IL22RA1",0.755937768540158,"defense response to Gram-negative bacterium"
"GO:0097191",1,50,25792,624,0.706456693481699,"CD27",0.755937768540158,"extrinsic apoptotic signaling pathway"
"GO:0022900",1,51,25792,624,0.713572341965399,"CYB561",0.761758377975981,"electron transport chain"
"GO:0030282",1,51,25792,624,0.713572341965399,"PTHLH",0.761758377975981,"bone mineralization"
"GO:0032715",1,51,25792,624,0.713572341965399,"IL36RN",0.761758377975981,"negative regulation of interleukin-6 production"
"GO:0042475",1,51,25792,624,0.713572341965399,"LEF1",0.761758377975981,"odontogenesis of dentin-containing tooth"
"GO:0016055",3,152,25792,624,0.715077378036661,"VAX2/KREMEN1/NKD1",0.762917061778551,"Wnt signaling pathway"
"GO:0051607",4,201,25792,624,0.719650930525285,"ADARB1/CARD8/IFIT1B/PRF1",0.765574328076479,"defense response to virus"
"GO:0006413",1,52,25792,624,0.720515773013672,"EIF6",0.765574328076479,"translational initiation"
"GO:0007338",1,52,25792,624,0.720515773013672,"FCRL3",0.765574328076479,"single fertilization"
"GO:0010718",1,52,25792,624,0.720515773013672,"LEF1",0.765574328076479,"positive regulation of epithelial to mesenchymal transition"
"GO:0016042",1,52,25792,624,0.720515773013672,"PLCB4",0.765574328076479,"lipid catabolic process"
"GO:0018108",1,52,25792,624,0.720515773013672,"BLK",0.765574328076479,"peptidyl-tyrosine phosphorylation"
"GO:0050808",1,52,25792,624,0.720515773013672,"SLC6A1",0.765574328076479,"synapse organization"
"GO:0030514",1,53,25792,624,0.72729114821334,"RBPMS2",0.771420832819051,"negative regulation of BMP signaling pathway"
"GO:0032092",1,53,25792,624,0.72729114821334,"BLK",0.771420832819051,"positive regulation of protein binding"
"GO:0060041",1,53,25792,624,0.72729114821334,"VAX2",0.771420832819051,"retina development in camera-type eye"
"GO:0042776",1,54,25792,624,0.733902528745408,"NDUFA1",0.777979473620496,"proton motive force-driven mitochondrial ATP synthesis"
"GO:0006366",4,206,25792,624,0.737250239635924,"YBX2/LEF1/SOX5/TAL1",0.78107280632757,"transcription by RNA polymerase II"
"GO:0072659",3,158,25792,624,0.739181623851885,"RAB10/TESC/SLC4A1",0.781627961583719,"protein localization to plasma membrane"
"GO:0006811",2,108,25792,624,0.739515668895367,"P2RX1/MFSD5",0.781627961583719,"monoatomic ion transport"
"GO:0009306",1,55,25792,624,0.740353877803721,"PRF1",0.781627961583719,"protein secretion"
"GO:0032508",1,55,25792,624,0.740353877803721,"RFC2",0.781627961583719,"DNA duplex unwinding"
"GO:0032981",1,55,25792,624,0.740353877803721,"NDUFA1",0.781627961583719,"mitochondrial respiratory chain complex I assembly"
"GO:0034644",1,55,25792,624,0.740353877803721,"TRIAP1",0.781627961583719,"cellular response to UV"
"GO:0050852",2,109,25792,624,0.744121354904829,"BTN2A1/CD247",0.785149520149146,"T cell receptor signaling pathway"
"GO:0010507",1,56,25792,624,0.746649062955467,"ADRA1A",0.786903186349587,"negative regulation of autophagy"
"GO:0031397",1,56,25792,624,0.746649062955467,"TSPO",0.786903186349587,"negative regulation of protein ubiquitination"
"GO:0030163",1,57,25792,624,0.75279185844489,"DPP3",0.790627151157024,"protein catabolic process"
"GO:0032731",1,57,25792,624,0.75279185844489,"CARD8",0.790627151157024,"positive regulation of interleukin-1 beta production"
"GO:0045109",1,57,25792,624,0.75279185844489,"KRT76",0.790627151157024,"intermediate filament organization"
"GO:0051289",1,57,25792,624,0.75279185844489,"RYR3",0.790627151157024,"protein homotetramerization"
"GO:0060261",1,57,25792,624,0.75279185844489,"MED18",0.790627151157024,"positive regulation of transcription initiation by RNA polymerase II"
"GO:0071333",1,57,25792,624,0.75279185844489,"GCLM",0.790627151157024,"cellular response to glucose stimulus"
"GO:0001947",1,58,25792,624,0.758785947441602,"MEF2C",0.794627219152553,"heart looping"
"GO:0006006",1,58,25792,624,0.758785947441602,"NPY1R",0.794627219152553,"glucose metabolic process"
"GO:0006282",1,58,25792,624,0.758785947441602,"IER3",0.794627219152553,"regulation of DNA repair"
"GO:0007623",1,58,25792,624,0.758785947441602,"BMAL2",0.794627219152553,"circadian rhythm"
"GO:0042102",1,58,25792,624,0.758785947441602,"PNP",0.794627219152553,"positive regulation of T cell proliferation"
"GO:0009060",1,59,25792,624,0.764634924234811,"NDUFA1",0.799831008204192,"aerobic respiration"
"GO:0043433",1,59,25792,624,0.764634924234811,"ZNF431",0.799831008204192,"negative regulation of DNA-binding transcription factor activity"
"GO:0007156",3,166,25792,624,0.76877094713617,"AMIGO2/PCDH20/NEXN",0.803694986712799,"homophilic cell adhesion via plasma membrane adhesion molecules"
"GO:0000281",1,61,25792,624,0.775911486762694,"EXOC6",0.81069372582447,"mitotic cytokinesis"
"GO:0001817",1,62,25792,624,0.781345835690449,"BTN2A1",0.814966568723601,"regulation of cytokine production"
"GO:0051321",1,62,25792,624,0.781345835690449,"H2AX",0.814966568723601,"meiotic cell cycle"
"GO:0070301",1,62,25792,624,0.781345835690449,"PPIF",0.814966568723601,"cellular response to hydrogen peroxide"
"GO:0030154",10,507,25792,624,0.785981057798729,"ACER1/SLFN5/ZNF431/FOXD2/FLI1/MEF2C/NME1/NTRK3/BLK/SMOC1",0.81933117148973,"cell differentiation"
"GO:0006493",1,63,25792,624,0.786648602831108,"FUT6",0.819557111717453,"protein O-linked glycosylation"
"GO:0001649",2,120,25792,624,0.790321834054829,"MEF2C/LEF1",0.822912425149873,"osteoblast differentiation"
"GO:0006814",1,64,25792,624,0.791822969181662,"ATP1A2",0.824003524883951,"sodium ion transport"
"GO:0006357",28,1323,25792,624,0.793955118178659,"SUPT20HL1/KLF1/ZNF714/SUPT20HL2/ECM1/FOXD2/ZBTB43/FLI1/HEY2/NR5A2/VAX2/TBX21/HOXC6/HOXD3/LEF1/PGR/POU3F1/MED18/PRKCB/BMAL2/PRDM16/SOX5/TAL1/GFI1B/ZNF628/TOX/ZEB2/ARNT2",0.825749659524486,"regulation of transcription by RNA polymerase II"
"GO:0006919",1,65,25792,624,0.796872038958972,"CARD8",0.827363430512514,"activation of cysteine-type endopeptidase activity involved in apoptotic process"
"GO:0008286",1,65,25792,624,0.796872038958972,"SORBS1",0.827363430512514,"insulin receptor signaling pathway"
"GO:0032720",1,65,25792,624,0.796872038958972,"TSPO",0.827363430512514,"negative regulation of tumor necrosis factor production"
"GO:0016310",5,275,25792,624,0.797863865681853,"MVK/NME1/NTRK3/PIP4K2A/PIP5K1B",0.827920381169868,"phosphorylation"
"GO:0005975",2,123,25792,624,0.80157713454546,"SLC2A4/KL",0.831299047691755,"carbohydrate metabolic process"
"GO:0006955",6,327,25792,624,0.805618013893212,"IGKV1-12/IL7R/PNP/ULBP3/ENDOU/CD79B",0.835013426030706,"immune response"
"GO:0001503",1,67,25792,624,0.80660633281819,"ECM1",0.835085599694459,"ossification"
"GO:1901224",1,67,25792,624,0.80660633281819,"CD27",0.835085599694459,"positive regulation of non-canonical NF-kappaB signal transduction"
"GO:0006952",1,68,25792,624,0.811297397864699,"TPSAB1",0.83946423979398,"defense response"
"GO:0032496",2,127,25792,624,0.815748802700923,"SRR/ABCC8",0.84324075069959,"response to lipopolysaccharide"
"GO:0071347",1,69,25792,624,0.815874851749493,"HAS2",0.84324075069959,"cellular response to interleukin-1"
"GO:0071260",1,70,25792,624,0.820341441669343,"ATP1A2",0.847375420997083,"cellular response to mechanical stimulus"
"GO:0021987",1,71,25792,624,0.824699848496119,"H2AX",0.850910513374543,"cerebral cortex development"
"GO:0070373",1,71,25792,624,0.824699848496119,"DUSP4",0.850910513374543,"negative regulation of ERK1 and ERK2 cascade"
"GO:0006351",1,72,25792,624,0.828952688375534,"HOXD3",0.853844752105791,"DNA-templated transcription"
"GO:0009267",1,72,25792,624,0.828952688375534,"WNT4",0.853844752105791,"cellular response to starvation"
"GO:0043491",1,72,25792,624,0.828952688375534,"TYRO3",0.853844752105791,"phosphatidylinositol 3-kinase/protein kinase B signal transduction"
"GO:0001558",1,73,25792,624,0.833102514287418,"RASGRP2",0.856663105754823,"regulation of cell growth"
"GO:0030433",1,73,25792,624,0.833102514287418,"NCCRP1",0.856663105754823,"ubiquitin-dependent ERAD pathway"
"GO:0030509",1,73,25792,624,0.833102514287418,"LEF1",0.856663105754823,"BMP signaling pathway"
"GO:0016567",8,439,25792,624,0.836142485537834,"LRR1/KCTD11/TRIM58/RNF180/MED18/BSPRY/RNF225/AIMP2",0.859303017924127,"protein ubiquitination"
"GO:0045727",1,75,25792,624,0.841103029398184,"EIF6",0.863912603076778,"positive regulation of translation"
"GO:0032880",1,76,25792,624,0.844958522249431,"TRIM58",0.867382604996875,"regulation of protein localization"
"GO:0006457",2,137,25792,624,0.847290166115374,"PPIF/MPDU1",0.869285283294441,"protein folding"
"GO:0001843",1,77,25792,624,0.848720611303575,"PRKACB",0.870261743570163,"neural tube closure"
"GO:0007264",1,80,25792,624,0.859468776902079,"SH2D3C",0.880289710652383,"small GTPase mediated signal transduction"
"GO:0042147",1,80,25792,624,0.859468776902079,"RAB9B",0.880289710652383,"retrograde transport, endosome to Golgi"
"GO:0050830",1,81,25792,624,0.862879304407256,"IL7R",0.883285233903374,"defense response to Gram-positive bacterium"
"GO:0032436",1,82,25792,624,0.866207191850369,"RNF180",0.886192838933017,"positive regulation of proteasomal ubiquitin-dependent protein catabolic process"
"GO:0035264",1,83,25792,624,0.869454438535914,"ADARB1",0.889014718367993,"multicellular organism growth"
"GO:0046777",2,149,25792,624,0.878619765443591,"MAPK15/TYRO3",0.89749104851303,"protein autophosphorylation"
"GO:0050727",1,86,25792,624,0.878731609655222,"IL1RL2",0.89749104851303,"regulation of inflammatory response"
"GO:0036211",1,87,25792,624,0.881675337795545,"TGM3",0.899486960781314,"protein modification process"
"GO:0046330",1,87,25792,624,0.881675337795545,"CD27",0.899486960781314,"positive regulation of JNK cascade"
"GO:0007059",1,88,25792,624,0.884547720180901,"CENPX",0.901911248058821,"chromosome segregation"
"GO:0009887",1,90,25792,624,0.890085311834776,"FLI1",0.906540670540965,"animal organ morphogenesis"
"GO:0030334",1,90,25792,624,0.890085311834776,"NEXN",0.906540670540965,"regulation of cell migration"
"GO:0018105",2,156,25792,624,0.894042924989099,"PRKACB/PRKCB",0.910061611215108,"peptidyl-serine phosphorylation"
"GO:0000902",1,92,25792,624,0.895357701801622,"IL7R",0.910380482033193,"cell morphogenesis"
"GO:0007179",1,92,25792,624,0.895357701801622,"ITGA8",0.910380482033193,"transforming growth factor beta receptor signaling pathway"
"GO:0032755",1,97,25792,624,0.907460158180797,"IL1RL2",0.922170244590659,"positive regulation of interleukin-6 production"
"GO:0000122",16,882,25792,624,0.908295112869171,"TXNIP/GATA5/ZNF431/HEY2/VAX2/TBX21/MEF2C/LEF1/BEND3/PRDM16/TAL1/TXN/VEGFA/GFI1B/PRDM6/ZEB2",0.92250308111517,"negative regulation of transcription by RNA polymerase II"
"GO:0006606",1,98,25792,624,0.909707477164848,"TXNIP",0.922906357971927,"protein import into nucleus"
"GO:0046718",1,98,25792,624,0.909707477164848,"TYRO3",0.922906357971927,"viral entry into host cell"
"GO:0045892",8,497,25792,624,0.916257979797047,"NOSTRIN/CIART/HEY2/ZBTB38/TBX21/LEF1/WNT4/PRDM16",0.929033467524279,"negative regulation of DNA-templated transcription"
"GO:0051301",5,345,25792,624,0.922479202230213,"CENPX/SAC3D1/NEK3/HAUS2/TUBA1C",0.934820061122925,"cell division"
"GO:0007601",2,174,25792,624,0.925727491154899,"VAX2/BEST1",0.937589180456606,"visual perception"
"GO:0042742",1,108,25792,624,0.929391173657824,"PPBP",0.94077569805675,"defense response to bacterium"
"GO:0006470",1,109,25792,624,0.931106634942574,"PPM1B",0.941987680759933,"protein dephosphorylation"
"GO:0031175",1,110,25792,624,0.932780483784058,"GPM6A",0.943084299930977,"neuron projection development"
"GO:0006886",3,241,25792,624,0.933228083375042,"TMED3/EXOC6/SYTL2",0.943084299930977,"intracellular protein transport"
"GO:0045087",6,411,25792,624,0.934587838258011,"KLRG1/ADARB1/TRIM58/IL36RN/BLK/IL1RL2",0.943933716640591,"innate immune response"
"GO:0008150",7,469,25792,624,0.938497843479966,"ERG28/TMEM125/TTC39A/TRIM58/IL22RA1/ADAMTS10/SORBS2",0.947356512741021,"biological_process"
"GO:0006888",1,115,25792,624,0.940559974477242,"TMED3",0.948911228412667,"endoplasmic reticulum to Golgi vesicle-mediated transport"
"GO:0007283",5,366,25792,624,0.943320434524862,"H2AX/H1-9P/YBX2/TYRO3/ZNF628",0.951168358272989,"spermatogenesis"
"GO:0006338",4,312,25792,624,0.945806310284767,"SIRT4/H1-9P/PRKCB/PRDM6",0.953146270564139,"chromatin remodeling"
"GO:0001501",1,120,25792,624,0.94744039889561,"PTHLH",0.953207883338251,"skeletal system development"
"GO:0007030",1,120,25792,624,0.94744039889561,"TMED3",0.953207883338251,"Golgi organization"
"GO:0010467",1,120,25792,624,0.94744039889561,"IL7R",0.953207883338251,"gene expression"
"GO:0006468",5,375,25792,624,0.950592958374747,"NEK3/PRKAG2/PRKACB/PRKCB/BLK",0.955850662790536,"protein phosphorylation"
"GO:0008283",1,124,25792,624,0.952367548520215,"IL11",0.957105695527778,"cell population proliferation"
"GO:0000209",1,129,25792,624,0.957883037702812,"TRIM58",0.962116774886029,"protein polyubiquitination"
"GO:0050821",2,203,25792,624,0.958725487225678,"ATP1B2/TESC",0.962431217988008,"protein stabilization"
"GO:0015031",4,344,25792,624,0.968278301422984,"TXNIP/RAB9B/TESC/SELENBP1",0.971484520964119,"protein transport"
"GO:0051726",2,219,25792,624,0.970350936799691,"ADARB1/WDR12",0.973027028737914,"regulation of cell cycle"
"GO:0006281",2,239,25792,624,0.980503158580714,"FEN1/RFC2",0.982665238312976,"DNA repair"
"GO:0006397",1,177,25792,624,0.987092580636541,"ADARB1",0.988724138621065,"mRNA processing"
"GO:0007049",2,280,25792,624,0.99187959843349,"TXNIP/KCTD11",0.992971976845862,"cell cycle"
"GO:0006511",1,199,25792,624,0.992499234160854,"TRIM58",0.993045463788901,"ubiquitin-dependent protein catabolic process"
"GO:0043161",1,207,25792,624,0.993843507530109,"TBX21",0.993843507530109,"proteasome-mediated ubiquitin-dependent protein catabolic process"
