"TERM_ID","Count","M","N","n","pvalue","geneID","p.adjust","TERM"
"GO:0010273",6,13,31072,534,3.88098741009399e-08,"MT1A/MT1B/MT1G/MT1H/MT1X/MT2A",7.14101683457295e-05,"detoxification of copper ion"
"GO:0045444",10,67,31072,534,2.13079409069744e-07,"CEBPD/EGR2/FOSL2/GDF10/ID4/JDP2/KLF4/NR4A1/NR4A2/NR4A3",0.000161908703068396,"fat cell differentiation"
"GO:0045926",6,17,31072,534,2.63981581089777e-07,"MT1A/MT1B/MT1G/MT1H/MT1X/MT2A",0.000161908703068396,"negative regulation of growth"
"GO:0071280",6,22,31072,534,1.47931297222778e-06,"MT1A/MT1B/MT1G/MT1H/MT1X/MT2A",0.000518207316624515,"cellular response to copper ion"
"GO:0071294",6,22,31072,534,1.47931297222778e-06,"MT1A/MT1B/MT1G/MT1H/MT1X/MT2A",0.000518207316624515,"cellular response to zinc ion"
"GO:0010838",5,13,31072,534,1.68980646725385e-06,"AREG/CDH3/HAS2/LRG1/MDK",0.000518207316624515,"positive regulation of keratinocyte proliferation"
"GO:0045944",39,1005,31072,534,2.40481583928993e-06,"ARID5A/ATF3/BCL3/CDON/CEBPD/CREM/CSF3/EGR2/EGR3/ETS2/FOSL1/FOSL2/FOXC1/GLI1/HAND2/HOXA9/HOXB5/ID4/IGF2/IL6/INHBA/JUND/KLF10/KLF4/LMO3/MAFF/MYB/NANOG/NCOA7/NFATC2/NR4A1/NR4A2/NR4A3/PPARGC1A/RIPK1/SERTAD1/SIX1/WNT2/ZC3H12A",0.000632123020613353,"positive regulation of transcription by RNA polymerase II"
"GO:0035924",6,27,31072,534,5.45571004799007e-06,"EGR3/FLT1/GAS1/MT1G/NR4A1/SPHK1",0.0012488778853555,"cellular response to vascular endothelial growth factor stimulus"
"GO:0006357",41,1125,31072,534,6.10864183054322e-06,"ARID5A/ATF3/CEBPD/CREB5/CREM/EGR2/EGR3/EMX2/ETS2/FOSL1/FOSL2/FOXC1/GLI1/HAND2/HOXA9/HOXB5/INHBA/JDP2/JUND/KLF10/KLF4/KLF9/MAFF/MAFK/MSX2/NANOG/NCOA7/NFATC2/NFIL3/NR4A1/NR4A2/NR4A3/PDLIM1/SALL3/SIX1/SOD2/TOX/TSC22D2/ZNF30/ZNF331/ZNF540",0.0012488778853555,"regulation of transcription by RNA polymerase II"
"GO:0032496",11,122,31072,534,8.78278043608365e-06,"DUSP10/EPO/F2R/FMO1/FOSL2/PTGS2/SELE/SLPI/SOD2/THBD/TRIB1",0.00161603160023939,"response to lipopolysaccharide"
"GO:0071276",6,31,31072,534,1.28015444319824e-05,"MT1A/MT1B/MT1G/MT1H/MT1X/MT2A",0.00214134925044069,"cellular response to cadmium ion"
"GO:0001649",10,106,31072,534,1.50574139732431e-05,"FGF9/FOSL2/GDF10/GLI1/HAND2/ID4/IGF2/MSX2/SNAI1/SNAI2",0.00219779290500504,"osteoblast differentiation"
"GO:0006882",6,32,31072,534,1.55278846549269e-05,"MT1A/MT1B/MT1G/MT1H/MT1X/MT2A",0.00219779290500504,"intracellular zinc ion homeostasis"
"GO:0010628",19,372,31072,534,2.85312672030115e-05,"ACTA1/ANK3/ATF3/CDH3/FGF9/FOXC1/HAND2/ID4/IL6/INHBA/ITGB3/KLF4/LDLR/LMNA/NFATC2/NFIL3/PPARGC1A/RIPK1/ZC3H12A",0.00374982368953865,"positive regulation of gene expression"
"GO:0000122",31,808,31072,534,3.25367737876251e-05,"ARID5A/ATF3/CREM/DNAJB4/EPO/ETS2/FGF9/FOXC1/GADD45A/ID4/IGF2/JDP2/JUND/KLF10/KLF4/MAFF/MAFK/MSX2/MYB/NANOG/NFATC2/NFIL3/NR4A2/NR4A3/PLK3/SIX1/SKIL/SNAI1/SNAI2/ZNF177/ZNF550",0.00385947101677918,"negative regulation of transcription by RNA polymerase II"
"GO:0043065",15,251,31072,534,3.35606175372103e-05,"FOSL1/GADD45A/GADD45B/GZMA/IL6/MCL1/NR4A1/PHLDA1/PHLDA2/PTGS2/RHOB/RIPK1/RNF122/STK17B/TNFRSF12A",0.00385947101677918,"positive regulation of apoptotic process"
"GO:0060536",3,5,31072,534,4.91941413542157e-05,"HAND2/SNAI1/SNAI2",0.00502873444954205,"cartilage morphogenesis"
"GO:0071376",3,5,31072,534,4.91941413542157e-05,"NR4A1/NR4A2/NR4A3",0.00502873444954205,"cellular response to corticotropin-releasing hormone stimulus"
"GO:0030335",13,202,31072,534,5.21707960211736e-05,"F2R/FAM107A/FLT1/HAS2/HBEGF/KIT/MDK/NEDD9/NTF3/SNAI1/SNAI2/SOD2/SPHK1",0.00505232971994524,"positive regulation of cell migration"
"GO:0008285",17,325,31072,534,5.54261935672205e-05,"ADAMTS1/CDKN1A/CDKN2A/DLC1/F2R/FOSL1/IL6/INHBA/ITGA1/KLF10/KLF4/LMNA/MSX2/PTGS2/SOD2/SSTR2/TGFB2",0.00509920980818429,"negative regulation of cell population proliferation"
"GO:1900745",5,25,31072,534,5.88186714631719e-05,"GADD45A/GADD45B/HAND2/SPHK1/ZC3H12A",0.00515363597582077,"positive regulation of p38MAPK cascade"
"GO:0008284",19,394,31072,534,6.1736676185484e-05,"AREG/ATF3/CSF3/EPO/F2R/FGF9/FLT1/FOSL1/GLI1/GLP2R/HAS2/HBEGF/IGF2/IL6/NTF3/PTN/SERTAD1/TGFB2/WNT2",0.00516343109914957,"positive regulation of cell population proliferation"
"GO:0090399",4,14,31072,534,7.52986602764217e-05,"CDKN1A/CDKN2A/MME/SERPINE1",0.00602389282211374,"replicative senescence"
"GO:0006955",15,272,31072,534,8.3474943305039e-05,"CCR2/CCR5/CSF3/CTSG/GEM/GZMA/IGHA1/IGKC/IGKV1-5/IGLL1/IGLV2-14/IL1R1/MS4A2/NFIL3/SLPI",0.00621520157166749,"immune response"
"GO:0050731",8,82,31072,534,8.44456735280909e-05,"AREG/CSF3/HBEGF/IGF2/IL6/ITGB3/NTF3/THBS4",0.00621520157166749,"positive regulation of peptidyl-tyrosine phosphorylation"
"GO:0051781",6,43,31072,534,8.90236263074504e-05,"FGF9/IGF2/MDK/PTN/TGFB2/THBS4",0.00630013355406572,"positive regulation of cell division"
"GO:0010718",6,44,31072,534,0.000101594778486004,"FOXC1/IL6/LRG1/MDK/SNAI1/TGFB2",0.00692349601534249,"positive regulation of epithelial to mesenchymal transition"
"GO:2000379",5,29,31072,534,0.000124226382713248,"AKR1C1/CDKN1A/GADD45A/RIPK1/ZC3H12A",0.0081634480068706,"positive regulation of reactive oxygen species metabolic process"
"GO:0048661",6,47,31072,534,0.000147956601728424,"HBEGF/IL6/ITGB3/MYB/NR4A3/PTGS2",0.00938759128207931,"positive regulation of smooth muscle cell proliferation"
"GO:0016477",12,205,31072,534,0.0002434992141329,"EPHB3/FAM83D/FLT1/FOXC1/ITGB3/NEDD9/NFATC2/RND1/RND2/RND3/SDC2/TGFB2",0.0146608829289051,"cell migration"
"GO:0016525",7,73,31072,534,0.000260529775083627,"ADAMTS1/CCR2/FOXC1/GADD45A/KLF4/TGFB2/THBS4",0.0146608829289051,"negative regulation of angiogenesis"
"GO:0030154",19,441,31072,534,0.000263225223614305,"APOLD1/BMP8B/CPNE5/CREM/ETS2/FGF9/FLT1/FOXC1/GADD45B/ID4/INHBA/MDK/NANOG/RHOB/SLC2A14/SYT1/TNFRSF12A/TTLL7/ZC3H12A",0.0146608829289051,"cell differentiation"
"GO:0150077",3,8,31072,534,0.000265054726065432,"IL6/PTGS2/SPHK1",0.0146608829289051,"regulation of neuroinflammatory response"
"GO:0006915",19,445,31072,534,0.000294524675707751,"COMP/CYFIP2/DLC1/EMP1/GADD45A/GADD45B/GZMA/GZMH/NR4A1/PHLDA1/PHLDA2/PLK3/PPP1R15A/RHOB/RIPK1/SIX1/STK17B/TNFRSF12A/ZC3H12A",0.0146608829289051,"apoptotic process"
"GO:0060282",2,2,31072,534,0.000294811232809504,"PDE3A/PDE5A",0.0146608829289051,"positive regulation of oocyte development"
"GO:0061756",2,2,31072,534,0.000294811232809504,"CCR2/LRG1",0.0146608829289051,"leukocyte adhesion to vascular endothelial cell"
"GO:1905337",2,2,31072,534,0.000294811232809504,"BAG3/HSPB8",0.0146608829289051,"positive regulation of aggrephagy"
"GO:0001525",12,211,31072,534,0.000316899658213996,"APOLD1/EPHB3/FGF9/FLT1/FOXC1/HAND2/PTGS2/RAMP1/RHOB/SERPINE1/TNFRSF12A/ZC3H12A",0.0153446150293093,"angiogenesis"
"GO:0010863",3,9,31072,534,0.000392507321824876,"ABL2/FLT1/KIT",0.0180553368039443,"positive regulation of phospholipase C activity"
"GO:0070837",3,9,31072,534,0.000392507321824876,"SLC2A1/SLC2A14/SLC2A3",0.0180553368039443,"dehydroascorbic acid transport"
"GO:2000134",5,37,31072,534,0.000407233344263741,"CDKN1A/FAM107A/INHBA/KLF4/WEE1",0.0182758378889094,"negative regulation of G1/S transition of mitotic cell cycle"
"GO:0009611",6,57,31072,534,0.000432651596032929,"CCR2/F2R/FOSL1/GLI1/MDK/TGFB2",0.0189542603976331,"response to wounding"
"GO:0060038",4,22,31072,534,0.000493388511769613,"FGF9/FOXC1/TGFB2/WNT2",0.0211124386431648,"cardiac muscle cell proliferation"
"GO:0045599",5,39,31072,534,0.00052293699151009,"ID4/IL6/JDP2/MSX2/SOD2",0.0218682741904219,"negative regulation of fat cell differentiation"
"GO:0030218",5,40,31072,534,0.000589278567853971,"DYRK3/EPO/INHBA/KIT/MYB",0.0239374602313626,"erythrocyte differentiation"
"GO:0007165",32,996,31072,534,0.000598436505784065,"ABL2/ALCAM/ANK3/BMP8B/CREM/DLC1/EPO/FAM83D/FGF9/GEM/GPRC5A/HBEGF/IL2RB/KIT/LEFTY2/MDK/NEDD9/NR4A1/NR4A2/NTF3/OGN/PDE5A/PDE8B/PSD/RHOB/RND1/RND2/RND3/TCP11L2/THBS4/TTR/VLDLR",0.0239374602313626,"signal transduction"
"GO:0003198",3,11,31072,534,0.000751465015093828,"MSX2/SNAI1/SNAI2",0.0282182781178091,"epithelial to mesenchymal transition involved in endocardial cushion formation"
"GO:0035313",3,11,31072,534,0.000751465015093828,"HBEGF/LRG1/MSX2",0.0282182781178091,"wound healing, spreading of epidermal cells"
"GO:0046323",3,11,31072,534,0.000751465015093828,"SLC2A1/SLC2A14/SLC2A3",0.0282182781178091,"glucose import"
"GO:0010574",2,3,31072,534,0.000874337813275332,"CCR2/IL6",0.0287282424361895,"regulation of vascular endothelial growth factor production"
"GO:0036018",2,3,31072,534,0.000874337813275332,"MT1X/MT2A",0.0287282424361895,"cellular response to erythropoietin"
"GO:0038162",2,3,31072,534,0.000874337813275332,"EPO/KIT",0.0287282424361895,"erythropoietin-mediated signaling pathway"
"GO:0051795",2,3,31072,534,0.000874337813275332,"MSX2/TGFB2",0.0287282424361895,"positive regulation of timing of catagen"
"GO:1900625",2,3,31072,534,0.000874337813275332,"HAS2/NR4A3",0.0287282424361895,"positive regulation of monocyte aggregation"
"GO:1902219",2,3,31072,534,0.000874337813275332,"EPO/PTGS2",0.0287282424361895,"negative regulation of intrinsic apoptotic signaling pathway in response to osmotic stress"
"GO:1903978",2,3,31072,534,0.000874337813275332,"IL6/SPHK1",0.0287282424361895,"regulation of microglial cell activation"
"GO:0034612",4,26,31072,534,0.000955014606786347,"PTGS2/RIPK1/SELE/SPHK1",0.0303353842056494,"response to tumor necrosis factor"
"GO:0002690",3,12,31072,534,0.000989197311053785,"IL6/MDK/PTN",0.0303353842056494,"positive regulation of leukocyte chemotaxis"
"GO:0032516",3,12,31072,534,0.000989197311053785,"ITGA1/PPP1R15A/PPP1R15B",0.0303353842056494,"positive regulation of phosphoprotein phosphatase activity"
"GO:0043518",3,12,31072,534,0.000989197311053785,"DYRK3/SNAI1/SNAI2",0.0303353842056494,"negative regulation of DNA damage response, signal transduction by p53 class mediator"
"GO:0048146",5,45,31072,534,0.00101979281251447,"CDKN1A/FOSL2/ITGB3/SPHK1/WNT2",0.0307609635250268,"positive regulation of fibroblast proliferation"
"GO:0000079",5,46,31072,534,0.00112818784556584,"CDKN1A/CDKN2A/DIRAS3/GADD45A/SERTAD1",0.0334817038038893,"regulation of cyclin-dependent protein serine/threonine kinase activity"
"GO:0032956",6,69,31072,534,0.00120215518032251,"ABL2/DLC1/FAM107A/FZD10/ITGB3/NEDD9",0.035110563996721,"regulation of actin cytoskeleton organization"
"GO:0010463",3,13,31072,534,0.00126959895677284,"FGF9/HAND2/WNT2",0.0353948800070004,"mesenchymal cell proliferation"
"GO:0031668",3,13,31072,534,0.00126959895677284,"CDKN1A/FOSL1/NR4A2",0.0353948800070004,"cellular response to extracellular stimulus"
"GO:1904754",3,13,31072,534,0.00126959895677284,"ADAMTS1/FGF9/NR4A3",0.0353948800070004,"positive regulation of vascular associated smooth muscle cell migration"
"GO:0019221",8,125,31072,534,0.00146882651256689,"CCR2/CSF3/CTSG/FOSL1/IL2RB/IL6/INHBA/KIT",0.0397447173988689,"cytokine-mediated signaling pathway"
"GO:0045766",8,125,31072,534,0.00146882651256689,"CCBE1/FLT1/ITGB3/LRG1/RHOB/SERPINE1/SPHK1/ZC3H12A",0.0397447173988689,"positive regulation of angiogenesis"
"GO:0055093",3,14,31072,534,0.00159531721945368,"CDKN1A/EPO/SOD2",0.0424118203980426,"response to hyperoxia"
"GO:0030282",5,50,31072,534,0.00164859110689763,"COMP/FOSL2/KLF10/PTGS2/PTN",0.0424118203980426,"bone mineralization"
"GO:0002138",2,4,31072,534,0.00172874267926804,"RBP1/RDH10",0.0424118203980426,"retinoic acid biosynthetic process"
"GO:0010957",2,4,31072,534,0.00172874267926804,"SNAI1/SNAI2",0.0424118203980426,"negative regulation of vitamin D biosynthetic process"
"GO:0023052",2,4,31072,534,0.00172874267926804,"CCR5/TGFB2",0.0424118203980426,"signaling"
"GO:0032765",2,4,31072,534,0.00172874267926804,"KIT/NR4A3",0.0424118203980426,"positive regulation of mast cell cytokine production"
"GO:0055118",2,4,31072,534,0.00172874267926804,"PDE5A/ZC3H12A",0.0424118203980426,"negative regulation of cardiac muscle contraction"
"GO:0071479",4,31,31072,534,0.00187831641343423,"CDKN1A/GADD45A/RHOB/SNAI2",0.0454750289568288,"cellular response to ionizing radiation"
"GO:0042326",3,15,31072,534,0.0019688249031101,"CDKN1A/CDKN2A/INHBA",0.046444074637469,"negative regulation of phosphorylation"
"GO:0044849",3,15,31072,534,0.0019688249031101,"HAS2/MDK/PTN",0.046444074637469,"estrous cycle"
"GO:0042542",4,33,31072,534,0.00237755489838884,"AREG/FOSL1/PPP1R15B/SOD2",0.0550258152502429,"response to hydrogen peroxide"
"GO:0014032",3,16,31072,534,0.00239242675001056,"FOXC1/RDH10/SNAI2",0.0550258152502429,"neural crest cell development"
"GO:0006954",14,340,31072,534,0.00247145000621525,"BDKRB2/CCR2/CCR5/F2R/FOSL1/IL1R1/IL6/KIT/NKG7/NR4A1/RIPK1/SELE/SPHK1/ZC3H12A",0.0561415803880996,"inflammatory response"
"GO:0045893",20,579,31072,534,0.00272825296551471,"BCL3/CREB5/EGR2/EPO/F2R/FOXC1/GLI1/IL6/INHBA/KLF4/LMO3/MBTD1/MDK/MYB/NFATC2/NFIL3/PDLIM1/PPARGC1A/SIX1/SNAI1",0.0592989753183683,"positive regulation of DNA-templated transcription"
"GO:0002377",2,5,31072,534,0.00284844170454392,"IGKV1-5/IGLV2-14",0.0592989753183683,"immunoglobulin production"
"GO:0009404",2,5,31072,534,0.00284844170454392,"FMO1/FMO2",0.0592989753183683,"toxin metabolic process"
"GO:0046321",2,5,31072,534,0.00284844170454392,"NR4A3/PPARGC1A",0.0592989753183683,"positive regulation of fatty acid oxidation"
"GO:0061469",2,5,31072,534,0.00284844170454392,"NR4A1/NR4A3",0.0592989753183683,"regulation of type B pancreatic cell proliferation"
"GO:0070995",2,5,31072,534,0.00284844170454392,"FMO1/FMO2",0.0592989753183683,"NADPH oxidation"
"GO:0098708",2,5,31072,534,0.00284844170454392,"SLC2A1/SLC2A3",0.0592989753183683,"glucose import across plasma membrane"
"GO:0045987",3,17,31072,534,0.00286826565398629,"F2R/PTGS2/SPHK1",0.0592989753183683,"positive regulation of smooth muscle contraction"
"GO:0045669",5,57,31072,534,0.00295371015441948,"CEBPD/GDF10/IL6/JUND/MSX2",0.0603869631570205,"positive regulation of osteoblast differentiation"
"GO:0070301",5,59,31072,534,0.00343430247654717,"IL6/MYB/RHOB/RIPK1/SPHK1",0.0694408412840308,"cellular response to hydrogen peroxide"
"GO:0007229",6,85,31072,534,0.00348615533457878,"ADAMTS1/ITGA1/ITGA7/ITGB3/NEDD9/PTN",0.0697231066915756,"integrin-mediated signaling pathway"
"GO:0019731",4,37,31072,534,0.00363568375563391,"CTSG/IGHA1/IGHG1/SLPI",0.0711665756421956,"antibacterial humoral response"
"GO:0033627",4,37,31072,534,0.00363568375563391,"ICAM1/ITGA1/ITGA7/ITGB3",0.0711665756421956,"cell adhesion mediated by integrin"
"GO:0050729",6,86,31072,534,0.00369438836559763,"CCR2/LDLR/MDK/NKG7/RIPK1/SERPINE1",0.0715544693968384,"positive regulation of inflammatory response"
"GO:0071300",5,61,31072,534,0.00396862936196064,"ABL2/FZD10/HAND2/MYB/WNT2",0.0726386934945723,"cellular response to retinoic acid"
"GO:0010613",3,19,31072,534,0.00398445296825745,"HAND2/NR4A3/PDE5A",0.0726386934945723,"positive regulation of cardiac muscle hypertrophy"
"GO:0042246",3,19,31072,534,0.00398445296825745,"CDKN1A/MDK/PTN",0.0726386934945723,"tissue regeneration"
"GO:0002318",2,6,31072,534,0.00422409793691263,"KIT/MLF1",0.0726386934945723,"myeloid progenitor cell differentiation"
"GO:0010042",2,6,31072,534,0.00422409793691263,"PTGS2/SOD2",0.0726386934945723,"response to manganese ion"
"GO:0034103",2,6,31072,534,0.00422409793691263,"HAND2/THBS4",0.0726386934945723,"regulation of tissue remodeling"
"GO:0035767",2,6,31072,534,0.00422409793691263,"EGR3/NR4A1",0.0726386934945723,"endothelial cell chemotaxis"
"GO:0042541",2,6,31072,534,0.00422409793691263,"EPO/INHBA",0.0726386934945723,"hemoglobin biosynthetic process"
"GO:0090594",2,6,31072,534,0.00422409793691263,"CCR2/IL6",0.0726386934945723,"inflammatory response to wounding"
"GO:0140507",2,6,31072,534,0.00422409793691263,"GZMA/NKG7",0.0726386934945723,"granzyme-mediated programmed cell death signaling pathway"
"GO:1903898",2,6,31072,534,0.00422409793691263,"PPP1R15A/PPP1R15B",0.0726386934945723,"negative regulation of PERK-mediated unfolded protein response"
"GO:2000391",2,6,31072,534,0.00422409793691263,"IL1R1/MDK",0.0726386934945723,"positive regulation of neutrophil extravasation"
"GO:0051897",8,149,31072,534,0.00435934392884931,"CSF3/F2R/FLT1/H19/HBEGF/IGF2/KIT/TGFB2",0.07372418403587,"positive regulation of phosphatidylinositol 3-kinase/protein kinase B signal transduction"
"GO:0097009",4,39,31072,534,0.00440742404562266,"FMO1/FMO2/NR4A3/PPARGC1A",0.07372418403587,"energy homeostasis"
"GO:1900026",4,39,31072,534,0.00440742404562266,"HAS2/ITGB3/MDK/NEDD9",0.07372418403587,"positive regulation of substrate adhesion-dependent cell spreading"
"GO:0060045",3,20,31072,534,0.00462833130701462,"FGF9/GLI1/WNT2",0.0767218883324946,"positive regulation of cardiac muscle cell proliferation"
"GO:0002548",4,40,31072,534,0.00483166243204141,"CCR2/CTSG/FLT1/IL6",0.0793773113835374,"monocyte chemotaxis"
"GO:0001666",8,152,31072,534,0.00491085401124696,"EPO/FOSL2/MYB/NR4A2/PDLIM1/SLC2A1/SOD2/TGFB2",0.0799643485017204,"response to hypoxia"
"GO:0043524",7,121,31072,534,0.00500285831982351,"F2R/MDK/NR4A2/NTF3/PPARGC1A/SIX1/SOD2",0.0807478886708356,"negative regulation of neuron apoptotic process"
"GO:0001938",5,65,31072,534,0.00521119772357116,"EGR3/ITGB3/LRG1/NR4A1/THBS4",0.0824369130497028,"positive regulation of endothelial cell proliferation"
"GO:0071260",5,65,31072,534,0.00521119772357116,"BAG3/GADD45A/ITGB3/PTGS2/SLC2A1",0.0824369130497028,"cellular response to mechanical stimulus"
"GO:0035914",4,41,31072,534,0.00528246541353374,"ATF3/EGR2/MAFF/NR4A1",0.0824369130497028,"skeletal muscle cell differentiation"
"GO:0032967",3,21,31072,534,0.00533151774614926,"F2R/INHBA/MYB",0.0824369130497028,"positive regulation of collagen biosynthetic process"
"GO:1904659",3,21,31072,534,0.00533151774614926,"SLC2A1/SLC2A14/SLC2A3",0.0824369130497028,"glucose transmembrane transport"
"GO:0006082",2,7,31072,534,0.00584661595915482,"FMO1/FMO2",0.0833935919755416,"organic acid metabolic process"
"GO:0008354",2,7,31072,534,0.00584661595915482,"FOXC1/KIT",0.0833935919755416,"germ cell migration"
"GO:0009913",2,7,31072,534,0.00584661595915482,"GLI1/KLF4",0.0833935919755416,"epidermal cell differentiation"
"GO:0019852",2,7,31072,534,0.00584661595915482,"SLC2A1/SLC2A3",0.0833935919755416,"L-ascorbic acid metabolic process"
"GO:0021952",2,7,31072,534,0.00584661595915482,"EPHB3/NR4A2",0.0833935919755416,"central nervous system projection neuron axonogenesis"
"GO:0032651",2,7,31072,534,0.00584661595915482,"F2R/SPHK1",0.0833935919755416,"regulation of interleukin-1 beta production"
"GO:0046322",2,7,31072,534,0.00584661595915482,"FMO1/FMO2",0.0833935919755416,"negative regulation of fatty acid oxidation"
"GO:0071636",2,7,31072,534,0.00584661595915482,"MYB/PTGS2",0.0833935919755416,"positive regulation of transforming growth factor beta production"
"GO:1902259",2,7,31072,534,0.00584661595915482,"KCNAB1/KCNG1",0.0833935919755416,"regulation of delayed rectifier potassium channel activity"
"GO:1904948",2,7,31072,534,0.00584661595915482,"NR4A2/WNT2",0.0833935919755416,"midbrain dopaminergic neuron differentiation"
"GO:0001822",6,95,31072,534,0.0060057230016274,"ADAMTS1/FOXC1/HAS2/MME/SIX1/TGFB2",0.0850040794076493,"kidney development"
"GO:0007422",3,22,31072,534,0.00609543288841973,"EGR2/EGR3/NTF3",0.0856152405701703,"peripheral nervous system development"
"GO:0030324",5,68,31072,534,0.00630763531113984,"CCBE1/CRISPLD2/FGF9/GLI1/MME",0.0879246134280099,"lung development"
"GO:0032740",3,23,31072,534,0.0069213690832554,"ARID5A/IL6/SPHK1",0.0950396948745518,"positive regulation of interleukin-17 production"
"GO:0048844",3,23,31072,534,0.0069213690832554,"COMP/FOXC1/LDLR",0.0950396948745518,"artery morphogenesis"
"GO:0050853",4,45,31072,534,0.00736540166248534,"IGHA1/IGHG1/IGKC/NFATC2",0.0964702783750999,"B cell receptor signaling pathway"
"GO:0002232",2,8,31072,534,0.00770713637018461,"MDK/PTN",0.0964702783750999,"leukocyte chemotaxis involved in inflammatory response"
"GO:0003417",2,8,31072,534,0.00770713637018461,"COMP/FOSL2",0.0964702783750999,"growth plate cartilage development"
"GO:0033028",2,8,31072,534,0.00770713637018461,"EPO/SNAI2",0.0964702783750999,"myeloid cell apoptotic process"
"GO:0033629",2,8,31072,534,0.00770713637018461,"SERPINE1/SNAI2",0.0964702783750999,"negative regulation of cell adhesion mediated by integrin"
"GO:0038134",2,8,31072,534,0.00770713637018461,"AREG/HBEGF",0.0964702783750999,"ERBB2-EGFR signaling pathway"
"GO:0043586",2,8,31072,534,0.00770713637018461,"HAND2/KIT",0.0964702783750999,"tongue development"
"GO:0045064",2,8,31072,534,0.00770713637018461,"BCL3/MYB",0.0964702783750999,"T-helper 2 cell differentiation"
"GO:0150094",2,8,31072,534,0.00770713637018461,"LDLR/MME",0.0964702783750999,"amyloid-beta clearance by cellular catabolic process"
"GO:1900119",2,8,31072,534,0.00770713637018461,"DLC1/ZC3H12A",0.0964702783750999,"positive regulation of execution phase of apoptosis"
"GO:1902260",2,8,31072,534,0.00770713637018461,"ANK3/KCNAB1",0.0964702783750999,"negative regulation of delayed rectifier potassium channel activity"
"GO:1902806",2,8,31072,534,0.00770713637018461,"CDKN1A/MLF1",0.0964702783750999,"regulation of cell cycle G1/S phase transition"
"GO:2000556",2,8,31072,534,0.00770713637018461,"ARID5A/IL1R1",0.0964702783750999,"positive regulation of T-helper 1 cell cytokine production"
"GO:0016064",3,24,31072,534,0.00781049545380316,"IGKC/IGLL1/IL2RB",0.0969889836280974,"immunoglobulin mediated immune response"
"GO:0001837",4,46,31072,534,0.00795942202600147,"FAM83D/SNAI1/SNAI2/TGFB2",0.0969889836280974,"epithelial to mesenchymal transition"
"GO:0043525",4,46,31072,534,0.00795942202600147,"ITGA1/MYB/RIPK1/TGFB2",0.0969889836280974,"positive regulation of neuron apoptotic process"
"GO:0051384",4,46,31072,534,0.00795942202600147,"AREG/FOSL2/IL6/PTGS2",0.0969889836280974,"response to glucocorticoid"
"GO:0010467",6,102,31072,534,0.00842243928688412,"EGR2/FOSL1/FOSL2/JUND/SIX1/SVEP1",0.101247538012065,"gene expression"
"GO:0019722",5,73,31072,534,0.00847885545402978,"CCR2/CCR5/MCTP1/SELE/SPHK1",0.101247538012065,"calcium-mediated signaling"
"GO:0006968",4,47,31072,534,0.00858403039667504,"CCR2/CCR5/FOSL1/GNLY",0.101247538012065,"cellular defense response"
"GO:0031640",4,47,31072,534,0.00858403039667504,"GNLY/GZMA/GZMH/NKG7",0.101247538012065,"killing of cells of another organism"
"GO:0035019",4,47,31072,534,0.00858403039667504,"KIT/KLF10/KLF4/NANOG",0.101247538012065,"somatic stem cell population maintenance"
"GO:0048873",3,25,31072,534,0.00876386277185637,"CCR2/F2R/FOSL2",0.102060174051998,"homeostasis of number of cells within a tissue"
"GO:0051602",3,25,31072,534,0.00876386277185637,"EPO/NR4A1/SOD2",0.102060174051998,"response to electrical stimulus"
"GO:0043066",14,398,31072,534,0.00958402751560053,"BAG3/BCL3/CDKN1A/COMP/DYRK3/EGR3/IL2RB/IL6/MCL1/MSX2/PDE3A/PLK3/RIPK1/SPHK1",0.106038446509195,"negative regulation of apoptotic process"
"GO:0048706",3,26,31072,534,0.00978240818469159,"FGF9/HAND2/MBTD1",0.106038446509195,"embryonic skeletal system development"
"GO:0002003",2,9,31072,534,0.00979703038400169,"CPA3/CTSG",0.106038446509195,"angiotensin maturation"
"GO:0009651",2,9,31072,534,0.00979703038400169,"BDKRB2/EPO",0.106038446509195,"response to salt stress"
"GO:0010888",2,9,31072,534,0.00979703038400169,"IL6/ITGB3",0.106038446509195,"negative regulation of lipid storage"
"GO:0042416",2,9,31072,534,0.00979703038400169,"NR4A2/TGFB2",0.106038446509195,"dopamine biosynthetic process"
"GO:0048333",2,9,31072,534,0.00979703038400169,"INHBA/ITGB3",0.106038446509195,"mesodermal cell differentiation"
"GO:0048699",2,9,31072,534,0.00979703038400169,"SIX1/TGFB2",0.106038446509195,"generation of neurons"
"GO:0048771",2,9,31072,534,0.00979703038400169,"FOSL2/THBS4",0.106038446509195,"tissue remodeling"
"GO:0051451",2,9,31072,534,0.00979703038400169,"SIX1/THBS4",0.106038446509195,"myoblast migration"
"GO:2000347",2,9,31072,534,0.00979703038400169,"MDK/PTN",0.106038446509195,"positive regulation of hepatocyte proliferation"
"GO:2000810",2,9,31072,534,0.00979703038400169,"SNAI1/SNAI2",0.106038446509195,"regulation of bicellular tight junction assembly"
"GO:1902895",4,49,31072,534,0.00992739521571505,"FOSL1/KLF4/MYB/TGFB2",0.106821094718805,"positive regulation of miRNA transcription"
"GO:0002250",8,174,31072,534,0.0107394412611737,"ALCAM/IGHA1/IGHG1/IGKC/IGKV1-5/IGLV2-14/SLAMF7/TREM1",0.11422295907838,"adaptive immune response"
"GO:0051726",8,174,31072,534,0.0107394412611737,"CDKN1A/CDKN2A/GADD45A/GADD45B/JUND/MBTD1/PPP1R15A/SKIL",0.11422295907838,"regulation of cell cycle"
"GO:0048010",3,27,31072,534,0.0108669597977407,"FGF9/FLT1/FOXC1",0.114258320159102,"vascular endothelial growth factor receptor signaling pathway"
"GO:0048662",3,27,31072,534,0.0108669597977407,"OGN/PPARGC1A/TRIB1",0.114258320159102,"negative regulation of smooth muscle cell proliferation"
"GO:0007155",14,405,31072,534,0.011037208979136,"ABL2/ALCAM/CDH3/CDON/ICAM1/ITGB3/NEDD9/OMD/PCDH18/RHOB/RND3/SLAMF7/SVEP1/TNFRSF12A",0.115389002963694,"cell adhesion"
"GO:0090398",4,51,31072,534,0.0114000538192091,"CDKN1A/CDKN2A/COMP/LMNA",0.115432777000039,"cellular senescence"
"GO:0043410",7,142,31072,534,0.0116206944309935,"CDON/F2R/FLT1/IGF2/IL6/ITGA1/KIT",0.115432777000039,"positive regulation of MAPK cascade"
"GO:0009410",9,213,31072,534,0.0118192436932856,"CDH3/CDKN1A/EMX2/FOSL1/FOSL2/NFATC2/PDE3A/PTGS2/SOD2",0.115432777000039,"response to xenobiotic stimulus"
"GO:0001895",3,28,31072,534,0.0120182411169298,"CDH3/IGHA1/IGKC",0.115432777000039,"retina homeostasis"
"GO:0010575",3,28,31072,534,0.0120182411169298,"CCBE1/IL6/PTGS2",0.115432777000039,"positive regulation of vascular endothelial growth factor production"
"GO:0031069",3,28,31072,534,0.0120182411169298,"KRT17/SNAI1/TGFB2",0.115432777000039,"hair follicle morphogenesis"
"GO:0006349",2,10,31072,534,0.0121078945440258,"DIRAS3/IGF2",0.115432777000039,"regulation of gene expression by genomic imprinting"
"GO:0014912",2,10,31072,534,0.0121078945440258,"SERPINE1/TRIB1",0.115432777000039,"negative regulation of smooth muscle cell migration"
"GO:0048598",2,10,31072,534,0.0121078945440258,"FLT1/MSX2",0.115432777000039,"embryonic morphogenesis"
"GO:0051310",2,10,31072,534,0.0121078945440258,"FAM83D/GEM",0.115432777000039,"metaphase chromosome alignment"
"GO:0061314",2,10,31072,534,0.0121078945440258,"SNAI1/SNAI2",0.115432777000039,"Notch signaling involved in heart development"
"GO:0070231",2,10,31072,534,0.0121078945440258,"BCL3/RIPK1",0.115432777000039,"T cell apoptotic process"
"GO:0071474",2,10,31072,534,0.0121078945440258,"EPO/SLC2A1",0.115432777000039,"cellular hyperosmotic response"
"GO:0071493",2,10,31072,534,0.0121078945440258,"CDKN1A/MME",0.115432777000039,"cellular response to UV-B"
"GO:1901731",2,10,31072,534,0.0121078945440258,"CTSG/IL6",0.115432777000039,"positive regulation of platelet aggregation"
"GO:1902808",2,10,31072,534,0.0121078945440258,"FAM83D/GLI1",0.115432777000039,"positive regulation of cell cycle G1/S phase transition"
"GO:1904044",2,10,31072,534,0.0121078945440258,"CDKN1A/INHBA",0.115432777000039,"response to aldosterone"
"GO:0009952",5,80,31072,534,0.0123162928000785,"CDON/EMX2/HOXA9/HOXB5/MSX2",0.116215275652022,"anterior/posterior pattern specification"
"GO:0071277",5,80,31072,534,0.0123162928000785,"CPNE5/ITPKC/JUND/NFATC2/SYT1",0.116215275652022,"cellular response to calcium ion"
"GO:0032757",4,53,31072,534,0.0130062215979877,"F2R/IL6/RIPK1/SERPINE1",0.122099223164782,"positive regulation of interleukin-8 production"
"GO:0050873",3,29,31072,534,0.0132368753544236,"LRG1/PPARGC1A/PTGS2",0.12363375965553,"brown fat cell differentiation"
"GO:0010595",4,54,31072,534,0.0138605935654489,"CCBE1/ITGB3/RHOB/ZC3H12A",0.12751746080213,"positive regulation of endothelial cell migration"
"GO:0016311",4,54,31072,534,0.0138605935654489,"DUSP10/DUSP14/DUSP5/DUSP8",0.12751746080213,"dephosphorylation"
"GO:0030097",4,54,31072,534,0.0138605935654489,"CCR2/KIT/SOD2/TGFB2",0.12751746080213,"hemopoiesis"
"GO:0001501",6,114,31072,534,0.0140706942215328,"ADAMTS4/BMP8B/COMP/ETS2/GDF10/TGFB2",0.127592624705391,"skeletal system development"
"GO:0071222",7,148,31072,534,0.0143274765043147,"ARID5A/CCR5/CSF3/CTSG/IL6/SERPINE1/ZC3H12A",0.127592624705391,"cellular response to lipopolysaccharide"
"GO:0035115",3,30,31072,534,0.0145233896014214,"HOXA9/MSX2/RDH10",0.127592624705391,"embryonic forelimb morphogenesis"
"GO:2000352",3,30,31072,534,0.0145233896014214,"ICAM1/ITGB3/SERPINE1",0.127592624705391,"negative regulation of endothelial cell apoptotic process"
"GO:0006970",2,11,31072,534,0.0146315455504551,"PLK3/TSC22D2",0.127592624705391,"response to osmotic stress"
"GO:0030195",2,11,31072,534,0.0146315455504551,"SERPINE1/THBD",0.127592624705391,"negative regulation of blood coagulation"
"GO:0030299",2,11,31072,534,0.0146315455504551,"AKR1C1/LDLR",0.127592624705391,"intestinal cholesterol absorption"
"GO:0030850",2,11,31072,534,0.0146315455504551,"GLI1/HOXA9",0.127592624705391,"prostate gland development"
"GO:0038084",2,11,31072,534,0.0146315455504551,"FLT1/FOXC1",0.127592624705391,"vascular endothelial growth factor signaling pathway"
"GO:0051549",2,11,31072,534,0.0146315455504551,"HAS2/HBEGF",0.127592624705391,"positive regulation of keratinocyte migration"
"GO:1904996",2,11,31072,534,0.0146315455504551,"IL6/MDK",0.127592624705391,"positive regulation of leukocyte adhesion to vascular endothelial cell"
"GO:0002244",4,55,31072,534,0.0147497654424828,"CEBPD/DACT2/INHBA/KIT",0.128016832142303,"hematopoietic progenitor cell differentiation"
"GO:0000902",5,84,31072,534,0.0149662254908,"CDH19/CDH3/CYFIP2/FOSL2/TGFB2",0.129285703770291,"cell morphogenesis"
"GO:0007623",4,56,31072,534,0.0156741655021475,"EGR3/KLF10/KLF9/NFIL3",0.134768525812857,"circadian rhythm"
"GO:0060021",4,57,31072,534,0.0166341998680137,"EPHB3/INHBA/SNAI1/SNAI2",0.139486584999726,"roof of mouth development"
"GO:0030336",6,119,31072,534,0.0170591144436675,"DLC1/DUSP10/MCTP1/NEDD9/RHOB/SERPINE1",0.139486584999726,"negative regulation of cell migration"
"GO:0007566",3,32,31072,534,0.0173017100184137,"EPO/ITGB3/PTGS2",0.139486584999726,"embryo implantation"
"GO:0019827",3,32,31072,534,0.0173017100184137,"KIT/KLF4/NANOG",0.139486584999726,"stem cell population maintenance"
"GO:0045595",3,32,31072,534,0.0173017100184137,"CEBPD/KLF4/NANOG",0.139486584999726,"regulation of cell differentiation"
"GO:2001240",3,32,31072,534,0.0173017100184137,"MCL1/RIPK1/SNAI2",0.139486584999726,"negative regulation of extrinsic apoptotic signaling pathway in absence of ligand"
"GO:0030278",2,12,31072,534,0.0173600151983354,"EGR2/GDF10",0.139486584999726,"regulation of ossification"
"GO:0035988",2,12,31072,534,0.0173600151983354,"COMP/FOSL2",0.139486584999726,"chondrocyte proliferation"
"GO:0042574",2,12,31072,534,0.0173600151983354,"AKR1C1/RDH10",0.139486584999726,"retinal metabolic process"
"GO:0071498",2,12,31072,534,0.0173600151983354,"HAS2/PTGS2",0.139486584999726,"cellular response to fluid shear stress"
"GO:0090336",2,12,31072,534,0.0173600151983354,"PTGS2/SIX1",0.139486584999726,"positive regulation of brown fat cell differentiation"
"GO:1900272",2,12,31072,534,0.0173600151983354,"FAM107A/PTN",0.139486584999726,"negative regulation of long-term synaptic potentiation"
"GO:1902230",2,12,31072,534,0.0173600151983354,"SNAI1/SNAI2",0.139486584999726,"negative regulation of intrinsic apoptotic signaling pathway in response to DNA damage"
"GO:1903238",2,12,31072,534,0.0173600151983354,"CCR2/SELE",0.139486584999726,"positive regulation of leukocyte tethering or rolling"
"GO:1904036",2,12,31072,534,0.0173600151983354,"HAND2/MDK",0.139486584999726,"negative regulation of epithelial cell apoptotic process"
"GO:0030168",4,58,31072,534,0.0176302525042386,"CTSG/F2R/IL6/ITGB3",0.141042020033909,"platelet activation"
"GO:0006355",14,431,31072,534,0.0179900444012203,"CREM/FOXC1/IGF2/MLF1/MYB/NANOG/NFATC2/NFIL3/PPARGC1A/PRDM8/SIX1/SNAI1/SNAI2/ZNF331",0.143297323369027,"regulation of DNA-templated transcription"
"GO:0030522",3,33,31072,534,0.0187941255304163,"NR4A1/NR4A2/NR4A3",0.146530470237144,"intracellular receptor signaling pathway"
"GO:0042307",3,33,31072,534,0.0187941255304163,"BAG3/PTGS2/ZC3H12A",0.146530470237144,"positive regulation of protein import into nucleus"
"GO:0045429",3,33,31072,534,0.0187941255304163,"KLF4/PTGS2/SOD2",0.146530470237144,"positive regulation of nitric oxide biosynthetic process"
"GO:0051591",3,33,31072,534,0.0187941255304163,"AREG/FOSL1/THBD",0.146530470237144,"response to cAMP"
"GO:0070555",3,33,31072,534,0.0187941255304163,"EPO/IL1R1/SELE",0.146530470237144,"response to interleukin-1"
"GO:0060070",5,90,31072,534,0.0196152524880706,"FGF9/FZD10/KLF4/NR4A2/WNT2",0.149901219197977,"canonical Wnt signaling pathway"
"GO:0032088",4,60,31072,534,0.0197318377814912,"BCL3/CDKN2A/KLF4/ZC3H12A",0.149901219197977,"negative regulation of NF-kappaB transcription factor activity"
"GO:0060326",4,60,31072,534,0.0197318377814912,"CCR2/CCR5/HBEGF/KIT",0.149901219197977,"cell chemotaxis"
"GO:0002407",2,13,31072,534,0.0202855454240741,"CCR2/CCR5",0.149901219197977,"dendritic cell chemotaxis"
"GO:0006518",2,13,31072,534,0.0202855454240741,"CPXM2/MME",0.149901219197977,"peptide metabolic process"
"GO:0030949",2,13,31072,534,0.0202855454240741,"FGF9/ITGB3",0.149901219197977,"positive regulation of vascular endothelial growth factor receptor signaling pathway"
"GO:0043068",2,13,31072,534,0.0202855454240741,"CDKN1A/RIPK1",0.149901219197977,"positive regulation of programmed cell death"
"GO:0045651",2,13,31072,534,0.0202855454240741,"RIPK1/TRIB1",0.149901219197977,"positive regulation of macrophage differentiation"
"GO:0045667",2,13,31072,534,0.0202855454240741,"GLI1/SNAI2",0.149901219197977,"regulation of osteoblast differentiation"
"GO:0048546",2,13,31072,534,0.0202855454240741,"EPHB3/GLI1",0.149901219197977,"digestive tract morphogenesis"
"GO:0051412",2,13,31072,534,0.0202855454240741,"CDKN1A/FOSL1",0.149901219197977,"response to corticosterone"
"GO:0051918",2,13,31072,534,0.0202855454240741,"SERPINE1/THBD",0.149901219197977,"negative regulation of fibrinolysis"
"GO:0097242",2,13,31072,534,0.0202855454240741,"LDLR/MME",0.149901219197977,"amyloid-beta clearance"
"GO:0051091",5,91,31072,534,0.0204721526008918,"CSF3/IL6/KIT/PPARGC1A/WNT2",0.150675043142564,"positive regulation of DNA-binding transcription factor activity"
"GO:0008589",2,14,31072,534,0.0234005834581775,"GAS1/GLI1",0.154437501481417,"regulation of smoothened signaling pathway"
"GO:0021895",2,14,31072,534,0.0234005834581775,"ID4/TOX",0.154437501481417,"cerebral cortex neuron differentiation"
"GO:0032717",2,14,31072,534,0.0234005834581775,"BCL3/KLF4",0.154437501481417,"negative regulation of interleukin-8 production"
"GO:0048566",2,14,31072,534,0.0234005834581775,"FGF9/TGFB2",0.154437501481417,"embryonic digestive tract development"
"GO:0048715",2,14,31072,534,0.0234005834581775,"DUSP10/ID4",0.154437501481417,"negative regulation of oligodendrocyte differentiation"
"GO:0060317",2,14,31072,534,0.0234005834581775,"TGFB2/WNT2",0.154437501481417,"cardiac epithelial to mesenchymal transition"
"GO:0097067",2,14,31072,534,0.0234005834581775,"KIT/KLF9",0.154437501481417,"cellular response to thyroid hormone stimulus"
"GO:1990869",2,14,31072,534,0.0234005834581775,"FOXC1/ZC3H12A",0.154437501481417,"cellular response to chemokine"
"GO:2000179",2,14,31072,534,0.0234005834581775,"MDK/TOX",0.154437501481417,"positive regulation of neural precursor cell proliferation"
"GO:0001541",3,36,31072,534,0.0236863540460287,"FOXC1/INHBA/KIT",0.154437501481417,"ovarian follicle development"
"GO:1904707",3,36,31072,534,0.0236863540460287,"ADAMTS1/FGF9/NR4A3",0.154437501481417,"positive regulation of vascular associated smooth muscle cell proliferation"
"GO:0007267",8,202,31072,534,0.0241032996769762,"AREG/CCR5/FGF9/GJA4/INHBA/KLF10/NTF3/WNT2",0.154437501481417,"cell-cell signaling"
"GO:0050727",4,64,31072,534,0.0243816718087852,"CCR2/IL1R1/PTGS2/SELE",0.154437501481417,"regulation of inflammatory response"
"GO:0010976",5,96,31072,534,0.0251224205717961,"ABL2/EPO/MDK/PTN/TOX",0.154437501481417,"positive regulation of neuron projection development"
"GO:0006366",8,204,31072,534,0.0253690954671336,"CEBPD/INHBA/KLF4/NFATC2/NFIL3/NR4A1/NR4A2/TAF13",0.154437501481417,"transcription by RNA polymerase II"
"GO:0046427",3,37,31072,534,0.0254555308363577,"F2R/IL6/KIT",0.154437501481417,"positive regulation of receptor signaling pathway via JAK-STAT"
"GO:0007613",4,65,31072,534,0.025638752076668,"NTF3/PTGS2/PTN/VLDLR",0.154437501481417,"memory"
"GO:0010165",2,15,31072,534,0.026697777082034,"CDKN1A/THBD",0.154437501481417,"response to X-ray"
"GO:0019725",2,15,31072,534,0.026697777082034,"CCR2/MCL1",0.154437501481417,"cellular homeostasis"
"GO:0033630",2,15,31072,534,0.026697777082034,"ITGB3/TGFB2",0.154437501481417,"positive regulation of cell adhesion mediated by integrin"
"GO:0034620",2,15,31072,534,0.026697777082034,"BAG3/HSPB8",0.154437501481417,"cellular response to unfolded protein"
"GO:0035024",2,15,31072,534,0.026697777082034,"ABL2/DLC1",0.154437501481417,"negative regulation of Rho protein signal transduction"
"GO:0051895",2,15,31072,534,0.026697777082034,"DLC1/FAM107A",0.154437501481417,"negative regulation of focal adhesion assembly"
"GO:1900006",2,15,31072,534,0.026697777082034,"PTN/VLDLR",0.154437501481417,"positive regulation of dendrite development"
"GO:0030307",4,66,31072,534,0.0269341319420248,"HBEGF/KRT17/SPHK1/TGFB2",0.154437501481417,"positive regulation of cell growth"
"GO:0048704",3,38,31072,534,0.027293803612303,"HOXA9/HOXB5/SIX1",0.154437501481417,"embryonic skeletal system morphogenesis"
"GO:0048839",3,38,31072,534,0.027293803612303,"CEBPD/SIX1/TGFB2",0.154437501481417,"inner ear development"
"GO:0006974",8,207,31072,534,0.0273536750081003,"BCL3/CDKN1A/FANCF/MCL1/NFATC2/PLK3/PPP1R15A/ZC3H12A",0.154437501481417,"DNA damage response"
"GO:0008584",5,99,31072,534,0.0282125275643892,"FGF9/HOXA9/INHBA/KIT/TGFB2",0.154437501481417,"male gonad development"
"GO:0007157",3,39,31072,534,0.0292010019095264,"ALCAM/ICAM1/SELE",0.154437501481417,"heterophilic cell-cell adhesion via plasma membrane cell adhesion molecules"
"GO:0014823",3,39,31072,534,0.0292010019095264,"IL6/ITGB3/SOD2",0.154437501481417,"response to activity"
"GO:0021549",3,39,31072,534,0.0292010019095264,"FOXC1/GDF10/SSTR2",0.154437501481417,"cerebellum development"
"GO:0001779",2,16,31072,534,0.0301699699866088,"NFIL3/TOX",0.154437501481417,"natural killer cell differentiation"
"GO:0001825",2,16,31072,534,0.0301699699866088,"SKIL/TM4SF1",0.154437501481417,"blastocyst formation"
"GO:0002063",2,16,31072,534,0.0301699699866088,"COMP/MSX2",0.154437501481417,"chondrocyte development"
"GO:0002076",2,16,31072,534,0.0301699699866088,"JUND/MSX2",0.154437501481417,"osteoblast development"
"GO:0022904",2,16,31072,534,0.0301699699866088,"PPARGC1A/SOD2",0.154437501481417,"respiratory electron transport chain"
"GO:0030194",2,16,31072,534,0.0301699699866088,"F2R/SERPINE1",0.154437501481417,"positive regulation of blood coagulation"
"GO:0035970",2,16,31072,534,0.0301699699866088,"DUSP10/DUSP5",0.154437501481417,"peptidyl-threonine dephosphorylation"
"GO:0043473",2,16,31072,534,0.0301699699866088,"KIT/SNAI2",0.154437501481417,"pigmentation"
"GO:0060065",2,16,31072,534,0.0301699699866088,"HOXA9/TGFB2",0.154437501481417,"uterus development"
"GO:0071397",2,16,31072,534,0.0301699699866088,"INHBA/MLC1",0.154437501481417,"cellular response to cholesterol"
"GO:0001654",3,40,31072,534,0.0311768942995927,"FGF9/FOXC1/TGFB2",0.154437501481417,"eye development"
"GO:0002088",3,40,31072,534,0.0311768942995927,"CDON/SLITRK6/WNT2",0.154437501481417,"lens development in camera-type eye"
"GO:0006816",4,70,31072,534,0.0325020988668791,"CCR5/GJA4/RAMP1/SLN",0.154437501481417,"calcium ion transport"
"GO:0007565",4,70,31072,534,0.0325020988668791,"CORIN/FOSL1/SLC2A1/THBD",0.154437501481417,"female pregnancy"
"GO:0016485",4,70,31072,534,0.0325020988668791,"COMP/CPXM2/CTSG/MME",0.154437501481417,"protein processing"
"GO:0007043",3,41,31072,534,0.0332211913169132,"CDH19/CDH3/GJA4",0.154437501481417,"cell-cell junction assembly"
"GO:0006977",2,17,31072,534,0.0338101972309585,"CDKN1A/PLK3",0.154437501481417,"DNA damage response, signal transduction by p53 class mediator resulting in cell cycle arrest"
"GO:0090026",2,17,31072,534,0.0338101972309585,"CCR2/SERPINE1",0.154437501481417,"positive regulation of monocyte chemotaxis"
"GO:1901379",2,17,31072,534,0.0338101972309585,"DPP6/KCNAB1",0.154437501481417,"regulation of potassium ion transmembrane transport"
"GO:1905564",2,17,31072,534,0.0338101972309585,"IGF2/MDK",0.154437501481417,"positive regulation of vascular endothelial cell proliferation"
"GO:0007264",4,71,31072,534,0.0339913844336707,"DIRAS3/RND1/RND2/RND3",0.154437501481417,"small GTPase mediated signal transduction"
"GO:0032729",4,71,31072,534,0.0339913844336707,"ARID5A/BCL3/CCR2/IL1R1",0.154437501481417,"positive regulation of type II interferon production"
"GO:0001694",1,2,31072,534,0.0340769704355735,"HDC",0.154437501481417,"histamine biosynthetic process"
"GO:0001788",1,2,31072,534,0.0340769704355735,"IGHG1",0.154437501481417,"antibody-dependent cellular cytotoxicity"
"GO:0002268",1,2,31072,534,0.0340769704355735,"BCL3",0.154437501481417,"follicular dendritic cell differentiation"
"GO:0002362",1,2,31072,534,0.0340769704355735,"TOX",0.154437501481417,"CD4-positive, CD25-positive, alpha-beta regulatory T cell lineage commitment"
"GO:0002384",1,2,31072,534,0.0340769704355735,"IL6",0.154437501481417,"hepatic immune response"
"GO:0002521",1,2,31072,534,0.0340769704355735,"TOX",0.154437501481417,"leukocyte differentiation"
"GO:0003017",1,2,31072,534,0.0340769704355735,"SVEP1",0.154437501481417,"lymph circulation"
"GO:0003032",1,2,31072,534,0.0340769704355735,"SOD2",0.154437501481417,"detection of oxygen"
"GO:0003050",1,2,31072,534,0.0340769704355735,"CORIN",0.154437501481417,"regulation of systemic arterial blood pressure by atrial natriuretic peptide"
"GO:0003275",1,2,31072,534,0.0340769704355735,"FOXC1",0.154437501481417,"apoptotic process involved in outflow tract morphogenesis"
"GO:0003278",1,2,31072,534,0.0340769704355735,"HAND2",0.154437501481417,"apoptotic process involved in heart morphogenesis"
"GO:0007113",1,2,31072,534,0.0340769704355735,"PLK3",0.154437501481417,"endomitotic cell cycle"
"GO:0007518",1,2,31072,534,0.0340769704355735,"IFRD1",0.154437501481417,"myoblast fate determination"
"GO:0007529",1,2,31072,534,0.0340769704355735,"F2R",0.154437501481417,"establishment of synaptic specificity at neuromuscular junction"
"GO:0007622",1,2,31072,534,0.0340769704355735,"EGR2",0.154437501481417,"rhythmic behavior"
"GO:0009756",1,2,31072,534,0.0340769704355735,"COLEC12",0.154437501481417,"carbohydrate mediated signaling"
"GO:0010002",1,2,31072,534,0.0340769704355735,"TGFB2",0.154437501481417,"cardioblast differentiation"
"GO:0010664",1,2,31072,534,0.0340769704355735,"BAG3",0.154437501481417,"negative regulation of striated muscle cell apoptotic process"
"GO:0010693",1,2,31072,534,0.0340769704355735,"TGFB2",0.154437501481417,"negative regulation of alkaline phosphatase activity"
"GO:0010749",1,2,31072,534,0.0340769704355735,"PDE5A",0.154437501481417,"regulation of nitric oxide mediated signal transduction"
"GO:0010899",1,2,31072,534,0.0340769704355735,"LDLR",0.154437501481417,"regulation of phosphatidylcholine catabolic process"
"GO:0021575",1,2,31072,534,0.0340769704355735,"DLC1",0.154437501481417,"hindbrain morphogenesis"
"GO:0021610",1,2,31072,534,0.0340769704355735,"SIX1",0.154437501481417,"facial nerve morphogenesis"
"GO:0021773",1,2,31072,534,0.0340769704355735,"INHBA",0.154437501481417,"striatal medium spiny neuron differentiation"
"GO:0030421",1,2,31072,534,0.0340769704355735,"MDK",0.154437501481417,"defecation"
"GO:0030950",1,2,31072,534,0.0340769704355735,"PDLIM1",0.154437501481417,"establishment or maintenance of actin cytoskeleton polarity"
"GO:0031923",1,2,31072,534,0.0340769704355735,"SLC19A2",0.154437501481417,"pyridoxine transport"
"GO:0032227",1,2,31072,534,0.0340769704355735,"PTGS2",0.154437501481417,"negative regulation of synaptic transmission, dopaminergic"
"GO:0032745",1,2,31072,534,0.0340769704355735,"IL6",0.154437501481417,"positive regulation of interleukin-21 production"
"GO:0032912",1,2,31072,534,0.0340769704355735,"CDH3",0.154437501481417,"negative regulation of transforming growth factor beta2 production"
"GO:0033140",1,2,31072,534,0.0340769704355735,"GADD45A",0.154437501481417,"negative regulation of peptidyl-serine phosphorylation of STAT protein"
"GO:0034436",1,2,31072,534,0.0340769704355735,"VLDLR",0.154437501481417,"glycoprotein transport"
"GO:0035295",1,2,31072,534,0.0340769704355735,"ITGB3",0.154437501481417,"tube development"
"GO:0035821",1,2,31072,534,0.0340769704355735,"SLPI",0.154437501481417,"modulation of process of another organism"
"GO:0036303",1,2,31072,534,0.0340769704355735,"SVEP1",0.154437501481417,"lymph vessel morphogenesis"
"GO:0036496",1,2,31072,534,0.0340769704355735,"PPP1R15A",0.154437501481417,"regulation of translational initiation by eIF2 alpha dephosphorylation"
"GO:0042701",1,2,31072,534,0.0340769704355735,"INHBA",0.154437501481417,"progesterone secretion"
"GO:0042704",1,2,31072,534,0.0340769704355735,"TGFB2",0.154437501481417,"uterine wall breakdown"
"GO:0043373",1,2,31072,534,0.0340769704355735,"TOX",0.154437501481417,"CD4-positive, alpha-beta T cell lineage commitment"
"GO:0043375",1,2,31072,534,0.0340769704355735,"TOX",0.154437501481417,"CD8-positive, alpha-beta T cell lineage commitment"
"GO:0044406",1,2,31072,534,0.0340769704355735,"ICAM1",0.154437501481417,"adhesion of symbiont to host"
"GO:0045586",1,2,31072,534,0.0340769704355735,"EGR3",0.154437501481417,"regulation of gamma-delta T cell differentiation"
"GO:0045601",1,2,31072,534,0.0340769704355735,"APOLD1",0.154437501481417,"regulation of endothelial cell differentiation"
"GO:0045645",1,2,31072,534,0.0340769704355735,"TRIB1",0.154437501481417,"positive regulation of eosinophil differentiation"
"GO:0045659",1,2,31072,534,0.0340769704355735,"TRIB1",0.154437501481417,"negative regulation of neutrophil differentiation"
"GO:0046449",1,2,31072,534,0.0340769704355735,"MME",0.154437501481417,"creatinine metabolic process"
"GO:0050748",1,2,31072,534,0.0340769704355735,"ITGB3",0.154437501481417,"negative regulation of lipoprotein metabolic process"
"GO:0051101",1,2,31072,534,0.0340769704355735,"BCL3",0.154437501481417,"regulation of DNA binding"
"GO:0051128",1,2,31072,534,0.0340769704355735,"STK38L",0.154437501481417,"regulation of cellular component organization"
"GO:0060279",1,2,31072,534,0.0340769704355735,"INHBA",0.154437501481417,"positive regulation of ovulation"
"GO:0060427",1,2,31072,534,0.0340769704355735,"FOSL2",0.154437501481417,"lung connective tissue development"
"GO:0061032",1,2,31072,534,0.0340769704355735,"HAND2",0.154437501481417,"visceral serous pericardium development"
"GO:0061144",1,2,31072,534,0.0340769704355735,"FOSL2",0.154437501481417,"alveolar secondary septum development"
"GO:0061197",1,2,31072,534,0.0340769704355735,"SIX1",0.154437501481417,"fungiform papilla morphogenesis"
"GO:0061311",1,2,31072,534,0.0340769704355735,"MSX2",0.154437501481417,"cell surface receptor signaling pathway involved in heart development"
"GO:0061325",1,2,31072,534,0.0340769704355735,"HAND2",0.154437501481417,"cell proliferation involved in outflow tract morphogenesis"
"GO:0061771",1,2,31072,534,0.0340769704355735,"LDLR",0.154437501481417,"response to caloric restriction"
"GO:0071387",1,2,31072,534,0.0340769704355735,"KLF9",0.154437501481417,"cellular response to cortisol stimulus"
"GO:0072061",1,2,31072,534,0.0340769704355735,"DACT2",0.154437501481417,"inner medullary collecting duct development"
"GO:0072095",1,2,31072,534,0.0340769704355735,"SIX1",0.154437501481417,"regulation of branch elongation involved in ureteric bud branching"
"GO:0072193",1,2,31072,534,0.0340769704355735,"SIX1",0.154437501481417,"ureter smooth muscle cell differentiation"
"GO:0072377",1,2,31072,534,0.0340769704355735,"THBD",0.154437501481417,"blood coagulation, common pathway"
"GO:0090265",1,2,31072,534,0.0340769704355735,"CCR2",0.154437501481417,"positive regulation of immune complex clearance by monocytes and macrophages"
"GO:0090362",1,2,31072,534,0.0340769704355735,"PTGS2",0.154437501481417,"positive regulation of platelet-derived growth factor production"
"GO:0090427",1,2,31072,534,0.0340769704355735,"MSX2",0.154437501481417,"activation of meiosis"
"GO:0097324",1,2,31072,534,0.0340769704355735,"KIT",0.154437501481417,"melanocyte migration"
"GO:0106016",1,2,31072,534,0.0340769704355735,"MDK",0.154437501481417,"positive regulation of inflammatory response to wounding"
"GO:0106091",1,2,31072,534,0.0340769704355735,"MDK",0.154437501481417,"glial cell projection elongation"
"GO:0120193",1,2,31072,534,0.0340769704355735,"SVEP1",0.154437501481417,"tight junction organization"
"GO:1901077",1,2,31072,534,0.0340769704355735,"SLN",0.154437501481417,"regulation of relaxation of muscle"
"GO:1901163",1,2,31072,534,0.0340769704355735,"ITGB3",0.154437501481417,"regulation of trophoblast cell migration"
"GO:1901331",1,2,31072,534,0.0340769704355735,"SERPINE1",0.154437501481417,"positive regulation of odontoblast differentiation"
"GO:1901492",1,2,31072,534,0.0340769704355735,"CCBE1",0.154437501481417,"positive regulation of lymphangiogenesis"
"GO:1901877",1,2,31072,534,0.0340769704355735,"SLN",0.154437501481417,"negative regulation of calcium ion binding"
"GO:1901894",1,2,31072,534,0.0340769704355735,"SLN",0.154437501481417,"regulation of ATPase-coupled calcium transmembrane transporter activity"
"GO:1902232",1,2,31072,534,0.0340769704355735,"TOX",0.154437501481417,"regulation of positive thymic T cell selection"
"GO:1902257",1,2,31072,534,0.0340769704355735,"FOXC1",0.154437501481417,"negative regulation of apoptotic process involved in outflow tract morphogenesis"
"GO:1902631",1,2,31072,534,0.0340769704355735,"SOD2",0.154437501481417,"negative regulation of membrane hyperpolarization"
"GO:1902751",1,2,31072,534,0.0340769704355735,"DYRK3",0.154437501481417,"positive regulation of cell cycle G2/M phase transition"
"GO:1903008",1,2,31072,534,0.0340769704355735,"DYRK3",0.154437501481417,"organelle disassembly"
"GO:1903039",1,2,31072,534,0.0340769704355735,"MDK",0.154437501481417,"positive regulation of leukocyte cell-cell adhesion"
"GO:1903305",1,2,31072,534,0.0340769704355735,"SYT1",0.154437501481417,"regulation of regulated secretory pathway"
"GO:1903378",1,2,31072,534,0.0340769704355735,"MCL1",0.154437501481417,"positive regulation of oxidative stress-induced neuron intrinsic apoptotic signaling pathway"
"GO:1903701",1,2,31072,534,0.0340769704355735,"TGFB2",0.154437501481417,"substantia propria of cornea development"
"GO:1903929",1,2,31072,534,0.0340769704355735,"HAND2",0.154437501481417,"primary palate development"
"GO:1903945",1,2,31072,534,0.0340769704355735,"H19",0.154437501481417,"positive regulation of hepatocyte apoptotic process"
"GO:1904016",1,2,31072,534,0.0340769704355735,"SLC2A1",0.154437501481417,"response to Thyroglobulin triiodothyronine"
"GO:1904899",1,2,31072,534,0.0340769704355735,"MYB",0.154437501481417,"positive regulation of hepatic stellate cell proliferation"
"GO:1905065",1,2,31072,534,0.0340769704355735,"KIT",0.154437501481417,"positive regulation of vascular associated smooth muscle cell differentiation"
"GO:1905179",1,2,31072,534,0.0340769704355735,"CDKN1A",0.154437501481417,"negative regulation of cardiac muscle tissue regeneration"
"GO:1905243",1,2,31072,534,0.0340769704355735,"SIX1",0.154437501481417,"cellular response to 3,3',5-triiodo-L-thyronine"
"GO:1905653",1,2,31072,534,0.0340769704355735,"MDK",0.154437501481417,"positive regulation of artery morphogenesis"
"GO:1905931",1,2,31072,534,0.0340769704355735,"FGF9",0.154437501481417,"negative regulation of vascular associated smooth muscle cell differentiation involved in phenotypic switching"
"GO:1990823",1,2,31072,534,0.0340769704355735,"FOSL2",0.154437501481417,"response to leukemia inhibitory factor"
"GO:2000098",1,2,31072,534,0.0340769704355735,"SERPINE1",0.154437501481417,"negative regulation of smooth muscle cell-matrix adhesion"
"GO:2000345",1,2,31072,534,0.0340769704355735,"GLI1",0.154437501481417,"regulation of hepatocyte proliferation"
"GO:2000412",1,2,31072,534,0.0340769704355735,"CCR2",0.154437501481417,"positive regulation of thymocyte migration"
"GO:2000473",1,2,31072,534,0.0340769704355735,"CCR2",0.154437501481417,"positive regulation of hematopoietic stem cell migration"
"GO:2000522",1,2,31072,534,0.0340769704355735,"NEDD9",0.154437501481417,"positive regulation of immunological synapse formation"
"GO:2000729",1,2,31072,534,0.0340769704355735,"SIX1",0.154437501481417,"positive regulation of mesenchymal cell proliferation involved in ureter development"
"GO:2000777",1,2,31072,534,0.0340769704355735,"PLK3",0.154437501481417,"positive regulation of proteasomal ubiquitin-dependent protein catabolic process involved in cellular response to hypoxia"
"GO:2001258",1,2,31072,534,0.0340769704355735,"EPO",0.154437501481417,"negative regulation of cation channel activity"
"GO:0034605",3,42,31072,534,0.0353335482900965,"BAG3/CDKN1A/PTGS2",0.159738891532623,"cellular response to heat"
"GO:0007166",7,180,31072,534,0.0366006969665641,"BDKRB2/CCR5/GEM/GLP2R/IL1R1/INHBA/MS4A2",0.165061966711956,"cell surface receptor signaling pathway"
"GO:0045786",3,43,31072,534,0.0375135680803438,"NR4A1/PTGS2/RHOB",0.165168240260785,"negative regulation of cell cycle"
"GO:0002042",2,18,31072,534,0.0376116807985157,"EGR3/NR4A1",0.165168240260785,"cell migration involved in sprouting angiogenesis"
"GO:0010839",2,18,31072,534,0.0376116807985157,"KLF9/SNAI2",0.165168240260785,"negative regulation of keratinocyte proliferation"
"GO:0010996",2,18,31072,534,0.0376116807985157,"MDK/PTN",0.165168240260785,"response to auditory stimulus"
"GO:0021542",2,18,31072,534,0.0376116807985157,"EMX2/MDK",0.165168240260785,"dentate gyrus development"
"GO:0032924",2,18,31072,534,0.0376116807985157,"FGF9/INHBA",0.165168240260785,"activin receptor signaling pathway"
"GO:0036120",2,18,31072,534,0.0376116807985157,"HAS2/ITGB3",0.165168240260785,"cellular response to platelet-derived growth factor stimulus"
"GO:0043401",2,18,31072,534,0.0376116807985157,"NR4A3/PDE3A",0.165168240260785,"steroid hormone mediated signaling pathway"
"GO:0043552",2,18,31072,534,0.0376116807985157,"FLT1/KIT",0.165168240260785,"positive regulation of phosphatidylinositol 3-kinase activity"
"GO:0060252",2,18,31072,534,0.0376116807985157,"IL6/MYB",0.165168240260785,"positive regulation of glial cell proliferation"
"GO:2000811",2,18,31072,534,0.0376116807985157,"MCL1/SNAI2",0.165168240260785,"negative regulation of anoikis"
"GO:0033138",4,74,31072,534,0.0386942022719177,"CSF3/IL6/NTF3/PTGS2",0.168317775476482,"positive regulation of peptidyl-serine phosphorylation"
"GO:0007162",3,44,31072,534,0.0397608037294552,"DACT2/MDK/RND1",0.168317775476482,"negative regulation of cell adhesion"
"GO:0034097",3,44,31072,534,0.0397608037294552,"MCL1/SELE/SKIL",0.168317775476482,"response to cytokine"
"GO:0045600",3,44,31072,534,0.0397608037294552,"LMO3/SNAI2/ZC3H12A",0.168317775476482,"positive regulation of fat cell differentiation"
"GO:0048538",3,44,31072,534,0.0397608037294552,"EPHB3/HAND2/SIX1",0.168317775476482,"thymus development"
"GO:0048812",3,44,31072,534,0.0397608037294552,"ITGA1/NTF3/WEE1",0.168317775476482,"neuron projection morphogenesis"
"GO:0007049",8,225,31072,534,0.0415447376132421,"CDKN2A/DYRK3/FAM107A/GAS1/KLHL13/MAP3K8/MLF1/NEDD9",0.168317775476482,"cell cycle"
"GO:0007015",5,110,31072,534,0.0415461279895354,"CGNL1/RHOB/RND1/RND2/RND3",0.168317775476482,"actin filament organization"
"GO:0007586",2,19,31072,534,0.0415678252491343,"AKR1C1/PPARGC1A",0.168317775476482,"digestion"
"GO:0008045",2,19,31072,534,0.0415678252491343,"ALCAM/EGR2",0.168317775476482,"motor neuron axon guidance"
"GO:0014911",2,19,31072,534,0.0415678252491343,"HAS2/ITGB3",0.168317775476482,"positive regulation of smooth muscle cell migration"
"GO:0045736",2,19,31072,534,0.0415678252491343,"CDKN1A/CDKN2A",0.168317775476482,"negative regulation of cyclin-dependent protein serine/threonine kinase activity"
"GO:0045930",2,19,31072,534,0.0415678252491343,"FOXC1/GAS1",0.168317775476482,"negative regulation of mitotic cell cycle"
"GO:2000406",2,19,31072,534,0.0415678252491343,"ABL2/ITGB3",0.168317775476482,"positive regulation of T cell migration"
"GO:0008630",3,45,31072,534,0.0420747610199531,"MCL1/SKIL/SOD2",0.168317775476482,"intrinsic apoptotic signaling pathway in response to DNA damage"
"GO:0007275",4,77,31072,534,0.0437502455867737,"CDH19/CDH3/FLT1/KIT",0.168317775476482,"multicellular organism development"
"GO:0006986",3,46,31072,534,0.0444549009497636,"COMP/DNAJB4/THBS4",0.168317775476482,"response to unfolded protein"
"GO:0034599",4,78,31072,534,0.045514086567578,"NR4A2/PPARGC1A/SOD2/ZC3H12A",0.168317775476482,"cellular response to oxidative stress"
"GO:0001836",2,20,31072,534,0.0456722134649254,"MCL1/SOD2",0.168317775476482,"release of cytochrome c from mitochondria"
"GO:0010667",2,20,31072,534,0.0456722134649254,"HAND2/MDK",0.168317775476482,"negative regulation of cardiac muscle cell apoptotic process"
"GO:0031290",2,20,31072,534,0.0456722134649254,"ALCAM/EPHB3",0.168317775476482,"retinal ganglion cell axon guidance"
"GO:0046686",2,20,31072,534,0.0456722134649254,"KIT/SOD2",0.168317775476482,"response to cadmium ion"
"GO:0071385",2,20,31072,534,0.0456722134649254,"FAM107A/SSTR2",0.168317775476482,"cellular response to glucocorticoid stimulus"
"GO:1903861",2,20,31072,534,0.0456722134649254,"CPNE5/SYT1",0.168317775476482,"positive regulation of dendrite extension"
"GO:0097191",3,47,31072,534,0.0469006421238378,"INHBA/RIPK1/TGFB2",0.168317775476482,"extrinsic apoptotic signaling pathway"
"GO:0045892",13,450,31072,534,0.0490000371811642,"ARID5A/BCL3/CDKN2A/CEBPD/ID4/KLF10/KLF4/MBTD1/MSX2/MYB/NFIL3/PRDM8/ZNF540",0.168317775476482,"negative regulation of DNA-templated transcription"
"GO:0002062",3,48,31072,534,0.0494113630650318,"ARID5A/FGF9/FOSL2",0.168317775476482,"chondrocyte differentiation"
"GO:0032147",2,21,31072,534,0.0499186024879544,"ITGB3/TGFB2",0.168317775476482,"activation of protein kinase activity"
"GO:0043303",2,21,31072,534,0.0499186024879544,"KIT/NR4A3",0.168317775476482,"mast cell degranulation"
"GO:0048168",2,21,31072,534,0.0499186024879544,"EGR2/MCTP1",0.168317775476482,"regulation of neuronal synaptic plasticity"
"GO:0048714",2,21,31072,534,0.0499186024879544,"MDK/PTN",0.168317775476482,"positive regulation of oligodendrocyte differentiation"
"GO:0090023",2,21,31072,534,0.0499186024879544,"MDK/THBS4",0.168317775476482,"positive regulation of neutrophil chemotaxis"
"GO:1904706",2,21,31072,534,0.0499186024879544,"CDKN1A/SOD2",0.168317775476482,"negative regulation of vascular associated smooth muscle cell proliferation"
"GO:0000098",1,3,31072,534,0.0506782867467233,"FMO1",0.168317775476482,"sulfur amino acid catabolic process"
"GO:0002457",1,3,31072,534,0.0506782867467233,"ICAM1",0.168317775476482,"T cell antigen processing and presentation"
"GO:0002551",1,3,31072,534,0.0506782867467233,"KIT",0.168317775476482,"mast cell chemotaxis"
"GO:0002732",1,3,31072,534,0.0506782867467233,"KIT",0.168317775476482,"positive regulation of dendritic cell cytokine production"
"GO:0003105",1,3,31072,534,0.0506782867467233,"F2R",0.168317775476482,"negative regulation of glomerular filtration"
"GO:0006933",1,3,31072,534,0.0506782867467233,"SNAI2",0.168317775476482,"negative regulation of cell adhesion involved in substrate-bound cell migration"
"GO:0007296",1,3,31072,534,0.0506782867467233,"FOSL1",0.168317775476482,"vitellogenesis"
"GO:0007418",1,3,31072,534,0.0506782867467233,"GLI1",0.168317775476482,"ventral midline development"
"GO:0007500",1,3,31072,534,0.0506782867467233,"KLF4",0.168317775476482,"mesodermal cell fate determination"
"GO:0009991",1,3,31072,534,0.0506782867467233,"ACTA1",0.168317775476482,"response to extracellular stimulus"
"GO:0010523",1,3,31072,534,0.0506782867467233,"EPO",0.168317775476482,"negative regulation of calcium ion transport into cytosol"
"GO:0010729",1,3,31072,534,0.0506782867467233,"SOD2",0.168317775476482,"positive regulation of hydrogen peroxide biosynthetic process"
"GO:0010814",1,3,31072,534,0.0506782867467233,"MME",0.168317775476482,"substance P catabolic process"
"GO:0014040",1,3,31072,534,0.0506782867467233,"EGR2",0.168317775476482,"positive regulation of Schwann cell differentiation"
"GO:0021562",1,3,31072,534,0.0506782867467233,"SLITRK6",0.168317775476482,"vestibulocochlear nerve development"
"GO:0021681",1,3,31072,534,0.0506782867467233,"MDK",0.168317775476482,"cerebellar granular layer development"
"GO:0021696",1,3,31072,534,0.0506782867467233,"GLI1",0.168317775476482,"cerebellar cortex morphogenesis"
"GO:0021885",1,3,31072,534,0.0506782867467233,"EMX2",0.168317775476482,"forebrain cell migration"
"GO:0021938",1,3,31072,534,0.0506782867467233,"GLI1",0.168317775476482,"smoothened signaling pathway involved in regulation of cerebellar granule cell precursor cell proliferation"
"GO:0021986",1,3,31072,534,0.0506782867467233,"NR4A2",0.168317775476482,"habenula development"
"GO:0030910",1,3,31072,534,0.0506782867467233,"SIX1",0.168317775476482,"olfactory placode formation"
"GO:0030951",1,3,31072,534,0.0506782867467233,"LMNA",0.168317775476482,"establishment or maintenance of microtubule cytoskeleton polarity"
"GO:0031077",1,3,31072,534,0.0506782867467233,"KLF4",0.168317775476482,"post-embryonic camera-type eye development"
"GO:0032642",1,3,31072,534,0.0506782867467233,"SNAI2",0.168317775476482,"regulation of chemokine production"
"GO:0034447",1,3,31072,534,0.0506782867467233,"VLDLR",0.168317775476482,"very-low-density lipoprotein particle clearance"
"GO:0035063",1,3,31072,534,0.0506782867467233,"DYRK3",0.168317775476482,"nuclear speck organization"
"GO:0035284",1,3,31072,534,0.0506782867467233,"EGR2",0.168317775476482,"brain segmentation"
"GO:0035696",1,3,31072,534,0.0506782867467233,"CCR2",0.168317775476482,"monocyte extravasation"
"GO:0035701",1,3,31072,534,0.0506782867467233,"KIT",0.168317775476482,"hematopoietic stem cell migration"
"GO:0035813",1,3,31072,534,0.0506782867467233,"CORIN",0.168317775476482,"regulation of renal sodium excretion"
"GO:0035989",1,3,31072,534,0.0506782867467233,"COMP",0.168317775476482,"tendon development"
"GO:0038093",1,3,31072,534,0.0506782867467233,"KIT",0.168317775476482,"Fc receptor signaling pathway"
"GO:0038109",1,3,31072,534,0.0506782867467233,"KIT",0.168317775476482,"Kit signaling pathway"
"GO:0042423",1,3,31072,534,0.0506782867467233,"HDC",0.168317775476482,"catecholamine biosynthetic process"
"GO:0042723",1,3,31072,534,0.0506782867467233,"SLC19A2",0.168317775476482,"thiamine-containing compound metabolic process"
"GO:0043932",1,3,31072,534,0.0506782867467233,"PTN",0.168317775476482,"ossification involved in bone remodeling"
"GO:0045123",1,3,31072,534,0.0506782867467233,"ITGA1",0.168317775476482,"cellular extravasation"
"GO:0045226",1,3,31072,534,0.0506782867467233,"HAS2",0.168317775476482,"extracellular polysaccharide biosynthetic process"
"GO:0045726",1,3,31072,534,0.0506782867467233,"TGFB2",0.168317775476482,"positive regulation of integrin biosynthetic process"
"GO:0045986",1,3,31072,534,0.0506782867467233,"PTGS2",0.168317775476482,"negative regulation of smooth muscle contraction"
"GO:0046882",1,3,31072,534,0.0506782867467233,"INHBA",0.168317775476482,"negative regulation of follicle-stimulating hormone secretion"
"GO:0047484",1,3,31072,534,0.0506782867467233,"MLC1",0.168317775476482,"regulation of response to osmotic stress"
"GO:0048232",1,3,31072,534,0.0506782867467233,"ADAMTS16",0.168317775476482,"male gamete generation"
"GO:0048505",1,3,31072,534,0.0506782867467233,"FGF9",0.168317775476482,"regulation of timing of cell differentiation"
"GO:0051353",1,3,31072,534,0.0506782867467233,"ABL2",0.168317775476482,"positive regulation of oxidoreductase activity"
"GO:0060050",1,3,31072,534,0.0506782867467233,"RAMP1",0.168317775476482,"positive regulation of protein glycosylation"
"GO:0060364",1,3,31072,534,0.0506782867467233,"MSX2",0.168317775476482,"frontal suture morphogenesis"
"GO:0060374",1,3,31072,534,0.0506782867467233,"KIT",0.168317775476482,"mast cell differentiation"
"GO:0060492",1,3,31072,534,0.0506782867467233,"WNT2",0.168317775476482,"lung induction"
"GO:0060693",1,3,31072,534,0.0506782867467233,"SNAI2",0.168317775476482,"regulation of branching involved in salivary gland morphogenesis"
"GO:0060741",1,3,31072,534,0.0506782867467233,"ID4",0.168317775476482,"prostate gland stromal morphogenesis"
"GO:0060744",1,3,31072,534,0.0506782867467233,"AREG",0.168317775476482,"mammary gland branching involved in thelarche"
"GO:0060750",1,3,31072,534,0.0506782867467233,"AREG",0.168317775476482,"epithelial cell proliferation involved in mammary gland duct elongation"
"GO:0060972",1,3,31072,534,0.0506782867467233,"SNAI1",0.168317775476482,"left/right pattern formation"
"GO:0061041",1,3,31072,534,0.0506782867467233,"TNFRSF12A",0.168317775476482,"regulation of wound healing"
"GO:0061309",1,3,31072,534,0.0506782867467233,"HAND2",0.168317775476482,"cardiac neural crest cell development involved in outflow tract morphogenesis"
"GO:0061889",1,3,31072,534,0.0506782867467233,"LDLR",0.168317775476482,"negative regulation of astrocyte activation"
"GO:0062100",1,3,31072,534,0.0506782867467233,"RIPK1",0.168317775476482,"positive regulation of programmed necrotic cell death"
"GO:0070092",1,3,31072,534,0.0506782867467233,"IL6",0.168317775476482,"regulation of glucagon secretion"
"GO:0070105",1,3,31072,534,0.0506782867467233,"RIPK1",0.168317775476482,"positive regulation of interleukin-6-mediated signaling pathway"
"GO:0070945",1,3,31072,534,0.0506782867467233,"TREM1",0.168317775476482,"neutrophil-mediated killing of gram-negative bacterium"
"GO:0071395",1,3,31072,534,0.0506782867467233,"AKR1C1",0.168317775476482,"cellular response to jasmonic acid stimulus"
"GO:0071603",1,3,31072,534,0.0506782867467233,"THBS4",0.168317775476482,"endothelial cell-cell adhesion"
"GO:0071673",1,3,31072,534,0.0506782867467233,"MDK",0.168317775476482,"positive regulation of smooth muscle cell chemotaxis"
"GO:0071709",1,3,31072,534,0.0506782867467233,"ANK3",0.168317775476482,"membrane assembly"
"GO:0072513",1,3,31072,534,0.0506782867467233,"SIX1",0.168317775476482,"positive regulation of secondary heart field cardioblast proliferation"
"GO:0072592",1,3,31072,534,0.0506782867467233,"FMO2",0.168317775476482,"oxygen metabolic process"
"GO:0072683",1,3,31072,534,0.0506782867467233,"ICAM1",0.168317775476482,"T cell extravasation"
"GO:0090118",1,3,31072,534,0.0506782867467233,"LDLR",0.168317775476482,"receptor-mediated endocytosis involved in cholesterol transport"
"GO:0097278",1,3,31072,534,0.0506782867467233,"IGHG1",0.168317775476482,"complement-dependent cytotoxicity"
"GO:0099553",1,3,31072,534,0.0506782867467233,"F2R",0.168317775476482,"trans-synaptic signaling by endocannabinoid, modulating synaptic transmission"
"GO:0099612",1,3,31072,534,0.0506782867467233,"ANK3",0.168317775476482,"protein localization to axon"
"GO:0160075",1,3,31072,534,0.0506782867467233,"NR4A1",0.168317775476482,"non-canonical inflammasome complex assembly"
"GO:1900108",1,3,31072,534,0.0506782867467233,"DACT2",0.168317775476482,"negative regulation of nodal signaling pathway"
"GO:1900408",1,3,31072,534,0.0506782867467233,"NCOA7",0.168317775476482,"negative regulation of cellular response to oxidative stress"
"GO:1901491",1,3,31072,534,0.0506782867467233,"FOXC1",0.168317775476482,"negative regulation of lymphangiogenesis"
"GO:1901533",1,3,31072,534,0.0506782867467233,"MYB",0.168317775476482,"negative regulation of hematopoietic progenitor cell differentiation"
"GO:1901534",1,3,31072,534,0.0506782867467233,"FOXC1",0.168317775476482,"positive regulation of hematopoietic progenitor cell differentiation"
"GO:1901895",1,3,31072,534,0.0506782867467233,"SLN",0.168317775476482,"negative regulation of ATPase-coupled calcium transmembrane transporter activity"
"GO:1901985",1,3,31072,534,0.0506782867467233,"ARID5A",0.168317775476482,"positive regulation of protein acetylation"
"GO:1902034",1,3,31072,534,0.0506782867467233,"SNAI2",0.168317775476482,"negative regulation of hematopoietic stem cell proliferation"
"GO:1902512",1,3,31072,534,0.0506782867467233,"IL6",0.168317775476482,"positive regulation of apoptotic DNA fragmentation"
"GO:1902952",1,3,31072,534,0.0506782867467233,"NEDD9",0.168317775476482,"positive regulation of dendritic spine maintenance"
"GO:1903003",1,3,31072,534,0.0506782867467233,"ZC3H12A",0.168317775476482,"positive regulation of protein deubiquitination"
"GO:1903817",1,3,31072,534,0.0506782867467233,"KCNAB1",0.168317775476482,"negative regulation of voltage-gated potassium channel activity"
"GO:1903984",1,3,31072,534,0.0506782867467233,"ATF3",0.168317775476482,"positive regulation of TRAIL-activated apoptotic signaling pathway"
"GO:1904030",1,3,31072,534,0.0506782867467233,"CDKN1A",0.168317775476482,"negative regulation of cyclin-dependent protein kinase activity"
"GO:1904251",1,3,31072,534,0.0506782867467233,"KIT",0.168317775476482,"regulation of bile acid metabolic process"
"GO:1904349",1,3,31072,534,0.0506782867467233,"KIT",0.168317775476482,"positive regulation of small intestine smooth muscle contraction"
"GO:1904373",1,3,31072,534,0.0506782867467233,"GDF10",0.168317775476482,"response to kainic acid"
"GO:1904637",1,3,31072,534,0.0506782867467233,"ZC3H12A",0.168317775476482,"cellular response to ionomycin"
"GO:1904977",1,3,31072,534,0.0506782867467233,"CCBE1",0.168317775476482,"lymphatic endothelial cell migration"
"GO:1905167",1,3,31072,534,0.0506782867467233,"LDLR",0.168317775476482,"positive regulation of lysosomal protein catabolic process"
"GO:1905555",1,3,31072,534,0.0506782867467233,"MDK",0.168317775476482,"positive regulation of blood vessel branching"
"GO:1990408",1,3,31072,534,0.0506782867467233,"RAMP1",0.168317775476482,"calcitonin gene-related peptide receptor signaling pathway"
"GO:2000111",1,3,31072,534,0.0506782867467233,"CDKN2A",0.168317775476482,"positive regulation of macrophage apoptotic process"
"GO:2000243",1,3,31072,534,0.0506782867467233,"FGF9",0.168317775476482,"positive regulation of reproductive process"
"GO:2000467",1,3,31072,534,0.0506782867467233,"IGF2",0.168317775476482,"positive regulation of glycogen (starch) synthase activity"
"GO:2000676",1,3,31072,534,0.0506782867467233,"IL6",0.168317775476482,"positive regulation of type B pancreatic cell apoptotic process"
"GO:2000845",1,3,31072,534,0.0506782867467233,"MYB",0.168317775476482,"positive regulation of testosterone secretion"
"GO:2001055",1,3,31072,534,0.0506782867467233,"MSX2",0.168317775476482,"positive regulation of mesenchymal cell apoptotic process"
"GO:2001170",1,3,31072,534,0.0506782867467233,"H19",0.168317775476482,"negative regulation of ATP biosynthetic process"
"GO:0030334",4,82,31072,534,0.0529605860446659,"FGF9/LMNA/PHLDA2/RHOB",0.175581042021956,"regulation of cell migration"
"GO:0002053",2,22,31072,534,0.0543009194479079,"FGF9/WNT2",0.178099272342514,"positive regulation of mesenchymal cell proliferation"
"GO:0006687",2,22,31072,534,0.0543009194479079,"CREM/KIT",0.178099272342514,"glycosphingolipid metabolic process"
"GO:0045664",2,22,31072,534,0.0543009194479079,"NTF3/SIX1",0.178099272342514,"regulation of neuron differentiation"
"GO:0045672",2,22,31072,534,0.0543009194479079,"KLF10/NEDD9",0.178099272342514,"positive regulation of osteoclast differentiation"
"GO:0048741",2,22,31072,534,0.0543009194479079,"ACTA1/SIX1",0.178099272342514,"skeletal muscle fiber development"
"GO:0140467",2,22,31072,534,0.0543009194479079,"CEBPD/FOSL1",0.178099272342514,"integrated stress response signaling"
"GO:0006606",4,83,31072,534,0.054919551411845,"BCL3/CDKN1A/FGF9/LMNA",0.179807783981841,"protein import into nucleus"
"GO:0006959",3,51,31072,534,0.0573266348371619,"CCR2/IL6/TREM1",0.1820833598848,"humoral immune response"
"GO:0043406",3,51,31072,534,0.0573266348371619,"FLT1/KIT/NTF3",0.1820833598848,"positive regulation of MAP kinase activity"
"GO:0001523",2,23,31072,534,0.0588132575778748,"AKR1C1/RDH10",0.1820833598848,"retinoid metabolic process"
"GO:0044344",2,23,31072,534,0.0588132575778748,"EGR3/NR4A1",0.1820833598848,"cellular response to fibroblast growth factor stimulus"
"GO:0046697",2,23,31072,534,0.0588132575778748,"PTGS2/PTN",0.1820833598848,"decidualization"
"GO:0048477",2,23,31072,534,0.0588132575778748,"MDK/PTN",0.1820833598848,"oogenesis"
"GO:0050900",2,23,31072,534,0.0588132575778748,"ICAM1/ITGA7",0.1820833598848,"leukocyte migration"
"GO:0051247",2,23,31072,534,0.0588132575778748,"INHBA/KLF4",0.1820833598848,"positive regulation of protein metabolic process"
"GO:0030199",3,52,31072,534,0.0600903349808513,"COMP/FOXC1/TGFB2",0.1820833598848,"collagen fibril organization"
"GO:0071363",3,52,31072,534,0.0600903349808513,"KLF4/RIPK1/SPHK1",0.1820833598848,"cellular response to growth factor stimulus"
"GO:0098609",6,162,31072,534,0.0615834415667037,"ANXA9/CDON/CYFIP2/ITGA1/ITGA7/PDLIM1",0.1820833598848,"cell-cell adhesion"
"GO:0006468",10,332,31072,534,0.0624477602560314,"ABL2/CTSG/DYRK3/EPHB3/MAP3K8/PLK3/STK17B/STK38L/TGFB2/WEE1",0.1820833598848,"protein phosphorylation"
"GO:0007612",3,53,31072,534,0.0629153817838231,"FOSL1/PTGS2/PTN",0.1820833598848,"learning"
"GO:0002092",2,24,31072,534,0.0634498723164268,"NTF3/SELE",0.1820833598848,"positive regulation of receptor internalization"
"GO:0003148",2,24,31072,534,0.0634498723164268,"MSX2/TGFB2",0.1820833598848,"outflow tract septum morphogenesis"
"GO:0042267",2,24,31072,534,0.0634498723164268,"NKG7/SLAMF7",0.1820833598848,"natural killer cell mediated cytotoxicity"
"GO:0042771",2,24,31072,534,0.0634498723164268,"BCL3/CDKN1A",0.1820833598848,"intrinsic apoptotic signaling pathway in response to DNA damage by p53 class mediator"
"GO:0042832",2,24,31072,534,0.0634498723164268,"BCL3/NKG7",0.1820833598848,"defense response to protozoan"
"GO:0051497",2,24,31072,534,0.0634498723164268,"CGNL1/DLC1",0.1820833598848,"negative regulation of stress fiber assembly"
"GO:0007204",5,125,31072,534,0.0649672637062973,"ABL2/BDKRB2/CCR2/CCR5/F2R",0.1820833598848,"positive regulation of cytosolic calcium ion concentration"
"GO:0046718",4,88,31072,534,0.0652917511440846,"CCR5/ICAM1/ITGB3/LDLR",0.1820833598848,"viral entry into host cell"
"GO:0031424",3,54,31072,534,0.0658009575613745,"CDH3/KRT17/KRTAP6-3",0.1820833598848,"keratinization"
"GO:0001865",1,4,31072,534,0.0669948014358749,"FOSL2",0.1820833598848,"NK T cell differentiation"
"GO:0001920",1,4,31072,534,0.0669948014358749,"LDLR",0.1820833598848,"negative regulation of receptor recycling"
"GO:0002291",1,4,31072,534,0.0669948014358749,"ICAM1",0.1820833598848,"T cell activation via T cell receptor contact with antigen bound to MHC molecule on antigen presenting cell"
"GO:0002455",1,4,31072,534,0.0669948014358749,"BCL3",0.1820833598848,"humoral immune response mediated by circulating immunoglobulin"
"GO:0002724",1,4,31072,534,0.0669948014358749,"CCR2",0.1820833598848,"regulation of T cell cytokine production"
"GO:0003219",1,4,31072,534,0.0669948014358749,"HAND2",0.1820833598848,"cardiac right ventricle formation"
"GO:0003266",1,4,31072,534,0.0669948014358749,"HAND2",0.1820833598848,"regulation of secondary heart field cardioblast proliferation"
"GO:0003273",1,4,31072,534,0.0669948014358749,"SNAI2",0.1820833598848,"cell migration involved in endocardial cushion formation"
"GO:0003274",1,4,31072,534,0.0669948014358749,"TGFB2",0.1820833598848,"endocardial cushion fusion"
"GO:0003289",1,4,31072,534,0.0669948014358749,"TGFB2",0.1820833598848,"atrial septum primum morphogenesis"
"GO:0010587",1,4,31072,534,0.0669948014358749,"ZC3H12A",0.1820833598848,"miRNA catabolic process"
"GO:0010656",1,4,31072,534,0.0669948014358749,"ZC3H12A",0.1820833598848,"negative regulation of muscle cell apoptotic process"
"GO:0010822",1,4,31072,534,0.0669948014358749,"PPARGC1A",0.1820833598848,"positive regulation of mitochondrion organization"
"GO:0014816",1,4,31072,534,0.0669948014358749,"CDON",0.1820833598848,"skeletal muscle satellite cell differentiation"
"GO:0014904",1,4,31072,534,0.0669948014358749,"NFATC2",0.1820833598848,"myotube cell development"
"GO:0015757",1,4,31072,534,0.0669948014358749,"SLC2A3",0.1820833598848,"galactose transmembrane transport"
"GO:0015888",1,4,31072,534,0.0669948014358749,"SLC19A2",0.1820833598848,"thiamine transport"
"GO:0015911",1,4,31072,534,0.0669948014358749,"SLC2A1",0.1820833598848,"long-chain fatty acid import across plasma membrane"
"GO:0021540",1,4,31072,534,0.0669948014358749,"PRDM8",0.1820833598848,"corpus callosum morphogenesis"
"GO:0021796",1,4,31072,534,0.0669948014358749,"EMX2",0.1820833598848,"cerebral cortex regionalization"
"GO:0021957",1,4,31072,534,0.0669948014358749,"PRDM8",0.1820833598848,"corticospinal tract morphogenesis"
"GO:0022405",1,4,31072,534,0.0669948014358749,"CDH3",0.1820833598848,"hair cycle process"
"GO:0022614",1,4,31072,534,0.0669948014358749,"ICAM1",0.1820833598848,"membrane to membrane docking"
"GO:0031017",1,4,31072,534,0.0669948014358749,"IGF2",0.1820833598848,"exocrine pancreas development"
"GO:0031223",1,4,31072,534,0.0669948014358749,"SLITRK6",0.1820833598848,"auditory behavior"
"GO:0032310",1,4,31072,534,0.0669948014358749,"PTGS2",0.1820833598848,"prostaglandin secretion"
"GO:0032369",1,4,31072,534,0.0669948014358749,"ITGB3",0.1820833598848,"negative regulation of lipid transport"
"GO:0032909",1,4,31072,534,0.0669948014358749,"TGFB2",0.1820833598848,"regulation of transforming growth factor beta2 production"
"GO:0034021",1,4,31072,534,0.0669948014358749,"SOD2",0.1820833598848,"response to silicon dioxide"
"GO:0034381",1,4,31072,534,0.0669948014358749,"LDLR",0.1820833598848,"plasma lipoprotein particle clearance"
"GO:0034393",1,4,31072,534,0.0669948014358749,"CDKN2A",0.1820833598848,"positive regulation of smooth muscle cell apoptotic process"
"GO:0035106",1,4,31072,534,0.0669948014358749,"PDE8B",0.1820833598848,"operant conditioning"
"GO:0035166",1,4,31072,534,0.0669948014358749,"KLF4",0.1820833598848,"post-embryonic hemopoiesis"
"GO:0035617",1,4,31072,534,0.0669948014358749,"DYRK3",0.1820833598848,"stress granule disassembly"
"GO:0035710",1,4,31072,534,0.0669948014358749,"NKG7",0.1820833598848,"CD4-positive, alpha-beta T cell activation"
"GO:0035880",1,4,31072,534,0.0669948014358749,"MSX2",0.1820833598848,"embryonic nail plate morphogenesis"
"GO:0035900",1,4,31072,534,0.0669948014358749,"SOD2",0.1820833598848,"response to isolation stress"
"GO:0035910",1,4,31072,534,0.0669948014358749,"TGFB2",0.1820833598848,"ascending aorta morphogenesis"
"GO:0036446",1,4,31072,534,0.0669948014358749,"FOSL2",0.1820833598848,"myofibroblast differentiation"
"GO:0042412",1,4,31072,534,0.0669948014358749,"FMO1",0.1820833598848,"taurine biosynthetic process"
"GO:0042447",1,4,31072,534,0.0669948014358749,"MME",0.1820833598848,"hormone catabolic process"
"GO:0043242",1,4,31072,534,0.0669948014358749,"SLN",0.1820833598848,"negative regulation of protein-containing complex disassembly"
"GO:0043503",1,4,31072,534,0.0669948014358749,"ACTA1",0.1820833598848,"skeletal muscle fiber adaptation"
"GO:0045578",1,4,31072,534,0.0669948014358749,"INHBA",0.1820833598848,"negative regulation of B cell differentiation"
"GO:0045604",1,4,31072,534,0.0669948014358749,"MAFF",0.1820833598848,"regulation of epidermal cell differentiation"
"GO:0045639",1,4,31072,534,0.0669948014358749,"CSF3",0.1820833598848,"positive regulation of myeloid cell differentiation"
"GO:0046683",1,4,31072,534,0.0669948014358749,"AKR1C1",0.1820833598848,"response to organophosphorus"
"GO:0046850",1,4,31072,534,0.0669948014358749,"MDK",0.1820833598848,"regulation of bone remodeling"
"GO:0048014",1,4,31072,534,0.0669948014358749,"SVEP1",0.1820833598848,"Tie signaling pathway"
"GO:0048170",1,4,31072,534,0.0669948014358749,"KIT",0.1820833598848,"positive regulation of long-term neuronal synaptic plasticity"
"GO:0051664",1,4,31072,534,0.0669948014358749,"LMNA",0.1820833598848,"nuclear pore localization"
"GO:0051891",1,4,31072,534,0.0669948014358749,"TGFB2",0.1820833598848,"positive regulation of cardioblast differentiation"
"GO:0060501",1,4,31072,534,0.0669948014358749,"WNT2",0.1820833598848,"positive regulation of epithelial cell proliferation involved in lung morphogenesis"
"GO:0060502",1,4,31072,534,0.0669948014358749,"WNT2",0.1820833598848,"epithelial cell proliferation involved in lung morphogenesis"
"GO:0061044",1,4,31072,534,0.0669948014358749,"SERPINE1",0.1820833598848,"negative regulation of vascular wound healing"
"GO:0061055",1,4,31072,534,0.0669948014358749,"SIX1",0.1820833598848,"myotome development"
"GO:0061515",1,4,31072,534,0.0669948014358749,"MYB",0.1820833598848,"myeloid cell development"
"GO:0061523",1,4,31072,534,0.0669948014358749,"NEDD9",0.1820833598848,"cilium disassembly"
"GO:0061551",1,4,31072,534,0.0669948014358749,"SIX1",0.1820833598848,"trigeminal ganglion development"
"GO:0070662",1,4,31072,534,0.0669948014358749,"KIT",0.1820833598848,"mast cell proliferation"
"GO:0070668",1,4,31072,534,0.0669948014358749,"KIT",0.1820833598848,"positive regulation of mast cell proliferation"
"GO:0070873",1,4,31072,534,0.0669948014358749,"PHLDA2",0.1820833598848,"regulation of glycogen metabolic process"
"GO:0070972",1,4,31072,534,0.0669948014358749,"PPP1R15A",0.1820833598848,"protein localization to endoplasmic reticulum"
"GO:0071284",1,4,31072,534,0.0669948014358749,"PTGS2",0.1820833598848,"cellular response to lead ion"
"GO:0071934",1,4,31072,534,0.0669948014358749,"SLC19A2",0.1820833598848,"thiamine transmembrane transport"
"GO:0072107",1,4,31072,534,0.0669948014358749,"SIX1",0.1820833598848,"positive regulation of ureteric bud formation"
"GO:0086016",1,4,31072,534,0.0669948014358749,"CACNA1G",0.1820833598848,"AV node cell action potential"
"GO:0090131",1,4,31072,534,0.0669948014358749,"ACTA1",0.1820833598848,"mesenchyme migration"
"GO:0090271",1,4,31072,534,0.0669948014358749,"PTGS2",0.1820833598848,"positive regulation of fibroblast growth factor production"
"GO:0090335",1,4,31072,534,0.0669948014358749,"DUSP10",0.1820833598848,"regulation of brown fat cell differentiation"
"GO:0090400",1,4,31072,534,0.0669948014358749,"CDKN1A",0.1820833598848,"stress-induced premature senescence"
"GO:0097154",1,4,31072,534,0.0669948014358749,"INHBA",0.1820833598848,"GABAergic neuron differentiation"
"GO:0098880",1,4,31072,534,0.0669948014358749,"ITGB3",0.1820833598848,"maintenance of postsynaptic specialization structure"
"GO:0099502",1,4,31072,534,0.0669948014358749,"SYT1",0.1820833598848,"calcium-dependent activation of synaptic vesicle fusion"
"GO:0120222",1,4,31072,534,0.0669948014358749,"KLF4",0.1820833598848,"regulation of blastocyst development"
"GO:1900060",1,4,31072,534,0.0669948014358749,"SPHK1",0.1820833598848,"negative regulation of ceramide biosynthetic process"
"GO:1900127",1,4,31072,534,0.0669948014358749,"HAS2",0.1820833598848,"positive regulation of hyaluronan biosynthetic process"
"GO:1901201",1,4,31072,534,0.0669948014358749,"HAS2",0.1820833598848,"regulation of extracellular matrix assembly"
"GO:1902231",1,4,31072,534,0.0669948014358749,"SKIL",0.1820833598848,"positive regulation of intrinsic apoptotic signaling pathway in response to DNA damage"
"GO:1903243",1,4,31072,534,0.0669948014358749,"LMNA",0.1820833598848,"negative regulation of cardiac muscle hypertrophy in response to stress"
"GO:1903292",1,4,31072,534,0.0669948014358749,"ARL5B",0.1820833598848,"protein localization to Golgi membrane"
"GO:1903905",1,4,31072,534,0.0669948014358749,"ABL2",0.1820833598848,"positive regulation of establishment of T cell polarity"
"GO:1903936",1,4,31072,534,0.0669948014358749,"ZC3H12A",0.1820833598848,"cellular response to sodium arsenite"
"GO:1904783",1,4,31072,534,0.0669948014358749,"CCR2",0.1820833598848,"positive regulation of NMDA glutamate receptor activity"
"GO:1904798",1,4,31072,534,0.0669948014358749,"FOXC1",0.1820833598848,"positive regulation of core promoter binding"
"GO:1904954",1,4,31072,534,0.0669948014358749,"WNT2",0.1820833598848,"canonical Wnt signaling pathway involved in midbrain dopaminergic neuron differentiation"
"GO:1905007",1,4,31072,534,0.0669948014358749,"TGFB2",0.1820833598848,"positive regulation of epithelial to mesenchymal transition involved in endocardial cushion formation"
"GO:1905521",1,4,31072,534,0.0669948014358749,"CCR2",0.1820833598848,"regulation of macrophage migration"
"GO:1990079",1,4,31072,534,0.0669948014358749,"COMP",0.1820833598848,"cartilage homeostasis"
"GO:2000110",1,4,31072,534,0.0669948014358749,"CCR5",0.1820833598848,"negative regulation of macrophage apoptotic process"
"GO:2000342",1,4,31072,534,0.0669948014358749,"KLF4",0.1820833598848,"negative regulation of chemokine (C-X-C motif) ligand 2 production"
"GO:2000635",1,4,31072,534,0.0669948014358749,"IL6",0.1820833598848,"negative regulation of primary miRNA processing"
"GO:2001014",1,4,31072,534,0.0669948014358749,"SIX1",0.1820833598848,"regulation of skeletal muscle cell differentiation"
"GO:0009954",2,25,31072,534,0.0682051774942155,"GLI1/HOXA9",0.183475916066311,"proximal/distal pattern formation"
"GO:0017157",2,25,31072,534,0.0682051774942155,"RAB3C/SYT1",0.183475916066311,"regulation of exocytosis"
"GO:0042104",2,25,31072,534,0.0682051774942155,"EPO/IGF2",0.183475916066311,"positive regulation of activated T cell proliferation"
"GO:0042476",2,25,31072,534,0.0682051774942155,"INHBA/TGFB2",0.183475916066311,"odontogenesis"
"GO:0044331",2,25,31072,534,0.0682051774942155,"CDH19/CDH3",0.183475916066311,"cell-cell adhesion mediated by cadherin"
"GO:0097421",2,25,31072,534,0.0682051774942155,"GLI1/IL6",0.183475916066311,"liver regeneration"
"GO:1900017",2,25,31072,534,0.0682051774942155,"H19/IL6",0.183475916066311,"positive regulation of cytokine production involved in inflammatory response"
"GO:0007507",6,167,31072,534,0.0691608038873721,"CDKN1A/FOXC1/HAND2/PDLIM1/SOD2/TGFB2",0.18577500606243,"heart development"
"GO:0001701",6,169,31072,534,0.0723362517910536,"FOSL1/FOXC1/HAND2/IGF2/MAFF/RDH10",0.194021433375421,"in utero embryonic development"
"GO:0050769",2,26,31072,534,0.0730737416033425,"MME/WNT2",0.194356539535914,"positive regulation of neurogenesis"
"GO:2000648",2,26,31072,534,0.0730737416033425,"FGF9/NANOG",0.194356539535914,"positive regulation of stem cell proliferation"
"GO:0007169",4,92,31072,534,0.0742711646733712,"BDKRB2/FLT1/NEDD9/NTF3",0.194356539535914,"transmembrane receptor protein tyrosine kinase signaling pathway"
"GO:0070373",3,57,31072,534,0.0748123025281129,"ATF3/DUSP10/LMO3",0.194356539535914,"negative regulation of ERK1 and ERK2 cascade"
"GO:0001934",6,171,31072,534,0.0755940333631021,"CDKN1A/CDON/FGF9/INHBA/ITGB3/RIPK1",0.194356539535914,"positive regulation of protein phosphorylation"
"GO:0045727",3,58,31072,534,0.077931323438506,"BCL3/IL6/KRT17",0.194356539535914,"positive regulation of translation"
"GO:0001662",2,27,31072,534,0.0780502841477907,"MDK/PDE8B",0.194356539535914,"behavioral fear response"
"GO:0007159",2,27,31072,534,0.0780502841477907,"ICAM1/SELE",0.194356539535914,"leukocyte cell-cell adhesion"
"GO:0050832",2,27,31072,534,0.0780502841477907,"CTSG/GNLY",0.194356539535914,"defense response to fungus"
"GO:1902042",2,27,31072,534,0.0780502841477907,"ICAM1/SERPINE1",0.194356539535914,"negative regulation of extrinsic apoptotic signaling pathway via death domain receptors"
"GO:0032760",4,94,31072,534,0.0789830593664103,"ARID5A/CCR2/IL6/RIPK1",0.194356539535914,"positive regulation of tumor necrosis factor production"
"GO:0070098",3,59,31072,534,0.08110642905663,"CCR2/CCR5/FOXC1",0.194356539535914,"chemokine-mediated signaling pathway"
"GO:0000303",1,5,31072,534,0.083031391368707,"SOD2",0.194356539535914,"response to superoxide"
"GO:0001714",1,5,31072,534,0.083031391368707,"NANOG",0.194356539535914,"endodermal cell fate specification"
"GO:0002248",1,5,31072,534,0.083031391368707,"F2R",0.194356539535914,"connective tissue replacement involved in inflammatory response wound healing"
"GO:0002327",1,5,31072,534,0.083031391368707,"KIT",0.194356539535914,"immature B cell differentiation"
"GO:0002693",1,5,31072,534,0.083031391368707,"ICAM1",0.194356539535914,"positive regulation of cellular extravasation"
"GO:0002829",1,5,31072,534,0.083031391368707,"CCR2",0.194356539535914,"negative regulation of type 2 immune response"
"GO:0003179",1,5,31072,534,0.083031391368707,"TGFB2",0.194356539535914,"heart valve morphogenesis"
"GO:0006144",1,5,31072,534,0.083031391368707,"TTR",0.194356539535914,"purine nucleobase metabolic process"
"GO:0006548",1,5,31072,534,0.083031391368707,"HDC",0.194356539535914,"histidine catabolic process"
"GO:0006670",1,5,31072,534,0.083031391368707,"SPHK1",0.194356539535914,"sphingosine metabolic process"
"GO:0007044",1,5,31072,534,0.083031391368707,"ITGB3",0.194356539535914,"cell-substrate junction assembly"
"GO:0008582",1,5,31072,534,0.083031391368707,"SIX1",0.194356539535914,"regulation of synaptic assembly at neuromuscular junction"
"GO:0009143",1,5,31072,534,0.083031391368707,"ENTPD3",0.194356539535914,"nucleoside triphosphate catabolic process"
"GO:0009229",1,5,31072,534,0.083031391368707,"SLC19A2",0.194356539535914,"thiamine diphosphate biosynthetic process"
"GO:0009629",1,5,31072,534,0.083031391368707,"FOSL1",0.194356539535914,"response to gravity"
"GO:0009750",1,5,31072,534,0.083031391368707,"PTGS2",0.194356539535914,"response to fructose"
"GO:0010828",1,5,31072,534,0.083031391368707,"NR4A3",0.194356539535914,"positive regulation of glucose transmembrane transport"
"GO:0014706",1,5,31072,534,0.083031391368707,"IFRD1",0.194356539535914,"striated muscle tissue development"
"GO:0014829",1,5,31072,534,0.083031391368707,"COMP",0.194356539535914,"vascular associated smooth muscle contraction"
"GO:0014842",1,5,31072,534,0.083031391368707,"SIX1",0.194356539535914,"regulation of skeletal muscle satellite cell proliferation"
"GO:0031622",1,5,31072,534,0.083031391368707,"PTGS2",0.194356539535914,"positive regulation of fever generation"
"GO:0032388",1,5,31072,534,0.083031391368707,"MLC1",0.194356539535914,"positive regulation of intracellular transport"
"GO:0032497",1,5,31072,534,0.083031391368707,"NR4A1",0.194356539535914,"detection of lipopolysaccharide"
"GO:0033591",1,5,31072,534,0.083031391368707,"SOD2",0.194356539535914,"response to L-ascorbic acid"
"GO:0034112",1,5,31072,534,0.083031391368707,"ANK3",0.194356539535914,"positive regulation of homotypic cell-cell adhesion"
"GO:0038027",1,5,31072,534,0.083031391368707,"ITGB3",0.194356539535914,"apolipoprotein A-I-mediated signaling pathway"
"GO:0038031",1,5,31072,534,0.083031391368707,"FZD10",0.194356539535914,"non-canonical Wnt signaling pathway via JNK cascade"
"GO:0038135",1,5,31072,534,0.083031391368707,"HBEGF",0.194356539535914,"ERBB2-ERBB4 signaling pathway"
"GO:0038170",1,5,31072,534,0.083031391368707,"SSTR2",0.194356539535914,"somatostatin signaling pathway"
"GO:0043266",1,5,31072,534,0.083031391368707,"ANK3",0.194356539535914,"regulation of potassium ion transport"
"GO:0043320",1,5,31072,534,0.083031391368707,"NKG7",0.194356539535914,"natural killer cell degranulation"
"GO:0043462",1,5,31072,534,0.083031391368707,"TNNT3",0.194356539535914,"regulation of ATP-dependent activity"
"GO:0043576",1,5,31072,534,0.083031391368707,"NR4A2",0.194356539535914,"regulation of respiratory gaseous exchange"
"GO:0044857",1,5,31072,534,0.083031391368707,"COLEC12",0.194356539535914,"plasma membrane raft organization"
"GO:0045590",1,5,31072,534,0.083031391368707,"MDK",0.194356539535914,"negative regulation of regulatory T cell differentiation"
"GO:0045653",1,5,31072,534,0.083031391368707,"MYB",0.194356539535914,"negative regulation of megakaryocyte differentiation"
"GO:0045838",1,5,31072,534,0.083031391368707,"ANK3",0.194356539535914,"positive regulation of membrane potential"
"GO:0046069",1,5,31072,534,0.083031391368707,"PDE5A",0.194356539535914,"cGMP catabolic process"
"GO:0048341",1,5,31072,534,0.083031391368707,"FOXC1",0.194356539535914,"paraxial mesoderm formation"
"GO:0048541",1,5,31072,534,0.083031391368707,"TOX",0.194356539535914,"Peyer's patch development"
"GO:0048633",1,5,31072,534,0.083031391368707,"IGF2",0.194356539535914,"positive regulation of skeletal muscle tissue growth"
"GO:0048672",1,5,31072,534,0.083031391368707,"RND2",0.194356539535914,"positive regulation of collateral sprouting"
"GO:0048679",1,5,31072,534,0.083031391368707,"KLF4",0.194356539535914,"regulation of axon regeneration"
"GO:0048730",1,5,31072,534,0.083031391368707,"KLF4",0.194356539535914,"epidermis morphogenesis"
"GO:0050871",1,5,31072,534,0.083031391368707,"IL6",0.194356539535914,"positive regulation of B cell activation"
"GO:0050881",1,5,31072,534,0.083031391368707,"COMP",0.194356539535914,"musculoskeletal movement"
"GO:0051354",1,5,31072,534,0.083031391368707,"GZMA",0.194356539535914,"negative regulation of oxidoreductase activity"
"GO:0051388",1,5,31072,534,0.083031391368707,"CYFIP2",0.194356539535914,"positive regulation of neurotrophin TRK receptor signaling pathway"
"GO:0051546",1,5,31072,534,0.083031391368707,"LRG1",0.194356539535914,"keratinocyte migration"
"GO:0060011",1,5,31072,534,0.083031391368707,"FGF9",0.194356539535914,"Sertoli cell proliferation"
"GO:0060266",1,5,31072,534,0.083031391368707,"DUSP10",0.194356539535914,"negative regulation of respiratory burst involved in inflammatory response"
"GO:0060267",1,5,31072,534,0.083031391368707,"IGHA1",0.194356539535914,"positive regulation of respiratory burst"
"GO:0060429",1,5,31072,534,0.083031391368707,"SNAI2",0.194356539535914,"epithelium development"
"GO:0060545",1,5,31072,534,0.083031391368707,"RIPK1",0.194356539535914,"positive regulation of necroptotic process"
"GO:0060574",1,5,31072,534,0.083031391368707,"CDKN1A",0.194356539535914,"intestinal epithelial cell maturation"
"GO:0060700",1,5,31072,534,0.083031391368707,"PDE3A",0.194356539535914,"regulation of ribonuclease activity"
"GO:0060761",1,5,31072,534,0.083031391368707,"KLF4",0.194356539535914,"negative regulation of response to cytokine stimulus"
"GO:0061470",1,5,31072,534,0.083031391368707,"IL6",0.194356539535914,"T follicular helper cell differentiation"
"GO:0061975",1,5,31072,534,0.083031391368707,"OGN",0.194356539535914,"articular cartilage development"
"GO:0070296",1,5,31072,534,0.083031391368707,"SLN",0.194356539535914,"sarcoplasmic reticulum calcium ion transport"
"GO:0070842",1,5,31072,534,0.083031391368707,"BAG3",0.194356539535914,"aggresome assembly"
"GO:0071417",1,5,31072,534,0.083031391368707,"ACTA1",0.194356539535914,"cellular response to organonitrogen compound"
"GO:0071599",1,5,31072,534,0.083031391368707,"SIX1",0.194356539535914,"otic vesicle development"
"GO:0072201",1,5,31072,534,0.083031391368707,"LMNA",0.194356539535914,"negative regulation of mesenchymal cell proliferation"
"GO:0072584",1,5,31072,534,0.083031391368707,"MLC1",0.194356539535914,"caveolin-mediated endocytosis"
"GO:0086015",1,5,31072,534,0.083031391368707,"CACNA1G",0.194356539535914,"SA node cell action potential"
"GO:0086045",1,5,31072,534,0.083031391368707,"CACNA1G",0.194356539535914,"membrane depolarization during AV node cell action potential"
"GO:0086046",1,5,31072,534,0.083031391368707,"CACNA1G",0.194356539535914,"membrane depolarization during SA node cell action potential"
"GO:0090166",1,5,31072,534,0.083031391368707,"PLK3",0.194356539535914,"Golgi disassembly"
"GO:0097021",1,5,31072,534,0.083031391368707,"NEDD9",0.194356539535914,"lymphocyte migration into lymphoid organs"
"GO:0097187",1,5,31072,534,0.083031391368707,"SERPINE1",0.194356539535914,"dentinogenesis"
"GO:0099159",1,5,31072,534,0.083031391368707,"RHOB",0.194356539535914,"regulation of modification of postsynaptic structure"
"GO:0110053",1,5,31072,534,0.083031391368707,"CSF3",0.194356539535914,"regulation of actin filament organization"
"GO:0140459",1,5,31072,534,0.083031391368707,"FOSL2",0.194356539535914,"response to Gram-positive bacterium"
"GO:1901020",1,5,31072,534,0.083031391368707,"SLN",0.194356539535914,"negative regulation of calcium ion transmembrane transporter activity"
"GO:1901142",1,5,31072,534,0.083031391368707,"FOSL2",0.194356539535914,"insulin metabolic process"
"GO:1901537",1,5,31072,534,0.083031391368707,"TOX",0.194356539535914,"positive regulation of DNA demethylation"
"GO:1903912",1,5,31072,534,0.083031391368707,"PPP1R15B",0.194356539535914,"negative regulation of endoplasmic reticulum stress-induced eIF2 alpha phosphorylation"
"GO:1905064",1,5,31072,534,0.083031391368707,"NFATC2",0.194356539535914,"negative regulation of vascular associated smooth muscle cell differentiation"
"GO:1905563",1,5,31072,534,0.083031391368707,"FLT1",0.194356539535914,"negative regulation of vascular endothelial cell proliferation"
"GO:1905598",1,5,31072,534,0.083031391368707,"ITGB3",0.194356539535914,"negative regulation of low-density lipoprotein receptor activity"
"GO:2000439",1,5,31072,534,0.083031391368707,"CCR2",0.194356539535914,"positive regulation of monocyte extravasation"
"GO:2000491",1,5,31072,534,0.083031391368707,"MYB",0.194356539535914,"positive regulation of hepatic stellate cell activation"
"GO:2000627",1,5,31072,534,0.083031391368707,"ZC3H12A",0.194356539535914,"positive regulation of miRNA catabolic process"
"GO:2000651",1,5,31072,534,0.083031391368707,"ANK3",0.194356539535914,"positive regulation of sodium ion transmembrane transporter activity"
"GO:2000660",1,5,31072,534,0.083031391368707,"IL6",0.194356539535914,"negative regulation of interleukin-1-mediated signaling pathway"
"GO:0045840",2,28,31072,534,0.0831296720732415,"IGF2/SPHK1",0.194356539535914,"positive regulation of mitotic nuclear division"
"GO:0071345",2,28,31072,534,0.0831296720732415,"CSF3/MME",0.194356539535914,"cellular response to cytokine stimulus"
"GO:2001238",2,28,31072,534,0.0831296720732415,"RIPK1/TNFRSF12A",0.194356539535914,"positive regulation of extrinsic apoptotic signaling pathway"
"GO:0070374",6,176,31072,534,0.0840968566122404,"EPO/F2R/HAND2/ICAM1/INHBA/ITGB3",0.195933679410289,"positive regulation of ERK1 and ERK2 cascade"
"GO:0006898",3,60,31072,534,0.0843366707026898,"LDLR/LRP1B/VLDLR",0.195933679410289,"receptor-mediated endocytosis"
"GO:0007611",3,60,31072,534,0.0843366707026898,"EGR2/MME/NEDD9",0.195933679410289,"learning or memory"
"GO:0021987",3,60,31072,534,0.0843366707026898,"CDON/MDK/SLC2A1",0.195933679410289,"cerebral cortex development"
"GO:0042531",3,60,31072,534,0.0843366707026898,"EPO/IL6/KIT",0.195933679410289,"positive regulation of tyrosine phosphorylation of STAT protein"
"GO:0001975",2,29,31072,534,0.0883069162746355,"NR4A1/NR4A2",0.202852342004156,"response to amphetamine"
"GO:0008015",2,29,31072,534,0.0883069162746355,"BDKRB2/EPO",0.202852342004156,"blood circulation"
"GO:0034113",2,29,31072,534,0.0883069162746355,"ITGA7/ITGB3",0.202852342004156,"heterotypic cell-cell adhesion"
"GO:0045880",2,29,31072,534,0.0883069162746355,"FGF9/GLI1",0.202852342004156,"positive regulation of smoothened signaling pathway"
"GO:0045907",2,29,31072,534,0.0883069162746355,"F2R/PTGS2",0.202852342004156,"positive regulation of vasoconstriction"
"GO:0048008",2,29,31072,534,0.0883069162746355,"ITGB3/NR4A3",0.202852342004156,"platelet-derived growth factor receptor signaling pathway"
"GO:0050778",2,29,31072,534,0.0883069162746355,"CTSG/TGFB2",0.202852342004156,"positive regulation of immune response"
"GO:0051017",2,29,31072,534,0.0883069162746355,"FAM107A/NEDD9",0.202852342004156,"actin filament bundle assembly"
"GO:0051968",2,29,31072,534,0.0883069162746355,"CCR2/PTGS2",0.202852342004156,"positive regulation of synaptic transmission, glutamatergic"
"GO:0006979",4,98,31072,534,0.0888401512905539,"NCOA7/PDLIM1/PTGS2/RIPK1",0.203822790990797,"response to oxidative stress"
"GO:0007224",3,62,31072,534,0.0909586865900394,"CDON/FGF9/GLI1",0.204771336547541,"smoothened signaling pathway"
"GO:0002052",2,30,31072,534,0.0935771681798651,"CDON/ID4",0.204771336547541,"positive regulation of neuroblast proliferation"
"GO:0006367",2,30,31072,534,0.0935771681798651,"PPARGC1A/TAF13",0.204771336547541,"transcription initiation at RNA polymerase II promoter"
"GO:0006904",2,30,31072,534,0.0935771681798651,"RAB3C/SYTL2",0.204771336547541,"vesicle docking involved in exocytosis"
"GO:0034332",2,30,31072,534,0.0935771681798651,"CDH19/CDH3",0.204771336547541,"adherens junction organization"
"GO:0045787",2,30,31072,534,0.0935771681798651,"FOSL1/TGFB2",0.204771336547541,"positive regulation of cell cycle"
"GO:0030308",4,100,31072,534,0.0939803618300225,"CDKN1A/CDKN2A/INHBA/TGFB2",0.204771336547541,"negative regulation of cell growth"
"GO:0000082",3,63,31072,534,0.0943484868316567,"CDKN1A/ID4/PLK3",0.204771336547541,"G1/S transition of mitotic cell cycle"
"GO:0034976",3,63,31072,534,0.0943484868316567,"PPP1R15A/PPP1R15B/THBS4",0.204771336547541,"response to endoplasmic reticulum stress"
"GO:0098586",3,63,31072,534,0.0943484868316567,"H19/IL6/ZC3H12A",0.204771336547541,"cellular response to virus"
"GO:0009887",4,101,31072,534,0.0966022083567439,"COMP/FGF9/IGF2/PHLDA2",0.204771336547541,"animal organ morphogenesis"
"GO:0050829",3,64,31072,534,0.0977894777344209,"CTSG/IL6/SERPINE1",0.204771336547541,"defense response to Gram-negative bacterium"
"GO:0046777",5,142,31072,534,0.0987922991725631,"EPHB3/FLT1/KIT/RIPK1/STK17B",0.204771336547541,"protein autophosphorylation"
"GO:0002320",1,6,31072,534,0.0987928500550658,"KIT",0.204771336547541,"lymphoid progenitor cell differentiation"
"GO:0006910",1,6,31072,534,0.0987928500550658,"COLEC12",0.204771336547541,"phagocytosis, recognition"
"GO:0007185",1,6,31072,534,0.0987928500550658,"PTN",0.204771336547541,"transmembrane receptor protein tyrosine phosphatase signaling pathway"
"GO:0008219",1,6,31072,534,0.0987928500550658,"FOSL2",0.204771336547541,"cell death"
"GO:0009134",1,6,31072,534,0.0987928500550658,"ENTPD3",0.204771336547541,"nucleoside diphosphate catabolic process"
"GO:0010172",1,6,31072,534,0.0987928500550658,"CDON",0.204771336547541,"embryonic body morphogenesis"
"GO:0010269",1,6,31072,534,0.0987928500550658,"SOD2",0.204771336547541,"response to selenium ion"
"GO:0010573",1,6,31072,534,0.0987928500550658,"IL6",0.204771336547541,"vascular endothelial growth factor production"
"GO:0014031",1,6,31072,534,0.0987928500550658,"FOXC1",0.204771336547541,"mesenchymal cell development"
"GO:0014037",1,6,31072,534,0.0987928500550658,"EGR2",0.204771336547541,"Schwann cell differentiation"
"GO:0014856",1,6,31072,534,0.0987928500550658,"MYB",0.204771336547541,"skeletal muscle cell proliferation"
"GO:0015884",1,6,31072,534,0.0987928500550658,"SLC19A2",0.204771336547541,"folic acid transport"
"GO:0030213",1,6,31072,534,0.0987928500550658,"HAS2",0.204771336547541,"hyaluronan biosynthetic process"
"GO:0030240",1,6,31072,534,0.0987928500550658,"ACTA1",0.204771336547541,"skeletal muscle thin filament assembly"
"GO:0032494",1,6,31072,534,0.0987928500550658,"IL6",0.204771336547541,"response to peptidoglycan"
"GO:0032682",1,6,31072,534,0.0987928500550658,"IL6",0.204771336547541,"negative regulation of chemokine production"
"GO:0032958",1,6,31072,534,0.0987928500550658,"ITPKC",0.204771336547541,"inositol phosphate biosynthetic process"
"GO:0033278",1,6,31072,534,0.0987928500550658,"WNT2",0.204771336547541,"cell proliferation in midbrain"
"GO:0033603",1,6,31072,534,0.0987928500550658,"SYT1",0.204771336547541,"positive regulation of dopamine secretion"
"GO:0035308",1,6,31072,534,0.0987928500550658,"PPP1R15A",0.204771336547541,"negative regulation of protein dephosphorylation"
"GO:0035754",1,6,31072,534,0.0987928500550658,"CH25H",0.204771336547541,"B cell chemotaxis"
"GO:0040020",1,6,31072,534,0.0987928500550658,"PDE3A",0.204771336547541,"regulation of meiotic nuclear division"
"GO:0042159",1,6,31072,534,0.0987928500550658,"LDLR",0.204771336547541,"lipoprotein catabolic process"
"GO:0043584",1,6,31072,534,0.0987928500550658,"RDH10",0.204771336547541,"nose development"
"GO:0045650",1,6,31072,534,0.0987928500550658,"INHBA",0.204771336547541,"negative regulation of macrophage differentiation"
"GO:0046641",1,6,31072,534,0.0987928500550658,"CCR2",0.204771336547541,"positive regulation of alpha-beta T cell proliferation"
"GO:0046813",1,6,31072,534,0.0987928500550658,"ICAM1",0.204771336547541,"receptor-mediated virion attachment to host cell"
"GO:0046881",1,6,31072,534,0.0987928500550658,"INHBA",0.204771336547541,"positive regulation of follicle-stimulating hormone secretion"
"GO:0046985",1,6,31072,534,0.0987928500550658,"KLF4",0.204771336547541,"positive regulation of hemoglobin biosynthetic process"
"GO:0048023",1,6,31072,534,0.0987928500550658,"CDH3",0.204771336547541,"positive regulation of melanin biosynthetic process"
"GO:0048845",1,6,31072,534,0.0987928500550658,"CCBE1",0.204771336547541,"venous blood vessel morphogenesis"
"GO:0051058",1,6,31072,534,0.0987928500550658,"CGNL1",0.204771336547541,"negative regulation of small GTPase mediated signal transduction"
"GO:0051147",1,6,31072,534,0.0987928500550658,"IGF2",0.204771336547541,"regulation of muscle cell differentiation"
"GO:0051291",1,6,31072,534,0.0987928500550658,"SYT1",0.204771336547541,"protein heterooligomerization"
"GO:0055009",1,6,31072,534,0.0987928500550658,"WNT2",0.204771336547541,"atrial cardiac muscle tissue morphogenesis"
"GO:0055015",1,6,31072,534,0.0987928500550658,"LMNA",0.204771336547541,"ventricular cardiac muscle cell development"
"GO:0060059",1,6,31072,534,0.0987928500550658,"CDON",0.204771336547541,"embryonic retina morphogenesis in camera-type eye"
"GO:0060363",1,6,31072,534,0.0987928500550658,"MSX2",0.204771336547541,"cranial suture morphogenesis"
"GO:0060628",1,6,31072,534,0.0987928500550658,"GAS1",0.204771336547541,"regulation of ER to Golgi vesicle-mediated transport"
"GO:0060669",1,6,31072,534,0.0987928500550658,"IGF2",0.204771336547541,"embryonic placenta morphogenesis"
"GO:0061180",1,6,31072,534,0.0987928500550658,"WNT2",0.204771336547541,"mammary gland epithelium development"
"GO:0061669",1,6,31072,534,0.0987928500550658,"SYT1",0.204771336547541,"spontaneous neurotransmitter secretion"
"GO:0061684",1,6,31072,534,0.0987928500550658,"BAG3",0.204771336547541,"chaperone-mediated autophagy"
"GO:0070295",1,6,31072,534,0.0987928500550658,"HAS2",0.204771336547541,"renal water absorption"
"GO:0070508",1,6,31072,534,0.0987928500550658,"LDLR",0.204771336547541,"cholesterol import"
"GO:0070782",1,6,31072,534,0.0987928500550658,"XKR4",0.204771336547541,"phosphatidylserine exposure on apoptotic cell surface"
"GO:0071286",1,6,31072,534,0.0987928500550658,"ANK3",0.204771336547541,"cellular response to magnesium ion"
"GO:0071499",1,6,31072,534,0.0987928500550658,"KLF4",0.204771336547541,"cellular response to laminar fluid shear stress"
"GO:0071870",1,6,31072,534,0.0987928500550658,"NR4A3",0.204771336547541,"cellular response to catecholamine stimulus"
"GO:0072126",1,6,31072,534,0.0987928500550658,"ITGB3",0.204771336547541,"positive regulation of glomerular mesangial cell proliferation"
"GO:0090091",1,6,31072,534,0.0987928500550658,"IL6",0.204771336547541,"positive regulation of extracellular matrix disassembly"
"GO:0090402",1,6,31072,534,0.0987928500550658,"CDKN1A",0.204771336547541,"oncogene-induced cell senescence"
"GO:0090435",1,6,31072,534,0.0987928500550658,"LMNA",0.204771336547541,"protein localization to nuclear envelope"
"GO:0097350",1,6,31072,534,0.0987928500550658,"CCR2",0.204771336547541,"neutrophil clearance"
"GO:0097647",1,6,31072,534,0.0987928500550658,"RAMP1",0.204771336547541,"amylin receptor signaling pathway"
"GO:1900748",1,6,31072,534,0.0987928500550658,"CCBE1",0.204771336547541,"positive regulation of vascular endothelial growth factor signaling pathway"
"GO:1901857",1,6,31072,534,0.0987928500550658,"PPARGC1A",0.204771336547541,"positive regulation of cellular respiration"
"GO:1902083",1,6,31072,534,0.0987928500550658,"NCOA7",0.204771336547541,"negative regulation of peptidyl-cysteine S-nitrosylation"
"GO:1903432",1,6,31072,534,0.0987928500550658,"DYRK3",0.204771336547541,"regulation of TORC1 signaling"
"GO:1903753",1,6,31072,534,0.0987928500550658,"DUSP10",0.204771336547541,"negative regulation of p38MAPK cascade"
"GO:1903829",1,6,31072,534,0.0987928500550658,"NEDD9",0.204771336547541,"positive regulation of protein localization"
"GO:1904894",1,6,31072,534,0.0987928500550658,"IL6",0.204771336547541,"positive regulation of receptor signaling pathway via STAT"
"GO:1990264",1,6,31072,534,0.0987928500550658,"DUSP10",0.204771336547541,"peptidyl-tyrosine dephosphorylation involved in inactivation of protein kinase activity"
"GO:1990384",1,6,31072,534,0.0987928500550658,"FLT1",0.204771336547541,"hyaloid vascular plexus regression"
"GO:1990776",1,6,31072,534,0.0987928500550658,"PTGS2",0.204771336547541,"response to angiotensin"
"GO:2000144",1,6,31072,534,0.0987928500550658,"FOSL1",0.204771336547541,"positive regulation of DNA-templated transcription initiation"
"GO:2000253",1,6,31072,534,0.0987928500550658,"NR4A3",0.204771336547541,"positive regulation of feeding behavior"
"GO:0031100",2,31,31072,534,0.0989357164080238,"CDKN1A/NR4A3",0.204771336547541,"animal organ regeneration"
"GO:0033574",2,31,31072,534,0.0989357164080238,"EPO/HOXA9",0.204771336547541,"response to testosterone"
"GO:0035987",2,31,31072,534,0.0989357164080238,"INHBA/ITGA7",0.204771336547541,"endodermal cell differentiation"
"GO:0045333",2,31,31072,534,0.0989357164080238,"NR4A3/PPARGC1A",0.204771336547541,"cellular respiration"
"GO:0048678",2,31,31072,534,0.0989357164080238,"EPO/SOD2",0.204771336547541,"response to axon injury"
"GO:0071392",2,31,31072,534,0.0989357164080238,"MSX2/SSTR2",0.204771336547541,"cellular response to estradiol stimulus"
"GO:1901796",2,31,31072,534,0.0989357164080238,"MLF1/PLK3",0.204771336547541,"regulation of signal transduction by p53 class mediator"
"GO:0006351",3,65,31072,534,0.101280641879151,"HOXA9/MLF1/NR4A2",0.209154187494543,"DNA-templated transcription"
"GO:0042060",3,65,31072,534,0.101280641879151,"CDKN1A/ITGB3/TGFB2",0.209154187494543,"wound healing"
"GO:0030198",5,144,31072,534,0.103260515732537,"ADAMTS1/ADAMTS16/ADAMTS4/BCL3/CRISPLD2",0.213003754425861,"extracellular matrix organization"
"GO:0001890",2,32,31072,534,0.104377983500664,"MME/PHLDA2",0.214108684103927,"placenta development"
"GO:0006958",2,32,31072,534,0.104377983500664,"IGHA1/IGHG1",0.214108684103927,"complement activation, classical pathway"
"GO:0030100",2,32,31072,534,0.104377983500664,"ABL2/SPHK1",0.214108684103927,"regulation of endocytosis"
"GO:0035633",2,32,31072,534,0.104377983500664,"IL6/PTGS2",0.214108684103927,"maintenance of blood-brain barrier"
"GO:0045747",2,32,31072,534,0.104377983500664,"KIT/TGFB2",0.214108684103927,"positive regulation of Notch signaling pathway"
"GO:0001933",3,66,31072,534,0.104820951876157,"CDKN1A/PPP1R15B/ZC3H12A",0.21477789694001,"negative regulation of protein phosphorylation"
"GO:0008217",3,67,31072,534,0.10840937151292,"CORIN/PTGS2/SOD2",0.216785933907972,"regulation of blood pressure"
"GO:0030326",2,33,31072,534,0.109899522724551,"FGF9/TGFB2",0.216785933907972,"embryonic limb morphogenesis"
"GO:0032570",2,33,31072,534,0.109899522724551,"FOSL1/TGFB2",0.216785933907972,"response to progesterone"
"GO:0032689",2,33,31072,534,0.109899522724551,"INHBA/ZC3H12A",0.216785933907972,"negative regulation of type II interferon production"
"GO:0034504",2,33,31072,534,0.109899522724551,"LMNA/SIX1",0.216785933907972,"protein localization to nucleus"
"GO:0048813",2,33,31072,534,0.109899522724551,"SDC2/VLDLR",0.216785933907972,"dendrite morphogenesis"
"GO:0097192",2,33,31072,534,0.109899522724551,"BAG3/MCL1",0.216785933907972,"extrinsic apoptotic signaling pathway in absence of ligand"
"GO:0006813",3,68,31072,534,0.112044856856831,"KCNAB1/KCNG1/KCNK6",0.216785933907972,"potassium ion transport"
"GO:0035264",3,68,31072,534,0.112044856856831,"COMP/FOSL2/SLITRK6",0.216785933907972,"multicellular organism growth"
"GO:0001542",1,7,31072,534,0.114283889071051,"ADAMTS1",0.216785933907972,"ovulation from ovarian follicle"
"GO:0001816",1,7,31072,534,0.114283889071051,"NFATC2",0.216785933907972,"cytokine production"
"GO:0002067",1,7,31072,534,0.114283889071051,"KLF4",0.216785933907972,"glandular epithelial cell differentiation"
"GO:0002260",1,7,31072,534,0.114283889071051,"SKIL",0.216785933907972,"lymphocyte homeostasis"
"GO:0003149",1,7,31072,534,0.114283889071051,"TGFB2",0.216785933907972,"membranous septum morphogenesis"
"GO:0003163",1,7,31072,534,0.114283889071051,"CACNA1G",0.216785933907972,"sinoatrial node development"
"GO:0003253",1,7,31072,534,0.114283889071051,"HAND2",0.216785933907972,"cardiac neural crest cell migration involved in outflow tract morphogenesis"
"GO:0003357",1,7,31072,534,0.114283889071051,"HAND2",0.216785933907972,"noradrenergic neuron differentiation"
"GO:0003376",1,7,31072,534,0.114283889071051,"SPHK1",0.216785933907972,"sphingosine-1-phosphate receptor signaling pathway"
"GO:0006776",1,7,31072,534,0.114283889071051,"RBP1",0.216785933907972,"vitamin A metabolic process"
"GO:0007435",1,7,31072,534,0.114283889071051,"TGFB2",0.216785933907972,"salivary gland morphogenesis"
"GO:0009624",1,7,31072,534,0.114283889071051,"PTGS2",0.216785933907972,"response to nematode"
"GO:0010815",1,7,31072,534,0.114283889071051,"MME",0.216785933907972,"bradykinin catabolic process"
"GO:0010960",1,7,31072,534,0.114283889071051,"ANK3",0.216785933907972,"magnesium ion homeostasis"
"GO:0016126",1,7,31072,534,0.114283889071051,"CH25H",0.216785933907972,"sterol biosynthetic process"
"GO:0018095",1,7,31072,534,0.114283889071051,"TTLL7",0.216785933907972,"protein polyglutamylation"
"GO:0021612",1,7,31072,534,0.114283889071051,"EGR2",0.216785933907972,"facial nerve structural organization"
"GO:0030011",1,7,31072,534,0.114283889071051,"PDLIM1",0.216785933907972,"maintenance of cell polarity"
"GO:0031394",1,7,31072,534,0.114283889071051,"PTGS2",0.216785933907972,"positive regulation of prostaglandin biosynthetic process"
"GO:0032060",1,7,31072,534,0.114283889071051,"EMP1",0.216785933907972,"bleb assembly"
"GO:0032364",1,7,31072,534,0.114283889071051,"SOD2",0.216785933907972,"intracellular oxygen homeostasis"
"GO:0032808",1,7,31072,534,0.114283889071051,"FOXC1",0.216785933907972,"lacrimal gland development"
"GO:0032927",1,7,31072,534,0.114283889071051,"FGF9",0.216785933907972,"positive regulation of activin receptor signaling pathway"
"GO:0032966",1,7,31072,534,0.114283889071051,"IL6",0.216785933907972,"negative regulation of collagen biosynthetic process"
"GO:0034384",1,7,31072,534,0.114283889071051,"LDLR",0.216785933907972,"high-density lipoprotein particle clearance"
"GO:0035590",1,7,31072,534,0.114283889071051,"CTSG",0.216785933907972,"purinergic nucleotide receptor signaling pathway"
"GO:0036016",1,7,31072,534,0.114283889071051,"MT2A",0.216785933907972,"cellular response to interleukin-3"
"GO:0036289",1,7,31072,534,0.114283889071051,"RIPK1",0.216785933907972,"peptidyl-serine autophosphorylation"
"GO:0036438",1,7,31072,534,0.114283889071051,"FOXC1",0.216785933907972,"maintenance of lens transparency"
"GO:0038026",1,7,31072,534,0.114283889071051,"VLDLR",0.216785933907972,"reelin-mediated signaling pathway"
"GO:0042698",1,7,31072,534,0.114283889071051,"GDF10",0.216785933907972,"ovulation cycle"
"GO:0045217",1,7,31072,534,0.114283889071051,"F2R",0.216785933907972,"cell-cell junction maintenance"
"GO:0045617",1,7,31072,534,0.114283889071051,"MSX2",0.216785933907972,"negative regulation of keratinocyte differentiation"
"GO:0045823",1,7,31072,534,0.114283889071051,"TGFB2",0.216785933907972,"positive regulation of heart contraction"
"GO:0046512",1,7,31072,534,0.114283889071051,"SPHK1",0.216785933907972,"sphingosine biosynthetic process"
"GO:0046620",1,7,31072,534,0.114283889071051,"FOXC1",0.216785933907972,"regulation of organ growth"
"GO:0048643",1,7,31072,534,0.114283889071051,"CDON",0.216785933907972,"positive regulation of skeletal muscle tissue development"
"GO:0051057",1,7,31072,534,0.114283889071051,"CDON",0.216785933907972,"positive regulation of small GTPase mediated signal transduction"
"GO:0051148",1,7,31072,534,0.114283889071051,"IGF2",0.216785933907972,"negative regulation of muscle cell differentiation"
"GO:0051246",1,7,31072,534,0.114283889071051,"LDLR",0.216785933907972,"regulation of protein metabolic process"
"GO:0051798",1,7,31072,534,0.114283889071051,"KRT17",0.216785933907972,"positive regulation of hair follicle development"
"GO:0060449",1,7,31072,534,0.114283889071051,"RDH10",0.216785933907972,"bud elongation involved in lung branching"
"GO:0061154",1,7,31072,534,0.114283889071051,"RHOB",0.216785933907972,"endothelial tube morphogenesis"
"GO:0070233",1,7,31072,534,0.114283889071051,"BCL3",0.216785933907972,"negative regulation of T cell apoptotic process"
"GO:0071321",1,7,31072,534,0.114283889071051,"PDE3A",0.216785933907972,"cellular response to cGMP"
"GO:0072075",1,7,31072,534,0.114283889071051,"SIX1",0.216785933907972,"metanephric mesenchyme development"
"GO:0072197",1,7,31072,534,0.114283889071051,"EMX2",0.216785933907972,"ureter morphogenesis"
"GO:0072378",1,7,31072,534,0.114283889071051,"ITGB3",0.216785933907972,"blood coagulation, fibrin clot formation"
"GO:0072574",1,7,31072,534,0.114283889071051,"IL6",0.216785933907972,"hepatocyte proliferation"
"GO:0080135",1,7,31072,534,0.114283889071051,"DYRK3",0.216785933907972,"regulation of cellular response to stress"
"GO:0090281",1,7,31072,534,0.114283889071051,"SLN",0.216785933907972,"negative regulation of calcium ion import"
"GO:0097300",1,7,31072,534,0.114283889071051,"RIPK1",0.216785933907972,"programmed necrotic cell death"
"GO:0140059",1,7,31072,534,0.114283889071051,"PTN",0.216785933907972,"dendrite arborization"
"GO:0150078",1,7,31072,534,0.114283889071051,"IL6",0.216785933907972,"positive regulation of neuroinflammatory response"
"GO:1900027",1,7,31072,534,0.114283889071051,"ICAM1",0.216785933907972,"regulation of ruffle assembly"
"GO:1900180",1,7,31072,534,0.114283889071051,"LMNA",0.216785933907972,"regulation of protein localization to nucleus"
"GO:1903053",1,7,31072,534,0.114283889071051,"ITGB3",0.216785933907972,"regulation of extracellular matrix organization"
"GO:1903706",1,7,31072,534,0.114283889071051,"PTN",0.216785933907972,"regulation of hemopoiesis"
"GO:1903979",1,7,31072,534,0.114283889071051,"LDLR",0.216785933907972,"negative regulation of microglial cell activation"
"GO:1905461",1,7,31072,534,0.114283889071051,"SOD2",0.216785933907972,"positive regulation of vascular associated smooth muscle cell apoptotic process"
"GO:1905517",1,7,31072,534,0.114283889071051,"CCR2",0.216785933907972,"macrophage migration"
"GO:1990314",1,7,31072,534,0.114283889071051,"ITGB3",0.216785933907972,"cellular response to insulin-like growth factor stimulus"
"GO:2001259",1,7,31072,534,0.114283889071051,"ANK3",0.216785933907972,"positive regulation of cation channel activity"
"GO:0042981",5,149,31072,534,0.114859374992525,"ABL2/BCL3/GAS1/MBTD1/NTF3",0.217653192570799,"regulation of apoptotic process"
"GO:0001657",2,34,31072,534,0.115496014944423,"FOXC1/SIX1",0.21773838882965,"ureteric bud development"
"GO:0003007",2,34,31072,534,0.115496014944423,"DLC1/TGFB2",0.21773838882965,"heart morphogenesis"
"GO:0032733",2,34,31072,534,0.115496014944423,"BCL3/IL6",0.21773838882965,"positive regulation of interleukin-10 production"
"GO:0042311",2,34,31072,534,0.115496014944423,"BDKRB2/ITGA1",0.21773838882965,"vasodilation"
"GO:0042594",2,34,31072,534,0.115496014944423,"PPARGC1A/SSTR2",0.21773838882965,"response to starvation"
"GO:0000165",4,108,31072,534,0.115886523815781,"CCR5/DUSP5/MAP3K8/RIPK1",0.21825097627537,"MAPK cascade"
"GO:0008203",3,70,31072,534,0.119452816647806,"CH25H/LDLR/VLDLR",0.224737405554155,"cholesterol metabolic process"
"GO:0001568",2,35,31072,534,0.121163265564308,"GJA4/SPHK1",0.226335440241956,"blood vessel development"
"GO:0006953",2,35,31072,534,0.121163265564308,"EPO/IL6",0.226335440241956,"acute-phase response"
"GO:0008625",2,35,31072,534,0.121163265564308,"BAG3/SKIL",0.226335440241956,"extrinsic apoptotic signaling pathway via death domain receptors"
"GO:0032870",2,35,31072,534,0.121163265564308,"GPR22/RAMP1",0.226335440241956,"cellular response to hormone stimulus"
"GO:0043588",2,35,31072,534,0.121163265564308,"COMP/DACT2",0.226335440241956,"skin development"
"GO:0071364",2,35,31072,534,0.121163265564308,"FOXC1/SNAI2",0.226335440241956,"cellular response to epidermal growth factor stimulus"
"GO:2001237",2,35,31072,534,0.121163265564308,"LMNA/RIPK1",0.226335440241956,"negative regulation of extrinsic apoptotic signaling pathway"
"GO:0001974",2,36,31072,534,0.126897201535971,"CCR2/FOXC1",0.228911447262896,"blood vessel remodeling"
"GO:0003180",2,36,31072,534,0.126897201535971,"SNAI1/SNAI2",0.228911447262896,"aortic valve morphogenesis"
"GO:0007405",2,36,31072,534,0.126897201535971,"CDON/ID4",0.228911447262896,"neuroblast proliferation"
"GO:0032465",2,36,31072,534,0.126897201535971,"KLHL13/PLK3",0.228911447262896,"regulation of cytokinesis"
"GO:0030593",3,72,31072,534,0.127036364587023,"ITGA1/TGFB2/TREM1",0.228911447262896,"neutrophil chemotaxis"
"GO:0001945",1,8,31072,534,0.129509139456889,"FOXC1",0.228911447262896,"lymph vessel development"
"GO:0002446",1,8,31072,534,0.129509139456889,"IL6",0.228911447262896,"neutrophil mediated immunity"
"GO:0003334",1,8,31072,534,0.129509139456889,"FOSL2",0.228911447262896,"keratinocyte development"
"GO:0003416",1,8,31072,534,0.129509139456889,"MSX2",0.228911447262896,"endochondral bone growth"
"GO:0006942",1,8,31072,534,0.129509139456889,"TNNT3",0.228911447262896,"regulation of striated muscle contraction"
"GO:0007614",1,8,31072,534,0.129509139456889,"MDK",0.228911447262896,"short-term memory"
"GO:0010544",1,8,31072,534,0.129509139456889,"THBD",0.228911447262896,"negative regulation of platelet activation"
"GO:0010594",1,8,31072,534,0.129509139456889,"PTN",0.228911447262896,"regulation of endothelial cell migration"
"GO:0010757",1,8,31072,534,0.129509139456889,"SERPINE1",0.228911447262896,"negative regulation of plasminogen activation"
"GO:0010867",1,8,31072,534,0.129509139456889,"LDLR",0.228911447262896,"positive regulation of triglyceride biosynthetic process"
"GO:0010989",1,8,31072,534,0.129509139456889,"LDLR",0.228911447262896,"negative regulation of low-density lipoprotein particle clearance"
"GO:0014909",1,8,31072,534,0.129509139456889,"ITGB3",0.228911447262896,"smooth muscle cell migration"
"GO:0030223",1,8,31072,534,0.129509139456889,"FOSL2",0.228911447262896,"neutrophil differentiation"
"GO:0030432",1,8,31072,534,0.129509139456889,"SSTR2",0.228911447262896,"peristalsis"
"GO:0032825",1,8,31072,534,0.129509139456889,"TOX",0.228911447262896,"positive regulation of natural killer cell differentiation"
"GO:0032964",1,8,31072,534,0.129509139456889,"FOSL2",0.228911447262896,"collagen biosynthetic process"
"GO:0034340",1,8,31072,534,0.129509139456889,"CH25H",0.228911447262896,"response to type I interferon"
"GO:0035726",1,8,31072,534,0.129509139456889,"NR4A3",0.228911447262896,"common myeloid progenitor cell proliferation"
"GO:0038110",1,8,31072,534,0.129509139456889,"IL2RB",0.228911447262896,"interleukin-2-mediated signaling pathway"
"GO:0042117",1,8,31072,534,0.129509139456889,"MT1G",0.228911447262896,"monocyte activation"
"GO:0043405",1,8,31072,534,0.129509139456889,"TRIB1",0.228911447262896,"regulation of MAP kinase activity"
"GO:0044320",1,8,31072,534,0.129509139456889,"NR4A3",0.228911447262896,"cellular response to leptin stimulus"
"GO:0044597",1,8,31072,534,0.129509139456889,"AKR1C1",0.228911447262896,"daunorubicin metabolic process"
"GO:0044598",1,8,31072,534,0.129509139456889,"AKR1C1",0.228911447262896,"doxorubicin metabolic process"
"GO:0044828",1,8,31072,534,0.129509139456889,"ZC3H12A",0.228911447262896,"negative regulation by host of viral genome replication"
"GO:0045124",1,8,31072,534,0.129509139456889,"ITGB3",0.228911447262896,"regulation of bone resorption"
"GO:0045959",1,8,31072,534,0.129509139456889,"SVEP1",0.228911447262896,"negative regulation of complement activation, classical pathway"
"GO:0046622",1,8,31072,534,0.129509139456889,"IGF2",0.228911447262896,"positive regulation of organ growth"
"GO:0048103",1,8,31072,534,0.129509139456889,"TGFB2",0.228911447262896,"somatic stem cell division"
"GO:0048680",1,8,31072,534,0.129509139456889,"PTN",0.228911447262896,"positive regulation of axon regeneration"
"GO:0051093",1,8,31072,534,0.129509139456889,"KIT",0.228911447262896,"negative regulation of developmental process"
"GO:0060346",1,8,31072,534,0.129509139456889,"MSX2",0.228911447262896,"bone trabecula formation"
"GO:0060371",1,8,31072,534,0.129509139456889,"CACNA1G",0.228911447262896,"regulation of atrial cardiac muscle cell membrane depolarization"
"GO:0060484",1,8,31072,534,0.129509139456889,"FGF9",0.228911447262896,"lung-associated mesenchyme development"
"GO:0060613",1,8,31072,534,0.129509139456889,"FOSL2",0.228911447262896,"fat pad development"
"GO:0060740",1,8,31072,534,0.129509139456889,"ID4",0.228911447262896,"prostate gland epithelium morphogenesis"
"GO:0060982",1,8,31072,534,0.129509139456889,"HAND2",0.228911447262896,"coronary artery morphogenesis"
"GO:0061061",1,8,31072,534,0.129509139456889,"PDLIM1",0.228911447262896,"muscle structure development"
"GO:0061179",1,8,31072,534,0.129509139456889,"PDE8B",0.228911447262896,"negative regulation of insulin secretion involved in cellular response to glucose stimulus"
"GO:0061626",1,8,31072,534,0.129509139456889,"TGFB2",0.228911447262896,"pharyngeal arch artery morphogenesis"
"GO:0097527",1,8,31072,534,0.129509139456889,"RIPK1",0.228911447262896,"necroptotic signaling pathway"
"GO:0106015",1,8,31072,534,0.129509139456889,"MDK",0.228911447262896,"negative regulation of inflammatory response to wounding"
"GO:0150105",1,8,31072,534,0.129509139456889,"CGNL1",0.228911447262896,"protein localization to cell-cell junction"
"GO:1902732",1,8,31072,534,0.129509139456889,"COMP",0.228911447262896,"positive regulation of chondrocyte proliferation"
"GO:1902742",1,8,31072,534,0.129509139456889,"XKR4",0.228911447262896,"apoptotic process involved in development"
"GO:2000242",1,8,31072,534,0.129509139456889,"KIT",0.228911447262896,"negative regulation of reproductive process"
"GO:2000271",1,8,31072,534,0.129509139456889,"STK17B",0.228911447262896,"positive regulation of fibroblast apoptotic process"
"GO:2000288",1,8,31072,534,0.129509139456889,"SIX1",0.228911447262896,"positive regulation of myoblast proliferation"
"GO:2000553",1,8,31072,534,0.129509139456889,"IL6",0.228911447262896,"positive regulation of T-helper 2 cell cytokine production"
"GO:2000678",1,8,31072,534,0.129509139456889,"MSX2",0.228911447262896,"negative regulation of transcription regulatory region DNA binding"
"GO:2001171",1,8,31072,534,0.129509139456889,"PPARGC1A",0.228911447262896,"positive regulation of ATP biosynthetic process"
"GO:0001942",2,37,31072,534,0.132693868433092,"INHBA/TGFB2",0.233642792264966,"hair follicle development"
"GO:0034198",2,37,31072,534,0.132693868433092,"ATF3/CDKN1A",0.233642792264966,"cellular response to amino acid starvation"
"GO:0043409",2,37,31072,534,0.132693868433092,"DUSP5/DUSP8",0.233642792264966,"negative regulation of MAPK cascade"
"GO:0048863",2,37,31072,534,0.132693868433092,"KIT/MSX2",0.233642792264966,"stem cell differentiation"
"GO:0019233",2,38,31072,534,0.138549427589803,"CCR2/MME",0.24210437312153,"sensory perception of pain"
"GO:0042149",2,38,31072,534,0.138549427589803,"SLC2A1/ZC3H12A",0.24210437312153,"cellular response to glucose starvation"
"GO:0006508",9,343,31072,534,0.139091140711095,"ADAMTS1/ADAMTS16/ADAMTS4/CPA3/CTSG/DPP6/GZMH/MME/THBD",0.24210437312153,"proteolysis"
"GO:0007265",3,76,31072,534,0.14269608628925,"CDKN1A/CDKN2A/RALGDS",0.24210437312153,"Ras protein signal transduction"
"GO:0001658",2,39,31072,534,0.14446015330225,"ADAMTS16/SIX1",0.24210437312153,"branching involved in ureteric bud morphogenesis"
"GO:0034446",2,39,31072,534,0.14446015330225,"EPHB3/ITGB3",0.24210437312153,"substrate adhesion-dependent cell spreading"
"GO:0002314",1,9,31072,534,0.144473153091,"IL6",0.24210437312153,"germinal center B cell differentiation"
"GO:0002315",1,9,31072,534,0.144473153091,"BCL3",0.24210437312153,"marginal zone B cell differentiation"
"GO:0002675",1,9,31072,534,0.144473153091,"IL6",0.24210437312153,"positive regulation of acute inflammatory response"
"GO:0002819",1,9,31072,534,0.144473153091,"DUSP10",0.24210437312153,"regulation of adaptive immune response"
"GO:0002827",1,9,31072,534,0.144473153091,"CCR2",0.24210437312153,"positive regulation of T-helper 1 type immune response"
"GO:0003158",1,9,31072,534,0.144473153091,"GJA4",0.24210437312153,"endothelium development"
"GO:0006198",1,9,31072,534,0.144473153091,"PDE8B",0.24210437312153,"cAMP catabolic process"
"GO:0006473",1,9,31072,534,0.144473153091,"SPHK1",0.24210437312153,"protein acetylation"
"GO:0007406",1,9,31072,534,0.144473153091,"PTN",0.24210437312153,"negative regulation of neuroblast proliferation"
"GO:0008347",1,9,31072,534,0.144473153091,"TGFB2",0.24210437312153,"glial cell migration"
"GO:0010038",1,9,31072,534,0.144473153091,"MT1X",0.24210437312153,"response to metal ion"
"GO:0010884",1,9,31072,534,0.144473153091,"ZC3H12A",0.24210437312153,"positive regulation of lipid storage"
"GO:0010917",1,9,31072,534,0.144473153091,"RNF122",0.24210437312153,"negative regulation of mitochondrial membrane potential"
"GO:0014808",1,9,31072,534,0.144473153091,"CCR5",0.24210437312153,"release of sequestered calcium ion into cytosol by sarcoplasmic reticulum"
"GO:0019371",1,9,31072,534,0.144473153091,"PTGS2",0.24210437312153,"cyclooxygenase pathway"
"GO:0021517",1,9,31072,534,0.144473153091,"VLDLR",0.24210437312153,"ventral spinal cord development"
"GO:0021953",1,9,31072,534,0.144473153091,"NR4A2",0.24210437312153,"central nervous system neuron differentiation"
"GO:0030203",1,9,31072,534,0.144473153091,"FOXC1",0.24210437312153,"glycosaminoglycan metabolic process"
"GO:0032330",1,9,31072,534,0.144473153091,"MDK",0.24210437312153,"regulation of chondrocyte differentiation"
"GO:0032515",1,9,31072,534,0.144473153091,"PPP1R15A",0.24210437312153,"negative regulation of phosphoprotein phosphatase activity"
"GO:0033033",1,9,31072,534,0.144473153091,"SNAI2",0.24210437312153,"negative regulation of myeloid cell apoptotic process"
"GO:0033089",1,9,31072,534,0.144473153091,"EGR3",0.24210437312153,"positive regulation of T cell differentiation in thymus"
"GO:0035066",1,9,31072,534,0.144473153091,"PPARGC1A",0.24210437312153,"positive regulation of histone acetylation"
"GO:0035360",1,9,31072,534,0.144473153091,"LMO3",0.24210437312153,"positive regulation of peroxisome proliferator activated receptor signaling pathway"
"GO:0042053",1,9,31072,534,0.144473153091,"NR4A2",0.24210437312153,"regulation of dopamine metabolic process"
"GO:0042088",1,9,31072,534,0.144473153091,"BCL3",0.24210437312153,"T-helper 1 type immune response"
"GO:0042118",1,9,31072,534,0.144473153091,"HOXA9",0.24210437312153,"endothelial cell activation"
"GO:0042448",1,9,31072,534,0.144473153091,"AKR1C1",0.24210437312153,"progesterone metabolic process"
"GO:0042795",1,9,31072,534,0.144473153091,"ELL2",0.24210437312153,"snRNA transcription by RNA polymerase II"
"GO:0043031",1,9,31072,534,0.144473153091,"ZC3H12A",0.24210437312153,"negative regulation of macrophage activation"
"GO:0043117",1,9,31072,534,0.144473153091,"PDE3A",0.24210437312153,"positive regulation of vascular permeability"
"GO:0043403",1,9,31072,534,0.144473153091,"IFRD1",0.24210437312153,"skeletal muscle tissue regeneration"
"GO:0043583",1,9,31072,534,0.144473153091,"RDH10",0.24210437312153,"ear development"
"GO:0043652",1,9,31072,534,0.144473153091,"XKR4",0.24210437312153,"engulfment of apoptotic cell"
"GO:0043951",1,9,31072,534,0.144473153091,"PDE3A",0.24210437312153,"negative regulation of cAMP-mediated signaling"
"GO:0048668",1,9,31072,534,0.144473153091,"RND2",0.24210437312153,"collateral sprouting"
"GO:0048671",1,9,31072,534,0.144473153091,"IFRD1",0.24210437312153,"negative regulation of collateral sprouting"
"GO:0051248",1,9,31072,534,0.144473153091,"LDLR",0.24210437312153,"negative regulation of protein metabolic process"
"GO:0060054",1,9,31072,534,0.144473153091,"LRG1",0.24210437312153,"positive regulation of epithelial cell proliferation involved in wound healing"
"GO:0060075",1,9,31072,534,0.144473153091,"KCNK6",0.24210437312153,"regulation of resting membrane potential"
"GO:0060444",1,9,31072,534,0.144473153091,"MSX2",0.24210437312153,"branching involved in mammary gland duct morphogenesis"
"GO:0071492",1,9,31072,534,0.144473153091,"MME",0.24210437312153,"cellular response to UV-A"
"GO:0072540",1,9,31072,534,0.144473153091,"IL6",0.24210437312153,"T-helper 17 cell lineage commitment"
"GO:0086100",1,9,31072,534,0.144473153091,"SIX1",0.24210437312153,"endothelin receptor signaling pathway"
"GO:0090136",1,9,31072,534,0.144473153091,"SERPINB8",0.24210437312153,"epithelial cell-cell adhesion"
"GO:0097484",1,9,31072,534,0.144473153091,"CYFIP2",0.24210437312153,"dendrite extension"
"GO:2000320",1,9,31072,534,0.144473153091,"ZC3H12A",0.24210437312153,"negative regulation of T-helper 17 cell differentiation"
"GO:0043124",2,40,31072,534,0.150422430091864,"RIPK1/ZC3H12A",0.251615701244572,"negative regulation of canonical NF-kappaB signal transduction"
"GO:0045668",2,40,31072,534,0.150422430091864,"AREG/HAND2",0.251615701244572,"negative regulation of osteoblast differentiation"
"GO:0007517",3,79,31072,534,0.154838216752772,"EGR3/HBEGF/ITGA7",0.255800823960542,"muscle organ development"
"GO:0022617",2,41,31072,534,0.156432750029041,"ADAMTS4/CTSG",0.255800823960542,"extracellular matrix disassembly"
"GO:0048666",2,41,31072,534,0.156432750029041,"SOD2/TGFB2",0.255800823960542,"neuron development"
"GO:0070527",2,41,31072,534,0.156432750029041,"COMP/ITGB3",0.255800823960542,"platelet aggregation"
"GO:0046330",3,80,31072,534,0.158955578653089,"GADD45A/GADD45B/RIPK1",0.255800823960542,"positive regulation of JNK cascade"
"GO:0001574",1,10,31072,534,0.159180404040664,"ST6GALNAC5",0.255800823960542,"ganglioside biosynthetic process"
"GO:0001759",1,10,31072,534,0.159180404040664,"SIX1",0.255800823960542,"organ induction"
"GO:0001967",1,10,31072,534,0.159180404040664,"HAND2",0.255800823960542,"suckling behavior"
"GO:0002467",1,10,31072,534,0.159180404040664,"BCL3",0.255800823960542,"germinal center formation"
"GO:0006688",1,10,31072,534,0.159180404040664,"ST6GALNAC5",0.255800823960542,"glycosphingolipid biosynthetic process"
"GO:0006983",1,10,31072,534,0.159180404040664,"PPP1R15B",0.255800823960542,"ER overload response"
"GO:0007567",1,10,31072,534,0.159180404040664,"MAFF",0.255800823960542,"parturition"
"GO:0010225",1,10,31072,534,0.159180404040664,"BCL3",0.255800823960542,"response to UV-C"
"GO:0010389",1,10,31072,534,0.159180404040664,"CDKN1A",0.255800823960542,"regulation of G2/M transition of mitotic cell cycle"
"GO:0010936",1,10,31072,534,0.159180404040664,"TGFB2",0.255800823960542,"negative regulation of macrophage cytokine production"
"GO:0010955",1,10,31072,534,0.159180404040664,"GAS1",0.255800823960542,"negative regulation of protein processing"
"GO:0030193",1,10,31072,534,0.159180404040664,"F2R",0.255800823960542,"regulation of blood coagulation"
"GO:0031665",1,10,31072,534,0.159180404040664,"TRIB1",0.255800823960542,"negative regulation of lipopolysaccharide-mediated signaling pathway"
"GO:0031915",1,10,31072,534,0.159180404040664,"PTGS2",0.255800823960542,"positive regulation of synaptic plasticity"
"GO:0034115",1,10,31072,534,0.159180404040664,"KLF4",0.255800823960542,"negative regulation of heterotypic cell-cell adhesion"
"GO:0035196",1,10,31072,534,0.159180404040664,"H19",0.255800823960542,"miRNA processing"
"GO:0036302",1,10,31072,534,0.159180404040664,"HAS2",0.255800823960542,"atrioventricular canal development"
"GO:0048660",1,10,31072,534,0.159180404040664,"NR4A3",0.255800823960542,"regulation of smooth muscle cell proliferation"
"GO:0048703",1,10,31072,534,0.159180404040664,"RDH10",0.255800823960542,"embryonic viscerocranium morphogenesis"
"GO:0048712",1,10,31072,534,0.159180404040664,"ID4",0.255800823960542,"negative regulation of astrocyte differentiation"
"GO:0050665",1,10,31072,534,0.159180404040664,"SOD2",0.255800823960542,"hydrogen peroxide biosynthetic process"
"GO:0050732",1,10,31072,534,0.159180404040664,"NTF3",0.255800823960542,"negative regulation of peptidyl-tyrosine phosphorylation"
"GO:0050764",1,10,31072,534,0.159180404040664,"SPHK1",0.255800823960542,"regulation of phagocytosis"
"GO:0060055",1,10,31072,534,0.159180404040664,"ITGB3",0.255800823960542,"angiogenesis involved in wound healing"
"GO:0060674",1,10,31072,534,0.159180404040664,"FOSL1",0.255800823960542,"placenta blood vessel development"
"GO:0061072",1,10,31072,534,0.159180404040664,"WNT2",0.255800823960542,"iris morphogenesis"
"GO:0070262",1,10,31072,534,0.159180404040664,"PPP1R15B",0.255800823960542,"peptidyl-serine dephosphorylation"
"GO:0070493",1,10,31072,534,0.159180404040664,"F2R",0.255800823960542,"thrombin-activated receptor signaling pathway"
"GO:0070723",1,10,31072,534,0.159180404040664,"CCR5",0.255800823960542,"response to cholesterol"
"GO:0070828",1,10,31072,534,0.159180404040664,"SNAI1",0.255800823960542,"heterochromatin organization"
"GO:0071372",1,10,31072,534,0.159180404040664,"INHBA",0.255800823960542,"cellular response to follicle-stimulating hormone stimulus"
"GO:0090009",1,10,31072,534,0.159180404040664,"ETS2",0.255800823960542,"primitive streak formation"
"GO:0097084",1,10,31072,534,0.159180404040664,"COMP",0.255800823960542,"vascular associated smooth muscle cell development"
"GO:0097152",1,10,31072,534,0.159180404040664,"MSX2",0.255800823960542,"mesenchymal cell apoptotic process"
"GO:1901222",1,10,31072,534,0.159180404040664,"BCL3",0.255800823960542,"regulation of non-canonical NF-kappaB signal transduction"
"GO:1903265",1,10,31072,534,0.159180404040664,"RIPK1",0.255800823960542,"positive regulation of tumor necrosis factor-mediated signaling pathway"
"GO:1990440",1,10,31072,534,0.159180404040664,"ATF3",0.255800823960542,"positive regulation of transcription from RNA polymerase II promoter in response to endoplasmic reticulum stress"
"GO:2000036",1,10,31072,534,0.159180404040664,"PTN",0.255800823960542,"regulation of stem cell population maintenance"
"GO:2000318",1,10,31072,534,0.159180404040664,"ARID5A",0.255800823960542,"positive regulation of T-helper 17 type immune response"
"GO:2001241",1,10,31072,534,0.159180404040664,"INHBA",0.255800823960542,"positive regulation of extrinsic apoptotic signaling pathway in absence of ligand"
"GO:0043547",4,123,31072,534,0.162171752424779,"F2R/FZD10/RALGDS/RGS16",0.259528981435258,"positive regulation of GTPase activity"
"GO:0007173",2,42,31072,534,0.162487710115988,"AREG/HBEGF",0.259528981435258,"epidermal growth factor receptor signaling pathway"
"GO:0008542",2,42,31072,534,0.162487710115988,"KIT/PDE8B",0.259528981435258,"visual learning"
"GO:0010507",2,42,31072,534,0.162487710115988,"MCL1/STK38L",0.259528981435258,"negative regulation of autophagy"
"GO:0016339",2,42,31072,534,0.162487710115988,"CDH19/CDH3",0.259528981435258,"calcium-dependent cell-cell adhesion via plasma membrane cell adhesion molecules"
"GO:0030890",2,42,31072,534,0.162487710115988,"CDKN1A/NFATC2",0.259528981435258,"positive regulation of B cell proliferation"
"GO:0030900",2,42,31072,534,0.162487710115988,"DLC1/SSTR2",0.259528981435258,"forebrain development"
"GO:0010629",6,214,31072,534,0.164457509834762,"CDKN1A/HAND2/KLF4/LDLR/TGFB2/ZC3H12A",0.262447370421476,"negative regulation of gene expression"
"GO:0000086",2,43,31072,534,0.168584009727483,"PLK3/WEE1",0.268027628688775,"G2/M transition of mitotic cell cycle"
"GO:0008344",2,43,31072,534,0.168584009727483,"NR4A2/SLITRK6",0.268027628688775,"adult locomotory behavior"
"GO:0009306",2,43,31072,534,0.168584009727483,"COMP/RAB3C",0.268027628688775,"protein secretion"
"GO:0007399",8,311,31072,534,0.169076386635804,"CDON/INHBA/MDK/NTF3/PTN/TTLL7/VLDLR/ZC3H12A",0.268027628688775,"nervous system development"
"GO:0030855",3,83,31072,534,0.171502754516107,"AKR1C1/KRT17/SIX1",0.268027628688775,"epithelial cell differentiation"
"GO:0000302",1,11,31072,534,0.173635289889685,"PLK3",0.268027628688775,"response to reactive oxygen species"
"GO:0002523",1,11,31072,534,0.173635289889685,"SELE",0.268027628688775,"leukocyte migration involved in inflammatory response"
"GO:0003073",1,11,31072,534,0.173635289889685,"ADAMTS16",0.268027628688775,"regulation of systemic arterial blood pressure"
"GO:0003181",1,11,31072,534,0.173635289889685,"TGFB2",0.268027628688775,"atrioventricular valve morphogenesis"
"GO:0006044",1,11,31072,534,0.173635289889685,"CHST6",0.268027628688775,"N-acetylglucosamine metabolic process"
"GO:0006739",1,11,31072,534,0.173635289889685,"FMO2",0.268027628688775,"NADP metabolic process"
"GO:0006978",1,11,31072,534,0.173635289889685,"CDKN1A",0.268027628688775,"DNA damage response, signal transduction by p53 class mediator resulting in transcription of p21 class mediator"
"GO:0007512",1,11,31072,534,0.173635289889685,"HAND2",0.268027628688775,"adult heart development"
"GO:0010763",1,11,31072,534,0.173635289889685,"ITGB3",0.268027628688775,"positive regulation of fibroblast migration"
"GO:0014033",1,11,31072,534,0.173635289889685,"SIX1",0.268027628688775,"neural crest cell differentiation"
"GO:0015015",1,11,31072,534,0.173635289889685,"HS3ST1",0.268027628688775,"heparan sulfate proteoglycan biosynthetic process, enzymatic modification"
"GO:0019730",1,11,31072,534,0.173635289889685,"BCL3",0.268027628688775,"antimicrobial humoral response"
"GO:0021846",1,11,31072,534,0.173635289889685,"EMX2",0.268027628688775,"cell proliferation in forebrain"
"GO:0022407",1,11,31072,534,0.173635289889685,"EPHB3",0.268027628688775,"regulation of cell-cell adhesion"
"GO:0030238",1,11,31072,534,0.173635289889685,"FGF9",0.268027628688775,"male sex determination"
"GO:0031076",1,11,31072,534,0.173635289889685,"RDH10",0.268027628688775,"embryonic camera-type eye development"
"GO:0031274",1,11,31072,534,0.173635289889685,"KIT",0.268027628688775,"positive regulation of pseudopodium assembly"
"GO:0034138",1,11,31072,534,0.173635289889685,"COLEC12",0.268027628688775,"toll-like receptor 3 signaling pathway"
"GO:0035723",1,11,31072,534,0.173635289889685,"IL2RB",0.268027628688775,"interleukin-15-mediated signaling pathway"
"GO:0038180",1,11,31072,534,0.173635289889685,"NTF3",0.268027628688775,"nerve growth factor signaling pathway"
"GO:0048846",1,11,31072,534,0.173635289889685,"ALCAM",0.268027628688775,"axon extension involved in axon guidance"
"GO:0048935",1,11,31072,534,0.173635289889685,"HAND2",0.268027628688775,"peripheral nervous system neuron development"
"GO:0050435",1,11,31072,534,0.173635289889685,"MME",0.268027628688775,"amyloid-beta metabolic process"
"GO:0050930",1,11,31072,534,0.173635289889685,"NTF3",0.268027628688775,"induction of positive chemotaxis"
"GO:0051302",1,11,31072,534,0.173635289889685,"PLK3",0.268027628688775,"regulation of cell division"
"GO:0051926",1,11,31072,534,0.173635289889685,"PTGS2",0.268027628688775,"negative regulation of calcium ion transport"
"GO:0060413",1,11,31072,534,0.173635289889685,"TGFB2",0.268027628688775,"atrial septum morphogenesis"
"GO:0061014",1,11,31072,534,0.173635289889685,"ZC3H12A",0.268027628688775,"positive regulation of mRNA catabolic process"
"GO:0070306",1,11,31072,534,0.173635289889685,"SKIL",0.268027628688775,"lens fiber cell differentiation"
"GO:0071377",1,11,31072,534,0.173635289889685,"GLP2R",0.268027628688775,"cellular response to glucagon stimulus"
"GO:0071806",1,11,31072,534,0.173635289889685,"MCL1",0.268027628688775,"protein transmembrane transport"
"GO:1902043",1,11,31072,534,0.173635289889685,"SKIL",0.268027628688775,"positive regulation of extrinsic apoptotic signaling pathway via death domain receptors"
"GO:1903428",1,11,31072,534,0.173635289889685,"H19",0.268027628688775,"positive regulation of reactive oxygen species biosynthetic process"
"GO:2000279",1,11,31072,534,0.173635289889685,"CDKN1A",0.268027628688775,"negative regulation of DNA biosynthetic process"
"GO:0006094",2,44,31072,534,0.174718448108341,"ATF3/PPARGC1A",0.269473549471373,"gluconeogenesis"
"GO:0032755",3,85,31072,534,0.180019586114496,"ARID5A/F2R/IL6",0.277417117630379,"positive regulation of interleukin-6 production"
"GO:0009612",2,45,31072,534,0.180887921926405,"ACTA1/FOSL1",0.278289110656008,"response to mechanical stimulus"
"GO:2000045",2,45,31072,534,0.180887921926405,"CDKN1A/CDKN2A",0.278289110656008,"regulation of G1/S transition of mitotic cell cycle"
"GO:0008277",2,46,31072,534,0.187089422879889,"RAMP1/RGS16",0.279409478415469,"regulation of G protein-coupled receptor signaling pathway"
"GO:0001946",1,12,31072,534,0.187842133043443,"CCBE1",0.279409478415469,"lymphangiogenesis"
"GO:0001964",1,12,31072,534,0.187842133043443,"SLITRK6",0.279409478415469,"startle response"
"GO:0002357",1,12,31072,534,0.187842133043443,"KLF4",0.279409478415469,"defense response to tumor cell"
"GO:0003094",1,12,31072,534,0.187842133043443,"IGHA1",0.279409478415469,"glomerular filtration"
"GO:0003215",1,12,31072,534,0.187842133043443,"TGFB2",0.279409478415469,"cardiac right ventricle morphogenesis"
"GO:0003222",1,12,31072,534,0.187842133043443,"TGFB2",0.279409478415469,"ventricular trabecula myocardium morphogenesis"
"GO:0008406",1,12,31072,534,0.187842133043443,"RDH10",0.279409478415469,"gonad development"
"GO:0010469",1,12,31072,534,0.187842133043443,"SERPINE1",0.279409478415469,"regulation of signaling receptor activity"
"GO:0010631",1,12,31072,534,0.187842133043443,"SNAI1",0.279409478415469,"epithelial cell migration"
"GO:0010954",1,12,31072,534,0.187842133043443,"CCBE1",0.279409478415469,"positive regulation of protein processing"
"GO:0019430",1,12,31072,534,0.187842133043443,"SOD2",0.279409478415469,"removal of superoxide radicals"
"GO:0033173",1,12,31072,534,0.187842133043443,"NFATC2",0.279409478415469,"calcineurin-NFAT signaling cascade"
"GO:0033690",1,12,31072,534,0.187842133043443,"ITGB3",0.279409478415469,"positive regulation of osteoblast proliferation"
"GO:0034383",1,12,31072,534,0.187842133043443,"LDLR",0.279409478415469,"low-density lipoprotein particle clearance"
"GO:0035810",1,12,31072,534,0.187842133043443,"HAS2",0.279409478415469,"positive regulation of urine volume"
"GO:0042491",1,12,31072,534,0.187842133043443,"MCOLN3",0.279409478415469,"inner ear auditory receptor cell differentiation"
"GO:0042633",1,12,31072,534,0.187842133043443,"PTGS2",0.279409478415469,"hair cycle"
"GO:0043114",1,12,31072,534,0.187842133043443,"BDKRB2",0.279409478415469,"regulation of vascular permeability"
"GO:0043116",1,12,31072,534,0.187842133043443,"PDE3A",0.279409478415469,"negative regulation of vascular permeability"
"GO:0043508",1,12,31072,534,0.187842133043443,"DUSP10",0.279409478415469,"negative regulation of JUN kinase activity"
"GO:0043568",1,12,31072,534,0.187842133043443,"CDH3",0.279409478415469,"positive regulation of insulin-like growth factor receptor signaling pathway"
"GO:0045019",1,12,31072,534,0.187842133043443,"ZC3H12A",0.279409478415469,"negative regulation of nitric oxide biosynthetic process"
"GO:0045580",1,12,31072,534,0.187842133043443,"CCR2",0.279409478415469,"regulation of T cell differentiation"
"GO:0046685",1,12,31072,534,0.187842133043443,"CDKN1A",0.279409478415469,"response to arsenic-containing substance"
"GO:0048599",1,12,31072,534,0.187842133043443,"PDE5A",0.279409478415469,"oocyte development"
"GO:0048791",1,12,31072,534,0.187842133043443,"SYT1",0.279409478415469,"calcium ion-regulated exocytosis of neurotransmitter"
"GO:0050795",1,12,31072,534,0.187842133043443,"MDK",0.279409478415469,"regulation of behavior"
"GO:0050910",1,12,31072,534,0.187842133043443,"KIT",0.279409478415469,"detection of mechanical stimulus involved in sensory perception of sound"
"GO:0051930",1,12,31072,534,0.187842133043443,"F2R",0.279409478415469,"regulation of sensory perception of pain"
"GO:0060707",1,12,31072,534,0.187842133043443,"SNAI1",0.279409478415469,"trophoblast giant cell differentiation"
"GO:0060996",1,12,31072,534,0.187842133043443,"EPHB3",0.279409478415469,"dendritic spine development"
"GO:0070254",1,12,31072,534,0.187842133043443,"FOSL2",0.279409478415469,"mucus secretion"
"GO:0071360",1,12,31072,534,0.187842133043443,"COLEC12",0.279409478415469,"cellular response to exogenous dsRNA"
"GO:0071361",1,12,31072,534,0.187842133043443,"SOD2",0.279409478415469,"cellular response to ethanol"
"GO:0071901",1,12,31072,534,0.187842133043443,"GADD45A",0.279409478415469,"negative regulation of protein serine/threonine kinase activity"
"GO:0090181",1,12,31072,534,0.187842133043443,"LDLR",0.279409478415469,"regulation of cholesterol metabolic process"
"GO:1904888",1,12,31072,534,0.187842133043443,"TGFB2",0.279409478415469,"cranial skeletal system development"
"GO:1905907",1,12,31072,534,0.187842133043443,"LDLR",0.279409478415469,"negative regulation of amyloid fibril formation"
"GO:2000679",1,12,31072,534,0.187842133043443,"HAND2",0.279409478415469,"positive regulation of transcription regulatory region DNA binding"
"GO:2000738",1,12,31072,534,0.187842133043443,"PTN",0.279409478415469,"positive regulation of stem cell differentiation"
"GO:0007179",3,87,31072,534,0.188648327511775,"GDF10/SKIL/TGFB2",0.28038200534868,"transforming growth factor beta receptor signaling pathway"
"GO:0072659",4,132,31072,534,0.192676964304955,"ANK3/DPP6/RAB3C/RAMP1",0.286138510347955,"protein localization to plasma membrane"
"GO:0010951",2,47,31072,534,0.193320035357936,"SERPINB8/SERPINE1",0.286630834052056,"negative regulation of endopeptidase activity"
"GO:0051965",2,47,31072,534,0.193320035357936,"EPHB3/SLITRK6",0.286630834052056,"positive regulation of synapse assembly"
"GO:0001706",1,13,31072,534,0.201805182011725,"DUSP5",0.290094949141854,"endoderm formation"
"GO:0003016",1,13,31072,534,0.201805182011725,"CCBE1",0.290094949141854,"respiratory system process"
"GO:0003085",1,13,31072,534,0.201805182011725,"KCNK6",0.290094949141854,"negative regulation of systemic arterial blood pressure"
"GO:0003382",1,13,31072,534,0.201805182011725,"DACT2",0.290094949141854,"epithelial cell morphogenesis"
"GO:0005513",1,13,31072,534,0.201805182011725,"SYT1",0.290094949141854,"detection of calcium ion"
"GO:0006998",1,13,31072,534,0.201805182011725,"LMNA",0.290094949141854,"nuclear envelope organization"
"GO:0007175",1,13,31072,534,0.201805182011725,"GPRC5A",0.290094949141854,"negative regulation of epidermal growth factor-activated receptor activity"
"GO:0007194",1,13,31072,534,0.201805182011725,"CCR2",0.290094949141854,"negative regulation of adenylate cyclase activity"
"GO:0008053",1,13,31072,534,0.201805182011725,"MCL1",0.290094949141854,"mitochondrial fusion"
"GO:0009314",1,13,31072,534,0.201805182011725,"PLK3",0.290094949141854,"response to radiation"
"GO:0010243",1,13,31072,534,0.201805182011725,"CDKN1A",0.290094949141854,"response to organonitrogen compound"
"GO:0010633",1,13,31072,534,0.201805182011725,"DUSP10",0.290094949141854,"negative regulation of epithelial cell migration"
"GO:0010745",1,13,31072,534,0.201805182011725,"ITGB3",0.290094949141854,"negative regulation of macrophage derived foam cell differentiation"
"GO:0010761",1,13,31072,534,0.201805182011725,"PDLIM1",0.290094949141854,"fibroblast migration"
"GO:0016322",1,13,31072,534,0.201805182011725,"RND1",0.290094949141854,"neuron remodeling"
"GO:0019395",1,13,31072,534,0.201805182011725,"PPARGC1A",0.290094949141854,"fatty acid oxidation"
"GO:0030851",1,13,31072,534,0.201805182011725,"CSF3",0.290094949141854,"granulocyte differentiation"
"GO:0031018",1,13,31072,534,0.201805182011725,"IL6",0.290094949141854,"endocrine pancreas development"
"GO:0031643",1,13,31072,534,0.201805182011725,"EGR2",0.290094949141854,"positive regulation of myelination"
"GO:0032233",1,13,31072,534,0.201805182011725,"SYNPO2",0.290094949141854,"positive regulation of actin filament bundle assembly"
"GO:0042119",1,13,31072,534,0.201805182011725,"CTSG",0.290094949141854,"neutrophil activation"
"GO:0043086",1,13,31072,534,0.201805182011725,"SLN",0.290094949141854,"negative regulation of catalytic activity"
"GO:0043249",1,13,31072,534,0.201805182011725,"EPO",0.290094949141854,"erythrocyte maturation"
"GO:0045591",1,13,31072,534,0.201805182011725,"DUSP10",0.290094949141854,"positive regulation of regulatory T cell differentiation"
"GO:0045778",1,13,31072,534,0.201805182011725,"PTN",0.290094949141854,"positive regulation of ossification"
"GO:0045806",1,13,31072,534,0.201805182011725,"MCTP1",0.290094949141854,"negative regulation of endocytosis"
"GO:0048266",1,13,31072,534,0.201805182011725,"THBS4",0.290094949141854,"behavioral response to pain"
"GO:0048745",1,13,31072,534,0.201805182011725,"FOSL2",0.290094949141854,"smooth muscle tissue development"
"GO:0050773",1,13,31072,534,0.201805182011725,"CSMD3",0.290094949141854,"regulation of dendrite development"
"GO:0051279",1,13,31072,534,0.201805182011725,"ITGB3",0.290094949141854,"regulation of release of sequestered calcium ion into cytosol"
"GO:0051450",1,13,31072,534,0.201805182011725,"SIX1",0.290094949141854,"myoblast proliferation"
"GO:0055119",1,13,31072,534,0.201805182011725,"PDE5A",0.290094949141854,"relaxation of cardiac muscle"
"GO:0061029",1,13,31072,534,0.201805182011725,"INHBA",0.290094949141854,"eyelid development in camera-type eye"
"GO:0070166",1,13,31072,534,0.201805182011725,"MSX2",0.290094949141854,"enamel mineralization"
"GO:0071548",1,13,31072,534,0.201805182011725,"EPO",0.290094949141854,"response to dexamethasone"
"GO:0085029",1,13,31072,534,0.201805182011725,"HAS2",0.290094949141854,"extracellular matrix assembly"
"GO:0097202",1,13,31072,534,0.201805182011725,"CYFIP2",0.290094949141854,"activation of cysteine-type endopeptidase activity"
"GO:0099173",1,13,31072,534,0.201805182011725,"STK38L",0.290094949141854,"postsynapse organization"
"GO:2000145",1,13,31072,534,0.201805182011725,"ABL2",0.290094949141854,"regulation of cell motility"
"GO:0042472",2,49,31072,534,0.205857382225908,"FGF9/SIX1",0.295688979934169,"inner ear morphogenesis"
"GO:0000226",3,91,31072,534,0.20620874462861,"TTLL7/TUBAL3/WEE1",0.295962628796133,"microtubule cytoskeleton organization"
"GO:0007219",3,92,31072,534,0.210656078784405,"FOXC1/SIX1/SNAI2",0.299752567885283,"Notch signaling pathway"
"GO:0043627",2,50,31072,534,0.21215872851666,"EPO/MME",0.299752567885283,"response to estrogen"
"GO:0050680",2,50,31072,534,0.21215872851666,"DUSP10/TGFB2",0.299752567885283,"negative regulation of epithelial cell proliferation"
"GO:0010468",4,138,31072,534,0.213932046420638,"COMP/NANOG/PHLDA2/ZC3H12A",0.299752567885283,"regulation of gene expression"
"GO:0120162",3,93,31072,534,0.215124320929624,"CCR2/PPARGC1A/SLN",0.299752567885283,"positive regulation of cold-induced thermogenesis"
"GO:0002687",1,14,31072,534,0.21552861266969,"SELE",0.299752567885283,"positive regulation of leukocyte migration"
"GO:0003407",1,14,31072,534,0.21552861266969,"TGFB2",0.299752567885283,"neural retina development"
"GO:0006790",1,14,31072,534,0.21552861266969,"CHST6",0.299752567885283,"sulfur compound metabolic process"
"GO:0007009",1,14,31072,534,0.21552861266969,"ANK3",0.299752567885283,"plasma membrane organization"
"GO:0007097",1,14,31072,534,0.21552861266969,"LMNA",0.299752567885283,"nuclear migration"
"GO:0008206",1,14,31072,534,0.21552861266969,"AKR1C1",0.299752567885283,"bile acid metabolic process"
"GO:0022010",1,14,31072,534,0.21552861266969,"ID4",0.299752567885283,"central nervous system myelination"
"GO:0030031",1,14,31072,534,0.21552861266969,"CYFIP2",0.299752567885283,"cell projection assembly"
"GO:0032006",1,14,31072,534,0.21552861266969,"FAM83D",0.299752567885283,"regulation of TOR signaling"
"GO:0032012",1,14,31072,534,0.21552861266969,"PSD",0.299752567885283,"regulation of ARF protein signal transduction"
"GO:0032874",1,14,31072,534,0.21552861266969,"TGFB2",0.299752567885283,"positive regulation of stress-activated MAPK cascade"
"GO:0035162",1,14,31072,534,0.21552861266969,"KIT",0.299752567885283,"embryonic hemopoiesis"
"GO:0035640",1,14,31072,534,0.21552861266969,"ABL2",0.299752567885283,"exploration behavior"
"GO:0042176",1,14,31072,534,0.21552861266969,"FAM83D",0.299752567885283,"regulation of protein catabolic process"
"GO:0042551",1,14,31072,534,0.21552861266969,"NR4A2",0.299752567885283,"neuron maturation"
"GO:0042692",1,14,31072,534,0.21552861266969,"IFRD1",0.299752567885283,"muscle cell differentiation"
"GO:0045446",1,14,31072,534,0.21552861266969,"HOXB5",0.299752567885283,"endothelial cell differentiation"
"GO:0045618",1,14,31072,534,0.21552861266969,"FOXC1",0.299752567885283,"positive regulation of keratinocyte differentiation"
"GO:0045722",1,14,31072,534,0.21552861266969,"PPARGC1A",0.299752567885283,"positive regulation of gluconeogenesis"
"GO:0045725",1,14,31072,534,0.21552861266969,"IGF2",0.299752567885283,"positive regulation of glycogen biosynthetic process"
"GO:0045779",1,14,31072,534,0.21552861266969,"IL6",0.299752567885283,"negative regulation of bone resorption"
"GO:0045945",1,14,31072,534,0.21552861266969,"INHBA",0.299752567885283,"positive regulation of transcription by RNA polymerase III"
"GO:0048265",1,14,31072,534,0.21552861266969,"GJA4",0.299752567885283,"response to pain"
"GO:0048485",1,14,31072,534,0.21552861266969,"HAND2",0.299752567885283,"sympathetic nervous system development"
"GO:0050868",1,14,31072,534,0.21552861266969,"CTSG",0.299752567885283,"negative regulation of T cell activation"
"GO:0050872",1,14,31072,534,0.21552861266969,"SNAI2",0.299752567885283,"white fat cell differentiation"
"GO:0051259",1,14,31072,534,0.21552861266969,"ZC3H12A",0.299752567885283,"protein complex oligomerization"
"GO:0060347",1,14,31072,534,0.21552861266969,"ADAMTS1",0.299752567885283,"heart trabecula formation"
"GO:0060546",1,14,31072,534,0.21552861266969,"RIPK1",0.299752567885283,"negative regulation of necroptotic process"
"GO:0061036",1,14,31072,534,0.21552861266969,"MDK",0.299752567885283,"positive regulation of cartilage development"
"GO:0062009",1,14,31072,534,0.21552861266969,"TGFB2",0.299752567885283,"secondary palate development"
"GO:0070102",1,14,31072,534,0.21552861266969,"IL6",0.299752567885283,"interleukin-6-mediated signaling pathway"
"GO:0070509",1,14,31072,534,0.21552861266969,"CACNA1G",0.299752567885283,"calcium ion import"
"GO:0070542",1,14,31072,534,0.21552861266969,"PTGS2",0.299752567885283,"response to fatty acid"
"GO:1901741",1,14,31072,534,0.21552861266969,"NFATC2",0.299752567885283,"positive regulation of myoblast fusion"
"GO:2001224",1,14,31072,534,0.21552861266969,"MDK",0.299752567885283,"positive regulation of neuron migration"
"GO:0018108",2,51,31072,534,0.218478405809701,"ABL2/FLT1",0.303396427690452,"peptidyl-tyrosine phosphorylation"
"GO:0032091",2,51,31072,534,0.218478405809701,"CDKN1A/SLPI",0.303396427690452,"negative regulation of protein binding"
"GO:0035556",8,335,31072,534,0.221002606758739,"KIT/MDK/NR4A3/RIPK1/SPHK1/STK17B/STK38L/TREM1",0.30665404924418,"intracellular signal transduction"
"GO:0030182",4,140,31072,534,0.221157567036428,"CDON/EMX2/FZD10/WNT2",0.30665404924418,"neuron differentiation"
"GO:0000278",3,95,31072,534,0.224119631719535,"GEM/MYB/TUBAL3",0.309845892849395,"mitotic cell cycle"
"GO:0007160",3,95,31072,534,0.224119631719535,"ITGA1/ITGA7/ITGB3",0.309845892849395,"cell-matrix adhesion"
"GO:0051209",2,52,31072,534,0.224813928642854,"F2R/MCOLN3",0.309845892849395,"release of sequestered calcium ion into cytosol"
"GO:0051216",2,52,31072,534,0.224813928642854,"BMP8B/NFATC2",0.309845892849395,"cartilage development"
"GO:0006805",3,96,31072,534,0.228644775002854,"AKR1C1/FMO1/FMO2",0.309845892849395,"xenobiotic metabolic process"
"GO:0031175",3,96,31072,534,0.228644775002854,"AREG/IL6/PSD",0.309845892849395,"neuron projection development"
"GO:0001516",1,15,31072,534,0.229016529497379,"PTGS2",0.309845892849395,"prostaglandin biosynthetic process"
"GO:0001556",1,15,31072,534,0.229016529497379,"PDE3A",0.309845892849395,"oocyte maturation"
"GO:0001655",1,15,31072,534,0.229016529497379,"EPHB3",0.309845892849395,"urogenital system development"
"GO:0006352",1,15,31072,534,0.229016529497379,"TAF13",0.309845892849395,"DNA-templated transcription initiation"
"GO:0006878",1,15,31072,534,0.229016529497379,"MT2A",0.309845892849395,"intracellular copper ion homeostasis"
"GO:0007413",1,15,31072,534,0.229016529497379,"EPHB3",0.309845892849395,"axonal fasciculation"
"GO:0010759",1,15,31072,534,0.229016529497379,"MDK",0.309845892849395,"positive regulation of macrophage chemotaxis"
"GO:0010820",1,15,31072,534,0.229016529497379,"CCR2",0.309845892849395,"positive regulation of T cell chemotaxis"
"GO:0014009",1,15,31072,534,0.229016529497379,"AREG",0.309845892849395,"glial cell proliferation"
"GO:0018146",1,15,31072,534,0.229016529497379,"CHST6",0.309845892849395,"keratan sulfate biosynthetic process"
"GO:0030224",1,15,31072,534,0.229016529497379,"MT1G",0.309845892849395,"monocyte differentiation"
"GO:0030330",1,15,31072,534,0.229016529497379,"BCL3",0.309845892849395,"DNA damage response, signal transduction by p53 class mediator"
"GO:0033189",1,15,31072,534,0.229016529497379,"EPO",0.309845892849395,"response to vitamin A"
"GO:0035050",1,15,31072,534,0.229016529497379,"FOXC1",0.309845892849395,"embryonic heart tube development"
"GO:0035234",1,15,31072,534,0.229016529497379,"KIT",0.309845892849395,"ectopic germ cell programmed cell death"
"GO:0042059",1,15,31072,534,0.229016529497379,"ITGA1",0.309845892849395,"negative regulation of epidermal growth factor receptor signaling pathway"
"GO:0048535",1,15,31072,534,0.229016529497379,"TOX",0.309845892849395,"lymph node development"
"GO:0048708",1,15,31072,534,0.229016529497379,"ID4",0.309845892849395,"astrocyte differentiation"
"GO:0051146",1,15,31072,534,0.229016529497379,"IGF2",0.309845892849395,"striated muscle cell differentiation"
"GO:0060384",1,15,31072,534,0.229016529497379,"SLITRK6",0.309845892849395,"innervation"
"GO:0061045",1,15,31072,534,0.229016529497379,"SERPINE1",0.309845892849395,"negative regulation of wound healing"
"GO:0070266",1,15,31072,534,0.229016529497379,"RIPK1",0.309845892849395,"necroptotic process"
"GO:0071310",1,15,31072,534,0.229016529497379,"EGR2",0.309845892849395,"cellular response to organic substance"
"GO:0090051",1,15,31072,534,0.229016529497379,"KLF4",0.309845892849395,"negative regulation of cell migration involved in sprouting angiogenesis"
"GO:0090316",1,15,31072,534,0.229016529497379,"PLK3",0.309845892849395,"positive regulation of intracellular protein transport"
"GO:0099149",1,15,31072,534,0.229016529497379,"ITGB3",0.309845892849395,"regulation of postsynaptic neurotransmitter receptor internalization"
"GO:1904385",1,15,31072,534,0.229016529497379,"INHBA",0.309845892849395,"cellular response to angiotensin"
"GO:0006919",2,53,31072,534,0.231162891264777,"DLC1/F2R",0.311832639242808,"activation of cysteine-type endopeptidase activity involved in apoptotic process"
"GO:0032720",2,53,31072,534,0.231162891264777,"BCL3/ZC3H12A",0.311832639242808,"negative regulation of tumor necrosis factor production"
"GO:0042475",2,53,31072,534,0.231162891264777,"FOXC1/HAND2",0.311832639242808,"odontogenesis of dentin-containing tooth"
"GO:0045165",2,53,31072,534,0.231162891264777,"GAS1/WNT2",0.311832639242808,"cell fate commitment"
"GO:0006935",3,97,31072,534,0.23318697609506,"CCR2/CCR5/FOSL1",0.314332627117151,"chemotaxis"
"GO:0001953",1,16,31072,534,0.242272966798097,"CDKN2A",0.321168774429754,"negative regulation of cell-matrix adhesion"
"GO:0002437",1,16,31072,534,0.242272966798097,"FOSL2",0.321168774429754,"inflammatory response to antigenic stimulus"
"GO:0003161",1,16,31072,534,0.242272966798097,"MSX2",0.321168774429754,"cardiac conduction system development"
"GO:0006693",1,16,31072,534,0.242272966798097,"AKR1C1",0.321168774429754,"prostaglandin metabolic process"
"GO:0008631",1,16,31072,534,0.242272966798097,"SOD2",0.321168774429754,"intrinsic apoptotic signaling pathway in response to oxidative stress"
"GO:0009792",1,16,31072,534,0.242272966798097,"TGFB2",0.321168774429754,"embryo development ending in birth or egg hatching"
"GO:0010765",1,16,31072,534,0.242272966798097,"ANK3",0.321168774429754,"positive regulation of sodium ion transport"
"GO:0021675",1,16,31072,534,0.242272966798097,"NTF3",0.321168774429754,"nerve development"
"GO:0030322",1,16,31072,534,0.242272966798097,"KCNK6",0.321168774429754,"stabilization of membrane potential"
"GO:0035909",1,16,31072,534,0.242272966798097,"SIX1",0.321168774429754,"aorta morphogenesis"
"GO:0042770",1,16,31072,534,0.242272966798097,"GADD45A",0.321168774429754,"signal transduction in response to DNA damage"
"GO:0043149",1,16,31072,534,0.242272966798097,"PDLIM1",0.321168774429754,"stress fiber assembly"
"GO:0043388",1,16,31072,534,0.242272966798097,"FOXC1",0.321168774429754,"positive regulation of DNA binding"
"GO:0045638",1,16,31072,534,0.242272966798097,"HOXA9",0.321168774429754,"negative regulation of myeloid cell differentiation"
"GO:0045780",1,16,31072,534,0.242272966798097,"ITGB3",0.321168774429754,"positive regulation of bone resorption"
"GO:0046426",1,16,31072,534,0.242272966798097,"BCL3",0.321168774429754,"negative regulation of receptor signaling pathway via JAK-STAT"
"GO:0060037",1,16,31072,534,0.242272966798097,"SIX1",0.321168774429754,"pharyngeal system development"
"GO:0060216",1,16,31072,534,0.242272966798097,"HOXA9",0.321168774429754,"definitive hemopoiesis"
"GO:0060716",1,16,31072,534,0.242272966798097,"WNT2",0.321168774429754,"labyrinthine layer blood vessel development"
"GO:0060749",1,16,31072,534,0.242272966798097,"AREG",0.321168774429754,"mammary gland alveolus development"
"GO:0071391",1,16,31072,534,0.242272966798097,"ARID5A",0.321168774429754,"cellular response to estrogen stimulus"
"GO:0086002",1,16,31072,534,0.242272966798097,"CACNA1G",0.321168774429754,"cardiac muscle cell action potential involved in contraction"
"GO:1902176",1,16,31072,534,0.242272966798097,"SOD2",0.321168774429754,"negative regulation of oxidative stress-induced intrinsic apoptotic signaling pathway"
"GO:0006869",2,55,31072,534,0.243891899486771,"APOLD1/VLDLR",0.322617609673371,"lipid transport"
"GO:0032922",2,55,31072,534,0.243891899486771,"ID4/PPARGC1A",0.322617609673371,"circadian regulation of gene expression"
"GO:0050679",2,55,31072,534,0.243891899486771,"FGF9/NR4A3",0.322617609673371,"positive regulation of epithelial cell proliferation"
"GO:0042742",3,100,31072,534,0.246906596529861,"BCL3/COLEC12/GNLY",0.326370788516483,"defense response to bacterium"
"GO:0030163",2,56,31072,534,0.250267514389061,"MME/RIPK1",0.330338756438933,"protein catabolic process"
"GO:0042752",2,56,31072,534,0.250267514389061,"KLF10/PPARGC1A",0.330338756438933,"regulation of circadian rhythm"
"GO:0007420",4,148,31072,534,0.250655446025987,"EGR2/EMX2/PCDH18/SPHK1",0.330613634901661,"brain development"
"GO:0001709",1,17,31072,534,0.255301889896043,"MCL1",0.331514098383006,"cell fate determination"
"GO:0002009",1,17,31072,534,0.255301889896043,"RIPK4",0.331514098383006,"morphogenesis of an epithelium"
"GO:0002021",1,17,31072,534,0.255301889896043,"PPARGC1A",0.331514098383006,"response to dietary excess"
"GO:0003184",1,17,31072,534,0.255301889896043,"TGFB2",0.331514098383006,"pulmonary valve morphogenesis"
"GO:0006024",1,17,31072,534,0.255301889896043,"HS3ST1",0.331514098383006,"glycosaminoglycan biosynthetic process"
"GO:0006801",1,17,31072,534,0.255301889896043,"SOD2",0.331514098383006,"superoxide metabolic process"
"GO:0016486",1,17,31072,534,0.255301889896043,"CORIN",0.331514098383006,"peptide hormone processing"
"GO:0019538",1,17,31072,534,0.255301889896043,"CTSG",0.331514098383006,"protein metabolic process"
"GO:0030500",1,17,31072,534,0.255301889896043,"COMP",0.331514098383006,"regulation of bone mineralization"
"GO:0030517",1,17,31072,534,0.255301889896043,"IFRD1",0.331514098383006,"negative regulation of axon extension"
"GO:0031641",1,17,31072,534,0.255301889896043,"PTN",0.331514098383006,"regulation of myelination"
"GO:0033280",1,17,31072,534,0.255301889896043,"PTGS2",0.331514098383006,"response to vitamin D"
"GO:0043392",1,17,31072,534,0.255301889896043,"GZMA",0.331514098383006,"negative regulation of DNA binding"
"GO:0046579",1,17,31072,534,0.255301889896043,"EPO",0.331514098383006,"positive regulation of Ras protein signal transduction"
"GO:0048514",1,17,31072,534,0.255301889896043,"FLT1",0.331514098383006,"blood vessel morphogenesis"
"GO:0048545",1,17,31072,534,0.255301889896043,"ACTA1",0.331514098383006,"response to steroid hormone"
"GO:0051403",1,17,31072,534,0.255301889896043,"DUSP10",0.331514098383006,"stress-activated MAPK cascade"
"GO:0060997",1,17,31072,534,0.255301889896043,"EPHB3",0.331514098383006,"dendritic spine morphogenesis"
"GO:0061158",1,17,31072,534,0.255301889896043,"ZC3H12A",0.331514098383006,"3'-UTR-mediated mRNA destabilization"
"GO:0090190",1,17,31072,534,0.255301889896043,"SIX1",0.331514098383006,"positive regulation of branching involved in ureteric bud morphogenesis"
"GO:1903672",1,17,31072,534,0.255301889896043,"KLF4",0.331514098383006,"positive regulation of sprouting angiogenesis"
"GO:1904019",1,17,31072,534,0.255301889896043,"HAND2",0.331514098383006,"epithelial cell apoptotic process"
"GO:0000281",2,57,31072,534,0.256647703911277,"ANK3/RHOB",0.332557588166725,"mitotic cytokinesis"
"GO:0009791",2,57,31072,534,0.256647703911277,"NR4A2/SOD2",0.332557588166725,"post-embryonic development"
"GO:1901224",2,57,31072,534,0.256647703911277,"RIPK1/SPHK1",0.332557588166725,"positive regulation of non-canonical NF-kappaB signal transduction"
"GO:0070588",3,103,31072,534,0.260746591333087,"ANXA9/CACNA1G/MCOLN3",0.337631054224405,"calcium ion transmembrane transport"
"GO:0007186",11,509,31072,534,0.262065982415723,"AREG/BDKRB2/CCR2/CCR5/F2R/FZD10/GPR22/GPRC5A/PDE3A/RAMP1/RGS16",0.339100849258039,"G protein-coupled receptor signaling pathway"
"GO:0001659",1,18,31072,534,0.268107196313545,"PPARGC1A",0.341159917854027,"temperature homeostasis"
"GO:0001892",1,18,31072,534,0.268107196313545,"IGF2",0.341159917854027,"embryonic placenta development"
"GO:0002286",1,18,31072,534,0.268107196313545,"MDK",0.341159917854027,"T cell activation involved in immune response"
"GO:0010803",1,18,31072,534,0.268107196313545,"SPHK1",0.341159917854027,"regulation of tumor necrosis factor-mediated signaling pathway"
"GO:0014850",1,18,31072,534,0.268107196313545,"PPARGC1A",0.341159917854027,"response to muscle activity"
"GO:0019229",1,18,31072,534,0.268107196313545,"BDKRB2",0.341159917854027,"regulation of vasoconstriction"
"GO:0022038",1,18,31072,534,0.268107196313545,"EPHB3",0.341159917854027,"corpus callosum development"
"GO:0030318",1,18,31072,534,0.268107196313545,"KIT",0.341159917854027,"melanocyte differentiation"
"GO:0031638",1,18,31072,534,0.268107196313545,"THBD",0.341159917854027,"zymogen activation"
"GO:0032331",1,18,31072,534,0.268107196313545,"SNAI2",0.341159917854027,"negative regulation of chondrocyte differentiation"
"GO:0034260",1,18,31072,534,0.268107196313545,"FZD10",0.341159917854027,"negative regulation of GTPase activity"
"GO:0042157",1,18,31072,534,0.268107196313545,"APOLD1",0.341159917854027,"lipoprotein metabolic process"
"GO:0042310",1,18,31072,534,0.268107196313545,"BDKRB2",0.341159917854027,"vasoconstriction"
"GO:0043277",1,18,31072,534,0.268107196313545,"ITGB3",0.341159917854027,"apoptotic cell clearance"
"GO:0048278",1,18,31072,534,0.268107196313545,"SYT1",0.341159917854027,"vesicle docking"
"GO:0048665",1,18,31072,534,0.268107196313545,"SIX1",0.341159917854027,"neuron fate specification"
"GO:0050678",1,18,31072,534,0.268107196313545,"SIX1",0.341159917854027,"regulation of epithelial cell proliferation"
"GO:0060292",1,18,31072,534,0.268107196313545,"SORCS2",0.341159917854027,"long-term synaptic depression"
"GO:0070269",1,18,31072,534,0.268107196313545,"GZMA",0.341159917854027,"pyroptosis"
"GO:0071318",1,18,31072,534,0.268107196313545,"PTGS2",0.341159917854027,"cellular response to ATP"
"GO:0071404",1,18,31072,534,0.268107196313545,"LDLR",0.341159917854027,"cellular response to low-density lipoprotein particle stimulus"
"GO:0090050",1,18,31072,534,0.268107196313545,"PTGS2",0.341159917854027,"positive regulation of cell migration involved in sprouting angiogenesis"
"GO:0090201",1,18,31072,534,0.268107196313545,"LMNA",0.341159917854027,"negative regulation of release of cytochrome c from mitochondria"
"GO:0090314",1,18,31072,534,0.268107196313545,"ANK3",0.341159917854027,"positive regulation of protein targeting to membrane"
"GO:0031398",2,59,31072,534,0.269413730126662,"FAM107A/SPHK1",0.342348938834985,"positive regulation of protein ubiquitination"
"GO:0071560",2,59,31072,534,0.269413730126662,"PDE3A/WNT2",0.342348938834985,"cellular response to transforming growth factor beta stimulus"
"GO:0007283",7,304,31072,534,0.269697021499881,"CREM/HOXA9/KIT/SKIL/SLC19A2/SLC2A14/SSTR2",0.342472408253817,"spermatogenesis"
"GO:0090090",3,107,31072,534,0.27934601154261,"GLI1/MDK/SNAI2",0.350627697995894,"negative regulation of canonical Wnt signaling pathway"
"GO:0003203",1,19,31072,534,0.280692716928235,"TGFB2",0.350627697995894,"endocardial cushion morphogenesis"
"GO:0007274",1,19,31072,534,0.280692716928235,"EGR3",0.350627697995894,"neuromuscular synaptic transmission"
"GO:0009311",1,19,31072,534,0.280692716928235,"ST6GALNAC5",0.350627697995894,"oligosaccharide metabolic process"
"GO:0019934",1,19,31072,534,0.280692716928235,"PDE3A",0.350627697995894,"cGMP-mediated signaling"
"GO:0030279",1,19,31072,534,0.280692716928235,"MDK",0.350627697995894,"negative regulation of ossification"
"GO:0033137",1,19,31072,534,0.280692716928235,"BDKRB2",0.350627697995894,"negative regulation of peptidyl-serine phosphorylation"
"GO:0035855",1,19,31072,534,0.280692716928235,"KIT",0.350627697995894,"megakaryocyte development"
"GO:0042474",1,19,31072,534,0.280692716928235,"SIX1",0.350627697995894,"middle ear morphogenesis"
"GO:0042730",1,19,31072,534,0.280692716928235,"SERPINE1",0.350627697995894,"fibrinolysis"
"GO:0043069",1,19,31072,534,0.280692716928235,"KIT",0.350627697995894,"negative regulation of programmed cell death"
"GO:0045862",1,19,31072,534,0.280692716928235,"CYFIP2",0.350627697995894,"positive regulation of proteolysis"
"GO:0046628",1,19,31072,534,0.280692716928235,"IGF2",0.350627697995894,"positive regulation of insulin receptor signaling pathway"
"GO:0046827",1,19,31072,534,0.280692716928235,"BAG3",0.350627697995894,"positive regulation of protein export from nucleus"
"GO:0048814",1,19,31072,534,0.280692716928235,"SDC2",0.350627697995894,"regulation of dendrite morphogenesis"
"GO:0050770",1,19,31072,534,0.280692716928235,"EPHB3",0.350627697995894,"regulation of axonogenesis"
"GO:0050806",1,19,31072,534,0.280692716928235,"SYT1",0.350627697995894,"positive regulation of synaptic transmission"
"GO:0051276",1,19,31072,534,0.280692716928235,"GEM",0.350627697995894,"chromosome organization"
"GO:0051924",1,19,31072,534,0.280692716928235,"SLN",0.350627697995894,"regulation of calcium ion transport"
"GO:0061098",1,19,31072,534,0.280692716928235,"NEDD9",0.350627697995894,"positive regulation of protein tyrosine kinase activity"
"GO:0071353",1,19,31072,534,0.280692716928235,"NFIL3",0.350627697995894,"cellular response to interleukin-4"
"GO:0071398",1,19,31072,534,0.280692716928235,"LDLR",0.350627697995894,"cellular response to fatty acid"
"GO:0071425",1,19,31072,534,0.280692716928235,"SNAI2",0.350627697995894,"hematopoietic stem cell proliferation"
"GO:1903779",1,19,31072,534,0.280692716928235,"CORIN",0.350627697995894,"regulation of cardiac conduction"
"GO:0006886",5,206,31072,534,0.281114633912146,"ARL5B/RAMP1/RHOB/SORCS2/SYTL2",0.35091650366238,"intracellular protein transport"
"GO:0006952",2,62,31072,534,0.288548358568519,"COLEC12/INHBA",0.359951850688864,"defense response"
"GO:0007369",1,20,31072,534,0.293062217110514,"NR4A3",0.361417211449963,"gastrulation"
"GO:0009948",1,20,31072,534,0.293062217110514,"LEFTY2",0.361417211449963,"anterior/posterior axis specification"
"GO:0017158",1,20,31072,534,0.293062217110514,"SYT1",0.361417211449963,"regulation of calcium ion-dependent exocytosis"
"GO:0030879",1,20,31072,534,0.293062217110514,"HOXA9",0.361417211449963,"mammary gland development"
"GO:0035307",1,20,31072,534,0.293062217110514,"DLC1",0.361417211449963,"positive regulation of protein dephosphorylation"
"GO:0035902",1,20,31072,534,0.293062217110514,"SOD2",0.361417211449963,"response to immobilization stress"
"GO:0043537",1,20,31072,534,0.293062217110514,"GADD45A",0.361417211449963,"negative regulation of blood vessel endothelial cell migration"
"GO:0045740",1,20,31072,534,0.293062217110514,"GLI1",0.361417211449963,"positive regulation of DNA replication"
"GO:0046580",1,20,31072,534,0.293062217110514,"TGFB2",0.361417211449963,"negative regulation of Ras protein signal transduction"
"GO:0046928",1,20,31072,534,0.293062217110514,"MCTP1",0.361417211449963,"regulation of neurotransmitter secretion"
"GO:0048260",1,20,31072,534,0.293062217110514,"SERPINE1",0.361417211449963,"positive regulation of receptor-mediated endocytosis"
"GO:0048589",1,20,31072,534,0.293062217110514,"GAS1",0.361417211449963,"developmental growth"
"GO:0050901",1,20,31072,534,0.293062217110514,"SELE",0.361417211449963,"leukocyte tethering or rolling"
"GO:0061028",1,20,31072,534,0.293062217110514,"ICAM1",0.361417211449963,"establishment of endothelial barrier"
"GO:0071542",1,20,31072,534,0.293062217110514,"NR4A2",0.361417211449963,"dopaminergic neuron differentiation"
"GO:0090103",1,20,31072,534,0.293062217110514,"SIX1",0.361417211449963,"cochlea morphogenesis"
"GO:1900273",1,20,31072,534,0.293062217110514,"MME",0.361417211449963,"positive regulation of long-term synaptic potentiation"
"GO:0071356",3,110,31072,534,0.293375571550533,"HAS2/RIPK1/ZC3H12A",0.361561320598111,"cellular response to tumor necrosis factor"
"GO:0008283",3,111,31072,534,0.298062993148557,"FAM83D/FOXC1/SPHK1",0.366846760798224,"cell population proliferation"
"GO:0008360",3,111,31072,534,0.298062993148557,"DLC1/ITGA7/KIT",0.366846760798224,"regulation of cell shape"
"GO:0045666",2,64,31072,534,0.301274473598682,"CDON/EPO",0.370551491591962,"positive regulation of neuron differentiation"
"GO:0006939",1,21,31072,534,0.305219397841642,"BDKRB2",0.371922974853391,"smooth muscle contraction"
"GO:0014003",1,21,31072,534,0.305219397841642,"PRDM8",0.371922974853391,"oligodendrocyte development"
"GO:0023019",1,21,31072,534,0.305219397841642,"MSX2",0.371922974853391,"signal transduction involved in regulation of gene expression"
"GO:0030101",1,21,31072,534,0.305219397841642,"SLAMF7",0.371922974853391,"natural killer cell activation"
"GO:0031589",1,21,31072,534,0.305219397841642,"ITGB3",0.371922974853391,"cell-substrate adhesion"
"GO:0035023",1,21,31072,534,0.305219397841642,"DLC1",0.371922974853391,"regulation of Rho protein signal transduction"
"GO:0040014",1,21,31072,534,0.305219397841642,"FOSL2",0.371922974853391,"regulation of multicellular organism growth"
"GO:0042554",1,21,31072,534,0.305219397841642,"SOD2",0.371922974853391,"superoxide anion generation"
"GO:0043113",1,21,31072,534,0.305219397841642,"PTN",0.371922974853391,"receptor clustering"
"GO:0043616",1,21,31072,534,0.305219397841642,"CDKN1A",0.371922974853391,"keratinocyte proliferation"
"GO:0045216",1,21,31072,534,0.305219397841642,"TGFB2",0.371922974853391,"cell-cell junction organization"
"GO:0046716",1,21,31072,534,0.305219397841642,"BAG3",0.371922974853391,"muscle cell cellular homeostasis"
"GO:1902017",1,21,31072,534,0.305219397841642,"ADAMTS16",0.371922974853391,"regulation of cilium assembly"
"GO:2000779",1,21,31072,534,0.305219397841642,"MBTD1",0.371922974853391,"regulation of double-strand break repair"
"GO:0009653",3,113,31072,534,0.307449489747756,"F2R/FOXC1/HOXB5",0.373862094318499,"anatomical structure morphogenesis"
"GO:0042127",3,113,31072,534,0.307449489747756,"JUND/KIT/TGFB2",0.373862094318499,"regulation of cell population proliferation"
"GO:0031647",2,65,31072,534,0.30762348412946,"FAM107A/LMNA",0.373862094318499,"regulation of protein stability"
"GO:0032868",2,65,31072,534,0.30762348412946,"EGR2/SLC2A1",0.373862094318499,"response to insulin"
"GO:0034765",3,114,31072,534,0.312147040537714,"CACNA1G/CLIC6/KCNK6",0.379109276956696,"regulation of monoatomic ion transmembrane transport"
"GO:0009617",2,66,31072,534,0.313961063262377,"GZMA/LRG1",0.380809727358453,"response to bacterium"
"GO:0051402",2,66,31072,534,0.313961063262377,"NR4A2/PPARGC1A",0.380809727358453,"neuron apoptotic process"
"GO:0001678",1,22,31072,534,0.317167896812772,"PPARGC1A",0.380932722020562,"intracellular glucose homeostasis"
"GO:0010043",1,22,31072,534,0.317167896812772,"SOD2",0.380932722020562,"response to zinc ion"
"GO:0021983",1,22,31072,534,0.317167896812772,"GLI1",0.380932722020562,"pituitary gland development"
"GO:0032148",1,22,31072,534,0.317167896812772,"NTF3",0.380932722020562,"activation of protein kinase B activity"
"GO:0035567",1,22,31072,534,0.317167896812772,"FZD10",0.380932722020562,"non-canonical Wnt signaling pathway"
"GO:0035904",1,22,31072,534,0.317167896812772,"EGR2",0.380932722020562,"aorta development"
"GO:0046329",1,22,31072,534,0.317167896812772,"DUSP10",0.380932722020562,"negative regulation of JNK cascade"
"GO:0048565",1,22,31072,534,0.317167896812772,"KIT",0.380932722020562,"digestive tract development"
"GO:0050768",1,22,31072,534,0.317167896812772,"IL6",0.380932722020562,"negative regulation of neurogenesis"
"GO:0070498",1,22,31072,534,0.317167896812772,"IL1R1",0.380932722020562,"interleukin-1-mediated signaling pathway"
"GO:0090102",1,22,31072,534,0.317167896812772,"SLITRK6",0.380932722020562,"cochlea development"
"GO:0090303",1,22,31072,534,0.317167896812772,"HBEGF",0.380932722020562,"positive regulation of wound healing"
"GO:1900016",1,22,31072,534,0.317167896812772,"ZC3H12A",0.380932722020562,"negative regulation of cytokine production involved in inflammatory response"
"GO:1901223",1,22,31072,534,0.317167896812772,"ZC3H12A",0.380932722020562,"negative regulation of non-canonical NF-kappaB signal transduction"
"GO:1990000",1,22,31072,534,0.317167896812772,"RIPK1",0.380932722020562,"amyloid fibril formation"
"GO:0065003",3,116,31072,534,0.321547027382783,"IL2RB/PPARGC1A/SLC2A1",0.385940332931716,"protein-containing complex assembly"
"GO:0032880",2,68,31072,534,0.326596060211245,"ITGB3/SIX1",0.38994637415573,"regulation of protein localization"
"GO:0002040",1,23,31072,534,0.328911289505267,"CCBE1",0.38994637415573,"sprouting angiogenesis"
"GO:0002639",1,23,31072,534,0.328911289505267,"IL6",0.38994637415573,"positive regulation of immunoglobulin production"
"GO:0006611",1,23,31072,534,0.328911289505267,"EGR2",0.38994637415573,"protein export from nucleus"
"GO:0007269",1,23,31072,534,0.328911289505267,"SYT1",0.38994637415573,"neurotransmitter secretion"
"GO:0007271",1,23,31072,534,0.328911289505267,"ANXA9",0.38994637415573,"synaptic transmission, cholinergic"
"GO:0007498",1,23,31072,534,0.328911289505267,"ETS2",0.38994637415573,"mesoderm development"
"GO:0007520",1,23,31072,534,0.328911289505267,"CDON",0.38994637415573,"myoblast fusion"
"GO:0010800",1,23,31072,534,0.328911289505267,"SPHK1",0.38994637415573,"positive regulation of peptidyl-threonine phosphorylation"
"GO:0015721",1,23,31072,534,0.328911289505267,"AKR1C1",0.38994637415573,"bile acid and bile salt transport"
"GO:0015908",1,23,31072,534,0.328911289505267,"RBP1",0.38994637415573,"fatty acid transport"
"GO:0019882",1,23,31072,534,0.328911289505267,"RAB3C",0.38994637415573,"antigen processing and presentation"
"GO:0030301",1,23,31072,534,0.328911289505267,"LDLR",0.38994637415573,"cholesterol transport"
"GO:0032691",1,23,31072,534,0.328911289505267,"ZC3H12A",0.38994637415573,"negative regulation of interleukin-1 beta production"
"GO:0035235",1,23,31072,534,0.328911289505267,"GRID1",0.38994637415573,"ionotropic glutamate receptor signaling pathway"
"GO:0050482",1,23,31072,534,0.328911289505267,"BDKRB2",0.38994637415573,"arachidonic acid secretion"
"GO:0051881",1,23,31072,534,0.328911289505267,"SOD2",0.38994637415573,"regulation of mitochondrial membrane potential"
"GO:0051928",1,23,31072,534,0.328911289505267,"F2R",0.38994637415573,"positive regulation of calcium ion transport"
"GO:0071480",1,23,31072,534,0.328911289505267,"CDKN1A",0.38994637415573,"cellular response to gamma radiation"
"GO:0007286",2,69,31072,534,0.332890678208168,"GLI1/KIT",0.393902796079119,"spermatid development"
"GO:0007626",2,69,31072,534,0.332890678208168,"MCOLN3/SOD2",0.393902796079119,"locomotory behavior"
"GO:0030509",2,69,31072,534,0.332890678208168,"COMP/MSX2",0.393902796079119,"BMP signaling pathway"
"GO:0007010",3,119,31072,534,0.335648426218098,"ANK3/MDK/NEDD9",0.396655815183879,"cytoskeleton organization"
"GO:0007605",3,119,31072,534,0.335648426218098,"SIX1/SLITRK6/SNAI2",0.396655815183879,"sensory perception of sound"
"GO:0001843",2,70,31072,534,0.339168262371708,"DLC1/TGFB2",0.399002347811974,"neural tube closure"
"GO:0006325",3,120,31072,534,0.340346477420807,"MBTD1/SNAI2/TOX",0.399002347811974,"chromatin organization"
"GO:0001954",1,24,31072,534,0.340453090252608,"ITGB3",0.399002347811974,"positive regulation of cell-matrix adhesion"
"GO:0007202",1,24,31072,534,0.340453090252608,"SELE",0.399002347811974,"activation of phospholipase C activity"
"GO:0010332",1,24,31072,534,0.340453090252608,"SOD2",0.399002347811974,"response to gamma radiation"
"GO:0015914",1,24,31072,534,0.340453090252608,"LDLR",0.399002347811974,"phospholipid transport"
"GO:0030325",1,24,31072,534,0.340453090252608,"MDK",0.399002347811974,"adrenal gland development"
"GO:0036297",1,24,31072,534,0.340453090252608,"FANCF",0.399002347811974,"interstrand cross-link repair"
"GO:0042908",1,24,31072,534,0.340453090252608,"SLC2A1",0.399002347811974,"xenobiotic transport"
"GO:0055010",1,24,31072,534,0.340453090252608,"FOXC1",0.399002347811974,"ventricular cardiac muscle tissue morphogenesis"
"GO:0060155",1,24,31072,534,0.340453090252608,"F2R",0.399002347811974,"platelet dense granule organization"
"GO:0060586",1,24,31072,534,0.340453090252608,"SOD2",0.399002347811974,"multicellular organismal-level iron ion homeostasis"
"GO:0097746",1,24,31072,534,0.340453090252608,"FOXC1",0.399002347811974,"blood vessel diameter maintenance"
"GO:0071347",2,71,31072,534,0.345427540296935,"HAS2/ZC3H12A",0.404574585707422,"cellular response to interleukin-1"
"GO:0071805",3,122,31072,534,0.349734913165918,"KCNAB1/KCNG1/KCNK6",0.408394969112267,"potassium ion transmembrane transport"
"GO:0008544",2,72,31072,534,0.351667288174362,"EMP1/SVEP1",0.408394969112267,"epidermis development"
"GO:0050804",2,72,31072,534,0.351667288174362,"GRID1/NTF3",0.408394969112267,"modulation of chemical synaptic transmission"
"GO:0003009",1,25,31072,534,0.351796753284208,"TNNT3",0.408394969112267,"skeletal muscle contraction"
"GO:0007205",1,25,31072,534,0.351796753284208,"F2R",0.408394969112267,"protein kinase C-activating G protein-coupled receptor signaling pathway"
"GO:0019228",1,25,31072,534,0.351796753284208,"ANK3",0.408394969112267,"neuronal action potential"
"GO:0035116",1,25,31072,534,0.351796753284208,"MSX2",0.408394969112267,"embryonic hindlimb morphogenesis"
"GO:0035335",1,25,31072,534,0.351796753284208,"DUSP5",0.408394969112267,"peptidyl-tyrosine dephosphorylation"
"GO:0045648",1,25,31072,534,0.351796753284208,"INHBA",0.408394969112267,"positive regulation of erythrocyte differentiation"
"GO:0048041",1,25,31072,534,0.351796753284208,"DLC1",0.408394969112267,"focal adhesion assembly"
"GO:0060349",1,25,31072,534,0.351796753284208,"HAS2",0.408394969112267,"bone morphogenesis"
"GO:0060391",1,25,31072,534,0.351796753284208,"INHBA",0.408394969112267,"positive regulation of SMAD protein signal transduction"
"GO:0071897",1,25,31072,534,0.351796753284208,"SPHK1",0.408394969112267,"DNA biosynthetic process"
"GO:1990138",1,25,31072,534,0.351796753284208,"ALCAM",0.408394969112267,"neuron projection extension"
"GO:0032355",2,73,31072,534,0.357886329500903,"AREG/PTGS2",0.415202299042662,"response to estradiol"
"GO:0001708",1,26,31072,534,0.362945673751443,"CDON",0.41843360883625,"cell fate specification"
"GO:0002224",1,26,31072,534,0.362945673751443,"FOSL1",0.41843360883625,"toll-like receptor signaling pathway"
"GO:0002230",1,26,31072,534,0.362945673751443,"ZC3H12A",0.41843360883625,"positive regulation of defense response to virus by host"
"GO:0007095",1,26,31072,534,0.362945673751443,"CDKN1A",0.41843360883625,"mitotic G2 DNA damage checkpoint signaling"
"GO:0009312",1,26,31072,534,0.362945673751443,"ST6GALNAC5",0.41843360883625,"oligosaccharide biosynthetic process"
"GO:0030833",1,26,31072,534,0.362945673751443,"CYFIP2",0.41843360883625,"regulation of actin filament polymerization"
"GO:0031507",1,26,31072,534,0.362945673751443,"LMNA",0.41843360883625,"heterochromatin formation"
"GO:0032481",1,26,31072,534,0.362945673751443,"TRAF3IP3",0.41843360883625,"positive regulation of type I interferon production"
"GO:0051085",1,26,31072,534,0.362945673751443,"DNAJB4",0.41843360883625,"chaperone cofactor-dependent protein refolding"
"GO:0061436",1,26,31072,534,0.362945673751443,"KLF4",0.41843360883625,"establishment of skin barrier"
"GO:0007596",2,74,31072,534,0.364083533820662,"ITGB3/THBD",0.419482593757055,"blood coagulation"
"GO:0016192",3,126,31072,534,0.368463094498622,"ARL5B/MLC1/SYTL2",0.424262887282518,"vesicle-mediated transport"
"GO:0001707",1,27,31072,534,0.373903188736199,"SNAI1",0.427849419946894,"mesoderm formation"
"GO:0007389",1,27,31072,534,0.373903188736199,"SIX1",0.427849419946894,"pattern specification process"
"GO:0019933",1,27,31072,534,0.373903188736199,"PDE3A",0.427849419946894,"cAMP-mediated signaling"
"GO:0030148",1,27,31072,534,0.373903188736199,"SPHK1",0.427849419946894,"sphingolipid biosynthetic process"
"GO:0032968",1,27,31072,534,0.373903188736199,"ELL2",0.427849419946894,"positive regulation of transcription elongation by RNA polymerase II"
"GO:0035025",1,27,31072,534,0.373903188736199,"F2R",0.427849419946894,"positive regulation of Rho protein signal transduction"
"GO:0043001",1,27,31072,534,0.373903188736199,"ANK3",0.427849419946894,"Golgi to plasma membrane protein transport"
"GO:0051281",1,27,31072,534,0.373903188736199,"F2R",0.427849419946894,"positive regulation of release of sequestered calcium ion into cytosol"
"GO:0051603",1,27,31072,534,0.373903188736199,"GZMA",0.427849419946894,"proteolysis involved in protein catabolic process"
"GO:1905168",1,27,31072,534,0.373903188736199,"MBTD1",0.427849419946894,"positive regulation of double-strand break repair via homologous recombination"
"GO:0030183",2,76,31072,534,0.376408132500434,"FOSL2/KIT",0.430180722857639,"B cell differentiation"
"GO:0042632",2,76,31072,534,0.376408132500434,"AKR1C1/LDLR",0.430180722857639,"cholesterol homeostasis"
"GO:0007601",4,182,31072,534,0.381698466510164,"CDH3/RDH10/RGS16/SLITRK6",0.435956038720485,"visual perception"
"GO:0000184",1,28,31072,534,0.384672578242234,"ZC3H12A",0.436373331668132,"nuclear-transcribed mRNA catabolic process, nonsense-mediated decay"
"GO:0001958",1,28,31072,534,0.384672578242234,"FOXC1",0.436373331668132,"endochondral ossification"
"GO:0007528",1,28,31072,534,0.384672578242234,"ANK3",0.436373331668132,"neuromuscular junction development"
"GO:0008016",1,28,31072,534,0.384672578242234,"HBEGF",0.436373331668132,"regulation of heart contraction"
"GO:0014059",1,28,31072,534,0.384672578242234,"SYT1",0.436373331668132,"regulation of dopamine secretion"
"GO:0030032",1,28,31072,534,0.384672578242234,"KIT",0.436373331668132,"lamellipodium assembly"
"GO:0030225",1,28,31072,534,0.384672578242234,"FOSL2",0.436373331668132,"macrophage differentiation"
"GO:0030511",1,28,31072,534,0.384672578242234,"LRG1",0.436373331668132,"positive regulation of transforming growth factor beta receptor signaling pathway"
"GO:0031669",1,28,31072,534,0.384672578242234,"FAM107A",0.436373331668132,"cellular response to nutrient levels"
"GO:0070050",1,28,31072,534,0.384672578242234,"IL6",0.436373331668132,"neuron cellular homeostasis"
"GO:0070059",1,28,31072,534,0.384672578242234,"PPP1R15A",0.436373331668132,"intrinsic apoptotic signaling pathway in response to endoplasmic reticulum stress"
"GO:0030036",4,184,31072,534,0.389463077043604,"DLC1/KIT/PDLIM1/RND3",0.441535466272478,"actin cytoskeleton organization"
"GO:0001656",1,29,31072,534,0.395257066169648,"RDH10",0.443459147409849,"metanephros development"
"GO:0006368",1,29,31072,534,0.395257066169648,"ELL2",0.443459147409849,"transcription elongation by RNA polymerase II"
"GO:0030030",1,29,31072,534,0.395257066169648,"GPR22",0.443459147409849,"cell projection organization"
"GO:0030041",1,29,31072,534,0.395257066169648,"FAM107A",0.443459147409849,"actin filament polymerization"
"GO:0030878",1,29,31072,534,0.395257066169648,"SIX1",0.443459147409849,"thyroid gland development"
"GO:0040018",1,29,31072,534,0.395257066169648,"IGF2",0.443459147409849,"positive regulation of multicellular organism growth"
"GO:0048009",1,29,31072,534,0.395257066169648,"IGF2",0.443459147409849,"insulin-like growth factor receptor signaling pathway"
"GO:0048147",1,29,31072,534,0.395257066169648,"SOD2",0.443459147409849,"negative regulation of fibroblast proliferation"
"GO:0048701",1,29,31072,534,0.395257066169648,"SIX1",0.443459147409849,"embryonic cranial skeleton morphogenesis"
"GO:0050772",1,29,31072,534,0.395257066169648,"SKIL",0.443459147409849,"positive regulation of axonogenesis"
"GO:0051604",1,29,31072,534,0.395257066169648,"GZMA",0.443459147409849,"protein maturation"
"GO:0060173",1,29,31072,534,0.395257066169648,"COMP",0.443459147409849,"limb development"
"GO:0060325",1,29,31072,534,0.395257066169648,"CRISPLD2",0.443459147409849,"face morphogenesis"
"GO:0060612",1,29,31072,534,0.395257066169648,"PPARGC1A",0.443459147409849,"adipose tissue development"
"GO:0070372",1,29,31072,534,0.395257066169648,"FAM83D",0.443459147409849,"regulation of ERK1 and ERK2 cascade"
"GO:1905606",1,29,31072,534,0.395257066169648,"SLITRK6",0.443459147409849,"regulation of presynapse assembly"
"GO:2001234",1,29,31072,534,0.395257066169648,"NR4A2",0.443459147409849,"negative regulation of apoptotic signaling pathway"
"GO:0007156",3,133,31072,534,0.400980814949845,"CDH19/CDH3/PCDH18",0.449332947325039,"homophilic cell adhesion via plasma membrane adhesion molecules"
"GO:0051092",3,133,31072,534,0.400980814949845,"RIPK1/RIPK4/SPHK1",0.449332947325039,"positive regulation of NF-kappaB transcription factor activity"
"GO:0031122",1,30,31072,534,0.405659821272744,"PLK3",0.452098165440248,"cytoplasmic microtubule organization"
"GO:0043507",1,30,31072,534,0.405659821272744,"FZD10",0.452098165440248,"positive regulation of JUN kinase activity"
"GO:0043542",1,30,31072,534,0.405659821272744,"SNAI2",0.452098165440248,"endothelial cell migration"
"GO:0045184",1,30,31072,534,0.405659821272744,"ANK3",0.452098165440248,"establishment of protein localization"
"GO:0045596",1,30,31072,534,0.405659821272744,"SKIL",0.452098165440248,"negative regulation of cell differentiation"
"GO:0051966",1,30,31072,534,0.405659821272744,"SYT1",0.452098165440248,"regulation of synaptic transmission, glutamatergic"
"GO:0071407",1,30,31072,534,0.405659821272744,"HAND2",0.452098165440248,"cellular response to organic cyclic compound"
"GO:0097193",1,30,31072,534,0.405659821272744,"CDKN1A",0.452098165440248,"intrinsic apoptotic signaling pathway"
"GO:0099175",1,30,31072,534,0.405659821272744,"GRID1",0.452098165440248,"regulation of postsynapse organization"
"GO:0150104",2,82,31072,534,0.412753628699657,"SLC2A1/SLC2A3",0.459725591287753,"transport across blood-brain barrier"
"GO:0007098",1,31,31072,534,0.415883958101568,"GADD45A",0.460702277487589,"centrosome cycle"
"GO:0045582",1,31,31072,534,0.415883958101568,"MDK",0.460702277487589,"positive regulation of T cell differentiation"
"GO:0046854",1,31,31072,534,0.415883958101568,"ITPKC",0.460702277487589,"phosphatidylinositol phosphate biosynthetic process"
"GO:0048536",1,31,31072,534,0.415883958101568,"BCL3",0.460702277487589,"spleen development"
"GO:0048709",1,31,31072,534,0.415883958101568,"DUSP10",0.460702277487589,"oligodendrocyte differentiation"
"GO:0050870",1,31,31072,534,0.415883958101568,"CCR2",0.460702277487589,"positive regulation of T cell activation"
"GO:0051123",1,31,31072,534,0.415883958101568,"TAF13",0.460702277487589,"RNA polymerase II preinitiation complex assembly"
"GO:0051973",1,31,31072,534,0.415883958101568,"KLF4",0.460702277487589,"positive regulation of telomerase activity"
"GO:0070507",1,31,31072,534,0.415883958101568,"FAM107A",0.460702277487589,"regulation of microtubule cytoskeleton organization"
"GO:0050830",2,84,31072,534,0.424636386191334,"CTSG/IL6",0.469853638960685,"defense response to Gram-positive bacterium"
"GO:0032743",1,32,31072,534,0.425932537927404,"CCR2",0.469853638960685,"positive regulation of interleukin-2 production"
"GO:0043010",1,32,31072,534,0.425932537927404,"FOXC1",0.469853638960685,"camera-type eye development"
"GO:0043154",1,32,31072,534,0.425932537927404,"KLF4",0.469853638960685,"negative regulation of cysteine-type endopeptidase activity involved in apoptotic process"
"GO:0045931",1,32,31072,534,0.425932537927404,"SPHK1",0.469853638960685,"positive regulation of mitotic cell cycle"
"GO:0045995",1,32,31072,534,0.425932537927404,"PHLDA2",0.469853638960685,"regulation of embryonic development"
"GO:1900087",1,32,31072,534,0.425932537927404,"ADAMTS1",0.469853638960685,"positive regulation of G1/S transition of mitotic cell cycle"
"GO:0007409",2,85,31072,534,0.430530766916077,"ANK3/SLITRK6",0.474641468619282,"axonogenesis"
"GO:0001756",1,33,31072,534,0.435808569652492,"FOXC1",0.478738966066022,"somitogenesis"
"GO:0007616",1,33,31072,534,0.435808569652492,"LDLR",0.478738966066022,"long-term memory"
"GO:0030513",1,33,31072,534,0.435808569652492,"MSX2",0.478738966066022,"positive regulation of BMP signaling pathway"
"GO:0045765",1,33,31072,534,0.435808569652492,"IL6",0.478738966066022,"regulation of angiogenesis"
"GO:0060078",1,33,31072,534,0.435808569652492,"GRID1",0.478738966066022,"regulation of postsynaptic membrane potential"
"GO:0060412",1,33,31072,534,0.435808569652492,"TGFB2",0.478738966066022,"ventricular septum morphogenesis"
"GO:0090263",2,86,31072,534,0.436392916489794,"CDH3/FGF9",0.47909484865228,"positive regulation of canonical Wnt signaling pathway"
"GO:0030010",1,34,31072,534,0.445515010704253,"WEE1",0.487945011723705,"establishment of cell polarity"
"GO:0045214",1,34,31072,534,0.445515010704253,"TNNT3",0.487945011723705,"sarcomere organization"
"GO:0050796",1,34,31072,534,0.445515010704253,"IL6",0.487945011723705,"regulation of insulin secretion"
"GO:0050885",1,34,31072,534,0.445515010704253,"PDE8B",0.487945011723705,"neuromuscular process controlling balance"
"GO:0051301",5,256,31072,534,0.449705345304819,"DYRK3/FAM83D/KLHL13/NEDD9/WEE1",0.492241424961848,"cell division"
"GO:0001764",2,89,31072,534,0.453779793724965,"EMX2/NR4A2",0.495737580202617,"neuron migration"
"GO:1990830",2,89,31072,534,0.453779793724965,"ICAM1/KLF4",0.495737580202617,"cellular response to leukemia inhibitory factor"
"GO:0009953",1,35,31072,534,0.45505476791425,"GLI1",0.495737580202617,"dorsal/ventral pattern formation"
"GO:0009968",1,35,31072,534,0.45505476791425,"RGS16",0.495737580202617,"negative regulation of signal transduction"
"GO:0010634",1,35,31072,534,0.45505476791425,"TGFB2",0.495737580202617,"positive regulation of epithelial cell migration"
"GO:0042098",1,35,31072,534,0.45505476791425,"PDE5A",0.495737580202617,"T cell proliferation"
"GO:0045494",1,35,31072,534,0.45505476791425,"SLC2A1",0.495737580202617,"photoreceptor cell maintenance"
"GO:0098703",1,35,31072,534,0.45505476791425,"CACNA1G",0.495737580202617,"calcium ion import across plasma membrane"
"GO:0006629",3,146,31072,534,0.459957592718907,"CH25H/LDLR/PDE3A",0.50078223112591,"lipid metabolic process"
"GO:0006749",1,36,31072,534,0.464430698382202,"SOD2",0.504160758125812,"glutathione metabolic process"
"GO:0008333",1,36,31072,534,0.464430698382202,"RHOB",0.504160758125812,"endosome to lysosome transport"
"GO:0009408",1,36,31072,534,0.464430698382202,"DNAJB4",0.504160758125812,"response to heat"
"GO:0030501",1,36,31072,534,0.464430698382202,"PTN",0.504160758125812,"positive regulation of bone mineralization"
"GO:1904646",1,36,31072,534,0.464430698382202,"ICAM1",0.504160758125812,"cellular response to amyloid-beta"
"GO:0042593",2,92,31072,534,0.470855593180824,"FOSL2/IL6",0.510833898262215,"glucose homeostasis"
"GO:0030217",1,37,31072,534,0.473645610325232,"KIT",0.512049308459711,"T cell differentiation"
"GO:0035249",1,37,31072,534,0.473645610325232,"GRID1",0.512049308459711,"synaptic transmission, glutamatergic"
"GO:0042100",1,37,31072,534,0.473645610325232,"FOSL2",0.512049308459711,"B cell proliferation"
"GO:0043280",1,37,31072,534,0.473645610325232,"F2R",0.512049308459711,"positive regulation of cysteine-type endopeptidase activity involved in apoptotic process"
"GO:0060261",1,37,31072,534,0.473645610325232,"TAF13",0.512049308459711,"positive regulation of transcription initiation by RNA polymerase II"
"GO:0086091",1,37,31072,534,0.473645610325232,"CACNA1G",0.512049308459711,"regulation of heart rate by cardiac conduction"
"GO:0007218",2,94,31072,534,0.482060051274895,"SORCS2/SSTR2",0.519398927251067,"neuropeptide signaling pathway"
"GO:0009615",2,94,31072,534,0.482060051274895,"BCL3/FOSL1",0.519398927251067,"response to virus"
"GO:0071456",2,94,31072,534,0.482060051274895,"LMNA/PTGS2",0.519398927251067,"cellular response to hypoxia"
"GO:0021762",1,38,31072,534,0.482702263912676,"FGF9",0.519398927251067,"substantia nigra development"
"GO:0030968",1,38,31072,534,0.482702263912676,"ATF3",0.519398927251067,"endoplasmic reticulum unfolded protein response"
"GO:0042733",1,38,31072,534,0.482702263912676,"HAND2",0.519398927251067,"embryonic digit morphogenesis"
"GO:0050918",1,38,31072,534,0.482702263912676,"NTF3",0.519398927251067,"positive chemotaxis"
"GO:0060395",1,38,31072,534,0.482702263912676,"TGFB2",0.519398927251067,"SMAD protein signal transduction"
"GO:0050852",2,95,31072,534,0.487607157071785,"FOSL2/ZC3H12A",0.524370057867963,"T cell receptor signaling pathway"
"GO:0007259",1,39,31072,534,0.491603372086635,"CCR2",0.526207216195118,"receptor signaling pathway via JAK-STAT"
"GO:0030178",1,39,31072,534,0.491603372086635,"FGF9",0.526207216195118,"negative regulation of Wnt signaling pathway"
"GO:0030316",1,39,31072,534,0.491603372086635,"FOSL2",0.526207216195118,"osteoclast differentiation"
"GO:0032526",1,39,31072,534,0.491603372086635,"KLF4",0.526207216195118,"response to retinoic acid"
"GO:0045071",1,39,31072,534,0.491603372086635,"SLPI",0.526207216195118,"negative regulation of viral genome replication"
"GO:0048488",1,39,31072,534,0.491603372086635,"SYT1",0.526207216195118,"synaptic vesicle endocytosis"
"GO:0050673",1,39,31072,534,0.491603372086635,"KIT",0.526207216195118,"epithelial cell proliferation"
"GO:0050919",1,39,31072,534,0.491603372086635,"ITGB3",0.526207216195118,"negative chemotaxis"
"GO:0016925",1,40,31072,534,0.500351601368553,"EGR2",0.534327885384873,"protein sumoylation"
"GO:0031623",1,40,31072,534,0.500351601368553,"RAMP1",0.534327885384873,"receptor internalization"
"GO:0032735",1,40,31072,534,0.500351601368553,"MDK",0.534327885384873,"positive regulation of interleukin-12 production"
"GO:0042789",1,40,31072,534,0.500351601368553,"TAF13",0.534327885384873,"mRNA transcription by RNA polymerase II"
"GO:0031295",1,41,31072,534,0.50894957265204,"MAP3K8",0.542250847527362,"T cell costimulation"
"GO:0032715",1,41,31072,534,0.50894957265204,"ZC3H12A",0.542250847527362,"negative regulation of interleukin-6 production"
"GO:0032722",1,41,31072,534,0.50894957265204,"IL6",0.542250847527362,"positive regulation of chemokine production"
"GO:0072089",1,41,31072,534,0.50894957265204,"FGF9",0.542250847527362,"stem cell proliferation"
"GO:0051260",2,100,31072,534,0.514776830753687,"COMP/KCNG1",0.548141995709945,"protein homooligomerization"
"GO:0007188",1,42,31072,534,0.517399861982188,"GLP2R",0.548396167077895,"adenylate cyclase-modulating G protein-coupled receptor signaling pathway"
"GO:0007519",1,42,31072,534,0.517399861982188,"SIX1",0.548396167077895,"skeletal muscle tissue development"
"GO:0030838",1,42,31072,534,0.517399861982188,"CSF3",0.548396167077895,"positive regulation of actin filament polymerization"
"GO:0042130",1,42,31072,534,0.517399861982188,"PDE5A",0.548396167077895,"negative regulation of T cell proliferation"
"GO:0050766",1,42,31072,534,0.517399861982188,"IL2RB",0.548396167077895,"positive regulation of phagocytosis"
"GO:0050890",1,42,31072,534,0.517399861982188,"FAM107A",0.548396167077895,"cognition"
"GO:0055088",1,42,31072,534,0.517399861982188,"RBP1",0.548396167077895,"lipid homeostasis"
"GO:0070371",1,42,31072,534,0.517399861982188,"DUSP5",0.548396167077895,"ERK1 and ERK2 cascade"
"GO:0006469",1,43,31072,534,0.525705001321585,"TRIB1",0.556557653873255,"negative regulation of protein kinase activity"
"GO:0045860",1,43,31072,534,0.525705001321585,"CDKN1A",0.556557653873255,"positive regulation of protein kinase activity"
"GO:0016310",4,221,31072,534,0.528114806625812,"ITPKC/RIPK4/SPHK1/WEE1",0.558787374463194,"phosphorylation"
"GO:0003151",1,44,31072,534,0.533867479303288,"SIX1",0.564225250958099,"outflow tract morphogenesis"
"GO:0042552",1,44,31072,534,0.533867479303288,"EGR2",0.564225250958099,"myelination"
"GO:0007052",1,45,31072,534,0.541889741970945,"PLK3",0.571718535106961,"mitotic spindle organization"
"GO:0042572",1,45,31072,534,0.541889741970945,"RDH10",0.571718535106961,"retinol metabolic process"
"GO:0043434",1,45,31072,534,0.541889741970945,"AREG",0.571718535106961,"response to peptide hormone"
"GO:0007193",1,46,31072,534,0.549774193506302,"SSTR2",0.579372575058188,"adenylate cyclase-inhibiting G protein-coupled receptor signaling pathway"
"GO:0060348",1,46,31072,534,0.549774193506302,"OGN",0.579372575058188,"bone development"
"GO:0030155",1,47,31072,534,0.55752319694431,"ABL2",0.586195818501446,"regulation of cell adhesion"
"GO:0035176",1,47,31072,534,0.55752319694431,"GRID1",0.586195818501446,"social behavior"
"GO:0050714",1,47,31072,534,0.55752319694431,"TGFB2",0.586195818501446,"positive regulation of protein secretion"
"GO:0051865",1,47,31072,534,0.55752319694431,"RNF122",0.586195818501446,"protein autoubiquitination"
"GO:0032092",1,48,31072,534,0.565139074876034,"CSF3",0.593186479048432,"positive regulation of protein binding"
"GO:0032731",1,48,31072,534,0.565139074876034,"IL6",0.593186479048432,"positive regulation of interleukin-1 beta production"
"GO:0048013",1,48,31072,534,0.565139074876034,"EPHB3",0.593186479048432,"ephrin receptor signaling pathway"
"GO:0005975",2,110,31072,534,0.566179984178394,"CHST6/SLC2A3",0.593940234257837,"carbohydrate metabolic process"
"GO:0000045",1,49,31072,534,0.572624110139578,"BAG3",0.599333539622767,"autophagosome assembly"
"GO:0022008",1,49,31072,534,0.572624110139578,"WNT2",0.599333539622767,"neurogenesis"
"GO:0030514",1,49,31072,534,0.572624110139578,"SKIL",0.599333539622767,"negative regulation of BMP signaling pathway"
"GO:0071333",1,49,31072,534,0.572624110139578,"ICAM1",0.599333539622767,"cellular response to glucose stimulus"
"GO:0010506",1,50,31072,534,0.57998054649923,"ABL2",0.606343298612831,"regulation of autophagy"
"GO:0033209",1,50,31072,534,0.57998054649923,"RIPK1",0.606343298612831,"tumor necrosis factor-mediated signaling pathway"
"GO:0007254",1,51,31072,534,0.58721058931302,"TRIB1",0.612162880643602,"JNK cascade"
"GO:0007266",1,51,31072,534,0.58721058931302,"RHOB",0.612162880643602,"Rho protein signal transduction"
"GO:0008543",1,51,31072,534,0.58721058931302,"FGF9",0.612162880643602,"fibroblast growth factor receptor signaling pathway"
"GO:0033674",1,51,31072,534,0.58721058931302,"FLT1",0.612162880643602,"positive regulation of kinase activity"
"GO:0048167",1,51,31072,534,0.58721058931302,"PTN",0.612162880643602,"regulation of synaptic plasticity"
"GO:0007187",1,52,31072,534,0.594316406188906,"SSTR2",0.618169693266018,"G protein-coupled receptor signaling pathway, coupled to cyclic nucleotide second messenger"
"GO:0007338",1,52,31072,534,0.594316406188906,"HOXA9",0.618169693266018,"single fertilization"
"GO:0045109",1,52,31072,534,0.594316406188906,"KRT17",0.618169693266018,"intermediate filament organization"
"GO:0045785",1,52,31072,534,0.594316406188906,"MDK",0.618169693266018,"positive regulation of cell adhesion"
"GO:0032259",1,53,31072,534,0.601300127629754,"PRDM8",0.625080358665959,"methylation"
"GO:0002931",1,54,31072,534,0.608163847667335,"MYB",0.63007966199769,"response to ischemia"
"GO:0042110",1,54,31072,534,0.608163847667335,"SLAMF7",0.63007966199769,"T cell activation"
"GO:0045665",1,54,31072,534,0.608163847667335,"ID4",0.63007966199769,"negative regulation of neuron differentiation"
"GO:0048511",1,54,31072,534,0.608163847667335,"CREM",0.63007966199769,"rhythmic process"
"GO:0051289",1,54,31072,534,0.608163847667335,"SOD2",0.63007966199769,"protein homotetramerization"
"GO:0061844",1,54,31072,534,0.608163847667335,"GNLY",0.63007966199769,"antimicrobial humoral immune response mediated by antimicrobial peptide"
"GO:0001558",1,55,31072,534,0.614909624485494,"FAM107A",0.635994215319454,"regulation of cell growth"
"GO:0007249",1,55,31072,534,0.614909624485494,"BCL3",0.635994215319454,"canonical NF-kappaB signal transduction"
"GO:0042102",1,55,31072,534,0.614909624485494,"IL6",0.635994215319454,"positive regulation of T cell proliferation"
"GO:0007417",2,121,31072,534,0.618057966826936,"EMX2/SLC2A1",0.63889138143908,"central nervous system development"
"GO:0000724",1,56,31072,534,0.621539481032701,"MBTD1",0.640331828163589,"double-strand break repair via homologous recombination"
"GO:0001570",1,56,31072,534,0.621539481032701,"HAS2",0.640331828163589,"vasculogenesis"
"GO:0006006",1,56,31072,534,0.621539481032701,"IGF2",0.640331828163589,"glucose metabolic process"
"GO:0007416",1,56,31072,534,0.621539481032701,"SLITRK6",0.640331828163589,"synapse assembly"
"GO:0018107",1,56,31072,534,0.621539481032701,"DYRK3",0.640331828163589,"peptidyl-threonine phosphorylation"
"GO:0043087",1,56,31072,534,0.621539481032701,"EPHB3",0.640331828163589,"regulation of GTPase activity"
"GO:0001947",1,57,31072,534,0.628055405624156,"HAND2",0.646320999076312,"heart looping"
"GO:0030216",1,57,31072,534,0.628055405624156,"CDKN1A",0.646320999076312,"keratinocyte differentiation"
"GO:0043433",1,58,31072,534,0.634459352533609,"TRIB1",0.652546231784148,"negative regulation of DNA-binding transcription factor activity"
"GO:0006909",1,59,31072,534,0.640753242575108,"LDLR",0.658283621629368,"phagocytosis"
"GO:0007005",1,59,31072,534,0.640753242575108,"PPARGC1A",0.658283621629368,"mitochondrion organization"
"GO:0008286",1,60,31072,534,0.646938963674804,"IGF2",0.663527142230569,"insulin receptor signaling pathway"
"GO:0009267",1,60,31072,534,0.646938963674804,"KLF10",0.663527142230569,"cellular response to starvation"
"GO:0097190",1,60,31072,534,0.646938963674804,"PDE3A",0.663527142230569,"apoptotic signaling pathway"
"GO:0016579",1,61,31072,534,0.653018371433016,"ZC3H12A",0.669016594341175,"protein deubiquitination"
"GO:0071466",1,61,31072,534,0.653018371433016,"ITGB3",0.669016594341175,"cellular response to xenobiotic stimulus"
"GO:0001889",1,63,31072,534,0.664865511002483,"SOD2",0.680018087962518,"liver development"
"GO:0021766",1,63,31072,534,0.664865511002483,"ID4",0.680018087962518,"hippocampus development"
"GO:0098869",1,63,31072,534,0.664865511002483,"PTGS2",0.680018087962518,"cellular oxidant detoxification"
"GO:0032436",1,64,31072,534,0.67063679731048,"TRIB1",0.685539837250713,"positive regulation of proteasomal ubiquitin-dependent protein catabolic process"
"GO:0010508",1,65,31072,534,0.676308880328933,"ZC3H12A",0.690570665818667,"positive regulation of autophagy"
"GO:0043491",1,65,31072,534,0.676308880328933,"PLK3",0.690570665818667,"phosphatidylinositol 3-kinase/protein kinase B signal transduction"
"GO:0017148",1,66,31072,534,0.681883462129957,"ZNF540",0.695876633565791,"negative regulation of translation"
"GO:0009636",1,68,31072,534,0.692746785120418,"CDKN1A",0.70657100034455,"response to toxic substance"
"GO:0001503",1,69,31072,534,0.698038786692657,"BMP8B",0.711180159199606,"ossification"
"GO:0006936",1,69,31072,534,0.698038786692657,"ACTA1",0.711180159199606,"muscle contraction"
"GO:0055085",2,142,31072,534,0.703600104285056,"GJA4/SLC19A2",0.716449469775597,"transmembrane transport"
"GO:0090630",1,71,31072,534,0.708351412619798,"NTF3",0.720888605763511,"activation of GTPase activity"
"GO:0006887",1,74,31072,534,0.723164928449814,"SYTL2",0.735151087484894,"exocytosis"
"GO:0042391",1,74,31072,534,0.723164928449814,"CACNA1G",0.735151087484894,"regulation of membrane potential"
"GO:0018105",2,148,31072,534,0.724918710483325,"DYRK3/STK38L",0.736527016725189,"peptidyl-serine phosphorylation"
"GO:0007411",2,151,31072,534,0.735083676294486,"CYFIP2/EPHB3",0.746442585199699,"axon guidance"
"GO:0007200",1,77,31072,534,0.73722736836934,"F2R",0.74779402304277,"phospholipase C-activating G protein-coupled receptor signaling pathway"
"GO:0030512",1,77,31072,534,0.73722736836934,"SKIL",0.74779402304277,"negative regulation of transforming growth factor beta receptor signaling pathway"
"GO:0036211",1,80,31072,534,0.750576745664407,"ABL2",0.760915268331961,"protein modification process"
"GO:0045087",5,381,31072,534,0.785766129375544,"ARID5A/COLEC12/FOSL2/SLPI/TREM1",0.796150703772578,"innate immune response"
"GO:0007189",1,89,31072,534,0.786698403597583,"RAMP1",0.796218406281383,"adenylate cyclase-activating G protein-coupled receptor signaling pathway"
"GO:1902476",1,89,31072,534,0.786698403597583,"CLIC6",0.796218406281383,"chloride transmembrane transport"
"GO:0006874",1,90,31072,534,0.790374711652933,"CCR2",0.799499433447717,"intracellular calcium ion homeostasis"
"GO:0034220",1,91,31072,534,0.793987774204651,"GRID1",0.802712914580526,"monoatomic ion transmembrane transport"
"GO:0043123",2,171,31072,534,0.794954177841718,"F2R/RIPK1",0.802807731739167,"positive regulation of canonical NF-kappaB signal transduction"
"GO:0050821",2,171,31072,534,0.794954177841718,"BAG3/PPARGC1A",0.802807731739167,"protein stabilization"
"GO:0045471",1,92,31072,534,0.797538677292825,"CSF3",0.804534630602411,"response to ethanol"
"GO:0050728",1,92,31072,534,0.797538677292825,"KLF4",0.804534630602411,"negative regulation of inflammatory response"
"GO:0051056",1,94,31072,534,0.804458256483231,"DLC1",0.811070242152956,"regulation of small GTPase mediated signal transduction"
"GO:0006470",1,101,31072,534,0.826869858777919,"DUSP5",0.832753442885261,"protein dephosphorylation"
"GO:0008104",1,101,31072,534,0.826869858777919,"ID4",0.832753442885261,"protein localization"
"GO:0006811",1,103,31072,534,0.832788682250923,"MLC1",0.838255566379485,"monoatomic ion transport"
"GO:0051607",2,188,31072,534,0.836110309151757,"IL6/ZC3H12A",0.841138856664425,"defense response to virus"
"GO:0015031",3,276,31072,534,0.855506121527873,"LRP1B/MLC1/RAMP1",0.860181018366824,"protein transport"
"GO:0007268",2,207,31072,534,0.873159128518232,"CACNA1G/SYT1",0.877451008450872,"chemical synaptic transmission"
"GO:0006457",1,120,31072,534,0.875601167914253,"BAG3",0.879424753800342,"protein folding"
"GO:0006397",1,126,31072,534,0.887936484922829,"PPARGC1A",0.891327404396074,"mRNA processing"
"GO:0008380",1,130,31072,534,0.895473934181065,"PPARGC1A",0.89840351084687,"RNA splicing"
"GO:0006338",2,234,31072,534,0.91267171576666,"JDP2/PRDM8",0.915158559678831,"chromatin remodeling"
"GO:0006897",1,153,31072,534,0.929972256219896,"LDLR",0.93199833956678,"endocytosis"
"GO:0043161",1,179,31072,534,0.955488861932369,"RNF122",0.957049268348154,"proteasome-mediated ubiquitin-dependent protein catabolic process"
"GO:0006281",1,183,31072,534,0.958487706737021,"GADD45A",0.959530674861871,"DNA repair"
"GO:0008150",2,324,31072,534,0.976252596052068,"SDC2/TM4SF1",0.976783456626321,"biological_process"
"GO:0016567",1,352,31072,534,0.997838714022207,"KLHL13",0.997838714022207,"protein ubiquitination"
