"GO_ID","TERM","GeneRatio","BgRatio","Count","pvalue","p.adjust","geneID"
"GO:0032700","negative regulation of interleukin-17 production","3/181","13/14546",3,0.000494402472078014,0.344742484608053,"ARG2/IL12A/TLR4"
"GO:0045162","clustering of voltage-gated sodium channels","2/181","6/14546",2,0.00223508438175809,0.344742484608053,"AGRN/SPTBN4"
"GO:0060836","lymphatic endothelial cell differentiation","2/181","6/14546",2,0.00223508438175809,0.344742484608053,"PROX1/SOX18"
"GO:0032651","regulation of interleukin-1 beta production","2/181","7/14546",2,0.00310354498535473,0.344742484608053,"ARG2/SPHK1"
"GO:0045671","negative regulation of osteoclast differentiation","3/181","24/14546",3,0.00316409629108232,0.344742484608053,"LILRB4/LRRC17/TLR4"
"GO:0010827","regulation of glucose transmembrane transport","2/181","8/14546",2,0.00410427474523659,0.344742484608053,"EDNRA/FFAR4"
"GO:0097484","dendrite extension","2/181","8/14546",2,0.00410427474523659,0.344742484608053,"SH3GL2/WASF1"
"GO:1990416","cellular response to brain-derived neurotrophic factor stimulus","2/181","8/14546",2,0.00410427474523659,0.344742484608053,"SH3GL2/WASF1"
"GO:0010572","positive regulation of platelet activation","2/181","9/14546",2,0.00523388413321635,0.344742484608053,"SELP/TLR4"
"GO:0016239","positive regulation of macroautophagy","3/181","30/14546",3,0.00600984319066266,0.344742484608053,"GPSM1/HMOX1/WDR24"
"GO:0045124","regulation of bone resorption","2/181","10/14546",2,0.00648904668681683,0.344742484608053,"PDK4/SIGLEC15"
"GO:0090136","epithelial cell-cell adhesion","2/181","10/14546",2,0.00648904668681683,0.344742484608053,"DSP/IHH"
"GO:0150077","regulation of neuroinflammatory response","2/181","10/14546",2,0.00648904668681683,0.344742484608053,"SPHK1/TNFRSF1B"
"GO:0001946","lymphangiogenesis","2/181","11/14546",2,0.00786649797878483,0.344742484608053,"PROX1/SOX18"
"GO:0010631","epithelial cell migration","2/181","11/14546",2,0.00786649797878483,0.344742484608053,"CORO1A/PROX1"
"GO:0048712","negative regulation of astrocyte differentiation","2/181","11/14546",2,0.00786649797878483,0.344742484608053,"GPR37L1/KDM4A"
"GO:0006954","inflammatory response","10/181","335/14546",10,0.00926188373028682,0.344742484608053,"AFAP1L2/ECM1/FFAR4/FUT4/KRT16/MFHAS1/SELP/SPHK1/TLR4/TNFRSF1B"
"GO:1903238","positive regulation of leukocyte tethering or rolling","2/181","12/14546",2,0.00936303460226206,0.344742484608053,"FUT4/SELP"
"GO:0035556","intracellular signal transduction","10/181","341/14546",10,0.0104082442516444,0.344742484608053,"ARHGEF4/ASB7/HMOX1/MAPK12/PAG1/PLCL1/RALGPS1/SPHK1/SQSTM1/WNK2"
"GO:0010614","negative regulation of cardiac muscle hypertrophy","2/181","13/14546",2,0.0109755131713864,0.344742484608053,"MLIP/TNFRSF1B"
"GO:0038180","nerve growth factor signaling pathway","2/181","13/14546",2,0.0109755131713864,0.344742484608053,"CORO1A/NTF3"
"GO:0045348","positive regulation of MHC class II biosynthetic process","2/181","13/14546",2,0.0109755131713864,0.344742484608053,"TLR4/TMEM106A"
"GO:0014898","cardiac muscle hypertrophy in response to stress","2/181","14/14546",2,0.0127008493370998,0.344742484608053,"CAMTA2/KDM4A"
"GO:0048485","sympathetic nervous system development","2/181","14/14546",2,0.0127008493370998,0.344742484608053,"EDNRA/GFRA3"
"GO:0035050","embryonic heart tube development","2/181","15/14546",2,0.0145360168179419,0.344742484608053,"EDNRA/SOX18"
"GO:0051044","positive regulation of membrane protein ectodomain proteolysis","2/181","15/14546",2,0.0145360168179419,0.344742484608053,"SH3D19/TNFRSF1B"
"GO:0120163","negative regulation of cold-induced thermogenesis","3/181","43/14546",3,0.01624175015673,0.344742484608053,"PCTP/PLCL1/TLR4"
"GO:0042116","macrophage activation","2/181","17/14546",2,0.018524025225092,0.344742484608053,"TLR4/TMEM106A"
"GO:0055078","sodium ion homeostasis","2/181","17/14546",2,0.018524025225092,0.344742484608053,"EDNRA/SCN7A"
"GO:0060135","maternal process involved in female pregnancy","2/181","17/14546",2,0.018524025225092,0.344742484608053,"DSG1/IHH"
"GO:0006809","nitric oxide biosynthetic process","2/181","18/14546",2,0.020671095409094,0.344742484608053,"ARG2/TLR4"
"GO:0007051","spindle organization","2/181","18/14546",2,0.020671095409094,0.344742484608053,"SPAG5/TTK"
"GO:0031214","biomineral tissue development","2/181","19/14546",2,0.0229164535866675,0.344742484608053,"ECM1/TMEM119"
"GO:0060324","face development","2/181","19/14546",2,0.0229164535866675,0.344742484608053,"ALDH1A3/EDNRA"
"GO:0006939","smooth muscle contraction","2/181","20/14546",2,0.025257349785717,0.344742484608053,"CHRNB4/EDNRA"
"GO:0031016","pancreas development","2/181","20/14546",2,0.025257349785717,0.344742484608053,"IHH/PROX1"
"GO:0050905","neuromuscular process","2/181","20/14546",2,0.025257349785717,0.344742484608053,"EDNRA/SPTBN4"
"GO:1900181","negative regulation of protein localization to nucleus","2/181","20/14546",2,0.025257349785717,0.344742484608053,"LILRB4/MFHAS1"
"GO:0032720","negative regulation of tumor necrosis factor production","3/181","52/14546",3,0.0268271764450435,0.344742484608053,"ARG2/LILRB4/TLR4"
"GO:0061028","establishment of endothelial barrier","2/181","21/14546",2,0.0276910865892536,0.344742484608053,"EDNRA/SOX18"
"GO:0071353","cellular response to interleukin-4","2/181","21/14546",2,0.0276910865892536,0.344742484608053,"CORO1A/NFIL3"
"GO:0030216","keratinocyte differentiation","3/181","53/14546",3,0.0281834067307359,0.344742484608053,"DSP/KRT16/POU2F3"
"GO:1900016","negative regulation of cytokine production involved in inflammatory response","2/181","22/14546",2,0.0302150182651718,0.344742484608053,"EXTL3/LILRB4"
"GO:0032691","negative regulation of interleukin-1 beta production","2/181","23/14546",2,0.032826549909357,0.344742484608053,"FFAR4/LILRB4"
"GO:0045879","negative regulation of smoothened signaling pathway","2/181","23/14546",2,0.032826549909357,0.344742484608053,"GPR37L1/ULK3"
"GO:0046847","filopodium assembly","2/181","23/14546",2,0.032826549909357,0.344742484608053,"ARHGEF4/SPATA13"
"GO:0034142","toll-like receptor 4 signaling pathway","2/181","24/14546",2,0.0355231366019275,0.344742484608053,"TLR4/TMEM126A"
"GO:0006909","phagocytosis","3/181","59/14546",3,0.0370705142390316,0.344742484608053,"CORO1A/NCF4/TLR4"
"GO:0008544","epidermis development","3/181","59/14546",3,0.0370705142390316,0.344742484608053,"CALML5/DSP/POU2F3"
"GO:0045087","innate immune response","9/181","362/14546",9,0.0374435433531903,0.344742484608053,"ADAM15/ARG2/CFI/CORO1A/KRT16/MFHAS1/MX1/TLR4/TMEM106A"
"GO:0016540","protein autoprocessing","2/181","25/14546",2,0.0383022825764216,0.344742484608053,"IHH/MYRFL"
"GO:0007623","circadian rhythm","3/181","60/14546",3,0.0386754716690869,0.344742484608053,"NFIL3/PROKR2/PROX1"
"GO:0070373","negative regulation of ERK1 and ERK2 cascade","3/181","61/14546",3,0.0403153711374843,0.344742484608053,"SIRT3/TLR4/WNK2"
"GO:0002027","regulation of heart rate","2/181","26/14546",2,0.0411615404017404,0.344742484608053,"EDNRA/SCN5A"
"GO:0007422","peripheral nervous system development","2/181","26/14546",2,0.0411615404017404,0.344742484608053,"GFRA3/NTF3"
"GO:0030833","regulation of actin filament polymerization","2/181","26/14546",2,0.0411615404017404,0.344742484608053,"CORO1A/COTL1"
"GO:0048662","negative regulation of smooth muscle cell proliferation","2/181","26/14546",2,0.0411615404017404,0.344742484608053,"HMOX1/IL12A"
"GO:0055074","calcium ion homeostasis","2/181","26/14546",2,0.0411615404017404,0.344742484608053,"CIB2/TMTC2"
"GO:0006814","sodium ion transport","3/181","63/14546",3,0.0436992346609622,0.344742484608053,"SCN5A/SCN7A/SLC22A5"
"GO:0007202","activation of phospholipase C activity","2/181","27/14546",2,0.0440985101766586,0.344742484608053,"EDNRA/LPAR2"
"GO:0060828","regulation of canonical Wnt signaling pathway","2/181","27/14546",2,0.0440985101766586,0.344742484608053,"AMER1/KREMEN1"
"GO:0000278","mitotic cell cycle","4/181","108/14546",4,0.0458577021890418,0.344742484608053,"EDNRA/TUBA8/TUBB2B/WDHD1"
"GO:0034612","response to tumor necrosis factor","2/181","28/14546",2,0.0471108387367226,0.344742484608053,"SLC22A5/SPHK1"
"GO:0048469","cell maturation","2/181","28/14546",2,0.0471108387367226,0.344742484608053,"IHH/SOX18"
"GO:1900745","positive regulation of p38MAPK cascade","2/181","28/14546",2,0.0471108387367226,0.344742484608053,"MFHAS1/SPHK1"
"GO:0001569","branching involved in blood vessel morphogenesis","2/181","29/14546",2,0.0501962188733531,0.344742484608053,"EDNRA/IHH"
"GO:0006303","double-strand break repair via nonhomologous end joining","2/181","29/14546",2,0.0501962188733531,0.344742484608053,"DCLRE1A/XRCC4"
"GO:0007159","leukocyte cell-cell adhesion","2/181","30/14546",2,0.0533523885649739,0.344742484608053,"FERMT3/SELP"
"GO:0035025","positive regulation of Rho protein signal transduction","2/181","30/14546",2,0.0533523885649739,0.344742484608053,"ABRA/LPAR2"
"GO:0000132","establishment of mitotic spindle orientation","2/181","31/14546",2,0.0565771302199919,0.344742484608053,"GPSM1/SAPCD2"
"GO:0007528","neuromuscular junction development","2/181","31/14546",2,0.0565771302199919,0.344742484608053,"AGRN/SPTBN4"
"GO:0007224","smoothened signaling pathway","3/181","70/14546",3,0.0566121763234081,0.344742484608053,"GPR37L1/IHH/ULK3"
"GO:0045880","positive regulation of smoothened signaling pathway","2/181","32/14546",2,0.0598682699314547,0.344742484608053,"IHH/ULK3"
"GO:0000425","pexophagy","1/181","5/14546",1,0.0606953490868281,0.344742484608053,"SQSTM1"
"GO:0002669","positive regulation of T cell anergy","1/181","5/14546",1,0.0606953490868281,0.344742484608053,"LILRB4"
"GO:0002934","desmosome organization","1/181","5/14546",1,0.0606953490868281,0.344742484608053,"DSP"
"GO:0003176","aortic valve development","1/181","5/14546",1,0.0606953490868281,0.344742484608053,"TNFRSF1B"
"GO:0003406","retinal pigment epithelium development","1/181","5/14546",1,0.0606953490868281,0.344742484608053,"IHH"
"GO:0006104","succinyl-CoA metabolic process","1/181","5/14546",1,0.0606953490868281,0.344742484608053,"ACOT4"
"GO:0006837","serotonin transport","1/181","5/14546",1,0.0606953490868281,0.344742484608053,"SLC22A3"
"GO:0009116","nucleoside metabolic process","1/181","5/14546",1,0.0606953490868281,0.344742484608053,"DNPH1"
"GO:0014004","microglia differentiation","1/181","5/14546",1,0.0606953490868281,0.344742484608053,"TLR4"
"GO:0030202","heparin metabolic process","1/181","5/14546",1,0.0606953490868281,0.344742484608053,"EDNRA"
"GO:0030208","dermatan sulfate biosynthetic process","1/181","5/14546",1,0.0606953490868281,0.344742484608053,"DSEL"
"GO:0030240","skeletal muscle thin filament assembly","1/181","5/14546",1,0.0606953490868281,0.344742484608053,"PROX1"
"GO:0031133","regulation of axon diameter","1/181","5/14546",1,0.0606953490868281,0.344742484608053,"XK"
"GO:0032388","positive regulation of intracellular transport","1/181","5/14546",1,0.0606953490868281,0.344742484608053,"SPAG5"
"GO:0032696","negative regulation of interleukin-13 production","1/181","5/14546",1,0.0606953490868281,0.344742484608053,"ARG2"
"GO:0032946","positive regulation of mononuclear cell proliferation","1/181","5/14546",1,0.0606953490868281,0.344742484608053,"IL12A"
"GO:0033152","immunoglobulin V(D)J recombination","1/181","5/14546",1,0.0606953490868281,0.344742484608053,"XRCC4"
"GO:0034136","negative regulation of toll-like receptor 2 signaling pathway","1/181","5/14546",1,0.0606953490868281,0.344742484608053,"MFHAS1"
"GO:0035965","cardiolipin acyl-chain remodeling","1/181","5/14546",1,0.0606953490868281,0.344742484608053,"PLA2G5"
"GO:0042421","norepinephrine biosynthetic process","1/181","5/14546",1,0.0606953490868281,0.344742484608053,"MOXD1"
"GO:0043378","positive regulation of CD8-positive, alpha-beta T cell differentiation","1/181","5/14546",1,0.0606953490868281,0.344742484608053,"LILRB4"
"GO:0045910","negative regulation of DNA recombination","1/181","5/14546",1,0.0606953490868281,0.344742484608053,"ZRANB3"
"GO:0051135","positive regulation of NK T cell activation","1/181","5/14546",1,0.0606953490868281,0.344742484608053,"IL12A"
"GO:0051294","establishment of spindle orientation","1/181","5/14546",1,0.0606953490868281,0.344742484608053,"SPAG5"
"GO:0051546","keratinocyte migration","1/181","5/14546",1,0.0606953490868281,0.344742484608053,"KRT16"
"GO:0060298","positive regulation of sarcomere organization","1/181","5/14546",1,0.0606953490868281,0.344742484608053,"PROX1"
"GO:0060372","regulation of atrial cardiac muscle cell membrane repolarization","1/181","5/14546",1,0.0606953490868281,0.344742484608053,"SCN5A"
"GO:0060373","regulation of ventricular cardiac muscle cell membrane depolarization","1/181","5/14546",1,0.0606953490868281,0.344742484608053,"SCN5A"
"GO:0060729","intestinal epithelial structure maintenance","1/181","5/14546",1,0.0606953490868281,0.344742484608053,"TLR4"
"GO:0060956","endocardial cell differentiation","1/181","5/14546",1,0.0606953490868281,0.344742484608053,"SOX18"
"GO:0070427","nucleotide-binding oligomerization domain containing 1 signaling pathway","1/181","5/14546",1,0.0606953490868281,0.344742484608053,"TLR4"
"GO:0071373","cellular response to luteinizing hormone stimulus","1/181","5/14546",1,0.0606953490868281,0.344742484608053,"EDNRA"
"GO:0071650","negative regulation of chemokine (C-C motif) ligand 5 production","1/181","5/14546",1,0.0606953490868281,0.344742484608053,"ARG2"
"GO:0086015","SA node cell action potential","1/181","5/14546",1,0.0606953490868281,0.344742484608053,"SCN5A"
"GO:0086045","membrane depolarization during AV node cell action potential","1/181","5/14546",1,0.0606953490868281,0.344742484608053,"SCN5A"
"GO:0086046","membrane depolarization during SA node cell action potential","1/181","5/14546",1,0.0606953490868281,0.344742484608053,"SCN5A"
"GO:0090235","regulation of metaphase plate congression","1/181","5/14546",1,0.0606953490868281,0.344742484608053,"SPAG5"
"GO:0090425","acinar cell differentiation","1/181","5/14546",1,0.0606953490868281,0.344742484608053,"PROX1"
"GO:0141005","retrotransposon silencing by heterochromatin formation","1/181","5/14546",1,0.0606953490868281,0.344742484608053,"PIWIL4"
"GO:2000304","positive regulation of ceramide biosynthetic process","1/181","5/14546",1,0.0606953490868281,0.344742484608053,"SIRT3"
"GO:0030032","lamellipodium assembly","2/181","33/14546",2,0.0632236767432142,0.344742484608053,"ARHGEF4/SPATA13"
"GO:0045071","negative regulation of viral genome replication","2/181","33/14546",2,0.0632236767432142,0.344742484608053,"MX1/PROX1"
"GO:0000422","autophagy of mitochondrion","2/181","34/14546",2,0.0666412619274287,0.344742484608053,"SQSTM1/ULK3"
"GO:0042594","response to starvation","2/181","34/14546",2,0.0666412619274287,0.344742484608053,"PDK4/ULK3"
"GO:0098703","calcium ion import across plasma membrane","2/181","34/14546",2,0.0666412619274287,0.344742484608053,"SCN5A/SCN7A"
"GO:0030307","positive regulation of cell growth","3/181","76/14546",3,0.0689535584058264,0.344742484608053,"DNPH1/EXTL3/SPHK1"
"GO:0031667","response to nutrient levels","2/181","35/14546",2,0.0701189782732359,0.344742484608053,"KDM4A/PROX1"
"GO:0032689","negative regulation of type II interferon production","2/181","35/14546",2,0.0701189782732359,0.344742484608053,"LILRB4/TLR4"
"GO:0050918","positive chemotaxis","2/181","35/14546",2,0.0701189782732359,0.344742484608053,"CORO1A/NTF3"
"GO:0086091","regulation of heart rate by cardiac conduction","2/181","35/14546",2,0.0701189782732359,0.344742484608053,"DSP/SCN5A"
"GO:0002322","B cell proliferation involved in immune response","1/181","6/14546",1,0.0723874020278418,0.344742484608053,"TLR4"
"GO:0002725","negative regulation of T cell cytokine production","1/181","6/14546",1,0.0723874020278418,0.344742484608053,"LILRB4"
"GO:0003231","cardiac ventricle development","1/181","6/14546",1,0.0723874020278418,0.344742484608053,"SCN5A"
"GO:0003253","cardiac neural crest cell migration involved in outflow tract morphogenesis","1/181","6/14546",1,0.0723874020278418,0.344742484608053,"EDNRA"
"GO:0003357","noradrenergic neuron differentiation","1/181","6/14546",1,0.0723874020278418,0.344742484608053,"EDNRA"
"GO:0003360","brainstem development","1/181","6/14546",1,0.0723874020278418,0.344742484608053,"SCN5A"
"GO:0006004","fucose metabolic process","1/181","6/14546",1,0.0723874020278418,0.344742484608053,"FPGT"
"GO:0006047","UDP-N-acetylglucosamine metabolic process","1/181","6/14546",1,0.0723874020278418,0.344742484608053,"GFPT2"
"GO:0006670","sphingosine metabolic process","1/181","6/14546",1,0.0723874020278418,0.344742484608053,"SPHK1"
"GO:0009134","nucleoside diphosphate catabolic process","1/181","6/14546",1,0.0723874020278418,0.344742484608053,"ENTPD3"
"GO:0009143","nucleoside triphosphate catabolic process","1/181","6/14546",1,0.0723874020278418,0.344742484608053,"ENTPD3"
"GO:0009609","response to symbiotic bacterium","1/181","6/14546",1,0.0723874020278418,0.344742484608053,"SLC22A5"
"GO:0010518","positive regulation of phospholipase activity","1/181","6/14546",1,0.0723874020278418,0.344742484608053,"PLA2G5"
"GO:0016191","synaptic vesicle uncoating","1/181","6/14546",1,0.0723874020278418,0.344742484608053,"SH3GL2"
"GO:0018344","protein geranylgeranylation","1/181","6/14546",1,0.0723874020278418,0.344742484608053,"PGGT1B"
"GO:0030263","apoptotic chromosome condensation","1/181","6/14546",1,0.0723874020278418,0.344742484608053,"KDM4A"
"GO:0032682","negative regulation of chemokine production","1/181","6/14546",1,0.0723874020278418,0.344742484608053,"LILRB4"
"GO:0032714","negative regulation of interleukin-5 production","1/181","6/14546",1,0.0723874020278418,0.344742484608053,"LILRB4"
"GO:0033085","negative regulation of T cell differentiation in thymus","1/181","6/14546",1,0.0723874020278418,0.344742484608053,"IHH"
"GO:0034121","regulation of toll-like receptor signaling pathway","1/181","6/14546",1,0.0723874020278418,0.344742484608053,"MFHAS1"
"GO:0034137","positive regulation of toll-like receptor 2 signaling pathway","1/181","6/14546",1,0.0723874020278418,0.344742484608053,"MFHAS1"
"GO:0034340","response to type I interferon","1/181","6/14546",1,0.0723874020278418,0.344742484608053,"MX1"
"GO:0035308","negative regulation of protein dephosphorylation","1/181","6/14546",1,0.0723874020278418,0.344742484608053,"MFHAS1"
"GO:0042420","dopamine catabolic process","1/181","6/14546",1,0.0723874020278418,0.344742484608053,"MOXD1"
"GO:0043320","natural killer cell degranulation","1/181","6/14546",1,0.0723874020278418,0.344742484608053,"CORO1A"
"GO:0043619","regulation of transcription from RNA polymerase II promoter in response to oxidative stress","1/181","6/14546",1,0.0723874020278418,0.344742484608053,"HMOX1"
"GO:0045760","positive regulation of action potential","1/181","6/14546",1,0.0723874020278418,0.344742484608053,"SCN5A"
"GO:0045830","positive regulation of isotype switching","1/181","6/14546",1,0.0723874020278418,0.344742484608053,"EXOSC6"
"GO:0046653","tetrahydrofolate metabolic process","1/181","6/14546",1,0.0723874020278418,0.344742484608053,"MTHFD2"
"GO:0048845","venous blood vessel morphogenesis","1/181","6/14546",1,0.0723874020278418,0.344742484608053,"PROX1"
"GO:0051127","positive regulation of actin nucleation","1/181","6/14546",1,0.0723874020278418,0.344742484608053,"FMN1"
"GO:0051620","norepinephrine uptake","1/181","6/14546",1,0.0723874020278418,0.344742484608053,"SLC22A3"
"GO:0051971","positive regulation of transmission of nerve impulse","1/181","6/14546",1,0.0723874020278418,0.344742484608053,"CHRNB4"
"GO:0055009","atrial cardiac muscle tissue morphogenesis","1/181","6/14546",1,0.0723874020278418,0.344742484608053,"PROX1"
"GO:0060059","embryonic retina morphogenesis in camera-type eye","1/181","6/14546",1,0.0723874020278418,0.344742484608053,"PROX1"
"GO:0060323","head morphogenesis","1/181","6/14546",1,0.0723874020278418,0.344742484608053,"IHH"
"GO:0070309","lens fiber cell morphogenesis","1/181","6/14546",1,0.0723874020278418,0.344742484608053,"PROX1"
"GO:0070434","positive regulation of nucleotide-binding oligomerization domain containing 2 signaling pathway","1/181","6/14546",1,0.0723874020278418,0.344742484608053,"TLR4"
"GO:0072498","embryonic skeletal joint development","1/181","6/14546",1,0.0723874020278418,0.344742484608053,"IHH"
"GO:0072537","fibroblast activation","1/181","6/14546",1,0.0723874020278418,0.344742484608053,"ULK3"
"GO:0072673","lamellipodium morphogenesis","1/181","6/14546",1,0.0723874020278418,0.344742484608053,"WASF1"
"GO:0086073","bundle of His cell-Purkinje myocyte adhesion involved in cell communication","1/181","6/14546",1,0.0723874020278418,0.344742484608053,"DSP"
"GO:0090494","dopamine uptake","1/181","6/14546",1,0.0723874020278418,0.344742484608053,"SLC22A3"
"GO:0098780","response to mitochondrial depolarisation","1/181","6/14546",1,0.0723874020278418,0.344742484608053,"SQSTM1"
"GO:0098885","modification of postsynaptic actin cytoskeleton","1/181","6/14546",1,0.0723874020278418,0.344742484608053,"WASF1"
"GO:0150079","negative regulation of neuroinflammatory response","1/181","6/14546",1,0.0723874020278418,0.344742484608053,"TNFRSF1B"
"GO:1903243","negative regulation of cardiac muscle hypertrophy in response to stress","1/181","6/14546",1,0.0723874020278418,0.344742484608053,"MLIP"
"GO:1904037","positive regulation of epithelial cell apoptotic process","1/181","6/14546",1,0.0723874020278418,0.344742484608053,"HMOX1"
"GO:1905144","response to acetylcholine","1/181","6/14546",1,0.0723874020278418,0.344742484608053,"EDNRA"
"GO:1905719","protein localization to perinuclear region of cytoplasm","1/181","6/14546",1,0.0723874020278418,0.344742484608053,"SQSTM1"
"GO:2000404","regulation of T cell migration","1/181","6/14546",1,0.0723874020278418,0.344742484608053,"ECM1"
"GO:0042130","negative regulation of T cell proliferation","2/181","37/14546",2,0.0772468190000178,0.344742484608053,"LILRB4/PLA2G5"
"GO:0046330","positive regulation of JNK cascade","3/181","81/14546",3,0.0800859092260276,0.344742484608053,"MFHAS1/SH3RF2/TLR4"
"GO:0016339","calcium-dependent cell-cell adhesion via plasma membrane cell adhesion molecules","2/181","38/14546",2,0.0808930502953773,0.344742484608053,"DSG1/SELP"
"GO:0007204","positive regulation of cytosolic calcium ion concentration","4/181","131/14546",4,0.0809147873610411,0.344742484608053,"CIB2/EDNRA/FFAR4/LPAR2"
"GO:0000183","rDNA heterochromatin formation","1/181","7/14546",1,0.0839347115349233,0.344742484608053,"BEND3"
"GO:0003223","ventricular compact myocardium morphogenesis","1/181","7/14546",1,0.0839347115349233,0.344742484608053,"DSP"
"GO:0006029","proteoglycan metabolic process","1/181","7/14546",1,0.0839347115349233,0.344742484608053,"IHH"
"GO:0010466","negative regulation of peptidase activity","1/181","7/14546",1,0.0839347115349233,0.344742484608053,"ECM1"
"GO:0010501","RNA secondary structure unwinding","1/181","7/14546",1,0.0839347115349233,0.344742484608053,"AGO1"
"GO:0014894","response to denervation involved in regulation of muscle adaptation","1/181","7/14546",1,0.0839347115349233,0.344742484608053,"SCN5A"
"GO:0014902","myotube differentiation","1/181","7/14546",1,0.0839347115349233,0.344742484608053,"MYEF2"
"GO:0015874","norepinephrine transport","1/181","7/14546",1,0.0839347115349233,0.344742484608053,"SLC22A3"
"GO:0021707","cerebellar granule cell differentiation","1/181","7/14546",1,0.0839347115349233,0.344742484608053,"PROX1"
"GO:0021952","central nervous system projection neuron axonogenesis","1/181","7/14546",1,0.0839347115349233,0.344742484608053,"SPTBN4"
"GO:0032098","regulation of appetite","1/181","7/14546",1,0.0839347115349233,0.344742484608053,"SLC22A3"
"GO:0032675","regulation of interleukin-6 production","1/181","7/14546",1,0.0839347115349233,0.344742484608053,"AFAP1L2"
"GO:0032732","positive regulation of interleukin-1 production","1/181","7/14546",1,0.0839347115349233,0.344742484608053,"TLR4"
"GO:0034144","negative regulation of toll-like receptor 4 signaling pathway","1/181","7/14546",1,0.0839347115349233,0.344742484608053,"MFHAS1"
"GO:0034983","peptidyl-lysine deacetylation","1/181","7/14546",1,0.0839347115349233,0.344742484608053,"SIRT3"
"GO:0035137","hindlimb morphogenesis","1/181","7/14546",1,0.0839347115349233,0.344742484608053,"FMN1"
"GO:0042355","L-fucose catabolic process","1/181","7/14546",1,0.0839347115349233,0.344742484608053,"FUT4"
"GO:0044805","late nucleophagy","1/181","7/14546",1,0.0839347115349233,0.344742484608053,"ULK3"
"GO:0046600","negative regulation of centriole replication","1/181","7/14546",1,0.0839347115349233,0.344742484608053,"MDM1"
"GO:0048515","spermatid differentiation","1/181","7/14546",1,0.0839347115349233,0.344742484608053,"TMEM119"
"GO:0048664","neuron fate determination","1/181","7/14546",1,0.0839347115349233,0.344742484608053,"PROX1"
"GO:0050671","positive regulation of lymphocyte proliferation","1/181","7/14546",1,0.0839347115349233,0.344742484608053,"IL12A"
"GO:0051148","negative regulation of muscle cell differentiation","1/181","7/14546",1,0.0839347115349233,0.344742484608053,"TCF23"
"GO:0061337","cardiac conduction","1/181","7/14546",1,0.0839347115349233,0.344742484608053,"SPTBN4"
"GO:0070106","interleukin-27-mediated signaling pathway","1/181","7/14546",1,0.0839347115349233,0.344742484608053,"MX1"
"GO:0071051","polyadenylation-dependent snoRNA 3'-end processing","1/181","7/14546",1,0.0839347115349233,0.344742484608053,"EXOSC6"
"GO:0072574","hepatocyte proliferation","1/181","7/14546",1,0.0839347115349233,0.344742484608053,"PROX1"
"GO:0086010","membrane depolarization during action potential","1/181","7/14546",1,0.0839347115349233,0.344742484608053,"SCN5A"
"GO:1900121","negative regulation of receptor binding","1/181","7/14546",1,0.0839347115349233,0.344742484608053,"ADAM15"
"GO:1903028","positive regulation of opsonization","1/181","7/14546",1,0.0839347115349233,0.344742484608053,"PLA2G5"
"GO:1903426","regulation of reactive oxygen species biosynthetic process","1/181","7/14546",1,0.0839347115349233,0.344742484608053,"ARG2"
"GO:1903588","negative regulation of blood vessel endothelial cell proliferation involved in sprouting angiogenesis","1/181","7/14546",1,0.0839347115349233,0.344742484608053,"IL12A"
"GO:1903589","positive regulation of blood vessel endothelial cell proliferation involved in sprouting angiogenesis","1/181","7/14546",1,0.0839347115349233,0.344742484608053,"HMOX1"
"GO:2000510","positive regulation of dendritic cell chemotaxis","1/181","7/14546",1,0.0839347115349233,0.344742484608053,"IL12A"
"GO:2000601","positive regulation of Arp2/3 complex-mediated actin nucleation","1/181","7/14546",1,0.0839347115349233,0.344742484608053,"WASF1"
"GO:0001701","in utero embryonic development","5/181","189/14546",5,0.0873506516988636,0.344742484608053,"ANKS6/EDNRA/HSD17B2/IHH/SOX18"
"GO:0045494","photoreceptor cell maintenance","2/181","40/14546",2,0.0883406938998905,0.344742484608053,"BBS10/CIB2"
"GO:0001960","negative regulation of cytokine-mediated signaling pathway","1/181","8/14546",1,0.0953390596477356,0.344742484608053,"ECM1"
"GO:0002686","negative regulation of leukocyte migration","1/181","8/14546",1,0.0953390596477356,0.344742484608053,"HMOX1"
"GO:0010224","response to UV-B","1/181","8/14546",1,0.0953390596477356,0.344742484608053,"IL12A"
"GO:0010952","positive regulation of peptidase activity","1/181","8/14546",1,0.0953390596477356,0.344742484608053,"MAPK12"
"GO:0015695","organic cation transport","1/181","8/14546",1,0.0953390596477356,0.344742484608053,"SLC22A3"
"GO:0016479","negative regulation of transcription by RNA polymerase I","1/181","8/14546",1,0.0953390596477356,0.344742484608053,"BEND3"
"GO:0021516","dorsal spinal cord development","1/181","8/14546",1,0.0953390596477356,0.344742484608053,"PROX1"
"GO:0032816","positive regulation of natural killer cell activation","1/181","8/14546",1,0.0953390596477356,0.344742484608053,"IL12A"
"GO:0034475","U4 snRNA 3'-end processing","1/181","8/14546",1,0.0953390596477356,0.344742484608053,"EXOSC6"
"GO:0035136","forelimb morphogenesis","1/181","8/14546",1,0.0953390596477356,0.344742484608053,"FMN1"
"GO:0038196","type III interferon-mediated signaling pathway","1/181","8/14546",1,0.0953390596477356,0.344742484608053,"IFNGR2"
"GO:0042088","T-helper 1 type immune response","1/181","8/14546",1,0.0953390596477356,0.344742484608053,"TLR4"
"GO:0042633","hair cycle","1/181","8/14546",1,0.0953390596477356,0.344742484608053,"KRT16"
"GO:0045010","actin nucleation","1/181","8/14546",1,0.0953390596477356,0.344742484608053,"FMN1"
"GO:0048066","developmental pigmentation","1/181","8/14546",1,0.0953390596477356,0.344742484608053,"EDNRA"
"GO:0050863","regulation of T cell activation","1/181","8/14546",1,0.0953390596477356,0.344742484608053,"PAG1"
"GO:0051988","regulation of attachment of spindle microtubules to kinetochore","1/181","8/14546",1,0.0953390596477356,0.344742484608053,"SPAG5"
"GO:0060013","righting reflex","1/181","8/14546",1,0.0953390596477356,0.344742484608053,"ALDH1A3"
"GO:0060042","retina morphogenesis in camera-type eye","1/181","8/14546",1,0.0953390596477356,0.344742484608053,"PROX1"
"GO:0060371","regulation of atrial cardiac muscle cell membrane depolarization","1/181","8/14546",1,0.0953390596477356,0.344742484608053,"SCN5A"
"GO:0061626","pharyngeal arch artery morphogenesis","1/181","8/14546",1,0.0953390596477356,0.344742484608053,"EDNRA"
"GO:0071243","cellular response to arsenic-containing substance","1/181","8/14546",1,0.0953390596477356,0.344742484608053,"HMOX1"
"GO:0071578","zinc ion import across plasma membrane","1/181","8/14546",1,0.0953390596477356,0.344742484608053,"SLC39A6"
"GO:0072112","podocyte differentiation","1/181","8/14546",1,0.0953390596477356,0.344742484608053,"EDNRA"
"GO:0086014","atrial cardiac muscle cell action potential","1/181","8/14546",1,0.0953390596477356,0.344742484608053,"SCN5A"
"GO:0150105","protein localization to cell-cell junction","1/181","8/14546",1,0.0953390596477356,0.344742484608053,"DSP"
"GO:1904628","cellular response to phorbol 13-acetate 12-myristate","1/181","8/14546",1,0.0953390596477356,0.344742484608053,"ADAM15"
"GO:1905832","positive regulation of spindle assembly","1/181","8/14546",1,0.0953390596477356,0.344742484608053,"SPAG5"
"GO:2000272","negative regulation of signaling receptor activity","1/181","8/14546",1,0.0953390596477356,0.344742484608053,"LILRB4"
"GO:2001259","positive regulation of cation channel activity","1/181","8/14546",1,0.0953390596477356,0.344742484608053,"EDNRA"
"GO:0032722","positive regulation of chemokine production","2/181","42/14546",2,0.0959830994837809,0.344742484608053,"HMOX1/TLR4"
"GO:0042733","embryonic digit morphogenesis","2/181","42/14546",2,0.0959830994837809,0.344742484608053,"HOXD12/IHH"
"GO:0009615","response to virus","3/181","90/14546",3,0.101921865496134,0.344742484608053,"IFNGR2/IL12A/MX1"
"GO:0010951","negative regulation of endopeptidase activity","2/181","44/14546",2,0.103806205802839,0.344742484608053,"SERPINB10/SERPINB2"
"GO:0003416","endochondral bone growth","1/181","9/14546",1,0.10660220658705,0.344742484608053,"ECM1"
"GO:0006048","UDP-N-acetylglucosamine biosynthetic process","1/181","9/14546",1,0.10660220658705,0.344742484608053,"GFPT2"
"GO:0006198","cAMP catabolic process","1/181","9/14546",1,0.10660220658705,0.344742484608053,"PDE7A"
"GO:0006703","estrogen biosynthetic process","1/181","9/14546",1,0.10660220658705,0.344742484608053,"HSD17B2"
"GO:0007252","I-kappaB phosphorylation","1/181","9/14546",1,0.10660220658705,0.344742484608053,"TLR4"
"GO:0010459","negative regulation of heart rate","1/181","9/14546",1,0.10660220658705,0.344742484608053,"SPTBN4"
"GO:0010669","epithelial structure maintenance","1/181","9/14546",1,0.10660220658705,0.344742484608053,"PIWIL4"
"GO:0014824","artery smooth muscle contraction","1/181","9/14546",1,0.10660220658705,0.344742484608053,"EDNRA"
"GO:0015844","monoamine transport","1/181","9/14546",1,0.10660220658705,0.344742484608053,"SLC22A3"
"GO:0015872","dopamine transport","1/181","9/14546",1,0.10660220658705,0.344742484608053,"SLC22A3"
"GO:0033089","positive regulation of T cell differentiation in thymus","1/181","9/14546",1,0.10660220658705,0.344742484608053,"IHH"
"GO:0034058","endosomal vesicle fusion","1/181","9/14546",1,0.10660220658705,0.344742484608053,"VPS8"
"GO:0034101","erythrocyte homeostasis","1/181","9/14546",1,0.10660220658705,0.344742484608053,"HMOX1"
"GO:0034427","nuclear-transcribed mRNA catabolic process, exonucleolytic, 3'-5'","1/181","9/14546",1,0.10660220658705,0.344742484608053,"EXOSC6"
"GO:0034727","piecemeal microautophagy of the nucleus","1/181","9/14546",1,0.10660220658705,0.344742484608053,"ULK3"
"GO:0035095","behavioral response to nicotine","1/181","9/14546",1,0.10660220658705,0.344742484608053,"CHRNB4"
"GO:0035194","regulatory ncRNA-mediated post-transcriptional gene silencing","1/181","9/14546",1,0.10660220658705,0.344742484608053,"HELZ2"
"GO:0035542","regulation of SNARE complex assembly","1/181","9/14546",1,0.10660220658705,0.344742484608053,"VPS8"
"GO:0035722","interleukin-12-mediated signaling pathway","1/181","9/14546",1,0.10660220658705,0.344742484608053,"IL12A"
"GO:0035999","tetrahydrofolate interconversion","1/181","9/14546",1,0.10660220658705,0.344742484608053,"MTHFD2"
"GO:0036065","fucosylation","1/181","9/14546",1,0.10660220658705,0.344742484608053,"FUT4"
"GO:0043922","negative regulation by host of viral transcription","1/181","9/14546",1,0.10660220658705,0.344742484608053,"POU2F3"
"GO:0045617","negative regulation of keratinocyte differentiation","1/181","9/14546",1,0.10660220658705,0.344742484608053,"EXTL3"
"GO:0048539","bone marrow development","1/181","9/14546",1,0.10660220658705,0.344742484608053,"LRRC17"
"GO:0050764","regulation of phagocytosis","1/181","9/14546",1,0.10660220658705,0.344742484608053,"SPHK1"
"GO:0051610","serotonin uptake","1/181","9/14546",1,0.10660220658705,0.344742484608053,"SLC22A3"
"GO:0060385","axonogenesis involved in innervation","1/181","9/14546",1,0.10660220658705,0.344742484608053,"EDNRA"
"GO:0061099","negative regulation of protein tyrosine kinase activity","1/181","9/14546",1,0.10660220658705,0.344742484608053,"LILRB4"
"GO:0070431","nucleotide-binding oligomerization domain containing 2 signaling pathway","1/181","9/14546",1,0.10660220658705,0.344742484608053,"TLR4"
"GO:0070922","RISC complex assembly","1/181","9/14546",1,0.10660220658705,0.344742484608053,"AGO1"
"GO:0071028","nuclear mRNA surveillance","1/181","9/14546",1,0.10660220658705,0.344742484608053,"EXOSC6"
"GO:0071223","cellular response to lipoteichoic acid","1/181","9/14546",1,0.10660220658705,0.344742484608053,"TLR4"
"GO:0072091","regulation of stem cell proliferation","1/181","9/14546",1,0.10660220658705,0.344742484608053,"SOX18"
"GO:0085020","protein K6-linked ubiquitination","1/181","9/14546",1,0.10660220658705,0.344742484608053,"WDR24"
"GO:0086100","endothelin receptor signaling pathway","1/181","9/14546",1,0.10660220658705,0.344742484608053,"EDNRA"
"GO:0097152","mesenchymal cell apoptotic process","1/181","9/14546",1,0.10660220658705,0.344742484608053,"EDNRA"
"GO:0106015","negative regulation of inflammatory response to wounding","1/181","9/14546",1,0.10660220658705,0.344742484608053,"EXTL3"
"GO:2000343","positive regulation of chemokine (C-X-C motif) ligand 2 production","1/181","9/14546",1,0.10660220658705,0.344742484608053,"TLR4"
"GO:2000562","negative regulation of CD4-positive, alpha-beta T cell proliferation","1/181","9/14546",1,0.10660220658705,0.344742484608053,"ARG2"
"GO:0006874","intracellular calcium ion homeostasis","3/181","92/14546",3,0.107066525616983,0.344742484608053,"EDNRA/TRPA1/XK"
"GO:0006366","transcription by RNA polymerase II","5/181","202/14546",5,0.107969244060441,0.344742484608053,"ABRA/NFIL3/PRDM4/PROX1/SQSTM1"
"GO:0032715","negative regulation of interleukin-6 production","2/181","46/14546",2,0.11179652115393,0.344742484608053,"LILRB4/TLR4"
"GO:0034614","cellular response to reactive oxygen species","2/181","46/14546",2,0.11179652115393,0.344742484608053,"GPR37L1/SQSTM1"
"GO:0030335","positive regulation of cell migration","5/181","205/14546",5,0.113039609370443,0.344742484608053,"FERMT3/NTF3/SEMA4F/SH3RF2/SPHK1"
"GO:0006606","protein import into nucleus","3/181","95/14546",3,0.114969301521399,0.344742484608053,"ABRA/NUP188/SQSTM1"
"GO:0048661","positive regulation of smooth muscle cell proliferation","2/181","47/14546",2,0.115850317027684,0.344742484608053,"HMOX1/TLR4"
"GO:0097191","extrinsic apoptotic signaling pathway","2/181","47/14546",2,0.115850317027684,0.344742484608053,"IL12A/TNFRSF1B"
"GO:0000050","urea cycle","1/181","10/14546",1,0.11772589102041,0.344742484608053,"ARG2"
"GO:0005979","regulation of glycogen biosynthetic process","1/181","10/14546",1,0.11772589102041,0.344742484608053,"PPP1R3B"
"GO:0006112","energy reserve metabolic process","1/181","10/14546",1,0.11772589102041,0.344742484608053,"GFPT2"
"GO:0007406","negative regulation of neuroblast proliferation","1/181","10/14546",1,0.11772589102041,0.344742484608053,"PROX1"
"GO:0016075","rRNA catabolic process","1/181","10/14546",1,0.11772589102041,0.344742484608053,"EXOSC6"
"GO:0033622","integrin activation","1/181","10/14546",1,0.11772589102041,0.344742484608053,"FERMT3"
"GO:0034501","protein localization to kinetochore","1/181","10/14546",1,0.11772589102041,0.344742484608053,"TTK"
"GO:0042167","heme catabolic process","1/181","10/14546",1,0.11772589102041,0.344742484608053,"HMOX1"
"GO:0043030","regulation of macrophage activation","1/181","10/14546",1,0.11772589102041,0.344742484608053,"MFHAS1"
"GO:0046578","regulation of Ras protein signal transduction","1/181","10/14546",1,0.11772589102041,0.344742484608053,"SQSTM1"
"GO:0046638","positive regulation of alpha-beta T cell differentiation","1/181","10/14546",1,0.11772589102041,0.344742484608053,"IHH"
"GO:0048048","embryonic eye morphogenesis","1/181","10/14546",1,0.11772589102041,0.344742484608053,"ALDH1A3"
"GO:0048681","negative regulation of axon regeneration","1/181","10/14546",1,0.11772589102041,0.344742484608053,"KREMEN1"
"GO:0060020","Bergmann glial cell differentiation","1/181","10/14546",1,0.11772589102041,0.344742484608053,"GPR37L1"
"GO:0070986","left/right axis specification","1/181","10/14546",1,0.11772589102041,0.344742484608053,"MNS1"
"GO:0071372","cellular response to follicle-stimulating hormone stimulus","1/181","10/14546",1,0.11772589102041,0.344742484608053,"EDNRA"
"GO:0072711","cellular response to hydroxyurea","1/181","10/14546",1,0.11772589102041,0.344742484608053,"SPIDR"
"GO:0097084","vascular associated smooth muscle cell development","1/181","10/14546",1,0.11772589102041,0.344742484608053,"EDNRA"
"GO:0097264","self proteolysis","1/181","10/14546",1,0.11772589102041,0.344742484608053,"IHH"
"GO:0098696","regulation of neurotransmitter receptor localization to postsynaptic specialization membrane","1/181","10/14546",1,0.11772589102041,0.344742484608053,"GPC4"
"GO:1900747","negative regulation of vascular endothelial growth factor signaling pathway","1/181","10/14546",1,0.11772589102041,0.344742484608053,"IL12A"
"GO:1901998","toxin transport","1/181","10/14546",1,0.11772589102041,0.344742484608053,"SLC22A3"
"GO:1902305","regulation of sodium ion transmembrane transport","1/181","10/14546",1,0.11772589102041,0.344742484608053,"SCN5A"
"GO:1990961","xenobiotic detoxification by transmembrane export across the plasma membrane","1/181","10/14546",1,0.11772589102041,0.344742484608053,"SLC22A5"
"GO:2000774","positive regulation of cellular senescence","1/181","10/14546",1,0.11772589102041,0.344742484608053,"ARG2"
"GO:0031397","negative regulation of protein ubiquitination","2/181","48/14546",2,0.11994110406078,0.347977277213374,"SH3RF2/SQSTM1"
"GO:0032731","positive regulation of interleukin-1 beta production","2/181","48/14546",2,0.11994110406078,0.347977277213374,"TLR4/TMEM106A"
"GO:0050829","defense response to Gram-negative bacterium","2/181","48/14546",2,0.11994110406078,0.347977277213374,"SELP/TLR4"
"GO:0006811","monoatomic ion transport","3/181","100/14546",3,0.128609711769317,0.349679539032075,"CHRNB4/SLC22A3/TRPA1"
"GO:0050728","negative regulation of inflammatory response","3/181","100/14546",3,0.128609711769317,0.349679539032075,"EXTL3/FFAR4/MFHAS1"
"GO:0006002","fructose 6-phosphate metabolic process","1/181","11/14546",1,0.128711830324572,0.349679539032075,"GFPT2"
"GO:0006473","protein acetylation","1/181","11/14546",1,0.128711830324572,0.349679539032075,"SPHK1"
"GO:0006476","protein deacetylation","1/181","11/14546",1,0.128711830324572,0.349679539032075,"SIRT3"
"GO:0006885","regulation of pH","1/181","11/14546",1,0.128711830324572,0.349679539032075,"PDK4"
"GO:0010832","negative regulation of myotube differentiation","1/181","11/14546",1,0.128711830324572,0.349679539032075,"TMEM119"
"GO:0019370","leukotriene biosynthetic process","1/181","11/14546",1,0.128711830324572,0.349679539032075,"PLA2G5"
"GO:0031054","pre-miRNA processing","1/181","11/14546",1,0.128711830324572,0.349679539032075,"AGO1"
"GO:0031076","embryonic camera-type eye development","1/181","11/14546",1,0.128711830324572,0.349679539032075,"ALDH1A3"
"GO:0035269","protein O-linked mannosylation","1/181","11/14546",1,0.128711830324572,0.349679539032075,"TMTC2"
"GO:0035666","TRIF-dependent toll-like receptor signaling pathway","1/181","11/14546",1,0.128711830324572,0.349679539032075,"TLR4"
"GO:0045104","intermediate filament cytoskeleton organization","1/181","11/14546",1,0.128711830324572,0.349679539032075,"DSP"
"GO:0048484","enteric nervous system development","1/181","11/14546",1,0.128711830324572,0.349679539032075,"EDNRA"
"GO:0050732","negative regulation of peptidyl-tyrosine phosphorylation","1/181","11/14546",1,0.128711830324572,0.349679539032075,"NTF3"
"GO:0050930","induction of positive chemotaxis","1/181","11/14546",1,0.128711830324572,0.349679539032075,"NTF3"
"GO:0051693","actin filament capping","1/181","11/14546",1,0.128711830324572,0.349679539032075,"SPTBN4"
"GO:0086004","regulation of cardiac muscle cell contraction","1/181","11/14546",1,0.128711830324572,0.349679539032075,"SCN5A"
"GO:0098911","regulation of ventricular cardiac muscle cell action potential","1/181","11/14546",1,0.128711830324572,0.349679539032075,"DSP"
"GO:0140052","cellular response to oxidised low-density lipoprotein particle stimulus","1/181","11/14546",1,0.128711830324572,0.349679539032075,"TLR4"
"GO:0141007","siRNA-mediated retrotransposon silencing by heterochromatin formation","1/181","11/14546",1,0.128711830324572,0.349679539032075,"PIWIL4"
"GO:1903428","positive regulation of reactive oxygen species biosynthetic process","1/181","11/14546",1,0.128711830324572,0.349679539032075,"TLR4"
"GO:0007193","adenylate cyclase-inhibiting G protein-coupled receptor signaling pathway","2/181","51/14546",2,0.132420224150377,0.354036601157506,"EDNRA/GPR37L1"
"GO:0006623","protein targeting to vacuole","1/181","12/14546",1,0.139561720844782,0.354036601157506,"VPS8"
"GO:0006940","regulation of smooth muscle contraction","1/181","12/14546",1,0.139561720844782,0.354036601157506,"CHRNB4"
"GO:0032228","regulation of synaptic transmission, GABAergic","1/181","12/14546",1,0.139561720844782,0.354036601157506,"PLCL1"
"GO:0033690","positive regulation of osteoblast proliferation","1/181","12/14546",1,0.139561720844782,0.354036601157506,"TMEM119"
"GO:0035988","chondrocyte proliferation","1/181","12/14546",1,0.139561720844782,0.354036601157506,"IHH"
"GO:0042129","regulation of T cell proliferation","1/181","12/14546",1,0.139561720844782,0.354036601157506,"TNFRSF1B"
"GO:0045730","respiratory burst","1/181","12/14546",1,0.139561720844782,0.354036601157506,"NCF4"
"GO:0045779","negative regulation of bone resorption","1/181","12/14546",1,0.139561720844782,0.354036601157506,"TMEM119"
"GO:0046007","negative regulation of activated T cell proliferation","1/181","12/14546",1,0.139561720844782,0.354036601157506,"LILRB4"
"GO:0048596","embryonic camera-type eye morphogenesis","1/181","12/14546",1,0.139561720844782,0.354036601157506,"IHH"
"GO:0051291","protein heterooligomerization","1/181","12/14546",1,0.139561720844782,0.354036601157506,"ZNF777"
"GO:0060333","type II interferon-mediated signaling pathway","1/181","12/14546",1,0.139561720844782,0.354036601157506,"IFNGR2"
"GO:0070294","renal sodium ion absorption","1/181","12/14546",1,0.139561720844782,0.354036601157506,"EDNRA"
"GO:0071806","protein transmembrane transport","1/181","12/14546",1,0.139561720844782,0.354036601157506,"EDNRA"
"GO:0086012","membrane depolarization during cardiac muscle cell action potential","1/181","12/14546",1,0.139561720844782,0.354036601157506,"SCN5A"
"GO:0090385","phagosome-lysosome fusion","1/181","12/14546",1,0.139561720844782,0.354036601157506,"PLA2G5"
"GO:1904888","cranial skeletal system development","1/181","12/14546",1,0.139561720844782,0.354036601157506,"EDNRA"
"GO:0043406","positive regulation of MAP kinase activity","2/181","53/14546",2,0.140897300542035,0.354036601157506,"NTF3/TLR4"
"GO:0051289","protein homotetramerization","2/181","53/14546",2,0.140897300542035,0.354036601157506,"ALDH1A3/TRPA1"
"GO:0051056","regulation of small GTPase mediated signal transduction","3/181","105/14546",3,0.142793278693573,0.354036601157506,"ARHGEF4/ARHGEF9/SPATA13"
"GO:0032757","positive regulation of interleukin-8 production","2/181","54/14546",2,0.145178907779521,0.354036601157506,"AFAP1L2/TLR4"
"GO:0010467","gene expression","3/181","106/14546",3,0.145690755959272,0.354036601157506,"EDNRA/FMN1/TLR4"
"GO:0045109","intermediate filament organization","2/181","55/14546",2,0.149487417350276,0.354036601157506,"DSP/KRT16"
"GO:0051321","meiotic cell cycle","2/181","55/14546",2,0.149487417350276,0.354036601157506,"MNS1/PIWIL4"
"GO:0071363","cellular response to growth factor stimulus","2/181","55/14546",2,0.149487417350276,0.354036601157506,"SPHK1/TNFRSF1B"
"GO:0003085","negative regulation of systemic arterial blood pressure","1/181","13/14546",1,0.150277238150899,0.354036601157506,"GPR37L1"
"GO:0003094","glomerular filtration","1/181","13/14546",1,0.150277238150899,0.354036601157506,"EDNRA"
"GO:0007213","G protein-coupled acetylcholine receptor signaling pathway","1/181","13/14546",1,0.150277238150899,0.354036601157506,"AGRN"
"GO:0015693","magnesium ion transport","1/181","13/14546",1,0.150277238150899,0.354036601157506,"NIPAL1"
"GO:0015711","organic anion transport","1/181","13/14546",1,0.150277238150899,0.354036601157506,"SLC22A3"
"GO:0016242","negative regulation of macroautophagy","1/181","13/14546",1,0.150277238150899,0.354036601157506,"HMOX1"
"GO:0016322","neuron remodeling","1/181","13/14546",1,0.150277238150899,0.354036601157506,"EDNRA"
"GO:0019725","cellular homeostasis","1/181","13/14546",1,0.150277238150899,0.354036601157506,"SCN7A"
"GO:0030031","cell projection assembly","1/181","13/14546",1,0.150277238150899,0.354036601157506,"QRICH2"
"GO:0030502","negative regulation of bone mineralization","1/181","13/14546",1,0.150277238150899,0.354036601157506,"ECM1"
"GO:0030595","leukocyte chemotaxis","1/181","13/14546",1,0.150277238150899,0.354036601157506,"CORO1A"
"GO:0034374","low-density lipoprotein particle remodeling","1/181","13/14546",1,0.150277238150899,0.354036601157506,"PLA2G5"
"GO:0034638","phosphatidylcholine catabolic process","1/181","13/14546",1,0.150277238150899,0.354036601157506,"PLA2G5"
"GO:0035196","miRNA processing","1/181","13/14546",1,0.150277238150899,0.354036601157506,"AGO1"
"GO:0036158","outer dynein arm assembly","1/181","13/14546",1,0.150277238150899,0.354036601157506,"LRRC61"
"GO:0040008","regulation of growth","1/181","13/14546",1,0.150277238150899,0.354036601157506,"IHH"
"GO:0043534","blood vessel endothelial cell migration","1/181","13/14546",1,0.150277238150899,0.354036601157506,"SOX18"
"GO:0045591","positive regulation of regulatory T cell differentiation","1/181","13/14546",1,0.150277238150899,0.354036601157506,"LILRB4"
"GO:0046512","sphingosine biosynthetic process","1/181","13/14546",1,0.150277238150899,0.354036601157506,"SPHK1"
"GO:0046655","folic acid metabolic process","1/181","13/14546",1,0.150277238150899,0.354036601157506,"MTHFD2"
"GO:0050832","defense response to fungus","1/181","13/14546",1,0.150277238150899,0.354036601157506,"COTL1"
"GO:0051279","regulation of release of sequestered calcium ion into cytosol","1/181","13/14546",1,0.150277238150899,0.354036601157506,"CORO1A"
"GO:0061635","regulation of protein complex stability","1/181","13/14546",1,0.150277238150899,0.354036601157506,"SQSTM1"
"GO:0061709","reticulophagy","1/181","13/14546",1,0.150277238150899,0.354036601157506,"ULK3"
"GO:0061912","selective autophagy","1/181","13/14546",1,0.150277238150899,0.354036601157506,"SQSTM1"
"GO:0086005","ventricular cardiac muscle cell action potential","1/181","13/14546",1,0.150277238150899,0.354036601157506,"SCN5A"
"GO:1902287","semaphorin-plexin signaling pathway involved in axon guidance","1/181","13/14546",1,0.150277238150899,0.354036601157506,"EDNRA"
"GO:0043123","positive regulation of canonical NF-kappaB signal transduction","4/181","168/14546",4,0.157467824160105,0.358808320666573,"ECM1/HMOX1/TLR4/TMEM106A"
"GO:0000956","nuclear-transcribed mRNA catabolic process","1/181","14/14546",1,0.160860037290422,0.358808320666573,"AGO1"
"GO:0001944","vasculature development","1/181","14/14546",1,0.160860037290422,0.358808320666573,"SOX18"
"GO:0002028","regulation of sodium ion transport","1/181","14/14546",1,0.160860037290422,0.358808320666573,"SPTBN4"
"GO:0002687","positive regulation of leukocyte migration","1/181","14/14546",1,0.160860037290422,0.358808320666573,"SELP"
"GO:0003161","cardiac conduction system development","1/181","14/14546",1,0.160860037290422,0.358808320666573,"SCN5A"
"GO:0007017","microtubule-based process","1/181","14/14546",1,0.160860037290422,0.358808320666573,"TUBB2B"
"GO:0021537","telencephalon development","1/181","14/14546",1,0.160860037290422,0.358808320666573,"SCN5A"
"GO:0034383","low-density lipoprotein particle clearance","1/181","14/14546",1,0.160860037290422,0.358808320666573,"HMOX1"
"GO:0043950","positive regulation of cAMP-mediated signaling","1/181","14/14546",1,0.160860037290422,0.358808320666573,"FFAR4"
"GO:0048265","response to pain","1/181","14/14546",1,0.160860037290422,0.358808320666573,"TRPA1"
"GO:0050966","detection of mechanical stimulus involved in sensory perception of pain","1/181","14/14546",1,0.160860037290422,0.358808320666573,"TRPA1"
"GO:0051149","positive regulation of muscle cell differentiation","1/181","14/14546",1,0.160860037290422,0.358808320666573,"MAPK12"
"GO:0060317","cardiac epithelial to mesenchymal transition","1/181","14/14546",1,0.160860037290422,0.358808320666573,"ADAM15"
"GO:0070365","hepatocyte differentiation","1/181","14/14546",1,0.160860037290422,0.358808320666573,"PROX1"
"GO:2000179","positive regulation of neural precursor cell proliferation","1/181","14/14546",1,0.160860037290422,0.358808320666573,"PROX1"
"GO:0043433","negative regulation of DNA-binding transcription factor activity","2/181","58/14546",2,0.16256128618156,0.358808320666573,"PROX1/SFRP5"
"GO:0045669","positive regulation of osteoblast differentiation","2/181","58/14546",2,0.16256128618156,0.358808320666573,"FFAR4/TMEM119"
"GO:0098586","cellular response to virus","2/181","58/14546",2,0.16256128618156,0.358808320666573,"IFNGR2/IL12A"
"GO:0001501","skeletal system development","3/181","112/14546",3,0.163467247922524,0.358808320666573,"HOXD12/IHH/PITX1"
"GO:0006302","double-strand break repair","2/181","59/14546",2,0.166964471162,0.358808320666573,"XRCC4/ZGRF1"
"GO:0050679","positive regulation of epithelial cell proliferation","2/181","59/14546",2,0.166964471162,0.358808320666573,"IHH/SCN5A"
"GO:1901224","positive regulation of non-canonical NF-kappaB signal transduction","2/181","59/14546",2,0.166964471162,0.358808320666573,"SPHK1/TLR4"
"GO:0070374","positive regulation of ERK1 and ERK2 cascade","4/181","172/14546",4,0.16698394710186,0.358808320666573,"FFAR4/MFHAS1/PLA2G5/TLR4"
"GO:0000423","mitophagy","1/181","15/14546",1,0.171311753038455,0.358808320666573,"SQSTM1"
"GO:0002063","chondrocyte development","1/181","15/14546",1,0.171311753038455,0.358808320666573,"ECM1"
"GO:0003376","sphingosine-1-phosphate receptor signaling pathway","1/181","15/14546",1,0.171311753038455,0.358808320666573,"SPHK1"
"GO:0003382","epithelial cell morphogenesis","1/181","15/14546",1,0.171311753038455,0.358808320666573,"IHH"
"GO:0007062","sister chromatid cohesion","1/181","15/14546",1,0.171311753038455,0.358808320666573,"STAG3"
"GO:0007154","cell communication","1/181","15/14546",1,0.171311753038455,0.358808320666573,"KREMEN1"
"GO:0010737","protein kinase A signaling","1/181","15/14546",1,0.171311753038455,0.358808320666573,"EDNRA"
"GO:0010765","positive regulation of sodium ion transport","1/181","15/14546",1,0.171311753038455,0.358808320666573,"SCN5A"
"GO:0014002","astrocyte development","1/181","15/14546",1,0.171311753038455,0.358808320666573,"TLR4"
"GO:0015012","heparan sulfate proteoglycan biosynthetic process","1/181","15/14546",1,0.171311753038455,0.358808320666573,"EXTL3"
"GO:0021554","optic nerve development","1/181","15/14546",1,0.171311753038455,0.358808320666573,"TMEM126A"
"GO:0042574","retinal metabolic process","1/181","15/14546",1,0.171311753038455,0.358808320666573,"ALDH1A3"
"GO:0043647","inositol phosphate metabolic process","1/181","15/14546",1,0.171311753038455,0.358808320666573,"INPP4B"
"GO:0044782","cilium organization","1/181","15/14546",1,0.171311753038455,0.358808320666573,"MNS1"
"GO:0045737","positive regulation of cyclin-dependent protein serine/threonine kinase activity","1/181","15/14546",1,0.171311753038455,0.358808320666573,"PROX1"
"GO:0048745","smooth muscle tissue development","1/181","15/14546",1,0.171311753038455,0.358808320666573,"IHH"
"GO:0050868","negative regulation of T cell activation","1/181","15/14546",1,0.171311753038455,0.358808320666573,"PAG1"
"GO:0051090","regulation of DNA-binding transcription factor activity","1/181","15/14546",1,0.171311753038455,0.358808320666573,"HMOX1"
"GO:0061053","somite development","1/181","15/14546",1,0.171311753038455,0.358808320666573,"IHH"
"GO:0086002","cardiac muscle cell action potential involved in contraction","1/181","15/14546",1,0.171311753038455,0.358808320666573,"SCN5A"
"GO:0090336","positive regulation of brown fat cell differentiation","1/181","15/14546",1,0.171311753038455,0.358808320666573,"FFAR4"
"GO:1902018","negative regulation of cilium assembly","1/181","15/14546",1,0.171311753038455,0.358808320666573,"CEP97"
"GO:1903830","magnesium ion transmembrane transport","1/181","15/14546",1,0.171311753038455,0.358808320666573,"NIPAL1"
"GO:2000811","negative regulation of anoikis","1/181","15/14546",1,0.171311753038455,0.358808320666573,"PDK4"
"GO:0001947","heart looping","2/181","60/14546",2,0.171388229765203,0.358808320666573,"IHH/SOX18"
"GO:0010506","regulation of autophagy","2/181","60/14546",2,0.171388229765203,0.358808320666573,"ULK3/WDR24"
"GO:0008283","cell population proliferation","3/181","115/14546",3,0.172589281895662,0.360519833293161,"EDNRA/HPSE2/SPHK1"
"GO:0006396","RNA processing","2/181","61/14546",2,0.175831377515296,0.364481311935364,"EXOSC6/RBM6"
"GO:0031398","positive regulation of protein ubiquitination","2/181","61/14546",2,0.175831377515296,0.364481311935364,"AMER1/SPHK1"
"GO:0070301","cellular response to hydrogen peroxide","2/181","61/14546",2,0.175831377515296,0.364481311935364,"SPHK1/TRPA1"
"GO:0042060","wound healing","2/181","62/14546",2,0.180292755923398,0.364481311935364,"DSP/POU2F3"
"GO:0002755","MyD88-dependent toll-like receptor signaling pathway","1/181","16/14546",1,0.181634000144645,0.364481311935364,"TLR4"
"GO:0006405","RNA export from nucleus","1/181","16/14546",1,0.181634000144645,0.364481311935364,"NUP188"
"GO:0010569","regulation of double-strand break repair via homologous recombination","1/181","16/14546",1,0.181634000144645,0.364481311935364,"SPIDR"
"GO:0031643","positive regulation of myelination","1/181","16/14546",1,0.181634000144645,0.364481311935364,"TNFRSF1B"
"GO:0035278","miRNA-mediated gene silencing by inhibition of translation","1/181","16/14546",1,0.181634000144645,0.364481311935364,"AGO1"
"GO:0045190","isotype switching","1/181","16/14546",1,0.181634000144645,0.364481311935364,"EXOSC6"
"GO:0045724","positive regulation of cilium assembly","1/181","16/14546",1,0.181634000144645,0.364481311935364,"MNS1"
"GO:0045987","positive regulation of smooth muscle contraction","1/181","16/14546",1,0.181634000144645,0.364481311935364,"SPHK1"
"GO:0050872","white fat cell differentiation","1/181","16/14546",1,0.181634000144645,0.364481311935364,"FFAR4"
"GO:0051770","positive regulation of nitric-oxide synthase biosynthetic process","1/181","16/14546",1,0.181634000144645,0.364481311935364,"TLR4"
"GO:0060307","regulation of ventricular cardiac muscle cell membrane repolarization","1/181","16/14546",1,0.181634000144645,0.364481311935364,"SCN5A"
"GO:0071310","cellular response to organic substance","1/181","16/14546",1,0.181634000144645,0.364481311935364,"TRPA1"
"GO:0071318","cellular response to ATP","1/181","16/14546",1,0.181634000144645,0.364481311935364,"CIB2"
"GO:0007010","cytoskeleton organization","3/181","118/14546",3,0.181852909891155,0.364481311935364,"AGRN/KRT16/SH3D19"
"GO:0090090","negative regulation of canonical Wnt signaling pathway","3/181","118/14546",3,0.181852909891155,0.364481311935364,"AMER1/KREMEN1/SFRP5"
"GO:0032496","response to lipopolysaccharide","3/181","120/14546",3,0.188102102590264,0.371026072350803,"IL12A/SELP/TLR4"
"GO:0001938","positive regulation of endothelial cell proliferation","2/181","64/14546",2,0.189265697956759,0.371026072350803,"ECM1/PROX1"
"GO:0016236","macroautophagy","2/181","64/14546",2,0.189265697956759,0.371026072350803,"HMOX1/SQSTM1"
"GO:0032729","positive regulation of type II interferon production","2/181","64/14546",2,0.189265697956759,0.371026072350803,"IL12A/TLR4"
"GO:0001779","natural killer cell differentiation","1/181","17/14546",1,0.191828373577117,0.371026072350803,"NFIL3"
"GO:0007130","synaptonemal complex assembly","1/181","17/14546",1,0.191828373577117,0.371026072350803,"STAG3"
"GO:0008209","androgen metabolic process","1/181","17/14546",1,0.191828373577117,0.371026072350803,"HSD17B2"
"GO:0009311","oligosaccharide metabolic process","1/181","17/14546",1,0.191828373577117,0.371026072350803,"FUT4"
"GO:0010165","response to X-ray","1/181","17/14546",1,0.191828373577117,0.371026072350803,"XRCC4"
"GO:0018149","peptide cross-linking","1/181","17/14546",1,0.191828373577117,0.371026072350803,"DSP"
"GO:0030194","positive regulation of blood coagulation","1/181","17/14546",1,0.191828373577117,0.371026072350803,"ENPP4"
"GO:0032693","negative regulation of interleukin-10 production","1/181","17/14546",1,0.191828373577117,0.371026072350803,"LILRB4"
"GO:0042770","signal transduction in response to DNA damage","1/181","17/14546",1,0.191828373577117,0.371026072350803,"MAPK12"
"GO:0043032","positive regulation of macrophage activation","1/181","17/14546",1,0.191828373577117,0.371026072350803,"TLR4"
"GO:0048557","embryonic digestive tract morphogenesis","1/181","17/14546",1,0.191828373577117,0.371026072350803,"IHH"
"GO:1904019","epithelial cell apoptotic process","1/181","17/14546",1,0.191828373577117,0.371026072350803,"HMOX1"
"GO:1990403","embryonic brain development","1/181","17/14546",1,0.191828373577117,0.371026072350803,"TUBB2B"
"GO:0006914","autophagy","3/181","124/14546",3,0.200762822295431,0.378053111230405,"SQSTM1/ULK3/WDR24"
"GO:0001916","positive regulation of T cell mediated cytotoxicity","1/181","18/14546",1,0.201896448763471,0.378053111230405,"IL12A"
"GO:0001953","negative regulation of cell-matrix adhesion","1/181","18/14546",1,0.201896448763471,0.378053111230405,"ADAM15"
"GO:0002009","morphogenesis of an epithelium","1/181","18/14546",1,0.201896448763471,0.378053111230405,"KRT16"
"GO:0006541","glutamine metabolic process","1/181","18/14546",1,0.201896448763471,0.378053111230405,"GFPT2"
"GO:0010744","positive regulation of macrophage derived foam cell differentiation","1/181","18/14546",1,0.201896448763471,0.378053111230405,"PLA2G5"
"GO:0015718","monocarboxylic acid transport","1/181","18/14546",1,0.201896448763471,0.378053111230405,"SLC22A3"
"GO:0021675","nerve development","1/181","18/14546",1,0.201896448763471,0.378053111230405,"NTF3"
"GO:0031290","retinal ganglion cell axon guidance","1/181","18/14546",1,0.201896448763471,0.378053111230405,"SEMA4F"
"GO:0032502","developmental process","1/181","18/14546",1,0.201896448763471,0.378053111230405,"TCF23"
"GO:0035584","calcium-mediated signaling using intracellular calcium source","1/181","18/14546",1,0.201896448763471,0.378053111230405,"SELP"
"GO:0042474","middle ear morphogenesis","1/181","18/14546",1,0.201896448763471,0.378053111230405,"EDNRA"
"GO:0042730","fibrinolysis","1/181","18/14546",1,0.201896448763471,0.378053111230405,"SERPINB2"
"GO:0070584","mitochondrion morphogenesis","1/181","18/14546",1,0.201896448763471,0.378053111230405,"WASF1"
"GO:1900227","positive regulation of NLRP3 inflammasome complex assembly","1/181","18/14546",1,0.201896448763471,0.378053111230405,"TLR4"
"GO:2000059","negative regulation of ubiquitin-dependent protein catabolic process","1/181","18/14546",1,0.201896448763471,0.378053111230405,"QRICH2"
"GO:0007059","chromosome segregation","2/181","68/14546",2,0.207382155453802,0.382206132282378,"SPAG5/TTK"
"GO:0000038","very long-chain fatty acid metabolic process","1/181","19/14546",1,0.21183978182885,0.382206132282378,"ACOT4"
"GO:0006637","acyl-CoA metabolic process","1/181","19/14546",1,0.21183978182885,0.382206132282378,"ACOT4"
"GO:0006941","striated muscle contraction","1/181","19/14546",1,0.21183978182885,0.382206132282378,"ARG2"
"GO:0010803","regulation of tumor necrosis factor-mediated signaling pathway","1/181","19/14546",1,0.21183978182885,0.382206132282378,"SPHK1"
"GO:0030279","negative regulation of ossification","1/181","19/14546",1,0.21183978182885,0.382206132282378,"KREMEN1"
"GO:0034260","negative regulation of GTPase activity","1/181","19/14546",1,0.21183978182885,0.382206132282378,"GPSM1"
"GO:0036120","cellular response to platelet-derived growth factor stimulus","1/181","19/14546",1,0.21183978182885,0.382206132282378,"TLR4"
"GO:0040029","epigenetic regulation of gene expression","1/181","19/14546",1,0.21183978182885,0.382206132282378,"TASP1"
"GO:0042310","vasoconstriction","1/181","19/14546",1,0.21183978182885,0.382206132282378,"EDNRA"
"GO:0042573","retinoic acid metabolic process","1/181","19/14546",1,0.21183978182885,0.382206132282378,"ALDH1A3"
"GO:0045954","positive regulation of natural killer cell mediated cytotoxicity","1/181","19/14546",1,0.21183978182885,0.382206132282378,"IL12A"
"GO:0050709","negative regulation of protein secretion","1/181","19/14546",1,0.21183978182885,0.382206132282378,"IL12A"
"GO:0050901","leukocyte tethering or rolling","1/181","19/14546",1,0.21183978182885,0.382206132282378,"SELP"
"GO:0051131","chaperone-mediated protein complex assembly","1/181","19/14546",1,0.21183978182885,0.382206132282378,"BBS10"
"GO:0051899","membrane depolarization","1/181","19/14546",1,0.21183978182885,0.382206132282378,"SCN5A"
"GO:0071539","protein localization to centrosome","1/181","19/14546",1,0.21183978182885,0.382206132282378,"SPAG5"
"GO:1901673","regulation of mitotic spindle assembly","1/181","19/14546",1,0.21183978182885,0.382206132282378,"CEP97"
"GO:2000406","positive regulation of T cell migration","1/181","19/14546",1,0.21183978182885,0.382206132282378,"CORO1A"
"GO:0045766","positive regulation of angiogenesis","3/181","129/14546",3,0.2168617486915,0.387286831303443,"ECM1/HMOX1/SPHK1"
"GO:0006882","intracellular zinc ion homeostasis","1/181","20/14546",1,0.221659909831119,0.387286831303443,"SLC39A6"
"GO:0007288","sperm axoneme assembly","1/181","20/14546",1,0.221659909831119,0.387286831303443,"MNS1"
"GO:0010906","regulation of glucose metabolic process","1/181","20/14546",1,0.221659909831119,0.387286831303443,"PDK4"
"GO:0014911","positive regulation of smooth muscle cell migration","1/181","20/14546",1,0.221659909831119,0.387286831303443,"TLR4"
"GO:0016601","Rac protein signal transduction","1/181","20/14546",1,0.221659909831119,0.387286831303443,"WASF1"
"GO:0022604","regulation of cell morphogenesis","1/181","20/14546",1,0.221659909831119,0.387286831303443,"SH3D19"
"GO:0030500","regulation of bone mineralization","1/181","20/14546",1,0.221659909831119,0.387286831303443,"ECM1"
"GO:0031047","regulatory ncRNA-mediated gene silencing","1/181","20/14546",1,0.221659909831119,0.387286831303443,"PIWIL4"
"GO:0031641","regulation of myelination","1/181","20/14546",1,0.221659909831119,0.387286831303443,"TNFRSF1B"
"GO:0032331","negative regulation of chondrocyte differentiation","1/181","20/14546",1,0.221659909831119,0.387286831303443,"IHH"
"GO:0042246","tissue regeneration","1/181","20/14546",1,0.221659909831119,0.387286831303443,"ADAM15"
"GO:0042554","superoxide anion generation","1/181","20/14546",1,0.221659909831119,0.387286831303443,"NCF4"
"GO:0045445","myoblast differentiation","1/181","20/14546",1,0.221659909831119,0.387286831303443,"MAPK12"
"GO:0071398","cellular response to fatty acid","1/181","20/14546",1,0.221659909831119,0.387286831303443,"PDK4"
"GO:0090050","positive regulation of cell migration involved in sprouting angiogenesis","1/181","20/14546",1,0.221659909831119,0.387286831303443,"HMOX1"
"GO:2000378","negative regulation of reactive oxygen species metabolic process","1/181","20/14546",1,0.221659909831119,0.387286831303443,"SIRT3"
"GO:0016055","Wnt signaling pathway","3/181","132/14546",3,0.226648845371034,0.391145413549676,"AMER1/GPC4/KREMEN1"
"GO:0032956","regulation of actin cytoskeleton organization","2/181","73/14546",2,0.230264489453438,0.391145413549676,"CORO1A/SIGLEC15"
"GO:0050804","modulation of chemical synaptic transmission","2/181","73/14546",2,0.230264489453438,0.391145413549676,"NTF3/TUBB2B"
"GO:0001659","temperature homeostasis","1/181","21/14546",1,0.231358350993213,0.391145413549676,"SQSTM1"
"GO:0006906","vesicle fusion","1/181","21/14546",1,0.231358350993213,0.391145413549676,"CORO1A"
"GO:0008361","regulation of cell size","1/181","21/14546",1,0.231358350993213,0.391145413549676,"XK"
"GO:0010821","regulation of mitochondrion organization","1/181","21/14546",1,0.231358350993213,0.391145413549676,"SQSTM1"
"GO:0018230","peptidyl-L-cysteine S-palmitoylation","1/181","21/14546",1,0.231358350993213,0.391145413549676,"ZDHHC24"
"GO:0019226","transmission of nerve impulse","1/181","21/14546",1,0.231358350993213,0.391145413549676,"SPTBN4"
"GO:0021542","dentate gyrus development","1/181","21/14546",1,0.231358350993213,0.391145413549676,"PROX1"
"GO:0021983","pituitary gland development","1/181","21/14546",1,0.231358350993213,0.391145413549676,"PITX1"
"GO:0031589","cell-substrate adhesion","1/181","21/14546",1,0.231358350993213,0.391145413549676,"CORO1A"
"GO:0034341","response to type II interferon","1/181","21/14546",1,0.231358350993213,0.391145413549676,"SLC22A5"
"GO:0043113","receptor clustering","1/181","21/14546",1,0.231358350993213,0.391145413549676,"AGRN"
"GO:0043254","regulation of protein-containing complex assembly","1/181","21/14546",1,0.231358350993213,0.391145413549676,"BBS10"
"GO:0046856","phosphatidylinositol dephosphorylation","1/181","21/14546",1,0.231358350993213,0.391145413549676,"INPP4B"
"GO:0046928","regulation of neurotransmitter secretion","1/181","21/14546",1,0.231358350993213,0.391145413549676,"CHRNB4"
"GO:0071276","cellular response to cadmium ion","1/181","21/14546",1,0.231358350993213,0.391145413549676,"HMOX1"
"GO:0006506","GPI anchor biosynthetic process","1/181","22/14546",1,0.240936604932644,0.398032352612803,"CWH43"
"GO:0007190","activation of adenylate cyclase activity","1/181","22/14546",1,0.240936604932644,0.398032352612803,"EDNRA"
"GO:0009880","embryonic pattern specification","1/181","22/14546",1,0.240936604932644,0.398032352612803,"IHH"
"GO:0010033","response to organic substance","1/181","22/14546",1,0.240936604932644,0.398032352612803,"TRPA1"
"GO:0010800","positive regulation of peptidyl-threonine phosphorylation","1/181","22/14546",1,0.240936604932644,0.398032352612803,"SPHK1"
"GO:0019222","regulation of metabolic process","1/181","22/14546",1,0.240936604932644,0.398032352612803,"LPAR2"
"GO:0032148","activation of protein kinase B activity","1/181","22/14546",1,0.240936604932644,0.398032352612803,"NTF3"
"GO:0032727","positive regulation of interferon-alpha production","1/181","22/14546",1,0.240936604932644,0.398032352612803,"TLR4"
"GO:0036092","phosphatidylinositol-3-phosphate biosynthetic process","1/181","22/14546",1,0.240936604932644,0.398032352612803,"INPP4B"
"GO:0060907","positive regulation of macrophage cytokine production","1/181","22/14546",1,0.240936604932644,0.398032352612803,"TLR4"
"GO:0097150","neuronal stem cell population maintenance","1/181","22/14546",1,0.240936604932644,0.398032352612803,"PROX1"
"GO:1900273","positive regulation of long-term synaptic potentiation","1/181","22/14546",1,0.240936604932644,0.398032352612803,"SQSTM1"
"GO:1903861","positive regulation of dendrite extension","1/181","22/14546",1,0.240936604932644,0.398032352612803,"RNF157"
"GO:0002250","adaptive immune response","3/181","137/14546",3,0.243142195708119,0.400971340290582,"ARG2/LILRB4/PAG1"
"GO:0001708","cell fate specification","1/181","23/14546",1,0.250396152888247,0.403726215634567,"IHH"
"GO:0002053","positive regulation of mesenchymal cell proliferation","1/181","23/14546",1,0.250396152888247,0.403726215634567,"IHH"
"GO:0005977","glycogen metabolic process","1/181","23/14546",1,0.250396152888247,0.403726215634567,"PPP1R3B"
"GO:0007271","synaptic transmission, cholinergic","1/181","23/14546",1,0.250396152888247,0.403726215634567,"CHRNB4"
"GO:0009312","oligosaccharide biosynthetic process","1/181","23/14546",1,0.250396152888247,0.403726215634567,"FUT4"
"GO:0035567","non-canonical Wnt signaling pathway","1/181","23/14546",1,0.250396152888247,0.403726215634567,"SFRP5"
"GO:0046329","negative regulation of JNK cascade","1/181","23/14546",1,0.250396152888247,0.403726215634567,"SH3RF2"
"GO:0050482","arachidonic acid secretion","1/181","23/14546",1,0.250396152888247,0.403726215634567,"PLA2G5"
"GO:0050860","negative regulation of T cell receptor signaling pathway","1/181","23/14546",1,0.250396152888247,0.403726215634567,"LILRB4"
"GO:0051894","positive regulation of focal adhesion assembly","1/181","23/14546",1,0.250396152888247,0.403726215634567,"FMN1"
"GO:0055010","ventricular cardiac muscle tissue morphogenesis","1/181","23/14546",1,0.250396152888247,0.403726215634567,"PROX1"
"GO:0060586","multicellular organismal-level iron ion homeostasis","1/181","23/14546",1,0.250396152888247,0.403726215634567,"HMOX1"
"GO:0071577","zinc ion transmembrane transport","1/181","23/14546",1,0.250396152888247,0.403726215634567,"SLC39A6"
"GO:0007626","locomotory behavior","2/181","78/14546",2,0.253302762125994,0.40771334999732,"ALDH1A3/CHRNB4"
"GO:0006631","fatty acid metabolic process","2/181","79/14546",2,0.257919887256386,0.41312038996197,"ACOT4/PLA2G5"
"GO:0032967","positive regulation of collagen biosynthetic process","1/181","24/14546",1,0.259738457944175,0.41312038996197,"IHH"
"GO:0042908","xenobiotic transport","1/181","24/14546",1,0.259738457944175,0.41312038996197,"SLC22A3"
"GO:0046697","decidualization","1/181","24/14546",1,0.259738457944175,0.41312038996197,"TCF23"
"GO:0072593","reactive oxygen species metabolic process","1/181","24/14546",1,0.259738457944175,0.41312038996197,"PDK4"
"GO:0099560","synaptic membrane adhesion","1/181","24/14546",1,0.259738457944175,0.41312038996197,"GPC4"
"GO:1902042","negative regulation of extrinsic apoptotic signaling pathway via death domain receptors","1/181","24/14546",1,0.259738457944175,0.41312038996197,"HMOX1"
"GO:0016477","cell migration","4/181","209/14546",4,0.262931769729322,0.416480009797158,"CORO1A/GPC4/IL12A/SPATA13"
"GO:0010468","regulation of gene expression","3/181","143/14546",3,0.263179921084587,0.416480009797158,"IHH/KDM4A/PROX1"
"GO:0043410","positive regulation of MAPK cascade","3/181","143/14546",3,0.263179921084587,0.416480009797158,"GPR37L1/LPAR2/TMEM106A"
"GO:0150104","transport across blood-brain barrier","2/181","81/14546",2,0.267157395303893,0.416519056566877,"SLC22A3/SLC22A5"
"GO:0001774","microglial cell activation","1/181","25/14546",1,0.268964965251164,0.416519056566877,"IFNGR2"
"GO:0002092","positive regulation of receptor internalization","1/181","25/14546",1,0.268964965251164,0.416519056566877,"NTF3"
"GO:0002224","toll-like receptor signaling pathway","1/181","25/14546",1,0.268964965251164,0.416519056566877,"TLR4"
"GO:0032740","positive regulation of interleukin-17 production","1/181","25/14546",1,0.268964965251164,0.416519056566877,"SPHK1"
"GO:0035904","aorta development","1/181","25/14546",1,0.268964965251164,0.416519056566877,"EDNRA"
"GO:0045453","bone resorption","1/181","25/14546",1,0.268964965251164,0.416519056566877,"IHH"
"GO:0045742","positive regulation of epidermal growth factor receptor signaling pathway","1/181","25/14546",1,0.268964965251164,0.416519056566877,"AFAP1L2"
"GO:0048741","skeletal muscle fiber development","1/181","25/14546",1,0.268964965251164,0.416519056566877,"XK"
"GO:0051491","positive regulation of filopodium assembly","1/181","25/14546",1,0.268964965251164,0.416519056566877,"AGRN"
"GO:0071897","DNA biosynthetic process","1/181","25/14546",1,0.268964965251164,0.416519056566877,"SPHK1"
"GO:1900017","positive regulation of cytokine production involved in inflammatory response","1/181","25/14546",1,0.268964965251164,0.416519056566877,"TLR4"
"GO:1902894","negative regulation of miRNA transcription","1/181","25/14546",1,0.268964965251164,0.416519056566877,"LILRB4"
"GO:0007229","integrin-mediated signaling pathway","2/181","82/14546",2,0.271776308629348,0.420180477157216,"ADAM15/FERMT3"
"GO:0006261","DNA-templated DNA replication","1/181","26/14546",1,0.278077102245141,0.425720645130998,"WDHD1"
"GO:0006306","DNA methylation","1/181","26/14546",1,0.278077102245141,0.425720645130998,"BEND3"
"GO:0019933","cAMP-mediated signaling","1/181","26/14546",1,0.278077102245141,0.425720645130998,"PDE7A"
"GO:0032703","negative regulation of interleukin-2 production","1/181","26/14546",1,0.278077102245141,0.425720645130998,"LILRB4"
"GO:0035924","cellular response to vascular endothelial growth factor stimulus","1/181","26/14546",1,0.278077102245141,0.425720645130998,"SPHK1"
"GO:0036297","interstrand cross-link repair","1/181","26/14546",1,0.278077102245141,0.425720645130998,"DCLRE1A"
"GO:0051897","positive regulation of phosphatidylinositol 3-kinase/protein kinase B signal transduction","3/181","148/14546",3,0.280033533572031,0.428018734240177,"EXTL3/MFHAS1/SELP"
"GO:0030855","epithelial cell differentiation","2/181","84/14546",2,0.281010913702163,0.42881535532473,"DNPH1/KRT16"
"GO:0018105","peptidyl-serine phosphorylation","3/181","149/14546",3,0.283417344534138,0.431073006599632,"MAPK12/TTK/ULK3"
"GO:0001676","long-chain fatty acid metabolic process","1/181","27/14546",1,0.287076278863159,0.431073006599632,"ACOT4"
"GO:0001935","endothelial cell proliferation","1/181","27/14546",1,0.287076278863159,0.431073006599632,"HMOX1"
"GO:0006401","RNA catabolic process","1/181","27/14546",1,0.287076278863159,0.431073006599632,"EXOSC6"
"GO:0007094","mitotic spindle assembly checkpoint signaling","1/181","27/14546",1,0.287076278863159,0.431073006599632,"TTK"
"GO:0007585","respiratory gaseous exchange by respiratory system","1/181","27/14546",1,0.287076278863159,0.431073006599632,"EDNRA"
"GO:0015914","phospholipid transport","1/181","27/14546",1,0.287076278863159,0.431073006599632,"PCTP"
"GO:0031297","replication fork processing","1/181","27/14546",1,0.287076278863159,0.431073006599632,"ZRANB3"
"GO:0048705","skeletal system morphogenesis","1/181","27/14546",1,0.287076278863159,0.431073006599632,"FMN1"
"GO:0048714","positive regulation of oligodendrocyte differentiation","1/181","27/14546",1,0.287076278863159,0.431073006599632,"TNFRSF1B"
"GO:0007517","muscle organ development","2/181","86/14546",2,0.290236705161354,0.434696960142699,"MAPK12/TCF23"
"GO:0001525","angiogenesis","4/181","219/14546",4,0.290568687953598,0.434696960142699,"ADAM15/ECM1/HMOX1/SOX18"
"GO:0032755","positive regulation of interleukin-6 production","2/181","87/14546",2,0.294844664517637,0.434696960142699,"TLR4/TMEM106A"
"GO:0006958","complement activation, classical pathway","1/181","28/14546",1,0.295963887756731,0.434696960142699,"CFI"
"GO:0007214","gamma-aminobutyric acid signaling pathway","1/181","28/14546",1,0.295963887756731,0.434696960142699,"PLCL1"
"GO:0019228","neuronal action potential","1/181","28/14546",1,0.295963887756731,0.434696960142699,"CHRNB4"
"GO:0021915","neural tube development","1/181","28/14546",1,0.295963887756731,0.434696960142699,"PROX1"
"GO:0035116","embryonic hindlimb morphogenesis","1/181","28/14546",1,0.295963887756731,0.434696960142699,"PITX1"
"GO:0040018","positive regulation of multicellular organism growth","1/181","28/14546",1,0.295963887756731,0.434696960142699,"SPTBN4"
"GO:0043122","regulation of canonical NF-kappaB signal transduction","1/181","28/14546",1,0.295963887756731,0.434696960142699,"SQSTM1"
"GO:0045664","regulation of neuron differentiation","1/181","28/14546",1,0.295963887756731,0.434696960142699,"NTF3"
"GO:0048843","negative regulation of axon extension involved in axon guidance","1/181","28/14546",1,0.295963887756731,0.434696960142699,"SEMA4F"
"GO:0048873","homeostasis of number of cells within a tissue","1/181","28/14546",1,0.295963887756731,0.434696960142699,"CORO1A"
"GO:0060612","adipose tissue development","1/181","28/14546",1,0.295963887756731,0.434696960142699,"AMER1"
"GO:0060070","canonical Wnt signaling pathway","2/181","89/14546",2,0.304047590740659,0.440702809588327,"EDNRA/SFRP5"
"GO:0000070","mitotic sister chromatid segregation","1/181","29/14546",1,0.304741304502566,0.440702809588327,"SPAG5"
"GO:0001818","negative regulation of cytokine production","1/181","29/14546",1,0.304741304502566,0.440702809588327,"FFAR4"
"GO:0030878","thyroid gland development","1/181","29/14546",1,0.304741304502566,0.440702809588327,"EDNRA"
"GO:0032008","positive regulation of TOR signaling","1/181","29/14546",1,0.304741304502566,0.440702809588327,"WDR24"
"GO:0045787","positive regulation of cell cycle","1/181","29/14546",1,0.304741304502566,0.440702809588327,"PROX1"
"GO:0045840","positive regulation of mitotic nuclear division","1/181","29/14546",1,0.304741304502566,0.440702809588327,"SPHK1"
"GO:0061436","establishment of skin barrier","1/181","29/14546",1,0.304741304502566,0.440702809588327,"KRT16"
"GO:0097421","liver regeneration","1/181","29/14546",1,0.304741304502566,0.440702809588327,"IHH"
"GO:2001238","positive regulation of extrinsic apoptotic signaling pathway","1/181","29/14546",1,0.304741304502566,0.440702809588327,"TLR4"
"GO:0007160","cell-matrix adhesion","2/181","91/14546",2,0.31322921807578,0.448409885147814,"ADAM15/FERMT3"
"GO:0001975","response to amphetamine","1/181","30/14546",1,0.313409887810759,0.448409885147814,"EDNRA"
"GO:0009409","response to cold","1/181","30/14546",1,0.313409887810759,0.448409885147814,"TRPA1"
"GO:0034332","adherens junction organization","1/181","30/14546",1,0.313409887810759,0.448409885147814,"DSP"
"GO:0045931","positive regulation of mitotic cell cycle","1/181","30/14546",1,0.313409887810759,0.448409885147814,"SPHK1"
"GO:0048706","embryonic skeletal system development","1/181","30/14546",1,0.313409887810759,0.448409885147814,"EDNRA"
"GO:1905606","regulation of presynapse assembly","1/181","30/14546",1,0.313409887810759,0.448409885147814,"GPC4"
"GO:0001764","neuron migration","2/181","92/14546",2,0.31781061124153,0.454015158916472,"GFRA3/TUBB2B"
"GO:0001958","endochondral ossification","1/181","31/14546",1,0.321970979730451,0.45433566723266,"TMEM119"
"GO:0007389","pattern specification process","1/181","31/14546",1,0.321970979730451,0.45433566723266,"HOXD12"
"GO:0007628","adult walking behavior","1/181","31/14546",1,0.321970979730451,0.45433566723266,"SPTBN4"
"GO:0009966","regulation of signal transduction","1/181","31/14546",1,0.321970979730451,0.45433566723266,"GPC4"
"GO:0032570","response to progesterone","1/181","31/14546",1,0.321970979730451,0.45433566723266,"DSG1"
"GO:0042542","response to hydrogen peroxide","1/181","31/14546",1,0.321970979730451,0.45433566723266,"HMOX1"
"GO:0043029","T cell homeostasis","1/181","31/14546",1,0.321970979730451,0.45433566723266,"CORO1A"
"GO:0045765","regulation of angiogenesis","1/181","31/14546",1,0.321970979730451,0.45433566723266,"HMOX1"
"GO:0032760","positive regulation of tumor necrosis factor production","2/181","93/14546",2,0.322384989408707,0.45433566723266,"TLR4/TMEM106A"
"GO:0007032","endosome organization","1/181","32/14546",1,0.330425905853,0.461516124074027,"SQSTM1"
"GO:0030041","actin filament polymerization","1/181","32/14546",1,0.330425905853,0.461516124074027,"WASF1"
"GO:0030100","regulation of endocytosis","1/181","32/14546",1,0.330425905853,0.461516124074027,"SPHK1"
"GO:0045429","positive regulation of nitric oxide biosynthetic process","1/181","32/14546",1,0.330425905853,0.461516124074027,"TLR4"
"GO:0048675","axon extension","1/181","32/14546",1,0.330425905853,0.461516124074027,"EDNRA"
"GO:0050873","brown fat cell differentiation","1/181","32/14546",1,0.330425905853,0.461516124074027,"FFAR4"
"GO:0006470","protein dephosphorylation","2/181","95/14546",2,0.33151058356538,0.461659183039196,"PPM1H/PTPN7"
"GO:0090263","positive regulation of canonical Wnt signaling pathway","2/181","95/14546",2,0.33151058356538,0.461659183039196,"AMER1/WNK2"
"GO:0045892","negative regulation of DNA-templated transcription","7/181","452/14546",7,0.332229299032378,0.461975652500644,"KDM4A/LANCL2/NFIL3/PITX1/PROX1/SOX18/ZNF777"
"GO:0001657","ureteric bud development","1/181","33/14546",1,0.338775975512681,0.466934629005747,"ARG2"
"GO:0006644","phospholipid metabolic process","1/181","33/14546",1,0.338775975512681,0.466934629005747,"PLA2G5"
"GO:0006865","amino acid transport","1/181","33/14546",1,0.338775975512681,0.466934629005747,"XK"
"GO:0032728","positive regulation of interferon-beta production","1/181","33/14546",1,0.338775975512681,0.466934629005747,"TLR4"
"GO:0060173","limb development","1/181","33/14546",1,0.338775975512681,0.466934629005747,"KREMEN1"
"GO:2000781","positive regulation of double-strand break repair","1/181","33/14546",1,0.338775975512681,0.466934629005747,"SPIDR"
"GO:0006955","immune response","4/181","237/14546",4,0.341159226136608,0.469530999368099,"IL12A/NFIL3/TLR4/TNFRSF1B"
"GO:0001890","placenta development","1/181","34/14546",1,0.347022481984961,0.474129553874801,"HSD17B2"
"GO:0015701","bicarbonate transport","1/181","34/14546",1,0.347022481984961,0.474129553874801,"SLC39A6"
"GO:0031669","cellular response to nutrient levels","1/181","34/14546",1,0.347022481984961,0.474129553874801,"WDR24"
"GO:0043588","skin development","1/181","34/14546",1,0.347022481984961,0.474129553874801,"DSP"
"GO:0071526","semaphorin-plexin signaling pathway","1/181","34/14546",1,0.347022481984961,0.474129553874801,"SEMA4F"
"GO:0002376","immune system process","1/181","35/14546",1,0.355166702682364,0.480369353268234,"SQSTM1"
"GO:0008202","steroid metabolic process","1/181","35/14546",1,0.355166702682364,0.480369353268234,"HSD17B2"
"GO:0030574","collagen catabolic process","1/181","35/14546",1,0.355166702682364,0.480369353268234,"ADAM15"
"GO:0031663","lipopolysaccharide-mediated signaling pathway","1/181","35/14546",1,0.355166702682364,0.480369353268234,"TLR4"
"GO:0060412","ventricular septum morphogenesis","1/181","35/14546",1,0.355166702682364,0.480369353268234,"PROX1"
"GO:0071479","cellular response to ionizing radiation","1/181","35/14546",1,0.355166702682364,0.480369353268234,"SPIDR"
"GO:1904646","cellular response to amyloid-beta","1/181","35/14546",1,0.355166702682364,0.480369353268234,"TLR4"
"GO:0001974","blood vessel remodeling","1/181","36/14546",1,0.363209899347962,0.484967763333927,"EDNRA"
"GO:0009411","response to UV","1/181","36/14546",1,0.363209899347962,0.484967763333927,"ZRANB3"
"GO:0030030","cell projection organization","1/181","36/14546",1,0.363209899347962,0.484967763333927,"CEP97"
"GO:0030501","positive regulation of bone mineralization","1/181","36/14546",1,0.363209899347962,0.484967763333927,"TMEM119"
"GO:0031424","keratinization","1/181","36/14546",1,0.363209899347962,0.484967763333927,"KRT16"
"GO:0042098","T cell proliferation","1/181","36/14546",1,0.363209899347962,0.484967763333927,"CORO1A"
"GO:0043409","negative regulation of MAPK cascade","1/181","36/14546",1,0.363209899347962,0.484967763333927,"LILRB4"
"GO:0051604","protein maturation","1/181","36/14546",1,0.363209899347962,0.484967763333927,"TASP1"
"GO:0060048","cardiac muscle contraction","1/181","36/14546",1,0.363209899347962,0.484967763333927,"SCN5A"
"GO:0006836","neurotransmitter transport","1/181","37/14546",1,0.371153318246516,0.491943353580812,"SLC22A3"
"GO:0019233","sensory perception of pain","1/181","37/14546",1,0.371153318246516,0.491943353580812,"TRPA1"
"GO:0032733","positive regulation of interleukin-10 production","1/181","37/14546",1,0.371153318246516,0.491943353580812,"TLR4"
"GO:0032870","cellular response to hormone stimulus","1/181","37/14546",1,0.371153318246516,0.491943353580812,"FFAR4"
"GO:1904262","negative regulation of TORC1 signaling","1/181","37/14546",1,0.371153318246516,0.491943353580812,"WDR24"
"GO:0001822","kidney development","2/181","104/14546",2,0.372097579144635,0.491943353580812,"ANKS6/PROX1"
"GO:0006364","rRNA processing","2/181","104/14546",2,0.372097579144635,0.491943353580812,"EXOSC6/RRP12"
"GO:0035725","sodium ion transmembrane transport","2/181","105/14546",2,0.376550089833005,0.497130736577282,"SCN5A/SCN7A"
"GO:0006633","fatty acid biosynthetic process","1/181","38/14546",1,0.378998190353304,0.497567456609086,"ACOT4"
"GO:0006913","nucleocytoplasmic transport","1/181","38/14546",1,0.378998190353304,0.497567456609086,"NUP188"
"GO:0035094","response to nicotine","1/181","38/14546",1,0.378998190353304,0.497567456609086,"HMOX1"
"GO:0050919","negative chemotaxis","1/181","38/14546",1,0.378998190353304,0.497567456609086,"SEMA4F"
"GO:0000165","MAPK cascade","2/181","106/14546",2,0.3809896924075,0.499484394509135,"MAPK12/PTPN7"
"GO:0005975","carbohydrate metabolic process","2/181","107/14546",2,0.385416018924699,0.50351937347398,"FUT4/LANCL2"
"GO:0001568","blood vessel development","1/181","39/14546",1,0.386745731540653,0.50351937347398,"SPHK1"
"GO:0001942","hair follicle development","1/181","39/14546",1,0.386745731540653,0.50351937347398,"SOX18"
"GO:0002088","lens development in camera-type eye","1/181","39/14546",1,0.386745731540653,0.50351937347398,"PROX1"
"GO:0007163","establishment or maintenance of cell polarity","1/181","39/14546",1,0.386745731540653,0.50351937347398,"SFRP5"
"GO:0007157","heterophilic cell-cell adhesion via plasma membrane cell adhesion molecules","1/181","40/14546",1,0.39439714276221,0.509949538096943,"SELP"
"GO:0007405","neuroblast proliferation","1/181","40/14546",1,0.39439714276221,0.509949538096943,"PROX1"
"GO:0021549","cerebellum development","1/181","40/14546",1,0.39439714276221,0.509949538096943,"SCN5A"
"GO:0034198","cellular response to amino acid starvation","1/181","40/14546",1,0.39439714276221,0.509949538096943,"WDR24"
"GO:0140374","antiviral innate immune response","1/181","40/14546",1,0.39439714276221,0.509949538096943,"MX1"
"GO:0016310","phosphorylation","4/181","258/14546",4,0.400471437742366,0.516784027769128,"PDK4/RPS6KL1/SPHK1/TTK"
"GO:0031623","receptor internalization","1/181","41/14546",1,0.401953610234983,0.516784027769128,"LILRB4"
"GO:0032735","positive regulation of interleukin-12 production","1/181","41/14546",1,0.401953610234983,0.516784027769128,"TLR4"
"GO:0050766","positive regulation of phagocytosis","1/181","41/14546",1,0.401953610234983,0.516784027769128,"PLA2G5"
"GO:0001649","osteoblast differentiation","2/181","111/14546",2,0.402981587611459,0.516784027769128,"IHH/TMEM119"
"GO:0070588","calcium ion transmembrane transport","2/181","111/14546",2,0.402981587611459,0.516784027769128,"EDNRA/TRPA1"
"GO:0007043","cell-cell junction assembly","1/181","42/14546",1,0.409416305619159,0.520069361191904,"DSG1"
"GO:0022617","extracellular matrix disassembly","1/181","42/14546",1,0.409416305619159,0.520069361191904,"ADAM15"
"GO:0030148","sphingolipid biosynthetic process","1/181","42/14546",1,0.409416305619159,0.520069361191904,"SPHK1"
"GO:0030890","positive regulation of B cell proliferation","1/181","42/14546",1,0.409416305619159,0.520069361191904,"TLR4"
"GO:0032526","response to retinoic acid","1/181","42/14546",1,0.409416305619159,0.520069361191904,"HSD17B2"
"GO:0050885","neuromuscular process controlling balance","1/181","42/14546",1,0.409416305619159,0.520069361191904,"ALDH1A3"
"GO:0051898","negative regulation of phosphatidylinositol 3-kinase/protein kinase B signal transduction","1/181","42/14546",1,0.409416305619159,0.520069361191904,"SFRP5"
"GO:0000226","microtubule cytoskeleton organization","2/181","113/14546",2,0.411675940771041,0.52153016755361,"TUBA8/TUBB2B"
"GO:0009653","anatomical structure morphogenesis","2/181","113/14546",2,0.411675940771041,0.52153016755361,"PITX1/SFRP5"
"GO:0043066","negative regulation of apoptotic process","6/181","415/14546",6,0.413339464754557,0.521676701762994,"FFAR4/IHH/RNF157/SERPINB2/SH3RF2/SPHK1"
"GO:0030036","actin cytoskeleton organization","3/181","188/14546",3,0.415487264538369,0.521676701762994,"CORO1A/SPTBN4/WASF1"
"GO:0007188","adenylate cyclase-modulating G protein-coupled receptor signaling pathway","1/181","43/14546",1,0.416786386195754,0.521676701762994,"GNAL"
"GO:0030178","negative regulation of Wnt signaling pathway","1/181","43/14546",1,0.416786386195754,0.521676701762994,"SFRP5"
"GO:0034605","cellular response to heat","1/181","43/14546",1,0.416786386195754,0.521676701762994,"HMOX1"
"GO:0042552","myelination","1/181","43/14546",1,0.416786386195754,0.521676701762994,"XK"
"GO:0042572","retinol metabolic process","1/181","43/14546",1,0.416786386195754,0.521676701762994,"ALDH1A3"
"GO:0097009","energy homeostasis","1/181","43/14546",1,0.416786386195754,0.521676701762994,"SQSTM1"
"GO:1904263","positive regulation of TORC1 signaling","1/181","43/14546",1,0.416786386195754,0.521676701762994,"WDR24"
"GO:0019221","cytokine-mediated signaling pathway","2/181","115/14546",2,0.420308086660302,0.523812214638074,"IFNGR2/LILRB4"
"GO:0007267","cell-cell signaling","3/181","190/14546",3,0.422125377179313,0.523812214638074,"IHH/NTF3/SEMA4F"
"GO:0003151","outflow tract morphogenesis","1/181","44/14546",1,0.424064995042101,0.523812214638074,"SOX18"
"GO:0006486","protein glycosylation","1/181","44/14546",1,0.424064995042101,0.523812214638074,"FUT4"
"GO:0006487","protein N-linked glycosylation","1/181","44/14546",1,0.424064995042101,0.523812214638074,"GFPT2"
"GO:0006661","phosphatidylinositol biosynthetic process","1/181","44/14546",1,0.424064995042101,0.523812214638074,"INPP4B"
"GO:0009566","fertilization","1/181","44/14546",1,0.424064995042101,0.523812214638074,"SPTBN4"
"GO:0030838","positive regulation of actin filament polymerization","1/181","44/14546",1,0.424064995042101,0.523812214638074,"FMN1"
"GO:0031334","positive regulation of protein-containing complex assembly","1/181","44/14546",1,0.424064995042101,0.523812214638074,"SPIDR"
"GO:0070527","platelet aggregation","1/181","44/14546",1,0.424064995042101,0.523812214638074,"FERMT3"
"GO:0043547","positive regulation of GTPase activity","2/181","117/14546",2,0.428875779253673,0.52852420538839,"AGRN/RALGPS1"
"GO:0008630","intrinsic apoptotic signaling pathway in response to DNA damage","1/181","45/14546",1,0.431253261205208,0.52852420538839,"TNFRSF1B"
"GO:0034097","response to cytokine","1/181","45/14546",1,0.431253261205208,0.52852420538839,"SELP"
"GO:0043124","negative regulation of canonical NF-kappaB signal transduction","1/181","45/14546",1,0.431253261205208,0.52852420538839,"LILRB4"
"GO:0045786","negative regulation of cell cycle","1/181","45/14546",1,0.431253261205208,0.52852420538839,"MAPK12"
"GO:0070371","ERK1 and ERK2 cascade","1/181","45/14546",1,0.431253261205208,0.52852420538839,"TLR4"
"GO:0030336","negative regulation of cell migration","2/181","118/14546",2,0.433134794242682,0.530138940869949,"ADAM15/KRT16"
"GO:0065003","protein-containing complex assembly","2/181","119/14546",2,0.4373769202727,0.531678918555656,"SPTBN4/WASF1"
"GO:0001755","neural crest cell migration","1/181","46/14546",1,0.438352299873014,0.531678918555656,"SEMA4F"
"GO:0001837","epithelial to mesenchymal transition","1/181","46/14546",1,0.438352299873014,0.531678918555656,"SLC39A6"
"GO:0006612","protein targeting to membrane","1/181","46/14546",1,0.438352299873014,0.531678918555656,"ZDHHC24"
"GO:0030218","erythrocyte differentiation","1/181","46/14546",1,0.438352299873014,0.531678918555656,"MFHAS1"
"GO:0032981","mitochondrial respiratory chain complex I assembly","1/181","46/14546",1,0.438352299873014,0.531678918555656,"TMEM126A"
"GO:0050877","nervous system process","1/181","46/14546",1,0.438352299873014,0.531678918555656,"CHRNB4"
"GO:0010507","negative regulation of autophagy","1/181","47/14546",1,0.445363212543564,0.537408754545508,"KDM4A"
"GO:0034446","substrate adhesion-dependent cell spreading","1/181","47/14546",1,0.445363212543564,0.537408754545508,"FERMT3"
"GO:0050808","synapse organization","1/181","47/14546",1,0.445363212543564,0.537408754545508,"AGRN"
"GO:0051028","mRNA transport","1/181","47/14546",1,0.445363212543564,0.537408754545508,"NUP188"
"GO:0007368","determination of left/right symmetry","1/181","48/14546",1,0.452287087192134,0.544366020436116,"ANKS6"
"GO:0048666","neuron development","1/181","48/14546",1,0.452287087192134,0.544366020436116,"IHH"
"GO:0006508","proteolysis","5/181","355/14546",5,0.453603379986948,0.545252144741344,"ADAM15/AGBL3/CFI/KLK11/TASP1"
"GO:0009612","response to mechanical stimulus","1/181","49/14546",1,0.459124998436321,0.550481503227222,"IHH"
"GO:0048146","positive regulation of fibroblast proliferation","1/181","49/14546",1,0.459124998436321,0.550481503227222,"SPHK1"
"GO:0043524","negative regulation of neuron apoptotic process","2/181","125/14546",2,0.462462145561272,0.553776327168911,"CORO1A/NTF3"
"GO:0033209","tumor necrosis factor-mediated signaling pathway","1/181","50/14546",1,0.465878007699136,0.555038437562976,"TNFRSF1B"
"GO:0048812","neuron projection morphogenesis","1/181","50/14546",1,0.465878007699136,0.555038437562976,"NTF3"
"GO:0051209","release of sequestered calcium ion into cytosol","1/181","50/14546",1,0.465878007699136,0.555038437562976,"TRPA1"
"GO:0090398","cellular senescence","1/181","50/14546",1,0.465878007699136,0.555038437562976,"ULK3"
"GO:0007052","mitotic spindle organization","1/181","51/14546",1,0.472547163370111,0.55803308237174,"TTK"
"GO:0009060","aerobic respiration","1/181","51/14546",1,0.472547163370111,0.55803308237174,"SIRT3"
"GO:0016197","endosomal transport","1/181","51/14546",1,0.472547163370111,0.55803308237174,"SQSTM1"
"GO:0030163","protein catabolic process","1/181","51/14546",1,0.472547163370111,0.55803308237174,"SQSTM1"
"GO:0042472","inner ear morphogenesis","1/181","51/14546",1,0.472547163370111,0.55803308237174,"ALDH1A3"
"GO:1903078","positive regulation of protein localization to plasma membrane","1/181","51/14546",1,0.472547163370111,0.55803308237174,"SQSTM1"
"GO:1905515","non-motile cilium assembly","1/181","51/14546",1,0.472547163370111,0.55803308237174,"BBS10"
"GO:0006986","response to unfolded protein","1/181","52/14546",1,0.479133500964455,0.562981863633235,"HSPB3"
"GO:0045785","positive regulation of cell adhesion","1/181","52/14546",1,0.479133500964455,0.562981863633235,"IL12A"
"GO:0060041","retina development in camera-type eye","1/181","52/14546",1,0.479133500964455,0.562981863633235,"MDM1"
"GO:0060348","bone development","1/181","52/14546",1,0.479133500964455,0.562981863633235,"AMER1"
"GO:0001570","vasculogenesis","1/181","53/14546",1,0.485638043280271,0.568492852656855,"SOX18"
"GO:0007254","JNK cascade","1/181","53/14546",1,0.485638043280271,0.568492852656855,"TLR4"
"GO:0045665","negative regulation of neuron differentiation","1/181","53/14546",1,0.485638043280271,0.568492852656855,"GPR37L1"
"GO:0051092","positive regulation of NF-kappaB transcription factor activity","2/181","132/14546",2,0.490889505469539,0.573157487634,"SPHK1/TLR4"
"GO:0006869","lipid transport","1/181","54/14546",1,0.49206180055387,0.573157487634,"PCTP"
"GO:0010595","positive regulation of endothelial cell migration","1/181","54/14546",1,0.49206180055387,0.573157487634,"PROX1"
"GO:0050896","response to stimulus","1/181","54/14546",1,0.49206180055387,0.573157487634,"BBS10"
"GO:0009611","response to wounding","1/181","55/14546",1,0.498405770613196,0.577683630550436,"EDNRA"
"GO:0042102","positive regulation of T cell proliferation","1/181","55/14546",1,0.498405770613196,0.577683630550436,"CORO1A"
"GO:0045165","cell fate commitment","1/181","55/14546",1,0.498405770613196,0.577683630550436,"PRDM4"
"GO:0051865","protein autoubiquitination","1/181","55/14546",1,0.498405770613196,0.577683630550436,"SH3RF2"
"GO:0002931","response to ischemia","1/181","56/14546",1,0.504670939029386,0.57923160279319,"SQSTM1"
"GO:0006417","regulation of translation","1/181","56/14546",1,0.504670939029386,0.57923160279319,"PIWIL4"
"GO:0006879","intracellular iron ion homeostasis","1/181","56/14546",1,0.504670939029386,0.57923160279319,"HMOX1"
"GO:0006952","defense response","1/181","56/14546",1,0.504670939029386,0.57923160279319,"MX1"
"GO:0007346","regulation of mitotic cell cycle","1/181","56/14546",1,0.504670939029386,0.57923160279319,"AFAP1L2"
"GO:0014070","response to organic cyclic compound","1/181","56/14546",1,0.504670939029386,0.57923160279319,"TRPA1"
"GO:0032024","positive regulation of insulin secretion","1/181","56/14546",1,0.504670939029386,0.57923160279319,"SIRT3"
"GO:0051216","cartilage development","1/181","56/14546",1,0.504670939029386,0.57923160279319,"PITX1"
"GO:0000045","autophagosome assembly","1/181","57/14546",1,0.510858279266493,0.58348333233354,"ULK3"
"GO:0007249","canonical NF-kappaB signal transduction","1/181","57/14546",1,0.510858279266493,0.58348333233354,"EDNRA"
"GO:0042475","odontogenesis of dentin-containing tooth","1/181","57/14546",1,0.510858279266493,0.58348333233354,"SCN5A"
"GO:0042531","positive regulation of tyrosine phosphorylation of STAT protein","1/181","57/14546",1,0.510858279266493,0.58348333233354,"IL12A"
"GO:0032259","methylation","1/181","58/14546",1,0.516968752829386,0.589745907353911,"PRDM4"
"GO:0046777","protein autophosphorylation","2/181","140/14546",2,0.52220474715972,0.59499692403653,"ULK3/WNK2"
"GO:0006006","glucose metabolic process","1/181","59/14546",1,0.523003309409859,0.595185364219452,"PDK4"
"GO:0006915","apoptotic process","6/181","467/14546",6,0.526518333390989,0.598460983539939,"ALDH1A3/KREMEN1/MX1/PLAGL1/SFRP5/SQSTM1"
"GO:0002244","hematopoietic progenitor cell differentiation","1/181","60/14546",1,0.528962887030955,0.599066402179635,"TMEM190"
"GO:0042752","regulation of circadian rhythm","1/181","60/14546",1,0.528962887030955,0.599066402179635,"PROX1"
"GO:0060079","excitatory postsynaptic potential","1/181","60/14546",1,0.528962887030955,0.599066402179635,"CHRNB4"
"GO:0030317","flagellated sperm motility","1/181","61/14546",1,0.534848412189549,0.605003017398527,"QRICH2"
"GO:0016567","protein ubiquitination","5/181","392/14546",5,0.540929573504208,0.611146393141774,"ASB7/FBXO30/LNX1/RNF157/SH3RF2"
"GO:0010628","positive regulation of gene expression","5/181","394/14546",5,0.545475370289908,0.615542434660881,"KDM4A/NFIL3/TCF23/TLR4/TMEM119"
"GO:0006898","receptor-mediated endocytosis","1/181","63/14546",1,0.546400954319236,0.615847598393384,"WASF1"
"GO:0071222","cellular response to lipopolysaccharide","2/181","147/14546",2,0.548534820524067,0.617512253045058,"TLR4/TNFRSF1B"
"GO:0008286","insulin receptor signaling pathway","1/181","64/14546",1,0.552069767912291,0.620006668862072,"PDK4"
"GO:0009267","cellular response to starvation","1/181","64/14546",1,0.552069767912291,0.620006668862072,"PDK4"
"GO:0006936","muscle contraction","1/181","65/14546",1,0.557668122559983,0.624800995478408,"SCN7A"
"GO:0021987","cerebral cortex development","1/181","65/14546",1,0.557668122559983,0.624800995478408,"TUBB2B"
"GO:0007005","mitochondrion organization","1/181","66/14546",1,0.563196889207083,0.629494739422899,"EDNRA"
"GO:0008217","regulation of blood pressure","1/181","66/14546",1,0.563196889207083,0.629494739422899,"EDNRA"
"GO:0001503","ossification","1/181","67/14546",1,0.568656928091994,0.634842651314103,"ECM1"
"GO:0045732","positive regulation of protein catabolic process","1/181","69/14546",1,0.579374210780743,0.645274594945377,"AMER1"
"GO:0071260","cellular response to mechanical stimulus","1/181","69/14546",1,0.579374210780743,0.645274594945377,"TLR4"
"GO:0007411","axon guidance","2/181","156/14546",2,0.580877525074298,0.646183282331171,"GFRA3/SEMA4F"
"GO:0007420","brain development","2/181","157/14546",2,0.584365064007976,0.646535453338335,"PROX1/SPHK1"
"GO:0001933","negative regulation of protein phosphorylation","1/181","70/14546",1,0.584633122699558,0.646535453338335,"SH3GL2"
"GO:0006816","calcium ion transport","1/181","70/14546",1,0.584633122699558,0.646535453338335,"CORO1A"
"GO:0032436","positive regulation of proteasomal ubiquitin-dependent protein catabolic process","1/181","70/14546",1,0.584633122699558,0.646535453338335,"SH3RF2"
"GO:0071346","cellular response to type II interferon","1/181","70/14546",1,0.584633122699558,0.646535453338335,"TLR4"
"GO:0008285","negative regulation of cell population proliferation","4/181","328/14546",4,0.585913010440281,0.647189459240734,"PROX1/SFRP5/WNK2/ZNF777"
"GO:0008284","positive regulation of cell population proliferation","5/181","413/14546",5,0.587563685162203,0.648251014146092,"HPSE2/NTF3/PROX1/SAPCD2/TTK"
"GO:0010508","positive regulation of autophagy","1/181","71/14546",1,0.589826643340024,0.648464379812424,"SQSTM1"
"GO:0050830","defense response to Gram-positive bacterium","1/181","71/14546",1,0.589826643340024,0.648464379812424,"IL12A"
"GO:0051402","neuron apoptotic process","1/181","71/14546",1,0.589826643340024,0.648464379812424,"CORO1A"
"GO:0007399","nervous system development","4/181","330/14546",4,0.590732834585311,0.648701944521253,"GFRA3/GPSM1/NTF3/SEMA4F"
"GO:0007596","blood coagulation","1/181","72/14546",1,0.594955581340401,0.652576716989471,"ENPP4"
"GO:0016525","negative regulation of angiogenesis","1/181","73/14546",1,0.600020735394386,0.656600106252297,"AGO1"
"GO:0030324","lung development","1/181","73/14546",1,0.600020735394386,0.656600106252297,"PROX1"
"GO:0007265","Ras protein signal transduction","1/181","74/14546",1,0.605022894372733,0.660536028699616,"RALGPS1"
"GO:0032355","response to estradiol","1/181","74/14546",1,0.605022894372733,0.660536028699616,"IHH"
"GO:0051607","defense response to virus","2/181","164/14546",2,0.608180773579889,0.662849788666805,"IFNGR2/MX1"
"GO:0001889","liver development","1/181","75/14546",1,0.609962837443389,0.662849788666805,"PROX1"
"GO:0007613","memory","1/181","75/14546",1,0.609962837443389,0.662849788666805,"NTF3"
"GO:0009617","response to bacterium","1/181","75/14546",1,0.609962837443389,0.662849788666805,"SCN7A"
"GO:0098609","cell-cell adhesion","2/181","165/14546",2,0.61149769656366,0.663750386570255,"DSG1/DSP"
"GO:0007275","multicellular organism development","1/181","76/14546",1,0.614841334190176,0.666609981705612,"KREMEN1"
"GO:0007286","spermatid development","1/181","77/14546",1,0.619659144730022,0.669516777064622,"TUBA8"
"GO:0033138","positive regulation of peptidyl-serine phosphorylation","1/181","77/14546",1,0.619659144730022,0.669516777064622,"NTF3"
"GO:0042391","regulation of membrane potential","1/181","77/14546",1,0.619659144730022,0.669516777064622,"CHRNB4"
"GO:0035264","multicellular organism growth","1/181","78/14546",1,0.624417019828776,0.673882891663662,"IHH"
"GO:0008150","biological_process","4/181","346/14546",4,0.628091763414863,0.67707139634171,"ARPP21/COTL1/HPSE2/TMEM106A"
"GO:0045666","positive regulation of neuron differentiation","1/181","79/14546",1,0.629115701015601,0.677398349318059,"KDM4A"
"GO:0019722","calcium-mediated signaling","1/181","80/14546",1,0.63375592069599,0.681613919284016,"SPHK1"
"GO:0050731","positive regulation of peptidyl-tyrosine phosphorylation","1/181","82/14546",1,0.64286386020949,0.689831082873197,"NTF3"
"GO:0071277","cellular response to calcium ion","1/181","82/14546",1,0.64286386020949,0.689831082873197,"SCN5A"
"GO:0034599","cellular response to oxidative stress","1/181","83/14546",1,0.647333000233141,0.693044442163044,"EDNRA"
"GO:0090630","activation of GTPase activity","1/181","83/14546",1,0.647333000233141,0.693044442163044,"NTF3"
"GO:0006338","chromatin remodeling","3/181","267/14546",3,0.649120788981274,0.693938305274739,"KDM4A/SIRT3/ZRANB3"
"GO:0007166","cell surface receptor signaling pathway","2/181","177/14546",2,0.649644370895501,0.693938305274739,"IFNGR2/TRPA1"
"GO:0007200","phospholipase C-activating G protein-coupled receptor signaling pathway","1/181","84/14546",1,0.651746519347972,0.695393562073886,"FFAR4"
"GO:0000724","double-strand break repair via homologous recombination","1/181","85/14546",1,0.656105105988687,0.697668325372585,"SPIDR"
"GO:0007409","axonogenesis","1/181","85/14546",1,0.656105105988687,0.697668325372585,"SPTBN4"
"GO:0030334","regulation of cell migration","1/181","85/14546",1,0.656105105988687,0.697668325372585,"SPATA13"
"GO:0006511","ubiquitin-dependent protein catabolic process","2/181","182/14546",2,0.664644256925874,0.705949832215052,"LNX1/SQSTM1"
"GO:0050852","T cell receptor signaling pathway","1/181","89/14546",1,0.673003602086632,0.712828139216192,"SLC39A6"
"GO:0051091","positive regulation of DNA-binding transcription factor activity","1/181","89/14546",1,0.673003602086632,0.712828139216192,"ABRA"
"GO:0001934","positive regulation of protein phosphorylation","2/181","185/14546",2,0.673395093216998,0.712828139216192,"SQSTM1/TMEM119"
"GO:0007601","visual perception","2/181","187/14546",2,0.679126110420244,0.718086101006782,"BBS10/SFRP5"
"GO:0050729","positive regulation of inflammatory response","1/181","91/14546",1,0.681140541469842,0.719406864024327,"TLR4"
"GO:1990830","cellular response to leukemia inhibitory factor","1/181","92/14546",1,0.685133178065757,0.722811658116512,"GFPT2"
"GO:0007169","transmembrane receptor protein tyrosine kinase signaling pathway","1/181","95/14546",1,0.696815214455652,0.733489699427002,"NTF3"
"GO:0007189","adenylate cyclase-activating G protein-coupled receptor signaling pathway","1/181","95/14546",1,0.696815214455652,0.733489699427002,"LPAR2"
"GO:0008584","male gonad development","1/181","96/14546",1,0.700612629595333,0.736662049015227,"ADAM15"
"GO:0042593","glucose homeostasis","1/181","97/14546",1,0.704362741293827,0.739777627727595,"PDK4"
"GO:0006979","response to oxidative stress","1/181","98/14546",1,0.708066135565113,0.742009105274478,"HMOX1"
"GO:0120162","positive regulation of cold-induced thermogenesis","1/181","98/14546",1,0.708066135565113,0.742009105274478,"FFAR4"
"GO:0051726","regulation of cell cycle","2/181","198/14546",2,0.709199982962933,0.742369692633805,"MAPK12/PLAGL1"
"GO:0034220","monoatomic ion transmembrane transport","1/181","100/14546",1,0.715335079871838,0.747515024289661,"CHRNB4"
"GO:0030154","cell differentiation","5/181","479/14546",5,0.715705874319888,0.747515024289661,"GPSM1/PIWIL4/SFRP5/SQSTM1/TCF23"
"GO:0007218","neuropeptide signaling pathway","1/181","101/14546",1,0.718901766189379,0.750019600685923,"PROKR2"
"GO:0071456","cellular response to hypoxia","1/181","102/14546",1,0.722424007817605,0.752858722115908,"HMOX1"
"GO:0042742","defense response to bacterium","1/181","103/14546",1,0.725902355545728,0.755645862915819,"TLR4"
"GO:0030308","negative regulation of cell growth","1/181","104/14546",1,0.729337353374865,0.758381761252625,"ADAM15"
"GO:0006281","DNA repair","2/181","208/14546",2,0.734474117168988,0.762879193523589,"WDHD1/ZRANB3"
"GO:0031175","neuron projection development","1/181","107/14546",1,0.739387587398063,0.767135024452737,"SH3GL2"
"GO:0008104","protein localization","1/181","111/14546",1,0.752212849572042,0.779581123040484,"SQSTM1"
"GO:0010629","negative regulation of gene expression","2/181","217/14546",2,0.755608791657685,0.78223817638571,"KDM4A/SH3GL2"
"GO:0007015","actin filament organization","1/181","113/14546",1,0.758388093811146,0.784251714172142,"CORO1A"
"GO:0051260","protein homooligomerization","1/181","114/14546",1,0.761418077530414,0.786519772394054,"BEND3"
"GO:0007186","G protein-coupled receptor signaling pathway","4/181","415/14546",4,0.76311029105907,0.787402495714079,"EDNRA/FFAR4/LPAR2/PROKR2"
"GO:0006974","DNA damage response","2/181","223/14546",2,0.768883671881361,0.792489749526841,"SPIDR/ZRANB3"
"GO:0034765","regulation of monoatomic ion transmembrane transport","1/181","117/14546",1,0.770283153011505,0.793062610986654,"SCN7A"
"GO:0008360","regulation of cell shape","1/181","118/14546",1,0.773164762915512,0.795158508906544,"CORO1A"
"GO:0007417","central nervous system development","1/181","122/14546",1,0.784336133323575,0.805766082321487,"SH3GL2"
"GO:0007605","sensory perception of sound","1/181","126/14546",1,0.794960216953508,0.815788868926089,"SPTBN4"
"GO:0007049","cell cycle","2/181","248/14546",2,0.817671179057067,0.838179834584125,"DCLRE1A/MAPK12"
"GO:0043065","positive regulation of apoptotic process","2/181","250/14546",2,0.82114861042556,0.84082755315907,"ALDH1A3/SQSTM1"
"GO:0007156","homophilic cell adhesion via plasma membrane adhesion molecules","1/181","138/14546",1,0.823809045511999,0.841717937805738,"DSG1"
"GO:0030198","extracellular matrix organization","1/181","138/14546",1,0.823809045511999,0.841717937805738,"HPSE2"
"GO:0030182","neuron differentiation","1/181","140/14546",1,0.828208177048329,0.845293904913604,"MYEF2"
"GO:0072659","protein localization to plasma membrane","1/181","141/14546",1,0.830366605477751,0.846577667189898,"SPTBN4"
"GO:0016192","vesicle-mediated transport","1/181","142/14546",1,0.832498062916732,0.846913613789749,"SPTBN4"
"GO:0042981","regulation of apoptotic process","1/181","142/14546",1,0.832498062916732,0.846913613789749,"NTF3"
"GO:0006397","mRNA processing","1/181","144/14546",1,0.836681401366315,0.850249207874958,"ARMC7"
"GO:0008380","RNA splicing","1/181","145/14546",1,0.838733940343727,0.851414583070306,"ARMC7"
"GO:0006629","lipid metabolic process","1/181","153/14546",1,0.854256971137473,0.866236842361623,"PLCL1"
"GO:0001666","response to hypoxia","1/181","154/14546",1,0.856089770986297,0.867159897335258,"EDNRA"
"GO:0000398","mRNA splicing, via spliceosome","1/181","156/14546",1,0.859686887605564,0.869866172604123,"RBM6"
"GO:0060271","cilium assembly","1/181","171/14546",1,0.883962418493243,0.893467390735106,"POC1A"
"GO:0051301","cell division","2/181","303/14546",2,0.89406894673895,0.902711933334707,"DCLRE1A/SPAG5"
"GO:0007507","heart development","1/181","180/14546",1,0.896472119821889,0.904167159477013,"ANKS6"
"GO:0050821","protein stabilization","1/181","189/14546",1,0.907639828299883,0.914449559058831,"DSG1"
"GO:0007283","spermatogenesis","2/181","331/14546",2,0.920406924046148,0.926319602359079,"PIWIL4/TMEM119"
"GO:0007268","chemical synaptic transmission","1/181","202/14546",1,0.921688662369817,0.926617478746126,"CHRNB4"
"GO:0006468","protein phosphorylation","2/181","340/14546",2,0.927479147410596,0.931442733510642,"PDK4/WNK2"
"GO:0006886","intracellular protein transport","1/181","215/14546",1,0.933610535534464,0.936599683460401,"SNX31"
"GO:0009410","response to xenobiotic stimulus","1/181","220/14546",1,0.937699001458252,0.939698359670316,"TRPA1"
"GO:0006355","regulation of DNA-templated transcription","2/181","389/14546",2,0.956690455476807,0.957709295152501,"MZF1/NFIL3"
"GO:0007155","cell adhesion","2/181","409/14546",2,0.965045240432664,0.965045240432664,"MYBPC2/SELP"
