"Pathway","KEGG_ID","Gene","logFC_POP","logFC_SUI","Direction_POP","Direction_SUI","Concordant"
"KEGG 00010","00010","ALDH1A3",0.142167466717554,1.21700973426329,"up","up",TRUE
"KEGG 00010","00010","ADH1A",NA,3.48218016574633,"not tested","up",FALSE
"KEGG 00010","00010","ADH1B",0.292927734887713,NA,"up","not tested",FALSE
"KEGG 00010","00010","ADH1C",-1.94510659046391,3.34880830566278,"down","up",FALSE
"KEGG 00010","00010","ADH5",0.224310571719593,NA,"up","not tested",FALSE
"KEGG 00010","00010","ADH7",NA,4.49006516941542,"not tested","up",FALSE
"KEGG 00010","00010","ALDH2",-0.216009767652506,NA,"down","not tested",FALSE
"KEGG 00010","00010","ALDH1B1",-0.0169927301248998,NA,"down","not tested",FALSE
"KEGG 00010","00010","ALDH3B1",0.276983458687608,-1.62445641137915,"up","down",FALSE
"KEGG 00010","00010","ALDH3B2",NA,2.67497135745949,"not tested","up",FALSE
"KEGG 00010","00010","ALDH9A1",-0.0688166465144466,2.07095585229633,"down","up",FALSE
"KEGG 00010","00010","ALDH3A2",-0.127264361882704,3.06121533807184,"down","up",FALSE
"KEGG 00010","00010","ALDOA",-0.0594449646416049,NA,"down","not tested",FALSE
"KEGG 00010","00010","ALDOB",NA,3.48791956873441,"not tested","up",FALSE
"KEGG 00010","00010","ALDOC",-0.370834267376085,NA,"down","not tested",FALSE
"KEGG 00010","00010","ALDH7A1",-0.13036376473778,NA,"down","not tested",FALSE
"KEGG 00010","00010","BPGM",0.106180959767428,NA,"up","not tested",FALSE
"KEGG 00010","00010","DLAT",-0.0647462835487101,NA,"down","not tested",FALSE
"KEGG 00010","00010","DLD",-0.0645229482370576,NA,"down","not tested",FALSE
"KEGG 00010","00010","ENO1",-0.152861569706276,NA,"down","not tested",FALSE
"KEGG 00010","00010","ENO2",0.251403420591694,NA,"up","not tested",FALSE
"KEGG 00010","00010","ENO3",-0.195657542685422,NA,"down","not tested",FALSE
"KEGG 00010","00010","FBP1",NA,-1.61384858669002,"not tested","down",FALSE
"KEGG 00010","00010","GAPDH",-0.178495361516705,2.18131599656706,"down","up",FALSE
"KEGG 00010","00010","GCK",0.177903327829553,NA,"up","not tested",FALSE
"KEGG 00010","00010","GPI",-0.142747456941887,NA,"down","not tested",FALSE
"KEGG 00010","00010","HK1",0.236142006909659,-4.55357436640854,"up","down",FALSE
"KEGG 00010","00010","HK2",0.0725234689097458,NA,"up","not tested",FALSE
"KEGG 00010","00010","LDHA",-0.227592866266471,3.30411066759002,"down","up",FALSE
"KEGG 00010","00010","LDHB",-0.0526592577512631,NA,"down","not tested",FALSE
"KEGG 00010","00010","PCK2",-0.915669299221882,2.18173268157031,"down","up",FALSE
"KEGG 00010","00010","PDHA1",-0.0758087370046829,NA,"down","not tested",FALSE
"KEGG 00010","00010","PDHB",-0.0739487806257796,NA,"down","not tested",FALSE
"KEGG 00010","00010","PFKL",-0.093854266905273,NA,"down","not tested",FALSE
"KEGG 00010","00010","PFKM",0.202179319647128,NA,"up","not tested",FALSE
"KEGG 00010","00010","PFKP",-0.135904806564827,NA,"down","not tested",FALSE
"KEGG 00010","00010","PGAM1",-0.0379593610331807,NA,"down","not tested",FALSE
"KEGG 00010","00010","PGK1",-0.232967119715643,3.58927789765132,"down","up",FALSE
"KEGG 00010","00010","PGM1",-0.182134976005234,2.12705413767901,"down","up",FALSE
"KEGG 00010","00010","PKM",0.0457435042571896,NA,"up","not tested",FALSE
"KEGG 00010","00010","TPI1",-0.195479375881162,NA,"down","not tested",FALSE
"KEGG 00010","00010","AKR1A1",-0.101400168608251,1.30005054804901,"down","up",FALSE
"KEGG 00010","00010","PGM2",-0.222661245466153,2.5125111743715,"down","up",FALSE
"KEGG 00010","00010","ACSS2",0.0707616789520757,NA,"up","not tested",FALSE
"KEGG 00010","00010","ADPGK",0.0708459142064784,NA,"up","not tested",FALSE
"KEGG 00010","00010","ACSS1",-0.0808139676053995,NA,"down","not tested",FALSE
"KEGG 00010","00010","GALM",0.162048310917071,NA,"up","not tested",FALSE
"KEGG 00010","00010","PGAM4",0.0540244361790977,NA,"up","not tested",FALSE
"KEGG 00071","00071","ACADVL",0.118691461456286,1.97279997917182,"up","up",TRUE
"KEGG 00071","00071","CPT1A",0.116250066468916,1.82518437247675,"up","up",TRUE
"KEGG 00071","00071","HADHB",0.0852886039196624,2.25442300762598,"up","up",TRUE
"KEGG 00071","00071","ECI2",0.112692658192179,1.3826803102518,"up","up",TRUE
"KEGG 00071","00071","ACSL5",0.0318218484152687,3.56222462934583,"up","up",TRUE
"KEGG 00071","00071","ACAA1",0.0146119438215177,NA,"up","not tested",FALSE
"KEGG 00071","00071","ACADL",NA,1.39691906096566,"not tested","up",FALSE
"KEGG 00071","00071","ACADM",-0.21264545204368,NA,"down","not tested",FALSE
"KEGG 00071","00071","ACADS",-0.0256788811573682,NA,"down","not tested",FALSE
"KEGG 00071","00071","ACADSB",0.0201844067154317,NA,"up","not tested",FALSE
"KEGG 00071","00071","ACAT1",0.00206712631672499,NA,"up","not tested",FALSE
"KEGG 00071","00071","ACAT2",0.336492290366266,NA,"up","not tested",FALSE
"KEGG 00071","00071","ACOX1",-0.0263489613072388,NA,"down","not tested",FALSE
"KEGG 00071","00071","ADH1A",NA,3.48218016574633,"not tested","up",FALSE
"KEGG 00071","00071","ADH1B",0.292927734887713,NA,"up","not tested",FALSE
"KEGG 00071","00071","ADH1C",-1.94510659046391,3.34880830566278,"down","up",FALSE
"KEGG 00071","00071","ADH5",0.224310571719593,NA,"up","not tested",FALSE
"KEGG 00071","00071","ADH7",NA,4.49006516941542,"not tested","up",FALSE
"KEGG 00071","00071","ALDH2",-0.216009767652506,NA,"down","not tested",FALSE
"KEGG 00071","00071","ALDH1B1",-0.0169927301248998,NA,"down","not tested",FALSE
"KEGG 00071","00071","ALDH9A1",-0.0688166465144466,2.07095585229633,"down","up",FALSE
"KEGG 00071","00071","ALDH3A2",-0.127264361882704,3.06121533807184,"down","up",FALSE
"KEGG 00071","00071","ALDH7A1",-0.13036376473778,NA,"down","not tested",FALSE
"KEGG 00071","00071","CPT1B",0.20473207188221,-2.78920513346,"up","down",FALSE
"KEGG 00071","00071","CPT2",0.244448330075217,NA,"up","not tested",FALSE
"KEGG 00071","00071","ECI1",-0.380939931783032,NA,"down","not tested",FALSE
"KEGG 00071","00071","ECHS1",-0.017143741999402,NA,"down","not tested",FALSE
"KEGG 00071","00071","EHHADH",-0.00901944625924181,NA,"down","not tested",FALSE
"KEGG 00071","00071","ACSL1",-0.0321416469460071,NA,"down","not tested",FALSE
"KEGG 00071","00071","ACSL3",0.0721415583676912,NA,"up","not tested",FALSE
"KEGG 00071","00071","ACSL4",0.208008291518308,NA,"up","not tested",FALSE
"KEGG 00071","00071","GCDH",-0.235064414091064,NA,"down","not tested",FALSE
"KEGG 00071","00071","HADHA",0.0532458694205485,NA,"up","not tested",FALSE
"KEGG 00071","00071","HADH",-0.137849105571511,2.19797528732425,"down","up",FALSE
"KEGG 00071","00071","ACOX3",0.174149719908252,NA,"up","not tested",FALSE
"KEGG 00071","00071","ACAA2",0.115497537830116,NA,"up","not tested",FALSE
"KEGG 00071","00071","CPT1C",-0.0730439174057343,NA,"down","not tested",FALSE
"KEGG 00190 - Oxidative phosphorylation","00190","ATP6V1B1",0.0541851159058951,2.76758766157122,"up","up",TRUE
"KEGG 00190 - Oxidative phosphorylation","00190","ATP6V0C",0.22059586971452,3.1416895723712,"up","up",TRUE
"KEGG 00190 - Oxidative phosphorylation","00190","ATP6V0B",0.0716188443862513,1.93992465816213,"up","up",TRUE
"KEGG 00190 - Oxidative phosphorylation","00190","ATP6V0A1",-0.121830654788956,-2.52854539013243,"down","down",TRUE
"KEGG 00190 - Oxidative phosphorylation","00190","COX11",0.0307076684795891,1.33811499019665,"up","up",TRUE
"KEGG 00190 - Oxidative phosphorylation","00190","NDUFA9",0.015844957449692,1.40141868831007,"up","up",TRUE
"KEGG 00190 - Oxidative phosphorylation","00190","SDHC",-0.0414992409510535,-5.30829066764242,"down","down",TRUE
"KEGG 00190 - Oxidative phosphorylation","00190","SDHD",0.0226020270075911,1.98227765612305,"up","up",TRUE
"KEGG 00190 - Oxidative phosphorylation","00190","ATP6V0D1",0.0809531661932446,1.63343400041587,"up","up",TRUE
"KEGG 00190 - Oxidative phosphorylation","00190","TCIRG1",0.331450742125588,2.07024893309298,"up","up",TRUE
"KEGG 00190 - Oxidative phosphorylation","00190","NDUFA13",-0.325992344222378,-1.24899216355073,"down","down",TRUE
"KEGG 00190 - Oxidative phosphorylation","00190","ATP6V0E2",-0.0352243663844687,-1.20441119674369,"down","down",TRUE
"KEGG 00190 - Oxidative phosphorylation","00190","ATP6V1A",0.112267678719041,NA,"up","not tested",FALSE
"KEGG 00190 - Oxidative phosphorylation","00190","ATP6V1B2",0.150751197809029,NA,"up","not tested",FALSE
"KEGG 00190 - Oxidative phosphorylation","00190","ATP6V1C1",0.216175048253724,NA,"up","not tested",FALSE
"KEGG 00190 - Oxidative phosphorylation","00190","ATP6V1E1",-0.00312465884698188,2.15442698747884,"down","up",FALSE
"KEGG 00190 - Oxidative phosphorylation","00190","ATP6V1G2",0.0865801869787263,-1.22912046304056,"up","down",FALSE
"KEGG 00190 - Oxidative phosphorylation","00190","ATP6AP1",-0.0656612682952929,NA,"down","not tested",FALSE
"KEGG 00190 - Oxidative phosphorylation","00190","COX4I1",-0.144993658425028,NA,"down","not tested",FALSE
"KEGG 00190 - Oxidative phosphorylation","00190","COX5B",-0.121297148126431,2.57885746111815,"down","up",FALSE
"KEGG 00190 - Oxidative phosphorylation","00190","COX6A1",-0.17390461074134,3.22791770584731,"down","up",FALSE
"KEGG 00190 - Oxidative phosphorylation","00190","COX6B1",-0.0835810877418899,2.51857967804209,"down","up",FALSE
"KEGG 00190 - Oxidative phosphorylation","00190","COX6C",-0.216683063455098,2.22393416800104,"down","up",FALSE
"KEGG 00190 - Oxidative phosphorylation","00190","COX7A1",0.235753102521153,NA,"up","not tested",FALSE
"KEGG 00190 - Oxidative phosphorylation","00190","COX7A2",-0.159988419242849,2.39493226536719,"down","up",FALSE
"KEGG 00190 - Oxidative phosphorylation","00190","COX7B",-0.187188980020045,NA,"down","not tested",FALSE
"KEGG 00190 - Oxidative phosphorylation","00190","COX7C",-0.225185181703663,1.29217333361724,"down","up",FALSE
"KEGG 00190 - Oxidative phosphorylation","00190","COX8A",-0.0654766011848251,NA,"down","not tested",FALSE
"KEGG 00190 - Oxidative phosphorylation","00190","COX10",-0.142834506970239,NA,"down","not tested",FALSE
"KEGG 00190 - Oxidative phosphorylation","00190","COX15",-0.0831632644781861,1.59199912944645,"down","up",FALSE
"KEGG 00190 - Oxidative phosphorylation","00190","CYC1",-0.0247062393345199,NA,"down","not tested",FALSE
"KEGG 00190 - Oxidative phosphorylation","00190","NDUFA1",-0.16739394132092,NA,"down","not tested",FALSE
"KEGG 00190 - Oxidative phosphorylation","00190","NDUFA2",-0.0710022635775757,1.72491215931561,"down","up",FALSE
"KEGG 00190 - Oxidative phosphorylation","00190","NDUFA3",-0.110471116840447,NA,"down","not tested",FALSE
"KEGG 00190 - Oxidative phosphorylation","00190","NDUFA4",-0.161628267138948,NA,"down","not tested",FALSE
"KEGG 00190 - Oxidative phosphorylation","00190","NDUFA5",-0.217832268092746,2.16431549151444,"down","up",FALSE
"KEGG 00190 - Oxidative phosphorylation","00190","NDUFA6",-0.0547375085576089,NA,"down","not tested",FALSE
"KEGG 00190 - Oxidative phosphorylation","00190","NDUFA7",-0.249948438627877,NA,"down","not tested",FALSE
"KEGG 00190 - Oxidative phosphorylation","00190","NDUFA8",-0.138983936873339,NA,"down","not tested",FALSE
"KEGG 00190 - Oxidative phosphorylation","00190","NDUFA10",0.0298150568377791,NA,"up","not tested",FALSE
"KEGG 00190 - Oxidative phosphorylation","00190","NDUFAB1",-0.0749092115134026,3.05907752862516,"down","up",FALSE
"KEGG 00190 - Oxidative phosphorylation","00190","NDUFB1",-0.0968556277698304,2.43088500430872,"down","up",FALSE
"KEGG 00190 - Oxidative phosphorylation","00190","NDUFB2",-0.150298878271118,NA,"down","not tested",FALSE
"KEGG 00190 - Oxidative phosphorylation","00190","NDUFB3",-0.113009017029211,1.8837920137587,"down","up",FALSE
"KEGG 00190 - Oxidative phosphorylation","00190","NDUFB4",-0.00784368252314507,2.97315192764266,"down","up",FALSE
"KEGG 00190 - Oxidative phosphorylation","00190","NDUFB5",-0.204664283953764,1.76128437965645,"down","up",FALSE
"KEGG 00190 - Oxidative phosphorylation","00190","NDUFB6",0.0166292125097489,NA,"up","not tested",FALSE
"KEGG 00190 - Oxidative phosphorylation","00190","NDUFB7",-0.239251457898752,NA,"down","not tested",FALSE
"KEGG 00190 - Oxidative phosphorylation","00190","NDUFB8",-0.15680588925911,NA,"down","not tested",FALSE
"KEGG 00190 - Oxidative phosphorylation","00190","NDUFB9",-0.155216531981002,NA,"down","not tested",FALSE
"KEGG 00190 - Oxidative phosphorylation","00190","NDUFB10",-0.147876156815704,NA,"down","not tested",FALSE
"KEGG 00190 - Oxidative phosphorylation","00190","NDUFC1",-0.413762089685761,1.62275431264919,"down","up",FALSE
"KEGG 00190 - Oxidative phosphorylation","00190","NDUFC2",0.00776831665696528,NA,"up","not tested",FALSE
"KEGG 00190 - Oxidative phosphorylation","00190","NDUFS1",0.00599342328954497,NA,"up","not tested",FALSE
"KEGG 00190 - Oxidative phosphorylation","00190","NDUFS2",-0.00483359334007443,NA,"down","not tested",FALSE
"KEGG 00190 - Oxidative phosphorylation","00190","NDUFS3",-0.0629800554899623,NA,"down","not tested",FALSE
"KEGG 00190 - Oxidative phosphorylation","00190","NDUFV1",-0.0716615920296941,2.04939263369509,"down","up",FALSE
"KEGG 00190 - Oxidative phosphorylation","00190","NDUFS4",-0.176035849877019,NA,"down","not tested",FALSE
"KEGG 00190 - Oxidative phosphorylation","00190","NDUFS5",-0.111271060137385,NA,"down","not tested",FALSE
"KEGG 00190 - Oxidative phosphorylation","00190","NDUFS6",-0.109974465284494,NA,"down","not tested",FALSE
"KEGG 00190 - Oxidative phosphorylation","00190","NDUFS8",-0.0803271922323393,NA,"down","not tested",FALSE
"KEGG 00190 - Oxidative phosphorylation","00190","NDUFV2",-0.0537221311998649,NA,"down","not tested",FALSE
"KEGG 00190 - Oxidative phosphorylation","00190","NDUFV3",0.193564033231582,NA,"up","not tested",FALSE
"KEGG 00190 - Oxidative phosphorylation","00190","PPA1",0.00235195176233577,NA,"up","not tested",FALSE
"KEGG 00190 - Oxidative phosphorylation","00190","SDHA",0.111451992393076,NA,"up","not tested",FALSE
"KEGG 00190 - Oxidative phosphorylation","00190","SDHB",-0.091428449585311,NA,"down","not tested",FALSE
"KEGG 00190 - Oxidative phosphorylation","00190","UQCRB",-0.0541325239647557,5.04401770172308,"down","up",FALSE
"KEGG 00190 - Oxidative phosphorylation","00190","UQCRC1",-0.0232246271289388,NA,"down","not tested",FALSE
"KEGG 00190 - Oxidative phosphorylation","00190","UQCRC2",0.0428063818595913,NA,"up","not tested",FALSE
"KEGG 00190 - Oxidative phosphorylation","00190","UQCRFS1",-0.0654658501598576,2.83600366275603,"down","up",FALSE
"KEGG 00190 - Oxidative phosphorylation","00190","UQCRH",-0.129503113815702,NA,"down","not tested",FALSE
"KEGG 00190 - Oxidative phosphorylation","00190","ATP6V0E1",0.156386242663667,NA,"up","not tested",FALSE
"KEGG 00190 - Oxidative phosphorylation","00190","COX7A2L",-0.267615292323577,1.46330631611998,"down","up",FALSE
"KEGG 00190 - Oxidative phosphorylation","00190","ATP6V1F",-0.01746548712196,NA,"down","not tested",FALSE
"KEGG 00190 - Oxidative phosphorylation","00190","COX5A",-0.117260906216941,1.62314533393524,"down","up",FALSE
"KEGG 00190 - Oxidative phosphorylation","00190","ATP6V1G1",0.0587419620267839,NA,"up","not tested",FALSE
"KEGG 00190 - Oxidative phosphorylation","00190","COX17",0.065943165947076,NA,"up","not tested",FALSE
"KEGG 00190 - Oxidative phosphorylation","00190","UQCR11",-0.260130112761522,1.6932711866698,"down","up",FALSE
"KEGG 00190 - Oxidative phosphorylation","00190","ATP6V0A2",0.0923341539008238,NA,"up","not tested",FALSE
"KEGG 00190 - Oxidative phosphorylation","00190","PPA2",-0.198564698403684,NA,"down","not tested",FALSE
"KEGG 00190 - Oxidative phosphorylation","00190","UQCRQ",-0.123403899092105,1.75336749039739,"down","up",FALSE
"KEGG 00190 - Oxidative phosphorylation","00190","UQCR10",-0.147649638600438,NA,"down","not tested",FALSE
"KEGG 00190 - Oxidative phosphorylation","00190","ATP6V0A4",NA,-3.18560850177636,"not tested","down",FALSE
"KEGG 00190 - Oxidative phosphorylation","00190","ATP6V1D",0.0252060915925781,NA,"up","not tested",FALSE
"KEGG 00190 - Oxidative phosphorylation","00190","ATP6V1H",-0.0487031870547495,3.56659836822873,"down","up",FALSE
"KEGG 00190 - Oxidative phosphorylation","00190","NDUFB11",-0.0888661840287539,NA,"down","not tested",FALSE
"KEGG 00190 - Oxidative phosphorylation","00190","NDUFA12",0.0212826152921749,NA,"up","not tested",FALSE
"KEGG 00190 - Oxidative phosphorylation","00190","NDUFA4L2",-2.11575375280653,NA,"down","not tested",FALSE
"KEGG 00190 - Oxidative phosphorylation","00190","LHPP",0.0584608607031608,-1.47047746413886,"up","down",FALSE
"KEGG 00190 - Oxidative phosphorylation","00190","COX4I2",NA,1.67523245867061,"not tested","up",FALSE
"KEGG 00190 - Oxidative phosphorylation","00190","ATP6V1E2",-0.409078773958217,NA,"down","not tested",FALSE
"KEGG 00190 - Oxidative phosphorylation","00190","NDUFA11",-0.20707040390259,2.34427096372487,"down","up",FALSE
"KEGG 00190 - Oxidative phosphorylation","00190","ATP6V1G3",NA,-2.24576567890784,"not tested","down",FALSE
"KEGG 00190 - Oxidative phosphorylation","00190","NDUFS7",-0.0548871809782375,NA,"down","not tested",FALSE
"KEGG 00190 - Oxidative phosphorylation","00190","UQCRHL",-0.0397921650170196,NA,"down","not tested",FALSE
"KEGG 00230","00230","ADCY9",0.28323016670524,1.30322378230858,"up","up",TRUE
"KEGG 00230","00230","ENTPD1",0.282256263452925,1.80938587817967,"up","up",TRUE
"KEGG 00230","00230","DCK",0.0248200182831725,2.55806167402551,"up","up",TRUE
"KEGG 00230","00230","GMPR",0.12522657634923,1.68176938890103,"up","up",TRUE
"KEGG 00230","00230","IMPDH1",0.0584672035978686,1.25513099328063,"up","up",TRUE
"KEGG 00230","00230","NME1",-0.0532106411848151,-1.6998519998539,"down","down",TRUE
"KEGG 00230","00230","PDE4B",-0.221156510515475,-2.97987915825191,"down","down",TRUE
"KEGG 00230","00230","PDE6G",0.148222130524363,1.53318665347495,"up","up",TRUE
"KEGG 00230","00230","PDE9A",1.28427154940208,1.23084746997652,"up","up",TRUE
"KEGG 00230","00230","POLE2",0.199358512539621,2.69473859006661,"up","up",TRUE
"KEGG 00230","00230","RRM1",0.405389227519308,2.55540316130235,"up","up",TRUE
"KEGG 00230","00230","PDE7B",-0.471270490598515,-2.11464014491648,"down","down",TRUE
"KEGG 00230","00230","RRM2B",0.0940007684969771,2.6530965312769,"up","up",TRUE
"KEGG 00230","00230","NUDT9",0.0403258832235519,1.21175522375542,"up","up",TRUE
"KEGG 00230","00230","ADPRM",0.0296280825959259,1.44634935351069,"up","up",TRUE
"KEGG 00230","00230","ADA",-0.142555278482618,NA,"down","not tested",FALSE
"KEGG 00230","00230","ADCY2",0.929976173723535,NA,"up","not tested",FALSE
"KEGG 00230","00230","ADCY3",-0.0774490844889228,NA,"down","not tested",FALSE
"KEGG 00230","00230","ADCY5",-0.159057897233653,NA,"down","not tested",FALSE
"KEGG 00230","00230","ADCY6",0.00140880275207039,NA,"up","not tested",FALSE
"KEGG 00230","00230","ADCY7",-0.356152726402924,NA,"down","not tested",FALSE
"KEGG 00230","00230","ADK",-0.00227898587757759,NA,"down","not tested",FALSE
"KEGG 00230","00230","ADSL",-0.0161528723126716,1.14528864132264,"down","up",FALSE
"KEGG 00230","00230","AK1",-0.0529906583781125,NA,"down","not tested",FALSE
"KEGG 00230","00230","AK2",-0.106431992449275,NA,"down","not tested",FALSE
"KEGG 00230","00230","AK4",-1.0454087343193,1.5293001832864,"down","up",FALSE
"KEGG 00230","00230","AMPD1",NA,1.54634154406823,"not tested","up",FALSE
"KEGG 00230","00230","AMPD2",-0.0891048427123424,1.3821766806982,"down","up",FALSE
"KEGG 00230","00230","AMPD3",-0.113379092921542,NA,"down","not tested",FALSE
"KEGG 00230","00230","NUDT2",-0.145106094079365,NA,"down","not tested",FALSE
"KEGG 00230","00230","APRT",-0.0997466005632994,NA,"down","not tested",FALSE
"KEGG 00230","00230","ATIC",-0.0254151884520815,2.16660198491062,"down","up",FALSE
"KEGG 00230","00230","POLR3D",-0.117135695974902,NA,"down","not tested",FALSE
"KEGG 00230","00230","ENTPD6",-0.0731748198647249,NA,"down","not tested",FALSE
"KEGG 00230","00230","ENTPD5",0.0921861010860019,NA,"up","not tested",FALSE
"KEGG 00230","00230","DGUOK",-0.180175587560866,1.21162703068949,"down","up",FALSE
"KEGG 00230","00230","FHIT",0.0716389017294238,NA,"up","not tested",FALSE
"KEGG 00230","00230","GART",-0.0483927530234329,NA,"down","not tested",FALSE
"KEGG 00230","00230","GUCY1A2",-2.43642322402612,NA,"down","not tested",FALSE
"KEGG 00230","00230","GUK1",0.0640352526086751,NA,"up","not tested",FALSE
"KEGG 00230","00230","HPRT1",-0.044944975594846,NA,"down","not tested",FALSE
"KEGG 00230","00230","IMPDH2",-0.251389387255629,NA,"down","not tested",FALSE
"KEGG 00230","00230","ITPA",0.210900549448617,NA,"up","not tested",FALSE
"KEGG 00230","00230","NME2",-0.188399791443638,2.739458328015,"down","up",FALSE
"KEGG 00230","00230","NME3",-0.140941179435381,2.39271920548514,"down","up",FALSE
"KEGG 00230","00230","NME4",-0.188472417920135,NA,"down","not tested",FALSE
"KEGG 00230","00230","PNP",-0.575495260020402,1.3236436507386,"down","up",FALSE
"KEGG 00230","00230","NPR1",0.9811243820718,NA,"up","not tested",FALSE
"KEGG 00230","00230","NPR2",0.0537664411461289,NA,"up","not tested",FALSE
"KEGG 00230","00230","NT5E",0.0708469304606521,NA,"up","not tested",FALSE
"KEGG 00230","00230","PDE1A",-0.244195082679908,NA,"down","not tested",FALSE
"KEGG 00230","00230","PDE1C",-1.44995124031227,NA,"down","not tested",FALSE
"KEGG 00230","00230","PDE2A",-1.24551051563264,NA,"down","not tested",FALSE
"KEGG 00230","00230","PDE3A",-1.67963100884068,NA,"down","not tested",FALSE
"KEGG 00230","00230","PDE3B",0.64818196682093,NA,"up","not tested",FALSE
"KEGG 00230","00230","PDE4A",0.25014723761706,NA,"up","not tested",FALSE
"KEGG 00230","00230","PDE4C",0.440596659728892,NA,"up","not tested",FALSE
"KEGG 00230","00230","PDE4D",-0.71869738170911,NA,"down","not tested",FALSE
"KEGG 00230","00230","PDE6D",-0.0125761829687145,NA,"down","not tested",FALSE
"KEGG 00230","00230","PDE7A",0.128485537637066,NA,"up","not tested",FALSE
"KEGG 00230","00230","PDE8A",0.0226073044201835,-2.15365583919129,"up","down",FALSE
"KEGG 00230","00230","PDE1B",NA,-1.57013568873684,"not tested","down",FALSE
"KEGG 00230","00230","PDE6B",-0.111525155413171,1.60692868257545,"down","up",FALSE
"KEGG 00230","00230","ENPP1",-0.578674459969258,NA,"down","not tested",FALSE
"KEGG 00230","00230","PFAS",0.158205127943286,NA,"up","not tested",FALSE
"KEGG 00230","00230","PGM1",-0.182134976005234,2.12705413767901,"down","up",FALSE
"KEGG 00230","00230","PKM",0.0457435042571896,NA,"up","not tested",FALSE
"KEGG 00230","00230","POLA1",0.210000180668776,NA,"up","not tested",FALSE
"KEGG 00230","00230","POLD1",0.213955905623227,NA,"up","not tested",FALSE
"KEGG 00230","00230","POLD2",0.123024741400546,NA,"up","not tested",FALSE
"KEGG 00230","00230","POLE",0.312927337845117,NA,"up","not tested",FALSE
"KEGG 00230","00230","POLR2A",0.240383196550733,NA,"up","not tested",FALSE
"KEGG 00230","00230","POLR2B",0.0611772986217523,NA,"up","not tested",FALSE
"KEGG 00230","00230","POLR2C",-0.0292751633865455,NA,"down","not tested",FALSE
"KEGG 00230","00230","POLR2D",0.109730433524233,NA,"up","not tested",FALSE
"KEGG 00230","00230","POLR2E",-0.107959599103822,NA,"down","not tested",FALSE
"KEGG 00230","00230","POLR2F",-0.0611750833177971,NA,"down","not tested",FALSE
"KEGG 00230","00230","POLR2G",-0.0190858697801051,NA,"down","not tested",FALSE
"KEGG 00230","00230","POLR2H",-0.076822344065433,NA,"down","not tested",FALSE
"KEGG 00230","00230","POLR2I",-0.174450011726672,NA,"down","not tested",FALSE
"KEGG 00230","00230","POLR2J",-0.0606028750266778,NA,"down","not tested",FALSE
"KEGG 00230","00230","POLR2K",-0.109094971984574,NA,"down","not tested",FALSE
"KEGG 00230","00230","POLR2L",0.0780155024771805,NA,"up","not tested",FALSE
"KEGG 00230","00230","PPAT",-0.198549233242248,NA,"down","not tested",FALSE
"KEGG 00230","00230","PRIM1",0.332297991728322,NA,"up","not tested",FALSE
"KEGG 00230","00230","PRIM2",0.305835136170391,NA,"up","not tested",FALSE
"KEGG 00230","00230","PRPS1",-0.245473475277948,NA,"down","not tested",FALSE
"KEGG 00230","00230","PRPS2",0.147592541634056,NA,"up","not tested",FALSE
"KEGG 00230","00230","RRM2",0.65094369747164,NA,"up","not tested",FALSE
"KEGG 00230","00230","NME5",-0.484759363259626,NA,"down","not tested",FALSE
"KEGG 00230","00230","PDE8B",2.08960299407476,NA,"up","not tested",FALSE
"KEGG 00230","00230","PDE5A",0.588676107459241,NA,"up","not tested",FALSE
"KEGG 00230","00230","GMPS",0.145870675804764,NA,"up","not tested",FALSE
"KEGG 00230","00230","PAPSS2",0.00380325406445243,NA,"up","not tested",FALSE
"KEGG 00230","00230","PAPSS1",-0.0753299858215025,NA,"down","not tested",FALSE
"KEGG 00230","00230","POLR1C",0.0710617858100645,NA,"up","not tested",FALSE
"KEGG 00230","00230","ENTPD4",-0.00709961137276048,1.4611489246238,"down","up",FALSE
"KEGG 00230","00230","NME6",0.11022956875271,NA,"up","not tested",FALSE
"KEGG 00230","00230","PAICS",-0.0409526731356127,2.91366282524146,"down","up",FALSE
"KEGG 00230","00230","POLR3F",-0.0520936392108908,NA,"down","not tested",FALSE
"KEGG 00230","00230","POLR3G",0.178152516248692,NA,"up","not tested",FALSE
"KEGG 00230","00230","POLR3C",0.243627618359516,NA,"up","not tested",FALSE
"KEGG 00230","00230","POLD3",0.106930619473708,NA,"up","not tested",FALSE
"KEGG 00230","00230","PDE10A",-0.958146887839752,NA,"down","not tested",FALSE
"KEGG 00230","00230","POLR3A",0.0680447647685027,NA,"up","not tested",FALSE
"KEGG 00230","00230","NUDT5",0.0908699864788074,NA,"up","not tested",FALSE
"KEGG 00230","00230","NT5C2",0.0959787509666923,NA,"up","not tested",FALSE
"KEGG 00230","00230","POLA2",0.34427613986744,NA,"up","not tested",FALSE
"KEGG 00230","00230","POLR1A",0.0536376110516116,NA,"up","not tested",FALSE
"KEGG 00230","00230","AK5",-1.14852766109094,NA,"down","not tested",FALSE
"KEGG 00230","00230","NME7",-0.0659190666836555,NA,"down","not tested",FALSE
"KEGG 00230","00230","NT5C",-0.105755834907894,NA,"down","not tested",FALSE
"KEGG 00230","00230","PDE11A",NA,-1.27664214866535,"not tested","down",FALSE
"KEGG 00230","00230","POLR1D",-0.14265223767648,NA,"down","not tested",FALSE
"KEGG 00230","00230","NT5C3A",0.0967974950819943,NA,"up","not tested",FALSE
"KEGG 00230","00230","GMPR2",-0.0409894600179842,2.96764399130673,"down","up",FALSE
"KEGG 00230","00230","POLR3K",0.388559682375413,NA,"up","not tested",FALSE
"KEGG 00230","00230","POLE3",0.0790758077971288,NA,"up","not tested",FALSE
"KEGG 00230","00230","PGM2",-0.222661245466153,2.5125111743715,"down","up",FALSE
"KEGG 00230","00230","POLR3B",-0.112805150648899,NA,"down","not tested",FALSE
"KEGG 00230","00230","POLE4",-0.158963736464389,NA,"down","not tested",FALSE
"KEGG 00230","00230","NT5M",-0.327446683310815,NA,"down","not tested",FALSE
"KEGG 00230","00230","POLD4",-0.184612838131374,NA,"down","not tested",FALSE
"KEGG 00230","00230","POLR1E",0.0985487759737378,NA,"up","not tested",FALSE
"KEGG 00230","00230","POLR1B",0.0997058781202335,NA,"up","not tested",FALSE
"KEGG 00230","00230","POLR3GL",-0.0359331129222176,NA,"down","not tested",FALSE
"KEGG 00230","00230","NTPCR",-0.0328683405192264,1.13789221212183,"down","up",FALSE
"KEGG 00230","00230","PNPT1",-0.0634981734407138,NA,"down","not tested",FALSE
"KEGG 00230","00230","AK7",NA,NA,"not tested","not tested",FALSE
"KEGG 00230","00230","CANT1",0.120338329647173,NA,"up","not tested",FALSE
"KEGG 00230","00230","POLR3H",-0.0400972562910553,1.28252449598479,"down","up",FALSE
"KEGG 00230","00230","ADCY4",-0.104253109628822,NA,"down","not tested",FALSE
"KEGG 00230","00230","POLR2J2",-0.361464531733074,NA,"down","not tested",FALSE
"KEGG 00230","00230","POLR2J3",-0.130019306211402,NA,"down","not tested",FALSE
"KEGG 00230","00230","NME1-NME2",-0.225916382998904,3.07933555930821,"down","up",FALSE
"KEGG 00280","00280","BCAT2",0.0140532893938868,2.09297594892779,"up","up",TRUE
"KEGG 00280","00280","HADHB",0.0852886039196624,2.25442300762598,"up","up",TRUE
"KEGG 00280","00280","HIBADH",0.0255377222115914,1.27300985810956,"up","up",TRUE
"KEGG 00280","00280","ABAT",0.0174902265047908,NA,"up","not tested",FALSE
"KEGG 00280","00280","ACAA1",0.0146119438215177,NA,"up","not tested",FALSE
"KEGG 00280","00280","ACADM",-0.21264545204368,NA,"down","not tested",FALSE
"KEGG 00280","00280","ACADS",-0.0256788811573682,NA,"down","not tested",FALSE
"KEGG 00280","00280","ACADSB",0.0201844067154317,NA,"up","not tested",FALSE
"KEGG 00280","00280","ACAT1",0.00206712631672499,NA,"up","not tested",FALSE
"KEGG 00280","00280","ACAT2",0.336492290366266,NA,"up","not tested",FALSE
"KEGG 00280","00280","ALDH2",-0.216009767652506,NA,"down","not tested",FALSE
"KEGG 00280","00280","ALDH1B1",-0.0169927301248998,NA,"down","not tested",FALSE
"KEGG 00280","00280","ALDH9A1",-0.0688166465144466,2.07095585229633,"down","up",FALSE
"KEGG 00280","00280","ALDH3A2",-0.127264361882704,3.06121533807184,"down","up",FALSE
"KEGG 00280","00280","AOX1",-0.497583859340094,NA,"down","not tested",FALSE
"KEGG 00280","00280","ALDH7A1",-0.13036376473778,NA,"down","not tested",FALSE
"KEGG 00280","00280","AUH",0.206862658670742,NA,"up","not tested",FALSE
"KEGG 00280","00280","BCAT1",-0.322113733562839,NA,"down","not tested",FALSE
"KEGG 00280","00280","BCKDHA",-0.210217418596477,NA,"down","not tested",FALSE
"KEGG 00280","00280","BCKDHB",-0.0938791534153497,NA,"down","not tested",FALSE
"KEGG 00280","00280","DBT",-0.000406668296194228,NA,"down","not tested",FALSE
"KEGG 00280","00280","DLD",-0.0645229482370576,NA,"down","not tested",FALSE
"KEGG 00280","00280","ECHS1",-0.017143741999402,NA,"down","not tested",FALSE
"KEGG 00280","00280","EHHADH",-0.00901944625924181,NA,"down","not tested",FALSE
"KEGG 00280","00280","HSD17B10",-0.145022082460362,NA,"down","not tested",FALSE
"KEGG 00280","00280","HADHA",0.0532458694205485,NA,"up","not tested",FALSE
"KEGG 00280","00280","HADH",-0.137849105571511,2.19797528732425,"down","up",FALSE
"KEGG 00280","00280","HMGCL",-0.0243588879212048,2.49959159325907,"down","up",FALSE
"KEGG 00280","00280","HMGCS1",-0.0150528753139696,2.08412088265268,"down","up",FALSE
"KEGG 00280","00280","IVD",0.145770504677443,NA,"up","not tested",FALSE
"KEGG 00280","00280","ALDH6A1",0.264861632063568,NA,"up","not tested",FALSE
"KEGG 00280","00280","OXCT1",-0.0726630027012135,1.69398247925811,"down","up",FALSE
"KEGG 00280","00280","PCCA",-0.000487924299265143,NA,"down","not tested",FALSE
"KEGG 00280","00280","PCCB",-0.147786390983253,NA,"down","not tested",FALSE
"KEGG 00280","00280","ACAA2",0.115497537830116,NA,"up","not tested",FALSE
"KEGG 00280","00280","HIBCH",-0.0468383658934364,1.92275981900888,"down","up",FALSE
"KEGG 00280","00280","ACAD8",0.016524569468602,NA,"up","not tested",FALSE
"KEGG 00280","00280","MCCC1",-0.0230203551362196,NA,"down","not tested",FALSE
"KEGG 00280","00280","MCCC2",-0.0658083783767332,NA,"down","not tested",FALSE
"KEGG 00280","00280","MCEE",-0.286468025917308,3.51301999901266,"down","up",FALSE
"KEGG 00280","00280","IL4I1",0.460547623328624,-2.07088940984031,"up","down",FALSE
"KEGG 00380","00380","CAT",0.225246228968717,1.99902296469354,"up","up",TRUE
"KEGG 00380","00380","CYP1B1",-1.02008052465983,-2.33306805410693,"down","down",TRUE
"KEGG 00380","00380","WARS2",0.0815724680086725,1.27452592983615,"up","up",TRUE
"KEGG 00380","00380","AFMID",-0.0593989965594872,-1.52256848789887,"down","down",TRUE
"KEGG 00380","00380","AANAT",NA,-6.56072106604784,"not tested","down",FALSE
"KEGG 00380","00380","ACAT1",0.00206712631672499,NA,"up","not tested",FALSE
"KEGG 00380","00380","ACAT2",0.336492290366266,NA,"up","not tested",FALSE
"KEGG 00380","00380","ALDH2",-0.216009767652506,NA,"down","not tested",FALSE
"KEGG 00380","00380","ALDH1B1",-0.0169927301248998,NA,"down","not tested",FALSE
"KEGG 00380","00380","ALDH9A1",-0.0688166465144466,2.07095585229633,"down","up",FALSE
"KEGG 00380","00380","ALDH3A2",-0.127264361882704,3.06121533807184,"down","up",FALSE
"KEGG 00380","00380","AOX1",-0.497583859340094,NA,"down","not tested",FALSE
"KEGG 00380","00380","ASMT",NA,2.16187007977806,"not tested","up",FALSE
"KEGG 00380","00380","ALDH7A1",-0.13036376473778,NA,"down","not tested",FALSE
"KEGG 00380","00380","ECHS1",-0.017143741999402,NA,"down","not tested",FALSE
"KEGG 00380","00380","EHHADH",-0.00901944625924181,NA,"down","not tested",FALSE
"KEGG 00380","00380","GCDH",-0.235064414091064,NA,"down","not tested",FALSE
"KEGG 00380","00380","HADHA",0.0532458694205485,NA,"up","not tested",FALSE
"KEGG 00380","00380","HADH",-0.137849105571511,2.19797528732425,"down","up",FALSE
"KEGG 00380","00380","MAOA",-0.483198616720596,NA,"down","not tested",FALSE
"KEGG 00380","00380","MAOB",0.0498044750440309,NA,"up","not tested",FALSE
"KEGG 00380","00380","OGDH",0.0370359558116101,NA,"up","not tested",FALSE
"KEGG 00380","00380","TPH1",NA,-2.34469435988233,"not tested","down",FALSE
"KEGG 00380","00380","KYNU",-1.92208462002166,NA,"down","not tested",FALSE
"KEGG 00380","00380","INMT",0.813964675450749,NA,"up","not tested",FALSE
"KEGG 00380","00380","HAAO",0.346028892988103,NA,"up","not tested",FALSE
"KEGG 00380","00380","AADAT",0.0494720249186064,NA,"up","not tested",FALSE
"KEGG 00380","00380","IDO2",NA,-1.37560544078856,"not tested","down",FALSE
"KEGG 00380","00380","IL4I1",0.460547623328624,-2.07088940984031,"up","down",FALSE
"KEGG 00480","00480","GPX4",0.0737455520112034,2.82101986213224,"up","up",TRUE
"KEGG 00480","00480","GSTA4",0.120828346314898,3.22958406221891,"up","up",TRUE
"KEGG 00480","00480","GSTM2",0.413145821324141,1.28272078438913,"up","up",TRUE
"KEGG 00480","00480","MGST1",0.0692448152543871,1.92005898141009,"up","up",TRUE
"KEGG 00480","00480","RRM1",0.405389227519308,2.55540316130235,"up","up",TRUE
"KEGG 00480","00480","RRM2B",0.0940007684969771,2.6530965312769,"up","up",TRUE
"KEGG 00480","00480","ANPEP",-0.172328081868068,NA,"down","not tested",FALSE
"KEGG 00480","00480","G6PD",0.0435707104792111,NA,"up","not tested",FALSE
"KEGG 00480","00480","GGT1",-0.372016026505701,NA,"down","not tested",FALSE
"KEGG 00480","00480","GGT7",-0.05860704679152,NA,"down","not tested",FALSE
"KEGG 00480","00480","GGT5",-0.25463251414418,NA,"down","not tested",FALSE
"KEGG 00480","00480","GCLC",0.240708339955391,NA,"up","not tested",FALSE
"KEGG 00480","00480","GCLM",-0.4089428402988,2.44615523770193,"down","up",FALSE
"KEGG 00480","00480","GPX1",-0.0747655204245398,4.61803213452716,"down","up",FALSE
"KEGG 00480","00480","GPX3",0.696229396962061,NA,"up","not tested",FALSE
"KEGG 00480","00480","GPX7",-0.851768749285213,NA,"down","not tested",FALSE
"KEGG 00480","00480","GSR",0.0183849810915559,-1.41128663381975,"up","down",FALSE
"KEGG 00480","00480","GSS",-0.0501445719821943,2.33546679138682,"down","up",FALSE
"KEGG 00480","00480","GSTM1",2.0757677929649,NA,"up","not tested",FALSE
"KEGG 00480","00480","GSTM3",-0.135636701733886,1.93623467234806,"down","up",FALSE
"KEGG 00480","00480","GSTM4",0.00317156985090988,NA,"up","not tested",FALSE
"KEGG 00480","00480","GSTM5",0.221272469319624,NA,"up","not tested",FALSE
"KEGG 00480","00480","GSTP1",-0.173028162765356,NA,"down","not tested",FALSE
"KEGG 00480","00480","GSTT1",NA,1.22941042034213,"not tested","up",FALSE
"KEGG 00480","00480","GSTZ1",-0.191489166965051,NA,"down","not tested",FALSE
"KEGG 00480","00480","IDH1",0.0101764570591775,NA,"up","not tested",FALSE
"KEGG 00480","00480","IDH2",-0.20118594516135,NA,"down","not tested",FALSE
"KEGG 00480","00480","MGST2",-0.0478050919033997,2.10917665839697,"down","up",FALSE
"KEGG 00480","00480","MGST3",-0.0849346107173563,3.32475099383104,"down","up",FALSE
"KEGG 00480","00480","ODC1",-0.249411141352946,NA,"down","not tested",FALSE
"KEGG 00480","00480","PGD",-0.172554832756649,NA,"down","not tested",FALSE
"KEGG 00480","00480","RRM2",0.65094369747164,NA,"up","not tested",FALSE
"KEGG 00480","00480","SMS",0.00823923087402988,NA,"up","not tested",FALSE
"KEGG 00480","00480","SRM",-0.0643809934819539,1.38256068579302,"down","up",FALSE
"KEGG 00480","00480","GSTO1",0.0597339387918414,NA,"up","not tested",FALSE
"KEGG 00480","00480","OPLAH",-0.134762181080842,NA,"down","not tested",FALSE
"KEGG 00480","00480","LAP3",-0.076627944278784,NA,"down","not tested",FALSE
"KEGG 00480","00480","TXNDC12",-0.0956969300464391,1.54988741882343,"down","up",FALSE
"KEGG 00480","00480","GGCT",-0.141896545845473,NA,"down","not tested",FALSE
"KEGG 00480","00480","GSTO2",-0.329766609760456,NA,"down","not tested",FALSE
"KEGG 00480","00480","GSTK1",-0.0400061018812305,1.22876230502464,"down","up",FALSE
"KEGG 00510","00510","DPAGT1",0.0798546904447457,3.55916656444904,"up","up",TRUE
"KEGG 00510","00510","MGAT1",0.0176557271725654,1.63663733360333,"up","up",TRUE
"KEGG 00510","00510","MGAT2",0.040948500214344,1.20204334026707,"up","up",TRUE
"KEGG 00510","00510","MOGS",-0.055554941187073,-1.04835149897961,"down","down",TRUE
"KEGG 00510","00510","B4GALT3",0.0124253126234671,2.28839488752755,"up","up",TRUE
"KEGG 00510","00510","DPM2",-0.0117649838490737,-1.40778149827161,"down","down",TRUE
"KEGG 00510","00510","ALG6",0.025815416825083,2.53157497143039,"up","up",TRUE
"KEGG 00510","00510","DPM3",-0.0591566907939627,-1.84437215403845,"down","down",TRUE
"KEGG 00510","00510","ALG8",0.0627638744906801,3.65374756464091,"up","up",TRUE
"KEGG 00510","00510","ALG12",0.19323371131221,1.95514888195229,"up","up",TRUE
"KEGG 00510","00510","ALG13",0.12373774438382,1.26197850776667,"up","up",TRUE
"KEGG 00510","00510","ALG10",0.149688149163698,2.97241300136002,"up","up",TRUE
"KEGG 00510","00510","ALG10B",0.115047598317438,3.33541839719706,"up","up",TRUE
"KEGG 00510","00510","ALG14",0.0467749037657963,2.57071057241945,"up","up",TRUE
"KEGG 00510","00510","DAD1",-0.0533102728039195,1.92564234531432,"down","up",FALSE
"KEGG 00510","00510","DDOST",-0.138095677575499,1.92546164867848,"down","up",FALSE
"KEGG 00510","00510","FUT8",-0.00744106307846132,NA,"down","not tested",FALSE
"KEGG 00510","00510","B4GALT1",-0.525002712453332,NA,"down","not tested",FALSE
"KEGG 00510","00510","STT3A",-0.0534735022218859,NA,"down","not tested",FALSE
"KEGG 00510","00510","MAN1A1",0.153561292161876,-1.0806979763881,"up","down",FALSE
"KEGG 00510","00510","MAN2A2",0.169064899099042,NA,"up","not tested",FALSE
"KEGG 00510","00510","MAN2A1",-0.253404454972944,NA,"down","not tested",FALSE
"KEGG 00510","00510","MGAT5",0.4524090781864,-3.51237419573207,"up","down",FALSE
"KEGG 00510","00510","RPN1",-0.0715934003198213,NA,"down","not tested",FALSE
"KEGG 00510","00510","RPN2",-0.220941849068033,2.99910629827642,"down","up",FALSE
"KEGG 00510","00510","ST6GAL1",0.401861534683067,NA,"up","not tested",FALSE
"KEGG 00510","00510","TUSC3",-0.221658346828559,NA,"down","not tested",FALSE
"KEGG 00510","00510","B4GALT2",-0.141180466219399,NA,"down","not tested",FALSE
"KEGG 00510","00510","DPM1",-0.140745907989468,NA,"down","not tested",FALSE
"KEGG 00510","00510","ALG3",-0.0972082755837904,1.92748390909036,"down","up",FALSE
"KEGG 00510","00510","MAN1A2",0.124162141335109,NA,"up","not tested",FALSE
"KEGG 00510","00510","MAN1B1",-0.095056373847915,1.23967353884951,"down","up",FALSE
"KEGG 00510","00510","MGAT4B",0.271065718009619,NA,"up","not tested",FALSE
"KEGG 00510","00510","DOLK",-0.0770414514727971,NA,"down","not tested",FALSE
"KEGG 00510","00510","GANAB",-0.119236513859733,NA,"down","not tested",FALSE
"KEGG 00510","00510","ALG5",0.0266924938912202,NA,"up","not tested",FALSE
"KEGG 00510","00510","ALG1",0.0236130169630224,NA,"up","not tested",FALSE
"KEGG 00510","00510","MAN1C1",0.688894428441039,NA,"up","not tested",FALSE
"KEGG 00510","00510","DOLPP1",0.272484244497153,NA,"up","not tested",FALSE
"KEGG 00510","00510","ALG9",-0.0496172294339833,2.16613889438654,"down","up",FALSE
"KEGG 00510","00510","ST6GAL2",0.0442378165892874,-1.90603049302811,"up","down",FALSE
"KEGG 00510","00510","ALG2",-0.00990279344596841,NA,"down","not tested",FALSE
"KEGG 00510","00510","RFT1",0.0472966667242739,NA,"up","not tested",FALSE
"KEGG 00510","00510","STT3B",-0.252936663834656,NA,"down","not tested",FALSE
"KEGG 00510","00510","ALG11",-0.0205308413983303,NA,"down","not tested",FALSE
"KEGG 00563","00563","PIGC",0.0553329376143385,2.22167147078557,"up","up",TRUE
"KEGG 00563","00563","DPM2",-0.0117649838490737,-1.40778149827161,"down","down",TRUE
"KEGG 00563","00563","PIGG",0.0954731738934559,1.25627966879283,"up","up",TRUE
"KEGG 00563","00563","PIGV",0.0870004639150034,4.01526740206937,"up","up",TRUE
"KEGG 00563","00563","PIGZ",0.261238329615414,1.10331466852056,"up","up",TRUE
"KEGG 00563","00563","PIGM",0.0186398504679236,1.76102420279795,"up","up",TRUE
"KEGG 00563","00563","PIGA",0.0591393667829448,NA,"up","not tested",FALSE
"KEGG 00563","00563","PIGF",-0.105858832512528,NA,"down","not tested",FALSE
"KEGG 00563","00563","PIGH",0.0124083693659278,NA,"up","not tested",FALSE
"KEGG 00563","00563","GPAA1",0.126856864279706,NA,"up","not tested",FALSE
"KEGG 00563","00563","PIGQ",0.0701962986470103,NA,"up","not tested",FALSE
"KEGG 00563","00563","PIGL",-0.00933045626395179,NA,"down","not tested",FALSE
"KEGG 00563","00563","PIGB",-0.0024634441719608,NA,"down","not tested",FALSE
"KEGG 00563","00563","PIGK",-0.148022041786959,2.00113174697541,"down","up",FALSE
"KEGG 00563","00563","PIGN",0.0119087571960638,NA,"up","not tested",FALSE
"KEGG 00563","00563","PIGP",-0.157781999351433,1.46826815732744,"down","up",FALSE
"KEGG 00563","00563","PIGT",-0.0736669326344393,2.20601715979078,"down","up",FALSE
"KEGG 00563","00563","PIGX",-0.213400022989298,NA,"down","not tested",FALSE
"KEGG 00563","00563","PGAP1",-0.360056519152733,1.5942984448084,"down","up",FALSE
"KEGG 00563","00563","PIGO",-0.0426944901943638,1.9884148253067,"down","up",FALSE
"KEGG 00563","00563","PIGY",-0.209214875869074,1.26376897135748,"down","up",FALSE
"KEGG 00563","00563","PIGS",-0.0389345156619531,1.76064711206183,"down","up",FALSE
"KEGG 00563","00563","PIGU",0.156389497698998,NA,"up","not tested",FALSE
"KEGG 00563","00563","PIGW",-0.0373696424353438,NA,"down","not tested",FALSE
"KEGG 00640","00640","ABAT",0.0174902265047908,NA,"up","not tested",FALSE
"KEGG 00640","00640","ACACA",0.0555806839275884,NA,"up","not tested",FALSE
"KEGG 00640","00640","ACACB",0.165802084669689,NA,"up","not tested",FALSE
"KEGG 00640","00640","ACADM",-0.21264545204368,NA,"down","not tested",FALSE
"KEGG 00640","00640","ACAT1",0.00206712631672499,NA,"up","not tested",FALSE
"KEGG 00640","00640","ACAT2",0.336492290366266,NA,"up","not tested",FALSE
"KEGG 00640","00640","ALDH2",-0.216009767652506,NA,"down","not tested",FALSE
"KEGG 00640","00640","ALDH1B1",-0.0169927301248998,NA,"down","not tested",FALSE
"KEGG 00640","00640","ALDH9A1",-0.0688166465144466,2.07095585229633,"down","up",FALSE
"KEGG 00640","00640","ALDH3A2",-0.127264361882704,3.06121533807184,"down","up",FALSE
"KEGG 00640","00640","ALDH7A1",-0.13036376473778,NA,"down","not tested",FALSE
"KEGG 00640","00640","ECHS1",-0.017143741999402,NA,"down","not tested",FALSE
"KEGG 00640","00640","EHHADH",-0.00901944625924181,NA,"down","not tested",FALSE
"KEGG 00640","00640","HADHA",0.0532458694205485,NA,"up","not tested",FALSE
"KEGG 00640","00640","LDHA",-0.227592866266471,3.30411066759002,"down","up",FALSE
"KEGG 00640","00640","LDHB",-0.0526592577512631,NA,"down","not tested",FALSE
"KEGG 00640","00640","ALDH6A1",0.264861632063568,NA,"up","not tested",FALSE
"KEGG 00640","00640","PCCA",-0.000487924299265143,NA,"down","not tested",FALSE
"KEGG 00640","00640","PCCB",-0.147786390983253,NA,"down","not tested",FALSE
"KEGG 00640","00640","SUCLG2",-0.0605893271000119,2.22642430848605,"down","up",FALSE
"KEGG 00640","00640","SUCLG1",-0.106836925966694,NA,"down","not tested",FALSE
"KEGG 00640","00640","SUCLA2",0.0169509645510374,NA,"up","not tested",FALSE
"KEGG 00640","00640","MLYCD",0.0455818483161997,NA,"up","not tested",FALSE
"KEGG 00640","00640","HIBCH",-0.0468383658934364,1.92275981900888,"down","up",FALSE
"KEGG 00640","00640","ACSS2",0.0707616789520757,NA,"up","not tested",FALSE
"KEGG 00640","00640","ACSS3",0.153642561873546,NA,"up","not tested",FALSE
"KEGG 00640","00640","ACSS1",-0.0808139676053995,NA,"down","not tested",FALSE
"KEGG 00640","00640","MCEE",-0.286468025917308,3.51301999901266,"down","up",FALSE
"KEGG 00650","00650","ACSM3",0.0318503355075432,1.71380651984633,"up","up",TRUE
"KEGG 00650","00650","ABAT",0.0174902265047908,NA,"up","not tested",FALSE
"KEGG 00650","00650","ACADS",-0.0256788811573682,NA,"down","not tested",FALSE
"KEGG 00650","00650","ACAT1",0.00206712631672499,NA,"up","not tested",FALSE
"KEGG 00650","00650","ACAT2",0.336492290366266,NA,"up","not tested",FALSE
"KEGG 00650","00650","BDH1",0.162636016259827,NA,"up","not tested",FALSE
"KEGG 00650","00650","ECHS1",-0.017143741999402,NA,"down","not tested",FALSE
"KEGG 00650","00650","EHHADH",-0.00901944625924181,NA,"down","not tested",FALSE
"KEGG 00650","00650","GAD1",NA,1.32858764679836,"not tested","up",FALSE
"KEGG 00650","00650","HADHA",0.0532458694205485,NA,"up","not tested",FALSE
"KEGG 00650","00650","HADH",-0.137849105571511,2.19797528732425,"down","up",FALSE
"KEGG 00650","00650","HMGCL",-0.0243588879212048,2.49959159325907,"down","up",FALSE
"KEGG 00650","00650","HMGCS1",-0.0150528753139696,2.08412088265268,"down","up",FALSE
"KEGG 00650","00650","OXCT1",-0.0726630027012135,1.69398247925811,"down","up",FALSE
"KEGG 00650","00650","PDHA1",-0.0758087370046829,NA,"down","not tested",FALSE
"KEGG 00650","00650","PDHB",-0.0739487806257796,NA,"down","not tested",FALSE
"KEGG 00650","00650","ALDH5A1",-0.19373028301354,2.01036698274949,"down","up",FALSE
"KEGG 00650","00650","ACSM5",0.0032325585627905,NA,"up","not tested",FALSE
"KEGG 00650","00650","BDH2",0.128566530548525,NA,"up","not tested",FALSE
"KEGG 00650","00650","AKR1B10",0.0306288628396951,NA,"up","not tested",FALSE
"KEGG 00650","00650","AACS",0.00302003510761897,NA,"up","not tested",FALSE
"KEGG 00650","00650","L2HGDH",-0.00780874862552643,NA,"down","not tested",FALSE
"KEGG 00650","00650","ACSM2B",NA,1.45265325730953,"not tested","up",FALSE
"KEGG 00982","00982","ALDH1A3",0.142167466717554,1.21700973426329,"up","up",TRUE
"KEGG 00982","00982","CYP2E1",0.33464103906358,1.12226300814132,"up","up",TRUE
"KEGG 00982","00982","FMO4",0.127822661562855,1.81847384890438,"up","up",TRUE
"KEGG 00982","00982","GSTA4",0.120828346314898,3.22958406221891,"up","up",TRUE
"KEGG 00982","00982","GSTM2",0.413145821324141,1.28272078438913,"up","up",TRUE
"KEGG 00982","00982","MGST1",0.0692448152543871,1.92005898141009,"up","up",TRUE
"KEGG 00982","00982","ADH1A",NA,3.48218016574633,"not tested","up",FALSE
"KEGG 00982","00982","ADH1B",0.292927734887713,NA,"up","not tested",FALSE
"KEGG 00982","00982","ADH1C",-1.94510659046391,3.34880830566278,"down","up",FALSE
"KEGG 00982","00982","ADH5",0.224310571719593,NA,"up","not tested",FALSE
"KEGG 00982","00982","ADH7",NA,4.49006516941542,"not tested","up",FALSE
"KEGG 00982","00982","ALDH3B1",0.276983458687608,-1.62445641137915,"up","down",FALSE
"KEGG 00982","00982","ALDH3B2",NA,2.67497135745949,"not tested","up",FALSE
"KEGG 00982","00982","AOX1",-0.497583859340094,NA,"down","not tested",FALSE
"KEGG 00982","00982","CYP2C19",NA,-1.6954906522737,"not tested","down",FALSE
"KEGG 00982","00982","CYP2C8",NA,2.58293969923286,"not tested","up",FALSE
"KEGG 00982","00982","CYP2D6",NA,1.90048634026171,"not tested","up",FALSE
"KEGG 00982","00982","CYP3A5",0.539000814134079,NA,"up","not tested",FALSE
"KEGG 00982","00982","FMO1",-1.16707083296659,NA,"down","not tested",FALSE
"KEGG 00982","00982","FMO2",-0.809049777834721,NA,"down","not tested",FALSE
"KEGG 00982","00982","FMO3",-0.0286315053846513,NA,"down","not tested",FALSE
"KEGG 00982","00982","FMO5",-0.0101454451939859,1.03617020064438,"down","up",FALSE
"KEGG 00982","00982","GSTM1",2.0757677929649,NA,"up","not tested",FALSE
"KEGG 00982","00982","GSTM3",-0.135636701733886,1.93623467234806,"down","up",FALSE
"KEGG 00982","00982","GSTM4",0.00317156985090988,NA,"up","not tested",FALSE
"KEGG 00982","00982","GSTM5",0.221272469319624,NA,"up","not tested",FALSE
"KEGG 00982","00982","GSTP1",-0.173028162765356,NA,"down","not tested",FALSE
"KEGG 00982","00982","GSTT1",NA,1.22941042034213,"not tested","up",FALSE
"KEGG 00982","00982","GSTZ1",-0.191489166965051,NA,"down","not tested",FALSE
"KEGG 00982","00982","MAOA",-0.483198616720596,NA,"down","not tested",FALSE
"KEGG 00982","00982","MAOB",0.0498044750440309,NA,"up","not tested",FALSE
"KEGG 00982","00982","MGST2",-0.0478050919033997,2.10917665839697,"down","up",FALSE
"KEGG 00982","00982","MGST3",-0.0849346107173563,3.32475099383104,"down","up",FALSE
"KEGG 00982","00982","UGT2B7",NA,-1.76890861408947,"not tested","down",FALSE
"KEGG 00982","00982","GSTO1",0.0597339387918414,NA,"up","not tested",FALSE
"KEGG 00982","00982","UGT2A1",NA,-2.25527266355831,"not tested","down",FALSE
"KEGG 00982","00982","UGT1A7",NA,4.25788173692478,"not tested","up",FALSE
"KEGG 00982","00982","UGT1A6",NA,2.90091857505479,"not tested","up",FALSE
"KEGG 00982","00982","UGT1A9",NA,-2.64957632758515,"not tested","down",FALSE
"KEGG 00982","00982","GSTO2",-0.329766609760456,NA,"down","not tested",FALSE
"KEGG 00982","00982","GSTK1",-0.0400061018812305,1.22876230502464,"down","up",FALSE
"KEGG 03010 - Ribosome","03010","RPS6",-0.18189566035994,-1.18534930191597,"down","down",TRUE
"KEGG 03010 - Ribosome","03010","RPS12",-0.217234748885444,-1.18168250255775,"down","down",TRUE
"KEGG 03010 - Ribosome","03010","RPL22L1",0.117342801903102,4.16950523634871,"up","up",TRUE
"KEGG 03010 - Ribosome","03010","FAU",-0.103351164908666,2.29533282707784,"down","up",FALSE
"KEGG 03010 - Ribosome","03010","RPSA",-0.323588932659481,NA,"down","not tested",FALSE
"KEGG 03010 - Ribosome","03010","RPL10A",-0.176276220737366,1.36509652562566,"down","up",FALSE
"KEGG 03010 - Ribosome","03010","RPL3",-0.148367783809383,4.50059933506442,"down","up",FALSE
"KEGG 03010 - Ribosome","03010","RPL4",-0.15455986962478,NA,"down","not tested",FALSE
"KEGG 03010 - Ribosome","03010","RPL5",-0.159602383900736,NA,"down","not tested",FALSE
"KEGG 03010 - Ribosome","03010","RPL6",-0.115700874188474,NA,"down","not tested",FALSE
"KEGG 03010 - Ribosome","03010","RPL7",-0.111570296687135,NA,"down","not tested",FALSE
"KEGG 03010 - Ribosome","03010","RPL7A",-0.209197982049066,4.10023599931237,"down","up",FALSE
"KEGG 03010 - Ribosome","03010","RPL8",-0.182708781721435,4.50973966677118,"down","up",FALSE
"KEGG 03010 - Ribosome","03010","RPL9",-0.490978289775813,2.63190265541996,"down","up",FALSE
"KEGG 03010 - Ribosome","03010","RPL10",-0.0872301407100321,NA,"down","not tested",FALSE
"KEGG 03010 - Ribosome","03010","RPL11",-0.102650534358819,NA,"down","not tested",FALSE
"KEGG 03010 - Ribosome","03010","RPL12",-0.26288030669117,2.7234029910243,"down","up",FALSE
"KEGG 03010 - Ribosome","03010","RPL13",-0.174845926987211,1.20611299238779,"down","up",FALSE
"KEGG 03010 - Ribosome","03010","RPL15",-0.131310627746049,3.06971067225108,"down","up",FALSE
"KEGG 03010 - Ribosome","03010","RPL17",-0.151855931702376,NA,"down","not tested",FALSE
"KEGG 03010 - Ribosome","03010","RPL18",-0.154290534695986,NA,"down","not tested",FALSE
"KEGG 03010 - Ribosome","03010","RPL18A",-0.236876493377464,NA,"down","not tested",FALSE
"KEGG 03010 - Ribosome","03010","RPL19",-0.120952089488332,5.39605616508514,"down","up",FALSE
"KEGG 03010 - Ribosome","03010","RPL21",-0.0874521245287048,2.89497049177141,"down","up",FALSE
"KEGG 03010 - Ribosome","03010","RPL22",-0.102924800816447,5.99107643408907,"down","up",FALSE
"KEGG 03010 - Ribosome","03010","RPL23A",-0.0641922730450691,NA,"down","not tested",FALSE
"KEGG 03010 - Ribosome","03010","RPL24",-0.148121602360219,NA,"down","not tested",FALSE
"KEGG 03010 - Ribosome","03010","RPL26",-0.195342243259331,3.65939300313851,"down","up",FALSE
"KEGG 03010 - Ribosome","03010","RPL27",-0.209972922923537,NA,"down","not tested",FALSE
"KEGG 03010 - Ribosome","03010","RPL30",-0.0980803146032376,NA,"down","not tested",FALSE
"KEGG 03010 - Ribosome","03010","RPL27A",-0.210325475104109,3.97114813465116,"down","up",FALSE
"KEGG 03010 - Ribosome","03010","RPL28",-0.206366822303736,1.67820615967294,"down","up",FALSE
"KEGG 03010 - Ribosome","03010","RPL29",-0.091379597710446,NA,"down","not tested",FALSE
"KEGG 03010 - Ribosome","03010","RPL31",-0.182784252549497,NA,"down","not tested",FALSE
"KEGG 03010 - Ribosome","03010","RPL32",-0.156602949018231,NA,"down","not tested",FALSE
"KEGG 03010 - Ribosome","03010","RPL34",-0.241287272029887,1.6702813191954,"down","up",FALSE
"KEGG 03010 - Ribosome","03010","RPL35A",-0.169631051518145,NA,"down","not tested",FALSE
"KEGG 03010 - Ribosome","03010","RPL36AL",0.023949090634644,NA,"up","not tested",FALSE
"KEGG 03010 - Ribosome","03010","RPL37",-0.230928784475702,NA,"down","not tested",FALSE
"KEGG 03010 - Ribosome","03010","RPL37A",-0.201949582367399,1.54988465951417,"down","up",FALSE
"KEGG 03010 - Ribosome","03010","RPL38",-0.124572969342229,NA,"down","not tested",FALSE
"KEGG 03010 - Ribosome","03010","RPL39",-0.191735923531273,4.39144283645314,"down","up",FALSE
"KEGG 03010 - Ribosome","03010","RPL41",-0.123647429797881,2.56252650183413,"down","up",FALSE
"KEGG 03010 - Ribosome","03010","RPL36A",-0.157695525591046,NA,"down","not tested",FALSE
"KEGG 03010 - Ribosome","03010","RPLP0",-0.166500580889528,2.22699865459028,"down","up",FALSE
"KEGG 03010 - Ribosome","03010","RPLP1",-0.115659040356873,2.25262165710748,"down","up",FALSE
"KEGG 03010 - Ribosome","03010","RPLP2",-0.151359371611984,4.73946899989057,"down","up",FALSE
"KEGG 03010 - Ribosome","03010","RPS2",-0.30041309214664,NA,"down","not tested",FALSE
"KEGG 03010 - Ribosome","03010","RPS3",-0.316670699522425,1.58167397943253,"down","up",FALSE
"KEGG 03010 - Ribosome","03010","RPS3A",-0.144551226066702,NA,"down","not tested",FALSE
"KEGG 03010 - Ribosome","03010","RPS4X",-0.192774035402807,NA,"down","not tested",FALSE
"KEGG 03010 - Ribosome","03010","RPS4Y1",NA,-2.1276700564259,"not tested","down",FALSE
"KEGG 03010 - Ribosome","03010","RPS5",-0.147179171158748,1.39228933804194,"down","up",FALSE
"KEGG 03010 - Ribosome","03010","RPS7",-0.16005273354438,4.99257323234351,"down","up",FALSE
"KEGG 03010 - Ribosome","03010","RPS8",-0.27015580634912,3.04471266622777,"down","up",FALSE
"KEGG 03010 - Ribosome","03010","RPS9",-0.39235287944757,1.46382331121468,"down","up",FALSE
"KEGG 03010 - Ribosome","03010","RPS10",-0.166125994506884,NA,"down","not tested",FALSE
"KEGG 03010 - Ribosome","03010","RPS11",-0.145242699730934,NA,"down","not tested",FALSE
"KEGG 03010 - Ribosome","03010","RPS13",-0.153869691191223,NA,"down","not tested",FALSE
"KEGG 03010 - Ribosome","03010","RPS14",-0.196123989944875,NA,"down","not tested",FALSE
"KEGG 03010 - Ribosome","03010","RPS15",-0.0386511592355769,NA,"down","not tested",FALSE
"KEGG 03010 - Ribosome","03010","RPS15A",-0.152534754176163,4.77186299794336,"down","up",FALSE
"KEGG 03010 - Ribosome","03010","RPS16",-0.190211679362661,3.56793550422426,"down","up",FALSE
"KEGG 03010 - Ribosome","03010","RPS17",-0.225796035548669,2.12044082861154,"down","up",FALSE
"KEGG 03010 - Ribosome","03010","RPS18",-0.199094690220215,4.2342273327059,"down","up",FALSE
"KEGG 03010 - Ribosome","03010","RPS19",-0.0944228705565985,NA,"down","not tested",FALSE
"KEGG 03010 - Ribosome","03010","RPS20",-0.147895202617366,1.37949215612987,"down","up",FALSE
"KEGG 03010 - Ribosome","03010","RPS21",-0.205030967689086,NA,"down","not tested",FALSE
"KEGG 03010 - Ribosome","03010","RPS23",-0.201136345323863,4.54172483517755,"down","up",FALSE
"KEGG 03010 - Ribosome","03010","RPS24",-0.182301491271254,4.01790366936689,"down","up",FALSE
"KEGG 03010 - Ribosome","03010","RPS25",-0.12543902287981,NA,"down","not tested",FALSE
"KEGG 03010 - Ribosome","03010","RPS26",0.116848022991273,NA,"up","not tested",FALSE
"KEGG 03010 - Ribosome","03010","RPS27",-0.125502948094272,NA,"down","not tested",FALSE
"KEGG 03010 - Ribosome","03010","RPS27A",-0.16651791069756,3.51244132763636,"down","up",FALSE
"KEGG 03010 - Ribosome","03010","RPS28",-0.252302131815408,2.74727900546196,"down","up",FALSE
"KEGG 03010 - Ribosome","03010","RPS29",-0.197515897994089,1.35746969123969,"down","up",FALSE
"KEGG 03010 - Ribosome","03010","UBA52",-0.0944392764832278,1.39242964634808,"down","up",FALSE
"KEGG 03010 - Ribosome","03010","RPL14",-0.165889599006674,5.0426323353264,"down","up",FALSE
"KEGG 03010 - Ribosome","03010","RPL23",-0.297919098585914,NA,"down","not tested",FALSE
"KEGG 03010 - Ribosome","03010","RPL35",-0.215608258707899,2.46211599496539,"down","up",FALSE
"KEGG 03010 - Ribosome","03010","RPL13A",-0.16721671834484,1.72380780619061,"down","up",FALSE
"KEGG 03010 - Ribosome","03010","RPL36",-0.232489271685557,3.14866266690562,"down","up",FALSE
"KEGG 03010 - Ribosome","03010","MRPL13",-0.0491486630273416,NA,"down","not tested",FALSE
"KEGG 03010 - Ribosome","03010","RPS27L",-0.0700457221931624,NA,"down","not tested",FALSE
"KEGG 03010 - Ribosome","03010","RPL26L1",-0.110209707622172,NA,"down","not tested",FALSE
"KEGG 03010 - Ribosome","03010","RSL24D1",-0.223373109089769,3.82934073243118,"down","up",FALSE
"KEGG 03013 - RNA transport","03013","NUP98",0.176780176219325,1.17216482522299,"up","up",TRUE
"KEGG 03013 - RNA transport","03013","SMN1",-0.408571333727215,-4.68798093054822,"down","down",TRUE
"KEGG 03013 - RNA transport","03013","DDX39B",0.069649639697281,4.88669470222206,"up","up",TRUE
"KEGG 03013 - RNA transport","03013","RAE1",0.0551548579806017,4.08729637009784,"up","up",TRUE
"KEGG 03013 - RNA transport","03013","EIF3J",-0.161248352988642,-1.99349568472439,"down","down",TRUE
"KEGG 03013 - RNA transport","03013","EIF2B4",0.0239178023166474,1.1024696113738,"up","up",TRUE
"KEGG 03013 - RNA transport","03013","EIF5B",-0.0352154299868365,-1.71777234915963,"down","down",TRUE
"KEGG 03013 - RNA transport","03013","POP7",0.00217619766666852,1.52750182802105,"up","up",TRUE
"KEGG 03013 - RNA transport","03013","NXF1",0.103174600705504,1.35810943872668,"up","up",TRUE
"KEGG 03013 - RNA transport","03013","RPP30",0.075211166742029,3.17760133700644,"up","up",TRUE
"KEGG 03013 - RNA transport","03013","PAIP1",0.0318193128254459,2.60748279633746,"up","up",TRUE
"KEGG 03013 - RNA transport","03013","POP4",0.0919871695160916,1.65543247988094,"up","up",TRUE
"KEGG 03013 - RNA transport","03013","RPP14",0.105136911351462,2.19697066190642,"up","up",TRUE
"KEGG 03013 - RNA transport","03013","GEMIN4",0.180162462185386,1.51086411642483,"up","up",TRUE
"KEGG 03013 - RNA transport","03013","PHAX",0.0498901207396948,1.75210351543717,"up","up",TRUE
"KEGG 03013 - RNA transport","03013","NUP133",0.000897212846154161,2.07662028353121,"up","up",TRUE
"KEGG 03013 - RNA transport","03013","UPF3A",-0.0436369512940449,-1.22664619580546,"down","down",TRUE
"KEGG 03013 - RNA transport","03013","THOC7",-0.10487980662684,-3.54170766499384,"down","down",TRUE
"KEGG 03013 - RNA transport","03013","TGS1",0.0747885326172857,1.37859374355727,"up","up",TRUE
"KEGG 03013 - RNA transport","03013","NUP35",0.148113160987282,1.95578563826126,"up","up",TRUE
"KEGG 03013 - RNA transport","03013","POM121C",0.0297300763079397,1.02219464371856,"up","up",TRUE
"KEGG 03013 - RNA transport","03013","CLNS1A",-0.0422646330462139,NA,"down","not tested",FALSE
"KEGG 03013 - RNA transport","03013","EEF1A1",-0.0846358155411697,2.5325791643432,"down","up",FALSE
"KEGG 03013 - RNA transport","03013","EIF1AX",0.116736729477488,NA,"up","not tested",FALSE
"KEGG 03013 - RNA transport","03013","EIF2S1",-0.000499746395274854,NA,"down","not tested",FALSE
"KEGG 03013 - RNA transport","03013","EIF2B1",0.0425459629272033,NA,"up","not tested",FALSE
"KEGG 03013 - RNA transport","03013","EIF2S3",-0.111067553451155,NA,"down","not tested",FALSE
"KEGG 03013 - RNA transport","03013","EIF4A1",0.00609765859301902,NA,"up","not tested",FALSE
"KEGG 03013 - RNA transport","03013","EIF4A2",-0.042627009687091,1.91526117314548,"down","up",FALSE
"KEGG 03013 - RNA transport","03013","EIF4B",0.110300049935353,NA,"up","not tested",FALSE
"KEGG 03013 - RNA transport","03013","EIF4E",0.0898360993128784,NA,"up","not tested",FALSE
"KEGG 03013 - RNA transport","03013","EIF4EBP1",-0.719272295693993,NA,"down","not tested",FALSE
"KEGG 03013 - RNA transport","03013","EIF4G1",0.0361638558377791,-1.57143508673422,"up","down",FALSE
"KEGG 03013 - RNA transport","03013","EIF4G2",0.0891725687857799,NA,"up","not tested",FALSE
"KEGG 03013 - RNA transport","03013","EIF5",-0.0227893119963286,NA,"down","not tested",FALSE
"KEGG 03013 - RNA transport","03013","EIF3E",-0.0305497981427807,1.87407671708205,"down","up",FALSE
"KEGG 03013 - RNA transport","03013","KPNB1",0.15196159856583,NA,"up","not tested",FALSE
"KEGG 03013 - RNA transport","03013","MAGOH",0.00549411890014253,NA,"up","not tested",FALSE
"KEGG 03013 - RNA transport","03013","NCBP1",-0.0456260184106466,1.64232746219313,"down","up",FALSE
"KEGG 03013 - RNA transport","03013","NUP88",0.128846002839346,NA,"up","not tested",FALSE
"KEGG 03013 - RNA transport","03013","PABPC3",-0.126597093132259,2.34369812302849,"down","up",FALSE
"KEGG 03013 - RNA transport","03013","PNN",0.0307355674905373,NA,"up","not tested",FALSE
"KEGG 03013 - RNA transport","03013","RAN",0.0155466043545439,NA,"up","not tested",FALSE
"KEGG 03013 - RNA transport","03013","RANBP2",0.0814292234918981,-2.41872616915128,"up","down",FALSE
"KEGG 03013 - RNA transport","03013","RANGAP1",0.371661174432031,NA,"up","not tested",FALSE
"KEGG 03013 - RNA transport","03013","UPF1",0.0933102594468292,NA,"up","not tested",FALSE
"KEGG 03013 - RNA transport","03013","SEC13",-0.041699097684356,1.3913793935985,"down","up",FALSE
"KEGG 03013 - RNA transport","03013","SMN2",-0.762976575462324,NA,"down","not tested",FALSE
"KEGG 03013 - RNA transport","03013","SUMO3",-0.0218755928337979,NA,"down","not tested",FALSE
"KEGG 03013 - RNA transport","03013","SUMO2",0.0181766003857629,NA,"up","not tested",FALSE
"KEGG 03013 - RNA transport","03013","TPR",0.0997379259673921,NA,"up","not tested",FALSE
"KEGG 03013 - RNA transport","03013","UBE2I",0.059500531863436,NA,"up","not tested",FALSE
"KEGG 03013 - RNA transport","03013","SUMO1",-0.178343714392945,NA,"down","not tested",FALSE
"KEGG 03013 - RNA transport","03013","XPO1",-0.116152277759102,NA,"down","not tested",FALSE
"KEGG 03013 - RNA transport","03013","NUP214",0.0470340392126303,NA,"up","not tested",FALSE
"KEGG 03013 - RNA transport","03013","AAAS",-0.0920547742373986,2.0243728394713,"down","up",FALSE
"KEGG 03013 - RNA transport","03013","GEMIN2",-0.193101662190682,1.97963698199465,"down","up",FALSE
"KEGG 03013 - RNA transport","03013","THOC5",0.00966032422110464,NA,"up","not tested",FALSE
"KEGG 03013 - RNA transport","03013","EIF3A",0.130057476415244,-2.31462614362064,"up","down",FALSE
"KEGG 03013 - RNA transport","03013","EIF3B",-0.00759463287666458,NA,"down","not tested",FALSE
"KEGG 03013 - RNA transport","03013","EIF3C",-0.220995659186919,NA,"down","not tested",FALSE
"KEGG 03013 - RNA transport","03013","EIF3D",0.0599026928929104,NA,"up","not tested",FALSE
"KEGG 03013 - RNA transport","03013","EIF3F",-0.0207546091258826,NA,"down","not tested",FALSE
"KEGG 03013 - RNA transport","03013","EIF3G",-0.00274203103331321,NA,"down","not tested",FALSE
"KEGG 03013 - RNA transport","03013","EIF3H",-0.0887829662087544,1.43901582794041,"down","up",FALSE
"KEGG 03013 - RNA transport","03013","EIF3I",-0.0550190178855826,NA,"down","not tested",FALSE
"KEGG 03013 - RNA transport","03013","EIF4G3",0.077855817725464,NA,"up","not tested",FALSE
"KEGG 03013 - RNA transport","03013","PABPC4",-0.0022912854198776,2.37684587513539,"down","up",FALSE
"KEGG 03013 - RNA transport","03013","EIF2B3",-0.0265687453262253,NA,"down","not tested",FALSE
"KEGG 03013 - RNA transport","03013","EIF2B2",0.0809503653084015,NA,"up","not tested",FALSE
"KEGG 03013 - RNA transport","03013","EIF2B5",0.0775021452594662,NA,"up","not tested",FALSE
"KEGG 03013 - RNA transport","03013","EIF2S2",-0.326897083143609,NA,"down","not tested",FALSE
"KEGG 03013 - RNA transport","03013","EIF4E2",0.0328047990895929,NA,"up","not tested",FALSE
"KEGG 03013 - RNA transport","03013","NUP155",0.119474247809853,NA,"up","not tested",FALSE
"KEGG 03013 - RNA transport","03013","NUP93",0.0597870335246536,NA,"up","not tested",FALSE
"KEGG 03013 - RNA transport","03013","EIF4A3",0.0394729575561325,NA,"up","not tested",FALSE
"KEGG 03013 - RNA transport","03013","POM121",0.067023377670375,NA,"up","not tested",FALSE
"KEGG 03013 - RNA transport","03013","RBM8A",-0.0768773291679417,NA,"down","not tested",FALSE
"KEGG 03013 - RNA transport","03013","NUP153",0.283905105471616,NA,"up","not tested",FALSE
"KEGG 03013 - RNA transport","03013","THOC1",-0.0439478819997665,NA,"down","not tested",FALSE
"KEGG 03013 - RNA transport","03013","SNUPN",-0.165428844216379,NA,"down","not tested",FALSE
"KEGG 03013 - RNA transport","03013","ALYREF",0.0409317111578623,-1.12498818241791,"up","down",FALSE
"KEGG 03013 - RNA transport","03013","EIF1",-0.0906883477083242,1.79524100786795,"down","up",FALSE
"KEGG 03013 - RNA transport","03013","SRRM1",0.0410684442287148,NA,"up","not tested",FALSE
"KEGG 03013 - RNA transport","03013","SAP18",-0.021068335184704,3.00878937286241,"down","up",FALSE
"KEGG 03013 - RNA transport","03013","EIF1B",-0.135764498087422,1.28982331301323,"down","up",FALSE
"KEGG 03013 - RNA transport","03013","PRMT5",-0.0678369100486756,NA,"down","not tested",FALSE
"KEGG 03013 - RNA transport","03013","TACC3",0.427542724851735,NA,"up","not tested",FALSE
"KEGG 03013 - RNA transport","03013","RPP38",-0.190392714221959,NA,"down","not tested",FALSE
"KEGG 03013 - RNA transport","03013","NUP50",0.208875892682843,NA,"up","not tested",FALSE
"KEGG 03013 - RNA transport","03013","RPP40",-0.11861819401707,NA,"down","not tested",FALSE
"KEGG 03013 - RNA transport","03013","RNPS1",0.090177996363485,NA,"up","not tested",FALSE
"KEGG 03013 - RNA transport","03013","POP1",0.156638630157497,NA,"up","not tested",FALSE
"KEGG 03013 - RNA transport","03013","STRAP",-0.033031389377671,NA,"down","not tested",FALSE
"KEGG 03013 - RNA transport","03013","DDX20",0.0297698821056465,NA,"up","not tested",FALSE
"KEGG 03013 - RNA transport","03013","XPOT",-0.330673644130599,1.88332548319604,"down","up",FALSE
"KEGG 03013 - RNA transport","03013","CASC3",0.110434583385111,NA,"up","not tested",FALSE
"KEGG 03013 - RNA transport","03013","NCBP2",-0.0850642009780205,NA,"down","not tested",FALSE
"KEGG 03013 - RNA transport","03013","ACIN1",0.0960090483371384,-1.57930582321509,"up","down",FALSE
"KEGG 03013 - RNA transport","03013","NUP205",0.214077243767707,NA,"up","not tested",FALSE
"KEGG 03013 - RNA transport","03013","NUP160",0.138338758234768,NA,"up","not tested",FALSE
"KEGG 03013 - RNA transport","03013","NUP188",0.335048219845842,NA,"up","not tested",FALSE
"KEGG 03013 - RNA transport","03013","NUP62",0.259927608525689,NA,"up","not tested",FALSE
"KEGG 03013 - RNA transport","03013","GEMIN5",0.121657837389821,NA,"up","not tested",FALSE
"KEGG 03013 - RNA transport","03013","UPF2",0.076909436240251,-2.69792619728333,"up","down",FALSE
"KEGG 03013 - RNA transport","03013","PABPC1",-0.103110352811386,3.46430882912437,"down","up",FALSE
"KEGG 03013 - RNA transport","03013","NXT1",-0.0552617119292318,NA,"down","not tested",FALSE
"KEGG 03013 - RNA transport","03013","NMD3",-0.092151703519148,NA,"down","not tested",FALSE
"KEGG 03013 - RNA transport","03013","TRNT1",-0.125845278838303,NA,"down","not tested",FALSE
"KEGG 03013 - RNA transport","03013","POP5",0.0157518181915435,NA,"up","not tested",FALSE
"KEGG 03013 - RNA transport","03013","NUP54",0.0381695686547305,NA,"up","not tested",FALSE
"KEGG 03013 - RNA transport","03013","RPP25",-0.329033835640432,NA,"down","not tested",FALSE
"KEGG 03013 - RNA transport","03013","GEMIN8",-0.176762581694774,NA,"down","not tested",FALSE
"KEGG 03013 - RNA transport","03013","MAGOHB",-0.223695203106259,NA,"down","not tested",FALSE
"KEGG 03013 - RNA transport","03013","ELAC1",-0.270002863388031,NA,"down","not tested",FALSE
"KEGG 03013 - RNA transport","03013","NDC1",0.381264476354338,NA,"up","not tested",FALSE
"KEGG 03013 - RNA transport","03013","NXT2",0.156312686537718,NA,"up","not tested",FALSE
"KEGG 03013 - RNA transport","03013","NUP107",0.111364570227056,NA,"up","not tested",FALSE
"KEGG 03013 - RNA transport","03013","THOC2",0.0936213040942869,-2.90783719307555,"up","down",FALSE
"KEGG 03013 - RNA transport","03013","XPO5",0.0910017440915754,NA,"up","not tested",FALSE
"KEGG 03013 - RNA transport","03013","SENP2",0.14355654803028,NA,"up","not tested",FALSE
"KEGG 03013 - RNA transport","03013","ELAC2",0.157715230611224,NA,"up","not tested",FALSE
"KEGG 03013 - RNA transport","03013","UPF3B",0.0422889574026963,-2.91906200549631,"up","down",FALSE
"KEGG 03013 - RNA transport","03013","NUP37",-0.0153791212231564,2.31952990168475,"down","up",FALSE
"KEGG 03013 - RNA transport","03013","THOC6",-0.223170508356201,1.75461291513793,"down","up",FALSE
"KEGG 03013 - RNA transport","03013","GEMIN7",-0.132501520643797,NA,"down","not tested",FALSE
"KEGG 03013 - RNA transport","03013","GEMIN6",0.0572928382632786,NA,"up","not tested",FALSE
"KEGG 03013 - RNA transport","03013","RPP21",-0.147020035960046,NA,"down","not tested",FALSE
"KEGG 03013 - RNA transport","03013","NUP85",0.119879264183686,NA,"up","not tested",FALSE
"KEGG 03013 - RNA transport","03013","PABPC1L",-0.0106174375211642,NA,"down","not tested",FALSE
"KEGG 03013 - RNA transport","03013","SEH1L",-0.00990221240855268,2.70548433817519,"down","up",FALSE
"KEGG 03013 - RNA transport","03013","THOC3",0.0714041310674172,NA,"up","not tested",FALSE
"KEGG 03013 - RNA transport","03013","PABPC4L",-0.657890292747155,2.19874677602425,"down","up",FALSE
"KEGG 03013 - RNA transport","03013","RPP25L",-0.0967166527835972,NA,"down","not tested",FALSE
"KEGG 03013 - RNA transport","03013","PABPC5",-0.172180059120412,NA,"down","not tested",FALSE
"KEGG 03013 - RNA transport","03013","NUP43",-0.0296362780915694,NA,"down","not tested",FALSE
"KEGG 03013 - RNA transport","03013","SUMO4",NA,-1.12117173420164,"not tested","down",FALSE
"KEGG 03015 - mRNA surveillance pathway","03015","CSTF1",0.0721535919110649,3.34223469735085,"up","up",TRUE
"KEGG 03015 - mRNA surveillance pathway","03015","GSPT1",0.0747948331612166,2.30529499485721,"up","up",TRUE
"KEGG 03015 - mRNA surveillance pathway","03015","PPP2R2A",0.0184177816419466,2.9168916032134,"up","up",TRUE
"KEGG 03015 - mRNA surveillance pathway","03015","PPP2R5A",0.165790110143679,2.47071036850922,"up","up",TRUE
"KEGG 03015 - mRNA surveillance pathway","03015","PPP2R5B",0.0560373712850439,3.0041073073891,"up","up",TRUE
"KEGG 03015 - mRNA surveillance pathway","03015","PPP2R5C",0.0637226607232694,1.59537752658734,"up","up",TRUE
"KEGG 03015 - mRNA surveillance pathway","03015","DDX39B",0.069649639697281,4.88669470222206,"up","up",TRUE
"KEGG 03015 - mRNA surveillance pathway","03015","NXF1",0.103174600705504,1.35810943872668,"up","up",TRUE
"KEGG 03015 - mRNA surveillance pathway","03015","CPSF6",-0.128842967983589,-2.53058650841167,"down","down",TRUE
"KEGG 03015 - mRNA surveillance pathway","03015","PCF11",0.00681566912870652,1.888488318598,"up","up",TRUE
"KEGG 03015 - mRNA surveillance pathway","03015","UPF3A",-0.0436369512940449,-1.22664619580546,"down","down",TRUE
"KEGG 03015 - mRNA surveillance pathway","03015","FIP1L1",0.131043963057256,1.72447045838329,"up","up",TRUE
"KEGG 03015 - mRNA surveillance pathway","03015","CSTF2",-0.000865506677640176,NA,"down","not tested",FALSE
"KEGG 03015 - mRNA surveillance pathway","03015","CSTF3",-0.147243263137369,NA,"down","not tested",FALSE
"KEGG 03015 - mRNA surveillance pathway","03015","ETF1",-0.00997293284370299,NA,"down","not tested",FALSE
"KEGG 03015 - mRNA surveillance pathway","03015","MAGOH",0.00549411890014253,NA,"up","not tested",FALSE
"KEGG 03015 - mRNA surveillance pathway","03015","NCBP1",-0.0456260184106466,1.64232746219313,"down","up",FALSE
"KEGG 03015 - mRNA surveillance pathway","03015","PABPC3",-0.126597093132259,2.34369812302849,"down","up",FALSE
"KEGG 03015 - mRNA surveillance pathway","03015","PNN",0.0307355674905373,NA,"up","not tested",FALSE
"KEGG 03015 - mRNA surveillance pathway","03015","PPP2CA",-0.0227111997941659,1.2682021902218,"down","up",FALSE
"KEGG 03015 - mRNA surveillance pathway","03015","PPP2CB",0.107904540491344,NA,"up","not tested",FALSE
"KEGG 03015 - mRNA surveillance pathway","03015","PPP2R1A",0.185979211793241,NA,"up","not tested",FALSE
"KEGG 03015 - mRNA surveillance pathway","03015","PPP2R1B",-0.0479498705862526,NA,"down","not tested",FALSE
"KEGG 03015 - mRNA surveillance pathway","03015","PPP2R2B",NA,1.16719502118495,"not tested","up",FALSE
"KEGG 03015 - mRNA surveillance pathway","03015","PPP2R3A",0.0980580212927971,-2.25323663038008,"up","down",FALSE
"KEGG 03015 - mRNA surveillance pathway","03015","PPP2R5D",0.0237756862644538,NA,"up","not tested",FALSE
"KEGG 03015 - mRNA surveillance pathway","03015","PPP2R5E",0.0586166019071792,NA,"up","not tested",FALSE
"KEGG 03015 - mRNA surveillance pathway","03015","UPF1",0.0933102594468292,NA,"up","not tested",FALSE
"KEGG 03015 - mRNA surveillance pathway","03015","PABPN1",0.0185779209356135,-1.96585748399728,"up","down",FALSE
"KEGG 03015 - mRNA surveillance pathway","03015","SYMPK",-0.0547615728208159,NA,"down","not tested",FALSE
"KEGG 03015 - mRNA surveillance pathway","03015","RNMT",0.0582718330466605,NA,"up","not tested",FALSE
"KEGG 03015 - mRNA surveillance pathway","03015","RNGTT",-0.213914258630045,NA,"down","not tested",FALSE
"KEGG 03015 - mRNA surveillance pathway","03015","PABPC4",-0.0022912854198776,2.37684587513539,"down","up",FALSE
"KEGG 03015 - mRNA surveillance pathway","03015","EIF4A3",0.0394729575561325,NA,"up","not tested",FALSE
"KEGG 03015 - mRNA surveillance pathway","03015","SMG7",0.0106186805261199,-2.14316608977923,"up","down",FALSE
"KEGG 03015 - mRNA surveillance pathway","03015","RBM8A",-0.0768773291679417,NA,"down","not tested",FALSE
"KEGG 03015 - mRNA surveillance pathway","03015","ALYREF",0.0409317111578623,-1.12498818241791,"up","down",FALSE
"KEGG 03015 - mRNA surveillance pathway","03015","SRRM1",0.0410684442287148,NA,"up","not tested",FALSE
"KEGG 03015 - mRNA surveillance pathway","03015","SAP18",-0.021068335184704,3.00878937286241,"down","up",FALSE
"KEGG 03015 - mRNA surveillance pathway","03015","HBS1L",-0.00567419669534167,2.74752472307524,"down","up",FALSE
"KEGG 03015 - mRNA surveillance pathway","03015","CPSF4",-0.134623468774608,NA,"down","not tested",FALSE
"KEGG 03015 - mRNA surveillance pathway","03015","PAPOLA",0.0368599016224657,NA,"up","not tested",FALSE
"KEGG 03015 - mRNA surveillance pathway","03015","RNPS1",0.090177996363485,NA,"up","not tested",FALSE
"KEGG 03015 - mRNA surveillance pathway","03015","CLP1",0.0941456845693304,NA,"up","not tested",FALSE
"KEGG 03015 - mRNA surveillance pathway","03015","NUDT21",-0.126420236108362,2.81838269280719,"down","up",FALSE
"KEGG 03015 - mRNA surveillance pathway","03015","CASC3",0.110434583385111,NA,"up","not tested",FALSE
"KEGG 03015 - mRNA surveillance pathway","03015","NCBP2",-0.0850642009780205,NA,"down","not tested",FALSE
"KEGG 03015 - mRNA surveillance pathway","03015","ACIN1",0.0960090483371384,-1.57930582321509,"up","down",FALSE
"KEGG 03015 - mRNA surveillance pathway","03015","SMG1",0.200714695311361,-1.41859708408241,"up","down",FALSE
"KEGG 03015 - mRNA surveillance pathway","03015","CSTF2T",-0.0398563958738786,2.71216700191161,"down","up",FALSE
"KEGG 03015 - mRNA surveillance pathway","03015","SMG6",0.110314677239313,NA,"up","not tested",FALSE
"KEGG 03015 - mRNA surveillance pathway","03015","SMG5",0.188386485789088,NA,"up","not tested",FALSE
"KEGG 03015 - mRNA surveillance pathway","03015","GSPT2",-0.104737435929799,1.95342646910501,"down","up",FALSE
"KEGG 03015 - mRNA surveillance pathway","03015","UPF2",0.076909436240251,-2.69792619728333,"up","down",FALSE
"KEGG 03015 - mRNA surveillance pathway","03015","DAZAP1",-0.0636302465507812,3.73552739785023,"down","up",FALSE
"KEGG 03015 - mRNA surveillance pathway","03015","PABPC1",-0.103110352811386,3.46430882912437,"down","up",FALSE
"KEGG 03015 - mRNA surveillance pathway","03015","PPP2R3B",0.124728297711541,NA,"up","not tested",FALSE
"KEGG 03015 - mRNA surveillance pathway","03015","NXT1",-0.0552617119292318,NA,"down","not tested",FALSE
"KEGG 03015 - mRNA surveillance pathway","03015","CPSF1",0.0497687367978822,NA,"up","not tested",FALSE
"KEGG 03015 - mRNA surveillance pathway","03015","CPSF3",0.133807219502627,NA,"up","not tested",FALSE
"KEGG 03015 - mRNA surveillance pathway","03015","PELO",0.140159340588244,NA,"up","not tested",FALSE
"KEGG 03015 - mRNA surveillance pathway","03015","CPSF2",0.0252067616107693,NA,"up","not tested",FALSE
"KEGG 03015 - mRNA surveillance pathway","03015","PPP2R3C",0.0844084910296215,NA,"up","not tested",FALSE
"KEGG 03015 - mRNA surveillance pathway","03015","MAGOHB",-0.223695203106259,NA,"down","not tested",FALSE
"KEGG 03015 - mRNA surveillance pathway","03015","PPP2R2D",0.0577620996452796,NA,"up","not tested",FALSE
"KEGG 03015 - mRNA surveillance pathway","03015","NXT2",0.156312686537718,NA,"up","not tested",FALSE
"KEGG 03015 - mRNA surveillance pathway","03015","PAPOLG",0.0352731160728702,NA,"up","not tested",FALSE
"KEGG 03015 - mRNA surveillance pathway","03015","UPF3B",0.0422889574026963,-2.91906200549631,"up","down",FALSE
"KEGG 03015 - mRNA surveillance pathway","03015","CPSF7",0.106995433572521,-1.35059942022071,"up","down",FALSE
"KEGG 03015 - mRNA surveillance pathway","03015","PABPC1L",-0.0106174375211642,NA,"down","not tested",FALSE
"KEGG 03015 - mRNA surveillance pathway","03015","MSI2",0.0147870118773258,NA,"up","not tested",FALSE
"KEGG 03015 - mRNA surveillance pathway","03015","PABPC4L",-0.657890292747155,2.19874677602425,"down","up",FALSE
"KEGG 03015 - mRNA surveillance pathway","03015","PABPC5",-0.172180059120412,NA,"down","not tested",FALSE
"KEGG 03018 - RNA degradation","03018","HSPD1",0.00395982968501621,3.0997803699445,"up","up",TRUE
"KEGG 03018 - RNA degradation","03018","CNOT4",0.0393275263802235,1.65860941743352,"up","up",TRUE
"KEGG 03018 - RNA degradation","03018","BTG3",0.146197368195081,1.0690049819817,"up","up",TRUE
"KEGG 03018 - RNA degradation","03018","CNOT1",0.118790408863071,2.9566984717368,"up","up",TRUE
"KEGG 03018 - RNA degradation","03018","EXOSC2",0.194356311574235,2.45034165828218,"up","up",TRUE
"KEGG 03018 - RNA degradation","03018","LSM4",0.0356861237058733,1.52333421807974,"up","up",TRUE
"KEGG 03018 - RNA degradation","03018","CNOT6",-0.0727076258153858,-1.523541080736,"down","down",TRUE
"KEGG 03018 - RNA degradation","03018","BTG1",-0.0642705291803339,NA,"down","not tested",FALSE
"KEGG 03018 - RNA degradation","03018","DDX6",0.0215602458111335,NA,"up","not tested",FALSE
"KEGG 03018 - RNA degradation","03018","ENO1",-0.152861569706276,NA,"down","not tested",FALSE
"KEGG 03018 - RNA degradation","03018","ENO2",0.251403420591694,NA,"up","not tested",FALSE
"KEGG 03018 - RNA degradation","03018","ENO3",-0.195657542685422,NA,"down","not tested",FALSE
"KEGG 03018 - RNA degradation","03018","HSPA9",-0.234810772368518,NA,"down","not tested",FALSE
"KEGG 03018 - RNA degradation","03018","CNOT2",-0.00746652527878054,NA,"down","not tested",FALSE
"KEGG 03018 - RNA degradation","03018","CNOT3",0.131653738055123,NA,"up","not tested",FALSE
"KEGG 03018 - RNA degradation","03018","PABPC3",-0.126597093132259,2.34369812302849,"down","up",FALSE
"KEGG 03018 - RNA degradation","03018","PARN",-0.0925753074297653,NA,"down","not tested",FALSE
"KEGG 03018 - RNA degradation","03018","EXOSC9",0.0107807418366375,NA,"up","not tested",FALSE
"KEGG 03018 - RNA degradation","03018","EXOSC10",0.197692248795229,NA,"up","not tested",FALSE
"KEGG 03018 - RNA degradation","03018","BTG2",0.39968753052689,-2.45661469693989,"up","down",FALSE
"KEGG 03018 - RNA degradation","03018","PABPC4",-0.0022912854198776,2.37684587513539,"down","up",FALSE
"KEGG 03018 - RNA degradation","03018","CNOT8",-0.0291631893825861,1.05571730454287,"down","up",FALSE
"KEGG 03018 - RNA degradation","03018","PAN2",-0.0695247357302086,NA,"down","not tested",FALSE
"KEGG 03018 - RNA degradation","03018","TOB1",0.258525401063998,NA,"up","not tested",FALSE
"KEGG 03018 - RNA degradation","03018","MPHOSPH6",0.149835697612798,NA,"up","not tested",FALSE
"KEGG 03018 - RNA degradation","03018","C1D",-0.0110231303584379,NA,"down","not tested",FALSE
"KEGG 03018 - RNA degradation","03018","TOB2",0.206468572148907,-2.32392262640924,"up","down",FALSE
"KEGG 03018 - RNA degradation","03018","LSM6",-0.191881092219336,NA,"down","not tested",FALSE
"KEGG 03018 - RNA degradation","03018","EXOSC8",0.0466143198486816,NA,"up","not tested",FALSE
"KEGG 03018 - RNA degradation","03018","XRN2",0.0974082412262265,-1.38310605300854,"up","down",FALSE
"KEGG 03018 - RNA degradation","03018","DIS3",0.0702189556103793,NA,"up","not tested",FALSE
"KEGG 03018 - RNA degradation","03018","EXOSC7",-0.167999917028813,NA,"down","not tested",FALSE
"KEGG 03018 - RNA degradation","03018","EDC4",0.125465960783257,NA,"up","not tested",FALSE
"KEGG 03018 - RNA degradation","03018","LSM5",-0.138610648166089,2.86937816094325,"down","up",FALSE
"KEGG 03018 - RNA degradation","03018","CNOT10",-0.0489888131582836,NA,"down","not tested",FALSE
"KEGG 03018 - RNA degradation","03018","PABPC1",-0.103110352811386,3.46430882912437,"down","up",FALSE
"KEGG 03018 - RNA degradation","03018","LSM1",-0.097911464132254,NA,"down","not tested",FALSE
"KEGG 03018 - RNA degradation","03018","LSM3",-0.0971274163757445,NA,"down","not tested",FALSE
"KEGG 03018 - RNA degradation","03018","DCPS",-0.0449884058944807,NA,"down","not tested",FALSE
"KEGG 03018 - RNA degradation","03018","CNOT7",-0.050043572940217,1.49353472149429,"down","up",FALSE
"KEGG 03018 - RNA degradation","03018","EXOSC3",-0.00272743837678351,1.70071531315498,"down","up",FALSE
"KEGG 03018 - RNA degradation","03018","EXOSC1",-0.0348332815291813,NA,"down","not tested",FALSE
"KEGG 03018 - RNA degradation","03018","LSM7",-0.175115088050775,NA,"down","not tested",FALSE
"KEGG 03018 - RNA degradation","03018","LSM8",-0.185862107861684,NA,"down","not tested",FALSE
"KEGG 03018 - RNA degradation","03018","XRN1",0.14231008505663,NA,"up","not tested",FALSE
"KEGG 03018 - RNA degradation","03018","EXOSC4",0.266274238181646,NA,"up","not tested",FALSE
"KEGG 03018 - RNA degradation","03018","DCP1A",-0.0300565340071302,1.28847426848853,"down","up",FALSE
"KEGG 03018 - RNA degradation","03018","EXOSC5",-0.212285310115519,NA,"down","not tested",FALSE
"KEGG 03018 - RNA degradation","03018","LSM2",-0.0523241791558636,4.53178463510004,"down","up",FALSE
"KEGG 03018 - RNA degradation","03018","EDC3",0.154062339422709,NA,"up","not tested",FALSE
"KEGG 03018 - RNA degradation","03018","PABPC1L",-0.0106174375211642,NA,"down","not tested",FALSE
"KEGG 03018 - RNA degradation","03018","ZCCHC7",-0.11221875443499,2.17085302906588,"down","up",FALSE
"KEGG 03018 - RNA degradation","03018","PNPT1",-0.0634981734407138,NA,"down","not tested",FALSE
"KEGG 03018 - RNA degradation","03018","EXOSC6",-0.0666694213635925,NA,"down","not tested",FALSE
"KEGG 03018 - RNA degradation","03018","PABPC4L",-0.657890292747155,2.19874677602425,"down","up",FALSE
"KEGG 03018 - RNA degradation","03018","PABPC5",-0.172180059120412,NA,"down","not tested",FALSE
"KEGG 03018 - RNA degradation","03018","DCP2",-0.0956847484635467,NA,"down","not tested",FALSE
"KEGG 03018 - RNA degradation","03018","DHX36",0.0321617038539455,-1.28568800693773,"up","down",FALSE
"KEGG 03018 - RNA degradation","03018","DCP1B",0.143909406238162,NA,"up","not tested",FALSE
"KEGG 03018 - RNA degradation","03018","PATL1",0.00116735852205301,NA,"up","not tested",FALSE
"KEGG 03018 - RNA degradation","03018","CNOT6L",0.0466015224762633,NA,"up","not tested",FALSE
"KEGG 03018 - RNA degradation","03018","PAN3",0.175319581964931,NA,"up","not tested",FALSE
"KEGG 04012 - ErbB signaling pathway","04012","ARAF",0.053926303334234,2.21335225921718,"up","up",TRUE
"KEGG 04012 - ErbB signaling pathway","04012","CAMK2G",0.0134739028175445,3.81858389529347,"up","up",TRUE
"KEGG 04012 - ErbB signaling pathway","04012","CRK",0.00978785802228922,1.79256295319293,"up","up",TRUE
"KEGG 04012 - ErbB signaling pathway","04012","ELK1",0.0956244722372956,1.26121359807481,"up","up",TRUE
"KEGG 04012 - ErbB signaling pathway","04012","GRB2",-0.0148815818997665,-2.19940678599544,"down","down",TRUE
"KEGG 04012 - ErbB signaling pathway","04012","MAPK1",0.106064550222836,1.97690167713987,"up","up",TRUE
"KEGG 04012 - ErbB signaling pathway","04012","MAPK3",0.0880709320902625,1.16356275045493,"up","up",TRUE
"KEGG 04012 - ErbB signaling pathway","04012","MAPK10",-0.0126205623799015,-1.03501447109123,"down","down",TRUE
"KEGG 04012 - ErbB signaling pathway","04012","MAP2K1",-0.0904605244594654,-1.17312314697461,"down","down",TRUE
"KEGG 04012 - ErbB signaling pathway","04012","ABL1",-0.0129087593739291,1.67694088490357,"down","up",FALSE
"KEGG 04012 - ErbB signaling pathway","04012","ABL2",0.229601110103712,-2.69386272852484,"up","down",FALSE
"KEGG 04012 - ErbB signaling pathway","04012","AKT1",0.0539477569445593,NA,"up","not tested",FALSE
"KEGG 04012 - ErbB signaling pathway","04012","AKT2",0.0899509806036001,NA,"up","not tested",FALSE
"KEGG 04012 - ErbB signaling pathway","04012","AREG",NA,-2.16377565162745,"not tested","down",FALSE
"KEGG 04012 - ErbB signaling pathway","04012","BAD",-0.13864006172697,NA,"down","not tested",FALSE
"KEGG 04012 - ErbB signaling pathway","04012","BRAF",-0.0200291631733547,NA,"down","not tested",FALSE
"KEGG 04012 - ErbB signaling pathway","04012","BTC",NA,-2.31940599389902,"not tested","down",FALSE
"KEGG 04012 - ErbB signaling pathway","04012","CAMK2A",-0.305781051607025,NA,"down","not tested",FALSE
"KEGG 04012 - ErbB signaling pathway","04012","CAMK2B",NA,-1.35280410986854,"not tested","down",FALSE
"KEGG 04012 - ErbB signaling pathway","04012","CAMK2D",0.0931769070762297,NA,"up","not tested",FALSE
"KEGG 04012 - ErbB signaling pathway","04012","CBL",0.0699988452796927,-2.15194497330463,"up","down",FALSE
"KEGG 04012 - ErbB signaling pathway","04012","CBLB",-0.125242462295849,1.27092865555662,"down","up",FALSE
"KEGG 04012 - ErbB signaling pathway","04012","CDKN1A",-0.142393229276848,NA,"down","not tested",FALSE
"KEGG 04012 - ErbB signaling pathway","04012","CDKN1B",-0.054678644990419,NA,"down","not tested",FALSE
"KEGG 04012 - ErbB signaling pathway","04012","CRKL",-0.00100739863110199,NA,"down","not tested",FALSE
"KEGG 04012 - ErbB signaling pathway","04012","HBEGF",0.185155274025702,-2.73876176341952,"up","down",FALSE
"KEGG 04012 - ErbB signaling pathway","04012","EGF",NA,NA,"not tested","not tested",FALSE
"KEGG 04012 - ErbB signaling pathway","04012","EGFR",0.0617059594709504,-2.46724890439297,"up","down",FALSE
"KEGG 04012 - ErbB signaling pathway","04012","EIF4EBP1",-0.719272295693993,NA,"down","not tested",FALSE
"KEGG 04012 - ErbB signaling pathway","04012","ERBB2",0.0588863962146063,-4.51743833058297,"up","down",FALSE
"KEGG 04012 - ErbB signaling pathway","04012","ERBB3",-1.0750772083221,NA,"down","not tested",FALSE
"KEGG 04012 - ErbB signaling pathway","04012","ERBB4",NA,1.34098706806361,"not tested","up",FALSE
"KEGG 04012 - ErbB signaling pathway","04012","EREG",0.103012257978761,NA,"up","not tested",FALSE
"KEGG 04012 - ErbB signaling pathway","04012","MTOR",0.12330914972458,NA,"up","not tested",FALSE
"KEGG 04012 - ErbB signaling pathway","04012","GAB1",0.160150160497145,NA,"up","not tested",FALSE
"KEGG 04012 - ErbB signaling pathway","04012","GSK3B",-0.0927716777501987,NA,"down","not tested",FALSE
"KEGG 04012 - ErbB signaling pathway","04012","NRG1",-0.684496258595212,1.25865947887335,"down","up",FALSE
"KEGG 04012 - ErbB signaling pathway","04012","HRAS",-0.00507895693943467,NA,"down","not tested",FALSE
"KEGG 04012 - ErbB signaling pathway","04012","JUN",0.00601854047118801,NA,"up","not tested",FALSE
"KEGG 04012 - ErbB signaling pathway","04012","KRAS",-0.0677487937821147,NA,"down","not tested",FALSE
"KEGG 04012 - ErbB signaling pathway","04012","MYC",-0.539214272937941,NA,"down","not tested",FALSE
"KEGG 04012 - ErbB signaling pathway","04012","NCK1",-0.0199142846389982,1.82959001372064,"down","up",FALSE
"KEGG 04012 - ErbB signaling pathway","04012","NRAS",-0.0110997233846007,NA,"down","not tested",FALSE
"KEGG 04012 - ErbB signaling pathway","04012","PAK1",0.0302364945038586,NA,"up","not tested",FALSE
"KEGG 04012 - ErbB signaling pathway","04012","PAK2",0.0641167640407367,-2.59923080084976,"up","down",FALSE
"KEGG 04012 - ErbB signaling pathway","04012","PAK3",-0.325658686233934,NA,"down","not tested",FALSE
"KEGG 04012 - ErbB signaling pathway","04012","PIK3CA",-0.0169931191156256,2.16725344739775,"down","up",FALSE
"KEGG 04012 - ErbB signaling pathway","04012","PIK3CB",0.162213253870038,NA,"up","not tested",FALSE
"KEGG 04012 - ErbB signaling pathway","04012","PIK3CD",0.0597544265411897,NA,"up","not tested",FALSE
"KEGG 04012 - ErbB signaling pathway","04012","PIK3R1",0.110883788621389,-1.1152241909132,"up","down",FALSE
"KEGG 04012 - ErbB signaling pathway","04012","PIK3R2",0.176824360485949,NA,"up","not tested",FALSE
"KEGG 04012 - ErbB signaling pathway","04012","PLCG1",0.204130954037411,NA,"up","not tested",FALSE
"KEGG 04012 - ErbB signaling pathway","04012","PRKCA",-0.215929189949199,NA,"down","not tested",FALSE
"KEGG 04012 - ErbB signaling pathway","04012","PRKCB",NA,1.80667327313173,"not tested","up",FALSE
"KEGG 04012 - ErbB signaling pathway","04012","MAPK8",-0.000507187309228894,NA,"down","not tested",FALSE
"KEGG 04012 - ErbB signaling pathway","04012","MAPK9",0.0319071252297967,NA,"up","not tested",FALSE
"KEGG 04012 - ErbB signaling pathway","04012","MAP2K2",0.0109376770928018,NA,"up","not tested",FALSE
"KEGG 04012 - ErbB signaling pathway","04012","MAP2K7",0.135482836609864,NA,"up","not tested",FALSE
"KEGG 04012 - ErbB signaling pathway","04012","PTK2",0.0476562613809988,NA,"up","not tested",FALSE
"KEGG 04012 - ErbB signaling pathway","04012","RAF1",0.0916111784711097,NA,"up","not tested",FALSE
"KEGG 04012 - ErbB signaling pathway","04012","RPS6KB1",0.000703054856609168,NA,"up","not tested",FALSE
"KEGG 04012 - ErbB signaling pathway","04012","RPS6KB2",-0.11664809988484,1.72242934457635,"down","up",FALSE
"KEGG 04012 - ErbB signaling pathway","04012","MAP2K4",-0.0636398937179963,NA,"down","not tested",FALSE
"KEGG 04012 - ErbB signaling pathway","04012","SHC1",0.0387305201413286,-4.4798782637425,"up","down",FALSE
"KEGG 04012 - ErbB signaling pathway","04012","SOS1",0.000283533103220341,NA,"up","not tested",FALSE
"KEGG 04012 - ErbB signaling pathway","04012","SOS2",-0.0177382899888995,NA,"down","not tested",FALSE
"KEGG 04012 - ErbB signaling pathway","04012","SRC",0.172578774752683,NA,"up","not tested",FALSE
"KEGG 04012 - ErbB signaling pathway","04012","STAT5A",0.110210333183671,-2.81893123996931,"up","down",FALSE
"KEGG 04012 - ErbB signaling pathway","04012","STAT5B",0.0650561812064721,NA,"up","not tested",FALSE
"KEGG 04012 - ErbB signaling pathway","04012","NCK2",0.1009786847611,NA,"up","not tested",FALSE
"KEGG 04012 - ErbB signaling pathway","04012","PIK3R3",0.420945411657052,NA,"up","not tested",FALSE
"KEGG 04012 - ErbB signaling pathway","04012","AKT3",0.11092402511046,-1.31700310884974,"up","down",FALSE
"KEGG 04012 - ErbB signaling pathway","04012","PAK4",0.106319118042609,-1.82417815194499,"up","down",FALSE
"KEGG 04012 - ErbB signaling pathway","04012","SHC2",NA,1.70746612776529,"not tested","up",FALSE
"KEGG 04012 - ErbB signaling pathway","04012","SHC3",0.613057321865538,-1.10051046173648,"up","down",FALSE
"KEGG 04012 - ErbB signaling pathway","04012","PAK6",0.461900004271386,NA,"up","not tested",FALSE
"KEGG 04012 - ErbB signaling pathway","04012","NRG4",NA,2.33223342015856,"not tested","up",FALSE
"KEGG 04012 - ErbB signaling pathway","04012","SHC4",0.860628738813469,NA,"up","not tested",FALSE
"KEGG 04140 - Autophagy","04140","ATG7",0.0855494575160842,1.8259219953802,"up","up",TRUE
"KEGG 04140 - Autophagy","04140","GABARAPL1",0.0630792833120119,2.52524756927567,"up","up",TRUE
"KEGG 04140 - Autophagy","04140","ATG4D",0.0747099312931613,2.04623274192214,"up","up",TRUE
"KEGG 04140 - Autophagy","04140","INS",NA,1.91653488610295,"not tested","up",FALSE
"KEGG 04140 - Autophagy","04140","PIK3C3",-0.0442741002673695,NA,"down","not tested",FALSE
"KEGG 04140 - Autophagy","04140","PRKAA1",0.0798976589595466,NA,"up","not tested",FALSE
"KEGG 04140 - Autophagy","04140","PRKAA2",-0.242860360862797,NA,"down","not tested",FALSE
"KEGG 04140 - Autophagy","04140","ULK1",0.144603368615609,NA,"up","not tested",FALSE
"KEGG 04140 - Autophagy","04140","BECN1",-0.0208289366247883,NA,"down","not tested",FALSE
"KEGG 04140 - Autophagy","04140","ATG12",-0.0556957943137952,NA,"down","not tested",FALSE
"KEGG 04140 - Autophagy","04140","ATG5",-0.13989566397461,NA,"down","not tested",FALSE
"KEGG 04140 - Autophagy","04140","ULK2",0.0593277129943096,NA,"up","not tested",FALSE
"KEGG 04140 - Autophagy","04140","GABARAP",-0.0100202448929068,NA,"down","not tested",FALSE
"KEGG 04140 - Autophagy","04140","GABARAPL2",-0.141790213995536,1.80029199225948,"down","up",FALSE
"KEGG 04140 - Autophagy","04140","ATG4B",0.0446404890262147,NA,"up","not tested",FALSE
"KEGG 04140 - Autophagy","04140","ULK3",0.0789840305890756,NA,"up","not tested",FALSE
"KEGG 04140 - Autophagy","04140","PIK3R4",0.0663016244170555,NA,"up","not tested",FALSE
"KEGG 04140 - Autophagy","04140","ATG3",-0.00700220642629758,NA,"down","not tested",FALSE
"KEGG 04140 - Autophagy","04140","ATG4C",0.0625519081038127,NA,"up","not tested",FALSE
"KEGG 04140 - Autophagy","04140","ATG4A",-0.0435054357470369,2.00896967859252,"down","up",FALSE
"KEGG 04141 - Protein processing in endoplasmic reticulum","04141","BAX",0.133872079414834,2.95106649535663,"up","up",TRUE
"KEGG 04141 - Protein processing in endoplasmic reticulum","04141","CAPN2",0.126210540960441,1.35372876982348,"up","up",TRUE
"KEGG 04141 - Protein processing in endoplasmic reticulum","04141","CRYAB",0.349067771520665,1.00382232982265,"up","up",TRUE
"KEGG 04141 - Protein processing in endoplasmic reticulum","04141","NFE2L2",0.296413859135443,2.01303798255186,"up","up",TRUE
"KEGG 04141 - Protein processing in endoplasmic reticulum","04141","MAPK10",-0.0126205623799015,-1.03501447109123,"down","down",TRUE
"KEGG 04141 - Protein processing in endoplasmic reticulum","04141","SEL1L",-0.123947114418719,-1.1989050903227,"down","down",TRUE
"KEGG 04141 - Protein processing in endoplasmic reticulum","04141","HSP90B1",-0.245657708016213,-2.94335433630558,"down","down",TRUE
"KEGG 04141 - Protein processing in endoplasmic reticulum","04141","WFS1",0.262208483969601,2.47683034391526,"up","up",TRUE
"KEGG 04141 - Protein processing in endoplasmic reticulum","04141","MOGS",-0.055554941187073,-1.04835149897961,"down","down",TRUE
"KEGG 04141 - Protein processing in endoplasmic reticulum","04141","PLAA",0.0921494484865105,2.82851257068511,"up","up",TRUE
"KEGG 04141 - Protein processing in endoplasmic reticulum","04141","BAG2",0.0353531783735449,1.93262169464087,"up","up",TRUE
"KEGG 04141 - Protein processing in endoplasmic reticulum","04141","EDEM1",-0.0296249725089268,-1.84944832891719,"down","down",TRUE
"KEGG 04141 - Protein processing in endoplasmic reticulum","04141","SEC24D",-0.0214993823666863,-2.92211373948837,"down","down",TRUE
"KEGG 04141 - Protein processing in endoplasmic reticulum","04141","BCAP31",0.108998505529933,3.18042559778514,"up","up",TRUE
"KEGG 04141 - Protein processing in endoplasmic reticulum","04141","UBE2E3",0.0723627413818172,4.23084399700277,"up","up",TRUE
"KEGG 04141 - Protein processing in endoplasmic reticulum","04141","OS9",0.116810312216345,2.21144359762274,"up","up",TRUE
"KEGG 04141 - Protein processing in endoplasmic reticulum","04141","SEC63",-0.102852524642396,-2.19402699111846,"down","down",TRUE
"KEGG 04141 - Protein processing in endoplasmic reticulum","04141","UBE2J1",-0.180452065049582,-1.04116215259238,"down","down",TRUE
"KEGG 04141 - Protein processing in endoplasmic reticulum","04141","DNAJB11",-0.0419557553402569,-1.17274134094097,"down","down",TRUE
"KEGG 04141 - Protein processing in endoplasmic reticulum","04141","SEC61A2",0.0466244296860271,1.98532798879682,"up","up",TRUE
"KEGG 04141 - Protein processing in endoplasmic reticulum","04141","EDEM2",0.200528470041835,2.04288428806255,"up","up",TRUE
"KEGG 04141 - Protein processing in endoplasmic reticulum","04141","EDEM3",-0.00468724857001138,-1.84818620778421,"down","down",TRUE
"KEGG 04141 - Protein processing in endoplasmic reticulum","04141","AMFR",0.0261828226473624,NA,"up","not tested",FALSE
"KEGG 04141 - Protein processing in endoplasmic reticulum","04141","ATF4",-0.279189021292704,2.85811813418479,"down","up",FALSE
"KEGG 04141 - Protein processing in endoplasmic reticulum","04141","BAG1",0.121275931573694,NA,"up","not tested",FALSE
"KEGG 04141 - Protein processing in endoplasmic reticulum","04141","BAK1",-0.130592134969534,NA,"down","not tested",FALSE
"KEGG 04141 - Protein processing in endoplasmic reticulum","04141","BCL2",-0.319582702400019,NA,"down","not tested",FALSE
"KEGG 04141 - Protein processing in endoplasmic reticulum","04141","CALR",-0.203086882615021,NA,"down","not tested",FALSE
"KEGG 04141 - Protein processing in endoplasmic reticulum","04141","CANX",-0.13559789400763,NA,"down","not tested",FALSE
"KEGG 04141 - Protein processing in endoplasmic reticulum","04141","CAPN1",0.123299038937602,NA,"up","not tested",FALSE
"KEGG 04141 - Protein processing in endoplasmic reticulum","04141","ATF6B",-0.102822505411081,NA,"down","not tested",FALSE
"KEGG 04141 - Protein processing in endoplasmic reticulum","04141","CRYAA",NA,-1.97284389932685,"not tested","down",FALSE
"KEGG 04141 - Protein processing in endoplasmic reticulum","04141","DAD1",-0.0533102728039195,1.92564234531432,"down","up",FALSE
"KEGG 04141 - Protein processing in endoplasmic reticulum","04141","DDIT3",-0.399303779725394,NA,"down","not tested",FALSE
"KEGG 04141 - Protein processing in endoplasmic reticulum","04141","DDOST",-0.138095677575499,1.92546164867848,"down","up",FALSE
"KEGG 04141 - Protein processing in endoplasmic reticulum","04141","EIF2S1",-0.000499746395274854,NA,"down","not tested",FALSE
"KEGG 04141 - Protein processing in endoplasmic reticulum","04141","ERN1",0.20982651327281,NA,"up","not tested",FALSE
"KEGG 04141 - Protein processing in endoplasmic reticulum","04141","PDIA3",-0.260860152345038,NA,"down","not tested",FALSE
"KEGG 04141 - Protein processing in endoplasmic reticulum","04141","DNAJB2",0.120479729861359,NA,"up","not tested",FALSE
"KEGG 04141 - Protein processing in endoplasmic reticulum","04141","DNAJA1",0.266881053560194,NA,"up","not tested",FALSE
"KEGG 04141 - Protein processing in endoplasmic reticulum","04141","HSPA1A",0.146481355001918,NA,"up","not tested",FALSE
"KEGG 04141 - Protein processing in endoplasmic reticulum","04141","HSPA1B",0.238166779842063,NA,"up","not tested",FALSE
"KEGG 04141 - Protein processing in endoplasmic reticulum","04141","HSPA1L",0.0209471159967901,NA,"up","not tested",FALSE
"KEGG 04141 - Protein processing in endoplasmic reticulum","04141","HSPA2",0.423780865324375,NA,"up","not tested",FALSE
"KEGG 04141 - Protein processing in endoplasmic reticulum","04141","HSPA5",-0.364566491471685,NA,"down","not tested",FALSE
"KEGG 04141 - Protein processing in endoplasmic reticulum","04141","HSPA8",0.134327809512554,NA,"up","not tested",FALSE
"KEGG 04141 - Protein processing in endoplasmic reticulum","04141","HSP90AA1",0.185895223406694,-1.05723301108048,"up","down",FALSE
"KEGG 04141 - Protein processing in endoplasmic reticulum","04141","HSP90AB1",-0.0119019266437205,NA,"down","not tested",FALSE
"KEGG 04141 - Protein processing in endoplasmic reticulum","04141","DNAJB1",0.0142284068990532,NA,"up","not tested",FALSE
"KEGG 04141 - Protein processing in endoplasmic reticulum","04141","STT3A",-0.0534735022218859,NA,"down","not tested",FALSE
"KEGG 04141 - Protein processing in endoplasmic reticulum","04141","LMAN1",-0.235049539314664,NA,"down","not tested",FALSE
"KEGG 04141 - Protein processing in endoplasmic reticulum","04141","MAN1A1",0.153561292161876,-1.0806979763881,"up","down",FALSE
"KEGG 04141 - Protein processing in endoplasmic reticulum","04141","MAP3K5",0.64612981970629,NA,"up","not tested",FALSE
"KEGG 04141 - Protein processing in endoplasmic reticulum","04141","ATXN3",-0.0146063138523254,NA,"down","not tested",FALSE
"KEGG 04141 - Protein processing in endoplasmic reticulum","04141","P4HB",-0.143864311701945,NA,"down","not tested",FALSE
"KEGG 04141 - Protein processing in endoplasmic reticulum","04141","PRKCSH",-0.0468823915886497,NA,"down","not tested",FALSE
"KEGG 04141 - Protein processing in endoplasmic reticulum","04141","MAPK8",-0.000507187309228894,NA,"down","not tested",FALSE
"KEGG 04141 - Protein processing in endoplasmic reticulum","04141","MAPK9",0.0319071252297967,NA,"up","not tested",FALSE
"KEGG 04141 - Protein processing in endoplasmic reticulum","04141","MAP2K7",0.135482836609864,NA,"up","not tested",FALSE
"KEGG 04141 - Protein processing in endoplasmic reticulum","04141","EIF2AK2",-0.0131053181094546,NA,"down","not tested",FALSE
"KEGG 04141 - Protein processing in endoplasmic reticulum","04141","DNAJC3",0.0152423777955865,NA,"up","not tested",FALSE
"KEGG 04141 - Protein processing in endoplasmic reticulum","04141","RAD23A",0.0552135001792074,NA,"up","not tested",FALSE
"KEGG 04141 - Protein processing in endoplasmic reticulum","04141","RAD23B",-0.127232384813538,NA,"down","not tested",FALSE
"KEGG 04141 - Protein processing in endoplasmic reticulum","04141","RNF5",-0.00485106713902346,2.23012654112301,"down","up",FALSE
"KEGG 04141 - Protein processing in endoplasmic reticulum","04141","RPN1",-0.0715934003198213,NA,"down","not tested",FALSE
"KEGG 04141 - Protein processing in endoplasmic reticulum","04141","RPN2",-0.220941849068033,2.99910629827642,"down","up",FALSE
"KEGG 04141 - Protein processing in endoplasmic reticulum","04141","RRBP1",0.0296885826158031,-3.35569907038464,"up","down",FALSE
"KEGG 04141 - Protein processing in endoplasmic reticulum","04141","SEC13",-0.041699097684356,1.3913793935985,"down","up",FALSE
"KEGG 04141 - Protein processing in endoplasmic reticulum","04141","SKP1",-0.114177717443977,4.17712866932269,"down","up",FALSE
"KEGG 04141 - Protein processing in endoplasmic reticulum","04141","SSR1",-0.210633006493504,NA,"down","not tested",FALSE
"KEGG 04141 - Protein processing in endoplasmic reticulum","04141","SSR2",-0.0692337146176624,NA,"down","not tested",FALSE
"KEGG 04141 - Protein processing in endoplasmic reticulum","04141","SSR3",-0.0773046988767644,1.67964462210414,"down","up",FALSE
"KEGG 04141 - Protein processing in endoplasmic reticulum","04141","SSR4",-0.143635374168245,3.4832071314096,"down","up",FALSE
"KEGG 04141 - Protein processing in endoplasmic reticulum","04141","SEC62",-0.0263606994483815,NA,"down","not tested",FALSE
"KEGG 04141 - Protein processing in endoplasmic reticulum","04141","TRAF2",0.204715437657545,NA,"up","not tested",FALSE
"KEGG 04141 - Protein processing in endoplasmic reticulum","04141","UBE2D1",-0.293350765768019,2.3251309267857,"down","up",FALSE
"KEGG 04141 - Protein processing in endoplasmic reticulum","04141","UBE2D2",-0.117335512086837,NA,"down","not tested",FALSE
"KEGG 04141 - Protein processing in endoplasmic reticulum","04141","UBE2D3",0.0131066138752657,-2.01165832644913,"up","down",FALSE
"KEGG 04141 - Protein processing in endoplasmic reticulum","04141","UBE2E1",-0.0457255991523773,NA,"down","not tested",FALSE
"KEGG 04141 - Protein processing in endoplasmic reticulum","04141","UBE2E2",-0.271701626892256,1.45961475059139,"down","up",FALSE
"KEGG 04141 - Protein processing in endoplasmic reticulum","04141","UBE2G1",-0.0666997916313707,2.09664885908604,"down","up",FALSE
"KEGG 04141 - Protein processing in endoplasmic reticulum","04141","UBE2G2",0.183284258410173,NA,"up","not tested",FALSE
"KEGG 04141 - Protein processing in endoplasmic reticulum","04141","VCP",0.0865163727558291,NA,"up","not tested",FALSE
"KEGG 04141 - Protein processing in endoplasmic reticulum","04141","XBP1",-0.258992363856018,NA,"down","not tested",FALSE
"KEGG 04141 - Protein processing in endoplasmic reticulum","04141","TUSC3",-0.221658346828559,NA,"down","not tested",FALSE
"KEGG 04141 - Protein processing in endoplasmic reticulum","04141","CUL1",0.0448611383049798,NA,"up","not tested",FALSE
"KEGG 04141 - Protein processing in endoplasmic reticulum","04141","MBTPS1",-0.0602814803279362,NA,"down","not tested",FALSE
"KEGG 04141 - Protein processing in endoplasmic reticulum","04141","EIF2AK3",0.0140895341172709,NA,"up","not tested",FALSE
"KEGG 04141 - Protein processing in endoplasmic reticulum","04141","PDIA4",-0.113871321631615,NA,"down","not tested",FALSE
"KEGG 04141 - Protein processing in endoplasmic reticulum","04141","SEC24C",0.119289213412813,NA,"up","not tested",FALSE
"KEGG 04141 - Protein processing in endoplasmic reticulum","04141","HERPUD1",-0.541121537285549,1.05836097078601,"down","up",FALSE
"KEGG 04141 - Protein processing in endoplasmic reticulum","04141","RBX1",-0.127166968420984,NA,"down","not tested",FALSE
"KEGG 04141 - Protein processing in endoplasmic reticulum","04141","PREB",-0.210554657455831,2.42506422831191,"down","up",FALSE
"KEGG 04141 - Protein processing in endoplasmic reticulum","04141","PDIA6",-0.108478584090424,2.19551107349803,"down","up",FALSE
"KEGG 04141 - Protein processing in endoplasmic reticulum","04141","STUB1",0.00866152829848629,NA,"up","not tested",FALSE
"KEGG 04141 - Protein processing in endoplasmic reticulum","04141","UBE4B",0.0743776137281783,NA,"up","not tested",FALSE
"KEGG 04141 - Protein processing in endoplasmic reticulum","04141","DNAJA2",-0.0189773222301679,NA,"down","not tested",FALSE
"KEGG 04141 - Protein processing in endoplasmic reticulum","04141","SEC24B",0.0288678585898016,NA,"up","not tested",FALSE
"KEGG 04141 - Protein processing in endoplasmic reticulum","04141","SEC23B",-0.0402423739161014,NA,"down","not tested",FALSE
"KEGG 04141 - Protein processing in endoplasmic reticulum","04141","SEC23A",-0.116239760286986,NA,"down","not tested",FALSE
"KEGG 04141 - Protein processing in endoplasmic reticulum","04141","HYOU1",-0.209378098720834,NA,"down","not tested",FALSE
"KEGG 04141 - Protein processing in endoplasmic reticulum","04141","SEC24A",-0.0435929849422748,NA,"down","not tested",FALSE
"KEGG 04141 - Protein processing in endoplasmic reticulum","04141","HSPH1",0.209267830784623,NA,"up","not tested",FALSE
"KEGG 04141 - Protein processing in endoplasmic reticulum","04141","MAN1A2",0.124162141335109,NA,"up","not tested",FALSE
"KEGG 04141 - Protein processing in endoplasmic reticulum","04141","SEC61B",-0.0911714468620692,3.64035103368259,"down","up",FALSE
"KEGG 04141 - Protein processing in endoplasmic reticulum","04141","LMAN2",-0.0706012039134289,NA,"down","not tested",FALSE
"KEGG 04141 - Protein processing in endoplasmic reticulum","04141","ERP29",-0.209579926950695,1.72591317918027,"down","up",FALSE
"KEGG 04141 - Protein processing in endoplasmic reticulum","04141","CKAP4",-0.138206523948438,NA,"down","not tested",FALSE
"KEGG 04141 - Protein processing in endoplasmic reticulum","04141","MAN1B1",-0.095056373847915,1.23967353884951,"down","up",FALSE
"KEGG 04141 - Protein processing in endoplasmic reticulum","04141","HSPA4L",-0.068980435496313,NA,"down","not tested",FALSE
"KEGG 04141 - Protein processing in endoplasmic reticulum","04141","SEC31A",0.0630460888390093,NA,"up","not tested",FALSE
"KEGG 04141 - Protein processing in endoplasmic reticulum","04141","ATF6",0.0338072424963173,NA,"up","not tested",FALSE
"KEGG 04141 - Protein processing in endoplasmic reticulum","04141","GANAB",-0.119236513859733,NA,"down","not tested",FALSE
"KEGG 04141 - Protein processing in endoplasmic reticulum","04141","TRAM1",-0.152011652715557,1.24463319550996,"down","up",FALSE
"KEGG 04141 - Protein processing in endoplasmic reticulum","04141","SEC61G",-0.264189827406825,3.18864367449448,"down","up",FALSE
"KEGG 04141 - Protein processing in endoplasmic reticulum","04141","HSPBP1",-0.0140895589413563,1.74600355363846,"down","up",FALSE
"KEGG 04141 - Protein processing in endoplasmic reticulum","04141","PPP1R15A",0.34233683685836,NA,"up","not tested",FALSE
"KEGG 04141 - Protein processing in endoplasmic reticulum","04141","SEC31B",0.158870737167584,NA,"up","not tested",FALSE
"KEGG 04141 - Protein processing in endoplasmic reticulum","04141","FBXO2",-0.0396827487693349,NA,"down","not tested",FALSE
"KEGG 04141 - Protein processing in endoplasmic reticulum","04141","FBXO6",-0.207856526606082,NA,"down","not tested",FALSE
"KEGG 04141 - Protein processing in endoplasmic reticulum","04141","EIF2AK1",-0.158697712873791,3.05092276015797,"down","up",FALSE
"KEGG 04141 - Protein processing in endoplasmic reticulum","04141","ERLEC1",-0.13373436148134,NA,"down","not tested",FALSE
"KEGG 04141 - Protein processing in endoplasmic reticulum","04141","SEC61A1",-0.0132880272882802,1.21175266997173,"down","up",FALSE
"KEGG 04141 - Protein processing in endoplasmic reticulum","04141","UBQLN2",-0.0171783897277581,NA,"down","not tested",FALSE
"KEGG 04141 - Protein processing in endoplasmic reticulum","04141","UBQLN1",-0.0187978304004845,NA,"down","not tested",FALSE
"KEGG 04141 - Protein processing in endoplasmic reticulum","04141","DERL2",-0.0134286676815881,2.26845122192599,"down","up",FALSE
"KEGG 04141 - Protein processing in endoplasmic reticulum","04141","SAR1B",0.0400488446670782,NA,"up","not tested",FALSE
"KEGG 04141 - Protein processing in endoplasmic reticulum","04141","MBTPS2",0.025968130601514,NA,"up","not tested",FALSE
"KEGG 04141 - Protein processing in endoplasmic reticulum","04141","UBE2D4",-0.0439735161158928,2.57655116083141,"down","up",FALSE
"KEGG 04141 - Protein processing in endoplasmic reticulum","04141","DNAJC10",-0.095901101251245,NA,"down","not tested",FALSE
"KEGG 04141 - Protein processing in endoplasmic reticulum","04141","DNAJB12",-0.0395343019862478,2.51015413830006,"down","up",FALSE
"KEGG 04141 - Protein processing in endoplasmic reticulum","04141","YOD1",-0.104582887716155,NA,"down","not tested",FALSE
"KEGG 04141 - Protein processing in endoplasmic reticulum","04141","NPLOC4",0.0237245540186392,-2.38904233533829,"up","down",FALSE
"KEGG 04141 - Protein processing in endoplasmic reticulum","04141","UGGT2",-0.348108287208309,NA,"down","not tested",FALSE
"KEGG 04141 - Protein processing in endoplasmic reticulum","04141","NGLY1",-0.0641931344039283,1.64623197860237,"down","up",FALSE
"KEGG 04141 - Protein processing in endoplasmic reticulum","04141","NSFL1C",-0.000876430668956761,NA,"down","not tested",FALSE
"KEGG 04141 - Protein processing in endoplasmic reticulum","04141","SAR1A",-0.0415648977069457,NA,"down","not tested",FALSE
"KEGG 04141 - Protein processing in endoplasmic reticulum","04141","UGGT1",-0.0411860166353415,NA,"down","not tested",FALSE
"KEGG 04141 - Protein processing in endoplasmic reticulum","04141","UBQLN4",0.0227375060148886,NA,"up","not tested",FALSE
"KEGG 04141 - Protein processing in endoplasmic reticulum","04141","MAN1C1",0.688894428441039,NA,"up","not tested",FALSE
"KEGG 04141 - Protein processing in endoplasmic reticulum","04141","DNAJC1",-0.0977589246163692,NA,"down","not tested",FALSE
"KEGG 04141 - Protein processing in endoplasmic reticulum","04141","SIL1",-0.131390331810695,1.06255473180721,"down","up",FALSE
"KEGG 04141 - Protein processing in endoplasmic reticulum","04141","DERL1",-0.200606935562843,1.84899190271581,"down","up",FALSE
"KEGG 04141 - Protein processing in endoplasmic reticulum","04141","LMAN1L",NA,-1.52390635525109,"not tested","down",FALSE
"KEGG 04141 - Protein processing in endoplasmic reticulum","04141","DNAJC5",-0.0283322511594718,NA,"down","not tested",FALSE
"KEGG 04141 - Protein processing in endoplasmic reticulum","04141","UBXN6",0.00272290041605709,NA,"up","not tested",FALSE
"KEGG 04141 - Protein processing in endoplasmic reticulum","04141","TXNDC5",-0.0591944134346696,2.38669359514691,"down","up",FALSE
"KEGG 04141 - Protein processing in endoplasmic reticulum","04141","SYVN1",0.071478159956027,NA,"up","not tested",FALSE
"KEGG 04141 - Protein processing in endoplasmic reticulum","04141","DERL3",NA,1.90004098792377,"not tested","up",FALSE
"KEGG 04141 - Protein processing in endoplasmic reticulum","04141","ATXN3L",NA,-3.34390223373305,"not tested","down",FALSE
"KEGG 04141 - Protein processing in endoplasmic reticulum","04141","UBE2J2",0.117415979964037,-1.01858069516288,"up","down",FALSE
"KEGG 04141 - Protein processing in endoplasmic reticulum","04141","UBQLNL",NA,-3.23034616884063,"not tested","down",FALSE
"KEGG 04141 - Protein processing in endoplasmic reticulum","04141","STT3B",-0.252936663834656,NA,"down","not tested",FALSE
"KEGG 04141 - Protein processing in endoplasmic reticulum","04141","SVIP",-0.240939746331152,NA,"down","not tested",FALSE
"KEGG 04141 - Protein processing in endoplasmic reticulum","04141","EIF2AK4",0.031557003091721,NA,"up","not tested",FALSE
"KEGG 04146","04146","CAT",0.225246228968717,1.99902296469354,"up","up",TRUE
"KEGG 04146","04146","ECH1",-0.162245780217615,-1.12441681169679,"down","down",TRUE
"KEGG 04146","04146","PRDX1",0.0584921968320706,4.01285633466079,"up","up",TRUE
"KEGG 04146","04146","PEX6",0.203578557145448,3.34050453158584,"up","up",TRUE
"KEGG 04146","04146","PEX19",0.0392129522418676,1.69282741009973,"up","up",TRUE
"KEGG 04146","04146","SCP2",0.0937429758006713,1.40430734261586,"up","up",TRUE
"KEGG 04146","04146","PEX3",0.0265219284137558,2.49185999560146,"up","up",TRUE
"KEGG 04146","04146","PEX11B",0.0255786291984804,3.10458219903518,"up","up",TRUE
"KEGG 04146","04146","ECI2",0.112692658192179,1.3826803102518,"up","up",TRUE
"KEGG 04146","04146","PIPOX",0.941377765212595,1.38394168352904,"up","up",TRUE
"KEGG 04146","04146","ACSL5",0.0318218484152687,3.56222462934583,"up","up",TRUE
"KEGG 04146","04146","CROT",0.356899495529941,2.75273767483066,"up","up",TRUE
"KEGG 04146","04146","PAOX",0.0540676716389219,2.73177149785621,"up","up",TRUE
"KEGG 04146","04146","MPV17L",0.388000384605034,2.19695914586313,"up","up",TRUE
"KEGG 04146","04146","ACAA1",0.0146119438215177,NA,"up","not tested",FALSE
"KEGG 04146","04146","ACOX1",-0.0263489613072388,NA,"down","not tested",FALSE
"KEGG 04146","04146","ABCD1",0.013813163495497,-2.3767677108263,"up","down",FALSE
"KEGG 04146","04146","CRAT",0.0851638032822444,NA,"up","not tested",FALSE
"KEGG 04146","04146","EHHADH",-0.00901944625924181,NA,"down","not tested",FALSE
"KEGG 04146","04146","EPHX2",-0.259471688920806,NA,"down","not tested",FALSE
"KEGG 04146","04146","ACSL1",-0.0321416469460071,NA,"down","not tested",FALSE
"KEGG 04146","04146","ACSL3",0.0721415583676912,NA,"up","not tested",FALSE
"KEGG 04146","04146","ACSL4",0.208008291518308,NA,"up","not tested",FALSE
"KEGG 04146","04146","HMGCL",-0.0243588879212048,2.49959159325907,"down","up",FALSE
"KEGG 04146","04146","HSD17B4",-0.0383979186343427,2.05274908761992,"down","up",FALSE
"KEGG 04146","04146","IDH1",0.0101764570591775,NA,"up","not tested",FALSE
"KEGG 04146","04146","IDH2",-0.20118594516135,NA,"down","not tested",FALSE
"KEGG 04146","04146","MPV17",-0.061997568763469,1.19332969068069,"down","up",FALSE
"KEGG 04146","04146","MVK",0.127678444097382,NA,"up","not tested",FALSE
"KEGG 04146","04146","PEX1",0.0524253233065375,-1.40786762387838,"up","down",FALSE
"KEGG 04146","04146","PEX7",-0.261913814231669,1.98679634275574,"down","up",FALSE
"KEGG 04146","04146","PEX10",-0.00152849932047656,1.21322582580838,"down","up",FALSE
"KEGG 04146","04146","PEX12",-0.0984491542135762,2.96522689506929,"down","up",FALSE
"KEGG 04146","04146","PEX13",-0.111744683150851,NA,"down","not tested",FALSE
"KEGG 04146","04146","PEX14",0.0936323833675119,NA,"up","not tested",FALSE
"KEGG 04146","04146","PHYH",0.120913736979488,NA,"up","not tested",FALSE
"KEGG 04146","04146","ABCD3",-0.0358384108390715,NA,"down","not tested",FALSE
"KEGG 04146","04146","ABCD4",0.0362513673481906,NA,"up","not tested",FALSE
"KEGG 04146","04146","PXMP2",-0.171002741635663,NA,"down","not tested",FALSE
"KEGG 04146","04146","PEX2",-0.0764115680731406,2.33751229760252,"down","up",FALSE
"KEGG 04146","04146","PEX5",0.0165764700940109,NA,"up","not tested",FALSE
"KEGG 04146","04146","SOD1",-0.0429151181396353,NA,"down","not tested",FALSE
"KEGG 04146","04146","SOD2",0.570912754455824,NA,"up","not tested",FALSE
"KEGG 04146","04146","ACOX2",-0.148356183013012,NA,"down","not tested",FALSE
"KEGG 04146","04146","ACOX3",0.174149719908252,NA,"up","not tested",FALSE
"KEGG 04146","04146","GNPAT",0.0383384457567128,NA,"up","not tested",FALSE
"KEGG 04146","04146","DDO",0.265648349874442,NA,"up","not tested",FALSE
"KEGG 04146","04146","AGPS",-0.36223505924727,NA,"down","not tested",FALSE
"KEGG 04146","04146","PEX11A",-0.0976200604299677,NA,"down","not tested",FALSE
"KEGG 04146","04146","PEX16",0.00672470904163173,NA,"up","not tested",FALSE
"KEGG 04146","04146","ACOT8",-0.0712335259596603,NA,"down","not tested",FALSE
"KEGG 04146","04146","SLC25A17",0.0515514551169448,NA,"up","not tested",FALSE
"KEGG 04146","04146","PMVK",-0.169255993507574,NA,"down","not tested",FALSE
"KEGG 04146","04146","DHRS4",-0.150769875523821,NA,"down","not tested",FALSE
"KEGG 04146","04146","SLC27A2",NA,2.92990182727733,"not tested","up",FALSE
"KEGG 04146","04146","PXMP4",0.0632490826869504,NA,"up","not tested",FALSE
"KEGG 04146","04146","MLYCD",0.0455818483161997,NA,"up","not tested",FALSE
"KEGG 04146","04146","AMACR",-0.169416250975404,1.17112431212716,"down","up",FALSE
"KEGG 04146","04146","PRDX5",-0.353044764572978,NA,"down","not tested",FALSE
"KEGG 04146","04146","HACL1",0.0915143328218223,NA,"up","not tested",FALSE
"KEGG 04146","04146","DECR2",-0.165097094321514,NA,"down","not tested",FALSE
"KEGG 04146","04146","PEX26",0.102947564154257,-8.33687273338344,"up","down",FALSE
"KEGG 04146","04146","FAR2",0.464800051705654,NA,"up","not tested",FALSE
"KEGG 04146","04146","PECR",-0.239384343448679,NA,"down","not tested",FALSE
"KEGG 04146","04146","NUDT12",-0.0740491955031441,NA,"down","not tested",FALSE
"KEGG 04146","04146","FAR1",-0.222116127448568,NA,"down","not tested",FALSE
"KEGG 04146","04146","PEX11G",-0.362562118667077,NA,"down","not tested",FALSE
"KEGG 04146","04146","GSTK1",-0.0400061018812305,1.22876230502464,"down","up",FALSE
"KEGG 04146","04146","NUDT19",0.0485525158757668,NA,"up","not tested",FALSE
"KEGG 04270","04270","ADCY9",0.28323016670524,1.30322378230858,"up","up",TRUE
"KEGG 04270","04270","ADRA1D",1.85405594844196,2.94969839184328,"up","up",TRUE
"KEGG 04270","04270","ARAF",0.053926303334234,2.21335225921718,"up","up",TRUE
"KEGG 04270","04270","CACNA1C",0.0255329261288396,1.9091783185893,"up","up",TRUE
"KEGG 04270","04270","GNA12",0.0538399759623314,1.42162731846615,"up","up",TRUE
"KEGG 04270","04270","GNAS",0.00675358291517215,1.30579551977722,"up","up",TRUE
"KEGG 04270","04270","MYLK",0.461745909354633,2.66323833198202,"up","up",TRUE
"KEGG 04270","04270","PPP1R12A",-0.0506911455812993,-3.38857183513342,"down","down",TRUE
"KEGG 04270","04270","PPP1CA",0.0568635029917906,2.46420689672661,"up","up",TRUE
"KEGG 04270","04270","PRKCH",-1.04249496466158,-1.19410653593437,"down","down",TRUE
"KEGG 04270","04270","MAPK1",0.106064550222836,1.97690167713987,"up","up",TRUE
"KEGG 04270","04270","MAPK3",0.0880709320902625,1.16356275045493,"up","up",TRUE
"KEGG 04270","04270","MAP2K1",-0.0904605244594654,-1.17312314697461,"down","down",TRUE
"KEGG 04270","04270","JMJD7-PLA2G4B",0.252815930500917,2.16576134425557,"up","up",TRUE
"KEGG 04270","04270","ARHGEF1",0.0659605188252454,2.66177932887123,"up","up",TRUE
"KEGG 04270","04270","PLCB1",0.160229572667606,1.84142209334503,"up","up",TRUE
"KEGG 04270","04270","KCNMB4",-0.186685657254299,-1.00620609068368,"down","down",TRUE
"KEGG 04270","04270","PLA2G4B",0.146162970809968,1.19665985382369,"up","up",TRUE
"KEGG 04270","04270","ACTA2",-0.505333641415192,NA,"down","not tested",FALSE
"KEGG 04270","04270","ACTG2",0.59781915020332,NA,"up","not tested",FALSE
"KEGG 04270","04270","ADCY2",0.929976173723535,NA,"up","not tested",FALSE
"KEGG 04270","04270","ADCY3",-0.0774490844889228,NA,"down","not tested",FALSE
"KEGG 04270","04270","ADCY5",-0.159057897233653,NA,"down","not tested",FALSE
"KEGG 04270","04270","ADCY6",0.00140880275207039,NA,"up","not tested",FALSE
"KEGG 04270","04270","ADCY7",-0.356152726402924,NA,"down","not tested",FALSE
"KEGG 04270","04270","ADORA2A",0.0447020960003843,-6.4806442660708,"up","down",FALSE
"KEGG 04270","04270","ADORA2B",0.445692477403665,NA,"up","not tested",FALSE
"KEGG 04270","04270","AGTR1",-1.93706749077491,NA,"down","not tested",FALSE
"KEGG 04270","04270","RHOA",-0.0408825145323095,1.09016232916681,"down","up",FALSE
"KEGG 04270","04270","AVPR1A",-1.55095277657444,NA,"down","not tested",FALSE
"KEGG 04270","04270","BRAF",-0.0200291631733547,NA,"down","not tested",FALSE
"KEGG 04270","04270","CACNA1S",NA,2.50903222694084,"not tested","up",FALSE
"KEGG 04270","04270","CALD1",0.00187092151525043,-1.59092450902116,"up","down",FALSE
"KEGG 04270","04270","CALM1",0.0729620059767145,NA,"up","not tested",FALSE
"KEGG 04270","04270","CALM2",-0.0746052384054292,NA,"down","not tested",FALSE
"KEGG 04270","04270","CALM3",0.0728582268594918,NA,"up","not tested",FALSE
"KEGG 04270","04270","EDNRA",-0.40065516989329,NA,"down","not tested",FALSE
"KEGG 04270","04270","GNA11",0.0231399037282979,-1.65046657046717,"up","down",FALSE
"KEGG 04270","04270","GNAQ",-0.124988200796951,NA,"down","not tested",FALSE
"KEGG 04270","04270","GUCY1A2",-2.43642322402612,NA,"down","not tested",FALSE
"KEGG 04270","04270","ITPR1",0.215118982319101,NA,"up","not tested",FALSE
"KEGG 04270","04270","ITPR2",-0.0963037706372221,NA,"down","not tested",FALSE
"KEGG 04270","04270","ITPR3",0.403699327686953,NA,"up","not tested",FALSE
"KEGG 04270","04270","KCNMA1",-0.0571954375599639,NA,"down","not tested",FALSE
"KEGG 04270","04270","MYH11",0.00779613615159073,-2.76849597677322,"up","down",FALSE
"KEGG 04270","04270","MYL6",-0.121317340146405,NA,"down","not tested",FALSE
"KEGG 04270","04270","PPP1R12B",0.116440842406372,-3.27905283854341,"up","down",FALSE
"KEGG 04270","04270","NPR1",0.9811243820718,NA,"up","not tested",FALSE
"KEGG 04270","04270","NPR2",0.0537664411461289,NA,"up","not tested",FALSE
"KEGG 04270","04270","PLA2G4A",0.0713635618461505,NA,"up","not tested",FALSE
"KEGG 04270","04270","PLCB3",0.179288378725896,NA,"up","not tested",FALSE
"KEGG 04270","04270","PLCB4",-0.677099816379162,NA,"down","not tested",FALSE
"KEGG 04270","04270","PPP1CB",-0.0939202017142089,NA,"down","not tested",FALSE
"KEGG 04270","04270","PPP1CC",-0.0158443180882355,NA,"down","not tested",FALSE
"KEGG 04270","04270","PRKACA",0.075756402370937,-1.6932850608529,"up","down",FALSE
"KEGG 04270","04270","PRKACB",-0.0519654619392232,NA,"down","not tested",FALSE
"KEGG 04270","04270","PRKACG",NA,-2.00028699563044,"not tested","down",FALSE
"KEGG 04270","04270","PRKCA",-0.215929189949199,NA,"down","not tested",FALSE
"KEGG 04270","04270","PRKCB",NA,1.80667327313173,"not tested","up",FALSE
"KEGG 04270","04270","PRKCD",0.273141531273507,NA,"up","not tested",FALSE
"KEGG 04270","04270","PRKCE",0.348434991067328,-2.55310848895298,"up","down",FALSE
"KEGG 04270","04270","PRKG1",-0.0985544975930928,NA,"down","not tested",FALSE
"KEGG 04270","04270","MAP2K2",0.0109376770928018,NA,"up","not tested",FALSE
"KEGG 04270","04270","PRKX",-0.114925595566586,NA,"down","not tested",FALSE
"KEGG 04270","04270","PTGIR",-0.717195355788376,NA,"down","not tested",FALSE
"KEGG 04270","04270","RAF1",0.0916111784711097,NA,"up","not tested",FALSE
"KEGG 04270","04270","ROCK1",0.052094569977527,-2.48244933176632,"up","down",FALSE
"KEGG 04270","04270","PLA2G6",-0.186508296772332,NA,"down","not tested",FALSE
"KEGG 04270","04270","PLA2G10",NA,3.25120559870237,"not tested","up",FALSE
"KEGG 04270","04270","ROCK2",0.228724737538272,NA,"up","not tested",FALSE
"KEGG 04270","04270","ARHGEF11",0.198216859838639,-2.104044736169,"up","down",FALSE
"KEGG 04270","04270","CALCRL",-0.5665671844125,NA,"down","not tested",FALSE
"KEGG 04270","04270","RAMP1",0.451234325651817,NA,"up","not tested",FALSE
"KEGG 04270","04270","MYL9",0.0492640260817746,NA,"up","not tested",FALSE
"KEGG 04270","04270","GNA13",0.00218509119933252,NA,"up","not tested",FALSE
"KEGG 04270","04270","ARHGEF12",0.109917232182143,NA,"up","not tested",FALSE
"KEGG 04270","04270","KCNMB3",-0.0863094015393098,1.83239801683205,"down","up",FALSE
"KEGG 04270","04270","PLA2G3",NA,-1.22261929820636,"not tested","down",FALSE
"KEGG 04270","04270","PLA2G12A",-0.300003711951769,1.27686400734066,"down","up",FALSE
"KEGG 04270","04270","MYLK2",NA,-6.77362686667328,"not tested","down",FALSE
"KEGG 04270","04270","PPP1R14A",-0.528964928010379,NA,"down","not tested",FALSE
"KEGG 04270","04270","PLA2G4E",NA,-6.75475980063493,"not tested","down",FALSE
"KEGG 04270","04270","MYL6B",-0.0242562674826425,NA,"down","not tested",FALSE
"KEGG 04270","04270","CALML6",0.0844761581439239,NA,"up","not tested",FALSE
"KEGG 04270","04270","ADCY4",-0.104253109628822,NA,"down","not tested",FALSE
"KEGG 04360","04360","CFL1",0.0601903457930866,1.89892234371341,"up","up",TRUE
"KEGG 04360","04360","CFL2",-0.0802656240529492,-1.85042668209232,"down","down",TRUE
"KEGG 04360","04360","EFNB2",-0.836477743917994,-2.78609547159184,"down","down",TRUE
"KEGG 04360","04360","EPHB4",0.0422097008830199,2.56974329850307,"up","up",TRUE
"KEGG 04360","04360","ITGB1",-0.183669821289858,-2.33559487236819,"down","down",TRUE
"KEGG 04360","04360","L1CAM",-0.399770041089436,-1.02423371073489,"down","down",TRUE
"KEGG 04360","04360","ABLIM1",-0.425497219744736,-2.79913750932965,"down","down",TRUE
"KEGG 04360","04360","MET",0.171727406079163,1.243485259673,"up","up",TRUE
"KEGG 04360","04360","NFATC3",0.00263062280154636,1.02231269658602,"up","up",TRUE
"KEGG 04360","04360","PLXNB3",0.370597948324243,1.71702714234816,"up","up",TRUE
"KEGG 04360","04360","MAPK1",0.106064550222836,1.97690167713987,"up","up",TRUE
"KEGG 04360","04360","MAPK3",0.0880709320902625,1.16356275045493,"up","up",TRUE
"KEGG 04360","04360","ROBO1",-0.0746381239799766,-1.25845868302115,"down","down",TRUE
"KEGG 04360","04360","ROBO2",-0.42307880387979,-2.09996111448131,"down","down",TRUE
"KEGG 04360","04360","CXCL12",0.0242616859155402,2.45372005591421,"up","up",TRUE
"KEGG 04360","04360","SEMA4D",0.857306361862163,1.88446733994657,"up","up",TRUE
"KEGG 04360","04360","SRGAP2",0.119604333510021,1.89887274876487,"up","up",TRUE
"KEGG 04360","04360","PLXNA3",0.0963437055290172,1.40212069209683,"up","up",TRUE
"KEGG 04360","04360","SEMA3D",0.259802284671654,1.76381806398709,"up","up",TRUE
"KEGG 04360","04360","ABL1",-0.0129087593739291,1.67694088490357,"down","up",FALSE
"KEGG 04360","04360","RHOA",-0.0408825145323095,1.09016232916681,"down","up",FALSE
"KEGG 04360","04360","CDC42",-0.0633195354630256,3.09604993744361,"down","up",FALSE
"KEGG 04360","04360","CDK5",-0.149521114469916,NA,"down","not tested",FALSE
"KEGG 04360","04360","DPYSL2",-0.0304225833743014,NA,"down","not tested",FALSE
"KEGG 04360","04360","EFNA1",-0.563907603601783,NA,"down","not tested",FALSE
"KEGG 04360","04360","EFNA3",-0.0505625847734033,NA,"down","not tested",FALSE
"KEGG 04360","04360","EFNA4",-0.113548078497711,1.01401100486497,"down","up",FALSE
"KEGG 04360","04360","EFNA5",-1.16741805133262,NA,"down","not tested",FALSE
"KEGG 04360","04360","EFNB1",0.358737043427587,NA,"up","not tested",FALSE
"KEGG 04360","04360","EFNB3",-0.236192379472543,NA,"down","not tested",FALSE
"KEGG 04360","04360","EPHA2",0.379195455021579,NA,"up","not tested",FALSE
"KEGG 04360","04360","EPHA3",-1.01721022099561,NA,"down","not tested",FALSE
"KEGG 04360","04360","EPHA4",0.550674091700177,-3.13225280033462,"up","down",FALSE
"KEGG 04360","04360","EPHA5",-1.37514171045362,1.8336976163094,"down","up",FALSE
"KEGG 04360","04360","EPHB2",0.182453568466971,-1.57079684956494,"up","down",FALSE
"KEGG 04360","04360","EPHB3",-0.1009928503064,1.61849432361478,"down","up",FALSE
"KEGG 04360","04360","EPHB6",0.258551724384856,NA,"up","not tested",FALSE
"KEGG 04360","04360","FES",0.0359832432788684,-2.96382413851707,"up","down",FALSE
"KEGG 04360","04360","FYN",-0.277819640727724,NA,"down","not tested",FALSE
"KEGG 04360","04360","GNAI1",0.041369487062051,NA,"up","not tested",FALSE
"KEGG 04360","04360","GNAI2",-0.00350090198505997,NA,"down","not tested",FALSE
"KEGG 04360","04360","GNAI3",0.0518036483281065,NA,"up","not tested",FALSE
"KEGG 04360","04360","GSK3B",-0.0927716777501987,NA,"down","not tested",FALSE
"KEGG 04360","04360","HRAS",-0.00507895693943467,NA,"down","not tested",FALSE
"KEGG 04360","04360","KRAS",-0.0677487937821147,NA,"down","not tested",FALSE
"KEGG 04360","04360","LIMK1",0.354012863770158,-1.67728943665723,"up","down",FALSE
"KEGG 04360","04360","LIMK2",-0.219633246783429,1.05034413296194,"down","up",FALSE
"KEGG 04360","04360","NCK1",-0.0199142846389982,1.82959001372064,"down","up",FALSE
"KEGG 04360","04360","NFATC1",0.0670076376422707,-2.11135691729422,"up","down",FALSE
"KEGG 04360","04360","NFATC2",NA,-2.70062306193259,"not tested","down",FALSE
"KEGG 04360","04360","NFATC4",0.000777143817385631,-2.39131917220656,"up","down",FALSE
"KEGG 04360","04360","NRAS",-0.0110997233846007,NA,"down","not tested",FALSE
"KEGG 04360","04360","PAK1",0.0302364945038586,NA,"up","not tested",FALSE
"KEGG 04360","04360","PAK2",0.0641167640407367,-2.59923080084976,"up","down",FALSE
"KEGG 04360","04360","PAK3",-0.325658686233934,NA,"down","not tested",FALSE
"KEGG 04360","04360","PLXNA1",0.134545923698426,NA,"up","not tested",FALSE
"KEGG 04360","04360","PLXNA2",0.134597941208446,NA,"up","not tested",FALSE
"KEGG 04360","04360","PLXNB1",0.069182012408974,NA,"up","not tested",FALSE
"KEGG 04360","04360","PPP3CA",-0.281727036992682,NA,"down","not tested",FALSE
"KEGG 04360","04360","PPP3CB",-0.204847435066645,NA,"down","not tested",FALSE
"KEGG 04360","04360","PPP3CC",0.0749718502503002,NA,"up","not tested",FALSE
"KEGG 04360","04360","PPP3R1",0.0318437276338638,NA,"up","not tested",FALSE
"KEGG 04360","04360","PTK2",0.0476562613809988,NA,"up","not tested",FALSE
"KEGG 04360","04360","RAC1",-0.130981736048696,2.08728234032318,"down","up",FALSE
"KEGG 04360","04360","RAC2",0.0968734849739476,-1.01900804433184,"up","down",FALSE
"KEGG 04360","04360","RAC3",-0.304724720538237,NA,"down","not tested",FALSE
"KEGG 04360","04360","RASA1",0.0472470583729102,NA,"up","not tested",FALSE
"KEGG 04360","04360","RGS3",0.226078517539086,-2.12118921036943,"up","down",FALSE
"KEGG 04360","04360","ROCK1",0.052094569977527,-2.48244933176632,"up","down",FALSE
"KEGG 04360","04360","SEMA3F",-1.74494957097209,NA,"down","not tested",FALSE
"KEGG 04360","04360","SLIT3",-0.714357846506369,NA,"down","not tested",FALSE
"KEGG 04360","04360","SEMA3B",0.221095251201779,NA,"up","not tested",FALSE
"KEGG 04360","04360","NCK2",0.1009786847611,NA,"up","not tested",FALSE
"KEGG 04360","04360","SEMA7A",0.0626480230259634,NA,"up","not tested",FALSE
"KEGG 04360","04360","UNC5C",-0.572562575281784,NA,"down","not tested",FALSE
"KEGG 04360","04360","NRP1",0.0560678949979653,NA,"up","not tested",FALSE
"KEGG 04360","04360","SEMA5A",0.0339000263127818,NA,"up","not tested",FALSE
"KEGG 04360","04360","SLIT2",0.313835421142822,-1.26556891700871,"up","down",FALSE
"KEGG 04360","04360","NTN1",0.679238610897412,NA,"up","not tested",FALSE
"KEGG 04360","04360","ROCK2",0.228724737538272,NA,"up","not tested",FALSE
"KEGG 04360","04360","SRGAP3",-0.459628076578682,NA,"down","not tested",FALSE
"KEGG 04360","04360","PLXNC1",0.340698622059433,NA,"up","not tested",FALSE
"KEGG 04360","04360","PAK4",0.106319118042609,-1.82417815194499,"up","down",FALSE
"KEGG 04360","04360","SEMA3A",-0.143602150433506,NA,"down","not tested",FALSE
"KEGG 04360","04360","SEMA6C",-0.0834202003354407,2.05083000598644,"down","up",FALSE
"KEGG 04360","04360","SEMA4F",-0.124762587069436,NA,"down","not tested",FALSE
"KEGG 04360","04360","SEMA4B",0.0990803632002211,NA,"up","not tested",FALSE
"KEGG 04360","04360","SEMA3C",0.366781364528181,NA,"up","not tested",FALSE
"KEGG 04360","04360","NFAT5",0.264352063356174,-1.7608989709041,"up","down",FALSE
"KEGG 04360","04360","CHP1",0.0294360755809093,NA,"up","not tested",FALSE
"KEGG 04360","04360","NTNG1",-0.61122064452481,NA,"down","not tested",FALSE
"KEGG 04360","04360","ABLIM3",0.373671434825616,-3.56658369550626,"up","down",FALSE
"KEGG 04360","04360","ARHGEF12",0.109917232182143,NA,"up","not tested",FALSE
"KEGG 04360","04360","PLXNB2",0.273030157058819,NA,"up","not tested",FALSE
"KEGG 04360","04360","NGEF",0.950755933243463,NA,"up","not tested",FALSE
"KEGG 04360","04360","RND1",NA,-1.80064267098912,"not tested","down",FALSE
"KEGG 04360","04360","RHOD",-0.704587129622985,NA,"down","not tested",FALSE
"KEGG 04360","04360","SEMA4C",0.20690448323895,NA,"up","not tested",FALSE
"KEGG 04360","04360","PAK6",0.461900004271386,NA,"up","not tested",FALSE
"KEGG 04360","04360","SRGAP1",0.0573530315651148,NA,"up","not tested",FALSE
"KEGG 04360","04360","LRRC4C",NA,-1.10841184689915,"not tested","down",FALSE
"KEGG 04360","04360","SEMA4G",0.296359235644974,NA,"up","not tested",FALSE
"KEGG 04360","04360","NTN4",-0.606693786574276,NA,"down","not tested",FALSE
"KEGG 04360","04360","SEMA4A",-0.239881818434325,2.10672037025329,"down","up",FALSE
"KEGG 04360","04360","ROBO3",-0.107183497260879,NA,"down","not tested",FALSE
"KEGG 04360","04360","SEMA6D",0.917349416584432,NA,"up","not tested",FALSE
"KEGG 04360","04360","ABLIM2",NA,-2.2883712023323,"not tested","down",FALSE
"KEGG 04360","04360","UNC5B",-0.264862712025717,NA,"down","not tested",FALSE
"KEGG 04370 - VEGF signaling pathway","04370","NFATC3",0.00263062280154636,1.02231269658602,"up","up",TRUE
"KEGG 04370 - VEGF signaling pathway","04370","NOS3",-0.799500721084868,-7.44873610027687,"down","down",TRUE
"KEGG 04370 - VEGF signaling pathway","04370","MAPK1",0.106064550222836,1.97690167713987,"up","up",TRUE
"KEGG 04370 - VEGF signaling pathway","04370","MAPK3",0.0880709320902625,1.16356275045493,"up","up",TRUE
"KEGG 04370 - VEGF signaling pathway","04370","MAP2K1",-0.0904605244594654,-1.17312314697461,"down","down",TRUE
"KEGG 04370 - VEGF signaling pathway","04370","PTGS2",-0.82306543885508,-1.26678366279647,"down","down",TRUE
"KEGG 04370 - VEGF signaling pathway","04370","JMJD7-PLA2G4B",0.252815930500917,2.16576134425557,"up","up",TRUE
"KEGG 04370 - VEGF signaling pathway","04370","SPHK1",-0.497023359601027,-4.46210510318838,"down","down",TRUE
"KEGG 04370 - VEGF signaling pathway","04370","SH2D2A",-1.86434583072656,-1.76622041516158,"down","down",TRUE
"KEGG 04370 - VEGF signaling pathway","04370","PLA2G4B",0.146162970809968,1.19665985382369,"up","up",TRUE
"KEGG 04370 - VEGF signaling pathway","04370","AKT1",0.0539477569445593,NA,"up","not tested",FALSE
"KEGG 04370 - VEGF signaling pathway","04370","AKT2",0.0899509806036001,NA,"up","not tested",FALSE
"KEGG 04370 - VEGF signaling pathway","04370","BAD",-0.13864006172697,NA,"down","not tested",FALSE
"KEGG 04370 - VEGF signaling pathway","04370","CASP9",0.109431372657183,NA,"up","not tested",FALSE
"KEGG 04370 - VEGF signaling pathway","04370","CDC42",-0.0633195354630256,3.09604993744361,"down","up",FALSE
"KEGG 04370 - VEGF signaling pathway","04370","MAPK14",-0.00859799969447866,1.39285922476682,"down","up",FALSE
"KEGG 04370 - VEGF signaling pathway","04370","HRAS",-0.00507895693943467,NA,"down","not tested",FALSE
"KEGG 04370 - VEGF signaling pathway","04370","HSPB1",0.10907038725694,NA,"up","not tested",FALSE
"KEGG 04370 - VEGF signaling pathway","04370","KRAS",-0.0677487937821147,NA,"down","not tested",FALSE
"KEGG 04370 - VEGF signaling pathway","04370","NFATC1",0.0670076376422707,-2.11135691729422,"up","down",FALSE
"KEGG 04370 - VEGF signaling pathway","04370","NFATC2",NA,-2.70062306193259,"not tested","down",FALSE
"KEGG 04370 - VEGF signaling pathway","04370","NFATC4",0.000777143817385631,-2.39131917220656,"up","down",FALSE
"KEGG 04370 - VEGF signaling pathway","04370","NRAS",-0.0110997233846007,NA,"down","not tested",FALSE
"KEGG 04370 - VEGF signaling pathway","04370","PIK3CA",-0.0169931191156256,2.16725344739775,"down","up",FALSE
"KEGG 04370 - VEGF signaling pathway","04370","PIK3CB",0.162213253870038,NA,"up","not tested",FALSE
"KEGG 04370 - VEGF signaling pathway","04370","PIK3CD",0.0597544265411897,NA,"up","not tested",FALSE
"KEGG 04370 - VEGF signaling pathway","04370","PIK3R1",0.110883788621389,-1.1152241909132,"up","down",FALSE
"KEGG 04370 - VEGF signaling pathway","04370","PIK3R2",0.176824360485949,NA,"up","not tested",FALSE
"KEGG 04370 - VEGF signaling pathway","04370","PLA2G4A",0.0713635618461505,NA,"up","not tested",FALSE
"KEGG 04370 - VEGF signaling pathway","04370","PLCG1",0.204130954037411,NA,"up","not tested",FALSE
"KEGG 04370 - VEGF signaling pathway","04370","PPP3CA",-0.281727036992682,NA,"down","not tested",FALSE
"KEGG 04370 - VEGF signaling pathway","04370","PPP3CB",-0.204847435066645,NA,"down","not tested",FALSE
"KEGG 04370 - VEGF signaling pathway","04370","PPP3CC",0.0749718502503002,NA,"up","not tested",FALSE
"KEGG 04370 - VEGF signaling pathway","04370","PPP3R1",0.0318437276338638,NA,"up","not tested",FALSE
"KEGG 04370 - VEGF signaling pathway","04370","PRKCA",-0.215929189949199,NA,"down","not tested",FALSE
"KEGG 04370 - VEGF signaling pathway","04370","PRKCB",NA,1.80667327313173,"not tested","up",FALSE
"KEGG 04370 - VEGF signaling pathway","04370","MAPK11",-0.179114774017593,1.37932984317879,"down","up",FALSE
"KEGG 04370 - VEGF signaling pathway","04370","MAPK13",0.152176498243256,NA,"up","not tested",FALSE
"KEGG 04370 - VEGF signaling pathway","04370","MAP2K2",0.0109376770928018,NA,"up","not tested",FALSE
"KEGG 04370 - VEGF signaling pathway","04370","PTK2",0.0476562613809988,NA,"up","not tested",FALSE
"KEGG 04370 - VEGF signaling pathway","04370","PXN",0.171806144762316,NA,"up","not tested",FALSE
"KEGG 04370 - VEGF signaling pathway","04370","RAC1",-0.130981736048696,2.08728234032318,"down","up",FALSE
"KEGG 04370 - VEGF signaling pathway","04370","RAC2",0.0968734849739476,-1.01900804433184,"up","down",FALSE
"KEGG 04370 - VEGF signaling pathway","04370","RAC3",-0.304724720538237,NA,"down","not tested",FALSE
"KEGG 04370 - VEGF signaling pathway","04370","RAF1",0.0916111784711097,NA,"up","not tested",FALSE
"KEGG 04370 - VEGF signaling pathway","04370","MAPK12",-0.0122149914714795,NA,"down","not tested",FALSE
"KEGG 04370 - VEGF signaling pathway","04370","SRC",0.172578774752683,NA,"up","not tested",FALSE
"KEGG 04370 - VEGF signaling pathway","04370","VEGFA",-0.1889208325863,1.22452068084208,"down","up",FALSE
"KEGG 04370 - VEGF signaling pathway","04370","MAPKAPK3",-0.161036001745526,NA,"down","not tested",FALSE
"KEGG 04370 - VEGF signaling pathway","04370","PLA2G6",-0.186508296772332,NA,"down","not tested",FALSE
"KEGG 04370 - VEGF signaling pathway","04370","PLA2G10",NA,3.25120559870237,"not tested","up",FALSE
"KEGG 04370 - VEGF signaling pathway","04370","PIK3R3",0.420945411657052,NA,"up","not tested",FALSE
"KEGG 04370 - VEGF signaling pathway","04370","MAPKAPK2",0.173259681738924,NA,"up","not tested",FALSE
"KEGG 04370 - VEGF signaling pathway","04370","AKT3",0.11092402511046,-1.31700310884974,"up","down",FALSE
"KEGG 04370 - VEGF signaling pathway","04370","NFAT5",0.264352063356174,-1.7608989709041,"up","down",FALSE
"KEGG 04370 - VEGF signaling pathway","04370","CHP1",0.0294360755809093,NA,"up","not tested",FALSE
"KEGG 04370 - VEGF signaling pathway","04370","SHC2",NA,1.70746612776529,"not tested","up",FALSE
"KEGG 04370 - VEGF signaling pathway","04370","PLA2G3",NA,-1.22261929820636,"not tested","down",FALSE
"KEGG 04370 - VEGF signaling pathway","04370","SPHK2",0.229698609572127,-1.70718086194401,"up","down",FALSE
"KEGG 04370 - VEGF signaling pathway","04370","PLA2G12A",-0.300003711951769,1.27686400734066,"down","up",FALSE
"KEGG 04370 - VEGF signaling pathway","04370","PLA2G4E",NA,-6.75475980063493,"not tested","down",FALSE
"KEGG 04512 - ECM-receptor interaction","04512","CD36",1.77533728723891,3.30436466216666,"up","up",TRUE
"KEGG 04512 - ECM-receptor interaction","04512","COL1A2",-0.122803986091431,-1.50800648203345,"down","down",TRUE
"KEGG 04512 - ECM-receptor interaction","04512","COL11A2",-0.358845441007348,-1.18562383505373,"down","down",TRUE
"KEGG 04512 - ECM-receptor interaction","04512","FN1",-0.362828675502456,-2.05040006962763,"down","down",TRUE
"KEGG 04512 - ECM-receptor interaction","04512","ITGA2",1.29278785043767,1.1198787729483,"up","up",TRUE
"KEGG 04512 - ECM-receptor interaction","04512","ITGB1",-0.183669821289858,-2.33559487236819,"down","down",TRUE
"KEGG 04512 - ECM-receptor interaction","04512","ITGB5",0.171067419040184,1.36829929221362,"up","up",TRUE
"KEGG 04512 - ECM-receptor interaction","04512","LAMB2",0.00412439808324103,1.29831965300666,"up","up",TRUE
"KEGG 04512 - ECM-receptor interaction","04512","ITGA11",-0.631698944962006,-1.9877046117932,"down","down",TRUE
"KEGG 04512 - ECM-receptor interaction","04512","CD44",0.727108286996393,-1.66111748431933,"up","down",FALSE
"KEGG 04512 - ECM-receptor interaction","04512","CD47",0.241826030630808,NA,"up","not tested",FALSE
"KEGG 04512 - ECM-receptor interaction","04512","COL1A1",-0.133478135198031,NA,"down","not tested",FALSE
"KEGG 04512 - ECM-receptor interaction","04512","COL3A1",-0.145829256660246,NA,"down","not tested",FALSE
"KEGG 04512 - ECM-receptor interaction","04512","COL4A1",-0.532090055652447,NA,"down","not tested",FALSE
"KEGG 04512 - ECM-receptor interaction","04512","COL4A2",-0.378745693325989,NA,"down","not tested",FALSE
"KEGG 04512 - ECM-receptor interaction","04512","COL4A4",0.0265080277163466,NA,"up","not tested",FALSE
"KEGG 04512 - ECM-receptor interaction","04512","COL4A5",-0.0298794913283797,NA,"down","not tested",FALSE
"KEGG 04512 - ECM-receptor interaction","04512","COL4A6",-0.0324756992688287,NA,"down","not tested",FALSE
"KEGG 04512 - ECM-receptor interaction","04512","COL5A1",-0.268235895542461,NA,"down","not tested",FALSE
"KEGG 04512 - ECM-receptor interaction","04512","COL5A2",-0.201551303125529,NA,"down","not tested",FALSE
"KEGG 04512 - ECM-receptor interaction","04512","COL6A1",0.0746298989868468,NA,"up","not tested",FALSE
"KEGG 04512 - ECM-receptor interaction","04512","COL6A2",0.033258668665054,NA,"up","not tested",FALSE
"KEGG 04512 - ECM-receptor interaction","04512","COL6A3",0.147185351234539,NA,"up","not tested",FALSE
"KEGG 04512 - ECM-receptor interaction","04512","COL11A1",-0.22314234072674,NA,"down","not tested",FALSE
"KEGG 04512 - ECM-receptor interaction","04512","COMP",0.33867486428524,NA,"up","not tested",FALSE
"KEGG 04512 - ECM-receptor interaction","04512","DAG1",0.211406414252955,-2.69701580530291,"up","down",FALSE
"KEGG 04512 - ECM-receptor interaction","04512","GP1BB",0.143391414757019,NA,"up","not tested",FALSE
"KEGG 04512 - ECM-receptor interaction","04512","HMMR",0.395197364747807,NA,"up","not tested",FALSE
"KEGG 04512 - ECM-receptor interaction","04512","HSPG2",-0.249776390906456,NA,"down","not tested",FALSE
"KEGG 04512 - ECM-receptor interaction","04512","TNC",0.16646813280929,NA,"up","not tested",FALSE
"KEGG 04512 - ECM-receptor interaction","04512","ITGA6",0.867704604945037,NA,"up","not tested",FALSE
"KEGG 04512 - ECM-receptor interaction","04512","ITGA1",0.293884821602431,NA,"up","not tested",FALSE
"KEGG 04512 - ECM-receptor interaction","04512","ITGA3",0.176328034568262,NA,"up","not tested",FALSE
"KEGG 04512 - ECM-receptor interaction","04512","ITGA4",0.340071426059346,NA,"up","not tested",FALSE
"KEGG 04512 - ECM-receptor interaction","04512","ITGA5",-0.0723972039694282,NA,"down","not tested",FALSE
"KEGG 04512 - ECM-receptor interaction","04512","ITGA7",-1.35937460515689,NA,"down","not tested",FALSE
"KEGG 04512 - ECM-receptor interaction","04512","ITGAV",0.138072690272226,-1.28940294927404,"up","down",FALSE
"KEGG 04512 - ECM-receptor interaction","04512","ITGB3",0.504974095502232,-2.44944289048112,"up","down",FALSE
"KEGG 04512 - ECM-receptor interaction","04512","ITGB4",-0.0037356788149255,1.03792700448849,"down","up",FALSE
"KEGG 04512 - ECM-receptor interaction","04512","ITGB7",-0.816291532194568,NA,"down","not tested",FALSE
"KEGG 04512 - ECM-receptor interaction","04512","ITGB8",1.00446573760103,NA,"up","not tested",FALSE
"KEGG 04512 - ECM-receptor interaction","04512","LAMA2",0.163078605479356,NA,"up","not tested",FALSE
"KEGG 04512 - ECM-receptor interaction","04512","LAMA3",0.195765071147228,-1.54158095114355,"up","down",FALSE
"KEGG 04512 - ECM-receptor interaction","04512","LAMA4",-0.255719896109115,NA,"down","not tested",FALSE
"KEGG 04512 - ECM-receptor interaction","04512","LAMA5",0.573705826432964,NA,"up","not tested",FALSE
"KEGG 04512 - ECM-receptor interaction","04512","LAMB1",0.147316665984667,NA,"up","not tested",FALSE
"KEGG 04512 - ECM-receptor interaction","04512","LAMB3",-0.11957628128342,NA,"down","not tested",FALSE
"KEGG 04512 - ECM-receptor interaction","04512","LAMC1",-0.0772228838597152,NA,"down","not tested",FALSE
"KEGG 04512 - ECM-receptor interaction","04512","LAMC2",1.51096892626649,NA,"up","not tested",FALSE
"KEGG 04512 - ECM-receptor interaction","04512","RELN",NA,1.67824132166377,"not tested","up",FALSE
"KEGG 04512 - ECM-receptor interaction","04512","SDC1",0.0201678777852679,NA,"up","not tested",FALSE
"KEGG 04512 - ECM-receptor interaction","04512","SDC2",-0.271250331996441,NA,"down","not tested",FALSE
"KEGG 04512 - ECM-receptor interaction","04512","SDC4",0.124218201710092,NA,"up","not tested",FALSE
"KEGG 04512 - ECM-receptor interaction","04512","SPP1",1.17433356635742,-3.54967419735801,"up","down",FALSE
"KEGG 04512 - ECM-receptor interaction","04512","THBS1",0.0323571873909871,NA,"up","not tested",FALSE
"KEGG 04512 - ECM-receptor interaction","04512","THBS2",-0.376983356405339,1.35697334676119,"down","up",FALSE
"KEGG 04512 - ECM-receptor interaction","04512","THBS3",-0.281867577860417,NA,"down","not tested",FALSE
"KEGG 04512 - ECM-receptor interaction","04512","THBS4",0.171105349102358,-1.34387952777367,"up","down",FALSE
"KEGG 04512 - ECM-receptor interaction","04512","TNXB",0.951959818237382,NA,"up","not tested",FALSE
"KEGG 04512 - ECM-receptor interaction","04512","VTN",-0.841906378921696,NA,"down","not tested",FALSE
"KEGG 04512 - ECM-receptor interaction","04512","VWF",0.176139465399937,NA,"up","not tested",FALSE
"KEGG 04512 - ECM-receptor interaction","04512","ITGA10",-1.50114665662767,2.28452710322757,"down","up",FALSE
"KEGG 04512 - ECM-receptor interaction","04512","ITGA8",0.613499190826938,NA,"up","not tested",FALSE
"KEGG 04512 - ECM-receptor interaction","04512","SDC3",0.446308024606232,NA,"up","not tested",FALSE
"KEGG 04512 - ECM-receptor interaction","04512","SV2B",NA,-1.82641445660253,"not tested","down",FALSE
"KEGG 04512 - ECM-receptor interaction","04512","SV2A",-0.295826209038901,NA,"down","not tested",FALSE
"KEGG 04512 - ECM-receptor interaction","04512","LAMC3",0.224323933587922,NA,"up","not tested",FALSE
"KEGG 04512 - ECM-receptor interaction","04512","LAMB4",NA,2.00801369373881,"not tested","up",FALSE
"KEGG 04512 - ECM-receptor interaction","04512","COL5A3",-0.539459282460747,NA,"down","not tested",FALSE
"KEGG 04512 - ECM-receptor interaction","04512","LAMA1",-0.396245812900075,NA,"down","not tested",FALSE
"KEGG 04512 - ECM-receptor interaction","04512","AGRN",0.185828690320906,NA,"up","not tested",FALSE
"KEGG 05012 - Parkinson disease","05012","NDUFA9",0.015844957449692,1.40141868831007,"up","up",TRUE
"KEGG 05012 - Parkinson disease","05012","SDHC",-0.0414992409510535,-5.30829066764242,"down","down",TRUE
"KEGG 05012 - Parkinson disease","05012","SDHD",0.0226020270075911,1.98227765612305,"up","up",TRUE
"KEGG 05012 - Parkinson disease","05012","UBB",0.0494466214666955,1.59037422640803,"up","up",TRUE
"KEGG 05012 - Parkinson disease","05012","UBA7",0.0525814537768751,1.34851804004908,"up","up",TRUE
"KEGG 05012 - Parkinson disease","05012","VDAC2",0.0403064712395109,2.29098565404419,"up","up",TRUE
"KEGG 05012 - Parkinson disease","05012","HTRA2",0.115374804911776,1.13862340726226,"up","up",TRUE
"KEGG 05012 - Parkinson disease","05012","NDUFA13",-0.325992344222378,-1.24899216355073,"down","down",TRUE
"KEGG 05012 - Parkinson disease","05012","UBE2J1",-0.180452065049582,-1.04116215259238,"down","down",TRUE
"KEGG 05012 - Parkinson disease","05012","SLC25A4",-0.443392535119771,NA,"down","not tested",FALSE
"KEGG 05012 - Parkinson disease","05012","SLC25A5",-0.0298708680131677,2.8404076600855,"down","up",FALSE
"KEGG 05012 - Parkinson disease","05012","SLC25A6",-0.154580576364237,NA,"down","not tested",FALSE
"KEGG 05012 - Parkinson disease","05012","APAF1",-0.149439904084731,NA,"down","not tested",FALSE
"KEGG 05012 - Parkinson disease","05012","CASP3",0.0820504346674265,NA,"up","not tested",FALSE
"KEGG 05012 - Parkinson disease","05012","CASP9",0.109431372657183,NA,"up","not tested",FALSE
"KEGG 05012 - Parkinson disease","05012","COX4I1",-0.144993658425028,NA,"down","not tested",FALSE
"KEGG 05012 - Parkinson disease","05012","COX5B",-0.121297148126431,2.57885746111815,"down","up",FALSE
"KEGG 05012 - Parkinson disease","05012","COX6A1",-0.17390461074134,3.22791770584731,"down","up",FALSE
"KEGG 05012 - Parkinson disease","05012","COX6B1",-0.0835810877418899,2.51857967804209,"down","up",FALSE
"KEGG 05012 - Parkinson disease","05012","COX6C",-0.216683063455098,2.22393416800104,"down","up",FALSE
"KEGG 05012 - Parkinson disease","05012","COX7A1",0.235753102521153,NA,"up","not tested",FALSE
"KEGG 05012 - Parkinson disease","05012","COX7A2",-0.159988419242849,2.39493226536719,"down","up",FALSE
"KEGG 05012 - Parkinson disease","05012","COX7B",-0.187188980020045,NA,"down","not tested",FALSE
"KEGG 05012 - Parkinson disease","05012","COX7C",-0.225185181703663,1.29217333361724,"down","up",FALSE
"KEGG 05012 - Parkinson disease","05012","COX8A",-0.0654766011848251,NA,"down","not tested",FALSE
"KEGG 05012 - Parkinson disease","05012","CYC1",-0.0247062393345199,NA,"down","not tested",FALSE
"KEGG 05012 - Parkinson disease","05012","GPR37",-0.393959924833615,2.06480681844928,"down","up",FALSE
"KEGG 05012 - Parkinson disease","05012","NDUFA1",-0.16739394132092,NA,"down","not tested",FALSE
"KEGG 05012 - Parkinson disease","05012","NDUFA2",-0.0710022635775757,1.72491215931561,"down","up",FALSE
"KEGG 05012 - Parkinson disease","05012","NDUFA3",-0.110471116840447,NA,"down","not tested",FALSE
"KEGG 05012 - Parkinson disease","05012","NDUFA4",-0.161628267138948,NA,"down","not tested",FALSE
"KEGG 05012 - Parkinson disease","05012","NDUFA5",-0.217832268092746,2.16431549151444,"down","up",FALSE
"KEGG 05012 - Parkinson disease","05012","NDUFA6",-0.0547375085576089,NA,"down","not tested",FALSE
"KEGG 05012 - Parkinson disease","05012","NDUFA7",-0.249948438627877,NA,"down","not tested",FALSE
"KEGG 05012 - Parkinson disease","05012","NDUFA8",-0.138983936873339,NA,"down","not tested",FALSE
"KEGG 05012 - Parkinson disease","05012","NDUFA10",0.0298150568377791,NA,"up","not tested",FALSE
"KEGG 05012 - Parkinson disease","05012","NDUFAB1",-0.0749092115134026,3.05907752862516,"down","up",FALSE
"KEGG 05012 - Parkinson disease","05012","NDUFB1",-0.0968556277698304,2.43088500430872,"down","up",FALSE
"KEGG 05012 - Parkinson disease","05012","NDUFB2",-0.150298878271118,NA,"down","not tested",FALSE
"KEGG 05012 - Parkinson disease","05012","NDUFB3",-0.113009017029211,1.8837920137587,"down","up",FALSE
"KEGG 05012 - Parkinson disease","05012","NDUFB4",-0.00784368252314507,2.97315192764266,"down","up",FALSE
"KEGG 05012 - Parkinson disease","05012","NDUFB5",-0.204664283953764,1.76128437965645,"down","up",FALSE
"KEGG 05012 - Parkinson disease","05012","NDUFB6",0.0166292125097489,NA,"up","not tested",FALSE
"KEGG 05012 - Parkinson disease","05012","NDUFB7",-0.239251457898752,NA,"down","not tested",FALSE
"KEGG 05012 - Parkinson disease","05012","NDUFB8",-0.15680588925911,NA,"down","not tested",FALSE
"KEGG 05012 - Parkinson disease","05012","NDUFB9",-0.155216531981002,NA,"down","not tested",FALSE
"KEGG 05012 - Parkinson disease","05012","NDUFB10",-0.147876156815704,NA,"down","not tested",FALSE
"KEGG 05012 - Parkinson disease","05012","NDUFC1",-0.413762089685761,1.62275431264919,"down","up",FALSE
"KEGG 05012 - Parkinson disease","05012","NDUFC2",0.00776831665696528,NA,"up","not tested",FALSE
"KEGG 05012 - Parkinson disease","05012","NDUFS1",0.00599342328954497,NA,"up","not tested",FALSE
"KEGG 05012 - Parkinson disease","05012","NDUFS2",-0.00483359334007443,NA,"down","not tested",FALSE
"KEGG 05012 - Parkinson disease","05012","NDUFS3",-0.0629800554899623,NA,"down","not tested",FALSE
"KEGG 05012 - Parkinson disease","05012","NDUFV1",-0.0716615920296941,2.04939263369509,"down","up",FALSE
"KEGG 05012 - Parkinson disease","05012","NDUFS4",-0.176035849877019,NA,"down","not tested",FALSE
"KEGG 05012 - Parkinson disease","05012","NDUFS5",-0.111271060137385,NA,"down","not tested",FALSE
"KEGG 05012 - Parkinson disease","05012","NDUFS6",-0.109974465284494,NA,"down","not tested",FALSE
"KEGG 05012 - Parkinson disease","05012","NDUFS8",-0.0803271922323393,NA,"down","not tested",FALSE
"KEGG 05012 - Parkinson disease","05012","NDUFV2",-0.0537221311998649,NA,"down","not tested",FALSE
"KEGG 05012 - Parkinson disease","05012","NDUFV3",0.193564033231582,NA,"up","not tested",FALSE
"KEGG 05012 - Parkinson disease","05012","PPID",-0.0151685210821889,NA,"down","not tested",FALSE
"KEGG 05012 - Parkinson disease","05012","SDHA",0.111451992393076,NA,"up","not tested",FALSE
"KEGG 05012 - Parkinson disease","05012","SDHB",-0.091428449585311,NA,"down","not tested",FALSE
"KEGG 05012 - Parkinson disease","05012","SLC6A3",NA,1.52057290956893,"not tested","up",FALSE
"KEGG 05012 - Parkinson disease","05012","SLC18A1",NA,1.53805158793265,"not tested","up",FALSE
"KEGG 05012 - Parkinson disease","05012","SNCA",-1.29324589113626,NA,"down","not tested",FALSE
"KEGG 05012 - Parkinson disease","05012","TH",NA,2.40918836074321,"not tested","up",FALSE
"KEGG 05012 - Parkinson disease","05012","UBA1",0.0289939766028531,-2.04374670242652,"up","down",FALSE
"KEGG 05012 - Parkinson disease","05012","UBE2G1",-0.0666997916313707,2.09664885908604,"down","up",FALSE
"KEGG 05012 - Parkinson disease","05012","UBE2G2",0.183284258410173,NA,"up","not tested",FALSE
"KEGG 05012 - Parkinson disease","05012","UBE2L3",0.0642828367298397,NA,"up","not tested",FALSE
"KEGG 05012 - Parkinson disease","05012","UCHL1",-0.282312562671605,NA,"down","not tested",FALSE
"KEGG 05012 - Parkinson disease","05012","UQCRB",-0.0541325239647557,5.04401770172308,"down","up",FALSE
"KEGG 05012 - Parkinson disease","05012","UQCRC1",-0.0232246271289388,NA,"down","not tested",FALSE
"KEGG 05012 - Parkinson disease","05012","UQCRC2",0.0428063818595913,NA,"up","not tested",FALSE
"KEGG 05012 - Parkinson disease","05012","UQCRFS1",-0.0654658501598576,2.83600366275603,"down","up",FALSE
"KEGG 05012 - Parkinson disease","05012","UQCRH",-0.129503113815702,NA,"down","not tested",FALSE
"KEGG 05012 - Parkinson disease","05012","VDAC1",-0.0012341674273845,3.64723252805832,"down","up",FALSE
"KEGG 05012 - Parkinson disease","05012","VDAC3",0.175489236581391,NA,"up","not tested",FALSE
"KEGG 05012 - Parkinson disease","05012","COX7A2L",-0.267615292323577,1.46330631611998,"down","up",FALSE
"KEGG 05012 - Parkinson disease","05012","UBE2L6",0.0481545779286954,NA,"up","not tested",FALSE
"KEGG 05012 - Parkinson disease","05012","COX5A",-0.117260906216941,1.62314533393524,"down","up",FALSE
"KEGG 05012 - Parkinson disease","05012","SNCAIP",0.947974696226414,NA,"up","not tested",FALSE
"KEGG 05012 - Parkinson disease","05012","UQCR11",-0.260130112761522,1.6932711866698,"down","up",FALSE
"KEGG 05012 - Parkinson disease","05012","PARK7",-0.140651618588795,NA,"down","not tested",FALSE
"KEGG 05012 - Parkinson disease","05012","UQCRQ",-0.123403899092105,1.75336749039739,"down","up",FALSE
"KEGG 05012 - Parkinson disease","05012","UQCR10",-0.147649638600438,NA,"down","not tested",FALSE
"KEGG 05012 - Parkinson disease","05012","CYCS",-0.0311047579496894,NA,"down","not tested",FALSE
"KEGG 05012 - Parkinson disease","05012","NDUFB11",-0.0888661840287539,NA,"down","not tested",FALSE
"KEGG 05012 - Parkinson disease","05012","NDUFA12",0.0212826152921749,NA,"up","not tested",FALSE
"KEGG 05012 - Parkinson disease","05012","NDUFA4L2",-2.11575375280653,NA,"down","not tested",FALSE
"KEGG 05012 - Parkinson disease","05012","PINK1",0.114066941538608,NA,"up","not tested",FALSE
"KEGG 05012 - Parkinson disease","05012","SLC25A31",NA,-1.310707495683,"not tested","down",FALSE
"KEGG 05012 - Parkinson disease","05012","COX4I2",NA,1.67523245867061,"not tested","up",FALSE
"KEGG 05012 - Parkinson disease","05012","UBE2J2",0.117415979964037,-1.01858069516288,"up","down",FALSE
"KEGG 05012 - Parkinson disease","05012","LRRK2",0.284902107235218,NA,"up","not tested",FALSE
"KEGG 05012 - Parkinson disease","05012","NDUFA11",-0.20707040390259,2.34427096372487,"down","up",FALSE
"KEGG 05012 - Parkinson disease","05012","NDUFS7",-0.0548871809782375,NA,"down","not tested",FALSE
"KEGG 05012 - Parkinson disease","05012","UQCRHL",-0.0397921650170196,NA,"down","not tested",FALSE
"KEGG 05016 - Huntington disease","05016","AP2A1",0.0358899834566338,3.94846270096045,"up","up",TRUE
"KEGG 05016 - Huntington disease","05016","BAX",0.133872079414834,2.95106649535663,"up","up",TRUE
"KEGG 05016 - Huntington disease","05016","CLTC",0.125993437657967,2.83001033732029,"up","up",TRUE
"KEGG 05016 - Huntington disease","05016","CREB1",-0.111429427043962,-2.20412089837238,"down","down",TRUE
"KEGG 05016 - Huntington disease","05016","DCTN1",0.0365692868063024,1.32561195485724,"up","up",TRUE
"KEGG 05016 - Huntington disease","05016","HTT",0.24871777899786,1.23423985821164,"up","up",TRUE
"KEGG 05016 - Huntington disease","05016","HDAC1",0.0902397044406164,1.57214067893487,"up","up",TRUE
"KEGG 05016 - Huntington disease","05016","NDUFA9",0.015844957449692,1.40141868831007,"up","up",TRUE
"KEGG 05016 - Huntington disease","05016","SDHC",-0.0414992409510535,-5.30829066764242,"down","down",TRUE
"KEGG 05016 - Huntington disease","05016","SDHD",0.0226020270075911,1.98227765612305,"up","up",TRUE
"KEGG 05016 - Huntington disease","05016","VDAC2",0.0403064712395109,2.29098565404419,"up","up",TRUE
"KEGG 05016 - Huntington disease","05016","DNALI1",0.194704895938521,1.46949795892446,"up","up",TRUE
"KEGG 05016 - Huntington disease","05016","CREB3",0.0210573034957252,1.14991857463769,"up","up",TRUE
"KEGG 05016 - Huntington disease","05016","PLCB1",0.160229572667606,1.84142209334503,"up","up",TRUE
"KEGG 05016 - Huntington disease","05016","NDUFA13",-0.325992344222378,-1.24899216355073,"down","down",TRUE
"KEGG 05016 - Huntington disease","05016","DCTN4",0.0285376561897179,2.36862834641081,"up","up",TRUE
"KEGG 05016 - Huntington disease","05016","CREB3L2",-0.26330611499356,-1.38513048353812,"down","down",TRUE
"KEGG 05016 - Huntington disease","05016","AP2A2",-0.05279180445416,NA,"down","not tested",FALSE
"KEGG 05016 - Huntington disease","05016","AP2B1",0.108686056524479,NA,"up","not tested",FALSE
"KEGG 05016 - Huntington disease","05016","SLC25A4",-0.443392535119771,NA,"down","not tested",FALSE
"KEGG 05016 - Huntington disease","05016","SLC25A5",-0.0298708680131677,2.8404076600855,"down","up",FALSE
"KEGG 05016 - Huntington disease","05016","SLC25A6",-0.154580576364237,NA,"down","not tested",FALSE
"KEGG 05016 - Huntington disease","05016","APAF1",-0.149439904084731,NA,"down","not tested",FALSE
"KEGG 05016 - Huntington disease","05016","BDNF",-0.723795733107984,2.70104470196631,"down","up",FALSE
"KEGG 05016 - Huntington disease","05016","CASP3",0.0820504346674265,NA,"up","not tested",FALSE
"KEGG 05016 - Huntington disease","05016","CASP8",-0.0261491725358494,2.57942040830319,"down","up",FALSE
"KEGG 05016 - Huntington disease","05016","CASP9",0.109431372657183,NA,"up","not tested",FALSE
"KEGG 05016 - Huntington disease","05016","AP2M1",-0.113051918792903,NA,"down","not tested",FALSE
"KEGG 05016 - Huntington disease","05016","AP2S1",-0.213033218459697,NA,"down","not tested",FALSE
"KEGG 05016 - Huntington disease","05016","CLTA",0.105925701433607,-3.11423399433959,"up","down",FALSE
"KEGG 05016 - Huntington disease","05016","CLTB",-0.0748236975057563,NA,"down","not tested",FALSE
"KEGG 05016 - Huntington disease","05016","COX4I1",-0.144993658425028,NA,"down","not tested",FALSE
"KEGG 05016 - Huntington disease","05016","COX5B",-0.121297148126431,2.57885746111815,"down","up",FALSE
"KEGG 05016 - Huntington disease","05016","COX6A1",-0.17390461074134,3.22791770584731,"down","up",FALSE
"KEGG 05016 - Huntington disease","05016","COX6B1",-0.0835810877418899,2.51857967804209,"down","up",FALSE
"KEGG 05016 - Huntington disease","05016","COX6C",-0.216683063455098,2.22393416800104,"down","up",FALSE
"KEGG 05016 - Huntington disease","05016","COX7A1",0.235753102521153,NA,"up","not tested",FALSE
"KEGG 05016 - Huntington disease","05016","COX7A2",-0.159988419242849,2.39493226536719,"down","up",FALSE
"KEGG 05016 - Huntington disease","05016","COX7B",-0.187188980020045,NA,"down","not tested",FALSE
"KEGG 05016 - Huntington disease","05016","COX7C",-0.225185181703663,1.29217333361724,"down","up",FALSE
"KEGG 05016 - Huntington disease","05016","COX8A",-0.0654766011848251,NA,"down","not tested",FALSE
"KEGG 05016 - Huntington disease","05016","CREBBP",0.12308203906426,-2.65483234198058,"up","down",FALSE
"KEGG 05016 - Huntington disease","05016","CYC1",-0.0247062393345199,NA,"down","not tested",FALSE
"KEGG 05016 - Huntington disease","05016","DLG4",0.236173259838125,NA,"up","not tested",FALSE
"KEGG 05016 - Huntington disease","05016","EP300",0.108006444148534,NA,"up","not tested",FALSE
"KEGG 05016 - Huntington disease","05016","GNAQ",-0.124988200796951,NA,"down","not tested",FALSE
"KEGG 05016 - Huntington disease","05016","GPX1",-0.0747655204245398,4.61803213452716,"down","up",FALSE
"KEGG 05016 - Huntington disease","05016","GRIN1",NA,-1.96754122487985,"not tested","down",FALSE
"KEGG 05016 - Huntington disease","05016","HDAC2",-0.0476602661195913,NA,"down","not tested",FALSE
"KEGG 05016 - Huntington disease","05016","HIP1",0.314938053171282,NA,"up","not tested",FALSE
"KEGG 05016 - Huntington disease","05016","ITPR1",0.215118982319101,NA,"up","not tested",FALSE
"KEGG 05016 - Huntington disease","05016","NDUFA1",-0.16739394132092,NA,"down","not tested",FALSE
"KEGG 05016 - Huntington disease","05016","NDUFA2",-0.0710022635775757,1.72491215931561,"down","up",FALSE
"KEGG 05016 - Huntington disease","05016","NDUFA3",-0.110471116840447,NA,"down","not tested",FALSE
"KEGG 05016 - Huntington disease","05016","NDUFA4",-0.161628267138948,NA,"down","not tested",FALSE
"KEGG 05016 - Huntington disease","05016","NDUFA5",-0.217832268092746,2.16431549151444,"down","up",FALSE
"KEGG 05016 - Huntington disease","05016","NDUFA6",-0.0547375085576089,NA,"down","not tested",FALSE
"KEGG 05016 - Huntington disease","05016","NDUFA7",-0.249948438627877,NA,"down","not tested",FALSE
"KEGG 05016 - Huntington disease","05016","NDUFA8",-0.138983936873339,NA,"down","not tested",FALSE
"KEGG 05016 - Huntington disease","05016","NDUFA10",0.0298150568377791,NA,"up","not tested",FALSE
"KEGG 05016 - Huntington disease","05016","NDUFAB1",-0.0749092115134026,3.05907752862516,"down","up",FALSE
"KEGG 05016 - Huntington disease","05016","NDUFB1",-0.0968556277698304,2.43088500430872,"down","up",FALSE
"KEGG 05016 - Huntington disease","05016","NDUFB2",-0.150298878271118,NA,"down","not tested",FALSE
"KEGG 05016 - Huntington disease","05016","NDUFB3",-0.113009017029211,1.8837920137587,"down","up",FALSE
"KEGG 05016 - Huntington disease","05016","NDUFB4",-0.00784368252314507,2.97315192764266,"down","up",FALSE
"KEGG 05016 - Huntington disease","05016","NDUFB5",-0.204664283953764,1.76128437965645,"down","up",FALSE
"KEGG 05016 - Huntington disease","05016","NDUFB6",0.0166292125097489,NA,"up","not tested",FALSE
"KEGG 05016 - Huntington disease","05016","NDUFB7",-0.239251457898752,NA,"down","not tested",FALSE
"KEGG 05016 - Huntington disease","05016","NDUFB8",-0.15680588925911,NA,"down","not tested",FALSE
"KEGG 05016 - Huntington disease","05016","NDUFB9",-0.155216531981002,NA,"down","not tested",FALSE
"KEGG 05016 - Huntington disease","05016","NDUFB10",-0.147876156815704,NA,"down","not tested",FALSE
"KEGG 05016 - Huntington disease","05016","NDUFC1",-0.413762089685761,1.62275431264919,"down","up",FALSE
"KEGG 05016 - Huntington disease","05016","NDUFC2",0.00776831665696528,NA,"up","not tested",FALSE
"KEGG 05016 - Huntington disease","05016","NDUFS1",0.00599342328954497,NA,"up","not tested",FALSE
"KEGG 05016 - Huntington disease","05016","NDUFS2",-0.00483359334007443,NA,"down","not tested",FALSE
"KEGG 05016 - Huntington disease","05016","NDUFS3",-0.0629800554899623,NA,"down","not tested",FALSE
"KEGG 05016 - Huntington disease","05016","NDUFV1",-0.0716615920296941,2.04939263369509,"down","up",FALSE
"KEGG 05016 - Huntington disease","05016","NDUFS4",-0.176035849877019,NA,"down","not tested",FALSE
"KEGG 05016 - Huntington disease","05016","NDUFS5",-0.111271060137385,NA,"down","not tested",FALSE
"KEGG 05016 - Huntington disease","05016","NDUFS6",-0.109974465284494,NA,"down","not tested",FALSE
"KEGG 05016 - Huntington disease","05016","NDUFS8",-0.0803271922323393,NA,"down","not tested",FALSE
"KEGG 05016 - Huntington disease","05016","NDUFV2",-0.0537221311998649,NA,"down","not tested",FALSE
"KEGG 05016 - Huntington disease","05016","NDUFV3",0.193564033231582,NA,"up","not tested",FALSE
"KEGG 05016 - Huntington disease","05016","NRF1",0.181385144693906,NA,"up","not tested",FALSE
"KEGG 05016 - Huntington disease","05016","PLCB3",0.179288378725896,NA,"up","not tested",FALSE
"KEGG 05016 - Huntington disease","05016","PLCB4",-0.677099816379162,NA,"down","not tested",FALSE
"KEGG 05016 - Huntington disease","05016","POLR2A",0.240383196550733,NA,"up","not tested",FALSE
"KEGG 05016 - Huntington disease","05016","POLR2B",0.0611772986217523,NA,"up","not tested",FALSE
"KEGG 05016 - Huntington disease","05016","POLR2C",-0.0292751633865455,NA,"down","not tested",FALSE
"KEGG 05016 - Huntington disease","05016","POLR2D",0.109730433524233,NA,"up","not tested",FALSE
"KEGG 05016 - Huntington disease","05016","POLR2E",-0.107959599103822,NA,"down","not tested",FALSE
"KEGG 05016 - Huntington disease","05016","POLR2F",-0.0611750833177971,NA,"down","not tested",FALSE
"KEGG 05016 - Huntington disease","05016","POLR2G",-0.0190858697801051,NA,"down","not tested",FALSE
"KEGG 05016 - Huntington disease","05016","POLR2H",-0.076822344065433,NA,"down","not tested",FALSE
"KEGG 05016 - Huntington disease","05016","POLR2I",-0.174450011726672,NA,"down","not tested",FALSE
"KEGG 05016 - Huntington disease","05016","POLR2J",-0.0606028750266778,NA,"down","not tested",FALSE
"KEGG 05016 - Huntington disease","05016","POLR2K",-0.109094971984574,NA,"down","not tested",FALSE
"KEGG 05016 - Huntington disease","05016","POLR2L",0.0780155024771805,NA,"up","not tested",FALSE
"KEGG 05016 - Huntington disease","05016","PPARG",0.404643445333443,NA,"up","not tested",FALSE
"KEGG 05016 - Huntington disease","05016","PPID",-0.0151685210821889,NA,"down","not tested",FALSE
"KEGG 05016 - Huntington disease","05016","REST",-0.0521848892024592,NA,"down","not tested",FALSE
"KEGG 05016 - Huntington disease","05016","SDHA",0.111451992393076,NA,"up","not tested",FALSE
"KEGG 05016 - Huntington disease","05016","SDHB",-0.091428449585311,NA,"down","not tested",FALSE
"KEGG 05016 - Huntington disease","05016","SOD1",-0.0429151181396353,NA,"down","not tested",FALSE
"KEGG 05016 - Huntington disease","05016","SOD2",0.570912754455824,NA,"up","not tested",FALSE
"KEGG 05016 - Huntington disease","05016","SP1",0.132617468161966,-1.38520698099101,"up","down",FALSE
"KEGG 05016 - Huntington disease","05016","TAF4",-0.0565218484400821,NA,"down","not tested",FALSE
"KEGG 05016 - Huntington disease","05016","TAF4B",-0.204145049309341,NA,"down","not tested",FALSE
"KEGG 05016 - Huntington disease","05016","TBP",-0.0611169856933358,1.48446969378183,"down","up",FALSE
"KEGG 05016 - Huntington disease","05016","TFAM",0.034058085734114,NA,"up","not tested",FALSE
"KEGG 05016 - Huntington disease","05016","TGM2",-0.182944582274183,NA,"down","not tested",FALSE
"KEGG 05016 - Huntington disease","05016","TP53",0.0921395091727653,NA,"up","not tested",FALSE
"KEGG 05016 - Huntington disease","05016","UQCRB",-0.0541325239647557,5.04401770172308,"down","up",FALSE
"KEGG 05016 - Huntington disease","05016","UQCRC1",-0.0232246271289388,NA,"down","not tested",FALSE
"KEGG 05016 - Huntington disease","05016","UQCRC2",0.0428063818595913,NA,"up","not tested",FALSE
"KEGG 05016 - Huntington disease","05016","UQCRFS1",-0.0654658501598576,2.83600366275603,"down","up",FALSE
"KEGG 05016 - Huntington disease","05016","UQCRH",-0.129503113815702,NA,"down","not tested",FALSE
"KEGG 05016 - Huntington disease","05016","VDAC1",-0.0012341674273845,3.64723252805832,"down","up",FALSE
"KEGG 05016 - Huntington disease","05016","VDAC3",0.175489236581391,NA,"up","not tested",FALSE
"KEGG 05016 - Huntington disease","05016","CLTCL1",-0.655104393327422,NA,"down","not tested",FALSE
"KEGG 05016 - Huntington disease","05016","COX7A2L",-0.267615292323577,1.46330631611998,"down","up",FALSE
"KEGG 05016 - Huntington disease","05016","COX5A",-0.117260906216941,1.62314533393524,"down","up",FALSE
"KEGG 05016 - Huntington disease","05016","TBPL1",-0.0789002030222806,NA,"down","not tested",FALSE
"KEGG 05016 - Huntington disease","05016","CREB5",0.188522776424231,NA,"up","not tested",FALSE
"KEGG 05016 - Huntington disease","05016","DNAL4",-0.22381393390316,2.21437887142592,"down","up",FALSE
"KEGG 05016 - Huntington disease","05016","DCTN2",0.0529706164164247,NA,"up","not tested",FALSE
"KEGG 05016 - Huntington disease","05016","PPARGC1A",-1.13401451001713,NA,"down","not tested",FALSE
"KEGG 05016 - Huntington disease","05016","UQCR11",-0.260130112761522,1.6932711866698,"down","up",FALSE
"KEGG 05016 - Huntington disease","05016","RCOR1",0.00705309433305623,NA,"up","not tested",FALSE
"KEGG 05016 - Huntington disease","05016","SIN3A",0.0546239709933842,NA,"up","not tested",FALSE
"KEGG 05016 - Huntington disease","05016","DNAH1",0.276683343989877,NA,"up","not tested",FALSE
"KEGG 05016 - Huntington disease","05016","UQCRQ",-0.123403899092105,1.75336749039739,"down","up",FALSE
"KEGG 05016 - Huntington disease","05016","BBC3",0.0920122950542162,NA,"up","not tested",FALSE
"KEGG 05016 - Huntington disease","05016","UQCR10",-0.147649638600438,NA,"down","not tested",FALSE
"KEGG 05016 - Huntington disease","05016","CYCS",-0.0311047579496894,NA,"down","not tested",FALSE
"KEGG 05016 - Huntington disease","05016","NDUFB11",-0.0888661840287539,NA,"down","not tested",FALSE
"KEGG 05016 - Huntington disease","05016","IFT57",-0.0847826635714166,NA,"down","not tested",FALSE
"KEGG 05016 - Huntington disease","05016","NDUFA12",0.0212826152921749,NA,"up","not tested",FALSE
"KEGG 05016 - Huntington disease","05016","NDUFA4L2",-2.11575375280653,NA,"down","not tested",FALSE
"KEGG 05016 - Huntington disease","05016","DNAI2",NA,1.62016390871712,"not tested","up",FALSE
"KEGG 05016 - Huntington disease","05016","SLC25A31",NA,-1.310707495683,"not tested","down",FALSE
"KEGG 05016 - Huntington disease","05016","DNAL1",-0.124165018680185,NA,"down","not tested",FALSE
"KEGG 05016 - Huntington disease","05016","COX4I2",NA,1.67523245867061,"not tested","up",FALSE
"KEGG 05016 - Huntington disease","05016","CREB3L1",0.0152059883834436,NA,"up","not tested",FALSE
"KEGG 05016 - Huntington disease","05016","NDUFA11",-0.20707040390259,2.34427096372487,"down","up",FALSE
"KEGG 05016 - Huntington disease","05016","DNAH2",-0.179546436763538,NA,"down","not tested",FALSE
"KEGG 05016 - Huntington disease","05016","CREB3L4",-0.190836849277609,NA,"down","not tested",FALSE
"KEGG 05016 - Huntington disease","05016","POLR2J2",-0.361464531733074,NA,"down","not tested",FALSE
"KEGG 05016 - Huntington disease","05016","NDUFS7",-0.0548871809782375,NA,"down","not tested",FALSE
"KEGG 05016 - Huntington disease","05016","UQCRHL",-0.0397921650170196,NA,"down","not tested",FALSE
"KEGG 05016 - Huntington disease","05016","POLR2J3",-0.130019306211402,NA,"down","not tested",FALSE
"KEGG 05219 - Bladder cancer","05219","ARAF",0.053926303334234,2.21335225921718,"up","up",TRUE
"KEGG 05219 - Bladder cancer","05219","CDKN2A",-0.0362189677145855,-2.50711149713909,"down","down",TRUE
"KEGG 05219 - Bladder cancer","05219","MAPK1",0.106064550222836,1.97690167713987,"up","up",TRUE
"KEGG 05219 - Bladder cancer","05219","MAPK3",0.0880709320902625,1.16356275045493,"up","up",TRUE
"KEGG 05219 - Bladder cancer","05219","MAP2K1",-0.0904605244594654,-1.17312314697461,"down","down",TRUE
"KEGG 05219 - Bladder cancer","05219","RB1",0.0445339608793796,1.06224048061924,"up","up",TRUE
"KEGG 05219 - Bladder cancer","05219","RPS6KA5",0.712291965088064,1.7161591796385,"up","up",TRUE
"KEGG 05219 - Bladder cancer","05219","RASSF1",0.0752864421676966,1.03910132564576,"up","up",TRUE
"KEGG 05219 - Bladder cancer","05219","CCND1",0.489281422800486,NA,"up","not tested",FALSE
"KEGG 05219 - Bladder cancer","05219","BRAF",-0.0200291631733547,NA,"down","not tested",FALSE
"KEGG 05219 - Bladder cancer","05219","CDH1",NA,-1.16220939167831,"not tested","down",FALSE
"KEGG 05219 - Bladder cancer","05219","CDK4",0.0474819302997086,NA,"up","not tested",FALSE
"KEGG 05219 - Bladder cancer","05219","CDKN1A",-0.142393229276848,NA,"down","not tested",FALSE
"KEGG 05219 - Bladder cancer","05219","DAPK1",-0.0764322381563175,NA,"down","not tested",FALSE
"KEGG 05219 - Bladder cancer","05219","DAPK3",0.158722224579147,NA,"up","not tested",FALSE
"KEGG 05219 - Bladder cancer","05219","E2F1",0.568016996756287,-1.63386067661514,"up","down",FALSE
"KEGG 05219 - Bladder cancer","05219","E2F2",0.949990813803886,NA,"up","not tested",FALSE
"KEGG 05219 - Bladder cancer","05219","E2F3",0.0564478258574047,-1.18304669936791,"up","down",FALSE
"KEGG 05219 - Bladder cancer","05219","TYMP",-0.139090564471256,NA,"down","not tested",FALSE
"KEGG 05219 - Bladder cancer","05219","EGF",NA,NA,"not tested","not tested",FALSE
"KEGG 05219 - Bladder cancer","05219","EGFR",0.0617059594709504,-2.46724890439297,"up","down",FALSE
"KEGG 05219 - Bladder cancer","05219","ERBB2",0.0588863962146063,-4.51743833058297,"up","down",FALSE
"KEGG 05219 - Bladder cancer","05219","FGFR3",NA,-1.79790692264597,"not tested","down",FALSE
"KEGG 05219 - Bladder cancer","05219","HRAS",-0.00507895693943467,NA,"down","not tested",FALSE
"KEGG 05219 - Bladder cancer","05219","CXCL8",0.231921282346052,NA,"up","not tested",FALSE
"KEGG 05219 - Bladder cancer","05219","KRAS",-0.0677487937821147,NA,"down","not tested",FALSE
"KEGG 05219 - Bladder cancer","05219","MDM2",-0.00546363380229417,NA,"down","not tested",FALSE
"KEGG 05219 - Bladder cancer","05219","MMP1",-0.859300885590509,NA,"down","not tested",FALSE
"KEGG 05219 - Bladder cancer","05219","MMP2",0.2322078894532,NA,"up","not tested",FALSE
"KEGG 05219 - Bladder cancer","05219","MYC",-0.539214272937941,NA,"down","not tested",FALSE
"KEGG 05219 - Bladder cancer","05219","NRAS",-0.0110997233846007,NA,"down","not tested",FALSE
"KEGG 05219 - Bladder cancer","05219","PGF",-0.67004828062087,NA,"down","not tested",FALSE
"KEGG 05219 - Bladder cancer","05219","MAP2K2",0.0109376770928018,NA,"up","not tested",FALSE
"KEGG 05219 - Bladder cancer","05219","RAF1",0.0916111784711097,NA,"up","not tested",FALSE
"KEGG 05219 - Bladder cancer","05219","THBS1",0.0323571873909871,NA,"up","not tested",FALSE
"KEGG 05219 - Bladder cancer","05219","TP53",0.0921395091727653,NA,"up","not tested",FALSE
"KEGG 05219 - Bladder cancer","05219","VEGFA",-0.1889208325863,1.22452068084208,"down","up",FALSE
"KEGG 05219 - Bladder cancer","05219","VEGFB",0.228489533494846,NA,"up","not tested",FALSE
"KEGG 05219 - Bladder cancer","05219","VEGFC",0.283541133062214,NA,"up","not tested",FALSE
"KEGG 05219 - Bladder cancer","05219","DAPK2",1.21519379021139,NA,"up","not tested",FALSE
