"Pathway","KEGG_ID","Gene","logFC_POP","logFC_SUI","Direction_POP","Direction_SUI","Concordant"
"KEGG 00071","00071","ACADVL",0.336899163357083,1.97279997917182,"up","up",TRUE
"KEGG 00071","00071","ADH7",3.26686679177944,4.49006516941542,"up","up",TRUE
"KEGG 00071","00071","ALDH9A1",0.172596757136028,2.07095585229633,"up","up",TRUE
"KEGG 00071","00071","ALDH3A2",0.590281648056129,3.06121533807184,"up","up",TRUE
"KEGG 00071","00071","HADHB",0.150196145569172,2.25442300762598,"up","up",TRUE
"KEGG 00071","00071","ACAA1",0.328999638095515,NA,"up","not tested",FALSE
"KEGG 00071","00071","ACADL",-0.605027449055456,1.39691906096566,"down","up",FALSE
"KEGG 00071","00071","ACADM",-0.189787575099428,NA,"down","not tested",FALSE
"KEGG 00071","00071","ACADS",0.36427585525973,NA,"up","not tested",FALSE
"KEGG 00071","00071","ACADSB",-0.275639690599415,NA,"down","not tested",FALSE
"KEGG 00071","00071","ACAT1",0.0869445152857407,NA,"up","not tested",FALSE
"KEGG 00071","00071","ACAT2",0.927258360828375,NA,"up","not tested",FALSE
"KEGG 00071","00071","ACOX1",0.503741044067283,NA,"up","not tested",FALSE
"KEGG 00071","00071","ADH1A",-0.471188055347162,3.48218016574633,"down","up",FALSE
"KEGG 00071","00071","ADH1B",-0.634135872296628,NA,"down","not tested",FALSE
"KEGG 00071","00071","ADH1C",-0.0480927293052573,3.34880830566278,"down","up",FALSE
"KEGG 00071","00071","ADH4",0.0116449209131216,NA,"up","not tested",FALSE
"KEGG 00071","00071","ADH5",-0.384703434855167,NA,"down","not tested",FALSE
"KEGG 00071","00071","ADH6",-0.401470554082526,NA,"down","not tested",FALSE
"KEGG 00071","00071","ALDH2",0.0837506869707935,NA,"up","not tested",FALSE
"KEGG 00071","00071","ALDH1B1",-0.842044731591522,NA,"down","not tested",FALSE
"KEGG 00071","00071","ALDH7A1",0.302454938874505,NA,"up","not tested",FALSE
"KEGG 00071","00071","CPT1A",-0.140535975317902,1.82518437247675,"down","up",FALSE
"KEGG 00071","00071","CPT1B",0.194876729298597,-2.78920513346,"up","down",FALSE
"KEGG 00071","00071","CPT2",0.18327457844428,NA,"up","not tested",FALSE
"KEGG 00071","00071","CYP4A11",-0.281549530010318,NA,"down","not tested",FALSE
"KEGG 00071","00071","ECI1",0.183521333656287,NA,"up","not tested",FALSE
"KEGG 00071","00071","ECHS1",0.553862578148793,NA,"up","not tested",FALSE
"KEGG 00071","00071","EHHADH",0.373702305415461,NA,"up","not tested",FALSE
"KEGG 00071","00071","ACSL1",-0.160991214613624,NA,"down","not tested",FALSE
"KEGG 00071","00071","ACSL3",0.327020434712104,NA,"up","not tested",FALSE
"KEGG 00071","00071","ACSL4",-0.16041491860267,NA,"down","not tested",FALSE
"KEGG 00071","00071","GCDH",0.132074838689592,NA,"up","not tested",FALSE
"KEGG 00071","00071","HADHA",0.128709818564649,NA,"up","not tested",FALSE
"KEGG 00071","00071","HADH",-0.151410159228856,2.19797528732425,"down","up",FALSE
"KEGG 00071","00071","ACOX3",0.184642696389233,NA,"up","not tested",FALSE
"KEGG 00071","00071","ACAA2",-0.129369968617939,NA,"down","not tested",FALSE
"KEGG 00071","00071","ECI2",-0.201435353104907,1.3826803102518,"down","up",FALSE
"KEGG 00071","00071","ACSL6",-0.873506045126016,NA,"down","not tested",FALSE
"KEGG 00071","00071","ACSL5",-0.220925395602582,3.56222462934583,"down","up",FALSE
"KEGG 00071","00071","ACSBG2",-0.33512050945172,NA,"down","not tested",FALSE
"KEGG 00071","00071","CPT1C",-0.392476677639656,NA,"down","not tested",FALSE
"KEGG 00071","00071","CYP4A22",-0.0674218191604375,NA,"down","not tested",FALSE
"KEGG 00190 - Oxidative phosphorylation","00190","ATP6V0C",0.177309567419663,3.1416895723712,"up","up",TRUE
"KEGG 00190 - Oxidative phosphorylation","00190","ATP6V1E1",0.140624226828423,2.15442698747884,"up","up",TRUE
"KEGG 00190 - Oxidative phosphorylation","00190","ATP6V0B",0.508995951398059,1.93992465816213,"up","up",TRUE
"KEGG 00190 - Oxidative phosphorylation","00190","ATP6V1G2",-0.57832971591954,-1.22912046304056,"down","down",TRUE
"KEGG 00190 - Oxidative phosphorylation","00190","COX5B",0.762670862158414,2.57885746111815,"up","up",TRUE
"KEGG 00190 - Oxidative phosphorylation","00190","COX6A1",0.300313651502381,3.22791770584731,"up","up",TRUE
"KEGG 00190 - Oxidative phosphorylation","00190","COX6B1",0.61825032145985,2.51857967804209,"up","up",TRUE
"KEGG 00190 - Oxidative phosphorylation","00190","COX6C",0.212748818979646,2.22393416800104,"up","up",TRUE
"KEGG 00190 - Oxidative phosphorylation","00190","COX7A2",0.652154663921728,2.39493226536719,"up","up",TRUE
"KEGG 00190 - Oxidative phosphorylation","00190","COX11",0.00111367300789985,1.33811499019665,"up","up",TRUE
"KEGG 00190 - Oxidative phosphorylation","00190","COX15",0.187021374765376,1.59199912944645,"up","up",TRUE
"KEGG 00190 - Oxidative phosphorylation","00190","NDUFA2",0.160163504126502,1.72491215931561,"up","up",TRUE
"KEGG 00190 - Oxidative phosphorylation","00190","NDUFA9",0.22722954002525,1.40141868831007,"up","up",TRUE
"KEGG 00190 - Oxidative phosphorylation","00190","NDUFAB1",0.345510100716537,3.05907752862516,"up","up",TRUE
"KEGG 00190 - Oxidative phosphorylation","00190","NDUFB1",0.394644060353657,2.43088500430872,"up","up",TRUE
"KEGG 00190 - Oxidative phosphorylation","00190","NDUFB3",0.620063420830472,1.8837920137587,"up","up",TRUE
"KEGG 00190 - Oxidative phosphorylation","00190","NDUFB4",0.246491947509805,2.97315192764266,"up","up",TRUE
"KEGG 00190 - Oxidative phosphorylation","00190","NDUFB5",0.0950900192591935,1.76128437965645,"up","up",TRUE
"KEGG 00190 - Oxidative phosphorylation","00190","NDUFC1",0.23022884999603,1.62275431264919,"up","up",TRUE
"KEGG 00190 - Oxidative phosphorylation","00190","NDUFV1",0.16319019052323,2.04939263369509,"up","up",TRUE
"KEGG 00190 - Oxidative phosphorylation","00190","SDHD",0.35257488785787,1.98227765612305,"up","up",TRUE
"KEGG 00190 - Oxidative phosphorylation","00190","UQCRFS1",0.448164064709778,2.83600366275603,"up","up",TRUE
"KEGG 00190 - Oxidative phosphorylation","00190","ATP6V0D1",0.440374239042881,1.63343400041587,"up","up",TRUE
"KEGG 00190 - Oxidative phosphorylation","00190","COX5A",0.450632383797409,1.62314533393524,"up","up",TRUE
"KEGG 00190 - Oxidative phosphorylation","00190","UQCR11",0.310646997480559,1.6932711866698,"up","up",TRUE
"KEGG 00190 - Oxidative phosphorylation","00190","UQCRQ",0.212582850274952,1.75336749039739,"up","up",TRUE
"KEGG 00190 - Oxidative phosphorylation","00190","NDUFA11",0.54125553341916,2.34427096372487,"up","up",TRUE
"KEGG 00190 - Oxidative phosphorylation","00190","ATP6V0E2",-0.0375975319561467,-1.20441119674369,"down","down",TRUE
"KEGG 00190 - Oxidative phosphorylation","00190","ATP4A",0.0184644036907853,NA,"up","not tested",FALSE
"KEGG 00190 - Oxidative phosphorylation","00190","ATP5F1A",0.578510744521181,NA,"up","not tested",FALSE
"KEGG 00190 - Oxidative phosphorylation","00190","ATP5F1B",0.652642895638964,NA,"up","not tested",FALSE
"KEGG 00190 - Oxidative phosphorylation","00190","ATP5F1C",0.231843766356109,NA,"up","not tested",FALSE
"KEGG 00190 - Oxidative phosphorylation","00190","ATP5F1D",0.605909659556838,NA,"up","not tested",FALSE
"KEGG 00190 - Oxidative phosphorylation","00190","ATP5F1E",-0.0889551638814638,NA,"down","not tested",FALSE
"KEGG 00190 - Oxidative phosphorylation","00190","ATP5PB",0.455744520905785,NA,"up","not tested",FALSE
"KEGG 00190 - Oxidative phosphorylation","00190","ATP5MC1",0.908284837415401,NA,"up","not tested",FALSE
"KEGG 00190 - Oxidative phosphorylation","00190","ATP5MC2",0.239056117902335,NA,"up","not tested",FALSE
"KEGG 00190 - Oxidative phosphorylation","00190","ATP5MC3",0.49036981217091,NA,"up","not tested",FALSE
"KEGG 00190 - Oxidative phosphorylation","00190","ATP5ME",0.374401704564875,NA,"up","not tested",FALSE
"KEGG 00190 - Oxidative phosphorylation","00190","ATP5PF",0.291170126947892,NA,"up","not tested",FALSE
"KEGG 00190 - Oxidative phosphorylation","00190","ATP6V1A",0.519620245919954,NA,"up","not tested",FALSE
"KEGG 00190 - Oxidative phosphorylation","00190","ATP6V1B1",-0.487726208699699,2.76758766157122,"down","up",FALSE
"KEGG 00190 - Oxidative phosphorylation","00190","ATP6V1B2",0.181391826442016,NA,"up","not tested",FALSE
"KEGG 00190 - Oxidative phosphorylation","00190","ATP6V1C1",-0.264886772028419,NA,"down","not tested",FALSE
"KEGG 00190 - Oxidative phosphorylation","00190","ATP6V0A1",0.192125415591142,-2.52854539013243,"up","down",FALSE
"KEGG 00190 - Oxidative phosphorylation","00190","ATP6AP1",0.325366996174516,NA,"up","not tested",FALSE
"KEGG 00190 - Oxidative phosphorylation","00190","ATP5PO",0.384972865109126,NA,"up","not tested",FALSE
"KEGG 00190 - Oxidative phosphorylation","00190","COX4I1",0.210190852603489,NA,"up","not tested",FALSE
"KEGG 00190 - Oxidative phosphorylation","00190","COX7A1",-0.257288143919959,NA,"down","not tested",FALSE
"KEGG 00190 - Oxidative phosphorylation","00190","COX7B",0.631909412382147,NA,"up","not tested",FALSE
"KEGG 00190 - Oxidative phosphorylation","00190","COX7C",-0.0254401256610489,1.29217333361724,"down","up",FALSE
"KEGG 00190 - Oxidative phosphorylation","00190","COX8A",0.799126002974626,NA,"up","not tested",FALSE
"KEGG 00190 - Oxidative phosphorylation","00190","COX10",0.150663092256256,NA,"up","not tested",FALSE
"KEGG 00190 - Oxidative phosphorylation","00190","CYC1",0.667396342802613,NA,"up","not tested",FALSE
"KEGG 00190 - Oxidative phosphorylation","00190","NDUFA1",0.633872286118691,NA,"up","not tested",FALSE
"KEGG 00190 - Oxidative phosphorylation","00190","NDUFA3",0.17440024050579,NA,"up","not tested",FALSE
"KEGG 00190 - Oxidative phosphorylation","00190","NDUFA4",0.0184390119979207,NA,"up","not tested",FALSE
"KEGG 00190 - Oxidative phosphorylation","00190","NDUFA5",-0.220525504894437,2.16431549151444,"down","up",FALSE
"KEGG 00190 - Oxidative phosphorylation","00190","NDUFA6",0.290603819653547,NA,"up","not tested",FALSE
"KEGG 00190 - Oxidative phosphorylation","00190","NDUFA7",0.206166983278991,NA,"up","not tested",FALSE
"KEGG 00190 - Oxidative phosphorylation","00190","NDUFA8",0.126476985685774,NA,"up","not tested",FALSE
"KEGG 00190 - Oxidative phosphorylation","00190","NDUFA10",0.0423998440310713,NA,"up","not tested",FALSE
"KEGG 00190 - Oxidative phosphorylation","00190","NDUFB2",0.0846901292151858,NA,"up","not tested",FALSE
"KEGG 00190 - Oxidative phosphorylation","00190","NDUFB6",0.115220527211512,NA,"up","not tested",FALSE
"KEGG 00190 - Oxidative phosphorylation","00190","NDUFB7",0.161820987349101,NA,"up","not tested",FALSE
"KEGG 00190 - Oxidative phosphorylation","00190","NDUFB8",0.0785295596885868,NA,"up","not tested",FALSE
"KEGG 00190 - Oxidative phosphorylation","00190","NDUFB9",0.333255412557022,NA,"up","not tested",FALSE
"KEGG 00190 - Oxidative phosphorylation","00190","NDUFB10",0.00699791300302951,NA,"up","not tested",FALSE
"KEGG 00190 - Oxidative phosphorylation","00190","NDUFC2",0.110269316775801,NA,"up","not tested",FALSE
"KEGG 00190 - Oxidative phosphorylation","00190","NDUFS1",0.106734749071193,NA,"up","not tested",FALSE
"KEGG 00190 - Oxidative phosphorylation","00190","NDUFS2",0.147158481767803,NA,"up","not tested",FALSE
"KEGG 00190 - Oxidative phosphorylation","00190","NDUFS3",0.506389443760652,NA,"up","not tested",FALSE
"KEGG 00190 - Oxidative phosphorylation","00190","NDUFS4",0.0510555621429804,NA,"up","not tested",FALSE
"KEGG 00190 - Oxidative phosphorylation","00190","NDUFS5",0.376079913112426,NA,"up","not tested",FALSE
"KEGG 00190 - Oxidative phosphorylation","00190","NDUFS6",0.501490528112704,NA,"up","not tested",FALSE
"KEGG 00190 - Oxidative phosphorylation","00190","NDUFS8",0.328309419731849,NA,"up","not tested",FALSE
"KEGG 00190 - Oxidative phosphorylation","00190","NDUFV2",0.510893028896657,NA,"up","not tested",FALSE
"KEGG 00190 - Oxidative phosphorylation","00190","NDUFV3",0.346956580817733,NA,"up","not tested",FALSE
"KEGG 00190 - Oxidative phosphorylation","00190","PPA1",0.708646215468192,NA,"up","not tested",FALSE
"KEGG 00190 - Oxidative phosphorylation","00190","SDHA",0.0982430549660282,NA,"up","not tested",FALSE
"KEGG 00190 - Oxidative phosphorylation","00190","SDHB",0.414651260572515,NA,"up","not tested",FALSE
"KEGG 00190 - Oxidative phosphorylation","00190","SDHC",0.316413458683026,-5.30829066764242,"up","down",FALSE
"KEGG 00190 - Oxidative phosphorylation","00190","UQCRB",-0.283730380631981,5.04401770172308,"down","up",FALSE
"KEGG 00190 - Oxidative phosphorylation","00190","UQCRC1",0.644087636957781,NA,"up","not tested",FALSE
"KEGG 00190 - Oxidative phosphorylation","00190","UQCRC2",0.246242200338889,NA,"up","not tested",FALSE
"KEGG 00190 - Oxidative phosphorylation","00190","UQCRH",0.368606112178345,NA,"up","not tested",FALSE
"KEGG 00190 - Oxidative phosphorylation","00190","ATP6V0E1",0.0680067816374315,NA,"up","not tested",FALSE
"KEGG 00190 - Oxidative phosphorylation","00190","COX7A2L",-0.0768360457249067,1.46330631611998,"down","up",FALSE
"KEGG 00190 - Oxidative phosphorylation","00190","ATP6V1F",0.578256687149212,NA,"up","not tested",FALSE
"KEGG 00190 - Oxidative phosphorylation","00190","ATP6V1G1",0.203050470870464,NA,"up","not tested",FALSE
"KEGG 00190 - Oxidative phosphorylation","00190","ATP5MF",0.432743894615386,NA,"up","not tested",FALSE
"KEGG 00190 - Oxidative phosphorylation","00190","COX17",0.322887495234036,NA,"up","not tested",FALSE
"KEGG 00190 - Oxidative phosphorylation","00190","TCIRG1",-0.0325774075201514,2.07024893309298,"down","up",FALSE
"KEGG 00190 - Oxidative phosphorylation","00190","ATP5PD",0.243358189798362,NA,"up","not tested",FALSE
"KEGG 00190 - Oxidative phosphorylation","00190","ATP5MG",0.153990872578598,NA,"up","not tested",FALSE
"KEGG 00190 - Oxidative phosphorylation","00190","ATP6V0A2",0.276806711485895,NA,"up","not tested",FALSE
"KEGG 00190 - Oxidative phosphorylation","00190","PPA2",0.22121529219478,NA,"up","not tested",FALSE
"KEGG 00190 - Oxidative phosphorylation","00190","UQCR10",0.418184382887116,NA,"up","not tested",FALSE
"KEGG 00190 - Oxidative phosphorylation","00190","ATP6V0A4",NA,-3.18560850177636,"not tested","down",FALSE
"KEGG 00190 - Oxidative phosphorylation","00190","NDUFA13",0.17494968939603,-1.24899216355073,"up","down",FALSE
"KEGG 00190 - Oxidative phosphorylation","00190","ATP6V1D",0.436424422985607,NA,"up","not tested",FALSE
"KEGG 00190 - Oxidative phosphorylation","00190","ATP6V1H",-0.0212181878660643,3.56659836822873,"down","up",FALSE
"KEGG 00190 - Oxidative phosphorylation","00190","NDUFB11",0.304211196355067,NA,"up","not tested",FALSE
"KEGG 00190 - Oxidative phosphorylation","00190","NDUFA12",0.134017850702258,NA,"up","not tested",FALSE
"KEGG 00190 - Oxidative phosphorylation","00190","NDUFA4L2",1.27221476196465,NA,"up","not tested",FALSE
"KEGG 00190 - Oxidative phosphorylation","00190","LHPP",0.429342651188007,-1.47047746413886,"up","down",FALSE
"KEGG 00190 - Oxidative phosphorylation","00190","COX4I2",-0.446869237148781,1.67523245867061,"down","up",FALSE
"KEGG 00190 - Oxidative phosphorylation","00190","ATP6V1E2",0.3529017534138,NA,"up","not tested",FALSE
"KEGG 00190 - Oxidative phosphorylation","00190","COX6B2",0.53084728927223,NA,"up","not tested",FALSE
"KEGG 00190 - Oxidative phosphorylation","00190","ATP6V1G3",NA,-2.24576567890784,"not tested","down",FALSE
"KEGG 00190 - Oxidative phosphorylation","00190","ATP6V1C2",0.569609443073082,NA,"up","not tested",FALSE
"KEGG 00190 - Oxidative phosphorylation","00190","NDUFS7",0.339322117564378,NA,"up","not tested",FALSE
"KEGG 00190 - Oxidative phosphorylation","00190","UQCRHL",0.372892316043129,NA,"up","not tested",FALSE
"KEGG 00480","00480","GCLM",1.151644297716,2.44615523770193,"up","up",TRUE
"KEGG 00480","00480","GSS",0.576253327318145,2.33546679138682,"up","up",TRUE
"KEGG 00480","00480","GSTA4",0.754494185208685,3.22958406221891,"up","up",TRUE
"KEGG 00480","00480","GSTM3",0.18270001473419,1.93623467234806,"up","up",TRUE
"KEGG 00480","00480","MGST2",0.433598306785181,2.10917665839697,"up","up",TRUE
"KEGG 00480","00480","MGST3",0.0986603454248089,3.32475099383104,"up","up",TRUE
"KEGG 00480","00480","RRM1",0.671986081360788,2.55540316130235,"up","up",TRUE
"KEGG 00480","00480","SRM",0.826588478277193,1.38256068579302,"up","up",TRUE
"KEGG 00480","00480","TXNDC12",0.218892270157804,1.54988741882343,"up","up",TRUE
"KEGG 00480","00480","ANPEP",0.360582750625288,NA,"up","not tested",FALSE
"KEGG 00480","00480","G6PD",0.423255555802375,NA,"up","not tested",FALSE
"KEGG 00480","00480","GGT1",0.0382314574575457,NA,"up","not tested",FALSE
"KEGG 00480","00480","GGT7",-0.0364151499115831,NA,"down","not tested",FALSE
"KEGG 00480","00480","GGT5",-0.20077565421166,NA,"down","not tested",FALSE
"KEGG 00480","00480","GCLC",0.5413028009115,NA,"up","not tested",FALSE
"KEGG 00480","00480","GPX1",-0.0342084458152527,4.61803213452716,"down","up",FALSE
"KEGG 00480","00480","GPX2",1.08302558969709,NA,"up","not tested",FALSE
"KEGG 00480","00480","GPX3",-0.00831705149391932,NA,"down","not tested",FALSE
"KEGG 00480","00480","GPX4",-0.269926172316842,2.82101986213224,"down","up",FALSE
"KEGG 00480","00480","GPX7",-0.049798351837507,NA,"down","not tested",FALSE
"KEGG 00480","00480","GSR",1.11570095513692,-1.41128663381975,"up","down",FALSE
"KEGG 00480","00480","GSTM1",-0.462627242743468,NA,"down","not tested",FALSE
"KEGG 00480","00480","GSTM2",-0.178966779305207,1.28272078438913,"down","up",FALSE
"KEGG 00480","00480","GSTM4",-0.299039669223679,NA,"down","not tested",FALSE
"KEGG 00480","00480","GSTM5",-0.542757679303219,NA,"down","not tested",FALSE
"KEGG 00480","00480","GSTP1",1.0702089205712,NA,"up","not tested",FALSE
"KEGG 00480","00480","GSTT1",NA,1.22941042034213,"not tested","up",FALSE
"KEGG 00480","00480","GSTT2",0.0644083334568361,NA,"up","not tested",FALSE
"KEGG 00480","00480","GSTZ1",0.555088274972624,NA,"up","not tested",FALSE
"KEGG 00480","00480","IDH1",0.401206061191067,NA,"up","not tested",FALSE
"KEGG 00480","00480","IDH2",0.66474270008806,NA,"up","not tested",FALSE
"KEGG 00480","00480","MGST1",-0.0855663531066752,1.92005898141009,"down","up",FALSE
"KEGG 00480","00480","ODC1",0.209838954658768,NA,"up","not tested",FALSE
"KEGG 00480","00480","PGD",1.50033654661125,NA,"up","not tested",FALSE
"KEGG 00480","00480","RRM2",1.56299036754724,NA,"up","not tested",FALSE
"KEGG 00480","00480","SMS",-0.00744504913091444,NA,"down","not tested",FALSE
"KEGG 00480","00480","GSTO1",0.435175919079531,NA,"up","not tested",FALSE
"KEGG 00480","00480","OPLAH",0.798508657606817,NA,"up","not tested",FALSE
"KEGG 00480","00480","RRM2B",-0.14272587247483,2.6530965312769,"down","up",FALSE
"KEGG 00480","00480","LAP3",0.0633967531981153,NA,"up","not tested",FALSE
"KEGG 00480","00480","GGCT",0.918652096818554,NA,"up","not tested",FALSE
"KEGG 00480","00480","GSTO2",1.12258621261543,NA,"up","not tested",FALSE
"KEGG 00480","00480","GGT6",NA,NA,"not tested","not tested",FALSE
"KEGG 00480","00480","GSTK1",-0.0877935895223497,1.22876230502464,"down","up",FALSE
"KEGG 04012 - ErbB signaling pathway","04012","ARAF",0.12378919688332,2.21335225921718,"up","up",TRUE
"KEGG 04012 - ErbB signaling pathway","04012","BTC",-0.701628887453086,-2.31940599389902,"down","down",TRUE
"KEGG 04012 - ErbB signaling pathway","04012","CBL",-0.261247818576664,-2.15194497330463,"down","down",TRUE
"KEGG 04012 - ErbB signaling pathway","04012","CRK",0.173431723171787,1.79256295319293,"up","up",TRUE
"KEGG 04012 - ErbB signaling pathway","04012","ELK1",0.345285341772633,1.26121359807481,"up","up",TRUE
"KEGG 04012 - ErbB signaling pathway","04012","NRG1",0.428502302532277,1.25865947887335,"up","up",TRUE
"KEGG 04012 - ErbB signaling pathway","04012","NCK1",0.022400891397511,1.82959001372064,"up","up",TRUE
"KEGG 04012 - ErbB signaling pathway","04012","PAK2",-0.00668132704136567,-2.59923080084976,"down","down",TRUE
"KEGG 04012 - ErbB signaling pathway","04012","PIK3R1",-0.371238647785195,-1.1152241909132,"down","down",TRUE
"KEGG 04012 - ErbB signaling pathway","04012","MAPK3",0.16556224324137,1.16356275045493,"up","up",TRUE
"KEGG 04012 - ErbB signaling pathway","04012","RPS6KB2",0.753982309951691,1.72242934457635,"up","up",TRUE
"KEGG 04012 - ErbB signaling pathway","04012","STAT5A",-0.00890966680441884,-2.81893123996931,"down","down",TRUE
"KEGG 04012 - ErbB signaling pathway","04012","AKT3",-0.527481649165405,-1.31700310884974,"down","down",TRUE
"KEGG 04012 - ErbB signaling pathway","04012","SHC3",-0.0950379124382989,-1.10051046173648,"down","down",TRUE
"KEGG 04012 - ErbB signaling pathway","04012","NRG4",0.067864519188447,2.33223342015856,"up","up",TRUE
"KEGG 04012 - ErbB signaling pathway","04012","ABL1",-0.0120612157802802,1.67694088490357,"down","up",FALSE
"KEGG 04012 - ErbB signaling pathway","04012","ABL2",0.608994438959159,-2.69386272852484,"up","down",FALSE
"KEGG 04012 - ErbB signaling pathway","04012","AKT1",0.115243504256945,NA,"up","not tested",FALSE
"KEGG 04012 - ErbB signaling pathway","04012","AKT2",0.290568647171472,NA,"up","not tested",FALSE
"KEGG 04012 - ErbB signaling pathway","04012","AREG",1.29819775682665,-2.16377565162745,"up","down",FALSE
"KEGG 04012 - ErbB signaling pathway","04012","BAD",0.214098670695371,NA,"up","not tested",FALSE
"KEGG 04012 - ErbB signaling pathway","04012","BRAF",-0.0898362514005706,NA,"down","not tested",FALSE
"KEGG 04012 - ErbB signaling pathway","04012","CAMK2A",0.623820341422865,NA,"up","not tested",FALSE
"KEGG 04012 - ErbB signaling pathway","04012","CAMK2B",0.0609101205744042,-1.35280410986854,"up","down",FALSE
"KEGG 04012 - ErbB signaling pathway","04012","CAMK2D",-0.0738857294372554,NA,"down","not tested",FALSE
"KEGG 04012 - ErbB signaling pathway","04012","CAMK2G",-0.631730981213424,3.81858389529347,"down","up",FALSE
"KEGG 04012 - ErbB signaling pathway","04012","CBLB",-0.354533477731555,1.27092865555662,"down","up",FALSE
"KEGG 04012 - ErbB signaling pathway","04012","CDKN1A",1.42270585813469,NA,"up","not tested",FALSE
"KEGG 04012 - ErbB signaling pathway","04012","CDKN1B",-0.426370156819406,NA,"down","not tested",FALSE
"KEGG 04012 - ErbB signaling pathway","04012","CRKL",0.180907860045154,NA,"up","not tested",FALSE
"KEGG 04012 - ErbB signaling pathway","04012","HBEGF",0.187042605119073,-2.73876176341952,"up","down",FALSE
"KEGG 04012 - ErbB signaling pathway","04012","EGF",-0.358488597411452,NA,"down","not tested",FALSE
"KEGG 04012 - ErbB signaling pathway","04012","EGFR",0.603912753158947,-2.46724890439297,"up","down",FALSE
"KEGG 04012 - ErbB signaling pathway","04012","EIF4EBP1",0.7313616370456,NA,"up","not tested",FALSE
"KEGG 04012 - ErbB signaling pathway","04012","ERBB2",0.627645304377472,-4.51743833058297,"up","down",FALSE
"KEGG 04012 - ErbB signaling pathway","04012","ERBB3",1.04278388887119,NA,"up","not tested",FALSE
"KEGG 04012 - ErbB signaling pathway","04012","ERBB4",-0.134292841067792,1.34098706806361,"down","up",FALSE
"KEGG 04012 - ErbB signaling pathway","04012","EREG",2.774457379723,NA,"up","not tested",FALSE
"KEGG 04012 - ErbB signaling pathway","04012","MTOR",0.1235666322048,NA,"up","not tested",FALSE
"KEGG 04012 - ErbB signaling pathway","04012","GAB1",-0.389373453364011,NA,"down","not tested",FALSE
"KEGG 04012 - ErbB signaling pathway","04012","GRB2",0.156471744460999,-2.19940678599544,"up","down",FALSE
"KEGG 04012 - ErbB signaling pathway","04012","GSK3B",0.0127706663306648,NA,"up","not tested",FALSE
"KEGG 04012 - ErbB signaling pathway","04012","HRAS",0.888058289083542,NA,"up","not tested",FALSE
"KEGG 04012 - ErbB signaling pathway","04012","JUN",0.585516619077403,NA,"up","not tested",FALSE
"KEGG 04012 - ErbB signaling pathway","04012","KRAS",0.218804297116375,NA,"up","not tested",FALSE
"KEGG 04012 - ErbB signaling pathway","04012","MYC",0.605178342592248,NA,"up","not tested",FALSE
"KEGG 04012 - ErbB signaling pathway","04012","NRAS",0.342741545496188,NA,"up","not tested",FALSE
"KEGG 04012 - ErbB signaling pathway","04012","PAK1",0.10035739606245,NA,"up","not tested",FALSE
"KEGG 04012 - ErbB signaling pathway","04012","PAK3",-0.318424436541789,NA,"down","not tested",FALSE
"KEGG 04012 - ErbB signaling pathway","04012","PIK3CA",-0.292465058782002,2.16725344739775,"down","up",FALSE
"KEGG 04012 - ErbB signaling pathway","04012","PIK3CB",0.0186415406352155,NA,"up","not tested",FALSE
"KEGG 04012 - ErbB signaling pathway","04012","PIK3CD",-0.119354345092164,NA,"down","not tested",FALSE
"KEGG 04012 - ErbB signaling pathway","04012","PIK3CG",-0.558610658238295,NA,"down","not tested",FALSE
"KEGG 04012 - ErbB signaling pathway","04012","PIK3R2",0.612479238252084,NA,"up","not tested",FALSE
"KEGG 04012 - ErbB signaling pathway","04012","PLCG1",-0.277544086534754,NA,"down","not tested",FALSE
"KEGG 04012 - ErbB signaling pathway","04012","PLCG2",-0.630736680614097,NA,"down","not tested",FALSE
"KEGG 04012 - ErbB signaling pathway","04012","PRKCA",-0.262899587415656,NA,"down","not tested",FALSE
"KEGG 04012 - ErbB signaling pathway","04012","PRKCB",-1.64673753813544,1.80667327313173,"down","up",FALSE
"KEGG 04012 - ErbB signaling pathway","04012","PRKCG",1.66429417300741,NA,"up","not tested",FALSE
"KEGG 04012 - ErbB signaling pathway","04012","MAPK1",-0.0338044566664251,1.97690167713987,"down","up",FALSE
"KEGG 04012 - ErbB signaling pathway","04012","MAPK8",-0.149097805901856,NA,"down","not tested",FALSE
"KEGG 04012 - ErbB signaling pathway","04012","MAPK9",-0.209751503048359,NA,"down","not tested",FALSE
"KEGG 04012 - ErbB signaling pathway","04012","MAPK10",0.0228638403439618,-1.03501447109123,"up","down",FALSE
"KEGG 04012 - ErbB signaling pathway","04012","MAP2K1",0.159792550929499,-1.17312314697461,"up","down",FALSE
"KEGG 04012 - ErbB signaling pathway","04012","MAP2K2",0.256570899956579,NA,"up","not tested",FALSE
"KEGG 04012 - ErbB signaling pathway","04012","MAP2K7",0.160668099930208,NA,"up","not tested",FALSE
"KEGG 04012 - ErbB signaling pathway","04012","PTK2",-0.237590995731217,NA,"down","not tested",FALSE
"KEGG 04012 - ErbB signaling pathway","04012","RAF1",0.103071345288305,NA,"up","not tested",FALSE
"KEGG 04012 - ErbB signaling pathway","04012","RPS6KB1",0.0946053360820546,NA,"up","not tested",FALSE
"KEGG 04012 - ErbB signaling pathway","04012","MAP2K4",0.206726016540975,NA,"up","not tested",FALSE
"KEGG 04012 - ErbB signaling pathway","04012","SHC1",0.194586923313778,-4.4798782637425,"up","down",FALSE
"KEGG 04012 - ErbB signaling pathway","04012","SOS1",-0.390103217181705,NA,"down","not tested",FALSE
"KEGG 04012 - ErbB signaling pathway","04012","SOS2",-0.217669885022165,NA,"down","not tested",FALSE
"KEGG 04012 - ErbB signaling pathway","04012","SRC",0.622191068694645,NA,"up","not tested",FALSE
"KEGG 04012 - ErbB signaling pathway","04012","STAT5B",-0.368489323920547,NA,"down","not tested",FALSE
"KEGG 04012 - ErbB signaling pathway","04012","TGFA",1.25931938557532,NA,"up","not tested",FALSE
"KEGG 04012 - ErbB signaling pathway","04012","NCK2",0.170440641921639,NA,"up","not tested",FALSE
"KEGG 04012 - ErbB signaling pathway","04012","PIK3R3",-0.694535664653615,NA,"down","not tested",FALSE
"KEGG 04012 - ErbB signaling pathway","04012","NRG2",-0.185481709724157,NA,"down","not tested",FALSE
"KEGG 04012 - ErbB signaling pathway","04012","PAK4",0.422971352043199,-1.82417815194499,"up","down",FALSE
"KEGG 04012 - ErbB signaling pathway","04012","NRG3",0.206912810285887,NA,"up","not tested",FALSE
"KEGG 04012 - ErbB signaling pathway","04012","PIK3R5",0.26124873836644,NA,"up","not tested",FALSE
"KEGG 04012 - ErbB signaling pathway","04012","CBLC",2.25143999159295,NA,"up","not tested",FALSE
"KEGG 04012 - ErbB signaling pathway","04012","SHC2",-0.837778437427961,1.70746612776529,"down","up",FALSE
"KEGG 04012 - ErbB signaling pathway","04012","PAK6",1.96945243720628,NA,"up","not tested",FALSE
"KEGG 04012 - ErbB signaling pathway","04012","PAK5",0.133096566538373,NA,"up","not tested",FALSE
"KEGG 04012 - ErbB signaling pathway","04012","SHC4",-1.33611887463396,NA,"down","not tested",FALSE
"KEGG 04140 - Autophagy","04140","ATG7",0.0471928359809936,1.8259219953802,"up","up",TRUE
"KEGG 04140 - Autophagy","04140","ATG4D",0.647639599916412,2.04623274192214,"up","up",TRUE
"KEGG 04140 - Autophagy","04140","ATG4A",0.379704153381293,2.00896967859252,"up","up",TRUE
"KEGG 04140 - Autophagy","04140","INS",NA,1.91653488610295,"not tested","up",FALSE
"KEGG 04140 - Autophagy","04140","PIK3C3",-0.327466278298095,NA,"down","not tested",FALSE
"KEGG 04140 - Autophagy","04140","PRKAA1",-0.176314168503852,NA,"down","not tested",FALSE
"KEGG 04140 - Autophagy","04140","PRKAA2",-0.736894083804486,NA,"down","not tested",FALSE
"KEGG 04140 - Autophagy","04140","ULK1",-0.0804171243458567,NA,"down","not tested",FALSE
"KEGG 04140 - Autophagy","04140","BECN1",0.102355411088636,NA,"up","not tested",FALSE
"KEGG 04140 - Autophagy","04140","ATG12",0.0835875271273885,NA,"up","not tested",FALSE
"KEGG 04140 - Autophagy","04140","ATG5",-0.0388378299497279,NA,"down","not tested",FALSE
"KEGG 04140 - Autophagy","04140","ULK2",-0.123438829933718,NA,"down","not tested",FALSE
"KEGG 04140 - Autophagy","04140","GABARAP",0.0109720268088928,NA,"up","not tested",FALSE
"KEGG 04140 - Autophagy","04140","GABARAPL2",-0.167934200419031,1.80029199225948,"down","up",FALSE
"KEGG 04140 - Autophagy","04140","ATG4B",0.171425280338453,NA,"up","not tested",FALSE
"KEGG 04140 - Autophagy","04140","GABARAPL1",-0.00564517743268896,2.52524756927567,"down","up",FALSE
"KEGG 04140 - Autophagy","04140","ULK3",0.635583347460915,NA,"up","not tested",FALSE
"KEGG 04140 - Autophagy","04140","PIK3R4",0.0144728441861348,NA,"up","not tested",FALSE
"KEGG 04140 - Autophagy","04140","ATG3",0.105899350753023,NA,"up","not tested",FALSE
"KEGG 04140 - Autophagy","04140","ATG4C",-0.310415821054543,NA,"down","not tested",FALSE
"KEGG 04270","04270","ARAF",0.12378919688332,2.21335225921718,"up","up",TRUE
"KEGG 04270","04270","RHOA",0.190846024962887,1.09016232916681,"up","up",TRUE
"KEGG 04270","04270","CALD1",-0.800374543239198,-1.59092450902116,"down","down",TRUE
"KEGG 04270","04270","MYH11",-1.15945324985041,-2.76849597677322,"down","down",TRUE
"KEGG 04270","04270","PPP1R12A",-0.620355485174179,-3.38857183513342,"down","down",TRUE
"KEGG 04270","04270","PPP1R12B",-0.717329686873703,-3.27905283854341,"down","down",TRUE
"KEGG 04270","04270","PPP1CA",0.652184411930196,2.46420689672661,"up","up",TRUE
"KEGG 04270","04270","PRKACA",-0.137264806563863,-1.6932850608529,"down","down",TRUE
"KEGG 04270","04270","PRKCE",-0.12195961389808,-2.55310848895298,"down","down",TRUE
"KEGG 04270","04270","PRKCH",-0.192450992251259,-1.19410653593437,"down","down",TRUE
"KEGG 04270","04270","MAPK3",0.16556224324137,1.16356275045493,"up","up",TRUE
"KEGG 04270","04270","ROCK1",-0.429901219437886,-2.48244933176632,"down","down",TRUE
"KEGG 04270","04270","PLA2G10",0.208521331640055,3.25120559870237,"up","up",TRUE
"KEGG 04270","04270","JMJD7-PLA2G4B",0.618967821992622,2.16576134425557,"up","up",TRUE
"KEGG 04270","04270","ARHGEF1",0.0509185492470084,2.66177932887123,"up","up",TRUE
"KEGG 04270","04270","ARHGEF11",-0.0192857249484099,-2.104044736169,"down","down",TRUE
"KEGG 04270","04270","KCNMB3",0.0249934605305279,1.83239801683205,"up","up",TRUE
"KEGG 04270","04270","KCNMB4",-0.484911859318029,-1.00620609068368,"down","down",TRUE
"KEGG 04270","04270","PLA2G12A",0.0901046636488981,1.27686400734066,"up","up",TRUE
"KEGG 04270","04270","PLA2G4B",0.634171023132576,1.19665985382369,"up","up",TRUE
"KEGG 04270","04270","ACTA2",-1.35562424629611,NA,"down","not tested",FALSE
"KEGG 04270","04270","ACTG2",-1.10502601321984,NA,"down","not tested",FALSE
"KEGG 04270","04270","ADCY1",-0.867543826518771,NA,"down","not tested",FALSE
"KEGG 04270","04270","ADCY2",0.124376581666728,NA,"up","not tested",FALSE
"KEGG 04270","04270","ADCY3",0.0898167677815948,NA,"up","not tested",FALSE
"KEGG 04270","04270","ADCY5",-0.886259605766565,NA,"down","not tested",FALSE
"KEGG 04270","04270","ADCY6",-0.142406453746579,NA,"down","not tested",FALSE
"KEGG 04270","04270","ADCY7",-0.034872737408534,NA,"down","not tested",FALSE
"KEGG 04270","04270","ADCY9",-0.17698541195563,1.30322378230858,"down","up",FALSE
"KEGG 04270","04270","ADORA2A",0.0248631732707981,-6.4806442660708,"up","down",FALSE
"KEGG 04270","04270","ADORA2B",1.18763042562306,NA,"up","not tested",FALSE
"KEGG 04270","04270","ADRA1D",-1.36798186713433,2.94969839184328,"down","up",FALSE
"KEGG 04270","04270","ADRA1B",-0.829356219675924,NA,"down","not tested",FALSE
"KEGG 04270","04270","ADRA1A",-1.34787021421271,NA,"down","not tested",FALSE
"KEGG 04270","04270","AGTR1",-0.458073227773782,NA,"down","not tested",FALSE
"KEGG 04270","04270","AVPR1A",-0.248502669996167,NA,"down","not tested",FALSE
"KEGG 04270","04270","BRAF",-0.0898362514005706,NA,"down","not tested",FALSE
"KEGG 04270","04270","CACNA1C",-0.589328701727663,1.9091783185893,"down","up",FALSE
"KEGG 04270","04270","CACNA1D",0.0891353806885754,NA,"up","not tested",FALSE
"KEGG 04270","04270","CACNA1F",-0.353766306898038,NA,"down","not tested",FALSE
"KEGG 04270","04270","CACNA1S",NA,2.50903222694084,"not tested","up",FALSE
"KEGG 04270","04270","CALM1",-0.135574340641799,NA,"down","not tested",FALSE
"KEGG 04270","04270","CALM2",-0.202662978109003,NA,"down","not tested",FALSE
"KEGG 04270","04270","CALM3",-0.199349471626696,NA,"down","not tested",FALSE
"KEGG 04270","04270","CALML3",2.92094654917693,NA,"up","not tested",FALSE
"KEGG 04270","04270","CYP4A11",-0.281549530010318,NA,"down","not tested",FALSE
"KEGG 04270","04270","EDNRA",-0.869217981818519,NA,"down","not tested",FALSE
"KEGG 04270","04270","GNA11",0.299279523298236,-1.65046657046717,"up","down",FALSE
"KEGG 04270","04270","GNA12",-0.154959095894437,1.42162731846615,"down","up",FALSE
"KEGG 04270","04270","GNAQ",-0.170418443040944,NA,"down","not tested",FALSE
"KEGG 04270","04270","GNAS",-0.122640319171671,1.30579551977722,"down","up",FALSE
"KEGG 04270","04270","GUCY1A2",-1.44216647128652,NA,"down","not tested",FALSE
"KEGG 04270","04270","GUCY1A1",-0.791788626850614,NA,"down","not tested",FALSE
"KEGG 04270","04270","GUCY1B1",-0.451449475135069,NA,"down","not tested",FALSE
"KEGG 04270","04270","ITPR1",-0.62941951001509,NA,"down","not tested",FALSE
"KEGG 04270","04270","ITPR2",0.125622196425429,NA,"up","not tested",FALSE
"KEGG 04270","04270","ITPR3",0.598637882753229,NA,"up","not tested",FALSE
"KEGG 04270","04270","KCNMA1",-1.1447852905725,NA,"down","not tested",FALSE
"KEGG 04270","04270","KCNMB1",-0.841390544014194,NA,"down","not tested",FALSE
"KEGG 04270","04270","MYL6",-0.282764907229293,NA,"down","not tested",FALSE
"KEGG 04270","04270","MYLK",-1.06140943214954,2.66323833198202,"down","up",FALSE
"KEGG 04270","04270","NPR1",-0.279703150583418,NA,"down","not tested",FALSE
"KEGG 04270","04270","NPR2",-0.334723757055008,NA,"down","not tested",FALSE
"KEGG 04270","04270","PLA2G2A",2.47530697634045,NA,"up","not tested",FALSE
"KEGG 04270","04270","PLA2G4A",-0.0183431822029733,NA,"down","not tested",FALSE
"KEGG 04270","04270","PLA2G5",-0.391920386281078,NA,"down","not tested",FALSE
"KEGG 04270","04270","PLCB2",-0.855923433529694,NA,"down","not tested",FALSE
"KEGG 04270","04270","PLCB3",0.539285036572642,NA,"up","not tested",FALSE
"KEGG 04270","04270","PLCB4",-0.73807311987483,NA,"down","not tested",FALSE
"KEGG 04270","04270","PPP1CB",-0.04366048675891,NA,"down","not tested",FALSE
"KEGG 04270","04270","PPP1CC",-0.0052900910279754,NA,"down","not tested",FALSE
"KEGG 04270","04270","PRKACB",-0.899071401390825,NA,"down","not tested",FALSE
"KEGG 04270","04270","PRKACG",NA,-2.00028699563044,"not tested","down",FALSE
"KEGG 04270","04270","PRKCA",-0.262899587415656,NA,"down","not tested",FALSE
"KEGG 04270","04270","PRKCB",-1.64673753813544,1.80667327313173,"down","up",FALSE
"KEGG 04270","04270","PRKCD",0.0902436424374417,NA,"up","not tested",FALSE
"KEGG 04270","04270","PRKCG",1.66429417300741,NA,"up","not tested",FALSE
"KEGG 04270","04270","PRKCQ",-0.172899099283792,NA,"down","not tested",FALSE
"KEGG 04270","04270","PRKG1",-1.00881353830372,NA,"down","not tested",FALSE
"KEGG 04270","04270","MAPK1",-0.0338044566664251,1.97690167713987,"down","up",FALSE
"KEGG 04270","04270","MAP2K1",0.159792550929499,-1.17312314697461,"up","down",FALSE
"KEGG 04270","04270","MAP2K2",0.256570899956579,NA,"up","not tested",FALSE
"KEGG 04270","04270","PRKX",0.691831334501254,NA,"up","not tested",FALSE
"KEGG 04270","04270","PTGIR",-0.149685673898856,NA,"down","not tested",FALSE
"KEGG 04270","04270","RAF1",0.103071345288305,NA,"up","not tested",FALSE
"KEGG 04270","04270","PLA2G6",-0.25528936661186,NA,"down","not tested",FALSE
"KEGG 04270","04270","ROCK2",-0.493387259190501,NA,"down","not tested",FALSE
"KEGG 04270","04270","CALCRL",-0.378047360882284,NA,"down","not tested",FALSE
"KEGG 04270","04270","KCNMB2",-0.102809703251268,NA,"down","not tested",FALSE
"KEGG 04270","04270","RAMP2",-0.368041759918546,NA,"down","not tested",FALSE
"KEGG 04270","04270","RAMP1",-0.339263864852648,NA,"down","not tested",FALSE
"KEGG 04270","04270","RAMP3",-0.448393013300225,NA,"down","not tested",FALSE
"KEGG 04270","04270","IRAG1",-1.10310301842978,NA,"down","not tested",FALSE
"KEGG 04270","04270","MYL9",-1.543739208768,NA,"down","not tested",FALSE
"KEGG 04270","04270","GNA13",-0.214832640761149,NA,"down","not tested",FALSE
"KEGG 04270","04270","PLCB1",-0.12480307030961,1.84142209334503,"down","up",FALSE
"KEGG 04270","04270","ARHGEF12",0.0893130487349993,NA,"up","not tested",FALSE
"KEGG 04270","04270","PLA2G3",1.84418930542725,-1.22261929820636,"up","down",FALSE
"KEGG 04270","04270","MYLK2",NA,-6.77362686667328,"not tested","down",FALSE
"KEGG 04270","04270","MYLK3",0.105088874528857,NA,"up","not tested",FALSE
"KEGG 04270","04270","PPP1R14A",-1.40885411197086,NA,"down","not tested",FALSE
"KEGG 04270","04270","PLA2G4E",2.37393401431673,-6.75475980063493,"up","down",FALSE
"KEGG 04270","04270","MYL6B",0.135252847002455,NA,"up","not tested",FALSE
"KEGG 04270","04270","CALML6",0.278201746201225,NA,"up","not tested",FALSE
"KEGG 04270","04270","ADCY4",-0.399510570049971,NA,"down","not tested",FALSE
"KEGG 04270","04270","CYP4A22",-0.0674218191604375,NA,"down","not tested",FALSE
"KEGG 04310 - Wnt signaling pathway","04310","APC",-0.197487530056774,-2.93893543243158,"down","down",TRUE
"KEGG 04310 - Wnt signaling pathway","04310","RHOA",0.190846024962887,1.09016232916681,"up","up",TRUE
"KEGG 04310 - Wnt signaling pathway","04310","CREBBP",-0.238050185326248,-2.65483234198058,"down","down",TRUE
"KEGG 04310 - Wnt signaling pathway","04310","CSNK2B",0.123333789568502,2.25561484505775,"up","up",TRUE
"KEGG 04310 - Wnt signaling pathway","04310","CTBP1",0.114659219461796,2.01609422762021,"up","up",TRUE
"KEGG 04310 - Wnt signaling pathway","04310","NFATC4",-0.0615621548436502,-2.39131917220656,"down","down",TRUE
"KEGG 04310 - Wnt signaling pathway","04310","PPP2CA",0.186660239116482,1.2682021902218,"up","up",TRUE
"KEGG 04310 - Wnt signaling pathway","04310","PPP2R5A",0.215269735190189,2.47071036850922,"up","up",TRUE
"KEGG 04310 - Wnt signaling pathway","04310","PRKACA",-0.137264806563863,-1.6932850608529,"down","down",TRUE
"KEGG 04310 - Wnt signaling pathway","04310","RAC1",0.247136062567727,2.08728234032318,"up","up",TRUE
"KEGG 04310 - Wnt signaling pathway","04310","ROCK1",-0.429901219437886,-2.48244933176632,"down","down",TRUE
"KEGG 04310 - Wnt signaling pathway","04310","SKP1",0.394087160079768,4.17712866932269,"up","up",TRUE
"KEGG 04310 - Wnt signaling pathway","04310","TBL1X",-0.324084264788307,-2.29427146046699,"down","down",TRUE
"KEGG 04310 - Wnt signaling pathway","04310","WNT2",1.30046116258463,1.35037447134091,"up","up",TRUE
"KEGG 04310 - Wnt signaling pathway","04310","WNT5A",1.29815194665248,3.34195050463232,"up","up",TRUE
"KEGG 04310 - Wnt signaling pathway","04310","AXIN1",0.114515041940157,1.59294492953939,"up","up",TRUE
"KEGG 04310 - Wnt signaling pathway","04310","FZD6",0.349449129185412,1.95405348581606,"up","up",TRUE
"KEGG 04310 - Wnt signaling pathway","04310","FZD7",0.084223050855551,3.58458250491995,"up","up",TRUE
"KEGG 04310 - Wnt signaling pathway","04310","FZD8",-0.230151618021244,-2.44783589673045,"down","down",TRUE
"KEGG 04310 - Wnt signaling pathway","04310","NFAT5",-0.0643426436362962,-1.7608989709041,"down","down",TRUE
"KEGG 04310 - Wnt signaling pathway","04310","WIF1",-0.725454558534191,-1.95542388445425,"down","down",TRUE
"KEGG 04310 - Wnt signaling pathway","04310","DKK1",1.04696105025108,2.1563895293166,"up","up",TRUE
"KEGG 04310 - Wnt signaling pathway","04310","FRAT2",0.00583843808721936,2.62354500478486,"up","up",TRUE
"KEGG 04310 - Wnt signaling pathway","04310","TBL1XR1",-0.0214172153920636,-1.99571095448,"down","down",TRUE
"KEGG 04310 - Wnt signaling pathway","04310","PRICKLE2",-0.455085781402445,-1.80326101584347,"down","down",TRUE
"KEGG 04310 - Wnt signaling pathway","04310","CCND1",0.66217214421585,NA,"up","not tested",FALSE
"KEGG 04310 - Wnt signaling pathway","04310","CAMK2A",0.623820341422865,NA,"up","not tested",FALSE
"KEGG 04310 - Wnt signaling pathway","04310","CAMK2B",0.0609101205744042,-1.35280410986854,"up","down",FALSE
"KEGG 04310 - Wnt signaling pathway","04310","CAMK2D",-0.0738857294372554,NA,"down","not tested",FALSE
"KEGG 04310 - Wnt signaling pathway","04310","CAMK2G",-0.631730981213424,3.81858389529347,"down","up",FALSE
"KEGG 04310 - Wnt signaling pathway","04310","CCND2",0.179373088305756,NA,"up","not tested",FALSE
"KEGG 04310 - Wnt signaling pathway","04310","CCND3",0.00998025481350139,-7.79975003307959,"up","down",FALSE
"KEGG 04310 - Wnt signaling pathway","04310","CSNK1A1",0.564992496581369,-1.36712315802763,"up","down",FALSE
"KEGG 04310 - Wnt signaling pathway","04310","CSNK1E",0.0432782465794156,NA,"up","not tested",FALSE
"KEGG 04310 - Wnt signaling pathway","04310","CSNK2A1",0.212209658433594,NA,"up","not tested",FALSE
"KEGG 04310 - Wnt signaling pathway","04310","CSNK2A2",0.0598468965008051,NA,"up","not tested",FALSE
"KEGG 04310 - Wnt signaling pathway","04310","CTBP2",-0.00297175042097753,1.14080770567618,"down","up",FALSE
"KEGG 04310 - Wnt signaling pathway","04310","CTNNB1",-0.0281178183485121,NA,"down","not tested",FALSE
"KEGG 04310 - Wnt signaling pathway","04310","DVL1",0.749105707511101,NA,"up","not tested",FALSE
"KEGG 04310 - Wnt signaling pathway","04310","DVL2",0.201514950832973,NA,"up","not tested",FALSE
"KEGG 04310 - Wnt signaling pathway","04310","DVL3",-0.0877683486598504,NA,"down","not tested",FALSE
"KEGG 04310 - Wnt signaling pathway","04310","EP300",-0.101716372915669,NA,"down","not tested",FALSE
"KEGG 04310 - Wnt signaling pathway","04310","FZD2",-0.405453811242433,1.43753899289475,"down","up",FALSE
"KEGG 04310 - Wnt signaling pathway","04310","GSK3B",0.0127706663306648,NA,"up","not tested",FALSE
"KEGG 04310 - Wnt signaling pathway","04310","JUN",0.585516619077403,NA,"up","not tested",FALSE
"KEGG 04310 - Wnt signaling pathway","04310","LRP6",-0.242256553572266,NA,"down","not tested",FALSE
"KEGG 04310 - Wnt signaling pathway","04310","LRP5",-0.400299270793564,NA,"down","not tested",FALSE
"KEGG 04310 - Wnt signaling pathway","04310","SMAD2",-0.0579393557730776,NA,"down","not tested",FALSE
"KEGG 04310 - Wnt signaling pathway","04310","SMAD3",0.298035654195537,-1.34787425095502,"up","down",FALSE
"KEGG 04310 - Wnt signaling pathway","04310","SMAD4",-0.169731094823109,NA,"down","not tested",FALSE
"KEGG 04310 - Wnt signaling pathway","04310","MMP7",NA,-3.51619423689247,"not tested","down",FALSE
"KEGG 04310 - Wnt signaling pathway","04310","MYC",0.605178342592248,NA,"up","not tested",FALSE
"KEGG 04310 - Wnt signaling pathway","04310","NFATC1",0.307478796221955,-2.11135691729422,"up","down",FALSE
"KEGG 04310 - Wnt signaling pathway","04310","NFATC2",0.798307815125388,-2.70062306193259,"up","down",FALSE
"KEGG 04310 - Wnt signaling pathway","04310","NFATC3",-0.189040667422597,1.02231269658602,"down","up",FALSE
"KEGG 04310 - Wnt signaling pathway","04310","PLCB2",-0.855923433529694,NA,"down","not tested",FALSE
"KEGG 04310 - Wnt signaling pathway","04310","PLCB3",0.539285036572642,NA,"up","not tested",FALSE
"KEGG 04310 - Wnt signaling pathway","04310","PLCB4",-0.73807311987483,NA,"down","not tested",FALSE
"KEGG 04310 - Wnt signaling pathway","04310","PPARD",0.742304981425991,-1.66402338034069,"up","down",FALSE
"KEGG 04310 - Wnt signaling pathway","04310","PPP2CB",0.017565945387472,NA,"up","not tested",FALSE
"KEGG 04310 - Wnt signaling pathway","04310","PPP2R1A",0.333984037144443,NA,"up","not tested",FALSE
"KEGG 04310 - Wnt signaling pathway","04310","PPP2R1B",0.0594829785403549,NA,"up","not tested",FALSE
"KEGG 04310 - Wnt signaling pathway","04310","PPP2R5B",-0.191808745366504,3.0041073073891,"down","up",FALSE
"KEGG 04310 - Wnt signaling pathway","04310","PPP2R5C",-0.297995863372628,1.59537752658734,"down","up",FALSE
"KEGG 04310 - Wnt signaling pathway","04310","PPP2R5D",0.145261823821706,NA,"up","not tested",FALSE
"KEGG 04310 - Wnt signaling pathway","04310","PPP2R5E",0.0139744870568894,NA,"up","not tested",FALSE
"KEGG 04310 - Wnt signaling pathway","04310","PPP3CA",0.0396652714300027,NA,"up","not tested",FALSE
"KEGG 04310 - Wnt signaling pathway","04310","PPP3CB",-0.320860685451809,NA,"down","not tested",FALSE
"KEGG 04310 - Wnt signaling pathway","04310","PPP3CC",-0.356649233066652,NA,"down","not tested",FALSE
"KEGG 04310 - Wnt signaling pathway","04310","PPP3R1",-0.0778683071376071,NA,"down","not tested",FALSE
"KEGG 04310 - Wnt signaling pathway","04310","PRKACB",-0.899071401390825,NA,"down","not tested",FALSE
"KEGG 04310 - Wnt signaling pathway","04310","PRKACG",NA,-2.00028699563044,"not tested","down",FALSE
"KEGG 04310 - Wnt signaling pathway","04310","PRKCA",-0.262899587415656,NA,"down","not tested",FALSE
"KEGG 04310 - Wnt signaling pathway","04310","PRKCB",-1.64673753813544,1.80667327313173,"down","up",FALSE
"KEGG 04310 - Wnt signaling pathway","04310","PRKCG",1.66429417300741,NA,"up","not tested",FALSE
"KEGG 04310 - Wnt signaling pathway","04310","MAPK8",-0.149097805901856,NA,"down","not tested",FALSE
"KEGG 04310 - Wnt signaling pathway","04310","MAPK9",-0.209751503048359,NA,"down","not tested",FALSE
"KEGG 04310 - Wnt signaling pathway","04310","MAPK10",0.0228638403439618,-1.03501447109123,"up","down",FALSE
"KEGG 04310 - Wnt signaling pathway","04310","PRKX",0.691831334501254,NA,"up","not tested",FALSE
"KEGG 04310 - Wnt signaling pathway","04310","PSEN1",0.0876407072729627,NA,"up","not tested",FALSE
"KEGG 04310 - Wnt signaling pathway","04310","RAC2",0.00760888524262854,-1.01900804433184,"up","down",FALSE
"KEGG 04310 - Wnt signaling pathway","04310","RAC3",0.459342329806757,NA,"up","not tested",FALSE
"KEGG 04310 - Wnt signaling pathway","04310","SFRP1",-0.142642758743446,NA,"down","not tested",FALSE
"KEGG 04310 - Wnt signaling pathway","04310","SFRP2",-0.401171866571194,2.42112167065825,"down","up",FALSE
"KEGG 04310 - Wnt signaling pathway","04310","SFRP4",-0.308909232379129,NA,"down","not tested",FALSE
"KEGG 04310 - Wnt signaling pathway","04310","SFRP5",-0.402273916233807,NA,"down","not tested",FALSE
"KEGG 04310 - Wnt signaling pathway","04310","SIAH1",-0.0304423987431295,1.59241747249597,"down","up",FALSE
"KEGG 04310 - Wnt signaling pathway","04310","MAP3K7",-0.1131453325471,2.03749991721901,"down","up",FALSE
"KEGG 04310 - Wnt signaling pathway","04310","TCF7",0.533109582793078,NA,"up","not tested",FALSE
"KEGG 04310 - Wnt signaling pathway","04310","TCF7L2",-0.380570359181772,NA,"down","not tested",FALSE
"KEGG 04310 - Wnt signaling pathway","04310","TP53",0.526681545505673,NA,"up","not tested",FALSE
"KEGG 04310 - Wnt signaling pathway","04310","WNT3",1.2350521243382,NA,"up","not tested",FALSE
"KEGG 04310 - Wnt signaling pathway","04310","WNT6",-0.344449612961106,NA,"down","not tested",FALSE
"KEGG 04310 - Wnt signaling pathway","04310","WNT7A",1.1154733664587,NA,"up","not tested",FALSE
"KEGG 04310 - Wnt signaling pathway","04310","WNT7B",1.94097967632341,NA,"up","not tested",FALSE
"KEGG 04310 - Wnt signaling pathway","04310","WNT8B",0.25122270133942,NA,"up","not tested",FALSE
"KEGG 04310 - Wnt signaling pathway","04310","WNT10B",0.534338782374481,NA,"up","not tested",FALSE
"KEGG 04310 - Wnt signaling pathway","04310","WNT11",-0.266328044188278,NA,"down","not tested",FALSE
"KEGG 04310 - Wnt signaling pathway","04310","WNT2B",-0.0761901124590223,NA,"down","not tested",FALSE
"KEGG 04310 - Wnt signaling pathway","04310","WNT9A",1.94111467864698,NA,"up","not tested",FALSE
"KEGG 04310 - Wnt signaling pathway","04310","WNT9B",0.604918086434511,NA,"up","not tested",FALSE
"KEGG 04310 - Wnt signaling pathway","04310","FZD5",0.390122814459593,NA,"up","not tested",FALSE
"KEGG 04310 - Wnt signaling pathway","04310","FZD3",-0.426826869579249,NA,"down","not tested",FALSE
"KEGG 04310 - Wnt signaling pathway","04310","FOSL1",1.4817920105672,-2.22784514694752,"up","down",FALSE
"KEGG 04310 - Wnt signaling pathway","04310","AXIN2",-0.325372489436121,NA,"down","not tested",FALSE
"KEGG 04310 - Wnt signaling pathway","04310","FZD1",-0.0154091401599165,1.59191001909901,"down","up",FALSE
"KEGG 04310 - Wnt signaling pathway","04310","FZD4",-0.543984413459838,NA,"down","not tested",FALSE
"KEGG 04310 - Wnt signaling pathway","04310","FZD9",NA,NA,"not tested","not tested",FALSE
"KEGG 04310 - Wnt signaling pathway","04310","CUL1",0.0858496453877447,NA,"up","not tested",FALSE
"KEGG 04310 - Wnt signaling pathway","04310","RUVBL1",0.273276661441945,NA,"up","not tested",FALSE
"KEGG 04310 - Wnt signaling pathway","04310","BTRC",0.213900909879562,NA,"up","not tested",FALSE
"KEGG 04310 - Wnt signaling pathway","04310","CER1",0.343007464765846,NA,"up","not tested",FALSE
"KEGG 04310 - Wnt signaling pathway","04310","ROCK2",-0.493387259190501,NA,"down","not tested",FALSE
"KEGG 04310 - Wnt signaling pathway","04310","RBX1",0.303881000713388,NA,"up","not tested",FALSE
"KEGG 04310 - Wnt signaling pathway","04310","FRAT1",-0.492551606461637,1.87371403673007,"down","up",FALSE
"KEGG 04310 - Wnt signaling pathway","04310","APC2",0.200261014476591,-1.24742324137241,"up","down",FALSE
"KEGG 04310 - Wnt signaling pathway","04310","FZD10",1.76096869399917,NA,"up","not tested",FALSE
"KEGG 04310 - Wnt signaling pathway","04310","CHP1",0.696008902085899,NA,"up","not tested",FALSE
"KEGG 04310 - Wnt signaling pathway","04310","DAAM1",-0.386109461370869,NA,"down","not tested",FALSE
"KEGG 04310 - Wnt signaling pathway","04310","PLCB1",-0.12480307030961,1.84142209334503,"down","up",FALSE
"KEGG 04310 - Wnt signaling pathway","04310","FBXW11",0.0894206657623329,-2.38600946264275,"up","down",FALSE
"KEGG 04310 - Wnt signaling pathway","04310","DAAM2",-0.5608851142022,NA,"down","not tested",FALSE
"KEGG 04310 - Wnt signaling pathway","04310","CACYBP",-0.207519922954421,1.78732438371948,"down","up",FALSE
"KEGG 04310 - Wnt signaling pathway","04310","DKK4",0.202236038783266,NA,"up","not tested",FALSE
"KEGG 04310 - Wnt signaling pathway","04310","DKK2",-0.346308313827538,NA,"down","not tested",FALSE
"KEGG 04310 - Wnt signaling pathway","04310","LEF1",-1.31357650796597,1.25242910248492,"down","up",FALSE
"KEGG 04310 - Wnt signaling pathway","04310","WNT16",-1.21484536062706,NA,"down","not tested",FALSE
"KEGG 04310 - Wnt signaling pathway","04310","NLK",-0.151907617530345,NA,"down","not tested",FALSE
"KEGG 04310 - Wnt signaling pathway","04310","WNT4",1.06694246915289,NA,"up","not tested",FALSE
"KEGG 04310 - Wnt signaling pathway","04310","CTNNBIP1",1.16089393836565,NA,"up","not tested",FALSE
"KEGG 04310 - Wnt signaling pathway","04310","VANGL2",0.745175358144617,NA,"up","not tested",FALSE
"KEGG 04310 - Wnt signaling pathway","04310","CHD8",0.0160305938256529,NA,"up","not tested",FALSE
"KEGG 04310 - Wnt signaling pathway","04310","SENP2",0.125830304291843,NA,"up","not tested",FALSE
"KEGG 04310 - Wnt signaling pathway","04310","CHP2",1.52796218580999,NA,"up","not tested",FALSE
"KEGG 04310 - Wnt signaling pathway","04310","SOX17",0.299386899835083,NA,"up","not tested",FALSE
"KEGG 04310 - Wnt signaling pathway","04310","PORCN",0.15134530674001,NA,"up","not tested",FALSE
"KEGG 04310 - Wnt signaling pathway","04310","CXXC4",-0.489188023230389,NA,"down","not tested",FALSE
"KEGG 04310 - Wnt signaling pathway","04310","WNT10A",1.2682661489631,NA,"up","not tested",FALSE
"KEGG 04310 - Wnt signaling pathway","04310","WNT5B",0.294142173678545,NA,"up","not tested",FALSE
"KEGG 04310 - Wnt signaling pathway","04310","VANGL1",0.509613716761804,NA,"up","not tested",FALSE
"KEGG 04310 - Wnt signaling pathway","04310","TCF7L1",-0.500026430478819,NA,"down","not tested",FALSE
"KEGG 04310 - Wnt signaling pathway","04310","NKD1",-1.76200642861903,2.09493099765081,"down","up",FALSE
"KEGG 04310 - Wnt signaling pathway","04310","NKD2",1.56123293313156,NA,"up","not tested",FALSE
"KEGG 04310 - Wnt signaling pathway","04310","WNT3A",0.58724841817519,-4.78204996451334,"up","down",FALSE
"KEGG 04310 - Wnt signaling pathway","04310","TBL1Y",NA,-2.90036250336528,"not tested","down",FALSE
"KEGG 04310 - Wnt signaling pathway","04310","PRICKLE1",-0.0912019552847567,NA,"down","not tested",FALSE
"KEGG 04320","04320","NOTCH4",-0.297252419780723,-1.38363335505631,"down","down",TRUE
"KEGG 04320","04320","MAPK3",0.16556224324137,1.16356275045493,"up","up",TRUE
"KEGG 04320","04320","EGFR",0.603912753158947,-2.46724890439297,"up","down",FALSE
"KEGG 04320","04320","ETS1",-0.0475228451094028,2.66031962469221,"down","up",FALSE
"KEGG 04320","04320","ETS2",0.367452429659402,NA,"up","not tested",FALSE
"KEGG 04320","04320","ETV6",-0.143501560264591,NA,"down","not tested",FALSE
"KEGG 04320","04320","GRB2",0.156471744460999,-2.19940678599544,"up","down",FALSE
"KEGG 04320","04320","KRAS",0.218804297116375,NA,"up","not tested",FALSE
"KEGG 04320","04320","NOTCH1",0.271715008943222,-2.50942767079471,"up","down",FALSE
"KEGG 04320","04320","NOTCH2",0.0655417570119778,-1.49259397682616,"up","down",FALSE
"KEGG 04320","04320","NOTCH3",0.0416466518308764,NA,"up","not tested",FALSE
"KEGG 04320","04320","MAPK1",-0.0338044566664251,1.97690167713987,"down","up",FALSE
"KEGG 04320","04320","MAP2K1",0.159792550929499,-1.17312314697461,"up","down",FALSE
"KEGG 04320","04320","SOS1",-0.390103217181705,NA,"down","not tested",FALSE
"KEGG 04320","04320","SOS2",-0.217669885022165,NA,"down","not tested",FALSE
"KEGG 04320","04320","PIWIL1",NA,1.07290614552969,"not tested","up",FALSE
"KEGG 04320","04320","ETV7",0.815495994606673,NA,"up","not tested",FALSE
"KEGG 04320","04320","PIWIL2",-0.26291685728113,NA,"down","not tested",FALSE
"KEGG 04320","04320","FMN2",0.0736411225353349,NA,"up","not tested",FALSE
"KEGG 04320","04320","SPIRE1",-0.177683645220901,NA,"down","not tested",FALSE
"KEGG 04320","04320","CPEB1",0.282890849048708,NA,"up","not tested",FALSE
"KEGG 04320","04320","SPIRE2",0.406438064265569,NA,"up","not tested",FALSE
"KEGG 04320","04320","PIWIL4",-0.0816562306140928,NA,"down","not tested",FALSE
"KEGG 04370 - VEGF signaling pathway","04370","CDC42",0.0788138194415582,3.09604993744361,"up","up",TRUE
"KEGG 04370 - VEGF signaling pathway","04370","MAPK14",0.0837578614907466,1.39285922476682,"up","up",TRUE
"KEGG 04370 - VEGF signaling pathway","04370","NFATC4",-0.0615621548436502,-2.39131917220656,"down","down",TRUE
"KEGG 04370 - VEGF signaling pathway","04370","PIK3R1",-0.371238647785195,-1.1152241909132,"down","down",TRUE
"KEGG 04370 - VEGF signaling pathway","04370","MAPK3",0.16556224324137,1.16356275045493,"up","up",TRUE
"KEGG 04370 - VEGF signaling pathway","04370","RAC1",0.247136062567727,2.08728234032318,"up","up",TRUE
"KEGG 04370 - VEGF signaling pathway","04370","VEGFA",1.20007508359547,1.22452068084208,"up","up",TRUE
"KEGG 04370 - VEGF signaling pathway","04370","PLA2G10",0.208521331640055,3.25120559870237,"up","up",TRUE
"KEGG 04370 - VEGF signaling pathway","04370","JMJD7-PLA2G4B",0.618967821992622,2.16576134425557,"up","up",TRUE
"KEGG 04370 - VEGF signaling pathway","04370","AKT3",-0.527481649165405,-1.31700310884974,"down","down",TRUE
"KEGG 04370 - VEGF signaling pathway","04370","NFAT5",-0.0643426436362962,-1.7608989709041,"down","down",TRUE
"KEGG 04370 - VEGF signaling pathway","04370","PLA2G12A",0.0901046636488981,1.27686400734066,"up","up",TRUE
"KEGG 04370 - VEGF signaling pathway","04370","PLA2G4B",0.634171023132576,1.19665985382369,"up","up",TRUE
"KEGG 04370 - VEGF signaling pathway","04370","AKT1",0.115243504256945,NA,"up","not tested",FALSE
"KEGG 04370 - VEGF signaling pathway","04370","AKT2",0.290568647171472,NA,"up","not tested",FALSE
"KEGG 04370 - VEGF signaling pathway","04370","BAD",0.214098670695371,NA,"up","not tested",FALSE
"KEGG 04370 - VEGF signaling pathway","04370","CASP9",-0.332380585568071,NA,"down","not tested",FALSE
"KEGG 04370 - VEGF signaling pathway","04370","HRAS",0.888058289083542,NA,"up","not tested",FALSE
"KEGG 04370 - VEGF signaling pathway","04370","HSPB1",0.966023896979198,NA,"up","not tested",FALSE
"KEGG 04370 - VEGF signaling pathway","04370","KDR",-0.300777822447083,NA,"down","not tested",FALSE
"KEGG 04370 - VEGF signaling pathway","04370","KRAS",0.218804297116375,NA,"up","not tested",FALSE
"KEGG 04370 - VEGF signaling pathway","04370","NFATC1",0.307478796221955,-2.11135691729422,"up","down",FALSE
"KEGG 04370 - VEGF signaling pathway","04370","NFATC2",0.798307815125388,-2.70062306193259,"up","down",FALSE
"KEGG 04370 - VEGF signaling pathway","04370","NFATC3",-0.189040667422597,1.02231269658602,"down","up",FALSE
"KEGG 04370 - VEGF signaling pathway","04370","NOS3",0.322071508792475,-7.44873610027687,"up","down",FALSE
"KEGG 04370 - VEGF signaling pathway","04370","NRAS",0.342741545496188,NA,"up","not tested",FALSE
"KEGG 04370 - VEGF signaling pathway","04370","PIK3CA",-0.292465058782002,2.16725344739775,"down","up",FALSE
"KEGG 04370 - VEGF signaling pathway","04370","PIK3CB",0.0186415406352155,NA,"up","not tested",FALSE
"KEGG 04370 - VEGF signaling pathway","04370","PIK3CD",-0.119354345092164,NA,"down","not tested",FALSE
"KEGG 04370 - VEGF signaling pathway","04370","PIK3CG",-0.558610658238295,NA,"down","not tested",FALSE
"KEGG 04370 - VEGF signaling pathway","04370","PIK3R2",0.612479238252084,NA,"up","not tested",FALSE
"KEGG 04370 - VEGF signaling pathway","04370","PLA2G2A",2.47530697634045,NA,"up","not tested",FALSE
"KEGG 04370 - VEGF signaling pathway","04370","PLA2G4A",-0.0183431822029733,NA,"down","not tested",FALSE
"KEGG 04370 - VEGF signaling pathway","04370","PLA2G5",-0.391920386281078,NA,"down","not tested",FALSE
"KEGG 04370 - VEGF signaling pathway","04370","PLCG1",-0.277544086534754,NA,"down","not tested",FALSE
"KEGG 04370 - VEGF signaling pathway","04370","PLCG2",-0.630736680614097,NA,"down","not tested",FALSE
"KEGG 04370 - VEGF signaling pathway","04370","PPP3CA",0.0396652714300027,NA,"up","not tested",FALSE
"KEGG 04370 - VEGF signaling pathway","04370","PPP3CB",-0.320860685451809,NA,"down","not tested",FALSE
"KEGG 04370 - VEGF signaling pathway","04370","PPP3CC",-0.356649233066652,NA,"down","not tested",FALSE
"KEGG 04370 - VEGF signaling pathway","04370","PPP3R1",-0.0778683071376071,NA,"down","not tested",FALSE
"KEGG 04370 - VEGF signaling pathway","04370","PRKCA",-0.262899587415656,NA,"down","not tested",FALSE
"KEGG 04370 - VEGF signaling pathway","04370","PRKCB",-1.64673753813544,1.80667327313173,"down","up",FALSE
"KEGG 04370 - VEGF signaling pathway","04370","PRKCG",1.66429417300741,NA,"up","not tested",FALSE
"KEGG 04370 - VEGF signaling pathway","04370","MAPK1",-0.0338044566664251,1.97690167713987,"down","up",FALSE
"KEGG 04370 - VEGF signaling pathway","04370","MAPK11",-0.011666132931642,1.37932984317879,"down","up",FALSE
"KEGG 04370 - VEGF signaling pathway","04370","MAPK13",1.55717688166108,NA,"up","not tested",FALSE
"KEGG 04370 - VEGF signaling pathway","04370","MAP2K1",0.159792550929499,-1.17312314697461,"up","down",FALSE
"KEGG 04370 - VEGF signaling pathway","04370","MAP2K2",0.256570899956579,NA,"up","not tested",FALSE
"KEGG 04370 - VEGF signaling pathway","04370","PTGS2",0.144748866012422,-1.26678366279647,"up","down",FALSE
"KEGG 04370 - VEGF signaling pathway","04370","PTK2",-0.237590995731217,NA,"down","not tested",FALSE
"KEGG 04370 - VEGF signaling pathway","04370","PXN",-0.218225874688607,NA,"down","not tested",FALSE
"KEGG 04370 - VEGF signaling pathway","04370","RAC2",0.00760888524262854,-1.01900804433184,"up","down",FALSE
"KEGG 04370 - VEGF signaling pathway","04370","RAC3",0.459342329806757,NA,"up","not tested",FALSE
"KEGG 04370 - VEGF signaling pathway","04370","RAF1",0.103071345288305,NA,"up","not tested",FALSE
"KEGG 04370 - VEGF signaling pathway","04370","MAPK12",-0.331064562113596,NA,"down","not tested",FALSE
"KEGG 04370 - VEGF signaling pathway","04370","SRC",0.622191068694645,NA,"up","not tested",FALSE
"KEGG 04370 - VEGF signaling pathway","04370","MAPKAPK3",0.785755962305155,NA,"up","not tested",FALSE
"KEGG 04370 - VEGF signaling pathway","04370","PLA2G6",-0.25528936661186,NA,"down","not tested",FALSE
"KEGG 04370 - VEGF signaling pathway","04370","PIK3R3",-0.694535664653615,NA,"down","not tested",FALSE
"KEGG 04370 - VEGF signaling pathway","04370","SPHK1",1.39629441455576,-4.46210510318838,"up","down",FALSE
"KEGG 04370 - VEGF signaling pathway","04370","SH2D2A",0.495232107073318,-1.76622041516158,"up","down",FALSE
"KEGG 04370 - VEGF signaling pathway","04370","MAPKAPK2",0.565693236956772,NA,"up","not tested",FALSE
"KEGG 04370 - VEGF signaling pathway","04370","CHP1",0.696008902085899,NA,"up","not tested",FALSE
"KEGG 04370 - VEGF signaling pathway","04370","PIK3R5",0.26124873836644,NA,"up","not tested",FALSE
"KEGG 04370 - VEGF signaling pathway","04370","SHC2",-0.837778437427961,1.70746612776529,"down","up",FALSE
"KEGG 04370 - VEGF signaling pathway","04370","PLA2G3",1.84418930542725,-1.22261929820636,"up","down",FALSE
"KEGG 04370 - VEGF signaling pathway","04370","SPHK2",0.0488638291784265,-1.70718086194401,"up","down",FALSE
"KEGG 04370 - VEGF signaling pathway","04370","CHP2",1.52796218580999,NA,"up","not tested",FALSE
"KEGG 04370 - VEGF signaling pathway","04370","PLA2G4E",2.37393401431673,-6.75475980063493,"up","down",FALSE
"KEGG 04510 - Focal adhesion","04510","ACTG1",0.630389385671944,4.40120543145397,"up","up",TRUE
"KEGG 04510 - Focal adhesion","04510","BIRC3",-0.589590813126294,-1.69588631941931,"down","down",TRUE
"KEGG 04510 - Focal adhesion","04510","RHOA",0.190846024962887,1.09016232916681,"up","up",TRUE
"KEGG 04510 - Focal adhesion","04510","ARHGAP5",-0.174694483090318,-2.40210895571097,"down","down",TRUE
"KEGG 04510 - Focal adhesion","04510","CAPN2",0.370126703572567,1.35372876982348,"up","up",TRUE
"KEGG 04510 - Focal adhesion","04510","CDC42",0.0788138194415582,3.09604993744361,"up","up",TRUE
"KEGG 04510 - Focal adhesion","04510","CRK",0.173431723171787,1.79256295319293,"up","up",TRUE
"KEGG 04510 - Focal adhesion","04510","ELK1",0.345285341772633,1.26121359807481,"up","up",TRUE
"KEGG 04510 - Focal adhesion","04510","FLNA",-0.65770470287009,-2.21591630334989,"down","down",TRUE
"KEGG 04510 - Focal adhesion","04510","FLT1",-0.32762902033847,-1.87092456404715,"down","down",TRUE
"KEGG 04510 - Focal adhesion","04510","FN1",-0.76612548527257,-2.05040006962763,"down","down",TRUE
"KEGG 04510 - Focal adhesion","04510","HGF",-0.240886642734845,-1.7753253966541,"down","down",TRUE
"KEGG 04510 - Focal adhesion","04510","ITGA2",0.727848322844804,1.1198787729483,"up","up",TRUE
"KEGG 04510 - Focal adhesion","04510","ITGB1",-0.525751721218799,-2.33559487236819,"down","down",TRUE
"KEGG 04510 - Focal adhesion","04510","ITGB3",-0.442001601580837,-2.44944289048112,"down","down",TRUE
"KEGG 04510 - Focal adhesion","04510","ITGB4",0.33098228160283,1.03792700448849,"up","up",TRUE
"KEGG 04510 - Focal adhesion","04510","LAMA3",-0.16889998786966,-1.54158095114355,"down","down",TRUE
"KEGG 04510 - Focal adhesion","04510","MET",0.284799338075759,1.243485259673,"up","up",TRUE
"KEGG 04510 - Focal adhesion","04510","PPP1R12A",-0.620355485174179,-3.38857183513342,"down","down",TRUE
"KEGG 04510 - Focal adhesion","04510","PAK2",-0.00668132704136567,-2.59923080084976,"down","down",TRUE
"KEGG 04510 - Focal adhesion","04510","PDGFA",-0.0258246183181571,-2.16663280091461,"down","down",TRUE
"KEGG 04510 - Focal adhesion","04510","PIK3R1",-0.371238647785195,-1.1152241909132,"down","down",TRUE
"KEGG 04510 - Focal adhesion","04510","PPP1CA",0.652184411930196,2.46420689672661,"up","up",TRUE
"KEGG 04510 - Focal adhesion","04510","MAPK3",0.16556224324137,1.16356275045493,"up","up",TRUE
"KEGG 04510 - Focal adhesion","04510","RAC1",0.247136062567727,2.08728234032318,"up","up",TRUE
"KEGG 04510 - Focal adhesion","04510","RAP1A",-0.651461604674643,-1.15067066884311,"down","down",TRUE
"KEGG 04510 - Focal adhesion","04510","ROCK1",-0.429901219437886,-2.48244933176632,"down","down",TRUE
"KEGG 04510 - Focal adhesion","04510","SPP1",-0.490491829624668,-3.54967419735801,"down","down",TRUE
"KEGG 04510 - Focal adhesion","04510","THBS2",0.24971233789314,1.35697334676119,"up","up",TRUE
"KEGG 04510 - Focal adhesion","04510","VAV1",-0.688958742827695,-1.19441073941812,"down","down",TRUE
"KEGG 04510 - Focal adhesion","04510","VEGFA",1.20007508359547,1.22452068084208,"up","up",TRUE
"KEGG 04510 - Focal adhesion","04510","AKT3",-0.527481649165405,-1.31700310884974,"down","down",TRUE
"KEGG 04510 - Focal adhesion","04510","VAV3",0.462194105829979,2.69327404181806,"up","up",TRUE
"KEGG 04510 - Focal adhesion","04510","ITGA11",-0.15616932176465,-1.9877046117932,"down","down",TRUE
"KEGG 04510 - Focal adhesion","04510","PIP5K1C",-0.104735293050917,-1.34884676544016,"down","down",TRUE
"KEGG 04510 - Focal adhesion","04510","SHC3",-0.0950379124382989,-1.10051046173648,"down","down",TRUE
"KEGG 04510 - Focal adhesion","04510","MYL12B",0.361946821544203,2.65935401037138,"up","up",TRUE
"KEGG 04510 - Focal adhesion","04510","ACTB",-0.0609051131725033,NA,"down","not tested",FALSE
"KEGG 04510 - Focal adhesion","04510","ACTN4",-0.150176763110844,NA,"down","not tested",FALSE
"KEGG 04510 - Focal adhesion","04510","ACTN1",-0.400161635443906,NA,"down","not tested",FALSE
"KEGG 04510 - Focal adhesion","04510","ACTN2",-0.131804407998663,NA,"down","not tested",FALSE
"KEGG 04510 - Focal adhesion","04510","ACTN3",0.208530035177347,NA,"up","not tested",FALSE
"KEGG 04510 - Focal adhesion","04510","AKT1",0.115243504256945,NA,"up","not tested",FALSE
"KEGG 04510 - Focal adhesion","04510","AKT2",0.290568647171472,NA,"up","not tested",FALSE
"KEGG 04510 - Focal adhesion","04510","BIRC2",-0.299450456125563,2.51276163402507,"down","up",FALSE
"KEGG 04510 - Focal adhesion","04510","XIAP",0.436340789839887,NA,"up","not tested",FALSE
"KEGG 04510 - Focal adhesion","04510","BAD",0.214098670695371,NA,"up","not tested",FALSE
"KEGG 04510 - Focal adhesion","04510","CCND1",0.66217214421585,NA,"up","not tested",FALSE
"KEGG 04510 - Focal adhesion","04510","BCL2",-0.312316856117612,NA,"down","not tested",FALSE
"KEGG 04510 - Focal adhesion","04510","BRAF",-0.0898362514005706,NA,"down","not tested",FALSE
"KEGG 04510 - Focal adhesion","04510","CAV1",-0.66221906841524,NA,"down","not tested",FALSE
"KEGG 04510 - Focal adhesion","04510","CAV2",-0.231606783973477,NA,"down","not tested",FALSE
"KEGG 04510 - Focal adhesion","04510","CCND2",0.179373088305756,NA,"up","not tested",FALSE
"KEGG 04510 - Focal adhesion","04510","CCND3",0.00998025481350139,-7.79975003307959,"up","down",FALSE
"KEGG 04510 - Focal adhesion","04510","CHAD",-0.070544996217856,NA,"down","not tested",FALSE
"KEGG 04510 - Focal adhesion","04510","COL1A1",0.641598967553975,NA,"up","not tested",FALSE
"KEGG 04510 - Focal adhesion","04510","COL1A2",0.268912722262256,-1.50800648203345,"up","down",FALSE
"KEGG 04510 - Focal adhesion","04510","COL2A1",0.655011582448966,NA,"up","not tested",FALSE
"KEGG 04510 - Focal adhesion","04510","COL3A1",0.886585877741564,NA,"up","not tested",FALSE
"KEGG 04510 - Focal adhesion","04510","COL4A1",-0.510626813337199,NA,"down","not tested",FALSE
"KEGG 04510 - Focal adhesion","04510","COL4A2",-0.604558557082742,NA,"down","not tested",FALSE
"KEGG 04510 - Focal adhesion","04510","COL4A4",-0.145888376487922,NA,"down","not tested",FALSE
"KEGG 04510 - Focal adhesion","04510","COL4A5",-0.511986642570289,NA,"down","not tested",FALSE
"KEGG 04510 - Focal adhesion","04510","COL4A6",-0.747491550369671,NA,"down","not tested",FALSE
"KEGG 04510 - Focal adhesion","04510","COL5A1",0.343770729991352,NA,"up","not tested",FALSE
"KEGG 04510 - Focal adhesion","04510","COL5A2",0.419442217832338,NA,"up","not tested",FALSE
"KEGG 04510 - Focal adhesion","04510","COL6A1",0.322201512279246,NA,"up","not tested",FALSE
"KEGG 04510 - Focal adhesion","04510","COL6A2",0.00240591080361738,NA,"up","not tested",FALSE
"KEGG 04510 - Focal adhesion","04510","COL6A3",0.225985080030642,NA,"up","not tested",FALSE
"KEGG 04510 - Focal adhesion","04510","COL11A1",0.229639919327726,NA,"up","not tested",FALSE
"KEGG 04510 - Focal adhesion","04510","COL11A2",0.0710828752751061,-1.18562383505373,"up","down",FALSE
"KEGG 04510 - Focal adhesion","04510","COMP",3.13159338291252,NA,"up","not tested",FALSE
"KEGG 04510 - Focal adhesion","04510","CRKL",0.180907860045154,NA,"up","not tested",FALSE
"KEGG 04510 - Focal adhesion","04510","CTNNB1",-0.0281178183485121,NA,"down","not tested",FALSE
"KEGG 04510 - Focal adhesion","04510","DIAPH1",0.626260738244913,NA,"up","not tested",FALSE
"KEGG 04510 - Focal adhesion","04510","DOCK1",-0.135237294325591,NA,"down","not tested",FALSE
"KEGG 04510 - Focal adhesion","04510","EGF",-0.358488597411452,NA,"down","not tested",FALSE
"KEGG 04510 - Focal adhesion","04510","EGFR",0.603912753158947,-2.46724890439297,"up","down",FALSE
"KEGG 04510 - Focal adhesion","04510","ERBB2",0.627645304377472,-4.51743833058297,"up","down",FALSE
"KEGG 04510 - Focal adhesion","04510","VEGFD",-0.0848517820909111,NA,"down","not tested",FALSE
"KEGG 04510 - Focal adhesion","04510","FLNB",0.32245215263147,NA,"up","not tested",FALSE
"KEGG 04510 - Focal adhesion","04510","FLNC",-0.319914997040477,NA,"down","not tested",FALSE
"KEGG 04510 - Focal adhesion","04510","FLT4",-0.354186362777553,1.07749739679757,"down","up",FALSE
"KEGG 04510 - Focal adhesion","04510","FYN",-0.79322836509715,NA,"down","not tested",FALSE
"KEGG 04510 - Focal adhesion","04510","GRB2",0.156471744460999,-2.19940678599544,"up","down",FALSE
"KEGG 04510 - Focal adhesion","04510","RAPGEF1",-0.194986205734399,NA,"down","not tested",FALSE
"KEGG 04510 - Focal adhesion","04510","ARHGAP35",0.04185133329817,-2.50488623054827,"up","down",FALSE
"KEGG 04510 - Focal adhesion","04510","GSK3B",0.0127706663306648,NA,"up","not tested",FALSE
"KEGG 04510 - Focal adhesion","04510","HRAS",0.888058289083542,NA,"up","not tested",FALSE
"KEGG 04510 - Focal adhesion","04510","TNC",0.399859615613725,NA,"up","not tested",FALSE
"KEGG 04510 - Focal adhesion","04510","IGF1",0.0457545070896325,-3.16815449811077,"up","down",FALSE
"KEGG 04510 - Focal adhesion","04510","IGF1R",0.179125489008907,NA,"up","not tested",FALSE
"KEGG 04510 - Focal adhesion","04510","ILK",-0.386290247997378,1.26624287574618,"down","up",FALSE
"KEGG 04510 - Focal adhesion","04510","ITGA6",0.227400655990325,NA,"up","not tested",FALSE
"KEGG 04510 - Focal adhesion","04510","ITGA1",-1.39610062716044,NA,"down","not tested",FALSE
"KEGG 04510 - Focal adhesion","04510","ITGA2B",-0.174004530924267,NA,"down","not tested",FALSE
"KEGG 04510 - Focal adhesion","04510","ITGA3",0.208672426453414,NA,"up","not tested",FALSE
"KEGG 04510 - Focal adhesion","04510","ITGA4",0.233559321549807,NA,"up","not tested",FALSE
"KEGG 04510 - Focal adhesion","04510","ITGA5",-0.264338367084849,NA,"down","not tested",FALSE
"KEGG 04510 - Focal adhesion","04510","ITGA7",-1.20900196717365,NA,"down","not tested",FALSE
"KEGG 04510 - Focal adhesion","04510","ITGA9",-0.649133478550736,NA,"down","not tested",FALSE
"KEGG 04510 - Focal adhesion","04510","ITGAV",0.0577065718079657,-1.28940294927404,"up","down",FALSE
"KEGG 04510 - Focal adhesion","04510","ITGB5",-0.0366633472226968,1.36829929221362,"down","up",FALSE
"KEGG 04510 - Focal adhesion","04510","ITGB6",1.94283874043184,NA,"up","not tested",FALSE
"KEGG 04510 - Focal adhesion","04510","ITGB7",0.625135124136869,NA,"up","not tested",FALSE
"KEGG 04510 - Focal adhesion","04510","ITGB8",0.0643958201514112,NA,"up","not tested",FALSE
"KEGG 04510 - Focal adhesion","04510","JUN",0.585516619077403,NA,"up","not tested",FALSE
"KEGG 04510 - Focal adhesion","04510","KDR",-0.300777822447083,NA,"down","not tested",FALSE
"KEGG 04510 - Focal adhesion","04510","LAMA2",-0.0680948805475187,NA,"down","not tested",FALSE
"KEGG 04510 - Focal adhesion","04510","LAMA4",-0.633311748430674,NA,"down","not tested",FALSE
"KEGG 04510 - Focal adhesion","04510","LAMA5",0.00838589273896824,NA,"up","not tested",FALSE
"KEGG 04510 - Focal adhesion","04510","LAMB1",-0.297220595541624,NA,"down","not tested",FALSE
"KEGG 04510 - Focal adhesion","04510","LAMB2",-0.232040763504612,1.29831965300666,"down","up",FALSE
"KEGG 04510 - Focal adhesion","04510","LAMB3",1.30500709939278,NA,"up","not tested",FALSE
"KEGG 04510 - Focal adhesion","04510","LAMC1",-0.228148211367765,NA,"down","not tested",FALSE
"KEGG 04510 - Focal adhesion","04510","LAMC2",1.512788301552,NA,"up","not tested",FALSE
"KEGG 04510 - Focal adhesion","04510","MYL5",0.178592789889697,NA,"up","not tested",FALSE
"KEGG 04510 - Focal adhesion","04510","MYLK",-1.06140943214954,2.66323833198202,"down","up",FALSE
"KEGG 04510 - Focal adhesion","04510","PAK1",0.10035739606245,NA,"up","not tested",FALSE
"KEGG 04510 - Focal adhesion","04510","PAK3",-0.318424436541789,NA,"down","not tested",FALSE
"KEGG 04510 - Focal adhesion","04510","PDGFB",-0.686066203790408,NA,"down","not tested",FALSE
"KEGG 04510 - Focal adhesion","04510","PDGFRA",-0.0961114747434455,NA,"down","not tested",FALSE
"KEGG 04510 - Focal adhesion","04510","PDGFRB",-0.196804323900756,NA,"down","not tested",FALSE
"KEGG 04510 - Focal adhesion","04510","PDPK1",0.169908385745069,-1.85175999336593,"up","down",FALSE
"KEGG 04510 - Focal adhesion","04510","PGF",-0.369167870060157,NA,"down","not tested",FALSE
"KEGG 04510 - Focal adhesion","04510","PIK3CA",-0.292465058782002,2.16725344739775,"down","up",FALSE
"KEGG 04510 - Focal adhesion","04510","PIK3CB",0.0186415406352155,NA,"up","not tested",FALSE
"KEGG 04510 - Focal adhesion","04510","PIK3CD",-0.119354345092164,NA,"down","not tested",FALSE
"KEGG 04510 - Focal adhesion","04510","PIK3CG",-0.558610658238295,NA,"down","not tested",FALSE
"KEGG 04510 - Focal adhesion","04510","PIK3R2",0.612479238252084,NA,"up","not tested",FALSE
"KEGG 04510 - Focal adhesion","04510","PPP1CB",-0.04366048675891,NA,"down","not tested",FALSE
"KEGG 04510 - Focal adhesion","04510","PPP1CC",-0.0052900910279754,NA,"down","not tested",FALSE
"KEGG 04510 - Focal adhesion","04510","PRKCA",-0.262899587415656,NA,"down","not tested",FALSE
"KEGG 04510 - Focal adhesion","04510","PRKCB",-1.64673753813544,1.80667327313173,"down","up",FALSE
"KEGG 04510 - Focal adhesion","04510","PRKCG",1.66429417300741,NA,"up","not tested",FALSE
"KEGG 04510 - Focal adhesion","04510","MAPK1",-0.0338044566664251,1.97690167713987,"down","up",FALSE
"KEGG 04510 - Focal adhesion","04510","MAPK8",-0.149097805901856,NA,"down","not tested",FALSE
"KEGG 04510 - Focal adhesion","04510","MAPK9",-0.209751503048359,NA,"down","not tested",FALSE
"KEGG 04510 - Focal adhesion","04510","MAPK10",0.0228638403439618,-1.03501447109123,"up","down",FALSE
"KEGG 04510 - Focal adhesion","04510","MAP2K1",0.159792550929499,-1.17312314697461,"up","down",FALSE
"KEGG 04510 - Focal adhesion","04510","RELN",-0.477338366584277,1.67824132166377,"down","up",FALSE
"KEGG 04510 - Focal adhesion","04510","PTEN",-0.145126317076842,1.46668897646751,"down","up",FALSE
"KEGG 04510 - Focal adhesion","04510","PTK2",-0.237590995731217,NA,"down","not tested",FALSE
"KEGG 04510 - Focal adhesion","04510","PXN",-0.218225874688607,NA,"down","not tested",FALSE
"KEGG 04510 - Focal adhesion","04510","RAC2",0.00760888524262854,-1.01900804433184,"up","down",FALSE
"KEGG 04510 - Focal adhesion","04510","RAC3",0.459342329806757,NA,"up","not tested",FALSE
"KEGG 04510 - Focal adhesion","04510","RAF1",0.103071345288305,NA,"up","not tested",FALSE
"KEGG 04510 - Focal adhesion","04510","RAP1B",-0.0152209616989009,NA,"down","not tested",FALSE
"KEGG 04510 - Focal adhesion","04510","RASGRF1",-0.310028059379293,1.27717351642697,"down","up",FALSE
"KEGG 04510 - Focal adhesion","04510","SHC1",0.194586923313778,-4.4798782637425,"up","down",FALSE
"KEGG 04510 - Focal adhesion","04510","SOS1",-0.390103217181705,NA,"down","not tested",FALSE
"KEGG 04510 - Focal adhesion","04510","SOS2",-0.217669885022165,NA,"down","not tested",FALSE
"KEGG 04510 - Focal adhesion","04510","SRC",0.622191068694645,NA,"up","not tested",FALSE
"KEGG 04510 - Focal adhesion","04510","THBS1",0.411657314008555,NA,"up","not tested",FALSE
"KEGG 04510 - Focal adhesion","04510","THBS3",0.170244496570781,NA,"up","not tested",FALSE
"KEGG 04510 - Focal adhesion","04510","THBS4",0.397898125380064,-1.34387952777367,"up","down",FALSE
"KEGG 04510 - Focal adhesion","04510","TLN1",-0.553284315963521,NA,"down","not tested",FALSE
"KEGG 04510 - Focal adhesion","04510","TNR",0.177660514345088,NA,"up","not tested",FALSE
"KEGG 04510 - Focal adhesion","04510","TNXB",0.353228337278519,NA,"up","not tested",FALSE
"KEGG 04510 - Focal adhesion","04510","VASP",-0.0750839603649578,NA,"down","not tested",FALSE
"KEGG 04510 - Focal adhesion","04510","VAV2",0.0844966084312344,NA,"up","not tested",FALSE
"KEGG 04510 - Focal adhesion","04510","VCL",-0.480134398447019,NA,"down","not tested",FALSE
"KEGG 04510 - Focal adhesion","04510","VEGFB",-0.448550046204309,NA,"down","not tested",FALSE
"KEGG 04510 - Focal adhesion","04510","VEGFC",-0.290809551298318,NA,"down","not tested",FALSE
"KEGG 04510 - Focal adhesion","04510","VTN",0.118352724653258,NA,"up","not tested",FALSE
"KEGG 04510 - Focal adhesion","04510","VWF",-0.887313103601309,NA,"down","not tested",FALSE
"KEGG 04510 - Focal adhesion","04510","ZYX",-0.356275854239192,NA,"down","not tested",FALSE
"KEGG 04510 - Focal adhesion","04510","PIK3R3",-0.694535664653615,NA,"down","not tested",FALSE
"KEGG 04510 - Focal adhesion","04510","ITGA10",-0.617291521068824,2.28452710322757,"down","up",FALSE
"KEGG 04510 - Focal adhesion","04510","ITGA8",-1.29282080553306,NA,"down","not tested",FALSE
"KEGG 04510 - Focal adhesion","04510","ROCK2",-0.493387259190501,NA,"down","not tested",FALSE
"KEGG 04510 - Focal adhesion","04510","BCAR1",0.375292623059518,-1.79374496896272,"up","down",FALSE
"KEGG 04510 - Focal adhesion","04510","PAK4",0.422971352043199,-1.82417815194499,"up","down",FALSE
"KEGG 04510 - Focal adhesion","04510","LAMC3",0.617889001482962,NA,"up","not tested",FALSE
"KEGG 04510 - Focal adhesion","04510","MYL9",-1.543739208768,NA,"down","not tested",FALSE
"KEGG 04510 - Focal adhesion","04510","MYL12A",-0.190295592893043,NA,"down","not tested",FALSE
"KEGG 04510 - Focal adhesion","04510","LAMB4",-0.170234095065145,2.00801369373881,"down","up",FALSE
"KEGG 04510 - Focal adhesion","04510","PIK3R5",0.26124873836644,NA,"up","not tested",FALSE
"KEGG 04510 - Focal adhesion","04510","SHC2",-0.837778437427961,1.70746612776529,"down","up",FALSE
"KEGG 04510 - Focal adhesion","04510","PARVB",0.0323516431441852,NA,"up","not tested",FALSE
"KEGG 04510 - Focal adhesion","04510","COL5A3",0.0535025992942812,NA,"up","not tested",FALSE
"KEGG 04510 - Focal adhesion","04510","PARVA",-0.541201671839713,NA,"down","not tested",FALSE
"KEGG 04510 - Focal adhesion","04510","PDGFC",-0.535123007127154,NA,"down","not tested",FALSE
"KEGG 04510 - Focal adhesion","04510","PAK6",1.96945243720628,NA,"up","not tested",FALSE
"KEGG 04510 - Focal adhesion","04510","PAK5",0.133096566538373,NA,"up","not tested",FALSE
"KEGG 04510 - Focal adhesion","04510","MYL7",NA,-1.148706703554,"not tested","down",FALSE
"KEGG 04510 - Focal adhesion","04510","TNN",1.25770074136286,NA,"up","not tested",FALSE
"KEGG 04510 - Focal adhesion","04510","PARVG",-0.567333330335263,NA,"down","not tested",FALSE
"KEGG 04510 - Focal adhesion","04510","PDGFD",-0.157990368766299,NA,"down","not tested",FALSE
"KEGG 04510 - Focal adhesion","04510","TLN2",-0.197796551941973,NA,"down","not tested",FALSE
"KEGG 04510 - Focal adhesion","04510","MYLK2",NA,-6.77362686667328,"not tested","down",FALSE
"KEGG 04510 - Focal adhesion","04510","MYLK3",0.105088874528857,NA,"up","not tested",FALSE
"KEGG 04510 - Focal adhesion","04510","COL6A6",-0.431322194522699,NA,"down","not tested",FALSE
"KEGG 04510 - Focal adhesion","04510","LAMA1",-0.0311047057798231,NA,"down","not tested",FALSE
"KEGG 04510 - Focal adhesion","04510","SHC4",-1.33611887463396,NA,"down","not tested",FALSE
"KEGG 04512 - ECM-receptor interaction","04512","FN1",-0.76612548527257,-2.05040006962763,"down","down",TRUE
"KEGG 04512 - ECM-receptor interaction","04512","ITGA2",0.727848322844804,1.1198787729483,"up","up",TRUE
"KEGG 04512 - ECM-receptor interaction","04512","ITGB1",-0.525751721218799,-2.33559487236819,"down","down",TRUE
"KEGG 04512 - ECM-receptor interaction","04512","ITGB3",-0.442001601580837,-2.44944289048112,"down","down",TRUE
"KEGG 04512 - ECM-receptor interaction","04512","ITGB4",0.33098228160283,1.03792700448849,"up","up",TRUE
"KEGG 04512 - ECM-receptor interaction","04512","LAMA3",-0.16889998786966,-1.54158095114355,"down","down",TRUE
"KEGG 04512 - ECM-receptor interaction","04512","SPP1",-0.490491829624668,-3.54967419735801,"down","down",TRUE
"KEGG 04512 - ECM-receptor interaction","04512","THBS2",0.24971233789314,1.35697334676119,"up","up",TRUE
"KEGG 04512 - ECM-receptor interaction","04512","ITGA11",-0.15616932176465,-1.9877046117932,"down","down",TRUE
"KEGG 04512 - ECM-receptor interaction","04512","CD36",-0.498956882890908,3.30436466216666,"down","up",FALSE
"KEGG 04512 - ECM-receptor interaction","04512","CD44",0.0682999990183638,-1.66111748431933,"up","down",FALSE
"KEGG 04512 - ECM-receptor interaction","04512","CD47",-0.24940446714133,NA,"down","not tested",FALSE
"KEGG 04512 - ECM-receptor interaction","04512","CHAD",-0.070544996217856,NA,"down","not tested",FALSE
"KEGG 04512 - ECM-receptor interaction","04512","COL1A1",0.641598967553975,NA,"up","not tested",FALSE
"KEGG 04512 - ECM-receptor interaction","04512","COL1A2",0.268912722262256,-1.50800648203345,"up","down",FALSE
"KEGG 04512 - ECM-receptor interaction","04512","COL2A1",0.655011582448966,NA,"up","not tested",FALSE
"KEGG 04512 - ECM-receptor interaction","04512","COL3A1",0.886585877741564,NA,"up","not tested",FALSE
"KEGG 04512 - ECM-receptor interaction","04512","COL4A1",-0.510626813337199,NA,"down","not tested",FALSE
"KEGG 04512 - ECM-receptor interaction","04512","COL4A2",-0.604558557082742,NA,"down","not tested",FALSE
"KEGG 04512 - ECM-receptor interaction","04512","COL4A4",-0.145888376487922,NA,"down","not tested",FALSE
"KEGG 04512 - ECM-receptor interaction","04512","COL4A5",-0.511986642570289,NA,"down","not tested",FALSE
"KEGG 04512 - ECM-receptor interaction","04512","COL4A6",-0.747491550369671,NA,"down","not tested",FALSE
"KEGG 04512 - ECM-receptor interaction","04512","COL5A1",0.343770729991352,NA,"up","not tested",FALSE
"KEGG 04512 - ECM-receptor interaction","04512","COL5A2",0.419442217832338,NA,"up","not tested",FALSE
"KEGG 04512 - ECM-receptor interaction","04512","COL6A1",0.322201512279246,NA,"up","not tested",FALSE
"KEGG 04512 - ECM-receptor interaction","04512","COL6A2",0.00240591080361738,NA,"up","not tested",FALSE
"KEGG 04512 - ECM-receptor interaction","04512","COL6A3",0.225985080030642,NA,"up","not tested",FALSE
"KEGG 04512 - ECM-receptor interaction","04512","COL11A1",0.229639919327726,NA,"up","not tested",FALSE
"KEGG 04512 - ECM-receptor interaction","04512","COL11A2",0.0710828752751061,-1.18562383505373,"up","down",FALSE
"KEGG 04512 - ECM-receptor interaction","04512","COMP",3.13159338291252,NA,"up","not tested",FALSE
"KEGG 04512 - ECM-receptor interaction","04512","DAG1",0.112432774685795,-2.69701580530291,"up","down",FALSE
"KEGG 04512 - ECM-receptor interaction","04512","GP1BA",-0.107776414888703,NA,"down","not tested",FALSE
"KEGG 04512 - ECM-receptor interaction","04512","GP1BB",0.360268274725637,NA,"up","not tested",FALSE
"KEGG 04512 - ECM-receptor interaction","04512","GP5",0.223057585527934,NA,"up","not tested",FALSE
"KEGG 04512 - ECM-receptor interaction","04512","HMMR",0.464762028178131,NA,"up","not tested",FALSE
"KEGG 04512 - ECM-receptor interaction","04512","HSPG2",-0.244084219041747,NA,"down","not tested",FALSE
"KEGG 04512 - ECM-receptor interaction","04512","TNC",0.399859615613725,NA,"up","not tested",FALSE
"KEGG 04512 - ECM-receptor interaction","04512","ITGA6",0.227400655990325,NA,"up","not tested",FALSE
"KEGG 04512 - ECM-receptor interaction","04512","ITGA1",-1.39610062716044,NA,"down","not tested",FALSE
"KEGG 04512 - ECM-receptor interaction","04512","ITGA2B",-0.174004530924267,NA,"down","not tested",FALSE
"KEGG 04512 - ECM-receptor interaction","04512","ITGA3",0.208672426453414,NA,"up","not tested",FALSE
"KEGG 04512 - ECM-receptor interaction","04512","ITGA4",0.233559321549807,NA,"up","not tested",FALSE
"KEGG 04512 - ECM-receptor interaction","04512","ITGA5",-0.264338367084849,NA,"down","not tested",FALSE
"KEGG 04512 - ECM-receptor interaction","04512","ITGA7",-1.20900196717365,NA,"down","not tested",FALSE
"KEGG 04512 - ECM-receptor interaction","04512","ITGA9",-0.649133478550736,NA,"down","not tested",FALSE
"KEGG 04512 - ECM-receptor interaction","04512","ITGAV",0.0577065718079657,-1.28940294927404,"up","down",FALSE
"KEGG 04512 - ECM-receptor interaction","04512","ITGB5",-0.0366633472226968,1.36829929221362,"down","up",FALSE
"KEGG 04512 - ECM-receptor interaction","04512","ITGB6",1.94283874043184,NA,"up","not tested",FALSE
"KEGG 04512 - ECM-receptor interaction","04512","ITGB7",0.625135124136869,NA,"up","not tested",FALSE
"KEGG 04512 - ECM-receptor interaction","04512","ITGB8",0.0643958201514112,NA,"up","not tested",FALSE
"KEGG 04512 - ECM-receptor interaction","04512","LAMA2",-0.0680948805475187,NA,"down","not tested",FALSE
"KEGG 04512 - ECM-receptor interaction","04512","LAMA4",-0.633311748430674,NA,"down","not tested",FALSE
"KEGG 04512 - ECM-receptor interaction","04512","LAMA5",0.00838589273896824,NA,"up","not tested",FALSE
"KEGG 04512 - ECM-receptor interaction","04512","LAMB1",-0.297220595541624,NA,"down","not tested",FALSE
"KEGG 04512 - ECM-receptor interaction","04512","LAMB2",-0.232040763504612,1.29831965300666,"down","up",FALSE
"KEGG 04512 - ECM-receptor interaction","04512","LAMB3",1.30500709939278,NA,"up","not tested",FALSE
"KEGG 04512 - ECM-receptor interaction","04512","LAMC1",-0.228148211367765,NA,"down","not tested",FALSE
"KEGG 04512 - ECM-receptor interaction","04512","LAMC2",1.512788301552,NA,"up","not tested",FALSE
"KEGG 04512 - ECM-receptor interaction","04512","RELN",-0.477338366584277,1.67824132166377,"down","up",FALSE
"KEGG 04512 - ECM-receptor interaction","04512","SDC1",1.75764966634409,NA,"up","not tested",FALSE
"KEGG 04512 - ECM-receptor interaction","04512","SDC2",-0.32111214654901,NA,"down","not tested",FALSE
"KEGG 04512 - ECM-receptor interaction","04512","SDC4",0.845038106040882,NA,"up","not tested",FALSE
"KEGG 04512 - ECM-receptor interaction","04512","THBS1",0.411657314008555,NA,"up","not tested",FALSE
"KEGG 04512 - ECM-receptor interaction","04512","THBS3",0.170244496570781,NA,"up","not tested",FALSE
"KEGG 04512 - ECM-receptor interaction","04512","THBS4",0.397898125380064,-1.34387952777367,"up","down",FALSE
"KEGG 04512 - ECM-receptor interaction","04512","TNR",0.177660514345088,NA,"up","not tested",FALSE
"KEGG 04512 - ECM-receptor interaction","04512","TNXB",0.353228337278519,NA,"up","not tested",FALSE
"KEGG 04512 - ECM-receptor interaction","04512","VTN",0.118352724653258,NA,"up","not tested",FALSE
"KEGG 04512 - ECM-receptor interaction","04512","VWF",-0.887313103601309,NA,"down","not tested",FALSE
"KEGG 04512 - ECM-receptor interaction","04512","ITGA10",-0.617291521068824,2.28452710322757,"down","up",FALSE
"KEGG 04512 - ECM-receptor interaction","04512","ITGA8",-1.29282080553306,NA,"down","not tested",FALSE
"KEGG 04512 - ECM-receptor interaction","04512","SDC3",-0.144083348908691,NA,"down","not tested",FALSE
"KEGG 04512 - ECM-receptor interaction","04512","SV2B",0.0408634958827028,-1.82641445660253,"up","down",FALSE
"KEGG 04512 - ECM-receptor interaction","04512","SV2A",-0.101038680693844,NA,"down","not tested",FALSE
"KEGG 04512 - ECM-receptor interaction","04512","LAMC3",0.617889001482962,NA,"up","not tested",FALSE
"KEGG 04512 - ECM-receptor interaction","04512","LAMB4",-0.170234095065145,2.00801369373881,"down","up",FALSE
"KEGG 04512 - ECM-receptor interaction","04512","SV2C",0.326064328572315,NA,"up","not tested",FALSE
"KEGG 04512 - ECM-receptor interaction","04512","COL5A3",0.0535025992942812,NA,"up","not tested",FALSE
"KEGG 04512 - ECM-receptor interaction","04512","GP6",0.176264815864995,NA,"up","not tested",FALSE
"KEGG 04512 - ECM-receptor interaction","04512","TNN",1.25770074136286,NA,"up","not tested",FALSE
"KEGG 04512 - ECM-receptor interaction","04512","COL6A6",-0.431322194522699,NA,"down","not tested",FALSE
"KEGG 04512 - ECM-receptor interaction","04512","LAMA1",-0.0311047057798231,NA,"down","not tested",FALSE
"KEGG 04512 - ECM-receptor interaction","04512","AGRN",0.578754550467002,NA,"up","not tested",FALSE
"KEGG 04520 - Adherens junction","04520","ACTG1",0.630389385671944,4.40120543145397,"up","up",TRUE
"KEGG 04520 - Adherens junction","04520","RHOA",0.190846024962887,1.09016232916681,"up","up",TRUE
"KEGG 04520 - Adherens junction","04520","CDC42",0.0788138194415582,3.09604993744361,"up","up",TRUE
"KEGG 04520 - Adherens junction","04520","CREBBP",-0.238050185326248,-2.65483234198058,"down","down",TRUE
"KEGG 04520 - Adherens junction","04520","CSNK2B",0.123333789568502,2.25561484505775,"up","up",TRUE
"KEGG 04520 - Adherens junction","04520","CTNND1",0.559066353027295,1.90816987188127,"up","up",TRUE
"KEGG 04520 - Adherens junction","04520","MET",0.284799338075759,1.243485259673,"up","up",TRUE
"KEGG 04520 - Adherens junction","04520","MAPK3",0.16556224324137,1.16356275045493,"up","up",TRUE
"KEGG 04520 - Adherens junction","04520","RAC1",0.247136062567727,2.08728234032318,"up","up",TRUE
"KEGG 04520 - Adherens junction","04520","TGFBR2",-0.616487994750306,-3.0931357051586,"down","down",TRUE
"KEGG 04520 - Adherens junction","04520","TJP1",-0.179557458487509,-3.16334749900132,"down","down",TRUE
"KEGG 04520 - Adherens junction","04520","IQGAP1",-0.038961287282746,-2.10145960895308,"down","down",TRUE
"KEGG 04520 - Adherens junction","04520","SORBS1",-1.33416068633771,-1.60899082161744,"down","down",TRUE
"KEGG 04520 - Adherens junction","04520","WASF3",-0.499927251208644,-6.8551350995187,"down","down",TRUE
"KEGG 04520 - Adherens junction","04520","ACP1",-0.0193003025937025,1.83456985145916,"down","up",FALSE
"KEGG 04520 - Adherens junction","04520","ACTB",-0.0609051131725033,NA,"down","not tested",FALSE
"KEGG 04520 - Adherens junction","04520","ACTN4",-0.150176763110844,NA,"down","not tested",FALSE
"KEGG 04520 - Adherens junction","04520","ACTN1",-0.400161635443906,NA,"down","not tested",FALSE
"KEGG 04520 - Adherens junction","04520","ACTN2",-0.131804407998663,NA,"down","not tested",FALSE
"KEGG 04520 - Adherens junction","04520","ACTN3",0.208530035177347,NA,"up","not tested",FALSE
"KEGG 04520 - Adherens junction","04520","CDH1",1.9612670453021,-1.16220939167831,"up","down",FALSE
"KEGG 04520 - Adherens junction","04520","CSNK2A1",0.212209658433594,NA,"up","not tested",FALSE
"KEGG 04520 - Adherens junction","04520","CSNK2A2",0.0598468965008051,NA,"up","not tested",FALSE
"KEGG 04520 - Adherens junction","04520","CTNNA1",0.26615576923113,-1.74581734890842,"up","down",FALSE
"KEGG 04520 - Adherens junction","04520","CTNNA2",-0.149992236121751,NA,"down","not tested",FALSE
"KEGG 04520 - Adherens junction","04520","CTNNB1",-0.0281178183485121,NA,"down","not tested",FALSE
"KEGG 04520 - Adherens junction","04520","EGFR",0.603912753158947,-2.46724890439297,"up","down",FALSE
"KEGG 04520 - Adherens junction","04520","EP300",-0.101716372915669,NA,"down","not tested",FALSE
"KEGG 04520 - Adherens junction","04520","ERBB2",0.627645304377472,-4.51743833058297,"up","down",FALSE
"KEGG 04520 - Adherens junction","04520","FER",-0.13259805572445,NA,"down","not tested",FALSE
"KEGG 04520 - Adherens junction","04520","FGFR1",0.155646256383745,-2.86179062555759,"up","down",FALSE
"KEGG 04520 - Adherens junction","04520","FYN",-0.79322836509715,NA,"down","not tested",FALSE
"KEGG 04520 - Adherens junction","04520","IGF1R",0.179125489008907,NA,"up","not tested",FALSE
"KEGG 04520 - Adherens junction","04520","INSR",-0.00106349972719689,NA,"down","not tested",FALSE
"KEGG 04520 - Adherens junction","04520","LMO7",1.06253026856589,NA,"up","not tested",FALSE
"KEGG 04520 - Adherens junction","04520","SMAD2",-0.0579393557730776,NA,"down","not tested",FALSE
"KEGG 04520 - Adherens junction","04520","SMAD3",0.298035654195537,-1.34787425095502,"up","down",FALSE
"KEGG 04520 - Adherens junction","04520","SMAD4",-0.169731094823109,NA,"down","not tested",FALSE
"KEGG 04520 - Adherens junction","04520","AFDN",0.378861785202094,NA,"up","not tested",FALSE
"KEGG 04520 - Adherens junction","04520","MAPK1",-0.0338044566664251,1.97690167713987,"down","up",FALSE
"KEGG 04520 - Adherens junction","04520","PTPN1",0.458713335932768,-3.12767132741717,"up","down",FALSE
"KEGG 04520 - Adherens junction","04520","PTPN6",-0.368591861150274,NA,"down","not tested",FALSE
"KEGG 04520 - Adherens junction","04520","PTPRB",-0.536794601505224,NA,"down","not tested",FALSE
"KEGG 04520 - Adherens junction","04520","PTPRF",0.832854116190646,-1.9719614174676,"up","down",FALSE
"KEGG 04520 - Adherens junction","04520","PTPRJ",-0.101074668822561,NA,"down","not tested",FALSE
"KEGG 04520 - Adherens junction","04520","PTPRM",-0.588797250724944,NA,"down","not tested",FALSE
"KEGG 04520 - Adherens junction","04520","NECTIN1",2.01381304108716,NA,"up","not tested",FALSE
"KEGG 04520 - Adherens junction","04520","NECTIN2",0.556828891627945,NA,"up","not tested",FALSE
"KEGG 04520 - Adherens junction","04520","RAC2",0.00760888524262854,-1.01900804433184,"up","down",FALSE
"KEGG 04520 - Adherens junction","04520","RAC3",0.459342329806757,NA,"up","not tested",FALSE
"KEGG 04520 - Adherens junction","04520","SNAI2",-0.258886471105722,2.20277762164849,"down","up",FALSE
"KEGG 04520 - Adherens junction","04520","SNAI1",-0.388995498301271,1.29171971152149,"down","up",FALSE
"KEGG 04520 - Adherens junction","04520","SRC",0.622191068694645,NA,"up","not tested",FALSE
"KEGG 04520 - Adherens junction","04520","MAP3K7",-0.1131453325471,2.03749991721901,"down","up",FALSE
"KEGG 04520 - Adherens junction","04520","TCF7",0.533109582793078,NA,"up","not tested",FALSE
"KEGG 04520 - Adherens junction","04520","TCF7L2",-0.380570359181772,NA,"down","not tested",FALSE
"KEGG 04520 - Adherens junction","04520","TGFBR1",-0.252959864566175,1.24592950135062,"down","up",FALSE
"KEGG 04520 - Adherens junction","04520","VCL",-0.480134398447019,NA,"down","not tested",FALSE
"KEGG 04520 - Adherens junction","04520","WAS",-0.930891783258343,NA,"down","not tested",FALSE
"KEGG 04520 - Adherens junction","04520","YES1",0.208218093175902,NA,"up","not tested",FALSE
"KEGG 04520 - Adherens junction","04520","WASF1",-0.219986168348719,NA,"down","not tested",FALSE
"KEGG 04520 - Adherens junction","04520","WASL",-0.00431395774417773,NA,"down","not tested",FALSE
"KEGG 04520 - Adherens junction","04520","FARP2",0.127025914424878,NA,"up","not tested",FALSE
"KEGG 04520 - Adherens junction","04520","WASF2",0.185409392754508,NA,"up","not tested",FALSE
"KEGG 04520 - Adherens junction","04520","BAIAP2",0.923815750227066,NA,"up","not tested",FALSE
"KEGG 04520 - Adherens junction","04520","NECTIN3",-0.327472208949454,NA,"down","not tested",FALSE
"KEGG 04520 - Adherens junction","04520","CTNNA3",-0.643487918935984,NA,"down","not tested",FALSE
"KEGG 04520 - Adherens junction","04520","LEF1",-1.31357650796597,1.25242910248492,"down","up",FALSE
"KEGG 04520 - Adherens junction","04520","NLK",-0.151907617530345,NA,"down","not tested",FALSE
"KEGG 04520 - Adherens junction","04520","PARD3",0.187944704126984,NA,"up","not tested",FALSE
"KEGG 04520 - Adherens junction","04520","NECTIN4",1.95122012070357,NA,"up","not tested",FALSE
"KEGG 04520 - Adherens junction","04520","TCF7L1",-0.500026430478819,NA,"down","not tested",FALSE
"KEGG 04520 - Adherens junction","04520","SSX2IP",0.107942808592279,NA,"up","not tested",FALSE
"KEGG 04650","04650","ARAF",0.12378919688332,2.21335225921718,"up","up",TRUE
"KEGG 04650","04650","FCGR3A",-0.582527843702615,-1.92806099878589,"down","down",TRUE
"KEGG 04650","04650","HLA-A",-0.0873344645020876,-1.8265979880414,"down","down",TRUE
"KEGG 04650","04650","IFNAR1",-0.0181569989685068,-1.11719067608879,"down","down",TRUE
"KEGG 04650","04650","IFNGR2",0.26504820399483,2.44491599241216,"up","up",TRUE
"KEGG 04650","04650","NFATC4",-0.0615621548436502,-2.39131917220656,"down","down",TRUE
"KEGG 04650","04650","PIK3R1",-0.371238647785195,-1.1152241909132,"down","down",TRUE
"KEGG 04650","04650","MAPK3",0.16556224324137,1.16356275045493,"up","up",TRUE
"KEGG 04650","04650","PTPN11",-0.115604069694203,-2.14974263291933,"down","down",TRUE
"KEGG 04650","04650","RAC1",0.247136062567727,2.08728234032318,"up","up",TRUE
"KEGG 04650","04650","VAV1",-0.688958742827695,-1.19441073941812,"down","down",TRUE
"KEGG 04650","04650","ZAP70",-0.209991125950352,-2.13629630276437,"down","down",TRUE
"KEGG 04650","04650","TNFRSF10C",-0.861291561900811,-1.35150531036237,"down","down",TRUE
"KEGG 04650","04650","VAV3",0.462194105829979,2.69327404181806,"up","up",TRUE
"KEGG 04650","04650","NFAT5",-0.0643426436362962,-1.7608989709041,"down","down",TRUE
"KEGG 04650","04650","SHC3",-0.0950379124382989,-1.10051046173648,"down","down",TRUE
"KEGG 04650","04650","FAS",-0.137977584643987,NA,"down","not tested",FALSE
"KEGG 04650","04650","FASLG",-0.418196854701523,NA,"down","not tested",FALSE
"KEGG 04650","04650","BID",-0.0651053171670049,NA,"down","not tested",FALSE
"KEGG 04650","04650","BRAF",-0.0898362514005706,NA,"down","not tested",FALSE
"KEGG 04650","04650","CASP3",-0.031612223378603,NA,"down","not tested",FALSE
"KEGG 04650","04650","CD247",-0.549596380124093,1.39055725078584,"down","up",FALSE
"KEGG 04650","04650","CD48",0.146361266548635,NA,"up","not tested",FALSE
"KEGG 04650","04650","PTK2B",-0.634811440384952,NA,"down","not tested",FALSE
"KEGG 04650","04650","FCER1G",-0.351765302216832,1.84679095080686,"down","up",FALSE
"KEGG 04650","04650","FCGR3B",-0.00570119889437764,NA,"down","not tested",FALSE
"KEGG 04650","04650","FYN",-0.79322836509715,NA,"down","not tested",FALSE
"KEGG 04650","04650","GRB2",0.156471744460999,-2.19940678599544,"up","down",FALSE
"KEGG 04650","04650","GZMB",-0.651439274087601,NA,"down","not tested",FALSE
"KEGG 04650","04650","HLA-B",-0.31269366087167,NA,"down","not tested",FALSE
"KEGG 04650","04650","HLA-C",-0.140344446200468,NA,"down","not tested",FALSE
"KEGG 04650","04650","HLA-E",-0.0605634802714871,NA,"down","not tested",FALSE
"KEGG 04650","04650","HLA-G",0.673201648187844,NA,"up","not tested",FALSE
"KEGG 04650","04650","HRAS",0.888058289083542,NA,"up","not tested",FALSE
"KEGG 04650","04650","ICAM1",1.27203201225848,NA,"up","not tested",FALSE
"KEGG 04650","04650","ICAM2",-0.539043367982214,2.73282287537134,"down","up",FALSE
"KEGG 04650","04650","IFNAR2",-0.0508697442453142,NA,"down","not tested",FALSE
"KEGG 04650","04650","IFNGR1",-0.144820695584031,NA,"down","not tested",FALSE
"KEGG 04650","04650","ITGAL",-0.352948752087046,NA,"down","not tested",FALSE
"KEGG 04650","04650","ITGB2",0.171151444587923,NA,"up","not tested",FALSE
"KEGG 04650","04650","KIR2DL3",NA,-3.87410403053409,"not tested","down",FALSE
"KEGG 04650","04650","KIR3DL2",NA,-1.52451883545446,"not tested","down",FALSE
"KEGG 04650","04650","KLRC1",-1.21426330491492,NA,"down","not tested",FALSE
"KEGG 04650","04650","KLRC2",NA,1.14076746749216,"not tested","up",FALSE
"KEGG 04650","04650","KLRC3",NA,1.92604949439133,"not tested","up",FALSE
"KEGG 04650","04650","KLRD1",-0.453473235668495,2.23890428773904,"down","up",FALSE
"KEGG 04650","04650","KRAS",0.218804297116375,NA,"up","not tested",FALSE
"KEGG 04650","04650","LCK",-0.345533479596313,NA,"down","not tested",FALSE
"KEGG 04650","04650","LCP2",-0.0745450573026691,3.51966432969551,"down","up",FALSE
"KEGG 04650","04650","SH2D1A",-0.166122412961996,1.81982025106955,"down","up",FALSE
"KEGG 04650","04650","MICB",-0.0201258336594054,NA,"down","not tested",FALSE
"KEGG 04650","04650","NFATC1",0.307478796221955,-2.11135691729422,"up","down",FALSE
"KEGG 04650","04650","NFATC2",0.798307815125388,-2.70062306193259,"up","down",FALSE
"KEGG 04650","04650","NFATC3",-0.189040667422597,1.02231269658602,"down","up",FALSE
"KEGG 04650","04650","NRAS",0.342741545496188,NA,"up","not tested",FALSE
"KEGG 04650","04650","PAK1",0.10035739606245,NA,"up","not tested",FALSE
"KEGG 04650","04650","PIK3CA",-0.292465058782002,2.16725344739775,"down","up",FALSE
"KEGG 04650","04650","PIK3CB",0.0186415406352155,NA,"up","not tested",FALSE
"KEGG 04650","04650","PIK3CD",-0.119354345092164,NA,"down","not tested",FALSE
"KEGG 04650","04650","PIK3CG",-0.558610658238295,NA,"down","not tested",FALSE
"KEGG 04650","04650","PIK3R2",0.612479238252084,NA,"up","not tested",FALSE
"KEGG 04650","04650","PLCG1",-0.277544086534754,NA,"down","not tested",FALSE
"KEGG 04650","04650","PLCG2",-0.630736680614097,NA,"down","not tested",FALSE
"KEGG 04650","04650","PPP3CA",0.0396652714300027,NA,"up","not tested",FALSE
"KEGG 04650","04650","PPP3CB",-0.320860685451809,NA,"down","not tested",FALSE
"KEGG 04650","04650","PPP3CC",-0.356649233066652,NA,"down","not tested",FALSE
"KEGG 04650","04650","PPP3R1",-0.0778683071376071,NA,"down","not tested",FALSE
"KEGG 04650","04650","PRF1",-0.589230305543696,NA,"down","not tested",FALSE
"KEGG 04650","04650","PRKCA",-0.262899587415656,NA,"down","not tested",FALSE
"KEGG 04650","04650","PRKCB",-1.64673753813544,1.80667327313173,"down","up",FALSE
"KEGG 04650","04650","PRKCG",1.66429417300741,NA,"up","not tested",FALSE
"KEGG 04650","04650","MAPK1",-0.0338044566664251,1.97690167713987,"down","up",FALSE
"KEGG 04650","04650","MAP2K1",0.159792550929499,-1.17312314697461,"up","down",FALSE
"KEGG 04650","04650","MAP2K2",0.256570899956579,NA,"up","not tested",FALSE
"KEGG 04650","04650","PTPN6",-0.368591861150274,NA,"down","not tested",FALSE
"KEGG 04650","04650","RAC2",0.00760888524262854,-1.01900804433184,"up","down",FALSE
"KEGG 04650","04650","RAC3",0.459342329806757,NA,"up","not tested",FALSE
"KEGG 04650","04650","RAF1",0.103071345288305,NA,"up","not tested",FALSE
"KEGG 04650","04650","SH3BP2",0.278825739669075,NA,"up","not tested",FALSE
"KEGG 04650","04650","SHC1",0.194586923313778,-4.4798782637425,"up","down",FALSE
"KEGG 04650","04650","SOS1",-0.390103217181705,NA,"down","not tested",FALSE
"KEGG 04650","04650","SOS2",-0.217669885022165,NA,"down","not tested",FALSE
"KEGG 04650","04650","SYK",0.59830230276048,-5.6395216660745,"up","down",FALSE
"KEGG 04650","04650","TNF",-0.0177169375557411,NA,"down","not tested",FALSE
"KEGG 04650","04650","TYROBP",-0.0369591860907491,NA,"down","not tested",FALSE
"KEGG 04650","04650","VAV2",0.0844966084312344,NA,"up","not tested",FALSE
"KEGG 04650","04650","PIK3R3",-0.694535664653615,NA,"down","not tested",FALSE
"KEGG 04650","04650","TNFSF10",0.316749586422271,NA,"up","not tested",FALSE
"KEGG 04650","04650","TNFRSF10D",0.402664125702614,NA,"up","not tested",FALSE
"KEGG 04650","04650","TNFRSF10B",0.610776883290938,NA,"up","not tested",FALSE
"KEGG 04650","04650","TNFRSF10A",0.688162236654647,-1.7960244658077,"up","down",FALSE
"KEGG 04650","04650","NCR1",NA,-1.77657180875575,"not tested","down",FALSE
"KEGG 04650","04650","HCST",-0.588925365865273,2.92065246179003,"down","up",FALSE
"KEGG 04650","04650","CHP1",0.696008902085899,NA,"up","not tested",FALSE
"KEGG 04650","04650","KLRK1",-0.318824128010651,2.21209480557439,"down","up",FALSE
"KEGG 04650","04650","PIK3R5",0.26124873836644,NA,"up","not tested",FALSE
"KEGG 04650","04650","SHC2",-0.837778437427961,1.70746612776529,"down","up",FALSE
"KEGG 04650","04650","LAT",-0.704811337218056,1.13935266016948,"down","up",FALSE
"KEGG 04650","04650","CD244",-0.0655997437239603,1.16578385086442,"down","up",FALSE
"KEGG 04650","04650","CHP2",1.52796218580999,NA,"up","not tested",FALSE
"KEGG 04650","04650","ULBP3",1.64219067666342,NA,"up","not tested",FALSE
"KEGG 04650","04650","ULBP2",1.20391030275515,NA,"up","not tested",FALSE
"KEGG 04650","04650","ULBP1",0.750874777919856,NA,"up","not tested",FALSE
"KEGG 04650","04650","RAET1E",1.75561372734404,NA,"up","not tested",FALSE
"KEGG 04650","04650","RAET1L",NA,1.50978901245177,"not tested","up",FALSE
"KEGG 04650","04650","NCR3",-0.382510479941824,NA,"down","not tested",FALSE
"KEGG 04650","04650","RAET1G",1.10435320606155,NA,"up","not tested",FALSE
"KEGG 04650","04650","SHC4",-1.33611887463396,NA,"down","not tested",FALSE
"KEGG 04660 - T cell receptor signaling pathway","04660","RHOA",0.190846024962887,1.09016232916681,"up","up",TRUE
"KEGG 04660 - T cell receptor signaling pathway","04660","CBL",-0.261247818576664,-2.15194497330463,"down","down",TRUE
"KEGG 04660 - T cell receptor signaling pathway","04660","CDC42",0.0788138194415582,3.09604993744361,"up","up",TRUE
"KEGG 04660 - T cell receptor signaling pathway","04660","MAPK14",0.0837578614907466,1.39285922476682,"up","up",TRUE
"KEGG 04660 - T cell receptor signaling pathway","04660","NCK1",0.022400891397511,1.82959001372064,"up","up",TRUE
"KEGG 04660 - T cell receptor signaling pathway","04660","NFATC4",-0.0615621548436502,-2.39131917220656,"down","down",TRUE
"KEGG 04660 - T cell receptor signaling pathway","04660","PAK2",-0.00668132704136567,-2.59923080084976,"down","down",TRUE
"KEGG 04660 - T cell receptor signaling pathway","04660","PIK3R1",-0.371238647785195,-1.1152241909132,"down","down",TRUE
"KEGG 04660 - T cell receptor signaling pathway","04660","MAPK3",0.16556224324137,1.16356275045493,"up","up",TRUE
"KEGG 04660 - T cell receptor signaling pathway","04660","PTPRC",-0.17788844705558,-1.51161144139963,"down","down",TRUE
"KEGG 04660 - T cell receptor signaling pathway","04660","RELA",0.182143536203788,2.37808424478404,"up","up",TRUE
"KEGG 04660 - T cell receptor signaling pathway","04660","VAV1",-0.688958742827695,-1.19441073941812,"down","down",TRUE
"KEGG 04660 - T cell receptor signaling pathway","04660","ZAP70",-0.209991125950352,-2.13629630276437,"down","down",TRUE
"KEGG 04660 - T cell receptor signaling pathway","04660","IKBKG",0.177330858335407,1.15897640270372,"up","up",TRUE
"KEGG 04660 - T cell receptor signaling pathway","04660","AKT3",-0.527481649165405,-1.31700310884974,"down","down",TRUE
"KEGG 04660 - T cell receptor signaling pathway","04660","VAV3",0.462194105829979,2.69327404181806,"up","up",TRUE
"KEGG 04660 - T cell receptor signaling pathway","04660","NFAT5",-0.0643426436362962,-1.7608989709041,"down","down",TRUE
"KEGG 04660 - T cell receptor signaling pathway","04660","AKT1",0.115243504256945,NA,"up","not tested",FALSE
"KEGG 04660 - T cell receptor signaling pathway","04660","AKT2",0.290568647171472,NA,"up","not tested",FALSE
"KEGG 04660 - T cell receptor signaling pathway","04660","CBLB",-0.354533477731555,1.27092865555662,"down","up",FALSE
"KEGG 04660 - T cell receptor signaling pathway","04660","CD3D",-1.05002721619597,NA,"down","not tested",FALSE
"KEGG 04660 - T cell receptor signaling pathway","04660","CD3E",-0.312966036387027,NA,"down","not tested",FALSE
"KEGG 04660 - T cell receptor signaling pathway","04660","CD3G",0.384298497913294,NA,"up","not tested",FALSE
"KEGG 04660 - T cell receptor signaling pathway","04660","CD247",-0.549596380124093,1.39055725078584,"down","up",FALSE
"KEGG 04660 - T cell receptor signaling pathway","04660","CD4",-0.111714840816377,NA,"down","not tested",FALSE
"KEGG 04660 - T cell receptor signaling pathway","04660","CD8A",-0.42392430661902,1.67599175314945,"down","up",FALSE
"KEGG 04660 - T cell receptor signaling pathway","04660","CD8B",-0.255163770417642,1.66736117024766,"down","up",FALSE
"KEGG 04660 - T cell receptor signaling pathway","04660","CD28",-0.752156139290772,NA,"down","not tested",FALSE
"KEGG 04660 - T cell receptor signaling pathway","04660","CD40LG",-0.893918119897567,NA,"down","not tested",FALSE
"KEGG 04660 - T cell receptor signaling pathway","04660","CDK4",0.406163484893959,NA,"up","not tested",FALSE
"KEGG 04660 - T cell receptor signaling pathway","04660","CHUK",0.145653503190019,NA,"up","not tested",FALSE
"KEGG 04660 - T cell receptor signaling pathway","04660","MAP3K8",0.0355333953634469,NA,"up","not tested",FALSE
"KEGG 04660 - T cell receptor signaling pathway","04660","CTLA4",-0.499794381712189,NA,"down","not tested",FALSE
"KEGG 04660 - T cell receptor signaling pathway","04660","DLG1",0.201408878585755,NA,"up","not tested",FALSE
"KEGG 04660 - T cell receptor signaling pathway","04660","FOS",0.380852911373337,NA,"up","not tested",FALSE
"KEGG 04660 - T cell receptor signaling pathway","04660","FYN",-0.79322836509715,NA,"down","not tested",FALSE
"KEGG 04660 - T cell receptor signaling pathway","04660","GRB2",0.156471744460999,-2.19940678599544,"up","down",FALSE
"KEGG 04660 - T cell receptor signaling pathway","04660","GSK3B",0.0127706663306648,NA,"up","not tested",FALSE
"KEGG 04660 - T cell receptor signaling pathway","04660","HRAS",0.888058289083542,NA,"up","not tested",FALSE
"KEGG 04660 - T cell receptor signaling pathway","04660","IKBKB",-0.139938091629807,NA,"down","not tested",FALSE
"KEGG 04660 - T cell receptor signaling pathway","04660","IL5",-0.826389061878124,NA,"down","not tested",FALSE
"KEGG 04660 - T cell receptor signaling pathway","04660","IL10",NA,NA,"not tested","not tested",FALSE
"KEGG 04660 - T cell receptor signaling pathway","04660","ITK",-0.0122842740775032,NA,"down","not tested",FALSE
"KEGG 04660 - T cell receptor signaling pathway","04660","JUN",0.585516619077403,NA,"up","not tested",FALSE
"KEGG 04660 - T cell receptor signaling pathway","04660","KRAS",0.218804297116375,NA,"up","not tested",FALSE
"KEGG 04660 - T cell receptor signaling pathway","04660","LCK",-0.345533479596313,NA,"down","not tested",FALSE
"KEGG 04660 - T cell receptor signaling pathway","04660","LCP2",-0.0745450573026691,3.51966432969551,"down","up",FALSE
"KEGG 04660 - T cell receptor signaling pathway","04660","NFATC1",0.307478796221955,-2.11135691729422,"up","down",FALSE
"KEGG 04660 - T cell receptor signaling pathway","04660","NFATC2",0.798307815125388,-2.70062306193259,"up","down",FALSE
"KEGG 04660 - T cell receptor signaling pathway","04660","NFATC3",-0.189040667422597,1.02231269658602,"down","up",FALSE
"KEGG 04660 - T cell receptor signaling pathway","04660","NFKB1",0.0863243095230623,-1.02468888811248,"up","down",FALSE
"KEGG 04660 - T cell receptor signaling pathway","04660","NFKBIA",0.356867202382894,-3.0412489934487,"up","down",FALSE
"KEGG 04660 - T cell receptor signaling pathway","04660","NFKBIB",0.595989524206291,NA,"up","not tested",FALSE
"KEGG 04660 - T cell receptor signaling pathway","04660","NFKBIE",0.682295421265905,NA,"up","not tested",FALSE
"KEGG 04660 - T cell receptor signaling pathway","04660","NRAS",0.342741545496188,NA,"up","not tested",FALSE
"KEGG 04660 - T cell receptor signaling pathway","04660","PAK1",0.10035739606245,NA,"up","not tested",FALSE
"KEGG 04660 - T cell receptor signaling pathway","04660","PAK3",-0.318424436541789,NA,"down","not tested",FALSE
"KEGG 04660 - T cell receptor signaling pathway","04660","PDCD1",0.559735066885458,NA,"up","not tested",FALSE
"KEGG 04660 - T cell receptor signaling pathway","04660","PDK1",0.470054120134128,NA,"up","not tested",FALSE
"KEGG 04660 - T cell receptor signaling pathway","04660","PIK3CA",-0.292465058782002,2.16725344739775,"down","up",FALSE
"KEGG 04660 - T cell receptor signaling pathway","04660","PIK3CB",0.0186415406352155,NA,"up","not tested",FALSE
"KEGG 04660 - T cell receptor signaling pathway","04660","PIK3CD",-0.119354345092164,NA,"down","not tested",FALSE
"KEGG 04660 - T cell receptor signaling pathway","04660","PIK3CG",-0.558610658238295,NA,"down","not tested",FALSE
"KEGG 04660 - T cell receptor signaling pathway","04660","PIK3R2",0.612479238252084,NA,"up","not tested",FALSE
"KEGG 04660 - T cell receptor signaling pathway","04660","PLCG1",-0.277544086534754,NA,"down","not tested",FALSE
"KEGG 04660 - T cell receptor signaling pathway","04660","PPP3CA",0.0396652714300027,NA,"up","not tested",FALSE
"KEGG 04660 - T cell receptor signaling pathway","04660","PPP3CB",-0.320860685451809,NA,"down","not tested",FALSE
"KEGG 04660 - T cell receptor signaling pathway","04660","PPP3CC",-0.356649233066652,NA,"down","not tested",FALSE
"KEGG 04660 - T cell receptor signaling pathway","04660","PPP3R1",-0.0778683071376071,NA,"down","not tested",FALSE
"KEGG 04660 - T cell receptor signaling pathway","04660","PRKCQ",-0.172899099283792,NA,"down","not tested",FALSE
"KEGG 04660 - T cell receptor signaling pathway","04660","MAPK1",-0.0338044566664251,1.97690167713987,"down","up",FALSE
"KEGG 04660 - T cell receptor signaling pathway","04660","MAPK11",-0.011666132931642,1.37932984317879,"down","up",FALSE
"KEGG 04660 - T cell receptor signaling pathway","04660","MAPK9",-0.209751503048359,NA,"down","not tested",FALSE
"KEGG 04660 - T cell receptor signaling pathway","04660","MAPK13",1.55717688166108,NA,"up","not tested",FALSE
"KEGG 04660 - T cell receptor signaling pathway","04660","MAP2K1",0.159792550929499,-1.17312314697461,"up","down",FALSE
"KEGG 04660 - T cell receptor signaling pathway","04660","MAP2K2",0.256570899956579,NA,"up","not tested",FALSE
"KEGG 04660 - T cell receptor signaling pathway","04660","MAP2K7",0.160668099930208,NA,"up","not tested",FALSE
"KEGG 04660 - T cell receptor signaling pathway","04660","PTPN6",-0.368591861150274,NA,"down","not tested",FALSE
"KEGG 04660 - T cell receptor signaling pathway","04660","RAF1",0.103071345288305,NA,"up","not tested",FALSE
"KEGG 04660 - T cell receptor signaling pathway","04660","MAPK12",-0.331064562113596,NA,"down","not tested",FALSE
"KEGG 04660 - T cell receptor signaling pathway","04660","SOS1",-0.390103217181705,NA,"down","not tested",FALSE
"KEGG 04660 - T cell receptor signaling pathway","04660","SOS2",-0.217669885022165,NA,"down","not tested",FALSE
"KEGG 04660 - T cell receptor signaling pathway","04660","MAP3K7",-0.1131453325471,2.03749991721901,"down","up",FALSE
"KEGG 04660 - T cell receptor signaling pathway","04660","TEC",0.474586994888242,NA,"up","not tested",FALSE
"KEGG 04660 - T cell receptor signaling pathway","04660","TNF",-0.0177169375557411,NA,"down","not tested",FALSE
"KEGG 04660 - T cell receptor signaling pathway","04660","VAV2",0.0844966084312344,NA,"up","not tested",FALSE
"KEGG 04660 - T cell receptor signaling pathway","04660","NCK2",0.170440641921639,NA,"up","not tested",FALSE
"KEGG 04660 - T cell receptor signaling pathway","04660","PIK3R3",-0.694535664653615,NA,"down","not tested",FALSE
"KEGG 04660 - T cell receptor signaling pathway","04660","BCL10",0.476954333428138,NA,"up","not tested",FALSE
"KEGG 04660 - T cell receptor signaling pathway","04660","MAP3K14",0.370184397647745,NA,"up","not tested",FALSE
"KEGG 04660 - T cell receptor signaling pathway","04660","GRAP2",-0.011090679723478,1.34212392063372,"down","up",FALSE
"KEGG 04660 - T cell receptor signaling pathway","04660","RASGRP1",0.357418883317693,NA,"up","not tested",FALSE
"KEGG 04660 - T cell receptor signaling pathway","04660","PAK4",0.422971352043199,-1.82417815194499,"up","down",FALSE
"KEGG 04660 - T cell receptor signaling pathway","04660","MALT1",0.1119994175092,NA,"up","not tested",FALSE
"KEGG 04660 - T cell receptor signaling pathway","04660","CHP1",0.696008902085899,NA,"up","not tested",FALSE
"KEGG 04660 - T cell receptor signaling pathway","04660","PIK3R5",0.26124873836644,NA,"up","not tested",FALSE
"KEGG 04660 - T cell receptor signaling pathway","04660","CBLC",2.25143999159295,NA,"up","not tested",FALSE
"KEGG 04660 - T cell receptor signaling pathway","04660","LAT",-0.704811337218056,1.13935266016948,"down","up",FALSE
"KEGG 04660 - T cell receptor signaling pathway","04660","ICOS",-0.339531170511974,NA,"down","not tested",FALSE
"KEGG 04660 - T cell receptor signaling pathway","04660","PAK6",1.96945243720628,NA,"up","not tested",FALSE
"KEGG 04660 - T cell receptor signaling pathway","04660","PAK5",0.133096566538373,NA,"up","not tested",FALSE
"KEGG 04660 - T cell receptor signaling pathway","04660","CHP2",1.52796218580999,NA,"up","not tested",FALSE
"KEGG 04660 - T cell receptor signaling pathway","04660","CARD11",-0.476023093445491,NA,"down","not tested",FALSE
"KEGG 04662 - B cell receptor signaling pathway","04662","CD79B",-0.810686510741114,-1.05505401601514,"down","down",TRUE
"KEGG 04662 - B cell receptor signaling pathway","04662","FCGR2B",0.0140467086055977,1.45309562634009,"up","up",TRUE
"KEGG 04662 - B cell receptor signaling pathway","04662","LYN",-0.0671709816617267,-1.38441248016592,"down","down",TRUE
"KEGG 04662 - B cell receptor signaling pathway","04662","NFATC4",-0.0615621548436502,-2.39131917220656,"down","down",TRUE
"KEGG 04662 - B cell receptor signaling pathway","04662","PIK3R1",-0.371238647785195,-1.1152241909132,"down","down",TRUE
"KEGG 04662 - B cell receptor signaling pathway","04662","MAPK3",0.16556224324137,1.16356275045493,"up","up",TRUE
"KEGG 04662 - B cell receptor signaling pathway","04662","RAC1",0.247136062567727,2.08728234032318,"up","up",TRUE
"KEGG 04662 - B cell receptor signaling pathway","04662","RELA",0.182143536203788,2.37808424478404,"up","up",TRUE
"KEGG 04662 - B cell receptor signaling pathway","04662","VAV1",-0.688958742827695,-1.19441073941812,"down","down",TRUE
"KEGG 04662 - B cell receptor signaling pathway","04662","IKBKG",0.177330858335407,1.15897640270372,"up","up",TRUE
"KEGG 04662 - B cell receptor signaling pathway","04662","IFITM1",-0.330848666402312,-1.83183833653118,"down","down",TRUE
"KEGG 04662 - B cell receptor signaling pathway","04662","AKT3",-0.527481649165405,-1.31700310884974,"down","down",TRUE
"KEGG 04662 - B cell receptor signaling pathway","04662","VAV3",0.462194105829979,2.69327404181806,"up","up",TRUE
"KEGG 04662 - B cell receptor signaling pathway","04662","NFAT5",-0.0643426436362962,-1.7608989709041,"down","down",TRUE
"KEGG 04662 - B cell receptor signaling pathway","04662","RASGRP3",-0.133190342882282,-2.11277385008077,"down","down",TRUE
"KEGG 04662 - B cell receptor signaling pathway","04662","AKT1",0.115243504256945,NA,"up","not tested",FALSE
"KEGG 04662 - B cell receptor signaling pathway","04662","AKT2",0.290568647171472,NA,"up","not tested",FALSE
"KEGG 04662 - B cell receptor signaling pathway","04662","BTK",-0.0422671164689645,NA,"down","not tested",FALSE
"KEGG 04662 - B cell receptor signaling pathway","04662","CD19",-0.915028233739906,NA,"down","not tested",FALSE
"KEGG 04662 - B cell receptor signaling pathway","04662","CD22",-0.825827744220099,NA,"down","not tested",FALSE
"KEGG 04662 - B cell receptor signaling pathway","04662","CD72",-1.10267949089541,NA,"down","not tested",FALSE
"KEGG 04662 - B cell receptor signaling pathway","04662","CD79A",-0.563581393247309,NA,"down","not tested",FALSE
"KEGG 04662 - B cell receptor signaling pathway","04662","CD81",0.0912252815125472,NA,"up","not tested",FALSE
"KEGG 04662 - B cell receptor signaling pathway","04662","CHUK",0.145653503190019,NA,"up","not tested",FALSE
"KEGG 04662 - B cell receptor signaling pathway","04662","FOS",0.380852911373337,NA,"up","not tested",FALSE
"KEGG 04662 - B cell receptor signaling pathway","04662","GRB2",0.156471744460999,-2.19940678599544,"up","down",FALSE
"KEGG 04662 - B cell receptor signaling pathway","04662","GSK3B",0.0127706663306648,NA,"up","not tested",FALSE
"KEGG 04662 - B cell receptor signaling pathway","04662","HRAS",0.888058289083542,NA,"up","not tested",FALSE
"KEGG 04662 - B cell receptor signaling pathway","04662","IKBKB",-0.139938091629807,NA,"down","not tested",FALSE
"KEGG 04662 - B cell receptor signaling pathway","04662","INPP5D",-0.31074526249587,NA,"down","not tested",FALSE
"KEGG 04662 - B cell receptor signaling pathway","04662","JUN",0.585516619077403,NA,"up","not tested",FALSE
"KEGG 04662 - B cell receptor signaling pathway","04662","KRAS",0.218804297116375,NA,"up","not tested",FALSE
"KEGG 04662 - B cell receptor signaling pathway","04662","NFATC1",0.307478796221955,-2.11135691729422,"up","down",FALSE
"KEGG 04662 - B cell receptor signaling pathway","04662","NFATC2",0.798307815125388,-2.70062306193259,"up","down",FALSE
"KEGG 04662 - B cell receptor signaling pathway","04662","NFATC3",-0.189040667422597,1.02231269658602,"down","up",FALSE
"KEGG 04662 - B cell receptor signaling pathway","04662","NFKB1",0.0863243095230623,-1.02468888811248,"up","down",FALSE
"KEGG 04662 - B cell receptor signaling pathway","04662","NFKBIA",0.356867202382894,-3.0412489934487,"up","down",FALSE
"KEGG 04662 - B cell receptor signaling pathway","04662","NFKBIB",0.595989524206291,NA,"up","not tested",FALSE
"KEGG 04662 - B cell receptor signaling pathway","04662","NFKBIE",0.682295421265905,NA,"up","not tested",FALSE
"KEGG 04662 - B cell receptor signaling pathway","04662","NRAS",0.342741545496188,NA,"up","not tested",FALSE
"KEGG 04662 - B cell receptor signaling pathway","04662","PIK3CA",-0.292465058782002,2.16725344739775,"down","up",FALSE
"KEGG 04662 - B cell receptor signaling pathway","04662","PIK3CB",0.0186415406352155,NA,"up","not tested",FALSE
"KEGG 04662 - B cell receptor signaling pathway","04662","PIK3CD",-0.119354345092164,NA,"down","not tested",FALSE
"KEGG 04662 - B cell receptor signaling pathway","04662","PIK3CG",-0.558610658238295,NA,"down","not tested",FALSE
"KEGG 04662 - B cell receptor signaling pathway","04662","PIK3R2",0.612479238252084,NA,"up","not tested",FALSE
"KEGG 04662 - B cell receptor signaling pathway","04662","PLCG2",-0.630736680614097,NA,"down","not tested",FALSE
"KEGG 04662 - B cell receptor signaling pathway","04662","PPP3CA",0.0396652714300027,NA,"up","not tested",FALSE
"KEGG 04662 - B cell receptor signaling pathway","04662","PPP3CB",-0.320860685451809,NA,"down","not tested",FALSE
"KEGG 04662 - B cell receptor signaling pathway","04662","PPP3CC",-0.356649233066652,NA,"down","not tested",FALSE
"KEGG 04662 - B cell receptor signaling pathway","04662","PPP3R1",-0.0778683071376071,NA,"down","not tested",FALSE
"KEGG 04662 - B cell receptor signaling pathway","04662","PRKCB",-1.64673753813544,1.80667327313173,"down","up",FALSE
"KEGG 04662 - B cell receptor signaling pathway","04662","MAPK1",-0.0338044566664251,1.97690167713987,"down","up",FALSE
"KEGG 04662 - B cell receptor signaling pathway","04662","MAP2K1",0.159792550929499,-1.17312314697461,"up","down",FALSE
"KEGG 04662 - B cell receptor signaling pathway","04662","MAP2K2",0.256570899956579,NA,"up","not tested",FALSE
"KEGG 04662 - B cell receptor signaling pathway","04662","PTPN6",-0.368591861150274,NA,"down","not tested",FALSE
"KEGG 04662 - B cell receptor signaling pathway","04662","RAC2",0.00760888524262854,-1.01900804433184,"up","down",FALSE
"KEGG 04662 - B cell receptor signaling pathway","04662","RAC3",0.459342329806757,NA,"up","not tested",FALSE
"KEGG 04662 - B cell receptor signaling pathway","04662","RAF1",0.103071345288305,NA,"up","not tested",FALSE
"KEGG 04662 - B cell receptor signaling pathway","04662","SOS1",-0.390103217181705,NA,"down","not tested",FALSE
"KEGG 04662 - B cell receptor signaling pathway","04662","SOS2",-0.217669885022165,NA,"down","not tested",FALSE
"KEGG 04662 - B cell receptor signaling pathway","04662","SYK",0.59830230276048,-5.6395216660745,"up","down",FALSE
"KEGG 04662 - B cell receptor signaling pathway","04662","VAV2",0.0844966084312344,NA,"up","not tested",FALSE
"KEGG 04662 - B cell receptor signaling pathway","04662","PIK3R3",-0.694535664653615,NA,"down","not tested",FALSE
"KEGG 04662 - B cell receptor signaling pathway","04662","BCL10",0.476954333428138,NA,"up","not tested",FALSE
"KEGG 04662 - B cell receptor signaling pathway","04662","MALT1",0.1119994175092,NA,"up","not tested",FALSE
"KEGG 04662 - B cell receptor signaling pathway","04662","LILRB3",-0.746248768057238,NA,"down","not tested",FALSE
"KEGG 04662 - B cell receptor signaling pathway","04662","CHP1",0.696008902085899,NA,"up","not tested",FALSE
"KEGG 04662 - B cell receptor signaling pathway","04662","PIK3R5",0.26124873836644,NA,"up","not tested",FALSE
"KEGG 04662 - B cell receptor signaling pathway","04662","DAPP1",1.02454055763517,NA,"up","not tested",FALSE
"KEGG 04662 - B cell receptor signaling pathway","04662","BLNK",1.42187452551738,NA,"up","not tested",FALSE
"KEGG 04662 - B cell receptor signaling pathway","04662","CHP2",1.52796218580999,NA,"up","not tested",FALSE
"KEGG 04662 - B cell receptor signaling pathway","04662","CARD11",-0.476023093445491,NA,"down","not tested",FALSE
"KEGG 04662 - B cell receptor signaling pathway","04662","PIK3AP1",-0.780929042852408,NA,"down","not tested",FALSE
"KEGG 04666","04666","ARF6",0.71266052570497,1.6204071767153,"up","up",TRUE
"KEGG 04666","04666","CDC42",0.0788138194415582,3.09604993744361,"up","up",TRUE
"KEGG 04666","04666","CFL1",0.298721530473362,1.89892234371341,"up","up",TRUE
"KEGG 04666","04666","CFL2",-0.682502232899035,-1.85042668209232,"down","down",TRUE
"KEGG 04666","04666","CRK",0.173431723171787,1.79256295319293,"up","up",TRUE
"KEGG 04666","04666","FCGR2B",0.0140467086055977,1.45309562634009,"up","up",TRUE
"KEGG 04666","04666","FCGR3A",-0.582527843702615,-1.92806099878589,"down","down",TRUE
"KEGG 04666","04666","HCK",-0.312239643370758,-1.51877904209078,"down","down",TRUE
"KEGG 04666","04666","LIMK2",0.420591301973656,1.05034413296194,"up","up",TRUE
"KEGG 04666","04666","LYN",-0.0671709816617267,-1.38441248016592,"down","down",TRUE
"KEGG 04666","04666","MARCKS",-0.0471859294002988,-2.45737917164297,"down","down",TRUE
"KEGG 04666","04666","PIK3R1",-0.371238647785195,-1.1152241909132,"down","down",TRUE
"KEGG 04666","04666","PLD2",0.691595292660158,1.53187313453641,"up","up",TRUE
"KEGG 04666","04666","PRKCE",-0.12195961389808,-2.55310848895298,"down","down",TRUE
"KEGG 04666","04666","MAPK3",0.16556224324137,1.16356275045493,"up","up",TRUE
"KEGG 04666","04666","PTPRC",-0.17788844705558,-1.51161144139963,"down","down",TRUE
"KEGG 04666","04666","RAC1",0.247136062567727,2.08728234032318,"up","up",TRUE
"KEGG 04666","04666","RPS6KB2",0.753982309951691,1.72242934457635,"up","up",TRUE
"KEGG 04666","04666","VAV1",-0.688958742827695,-1.19441073941812,"down","down",TRUE
"KEGG 04666","04666","PIP5K1A",0.164348822542341,1.90573505360265,"up","up",TRUE
"KEGG 04666","04666","GAB2",-0.386303219732586,-2.29183635651652,"down","down",TRUE
"KEGG 04666","04666","AKT3",-0.527481649165405,-1.31700310884974,"down","down",TRUE
"KEGG 04666","04666","ARPC5",0.229372532434728,1.52322118888213,"up","up",TRUE
"KEGG 04666","04666","ARPC3",0.0526487054487892,4.10537029917523,"up","up",TRUE
"KEGG 04666","04666","VAV3",0.462194105829979,2.69327404181806,"up","up",TRUE
"KEGG 04666","04666","WASF3",-0.499927251208644,-6.8551350995187,"down","down",TRUE
"KEGG 04666","04666","PIP5K1C",-0.104735293050917,-1.34884676544016,"down","down",TRUE
"KEGG 04666","04666","ASAP1",-0.1954863659132,-2.32555295399971,"down","down",TRUE
"KEGG 04666","04666","SCIN",0.322322062938807,2.73125263701101,"up","up",TRUE
"KEGG 04666","04666","PLA2G4B",0.634171023132576,1.19665985382369,"up","up",TRUE
"KEGG 04666","04666","AKT1",0.115243504256945,NA,"up","not tested",FALSE
"KEGG 04666","04666","AKT2",0.290568647171472,NA,"up","not tested",FALSE
"KEGG 04666","04666","AMPH",-0.601711883884155,NA,"down","not tested",FALSE
"KEGG 04666","04666","CRKL",0.180907860045154,NA,"up","not tested",FALSE
"KEGG 04666","04666","DNM1",0.75513883043839,NA,"up","not tested",FALSE
"KEGG 04666","04666","DNM2",0.276019126666137,NA,"up","not tested",FALSE
"KEGG 04666","04666","DOCK2",-0.029299698198941,NA,"down","not tested",FALSE
"KEGG 04666","04666","FCGR1A",-0.0393416028991035,NA,"down","not tested",FALSE
"KEGG 04666","04666","FCGR2A",-0.46786203311695,1.10223550593747,"down","up",FALSE
"KEGG 04666","04666","GSN",0.650858948203004,NA,"up","not tested",FALSE
"KEGG 04666","04666","INPP5D",-0.31074526249587,NA,"down","not tested",FALSE
"KEGG 04666","04666","LIMK1",0.432735142404219,-1.67728943665723,"up","down",FALSE
"KEGG 04666","04666","MYO10",0.378416245839642,NA,"up","not tested",FALSE
"KEGG 04666","04666","PAK1",0.10035739606245,NA,"up","not tested",FALSE
"KEGG 04666","04666","PIK3CA",-0.292465058782002,2.16725344739775,"down","up",FALSE
"KEGG 04666","04666","PIK3CB",0.0186415406352155,NA,"up","not tested",FALSE
"KEGG 04666","04666","PIK3CD",-0.119354345092164,NA,"down","not tested",FALSE
"KEGG 04666","04666","PIK3CG",-0.558610658238295,NA,"down","not tested",FALSE
"KEGG 04666","04666","PIK3R2",0.612479238252084,NA,"up","not tested",FALSE
"KEGG 04666","04666","PLA2G4A",-0.0183431822029733,NA,"down","not tested",FALSE
"KEGG 04666","04666","PLCG1",-0.277544086534754,NA,"down","not tested",FALSE
"KEGG 04666","04666","PLCG2",-0.630736680614097,NA,"down","not tested",FALSE
"KEGG 04666","04666","PLD1",0.4578721506394,NA,"up","not tested",FALSE
"KEGG 04666","04666","PRKCA",-0.262899587415656,NA,"down","not tested",FALSE
"KEGG 04666","04666","PRKCB",-1.64673753813544,1.80667327313173,"down","up",FALSE
"KEGG 04666","04666","PRKCD",0.0902436424374417,NA,"up","not tested",FALSE
"KEGG 04666","04666","PRKCG",1.66429417300741,NA,"up","not tested",FALSE
"KEGG 04666","04666","MAPK1",-0.0338044566664251,1.97690167713987,"down","up",FALSE
"KEGG 04666","04666","MAP2K1",0.159792550929499,-1.17312314697461,"up","down",FALSE
"KEGG 04666","04666","RAC2",0.00760888524262854,-1.01900804433184,"up","down",FALSE
"KEGG 04666","04666","RAF1",0.103071345288305,NA,"up","not tested",FALSE
"KEGG 04666","04666","RPS6KB1",0.0946053360820546,NA,"up","not tested",FALSE
"KEGG 04666","04666","SYK",0.59830230276048,-5.6395216660745,"up","down",FALSE
"KEGG 04666","04666","VASP",-0.0750839603649578,NA,"down","not tested",FALSE
"KEGG 04666","04666","VAV2",0.0844966084312344,NA,"up","not tested",FALSE
"KEGG 04666","04666","WAS",-0.930891783258343,NA,"down","not tested",FALSE
"KEGG 04666","04666","PIP5K1B",-1.11866581699784,NA,"down","not tested",FALSE
"KEGG 04666","04666","PLA2G6",-0.25528936661186,NA,"down","not tested",FALSE
"KEGG 04666","04666","PIK3R3",-0.694535664653615,NA,"down","not tested",FALSE
"KEGG 04666","04666","PLPP1",-0.117755713320412,NA,"down","not tested",FALSE
"KEGG 04666","04666","PLPP2",1.22402971624925,NA,"up","not tested",FALSE
"KEGG 04666","04666","PLPP3",-0.190963744847935,NA,"down","not tested",FALSE
"KEGG 04666","04666","ASAP2",-0.145296901309315,NA,"down","not tested",FALSE
"KEGG 04666","04666","SPHK1",1.39629441455576,-4.46210510318838,"up","down",FALSE
"KEGG 04666","04666","WASF1",-0.219986168348719,NA,"down","not tested",FALSE
"KEGG 04666","04666","WASL",-0.00431395774417773,NA,"down","not tested",FALSE
"KEGG 04666","04666","FCGR2C",-0.174343055817214,NA,"down","not tested",FALSE
"KEGG 04666","04666","DNM1L",0.106881677461265,-1.31573147290685,"up","down",FALSE
"KEGG 04666","04666","ARPC4",0.39869094831904,NA,"up","not tested",FALSE
"KEGG 04666","04666","ARPC1B",0.0837764668397237,NA,"up","not tested",FALSE
"KEGG 04666","04666","ARPC2",0.579091254179326,NA,"up","not tested",FALSE
"KEGG 04666","04666","WASF2",0.185409392754508,NA,"up","not tested",FALSE
"KEGG 04666","04666","ARPC1A",0.420442005630291,NA,"up","not tested",FALSE
"KEGG 04666","04666","PIK3R5",0.26124873836644,NA,"up","not tested",FALSE
"KEGG 04666","04666","DNM3",-0.330852210708389,NA,"down","not tested",FALSE
"KEGG 04666","04666","LAT",-0.704811337218056,1.13935266016948,"down","up",FALSE
"KEGG 04666","04666","ASAP3",0.308695851726392,-1.66716571399057,"up","down",FALSE
"KEGG 04666","04666","SPHK2",0.0488638291784265,-1.70718086194401,"up","down",FALSE
"KEGG 04666","04666","MARCKSL1",-0.331895362120082,1.93471120038272,"down","up",FALSE
"KEGG 04666","04666","ARPC5L",0.857194434154517,NA,"up","not tested",FALSE
"KEGG 04666","04666","PLA2G4E",2.37393401431673,-6.75475980063493,"up","down",FALSE
"KEGG 04666","04666","PLA2G4F",1.97660680694975,NA,"up","not tested",FALSE
"KEGG 04666","04666","PLA2G4D",3.06135133583238,NA,"up","not tested",FALSE
"KEGG 04666","04666","NCF1",-0.682120307910036,NA,"down","not tested",FALSE
"KEGG 04810 - Regulation of actin cytoskeleton","04810","ACTG1",0.630389385671944,4.40120543145397,"up","up",TRUE
"KEGG 04810 - Regulation of actin cytoskeleton","04810","APC",-0.197487530056774,-2.93893543243158,"down","down",TRUE
"KEGG 04810 - Regulation of actin cytoskeleton","04810","ARAF",0.12378919688332,2.21335225921718,"up","up",TRUE
"KEGG 04810 - Regulation of actin cytoskeleton","04810","RHOA",0.190846024962887,1.09016232916681,"up","up",TRUE
"KEGG 04810 - Regulation of actin cytoskeleton","04810","BDKRB1",1.40534451687827,2.15599501382228,"up","up",TRUE
"KEGG 04810 - Regulation of actin cytoskeleton","04810","CD14",0.416535307421304,1.61817432030071,"up","up",TRUE
"KEGG 04810 - Regulation of actin cytoskeleton","04810","CDC42",0.0788138194415582,3.09604993744361,"up","up",TRUE
"KEGG 04810 - Regulation of actin cytoskeleton","04810","CFL1",0.298721530473362,1.89892234371341,"up","up",TRUE
"KEGG 04810 - Regulation of actin cytoskeleton","04810","CFL2",-0.682502232899035,-1.85042668209232,"down","down",TRUE
"KEGG 04810 - Regulation of actin cytoskeleton","04810","CRK",0.173431723171787,1.79256295319293,"up","up",TRUE
"KEGG 04810 - Regulation of actin cytoskeleton","04810","DIAPH2",-0.244199080240052,-1.76682779742274,"down","down",TRUE
"KEGG 04810 - Regulation of actin cytoskeleton","04810","FGF7",-0.235280710257678,-1.90630624349716,"down","down",TRUE
"KEGG 04810 - Regulation of actin cytoskeleton","04810","FGF11",0.571001979576321,1.05429330585985,"up","up",TRUE
"KEGG 04810 - Regulation of actin cytoskeleton","04810","FGFR2",0.824161981906565,1.12392690410656,"up","up",TRUE
"KEGG 04810 - Regulation of actin cytoskeleton","04810","FN1",-0.76612548527257,-2.05040006962763,"down","down",TRUE
"KEGG 04810 - Regulation of actin cytoskeleton","04810","ITGA2",0.727848322844804,1.1198787729483,"up","up",TRUE
"KEGG 04810 - Regulation of actin cytoskeleton","04810","ITGB1",-0.525751721218799,-2.33559487236819,"down","down",TRUE
"KEGG 04810 - Regulation of actin cytoskeleton","04810","ITGB3",-0.442001601580837,-2.44944289048112,"down","down",TRUE
"KEGG 04810 - Regulation of actin cytoskeleton","04810","ITGB4",0.33098228160283,1.03792700448849,"up","up",TRUE
"KEGG 04810 - Regulation of actin cytoskeleton","04810","LIMK2",0.420591301973656,1.05034413296194,"up","up",TRUE
"KEGG 04810 - Regulation of actin cytoskeleton","04810","MYH9",-0.294166932745187,-1.91110061731999,"down","down",TRUE
"KEGG 04810 - Regulation of actin cytoskeleton","04810","PPP1R12A",-0.620355485174179,-3.38857183513342,"down","down",TRUE
"KEGG 04810 - Regulation of actin cytoskeleton","04810","PAK2",-0.00668132704136567,-2.59923080084976,"down","down",TRUE
"KEGG 04810 - Regulation of actin cytoskeleton","04810","PDGFA",-0.0258246183181571,-2.16663280091461,"down","down",TRUE
"KEGG 04810 - Regulation of actin cytoskeleton","04810","PFN1",0.241907925317454,2.63208865860144,"up","up",TRUE
"KEGG 04810 - Regulation of actin cytoskeleton","04810","PIK3R1",-0.371238647785195,-1.1152241909132,"down","down",TRUE
"KEGG 04810 - Regulation of actin cytoskeleton","04810","PIP4K2A",-0.761435382934757,-1.32781064898249,"down","down",TRUE
"KEGG 04810 - Regulation of actin cytoskeleton","04810","PPP1CA",0.652184411930196,2.46420689672661,"up","up",TRUE
"KEGG 04810 - Regulation of actin cytoskeleton","04810","MAPK3",0.16556224324137,1.16356275045493,"up","up",TRUE
"KEGG 04810 - Regulation of actin cytoskeleton","04810","RAC1",0.247136062567727,2.08728234032318,"up","up",TRUE
"KEGG 04810 - Regulation of actin cytoskeleton","04810","ROCK1",-0.429901219437886,-2.48244933176632,"down","down",TRUE
"KEGG 04810 - Regulation of actin cytoskeleton","04810","VAV1",-0.688958742827695,-1.19441073941812,"down","down",TRUE
"KEGG 04810 - Regulation of actin cytoskeleton","04810","PIP5K1A",0.164348822542341,1.90573505360265,"up","up",TRUE
"KEGG 04810 - Regulation of actin cytoskeleton","04810","FGF17",-0.325223884267706,-7.84818483352135,"down","down",TRUE
"KEGG 04810 - Regulation of actin cytoskeleton","04810","IQGAP1",-0.038961287282746,-2.10145960895308,"down","down",TRUE
"KEGG 04810 - Regulation of actin cytoskeleton","04810","ARHGEF1",0.0509185492470084,2.66177932887123,"up","up",TRUE
"KEGG 04810 - Regulation of actin cytoskeleton","04810","ARPC5",0.229372532434728,1.52322118888213,"up","up",TRUE
"KEGG 04810 - Regulation of actin cytoskeleton","04810","ARPC3",0.0526487054487892,4.10537029917523,"up","up",TRUE
"KEGG 04810 - Regulation of actin cytoskeleton","04810","VAV3",0.462194105829979,2.69327404181806,"up","up",TRUE
"KEGG 04810 - Regulation of actin cytoskeleton","04810","ITGA11",-0.15616932176465,-1.9877046117932,"down","down",TRUE
"KEGG 04810 - Regulation of actin cytoskeleton","04810","MRAS",-0.284923995888778,-3.00709910318669,"down","down",TRUE
"KEGG 04810 - Regulation of actin cytoskeleton","04810","PIP5K1C",-0.104735293050917,-1.34884676544016,"down","down",TRUE
"KEGG 04810 - Regulation of actin cytoskeleton","04810","CYFIP2",-0.312232070321263,-3.0302789345079,"down","down",TRUE
"KEGG 04810 - Regulation of actin cytoskeleton","04810","MYH14",1.9395567440621,2.93503287323122,"up","up",TRUE
"KEGG 04810 - Regulation of actin cytoskeleton","04810","SCIN",0.322322062938807,2.73125263701101,"up","up",TRUE
"KEGG 04810 - Regulation of actin cytoskeleton","04810","MYL12B",0.361946821544203,2.65935401037138,"up","up",TRUE
"KEGG 04810 - Regulation of actin cytoskeleton","04810","PIKFYVE",-0.26408177664542,-1.47017542373618,"down","down",TRUE
"KEGG 04810 - Regulation of actin cytoskeleton","04810","ACTB",-0.0609051131725033,NA,"down","not tested",FALSE
"KEGG 04810 - Regulation of actin cytoskeleton","04810","ACTN4",-0.150176763110844,NA,"down","not tested",FALSE
"KEGG 04810 - Regulation of actin cytoskeleton","04810","ACTN1",-0.400161635443906,NA,"down","not tested",FALSE
"KEGG 04810 - Regulation of actin cytoskeleton","04810","ACTN2",-0.131804407998663,NA,"down","not tested",FALSE
"KEGG 04810 - Regulation of actin cytoskeleton","04810","ACTN3",0.208530035177347,NA,"up","not tested",FALSE
"KEGG 04810 - Regulation of actin cytoskeleton","04810","BDKRB2",0.83632563802344,NA,"up","not tested",FALSE
"KEGG 04810 - Regulation of actin cytoskeleton","04810","BRAF",-0.0898362514005706,NA,"down","not tested",FALSE
"KEGG 04810 - Regulation of actin cytoskeleton","04810","CHRM1",NA,2.10502415824808,"not tested","up",FALSE
"KEGG 04810 - Regulation of actin cytoskeleton","04810","CHRM2",1.04004685267476,NA,"up","not tested",FALSE
"KEGG 04810 - Regulation of actin cytoskeleton","04810","CHRM3",-0.572083828031956,NA,"down","not tested",FALSE
"KEGG 04810 - Regulation of actin cytoskeleton","04810","CHRM4",-0.0321987078584605,NA,"down","not tested",FALSE
"KEGG 04810 - Regulation of actin cytoskeleton","04810","CHRM5",-0.162468404687498,1.65996108186514,"down","up",FALSE
"KEGG 04810 - Regulation of actin cytoskeleton","04810","CRKL",0.180907860045154,NA,"up","not tested",FALSE
"KEGG 04810 - Regulation of actin cytoskeleton","04810","CSK",0.0656931220966552,NA,"up","not tested",FALSE
"KEGG 04810 - Regulation of actin cytoskeleton","04810","DIAPH1",0.626260738244913,NA,"up","not tested",FALSE
"KEGG 04810 - Regulation of actin cytoskeleton","04810","DOCK1",-0.135237294325591,NA,"down","not tested",FALSE
"KEGG 04810 - Regulation of actin cytoskeleton","04810","EGF",-0.358488597411452,NA,"down","not tested",FALSE
"KEGG 04810 - Regulation of actin cytoskeleton","04810","EGFR",0.603912753158947,-2.46724890439297,"up","down",FALSE
"KEGG 04810 - Regulation of actin cytoskeleton","04810","F2",NA,-1.94876629942924,"not tested","down",FALSE
"KEGG 04810 - Regulation of actin cytoskeleton","04810","F2R",-0.131804257077661,NA,"down","not tested",FALSE
"KEGG 04810 - Regulation of actin cytoskeleton","04810","FGD1",0.284721995919067,NA,"up","not tested",FALSE
"KEGG 04810 - Regulation of actin cytoskeleton","04810","FGF1",0.361950632255772,NA,"up","not tested",FALSE
"KEGG 04810 - Regulation of actin cytoskeleton","04810","FGF2",-0.104854753554226,NA,"down","not tested",FALSE
"KEGG 04810 - Regulation of actin cytoskeleton","04810","FGF9",-0.611294609206269,NA,"down","not tested",FALSE
"KEGG 04810 - Regulation of actin cytoskeleton","04810","FGF10",-0.341100491350981,NA,"down","not tested",FALSE
"KEGG 04810 - Regulation of actin cytoskeleton","04810","FGF12",0.168854257299878,NA,"up","not tested",FALSE
"KEGG 04810 - Regulation of actin cytoskeleton","04810","FGF13",-0.508944287509157,NA,"down","not tested",FALSE
"KEGG 04810 - Regulation of actin cytoskeleton","04810","FGF14",-0.31688604807624,NA,"down","not tested",FALSE
"KEGG 04810 - Regulation of actin cytoskeleton","04810","FGFR1",0.155646256383745,-2.86179062555759,"up","down",FALSE
"KEGG 04810 - Regulation of actin cytoskeleton","04810","FGFR3",1.4790031714236,-1.79790692264597,"up","down",FALSE
"KEGG 04810 - Regulation of actin cytoskeleton","04810","FGFR4",0.456617573169697,NA,"up","not tested",FALSE
"KEGG 04810 - Regulation of actin cytoskeleton","04810","GNA12",-0.154959095894437,1.42162731846615,"down","up",FALSE
"KEGG 04810 - Regulation of actin cytoskeleton","04810","ARHGAP35",0.04185133329817,-2.50488623054827,"up","down",FALSE
"KEGG 04810 - Regulation of actin cytoskeleton","04810","GSN",0.650858948203004,NA,"up","not tested",FALSE
"KEGG 04810 - Regulation of actin cytoskeleton","04810","NCKAP1L",-0.471133419928892,1.18394442004365,"down","up",FALSE
"KEGG 04810 - Regulation of actin cytoskeleton","04810","HRAS",0.888058289083542,NA,"up","not tested",FALSE
"KEGG 04810 - Regulation of actin cytoskeleton","04810","INS",NA,1.91653488610295,"not tested","up",FALSE
"KEGG 04810 - Regulation of actin cytoskeleton","04810","INSRR",0.0864733161485279,NA,"up","not tested",FALSE
"KEGG 04810 - Regulation of actin cytoskeleton","04810","ITGA6",0.227400655990325,NA,"up","not tested",FALSE
"KEGG 04810 - Regulation of actin cytoskeleton","04810","ITGA1",-1.39610062716044,NA,"down","not tested",FALSE
"KEGG 04810 - Regulation of actin cytoskeleton","04810","ITGA2B",-0.174004530924267,NA,"down","not tested",FALSE
"KEGG 04810 - Regulation of actin cytoskeleton","04810","ITGA3",0.208672426453414,NA,"up","not tested",FALSE
"KEGG 04810 - Regulation of actin cytoskeleton","04810","ITGA4",0.233559321549807,NA,"up","not tested",FALSE
"KEGG 04810 - Regulation of actin cytoskeleton","04810","ITGA5",-0.264338367084849,NA,"down","not tested",FALSE
"KEGG 04810 - Regulation of actin cytoskeleton","04810","ITGA7",-1.20900196717365,NA,"down","not tested",FALSE
"KEGG 04810 - Regulation of actin cytoskeleton","04810","ITGA9",-0.649133478550736,NA,"down","not tested",FALSE
"KEGG 04810 - Regulation of actin cytoskeleton","04810","ITGAD",0.0484196830067103,NA,"up","not tested",FALSE
"KEGG 04810 - Regulation of actin cytoskeleton","04810","ITGAE",0.0971097341624133,NA,"up","not tested",FALSE
"KEGG 04810 - Regulation of actin cytoskeleton","04810","ITGAL",-0.352948752087046,NA,"down","not tested",FALSE
"KEGG 04810 - Regulation of actin cytoskeleton","04810","ITGAM",-0.687213623241437,NA,"down","not tested",FALSE
"KEGG 04810 - Regulation of actin cytoskeleton","04810","ITGAV",0.0577065718079657,-1.28940294927404,"up","down",FALSE
"KEGG 04810 - Regulation of actin cytoskeleton","04810","ITGAX",0.354098478513204,-1.86873946302299,"up","down",FALSE
"KEGG 04810 - Regulation of actin cytoskeleton","04810","ITGB2",0.171151444587923,NA,"up","not tested",FALSE
"KEGG 04810 - Regulation of actin cytoskeleton","04810","ITGB5",-0.0366633472226968,1.36829929221362,"down","up",FALSE
"KEGG 04810 - Regulation of actin cytoskeleton","04810","ITGB6",1.94283874043184,NA,"up","not tested",FALSE
"KEGG 04810 - Regulation of actin cytoskeleton","04810","ITGB7",0.625135124136869,NA,"up","not tested",FALSE
"KEGG 04810 - Regulation of actin cytoskeleton","04810","ITGB8",0.0643958201514112,NA,"up","not tested",FALSE
"KEGG 04810 - Regulation of actin cytoskeleton","04810","KRAS",0.218804297116375,NA,"up","not tested",FALSE
"KEGG 04810 - Regulation of actin cytoskeleton","04810","LIMK1",0.432735142404219,-1.67728943665723,"up","down",FALSE
"KEGG 04810 - Regulation of actin cytoskeleton","04810","MSN",-0.0740686338805555,NA,"down","not tested",FALSE
"KEGG 04810 - Regulation of actin cytoskeleton","04810","MYH10",-0.478000478703979,NA,"down","not tested",FALSE
"KEGG 04810 - Regulation of actin cytoskeleton","04810","MYL5",0.178592789889697,NA,"up","not tested",FALSE
"KEGG 04810 - Regulation of actin cytoskeleton","04810","MYLK",-1.06140943214954,2.66323833198202,"down","up",FALSE
"KEGG 04810 - Regulation of actin cytoskeleton","04810","NRAS",0.342741545496188,NA,"up","not tested",FALSE
"KEGG 04810 - Regulation of actin cytoskeleton","04810","PAK1",0.10035739606245,NA,"up","not tested",FALSE
"KEGG 04810 - Regulation of actin cytoskeleton","04810","PAK3",-0.318424436541789,NA,"down","not tested",FALSE
"KEGG 04810 - Regulation of actin cytoskeleton","04810","PDGFB",-0.686066203790408,NA,"down","not tested",FALSE
"KEGG 04810 - Regulation of actin cytoskeleton","04810","PDGFRA",-0.0961114747434455,NA,"down","not tested",FALSE
"KEGG 04810 - Regulation of actin cytoskeleton","04810","PDGFRB",-0.196804323900756,NA,"down","not tested",FALSE
"KEGG 04810 - Regulation of actin cytoskeleton","04810","PFN2",-0.645261937367109,2.36834422100079,"down","up",FALSE
"KEGG 04810 - Regulation of actin cytoskeleton","04810","PIK3CA",-0.292465058782002,2.16725344739775,"down","up",FALSE
"KEGG 04810 - Regulation of actin cytoskeleton","04810","PIK3CB",0.0186415406352155,NA,"up","not tested",FALSE
"KEGG 04810 - Regulation of actin cytoskeleton","04810","PIK3CD",-0.119354345092164,NA,"down","not tested",FALSE
"KEGG 04810 - Regulation of actin cytoskeleton","04810","PIK3CG",-0.558610658238295,NA,"down","not tested",FALSE
"KEGG 04810 - Regulation of actin cytoskeleton","04810","PIK3R2",0.612479238252084,NA,"up","not tested",FALSE
"KEGG 04810 - Regulation of actin cytoskeleton","04810","PPP1CB",-0.04366048675891,NA,"down","not tested",FALSE
"KEGG 04810 - Regulation of actin cytoskeleton","04810","PPP1CC",-0.0052900910279754,NA,"down","not tested",FALSE
"KEGG 04810 - Regulation of actin cytoskeleton","04810","MAPK1",-0.0338044566664251,1.97690167713987,"down","up",FALSE
"KEGG 04810 - Regulation of actin cytoskeleton","04810","MAP2K1",0.159792550929499,-1.17312314697461,"up","down",FALSE
"KEGG 04810 - Regulation of actin cytoskeleton","04810","MAP2K2",0.256570899956579,NA,"up","not tested",FALSE
"KEGG 04810 - Regulation of actin cytoskeleton","04810","PTK2",-0.237590995731217,NA,"down","not tested",FALSE
"KEGG 04810 - Regulation of actin cytoskeleton","04810","PXN",-0.218225874688607,NA,"down","not tested",FALSE
"KEGG 04810 - Regulation of actin cytoskeleton","04810","RAC2",0.00760888524262854,-1.01900804433184,"up","down",FALSE
"KEGG 04810 - Regulation of actin cytoskeleton","04810","RAC3",0.459342329806757,NA,"up","not tested",FALSE
"KEGG 04810 - Regulation of actin cytoskeleton","04810","RAF1",0.103071345288305,NA,"up","not tested",FALSE
"KEGG 04810 - Regulation of actin cytoskeleton","04810","RDX",-0.2503679471221,NA,"down","not tested",FALSE
"KEGG 04810 - Regulation of actin cytoskeleton","04810","RRAS",-0.405423489936448,NA,"down","not tested",FALSE
"KEGG 04810 - Regulation of actin cytoskeleton","04810","SLC9A1",0.360517102285669,-1.42150813351402,"up","down",FALSE
"KEGG 04810 - Regulation of actin cytoskeleton","04810","SOS1",-0.390103217181705,NA,"down","not tested",FALSE
"KEGG 04810 - Regulation of actin cytoskeleton","04810","SOS2",-0.217669885022165,NA,"down","not tested",FALSE
"KEGG 04810 - Regulation of actin cytoskeleton","04810","TIAM1",1.0009135760117,NA,"up","not tested",FALSE
"KEGG 04810 - Regulation of actin cytoskeleton","04810","TMSB4X",-0.126033672584143,NA,"down","not tested",FALSE
"KEGG 04810 - Regulation of actin cytoskeleton","04810","VAV2",0.0844966084312344,NA,"up","not tested",FALSE
"KEGG 04810 - Regulation of actin cytoskeleton","04810","VCL",-0.480134398447019,NA,"down","not tested",FALSE
"KEGG 04810 - Regulation of actin cytoskeleton","04810","EZR",0.787943815603773,NA,"up","not tested",FALSE
"KEGG 04810 - Regulation of actin cytoskeleton","04810","WAS",-0.930891783258343,NA,"down","not tested",FALSE
"KEGG 04810 - Regulation of actin cytoskeleton","04810","PIP5K1B",-1.11866581699784,NA,"down","not tested",FALSE
"KEGG 04810 - Regulation of actin cytoskeleton","04810","PIP4K2B",-0.0690149724149758,NA,"down","not tested",FALSE
"KEGG 04810 - Regulation of actin cytoskeleton","04810","PIK3R3",-0.694535664653615,NA,"down","not tested",FALSE
"KEGG 04810 - Regulation of actin cytoskeleton","04810","ITGA10",-0.617291521068824,2.28452710322757,"down","up",FALSE
"KEGG 04810 - Regulation of actin cytoskeleton","04810","ITGA8",-1.29282080553306,NA,"down","not tested",FALSE
"KEGG 04810 - Regulation of actin cytoskeleton","04810","FGF18",1.25189480105125,NA,"up","not tested",FALSE
"KEGG 04810 - Regulation of actin cytoskeleton","04810","ARHGEF7",-0.259118072768876,1.63703968581642,"down","up",FALSE
"KEGG 04810 - Regulation of actin cytoskeleton","04810","WASF1",-0.219986168348719,NA,"down","not tested",FALSE
"KEGG 04810 - Regulation of actin cytoskeleton","04810","WASL",-0.00431395774417773,NA,"down","not tested",FALSE
"KEGG 04810 - Regulation of actin cytoskeleton","04810","ARHGEF6",-0.627727714304515,NA,"down","not tested",FALSE
"KEGG 04810 - Regulation of actin cytoskeleton","04810","ROCK2",-0.493387259190501,NA,"down","not tested",FALSE
"KEGG 04810 - Regulation of actin cytoskeleton","04810","BCAR1",0.375292623059518,-1.79374496896272,"up","down",FALSE
"KEGG 04810 - Regulation of actin cytoskeleton","04810","ARPC4",0.39869094831904,NA,"up","not tested",FALSE
"KEGG 04810 - Regulation of actin cytoskeleton","04810","ARPC1B",0.0837764668397237,NA,"up","not tested",FALSE
"KEGG 04810 - Regulation of actin cytoskeleton","04810","ARPC2",0.579091254179326,NA,"up","not tested",FALSE
"KEGG 04810 - Regulation of actin cytoskeleton","04810","ABI2",-0.181642402332572,NA,"down","not tested",FALSE
"KEGG 04810 - Regulation of actin cytoskeleton","04810","WASF2",0.185409392754508,NA,"up","not tested",FALSE
"KEGG 04810 - Regulation of actin cytoskeleton","04810","APC2",0.200261014476591,-1.24742324137241,"up","down",FALSE
"KEGG 04810 - Regulation of actin cytoskeleton","04810","PAK4",0.422971352043199,-1.82417815194499,"up","down",FALSE
"KEGG 04810 - Regulation of actin cytoskeleton","04810","MYL9",-1.543739208768,NA,"down","not tested",FALSE
"KEGG 04810 - Regulation of actin cytoskeleton","04810","BAIAP2",0.923815750227066,NA,"up","not tested",FALSE
"KEGG 04810 - Regulation of actin cytoskeleton","04810","ARPC1A",0.420442005630291,NA,"up","not tested",FALSE
"KEGG 04810 - Regulation of actin cytoskeleton","04810","MYL12A",-0.190295592893043,NA,"down","not tested",FALSE
"KEGG 04810 - Regulation of actin cytoskeleton","04810","GNA13",-0.214832640761149,NA,"down","not tested",FALSE
"KEGG 04810 - Regulation of actin cytoskeleton","04810","NCKAP1",0.101767040350111,NA,"up","not tested",FALSE
"KEGG 04810 - Regulation of actin cytoskeleton","04810","IQGAP2",0.0593573163868826,-3.23171714057715,"up","down",FALSE
"KEGG 04810 - Regulation of actin cytoskeleton","04810","RRAS2",-0.167794896326467,1.63833718320735,"down","up",FALSE
"KEGG 04810 - Regulation of actin cytoskeleton","04810","CYFIP1",0.201956497624872,NA,"up","not tested",FALSE
"KEGG 04810 - Regulation of actin cytoskeleton","04810","ARHGEF12",0.0893130487349993,NA,"up","not tested",FALSE
"KEGG 04810 - Regulation of actin cytoskeleton","04810","PIK3R5",0.26124873836644,NA,"up","not tested",FALSE
"KEGG 04810 - Regulation of actin cytoskeleton","04810","TIAM2",-0.217621704239502,NA,"down","not tested",FALSE
"KEGG 04810 - Regulation of actin cytoskeleton","04810","GIT1",0.230466647648333,-2.42281437575901,"up","down",FALSE
"KEGG 04810 - Regulation of actin cytoskeleton","04810","ARHGEF4",0.900560216050965,-1.73492023561817,"up","down",FALSE
"KEGG 04810 - Regulation of actin cytoskeleton","04810","SSH1",0.32337051769043,-1.43686307669775,"up","down",FALSE
"KEGG 04810 - Regulation of actin cytoskeleton","04810","SSH3",0.628976911468961,-2.28826597275479,"up","down",FALSE
"KEGG 04810 - Regulation of actin cytoskeleton","04810","ENAH",-0.272341007198841,NA,"down","not tested",FALSE
"KEGG 04810 - Regulation of actin cytoskeleton","04810","BRK1",0.276681514919365,NA,"up","not tested",FALSE
"KEGG 04810 - Regulation of actin cytoskeleton","04810","GNG12",0.046305204418173,NA,"up","not tested",FALSE
"KEGG 04810 - Regulation of actin cytoskeleton","04810","PDGFC",-0.535123007127154,NA,"down","not tested",FALSE
"KEGG 04810 - Regulation of actin cytoskeleton","04810","PAK6",1.96945243720628,NA,"up","not tested",FALSE
"KEGG 04810 - Regulation of actin cytoskeleton","04810","PAK5",0.133096566538373,NA,"up","not tested",FALSE
"KEGG 04810 - Regulation of actin cytoskeleton","04810","MYL7",NA,-1.148706703554,"not tested","down",FALSE
"KEGG 04810 - Regulation of actin cytoskeleton","04810","PIP4K2C",0.52257915746859,NA,"up","not tested",FALSE
"KEGG 04810 - Regulation of actin cytoskeleton","04810","PDGFD",-0.157990368766299,NA,"down","not tested",FALSE
"KEGG 04810 - Regulation of actin cytoskeleton","04810","DIAPH3",0.507125675593623,NA,"up","not tested",FALSE
"KEGG 04810 - Regulation of actin cytoskeleton","04810","ARPC5L",0.857194434154517,NA,"up","not tested",FALSE
"KEGG 04810 - Regulation of actin cytoskeleton","04810","MYLK2",NA,-6.77362686667328,"not tested","down",FALSE
"KEGG 04810 - Regulation of actin cytoskeleton","04810","SSH2",-0.155880546104026,NA,"down","not tested",FALSE
"KEGG 04810 - Regulation of actin cytoskeleton","04810","FGD3",0.0857234513405294,NA,"up","not tested",FALSE
"KEGG 04810 - Regulation of actin cytoskeleton","04810","MYLK3",0.105088874528857,NA,"up","not tested",FALSE
"KEGG 04810 - Regulation of actin cytoskeleton","04810","IQGAP3",1.28314648376565,NA,"up","not tested",FALSE
"KEGG 04810 - Regulation of actin cytoskeleton","04810","PFN4",-0.409888287667646,1.28337694097484,"down","up",FALSE
"KEGG 05215","05215","ARAF",0.12378919688332,2.21335225921718,"up","up",TRUE
"KEGG 05215","05215","ATF4",0.29091068051356,2.85811813418479,"up","up",TRUE
"KEGG 05215","05215","CDK2",0.682495020346254,2.43902146811602,"up","up",TRUE
"KEGG 05215","05215","CREB1",-0.282772720525514,-2.20412089837238,"down","down",TRUE
"KEGG 05215","05215","CREBBP",-0.238050185326248,-2.65483234198058,"down","down",TRUE
"KEGG 05215","05215","FGFR2",0.824161981906565,1.12392690410656,"up","up",TRUE
"KEGG 05215","05215","PDGFA",-0.0258246183181571,-2.16663280091461,"down","down",TRUE
"KEGG 05215","05215","PIK3R1",-0.371238647785195,-1.1152241909132,"down","down",TRUE
"KEGG 05215","05215","MAPK3",0.16556224324137,1.16356275045493,"up","up",TRUE
"KEGG 05215","05215","RELA",0.182143536203788,2.37808424478404,"up","up",TRUE
"KEGG 05215","05215","IKBKG",0.177330858335407,1.15897640270372,"up","up",TRUE
"KEGG 05215","05215","AKT3",-0.527481649165405,-1.31700310884974,"down","down",TRUE
"KEGG 05215","05215","CREB3",0.139192188526535,1.14991857463769,"up","up",TRUE
"KEGG 05215","05215","CREB3L2",-0.0423849441892824,-1.38513048353812,"down","down",TRUE
"KEGG 05215","05215","AKT1",0.115243504256945,NA,"up","not tested",FALSE
"KEGG 05215","05215","AKT2",0.290568647171472,NA,"up","not tested",FALSE
"KEGG 05215","05215","KLK3",NA,-2.12328332496888,"not tested","down",FALSE
"KEGG 05215","05215","AR",-0.0410418695515899,NA,"down","not tested",FALSE
"KEGG 05215","05215","BAD",0.214098670695371,NA,"up","not tested",FALSE
"KEGG 05215","05215","CCND1",0.66217214421585,NA,"up","not tested",FALSE
"KEGG 05215","05215","BCL2",-0.312316856117612,NA,"down","not tested",FALSE
"KEGG 05215","05215","BRAF",-0.0898362514005706,NA,"down","not tested",FALSE
"KEGG 05215","05215","CASP9",-0.332380585568071,NA,"down","not tested",FALSE
"KEGG 05215","05215","CCNE1",0.56911393308821,NA,"up","not tested",FALSE
"KEGG 05215","05215","CDKN1A",1.42270585813469,NA,"up","not tested",FALSE
"KEGG 05215","05215","CDKN1B",-0.426370156819406,NA,"down","not tested",FALSE
"KEGG 05215","05215","CHUK",0.145653503190019,NA,"up","not tested",FALSE
"KEGG 05215","05215","CTNNB1",-0.0281178183485121,NA,"down","not tested",FALSE
"KEGG 05215","05215","E2F1",1.18371553130752,-1.63386067661514,"up","down",FALSE
"KEGG 05215","05215","E2F2",1.04986671864813,NA,"up","not tested",FALSE
"KEGG 05215","05215","E2F3",0.162756288610979,-1.18304669936791,"up","down",FALSE
"KEGG 05215","05215","EGF",-0.358488597411452,NA,"down","not tested",FALSE
"KEGG 05215","05215","EGFR",0.603912753158947,-2.46724890439297,"up","down",FALSE
"KEGG 05215","05215","EP300",-0.101716372915669,NA,"down","not tested",FALSE
"KEGG 05215","05215","ERBB2",0.627645304377472,-4.51743833058297,"up","down",FALSE
"KEGG 05215","05215","FGFR1",0.155646256383745,-2.86179062555759,"up","down",FALSE
"KEGG 05215","05215","FOXO1",-0.0947455763770618,NA,"down","not tested",FALSE
"KEGG 05215","05215","MTOR",0.1235666322048,NA,"up","not tested",FALSE
"KEGG 05215","05215","GRB2",0.156471744460999,-2.19940678599544,"up","down",FALSE
"KEGG 05215","05215","GSK3B",0.0127706663306648,NA,"up","not tested",FALSE
"KEGG 05215","05215","GSTP1",1.0702089205712,NA,"up","not tested",FALSE
"KEGG 05215","05215","HRAS",0.888058289083542,NA,"up","not tested",FALSE
"KEGG 05215","05215","HSP90AA1",0.088663908775938,-1.05723301108048,"up","down",FALSE
"KEGG 05215","05215","HSP90AB1",0.194131337042614,NA,"up","not tested",FALSE
"KEGG 05215","05215","IGF1",0.0457545070896325,-3.16815449811077,"up","down",FALSE
"KEGG 05215","05215","IGF1R",0.179125489008907,NA,"up","not tested",FALSE
"KEGG 05215","05215","IKBKB",-0.139938091629807,NA,"down","not tested",FALSE
"KEGG 05215","05215","INS",NA,1.91653488610295,"not tested","up",FALSE
"KEGG 05215","05215","INSRR",0.0864733161485279,NA,"up","not tested",FALSE
"KEGG 05215","05215","KRAS",0.218804297116375,NA,"up","not tested",FALSE
"KEGG 05215","05215","MDM2",0.416319861259751,NA,"up","not tested",FALSE
"KEGG 05215","05215","NFKB1",0.0863243095230623,-1.02468888811248,"up","down",FALSE
"KEGG 05215","05215","NFKBIA",0.356867202382894,-3.0412489934487,"up","down",FALSE
"KEGG 05215","05215","NKX3-1",0.445056960384315,NA,"up","not tested",FALSE
"KEGG 05215","05215","NRAS",0.342741545496188,NA,"up","not tested",FALSE
"KEGG 05215","05215","PDGFB",-0.686066203790408,NA,"down","not tested",FALSE
"KEGG 05215","05215","PDGFRA",-0.0961114747434455,NA,"down","not tested",FALSE
"KEGG 05215","05215","PDGFRB",-0.196804323900756,NA,"down","not tested",FALSE
"KEGG 05215","05215","PDPK1",0.169908385745069,-1.85175999336593,"up","down",FALSE
"KEGG 05215","05215","PIK3CA",-0.292465058782002,2.16725344739775,"down","up",FALSE
"KEGG 05215","05215","PIK3CB",0.0186415406352155,NA,"up","not tested",FALSE
"KEGG 05215","05215","PIK3CD",-0.119354345092164,NA,"down","not tested",FALSE
"KEGG 05215","05215","PIK3CG",-0.558610658238295,NA,"down","not tested",FALSE
"KEGG 05215","05215","PIK3R2",0.612479238252084,NA,"up","not tested",FALSE
"KEGG 05215","05215","MAPK1",-0.0338044566664251,1.97690167713987,"down","up",FALSE
"KEGG 05215","05215","MAP2K1",0.159792550929499,-1.17312314697461,"up","down",FALSE
"KEGG 05215","05215","MAP2K2",0.256570899956579,NA,"up","not tested",FALSE
"KEGG 05215","05215","PTEN",-0.145126317076842,1.46668897646751,"down","up",FALSE
"KEGG 05215","05215","RAF1",0.103071345288305,NA,"up","not tested",FALSE
"KEGG 05215","05215","RB1",-0.166570486689862,1.06224048061924,"down","up",FALSE
"KEGG 05215","05215","SOS1",-0.390103217181705,NA,"down","not tested",FALSE
"KEGG 05215","05215","SOS2",-0.217669885022165,NA,"down","not tested",FALSE
"KEGG 05215","05215","SRD5A2",1.05696594695735,NA,"up","not tested",FALSE
"KEGG 05215","05215","TCF7",0.533109582793078,NA,"up","not tested",FALSE
"KEGG 05215","05215","TCF7L2",-0.380570359181772,NA,"down","not tested",FALSE
"KEGG 05215","05215","TGFA",1.25931938557532,NA,"up","not tested",FALSE
"KEGG 05215","05215","TP53",0.526681545505673,NA,"up","not tested",FALSE
"KEGG 05215","05215","HSP90B1",0.0950484725399992,-2.94335433630558,"up","down",FALSE
"KEGG 05215","05215","PIK3R3",-0.694535664653615,NA,"down","not tested",FALSE
"KEGG 05215","05215","CCNE2",0.302745465194462,NA,"up","not tested",FALSE
"KEGG 05215","05215","CREB5",0.479983013285493,NA,"up","not tested",FALSE
"KEGG 05215","05215","PIK3R5",0.26124873836644,NA,"up","not tested",FALSE
"KEGG 05215","05215","LEF1",-1.31357650796597,1.25242910248492,"down","up",FALSE
"KEGG 05215","05215","PDGFC",-0.535123007127154,NA,"down","not tested",FALSE
"KEGG 05215","05215","PDGFD",-0.157990368766299,NA,"down","not tested",FALSE
"KEGG 05215","05215","TCF7L1",-0.500026430478819,NA,"down","not tested",FALSE
"KEGG 05215","05215","CREB3L1",0.10204841650841,NA,"up","not tested",FALSE
"KEGG 05215","05215","CREB3L4",0.100044238929855,NA,"up","not tested",FALSE
"KEGG 05218","05218","ARAF",0.12378919688332,2.21335225921718,"up","up",TRUE
"KEGG 05218","05218","FGF7",-0.235280710257678,-1.90630624349716,"down","down",TRUE
"KEGG 05218","05218","FGF11",0.571001979576321,1.05429330585985,"up","up",TRUE
"KEGG 05218","05218","HGF",-0.240886642734845,-1.7753253966541,"down","down",TRUE
"KEGG 05218","05218","MET",0.284799338075759,1.243485259673,"up","up",TRUE
"KEGG 05218","05218","MITF",-0.584434063873476,-2.1979549438375,"down","down",TRUE
"KEGG 05218","05218","PDGFA",-0.0258246183181571,-2.16663280091461,"down","down",TRUE
"KEGG 05218","05218","PIK3R1",-0.371238647785195,-1.1152241909132,"down","down",TRUE
"KEGG 05218","05218","MAPK3",0.16556224324137,1.16356275045493,"up","up",TRUE
"KEGG 05218","05218","FGF17",-0.325223884267706,-7.84818483352135,"down","down",TRUE
"KEGG 05218","05218","AKT3",-0.527481649165405,-1.31700310884974,"down","down",TRUE
"KEGG 05218","05218","AKT1",0.115243504256945,NA,"up","not tested",FALSE
"KEGG 05218","05218","AKT2",0.290568647171472,NA,"up","not tested",FALSE
"KEGG 05218","05218","BAD",0.214098670695371,NA,"up","not tested",FALSE
"KEGG 05218","05218","CCND1",0.66217214421585,NA,"up","not tested",FALSE
"KEGG 05218","05218","BRAF",-0.0898362514005706,NA,"down","not tested",FALSE
"KEGG 05218","05218","CDH1",1.9612670453021,-1.16220939167831,"up","down",FALSE
"KEGG 05218","05218","CDK4",0.406163484893959,NA,"up","not tested",FALSE
"KEGG 05218","05218","CDK6",-0.111890881687392,NA,"down","not tested",FALSE
"KEGG 05218","05218","CDKN1A",1.42270585813469,NA,"up","not tested",FALSE
"KEGG 05218","05218","CDKN2A",0.522637935599281,-2.50711149713909,"up","down",FALSE
"KEGG 05218","05218","E2F1",1.18371553130752,-1.63386067661514,"up","down",FALSE
"KEGG 05218","05218","E2F2",1.04986671864813,NA,"up","not tested",FALSE
"KEGG 05218","05218","E2F3",0.162756288610979,-1.18304669936791,"up","down",FALSE
"KEGG 05218","05218","EGF",-0.358488597411452,NA,"down","not tested",FALSE
"KEGG 05218","05218","EGFR",0.603912753158947,-2.46724890439297,"up","down",FALSE
"KEGG 05218","05218","FGF1",0.361950632255772,NA,"up","not tested",FALSE
"KEGG 05218","05218","FGF2",-0.104854753554226,NA,"down","not tested",FALSE
"KEGG 05218","05218","FGF9",-0.611294609206269,NA,"down","not tested",FALSE
"KEGG 05218","05218","FGF10",-0.341100491350981,NA,"down","not tested",FALSE
"KEGG 05218","05218","FGF12",0.168854257299878,NA,"up","not tested",FALSE
"KEGG 05218","05218","FGF13",-0.508944287509157,NA,"down","not tested",FALSE
"KEGG 05218","05218","FGF14",-0.31688604807624,NA,"down","not tested",FALSE
"KEGG 05218","05218","FGFR1",0.155646256383745,-2.86179062555759,"up","down",FALSE
"KEGG 05218","05218","HRAS",0.888058289083542,NA,"up","not tested",FALSE
"KEGG 05218","05218","IGF1",0.0457545070896325,-3.16815449811077,"up","down",FALSE
"KEGG 05218","05218","IGF1R",0.179125489008907,NA,"up","not tested",FALSE
"KEGG 05218","05218","KRAS",0.218804297116375,NA,"up","not tested",FALSE
"KEGG 05218","05218","MDM2",0.416319861259751,NA,"up","not tested",FALSE
"KEGG 05218","05218","NRAS",0.342741545496188,NA,"up","not tested",FALSE
"KEGG 05218","05218","PDGFB",-0.686066203790408,NA,"down","not tested",FALSE
"KEGG 05218","05218","PDGFRA",-0.0961114747434455,NA,"down","not tested",FALSE
"KEGG 05218","05218","PDGFRB",-0.196804323900756,NA,"down","not tested",FALSE
"KEGG 05218","05218","PIK3CA",-0.292465058782002,2.16725344739775,"down","up",FALSE
"KEGG 05218","05218","PIK3CB",0.0186415406352155,NA,"up","not tested",FALSE
"KEGG 05218","05218","PIK3CD",-0.119354345092164,NA,"down","not tested",FALSE
"KEGG 05218","05218","PIK3CG",-0.558610658238295,NA,"down","not tested",FALSE
"KEGG 05218","05218","PIK3R2",0.612479238252084,NA,"up","not tested",FALSE
"KEGG 05218","05218","MAPK1",-0.0338044566664251,1.97690167713987,"down","up",FALSE
"KEGG 05218","05218","MAP2K1",0.159792550929499,-1.17312314697461,"up","down",FALSE
"KEGG 05218","05218","MAP2K2",0.256570899956579,NA,"up","not tested",FALSE
"KEGG 05218","05218","PTEN",-0.145126317076842,1.46668897646751,"down","up",FALSE
"KEGG 05218","05218","RAF1",0.103071345288305,NA,"up","not tested",FALSE
"KEGG 05218","05218","RB1",-0.166570486689862,1.06224048061924,"down","up",FALSE
"KEGG 05218","05218","TP53",0.526681545505673,NA,"up","not tested",FALSE
"KEGG 05218","05218","PIK3R3",-0.694535664653615,NA,"down","not tested",FALSE
"KEGG 05218","05218","FGF18",1.25189480105125,NA,"up","not tested",FALSE
"KEGG 05218","05218","PIK3R5",0.26124873836644,NA,"up","not tested",FALSE
"KEGG 05218","05218","PDGFC",-0.535123007127154,NA,"down","not tested",FALSE
"KEGG 05218","05218","PDGFD",-0.157990368766299,NA,"down","not tested",FALSE
"KEGG 05220","05220","ARAF",0.12378919688332,2.21335225921718,"up","up",TRUE
"KEGG 05220","05220","BCR",0.353137040961033,1.98589988494402,"up","up",TRUE
"KEGG 05220","05220","CBL",-0.261247818576664,-2.15194497330463,"down","down",TRUE
"KEGG 05220","05220","CRK",0.173431723171787,1.79256295319293,"up","up",TRUE
"KEGG 05220","05220","CTBP1",0.114659219461796,2.01609422762021,"up","up",TRUE
"KEGG 05220","05220","HDAC1",0.381745125310955,1.57214067893487,"up","up",TRUE
"KEGG 05220","05220","PIK3R1",-0.371238647785195,-1.1152241909132,"down","down",TRUE
"KEGG 05220","05220","MAPK3",0.16556224324137,1.16356275045493,"up","up",TRUE
"KEGG 05220","05220","PTPN11",-0.115604069694203,-2.14974263291933,"down","down",TRUE
"KEGG 05220","05220","RELA",0.182143536203788,2.37808424478404,"up","up",TRUE
"KEGG 05220","05220","STAT5A",-0.00890966680441884,-2.81893123996931,"down","down",TRUE
"KEGG 05220","05220","TGFBR2",-0.616487994750306,-3.0931357051586,"down","down",TRUE
"KEGG 05220","05220","IKBKG",0.177330858335407,1.15897640270372,"up","up",TRUE
"KEGG 05220","05220","GAB2",-0.386303219732586,-2.29183635651652,"down","down",TRUE
"KEGG 05220","05220","AKT3",-0.527481649165405,-1.31700310884974,"down","down",TRUE
"KEGG 05220","05220","SHC3",-0.0950379124382989,-1.10051046173648,"down","down",TRUE
"KEGG 05220","05220","ABL1",-0.0120612157802802,1.67694088490357,"down","up",FALSE
"KEGG 05220","05220","AKT1",0.115243504256945,NA,"up","not tested",FALSE
"KEGG 05220","05220","AKT2",0.290568647171472,NA,"up","not tested",FALSE
"KEGG 05220","05220","BAD",0.214098670695371,NA,"up","not tested",FALSE
"KEGG 05220","05220","CCND1",0.66217214421585,NA,"up","not tested",FALSE
"KEGG 05220","05220","BCL2L1",0.0517016426320896,NA,"up","not tested",FALSE
"KEGG 05220","05220","BRAF",-0.0898362514005706,NA,"down","not tested",FALSE
"KEGG 05220","05220","RUNX1",0.970013980549279,-3.73016622859656,"up","down",FALSE
"KEGG 05220","05220","CBLB",-0.354533477731555,1.27092865555662,"down","up",FALSE
"KEGG 05220","05220","CDK4",0.406163484893959,NA,"up","not tested",FALSE
"KEGG 05220","05220","CDK6",-0.111890881687392,NA,"down","not tested",FALSE
"KEGG 05220","05220","CDKN1A",1.42270585813469,NA,"up","not tested",FALSE
"KEGG 05220","05220","CDKN1B",-0.426370156819406,NA,"down","not tested",FALSE
"KEGG 05220","05220","CDKN2A",0.522637935599281,-2.50711149713909,"up","down",FALSE
"KEGG 05220","05220","CHUK",0.145653503190019,NA,"up","not tested",FALSE
"KEGG 05220","05220","CRKL",0.180907860045154,NA,"up","not tested",FALSE
"KEGG 05220","05220","CTBP2",-0.00297175042097753,1.14080770567618,"down","up",FALSE
"KEGG 05220","05220","E2F1",1.18371553130752,-1.63386067661514,"up","down",FALSE
"KEGG 05220","05220","E2F2",1.04986671864813,NA,"up","not tested",FALSE
"KEGG 05220","05220","E2F3",0.162756288610979,-1.18304669936791,"up","down",FALSE
"KEGG 05220","05220","MECOM",-0.307074448309634,NA,"down","not tested",FALSE
"KEGG 05220","05220","GRB2",0.156471744460999,-2.19940678599544,"up","down",FALSE
"KEGG 05220","05220","HDAC2",0.190335456709182,NA,"up","not tested",FALSE
"KEGG 05220","05220","HRAS",0.888058289083542,NA,"up","not tested",FALSE
"KEGG 05220","05220","IKBKB",-0.139938091629807,NA,"down","not tested",FALSE
"KEGG 05220","05220","KRAS",0.218804297116375,NA,"up","not tested",FALSE
"KEGG 05220","05220","SMAD3",0.298035654195537,-1.34787425095502,"up","down",FALSE
"KEGG 05220","05220","SMAD4",-0.169731094823109,NA,"down","not tested",FALSE
"KEGG 05220","05220","MDM2",0.416319861259751,NA,"up","not tested",FALSE
"KEGG 05220","05220","MYC",0.605178342592248,NA,"up","not tested",FALSE
"KEGG 05220","05220","NFKB1",0.0863243095230623,-1.02468888811248,"up","down",FALSE
"KEGG 05220","05220","NFKBIA",0.356867202382894,-3.0412489934487,"up","down",FALSE
"KEGG 05220","05220","NRAS",0.342741545496188,NA,"up","not tested",FALSE
"KEGG 05220","05220","PIK3CA",-0.292465058782002,2.16725344739775,"down","up",FALSE
"KEGG 05220","05220","PIK3CB",0.0186415406352155,NA,"up","not tested",FALSE
"KEGG 05220","05220","PIK3CD",-0.119354345092164,NA,"down","not tested",FALSE
"KEGG 05220","05220","PIK3CG",-0.558610658238295,NA,"down","not tested",FALSE
"KEGG 05220","05220","PIK3R2",0.612479238252084,NA,"up","not tested",FALSE
"KEGG 05220","05220","MAPK1",-0.0338044566664251,1.97690167713987,"down","up",FALSE
"KEGG 05220","05220","MAP2K1",0.159792550929499,-1.17312314697461,"up","down",FALSE
"KEGG 05220","05220","MAP2K2",0.256570899956579,NA,"up","not tested",FALSE
"KEGG 05220","05220","RAF1",0.103071345288305,NA,"up","not tested",FALSE
"KEGG 05220","05220","RB1",-0.166570486689862,1.06224048061924,"down","up",FALSE
"KEGG 05220","05220","SHC1",0.194586923313778,-4.4798782637425,"up","down",FALSE
"KEGG 05220","05220","SOS1",-0.390103217181705,NA,"down","not tested",FALSE
"KEGG 05220","05220","SOS2",-0.217669885022165,NA,"down","not tested",FALSE
"KEGG 05220","05220","STAT5B",-0.368489323920547,NA,"down","not tested",FALSE
"KEGG 05220","05220","TGFB1",-0.136175531683879,1.89696239435629,"down","up",FALSE
"KEGG 05220","05220","TGFB2",-0.0427543207414916,NA,"down","not tested",FALSE
"KEGG 05220","05220","TGFB3",0.183024563571706,NA,"up","not tested",FALSE
"KEGG 05220","05220","TGFBR1",-0.252959864566175,1.24592950135062,"down","up",FALSE
"KEGG 05220","05220","TP53",0.526681545505673,NA,"up","not tested",FALSE
"KEGG 05220","05220","PIK3R3",-0.694535664653615,NA,"down","not tested",FALSE
"KEGG 05220","05220","PIK3R5",0.26124873836644,NA,"up","not tested",FALSE
"KEGG 05220","05220","CBLC",2.25143999159295,NA,"up","not tested",FALSE
"KEGG 05220","05220","SHC2",-0.837778437427961,1.70746612776529,"down","up",FALSE
"KEGG 05220","05220","SHC4",-1.33611887463396,NA,"down","not tested",FALSE
"KEGG 05221","05221","ARAF",0.12378919688332,2.21335225921718,"up","up",TRUE
"KEGG 05221","05221","RUNX1T1",-0.584808462723022,-2.6479701247492,"down","down",TRUE
"KEGG 05221","05221","FLT3",0.0237631477213678,1.6495664870699,"up","up",TRUE
"KEGG 05221","05221","PIK3R1",-0.371238647785195,-1.1152241909132,"down","down",TRUE
"KEGG 05221","05221","MAPK3",0.16556224324137,1.16356275045493,"up","up",TRUE
"KEGG 05221","05221","RARA",-0.0524279283942311,-2.27473606961651,"down","down",TRUE
"KEGG 05221","05221","RELA",0.182143536203788,2.37808424478404,"up","up",TRUE
"KEGG 05221","05221","RPS6KB2",0.753982309951691,1.72242934457635,"up","up",TRUE
"KEGG 05221","05221","STAT5A",-0.00890966680441884,-2.81893123996931,"down","down",TRUE
"KEGG 05221","05221","ZBTB16",-0.895452821938506,-4.07849176556395,"down","down",TRUE
"KEGG 05221","05221","IKBKG",0.177330858335407,1.15897640270372,"up","up",TRUE
"KEGG 05221","05221","AKT3",-0.527481649165405,-1.31700310884974,"down","down",TRUE
"KEGG 05221","05221","AKT1",0.115243504256945,NA,"up","not tested",FALSE
"KEGG 05221","05221","AKT2",0.290568647171472,NA,"up","not tested",FALSE
"KEGG 05221","05221","BAD",0.214098670695371,NA,"up","not tested",FALSE
"KEGG 05221","05221","CCND1",0.66217214421585,NA,"up","not tested",FALSE
"KEGG 05221","05221","BRAF",-0.0898362514005706,NA,"down","not tested",FALSE
"KEGG 05221","05221","RUNX1",0.970013980549279,-3.73016622859656,"up","down",FALSE
"KEGG 05221","05221","CEBPA",1.04158824118349,NA,"up","not tested",FALSE
"KEGG 05221","05221","CHUK",0.145653503190019,NA,"up","not tested",FALSE
"KEGG 05221","05221","EIF4EBP1",0.7313616370456,NA,"up","not tested",FALSE
"KEGG 05221","05221","MTOR",0.1235666322048,NA,"up","not tested",FALSE
"KEGG 05221","05221","GRB2",0.156471744460999,-2.19940678599544,"up","down",FALSE
"KEGG 05221","05221","HRAS",0.888058289083542,NA,"up","not tested",FALSE
"KEGG 05221","05221","IKBKB",-0.139938091629807,NA,"down","not tested",FALSE
"KEGG 05221","05221","JUP",1.94398691324787,NA,"up","not tested",FALSE
"KEGG 05221","05221","KIT",0.421313741556857,NA,"up","not tested",FALSE
"KEGG 05221","05221","KRAS",0.218804297116375,NA,"up","not tested",FALSE
"KEGG 05221","05221","MYC",0.605178342592248,NA,"up","not tested",FALSE
"KEGG 05221","05221","NFKB1",0.0863243095230623,-1.02468888811248,"up","down",FALSE
"KEGG 05221","05221","NRAS",0.342741545496188,NA,"up","not tested",FALSE
"KEGG 05221","05221","PIK3CA",-0.292465058782002,2.16725344739775,"down","up",FALSE
"KEGG 05221","05221","PIK3CB",0.0186415406352155,NA,"up","not tested",FALSE
"KEGG 05221","05221","PIM1",0.933679052598952,NA,"up","not tested",FALSE
"KEGG 05221","05221","PIK3CD",-0.119354345092164,NA,"down","not tested",FALSE
"KEGG 05221","05221","PIK3CG",-0.558610658238295,NA,"down","not tested",FALSE
"KEGG 05221","05221","PIK3R2",0.612479238252084,NA,"up","not tested",FALSE
"KEGG 05221","05221","PML",0.130237030576267,-1.16781654963808,"up","down",FALSE
"KEGG 05221","05221","PPARD",0.742304981425991,-1.66402338034069,"up","down",FALSE
"KEGG 05221","05221","MAPK1",-0.0338044566664251,1.97690167713987,"down","up",FALSE
"KEGG 05221","05221","MAP2K1",0.159792550929499,-1.17312314697461,"up","down",FALSE
"KEGG 05221","05221","MAP2K2",0.256570899956579,NA,"up","not tested",FALSE
"KEGG 05221","05221","RAF1",0.103071345288305,NA,"up","not tested",FALSE
"KEGG 05221","05221","RPS6KB1",0.0946053360820546,NA,"up","not tested",FALSE
"KEGG 05221","05221","SOS1",-0.390103217181705,NA,"down","not tested",FALSE
"KEGG 05221","05221","SOS2",-0.217669885022165,NA,"down","not tested",FALSE
"KEGG 05221","05221","SPI1",-0.45022799411746,NA,"down","not tested",FALSE
"KEGG 05221","05221","STAT3",0.221664426228325,-2.72468532377667,"up","down",FALSE
"KEGG 05221","05221","STAT5B",-0.368489323920547,NA,"down","not tested",FALSE
"KEGG 05221","05221","TCF7",0.533109582793078,NA,"up","not tested",FALSE
"KEGG 05221","05221","TCF7L2",-0.380570359181772,NA,"down","not tested",FALSE
"KEGG 05221","05221","PIK3R3",-0.694535664653615,NA,"down","not tested",FALSE
"KEGG 05221","05221","CCNA1",0.559426833200929,-1.75657910124806,"up","down",FALSE
"KEGG 05221","05221","PIM2",0.230699636770227,NA,"up","not tested",FALSE
"KEGG 05221","05221","PIK3R5",0.26124873836644,NA,"up","not tested",FALSE
"KEGG 05221","05221","LEF1",-1.31357650796597,1.25242910248492,"down","up",FALSE
"KEGG 05221","05221","TCF7L1",-0.500026430478819,NA,"down","not tested",FALSE
"KEGG 05223 - Non-small cell lung cancer","05223","ARAF",0.12378919688332,2.21335225921718,"up","up",TRUE
"KEGG 05223 - Non-small cell lung cancer","05223","FOXO3",-0.278241939448642,-2.48113722352523,"down","down",TRUE
"KEGG 05223 - Non-small cell lung cancer","05223","PIK3R1",-0.371238647785195,-1.1152241909132,"down","down",TRUE
"KEGG 05223 - Non-small cell lung cancer","05223","MAPK3",0.16556224324137,1.16356275045493,"up","up",TRUE
"KEGG 05223 - Non-small cell lung cancer","05223","RXRB",0.0961756101184384,2.23883771980391,"up","up",TRUE
"KEGG 05223 - Non-small cell lung cancer","05223","AKT3",-0.527481649165405,-1.31700310884974,"down","down",TRUE
"KEGG 05223 - Non-small cell lung cancer","05223","AKT1",0.115243504256945,NA,"up","not tested",FALSE
"KEGG 05223 - Non-small cell lung cancer","05223","AKT2",0.290568647171472,NA,"up","not tested",FALSE
"KEGG 05223 - Non-small cell lung cancer","05223","BAD",0.214098670695371,NA,"up","not tested",FALSE
"KEGG 05223 - Non-small cell lung cancer","05223","CCND1",0.66217214421585,NA,"up","not tested",FALSE
"KEGG 05223 - Non-small cell lung cancer","05223","BRAF",-0.0898362514005706,NA,"down","not tested",FALSE
"KEGG 05223 - Non-small cell lung cancer","05223","CASP9",-0.332380585568071,NA,"down","not tested",FALSE
"KEGG 05223 - Non-small cell lung cancer","05223","CDK4",0.406163484893959,NA,"up","not tested",FALSE
"KEGG 05223 - Non-small cell lung cancer","05223","CDK6",-0.111890881687392,NA,"down","not tested",FALSE
"KEGG 05223 - Non-small cell lung cancer","05223","CDKN2A",0.522637935599281,-2.50711149713909,"up","down",FALSE
"KEGG 05223 - Non-small cell lung cancer","05223","E2F1",1.18371553130752,-1.63386067661514,"up","down",FALSE
"KEGG 05223 - Non-small cell lung cancer","05223","E2F2",1.04986671864813,NA,"up","not tested",FALSE
"KEGG 05223 - Non-small cell lung cancer","05223","E2F3",0.162756288610979,-1.18304669936791,"up","down",FALSE
"KEGG 05223 - Non-small cell lung cancer","05223","EGF",-0.358488597411452,NA,"down","not tested",FALSE
"KEGG 05223 - Non-small cell lung cancer","05223","EGFR",0.603912753158947,-2.46724890439297,"up","down",FALSE
"KEGG 05223 - Non-small cell lung cancer","05223","ERBB2",0.627645304377472,-4.51743833058297,"up","down",FALSE
"KEGG 05223 - Non-small cell lung cancer","05223","FHIT",0.167544680520439,NA,"up","not tested",FALSE
"KEGG 05223 - Non-small cell lung cancer","05223","GRB2",0.156471744460999,-2.19940678599544,"up","down",FALSE
"KEGG 05223 - Non-small cell lung cancer","05223","HRAS",0.888058289083542,NA,"up","not tested",FALSE
"KEGG 05223 - Non-small cell lung cancer","05223","KRAS",0.218804297116375,NA,"up","not tested",FALSE
"KEGG 05223 - Non-small cell lung cancer","05223","NRAS",0.342741545496188,NA,"up","not tested",FALSE
"KEGG 05223 - Non-small cell lung cancer","05223","PDPK1",0.169908385745069,-1.85175999336593,"up","down",FALSE
"KEGG 05223 - Non-small cell lung cancer","05223","PIK3CA",-0.292465058782002,2.16725344739775,"down","up",FALSE
"KEGG 05223 - Non-small cell lung cancer","05223","PIK3CB",0.0186415406352155,NA,"up","not tested",FALSE
"KEGG 05223 - Non-small cell lung cancer","05223","PIK3CD",-0.119354345092164,NA,"down","not tested",FALSE
"KEGG 05223 - Non-small cell lung cancer","05223","PIK3CG",-0.558610658238295,NA,"down","not tested",FALSE
"KEGG 05223 - Non-small cell lung cancer","05223","PIK3R2",0.612479238252084,NA,"up","not tested",FALSE
"KEGG 05223 - Non-small cell lung cancer","05223","PLCG1",-0.277544086534754,NA,"down","not tested",FALSE
"KEGG 05223 - Non-small cell lung cancer","05223","PLCG2",-0.630736680614097,NA,"down","not tested",FALSE
"KEGG 05223 - Non-small cell lung cancer","05223","PRKCA",-0.262899587415656,NA,"down","not tested",FALSE
"KEGG 05223 - Non-small cell lung cancer","05223","PRKCB",-1.64673753813544,1.80667327313173,"down","up",FALSE
"KEGG 05223 - Non-small cell lung cancer","05223","PRKCG",1.66429417300741,NA,"up","not tested",FALSE
"KEGG 05223 - Non-small cell lung cancer","05223","MAPK1",-0.0338044566664251,1.97690167713987,"down","up",FALSE
"KEGG 05223 - Non-small cell lung cancer","05223","MAP2K1",0.159792550929499,-1.17312314697461,"up","down",FALSE
"KEGG 05223 - Non-small cell lung cancer","05223","MAP2K2",0.256570899956579,NA,"up","not tested",FALSE
"KEGG 05223 - Non-small cell lung cancer","05223","RAF1",0.103071345288305,NA,"up","not tested",FALSE
"KEGG 05223 - Non-small cell lung cancer","05223","RARB",-0.185945735052318,2.80333880996715,"down","up",FALSE
"KEGG 05223 - Non-small cell lung cancer","05223","RB1",-0.166570486689862,1.06224048061924,"down","up",FALSE
"KEGG 05223 - Non-small cell lung cancer","05223","RXRA",0.405651902844016,NA,"up","not tested",FALSE
"KEGG 05223 - Non-small cell lung cancer","05223","RXRG",-0.954568469177774,NA,"down","not tested",FALSE
"KEGG 05223 - Non-small cell lung cancer","05223","SOS1",-0.390103217181705,NA,"down","not tested",FALSE
"KEGG 05223 - Non-small cell lung cancer","05223","SOS2",-0.217669885022165,NA,"down","not tested",FALSE
"KEGG 05223 - Non-small cell lung cancer","05223","STK4",-0.0203155801290021,NA,"down","not tested",FALSE
"KEGG 05223 - Non-small cell lung cancer","05223","TGFA",1.25931938557532,NA,"up","not tested",FALSE
"KEGG 05223 - Non-small cell lung cancer","05223","TP53",0.526681545505673,NA,"up","not tested",FALSE
"KEGG 05223 - Non-small cell lung cancer","05223","PIK3R3",-0.694535664653615,NA,"down","not tested",FALSE
"KEGG 05223 - Non-small cell lung cancer","05223","RASSF1",-0.203937353718468,1.03910132564576,"down","up",FALSE
"KEGG 05223 - Non-small cell lung cancer","05223","PIK3R5",0.26124873836644,NA,"up","not tested",FALSE
"KEGG 05223 - Non-small cell lung cancer","05223","RASSF5",0.22819629841866,NA,"up","not tested",FALSE
