"Gene","logFC","baseMean","stat","P.Value","adj.P.Val"
"TPM1-AS",-3.45843032497303,1547.66106467704,-6.94998724941088,3.65319229193151e-12,7.43454597276777e-08
"TGM3",6.63954277087714,959.127132930084,6.86208132227173,6.78644086971042e-12,7.43454597276777e-08
"COMP",4.80565906539282,1051.09444185183,6.5159189143447,7.22459963485013e-11,5.27636593331888e-07
"CARMN",-3.3342074944873,1778.83522752799,-6.3513054012608,2.13495371024357e-10,1.16942089478592e-06
"UPK1A",3.27841581545766,80.1661693883077,6.04850670122688,1.46194542326398e-09,6.17508807111835e-06
"CPLX1",-1.67070665391992,114.418018139839,-6.0250060683504,1.69103278990005e-09,6.17508807111835e-06
"MIR145",-3.42583650629393,234.726554323609,-5.93833938979074,2.87923525314254e-09,9.01200634233614e-06
"MIR143",-3.43954659652328,79.4943336393769,-5.86324494625485,4.53907855223982e-09,1.24314013849468e-05
"ENOX1",-2.25421065112241,407.477735738819,-5.841676054007,5.1678224907212e-09,1.25807767524113e-05
"MEGF10",-2.38083715785743,37.6337413090384,-5.77916120750843,7.50739665569672e-09,1.50329416378461e-05
"MRGPRF-AS1",-2.44987255638276,69.6507507015747,-5.77826813143241,7.54734632662289e-09,1.50329416378461e-05
"CITED4",1.78749488808317,420.024567200837,5.70787595982508,1.14394735714628e-08,2.08865721625624e-05
"TCEAL1",-1.43876975925141,271.57332818391,-5.69059989733864,1.26593823166361e-08,2.13359281967306e-05
"ASXL3",-2.11299050997825,182.375811614309,-5.64976713079569,1.6066533490515e-08,2.5144124912656e-05
"LINC01605",2.62943433587525,101.903348473382,5.61266444625776,1.99234717827234e-08,2.74223608534988e-05
"HOXD3",-2.00037799928845,152.917945331144,-5.60776811570589,2.04952365287292e-08,2.74223608534988e-05
"LOC107984113",-3.04733645347597,60.0501449661533,-5.60128344384833,2.12770485855536e-08,2.74223608534988e-05
"VSIG10L",3.05602347423419,711.933065536489,5.56260644511279,2.65774814664815e-08,3.23507010517006e-05
"SPNS2-AS1",-2.56838999202371,19.9063873560412,-5.52754715339841,3.24738962275853e-08,3.74475298077049e-05
"LOC101929667",-3.40610077460614,23.192995849503,-5.51787028789397,3.43132541130063e-08,3.74741783741012e-05
"GRM7",-2.5156233052582,58.4453887435447,-5.50532847144801,3.68480579578342e-08,3.74741783741012e-05
"CDA",2.95870668969318,223.125442184374,5.46304233756419,4.68042915716368e-08,4.27332103486535e-05
"RNF222",3.17641859110252,99.2552185597502,5.45728539800318,4.83468930610134e-08,4.27332103486535e-05
"MYLK-AS2",-2.79350148196296,18.4514087366997,-5.45577414419824,4.8759938782124e-08,4.27332103486535e-05
"LOC102724019",-2.84721014503888,30.2700036983424,-5.41610912121028,6.09099362056015e-08,4.94272852690641e-05
"NANP",1.03892759854221,81.9222227196119,5.40310650797492,6.54965421361985e-08,5.12510442215753e-05
"KLHL14",-2.1776448191787,59.1880247154573,-5.35089793576233,8.7518874792199e-08,6.61220188516235e-05
"LOC105378072",-1.52531090027469,28.0243927850749,-5.34214474321731,9.18532633257994e-08,6.70834999822755e-05
"LOC102724646",-1.64675852132402,134.829048438512,-5.2990366908181,1.16415241063017e-07,7.8820502015665e-05
"MYRIP",-1.53524369145517,331.795506704166,-5.29232502981831,1.20770998588536e-07,7.8820502015665e-05
"LOC105375434",-1.73099500921598,45.0654111696509,-5.29000371119686,1.22313878070863e-07,7.8820502015665e-05
"LOC105373504",-2.65178849538164,31.9300391693467,-5.26544296107248,1.39851736905002e-07,8.75471873025313e-05
"CDK5R1",1.87632408147304,195.448612856414,5.24814198599729,1.53640867707101e-07,9.35075392072937e-05
"LOC102723568",3.19278204785967,26.3651560200842,5.22364188959998,1.7543791689524e-07,0.000103887696193911
"SYN2",-1.76241820455292,62.5673259871717,-5.19411570050808,2.05695194065288e-07,0.000117738514597689
"TIGAR",1.02235170747342,155.225964669815,5.19063719764112,2.09575630730711e-07,0.000117738514597689
"ADRA2C",-3.08897530853751,317.676191113212,-5.17264356335491,2.30805039436509e-07,0.000124402176007806
"SOX10",-1.76919194265703,219.714861028764,-5.17104158263653,2.32792752912827e-07,0.000124402176007806
"LOC105373757",-2.89768490811345,17.6174272105184,-5.16218160395781,2.44088315116865e-07,0.000127332737719298
"ZNF536",-1.96324822849749,101.731323796812,-5.14591532654547,2.66219491834485e-07,0.00013564811781613
"GRIN2B",-1.8717757361111,54.6771306367088,-5.13127283113273,2.87789407275692e-07,0.000137434573165084
"SEL1L2",-4.24163645460249,34.9043240178267,-5.13078025423336,2.88543604089178e-07,0.000137434573165084
"RNU4-1",2.71578231441828,81.6244574909969,5.11653547859867,3.11198770945204e-07,0.000142151792786978
"ALAS2",-4.60797326086746,630.502979293878,-5.11600036032114,3.12082462954197e-07,0.000142151792786978
"KL",-1.57004751928968,90.0316039369432,-5.1125069077716,3.17911357670558e-07,0.000142151792786978
"TXN",2.3559522070381,2124.97296493753,5.10705740510302,3.27214365621118e-07,0.000143385335015174
"PPFIA2",-2.12158243435106,191.506492875803,-5.09985998869462,3.39904819624899e-07,0.000146025776431011
"KLHDC1",-1.09015580742285,172.789350739,-5.08551654528485,3.66626867496173e-07,0.000154476820516176
"LOC105370928",2.46071658927606,101.07376839777,5.0710543869893,3.95617682361065e-07,0.000158022838488459
"WDR12",1.17268824835346,404.990285817331,5.07054414959118,3.96679877538351e-07,0.000158022838488459
"SLURP1",4.39730140112217,390.225382441254,5.04159141796121,4.61676208031794e-07,0.000177810744485741
"ADAMTSL1",-2.04483527229351,604.818922938123,-5.03869997497284,4.6870453762791e-07,0.000177810744485741
"PGR-AS1",-2.39581341757676,98.5115268205461,-5.03517863345403,4.77403424309339e-07,0.000177810744485741
"PCED1B",-1.50191104174108,189.868215384391,-5.03461311527056,4.78814875611989e-07,0.000177810744485741
"GAS6-DT",-2.06874301216483,39.1602997791203,-5.00897644133251,5.47202701180947e-07,0.000198787149293606
"ST8SIA1",-1.42010812573621,180.658522791175,-5.00546290298944,5.57279450973347e-07,0.000198787149293606
"LOC105369919",-2.31977237533535,15.2745518253477,-5.00365993408787,5.62519546152604e-07,0.000198787149293606
"TCEAL3",-1.02487511303358,156.8740423975,-4.9901045302104,6.03466276585091e-07,0.000209872160634593
"LOC105375520",2.42944570407014,48.6078500488619,4.98663854498585,6.14388535289136e-07,0.00021033207512789
"SCD",2.72231142071206,3060.02188731689,4.9785760840213,6.40537634751286e-07,0.000215910455036933
"SPRR2B",4.69871912316147,119.717408015084,4.96940200598233,6.71597014568626e-07,0.0002229498574121
"DHRS1",1.41078400479872,516.253333084435,4.96360883028636,6.91952387142893e-07,0.000225487752029581
"ABCB5",-3.00453701700731,60.0798202260198,-4.96122954884106,7.00483511798254e-07,0.000225487752029581
"IGLON5",3.22441301308961,72.4821780163807,4.95614615838659,7.19051340426608e-07,0.000225487752029581
"NKD1",-2.47394712180624,947.505384262907,-4.95523978036454,7.2241145405475e-07,0.000225487752029581
"TGM5",3.06412842595073,144.90779694491,4.95032705841924,7.40888685171005e-07,0.000225487752029581
"N4BP3",1.49720859116048,370.535834018011,4.938134269622,7.88735315510397e-07,0.00023438700965797
"SULT1C4",-1.58642933491456,87.2651820528048,-4.93564845249414,7.98848889665528e-07,0.00023438700965797
"LINC02765",-2.68618074516785,16.9272273594276,-4.93480011057078,8.02328878336273e-07,0.00023438700965797
"CAVIN2",-1.70738813322508,1128.49647612226,-4.92417045366428,8.47189672769158e-07,0.000243198051630062
"SLC25A27",-1.50124608011216,265.670592561822,-4.92244643265801,8.54689638316513e-07,0.000243198051630062
"LOC105370844",-1.21251625751067,52.5467259023724,-4.91498219407121,8.87905290879688e-07,0.000249410319527871
"LINC02600",-3.40976281351337,196.004950741748,-4.90495885113748,9.34469273411313e-07,0.000259167364309391
"MIR4720",1.85084979028662,37.2570548803451,4.89836314689607,9.66383096230747e-07,0.000264668170480196
"SLC31A1",1.1428644336457,398.529373219991,4.88246457650716,1.04768064480769e-06,0.000283391147256005
"ADAMTS10",-1.47184634851944,870.41198033824,-4.87572877040295,1.0840747797971e-06,0.000289659492992129
"DIO3",-2.21431936186971,176.217228363916,-4.86623295099298,1.13745439611534e-06,0.000300260552034785
"KCNJ3",-3.67389195934049,44.7739010257765,-4.85867977141043,1.18171082779534e-06,0.000308229574249952
"MVK",1.67893314016469,452.740721974219,4.85207681784449,1.22175279489487e-06,0.000313193687822137
"LOC105370152",-1.65600757580442,29.0680736857251,-4.85085052505027,1.22933168200382e-06,0.000313193687822137
"POU3F1",2.68037192240219,84.9235094498504,4.84530187442639,1.26419312458853e-06,0.000318224709386742
"MEF2C-AS1",-2.31894882602616,51.5944577639909,-4.84186369179244,1.28626990083221e-06,0.000318224709386742
"SPINK7",4.97854027343877,380.383282015269,4.84088037671676,1.29265171772798e-06,0.000318224709386742
"SLURP2",2.77164258412374,150.616283515061,4.83794823302053,1.31186295960493e-06,0.000319365749388268
"RAB40A",-1.88797252413405,23.4726553126337,-4.81934031620113,1.44033682421171e-06,0.000344967366806948
"AFG2B",1.04845356418487,260.253232939098,4.81821029463265,1.44851655619531e-06,0.000344967366806948
"ANO2",-1.25968990090321,679.152931925786,-4.81135713978553,1.49908868443924e-06,0.000351601794130619
"PNMA8B",-1.4316569447356,151.766805156781,-4.80750915700312,1.52822421214497e-06,0.000352456763032592
"BMPER",-3.30467639825338,194.20747342916,-4.80162200542567,1.57385570732748e-06,0.000359199776536928
"OTOP2",4.31001647182477,94.9838442888292,4.79595330091025,1.61902998471236e-06,0.000362182662775257
"DNAI4",-1.31308383366228,73.517284650026,-4.79583494194865,1.61998635107144e-06,0.000362182662775257
"LOC105374235",-2.60647764029544,28.1172189041405,-4.77525886671498,1.79476231367675e-06,0.000397204467602602
"ATP2B2",-2.3110586972525,87.0702994466004,-4.76894427413292,1.85193875322929e-06,0.000405759780832537
"LOC147004",-3.64589277958099,11.6012920962836,-4.7644451697049,1.8937400181504e-06,0.000410810334630448
"CST6",3.82596780983598,56.3850924762067,4.75719443085351,1.96302079329392e-06,0.000421664564520293
"LOC107985980",2.14596164161913,39.4554716830222,4.75518643474683,1.98263367115351e-06,0.000421742754708479
"FRG1-DT",-2.46046277780955,12.8057250148809,-4.73948896691877,2.14257900753095e-06,0.000447084819571458
"KRTAP5-AS1",-1.58587800864513,18.1303902130609,-4.73517396313479,2.18867284838071e-06,0.000452394548188881
"TMED3",1.44946625107794,962.528866221085,4.73215527163302,2.22148373726547e-06,0.00045488512788305
"HOXD4",-1.99068068747813,321.802422859756,-4.7277040319366,2.27072846125752e-06,0.000457270517689849
"PDE9A",-1.38194803474736,148.943043695616,-4.72733356890824,2.27487386710149e-06,0.000457270517689849
"RGS7BP",-2.73171438608555,78.0537438286084,-4.71572124566058,2.40856005758677e-06,0.000479741371470237
"EXOC6",-1.23026087546903,167.793787303811,-4.70566395704492,2.53041041665829e-06,0.000499471101162011
"LOC107985725",-1.37815445579716,42.6231611319545,-4.70166733003471,2.58045672678692e-06,0.000504801847177691
"PPP1R14B-AS1",1.66195002492665,72.7757475821202,4.69741381123078,2.63476306290775e-06,0.000510864236356715
"MYO16",-2.19813248771536,112.327346163229,-4.69002071082636,2.73177397085382e-06,0.000525027786854448
"GPM6A",-2.42067213406345,135.545157836609,-4.68132870747303,2.85021496294572e-06,0.000538346636535695
"CYP1B1-AS1",-2.05067063690501,25.4048613682144,-4.67737469793993,2.90571017649019e-06,0.000544137692024787
"PAK6-AS1",2.68907906829262,28.7749123674946,4.67248536901808,2.97576720675449e-06,0.000552534402542295
"SMAGP",1.82223143765624,275.056448412951,4.66940767742504,3.02069409861608e-06,0.000555490364273689
"FOXD3-AS1",-2.57763218971247,15.7118860784379,-4.66282674688727,3.11895320432474e-06,0.000555490364273689
"ALOX12B",3.91248904073281,607.389320403071,4.66193854435289,3.13244738372807e-06,0.000555490364273689
"PCDHB19P",-1.42055579879239,47.8210709951189,-4.66126037941911,3.14278821309667e-06,0.000555490364273689
"SPRR2E",5.83263360091015,764.741931800969,4.66119370044724,3.14380671702134e-06,0.000555490364273689
"ADRA1D",-1.9386151974099,104.17052634353,-4.65866646696384,3.18264380808003e-06,0.000557685489007363
"LINC01798",-2.13714810739667,37.6996348417282,-4.65606188835932,3.22315083284937e-06,0.000557685489007363
"ZCCHC12",-4.86304110953051,393.919850382765,-4.65545943724486,3.23259046572045e-06,0.000557685489007363
"NR2F2",-1.53972589832941,2349.0327162049,-4.64399823593843,3.417304795117e-06,0.000584946469226667
"SH3PXD2A-AS1",2.10853758567153,155.55863548207,4.63319736531617,3.60060969674414e-06,0.000611545414384993
"DGKB",-3.04711406389915,104.479396633491,-4.62923418591934,3.67020516044584e-06,0.000618570731272064
"ARHGAP10",-1.05538884222441,810.418941697554,-4.6268042979837,3.71351103582763e-06,0.000618632245858168
"CCDC27",-1.96452413726554,20.2817065231817,-4.6253278596513,3.74006316742768e-06,0.000618632245858168
"PRTG",-1.58218556959456,121.25966485112,-4.62293348090727,3.78351076882677e-06,0.000618632245858168
"LINC02589",-2.14135393467756,35.6307433857299,-4.61770334679703,3.88010395419344e-06,0.000626577914856772
"DTX3",-1.02724301804556,749.266364352387,-4.61721186117965,3.88930152535468e-06,0.000626577914856772
"DNAJC27-AS1",-1.99041716461531,27.8382228110708,-4.61205719951808,3.98703237143563e-06,0.000637634155169012
"ZNHIT2",1.14420740831413,142.90720049935,4.60748090777904,4.07576613959237e-06,0.000647101711003398
"SYBU-AS1",-2.94458713669259,15.6351264084927,-4.60527942373189,4.11912390727033e-06,0.000648110727057071
"ME3-DT",-1.63815406027723,204.01706238422,-4.60416287984268,4.14128260100365e-06,0.000648110727057071
"HK2",2.58634722345727,963.921923692059,4.5955289644135,4.31652824428841e-06,0.000669910318285119
"SOX5-AS1",-1.91223570426195,30.5800812787469,-4.59291873269042,4.37089307922803e-06,0.000669910318285119
"TM7SF2",2.16331242206028,471.771784295662,4.5928514159172,4.37230376607814e-06,0.000669910318285119
"CNR1",-2.0700897273335,92.5951554397569,-4.58898839763259,4.45399181493634e-06,0.00067768722684205
"LOC388436",-1.90695350753821,21.7690566463082,-4.5875382900764,4.48503186897705e-06,0.000677703781029566
"LOC102724775",-2.5603594648347,36.0374947501277,-4.58054338650391,4.63769391449026e-06,0.000695971737441655
"GBP1P1",1.90010647530566,73.5221959301742,4.57790935537042,4.69646108199388e-06,0.000696664873537741
"LOC102724586",-2.73421776305224,42.0082591528182,-4.57748896592653,4.70590603758948e-06,0.000696664873537741
"KLK7",4.4826675076999,544.705307267651,4.57598277418895,4.73989547852648e-06,0.000696987314996747
"NRN1",-1.62937802512467,163.100858969195,-4.57436865547152,4.77658143704801e-06,0.00069769932857148
"TMEM184A",2.14959327438218,2674.65736814918,4.57111398553131,4.85138288709943e-06,0.00069943229654186
"KLK5",4.73104910613848,561.12009547532,4.57107474273929,4.85229160540222e-06,0.00069943229654186
"FAM90A1",-1.79184384458845,97.1803782951638,-4.56917800572592,4.89640792162722e-06,0.000701178415443479
"KCNMB4",-1.31329447608395,124.28916298067,-4.56704540656282,4.94646891805526e-06,0.000703747623341498
"TEK",-1.16241624132263,457.29246873307,-4.5609274984851,5.09281645482226e-06,0.000719894248549392
"LOC105371589",-2.52606043850012,21.9605375378195,-4.55860747585061,5.14939109420361e-06,0.000723225377397442
"LOC107984213",-2.97435272605828,75.7325171047649,-4.55413243813407,5.26022102608781e-06,0.000731670552549021
"IL36RN",4.28148777938192,166.309681001944,4.55349033086493,5.27630978104725e-06,0.000731670552549021
"TMEM72-AS1",-1.80109985136191,15.8095564792516,-4.54285781594263,5.54966851673505e-06,0.000764737340890974
"MAL",3.30025078307699,1438.00246800696,4.53971437858308,5.63304818364519e-06,0.00076671156679823
"LINC00693",-2.46309217875512,15.5094891816858,-4.53967939785764,5.63398275922022e-06,0.00076671156679823
"ZIM2",-1.53609478148243,72.7726678829741,-4.53388607294701,5.79082715013277e-06,0.000781645253288739
"SLC15A1",3.38163084441931,65.2149326149333,4.53300406127179,5.81506966161864e-06,0.000781645253288739
"TRIM16L",1.87572067490106,254.615948276247,4.53099656586344,5.870609298549e-06,0.000784299083726881
"TTC23L",-1.64872486118531,25.4185489759457,-4.52818685471155,5.9491963369045e-06,0.000788284980673271
"PGR",-2.90544467218345,3185.24655761751,-4.52616886445792,6.0062592797654e-06,0.000788284980673271
"LOC105371716",-1.8145076039738,28.2729695846745,-4.52609424335754,6.00837935976432e-06,0.000788284980673271
"TDRD9",-2.07682918353668,16.3462526700625,-4.52009211012074,6.18127313953837e-06,0.000806141038614796
"TGM2",-2.20202664452938,3791.17334708884,-4.51834808392822,6.23239656766886e-06,0.000807998868624998
"LOC101927078",-2.9609825751033,10.5865443435884,-4.51609500904694,6.2990411632604e-06,0.000811835246394326
"PPFIA2-AS1",-2.38092836212203,16.9637614523929,-4.5121297474671,6.4179905930898e-06,0.000822328502307588
"SMCO3",-1.98129243641003,33.228383199405,-4.50818305971353,6.53851509281822e-06,0.000830435610668165
"LOC105375151",-1.65052500853791,52.3355210614756,-4.50758171641934,6.55706803494261e-06,0.000830435610668165
"CHN2",-1.55844915171927,136.835403749638,-4.50508552148868,6.63462172100423e-06,0.000835428516708062
"ITGA9-AS1",-1.5873832129658,60.9223227591562,-4.4998300175648,6.80078223869381e-06,0.000851457936284465
"LOC105375247",-2.19177207188423,15.7847588603592,-4.49250773742781,7.03893602317258e-06,0.000876267546975632
"SMOC1",-3.47951778223043,152.066821539725,-4.48736109299701,7.21107975188187e-06,0.000881433065828815
"LINC02487",3.81656968211511,132.646532826059,4.48640313039475,7.24356278371876e-06,0.000881433065828815
"LOC107985075",3.73225396681061,156.243823123295,4.48621092600167,7.25009697072513e-06,0.000881433065828815
"LOC101927825",-1.23603350874302,377.992707941505,-4.48528720626657,7.28157849908789e-06,0.000881433065828815
"USH1G",3.42785847328544,148.296527362162,4.48041431965417,7.4498281867048e-06,0.00089350362654183
"LOC107984452",-2.20800828836746,27.7069280663094,-4.48004142207024,7.46285548412391e-06,0.00089350362654183
"LOC105377395",-2.64745193642401,19.7358420218956,-4.47690454174043,7.57330910080061e-06,0.000901800013035551
"ZNF471",-1.01903411002513,286.163123479719,-4.4737241109581,7.68689106400291e-06,0.000910377206552994
"ULBP3",1.98762130023898,43.6391305605984,4.47045108412377,7.80547951927901e-06,0.000919451915416146
"LOC105374785",-2.83693726563925,26.2463854443946,-4.46750282225771,7.91379676386584e-06,0.000927226134204815
"AMIGO2",-2.0415153686187,367.68745373666,-4.46526091822986,7.99712314383881e-06,0.000932005149369725
"NOS1",2.46082854900614,407.772635418799,4.45939238307551,8.21923293856517e-06,0.000938966109403405
"NXPE1",-1.83712854218246,25.1892911332638,-4.4584089173203,8.25702692500294e-06,0.000938966109403405
"KRT78",5.42697618040047,539.646377531546,4.45821965929247,8.26431902899964e-06,0.000938966109403405
"NAV3",-1.57980383764282,329.286839487639,-4.45665571728094,8.32481370252268e-06,0.000938966109403405
"MFSD4A-AS1",-1.61285263846931,13.6310180539788,-4.45662252897959,8.32610203049898e-06,0.000938966109403405
"SERPINB7",3.96162883882153,72.670978595257,4.45592400984524,8.35326191786681e-06,0.000938966109403405
"SNORD83B",1.64802555824053,48.959475071222,4.45443963610456,8.41125892208062e-06,0.000938966109403405
"RSPH3",1.07863409462182,389.325994548527,4.45361378091588,8.44369291196495e-06,0.000938966109403405
"CCDC180",-1.36130501209573,158.812596548135,-4.4518273059727,8.51426297107392e-06,0.000938966109403405
"DGAT2",2.76901443937758,216.397036448545,4.45147456386608,8.52826361347684e-06,0.000938966109403405
"SNHG3",2.065790845825,1074.32032400471,4.44783706881364,8.67392816704925e-06,0.000950228830700246
"RERG-AS1",-2.17243765906258,28.8179023764347,-4.44416241921245,8.82349310763241e-06,0.000959634230248536
"LOC107986197",1.75967817414004,101.074605330553,4.44254722801366,8.89001117081024e-06,0.000959634230248536
"SCUBE3-AS1",-1.35539031438584,209.889864024141,-4.44190842550116,8.91645084155376e-06,0.000959634230248536
"DCT",-2.41186815123201,27.0760353964858,-4.4381207441276,9.07477106176952e-06,0.000959858063768982
"IRAG1",-1.97769197087548,2313.01778893802,-4.43709664592899,9.11803619079014e-06,0.000959858063768982
"DNM1P46",-1.76428533303254,39.6564327378953,-4.43285813985776,9.29920546439032e-06,0.000959858063768982
"RNF216-IT1",-1.6575152306944,50.2497847248689,-4.43249438603554,9.31491286424052e-06,0.000959858063768982
"INPP4B",-1.0695222672523,493.511960679514,-4.43200113405722,9.33625267051561e-06,0.000959858063768982
"C17orf67",-1.06061654615156,103.030309801533,-4.43082571946958,9.38729364465595e-06,0.000959858063768982
"SLC7A11",2.69134032262801,63.100486153105,4.43044598512393,9.40384005082409e-06,0.000959858063768982
"CPAMD8",-2.81086155207489,321.160805343479,-4.42690154295462,9.55963396719355e-06,0.000965892831623225
"SYT10",-3.28967401626594,25.732935331043,-4.42669104912161,9.56896324487698e-06,0.000965892831623225
"SOX5",-1.8242563808315,668.771676798624,-4.42299838516892,9.73404692733992e-06,0.000971667112896836
"TMEM125",3.114690640504,67.4303286380285,4.42249890428551,9.75658442890479e-06,0.000971667112896836
"SCUBE3",-1.65101932721604,617.570361927644,-4.4124272421041,1.02218150347245e-05,0.00100389044861243
"TOLLIP",1.03658786205015,2115.75484058714,4.41219027365742,1.02330121555712e-05,0.00100389044861243
"GPR78",3.39466130041235,77.8929759535039,4.411142505394,1.02826613577954e-05,0.00100389044861243
"TPM1",-2.15482954552927,5794.94535250808,-4.41014243604216,1.03302648355922e-05,0.00100389044861243
"SLC27A4",1.56860192215438,957.814198111847,4.40911444779285,1.03794165759914e-05,0.00100389044861243
"TFPI",-1.50124607104102,601.677820658762,-4.40901967218542,1.03839593590562e-05,0.00100389044861243
"HS6ST3",-3.14740991714661,42.4083852530459,-4.40778013928079,1.04435477123138e-05,0.00100389044861243
"ANKRD35",2.2079052595668,469.149826408365,4.40508955093052,1.05740186660993e-05,0.0010116888601495
"LOC105377394",-2.11938694721033,129.645846332411,-4.40253265777267,1.06994478096173e-05,0.00101482641345764
"NKAIN3",-1.75217792803004,40.6589859832575,-4.39972346191384,1.08388912978929e-05,0.00102362115662429
"DBNDD1",1.92646618732908,155.614869272952,4.39475721342346,1.10896626255057e-05,0.00104125209954983
"GPR17",-1.87648689283778,715.377372776492,-4.39347437656565,1.1155334291662e-05,0.00104125209954983
"TLCD1",1.14071556124814,116.808205167201,4.39322480597988,1.11681535095486e-05,0.00104125209954983
"LOC107985251",-1.95876763812173,19.0164375252628,-4.38511984756978,1.15921937527816e-05,0.00107620747933663
"FBXW10",2.16236164767238,53.6574069299275,4.38337251962656,1.1685604084365e-05,0.00108030204847442
"PRKCB",-1.85952649327872,456.751572467934,-4.3794880715209,1.18958432663227e-05,0.00109053525508423
"RXFP1",-2.45133092152473,49.7657726490152,-4.37618177930785,1.20776302434909e-05,0.00110258699431203
"NOSTRIN",-1.88231394731591,273.072164937789,-4.37504090357076,1.21409710036128e-05,0.00110377043439484
"NECAB1",-1.87470679010965,92.0153853657732,-4.37005646942226,1.2421441024063e-05,0.00111997437381572
"NALF1",-1.6889187698794,80.9865836994047,-4.36525530517644,1.26974369299337e-05,0.00114016738989692
"MYCT1",-1.20698039271443,172.766680882614,-4.36435377704468,1.27499098088609e-05,0.00114020622004956
"GATA5",-3.23002814029178,66.7287190021348,-4.35861173525482,1.30890090827688e-05,0.00116577312603034
"SNORD31",1.69178391613614,35.7740419095752,4.34577518345096,1.3878465903494e-05,0.00121639406483358
"DOLPP1",1.37101867816971,221.710285249269,4.34575978951704,1.38794393522772e-05,0.00121639406483358
"GPR157",1.94741214875842,1483.75424619732,4.33999069117222,1.42488751974693e-05,0.00124336800714571
"TACR1",-1.39255557266799,321.791613325119,-4.33919255032498,1.43007182930497e-05,0.00124336800714571
"FUT6",3.31103838824571,179.85654888577,4.33153776581699,1.48071543158487e-05,0.00126476501479253
"ULK3",1.00247882220555,962.660728289855,4.33143023293205,1.48143889791656e-05,0.00126476501479253
"LOC101929963",-2.00605299809015,32.6165959488076,-4.32972794373066,1.49293666178323e-05,0.00126476501479253
"EMX2OS",-2.5253949410963,939.677794938921,-4.32917755546394,1.49667231416497e-05,0.00126476501479253
"PLD5",-3.34534678302688,62.0978543700475,-4.32875987793275,1.49951316491033e-05,0.00126476501479253
"CHP1",1.01081878210518,1676.49322933959,4.32857450002209,1.50077566700849e-05,0.00126476501479253
"CLIC3",2.84059238100352,528.702647531671,4.32856180230048,1.5008621809496e-05,0.00126476501479253
"YPEL3",-1.02110767653261,465.989785368927,-4.31644148790015,1.58564687540324e-05,0.00133109283678486
"IGSF1",-2.14510333278912,43.2886655076881,-4.31542640613899,1.59295116004875e-05,0.00133212060750642
"PRKG1",-1.60102546699814,726.133307020655,-4.31358728445498,1.60626681021639e-05,0.00133814850995594
"KEL",-1.97610667918625,21.2897918999407,-4.30958354442489,1.63562261778398e-05,0.00135744286195633
"LOC101928847",-2.03016081404412,27.8043382592834,-4.30779414743366,1.64890734913316e-05,0.00136095753502975
"SHANK2-AS1",2.33479019628692,25.6368123151987,4.3073419572547,1.65228071345465e-05,0.00136095753502975
"RHBDL2",1.82863228453854,147.432714353303,4.29980731543493,1.70946673708897e-05,0.00140278712395578
"LOC221946",2.22713387704747,401.849427891663,4.29856548280635,1.71907113974509e-05,0.00140540480118712
"LINC00842",1.92284908096026,35.3190095617235,4.2868460988105,1.81227755568053e-05,0.00147243968938637
"DPY19L2",-2.05350917213649,494.621211984197,-4.28657273924136,1.81450806085952e-05,0.00147243968938637
"ADAM22",-1.75984933261516,368.131286404419,-4.28491604837545,1.82808205480803e-05,0.00147798073139645
"WHAMMP3",-1.3996778947627,76.7295789908962,-4.28252361080309,1.84785517030606e-05,0.00148847451402227
"FAM110B",-1.4544479038135,330.021938370649,-4.27989139261752,1.86984537660235e-05,0.00149519387596195
"ACSS3",-1.49072702801762,378.111392968301,-4.27735180695965,1.89129781478098e-05,0.0015068485498855
"LINC02880",-2.20594655143572,12.2787574227311,-4.27634446721204,1.8998718012696e-05,0.00150819533209482
"SYT14",-3.03153333535517,16.3071925646598,-4.27022347299306,1.9527720293912e-05,0.0015431993147339
"SIGLEC16",-1.32366680434663,91.4879140283211,-4.26962111821968,1.9580529872023e-05,0.0015431993147339
"PLA2G4D",4.65264287609947,197.136947474244,4.26533664547893,1.99601009461532e-05,0.0015655458592976
"HCG23",-2.02581719706954,10.4894976421332,-4.2639997160455,2.00799698474362e-05,0.0015655458592976
"EMX2",-2.60667644012278,136.378991704362,-4.25984080312067,2.04572557075006e-05,0.0015655458592976
"LSAMP",-1.42444019382782,401.141746356795,-4.25925233814774,2.05111817263379e-05,0.0015655458592976
"GPT2",1.83363204254486,361.838640158747,4.25893665940557,2.05401657879837e-05,0.0015655458592976
"CCDC141",-1.0960110599647,111.207111136134,-4.25873745399048,2.05584759085964e-05,0.0015655458592976
"MXD1",1.63829978982707,1270.7714388759,4.25687281261453,2.07306210821469e-05,0.0015655458592976
"SLC25A53",-1.23329270788272,41.1409777163905,-4.25599122284069,2.08124871471827e-05,0.0015655458592976
"SLC43A1",-1.46954737253629,291.115521972605,-4.25583855753368,2.08266951609615e-05,0.0015655458592976
"HTR1F",-1.8199887057555,32.8409801897661,-4.25543370936855,2.08644176592834e-05,0.0015655458592976
"RXRG",-2.04784438119658,38.1631684408869,-4.25423653162287,2.097634793997e-05,0.00156857263947011
"LOC101928373",-1.95590730880246,49.3917207924079,-4.24743621948198,2.16230693819104e-05,0.00161143350393761
"CCDC85A",-1.32509611753291,110.365053564446,-4.23714732342923,2.26377606738897e-05,0.00167001123355193
"SHC4",-2.09482853432119,33.3547859565153,-4.23545697556903,2.28087374293171e-05,0.00167649744133179
"GRIK5",-1.83801680160257,197.086709357882,-4.23428798438384,2.29276976135325e-05,0.00167649744133179
"MRGPRF",-1.7310936132048,1955.09301427829,-4.23401818938754,2.29552365312432e-05,0.00167649744133179
"LRCOL1",-2.25776293034564,16.1454459842513,-4.22804048775138,2.35735378378943e-05,0.00170824659413564
"RAB9B",-2.20956515551219,91.4900129950069,-4.22684360810166,2.36992261283175e-05,0.00170824659413564
"SPAG8",-1.46964759438611,56.7423881894388,-4.22433715321666,2.39645061472437e-05,0.00170824659413564
"LOC105376957",-1.82473676328248,29.4984390647519,-4.22396893808338,2.40037147787337e-05,0.00170824659413564
"RASSF9",-1.5129468283689,161.438104496632,-4.22360804775276,2.40422026638763e-05,0.00170824659413564
"CBR3",1.37348780592362,297.483128985982,4.22345228681804,2.40588322394046e-05,0.00170824659413564
"DGKG",-2.01007554829269,189.625818030999,-4.22320729480474,2.40850105785515e-05,0.00170824659413564
"TBXA2R",-1.67844762399227,174.424707323879,-4.22314513719073,2.40916566676363e-05,0.00170824659413564
"PURG",-2.15681051841227,36.8125596828049,-4.22108555713783,2.43128628638544e-05,0.0017167954635133
"LOC105377785",-1.86149721953409,15.4254960265284,-4.22056631016095,2.43689360635616e-05,0.0017167954635133
"BRSK2",-1.51908913205716,278.425075859649,-4.21689231299513,2.47692184907624e-05,0.00173151240007502
"TLL1",-1.81447819527086,277.158493554463,-4.21654455133027,2.48074295207424e-05,0.00173151240007502
"LRCH2",-1.65443779743769,162.571416929958,-4.2164764410989,2.48149198367665e-05,0.00173151240007502
"LOC105379082",-2.49900164325258,18.0780992119765,-4.21520459826933,2.49551845698701e-05,0.00173577172674874
"RAB3D",1.31446882468097,2133.20949640494,4.21327585285381,2.51693355351475e-05,0.00173819576784634
"AP1S3",2.58623220923074,222.820835357964,4.21322943182568,2.51745111987473e-05,0.00173819576784634
"PLCB4",-1.21638966514825,619.584906345737,-4.21274990033749,2.52280353343284e-05,0.00173819576784634
"LOC102723490",-2.52193910624601,47.9875079015968,-4.20981316564079,2.55581953591744e-05,0.00174993768849847
"CNTLN",-1.2698166984762,280.798951550309,-4.20615173603161,2.59755866207838e-05,0.00177297539832203
"AKR1C2",1.58398645744405,315.627977323178,4.20537224637254,2.60652790897763e-05,0.00177357225110869
"PEG3",-1.61596588425893,498.474351036295,-4.20427428369459,2.6192116629105e-05,0.00177668506298356
"PDE2A",-1.47116677494079,976.252014586822,-4.1986918276008,2.68461378079993e-05,0.00181542864004094
"ARMCX1",-1.35370000648576,329.234826699887,-4.19341889169052,2.74781353214587e-05,0.00185244906120972
"BPGM",1.79334433578099,564.435744029096,4.19147575730423,2.77145806142848e-05,0.00186265785662264
"LOC105375753",-1.95129055865692,17.109280224083,-4.19032151958973,2.7855945524728e-05,0.00186643353653453
"SNORD139",1.59824067204913,77.172371587891,4.18806527937131,2.81342600483851e-05,0.00187933426115889
"LOC107984535",-1.87136964941027,30.0947055461274,-4.18498846474947,2.85180582689738e-05,0.00189632820768213
"SMOC2",-2.01365714198113,976.615303950769,-4.18464056533107,2.85617667063032e-05,0.00189632820768213
"ATG4D",1.03270725520567,509.945472628854,4.18256027790868,2.88244560168435e-05,0.00190798740582792
"ABCG2",-1.65109871809597,315.525577088197,-4.17895596790305,2.92850372476712e-05,0.00193263604245926
"NEK3",-1.28970892223794,118.988424618073,-4.17813569154475,2.93908301115572e-05,0.00193379305628895
"LOC105373170",-1.1670886556998,41.2833455242261,-4.1763396473073,2.96237397926133e-05,0.00194032669187833
"ALDH8A1",-1.88132911347304,20.789171038669,-4.17590436261417,2.96804507157425e-05,0.00194032669187833
"LOC105374584",-1.3197328888635,159.059901144596,-4.17532717396516,2.97558086933418e-05,0.00194032669187833
"RASAL1",2.78086310327913,429.027321969037,4.17289176642908,3.00757835558105e-05,0.00194958703463849
"GRAPL",-1.59417735271519,83.5841001608167,-4.17024974778325,3.04266009867991e-05,0.00196023655233756
"NPAS4",-2.68913467994522,142.898614888285,-4.16988418918228,3.0475446442768e-05,0.00196023655233756
"ME3",-1.14877749025035,569.572511150236,-4.16963732721811,3.05084739546832e-05,0.00196023655233756
"SYDE1",-1.09172893040152,886.256106590639,-4.16782649369035,3.07517862597775e-05,0.0019700925057068
"LIFR-AS1",-1.88926042361186,40.9429108290661,-4.16373029368542,3.13089925560509e-05,0.00199994176939672
"ADGRF2",2.04711847047867,23.5659321857005,4.16255549086929,3.14705629770891e-05,0.00200441870589542
"RAET1G",1.57582849335257,83.2063226600447,4.16126962194694,3.16483163350821e-05,0.00200767672181926
"FBXW9",1.20594783723965,185.330091209269,4.16086114762679,3.17049815494964e-05,0.00200767672181926
"ZNF431",1.03994791604856,685.356831855583,4.1570415246864,3.22395408739652e-05,0.00202979408203614
"KLRG1",-1.47552183238419,37.976205797412,-4.15433835987345,3.26230133892638e-05,0.00204805221592771
"TRANK1",-1.06868977403354,1704.63854150554,-4.15182967746935,3.29827699957396e-05,0.0020594538030202
"MAS1",-3.11613556297264,54.8135721338245,-4.15110845563035,3.30868920016462e-05,0.0020594538030202
"LOC105369872",-1.96316237849338,11.4049486024722,-4.15074204501042,3.31399098393399e-05,0.0020594538030202
"WSCD1",-1.66582937675308,134.503563324913,-4.15046113186764,3.31806112490246e-05,0.0020594538030202
"UPK1A-AS1",2.09187197621775,16.6042020738223,4.14935284688207,3.33416539877602e-05,0.00206360349963793
"ACER1",3.20791138721507,49.3544567860379,4.14809867324315,3.35247909778283e-05,0.00206909343753301
"MEAK7",1.11582197568514,790.821113384174,4.13712272726349,3.51688028044683e-05,0.00216446199282557
"CTNNA3",-2.22057857895921,50.0621248538118,-4.13344041776538,3.57372972803078e-05,0.0021887023993607
"DLEU7",-1.74877180014256,12.7524110026939,-4.13327873140992,3.57624581912885e-05,0.0021887023993607
"BAG2",-1.73484217749322,672.187268008159,-4.1323650837065,3.5904952360084e-05,0.00219130224570875
"RAET1E-AS1",1.08460301079128,218.069907816726,4.13139521163676,3.60568052093271e-05,0.00219445722815655
"TMEM134",1.09669715755287,630.87694810673,4.13017972588652,3.62479748929249e-05,0.00219998096926311
"LOC101929594",-1.37721629585883,185.312900737013,-4.12814392957726,3.65703192242828e-05,0.00221341351990065
"PCDH11X",-3.53337115426055,56.7040555691719,-4.12139161667749,3.76590633512067e-05,0.00225870965076594
"LOC105370198",-1.66558734854346,23.4591267982531,-4.12095159903935,3.7731069474228e-05,0.00225870965076594
"GIMAP8",-1.30722855564043,396.448568829217,-4.11684073374143,3.84101306180854e-05,0.00228987997211311
"CYP4V2",-1.01269194201414,376.534014930922,-4.11652173186631,3.8463307767861e-05,0.00228987997211311
"KANK2",-1.55067875990853,7080.93558035815,-4.11542130705624,3.86472838077904e-05,0.00228987997211311
"LOC105374789",-1.71539038939426,17.9964630627908,-4.11460188559203,3.87848221475656e-05,0.00228987997211311
"ABCC8",-2.89498868911371,120.004718198945,-4.11443863451023,3.88122789748355e-05,0.00228987997211311
"ERMP1",1.00898338058635,769.555561079518,4.11404334407156,3.88788384128744e-05,0.00228987997211311
"FOXI2",-1.83112204860742,18.7050767822414,-4.11326350436113,3.90104665075681e-05,0.00229147271094053
"STARD13",-1.6853885459735,1172.42753274126,-4.11217684809717,3.91945872401865e-05,0.00229613210276066
"BLOC1S2",1.07421794258766,201.379734199979,4.107561051881,3.99859102970546e-05,0.0023337112701073
"LYNX1-SLURP2",1.84736196073115,204.689634829785,4.10685778591153,4.01077997856754e-05,0.0023337112701073
"EBPL",1.13344191876135,374.865295134075,4.10658255886138,4.01555978471224e-05,0.0023337112701073
"CACNB2",-1.59404235329338,337.773625356697,-4.10451726604532,4.05160012607093e-05,0.0023431863527722
"ZBTB10",-1.13824908040665,540.590295905071,-4.10442299393811,4.05325252259546e-05,0.0023431863527722
"HAND2",-2.18588568572362,296.375991158181,-4.10061206700396,4.12058825900659e-05,0.0023758444409167
"PDGFB",-1.08209404804841,470.345872094101,-4.09501807310286,4.22135456494838e-05,0.00241652357740109
"CUBN",-1.18096866041419,209.482986844579,-4.09483247195847,4.22473759694704e-05,0.00241652357740109
"SLC28A3",2.57364130233737,85.5418051342274,4.09426366455022,4.23512152267096e-05,0.00241652357740109
"ZMAT1",-1.4081573367852,134.188131688698,-4.09390225343238,4.24173187809123e-05,0.00241652357740109
"MTCH2",1.19266753682745,534.558991494388,4.09362287871325,4.24684846128295e-05,0.00241652357740109
"FOXD3",-2.55507162652714,44.9400769718248,-4.0918954373566,4.27861579870989e-05,0.00241839190054872
"CWH43",3.49874185583963,313.452135956715,4.09167509828527,4.28268396811001e-05,0.00241839190054872
"LOC107984805",-1.02195180802063,1832.0570139064,-4.08884557525953,4.33525328938216e-05,0.00244178405065201
"PDZD4",-1.50740052127286,570.591975740723,-4.08781734359276,4.35450785566184e-05,0.0024463401825013
"RFLNA",-1.98500849849215,43.1094903324586,-4.08421346539567,4.4226361225301e-05,0.00247193768991414
"LOC101928317",1.65619282389172,38.9234142600401,4.08353384889496,4.43559648658052e-05,0.00247287325753128
"ADGRB3",-1.73651938815618,154.844858132333,-4.08167759644115,4.47117924704056e-05,0.00248008955196604
"WFDC21P",3.44860649716251,88.0217123037757,4.07972136914717,4.50897135293186e-05,0.00248764687865598
"ERICH4",-1.84428257065282,15.8415465449121,-4.07885182268786,4.52586709302832e-05,0.00248764687865598
"LOC105377124",-2.48352834879645,209.719965759138,-4.07802566365605,4.54197540281231e-05,0.00248764687865598
"ECM1",1.43308696200773,997.704812215646,4.07780143835268,4.54635668214293e-05,0.00248764687865598
"GIMAP1-GIMAP5",-1.01706801436494,172.121822658162,-4.07746554453149,4.55292742282542e-05,0.00248764687865598
"LOC105372326",-2.00027077306456,14.9315529082569,-4.07042189137945,4.69280737846171e-05,0.00255769675776358
"CDHR3",-1.30158032545277,85.7377023621639,-4.06662229336573,4.76994589603009e-05,0.00259328820302778
"NR2F2-AS1",-2.00046627283873,249.05474572226,-4.06537455212351,4.79553837309125e-05,0.00260074865728786
"RAB38",1.86547210223973,323.759539983791,4.06142660530752,4.87737522909502e-05,0.00263210077018403
"TYRO3",1.05399759031467,757.016040327393,4.05827981441062,4.94355134614032e-05,0.0026612582308092
"CYSRT1",3.21453570099615,213.163597098608,4.05507403114545,5.01184271257888e-05,0.00269140867236773
"SNORA63",1.54253928150273,182.130379250547,4.05382706013653,5.03864716253339e-05,0.00269918726970921
"LOC107986343",-1.36018519792202,82.3363039950347,-4.05083239433646,5.10357551583411e-05,0.002719909846816
"SLC4A1",-3.22949870819043,216.40553836808,-4.04817283293444,5.16190246079891e-05,0.00273181842792522
"CRISP3",4.4911460779892,99.9871399942638,4.04697373040004,5.18840614335376e-05,0.00273922840002123
"PLIN3",1.33162206534879,1456.749972583,4.04570569910071,5.21657362384293e-05,0.00274194576164506
"TMEM117",1.34587131376844,226.997277704438,4.04552574595439,5.2205827451252e-05,0.00274194576164506
"LOC107984913",-1.01221605846603,75.1961989288045,-4.04505443015621,5.23109688894403e-05,0.00274194576164506
"LOC107985478",2.74764250640003,24.2898665302437,4.04421541027765,5.24986347337137e-05,0.00274521500481066
"ANKAR",-1.20694159707065,175.389356609792,-4.04178543488728,5.30457600656904e-05,0.00276251376267994
"LOC105378429",-2.26385332508114,15.9247257971321,-4.04162699882436,5.30816199948998e-05,0.00276251376267994
"LOC107984281",-1.51892804222842,51.4286741476981,-4.03904122900598,5.36701317282429e-05,0.00278652271603271
"LOC105374240",-2.50016620387727,35.2998776092156,-4.03266481214307,5.51479122924412e-05,0.0028436724879719
"CCSER1",-1.00230328799413,260.923867687005,-4.03261231370298,5.51602376717507e-05,0.0028436724879719
"RELL2",1.03718552757931,182.284131988399,4.03100102105575,5.55398023822268e-05,0.00285651894411875
"RBMXL3",-1.9526878088114,19.709151357495,-4.02395679521237,5.72284204271631e-05,0.00291666173997884
"SLPI",3.12863534185725,2355.12572911391,4.02384747532303,5.72550054521169e-05,0.00291666173997884
"PRKX-AS1",1.94968942113332,20.6744503935299,4.02335558882922,5.73747699648963e-05,0.00291666173997884
"TMOD2",-1.2941848316321,770.401595770871,-4.02280692077456,5.750863958577e-05,0.00291669975306532
"EBF3",-1.4508856608765,304.060155472719,-4.01688485436187,5.89725204602863e-05,0.00297716111355961
"LOC105375079",-1.68990340168072,89.8569839360215,-4.01421463611682,5.96440540449984e-05,0.00300414074511705
"LOC112268027",-1.67297261875161,20.4540260120001,-4.01091107873705,6.0484889184255e-05,0.00301364921544586
"NPY4R2",1.90819826221992,35.646822387896,4.01063929206825,6.05545628644948e-05,0.00301364921544586
"LOC105376239",1.60783154747623,47.2870153349308,4.01043449361705,6.0607114025947e-05,0.00301364921544586
"DLL4",-1.42783811069228,451.927587164028,-4.00996784120648,6.07270180998927e-05,0.00301364921544586
"PPIF",1.97725392373891,860.76267804267,4.0089351146325,6.09931712145682e-05,0.00301364921544586
"LOC401021",-1.94134441232123,102.393414130494,-4.00882751277535,6.10209656864359e-05,0.00301364921544586
"SUSD3",-1.56394141895872,107.906736369996,-4.007958812726,6.12457979040582e-05,0.00301364921544586
"PDE3A",-1.97575821957039,725.60380445105,-4.00793054784651,6.12531264247031e-05,0.00301364921544586
"CACNA1B",-1.84327189647696,59.0168720732964,-4.00751446582501,6.13611043269074e-05,0.00301364921544586
"MBOAT2",1.30466631622774,876.61906114829,4.00651073078953,6.16223269310916e-05,0.00301364921544586
"EPS8L1",2.29445893136388,861.82403445501,4.00632083356031,6.1671866081094e-05,0.00301364921544586
"LIN7A",-2.16513549108904,146.576371552125,-4.00604399354349,6.17441538534954e-05,0.00301364921544586
"GPM6B",-1.05233494109686,295.885117957073,-4.00598913013238,6.17584891709352e-05,0.00301364921544586
"CEP192P1",-2.45938201669178,32.767448792434,-4.00410294627287,6.22532528421866e-05,0.00303104171060513
"PRDM16",-1.87603690448054,217.487578566527,-4.00252021523255,6.26713111139167e-05,0.00304463065744105
"ABHD5",1.08189762845159,396.210918825883,4.00191002676775,6.28331933430286e-05,0.00304574173926052
"TMOD3",1.03063850728945,1827.70468152149,4.00084033461233,6.31179369510927e-05,0.00305279028388177
"RERGL",-2.85681177130585,56.3264808274198,-3.99925762290241,6.35414839574059e-05,0.00305957568869973
"DIO3OS",-2.26119295681499,640.482301337357,-3.99729451150538,6.40705675921095e-05,0.00306919453184605
"GIPC1",1.51846638656163,2164.08418573584,3.9940013284348,6.49674990201651e-05,0.00308809569929137
"SYTL4",-1.53202850819054,790.431568878616,-3.99397232710082,6.49754503593482e-05,0.00308809569929137
"LIPM",2.74056703683663,54.8589150736662,3.99159863983278,6.56293797041898e-05,0.00310621778300757
"RYR3",-2.05207583984337,1418.89087865086,-3.99110455866819,6.57662755090872e-05,0.00310621778300757
"RPS26P11",-2.31518438649475,14.8525888416266,-3.99104763304427,6.57820653270431e-05,0.00310621778300757
"OPCML",-2.51099783874098,45.6489383929921,-3.98838273617487,6.65252728806693e-05,0.0031083386086435
"CCM2L",-1.37189669176077,242.45821416405,-3.98812601846025,6.65972864506141e-05,0.0031083386086435
"HID1",-1.17169643660017,392.422705237933,-3.98807560154263,6.66114378947559e-05,0.0031083386086435
"ST8SIA5-DT",-1.50327896065668,13.3404909090981,-3.98783792192946,6.66781901443381e-05,0.0031083386086435
"LINC00673",2.96380391183916,521.183993051207,3.98653772421022,6.70444720353921e-05,0.0031187778817313
"GSDMA",2.68045847415699,24.8273258799818,3.98195072006487,6.83519539370211e-05,0.00315734450736822
"LOC107986294",-2.62326733718829,141.649419592052,-3.98160020339514,6.84528513566792e-05,0.00315734450736822
"PGAM5",1.33056487379935,822.468782538179,3.98156520513019,6.84629334609619e-05,0.00315734450736822
"LOC105378525",-1.38319171944639,25.1867256518007,-3.98018239339528,6.8862412462034e-05,0.00315734450736822
"LOC105377989",-2.19279281816787,31.3276727961666,-3.98005578905305,6.88990970512329e-05,0.00315734450736822
"LINC00877",-2.17302725437611,19.481004274164,-3.9799366187022,6.89336444767551e-05,0.00315734450736822
"BLNK",2.1624528266921,202.435900738495,3.97961700416296,6.90263815166307e-05,0.00315734450736822
"LOC105374724",-2.04713554511009,46.3643916308382,-3.97876709441559,6.927355979586e-05,0.00316144078334681
"LOC105376933",-1.57441174838033,48.7843551755339,-3.97782402595705,6.95488113908335e-05,0.00316144078334681
"LOC101927551",-2.58309155342374,32.2133627146761,-3.97527546926396,7.02978394633182e-05,0.00318887300753893
"PCSK1N",-3.05543785644958,104.918107298157,-3.97476742528627,7.0448064489793e-05,0.0031890849028334
"GPR20",-2.31386126354732,60.2591679208261,-3.97285487231964,7.10163209991627e-05,0.00320818060431269
"MYBBP1A",1.02931014935672,1727.76972970029,3.97180120891726,7.13312344696999e-05,0.00321577643463195
"PLBD1",1.07260854614583,346.296025531807,3.97105066720528,7.15563576028069e-05,0.0032191685803566
"ST6GALNAC3",-1.2516784134714,148.628842816472,-3.97040468580874,7.17506561245115e-05,0.0032191685803566
"CRNN",4.1014424921168,2424.90178734911,3.9677541690138,7.25531164469607e-05,0.00324218329026428
"OTOP3",3.54974352782458,119.336415533562,3.96741350263488,7.26568688051009e-05,0.00324218329026428
"LIFR",-1.62173689557211,2006.207368864,-3.96566548018804,7.31914525682324e-05,0.00325939984912596
"CCDC68",-1.60075427853553,55.0930460573829,-3.96308416832127,7.39876818307623e-05,0.00328817466310751
"HEPHL1",3.669227296072,240.254278837644,3.96164064823823,7.44365131728739e-05,0.00330142510853779
"SDR9C7",2.96018005448827,206.359436060982,3.96058493238976,7.47663940744231e-05,0.00330752532992531
"SLC6A9",1.65396267457588,1245.56935067636,3.96023522279967,7.48759727815132e-05,0.00330752532992531
"LOC105375463",-1.83487602932328,53.5097713751134,-3.95719907604721,7.58337290242731e-05,0.0033363795239394
"RAB5IF",1.3147961881672,203.489532292826,3.95626041177123,7.61321685185147e-05,0.00334279721891915
"EXOC3L4",-1.76074075599473,77.0463806942946,-3.9547097972,7.66276058233151e-05,0.00335239494029782
"FHL5",-2.18232613817163,294.498440466497,-3.9543441853718,7.67448658990437e-05,0.00335239494029782
"LOC102723331",-1.16092624505839,476.940164681599,-3.95378495870871,7.6924550961902e-05,0.00335239494029782
"LOC101929174",-1.68024484681343,21.9362611750119,-3.95319111535967,7.71157941538157e-05,0.00335239494029782
"CCL16",-2.78280217346746,31.8187882077201,-3.95235691494169,7.73852021178827e-05,0.00335744510574814
"SNAP91",-2.71593376074032,17.7624014262461,-3.94872151439263,7.85696908404999e-05,0.00339264821724972
"DDO",-1.67526439577104,26.6284925536648,-3.94844303921178,7.86611270818282e-05,0.00339264821724972
"YARS1",1.02934980530865,862.330994782994,3.94756271150073,7.89508413869122e-05,0.0033984537029219
"MAGI2-AS3",-1.40584227271826,425.102255052974,-3.94617729960912,7.94088218109253e-05,0.00341146526642622
"C2orf81",-1.09844891366797,60.0485652041039,-3.94527173557934,7.97095333389779e-05,0.00341768273083563
"LOC107987042",1.19657995102389,85.5812889378068,3.94207507769337,8.07796803224234e-05,0.00345680233567246
"SUGT1P4-STRA6LP-CCDC180",-1.31521242041052,196.954845302967,-3.94042609562624,8.13370066456871e-05,0.00347037979803752
"APOD",-1.46770754412297,724.76988689238,-3.93899057681353,8.18251435415154e-05,0.00348114348542641
"MIR10525",2.35828965822372,16.4094952831022,3.93821928512147,8.20885574302169e-05,0.00348558196375204
"CALCRL-AS1",-1.84899829635161,34.5823617641899,-3.93737963628023,8.2376227955092e-05,0.00349103124660748
"ANXA3",1.89221054130446,102.699771737385,3.93577673361811,8.29280430425115e-05,0.00349620759822927
"FXYD6-FXYD2",-1.55299224956407,146.720925944361,-3.93563476307864,8.29770858548252e-05,0.00349620759822927
"PRSS3",3.15424902574918,149.246788420078,3.93387242702903,8.35881600489523e-05,0.00350937165284029
"NRG3",-1.57519864661202,21.1337390800267,-3.93276111844411,8.39756801646471e-05,0.00350937165284029
"RYR2",-1.88950219120758,391.971833668395,-3.93246811829495,8.40781335817409e-05,0.00350937165284029
"GIMAP5",-1.01190691373369,152.714876356419,-3.93243313219865,8.4090375068058e-05,0.00350937165284029
"SUSD5",-1.88822365828574,167.813242851134,-3.93186591782836,8.42890761286224e-05,0.00351097653608007
"PDK4-AS1",-1.74373847622344,12.5575555279055,-3.93004668509794,8.49293700427847e-05,0.00352387412078306
"CD34",-1.30554980752077,1798.05235542345,-3.92925317273084,8.5210090440683e-05,0.00352387412078306
"SCX",1.08371599657069,197.882726289936,3.92890638090462,8.53330499031788e-05,0.00352387412078306
"GRK5-IT1",-1.43782537154511,71.8897747971897,-3.92884135472408,8.53561244227673e-05,0.00352387412078306
"APOBEC3H",-1.90363729008007,9.76614613062419,-3.92870963662493,8.54028826168783e-05,0.00352387412078306
"MEF2C",-1.28492958376565,587.657670503845,-3.92711580189645,8.59705947366994e-05,0.00354063107270881
"ARHGEF33",-1.27742689264941,42.739791177513,-3.92464589404817,8.68574071664828e-05,0.00356375616295438
"SERINC2",2.49487588512524,531.221169771548,3.92077380181882,8.82650852920698e-05,0.00360504730211104
"SEMA3A",-1.38046056951239,66.5207094544105,-3.92014918249558,8.84941712706836e-05,0.00360504730211104
"HOXD-AS2",-1.93567282601476,52.431164762592,-3.92007360481525,8.85219282763915e-05,0.00360504730211104
"NHSL1",1.24847449829229,1066.70860362484,3.918309734927,8.91720759905746e-05,0.00361807441658054
"SPRR2D",4.80878733030479,723.557580850978,3.91718976530544,8.95872260169767e-05,0.00362357968652643
"THEM6",1.52544475937468,566.41161994919,3.91670609031459,8.9767078451451e-05,0.00362357968652643
"GIMAP4",-1.23049752574479,201.297792860506,-3.91660714014741,8.98039146409791e-05,0.00362357968652643
"TPM2",-1.9185342094716,2628.44525130163,-3.91498376927614,9.04102895944213e-05,0.00363465953213536
"BMAL2",2.60604396146668,826.636940329602,3.91401984288236,9.07721712436908e-05,0.00364252430759939
"CRMA",-3.0315574884665,160.026372592085,-3.91288204364002,9.12010896656633e-05,0.00365304547454238
"CYB561",1.32684113747967,1116.0227217362,3.90993705433832,9.2320175293432e-05,0.00367200514352943
"TAL1",-1.36632912265922,287.858089853045,-3.9098725999845,9.23448121444416e-05,0.00367200514352943
"PIP4K2A",-1.13700838082952,582.185169545793,-3.90809867238357,9.30253155302876e-05,0.00369236352041414
"MPP7",1.31680734768036,856.302918163015,3.90519774834511,9.41483654507523e-05,0.0037205197050836
"EREG",3.26241096981849,369.464370188945,3.90365097559739,9.47523970349319e-05,0.00373385794790532
"TOX",-1.72157472800767,60.8170150537267,-3.90274905347934,9.51062945638105e-05,0.00374107524935922
"SLC2A9-AS1",1.00418396028738,111.149570198505,3.89955855811317,9.63682287859191e-05,0.00377539888752016
"LOC107985561",-1.27705415503072,119.802275020039,-3.89923817826264,9.64958182113778e-05,0.00377539888752016
"SRXN1",1.52249295816645,717.799322099338,3.8969934519637,9.73942513864012e-05,0.00379024520049032
"RUNDC3B",-1.22287972335021,62.517805416792,-3.89512947673509,9.81462881554865e-05,0.00381091923419169
"TMEM273",-1.20611870825526,313.976164906919,-3.89481584718171,9.8273362269206e-05,0.00381091923419169
"MIR1247",-2.40569541484125,29.4634421376311,-3.89423356458973,9.85096992490408e-05,0.00381333482428707
"LRR1",1.18069895837773,69.5486714867616,3.89325708175601,9.89072391619405e-05,0.00382197109354165
"BMPR1B",-2.50116650729955,51.2967301259891,-3.89191790679262,9.94548995077802e-05,0.00383062343922052
"MPST",1.01840926620868,745.971551959541,3.89185470024685,9.94808186634631e-05,0.00383062343922052
"KLK6",4.10081873608045,118.907012714321,3.89038128379925,0.000100086833633476,0.00384170862607059
"TMEM41A",1.67638862838418,648.509970424462,3.88552059845613,0.000102110834151541,0.00389764525480883
"MIR6724-1",-2.56784362610649,34.9222437525491,-3.88445583214066,0.000102559334073527,0.00390795653834951
"MDK",-1.6402099167503,482.019595913548,-3.88077790280281,0.000104122893496189,0.00393623936681167
"TMEFF1",-1.61660876600166,32.0600770471714,-3.88061089250629,0.000104194424065772,0.00393623936681167
"STARD13-AS",-1.46222721176207,78.3598803469819,-3.88018342374197,0.000104377720408227,0.00393623936681167
"LYPD5",2.19200320482143,247.845269233052,3.87986113912552,0.000104516115501887,0.00393623936681167
"LIPG",3.46763900797789,336.994897956142,3.87969106921836,0.000104589216513477,0.00393623936681167
"SGSM1",-1.21428579886989,242.833599006153,-3.87963684530185,0.000104612533678665,0.00393623936681167
"CD79B",-1.26650612779652,54.8163836189996,-3.87932883114066,0.000104745077881442,0.00393623936681167
"LOC105373422",1.20717436246113,37.8886559022021,3.87915429419955,0.000104820254691725,0.00393623936681167
"FAM66B",-1.03100016952719,108.243414224068,-3.8789264350901,0.000104918475135464,0.00393623936681167
"ELOVL1",1.39997396037026,1159.58814839511,3.87791148175171,0.000105357034699699,0.00394593612012036
"A1BG",-1.0650549156605,142.454643685283,-3.87726679697977,0.000105636499647451,0.00394602011018067
"FAM181B",-1.44648802657949,46.9705269229648,-3.87644643858049,0.000105993129001826,0.00394602011018067
"EBF1",-1.5440736375066,2724.53698742147,-3.8763214539545,0.000106047562428368,0.00394602011018067
"FXYD1",-1.39787711136876,641.176572502827,-3.87587254677496,0.000106243288522957,0.00394602011018067
"BTNL2",-1.73852424454295,14.5127646497385,-3.874939578948,0.000106651158759268,0.00395177006033114
"GCK",-1.51884003951624,29.3915336127781,-3.8746561752888,0.000106775348047286,0.00395177006033114
"MIR31HG",3.4837333096664,153.256995302777,3.87261720184812,0.000107672869927999,0.00395995028431605
"CLEC1A",-1.40990467196206,124.100992866855,-3.87246898407377,0.000107738389674876,0.00395995028431605
"MATN4",-2.6345899612053,50.9721944436195,-3.8719602712671,0.000107963552688006,0.00395995028431605
"MYOT",-1.57885538437944,45.6406609932349,-3.87173164631154,0.000108064889658471,0.00395995028431605
"FSIP2",-1.21652088251253,134.55984039172,-3.87169577554807,0.000108080797353765,0.00395995028431605
"PIGW",1.2059102572822,112.796889120574,3.87095323140143,0.000108410591898132,0.00396540245156606
"RPL23AP32",-1.76741209715796,48.0171503679619,-3.86943798989522,0.000109086521104681,0.0039783030031474
"TAS2R46",-1.79810730220696,17.0610211201379,-3.86918481077313,0.000109199847922553,0.0039783030031474
"GREM1",-1.1944275047469,2762.27023650483,-3.86894341038459,0.000109308005837277,0.0039783030031474
"SPEF2",-1.97507439042948,199.493411072273,-3.86293817190204,0.000112031370024041,0.00407065890087351
"FBN2",-1.83540748644709,246.289711115391,-3.86178269089216,0.000112562667798512,0.0040764430602734
"FBXL22",-2.18910376867285,436.346234212868,-3.85789989527035,0.0001143654671791,0.00413489667639287
"LOC105377945",-1.17381716698489,147.380693266706,-3.8568685024029,0.000114848905422742,0.00413933821442165
"MFSD5",1.32537701563223,484.168292618682,3.85683175961777,0.000114866163138675,0.00413933821442165
"LIPK",3.65112122838093,65.4566871591703,3.85517633043601,0.000115646243928352,0.00416060624707748
"ERICH3",-3.02992006072994,15.1708795359417,-3.85322591624434,0.000116571740111408,0.00418680818243942
"ABCB1",-1.26271047666287,225.041738751378,-3.85283783051699,0.000116756722933386,0.00418680818243942
"LOC101927268",-1.79709587815442,20.0082328066499,-3.85033607494995,0.000117955856441256,0.00421176122739026
"TESC",-1.39059473527729,67.82902485686,-3.85014456300498,0.000118048128269274,0.00421176122739026
"LOC100129455",-1.40248611869687,28.4346841524469,-3.84978509963721,0.00011822150410064,0.00421176122739026
"LOC102724802",-1.27325567119643,53.41487635429,-3.84822573511785,0.000118976398319821,0.00423177416751181
"FOXD2",-2.26212167348931,27.3754260482352,-3.84730798665864,0.000119422806103042,0.00424076771753267
"STC2",-1.52738845493521,73.6422194794074,-3.84682032106182,0.000119660656687387,0.00424233816831821
"LOC105369811",1.77073033415203,18.476348571894,3.84634951131978,0.000119890709835902,0.00424362754847273
"ADCY1",-1.8408757647973,406.966923606685,-3.84331740093683,0.000121382319616639,0.0042704988702124
"PGK1",1.08068724341763,2750.8574173901,3.843222026399,0.000121429520590704,0.0042704988702124
"C2CD4C",-2.19208991768812,40.8182438906428,-3.84049207614334,0.000122787935871456,0.00430445387990976
"CFAP61",-1.95082025144225,11.0509566999014,-3.83810644911424,0.000123986734324054,0.00433261459177036
"LRRC9",-1.42914717917341,19.0134785834357,-3.83583390137724,0.000125138963372815,0.00436591510748151
"RBPMS",-1.76608740920056,2983.03951860264,-3.83509036096289,0.000125518140133605,0.00437218195600523
"CFAP20DC-AS1",2.11751366555973,17.8824700961224,3.83001972906281,0.000128132985465428,0.00445386969171073
"LOC100996662",-1.31683081793258,19.2325501714777,-3.82936736822626,0.000128473101102747,0.00445386969171073
"LETR1",-2.34154790169734,47.0759878382974,-3.82755354429373,0.000129423235676857,0.0044797205271405
"LOC107986160",1.46543170913594,103.47557018516,3.82715584218653,0.000129632447091289,0.0044798847251895
"LOC112268057",-1.2867462518146,30.704605770039,-3.82456828089894,0.00013100143719602,0.00450517971892706
"ANXA6",-1.13118841792734,2089.40651085259,-3.82387654212632,0.000131369713712601,0.00450517971892706
"RAB10",1.21328839006052,2870.98991503274,3.82383378822747,0.000131392507548808,0.00450517971892706
"LOC107985474",-1.9949426628389,10.8510415521744,-3.82185198494013,0.000132453186759696,0.00452352698884645
"RAET1L",2.98066163936762,61.6427578923525,3.82123412293776,0.000132785518477985,0.00452352698884645
"ABHD17C",1.75312605165064,261.219257470933,3.82117653893755,0.000132816531388703,0.00452352698884645
"ARHGAP6",-1.60242400487691,701.805563789353,-3.82113554566677,0.000132838613218815,0.00452352698884645
"RAET1E",2.21503157494615,372.703711802051,3.82091050260968,0.000132959898713698,0.00452352698884645
"LOC102723338",2.31244398211558,28.7550047419077,3.81943125750147,0.000133759729000707,0.00454368319752788
"SPRR2A",4.82523693765232,2993.6120876875,3.81864194476324,0.000134188364374858,0.00455118740472624
"SNCA",-1.36546381193122,253.326269282727,-3.81620178756901,0.000135521688148498,0.00458191352158058
"CEACAM7",2.91037824383168,58.1318497865438,3.81578592461989,0.000135750160505238,0.00458191352158058
"DIPK2B",-1.16437081831965,955.374890305647,-3.81545759626863,0.00013593079822124,0.00458191352158058
"EPHB1",-1.9118468938236,151.349307472616,-3.81320512282352,0.000137176169687381,0.00460605672629462
"UCK2",1.16586360814029,584.8907710553,3.81305204872494,0.000137261191789048,0.00460605672629462
"PTGDR",-2.29840270477073,76.136543164108,-3.81275897330452,0.000137424113492794,0.00460605672629462
"LOC105377871",-1.68631151088653,16.7918850955363,-3.81127187007592,0.000138253610706277,0.0046162071788639
"PRIMA1",-1.41499384759658,543.511250209395,-3.81114750489912,0.000138323194139173,0.0046162071788639
"IRAK1",1.07218411306609,1942.65725758231,3.81096921138344,0.000138423008512715,0.0046162071788639
"ARNT2",-1.15188706184083,335.411635833745,-3.80838346677697,0.000139878239005241,0.00465057999484801
"TMEM79",2.50817481154241,1333.1824338394,3.80644735756084,0.00014097728263535,0.00467745129541538
"SAMD3",-1.26636510909678,62.166231717019,-3.80588025471906,0.000141300738706907,0.00467745129541538
"PRELID2",-1.03975365093852,321.548303091808,-3.80583441035472,0.000141326917278183,0.00467745129541538
"PRR5L",-1.40708374641077,233.122170396992,-3.80335402690024,0.000142750123121805,0.0047103240927692
"SIRT7",1.20239921338635,670.000476664558,3.80294568908907,0.000142985711094096,0.00471100290236339
"LINC01107",-1.52639912167928,12.3075480659471,-3.80132031669164,0.000143927093987986,0.00473489884275791
"KLHL33",-1.79469290854152,84.2014781641731,-3.80017571577691,0.000144593522735201,0.00474258096276686
"LINC02202",-2.14723787535189,34.985725763535,-3.79869046061304,0.000145462625286889,0.0047639553363763
"FYN",-1.24039351837054,808.706708205593,-3.79767970777896,0.000146056881310934,0.00477627801421278
"KCTD12",-1.06824950000801,2966.81522601404,-3.79629355957902,0.00014687556300201,0.00479326028331744
"MMACHC",1.2765629614602,690.056224607552,3.79557725598663,0.000147300315011606,0.00479326028331744
"AMELX",-1.33033429405909,80.7824712599131,-3.79552637567113,0.000147330529853419,0.00479326028331744
"VWF",-1.41802372189683,16117.5409899512,-3.79532314511458,0.000147451274804014,0.00479326028331744
"FSCN1",1.40163891601834,3044.70201736951,3.79489190445176,0.000147707795612117,0.00479448563238737
"HOMER2",1.8221621163956,531.678471136081,3.79179749352828,0.000149560849117798,0.004830466073024
"SPTA1",-2.60314388964663,14.2082054967236,-3.79124115833724,0.000149896316816455,0.004830466073024
"GYPC",-1.23585809413251,596.975574490585,-3.79085111367372,0.000150131934348358,0.004830466073024
"LOC101928236",-1.02997219742779,57.7944304349773,-3.7908392821193,0.000150139086979888,0.004830466073024
"CC2D2B",-1.07858176503197,164.050994922298,-3.79002133017892,0.000150634348986276,0.00483929411479371
"LOC112267909",1.97251790914786,14.7666237057363,3.78948221203017,0.000150961620319378,0.00484018178748107
"IPW",-1.33636580431904,114.637469345595,-3.78924833407673,0.000151103803862942,0.00484018178748107
"LOC107987303",-2.05226688065492,12.929918989028,-3.78745857575698,0.00015219604901735,0.00485930376799322
"PTGDS",-2.21942872176519,3533.13693835824,-3.78718306175351,0.000152364847050988,0.00485930376799322
"TMEM45B",2.60796068761089,277.41005270905,3.78692981362703,0.000152520158970087,0.00485930376799322
"CHRDL2",-3.13300494387558,464.047987881998,-3.78654166683945,0.000152758490768428,0.00485930376799322
"BSPRY",2.80450772110302,205.655636517112,3.78618625530439,0.000152977029737201,0.00485930376799322
"PZP",-1.57662898041515,71.7925324166097,-3.78609778622699,0.000153031474208823,0.00485930376799322
"PCDHB17P",-1.99346423050831,13.6867808930282,-3.78566887899334,0.000153295685302643,0.00486064900865545
"GFUS",1.0959863871485,597.515384266593,3.78518639190193,0.000153593415301265,0.00486305163186519
"LOC105369965",-2.18422404139535,43.3093141350679,-3.7824891726082,0.000155267849192982,0.00490897341387914
"LOC105369151",-1.80365497489136,69.3182159176062,-3.78112609798483,0.000156120566976003,0.00492882078161994
"P4HB",1.13652951494177,8132.88190926512,3.78026661060371,0.000156660512372525,0.00493875082889499
"NOVA2",-1.11258452325342,295.087929003736,-3.7794720523048,0.000157161231117328,0.00494741749106416
"RPS6KB2",1.11913124508128,1110.85234971223,3.77645324712182,0.000159077402633377,0.00500055364662452
"TMEM200B",-1.36812690839228,695.896773308733,-3.77519671677029,0.000159881441141428,0.00501323906766396
"ZNF280B",-1.70012567315695,15.8916162857938,-3.7750965680288,0.000159945689382166,0.00501323906766396
"EDIL3-DT",-1.64674760504201,134.215097514299,-3.77394785930466,0.000160684358018596,0.00502224576916896
"LOC112267984",-1.79137994777127,23.7286384439363,-3.77333458732403,0.000161080031218604,0.00502404834504003
"RHOD",1.93038328297103,540.628863075775,3.77314793467541,0.000161200638364361,0.00502404834504003
"TALDO1",1.08612232362606,1348.44170801598,3.77163926577732,0.000162178600995855,0.00504018886215488
"SLC5A4-AS1",-1.28980627089142,142.638923141175,-3.77066687265895,0.000162811889997707,0.00504543892900446
"PAX9",2.46912882284878,187.172801549471,3.77031997905473,0.000163038373424699,0.00504543892900446
"SNHG14",-1.0013402507022,1106.33870640693,-3.76863008041197,0.000164145937470708,0.0050725493511752
"C12orf75",-1.10743541353728,314.261198171681,-3.7673744386747,0.000164973468285262,0.00509094181708465
"WNT9A",2.31355842498675,1048.71369462317,3.76574731597445,0.000166051663127308,0.00510250968646168
"SDR42E2",-1.48042052553594,20.0109499071635,-3.76533046515101,0.000166328949518094,0.00510250968646168
"KCND2",-1.7576464891759,179.540842425815,-3.76529229297261,0.000166354363156435,0.00510250968646168
"MIR9-2HG",-1.78426042616408,14.5638229405691,-3.76505450891098,0.000166512753346422,0.00510250968646168
"PRDM8-AS1",-1.94696056292451,38.5893620154803,-3.76304380347726,0.000167857786607261,0.00512938002258565
"DTNA",-2.10472458386749,326.159774151228,-3.76304371024477,0.000167857849210128,0.00512938002258565
"LRRC3B",-2.65124259853733,14.6496908110558,-3.76084498113111,0.000169340354564271,0.00516726035628511
"YPEL4",-1.13274850582899,178.202231787593,-3.76050725657884,0.000169569155461844,0.00516726035628511
"LOC100505851",-2.6001271186437,31.0752294238733,-3.75819023519656,0.000171146744633825,0.00520086709421234
"LOC105379507",-1.75677556314309,97.5293990228265,-3.75782436170574,0.000171397115226789,0.00520126148839188
"ANGPT4",-2.25170265112461,84.2413403272452,-3.75668484933125,0.000172179103120213,0.00520337124050189
"LOC105375386",-1.98701193725044,17.1315435935848,-3.75614283944425,0.000172552232732254,0.00520746476468828
"RGS22",-1.39211351705379,73.0799871409858,-3.75422116640814,0.000173881285101895,0.00523633970782515
"CLDN5",-1.56381133519655,665.601470368149,-3.7540155817898,0.000174024038589998,0.00523633970782515
"DHCR7",1.98660613351841,567.836531835165,3.75372500124135,0.000174225999406871,0.00523633970782515
"MIR5008",2.92086143761042,56.1553951241365,3.75265657433568,0.000174970479913102,0.00525151125328228
"NPY1R",-2.84027298914012,164.857183707238,-3.75226746640021,0.00017524235294856,0.00525247599603687
"CCN1",-1.85490885786455,8668.80265986916,-3.75147580222187,0.000175796722304618,0.00526012738281185
"THOC3",1.31800792745449,289.279566107142,3.75121773851964,0.000175977789666868,0.00526012738281185
"CSTB",2.83253529652309,2990.41905219562,3.74922669666978,0.000177380688636017,0.00529483772209146
"MALL",2.10874195748512,1520.07514171785,3.74775312305901,0.000178425741303166,0.00530869005591509
"LOC105370854",-1.69061975396359,190.375320382455,-3.74754804885401,0.000178571637207185,0.00530869005591509
"MPDU1",1.21444550154631,476.289695582204,3.74673973790395,0.000179147786851546,0.00531140461423189
"GRAMD2B",-1.30705702017192,366.766597916354,-3.74554927411824,0.000179999511772601,0.00532944500396984
"GFAP",-1.98229600520704,27.309703623474,-3.7443523614424,0.000180859687876607,0.00534047946277151
"ECRG4",-2.03951935824288,148.487575968035,-3.74213540759596,0.000182463147106122,0.00537334348534292
"SCRIB",1.02197376908629,3439.49255572033,3.74105380404352,0.000183250281855313,0.00538928010127505
"SCNN1B",2.07104110570131,415.847528214898,3.73967021347213,0.00018426184112093,0.00541176533372597
"IGSF21",-1.71948960780251,30.2706623075353,-3.73923480183365,0.000184581260011954,0.00541388943355009
"SH2D3C",-1.09329236062573,430.682083070047,-3.73705048697022,0.000186191548754817,0.00543665408536616
"SNHG4",1.48890689280759,82.318014499491,3.73636556906839,0.000186699187323871,0.00543754803388913
"LOC105376095",-1.86602269478235,176.201502948918,-3.73518335747584,0.000187578465621675,0.00545072172648659
"LOC100507412",-1.8036141506558,97.2740680784489,-3.73339894429682,0.000188913010146729,0.00548223053286733
"ITIH3",-2.27585631926807,116.866476934317,-3.73151971254826,0.000190328113484845,0.00550870405079651
"JAM2",-1.39805250434404,679.111857794776,-3.73093745943574,0.000190768580685317,0.0055113981586522
"SOBP",-1.40976134423903,369.502011184555,-3.73040023012763,0.00019117583754339,0.0055113981586522
"LOC400464",-1.24475679551947,45.394406929097,-3.72895214161243,0.000192277661831703,0.0055358785423556
"HACD2",1.28169538483004,911.522358719222,3.72792125935726,0.000193065674885812,0.00555127157053561
"PRH1",-1.00034437704665,90.1578165975518,-3.7275611690319,0.000193341644735572,0.00555192062405817
"LOC107986188",-2.00555928328229,172.241493486724,-3.72713929939904,0.00019366543322012,0.00555306433325609
"LOC101928540",-2.44315950065403,32.8128433052771,-3.72640286132836,0.000194231877105865,0.00555306433325609
"FBXL18",1.09800616301202,939.685692985689,3.72637182148126,0.00019425578609224,0.00555306433325609
"L3MBTL3",-1.22422681596689,191.876331712692,-3.72619080930778,0.000194395268991667,0.00555306433325609
"LINC03007",-2.15067963029669,15.9989179446426,-3.72375973695329,0.000196277728483927,0.00558821214367329
"AACS",1.3083678753456,1020.96016074635,3.72361435687723,0.000196390842109924,0.00558821214367329
"RGS6",-2.02738550327806,248.025506663426,-3.72229762190129,0.000197418127084787,0.00560361027274175
"CYP2U1",-1.2763542568607,217.202702600545,-3.72080257064532,0.000198590650339669,0.00562160355160485
"FIGN",-2.03289627734048,319.207415088709,-3.71978457310576,0.000199392775880641,0.00563702673489656
"LINC00472",-1.65115903351109,275.470763026294,-3.71712154276839,0.000201505516219054,0.00568209248437512
"NBEAL2",1.64518215532826,9543.90821026625,3.71558790254992,0.000202731769131331,0.00570199366067709
"CEP112",-1.18910774512624,252.978905420138,-3.71224367840758,0.000205430062155102,0.00575088381403379
"TST",1.32239177242003,519.782085669308,3.70997778806382,0.000207277432127323,0.00577423287365603
"SERINC5",1.13841634931774,2413.91696056282,3.70949617987836,0.000207672090572385,0.00577423287365603
"TGFBR2",-1.12705806186477,4573.42064062354,-3.70678873764433,0.000209903898389831,0.00581415222973604
"C1orf115",-1.11127370641423,339.667502259411,-3.70551030664493,0.000210965550402777,0.00582882119713094
"COL20A1",-3.16340869185332,44.0771111900899,-3.70167483362317,0.000214180994653512,0.00587325468034212
"PAQR6",1.28819526277699,243.674761983092,3.70167348777371,0.000214182130971855,0.00587325468034212
"CASTOR1",1.02280709116285,367.816142571546,3.70075087164753,0.000214962441401433,0.00588728386388176
"LINC02609",-1.4809915309233,38.2543165263763,-3.69831365524443,0.000217036597044369,0.0059263308343753
"COLQ",-1.04443164752055,126.248252171374,-3.69812302559271,0.000217199619352048,0.0059263308343753
"LTF",-2.11379495572883,70.0413738423284,-3.69592279926329,0.000219089545033174,0.00595564755791171
"CASP1P2",2.42868142661791,33.8015763619365,3.69541546179896,0.00021952751716974,0.00596015848970137
"LOC102725258",-1.34770943964066,18.5463811584972,-3.69453278094634,0.000220291473904937,0.00597349776393213
"AKNAD1",-1.41877546531008,12.9909206559346,-3.69256281790332,0.000222005479492181,0.00599971507799565
"TMTC1",-1.25782486587528,1179.80704593356,-3.69051418504953,0.000223801207563829,0.00603134619646187
"SHISA4",-1.1560148703369,182.399798549058,-3.68890413932616,0.00022522205149984,0.00605337620694471
"JPT2",1.32574418073318,985.138212879641,3.68864953321891,0.000225447511860652,0.00605337620694471
"TNFSF12",-1.08758505992427,401.375120886164,-3.68739576322294,0.000226560851557352,0.00607582406073634
"ANKRD44",-1.06692379326149,817.368230551525,-3.68559814091078,0.000228166135394858,0.00609585961196631
"TXNIP",-1.47318169497892,7608.98846761118,-3.68531400341041,0.000228420846253964,0.00609585961196631
"ASPA",-1.70483102513252,160.274076728881,-3.68400543003055,0.000229597346020153,0.0061123667695037
"CADM2",-1.85901094223692,60.7949281846,-3.68294282730042,0.000230556882440779,0.00612396185459768
"XKRX",1.72749207458561,87.7322473228191,3.6821924661077,0.000231236728688052,0.00612858870910266
"LINC01266",-1.92039669099568,19.2006431433626,-3.68209458192442,0.000231325552826468,0.00612858870910266
"GRHL3-AS1",2.70203939551937,81.9498453293734,3.68068873129088,0.000232604817255718,0.00614561542981158
"STARD9",-1.25332360596166,3281.45262094548,-3.68062946578663,0.000232658891913818,0.00614561542981158
"LOC105369626",2.43061074179516,110.60754454784,3.68030979246145,0.000232950769722088,0.00614561542981158
"TWNK",1.19962633350914,176.20344345519,3.68015720988523,0.000233090206397692,0.00614561542981158
"LINC02678",2.51234450434399,17.7974443961185,3.6793210769229,0.000233855693109554,0.00615838730292106
"BMAL2-AS1",1.92365750801196,29.5393504118684,3.67633366857592,0.000236610005238496,0.00622343963358396
"RABGGTA",1.01845563036281,532.649007183509,3.67574637854389,0.000237155039015348,0.00623029604895238
"LOC105371867",-1.26508120140796,51.0186233036832,-3.67480778008991,0.000238028550551919,0.00624172429955799
"KBTBD12",-1.8586306493959,29.255226179257,-3.6746670158676,0.00023815981352946,0.00624172429955799
"FAM66C",-1.59852980810403,113.477743524561,-3.67345602572243,0.000239291873535845,0.00626390077559184
"LRRC36",-1.25933078055424,15.3969786059316,-3.67226895495793,0.000240406471704725,0.00627807603700897
"LOC285097",-2.16714800200063,47.1157747465465,-3.67139166930805,0.000241233325638747,0.00628764849682977
"LINC00643",-2.77039682380098,17.536773304729,-3.67127130089776,0.000241346982466173,0.00628764849682977
"VAX2",-1.19631069230123,36.2942478326237,-3.66940868866507,0.000243112153906696,0.00632611317351033
"LOC112268252",3.25194869804939,88.4100384869753,3.66467508313425,0.000247652778742653,0.00642138743461719
"RUNX1T1",-1.58920343582141,988.510744760693,-3.66383053558859,0.000248471211307909,0.00642595627501263
"ALOXE3",2.58037435608177,101.008304344745,3.66128910956424,0.000250949381323088,0.00646858934681041
"CYCS",1.82870275226748,1601.79899689899,3.65919249927301,0.000253011237672262,0.00650247515979956
"NKX3-2",-2.39723883754797,35.9304490031742,-3.65893569350764,0.000253264875900128,0.00650247515979956
"LOC105376447",-1.36514931829899,122.621870326528,-3.65889804243838,0.000253302082604039,0.00650247515979956
"TAS2R31",-1.41791532183381,55.5059934427718,-3.65874728871029,0.000253451108465031,0.00650247515979956
"LOC107985684",-1.25713245594706,96.3704913824586,-3.65671349232699,0.000255469648390794,0.006538948593741
"GRK5",-1.0972358254766,572.986661616725,-3.65618954056636,0.000255992106518348,0.0065440931387978
"IFFO1",-1.24303681884222,635.91652415153,-3.65527864016497,0.000256902796056203,0.0065440931387978
"LOC101927613",-1.49277505714187,36.5888776954826,-3.65524318967075,0.000256938299686145,0.0065440931387978
"SLC22A14",2.60894823200506,51.7860024527566,3.65501789113389,0.000257164043473524,0.0065440931387978
"LINC01088",-2.34797880990784,32.8950102190445,-3.65464717920544,0.000257535892844241,0.00654595291440523
"ARHGEF4",1.17932489598114,2997.78615492453,3.65226678187734,0.000259935632622092,0.00659929282821557
"ACTA2-AS1",-2.14357051334852,3596.90993630462,-3.6494824261051,0.000262769214940111,0.0066568561388879
"MAGI2",-1.02817352715706,433.156275067863,-3.64800572962465,0.000264283745996562,0.00668643980922017
"CYYR1",-1.32910617068615,405.652021460212,-3.64099393539656,0.000271587534551124,0.00683178287257763
"NTF3",-1.08065756642776,88.5522775908033,-3.6402642052741,0.000272358427066801,0.00683653043235398
"VSTM4",-1.36877074681346,793.044438817431,-3.63949544864549,0.000273172765538329,0.00684807241755697
"CCDC158",-2.09579560499283,19.0952155846757,-3.63792053454267,0.000274848192441211,0.00688219873872792
"GDPD4",-1.72985164209953,13.8727992500974,-3.63693336922451,0.000275903264693155,0.00690073119797606
"LDB2",-1.4432232868328,702.104698797573,-3.6341335279312,0.000278916393240732,0.0069631429484186
"NR1H3",-1.26970423529328,241.945464886439,-3.63374803247412,0.000279333662038599,0.0069631429484186
"ZEB2",-1.08157528208504,2397.81988030705,-3.6337310892821,0.000279352015137378,0.0069631429484186
"MPDZ",-1.33340172222668,1578.1675262101,-3.63249335026734,0.00028069581167425,0.00698868776566229
"LRRC59",1.09591320611644,1229.72021837844,3.63180152935898,0.000281449548881972,0.00699435582260061
"SHANK2",1.79610821301581,262.817801180141,3.63169853074568,0.000281561927682964,0.00699435582260061
"NR3C2",-1.08966226398472,617.278736282658,-3.62824565175642,0.000285353685275575,0.00706451892021226
"IRAG1-AS1",-1.78800606573795,93.5753253523888,-3.62691670027897,0.000286825774297472,0.0070769737779928
"KCNN2",-2.29220243990925,91.2952673613286,-3.62643292964573,0.00028736341464319,0.00708226368372587
"FLI1",-1.05903661304777,504.543327346116,-3.62473421107682,0.000289258779691416,0.00711242518310514
"SNORD99",1.7664818113337,15.6295901149527,3.62431964562683,0.000289723110454275,0.00711242518310514
"GVINP1",-1.24906975186789,169.376241216648,-3.62405394777126,0.000290021070313012,0.00711242518310514
"CABP1",-1.59741925601661,64.1254293260566,-3.62402096986886,0.000290058072532179,0.00711242518310514
"MAP7D3",-1.50075190653449,247.715443915507,-3.6238853220053,0.00029021032011392,0.00711242518310514
"FGF17",-1.56427607542648,47.8585458007092,-3.62079090744558,0.000293703808537118,0.00719000049726062
"KLHL13",-1.51325208271852,289.847717325815,-3.61844681478018,0.000296376389748053,0.00722314427072286
"LOC101060187",-1.49467655003008,16.0145147610867,-3.61750404845493,0.000297457679383661,0.00724144195032891
"DAB1",-1.92441771086294,76.3406740392691,-3.6170197989184,0.000298014516338768,0.00724616540403257
"TMEM265",1.43510811320574,257.224466624988,3.61676044006727,0.00029831315355716,0.00724616540403257
"MAILR",-1.05341348496428,41.2817662484856,-3.61613640538464,0.000299032843491975,0.00725560310178204
"LINC03006",-1.12165393577064,89.4686690635987,-3.61575671962859,0.000299471524791508,0.00725606255626185
"ADAMTS5",-1.77017611117,1179.54325047489,-3.61539370997057,0.000299891502386966,0.00725606255626185
"AFF3",-1.69012683238113,486.567403779357,-3.61465759534112,0.000300744831085406,0.00725606255626185
"MPZ",-1.65563605710757,159.908685832892,-3.61449683795336,0.000300931488705831,0.00725606255626185
"CEBPA",1.63759106966786,675.445493538814,3.61440442954274,0.000301038834488454,0.00725606255626185
"KCNK12",-1.23045242209903,96.5991240643765,-3.61008896188333,0.000306092005042118,0.00736975365986022
"IL33",-1.22154717569588,441.621302611831,-3.60899952347857,0.000307380174311969,0.00739264502653705
"KLKB1",-1.79214113274985,31.3274027069029,-3.60848218804353,0.000307993655900425,0.00739927741313413
"LINC01238",-1.69078914585087,117.547128277608,-3.60667668998597,0.000310143697820633,0.00744276935295737
"RETSAT",1.01498459657222,1064.84066332471,3.6041803239974,0.000313139601011413,0.00750033343163973
"LOC101928923",-1.8569566076744,13.0807820651992,-3.60410777658019,0.000313227069372449,0.00750033343163973
"IQUB",-1.65324641843932,24.2249721011654,-3.60303615287941,0.000314521762918263,0.0075149954265851
"MACROD2",-1.89753291278209,154.479481396101,-3.60303317495942,0.000314525367694137,0.0075149954265851
"FAM186A",-1.87550238974283,26.7412738769829,-3.602437919227,0.000315246702582925,0.00752402533071011
"PPP1R14A",-2.06973478865706,305.591729858386,-3.60133849903946,0.000316583060755486,0.00754769843433374
"NPY5R",-3.30767727598953,53.8882717588342,-3.59867310987622,0.000319844917690013,0.0076171762462915
"ABCA6",-1.6051450122819,539.948272539582,-3.5980896531603,0.000320563126308097,0.00761789595199497
"CACNA1C-AS4",-1.60799131240822,97.3701159363517,-3.5976596775095,0.000321093372571028,0.00761789595199497
"GOLGA8K",-1.03031506185171,34.3345503336699,-3.59749005613457,0.000321302775487545,0.00761789595199497
"ATP13A4",2.46579025489393,368.469425169036,3.59747723328078,0.000321318610899104,0.00761789595199497
"CERS4",1.22002299549615,1128.52197608055,3.5971862345331,0.000321678172361989,0.00761789595199497
"LOC105369828",-1.1203891169954,166.075209449864,-3.59670758941185,0.000322270411169816,0.00761789595199497
"PNO1",1.34474622559208,180.499129592185,3.59667645432205,0.00032230897067546,0.00761789595199497
"NCAM2",-1.86797940898182,102.471474990628,-3.59617050899881,0.000322936168330662,0.00762449509496207
"HSPB2",-1.34859463277071,139.931925307439,-3.59562089641707,0.000323618792714147,0.00763238724259091
"RPAP3-DT",1.31044798842918,382.882812796348,3.59388514975571,0.000325783485492625,0.00767427619545999
"TGFB1I1",-1.32479272859261,1468.98843007565,-3.59201667939644,0.000328128842489756,0.00769168746631763
"NRXN1",-1.70836520302252,376.315599825208,-3.59192881903945,0.000328239515335782,0.00769168746631763
"CLDN1",2.42703715584571,1019.98254657684,3.5914981156473,0.000328782554189133,0.00769618136996144
"CDC27P10",-2.53249742811877,97.1638024059978,-3.59097031870297,0.000329449156810105,0.0077002395550514
"MAPK12",-1.05752206679943,224.037463096534,-3.59066518547208,0.000329835113982883,0.0077002395550514
"MIR3659HG",2.03841043299815,24.3317668069015,3.59052682203239,0.00033001026664506,0.0077002395550514
"DAPP1",2.22104476216033,272.90055610579,3.58966819203116,0.000331099143824572,0.00770495080684781
"MGAT3",-1.0996485338654,216.448633261218,-3.58896924786379,0.000331987995694011,0.00770495080684781
"KLK9",3.15196536090526,60.9746776294101,3.58879219679776,0.000332213506870745,0.00770495080684781
"NDUFA4L2",1.90118201949487,522.734364368655,3.58873314119398,0.000332288758279009,0.00770495080684781
"PDZRN4",-1.71828345179686,130.221597634903,-3.58850716496389,0.000332576855059545,0.00770495080684781
"C3orf70",-1.6566676306236,499.689760676109,-3.58843114678103,0.000332673823061526,0.00770495080684781
"PANK1",1.34783762817813,126.459004161463,3.58750889601161,0.000333852345875508,0.00772408120182933
"TMEM51-AS2",1.34479594919541,166.708644300565,3.5869990261586,0.000334505572465271,0.00772723095922615
"BOP1",1.15431772655399,933.243142222456,3.58620344215835,0.000335527234952893,0.00772723095922615
"SH3BGR",-1.68676353834307,13.7383194719722,-3.58595487829304,0.000335847030507877,0.00772723095922615
"LOC105370624",1.31425311325622,59.7050041437363,3.58575486529425,0.000336104568879166,0.00772723095922615
"ACACA",1.11547057613195,2451.00272704735,3.58417721531186,0.000338142450378065,0.00776066912150284
"PRKY",2.20147932611818,13.9875822064248,3.58226782412507,0.000340624310561068,0.00779321714965569
"NOL6",1.23228705989436,1676.70601587538,3.58186310709317,0.00034115255315869,0.00779321714965569
"TPI1",1.30108377786405,3791.39706930314,3.58163535873356,0.000341450150539439,0.00779321714965569
"SLC2A4",-2.23650678511985,310.394232591753,-3.58162433763222,0.000341464557903672,0.00779321714965569
"HAND2-AS1",-1.77225688588993,260.626168193145,-3.58094839770364,0.000342349270052805,0.00779405430196997
"SNORD12C",1.7022404713565,67.6101976661113,3.58080921758239,0.000342531703666988,0.00779405430196997
"OVCH1",-1.74055169625336,57.5990825946888,-3.5805769331239,0.000342836378546045,0.00779405430196997
"LOC105374181",-1.43704307034831,74.9263368701313,-3.5805021141133,0.000342934568537898,0.00779405430196997
"MEIS1-AS3",-2.08234946459712,49.5047214824766,-3.58023914403949,0.000343279890524921,0.00779405430196997
"LOC107985957",-2.74172910723724,29.7376823532723,-3.57919655848567,0.00034465217692158,0.00779796542283216
"CSGALNACT1",-1.42930384314262,631.469596677748,-3.57902704019567,0.000344875787070943,0.00779796542283216
"ACP3",2.65390002366312,239.894446561531,3.57861292721346,0.000345422610861888,0.00780227773606594
"NHSL1-AS1",1.45694085456759,66.3283310488385,3.57694017108595,0.0003476397006422,0.00783619942496975
"HSD3BP4",-1.39016051973839,55.2852585745216,-3.57651900577231,0.000348200011741925,0.00784076285433256
"RHOBTB1",-1.57355155032193,549.871890746642,-3.57530679947331,0.000349817428352121,0.00784188274821611
"C1QTNF5",-1.16921922307304,209.621947999056,-3.57530005711177,0.000349826444136535,0.00784188274821611
"MFRP",-1.16921922307304,209.621947999056,-3.57530005711177,0.000349826444136535,0.00784188274821611
"C10orf95",1.35472070753433,37.3320880722175,3.57489330180256,0.000350370753448037,0.00784188274821611
"CCL23",-2.39612629647829,15.5062438899151,-3.57321526993517,0.000352624637307087,0.00787827200587526
"CALHM2",-1.05124422846702,791.580061185616,-3.57312790964337,0.000352742347684328,0.00787827200587526
"RCC2",1.26733585396875,2537.51549042304,3.57036704045143,0.000356481366403653,0.00794558162553819
"ARF6",1.09172730082822,1973.12798862297,3.56925066904955,0.000358003754948259,0.00797140474686621
"LOC105374965",-1.31947721519116,27.301976042729,-3.56782459720063,0.000359957324438046,0.00799206229668152
"CLU",-1.39552649591107,5777.48409606661,-3.5677747356886,0.000360025809531021,0.00799206229668152
"ADH7",3.58254226236032,170.52741641827,3.56729202296965,0.000360689448663001,0.00799869010142344
"MTMR9LP",-1.15862729163446,580.86051098704,-3.56633711508423,0.000362005638253925,0.00800869993570162
"SLC9A7P1",-1.34016949704654,26.5911970253252,-3.56616929931753,0.000362237409232328,0.00800869993570162
"TMPRSS13",2.77123154257444,301.676868956741,3.56550127901539,0.000363161390737069,0.0080088202980639
"AMMECR1",1.35605923321698,308.036329187424,3.56537894026937,0.000363330843829842,0.0080088202980639
"SHOC1",-1.49847223462844,193.825973699909,-3.56526928112022,0.000363482797068947,0.0080088202980639
"PKDCC",-1.64970320048371,939.795941870686,-3.56492169578737,0.000363964834255402,0.0080088202980639
"PMP2",-1.98811521919367,37.1617097305537,-3.56484554840197,0.000364070516516278,0.0080088202980639
"LOC102724672",-1.5922959853404,22.7004587084909,-3.5625359656786,0.000367289570394671,0.00806344137008742
"FRMPD3",-1.69498950946185,43.9193893465936,-3.56223208112109,0.00036771509462438,0.00806470242564581
"STAG3",-1.14316545901769,243.006803886852,-3.56157954561132,0.000368630386661735,0.00807669177175861
"PHOSPHO2-KLHL23",-1.30737244118153,94.7018986222456,-3.56059691937728,0.000370012706645785,0.00809886274648332
"EFCAB13",-1.19375919847931,152.867573312965,-3.56033528303208,0.000370381582472674,0.00809886274648332
"RNF138P1",-1.08678275920743,438.20031621124,-3.55800226674389,0.000373686089700025,0.00815967124577415
"CORO6",-1.39080429957336,205.414007956705,-3.55768708122145,0.000374134628881156,0.00815967124577415
"LINC01765",-1.58925607023713,13.3122602829063,-3.55758517224053,0.00037427976275687,0.00815967124577415
"RANBP17",-1.57329661164056,92.0077282574404,-3.55572165825775,0.000376942987764545,0.00820956348103496
"DENND3-AS1",-1.28403034956913,60.4175681187936,-3.55518274423098,0.00037771646786469,0.00821824013000533
"LRRTM1",-1.96158101195045,21.1544723090574,-3.55466673977164,0.000378458456927107,0.00822621507070726
"LOC112267900",-2.13061027869954,19.0413208995411,-3.55343576278168,0.000380234046758728,0.00824317948907588
"VEGFC",-1.25669762446267,163.062126347438,-3.55281739610147,0.000381128928415049,0.00824317948907588
"KIZ",-1.20910579620458,336.22567035623,-3.5526792380053,0.000381329135506332,0.00824317948907588
"CYP4F24P",-1.99626843213965,130.838586524422,-3.55234310017038,0.000381816648759774,0.00824317948907588
"FNDC10",1.77174411373277,92.6772448330316,3.55178663578611,0.000382624990433143,0.00824317948907588
"RTKN2",1.96551720115106,133.469839745818,3.55144454457146,0.000383122718931215,0.00824579447129954
"CFAP54",-1.38624459142773,51.259196335501,-3.55034912623524,0.000384720581228044,0.00826748417866081
"LDB3",-2.17828092625867,545.167362158757,-3.54988461721128,0.000385400028827668,0.00826748417866081
"LOC101927511",-1.35236010095506,17.8898148608519,-3.54941221905372,0.000386092166076324,0.00826748417866081
"PWAR6",-1.47902034031522,142.949129264768,-3.54933461498131,0.000386205979219414,0.00826748417866081
"ARHGEF25",-1.47648906578452,1283.96074783965,-3.5489786209126,0.000386728477507786,0.00826748417866081
"FBXL16",1.11013579935671,204.108556097749,3.54894908857253,0.000386771852265054,0.00826748417866081
"USP44",-1.63582348419671,32.9223890040064,-3.5459659464466,0.000391176754003195,0.00833950095590873
"LOC105374121",-1.53644853152102,106.887186401379,-3.54448531378155,0.000393380419418177,0.00836567366867577
"SNORA18",1.33725431865554,33.6964333080411,3.54426497626064,0.000393709343484284,0.00836567366867577
"RASGRP2",-1.47340072981674,493.041476886266,-3.54404490888385,0.000394038120770123,0.00836567366867577
"SMIM5",1.28080774764367,619.523996234089,3.54327018046787,0.00039519759549173,0.00837232948263618
"TCP10L",-1.4769780531452,15.7902917419321,-3.54267432660813,0.000396091530735069,0.00837232948263618
"KCNIP4-IT1",-3.09623119893538,138.812961002691,-3.54256992916432,0.000396248348335861,0.00837232948263618
"ADGRD1-AS1",-1.6835985955806,75.4203210817226,-3.53883358074664,0.000401899136049033,0.00842002505437751
"ACTA2",-2.05545560749484,9844.37151585509,-3.53859626006978,0.000402260586368365,0.00842002505437751
"LOC102724579",-1.2255633024953,22.8829284982207,-3.53852926622136,0.000402362676035292,0.00842002505437751
"LAMA4",-1.52678280140933,3498.04126783927,-3.53825719753103,0.000402777521137382,0.00842066363370233
"PLCD1",1.04635196381315,942.136853563724,3.53778078885974,0.000403504902475169,0.00842782880193607
"LOC105378662",1.83311997277723,33.91894959622,3.53579254780346,0.00040655381875657,0.00845940758015015
"VDAC1",1.03477013502675,1088.72385778051,3.53578774271662,0.000406561213231315,0.00845940758015015
"TTC39A",1.82803094454086,418.571063645384,3.53378564637118,0.000409653163857976,0.00849564338658489
"ERBB3",1.27869369843306,1353.72597406745,3.53370874972405,0.000409772356565534,0.00849564338658489
"PTPRG-AS1",-1.22635545136776,44.833160491533,-3.53324902594796,0.000410485621782423,0.00849564338658489
"STAC2",-3.17990348935869,60.2670562144989,-3.5332259412317,0.000410521468468843,0.00849564338658489
"LINC00987",-1.03002216414121,32.403888104612,-3.53315655823028,0.000410629226216038,0.00849564338658489
"MIR612",1.43261639565617,1686.48812233567,3.53210088857884,0.000412272034124237,0.00851045056638025
"MYOM1",-1.82857326472205,213.295566963292,-3.53162656019856,0.000413012169579657,0.00851045056638025
"SNORA120",-1.58668712314774,19.9144375010366,-3.53145059656243,0.000413287056258721,0.00851045056638025
"RASGEF1C",-1.74018444423512,27.8787149462457,-3.53016556716649,0.000415299688532227,0.00853585007105167
"MREG",2.38499260871414,517.983654005021,3.52924046871603,0.000416754254457997,0.00855771857092288
"HNRNPA1P33",2.31753323899728,12.8681593736325,3.52759481424684,0.000419353543209985,0.00860303008589024
"SLC6A1",-1.76691538169805,138.775664508589,-3.52548859427233,0.000422702378811941,0.0086538208629048
"MEIS3",-1.55328718722377,502.034793022586,-3.52536399636224,0.000422901266540052,0.0086538208629048
"TLCD5",-1.26139699098248,100.497134419924,-3.52397789154917,0.000425119718705279,0.00867148972779202
"LIPT1",-1.16266175494742,69.3186959628338,-3.52376522930965,0.000425461043239453,0.00867148972779202
"PLA1A",-1.69702449743477,50.4160215976664,-3.52305653528991,0.000426600350749946,0.00867438379069139
"PLEKHH2",-1.69244465368935,712.880575697481,-3.52244696254543,0.000427582587583145,0.00867438379069139
"DZIP1",-1.2159378940344,579.950445675876,-3.52135793525948,0.000429342652969471,0.00870203286453386
"GATA1",-1.95513609966114,12.5592062706943,-3.51997837457845,0.000431581985407776,0.00871517170533121
"RHBG",3.37266355011518,32.7237127997161,3.5194596786597,0.000432426760859072,0.00872418999118073
"ADARB1",-1.12217525506144,1281.44567679897,-3.51782907210182,0.000435092518030122,0.00874789942926956
"GIMAP1",-1.24461037443921,126.820758241645,-3.51773735015496,0.000435242922217685,0.00874789942926956
"OTOGL",-1.87542107547175,40.9454968267008,-3.51769160970293,0.000435317944818867,0.00874789942926956
"SNORA13",1.18872318911544,17.0063107394434,3.51752075857919,0.000435598278289963,0.00874789942926956
"SLC37A2",1.57168355351205,552.462993916699,3.51696725744396,0.000436507623843359,0.0087571983350096
"LOC105372793",-1.50292222394374,41.4403337753212,-3.51656473081685,0.000437170046444995,0.0087571983350096
"BDH1",1.62058407117611,469.7524081754,3.51643230472821,0.000437388180038674,0.0087571983350096
"PAQR7",1.2521591646612,954.35251311987,3.51626732893597,0.000437660071968759,0.0087571983350096
"PEAR1",-1.27870516885692,981.222151930565,-3.5121126722824,0.000444559484028627,0.00884721778009811
"MYL9",-1.85937401639229,7065.87073091937,-3.51175341919541,0.000445160820268967,0.00884721778009811
"PSCA",2.9612740308643,40.9441040967497,3.51170797994151,0.000445236932884658,0.00884721778009811
"BICD2",1.37032413094525,2726.54293665853,3.51107301211762,0.000446301801639275,0.0088573120234751
"MCF2",-2.38691516215933,12.0169969027433,-3.51074524775133,0.000446852406528484,0.0088599569984413
"LOC105371552",3.36358007627447,23.0222757508139,3.51051246674408,0.000447243835704066,0.0088599569984413
"NALCN",-2.68135155785573,66.2099555928857,-3.508982584627,0.000449824358126832,0.00888584907910958
"LOC105374145",-1.58627643291727,49.3172686319313,-3.5088793849071,0.000449998929162905,0.00888584907910958
"GABRB3",-1.63779275506655,46.4731261778582,-3.50886654475071,0.000450020653793401,0.00888584907910958
"PTPRB",-1.06026667643461,1436.22599688035,-3.50877646285919,0.000450173093464703,0.00888584907910958
"PGAM1",1.14845587820861,2352.18464420474,3.50741166237657,0.00045248855973326,0.00891294764459655
"YWHAZ",1.28967024667242,10283.9067864813,3.50733485232933,0.000452619202392111,0.00891294764459655
"ASRGL1",-1.60642907495419,51.7986479992195,-3.50724836313549,0.000452766349997077,0.00891294764459655
"C1S",-1.22220760948689,4894.88157396994,-3.50649568904387,0.000454048791302432,0.00891648488633144
"PPP1R16B",-1.03552305307052,708.62173653223,-3.50628954826563,0.000454400614466012,0.00891648488633144
"LHX6",-1.41080352955192,178.034272161431,-3.50618808546363,0.000454573875765962,0.00891648488633144
"TIE1",-1.07939478026577,1251.05590649092,-3.50482130819376,0.000456913847444714,0.00895436708185481
"SNORA12",1.25209009758555,184.359317389314,3.50455078032151,0.000457378331373663,0.00895545955352722
"LOC105370265",-2.03892414303269,29.1970941549934,-3.50388538359324,0.000458522662296248,0.00896184793123175
"MAPK13",2.01035890441944,1961.51557624971,3.50180536905557,0.000462117065520115,0.00900799368820793
"SLC24A2",-2.73125011901665,17.3011967366231,-3.50080830021454,0.000463849372707559,0.00902581378377749
"NAA11",-2.16882860604174,45.1451143470168,-3.50080498119761,0.000463855149271267,0.00902581378377749
"LOC107986195",-2.02233618134624,28.3253777008951,-3.49986043550798,0.00046550180860815,0.00904421821133235
"CEP126",-1.53961609070293,266.361652119789,-3.49978899798008,0.000465626569711679,0.00904421821133235
"LOC105375634",-1.77651079320201,46.6321834745378,-3.49881075011663,0.000467338159036398,0.00906139740220131
"LOC101927263",-1.70034322846657,61.9104727365808,-3.49848316113866,0.000467912635095107,0.00906451444291228
"MIR657",2.60120909757287,26.4518359528563,3.49774349292068,0.000469212177505787,0.00907453597498072
"PDE8B",-2.35090122742468,456.899417543115,-3.4969930688412,0.000470534057486109,0.00908835772345567
"EIF6",1.29181555265579,1730.78663915986,3.49621527906555,0.000471907808317734,0.00909366761674718
"SESTD1",-1.12541810238071,581.910072174291,-3.49523534449793,0.000473643918651028,0.00911109592418263
"EMID1",-1.26996102678088,134.076317278529,-3.4931740633834,0.000477315271963414,0.00917366456905122
"SORD",1.4021415424004,401.631805561262,3.49158512183407,0.000480163438871164,0.00922031634151376
"FXYD6",-1.38323666710857,763.641108127324,-3.49130321194833,0.000480670413136644,0.00922196913469691
"SERPINB8",1.59257546155697,334.910346574989,3.49066985732244,0.000481811231465918,0.00923576910010346
"ZNF135",-1.13115100188476,166.363749057774,-3.49002055024592,0.00048298340504024,0.00924651050844264
"TRPC1",-1.20223579360056,518.072868242996,-3.48857333419999,0.000485605595622882,0.0092841349040989
"TAS2R19",-1.43021025653641,36.0140079106023,-3.48667282931557,0.000489069262454125,0.00932652493802769
"ANGPT1",-1.63314510828777,174.083686283321,-3.48665575884491,0.000489100477495851,0.00932652493802769
"PCSK2",-1.82032078869619,112.7042685096,-3.48659327941153,0.000489214743156756,0.00932652493802769
"SOWAHB",3.04188519507699,197.639484683191,3.48630699017643,0.000489738642359468,0.00932652493802769
"MOBP",-1.66678105948809,11.4026322416644,-3.48619093231852,0.000489951173147872,0.00932652493802769
"LOC107984585",-2.53675751168363,11.7018836806746,-3.48582061608452,0.000490629889426388,0.00933133756712862
"CDH19",-1.77960718616037,169.294500804745,-3.48497878873634,0.000492176055517657,0.00935262565168418
"PTPRM",-1.2348733804858,1293.61653367248,-3.48413598087681,0.000493728573162988,0.00936884901071606
"SYT15",-1.34182681043806,295.693281936933,-3.48405119291016,0.000493885011747013,0.00936884901071606
"PPM1K",-1.51463481779765,961.863278977361,-3.48271757244608,0.000496351705691383,0.00939936548979965
"SCRG1",-1.54253594295954,51.8610597028987,-3.48200153061439,0.000497680847465594,0.00941639669082138
"ARHGAP20",-1.38622827635286,293.404642781774,-3.48063115196813,0.000500233850043792,0.00944182633177156
"DDR2",-1.43001780259871,3859.21864240643,-3.48035563000055,0.000500748616956575,0.00944182633177156
"PYM1",1.14169500812129,196.389712334275,3.47931188841562,0.000502703156952516,0.00946259859758953
"LINC02635",2.50739263618506,47.4816024410975,3.47924658803298,0.000502825676405273,0.00946259859758953
"SPATA31F1",-1.86336667583994,26.2006568142523,-3.47898961878691,0.000503308083803128,0.00946259859758953
"RDH13",1.00284882979218,821.204725928182,3.47884603725497,0.00050357781674073,0.00946259859758953
"SRPK1",1.16159495608116,868.372398758417,3.47852675406785,0.000504178106755683,0.00946450136853685
"GPR182",-1.30246151192747,53.1485308985863,-3.47737627080099,0.0005063466882467,0.00949021038450402
"SHISA9",-2.26420820824738,20.3600446782386,-3.47696470254468,0.000507124575493164,0.0094966661957737
"S100A12",1.70270926609273,50.8844934896506,3.47546763850329,0.000509963517396883,0.00953353299160896
"SLC44A5",-1.90327700838964,17.7943573561748,-3.47361820148988,0.00051349113424324,0.00958265556898728
"LOC107986699",-1.3200224674851,80.2717038458921,-3.47314475291336,0.00051439783991535,0.00958265556898728
"LOC105370997",-2.25227865883393,57.8363584979929,-3.47282981955098,0.000515001797937236,0.00958265556898728
"VWA3A",-1.44968435023312,22.0703263269971,-3.47263784360552,0.000515370280684217,0.00958265556898728
"LOC105373756",-2.19159823233159,13.397500176894,-3.47240721629368,0.000515813276634892,0.00958265556898728
"ABLIM1",1.04339203538619,6393.55276504686,3.47092057162403,0.000518677397726744,0.00962254173090004
"SLC5A7",-2.26347143890346,31.1904497653341,-3.47053907500654,0.000519414762877051,0.00962806891255177
"ZFPM2",-1.25882838197964,484.180364342087,-3.46989155408281,0.000520668542620135,0.00963973210245601
"DENND2A",-1.40048621360017,836.939689228256,-3.46975984784531,0.000520923907316655,0.00963973210245601
"MYT1L",-3.05578548866479,16.5474888727726,-3.46937760768094,0.000521665692379719,0.00964531250636257
"SNTB1",-1.14425763944597,286.488518069778,-3.46784347692288,0.000524652781575998,0.00969236293788375
"GRID1",-1.55569640918092,240.613539062691,-3.4674811028887,0.000525360679586398,0.00969714002414045
"LOC107984999",-2.0836868557425,40.1006839787337,-3.46674278203352,0.00052680574527552,0.00969942342771986
"TMEM254",1.30454136139532,341.833443945567,3.46628462645765,0.000527704323895336,0.00970580503442175
"SPEG",-1.32383296890126,5211.70770694263,-3.46500929695649,0.000530213149653981,0.00973322491125308
"SAMD10",1.62456656325592,93.221458380273,3.46459543505231,0.000531029683725692,0.00973628482881164
"BMX",-1.16878448652019,55.4880491481321,-3.46427356601936,0.000531665529157737,0.0097397924279649
"PGD",1.84920085475126,2501.15181590921,3.46327320510983,0.000533646252685556,0.00976791094096953
"ZEB1",-1.45965848118221,1311.01800459515,-3.46244650700626,0.000535288309066654,0.0097897886908601
"PSD2",-1.40295686120391,32.4137353008808,-3.46166411689294,0.000536846692336446,0.00980204880049357
"NSDHL",1.07531003666343,301.5893835669,3.46166074090494,0.000536853425859985,0.00980204880049357
"SP6",2.13940349571129,193.947817295619,3.46112521270313,0.000537922552041007,0.00981339143648498
"MIR1910",2.3102791108359,15.9989415339812,3.46062650994725,0.000538919943584985,0.009823407623916
"TGFBR3",-1.23954477738895,2828.23040154655,-3.45990658160339,0.00054036281949993,0.00982940458147572
"LIMS2",-1.54657419759262,2528.09155079426,-3.45979099093209,0.000540594820660805,0.00982940458147572
"PCDHA3",-1.63473871137779,26.9743977207231,-3.45891718928248,0.000542351626050553,0.00984500756153074
"ASB2",-2.30288784882376,487.996213633482,-3.45715337755379,0.000545914040596566,0.00990147071976056
"TAGLN2",1.00600244618767,6309.48746428029,3.45656564326572,0.000547105936126742,0.00991259309341996
"C8orf88",-1.52684802053585,87.0068461233425,-3.45640500936561,0.000547432115154639,0.00991259309341996
"CYRIA",-1.24981669218873,405.993411293692,-3.45577681417861,0.000548709452302285,0.00992751783645175
"DPH2",1.10938831124553,398.864077958885,3.45537504037068,0.000549527851937385,0.00993233314065381
"GREM1-AS1",-1.28149363850696,167.408700453755,-3.45491998113723,0.000550456165395673,0.00993233314065381
"ACTC1",-3.4376719478146,708.570067059011,-3.45475704940507,0.000550788898489018,0.00993233314065381
"LOC100130992",-1.30729122940467,88.0086274995913,-3.45442033667915,0.000551477114377707,0.00993656544080227
"LOC102724621",-2.4705544306727,45.3513887944529,-3.45311827357794,0.000554145979940426,0.00996008073871594
"ATOH8",-1.48861973373757,913.495684949536,-3.45042680451998,0.000559700919556554,0.0100402952841909
"LINC02560",2.83759568150807,48.0893529128071,3.45029050339257,0.000559983607361081,0.0100402952841909
"MROH6",1.86580166094721,419.410274006953,3.44817290507314,0.000564392611591917,0.0101110728699746
"SLC40A1",-1.25644886148995,1285.58941682061,-3.44790761625094,0.000564947236623299,0.010112740158837
"PCOTH",1.05427711974835,21.2759265732048,3.4461891106798,0.00056855233519907,0.0101606701991938
"SBF1P1",-1.86912992526543,54.9549520612943,-3.44444847020811,0.000572225698405352,0.0101991832840418
"S100A3",2.20534023558471,123.593669568002,3.44442830978902,0.000572268373148363,0.0101991832840418
"LOC105378345",-2.19641086186593,18.1947179219774,-3.44421264729484,0.000572725064063068,0.0101991832840418
"LOC105373215",1.58663835234714,26.9524150950948,3.44406642585184,0.000573034898341187,0.0101991832840418
"ERG28",1.01668367464805,319.254525234785,3.44331380139394,0.000574632134092691,0.0102110219448263
"PRDX1",1.21221385405671,1727.51160732653,3.44238307184321,0.000576613081268805,0.0102379194575361
"MARS2",1.28955692117573,231.933821579246,3.44056184268395,0.000580507758168467,0.010290392379831
"RBPMS-AS1",-1.72885900411906,243.234775504998,-3.43964070002077,0.000582486924232825,0.0103051224220366
"PRDM16-DT",-1.98120275906368,101.336942345578,-3.43933447688021,0.000583146265058407,0.0103051224220366
"PON3",-1.5785680839099,20.9899454331939,-3.4391027883819,0.000583645584142673,0.0103051224220366
"NIP7",1.12958739251712,240.402098865463,3.4387261588094,0.000584458119760089,0.0103051224220366
"FAM47E",-1.44710664497104,9.5116247919224,-3.43865214029507,0.000584617930086296,0.0103051224220366
"NPY6R",-1.44954296670947,46.9108937878038,-3.4381176391204,0.000585773157684709,0.0103169532836591
"RIMS1",-2.01368558164059,39.3925949088601,-3.43776697725205,0.000586532203961051,0.0103220245693065
"NMUR1",-2.65840170821821,47.3829193350666,-3.43662459664357,0.000589011367978386,0.0103490289273508
"PGM2",1.02220783692893,676.755229905729,3.43396218589913,0.000594827170478905,0.0104153213531899
"KLHL21",1.10890194809164,3850.56688223003,3.43380999849174,0.00059516122018228,0.0104153213531899
"SEZ6",-1.38574371687718,105.306553318954,-3.43222800988475,0.000598644025090197,0.0104679094890073
"MAPKAPK3",1.16277891306407,834.533737195928,3.4310474059429,0.000601255517847882,0.0105051901084905
"KRT2",3.85354543540028,96.3682667176871,3.43030428304848,0.000602904737032051,0.0105190636903552
"LOC100506851",-1.63985133430141,21.9645927484111,-3.42954122085404,0.000604602588156963,0.0105384587959579
"LOC105374898",-1.35814649872537,53.6723122631187,-3.42906215402248,0.000605670808282433,0.0105486863350303
"HDAC9",-1.2945062780643,492.391488873614,-3.42845099695793,0.000607036112092534,0.0105559173744361
"METTL24",-1.46734536484888,219.113778259845,-3.42838668661748,0.000607179945607529,0.0105559173744361
"PPP1R12A-AS1",-1.59424591144413,16.4260752906887,-3.42755342809322,0.000609046442862304,0.010573857023069
"LOC105369212",-1.94662270349971,63.2375738258399,-3.42694491708481,0.000610412878152651,0.0105826090612653
"SMC5-DT",-1.15746053290402,49.424471026019,-3.42689879599512,0.000610516561088056,0.0105826090612653
"CRPPA-AS1",-1.6220715865674,12.8560610238717,-3.42614839015644,0.000612205822013119,0.0106035016287015
"KCNMA1-AS1",-2.34456372889542,50.8185275635096,-3.42481173676842,0.000615225580664019,0.0106473874189168
"LOC105369458",-1.82687833514824,15.7089788398733,-3.42438340778635,0.000616196187317858,0.0106481841311883
"LOC105378747",-2.37428410863508,20.2473248923738,-3.42365632789026,0.000617847035533183,0.0106590775972693
"PAICS",1.18256800349874,1030.8784585604,3.42301581274357,0.000619304745480004,0.0106672975511675
"LOC105371348",-1.57708654616507,17.4352496773932,-3.42290129803603,0.000619565699588179,0.0106672975511675
"ALDH3A1",3.14291264319408,1060.19649513604,3.4228054886588,0.000619784106920868,0.0106672975511675
"LINC02937",-1.11447791131653,66.2199994619554,-3.42171979889075,0.000622264058825926,0.0107015741984898
"CAND2",-1.00140797835825,362.820294789906,-3.4203470522663,0.00062541292828171,0.0107065572624927
"ENO1",1.5122685271709,9102.22740245586,3.4198765394451,0.000626495619279567,0.0107071131188887
"LOC105370168",-2.31710418173778,15.2572931503652,-3.41954298471687,0.000627264213764024,0.0107118931594464
"KRTDAP",5.07371977690495,1883.3581836624,3.41848704387242,0.000629703156777338,0.0107451683527971
"ME1",1.68364950873253,284.168628429986,3.41569048058685,0.000636205163567855,0.0108224030541706
"LOC105378746",-2.32208330921334,12.5169205409536,-3.41520421550568,0.000637342083018506,0.0108279326917992
"ELOVL4",1.79669344861104,105.768691226019,3.41512877824063,0.000637518629503467,0.0108279326917992
"LOC105376238",1.97508314309743,38.1123861326472,3.41330608605878,0.000641798144537779,0.0108837440764882
"LINC01359",-1.65470037934774,62.4717755363984,-3.41294280934868,0.000642654272255356,0.0108898338013263
"GUCY1A2",-1.86227608263316,1495.46518384208,-3.41170716759228,0.000645574244660455,0.0109202976367809
"PRSS23-AS1",-1.73894760258378,81.6138046439511,-3.41133659675652,0.000646452351109831,0.0109202976367809
"SGCA",-2.28682843840184,162.663859634113,-3.41049752530406,0.000648444725776961,0.0109372008789632
"AKT3",-1.01654398888146,1139.23410762889,-3.40778585599548,0.000654922701503012,0.0110379664537931
"AP1B1",1.10309236645128,2566.24697893221,3.40659776986065,0.000657779867569215,0.0110642952106703
"MIR6724-2",-2.18821390033188,46.717194853758,-3.40650649537739,0.000657999847535528,0.0110642952106703
"ENDOU",2.71193881945229,504.046559934785,3.40396063524161,0.000664163241131922,0.0111432706563246
"HOPX",2.01727400792194,1868.33562543353,3.40372724962492,0.000664730933264094,0.0111432706563246
"LL0XNC01-250H12.3",-1.45032981903884,78.6306309956577,-3.40329224277759,0.000665790257515889,0.0111524958273495
"BMERB1",-1.25873664140752,490.817742770412,-3.40306263641577,0.000666350025273525,0.0111533453428135
"MED18",1.24190149661492,172.474868314014,3.40180302350265,0.000669428685485736,0.0111800938731464
"ITPRID1",-2.15992973055265,26.9204493447487,-3.40146907416011,0.000670247116723762,0.0111800938731464
"GINS3",1.74323634145153,232.783382810648,3.40141163500216,0.000670387980310171,0.0111800938731464
"NCCRP1",3.3223040254911,1256.84913557172,3.40115823678278,0.000671009741815953,0.0111800938731464
"PDE1C",-2.31675485018754,237.118678916519,-3.40007645096389,0.000673670147152353,0.0112073750372878
"PRR22",1.38453883632782,70.2806327847071,3.39765285684173,0.000679666057655182,0.011275234688179
"ADAM33",-1.34126938635159,6259.63938283287,-3.39747072635714,0.000680118642050843,0.011275234688179
"ARHGAP11A-DT",-1.19391590635114,25.4887038324531,-3.396983168165,0.000681331576924207,0.0112834277025014
"LOC107985664",-1.19465744842082,50.1881177639615,-3.39553325914065,0.000684950515366434,0.0113262383333423
"TSPAN7",-1.10365210507908,381.265096632163,-3.39496526433365,0.000686373081376629,0.0113394923111141
"LOC105374191",-2.16020754247904,18.8814712298043,-3.3944250093467,0.000687728719747034,0.0113394923111141
"ABCC1",1.11360839934633,3682.61031629593,3.39391641221751,0.000689007194236684,0.0113394923111141
"SNHG1",1.0511486894028,413.84261562846,3.39379403873743,0.000689315137318869,0.0113394923111141
"LOC105369194",-1.79652284340998,234.694308380185,-3.39306313066626,0.000691157074430491,0.0113394923111141
"DBI",1.87564803674066,314.197919404176,3.39274227465788,0.000691967096948266,0.0113394923111141
"PCDHA9",-1.43949044067728,18.5048413139241,-3.39263571308586,0.000692236313905195,0.0113394923111141
"ATP6V1G2",-1.45181725689917,11.0904451431646,-3.39240530492129,0.00069281874949989,0.0113394923111141
"SNORA63B",1.01930976862634,29.9357182131611,3.3923345385046,0.000692997727274382,0.0113394923111141
"CDC27P9",-2.4738686719747,48.1929238650817,-3.39192252851085,0.000694040609586271,0.011348081907489
"PF4",-2.64844529079776,36.2300709582476,-3.39144771383789,0.000695244272494497,0.0113592856154768
"ABLIM2",1.37387968540982,377.148032729321,3.38950938490163,0.000700178121433477,0.0114309124471853
"PLCXD1",1.26313618088864,558.741765471424,3.38759845029148,0.000705074075395984,0.0114805559874515
"KLK8",3.40296370719835,354.162144655097,3.3875157981596,0.000705286552218606,0.0114805559874515
"LINC02613",-1.52345052248138,21.3912660506361,-3.38717255857994,0.000706169567381684,0.0114815235209903
"CYP27C1",1.47868065162242,275.656129450536,3.38708536157002,0.000706394053231171,0.0114815235209903
"TAS2R20",-1.536359052592,42.6396268613826,-3.38636778379115,0.000708243953589564,0.0114921795813888
"CD72",-1.24400008334779,33.3870260165023,-3.38622088361623,0.000708623213804483,0.0114921795813888
"OCLN",1.80409480923575,375.97919491269,3.38556950229022,0.000710307195301917,0.0114988152083851
"MRTO4",1.0471150630718,444.427094931955,3.38546754632677,0.000710571112940866,0.0114988152083851
"LINC03027",-1.02758709840879,73.0106282804858,-3.38535712702536,0.000710857041085625,0.0114988152083851
"DMKN",2.85229099720002,2086.06425549782,3.38525111506458,0.000711131657113731,0.0114988152083851
"LOC107985965",-2.05260590203,26.3456324166366,-3.38494098275137,0.000711935597694,0.0115033251810292
"P2RY1",1.37029466588024,893.567246307294,3.38360370464341,0.000715411838016,0.0115447142615346
"SERPINF1",-1.48797114900188,2570.20496725372,-3.38355030382334,0.000715550979788404,0.0115447142615346
"PRKG1-AS1",-1.31211116843659,25.9906547495878,-3.38269701943567,0.000717777720602943,0.0115721191011115
"TDRD6",-1.55149775737745,74.5652170171423,-3.38222591767006,0.000719009869954061,0.0115749494861818
"LOC389765",-1.01420592684754,121.459649273447,-3.38114854258537,0.000721835094298619,0.0116118993510152
"DYNLL1",1.13259212993595,1947.62652348761,3.38030370765138,0.000724057734245991,0.0116162221031886
"CALML5",4.92585254255772,566.915332204754,3.37974920077155,0.000725520016757977,0.0116162221031886
"LINC01341",-1.40214188351858,26.4656642595953,-3.37972023306187,0.000725596482459826,0.0116162221031886
"MICU3",-1.37243297108347,271.126057052017,-3.37965779061243,0.000725761336477898,0.0116162221031886
"RRP9",1.28981256491669,397.312088729695,3.37953693523477,0.000726080505039573,0.0116162221031886
"THSD7A",-1.45389846238875,694.728162846276,-3.37951859463959,0.000726128952353079,0.0116162221031886
"C1R",-1.04736906292043,6447.6020333242,-3.37951548128966,0.000726137176672233,0.0116162221031886
"LOC105369667",-2.36613869845352,9.86833322254837,-3.37838489776901,0.000729129488211856,0.0116437515209342
"GASK1A",-1.55438566318147,363.525722890572,-3.37616750375576,0.000735031548129323,0.0117209179181321
"ZBED3-AS1",-1.87809397403719,25.5870937624121,-3.37515259071286,0.000737747729353241,0.0117332028226212
"NBAT1",-1.65642612822472,59.1277979204536,-3.37497056079414,0.000738235875422226,0.0117332028226212
"SRL",-1.78110097098921,114.355810843012,-3.37489224019383,0.000738445998535578,0.0117332028226212
"FABP3",-1.62211822264471,178.639535259395,-3.37487974046756,0.00073847953867616,0.0117332028226212
"GUSBP5",-1.51001511000367,17.8801438317779,-3.37383448715352,0.000741289247046645,0.0117607874024562
"SCN8A",-1.11826292025115,57.0061241735003,-3.37325885159783,0.000742840828913985,0.0117768759489909
"VWC2",-1.71918275550646,28.2870562541837,-3.3725977709724,0.000744626442223734,0.0117796139704852
"MIR210HG",2.12020318395686,106.800455546179,3.37228442773665,0.00074547419043755,0.0117845162427754
"C3orf22",-1.76691726844478,12.807985729482,-3.37199180228695,0.000746266696133115,0.0117885387976039
"ADAMTS19",-3.13468358670956,215.868366899469,-3.37079549300393,0.000749514757126089,0.0118244907375712
"RARG",1.04570492863505,2607.50794471391,3.37061067124392,0.000750017729984072,0.0118244907375712
"ABTB1",-1.18885566160684,1076.37456135512,-3.36917720793912,0.000753929404857481,0.0118708434056215
"LOC101928882",-2.14324400497521,108.330884668326,-3.36908343890409,0.000754185943433369,0.0118708434056215
"SLC22A13",2.2552634104779,68.8141309625293,3.36825521468944,0.000756455368068879,0.0118980165932442
"LRIG1",-1.20174767949454,1714.91955092249,-3.36778365830959,0.000757750315306669,0.0119098345827612
"LOC105378626",-1.6005326102787,82.5382635677439,-3.36711110196092,0.000759600792986437,0.0119132808692433
"USP51",-1.36307285099934,69.6874579679525,-3.3663382792825,0.000761732324968445,0.0119283193756754
"CARD14",1.71457978882974,530.105544149436,3.36614040090774,0.000762278988156526,0.0119283193756754
"PRSS37",-1.93936216884422,41.3081119779345,-3.36607501132478,0.000762459714929174,0.0119283193756754
"ATP1B2",-1.53542528572777,162.16220858357,-3.36577775825758,0.000763281778397849,0.0119283193756754
"PGM5P4-AS1",-1.90976106623964,12.3897412032152,-3.36445186089865,0.000766958624414425,0.0119531314967074
"ANTXR2",-1.41393805966357,1672.91294512011,-3.36441837155896,0.000767051706269769,0.0119531314967074
"APOBEC3B",2.95721463793262,215.090323656598,3.36387889664333,0.000768552594436937,0.0119680080626249
"DMGDH",-1.68855935532565,35.4602106969537,-3.36346118336893,0.000769716598574692,0.0119706452320501
"SULT1C2",-1.70137956144524,52.3007140167565,-3.36342602106393,0.000769814656867119,0.0119706452320501
"PTCHD4",-1.04119439532824,89.9394452394123,-3.36219787691392,0.000773246909125901,0.0119984700984054
"ASTN2",-1.08471070811356,252.951609955962,-3.36114331595513,0.000776205385305809,0.0120188409837811
"SNORD22",1.41888029632475,29.9761640519167,3.36015438856586,0.000778989276400225,0.0120449224036196
"S100A9",2.87748087636352,19861.3960479394,3.35730370778581,0.000787066068964942,0.0121355507185235
"LOC112268088",2.35704384262267,64.2734124580073,3.35410764494823,0.000796213816603992,0.012259342741949
"GPC4",-1.42272889250364,306.513550723951,-3.35282667379205,0.000799907824939867,0.0123056784253393
"ARHGAP40",3.30566830495873,85.1561680675549,3.35261095153142,0.000800531477848661,0.0123056784253393
"PROM2",2.41584103777987,2903.70687633233,3.35228934053809,0.000801462092887458,0.0123056784253393
"GCAT",1.00800027948214,120.423765399646,3.35228668171878,0.000801469790641682,0.0123056784253393
"RBMS3",-1.33024821030213,791.334516986921,-3.35179740527039,0.000802887501476488,0.0123188131353991
"NIPAL4",2.10774703420464,543.734157502102,3.35035878289848,0.000807069497213606,0.0123656592195455
"MUSTN1",-1.40969527272737,82.2786733761516,-3.34732530261657,0.000815953985770646,0.0124796874010735
"LOC105376161",-1.8543532425032,24.0947092132405,-3.34414679854433,0.000825360514802374,0.0125666693735463
"CXCL12",-1.20698808110602,3430.16973295283,-3.34406814111544,0.000825594565704973,0.0125666693735463
"LOC102724637",-2.66634809652625,13.4425944794638,-3.34359547325581,0.000827002320522196,0.0125666693735463
"DUOX1",2.16888001809675,4484.18581755772,3.34357225451184,0.000827071530655122,0.0125666693735463
"LOC101928034",1.71499245132155,170.625110082398,3.34139076591894,0.000833598104359227,0.0126529017493858
"MYD88",1.05227378126659,888.38415418488,3.3412896170994,0.000833901877047609,0.0126529017493858
"BEND5",-1.34954639283515,76.3229383010547,-3.34092845719234,0.000834987359689847,0.012660604187408
"PCDHB6",-1.2869099010574,38.3065268578301,-3.33945712103786,0.000839423088105641,0.0127190593778662
"MYCBPAP",-1.65555787931223,49.5916220885382,-3.33813522947049,0.000843426906208755,0.012762074250714
"LINC00989",-2.08181703953458,33.1664022081671,-3.33749044437466,0.000845386287258421,0.0127740783129876
"TMEM47",-1.26833995513106,790.702543024012,-3.33675506277334,0.00084762612693308,0.0127902463723604
"CSMD1",-1.58136144498993,36.9786954389691,-3.33637321423049,0.000848791338448744,0.0127902463723604
"KLHL23",-1.30715320040921,89.9277460571108,-3.33607619723487,0.000849698713327032,0.0127951194563541
"CDC27P11",-2.35444611861673,170.85739935423,-3.33498697912011,0.000853033934686953,0.0128365202671643
"MSANTD2-AS1",-1.04353001816908,26.8962498832781,-3.33436397290032,0.000854947053981083,0.012847661147274
"IL5",-1.43619612812676,43.7090621729283,-3.33396845895381,0.000856163657025306,0.0128571252401813
"PC",1.56510965895113,794.47429784116,3.3331635014807,0.00085864467089669,0.0128706269087234
"TUSC7",-2.47306993022461,23.3081586292651,-3.33251154502768,0.000860658994821691,0.0128880594195132
"S100A16",2.1550655488283,4758.79284896181,3.33234808451733,0.000861164718857479,0.0128880594195132
"KCNIP4",-1.86214215417414,188.082376569205,-3.33184264302158,0.000862730228301899,0.0129026752915321
"LOC389199",-1.096800061581,83.1211953058975,-3.33146384364658,0.000863905217262361,0.0129114347272976
"ITGA2B",-1.50762019631452,134.115502325071,-3.33108907432777,0.000865069165606198,0.012920017326811
"RAB11FIP2",-1.0711857128114,398.323586918443,-3.33029551516963,0.000867538580954823,0.0129480724173843
"CIMIP2A",1.59793722509796,299.611804790483,3.32983896453728,0.00086896224581193,0.0129604920393052
"SPRR3",4.04588430758671,14222.6795758822,3.32896666618403,0.000871688364651668,0.0129923075302844
"CAPN1",1.31393883094319,6477.6288783903,3.32821461784746,0.000874045039476704,0.0130149500742876
"MAP1B",-1.32311595349413,3830.95939776454,-3.32790891328415,0.000875004705723156,0.0130149500742876
"LOC107986633",-1.59326593084849,74.9122205507844,-3.32746781122264,0.000876391132941408,0.0130149500742876
"CEACAM5",3.1067505250289,495.124504768595,3.32737391973885,0.000876686505895689,0.0130149500742876
"LMO7",1.76522103155409,1021.01749482859,3.32733134677092,0.000876820466485457,0.0130149500742876
"CHST7",-1.28858665157717,194.813611581688,-3.32715815035556,0.000877365643985525,0.0130149500742876
"RAB3C",-1.69024732061598,44.0372425642142,-3.32667960746418,0.000878873607348284,0.0130284984688775
"TPSG1",-1.62248671952357,95.4733061483146,-3.32554651102212,0.00088245375671696,0.0130638931146409
"LOC105377663",-1.48459489745569,26.5844695796558,-3.32445318865443,0.000885921047485223,0.0131063674209326
"RCAN2",-1.38579509110022,519.729223793011,-3.32321109395548,0.0008898754667242,0.0131489014861383
"NPR2",-1.02672383552348,660.613063498015,-3.32317319229277,0.000889996389956323,0.0131489014861383
"COL4A6",-1.45893562206642,1041.17937542709,-3.32254064620349,0.000892016744167766,0.0131610012557008
"TMSB15B-AS1",-1.55359229072745,22.5862904116817,-3.32166113129954,0.000894832983214052,0.0131936680095692
"AMZ1",-1.78687062074113,256.159222965699,-3.32117774771618,0.000896384302475525,0.0131987657627729
"LDHA",1.31100519660723,3637.79959692858,3.32099048510903,0.000896985952568181,0.0131987657627729
"SLC9A3R1-AS1",2.01301180744643,336.560825720645,3.32058049533047,0.000898304502782624,0.0132004370596695
"NDP",-2.18829792268226,30.3557253634519,-3.31960050959814,0.000901463474563563,0.0132371203745402
"PCDHA10",-1.35718895879409,55.6683545379478,-3.31782898244162,0.000907200113157227,0.0133024165982894
"NTRK3",-2.5887876524222,750.66926468676,-3.31729444169982,0.000908937720126273,0.0133112023543977
"PIP5K1B",-1.63171050796154,72.6749540957461,-3.31712552673771,0.00090948744520919,0.0133112023543977
"CLTB",1.40434095899478,2037.70214452009,3.31560949078124,0.000914435117205488,0.0133657594516159
"SLC8A1-AS1",-2.13804991271086,32.4284700628575,-3.31520003924105,0.000915775657713137,0.0133764297736632
"TTC22",2.64735725776295,1238.13866689419,3.31396377315411,0.00091983423939201,0.0134118236880981
"SYBU",-1.05145320633698,248.423972122306,-3.31390269405344,0.000920035189557802,0.0134118236880981
"KCNMA1-AS3",-2.34118911926405,102.573400594098,-3.31204917103958,0.000926152660396778,0.0134511348691138
"S100A8",2.91845088928326,15456.8016573315,3.31192852348447,0.000926552155855484,0.0134511348691138
"LOC105371818",-2.0577620730063,21.607396288838,-3.31153827249697,0.000927845472227859,0.0134511348691138
"TM4SF19",1.73369213858872,16.1388360163524,3.31141413248584,0.000928257230584211,0.0134511348691138
"SLCO1C1",-1.83597172715544,90.0939238137887,-3.31083003537533,0.000930196887899298,0.0134629829471513
"LOC105373551",2.21744041483837,34.0317602165337,3.31061309221757,0.000930918264031687,0.0134629829471513
"RNF225",3.1238298839551,145.176935734806,3.31038260594296,0.000931685241372669,0.0134651870966195
"MARCKSL1",-1.20374419359392,588.412293614681,-3.30902697708509,0.000936208158796921,0.0134857716189079
"WNT3",1.6029298898347,94.3727820556328,3.30898124943629,0.000936361078495523,0.0134857716189079
"NLGN1",-1.63827226587491,220.462889220349,-3.30851882686542,0.00093790878545892,0.0134857716189079
"COBL",1.07680456169634,429.205819580441,3.30829788705786,0.000938649097162689,0.0134857716189079
"LOC101926915",-1.7540144492827,78.3051965079232,-3.30697124891307,0.000943105711983787,0.0135320537980123
"GGCT",1.26051083723739,226.958843153085,3.30563526651275,0.0009476135197415,0.0135523578443448
"AKR1E2",-1.03261997859709,164.935458856085,-3.30391888501601,0.000953434144936233,0.0136000925231464
"DCXR",1.12423222659663,491.410565091831,3.3036662402929,0.000954293709164506,0.0136034971813886
"C4orf50",-2.26456647680532,11.7148831515248,-3.30196734701003,0.000960092461389113,0.0136594972915815
"PRSS8",2.17103395486695,529.517693796439,3.30178467547788,0.000960717904875969,0.0136595258246804
"ZSCAN1",-1.37307334893934,26.9591152449418,-3.30048967641604,0.000965162644373107,0.0136951301926445
"FUT2",2.05846206842334,390.691014635617,3.30038744441197,0.00096551433833298,0.0136951301926445
"SLC5A1",3.03316166464216,408.843354284053,3.30032700203524,0.000965722325314275,0.0136951301926445
"LINC01352",-1.55769338607732,14.4343931281438,-3.29920533413174,0.00096958961081452,0.0137410791545577
"FUT5",2.36029100704061,20.8354123149338,3.29869299665246,0.00097136081474954,0.0137572821274482
"ITGA9",-1.32412378316357,1616.12634242447,-3.29714683567052,0.000976724236170115,0.0138192322731802
"LYPD2",2.25075682767602,14.5712657248684,3.29685923403499,0.000977724906883039,0.0138192322731802
"LOC100507336",1.2155320513349,65.8877438763952,3.2967061757959,0.000978257839146623,0.0138192322731802
"LOC644554",-1.35024224106626,19.5513977865188,-3.29647403012764,0.000979066658705582,0.0138217464511851
"BTN1A1",-1.7439926228961,12.0569351613982,-3.29608569022917,0.000980421059629693,0.0138235089556116
"ADGRG2",-1.13232358910933,64.7781775853198,-3.29607643761158,0.000980453350845293,0.0138235089556116
"AK5",-1.5301531258485,41.3084020435117,-3.29539602214213,0.000982830670803504,0.0138380340925366
"LOC105378807",-1.44684469500494,17.5031210345654,-3.29526810105446,0.000983278212990645,0.0138380340925366
"CIART",1.5233416692079,91.5181407390499,3.29492407718482,0.000984482744402099,0.0138380340925366
"ATXN2-AS",-1.10901715154029,14.560174736836,-3.29487876587461,0.000984641494763327,0.0138380340925366
"RPS6KA2",-1.14062316114952,1417.60009898732,-3.29400504790012,0.000987707246676713,0.0138664849031314
"CIDEB",1.04417910998759,980.622465513506,3.29378814683067,0.000988469689787572,0.0138664849031314
"LOC107984702",-1.06004453037456,16.3307704806175,-3.29376117001388,0.00098856455585081,0.0138664849031314
"LOC105374118",-1.28120402105493,16.1641307928024,-3.29309174859937,0.000990921329742141,0.0138906502460974
"ROBO4",-1.06114167401451,913.545796034515,-3.29119010468296,0.000997644690884891,0.0139491992197115
"RSPO3",-2.42884806651528,216.939609521286,-3.29094018202226,0.000998531438652231,0.0139526937633102
"TARID",-2.06673435502611,57.3299070986756,-3.28936247033693,0.00100414616340828,0.0140043554680302
"NOXO1",1.1578518670447,78.8694791294858,3.2890452888345,0.00100527846433488,0.0140112284691967
"CHRNG",1.35220521341534,100.008019797476,3.28879241887803,0.001006182027202,0.0140149066853121
"FDPSP2",1.21542368440814,315.989209554958,3.28802977016621,0.00100891170244433,0.0140439996191583
"ANO7L1",1.42159047654906,79.3046464042346,3.2876459088056,0.00101028821246516,0.0140497029537153
"LOC105373828",-1.54673123437612,15.8975685400553,-3.28755793748243,0.00101060391853288,0.0140497029537153
"EPGN",3.00169172369799,300.804502726288,3.28732774780151,0.00101143044124345,0.0140522770879163
"LOC105376874",-1.44540911174077,18.3673951640632,-3.28696814635219,0.00101272288423609,0.0140613171062185
"LMO3",-1.85877461458889,486.085414724887,-3.28655000967219,0.00101422763076553,0.0140732915706604
"CCDC81",-1.20961546462831,37.4544187345092,-3.28564259330149,0.00101750026730296,0.01409076191948
"SNORA73A",1.06098864015618,2084.17752013075,3.28548789809643,0.00101805915648274,0.01409076191948
"ADM-DT",1.94877021841544,25.5253251617279,3.28496356139853,0.0010199556160136,0.014096752635319
"LOC101927432",-1.79378556803687,21.3792856038176,-3.28482717117078,0.00102044945782643,0.014096752635319
"PTK6",2.40464697460293,1064.94602095915,3.28476436558988,0.00102067693871878,0.014096752635319
"LY6G6C",2.32432366324775,96.324127364768,3.28392963452978,0.00102370478301327,0.0140983172834635
"LOC105370500",-1.61319995931646,48.3958887201771,-3.28391642857835,0.00102375275207624,0.0140983172834635
"LOC112267879",-1.35465661707,15.7469106602699,-3.28211704784466,0.00103030827810629,0.0141618910748486
"NIBAN2",1.46741855682854,11296.5414981892,3.28145590819061,0.00103272669385407,0.0141773445252774
"RAMP3",-1.06366129629099,458.239538286773,-3.28012961691566,0.00103759404851406,0.0141996787026502
"LOC107985119",-1.3248255507298,29.8228570342634,-3.27965500504969,0.00103934097735615,0.0142058395594968
"PCA3",-2.42525767556735,112.694723304685,-3.27923358799122,0.00104089439005769,0.014210864020774
"SLC35F4",-1.97156544811592,57.1279111258146,-3.27889165298999,0.00104215639732723,0.014216657922132
"HS6ST1",1.24184981190598,1701.86981681991,3.278736920772,0.00104272794527002,0.014216657922132
"KLK1",1.9104470574115,23.1668243791731,3.27812719445116,0.00104498296928441,0.0142308071680835
"LOC105369377",-1.7536569878025,29.3630853878305,-3.2781051042462,0.00104506475278167,0.0142308071680835
"MIR4775",2.13064883037291,20.7740681692059,3.27766326426609,0.0010467018000034,0.0142442462348289
"CACNA1A",-1.14313747028343,73.4512554491426,-3.276799868236,0.00104990759165674,0.0142704926728769
"SALL2",-1.00785843946793,368.809758661592,-3.2767915427635,0.00104993854833246,0.0142704926728769
"TMEM132C",-1.92566801213833,606.315746941275,-3.2764089935763,0.00105136189554115,0.0142704926728769
"SLC51B",-1.55130005470438,89.3604027561474,-3.27626796531915,0.0010518870683111,0.0142704926728769
"CASC15",-1.40630470931206,193.537083071578,-3.27453553732718,0.00105835826282374,0.0143405253793866
"FBXL7",-1.02254215825586,970.8617230441,-3.27398741211634,0.00106041335029966,0.0143594910414496
"ADGRG4",-3.6768991840724,38.7312111338187,-3.27311280997167,0.00106370014516027,0.014395102026227
"SLC25A5-AS1",1.28489077901166,418.386591460849,3.27293368426047,0.00106437446949755,0.0143953361893156
"VSIG8",1.65019389414022,158.974417219891,3.27232529101352,0.0010666677386478,0.0144174522848694
"CAPN14",2.65982619263519,118.92891286431,3.27184287217876,0.0010684894098295,0.0144331707579312
"PODNL1",1.43332334686139,187.131052656988,3.27090735464649,0.00107203024039067,0.0144720779833392
"LOC374443",-1.01761982169166,177.239582353356,-3.268600899427,0.00108080633810992,0.0145725949956851
"ZNF781",-1.65294189712288,43.1648138915939,-3.26792460254891,0.0010833922294877,0.0145918469118759
"ANKRD17-DT",-1.44986477677258,19.9395095671519,-3.2677480869737,0.00108406809618829,0.0145918469118759
"TTC9",2.08798576841658,166.688874907856,3.26632070477149,0.00108954779432249,0.0146108422063741
"TMEM255A",-1.71107000224058,211.461354803965,-3.26623806137982,0.00108986584422304,0.0146108422063741
"SYT2",-1.54848338972467,371.985204954975,-3.26620886772402,0.00108997821540146,0.0146108422063741
"MIR937",1.0226560766401,87.7151712762393,3.26612227365975,0.0010903115932187,0.0146108422063741
"SOD3",-1.45555416732786,1719.72446534024,-3.26553588879424,0.00109257159439331,0.0146321782598762
"CCDC39",-1.38783670215649,49.692855384901,-3.26379731593894,0.00109929776318882,0.0146863499947969
"MIR6516",1.6675298992733,51.726242475987,3.26275776100804,0.00110333785284865,0.0146955312195503
"FANK1",1.01367763946093,136.586546660016,3.26250621338991,0.00110431751965263,0.0146955312195503
"NID1",-1.40210765259627,3073.42320057382,-3.26237989534408,0.00110480977594047,0.0146955312195503
"DSG4",2.53430079973022,224.678452667392,3.26236496613606,0.0011048679678627,0.0146955312195503
"MAMDC2",-1.37426616259264,855.683601441647,-3.26224112977177,0.00110535077361108,0.0146955312195503
"FSIP2-AS1",-1.51131381674512,8.94937496789982,-3.26079628299243,0.00111099829021538,0.0147616570883075
"CHMP1B2P",-1.87117444496511,19.306199575055,-3.26035710429557,0.00111272020156186,0.014775575524982
"LINC01018",-1.14335729521836,16.1670631773405,-3.25990907639079,0.00111447935090147,0.0147899712769541
"CCDC86",1.11471270964739,330.533649134355,3.25919823361637,0.00111727570121477,0.0148181056983146
"LOC105376070",-2.0873232633934,149.223546645494,-3.25894937895557,0.001118256190726,0.0148221374100464
"GIPC3",-1.69368254689844,121.748208055227,-3.25801758666164,0.00112193453093653,0.0148529217962655
"LOC728554",1.12136708064582,260.186089499722,3.25669745071396,0.00112716504907635,0.0148951666014854
"PABPC5",-1.48926391392887,37.6794617281241,-3.25557026545008,0.00113164890867064,0.0149274097465224
"OR2A7",1.21521604296866,59.6951192201546,3.25513423749821,0.0011333878142429,0.014934348567984
"MUC21",3.19085465808985,1303.88623210121,3.25491659821753,0.00113425669658919,0.0149348342681905
"FAM3D",2.44286959514563,73.5357092262011,3.25473666555756,0.00113497550755255,0.0149353233456314
"LOC107984697",-2.39197152016455,23.5009177051947,-3.25342290210549,0.0011402366220122,0.0149833103964734
"RERG",-1.44095150556471,383.577353582259,-3.25295300243283,0.00114212385554712,0.0149875900589848
"LOC105374186",-2.43530100653406,20.6985093460545,-3.25289235062061,0.00114236765853513,0.0149875900589848
"MROH2B",-3.08088483377444,18.5146392378865,-3.25234621410746,0.00114456513938709,0.0149984582559636
"MYLK-AS1",-1.84066217151457,385.686753613116,-3.25184904269394,0.00114656899697487,0.0150064234688342
"NPHP1",-1.30183744969721,64.6296091835028,-3.25168578458295,0.001147227718407,0.0150064234688342
"NRGN",-1.83000664201127,174.924117179672,-3.25110033747913,0.00114959278505081,0.0150194263091611
"PYCR1",1.64522303652846,341.078654961331,3.2499981437562,0.00115405761761999,0.0150597989291567
"FAM66E",-1.20289033402732,17.4706409441725,-3.24783277547598,0.00116287592914504,0.0151312587210574
"DET1",-1.10201135342413,156.440535939813,-3.24746554400531,0.00116437761522197,0.0151403641243402
"HSPB1",1.29565223268811,16289.0391965498,3.2469430919159,0.00116651711937789,0.0151502015919203
"WFS1",-1.19305949996116,1292.40973075049,-3.24635742461355,0.00116891981604742,0.0151724130151653
"LOC105375164",-2.15041449274077,12.7275415363612,-3.24476411883004,0.00117547950732369,0.0152407089071195
"GPR26",-2.13568406039353,30.9857105315726,-3.2446590235117,0.00117591338171565,0.0152407089071195
"KIAA1671-AS1",1.18564319400525,184.350776330363,3.24457307657999,0.00117626831410037,0.0152407089071195
"SSTR1",-1.46725929493318,74.6849132766368,-3.24378385810882,0.00117953215636244,0.0152739654526602
"NQO1",1.16458943558771,282.452500545062,3.24321641288236,0.00118188401620626,0.0152953802688004
"LOC105369782",1.31466571436676,68.3457550596639,3.24086060178241,0.00119169442916541,0.0154041445091529
"RRN3P2",-1.11048285506528,150.062908374431,-3.24052022367605,0.00119311808571226,0.015409537067791
"RNF150",-1.40321796438644,866.103101043142,-3.23995894807627,0.0011954690945653,0.0154215369299739
"STUM",-1.43996993150601,368.63928903653,-3.23986682598073,0.00119585537398565,0.0154215369299739
"TOX-DT",-2.00606300432189,10.834662043545,-3.23957700620527,0.00119707137655882,0.0154281375649433
"CYP4F22",2.98425172757553,524.448882299643,3.23870556107241,0.00120073460089541,0.015457165161938
"KCNMB2",-1.61467406037292,32.9622438293744,-3.23837951971238,0.00120210781498231,0.0154589959060242
"KCNB1",-1.95951195626375,300.113648772943,-3.23818999109378,0.0012029067342482,0.0154589959060242
"SHISA8",1.07157938111689,411.908422404711,3.23784874364898,0.00120434643004688,0.0154589959060242
"LEF1-AS1",-1.22150007107723,25.7724247296086,-3.23765850231841,0.0012051497339533,0.0154589959060242
"RAB23",-1.37796440933254,622.682540306575,-3.23699345395238,0.00120796182639272,0.0154589959060242
"LOC107985977",-1.20683285985462,35.0276856250721,-3.23693233018669,0.00120822058621382,0.0154589959060242
"CCL19",-2.95065188862338,160.95742307214,-3.23686085290489,0.00120852324129716,0.0154589959060242
"IQANK1",2.14358703555498,27.5256150284178,3.23683373979401,0.00120863806421814,0.0154589959060242
"PTPRD",-1.67191070281357,847.327085137874,-3.23642413611605,0.00121037394566974,0.0154721663650082
"HAVCR1P1",-1.6040079184285,31.88480336824,-3.2356822085661,0.0012135240651877,0.0154966382335237
"TAFA5",-1.95089605339265,122.599546683589,-3.23564013493793,0.00121370293056717,0.0154966382335237
"ZNF521",-1.1859644705648,655.739852846798,-3.23519198519799,0.00121560963743919,0.0155119435971419
"LOC105372507",-1.35520838968787,41.4150518196477,-3.23428778785383,0.00121946507899153,0.0155520837489549
"TRPA1",-1.4282735183327,76.1522957449487,-3.23396175624412,0.00122085802579784,0.0155607907767485
"MPZL3",1.58737310290614,388.703103969685,3.23312024802836,0.00122446010414277,0.0155704706220361
"SCNN1A",2.58031508264743,1007.86903719627,3.23197174046409,0.0012293921356449,0.0156060148852722
"AEBP1",-1.41940688626628,11532.604654368,-3.23167252721996,0.00123068005503505,0.015609164112876
"LOC101928502",-1.54654803126802,21.7021652009597,-3.23158313657461,0.00123106506558876,0.015609164112876
"POPDC3",-2.12645329580848,17.3781923747886,-3.22977794466528,0.00123886397369137,0.0156575416314948
"LOC101926953",-2.22460770382257,19.9187382097098,-3.22974928959,0.00123898813827718,0.0156575416314948
"RBM24",-1.4407301654658,61.6035432188294,-3.22944111243968,0.00124032421952094,0.0156575416314948
"ACAT2",1.35636852263112,344.592214613542,3.22935574784405,0.0012406945472111,0.0156575416314948
"NR2F1-AS1",-1.30697825410803,180.758660420008,-3.22894740066302,0.00124246744701722,0.0156630965271273
"PRRG4",2.50186028734399,934.969468110585,3.22796866252589,0.00124672631127837,0.0157077478321501
"LETM1",1.1713946758372,1930.08011500192,3.22707982225506,0.00125060567106373,0.0157475691109231
"SLIT3-AS1",-1.22502503655495,103.825230151373,-3.22641315957723,0.00125352264440263,0.0157584964695441
"ZNF676",-1.57857226364985,31.3003236538914,-3.22429645171547,0.00126282596004088,0.015844838101089
"GGT5",-1.15000427088509,867.939653853328,-3.22422225819593,0.00126315320746816,0.015844838101089
"NCAM1-AS1",-1.84468197494284,115.976535950857,-3.22273144967791,0.00126974537287512,0.0159154010982231
"SNORD49A",1.16980135212946,58.7616428660184,3.22171855094213,0.00127424238681101,0.0159535146828739
"ZCCHC18",-1.17792348091367,83.7368304543683,-3.22018844667687,0.00128106354991482,0.0160114674150791
"C6orf141",1.35556519709983,227.534830608492,3.21990897723513,0.00128231305154867,0.016016286053918
"THEM5",1.84363762160289,61.1463900684538,3.21880421253868,0.00128726345128402,0.0160523290937012
"TIAM1",1.33366638972516,2124.41390117929,3.21847597940083,0.00128873764439649,0.0160615709833488
"TUBB2A",1.42775198985973,1091.31665727656,3.21811024190803,0.00129038211624796,0.0160729233467838
"KIFC2",1.40093069476307,1537.19345234105,3.2173795923612,0.00129367314961322,0.0161018734785654
"DOCK11",-1.05758371797577,789.197211715501,-3.217268073852,0.00129417613855562,0.0161018734785654
"LIPH",1.93881948225657,53.7259057818389,3.21664613788179,0.00129698460738198,0.0161276576320881
"TSPO",1.25950240656899,2665.37335241308,3.21624889909073,0.00129878135648456,0.0161408392062262
"PRKAG2-AS1",-1.02840430267675,29.0087702544306,-3.21599001754588,0.00129995353862576,0.016146248317058
"LOC100652768",-1.19448115852551,419.920854910601,-3.21487978009764,0.00130499163104142,0.0161813053967841
"APRT",1.10413578444536,914.384951278466,3.21397856208314,0.00130909446815375,0.0162087803127549
"LOC105377101",-2.03079274254165,35.7573408632524,-3.21390567748629,0.00130942679842885,0.0162087803127549
"PGAM1P5",-1.51377771674649,32.2335210195632,-3.21187003438849,0.00131874018830322,0.0163041309513498
"LOC105370583",-1.90672284675375,20.727074796039,-3.21173456946843,0.00131936212582123,0.0163041309513498
"MGC15885",-1.50139845702233,18.7285247628822,-3.21151357423055,0.00132037732540774,0.0163074786920426
"LOC101929256",-1.54764568888755,34.9593383863034,-3.21100231446231,0.00132272869454467,0.0163273158859007
"LCN2",3.06274177856884,313.926411430302,3.21053608275113,0.00132487633988868,0.0163446174588744
"LOC102724102",-1.69764842244119,17.8940081761466,-3.21024935176394,0.00132619873216792,0.016351724379178
"KCTD11",1.35582376829692,481.693823370393,3.20989975241951,0.00132781271857563,0.0163604587765232
"CMYA5",-1.4721238331138,352.224061163315,-3.20977252081776,0.00132840055515448,0.0163604587765232
"RNF180",-1.23884836094457,292.612085309782,-3.20939674434442,0.00133013812313996,0.0163670965854206
"CCDC136",-1.62436895115584,354.107302661,-3.20903861180178,0.00133179605804228,0.0163670965854206
"FAM90A2P",-1.61116945910662,34.0595116740114,-3.20901021984655,0.0013319275769879,0.0163670965854206
"HEY2",-1.80471989649007,128.807341582599,-3.20780959661034,0.00133750015731126,0.0163961429347918
"LOC105373067",-2.4191739447975,342.409531589079,-3.20759952462336,0.00133847739502906,0.0163961429347918
"SQLE",1.93533738968047,1102.13177015783,3.20752805337501,0.00133881002359367,0.0163961429347918
"TKT",1.09953082463678,2817.33388894585,3.20747971743357,0.00133903502322258,0.0163961429347918
"BRI3BP",1.39613475562776,415.778581522958,3.20737347272807,0.00133952970576346,0.0163961429347918
"IGFBP2",1.1969982967503,1871.99459732323,3.20690182761432,0.00134172775356828,0.016397443495253
"LOC101929586",-1.63193421514538,16.6308396147434,-3.20669262504546,0.00134270378298834,0.016397443495253
"NXNL2",-1.66269355083997,50.4961242423241,-3.20658382091642,0.00134321166485204,0.016397443495253
"GCLM",1.44149936964371,268.634026675672,3.20552406295697,0.00134816773918953,0.0164386037661576
"SIRT4",1.40854002988812,388.986590371043,3.20550637225081,0.00134825061468668,0.0164386037661576
"SORBS2",-1.56749362791169,1655.60518704581,-3.20532483824095,0.00134910131708243,0.0164396166163866
"LOC107985177",-1.80008628465306,10.7326953518314,-3.20474097722679,0.00135184075777915,0.0164396166163866
"GM2A",1.24655182035395,2062.8026854261,3.20471712581054,0.00135195277620531,0.0164396166163866
"PI15",-1.74754947283019,370.859306994446,-3.20438069029834,0.00135353376161068,0.0164396166163866
"MBL1P",-1.61546462784042,30.3752857934361,-3.20434408671107,0.00135370587285153,0.0164396166163866
"RPS6KA2-IT1",-1.54593633530157,34.7555845626807,-3.20397938596375,0.00135542181043883,0.0164396166163866
"LOC105376598",-2.35798690593111,17.3970282990384,-3.20393369579101,0.00135563692665135,0.0164396166163866
"KLHL31",1.56726799932622,31.323709062073,3.203559771805,0.00135739860095365,0.0164494487538134
"ARMC2",-1.15364544291545,141.071372484713,-3.20280581474223,0.00136095715495724,0.0164834556468287
"LOC105370182",-1.64407537370009,18.0462355278309,-3.20201880804611,0.00136468087558397,0.016510302586441
"KLRK1-AS1",1.24233706720984,27.8464794660714,3.20161702784536,0.00136658551916505,0.0165242211506105
"PCBP3",-1.25255766623801,90.4357275576108,-3.20107323303423,0.00136916728973116,0.0165422538731054
"CHMP4C",1.904898079933,78.4133167968136,3.20098494480987,0.00136958687931599,0.0165422538731054
"GNG8",-1.90069984089462,31.8908866752653,-3.2004187203139,0.00137228068055444,0.0165656582429464
"GNG7",-1.12228438226982,247.793156822423,-3.19992364143335,0.00137464001143301,0.0165850014595249
"LOC105376204",-1.13123813551419,24.3898552820482,-3.19943463850765,0.00137697405899723,0.0166034132198324
"BCHE",-2.03890627425367,173.298820019789,-3.19926263792579,0.00137779589917317,0.0166034132198324
"CELF6",-1.3421782373759,187.540371982852,-3.19871796401876,0.00138040140431417,0.0166034132198324
"ITGA1",-1.57160350053797,1031.59164946238,-3.19836506285679,0.00138209196934691,0.0166108804434398
"EPDR1",-1.54725882595253,528.233568661446,-3.19722549649827,0.00138756408274236,0.0166564379542128
"LINGO2",-1.75864237882941,40.2022982072757,-3.19710098236713,0.00138816319965279,0.0166564379542128
"FRRS1",1.07576483396393,499.048766294513,3.19573393756256,0.00139475662958167,0.0167196238247833
"GRHL2-DT",2.52553369367711,42.2906009168993,3.19545942386915,0.00139608412065277,0.0167196238247833
"SLC47A1",-1.54469854446778,362.160223290262,-3.19496550803438,0.00139847552913959,0.0167252177093059
"LINC00612",-1.34568300564686,27.8334132217001,-3.1943994424954,0.001401220912097,0.016725451598019
"FBN3",-2.1427994434576,16.7712897427133,-3.19433195195658,0.00140154856841456,0.016725451598019
"SNORD86",1.45595539932882,61.4184314371507,3.1939783534298,0.00140326639055307,0.0167277293890195
"STPG3",1.65270321315756,39.0263711852935,3.19310508698507,0.00140751713994727,0.016769277072455
"RARRES2",-1.14388789086279,1126.95301254473,-3.19279006688792,0.00140905345696951,0.0167784571968488
"NEXN",-1.15938822188395,359.565582800593,-3.19243662275891,0.00141077900402247,0.0167879368130832
"ALS2CL",1.71923454867619,6486.16039332786,3.19231320504998,0.00141138199952986,0.0167879368130832
"LOC105379003",-2.10072216593553,12.5918154456112,-3.19076011167906,0.00141899045654676,0.0168531106299644
"LOC107984428",-1.49178573421162,202.625945319502,-3.19009893354507,0.00142224096632987,0.0168804439719867
"BICDL2",2.45257082830895,970.55930136182,3.18925454341162,0.0014264021713604,0.0169115105922653
"SCARNA16",1.60720470721251,53.2220656925224,3.18821507787694,0.00143154013162422,0.0169540779912901
"EDNRB",-1.16062437865854,340.198301910675,-3.18724640287954,0.00143634353414169,0.0169791034221398
"TRAF5",-1.28206249337701,554.728340133037,-3.18723640724355,0.00143639317720336,0.0169791034221398
"TCF21",-1.64838770834698,397.960309338765,-3.1871639708601,0.00143675297784789,0.0169791034221398
"KHDRBS2",-1.81826469174582,30.9588426830352,-3.18664264469213,0.00143934492215683,0.0169948663829655
"NEGR1",-1.60086993647115,370.412881278858,-3.18658372003542,0.00143963815640274,0.0169948663829655
"JPT1",1.69262719374434,488.084256488686,3.1851436847392,0.00144682152600113,0.0170321514249487
"RAI2",-1.1178310915818,606.707155563553,-3.18499922177653,0.00144754397513466,0.0170321514249487
"REM1",-1.48835480275062,153.64236394365,-3.18496404409061,0.00144771994660556,0.0170321514249487
"GTF2H2",-1.0038016164549,282.056968613852,-3.18483740375397,0.00144835361051058,0.0170321514249487
"TJP3",1.84409500239316,143.276736762753,3.18454994574153,0.00144979289856364,0.0170321514249487
"GUCY2D",2.04322526695799,65.2540543685339,3.18422419584494,0.00145142550548909,0.0170328057417257
"PRAG1",1.1121909936944,480.552017560941,3.18418391199423,0.00145162751946046,0.0170328057417257
"ENTPD7",1.283089552466,650.724767788455,3.18379009623017,0.00145360377770484,0.0170328057417257
"PPP2R2B",-1.04472262335976,65.6796111989042,-3.18377039615305,0.00145370270232513,0.0170328057417257
"EPN3",2.14504630093237,421.717491464697,3.18373129888766,0.00145389904897581,0.0170328057417257
"NRADDP",1.5480590093751,49.8424068677038,3.18360908070702,0.00145451298689041,0.0170328057417257
"SMIM1",-1.24141559832001,31.0719109625464,-3.18326315523896,0.00145625196783201,0.0170440601576919
"LOC102723341",-2.26848751953215,30.7471584950445,-3.18292460328118,0.00145795573698159,0.0170548906552411
"EPHA1",1.40392032726461,1555.55132564413,3.17818738700252,0.00148198936245732,0.0172990873369419
"LOC105369957",-1.58694682974775,84.4433682045619,-3.17723031887366,0.00148688902726661,0.0173456751794372
"LOC105373760",-1.86785571940002,34.3428422984271,-3.17709873379672,0.00148756383670299,0.0173456751794372
"MIR6724-4",-1.94619419940498,70.2539370494725,-3.17605446763185,0.0014929291742653,0.0173804878895604
"SAMD9",1.29771025858155,526.46199767505,3.17586504438234,0.00149390432073077,0.0173826041780198
"PKD2",-1.02597189214908,1301.01546265667,-3.17420852225144,0.00150245709733796,0.0174528085733182
"P2RX1",-2.35287655908341,380.209435331026,-3.1741597564655,0.00150270956177894,0.0174528085733182
"LOC105379549",-1.60368572383483,53.4090868415367,-3.1729608409589,0.00150892875000863,0.0175016563857538
"UCHL3",1.08466916654075,152.75176740184,3.17273158428341,0.0015101206806167,0.017506213816038
"GRIK2",-1.35325435679292,129.411903889052,-3.17207430156313,0.00151354277528732,0.0175273373184699
"CPNE4",3.12417337841955,164.301121446792,3.17169781535108,0.00151550613970664,0.0175408027052152
"RAI14",-1.28716497186642,1391.14767829669,-3.17102528023008,0.00151901923015356,0.0175661194979065
"FGF7",-1.58358840737277,257.800171855657,-3.16958272874155,0.00152657993472694,0.0176403105118696
"RSPO1",-1.83441090027043,230.050812091465,-3.16944111827757,0.00152732400917465,0.0176403105118696
"TSTD1",1.66600262355171,165.59446840208,3.16819770789598,0.0015338717114116,0.0176714609176458
"HAPLN2",-2.16674486726486,36.8551365872829,-3.16816319994139,0.0015340537957719,0.0176714609176458
"ELOVL6",1.65322080619776,228.785993782709,3.16799444228442,0.00153494454766701,0.0176724303937909
"MKNK2",1.01158233256467,5600.00007767278,3.16735358721579,0.00153833150778744,0.0177021236006422
"MACC1",2.54200212789379,416.981711608023,3.16594760116149,0.00154578636318788,0.0177599261759027
"TMEM156",-1.59155460739551,12.6547813898263,-3.16051644561411,0.00157489714159686,0.0180399783451224
"PADI3",2.36902829667348,24.6123496556522,3.16032706077803,0.00157592128539677,0.0180399783451224
"CTAGE4",1.07954638295432,138.070098234616,3.16009880031556,0.00157715647334076,0.0180446466479875
"SMTN",-1.59160054454282,6047.52457860227,-3.15944486936743,0.00158070003218467,0.0180532775252591
"SDK1-AS1",-1.41003799842762,54.6401340954575,-3.15939527954802,0.00158096905115068,0.0180532775252591
"FAM227B",-1.03950360154379,89.7786889969968,-3.15935147231543,0.00158120673532507,0.0180532775252591
"CCN5",-1.93551562195768,1337.08387436046,-3.1589847642881,0.00158319766770852,0.0180621956818533
"GSR",1.43640075071049,1459.5895105595,3.15890397487884,0.00158363659994707,0.0180621956818533
"RGL3",-1.40731686154327,181.119581534541,-3.15765188041116,0.00159045362046177,0.0181210810318863
"HERC5",-1.21504161033464,185.451084482895,-3.15715480254202,0.00159316744118104,0.0181331421487151
"LOC338694",-1.91832087000551,16.9333229778738,-3.15696430727981,0.00159420858867891,0.0181355712242757
"LOC101928570",-1.17163182319878,70.3242342061162,-3.15657085753186,0.00159636096236866,0.0181430784302072
"LOC101928692",-1.63463269514092,12.6320554746574,-3.15597392199986,0.00159963161714473,0.0181689625358429
"ANXA2P2",1.17168649895173,360.030077369352,3.15568189474673,0.00160123390243419,0.0181769294283334
"RAB11FIP1",1.35664780368746,1725.13829703593,3.15554377018967,0.0016019922741265,0.0181769294283334
"FGF1",1.39883744543248,120.451686156756,3.15518878751198,0.0016039428204721,0.0181802313484447
"IL11",2.3791394766121,38.0336960331735,3.15426574085639,0.00160902498211055,0.0182189857147505
"CRADD-AS1",-1.21651594572584,188.398868899992,-3.15331743627849,0.00161426164281936,0.0182358408458901
"LOC105375581",-1.97284918085652,9.04222096912099,-3.15324268580671,0.00161467509087297,0.0182358408458901
"LOC105372249",-1.6056401727563,49.3065488118116,-3.15217477066271,0.00162059242761365,0.0182746721983842
"TACC1",-1.17015109982495,6519.58264282454,-3.15204311982465,0.00162132328751151,0.0182746721983842
"KLF15",-2.10866701398128,163.797884253572,-3.15133372151232,0.00162526673779866,0.0182988665083086
"MYH6",-2.22640744243111,9.71188539827265,-3.14990764150246,0.00163322084776268,0.0183513593650716
"CDCP2",-1.89616896177715,15.6818901461258,-3.14962749603907,0.00163478759208815,0.0183588908983349
"STPG3-AS1",1.67770550297997,33.1043738491286,3.14908879933879,0.00163780420029019,0.0183651015350886
"TMEM45A",1.94842723271163,696.347804542081,3.14899409490803,0.00163833505782975,0.0183651015350886
"LOC100505502",-1.16602436135244,372.960637040853,-3.14870394940916,0.00163996242929288,0.0183699268025598
"LGI4",-1.18985417963328,642.529555906582,-3.14851110212522,0.00164104489617469,0.0183726590062276
"EBP",1.89037740398607,511.286659834358,3.14764604813981,0.00164590860599115,0.0184085699964841
"TNNI3K",-1.38163212015112,25.4472850222058,-3.14764174299841,0.00164593284450535,0.0184085699964841
"CTNNBIP1",1.44611907469273,1004.83956883716,3.14714528773166,0.00164873015704996,0.0184304478270228
"SHISA6",-1.89102934801833,269.482640034348,-3.14653399855262,0.00165218051869934,0.0184501912154447
"LOC105376218",-2.18194269480021,10.6409863349069,-3.14606800329451,0.00165481524469999,0.018470199700141
"HRAS",1.1492624664498,614.157984688397,3.14421637032115,0.00166532257825344,0.0185685586206275
"ADAMTS9-AS2",-1.50822811694936,427.478848469763,-3.14384290779446,0.00166744926485572,0.0185734489940733
"CDH4",-1.27376611589163,60.2229719878316,-3.14371925142111,0.00166815397792768,0.0185734489940733
"RGS20",1.84707442795071,29.2411023767308,3.14369287728616,0.00166830431859134,0.0185734489940733
"GUSBP17",-1.65538878701867,1048.64468067274,-3.14283978305928,0.00167317394544194,0.0186028599164706
"AFAP1L1",-1.040387253414,367.787304352637,-3.14252182261707,0.00167499226790046,0.0186100814349387
"MAP3K9-DT",2.28529610671452,46.3369907484502,3.14065464405523,0.00168570684759107,0.0187101504714895
"FRZB",-1.50342487581749,307.778231234684,-3.13992662933894,0.00168990152930473,0.0187377239408232
"LOC105379016",-1.20317041955321,29.015114914826,-3.1387879033073,0.00169648190936376,0.0187949615080193
"NHLRC4",-1.24893516864972,20.5159307613409,-3.13873654099625,0.00169677927260896,0.0187949615080193
"SNORA16A",1.27797908587654,88.6330245071268,3.13849441537811,0.00169818171009434,0.0188009910400035
"SLC4A11",2.05110221544051,349.960498617217,3.13784912176645,0.00170192458198303,0.0188329129248729
"ROR2",-1.2510215581886,887.897684586406,-3.13754359688213,0.00170369935172168,0.0188430352328229
"STARD8",-1.0322959197767,548.200580488798,-3.13718064333994,0.00170580993216789,0.0188568595427843
"CCDC7",-1.0820590277633,234.366590496612,-3.13661860476466,0.00170908294077374,0.0188694941507883
"SELENOI",1.23858706208032,819.194119285537,3.13654078883271,0.00170953655359721,0.0188694941507883
"GATB",1.01860575664585,189.195941819035,3.13573927503909,0.00171421527054344,0.0189115216773785
"TIMP2",-1.31852015061206,11811.3840855173,-3.13338340826436,0.00172803555335328,0.0190102076722277
"NT5E",-1.19691678004367,1045.57230381337,-3.1324806394475,0.00173335858988693,0.0190460815970023
"SPART-AS1",-1.61699837442143,15.4631289686869,-3.13230768931014,0.00173438008299403,0.01904775319218
"PRELP",-1.52064648531464,2500.26250203969,-3.13188853065251,0.00173685805115056,0.0190654107718982
"LINC01537",-1.82339156725885,23.6506523613848,-3.13100355502291,0.00174210051654379,0.0191133812305831
"THRIL",1.39863187077191,64.0752694386826,3.13015608326329,0.00174713444872971,0.0191590169027367
"GLIPR1L1",-1.566573045777,32.3017619062068,-3.12991401063532,0.0017485747996348,0.0191652195397691
"AMIGO1",-1.13816134993572,184.20994158179,-3.12953301842388,0.00175084394437565,0.0191709099556574
"PTCHD1-AS",-1.67850726158842,17.6231125875434,-3.12501958596111,0.00177793221418314,0.0194093148045604
"LOC105379675",2.32023477293044,21.6852078000423,3.12479307194741,0.00177930178264292,0.0194145926582203
"TRL-TAG2-1",-2.29768020858112,38.6490474958869,-3.12354269962653,0.00178687935873239,0.0194670234829999
"CRCT1",4.52744338770076,604.318871214357,3.12341400829286,0.00178766094239141,0.0194670234829999
"ZCCHC24",-1.19586575450993,2892.52022818986,-3.12299969605325,0.00179017932804036,0.0194750889162683
"MAMDC2-AS1",-1.63197655541309,46.8802364806031,-3.12229166331764,0.0017944906351812,0.0195026239170734
"LOC105373046",1.7844678414769,99.5379395491338,3.12114419807838,0.00180149797648093,0.019538630432615
"PTPRO",-1.25435820648484,47.2173319463231,-3.12106086247541,0.00180200786866067,0.019538630432615
"PRDM6",-2.01938241956343,76.879727741697,-3.12092124618039,0.00180286241374555,0.019538630432615
"TUBA1C",1.88211581251125,4598.09232671847,3.12001931152107,0.00180839183768803,0.0195836171396862
"FOXL1",-1.93943570193402,72.8107815319849,-3.11971236917632,0.00181027713810121,0.0195867516522457
"CLDN10",-1.84255043113123,14.1529468797208,-3.11898227296763,0.00181476879343348,0.0196237977627733
"XKR4",-1.60398336740154,219.252919862483,-3.11876854521138,0.00181608561350481,0.0196237977627733
"LLGL2",1.72554024557453,1955.11813623392,3.11855203576455,0.00181742046739659,0.0196252747366482
"LGI2",-1.78338805664223,91.0344953895667,-3.11815289065785,0.00181988369540811,0.0196412186107675
"ADGRG1",1.03028902543663,1995.77653069134,3.11802236515709,0.00182068986757046,0.0196412186107675
"CCNYL1",1.03177822905083,363.999375696746,3.11761173512633,0.00182322820616452,0.0196437198332745
"NR2F1",-1.05054319847278,1058.46460123163,-3.11687384414434,0.00182779770544911,0.0196598172441777
"NEXN-AS1",-1.59953482867584,92.6127630220546,-3.11521527232356,0.00183810709372635,0.0197416305997766
"LOC107986918",-1.23191326687825,57.9040180806457,-3.11489446497357,0.00184010733148842,0.0197461314629511
"WNT4",1.2488589250689,645.269445537582,3.11396966350844,0.00184588467801115,0.0197656247881901
"YBX2",-1.19838792599926,49.47359624541,-3.1138526137897,0.0018466170887188,0.0197656247881901
"MLLT3",-1.07092671801658,307.536024164834,-3.11384638924591,0.00184665604479348,0.0197656247881901
"LOC107985034",1.0411037161822,141.477150803509,3.11334652722099,0.00184978687870881,0.0197842448254477
"CCDC120",1.13129163262228,721.570541797939,3.11210549755644,0.00185758103515625,0.0198254398791926
"PERM1",2.15067991460624,278.363810126712,3.1119402418932,0.00185862117922929,0.0198254398791926
"LOC105371017",-1.19673146122041,27.8541930046353,-3.11175450096115,0.0018597908993331,0.0198254398791926
"SERTM1",-1.93493518182555,141.781893472058,-3.1115460170104,0.0018611046511936,0.0198254398791926
"RCAN3",1.36839512573471,387.471695715438,3.11142569419202,0.00186186324775827,0.0198254398791926
"SLC47A2",1.45459194759619,192.604546075365,3.11137263370738,0.00186219786724684,0.0198254398791926
"TENT5B",1.6409691191162,2552.07689762805,3.11053090136418,0.00186751354507642,0.0198544736782279
"TPTE2P1",-1.38540606726326,22.6221769770602,-3.11038986138125,0.00186840559799675,0.0198544736782279
"ATCAY",-3.0391484528984,83.22509396887,-3.11036707786845,0.00186854973639917,0.0198544736782279
"ANXA2",1.18534759337123,10823.2875623522,3.10985452954066,0.00187179504076578,0.0198793162109443
"CADM3",-1.49391011595107,669.925516369422,-3.10940096655446,0.0018746711847566,0.0199002159195819
"LOC102724749",-2.31890148630206,17.2953196833039,-3.1089554101769,0.00187750050929284,0.0199109565143302
"UTS2B",-1.61741545422692,20.8481951835344,-3.10718456726752,0.00188878434444115,0.019990451032217
"EDIL3",-1.26610893933633,700.444459515753,-3.10594873122935,0.00189669597578572,0.0200369377191249
"C1orf198",-1.05954651009924,1820.47601165321,-3.10517469766573,0.00190166670880757,0.0200673347832841
"MIR6852",-1.0706399887442,174.750689462304,-3.10465044029042,0.00190504020770346,0.0200787454057587
"LOC105379080",-2.0161520555627,14.9960684646484,-3.10462010365729,0.00190523558642503,0.0200787454057587
"NOP2",1.03992223064338,651.744073629554,3.1037577606379,0.00191079708487614,0.0201077111400091
"BMP7-AS1",2.37799383906563,46.4780585286556,3.10353511668298,0.00191223539937033,0.0201077111400091
"LOC107986368",-1.21824464829055,17.3729866046628,-3.10348402795797,0.00191256558067834,0.0201077111400091
"SPATA9",-1.16791148769959,75.3894293842247,-3.10252050700684,0.00191880253315269,0.0201609713970901
"AMOTL2",-1.26456329556617,2941.7579371894,-3.1001214424732,0.00193441311460638,0.0202575968199426
"GAPDH",1.15376682607922,15643.9046780053,3.10010416761167,0.00193452594283694,0.0202575968199426
"LOC107986027",-1.14280590042756,14.1800085498829,-3.10007799798422,0.00193469687744023,0.0202575968199426
"NLRX1",1.0582536159094,848.964363385147,3.09917641882236,0.00194059428214393,0.0203048809559568
"LOC105375208",-1.79235406672852,38.370736344982,-3.09831193158469,0.00194626455775874,0.0203370723497808
"CARMAL",-2.18698279318469,24.8953043785753,-3.09830190173314,0.00194633043393437,0.0203370723497808
"HAS3",2.23838790446731,1749.18162793478,3.09828285594449,0.00194645553251896,0.0203370723497808
"PCSK9",2.23736727568372,227.488075564494,3.09794530373864,0.00194867390418873,0.0203497307762725
"NXPH4",2.17204033169736,42.3605777867727,3.09699421846809,0.00195493686617164,0.0203760625349558
"PFKFB2",1.09143503764604,579.244838743357,3.09686833403403,0.00195576720725751,0.0203760625349558
"LOC105371874",-1.25298327839697,46.8504346230848,-3.09611440192921,0.00196074696763074,0.0204182348197669
"RFTN2",-1.06523490701601,148.722297858055,-3.09573637267977,0.00196324824930122,0.020427651460578
"SYCP2L",-1.68459373196933,21.6774645550879,-3.09569594350767,0.00196351592770321,0.020427651460578
"PGM5P2",-1.36258561398612,173.109681787708,-3.09532882490307,0.0019659481252874,0.0204335500118818
"LOC107986167",-1.02305185787396,27.1810253514554,-3.091977157907,0.00198828148150144,0.0206090996307921
"AMY2A",-1.1992232828809,11.6605640023142,-3.09191877302788,0.00198867257621085,0.0206090996307921
"MEF2C-AS2",-1.38488618719862,32.0004741651166,-3.09190992035637,0.00198873188254062,0.0206090996307921
"GAB3",-1.15007902298863,147.360373246846,-3.09180685809506,0.0019894224426803,0.0206090996307921
"ATP10B",2.36814155759272,386.095291950437,3.09110398507943,0.00199413785685927,0.0206384319526625
"FZD10",1.86294884957319,443.04298288401,3.09075468778418,0.0019964850260864,0.0206529683293451
"SH3BGRL3",1.06716108088881,1646.28902089141,3.08965385896613,0.00200389885107904,0.0207101055788405
"CLXN",-1.2239724110379,41.8856195611886,-3.0891520729202,0.0020072866391417,0.0207353372294176
"TMEM233",-1.4210495238707,20.2971312337354,-3.0879873856299,0.00201517024624472,0.0207678175424373
"LINC02757",-1.34096323041433,13.9638266640464,-3.08763544916529,0.00201755803964916,0.0207826500464095
"SLC25A5",1.19236709611449,2009.40298756734,3.08724131623058,0.00202023520644409,0.0208004480137171
"PITX1-AS1",1.31002061228953,429.472510787843,3.08621613166092,0.00202721409629171,0.02083606851965
"RHOBTB3",-1.09821331814997,577.791599603433,-3.08617438223845,0.00202749877151501,0.02083606851965
"PCBP3-AS1",-1.2079936407312,12.5573118918187,-3.08598465469386,0.00202879292180131,0.0208395934911705
"LINC01473",-1.16720087894206,21.8934419887153,-3.08486002943697,0.00203647967694102,0.0208891712180608
"PRRG2",1.67593685516385,110.173063107457,3.08465206736521,0.00203790401108825,0.0208939994772783
"SVEP1",-1.3273220886251,3556.69006296567,-3.08360132078793,0.00204511457040072,0.0209380309715651
"SCEL",2.91182764470836,836.219735842415,3.0835722130818,0.00204531464958443,0.0209380309715651
"UNC5C",-1.72847105859646,288.118499219831,-3.08350371362163,0.00204578556882087,0.0209380309715651
"LOC105374357",-3.75198625912806,17.8514312482467,-3.08192015450616,0.00205669997188534,0.0209982741770772
"LOC101927583",-1.4374364829224,78.9780201186835,-3.08076058203649,0.00206472597408762,0.0210562148899735
"DCDC1",-1.70518942016981,24.9171808995417,-3.08068384289761,0.00206525813777056,0.0210562148899735
"LOC105377481",-2.17422804127227,16.628784026064,-3.07980883415581,0.00207133497301872,0.0211021820414858
"FASN",1.59855860748744,9471.9806868098,3.07975735541682,0.00207169299731793,0.0211021820414858
"LY6S-AS1",-1.36420345667238,33.8167277399393,-3.0794740378135,0.00207366443053164,0.0211124478034146
"BAK1",1.16525560576528,491.932015962168,3.07909982511763,0.00207627098451225,0.0211193580643749
"MED12L",-1.0093636013688,116.814883476414,-3.07890851411379,0.00207760470943075,0.0211231179506393
"CDKN2B",1.98318994028811,607.011954556659,3.07769887370389,0.00208605592901686,0.0211893766364207
"LOC107985998",-1.11648726719161,19.7328153897269,-3.07695619565959,0.0020912603013022,0.021222562853882
"LRRC4",1.20216021592804,665.905110723588,3.0767221259821,0.00209290302867704,0.0212294006288491
"SLC16A6",1.90626006296615,144.552146175303,3.0762008570816,0.00209656560612811,0.0212364942983686
"MITF",-1.40739763301002,1001.77429108517,-3.07606083912875,0.00209755041155445,0.0212364942983686
"TRIM59",1.51375040639007,79.9463702782158,3.07591156301542,0.00209860080079548,0.0212364942983686
"NRTN",1.90546349792208,55.7053164906305,3.07582664395091,0.00209919855352864,0.0212364942983686
"RNF224",2.02330171576269,152.35194833234,3.07579548531504,0.00209941792105278,0.0212364942983686
"C19orf33",2.42230860652155,133.02658629925,3.07524827688374,0.00210327388530725,0.021262860310088
"LOC107987393",-2.09697020568455,13.8904725506169,-3.07505591104244,0.00210463095459947,0.021262860310088
"TUBB3",1.88574472097671,252.718559711855,3.07475754868317,0.00210673737854799,0.0212712515963071
"HOOK1",2.06626395292132,225.921823042922,3.07208776924553,0.00212567212887995,0.0214328008945051
"VSTM2B",-2.59724030268114,53.240568971351,-3.071564710222,0.00212940002798871,0.0214605127015789
"MUC19",-2.23003378916992,26.7291729103341,-3.07117187516561,0.00213220374748402,0.0214788892447701
"CD200",-1.51547566897041,282.592440903559,-3.0706625779176,0.00213584371319932,0.0215056690056053
"KRT6B",4.00989795088119,19454.2613983885,3.0700928105929,0.00213992261278999,0.0215170740918902
"CPED1",-1.34153141092376,890.894346559835,-3.06927942644138,0.00214575791440743,0.021554367188661
"LOC102723381",-1.40972149479352,35.4645908124811,-3.06920634190493,0.00214628294408618,0.021554367188661
"HVCN1",-1.06338115045811,80.9205299812543,-3.06886509944566,0.00214873594419509,0.0215565161229118
"PDE2A-AS2",-1.51913676187844,58.5957375140344,-3.06886112262934,0.00214876454643721,0.0215565161229118
"SHMT1",1.22290595015615,560.436926242862,3.0677961555947,0.00215643662709252,0.0216054581776442
"S100A11",1.5699840015075,2499.47591855217,3.0673537008606,0.00215963147316553,0.0216246165382101
"HSPA12A",-1.08547331366477,686.29562270063,-3.06708782108135,0.00216155340592023,0.0216254041660787
"SLC6A11",1.74623984855251,139.115481359518,3.0664846404519,0.00216591935932317,0.0216591935932317
"TFAP2A-AS1",1.85804053186408,40.4058295752245,3.06631178033685,0.00216717204820864,0.0216618337482898
"CDC42EP2",-1.18322673907405,553.206754255255,-3.06588922682163,0.00217023702091021,0.02167269513589
"INSC",-1.96053483488802,42.3639815048874,-3.06566289152768,0.00217188036746385,0.0216792249891266
"PARVA",-1.06441514249096,3316.33812435142,-3.06495828154273,0.00217700361622745,0.0216908363945172
"CCDC194",-1.40390907055689,19.7628255910641,-3.0633329715997,0.00218886358986834,0.0217792921226227
"PUS1",1.14090219683227,444.084670797318,3.06271165723066,0.00219341297968187,0.0217948654806484
"RBPMS2",-1.78979641897278,265.580191133403,-3.06231136774584,0.00219634856928096,0.0218141419550979
"FAM3D-AS1",2.17473049173904,16.6817612096848,3.06183845600259,0.00219982138643381,0.0218387342894267
"TMEM54",1.10353991733489,501.932563528693,3.0615816051022,0.00220170967382722,0.0218475810478054
"SPTBN1-AS1",-1.48871059128389,74.6960824304322,-3.06132351714772,0.00220360855188195,0.0218565248400785
"PHF21B",-2.2104666981977,123.841311260501,-3.06066097603737,0.00220849006209984,0.0218925955218763
"IFRD2",1.20532203788578,947.985772994939,3.06055881319567,0.00220924366494151,0.0218925955218763
"SNORD83A",1.22234144406256,22.9471060217467,3.06017086737034,0.00221210748931875,0.0219110646885054
"IL1RL2",2.19289124210711,258.801376158258,3.05968807200234,0.00221567624663319,0.0219364964137972
"SNORD28",1.35316515789694,31.9160789814648,3.05829107953904,0.00222603236693998,0.0219897030694058
"PCDH9",-1.50213048635475,405.884920886542,-3.05805407633646,0.0022277937028532,0.02199682741303
"CEACAM6",3.22695068999856,619.135797093793,3.05720353827388,0.00223412516439892,0.022009749258984
"CTAGE9",1.05118265585952,58.0819276157883,3.05684978070043,0.00223676341105276,0.0220192905922557
"LOC105374260",-1.76909276094495,19.9004183049248,-3.05643350375573,0.0022398715695082,0.0220192905922557
"LOC105370841",-1.13587564996101,133.9744501089,-3.0561415275403,0.00224205398946437,0.0220192905922557
"TSPAN12",-1.2552951163632,92.4750413485184,-3.05613155225505,0.00224212858563772,0.0220192905922557
"ZBTB16",-1.88553118183821,3352.17982983491,-3.0554831108108,0.00224698257674496,0.0220570735916139
"SLC5A4",-1.09521731286871,93.8488008309267,-3.05359486604304,0.00226117216751212,0.0221261556434606
"ZBTB43",1.12976937087093,684.839534768377,3.05351071956375,0.00226180640957281,0.0221261556434606
"FAM3B",2.58791894274339,100.411056129755,3.05338937493083,0.00226272131439379,0.0221261556434606
"PRSS27",2.21880644205058,416.829309075563,3.0532657981066,0.00226365339777686,0.0221261556434606
"DNAI7",-1.45870804694438,14.6121295078498,-3.05320412375275,0.00226411871075484,0.0221261556434606
"CHN2-AS1",-1.05269429775559,39.7336787935253,-3.05242379921581,0.00227001357923225,0.022163991765142
"FAM30A",-2.03910175224426,22.9814655580058,-3.05213807757597,0.00227217554365159,0.0221752187801365
"PANO1",1.08697150469245,26.6947580283212,3.05177274670258,0.00227494263363403,0.0221923388704014
"RCOR1",1.28652760629671,1615.67251517529,3.05041435117612,0.00228525849744625,0.0222731377575834
"SREBF2",1.02014247246787,4611.46578359849,3.05009608384448,0.00228768165613312,0.0222819276669401
"ROR1",-1.31628323265897,606.817870825568,-3.0498716119289,0.00228939210961652,0.0222819276669401
"KIF19",-1.88110398300635,64.634409614152,-3.04976193578559,0.0022902282567754,0.0222819276669401
"VSTM2A",-2.22494573031873,11.1564237290098,-3.04950314571936,0.00229220232505846,0.0222868049166133
"MAP6",-1.27441112260855,240.876603042837,-3.04821488432152,0.00230205248220451,0.0223583706498394
"XPNPEP2",-2.17152003851648,101.724172136625,-3.04701174709811,0.00231128676974874,0.0224360598241409
"IL17RD",-1.31631304466145,1257.75184247183,-3.046891096322,0.00231221465462849,0.0224360598241409
"C16orf89",-2.18366852028748,113.59853145549,-3.04428909119723,0.00233230901306626,0.0225810386550074
"ARHGAP32",1.046889313149,1884.92526377264,3.04412416693724,0.00233358803797128,0.0225834425406142
"LOC100128770",2.76420796095441,370.751084724037,3.04334818009584,0.0023396146166764,0.0226217812230273
"MIR8086",2.37297468607885,20.8016273987481,3.04319859486808,0.00234077798382578,0.022623046151576
"LINC01589",-2.0146580500481,132.45824725913,-3.04288645249525,0.00234320731063883,0.0226252076153013
"NOS2",-1.50908360902486,16.1093306151783,-3.04277188287675,0.0023440995566743,0.0226252076153013
"LOC105371244",-1.67855165800832,15.3655677668708,-3.04193135579431,0.00235065493857632,0.022671766087854
"LOC107985200",-1.04065043016506,56.2035389811933,-3.04088034057561,0.00235887556251696,0.0227233431233584
"MSLN",2.51184166569651,69.9947281726657,3.04075666435015,0.00235984463791098,0.0227233431233584
"SLC22A20P",1.4559158289967,60.2022946445741,3.03913153107361,0.00237261241527322,0.0228135202975221
"KIAA0408",-1.43353583475803,75.7072738483698,-3.03906177017763,0.00237316190128946,0.0228135202975221
"XGY2",1.38042160077834,12.7673270488779,3.03886655491422,0.00237470017363698,0.0228135202975221
"LOC107984131",-1.57818373454437,774.535772945019,-3.03883329549387,0.00237496234478798,0.0228135202975221
"KRT37",2.81596145986021,39.4464636207303,3.03867805195471,0.00237618642013171,0.0228135202975221
"MTCL3",-1.28903479748128,139.624817770938,-3.03865680456894,0.0023763539979654,0.0228135202975221
"LOC102725082",1.67703602320013,36.9998401805964,3.03855641597059,0.00237714590777011,0.0228135202975221
"PLCXD2",1.27079748749939,42.0842959502683,3.03808473932761,0.00238086993782416,0.0228392558396354
"DCHS1",-1.09510297427691,5231.26559859607,-3.03741903225901,0.00238613498589765,0.022869736457138
"LRIG3-DT",-1.57779918946571,11.6857598293939,-3.03728673730742,0.00238718256961595,0.022869772671747
"LGR5",2.29776062324504,39.3459381616857,3.03693669462515,0.00238995643002127,0.0228863397647578
"SCN7A",-1.87242957358967,524.686026348075,-3.03585902790542,0.00239851477302817,0.0229488796012749
"DNAH12",-1.74629091504391,21.0693418362586,-3.03583400004488,0.00239871386592301,0.0229488796012749
"LOC105377211",-1.45771832422259,17.2281973946035,-3.03374498627525,0.0024153850855875,0.0230392195146809
"SLC34A3",1.63599943195846,300.476308838364,3.03170544967176,0.00243176370598656,0.0231551250752567
"PGAM4",1.33055526184593,145.748237268251,3.03125516334516,0.00243539342759679,0.0231796133790815
"LHFPL6",-1.21830846189789,1082.93166995669,-3.03053463432785,0.00244121186983367,0.0232148229462048
"ESRP2",1.89334240519408,1954.73219916791,3.02993185825489,0.00244608919906095,0.0232470194717667
"SELENBP1",-1.10213986583061,771.811434901301,-3.02884572420902,0.00245490010925871,0.0233045326663164
"LOC105372471",-1.25645030256764,16.6743165742687,-3.02764564130243,0.00246466915806099,0.0233871378315791
"MEIS3P1",-1.16598101565084,142.439137256901,-3.02630215656381,0.00247564773515958,0.0234405539660097
"ADGRD1",-1.32449711615481,978.914720164653,-3.02577253538249,0.00247998793212944,0.0234613711541261
"ERMN",-1.66497609285428,9.45563917294323,-3.02529748686735,0.00248388683269926,0.0234786956605224
"CHRND",1.73552318578461,16.3121480420353,3.02511817097877,0.00248536000255754,0.0234817756170917
"EPS8L2",1.51637689484046,3008.58661089324,3.02478987160746,0.00248805921806502,0.0234971454602606
"ZFP2",-1.43128886128505,39.0717028945192,-3.02409455901985,0.00249378480442633,0.0235222358092641
"MACROD2-AS1",-1.87100129976955,47.8211922069369,-3.02407612897675,0.00249393673139756,0.0235222358092641
"ASIC4-AS1",-1.26218556575119,32.2451515278172,-3.02285021883333,0.00250406148418366,0.023587268752564
"SLITRK3",-2.39148416879561,192.02372227649,-3.02265076443889,0.00250571232377942,0.023592675983673
"CIMAP2",2.06813558433206,66.1397613280577,3.02161978299374,0.00251426141244248,0.0236164701215117
"VXN",-1.93884254874858,30.611329034728,-3.02155762179564,0.00251477771645564,0.0236164701215117
"MIA2-AS1",1.29639529830529,13.102083935513,3.02141006332363,0.00251600370913577,0.0236164701215117
"PLN",-1.90353986651894,297.392776355181,-3.02130673785918,0.00251686251637289,0.0236164701215117
"PNPLA3",1.86504215992703,38.1097753214593,3.02081072463036,0.002520988949562,0.023637922457521
"LOC105371629",1.21167203186378,82.285192931936,3.0202560403781,0.00252561080775765,0.023637922457521
"KRT6C",3.9029667482656,38465.0435400951,3.01773305414209,0.00254673133144907,0.0237846903120414
"LCNL1",-1.61808503484332,91.2993514713672,-3.01707549531164,0.00255226238742198,0.0238015539976199
"OSR2",-1.02369693454535,1165.32544016759,-3.01704113843677,0.00255255168204433,0.0238015539976199
"NR5A2",-1.08203206991224,136.370822398324,-3.01678074920158,0.00255474520831634,0.0238015539976199
"MYOM2",-1.94602083226848,75.1766349979008,-3.01644883802343,0.0025575437366264,0.023804495866391
"LOC102724078",-1.39972597863452,11.4294944223775,-3.0160529496156,0.00256088535872083,0.0238052601652836
"FOXH1",1.41682419873524,200.664828004276,3.0151536080951,0.00256849137997623,0.0238254217338185
"LOC105379504",-1.3553793306806,37.7961144874114,-3.01403885296485,0.00257794789472337,0.0238791408682028
"PDE7B",-1.18291390574052,251.493635291947,-3.0137569745308,0.00258034411892681,0.0238848076238642
"FAM180B",-1.70075806811338,19.436451815708,-3.01359130912468,0.00258175337628389,0.0238877603354645
"MIR1-1HG",-2.57440395207674,27.5245892938475,-3.01341351029125,0.00258326663139484,0.0238885857253895
"SLIT3",-1.3174993732248,4189.01230061429,-3.0120917230739,0.00259454188212667,0.0239544452075931
"SPINT2",1.98582706626895,2409.03491467445,3.01186711007572,0.00259646236677386,0.0239544452075931
"LINC02284",-1.41087753421831,17.9498428628675,-3.01176431507935,0.00259734171736026,0.0239544452075931
"MUC15",2.21961636145379,105.116089818295,3.01172161564638,0.00259770706587135,0.0239544452075931
"MRPL12",1.10373217776257,369.522567869919,3.00987578103874,0.00261354554246878,0.0240903587864918
"S100A7",4.77844927973105,617.469104287887,3.00954401909945,0.00261640162089538,0.0241065431092589
"LOC101060553",-1.54308775865208,21.0969854959338,-3.00895788514827,0.00262145451649649,0.0241226662983781
"GDPD5",-1.08624670070428,550.849731925833,-3.00821047573894,0.0026279106625637,0.0241530528809867
"REV3L",-1.3632691786196,2687.76984444932,-3.00819276673809,0.00262806380959709,0.0241530528809867
"NCAM1",-1.65980939131413,2167.12433164641,-3.00743149793392,0.00263465496361932,0.024193332042288
"C14orf28",-1.26060057038497,67.7205507147987,-3.00588535223704,0.002648088206832,0.0242861501095392
"PLP1",-1.40558620983316,232.37088101066,-3.00511570676887,0.00265479836221111,0.0243205640358624
"CRMP1",-1.01085105415811,350.80807184725,-3.00507305674419,0.00265517066060168,0.0243205640358624
"LOC105376039",1.47109135083113,81.6030436691796,3.00487935444091,0.00265686211732328,0.024325887584853
"MIR3615",1.83867636142814,102.656793544944,3.00427581187207,0.002662138718201,0.024364018093477
"SPMIP8",-1.4549769775363,20.8845757444299,-3.00409994006794,0.00266367811646844,0.0243679279882353
"EIF4A1",1.07918866746173,2196.95690438971,3.00349450618377,0.00266898367609003,0.0243960919245442
"LOC105374054",-2.18768789066032,29.0024229489424,-3.00314242461754,0.00267207348935633,0.0244114971677037
"AGTR1",-1.71061586220613,61.1061253730416,-3.00277822902997,0.00267527305281476,0.0244114971677037
"GPRASP1",-1.2187215515881,618.503794008307,-3.00272633020729,0.00267572928388144,0.0244114971677037
"TNNI1",1.52245637046802,31.5761855234203,3.00165778968164,0.00268513840403325,0.0244818149287847
"OLFM5P",-1.40482079786569,15.1802414106808,-3.00153930180074,0.00268618361884064,0.0244818149287847
"CAPG",1.47725587913843,1706.45281348806,3.0013169872888,0.00268814572076719,0.0244895104956379
"TRIM58",-2.06988047653384,186.201776682118,-3.00078681867127,0.00269283016640278,0.0245118026364291
"OMD",-1.53460578873736,120.455903619176,-3.00032350221519,0.00269693002873067,0.0245389272962994
"LOC105370205",1.32273830636949,33.6406723664785,3.00010705382304,0.00269884732298834,0.0245461788487649
"LOC105370993",-2.18737351064365,18.8541934867049,-2.99912171671183,0.00270759116400079,0.0245934401992856
"TMPRSS11B",3.71022749129445,473.289790686026,2.99884086385134,0.00271008817692697,0.0245934401992856
"PYCARD-AS1",1.06257711273891,100.268833408677,2.99873504306965,0.0027110295563393,0.0245934401992856
"LOC107984763",2.1786317986608,19.394583029142,2.99864057462413,0.0027118701980242,0.0245934401992856
"MSMO1",1.78914033669944,725.783334767651,2.99778910093886,0.00271945791974349,0.0246428673577338
"F2RL1",2.40052263719383,302.926342850124,2.99764706592883,0.00272072551977901,0.0246428673577338
"RPS6KA4",1.00297793647655,951.760529756316,2.99734267650526,0.00272344387991397,0.0246572956235186
"LOC101927241",-1.43754598495053,14.3237860016846,-2.99654422497083,0.00273058627456878,0.0247015463566482
"TMEM178A",-1.19066607479923,51.8725891961221,-2.99615915814682,0.00273403692883345,0.0247123552437049
"ASB5",-2.93949731718365,19.8454198232466,-2.99577632734182,0.00273747149447689,0.0247172120597717
"CTXND1",-1.00555687257547,31.0010855007584,-2.99564321698395,0.00273866661695978,0.0247172120597717
"SQOR",1.02350192079489,527.914327401873,2.99559643505202,0.00273908675860911,0.0247172120597717
"TOMM40",1.09121479174842,858.093704793857,2.99514512292735,0.00274314295155546,0.0247334411804856
"LOC105376845",1.75116366104514,57.1413103894389,2.99414597374107,0.00275214238929345,0.024763630287236
"EPHX3",2.48549426320421,470.38779575607,2.9936544992644,0.00275657903856607,0.02478319521337
"LINC01117",-1.68636379343519,15.6451679512157,-2.99325405810973,0.00276019873899252,0.0247974934526763
"ACCS",-1.07270527387401,787.459390163102,-2.99315759818548,0.00276107131607246,0.0247974934526763
"SYTL2",-1.47458768386351,417.726671531723,-2.99256235368383,0.00276646147890909,0.0248082838202177
"TLN2",-1.01312102380155,1738.44147529455,-2.99254638996772,0.00276660616861583,0.0248082838202177
"EFCC1",-1.17690760036055,122.51089385779,-2.99247033972465,0.00276729555712515,0.0248082838202177
"RORA-AS2",-1.42705943351122,12.5165854678378,-2.99167826447791,0.00277448498025631,0.0248442662253215
"ANO3",-1.24936958410688,37.2493455865142,-2.99138988590507,0.0027771067372974,0.0248468472680799
"DCAF12L2",-1.48743552176069,15.3608815977274,-2.99093414215306,0.0027812546876581,0.0248622155065643
"LARGE1",-1.06388942177522,1371.19281241229,-2.9906960826892,0.00278342363431558,0.0248714566997775
"UNC13A",-1.03652605557234,30.627433055922,-2.99035056425434,0.00278657438208433,0.0248847207773915
"HIF3A",-1.81057763815314,665.703711843739,-2.99028423672661,0.00278717958866813,0.0248847207773915
"RAB7B",1.3749262516626,485.360949295434,2.98986974347985,0.00279096435891005,0.0249083621603744
"NHLH2",2.05124639940752,54.4553292836003,2.98949856272588,0.00279435762252546,0.0249268808203356
"NRXN3",-1.08941346781768,131.179616341394,-2.98910335792993,0.00279797465049088,0.0249376373222441
"CALB2",2.53213477875697,39.3110103619885,2.98882868239329,0.00280049107807848,0.0249376373222441
"LOC107984406",-1.51895508622028,14.2638711739234,-2.98823395348897,0.00280594674419934,0.0249708745594669
"EID2B",-1.31053183703658,27.664441196402,-2.98744601535197,0.00281318973740098,0.025008076983384
"SRCIN1",-1.21877376254747,113.444131992912,-2.98701244000916,0.00281718258660529,0.0250099151023185
"CD24",2.53036662649058,3444.07395216153,2.98655542180279,0.00282139692586674,0.0250270472249961
"ADRA1A",-1.93310639552279,92.6496559273861,-2.98607804929868,0.00282580510635747,0.025037927097187
"PLAU",1.04650566943523,439.240903260379,2.98585363876227,0.00282787954333213,0.025037927097187
"PCP4",-2.73377263816388,381.477073705977,-2.98423871703049,0.00284284883583107,0.0251359233224611
"PRR15-DT",-1.43169618506685,9.73064398193586,-2.98304391946275,0.00285397037184513,0.0251805916644011
"FAM167B",-1.31874805512775,59.9722676698292,-2.9827128817746,0.00285705879031344,0.025190405672341
"NKAIN4",-1.38194925239501,10.4937065868617,-2.98214739367192,0.00286234157439066,0.0252166883373138
"SERPINB11",3.10635953013035,111.915925539985,2.98135506228679,0.00286975852779795,0.0252659860573424
"GPR156",-1.11027506755608,31.1532190070092,-2.98044025023126,0.00287834383385711,0.0253169463668443
"LOC105378211",-1.35404250815894,20.7867094346875,-2.98019347793753,0.00288066374848314,0.0253271840807647
"HILPDA",1.00277349993796,129.598613198899,2.9799076145814,0.00288335329329926,0.0253406621164006
"LINC00654",-1.10919085832083,157.505369644829,-2.97894787920932,0.00289239973675867,0.0253967091326623
"PRDM8",-1.56766227563365,361.116008749235,-2.97867197007935,0.00289500524031686,0.0253967091326623
"SNORA71B",1.34626956111456,31.145763009508,2.97843889469405,0.00289720791938239,0.025401290721756
"CHRM3",-1.61562945790449,53.4153173908169,-2.97818903598059,0.00289957090814281,0.0254118394389635
"TSPAN18",-1.1449480179552,826.857115128781,-2.9778860286077,0.00290243889988594,0.0254228700546124
"ACOT7",1.18836141865481,464.847464806219,2.97781092106873,0.00290315019975537,0.0254228700546124
"PADI1",3.23833265416875,305.402244666892,2.97692597390231,0.0029115430099675,0.0254851625181786
"LOC101929534",-1.46238204263321,18.0124184543775,-2.97651160033415,0.00291548052270993,0.0254851625181786
"SNX29P2",-1.12505207140602,181.474798299449,-2.97632631862977,0.00291724270176138,0.0254851625181786
"SLC26A7",-2.04815417226928,12.3762977680326,-2.97539375673874,0.00292612688889984,0.0255525867420469
"NALT1",-1.63888206776846,43.2778624766167,-2.97274966743455,0.00295145061216594,0.0257327031088562
"LOC107984997",-1.4093601794872,12.7244026775882,-2.97235494386265,0.002955248179913,0.0257537919771403
"SNORA81",1.00515141683298,38.3849215487804,2.97218751553799,0.00295686032536736,0.0257537919771403
"LOC107986058",-1.65096100871952,29.5498658367653,-2.97213192905438,0.00295739573776746,0.0257537919771403
"ARHGEF5",1.42273481934925,1743.34497076543,2.97179954426421,0.00296059913479478,0.0257714449914
"SLC25A41",-1.43576046292063,12.0309157649822,-2.97163711884418,0.00296216567998315,0.0257748411629987
"SNORA8",1.43165632568191,115.967887778338,2.97045775590629,0.00297356298986095,0.0258448327302272
"RASL10B",-1.63657159294433,110.242167911821,-2.96953417230545,0.0029825163798792,0.0258977517556681
"PCDH15",-2.61003901201236,30.8998739665543,-2.96929187453896,0.0029848693283837,0.0258977517556681
"EIF5A",1.14502164804955,4161.63570646358,2.96925915300767,0.00298518721624994,0.0258977517556681
"FBXO32",-1.32961596590482,1109.69502111199,-2.9680244008328,0.00299720536261471,0.0259765702115856
"FRMD3",-1.09975667408777,193.443176050749,-2.96732601353055,0.00300402246534176,0.0260150720219913
"CROCCP3",-1.08235399520113,443.62181337704,-2.96555962675713,0.00302132770847648,0.0261442693889098
"LINC02058",-1.97040795559684,11.001628063999,-2.96510826280931,0.00302576427159893,0.0261723234073164
"LOC100289230",-1.03910540855384,61.2724664299189,-2.96490942251966,0.00302772060474971,0.0261723702621058
"LOC105378728",1.90846430647406,45.1725913877621,2.9648649039515,0.00302815876834497,0.0261723702621058
"ABRA",-1.65008974469951,21.8296377130825,-2.96393713687315,0.00303730327130965,0.0262410546823322
"OR7E2P",-1.46828264052277,41.4894373739053,-2.96370150335637,0.00303962979200389,0.0262508036037861
"GYPE",-1.53892107580064,18.3443565646366,-2.96340682183989,0.00304254160877451,0.0262621538240001
"VPS9D1-AS1",1.07571233291624,227.897771742575,2.96332593343483,0.00304334133085971,0.0262621538240001
"LOC105447645",1.60347308204659,111.04899178097,2.96264591424731,0.00305007208382642,0.0262912661762132
"PCDHB7",-1.15967123097572,66.6090477875416,-2.96205359394043,0.00305594586322036,0.0263294431235384
"PXK",-1.19889724236982,1022.37675440634,-2.96166714480765,0.00305978366796245,0.0263521462912961
"PLCB1-IT1",-1.26509499813338,13.5497325071085,-2.96105364467973,0.0030658853321285,0.0263735954561976
"MYOZ2",-1.72492755235869,15.3020978465429,-2.96056378374656,0.00307076528784287,0.0264052070080994
"CCDC178",-1.88768797631173,21.0446941842984,-2.95879450557173,0.00308844974755137,0.0265156481069164
"CLUH",1.31861646413087,3664.12277137751,2.95758096681684,0.00310063306681615,0.0266098200132949
"DCLK1",-1.22965108918431,1031.98365984293,-2.95673009921776,0.00310920146659393,0.0266448920146765
"ADAMTS19-AS1",-2.44188554247456,20.6059557561054,-2.95658605835263,0.00311065412055522,0.0266448920146765
"LOC101927044",-1.28092773638619,13.4687505377271,-2.9564510374491,0.00311201636994783,0.0266448920146765
"SLC6A1-AS1",-1.83049669398707,16.3845287978038,-2.95557460528478,0.0031208720786533,0.0267102762669116
"LOC104054148",-1.54800686676386,25.2254800164184,-2.95477894582118,0.00312893152811121,0.0267583488606232
"DUSP7",1.57993841193258,2775.23176959257,2.9542504460922,0.00313429532707263,0.0267661326720002
"BLACAT1",2.01485819800879,19.4033281544123,2.9536148642792,0.00314075701473714,0.0267872357679087
"LOC105372546",-1.47331589989018,23.264649530536,-2.95357016998745,0.0031412118591181,0.0267872357679087
"FAM110C",2.56662453657678,821.464869663033,2.95311254271633,0.00314587249160356,0.0267996805012136
"LOC107984789",-1.60714134367002,12.6249619447108,-2.95298040104167,0.00314721943996452,0.0267996805012136
"GNA15",2.03125523680392,984.425692684762,2.95275767830936,0.00314949089026318,0.0267999084565907
"HAGLR",-1.22830383718541,50.2040655615539,-2.95273790976538,0.00314969257305892,0.0267999084565907
"MOV10L1",-1.73364420131645,91.8683617191146,-2.95127182379697,0.00316468274067184,0.0268839787568134
"DLG2",-1.01315152944335,291.279597355092,-2.95063284829498,0.0031712363441603,0.0269167728103425
"RANGAP1",1.16173720690727,3128.27522839705,2.9495443281979,0.00318242915890755,0.0269737032385549
"ZSCAN23",-1.03718301961738,158.671562394504,-2.94811429051203,0.00319718838273969,0.0270464855080412
"GABRA2",-1.7394147715529,21.065208122743,-2.94603165838776,0.0032187945391904,0.0271922942069033
"SNORD26",1.5183131443288,21.8469185463941,2.94578139321988,0.00322139983719355,0.0271922942069033
"CELF2-AS2",-1.13510015465626,75.3820965135376,-2.94571861499949,0.00322205366929214,0.0271922942069033
"SLC8A1",-1.39559836700648,1507.71418043852,-2.94569804802909,0.00322226789958034,0.0271922942069033
"NOG",-2.43569630397725,43.1601563001506,-2.94524505882556,0.00322698963152111,0.0272040564935081
"MIR7846",-1.35117295522925,18.2999973337209,-2.94446993173783,0.00323508379307316,0.0272098039644946
"LOC105375503",2.20964829104308,27.7210581454303,2.94446808662859,0.00323510308243106,0.0272098039644946
"DIAPH1",1.11571415602276,3322.11702982039,2.94446620589785,0.00323512274429523,0.0272098039644946
"IL17RE",1.3310322011288,540.763179277533,2.94364015712906,0.00324376910160047,0.0272511430276328
"NEAT1",1.13258243042027,179348.668315844,2.94230310274826,0.00325780884975498,0.0273481195011999
"FHL1",-1.76850554690487,9563.91216879804,-2.94157179106214,0.00326551139325702,0.0273917896731475
"ZNF559",-1.06825265305435,246.193778388541,-2.94107277186177,0.00327077683433589,0.0274044820039386
"LOC105376237",-1.8292452420372,14.2273473811423,-2.9402651711334,0.00327931468795501,0.0274550190344265
"APCDD1L",-1.60730692183783,79.2341966067192,-2.93960192569535,0.00328634161343761,0.0274718598818841
"EDNRA",-1.59255771478253,1691.0442664748,-2.93910165072382,0.00329165097794653,0.0274952622671782
"LOC105375696",-1.64290543068306,30.9834016897963,-2.93875217621946,0.00329536454763793,0.02751579163062
"SEMA4B",1.40821289977129,3501.88808194574,2.93799604970115,0.00330341232806277,0.0275514899535041
"LINGO1",-1.22800497623554,77.1652696704296,-2.937292696242,0.00331091448916421,0.0276035526855357
"LEF1",-1.13379704089048,196.87731484197,-2.93711858898313,0.00331277395954024,0.0276051017531343
"CILP",-2.25008614970896,1809.85821858206,-2.93701095717447,0.00331392394596063,0.0276051017531343
"LOC105373069",-2.22068099803738,89.8795341031658,-2.93692149399741,0.00331488008728874,0.0276051017531343
"FBXW10B",2.15425772224118,168.434264648064,2.93616105019539,0.00332301751173246,0.0276518472016932
"ZEB2-AS1",-1.03257964172968,66.6246642559619,-2.9354136047216,0.00333103356802247,0.0276817983646624
"BNC2-AS1",-1.2816680729657,63.8155675049291,-2.93459038929025,0.00333988260317753,0.0277236101970961
"ANXA1",1.82931056538555,18006.6146426197,2.93453312983906,0.0033404989009737,0.0277236101970961
"MYLK",-1.78826123256918,7894.40361340562,-2.93404186156775,0.0033457908019079,0.027737432203666
"MFGE8",-1.0104823658497,4301.93309552073,-2.93402595542995,0.00334596226902278,0.027737432203666
"SLC5A10",1.44087419404564,368.934042689479,2.93369144634904,0.00334957010908066,0.0277568385362925
"LINC01748",1.43145453455173,44.5690840393875,2.93319361512479,0.00335494601604739,0.027773723357781
"RNA18SN4",2.48121773194979,934.350270458279,2.93305434489788,0.00335645135281164,0.027773723357781
"SRP14-DT",-1.14638911640546,25.9032740488492,-2.93303336208231,0.00335667820408051,0.027773723357781
"SDR16C5",2.71738860328087,204.544453196188,2.93265766627391,0.00336074232345218,0.027779226009981
"EMP2",1.26099647019657,5044.30591209887,2.93262029080411,0.00336114688053216,0.027779226009981
"RASSF2",-1.21153193487116,1033.06345097052,-2.93227918434668,0.00336484111212055,0.0277992717822629
"LOC107985031",1.32481921370719,16.914636384397,2.93108447806192,0.00337780912226454,0.0278853797546405
"IL22RA1",2.78580844596672,163.92149876854,2.9295552226452,0.00339447491724364,0.02792758104182
"KCNH1",-1.18301918698473,101.923520170367,-2.92939336766389,0.00339624318356982,0.02792758104182
"FGF10",-1.25237756798047,230.658092567576,-2.92938925118806,0.00339628816701879,0.02792758104182
"LRP8",1.51930831912767,377.474798635892,2.92929162673851,0.00339735513281571,0.02792758104182
"LOC100505942",-1.1682727768433,15.1492563491455,-2.92922373164772,0.00339809735777998,0.02792758104182
"CCL15-CCL14",-1.69495177286785,113.567188949795,-2.92915545625229,0.00339884388908225,0.02792758104182
"SLC45A1",-1.18318299065002,114.193251535132,-2.92898625942352,0.00340069455090253,0.02792758104182
"LINC02371",-1.18703325455513,14.3247488560279,-2.92886323174102,0.00340204079418611,0.02792758104182
"ZFP82",-1.24707554004574,88.4675880121842,-2.92831346104054,0.00340806264812115,0.0279542014660996
"C10orf95-AS1",1.19155863420166,50.1345414998456,2.92769028464999,0.0034149002761756,0.027974967100682
"LOC105376481",-1.29687444098226,16.8441844329151,-2.92763804067708,0.00341547407550545,0.027974967100682
"MIR554",2.04521016395682,19.3798395293383,2.9264680668783,0.00342834699605122,0.0280280159266725
"GRIP1",1.40325164291243,393.03945656685,2.92571326317273,0.00343667532858157,0.0280845438610677
"LOC112268015",-1.01450974252873,65.5311909485347,-2.92555629355024,0.00343840960716744,0.0280845438610677
"NIPAL3",1.09471692256972,612.659587097893,2.92449663481709,0.00345013810131411,0.0281257716276738
"PKM",1.35257529352975,12267.4148253778,2.92447595915534,0.00345036730501314,0.0281257716276738
"LRRC2",-1.47789109635048,98.9229320753292,-2.92445732407429,0.00345057389936957,0.0281257716276738
"NEBL",1.92960333933412,1014.34864091546,2.92408803900721,0.00345467023250999,0.028148689027257
"VIT",-1.85560503788619,220.444473996394,-2.92383693641482,0.0034574581417615,0.0281504674418411
"WDR17",-1.38808508732888,83.900576922267,-2.92268919533385,0.00347022722142917,0.0282127380019205
"CENPN",1.37484651636268,306.420747449063,2.92166017607402,0.00348171194751123,0.0282848753318394
"SNORD116-4",-1.02491040226412,18.8118343014374,-2.92094434392653,0.00348972162958929,0.0283289369782517
"CIBAR1-DT",-1.63482195215595,9.51436157248147,-2.92080582203159,0.00349127353182536,0.0283310381786272
"CSTA",3.61272995737272,1325.35968903864,2.91977863178317,0.00350280106165256,0.0284001722173654
"LINC01237",-1.30145960499334,47.1011294602912,-2.91974317200214,0.00350319962290344,0.0284001722173654
"WDR86-AS1",-1.68495818990033,10.1913810835441,-2.91970028897271,0.00350368167519574,0.0284001722173654
"TMC2",-1.56164313475823,14.3626202158007,-2.91946070738846,0.00350637594581511,0.0284115003597667
"PAX8-AS1",1.72653175649736,703.282660599449,2.91892988557308,0.00351235214361805,0.0284164990454359
"LOC102723675",-1.69580216567146,73.4982879738641,-2.91889961318358,0.00351269324110744,0.0284164990454359
"ZNF404",-1.25657573494506,20.4828851209978,-2.91883000463038,0.00351347767750277,0.0284164990454359
"LOC102723896",-2.48731811658114,21.9320808987842,-2.91683553474143,0.00353602168822999,0.0285408977217669
"PPP1R9A",-1.83973643041362,154.002340582561,-2.91669670455153,0.00353759581059107,0.0285408977217669
"GGT6",2.93175767676475,410.992057662138,2.91631870100606,0.003541885025353,0.0285408977217669
"GFRA3",-1.63630184606262,87.7436892292085,-2.9156327128759,0.00354968103451858,0.028593202744964
"LOC102723439",1.35175465011255,22.3121035109617,2.91482403300653,0.00355889143880432,0.0286252978796632
"ARHGAP27",1.18502989611179,1984.60399002265,2.9144811466512,0.00356280327895898,0.0286462458135748
"SH2D7",-1.5006768467149,18.1815504203226,-2.91426733313555,0.00356524456329844,0.0286553589075087
"GOT2",1.16391466425329,1246.45034925878,2.91381937044605,0.00357036425554175,0.028675469515733
"ITPR1",-1.31269594287018,2576.50245980923,-2.9118471566864,0.00359298399554197,0.0288143478819853
"STK33",-1.40860126340409,104.083769515526,-2.91143722454555,0.00359770192586471,0.0288316200423174
"MSRB3",-1.34643263024938,1522.68542278076,-2.91055189504032,0.00360791046077051,0.0288632241838396
"NXPE2",-1.3793330202358,45.8149824161024,-2.91050199702364,0.00360848660707626,0.0288632241838396
"LOC107984500",2.59559419305533,97.1364961265406,2.91048050557245,0.00360873478340619,0.0288632241838396
"GRIFIN",-1.10681573103673,41.1300724550816,-2.91026342829988,0.00361124239201632,0.0288632241838396
"HHEX",-1.34464489900408,68.4449111409345,-2.91008727182524,0.00361327846110867,0.0288632241838396
"GNAO1",-1.21309885161369,281.253760111332,-2.90847375987663,0.0036319765498805,0.0289580080814708
"LRRTM3",-1.53488414184624,17.7748299300696,-2.90811566520726,0.0036361382222722,0.0289806433066511
"CYP17A1",-1.56144528142878,14.9480477264263,-2.90600989789017,0.00366069869170854,0.0291234235059311
"UNC79",-1.21466873254151,45.4309438723087,-2.90442277812017,0.00367930953958855,0.029165583217216
"AFF2",-1.21444951418726,57.2774750187654,-2.90249196112618,0.00370206661167823,0.0292437638088049
"FAM13C",-1.0347849593531,273.631751811166,-2.90200825179041,0.00370778773436413,0.0292437638088049
"HMGCR",1.6556036727326,1760.83119563453,2.90194505538607,0.00370853578979812,0.0292437638088049
"PLPP7",-1.08618958871742,112.712743992018,-2.90184728658314,0.00370969334881751,0.0292437638088049
"COL25A1",-1.68187597416149,116.46626937481,-2.90177883660755,0.00371050397547574,0.0292437638088049
"LOC105374024",-1.80994879378832,11.2459079709362,-2.901553331607,0.00371317568346801,0.0292541097536081
"SLC46A3",-1.03932011312525,99.5628713953551,-2.90135216614064,0.00371556050053041,0.0292583956134922
"RAB37",-1.02480793826016,69.559731334088,-2.90027109425317,0.00372840047445938,0.0293318687236643
"C1orf210",2.56056817264529,81.8665281283987,2.89971610496256,0.00373500778121555,0.0293507995758913
"LOC105377713",-1.46794548523868,26.3653238853893,-2.89904325275597,0.00374303255297669,0.0293942090450607
"LOC105371824",1.52034563393023,27.4601205794978,2.89856180643792,0.00374878413759184,0.0294288285398198
"FERMT1",1.7597038739068,611.86202759172,2.89818648662625,0.0037532734557743,0.0294429722219889
"ALOX12",1.65754745021995,1035.57037754479,2.89749475967789,0.00376156022315178,0.0294657792239026
"ELMO3",1.26434585469578,685.745202386009,2.89721935773211,0.00376486411578619,0.0294736092359252
"SORD2P",1.15941330776107,119.420587208848,2.89718718791506,0.00376525021685781,0.0294736092359252
"TMEM238",2.28827724320887,143.863126871772,2.89639508514752,0.00377476836718573,0.0295375624732283
"ANKS1B",-1.02655991809824,362.516138740787,-2.89557747663572,0.00378461593215769,0.0295783195676329
"ZNF214",-1.0127182639743,59.8799527616356,-2.89485131079512,0.0037933816992839,0.0295986442419196
"TRIM16",1.95097762088762,1662.91879052315,2.89457034117999,0.00379677831589197,0.0296067801113255
"LOC107985334",1.60901931759178,96.5068363468258,2.89425670531703,0.00380057309611395,0.0296231079814503
"RASL12",-1.42233247875662,1124.45274252777,-2.89247891602678,0.00382214834718063,0.0297595132504362
"LOC107984673",1.58962786770483,29.3290438275704,2.89228585840451,0.00382449798084188,0.029767229399732
"HCG22",2.63619690561578,135.310456987891,2.89199111737817,0.0038280876974187,0.029778708701556
"EPS8",-1.12772147789291,1145.80828019176,-2.8918300836064,0.00383005025654883,0.029778708701556
"ZNF470-DT",-1.03771958026036,25.5784530722086,-2.8912880345021,0.00383666306496272,0.0297984004797353
"LTA",-1.092783875659,17.0461747849859,-2.89040795895061,0.00384742177403077,0.0298607903184606
"KCNMA1",-2.14622375703658,4803.38199163038,-2.88931267512451,0.00386084963196705,0.0299226089269183
"TECR",1.19838817769771,1298.14992113535,2.88912263712742,0.00386318377161256,0.029930111893929
"VAT1L",-1.49414596311681,19.0502766232037,-2.88865834431629,0.00386889183606579,0.0299531519887638
"IL31RA",1.95481263988717,69.6596846637198,2.88789930864084,0.00387824000336578,0.0299849457150555
"HSD17B11",-1.00818063146415,348.466692569662,-2.8872136625569,0.0038867019491415,0.0300273764829655
"HCAR2",2.20052484512861,254.705644243092,2.88580927858606,0.00390408662370175,0.0301192034948258
"REEP4",1.36344741791436,701.177404950764,2.88549272504804,0.00390801493724351,0.0301388973160877
"SHC2",-1.38447094992572,787.222607356012,-2.88357597494763,0.00393187788456466,0.030261011738913
"LOC105372055",-2.06504156596061,12.8335744616277,-2.88328142089546,0.00393555669949614,0.0302734243447982
"B3GAT1",-1.09859097441873,33.8761652608085,-2.88315723663228,0.00393710862785344,0.0302734243447982
"PTH1R",-1.33378799303231,309.609973490008,-2.88163384144715,0.00395619174699389,0.0303714650233483
"TTC39A-AS1",2.53569292895575,13.041682266216,2.88134823365168,0.00395977880689389,0.0303733628623085
"GAS1",-1.53187336573385,1304.48669480405,-2.88115142938288,0.00396225226703893,0.0303754188841228
"CADM3-AS1",-1.30767924397056,336.022970488073,-2.88098056419009,0.00396440085941012,0.0303812601712752
"LINC02656",-1.24786938239461,31.630891285744,-2.88071923128952,0.00396768910996514,0.030395828111656
"DOK6",-1.10003979455812,105.960840557631,-2.88056028326172,0.00396969030241755,0.0304002506321417
"STXBP5L",-1.4341704607743,64.6757327725688,-2.88041023236538,0.00397158031888018,0.0304002506321417
"HKDC1",-1.45176129054929,15.5904380152609,-2.88034288217573,0.00397242891646836,0.0304002506321417
"MYCL",2.02438322540815,430.74852719856,2.87834902964697,0.0039976257234241,0.0305507767469828
"MTFP1",1.42221237047244,66.6769030424816,2.87702584320989,0.00401442716619185,0.0306360498820144
"PLXNC1",-1.09365360577525,959.998164735163,-2.87676155104274,0.00401779074383148,0.0306510428960124
"PTGR1",1.11530357553161,495.888274395657,2.87652698245975,0.00402077818001306,0.0306592179393333
"GSTA4",1.08725486004046,432.837156838482,2.87636882523103,0.00402279358878617,0.0306592179393333
"ADAD2",1.9362390900695,69.8871538506619,2.87588123679292,0.00402901273608963,0.0306815384174698
"MMP17",-1.24173624163718,184.213685817832,-2.87563407964568,0.00403216853589963,0.0306815384174698
"PLSCR2",-1.56413276122259,22.4055687255413,-2.87556970217581,0.00403299090106404,0.0306815384174698
"CDKL2",-1.36289447794593,34.785541161925,-2.87498154603686,0.00404051112750912,0.03070676337278
"MATN2",-1.10247601080056,4165.56960484337,-2.87334900718554,0.00406145169057474,0.0308278181785093
"SNORD12B",1.53920168991021,33.0718418468927,2.87323015171128,0.00406298008899186,0.0308278181785093
"DIRC3",-1.06942576838398,42.1454720665369,-2.87198697150344,0.0040789978344596,0.0309061268778944
"SCPPPQ1",-1.74848397719849,31.0484237181979,-2.87151959689634,0.00408503452744669,0.030937817662066
"MCAM",-1.30219881607575,3274.24778041786,-2.87102408424805,0.00409144351051081,0.030954256669645
"BNIPL",2.33328891745652,790.676381003154,2.87057676303149,0.0040972370192816,0.0309766953390131
"LINC00965",-1.32068456449786,27.5685588814653,-2.87044928516895,0.00409888941942591,0.0309784985097005
"PPL",1.74025420182065,11778.7297901848,2.86992763803908,0.00410565744357034,0.0309975722221317
"CERNA2",1.99172593823893,43.3452171973135,2.86928308924605,0.00411403404125113,0.0310394234999353
"GAN",1.20671167857741,697.15463552166,2.86913703871031,0.00411593427737689,0.031043070573951
"SPMIP5",-1.52042109563242,15.3782057341003,-2.86899285682808,0.00411781098202108,0.0310465377206063
"BBS12",-1.08874815001075,52.0359009717485,-2.8683669462819,0.00412596698354846,0.0310973294150488
"ZNF660",-1.02819974461376,98.134745377551,-2.86689653316984,0.00414518507444601,0.0311431696477437
"LINC02981",-1.43497137015446,43.3812950458983,-2.86677108085921,0.00414682847286574,0.0311431696477437
"ZNF582-DT",-1.11830367896384,25.482708933983,-2.86670574637433,0.00414768457472004,0.0311431696477437
"MAB21L3",2.62908506606834,87.310103861885,2.86655932144833,0.00414960381699202,0.0311469063481655
"HACD1",-1.4461353192637,81.3551742487252,-2.86553332614812,0.00416307451277998,0.0312373159503457
"FAM124A",-1.21808662453483,113.130438280561,-2.86346281409514,0.00419037996949289,0.0313777256088821
"WWC2-AS2",-1.16956285434706,27.2985455243586,-2.86303608795255,0.00419602769245181,0.0314079858475764
"LOC102724262",-1.32997849400089,57.1234231436015,-2.86294092520188,0.00419728811326808,0.0314079858475764
"C19orf48P",1.19522919717105,554.358887969224,2.86176738029807,0.00421285985262469,0.0315022968698624
"FAM180A",-1.310819001391,148.439805090135,-2.86120114181097,0.00422039198360147,0.0315164366169016
"GUCY1B1",-1.05798544676946,292.056425529459,-2.86119964473771,0.0042204119139201,0.0315164366169016
"LOC101927543",-1.47709519971011,39.5873866252621,-2.86012529576416,0.00423473659873033,0.0316126333486138
"CFAP91",-1.14083823584353,89.0457800529412,-2.85975797869731,0.00423964427723792,0.0316277174376176
"CACNA1C",-1.4626760959508,2528.08163936989,-2.85945429448822,0.00424370565969505,0.0316423734475419
"MARVELD2",1.7855681608086,235.632088367938,2.85883134065866,0.00425204790452075,0.0316771062863141
"ZNF559-ZNF177",-1.17924771079807,74.2782843531756,-2.85836065727309,0.00425836089077128,0.0317049750565099
"SH3BP5",-1.00452940637646,804.781954419477,-2.85833666843036,0.00425868286587442,0.0317049750565099
"SYNE1-AS1",-1.14752634318735,92.6463692362473,-2.85806703162713,0.00426230341476496,0.0317206990322055
"KCNH8",-1.13720653449906,27.0127329685283,-2.85796378555084,0.00426369049063647,0.0317206990322055
"PGM5-AS1",-2.27313507041471,41.6156156282273,-2.85732605801171,0.0042722672200773,0.0317683873557806
"BNC2",-1.17863898200093,1451.34628115429,-2.85727160004508,0.00427300034402033,0.0317683873557806
"MYO19",1.15387752247258,1602.1603872657,2.85658483276477,0.00428225553756596,0.031794042300261
"A2M",-1.14298176027553,10643.0868525589,-2.85603758837464,0.0042896434658574,0.0318325947014095
"NCMAP-DT",1.21848585456049,15.8845003653824,2.85595314422231,0.00429078451059594,0.0318325947014095
"URB2",1.15681741484561,582.448358192557,2.85587751353287,0.00429180669776192,0.0318325947014095
"ZNF385B",-1.5570303653663,48.8006944040069,-2.85535811541047,0.00429883259452998,0.03185637638069
"LINC02354",1.95490099083229,19.2383716818121,2.85460648480056,0.00430901836650169,0.0318954030182869
"CCL14",-1.6948403783219,116.488670558706,-2.85449986456731,0.00431046500854164,0.0318954030182869
"CMTM5",-1.53210063339363,28.2956539060521,-2.85298330995873,0.00433108962105081,0.0319867088673259
"ZNF714",1.08562505850205,219.067915682721,2.8529650321737,0.00433133873726365,0.0319867088673259
"SYT15B",-1.04810275221814,314.646418634879,-2.85296139180955,0.00433138835498724,0.0319867088673259
"PLPP2",1.43207558012877,349.978303836719,2.85262739695112,0.00433594285770157,0.0320082574165234
"SIM2",-2.00719128259551,42.8047211684971,-2.85212997410681,0.00434273398598285,0.0320475923317225
"CACNA1C-AS2",-1.40742165956384,41.4722257391496,-2.85160338484458,0.00434993381880866,0.0320791147661049
"USP43",2.06609124891787,211.469949764647,2.85110160275491,0.00435680454043775,0.0320984798470935
"CLMP",-1.20756245901111,972.269313250363,-2.85087252103481,0.00435994454372131,0.0321097092278769
"TOR4A",1.08622458010362,367.918226957539,2.84969211267372,0.00437615684260231,0.0321306918222597
"CBR3-AS1",1.01915904107896,105.714930221829,2.84926339548159,0.0043820585661921,0.0321393857301379
"KIF26A-DT",2.01139396473932,81.8949110755621,2.84919189329574,0.00438304356739627,0.0321393857301379
"GRIK3",-1.20042897384599,152.35246249386,-2.84857846622945,0.00439150227799849,0.0321713969262101
"SFXN1",1.02916641779428,489.669146465232,2.84809870041165,0.00439812820626819,0.0322068813500455
"AP1M2",2.33672872323693,290.45449903483,2.84784707479399,0.00440160696735369,0.0322192303063835
"LOC100288175",1.75503714352082,21.328651368374,2.84718538428377,0.00441076684093744,0.032267078959913
"HPDL",1.10804882719036,54.2079154309018,2.84645908645809,0.00442084096882965,0.0323084141517871
"COMTD1",1.41908591586811,352.705697203698,2.84586255550607,0.00442913075498049,0.0323474182805408
"NECTIN1-AS1",1.97852140716113,366.800607977472,2.84476560730101,0.00444441144798313,0.03242659168342
"CD82",1.63593393064246,1831.5205434052,2.84413421419791,0.0044532285193529,0.0324692967916879
"C1QTNF2",-1.06734479309042,100.496332054634,-2.84344710585387,0.00446284163244538,0.0325177453165542
"CNGA1",1.51498015423096,34.8885176159765,2.84278070041427,0.00447218305640492,0.0325597369562155
"LOC105379303",1.25910968107243,36.5450124797903,2.8427285087746,0.00447291540701787,0.0325597369562155
"GIMAP7",-1.16608207007079,96.1611921804863,-2.84261315543795,0.00447453442508154,0.0325597369562155
"EEF1AKMT4",1.68845212641658,34.1051015228636,2.84154980996972,0.00448948381846711,0.0326358959729975
"ULBP2",1.6580188697922,19.5731399588725,2.84111879105022,0.00449555631848221,0.0326629610421948
"FDXR",1.19946024545195,390.454849224865,2.84107394835362,0.00449618852137195,0.0326629610421948
"LINC02767",-1.14203779870729,44.265002483842,-2.84027219449547,0.0045075054389628,0.0327018027045282
"DEGS1",1.08553396944228,1065.05330764357,2.83794367760565,0.00454051938640977,0.0328868693409052
"OR2A42",-1.14229760082859,19.4548908647625,-2.8364158745217,0.00456229957729684,0.0330227894742563
"PLP2",1.09993692666773,1757.50333773171,2.83567780100068,0.00457285533448218,0.0330723176004593
"LOC105378796",-1.81391581586623,16.2033445151436,-2.83562086233966,0.00457367057642135,0.0330723176004593
"SMPDL3B",1.32837644820323,22.009566946963,2.83498751102147,0.00458274771603734,0.0331270215962976
"FZD4",-1.17442831222716,1247.79224842576,-2.83453627532952,0.00458922473917911,0.0331620720518364
"LOC107985656",-1.51275027595175,14.6160323477332,-2.83317046038325,0.00460888016254076,0.0332501035104603
"LOC105377457",-1.20038213029871,46.3294337901676,-2.83239021344013,0.00462014287030573,0.0333094209570249
"FAM78B",-1.04400135724248,81.6885525839344,-2.83189215311671,0.00462734529750314,0.0333450667909186
"AP1S2",-1.03295829721868,251.903744694114,-2.83115956673966,0.00463795767184926,0.0333939048932689
"SEMA3F",1.61549983400479,3032.56701556226,2.83088631601893,0.00464192166935219,0.033397840381644
"LOC105374056",-2.15198065789904,55.5572490624294,-2.83064266766857,0.00464545881772912,0.033397840381644
"USP6",-1.1646352125394,38.6599917214575,-2.83050641324453,0.00464743794592234,0.033397840381644
"TRABD2B",-1.23271093514443,285.787448880129,-2.83041871212521,0.00464871222954051,0.033397840381644
"SPARCL1",-1.12141435493285,7002.48391649147,-2.83025588647323,0.00465107889988591,0.033397840381644
"LOC105378726",1.9742061352096,490.944725789925,2.8299659164539,0.00465529631475741,0.033397840381644
"TUBB4B",1.4504813817267,4440.80324308097,2.82979233705582,0.00465782256438077,0.033397840381644
"TRAF3IP3",2.04076157904378,564.374077784741,2.82978362060774,0.00465794945503793,0.033397840381644
"SPSB2",1.11220598993736,298.406737185219,2.82972099135123,0.00465886127940925,0.033397840381644
"TBC1D2",1.37286134432704,1132.62603945211,2.82968703220256,0.00465935576095045,0.033397840381644
"PTGES3L",-1.7250965836802,18.6249124141314,-2.82965345480104,0.0046598447305653,0.033397840381644
"UNC5D",-1.65483848789252,20.0540792492951,-2.82919788234777,0.00466648357998386,0.0334086777281304
"CEP295NL",-1.5872042466328,256.699047101554,-2.82907824580357,0.00466822840785061,0.0334086777281304
"SH2D4A",1.20092199724744,192.172385175838,2.82902666361665,0.00466898088560179,0.0334086777281304
"ZEB1-AS1",-1.03157318400322,168.358934003948,-2.82758641362714,0.00469003555364735,0.0335177505421457
"ZNF177",-1.27014244423418,58.0200877098777,-2.82756540105077,0.00469034336660058,0.0335177505421457
"LOC105374339",-1.3131529037963,51.413897784983,-2.8270665714159,0.00469765608808991,0.0335590625660417
"SYNE1",-1.00925204218092,6734.3413673709,-2.82453954245148,0.00473486054698863,0.0337588007108756
"LOC105375120",1.104577256054,244.957608790057,2.82379053881,0.00474593896139938,0.0338146442721854
"CFL2",-1.25458424249465,614.096311594906,-2.82369707972335,0.00474732294756925,0.0338146442721854
"GALE",1.25074796665902,376.975702022389,2.82290219381412,0.00475910876628937,0.0338655644915233
"MROCKI",-1.23123248039802,21.0142799935554,-2.82245009008492,0.00476582394234849,0.0338815583759787
"HMGB3",1.3541460708022,113.044326409969,2.82243854276946,0.00476599556890763,0.0338815583759787
"HLX",-1.30926145031924,90.9366868961634,-2.82128427985878,0.00478317951133963,0.0339706525424477
"CTAGE8",1.0606902574877,133.152273386651,2.82049690856586,0.00479493354973295,0.0340337323047631
"ZNF582",-1.1564953057013,38.077916303535,-2.82048121887568,0.00479516803399378,0.0340337323047631
"HFM1",-1.91664687507237,53.2116970306527,-2.8201663633904,0.0047998757802391,0.0340561134537042
"TMPRSS2",2.00946797556149,32.255993791703,2.8189684343457,0.00481782557091448,0.0341613457148014
"USHBP1",-1.21963501917454,132.394699306312,-2.81809230213096,0.00483099198448713,0.0342343957046967
"LOC105377971",-1.33502053795586,20.0971550316021,-2.8180148979189,0.00483215676981402,0.0342343957046967
"CROCC2",-1.43317511025683,34.5839301147069,-2.81759024393635,0.00483855152219628,0.034256038663344
"THPO",-1.0198462785695,36.5860417447234,-2.81741003946654,0.00484126748708507,0.034256038663344
"NETO2",1.78837601785531,129.088522132351,2.81733254708677,0.00484243584322592,0.034256038663344
"LOC107986872",-1.06341881896879,34.7809350435923,-2.81704223592085,0.0048468151463426,0.034256038663344
"LINC02814",-1.47991910227514,14.9952933013508,-2.81635248704136,0.00485723428489397,0.034318607927129
"FNDC1",1.82304932847466,451.043466237045,2.81605327333576,0.00486176041545893,0.0343350717219058
"TSBP1",-1.30994180498088,51.3783187491396,-2.81557196854594,0.00486904899797019,0.0343688349051311
"ZNF69",-1.03393410350535,121.547621407749,-2.81537693561909,0.00487200526952085,0.0343723564501856
"LINC02012",1.97640686631526,34.5382975474132,2.81526704514217,0.00487367168333638,0.0343723564501856
"DPP3",1.17611429422109,626.717325546976,2.81509569057147,0.00487627118695641,0.03437551534949
"CRACDL",1.13338847236725,486.343979382317,2.81467653429781,0.00488263520918683,0.0344045121917745
"ARSI",1.20600098319506,424.556431133014,2.81452317103099,0.0048849655904558,0.0344045121917745
"CADM4",1.11349734728354,359.974606657495,2.81451463852665,0.00488509527287131,0.0344045121917745
"CASP14",3.13675632015321,145.691835651973,2.81404509582276,0.00489223648391664,0.0344217799221225
"SNORD12",1.1393214901282,70.1107653960546,2.81395885039283,0.00489354920502567,0.0344217799221225
"REN",-1.42010380895144,17.3824773644917,-2.81383713263228,0.00489540238417771,0.0344217799221225
"FGF10-AS1",-1.30733417903494,51.5450498586299,-2.81358628113008,0.00489922365491143,0.0344375971379883
"RBMS3-AS1",-1.46441642915525,12.7215674682394,-2.81139183407824,0.00493276732133814,0.0345514488524676
"EVX1-AS",-2.11639005467754,25.4548707574052,-2.81108950089018,0.00493740494136463,0.0345727610126727
"SMAD9",-1.08500498466863,424.141155204538,-2.81098780017419,0.00493896585895324,0.0345727610126727
"ENAM",-2.02150813378122,13.3927591513709,-2.81018783669762,0.00495125938715064,0.0346477461425968
"CYP2A6",-1.10543755822941,78.5207326703677,-2.80999204764204,0.00495427240971603,0.0346577613336137
"PDLIM7",-1.28190548004327,3216.65435842961,-2.80970697273164,0.0049586624285838,0.0346773998756052
"LOC101929200",-1.40663116719007,64.4887085014983,-2.80936427151712,0.00496394452172781,0.0346999628710506
"FUT3",2.73725156490658,315.52127396501,2.80914854160535,0.00496727220084309,0.034704379438926
"ANKRD22",2.19886143825777,183.388220043929,2.8082538863896,0.00498109398669951,0.0347566144103778
"LOC105374140",-1.21973373998757,37.384109450952,-2.80785915151357,0.00498720340964755,0.0347770931589363
"TRIM7-AS1",1.40864653099094,48.4171391545922,2.80767139156578,0.00499011180068711,0.0347863027531195
"PNP",1.74060486459167,1115.64576661919,2.80713676994435,0.00499840146222037,0.0348108633303396
"SNORD33",1.42165620494028,32.8490004402757,2.80619833170404,0.00501298268480117,0.0348665250860879
"TRIM46",-1.0301630009383,98.824276281599,-2.80611042345202,0.00501435054980662,0.0348665250860879
"TBX2",-1.29094911660736,740.288405144682,-2.80568671177208,0.00502094829884908,0.0348902560189608
"LOC112268016",-1.22352344086579,83.1316180252056,-2.80519852496099,0.00502855974141142,0.0349209964926543
"ANKRD45",-1.36051942799617,17.0917074130889,-2.80496762027899,0.00503216346677562,0.0349349497962781
"HPD",-1.51132821562205,21.7337713341361,-2.80467334074349,0.00503675966654432,0.0349557821647089
"LOC112268030",-1.07787490822824,19.4231607021519,-2.80418650001194,0.00504437171378626,0.0349975250946982
"DSEL-AS1",-1.05321323462266,16.8441615115576,-2.80304955884502,0.00506218899315826,0.0350989116582587
"TLCD3A",1.35644651560126,767.354677485898,2.80222863817878,0.00507508918723186,0.0351531787822781
"SLC26A9-AS1",1.30360436334272,108.744407328433,2.8020104194363,0.00507852333811551,0.0351531787822781
"GDNF",-1.8384968420824,47.9123729127266,-2.80182860864302,0.00508138613398521,0.0351531787822781
"LOC101929201",1.70998351432662,43.9873978790206,2.80173559915405,0.00508285122694008,0.0351531787822781
"ADAMTS18",-1.93144397673513,45.215489214563,-2.80101330623406,0.00509424184622695,0.0351764383393736
"LOC105377134",-1.39663786217254,110.976742387772,-2.80073075581763,0.00509870396450239,0.0351850720825976
"LVRN",-1.8834360735943,20.4354099766899,-2.8000195381845,0.00510995136220954,0.03519617552531
"SWINGN",-1.46579530583984,15.53920507732,-2.79980520805645,0.00511334523434588,0.0352084833703703
"FBLN5",-1.28653129228386,1453.02427374983,-2.79964509497727,0.00511588192034179,0.0352148830897545
"OPRM1",-1.88629811704816,12.9749142964068,-2.79929715141647,0.00512139834355726,0.0352417831995413
"LOC102723324",-2.05726410783179,7.89863252287248,-2.7985377495764,0.00513345685114944,0.0352871186483492
"ZNF519",-1.23429609368003,217.191781683355,-2.79852921367196,0.00513359253810309,0.0352871186483492
"SNORD44",1.36042088735436,22.4277824964611,2.79796482119111,0.00514257133098424,0.0353319968209046
"ZNF366",-1.26679081357854,198.966529536681,-2.79743175351539,0.00515106481482129,0.0353570896280497
"SRPX2",-1.12802440860427,734.670977670483,-2.79680482445952,0.00516107003308749,0.0354033228590287
"LOC105369621",-1.15911649002925,175.81735383554,-2.79631861974042,0.00516884150630516,0.0354213807565288
"PCARE",1.16674654427509,36.7775187608135,2.79578589100332,0.00517736875682714,0.0354487967069008
"MESP2",2.13569279159689,13.0169813330793,2.79554262441083,0.00518126688808518,0.0354644040980776
"LOC654780",1.83157267707711,55.0302544620077,2.79532262562983,0.00518479445680597,0.035477466130112
"ALDH1A1",-1.04685615381284,1206.78341839762,-2.79495857917684,0.00519063652378486,0.0354952703608384
"EP300-AS1",2.13581805799639,33.3786404287139,2.79466560482756,0.00519534237379146,0.0355035186545047
"TUBA4A",1.76567337416001,1672.04825704586,2.79427855150042,0.00520156526156824,0.0355035186545047
"COL4A2",-1.13908964828912,9396.9123730944,-2.79414754002661,0.00520367313647193,0.0355068447275304
"PAK6",2.14831290864098,314.830344884987,2.79326733903419,0.00521785492324953,0.0355814507838149
"SMIM10",-1.02621868491361,54.374341737343,-2.79273345771848,0.00522647381642482,0.0356180532870507
"LOC101927296",-1.61336179771127,145.872018318484,-2.79237265493131,0.00523230583926581,0.0356356297601224
"KCNMB1",-1.6554618800608,517.072820730584,-2.79216900500215,0.00523560023562256,0.0356415922628185
"REEP1",-1.24557445578318,252.999810742796,-2.79201693345881,0.00523806148271454,0.0356415922628185
"HMCN2",-2.11779487389935,4589.03407240199,-2.79164093977187,0.00524415135210488,0.0356608802373116
"PGLYRP4",2.51870489544703,241.904779200444,2.791149790765,0.00525211599597938,0.0357039595010574
"CYP2A7",-1.3858752976845,73.2407007722309,-2.79045885036833,0.00526333902655007,0.0357679869250396
"LOC112268025",-1.47762015141387,543.587968907649,-2.79003873868443,0.00527017353888591,0.0357712212630081
"TOX2",-1.31596441786135,72.7121206459507,-2.78938040588817,0.0052808996342757,0.0357922281592759
"C2orf88",-1.2887596845228,339.150278843971,-2.78934748678164,0.00528143649652847,0.0357922281592759
"LOC101926964",-1.88830037418369,11.8775770974796,-2.78736927434424,0.00531378887137695,0.035946245010103
"LOC105371578",-1.69452766389334,34.7829080229417,-2.78735598974276,0.00531400673608962,0.035946245010103
"E2F1",1.4531347928291,211.968200202638,2.78715133850954,0.00531736399350082,0.0359578534251861
"EIF2AK3-DT",-1.33906034448635,14.1196169037068,-2.78597940545133,0.00533662621224374,0.0360677435951507
"COL22A1",-1.5327153058254,78.8551277001015,-2.78596237146921,0.00533690665155083,0.0360677435951507
"LRRC4B",-1.27859808541687,441.605867723809,-2.78374135533953,0.00537358659741577,0.0362708818081884
"LOC105379021",-1.13486077085999,16.6017692475581,-2.78260072073935,0.00539251244439615,0.0363314722191635
"ETV1",-1.12427611825101,128.851325508673,-2.7821700210876,0.00539967441743296,0.0363573652384623
"CREG2",1.99513554738978,87.2815571217274,2.78184268566029,0.00540512332105993,0.036376179071419
"IL20RA",1.17490621791501,277.5604778937,2.78057148020545,0.00542633121754583,0.0364919941609666
"LRATD1",1.90416979609617,1215.05986236369,2.77953023111864,0.00544375862116115,0.0365867335551045
"GAL3ST1",-1.28911880377476,62.4313679172811,-2.77918111136653,0.00544961314518902,0.0365958923355159
"COCH",-1.69981086873474,250.503886269673,-2.77820251704406,0.00546605387849347,0.0366803186761997
"LOC105371671",2.53199941323248,64.8690659106412,2.77784390129353,0.00547208995182885,0.0366983443050414
"PPARGC1A",-1.27788674542325,79.8666068723372,-2.77738793187591,0.0054797733303047,0.0367277958605255
"HNMT",-1.08078026726887,287.380169543393,-2.77716615359006,0.00548351395618658,0.0367280855910457
"MPZL2",1.78196628519147,2028.17574775253,2.77682771501474,0.00548922667641406,0.0367438266341309
"HSPA12A-AS1",-1.02278758974834,25.9960066594006,-2.77649919700902,0.00549477707838265,0.0367551178026558
"DNAJC6",-1.17755827788455,44.2477754519604,-2.77568781492567,0.00550850731322234,0.0368048512973289
"LOC100996660",-1.24642658084184,38.823217587214,-2.77555662945119,0.00551073014386854,0.0368048512973289
"ZNF185",1.53593132654115,4774.57056440286,2.77553230872328,0.00551114232766751,0.0368048512973289
"MYL3",-1.26558137296481,41.5209010210623,-2.77551187327806,0.00551148868583004,0.0368048512973289
"SOAT2",1.56925821229475,61.1066196174282,2.77517275789368,0.00551723918470266,0.036832026367104
"EBF3-AS1",-1.63803112781937,247.070631642403,-2.77389265065202,0.00553899524552248,0.0369378867821645
"ESRRA",1.19472121187531,1151.27093711161,2.77384303342374,0.005539840071483,0.0369378867821645
"LOC107986529",-1.45753164610796,41.2440927614582,-2.77370815384174,0.00554213723595856,0.0369419613142233
"GREB1",-1.33449080459436,1682.46891335474,-2.77357341265098,0.00554443290170752,0.0369460233809038
"SNORD100",1.56829557862007,23.7482962071873,2.77323712572213,0.00555016616590085,0.0369659522142604
"RBFOX1",-1.88779139604942,54.1391827269548,-2.77101622108862,0.00558816428871604,0.0371921869883865
"LOC105378532",-1.60731480987554,38.4036035587049,-2.77040041158836,0.0055987418418683,0.0372173646102349
"P4HA3",1.49558855876095,99.640445113389,2.76989574898201,0.00560742372646537,0.0372355733244038
"MEOX1",-1.01567420401905,257.817286885305,-2.76950433457153,0.00561416572501235,0.0372355733244038
"LOC105376506",1.08309240061467,92.7332946244507,2.76932681655798,0.00561722583062582,0.0372355733244038
"DNAH8",-1.95828066851271,24.9334131213748,-2.76931417612184,0.0056174437874118,0.0372355733244038
"NT5DC3",-1.21114834479446,1283.11956752871,-2.76925432873177,0.00561847582886714,0.0372355733244038
"SNORD25",1.30044707383809,38.5824566345149,2.76913942821281,0.00562045771637336,0.0372374443803267
"CACNA1C-AS1",-1.45156206541255,119.989726387276,-2.7688446708176,0.00562554479038659,0.0372486520181002
"DUSP8",-1.13795087755492,960.838967832125,-2.76874594528204,0.00562724957461943,0.0372486520181002
"CYP2C19",2.33518448180945,48.97660891061,2.76834980131209,0.00563409484345853,0.0372826994926537
"TMEM191A",1.04949492813608,45.1007901542137,2.7673644848273,0.00565115345630569,0.0373657587897416
"LOC102724416",-1.07988535346538,31.4454067533758,-2.76732933397319,0.00565176287673226,0.0373657587897416
"CASQ2",-1.87673490709236,143.974170543544,-2.7670515034221,0.00565658179106979,0.0373863369660148
"CLIC5",-1.087276770112,281.272120227061,-2.76599982432548,0.00567485653758709,0.0374816037913324
"GSTP1",1.29602093712719,5413.11715141973,2.76592677577572,0.0056761278584957,0.0374816037913324
"PDZRN3",-1.12073993475594,1716.53933429215,-2.76569193424477,0.00568021672960187,0.0374973029664287
"C2CD4D",1.31727769504462,36.8397623554811,2.76519207859012,0.0056889286594841,0.0375435020871375
"MIR3667HG",-1.08265635157888,702.581120957685,-2.76427010527983,0.00570502925327628,0.0376270893856963
"GSTM5",-1.35773933986145,360.913612700181,-2.7632478535628,0.00572292906379309,0.0377110904624681
"CRYBG1",1.59081103630416,2168.33376181765,2.76165648890626,0.00575089495368905,0.0378538406898522
"MAPK6",1.02345515111285,1106.15507023723,2.76153600357522,0.0057530173159644,0.0378538406898522
"LOC105374618",-1.26353899563516,78.6163887777311,-2.7612111751837,0.00575874272299071,0.0378538406898522
"B4GALNT1",-1.10781041725073,144.840171196999,-2.76119258812588,0.00575907049279095,0.0378538406898522
"A2M-AS1",-1.09637501525784,212.759486990011,-2.76082185705353,0.00576561159163978,0.0378612726232978
"GOLGA8M",-1.02500333996767,138.003744465572,-2.76077398520361,0.00576645672039912,0.0378612726232978
"LOC105375131",-1.20718486190357,54.9082023124557,-2.75966335439234,0.00578609516032599,0.0379788331224513
"LOC107987095",1.70999435412393,57.937022390538,2.75922447816541,0.00579387208339085,0.0379996862088832
"CLSTN2-AS1",-1.91308428251907,13.157214757253,-2.75878325422099,0.00580170010720082,0.0380129334176944
"LOC107984591",-1.60904595984743,255.912745288564,-2.75772966461224,0.00582043106950451,0.0381128645346216
"TMEM254-AS1",1.19838739755885,113.64815307214,2.75662263991269,0.00584017073447563,0.0382284256496279
"PHYHIPL",-1.00273869760504,54.3441729941361,-2.75569132685253,0.00585682395645909,0.0382899180762337
"RNU4-2",1.42636462159458,274.402862126617,2.75567306753548,0.00585715088682948,0.0382899180762337
"SBSN",3.55237633225827,2931.49898617195,2.75562813218766,0.00585795551764197,0.0382899180762337
"FGF13",-1.13324146746902,125.411105982416,-2.75513609940329,0.00586677258010973,0.0383246831336327
"F11R",1.50593860457213,2467.53204678834,2.75497095200381,0.00586973464639876,0.038332603905394
"SLITRK4",-1.74819680872937,33.2179983759723,-2.75346085709517,0.00589688213197781,0.0384695872396662
"CCBE1",-1.74047443332334,167.180109914441,-2.75244423976687,0.00591522188708695,0.0385492300850908
"HOXA11-AS",-1.03488723092229,181.333448120018,-2.75135219742342,0.0059349795616793,0.0386436052023282
"ZNF321P",1.20049802251814,43.6428866407808,2.75085579460873,0.00594398032907477,0.0386791235551019
"DUOXA1",2.47686726505368,1442.03908165341,2.75018969080911,0.0059560774393438,0.0387348342819895
"SBSPON",-1.63008105625548,338.34892864336,-2.74979324498061,0.00596328781867042,0.0387702184293973
"GNA15-DT",1.8873979462477,170.12524278577,2.74964341253684,0.00596601495157156,0.0387764424766933
"ZNF540",-1.43606220257146,51.2062531897283,-2.74942193125199,0.00597004823905845,0.0387880277183542
"APOB",-1.82233811837647,40.2954112092299,-2.74935112982807,0.00597133808735776,0.0387880277183542
"IP6K3",-2.13878227971901,37.819613832392,-2.74777338646964,0.00600014636991726,0.0389174680180246
"TMEM154",1.7229050142528,728.993342760529,2.74732819770332,0.00600829776762219,0.0389514424453174
"POF1B",2.09799403455692,298.85935844707,2.74644900040273,0.00602442516785344,0.0390287272110198
"ARHGEF34P",1.31987644475191,1312.49404148185,2.74605559645654,0.00603165412497903,0.0390409281767476
"SLC26A4",-1.10408629617008,23.8308493583585,-2.74575708686811,0.0060371445732662,0.0390533916741253
"ELAPOR1",-1.53720633152257,37.4365619269782,-2.74554462871875,0.00604105503073939,0.0390650463430915
"COL9A2",-1.1658560776166,63.9222839930008,-2.74540392058897,0.0060436461291946,0.0390650463430915
"SDK1",-1.33045655202369,1274.49205094329,-2.74530060108405,0.00604554936464901,0.0390650463430915
"IPPK",1.3102281070449,858.85043778368,2.74494700088536,0.00605206707559718,0.039090350559092
"CXCL16",1.02966760412924,486.016428641546,2.74449641739956,0.00606038159614826,0.0391153151191736
"GLTP",1.7742108442867,2264.0114096344,2.74440247468819,0.00606211639663208,0.0391153151191736
"LOC105374179",-1.64218557198805,16.5076741547411,-2.74429875572085,0.00606403225068739,0.0391153151191736
"CLIP3",-1.10028154833584,933.594524821249,-2.74355449518013,0.00607779593150193,0.0391890844200139
"LPP-AS1",-1.44693551221179,30.9731460315422,-2.74344962195948,0.00607973762217773,0.0391900709920312
"LOC105370765",-1.35937247126505,72.7628955961458,-2.74291864940955,0.00608957697016811,0.039230412060095
"TRABD2A",-1.24756886020621,21.0502057954602,-2.74136007902951,0.00611854142601568,0.0393360453767616
"FGGY-DT",-1.17598009263419,17.0565218274569,-2.74056427173513,0.00613337850018389,0.0393915369932536
"DACT3",-1.37766430126739,778.520470046117,-2.74051145253583,0.00613436440990331,0.0393915369932536
"LOC105378642",-1.20272823274473,16.0611888447102,-2.74008846727375,0.00614226489449059,0.0394191633972726
"EIF4A3",1.24923119377043,1763.13265169094,2.73921165130058,0.00615867118396243,0.0395044396194933
"LOC107986406",-1.39022461909473,12.1468433672077,-2.73903384657727,0.00616200293441413,0.0395044396194933
"CMKLR2",1.38553629013733,50.4256359455825,2.73865491075221,0.00616910894711342,0.0395251171095883
"MIR3658",1.20080707509651,24.6660873849063,2.73814629948346,0.00617865830379938,0.039560024382304
"ZNF385A",1.06724231921558,1301.28523032934,2.7378122718709,0.00618493702955693,0.0395770941348109
"LOC105375130",-1.92101181852233,25.5631821682561,-2.73713227402918,0.00619773672240139,0.0396358469316446
"LOC105373406",-1.25306245841834,12.8976141421202,-2.73649050368173,0.00620983872563122,0.0396759772024682
"COL27A1",-1.34750557305991,4702.45634628782,-2.73641546064593,0.00621125521699982,0.0396759772024682
"KREMEN1",1.34068455112666,2500.33458761345,2.73609589890052,0.00621729043281141,0.039702953477965
"CDS1",1.83338736269811,313.196093216834,2.73461980572909,0.00624523637682214,0.039800212046589
"LOC105369543",-1.15717874284212,14.7037581114901,-2.73449683994599,0.00624756950555693,0.0398035033052493
"TCN2",-1.00451161554688,324.070799628465,-2.73337609287418,0.0062688705361318,0.0399044025120999
"AOC3",-1.57947638741816,2679.15854745116,-2.7332666347091,0.00627095440924107,0.0399060735133523
"CHORDC1P4",-1.01843262589166,27.0029502767915,-2.73296774565925,0.00627664785882133,0.0399269576875744
"NEURL1",-1.40908391645333,328.761509372746,-2.73290304992038,0.006277880841337,0.0399269576875744
"MEX3B",-1.28794579204291,240.918941924785,-2.73260987223154,0.00628347100522343,0.0399453567680379
"ZDHHC13",1.10713817172542,312.24187396775,2.73208695504949,0.00629345284973521,0.0399564045023757
"CDO1",-1.25405655968977,56.1273829992563,-2.73068260179859,0.00632033089871665,0.0401038082800121
"LOC107986350",-2.15985038685671,230.298037856896,-2.72951728751038,0.00634271234362992,0.0402218618673198
"KLHL4",-1.67944926201279,84.6767536447146,-2.72942731309887,0.00634444338719568,0.0402218618673198
"GOLGA8R",-1.04987242620186,108.837745819741,-2.72915720070513,0.00634964271162985,0.0402431795810848
"F8",-1.10838562765324,277.408300662558,-2.72861466762612,0.00636009737949427,0.0402977829915325
"VDR",1.39379081579026,657.480119229516,2.72844431611669,0.00636338326463862,0.040305212893929
"CBX4",1.05242465918823,619.381290920912,2.72828813203069,0.0063663972187581,0.040305212893929
"LOC102724560",-1.44543249942855,119.19684540016,-2.72746728198912,0.0063822586566776,0.0403914752073386
"PGM5P4",-1.30418878276109,39.3562678345963,-2.72730917985314,0.0063853177746418,0.0403991661687559
"SHANK2-AS3",2.03179476316464,20.1078932806988,2.72709981172268,0.00638937086876517,0.0404131396462601
"PCDHA12",-1.57909281927352,11.668086885902,-2.72544034475621,0.00642157796605339,0.0405810695991212
"RAMP2-AS1",-1.39210055062839,131.584780826595,-2.72460506935412,0.00643784427365871,0.0406376168354544
"UPB1",-1.33076896008291,21.1356472598268,-2.72447850674946,0.00644031220863367,0.0406414863165794
"ATP2C2-AS1",1.35036614628072,191.870376696333,2.72426832386789,0.00644441259589204,0.040655652167001
"LOC105369958",-1.5993575583079,32.0021278573169,-2.72416352727676,0.00644645791473288,0.0406568488519854
"SNHG12",1.01709068318087,377.128408583994,2.72391697332586,0.00645127222052261,0.0406638015971376
"UBE2L5",-1.30430791866808,11.5580596901943,-2.72325043093141,0.00646430357609028,0.0407225104520236
"ATP5MC1",1.06010896676833,409.223109159587,2.72284226686656,0.00647229514577042,0.0407404563558356
"LOC105373204",-1.29837359334712,19.0845245086368,-2.72280757459926,0.00647297480597215,0.0407404563558356
"RAB25",2.78884745001476,1155.40937540702,2.72233748232897,0.00648219076921213,0.0407648678970831
"AGPAT2",1.16985254695768,909.843597170076,2.72145829483915,0.00649945856013363,0.0408617322962777
"GPC3",-1.13538660300898,173.246347775731,-2.72104488851027,0.00650759241152154,0.040889403423125
"SNORA74D",1.42752171769888,31.0705999924252,2.72067454352411,0.00651488679636805,0.0409117711975993
"MIR4477B",1.60502787344037,15.0179491127404,2.72054952106361,0.00651735092227165,0.0409155182541467
"EGFL6",1.40273436560682,43.8048453105067,2.72011977723424,0.00652582733794497,0.0409477463786562
"RANBP3L",-1.78850133984438,35.7885462903011,-2.72009976594118,0.00652622228910394,0.0409477463786562
"GGH",1.78244040361283,117.737455334811,2.71771709773108,0.00657340157152616,0.0411789449722809
"KIAA1586",-1.05621491130384,128.960121449927,-2.71766949318771,0.00657434730776077,0.0411789449722809
"LOC105379020",-1.09872789589254,18.9181626835565,-2.71707856770495,0.00658609712695006,0.0412407510864464
"CFAP300",-1.19233521261962,33.0990951142831,-2.71633107494947,0.00660098714213265,0.0413221795097504
"C16orf74",1.38014986592608,132.33050778486,2.71548561258643,0.0066178651830713,0.0414041765165883
"EMILIN1",-1.02998511548335,3355.52978873253,-2.71530524376396,0.00662147092032527,0.041414909467407
"HECW1",1.40492714340158,54.8341545444327,2.71503746050799,0.00662682740993814,0.0414281833260221
"SUGT1P4-STRA6LP",-1.24882624228019,102.558750144748,-2.71447785690939,0.00663803378514388,0.041462237320082
"LOC107984087",1.60660232083676,18.9000238254413,2.71393484975372,0.00664892409248884,0.0414682399278197
"SLC35F1",-1.77157458271685,53.5317914864457,-2.71307244894831,0.0066662530327461,0.0415526611514842
"PRH2",-1.02978723266462,59.6179820177354,-2.71261831049297,0.00667539472753835,0.041597809579171
"SYNPO2",-1.56100604106674,10608.5779358401,-2.71130935231966,0.00670180682128782,0.041716130391462
"CBS",-1.45521072321994,141.0399797158,-2.71111818726662,0.00670567199185071,0.041716130391462
"GOLGA8J",-1.06008903253061,34.3070792591173,-2.70944407100778,0.0067396066951622,0.0418788379724911
"TRIM7",1.38741900581367,314.181110620622,2.70917228113546,0.00674513047572207,0.0419012783450725
"MDFI",1.52192695155324,531.953568642403,2.7085280558405,0.00675823978541149,0.0419673564757916
"PPP1R14B",1.02192108778697,498.587147327347,2.70818539036328,0.00676522199407915,0.0419903722068765
"TCIM",-1.23608047993673,132.394088916373,-2.70762388524465,0.00677667733247686,0.042015168872983
"LOC105376004",-2.30503081886111,13.8646199569023,-2.7074312785501,0.00678061074002723,0.0420263596362084
"LOC105373068",-2.03275766506599,53.8617509996558,-2.70681466650008,0.00679321697349615,0.0420925859415443
"NRXN2",-1.12272786723304,384.509640253498,-2.70626458180002,0.00680448087015634,0.0421314665440626
"IRS4",-2.41567459977921,60.824208344311,-2.70622653234451,0.00680526061613134,0.0421314665440626
"LOC107985253",-1.87355479188647,35.6569621318995,-2.7060090265679,0.00680971949496112,0.0421423907498767
"MIR6504",1.35553832479297,17.9052347827477,2.70595282747753,0.00681087200571946,0.0421423907498767
"SLC38A5",1.35750359955138,332.573013102804,2.70552819536754,0.0068195858757083,0.0421789286493242
"SNORD110",1.28910274303974,12.9127850736735,2.70534996313368,0.00682324636100902,0.0421828564150809
"PLTP",-1.19187805237148,2515.24184664715,-2.70516542156226,0.0068270382860738,0.0421828564150809
"LINC03117",-1.47678672382454,18.0289085226423,-2.70473151379884,0.0068359616016183,0.0422071195645546
"LOC105374200",-2.00476950810965,17.0998351723016,-2.70354466195529,0.00686042277717864,0.0422833735015154
"KCNN3",-1.33247649659217,705.965313946278,-2.70295184281738,0.00687267028581995,0.042345389753182
"KLF2",-1.16015331329548,3397.47443128799,-2.70148539106616,0.00690305128762401,0.0424911453179959
"FREM1",-1.21261622386205,661.867408064691,-2.70110699152319,0.0069109102827976,0.0425212143488052
"KIF12",-1.35519546895601,14.5057367276139,-2.70059602193991,0.00692153538516835,0.0425746323102298
"LOC107986479",-1.48243668904748,15.90912831489,-2.6994643619564,0.00694511938030985,0.0426957254833302
"TUFT1",1.50505372161619,892.51077683691,2.69894441892156,0.00695597926617371,0.0427374512975772
"BUB1B-PAK6",2.11827394818789,307.888026437714,2.69885930327067,0.00695775850198347,0.0427374512975772
"EIF5AL1",1.04478549980939,111.323013809001,2.69857018448673,0.00696380522004432,0.0427626043641175
"MIDEAS-AS1",-1.09537650975099,22.3255825468416,-2.69815386019511,0.00697252064461186,0.0427801532689571
"PPP1R13L",1.57159600533249,1866.04489226806,2.69771027265766,0.00698181758301757,0.0428252024759
"PITPNM3",1.29894697173033,1558.63196638747,2.69689972411993,0.00699883424392523,0.0428815599229312
"KLK12",2.88633805406165,489.950458270916,2.69538004360369,0.00703083883997376,0.0430274575133757
"LINC02884",-1.50307707987712,202.187919634278,-2.69512702504038,0.00703618017547588,0.0430274575133757
"NHSL3",1.52992948301781,3102.74294064146,2.69512556174743,0.00703621107684213,0.0430274575133757
"LRFN5",-1.25357460075815,420.71048394852,-2.69511692630099,0.00703639344000115,0.0430274575133757
"LOC574538",-1.59734186897033,20.1632832909383,-2.69479432869202,0.00704320909049801,0.0430557429582407
"LOC112268093",-1.69172955308004,12.3071014283442,-2.69457534774861,0.00704783896693762,0.0430557429582407
"LOC107984859",-1.16212563797888,20.0181079528012,-2.69452615074216,0.00704887950667318,0.0430557429582407
"MAPK15",1.71188358388155,461.871189335008,2.6939107316211,0.0070619075703497,0.0431116114137974
"LOC105378948",2.30463658382219,88.9499273323097,2.69358995797836,0.00706870672933366,0.0431158118760387
"LOC105378651",-1.1642390636046,63.3781301033761,-2.69323150900616,0.00707631141280815,0.0431391160419106
"PRKD1",-1.02646145875418,292.730045320768,-2.69243916246798,0.00709314753287643,0.0432056887532173
"LINC02024",-2.00144008171059,18.0878200550038,-2.69224168175888,0.0070973492828014,0.0432079290660024
"ATP1A2",-1.68185346822297,519.177027603195,-2.69223650501208,0.0070974594572589,0.0432079290660024
"TDRD10",-1.11182624824946,131.306167527862,-2.69181781933189,0.0071063752488794,0.0432501893619299
"FBLN1",-1.09698005812456,20419.8138174424,-2.69160076108391,0.00711100139869822,0.04325431444905
"GNG14",1.08869038172889,14.0290594581379,2.69099499012499,0.00712392646531175,0.0432935456727992
"LOC105376159",-1.66995299210443,16.408506947652,-2.69096531563587,0.00712456015827973,0.0432935456727992
"ELOVL2",-1.56701982975092,14.8411193645912,-2.69083559719891,0.00712733086452701,0.0432935456727992
"LOC112268148",1.06159289223205,62.7474379433336,2.68994596811366,0.00714635887614377,0.0433788071383354
"LONRF2",-1.73525225860424,1025.28804412479,-2.68956788995723,0.00715445927622448,0.0434101918421707
"PROX1",-1.0143585908424,219.502257458404,-2.6891949096842,0.00716245852838644,0.0434466961121115
"LOC105378604",-1.43787255820391,146.913852273022,-2.6888936494216,0.00716892547232234,0.0434667924721861
"CCDC144NL-AS1",-1.41250819556816,31.5588596939777,-2.68707104224909,0.0072081620034997,0.0436739603981006
"SERPINB1",1.66235073657863,2824.02619916767,2.68697244374543,0.0072102900870047,0.0436739603981006
"LOC105375027",-2.41642813095972,34.4052173999957,-2.68665456916,0.00721715471729767,0.043693799352305
"GNG4",-1.54015440408303,34.4895871473325,-2.68467708045885,0.00725999128760917,0.0438924969954517
"LOC105379028",-1.41530572970531,133.623488757395,-2.68246389357335,0.00730820403327835,0.0441092616601201
"UNC5B",1.59263461469748,2813.43392446386,2.6822789692776,0.00731224545660012,0.0441110401856026
"KRT8",2.10509911278891,1040.41348179087,2.68185697599011,0.00732147540811839,0.0441545626732381
"SLIT3-AS2",-1.07123717289826,137.004825620058,-2.68112025607767,0.00733761420263631,0.0442275453039234
"RUNX1",1.22801915631824,1424.62077476376,2.68034029008409,0.00735473513323126,0.0443063642477583
"LOC105372659",-2.00979688671642,29.4831276096621,-2.67999009908995,0.00736243378059981,0.0443349853960961
"NUDT10",-1.2117724319447,53.1582873537798,-2.67858405799923,0.00739341721938142,0.0444660365843115
"ADRA1B",-1.66584328781349,35.0118127959009,-2.67743876898128,0.00741874112209067,0.0445921476534732
"RNF112",-1.15212291213817,107.987391652177,-2.67682117135451,0.00743242931271431,0.0446259219921896
"TENT5C",-1.32299565912927,1000.18652052102,-2.67673869378844,0.00743425902654002,0.0446259219921896
"AGBL3",-1.14818773147975,85.0782290176347,-2.67542340806837,0.00746349247048779,0.0447768674776527
"LINC01889",2.20317038360218,22.0855172483971,2.67510640644341,0.00747055352504495,0.044782442608409
"ABCA8",-1.04050367312239,1013.30887508365,-2.67501030983378,0.00747269521255787,0.0447830284756955
"BVES",-1.30746556508323,175.095122645469,-2.67412951018399,0.00749235110046183,0.0448691550331988
"KRT18",1.52204359802488,488.685419694788,2.67408858064296,0.00749326560863975,0.0448691550331988
"RPSAP9",1.15829170400289,36.1418821069648,2.67304141290751,0.00751669704221434,0.0449361070108912
"LINC02344",-1.68488948600605,30.1635776672548,-2.67282507413459,0.00752154602122429,0.0449528296031163
"LOC105375001",-1.34566588386461,20.5620245462417,-2.67258295030075,0.00752697626810665,0.0449674134629539
"TSPAN32",-1.05467701157976,133.17363226242,-2.67230639068077,0.00753318312623238,0.0449855661749118
"OCLNP1",1.81300593131447,36.1207915742562,2.67201124768956,0.00753981211485547,0.045012883770159
"LOC105369975",1.90022641560079,20.4323855787221,2.67177092072961,0.00754521378401008,0.045029462375718
"LINC01160",-1.7641408908358,37.9894864350761,-2.67167503187318,0.00754736998224368,0.045029462375718
"TSPAN15",-1.18673828851481,485.098949112463,-2.66963493926025,0.00759337549211579,0.0452530795669955
"TTLL12",1.37606921253606,2031.94747946251,2.66953527485324,0.00759562942117159,0.0452530795669955
"MSX1",-1.5054407776628,421.878654575812,-2.66949373660219,0.00759656899349199,0.0452530795669955
"JUP",2.05263508089346,20300.0472649558,2.66934689122399,0.00759989139022803,0.0452534576129022
"FHIP1A",1.97251110414851,1208.5151426144,2.66911783735437,0.00760507636599444,0.0452534576129022
"NME1",1.34531307889072,214.739738244458,2.66851029992817,0.00761884424478622,0.0452872700497195
"LINC02193",-1.24019311736958,12.1714351826216,-2.66831224303081,0.00762333739314839,0.0452957968812149
"LOC105371068",-2.14131436943096,20.2431265172374,-2.66821429933441,0.00762556023612055,0.0452957968812149
"TCF7L1-IT1",-1.08737900927986,26.8729088273478,-2.66766273466804,0.00763808890898827,0.045352446611364
"VEGFD",-1.62485204722721,58.9470021486283,-2.66717535867971,0.00764917490174634,0.0453961810500135
"YRDC",1.07498430952223,284.15443813042,2.66658423451021,0.0076626401330953,0.0454612632862492
"CYP27B1",1.40120636949368,40.4527670917835,2.66585941227155,0.00767917987048275,0.0455151004658986
"LOC550113",2.2693985314194,16.8810569652815,2.66579999737481,0.00768053707844771,0.0455151004658986
"EPHA5",-1.67763609989932,109.909082906535,-2.66577443105028,0.00768112115334789,0.0455151004658986
"HAS1",3.24593908467395,486.567398580384,2.66564630307262,0.00768404889793425,0.0455151004658986
"ANKFN1",-1.46394341641895,85.2123724770085,-2.66564062090056,0.00768417875962387,0.0455151004658986
"LOC105374007",-1.57103470669526,9.79661525505524,-2.66459893557068,0.00770801893973429,0.0455823738109523
"COLEC12",-1.54167424802926,803.051790996282,-2.66421443202905,0.00771683548585021,0.0456221979209331
"C12orf40",-1.08856220198228,25.9633215829634,-2.66385695194626,0.00772504049831613,0.045646072631636
"ALDH1A2",-1.56396353459186,584.391038670977,-2.66279673504662,0.00774942097761976,0.0457407903070175
"LOC105376224",-1.37141070814377,137.003185779816,-2.66183933990627,0.00777149621311947,0.0458021947782857
"LOC90246",-1.16439947054045,65.4121775068667,-2.66180162571812,0.00777236696420202,0.0458021947782857
"TOB2P1",-1.30549638586592,12.6798689088983,-2.66168690878093,0.00777501610419657,0.0458054861099615
"HEYL",-1.30405474998717,559.631252407397,-2.66148735349361,0.00777962633055064,0.0458080120672842
"VIP",-1.38647686791455,10.2301189239431,-2.66118885737692,0.00778652690966403,0.0458363257900965
"FAM171B",-1.01446889893912,239.286171358229,-2.66065451714559,0.00779889338711321,0.0458955563348595
"SLC26A10P",-1.16811249328422,132.698070068835,-2.66053579602701,0.0078016433916423,0.0458955563348595
"LOC105375228",-1.56941145525607,14.3082513474996,-2.65964453942905,0.00782231583083144,0.0459728915916086
"SH3D21",1.06797002611126,748.546091519745,2.65916145889691,0.00783354124043651,0.046014179243422
"SNORA104",-1.10824499042693,69.0657485768453,-2.65877248506798,0.00784259036545612,0.0460436242020399
"TPTEP1",1.05735735950222,188.200484702758,2.65866014460422,0.00784520560721597,0.0460436242020399
"LOC105376505",-1.38560326765819,21.5832770348688,-2.65846785272524,0.00784968389960199,0.0460436242020399
"NAP1L3",-1.37887480415421,87.632450881952,-2.65827687641327,0.00785413382014921,0.0460436242020399
"TGFA",1.55200401841201,294.239072364055,2.65799650980431,0.00786067070933119,0.0460436242020399
"SPMIP1",1.27792859949443,163.270854353574,2.65798149395259,0.00786102094896356,0.0460436242020399
"CCN2",-1.40541936118679,7659.00913271153,-2.65795365220661,0.00786167038520454,0.0460436242020399
"AMPH",-1.27264548015374,143.847935522317,-2.6567602839021,0.00788955209957241,0.04616989489894
"POM121L9P",-1.17887503597116,77.4402564665081,-2.65556762651929,0.00791750566396715,0.0462593464260054
"LOC105369371",-1.42638935134922,11.1358951773379,-2.65543802019232,0.00792054872105495,0.0462647887172258
"LOC105378772",-1.63631600931934,22.5276716053439,-2.65497954721311,0.00793132172332639,0.046303026634181
"DSC2",2.67852809338042,10071.1611413236,2.65476628866092,0.00793633725204458,0.0463199651551137
"FOXD2-AS1",-1.31632049421752,29.0620702675694,-2.65362642170911,0.00796319345063541,0.0464643324909246
"GYS2",1.96460356954316,31.8709171490414,2.6534574462223,0.00796718157051938,0.0464752258280297
"CRIP3",-1.22017685953333,21.85052135413,-2.6525289482194,0.00798912769673886,0.046590840520508
"LINC02641",-1.27499122345217,70.3362708120468,-2.65205456410216,0.00800036119568407,0.0466439366145391
"LOC105374471",-1.1548884545889,16.8112413060501,-2.65145440581955,0.00801459331363994,0.0466648258043718
"TNN",1.76707364660881,27.0287265251635,2.6510072018205,0.00802521301796668,0.0466770420025617
"MERTK",-1.01530476403541,267.518321089066,-2.65025124439328,0.00804319330895717,0.0467319982496026
"LOC101927066",-1.0275409406344,15.7080626799127,-2.64981171179332,0.00805366407479228,0.0467556385476149
"SNORD96A",1.05765898144599,61.357030420762,2.64880358784773,0.0080777262182236,0.0468580835163566
"HLA-DOA",-1.04405832715262,284.749823878294,-2.64826252012488,0.00809066707506762,0.0468959036017808
"RASSF7",1.553678567992,272.108945988118,2.64807687995356,0.00809511135345451,0.0468995857743947
"ARHGEF35",1.33403471761515,415.013333122497,2.6477834526907,0.00810214054267566,0.0469251650251186
"LOC105378797",-1.30534988128528,13.6756591795295,-2.64608634502484,0.0081429028533621,0.0471114342532779
"TAGLN",-1.53443997753471,15554.8556899236,-2.64566357365209,0.00815308578637463,0.0471563792915932
"EYS",-1.17323804087553,41.6910129596049,-2.64558515417596,0.00815497586197384,0.0471563792915932
"LINC00598",-1.0037185992081,32.6765652313171,-2.64414364794547,0.00818978915006976,0.0473001984613587
"PRB4",-1.32103881070614,21.4159969227558,-2.64410842804849,0.0081906413949062,0.0473001984613587
"NECTIN1",2.09860166795112,6819.96534784287,2.64372929523412,0.00819982061080713,0.0473282585834521
"IFNLR1",2.00472583529297,233.79331344868,2.64273594909483,0.00822391427064712,0.0474298398709867
"CNTN3",-1.33286033751606,33.9155179681408,-2.6415974552757,0.00825160639312975,0.0475535274425767
"TRPV4",1.46241586349046,180.122428894388,2.6415865599004,0.00825187180906784,0.0475535274425767
"GPRC5D",1.99429897614513,144.956846410846,2.64033058137697,0.00828251922046193,0.0476796681869027
"WSCD2",-1.72261683609737,242.333415313007,-2.64026829242617,0.0082840417941903,0.0476796681869027
"CUX2",-1.68451000287409,13.2003583869797,-2.64024375824982,0.00828464156949057,0.0476796681869027
"PCNA-AS1",1.36703732804,162.281427052972,2.63959626892738,0.00830048448161218,0.0477455431034157
"PRKX",1.16881823735612,1082.74516729076,2.63950886196212,0.00830262524984088,0.0477455431034157
"CLSTN2",-1.27869511528549,683.266497301216,-2.63909421422442,0.00831278751860266,0.0477789020284849
"LOC105376301",-1.10936031058042,20.3030388689973,-2.63772555468193,0.00834640993022375,0.0479218662398329
"GPC6",-1.57180138031632,435.673082784169,-2.63724431668889,0.00835826087091451,0.0479647710009787
"CALD1",-1.00800882200894,6277.67580596311,-2.63507507050024,0.00841186766720191,0.0482092651290593
"SPSB4",-1.67138440098964,61.6078846441911,-2.63473964080144,0.00842018426025062,0.0482374351002994
"MIF",1.02539245797043,726.197824395119,2.63296685923181,0.00846426059686869,0.0484208745893977
"ILDR1",1.83194733920359,64.4133712346323,2.63187647512981,0.00849147298524114,0.0485350955961081
"C7",-2.01216754175742,4256.75066535791,-2.6318221892226,0.00849282982440712,0.0485350955961081
"LOC105377473",-2.39677379575895,13.1381730274591,-2.63181141946139,0.00849309903027617,0.0485350955961081
"DSG1-AS1",2.83709810334058,417.715600891911,2.63172325439391,0.00849530313149587,0.0485350955961081
"LOC105369863",-1.82971307043642,18.5355247202176,-2.63079458861919,0.00851855059453352,0.0486045425849556
"ART3",-1.91300683413403,20.5767838384863,-2.63016543121053,0.00853433271497026,0.0486819135082006
"FTCD",-1.3400704405865,82.8566008404803,-2.62948631310831,0.00855139741066483,0.048753868661896
"OLFM1",-1.08679443504442,353.891471430913,-2.62865077479802,0.00857243444270165,0.0488253678822533
"CABYR",-1.01044253527982,63.6856354121439,-2.62822295471771,0.00858322391908899,0.0488590376895921
"CA2",1.64000844059031,93.9496761087198,2.62732439526093,0.00860592481701575,0.0489656100755808
"LOC105373985",1.42207064650835,24.3124632134424,2.62656234678889,0.00862521899165359,0.0490216726607342
"CHGA",-1.27626229475709,71.2646466716341,-2.6264038530988,0.00862923672017588,0.0490317885215387
"GPC1",1.33756452375832,6560.18959690105,2.62611008869474,0.00863668791150331,0.049056381986997
"SOX15",1.83160631864578,350.66825393194,2.62605668922523,0.00863804298064055,0.049056381986997
"RBM47",1.46485157933098,1111.45300456086,2.62560062557867,0.00864962383218221,0.0490966990059876
"FAT3",-1.62534658001564,1173.16605550034,-2.62478382710116,0.00867039953357155,0.0492018787310418
"CCNO",1.61888328241557,21.2118178513474,2.62426050256052,0.00868373400109267,0.0492426044322467
"ADGRL3",-1.40005921883394,899.238651790995,-2.62311880540364,0.00871288841830335,0.0493535122143295
"NELL2",-1.92468106409032,141.283225615091,-2.62232006214396,0.0087333371274186,0.0494310039942499
"CNFN",3.36079160867525,1816.45849053501,2.62170921158214,0.00874900450532548,0.0495041809744367
"SPTBN2",2.10105954517464,4499.17649514857,2.62065515064553,0.00877609861767699,0.0495832501448713
"CRABP2",2.23209160445073,4340.02535992715,2.62030040958792,0.00878523390724628,0.0495832501448713
"GBP6",3.29540445797826,3597.49177238165,2.62028286691418,0.00878568588646575,0.0495832501448713
"BPI",-1.66930306521964,13.246022436397,-2.62021665195868,0.00878739207268531,0.0495832501448713
"LOC107985541",-1.2853848820227,16.148066882515,-2.62004556271777,0.00879180196575413,0.0495940445375634
"TSPEAR-AS2",-1.46206757249593,14.4312836871471,-2.61969489069468,0.00880084685663279,0.0495940445375634
"ABCA9",-1.5517257238143,617.941380402339,-2.61953719731665,0.00880491695450575,0.0495940445375634
"CDH6",-1.27501171575586,218.717809171637,-2.61941722169959,0.00880801467574244,0.0495940445375634
"LOC105373209",2.75906011568625,103.003806025237,2.61873721456834,0.00882559058739077,0.0496708681658699
"CITED2",-1.09258077566208,1271.03785406961,-2.61822889247398,0.00883874947310696,0.0497066224219131
"SERPING1",-1.16222924869983,3460.18396642893,-2.61796054189896,0.00884570330550829,0.0497074530453159
"LINC00689",-1.39357206559994,14.6128022618725,-2.61756167453933,0.00885604828166012,0.0497528250900444
"ADGRF4",2.42234659779232,252.467383544623,2.6173707103397,0.00886100493109813,0.0497551558278729
"KIF6",-1.34404169476105,20.2994403307842,-2.61597323302734,0.00889735321490671,0.0499080924061971
